tool,gene_set,variant_id,gene,stratum,event,dominant_score,event_position,dp,exon_length,shift,frame,reason,y_deposit,y_control_anchored_gated,y_control_anchored,y_fdr
spliceai,DDX3X,X-41334299-T-C,DDX3X,pm12,donor_loss,0.9018800854682922,41334297,-2,136.0,,out_of_frame,skipping an exon of 136 bp,0.0,0.0,0.0,0.0
spliceai,DDX3X,X-41334300-G-C,DDX3X,s3_10,donor_gain,0.21521063148975372,41334239,-61,136.0,58.0,out_of_frame,cryptic site 58 bp from the nearest natural donor,0.0,0.0,0.0,0.0
spliceai,DDX3X,X-41334301-A-C,DDX3X,s3_10,donor_gain,0.23005126416683197,41334239,-62,136.0,58.0,out_of_frame,cryptic site 58 bp from the nearest natural donor,0.0,0.0,0.0,0.0
spliceai,DDX3X,X-41334301-A-G,DDX3X,s3_10,donor_gain,0.26575392484664917,41334239,-62,136.0,58.0,out_of_frame,cryptic site 58 bp from the nearest natural donor,0.0,0.0,0.0,0.0
spliceai,DDX3X,X-41334301-A-T,DDX3X,s3_10,donor_gain,0.304515540599823,41334239,-62,136.0,58.0,out_of_frame,cryptic site 58 bp from the nearest natural donor,0.0,0.0,0.0,0.0
spliceai,DDX3X,X-41334302-G-A,DDX3X,s3_10,donor_gain,0.23909001052379608,41334239,-63,136.0,58.0,out_of_frame,cryptic site 58 bp from the nearest natural donor,0.0,0.0,0.0,0.0
spliceai,DDX3X,X-41334302-G-C,DDX3X,s3_10,donor_gain,0.27477356791496277,41334239,-63,136.0,58.0,out_of_frame,cryptic site 58 bp from the nearest natural donor,0.0,0.0,0.0,0.0
spliceai,DDX3X,X-41334302-G-T,DDX3X,s3_10,donor_gain,0.23824869096279144,41334239,-63,136.0,58.0,out_of_frame,cryptic site 58 bp from the nearest natural donor,0.0,0.0,0.0,0.0
spliceai,DDX3X,X-41337386-T-A,DDX3X,s11_50,acceptor_loss,0.2856484651565552,41337408,22,58.0,,out_of_frame,skipping an exon of 58 bp,0.0,0.0,0.0,0.0
spliceai,DDX3X,X-41337386-T-G,DDX3X,s11_50,acceptor_loss,0.45176059007644653,41337408,22,58.0,,out_of_frame,skipping an exon of 58 bp,0.0,0.0,0.0,0.0
spliceai,DDX3X,X-41337386-T-C,DDX3X,s11_50,acceptor_loss,0.23066562414169312,41337408,22,58.0,,out_of_frame,skipping an exon of 58 bp,0.0,0.0,0.0,0.0
spliceai,DDX3X,X-41337388-A-T,DDX3X,s11_50,acceptor_loss,0.4506617784500122,41337408,20,58.0,,out_of_frame,skipping an exon of 58 bp,0.0,0.0,0.0,0.0
spliceai,DDX3X,X-41337388-A-C,DDX3X,s11_50,acceptor_loss,0.47930997610092163,41337408,20,58.0,,out_of_frame,skipping an exon of 58 bp,0.0,0.0,0.0,0.0
spliceai,DDX3X,X-41337388-A-G,DDX3X,s11_50,acceptor_loss,0.5850672125816345,41337408,20,58.0,,out_of_frame,skipping an exon of 58 bp,0.0,0.0,0.0,0.0
spliceai,DDX3X,X-41337397-C-G,DDX3X,s11_50,acceptor_loss,0.3059847950935364,41337408,11,58.0,,out_of_frame,skipping an exon of 58 bp,0.0,0.0,0.0,0.0
spliceai,DDX3X,X-41337398-T-G,DDX3X,s3_10,acceptor_loss,0.2667216658592224,41337408,10,58.0,,out_of_frame,skipping an exon of 58 bp,0.0,0.0,0.0,0.0
spliceai,DDX3X,X-41337398-T-A,DDX3X,s3_10,acceptor_loss,0.25573408603668213,41337408,10,58.0,,out_of_frame,skipping an exon of 58 bp,0.0,0.0,0.0,0.0
spliceai,DDX3X,X-41337400-T-G,DDX3X,s3_10,acceptor_loss,0.22713100910186768,41337408,8,58.0,,out_of_frame,skipping an exon of 58 bp,0.0,0.0,0.0,0.0
spliceai,DDX3X,X-41337400-T-A,DDX3X,s3_10,acceptor_loss,0.2846924662590027,41337408,8,58.0,,out_of_frame,skipping an exon of 58 bp,0.0,0.0,0.0,0.0
spliceai,DDX3X,X-41337402-T-A,DDX3X,s3_10,acceptor_loss,0.24432671070098877,41337408,6,58.0,,out_of_frame,skipping an exon of 58 bp,0.0,0.0,0.0,0.0
spliceai,DDX3X,X-41337403-T-A,DDX3X,s3_10,acceptor_loss,0.35314351320266724,41337408,5,58.0,,out_of_frame,skipping an exon of 58 bp,0.0,0.0,0.0,0.0
spliceai,DDX3X,X-41337403-T-G,DDX3X,s3_10,acceptor_loss,0.469531774520874,41337408,5,58.0,,out_of_frame,skipping an exon of 58 bp,0.0,0.0,0.0,0.0
spliceai,DDX3X,X-41337405-T-A,DDX3X,s3_10,acceptor_loss,0.4060631990432739,41337408,3,58.0,,out_of_frame,skipping an exon of 58 bp,0.0,0.0,0.0,0.0
spliceai,DDX3X,X-41337405-T-G,DDX3X,s3_10,acceptor_loss,0.8151600956916809,41337408,3,58.0,,out_of_frame,skipping an exon of 58 bp,0.0,0.0,0.0,0.0
spliceai,DDX3X,X-41337469-A-C,DDX3X,s3_10,acceptor_loss,0.2873570919036865,41337408,-61,58.0,,out_of_frame,skipping an exon of 58 bp,1.0,0.0,0.0,0.0
spliceai,DDX3X,X-41337469-A-T,DDX3X,s3_10,donor_loss,0.38438349962234497,41337465,-4,58.0,,out_of_frame,skipping an exon of 58 bp,1.0,0.0,0.0,1.0
spliceai,DDX3X,X-41339015-T-G,DDX3X,s11_50,acceptor_loss,0.2923368215560913,41339036,21,48.0,,in_frame,skipping an exon of 48 bp,0.0,0.0,0.0,0.0
spliceai,DDX3X,X-41339017-T-G,DDX3X,s11_50,acceptor_loss,0.6768088340759277,41339036,19,48.0,,in_frame,skipping an exon of 48 bp,0.0,0.0,0.0,1.0
spliceai,DDX3X,X-41339019-T-G,DDX3X,s11_50,acceptor_loss,0.7341683506965637,41339036,17,48.0,,in_frame,skipping an exon of 48 bp,0.0,0.0,0.0,1.0
spliceai,DDX3X,X-41339021-T-G,DDX3X,s11_50,acceptor_loss,0.8070104718208313,41339036,15,48.0,,in_frame,skipping an exon of 48 bp,0.0,0.0,0.0,1.0
spliceai,DDX3X,X-41339023-T-A,DDX3X,s11_50,acceptor_loss,0.21603941917419434,41339036,13,48.0,,in_frame,skipping an exon of 48 bp,0.0,0.0,0.0,0.0
spliceai,DDX3X,X-41339023-T-G,DDX3X,s11_50,acceptor_loss,0.8569779992103577,41339036,13,48.0,,in_frame,skipping an exon of 48 bp,0.0,0.0,0.0,1.0
spliceai,DDX3X,X-41339025-T-A,DDX3X,s11_50,acceptor_loss,0.22731232643127441,41339036,11,48.0,,in_frame,skipping an exon of 48 bp,0.0,0.0,0.0,0.0
spliceai,DDX3X,X-41339025-T-G,DDX3X,s11_50,acceptor_loss,0.8684036135673523,41339036,11,48.0,,in_frame,skipping an exon of 48 bp,1.0,0.0,0.0,1.0
spliceai,DDX3X,X-41339027-T-A,DDX3X,s3_10,acceptor_loss,0.2892046570777893,41339036,9,48.0,,in_frame,skipping an exon of 48 bp,0.0,0.0,0.0,0.0
spliceai,DDX3X,X-41339027-T-G,DDX3X,s3_10,acceptor_loss,0.868369460105896,41339036,9,48.0,,in_frame,skipping an exon of 48 bp,0.0,0.0,0.0,1.0
spliceai,DDX3X,X-41339028-T-A,DDX3X,s3_10,acceptor_loss,0.278475284576416,41339036,8,48.0,,in_frame,skipping an exon of 48 bp,0.0,0.0,0.0,0.0
spliceai,DDX3X,X-41339029-T-A,DDX3X,s3_10,acceptor_loss,0.2569228410720825,41339036,7,48.0,,in_frame,skipping an exon of 48 bp,0.0,0.0,0.0,0.0
spliceai,DDX3X,X-41339030-T-A,DDX3X,s3_10,acceptor_loss,0.4238535761833191,41339036,6,48.0,,in_frame,skipping an exon of 48 bp,0.0,0.0,0.0,0.0
spliceai,DDX3X,X-41339030-T-G,DDX3X,s3_10,acceptor_loss,0.4079356789588928,41339036,6,48.0,,in_frame,skipping an exon of 48 bp,0.0,0.0,0.0,0.0
spliceai,DDX3X,X-41339031-T-A,DDX3X,s3_10,acceptor_loss,0.5363606214523315,41339036,5,48.0,,in_frame,skipping an exon of 48 bp,0.0,0.0,0.0,0.0
spliceai,DDX3X,X-41339031-T-G,DDX3X,s3_10,acceptor_loss,0.6110782623291016,41339036,5,48.0,,in_frame,skipping an exon of 48 bp,0.0,0.0,0.0,0.0
spliceai,DDX3X,X-41339033-T-C,DDX3X,s3_10,acceptor_gain,0.23254910111427307,41339039,6,48.0,3.0,in_frame,cryptic site 3 bp from the nearest natural acceptor,0.0,0.0,0.0,0.0
spliceai,DDX3X,X-41339033-T-A,DDX3X,s3_10,acceptor_loss,0.6672995090484619,41339036,3,48.0,,in_frame,skipping an exon of 48 bp,0.0,0.0,0.0,0.0
spliceai,DDX3X,X-41339033-T-G,DDX3X,s3_10,acceptor_loss,0.8399047255516052,41339036,3,48.0,,in_frame,skipping an exon of 48 bp,0.0,0.0,0.0,1.0
spliceai,DDX3X,X-41339034-A-T,DDX3X,pm12,acceptor_loss,0.8718357086181641,41339036,2,48.0,,in_frame,skipping an exon of 48 bp,0.0,0.0,0.0,0.0
spliceai,DDX3X,X-41339034-A-C,DDX3X,pm12,acceptor_loss,0.8700012564659119,41339036,2,48.0,,in_frame,skipping an exon of 48 bp,0.0,0.0,0.0,0.0
spliceai,DDX3X,X-41339034-A-G,DDX3X,pm12,acceptor_loss,0.8718870282173157,41339036,2,48.0,,in_frame,skipping an exon of 48 bp,0.0,0.0,0.0,0.0
spliceai,DDX3X,X-41339035-G-A,DDX3X,pm12,acceptor_loss,0.8718967437744141,41339036,1,48.0,,in_frame,skipping an exon of 48 bp,0.0,0.0,0.0,0.0
spliceai,DDX3X,X-41339035-G-T,DDX3X,pm12,acceptor_loss,0.8718146085739136,41339036,1,48.0,,in_frame,skipping an exon of 48 bp,0.0,0.0,0.0,0.0
spliceai,DDX3X,X-41339035-G-C,DDX3X,pm12,acceptor_loss,0.8706093430519104,41339036,1,48.0,,in_frame,skipping an exon of 48 bp,0.0,0.0,0.0,0.0
spliceai,DDX3X,X-41339084-G-A,DDX3X,pm12,donor_loss,0.9478270411491394,41339083,-1,48.0,,in_frame,skipping an exon of 48 bp,1.0,0.0,0.0,1.0
spliceai,DDX3X,X-41339084-G-T,DDX3X,pm12,donor_loss,0.9478311538696289,41339083,-1,48.0,,in_frame,skipping an exon of 48 bp,1.0,0.0,0.0,1.0
spliceai,DDX3X,X-41339084-G-C,DDX3X,pm12,donor_loss,0.9478309154510498,41339083,-1,48.0,,in_frame,skipping an exon of 48 bp,0.0,0.0,0.0,1.0
spliceai,DDX3X,X-41339085-T-C,DDX3X,pm12,donor_loss,0.9436650276184082,41339083,-2,48.0,,in_frame,skipping an exon of 48 bp,0.0,0.0,0.0,1.0
spliceai,DDX3X,X-41339085-T-A,DDX3X,pm12,donor_loss,0.9478301405906677,41339083,-2,48.0,,in_frame,skipping an exon of 48 bp,1.0,0.0,0.0,1.0
spliceai,DDX3X,X-41339085-T-G,DDX3X,pm12,donor_loss,0.9478268027305603,41339083,-2,48.0,,in_frame,skipping an exon of 48 bp,0.0,0.0,0.0,1.0
spliceai,DDX3X,X-41339086-A-G,DDX3X,s3_10,acceptor_loss,0.3488747477531433,41339036,-50,48.0,,in_frame,skipping an exon of 48 bp,0.0,0.0,0.0,0.0
spliceai,DDX3X,X-41339086-A-T,DDX3X,s3_10,acceptor_loss,0.6460037231445312,41339036,-50,48.0,,in_frame,skipping an exon of 48 bp,0.0,0.0,0.0,0.0
spliceai,DDX3X,X-41339086-A-C,DDX3X,s3_10,donor_loss,0.7314110398292542,41339083,-3,48.0,,in_frame,skipping an exon of 48 bp,0.0,0.0,0.0,0.0
spliceai,DDX3X,X-41339087-G-A,DDX3X,s3_10,acceptor_gain,0.23937249183654785,41339039,-48,48.0,3.0,in_frame,cryptic site 3 bp from the nearest natural acceptor,0.0,0.0,0.0,0.0
spliceai,DDX3X,X-41339088-G-T,DDX3X,s3_10,acceptor_loss,0.7851126194000244,41339036,-52,48.0,,in_frame,skipping an exon of 48 bp,1.0,0.0,0.0,1.0
spliceai,DDX3X,X-41339088-G-A,DDX3X,s3_10,donor_loss,0.7703460454940796,41339083,-5,48.0,,in_frame,skipping an exon of 48 bp,0.0,0.0,0.0,0.0
spliceai,DDX3X,X-41339088-G-C,DDX3X,s3_10,donor_loss,0.8623310327529907,41339083,-5,48.0,,in_frame,skipping an exon of 48 bp,0.0,0.0,0.0,1.0
spliceai,DDX3X,X-41339089-T-A,DDX3X,s3_10,acceptor_loss,0.21502548456192017,41339036,-53,48.0,,in_frame,skipping an exon of 48 bp,0.0,0.0,0.0,0.0
spliceai,DDX3X,X-41339089-T-G,DDX3X,s3_10,acceptor_loss,0.3235135078430176,41339036,-53,48.0,,in_frame,skipping an exon of 48 bp,0.0,0.0,0.0,0.0
spliceai,DDX3X,X-41339089-T-C,DDX3X,s3_10,acceptor_loss,0.2731051445007324,41339036,-53,48.0,,in_frame,skipping an exon of 48 bp,0.0,0.0,0.0,0.0
spliceai,DDX3X,X-41341463-T-G,DDX3X,s11_50,acceptor_gain,0.41917988657951355,41341464,1,133.0,20.0,out_of_frame,cryptic site 20 bp from the nearest natural acceptor,0.0,0.0,0.0,0.0
spliceai,DDX3X,X-41341465-T-A,DDX3X,s11_50,acceptor_gain,0.5211215019226074,41341467,2,133.0,17.0,out_of_frame,cryptic site 17 bp from the nearest natural acceptor,0.0,0.0,0.0,0.0
spliceai,DDX3X,X-41341467-T-A,DDX3X,s11_50,acceptor_gain,0.3668305277824402,41341469,2,133.0,15.0,in_frame,cryptic site 15 bp from the nearest natural acceptor,0.0,0.0,0.0,0.0
spliceai,DDX3X,X-41341477-A-G,DDX3X,s3_10,acceptor_gain,0.997810423374176,41341478,1,133.0,6.0,in_frame,cryptic site 6 bp from the nearest natural acceptor,0.0,0.0,0.0,0.0
spliceai,DDX3X,X-41341478-T-G,DDX3X,s3_10,acceptor_gain,0.9891455769538879,41341479,1,133.0,5.0,out_of_frame,cryptic site 5 bp from the nearest natural acceptor,1.0,0.0,0.0,0.0
spliceai,DDX3X,X-41341482-A-C,DDX3X,pm12,acceptor_loss,0.9959419369697571,41341484,2,133.0,,out_of_frame,skipping an exon of 133 bp,0.0,0.0,0.0,0.0
spliceai,DDX3X,X-41341482-A-T,DDX3X,pm12,acceptor_loss,0.9961604475975037,41341484,2,133.0,,out_of_frame,skipping an exon of 133 bp,0.0,0.0,0.0,0.0
spliceai,DDX3X,X-41341483-G-T,DDX3X,pm12,acceptor_loss,0.9942721724510193,41341484,1,133.0,,out_of_frame,skipping an exon of 133 bp,0.0,0.0,0.0,0.0
spliceai,DDX3X,X-41341483-G-C,DDX3X,pm12,acceptor_loss,0.9808313250541687,41341484,1,133.0,,out_of_frame,skipping an exon of 133 bp,0.0,0.0,0.0,0.0
spliceai,DDX3X,X-41341617-G-T,DDX3X,pm12,donor_loss,0.998104989528656,41341616,-1,133.0,,out_of_frame,skipping an exon of 133 bp,0.0,0.0,0.0,0.0
spliceai,DDX3X,X-41341618-T-C,DDX3X,pm12,donor_gain,0.2986946403980255,41341643,25,133.0,27.0,in_frame,cryptic site 27 bp from the nearest natural donor,0.0,0.0,0.0,0.0
spliceai,DDX3X,X-41341618-T-A,DDX3X,pm12,donor_loss,0.9902075529098511,41341616,-2,133.0,,out_of_frame,skipping an exon of 133 bp,1.0,0.0,0.0,1.0
spliceai,DDX3X,X-41341618-T-G,DDX3X,pm12,donor_loss,0.989029049873352,41341616,-2,133.0,,out_of_frame,skipping an exon of 133 bp,1.0,0.0,0.0,1.0
spliceai,DDX3X,X-41342479-T-A,DDX3X,s11_50,acceptor_gain,0.443573534488678,41342481,2,159.0,14.0,out_of_frame,cryptic site 14 bp from the nearest natural acceptor,0.0,0.0,0.0,0.0
spliceai,DDX3X,X-41342483-T-A,DDX3X,s11_50,acceptor_gain,0.9821790456771851,41342485,2,159.0,10.0,out_of_frame,cryptic site 10 bp from the nearest natural acceptor,0.0,0.0,0.0,0.0
spliceai,DDX3X,X-41342485-T-A,DDX3X,s3_10,acceptor_gain,0.8096823692321777,41342487,2,159.0,8.0,out_of_frame,cryptic site 8 bp from the nearest natural acceptor,0.0,0.0,0.0,0.0
spliceai,DDX3X,X-41342488-T-A,DDX3X,s3_10,acceptor_gain,0.9998032450675964,41342490,2,159.0,5.0,out_of_frame,cryptic site 5 bp from the nearest natural acceptor,1.0,0.0,0.0,0.0
spliceai,DDX3X,X-41342493-A-T,DDX3X,pm12,acceptor_loss,0.9995892643928528,41342495,2,159.0,,in_frame,skipping an exon of 159 bp,0.0,0.0,0.0,0.0
spliceai,DDX3X,X-41342493-A-C,DDX3X,pm12,acceptor_loss,0.9993683695793152,41342495,2,159.0,,in_frame,skipping an exon of 159 bp,0.0,0.0,0.0,0.0
spliceai,DDX3X,X-41342493-A-G,DDX3X,pm12,acceptor_loss,0.9988847970962524,41342495,2,159.0,,in_frame,skipping an exon of 159 bp,0.0,0.0,0.0,0.0
spliceai,DDX3X,X-41342494-G-T,DDX3X,pm12,acceptor_loss,0.9992725253105164,41342495,1,159.0,,in_frame,skipping an exon of 159 bp,0.0,0.0,0.0,0.0
spliceai,DDX3X,X-41342494-G-C,DDX3X,pm12,acceptor_loss,0.9782318472862244,41342495,1,159.0,,in_frame,skipping an exon of 159 bp,0.0,0.0,0.0,0.0
spliceai,DDX3X,X-41342656-A-T,DDX3X,s3_10,acceptor_loss,0.42932558059692383,41342737,81,100.0,,out_of_frame,skipping an exon of 100 bp,0.0,0.0,0.0,1.0
spliceai,DDX3X,X-41342656-A-C,DDX3X,s3_10,donor_gain,0.5487446188926697,41342668,12,159.0,15.0,in_frame,cryptic site 15 bp from the nearest natural donor,1.0,0.0,0.0,1.0
spliceai,DDX3X,X-41342658-G-A,DDX3X,s3_10,acceptor_loss,0.4161849021911621,41342737,79,100.0,,out_of_frame,skipping an exon of 100 bp,0.0,0.0,0.0,0.0
spliceai,DDX3X,X-41342658-G-T,DDX3X,s3_10,acceptor_loss,0.4046230912208557,41342737,79,100.0,,out_of_frame,skipping an exon of 100 bp,0.0,0.0,0.0,0.0
spliceai,DDX3X,X-41342659-T-G,DDX3X,s3_10,donor_gain,0.3534490764141083,41342658,-1,159.0,5.0,out_of_frame,cryptic site 5 bp from the nearest natural donor,0.0,0.0,0.0,0.0
spliceai,DDX3X,X-41342723-T-G,DDX3X,s11_50,acceptor_loss,0.47675544023513794,41342737,14,100.0,,out_of_frame,skipping an exon of 100 bp,0.0,0.0,0.0,0.0
spliceai,DDX3X,X-41342732-T-A,DDX3X,s3_10,acceptor_loss,0.376589298248291,41342737,5,100.0,,out_of_frame,skipping an exon of 100 bp,1.0,0.0,0.0,1.0
spliceai,DDX3X,X-41342732-T-G,DDX3X,s3_10,acceptor_loss,0.6302134394645691,41342737,5,100.0,,out_of_frame,skipping an exon of 100 bp,0.0,0.0,0.0,0.0
spliceai,DDX3X,X-41342734-G-T,DDX3X,s3_10,acceptor_loss,0.20826879143714905,41342754,20,,,undetermined,predicted loss does not sit on an internal exon boundary of this transcript,0.0,0.0,0.0,0.0
spliceai,DDX3X,X-41342734-G-C,DDX3X,s3_10,acceptor_loss,0.21108849346637726,41342754,20,,,undetermined,predicted loss does not sit on an internal exon boundary of this transcript,0.0,0.0,0.0,0.0
spliceai,DDX3X,X-41342838-T-C,DDX3X,pm12,donor_loss,0.9531145691871643,41342836,-2,100.0,,out_of_frame,skipping an exon of 100 bp,0.0,0.0,0.0,0.0
spliceai,DDX3X,X-41342839-G-T,DDX3X,s3_10,acceptor_loss,0.6803332567214966,41342737,-102,100.0,,out_of_frame,skipping an exon of 100 bp,0.0,0.0,0.0,0.0
spliceai,DDX3X,X-41342839-G-C,DDX3X,s3_10,acceptor_loss,0.6875675916671753,41342737,-102,100.0,,out_of_frame,skipping an exon of 100 bp,0.0,0.0,0.0,0.0
spliceai,DDX3X,X-41342840-A-C,DDX3X,s3_10,donor_loss,0.2825201153755188,41342836,-4,100.0,,out_of_frame,skipping an exon of 100 bp,1.0,0.0,0.0,0.0
spliceai,DDX3X,X-41342840-A-G,DDX3X,s3_10,acceptor_loss,0.6321333646774292,41342737,-103,100.0,,out_of_frame,skipping an exon of 100 bp,1.0,0.0,0.0,0.0
spliceai,DDX3X,X-41342840-A-T,DDX3X,s3_10,donor_loss,0.7566148042678833,41342836,-4,100.0,,out_of_frame,skipping an exon of 100 bp,0.0,0.0,0.0,0.0
spliceai,DDX3X,X-41342841-G-C,DDX3X,s3_10,donor_loss,0.9851582646369934,41342836,-5,100.0,,out_of_frame,skipping an exon of 100 bp,1.0,0.0,0.0,1.0
spliceai,DDX3X,X-41342842-T-C,DDX3X,s3_10,acceptor_loss,0.34203821420669556,41342737,-105,100.0,,out_of_frame,skipping an exon of 100 bp,0.0,0.0,0.0,0.0
spliceai,DDX3X,X-41342842-T-A,DDX3X,s3_10,donor_loss,0.6392439603805542,41342836,-6,100.0,,out_of_frame,skipping an exon of 100 bp,1.0,0.0,0.0,0.0
spliceai,DDX3X,X-41343204-A-G,DDX3X,s11_50,acceptor_loss,0.21432530879974365,41343216,12,136.0,,out_of_frame,skipping an exon of 136 bp,0.0,0.0,0.0,0.0
spliceai,DDX3X,X-41343212-A-C,DDX3X,s3_10,acceptor_gain,0.29140082001686096,41343221,9,136.0,5.0,out_of_frame,cryptic site 5 bp from the nearest natural acceptor,0.0,0.0,0.0,0.0
spliceai,DDX3X,X-41343212-A-T,DDX3X,s3_10,acceptor_gain,0.29229238629341125,41343221,9,136.0,5.0,out_of_frame,cryptic site 5 bp from the nearest natural acceptor,0.0,0.0,0.0,0.0
spliceai,DDX3X,X-41343212-A-G,DDX3X,s3_10,acceptor_gain,0.9270826578140259,41343213,1,136.0,3.0,in_frame,cryptic site 3 bp from the nearest natural acceptor,0.0,0.0,0.0,0.0
spliceai,DDX3X,X-41343716-T-G,DDX3X,s11_50,acceptor_loss,0.2188534140586853,41343737,21,86.0,,out_of_frame,skipping an exon of 86 bp,0.0,0.0,0.0,0.0
spliceai,DDX3X,X-41343716-T-A,DDX3X,s11_50,acceptor_loss,0.7029434442520142,41343737,21,86.0,,out_of_frame,skipping an exon of 86 bp,0.0,0.0,0.0,0.0
spliceai,DDX3X,X-41343718-T-G,DDX3X,s11_50,acceptor_loss,0.2621711492538452,41343737,19,86.0,,out_of_frame,skipping an exon of 86 bp,0.0,0.0,0.0,0.0
spliceai,DDX3X,X-41343720-T-G,DDX3X,s11_50,acceptor_loss,0.22000473737716675,41343737,17,86.0,,out_of_frame,skipping an exon of 86 bp,0.0,0.0,0.0,0.0
spliceai,DDX3X,X-41343722-T-A,DDX3X,s11_50,acceptor_loss,0.2412089705467224,41343737,15,86.0,,out_of_frame,skipping an exon of 86 bp,0.0,0.0,0.0,0.0
spliceai,DDX3X,X-41343722-T-G,DDX3X,s11_50,acceptor_loss,0.31330621242523193,41343737,15,86.0,,out_of_frame,skipping an exon of 86 bp,0.0,0.0,0.0,0.0
spliceai,DDX3X,X-41343724-T-G,DDX3X,s11_50,acceptor_loss,0.37255966663360596,41343737,13,86.0,,out_of_frame,skipping an exon of 86 bp,0.0,0.0,0.0,0.0
spliceai,DDX3X,X-41343726-T-A,DDX3X,s11_50,acceptor_loss,0.22609925270080566,41343737,11,86.0,,out_of_frame,skipping an exon of 86 bp,0.0,0.0,0.0,0.0
spliceai,DDX3X,X-41343726-T-G,DDX3X,s11_50,acceptor_loss,0.2763020396232605,41343737,11,86.0,,out_of_frame,skipping an exon of 86 bp,0.0,0.0,0.0,0.0
spliceai,DDX3X,X-41343728-T-G,DDX3X,s3_10,acceptor_loss,0.2604004740715027,41343737,9,86.0,,out_of_frame,skipping an exon of 86 bp,0.0,0.0,0.0,0.0
spliceai,DDX3X,X-41343728-T-A,DDX3X,s3_10,acceptor_loss,0.277959942817688,41343737,9,86.0,,out_of_frame,skipping an exon of 86 bp,0.0,0.0,0.0,0.0
spliceai,DDX3X,X-41343729-T-A,DDX3X,s3_10,acceptor_loss,0.20321506261825562,41343737,8,86.0,,out_of_frame,skipping an exon of 86 bp,0.0,0.0,0.0,0.0
spliceai,DDX3X,X-41343729-T-G,DDX3X,s3_10,acceptor_loss,0.25073426961898804,41343737,8,86.0,,out_of_frame,skipping an exon of 86 bp,0.0,0.0,0.0,0.0
spliceai,DDX3X,X-41343730-T-A,DDX3X,s3_10,acceptor_loss,0.8429076075553894,41343737,7,86.0,,out_of_frame,skipping an exon of 86 bp,1.0,0.0,0.0,0.0
spliceai,DDX3X,X-41343733-A-T,DDX3X,s3_10,acceptor_loss,0.2912600636482239,41343737,4,86.0,,out_of_frame,skipping an exon of 86 bp,0.0,0.0,0.0,0.0
spliceai,DDX3X,X-41343734-C-A,DDX3X,s3_10,acceptor_loss,0.6848132610321045,41343737,3,86.0,,out_of_frame,skipping an exon of 86 bp,0.0,0.0,0.0,0.0
spliceai,DDX3X,X-41343736-G-T,DDX3X,pm12,acceptor_loss,0.9161312580108643,41343737,1,86.0,,out_of_frame,skipping an exon of 86 bp,0.0,0.0,0.0,0.0
spliceai,DDX3X,X-41343825-A-G,DDX3X,s3_10,acceptor_loss,0.6960052251815796,41343737,-88,86.0,,out_of_frame,skipping an exon of 86 bp,0.0,0.0,0.0,0.0
spliceai,DDX3X,X-41343825-A-T,DDX3X,s3_10,acceptor_loss,0.7866892218589783,41343737,-88,86.0,,out_of_frame,skipping an exon of 86 bp,1.0,0.0,0.0,0.0
spliceai,DDX3X,X-41343825-A-C,DDX3X,s3_10,acceptor_loss,0.8199650049209595,41343737,-88,86.0,,out_of_frame,skipping an exon of 86 bp,0.0,0.0,0.0,0.0
spliceai,DDX3X,X-41343830-T-G,DDX3X,s3_10,acceptor_loss,0.2048298716545105,41343737,-93,86.0,,out_of_frame,skipping an exon of 86 bp,0.0,0.0,0.0,0.0
spliceai,DDX3X,X-41344017-A-G,DDX3X,s11_50,acceptor_gain,0.5696401596069336,41344018,1,99.0,12.0,in_frame,cryptic site 12 bp from the nearest natural acceptor,0.0,0.0,0.0,0.0
spliceai,DDX3X,X-41344018-C-G,DDX3X,s11_50,acceptor_gain,0.6926092505455017,41344019,1,99.0,11.0,out_of_frame,cryptic site 11 bp from the nearest natural acceptor,0.0,0.0,0.0,0.0
spliceai,DDX3X,X-41344024-T-A,DDX3X,s3_10,acceptor_gain,0.22401487827301025,41344082,58,99.0,52.0,out_of_frame,cryptic site 52 bp from the nearest natural acceptor,0.0,0.0,0.0,0.0
spliceai,DDX3X,X-41344024-T-G,DDX3X,s3_10,acceptor_gain,0.2760900855064392,41344082,58,99.0,52.0,out_of_frame,cryptic site 52 bp from the nearest natural acceptor,0.0,0.0,0.0,0.0
spliceai,DDX3X,X-41344025-C-G,DDX3X,s3_10,acceptor_gain,0.240106999874115,41344082,57,99.0,52.0,out_of_frame,cryptic site 52 bp from the nearest natural acceptor,0.0,0.0,0.0,0.0
spliceai,DDX3X,X-41344027-T-A,DDX3X,s3_10,acceptor_gain,0.29762008786201477,41344082,55,99.0,52.0,out_of_frame,cryptic site 52 bp from the nearest natural acceptor,0.0,0.0,0.0,0.0
spliceai,DDX3X,X-41344027-T-G,DDX3X,s3_10,acceptor_gain,0.6208148002624512,41344082,55,99.0,52.0,out_of_frame,cryptic site 52 bp from the nearest natural acceptor,0.0,0.0,0.0,0.0
spliceai,DDX3X,X-41344130-T-C,DDX3X,pm12,donor_gain,0.9662237763404846,41344132,2,99.0,4.0,out_of_frame,cryptic site 4 bp from the nearest natural donor,0.0,0.0,0.0,0.0
spliceai,DDX3X,X-41344130-T-G,DDX3X,pm12,donor_loss,0.9881113171577454,41344128,-2,99.0,,in_frame,skipping an exon of 99 bp,1.0,0.0,0.0,1.0
spliceai,DDX3X,X-41344131-A-T,DDX3X,s3_10,donor_gain,0.26133453845977783,41344132,1,99.0,4.0,out_of_frame,cryptic site 4 bp from the nearest natural donor,0.0,0.0,0.0,0.0
spliceai,DDX3X,X-41344131-A-C,DDX3X,s3_10,donor_gain,0.4589221179485321,41344132,1,99.0,4.0,out_of_frame,cryptic site 4 bp from the nearest natural donor,0.0,0.0,0.0,0.0
spliceai,DDX3X,X-41344132-A-G,DDX3X,s3_10,donor_gain,0.9488105773925781,41344132,0,99.0,4.0,out_of_frame,cryptic site 4 bp from the nearest natural donor,0.0,0.0,0.0,0.0
spliceai,DDX3X,X-41344133-G-A,DDX3X,s3_10,donor_gain,0.20914195477962494,41344134,1,99.0,6.0,in_frame,cryptic site 6 bp from the nearest natural donor,0.0,0.0,0.0,0.0
spliceai,DDX3X,X-41344133-G-C,DDX3X,s3_10,donor_gain,0.2954670190811157,41344144,11,99.0,16.0,out_of_frame,cryptic site 16 bp from the nearest natural donor,0.0,0.0,0.0,0.0
spliceai,DDX3X,X-41344135-A-G,DDX3X,s3_10,donor_gain,0.7461109161376953,41344134,-1,99.0,6.0,in_frame,cryptic site 6 bp from the nearest natural donor,0.0,0.0,0.0,0.0
spliceai,DDX3X,X-41344218-T-G,DDX3X,s11_50,acceptor_gain,0.29076406359672546,41344256,38,161.0,17.0,out_of_frame,cryptic site 17 bp from the nearest natural acceptor,0.0,0.0,0.0,0.0
spliceai,DDX3X,X-41344219-A-T,DDX3X,s11_50,acceptor_gain,0.20653150975704193,41344214,-5,161.0,25.0,out_of_frame,cryptic site 25 bp from the nearest natural acceptor,0.0,0.0,0.0,0.0
spliceai,DDX3X,X-41344220-A-G,DDX3X,s11_50,acceptor_gain,0.29183337092399597,41344221,1,161.0,18.0,in_frame,cryptic site 18 bp from the nearest natural acceptor,0.0,0.0,0.0,0.0
spliceai,DDX3X,X-41344221-C-G,DDX3X,s11_50,acceptor_gain,0.25356176495552063,41344222,1,161.0,17.0,out_of_frame,cryptic site 17 bp from the nearest natural acceptor,1.0,0.0,0.0,1.0
spliceai,DDX3X,X-41344223-T-G,DDX3X,s11_50,acceptor_gain,0.5151013731956482,41344224,1,161.0,15.0,in_frame,cryptic site 15 bp from the nearest natural acceptor,0.0,0.0,0.0,0.0
spliceai,DDX3X,X-41344227-T-A,DDX3X,s11_50,acceptor_gain,0.20514550805091858,41344256,29,161.0,17.0,out_of_frame,cryptic site 17 bp from the nearest natural acceptor,0.0,0.0,0.0,1.0
spliceai,DDX3X,X-41344228-T-G,DDX3X,s11_50,acceptor_gain,0.3452003300189972,41344256,28,161.0,17.0,out_of_frame,cryptic site 17 bp from the nearest natural acceptor,0.0,0.0,0.0,0.0
spliceai,DDX3X,X-41344228-T-A,DDX3X,s11_50,acceptor_gain,0.3996013104915619,41344256,28,161.0,17.0,out_of_frame,cryptic site 17 bp from the nearest natural acceptor,0.0,0.0,0.0,0.0
spliceai,DDX3X,X-41344229-T-A,DDX3X,s3_10,acceptor_gain,0.3250083029270172,41344256,27,161.0,17.0,out_of_frame,cryptic site 17 bp from the nearest natural acceptor,0.0,0.0,0.0,0.0
spliceai,DDX3X,X-41344230-T-A,DDX3X,s3_10,acceptor_gain,0.9428390264511108,41344232,2,161.0,7.0,out_of_frame,cryptic site 7 bp from the nearest natural acceptor,0.0,0.0,0.0,0.0
spliceai,DDX3X,X-41344231-G-A,DDX3X,s3_10,acceptor_gain,0.4419182240962982,41344256,25,161.0,17.0,out_of_frame,cryptic site 17 bp from the nearest natural acceptor,0.0,0.0,0.0,0.0
spliceai,DDX3X,X-41344232-C-A,DDX3X,s3_10,acceptor_gain,0.4506937563419342,41344256,24,161.0,17.0,out_of_frame,cryptic site 17 bp from the nearest natural acceptor,0.0,0.0,0.0,0.0
spliceai,DDX3X,X-41344234-T-C,DDX3X,s3_10,acceptor_gain,0.2242249846458435,41344256,22,161.0,17.0,out_of_frame,cryptic site 17 bp from the nearest natural acceptor,0.0,0.0,0.0,0.0
spliceai,DDX3X,X-41344234-T-G,DDX3X,s3_10,acceptor_gain,0.5083119869232178,41344256,22,161.0,17.0,out_of_frame,cryptic site 17 bp from the nearest natural acceptor,0.0,0.0,0.0,0.0
spliceai,DDX3X,X-41344234-T-A,DDX3X,s3_10,acceptor_gain,0.7041420936584473,41344256,22,161.0,17.0,out_of_frame,cryptic site 17 bp from the nearest natural acceptor,0.0,0.0,0.0,0.0
spliceai,DDX3X,X-41344236-T-A,DDX3X,s3_10,acceptor_gain,0.2938236892223358,41344256,20,161.0,17.0,out_of_frame,cryptic site 17 bp from the nearest natural acceptor,0.0,0.0,0.0,0.0
spliceai,DDX3X,X-41344237-A-G,DDX3X,pm12,acceptor_loss,0.9985629320144653,41344239,2,161.0,,out_of_frame,skipping an exon of 161 bp,1.0,0.0,0.0,1.0
spliceai,DDX3X,X-41344238-G-T,DDX3X,pm12,acceptor_loss,0.9988080859184265,41344239,1,161.0,,out_of_frame,skipping an exon of 161 bp,1.0,0.0,0.0,1.0
spliceai,DDX3X,X-41344400-G-A,DDX3X,pm12,donor_loss,0.9884337782859802,41344399,-1,161.0,,out_of_frame,skipping an exon of 161 bp,1.0,0.0,0.0,1.0
spliceai,DDX3X,X-41344401-T-G,DDX3X,pm12,donor_loss,0.9972027540206909,41344399,-2,161.0,,out_of_frame,skipping an exon of 161 bp,1.0,0.0,0.0,1.0
spliceai,DDX3X,X-41344402-A-G,DDX3X,s3_10,donor_gain,0.468110054731369,41344330,-72,161.0,69.0,in_frame,cryptic site 69 bp from the nearest natural donor,0.0,0.0,0.0,0.0
spliceai,DDX3X,X-41344402-A-T,DDX3X,s3_10,donor_gain,0.5161034464836121,41344330,-72,161.0,69.0,in_frame,cryptic site 69 bp from the nearest natural donor,1.0,0.0,0.0,1.0
spliceai,DDX3X,X-41344402-A-C,DDX3X,s3_10,donor_gain,0.5220568180084229,41344330,-72,161.0,69.0,in_frame,cryptic site 69 bp from the nearest natural donor,0.0,0.0,0.0,0.0
spliceai,DDX3X,X-41344404-G-C,DDX3X,s3_10,donor_gain,0.6401673555374146,41344395,-9,161.0,4.0,out_of_frame,cryptic site 4 bp from the nearest natural donor,0.0,0.0,0.0,0.0
spliceai,DDX3X,X-41344404-G-A,DDX3X,s3_10,donor_gain,0.535140872001648,41344395,-9,161.0,4.0,out_of_frame,cryptic site 4 bp from the nearest natural donor,0.0,0.0,0.0,0.0
spliceai,DDX3X,X-41344404-G-T,DDX3X,s3_10,donor_gain,0.5553504824638367,41344395,-9,161.0,4.0,out_of_frame,cryptic site 4 bp from the nearest natural donor,0.0,0.0,0.0,0.0
spliceai,DDX3X,X-41345159-T-A,DDX3X,s11_50,acceptor_gain,0.23320665955543518,41345154,-5,145.0,26.0,out_of_frame,cryptic site 26 bp from the nearest natural acceptor,0.0,0.0,0.0,0.0
spliceai,DDX3X,X-41345161-T-G,DDX3X,s11_50,acceptor_gain,0.20404887199401855,41345154,-7,145.0,26.0,out_of_frame,cryptic site 26 bp from the nearest natural acceptor,0.0,0.0,0.0,0.0
spliceai,DDX3X,X-41345164-T-C,DDX3X,s11_50,acceptor_gain,0.20880645513534546,41345154,-10,145.0,26.0,out_of_frame,cryptic site 26 bp from the nearest natural acceptor,0.0,0.0,0.0,0.0
spliceai,DDX3X,X-41345169-T-C,DDX3X,s11_50,acceptor_gain,0.23056182265281677,41345154,-15,145.0,26.0,out_of_frame,cryptic site 26 bp from the nearest natural acceptor,0.0,0.0,0.0,0.0
spliceai,DDX3X,X-41345172-C-G,DDX3X,s3_10,acceptor_gain,0.9593431949615479,41345173,1,145.0,7.0,out_of_frame,cryptic site 7 bp from the nearest natural acceptor,0.0,0.0,0.0,0.0
spliceai,DDX3X,X-41345174-T-A,DDX3X,s3_10,acceptor_gain,0.9762848019599915,41345176,2,145.0,4.0,out_of_frame,cryptic site 4 bp from the nearest natural acceptor,0.0,0.0,0.0,0.0
spliceai,DDX3X,X-41345176-A-C,DDX3X,s3_10,acceptor_gain,0.2659272253513336,41345154,-22,145.0,26.0,out_of_frame,cryptic site 26 bp from the nearest natural acceptor,0.0,0.0,0.0,0.0
spliceai,DDX3X,X-41345177-C-A,DDX3X,s3_10,acceptor_gain,0.618004560470581,41345154,-23,145.0,26.0,out_of_frame,cryptic site 26 bp from the nearest natural acceptor,0.0,0.0,0.0,0.0
spliceai,DDX3X,X-41345177-C-G,DDX3X,s3_10,acceptor_gain,0.8154155015945435,41345178,1,145.0,2.0,out_of_frame,cryptic site 2 bp from the nearest natural acceptor,0.0,0.0,0.0,0.0
spliceai,DDX3X,X-41345179-G-T,DDX3X,pm12,acceptor_loss,0.9953596591949463,41345180,1,145.0,,out_of_frame,skipping an exon of 145 bp,1.0,0.0,0.0,1.0
spliceai,DDX3X,X-41345326-T-C,DDX3X,pm12,donor_loss,0.9795482754707336,41345324,-2,145.0,,out_of_frame,skipping an exon of 145 bp,1.0,0.0,0.0,0.0
spliceai,DDX3X,X-41345327-A-T,DDX3X,s3_10,acceptor_loss,0.604954719543457,41345180,-147,145.0,,out_of_frame,skipping an exon of 145 bp,0.0,0.0,0.0,0.0
spliceai,DDX3X,X-41345327-A-C,DDX3X,s3_10,acceptor_loss,0.6831017136573792,41345180,-147,145.0,,out_of_frame,skipping an exon of 145 bp,0.0,0.0,0.0,0.0
spliceai,DDX3X,X-41345398-T-A,DDX3X,s3_10,acceptor_gain,0.2710067331790924,41345450,52,145.0,46.0,out_of_frame,cryptic site 46 bp from the nearest natural acceptor,0.0,0.0,0.0,0.0
spliceai,DDX3X,X-41345398-T-G,DDX3X,s3_10,acceptor_gain,0.35496917366981506,41345450,52,145.0,46.0,out_of_frame,cryptic site 46 bp from the nearest natural acceptor,0.0,0.0,0.0,0.0
spliceai,DDX3X,X-41345399-T-C,DDX3X,s3_10,acceptor_gain,0.22834470868110657,41345450,51,145.0,46.0,out_of_frame,cryptic site 46 bp from the nearest natural acceptor,0.0,0.0,0.0,0.0
spliceai,DDX3X,X-41345399-T-A,DDX3X,s3_10,acceptor_gain,0.3808545768260956,41345450,51,145.0,46.0,out_of_frame,cryptic site 46 bp from the nearest natural acceptor,0.0,0.0,0.0,0.0
spliceai,DDX3X,X-41345399-T-G,DDX3X,s3_10,acceptor_gain,0.4992636740207672,41345450,51,145.0,46.0,out_of_frame,cryptic site 46 bp from the nearest natural acceptor,0.0,0.0,0.0,0.0
spliceai,DDX3X,X-41345401-C-A,DDX3X,s3_10,acceptor_gain,0.5181155204772949,41345450,49,145.0,46.0,out_of_frame,cryptic site 46 bp from the nearest natural acceptor,0.0,0.0,0.0,0.0
spliceai,DDX3X,X-41345401-C-G,DDX3X,s3_10,acceptor_gain,0.7143454551696777,41345450,49,145.0,46.0,out_of_frame,cryptic site 46 bp from the nearest natural acceptor,1.0,0.0,0.0,0.0
spliceai,DDX3X,X-41345402-A-T,DDX3X,pm12,acceptor_loss,0.9811758995056152,41345404,2,145.0,,out_of_frame,skipping an exon of 145 bp,1.0,0.0,0.0,0.0
spliceai,DDX3X,X-41345402-A-G,DDX3X,pm12,acceptor_loss,0.9802639484405518,41345404,2,145.0,,out_of_frame,skipping an exon of 145 bp,1.0,0.0,0.0,1.0
spliceai,DDX3X,X-41345550-T-C,DDX3X,pm12,donor_gain,0.5900859236717224,41345516,-34,145.0,32.0,out_of_frame,cryptic site 32 bp from the nearest natural donor,0.0,0.0,0.0,0.0
spliceai,DDX3X,X-41345550-T-A,DDX3X,pm12,donor_loss,0.9840995073318481,41345548,-2,145.0,,out_of_frame,skipping an exon of 145 bp,1.0,0.0,0.0,1.0
spliceai,DDX3X,X-41345550-T-G,DDX3X,pm12,donor_loss,0.9690154194831848,41345548,-2,145.0,,out_of_frame,skipping an exon of 145 bp,0.0,0.0,0.0,0.0
spliceai,DDX3X,X-41345551-A-C,DDX3X,s3_10,donor_gain,0.22316259145736694,41345516,-35,145.0,32.0,out_of_frame,cryptic site 32 bp from the nearest natural donor,0.0,0.0,0.0,0.0
spliceai,DDX3X,X-41346212-T-G,DDX3X,s11_50,donor_loss,0.21066796779632568,41346410,198,182.0,,out_of_frame,skipping an exon of 182 bp,0.0,0.0,0.0,0.0
spliceai,DDX3X,X-41346214-A-G,DDX3X,s11_50,acceptor_gain,0.4968724548816681,41346215,1,182.0,14.0,out_of_frame,cryptic site 14 bp from the nearest natural acceptor,0.0,0.0,0.0,0.0
spliceai,DDX3X,X-41346215-T-G,DDX3X,s11_50,acceptor_loss,0.5131629109382629,41346229,14,182.0,,out_of_frame,skipping an exon of 182 bp,1.0,0.0,0.0,0.0
spliceai,DDX3X,X-41346222-A-G,DDX3X,s3_10,acceptor_gain,0.9859707951545715,41346223,1,182.0,6.0,in_frame,cryptic site 6 bp from the nearest natural acceptor,0.0,0.0,0.0,0.0
spliceai,DDX3X,X-41346223-C-A,DDX3X,s3_10,acceptor_gain,0.9618632793426514,41346225,2,182.0,4.0,out_of_frame,cryptic site 4 bp from the nearest natural acceptor,0.0,0.0,0.0,0.0
spliceai,DDX3X,X-41346223-C-G,DDX3X,s3_10,acceptor_gain,0.9598495960235596,41346224,1,182.0,5.0,out_of_frame,cryptic site 5 bp from the nearest natural acceptor,1.0,0.0,0.0,0.0
spliceai,DDX3X,X-41346226-C-A,DDX3X,s3_10,donor_loss,0.22965610027313232,41346410,184,182.0,,out_of_frame,skipping an exon of 182 bp,0.0,0.0,0.0,0.0
spliceai,DDX3X,X-41346226-C-G,DDX3X,s3_10,acceptor_loss,0.6096590161323547,41346229,3,182.0,,out_of_frame,skipping an exon of 182 bp,0.0,0.0,0.0,0.0
spliceai,DDX3X,X-41346227-A-T,DDX3X,pm12,acceptor_loss,0.9947404861450195,41346229,2,182.0,,out_of_frame,skipping an exon of 182 bp,1.0,0.0,0.0,1.0
spliceai,DDX3X,X-41346227-A-G,DDX3X,pm12,acceptor_loss,0.9937508702278137,41346229,2,182.0,,out_of_frame,skipping an exon of 182 bp,1.0,0.0,0.0,1.0
spliceai,DDX3X,X-41346228-G-A,DDX3X,pm12,acceptor_loss,0.9949914813041687,41346229,1,182.0,,out_of_frame,skipping an exon of 182 bp,1.0,0.0,0.0,1.0
spliceai,DDX3X,X-41346412-T-C,DDX3X,pm12,donor_loss,0.9361439347267151,41346410,-2,182.0,,out_of_frame,skipping an exon of 182 bp,1.0,0.0,0.0,0.0
spliceai,DDX3X,X-41346413-A-G,DDX3X,s3_10,acceptor_loss,0.29596567153930664,41346229,-184,182.0,,out_of_frame,skipping an exon of 182 bp,0.0,0.0,0.0,0.0
spliceai,DDX3X,X-41346413-A-T,DDX3X,s3_10,acceptor_loss,0.40030139684677124,41346229,-184,182.0,,out_of_frame,skipping an exon of 182 bp,0.0,0.0,0.0,0.0
spliceai,DDX3X,X-41346413-A-C,DDX3X,s3_10,donor_loss,0.5928429961204529,41346410,-3,182.0,,out_of_frame,skipping an exon of 182 bp,0.0,0.0,0.0,0.0
spliceai,DDX3X,X-41346414-T-G,DDX3X,s3_10,donor_gain,0.8842267394065857,41346414,0,182.0,4.0,out_of_frame,cryptic site 4 bp from the nearest natural donor,0.0,0.0,0.0,0.0
spliceai,DDX3X,X-41346415-G-C,DDX3X,s3_10,acceptor_loss,0.48663103580474854,41346229,-186,182.0,,out_of_frame,skipping an exon of 182 bp,0.0,0.0,0.0,0.0
spliceai,DDX3X,X-41346415-G-A,DDX3X,s3_10,donor_loss,0.5526831746101379,41346410,-5,182.0,,out_of_frame,skipping an exon of 182 bp,0.0,0.0,0.0,0.0
spliceai,DDX3X,X-41346415-G-T,DDX3X,s3_10,donor_loss,0.6060008406639099,41346410,-5,182.0,,out_of_frame,skipping an exon of 182 bp,0.0,0.0,0.0,0.0
spliceai,DDX3X,X-41346416-T-C,DDX3X,s3_10,acceptor_loss,0.4024035930633545,41346229,-187,182.0,,out_of_frame,skipping an exon of 182 bp,0.0,0.0,0.0,0.0
spliceai,DDX3X,X-41346416-T-G,DDX3X,s3_10,acceptor_loss,0.41784971952438354,41346229,-187,182.0,,out_of_frame,skipping an exon of 182 bp,0.0,0.0,0.0,0.0
spliceai,DDX3X,X-41346416-T-A,DDX3X,s3_10,acceptor_loss,0.4221959114074707,41346229,-187,182.0,,out_of_frame,skipping an exon of 182 bp,0.0,0.0,0.0,0.0
spliceai,DDX3X,X-41346417-A-G,DDX3X,s3_10,donor_gain,0.5893988013267517,41346416,-1,182.0,6.0,in_frame,cryptic site 6 bp from the nearest natural donor,0.0,0.0,0.0,0.0
spliceai,DDX3X,X-41346419-A-G,DDX3X,s3_10,donor_gain,0.5577750205993652,41346414,-5,182.0,4.0,out_of_frame,cryptic site 4 bp from the nearest natural donor,0.0,0.0,0.0,0.0
spliceai,DDX3X,X-41346481-T-G,DDX3X,s11_50,acceptor_loss,0.3160554766654968,41346494,13,,,undetermined,predicted loss does not sit on an internal exon boundary of this transcript,0.0,0.0,0.0,0.0
spliceai,DDX3X,X-41346483-T-A,DDX3X,s11_50,acceptor_loss,0.20396751165390015,41346494,11,,,undetermined,predicted loss does not sit on an internal exon boundary of this transcript,0.0,0.0,0.0,0.0
spliceai,DDX3X,X-41346483-T-G,DDX3X,s11_50,acceptor_loss,0.3155021071434021,41346494,11,,,undetermined,predicted loss does not sit on an internal exon boundary of this transcript,0.0,0.0,0.0,0.0
spliceai,DDX3X,X-41346484-C-T,DDX3X,s11_50,acceptor_gain,0.22403275966644287,41346494,10,118.0,11.0,out_of_frame,cryptic site 11 bp from the nearest natural acceptor,0.0,0.0,0.0,0.0
spliceai,DDX3X,X-41346484-C-G,DDX3X,s11_50,acceptor_gain,0.3436545133590698,41346494,10,118.0,11.0,out_of_frame,cryptic site 11 bp from the nearest natural acceptor,0.0,0.0,0.0,0.0
spliceai,DDX3X,X-41346484-C-A,DDX3X,s11_50,acceptor_gain,0.2409505844116211,41346494,10,118.0,11.0,out_of_frame,cryptic site 11 bp from the nearest natural acceptor,0.0,0.0,0.0,0.0
spliceai,DDX3X,X-41346485-T-C,DDX3X,s11_50,acceptor_gain,0.35174453258514404,41346494,9,118.0,11.0,out_of_frame,cryptic site 11 bp from the nearest natural acceptor,0.0,0.0,0.0,0.0
spliceai,DDX3X,X-41346485-T-G,DDX3X,s11_50,acceptor_gain,0.32150793075561523,41346494,9,118.0,11.0,out_of_frame,cryptic site 11 bp from the nearest natural acceptor,0.0,0.0,0.0,0.0
spliceai,DDX3X,X-41346486-C-A,DDX3X,s11_50,acceptor_loss,0.3629533052444458,41346494,8,,,undetermined,predicted loss does not sit on an internal exon boundary of this transcript,0.0,0.0,0.0,0.0
spliceai,DDX3X,X-41346487-A-T,DDX3X,s11_50,acceptor_gain,0.4416053295135498,41346494,7,118.0,11.0,out_of_frame,cryptic site 11 bp from the nearest natural acceptor,0.0,0.0,0.0,0.0
spliceai,DDX3X,X-41346487-A-C,DDX3X,s11_50,acceptor_gain,0.3996348977088928,41346494,7,118.0,11.0,out_of_frame,cryptic site 11 bp from the nearest natural acceptor,0.0,0.0,0.0,0.0
spliceai,DDX3X,X-41346487-A-G,DDX3X,s11_50,acceptor_gain,0.41398143768310547,41346494,7,118.0,11.0,out_of_frame,cryptic site 11 bp from the nearest natural acceptor,0.0,0.0,0.0,0.0
spliceai,DDX3X,X-41346488-T-G,DDX3X,s11_50,acceptor_loss,0.39227622747421265,41346494,6,,,undetermined,predicted loss does not sit on an internal exon boundary of this transcript,0.0,0.0,0.0,0.0
spliceai,DDX3X,X-41346489-A-T,DDX3X,s11_50,acceptor_gain,0.2174210548400879,41346494,5,118.0,11.0,out_of_frame,cryptic site 11 bp from the nearest natural acceptor,0.0,0.0,0.0,0.0
spliceai,DDX3X,X-41346490-A-T,DDX3X,s11_50,acceptor_loss,0.3750454783439636,41346494,4,,,undetermined,predicted loss does not sit on an internal exon boundary of this transcript,0.0,0.0,0.0,0.0
spliceai,DDX3X,X-41346490-A-C,DDX3X,s11_50,acceptor_loss,0.42193692922592163,41346494,4,,,undetermined,predicted loss does not sit on an internal exon boundary of this transcript,0.0,0.0,0.0,0.0
spliceai,DDX3X,X-41346490-A-G,DDX3X,s11_50,acceptor_loss,0.3924218416213989,41346494,4,,,undetermined,predicted loss does not sit on an internal exon boundary of this transcript,0.0,0.0,0.0,0.0
spliceai,DDX3X,X-41346491-A-T,DDX3X,s11_50,acceptor_gain,0.2917346954345703,41346494,3,118.0,11.0,out_of_frame,cryptic site 11 bp from the nearest natural acceptor,0.0,0.0,0.0,0.0
spliceai,DDX3X,X-41346491-A-C,DDX3X,s11_50,acceptor_gain,0.4023493528366089,41346494,3,118.0,11.0,out_of_frame,cryptic site 11 bp from the nearest natural acceptor,0.0,0.0,0.0,0.0
spliceai,DDX3X,X-41346491-A-G,DDX3X,s11_50,acceptor_loss,0.49737852811813354,41346494,3,,,undetermined,predicted loss does not sit on an internal exon boundary of this transcript,0.0,0.0,0.0,0.0
spliceai,DDX3X,X-41346492-A-T,DDX3X,s11_50,acceptor_loss,0.5130640268325806,41346494,2,,,undetermined,predicted loss does not sit on an internal exon boundary of this transcript,0.0,0.0,0.0,0.0
spliceai,DDX3X,X-41346492-A-C,DDX3X,s11_50,acceptor_loss,0.513062059879303,41346494,2,,,undetermined,predicted loss does not sit on an internal exon boundary of this transcript,0.0,0.0,0.0,0.0
spliceai,DDX3X,X-41346492-A-G,DDX3X,s11_50,acceptor_gain,0.7310897707939148,41346493,1,118.0,12.0,in_frame,cryptic site 12 bp from the nearest natural acceptor,0.0,0.0,0.0,0.0
spliceai,DDX3X,X-41346493-G-T,DDX3X,s11_50,acceptor_loss,0.5130622982978821,41346494,1,,,undetermined,predicted loss does not sit on an internal exon boundary of this transcript,0.0,0.0,0.0,0.0
spliceai,DDX3X,X-41346493-G-C,DDX3X,s11_50,acceptor_loss,0.5130549669265747,41346494,1,,,undetermined,predicted loss does not sit on an internal exon boundary of this transcript,0.0,0.0,0.0,0.0
spliceai,DDX3X,X-41346493-G-A,DDX3X,s11_50,acceptor_loss,0.5130603909492493,41346494,1,,,undetermined,predicted loss does not sit on an internal exon boundary of this transcript,0.0,0.0,0.0,0.0
spliceai,DDX3X,X-41346497-T-G,DDX3X,s3_10,acceptor_gain,0.9242676496505737,41346498,1,118.0,7.0,out_of_frame,cryptic site 7 bp from the nearest natural acceptor,1.0,0.0,0.0,1.0
spliceai,DDX3X,X-41346499-T-A,DDX3X,s3_10,acceptor_gain,0.20502635836601257,41346474,-25,118.0,31.0,out_of_frame,cryptic site 31 bp from the nearest natural acceptor,0.0,0.0,0.0,0.0
spliceai,DDX3X,X-41346499-T-G,DDX3X,s3_10,acceptor_gain,0.3067016005516052,41346474,-25,118.0,31.0,out_of_frame,cryptic site 31 bp from the nearest natural acceptor,0.0,0.0,0.0,0.0
spliceai,DDX3X,X-41346500-T-G,DDX3X,s3_10,acceptor_gain,0.2143770158290863,41346474,-26,118.0,31.0,out_of_frame,cryptic site 31 bp from the nearest natural acceptor,0.0,0.0,0.0,0.0
spliceai,DDX3X,X-41346501-C-A,DDX3X,s3_10,acceptor_loss,0.22124776244163513,41346509,8,,,undetermined,predicted loss does not sit on an internal exon boundary of this transcript,0.0,0.0,0.0,0.0
spliceai,DDX3X,X-41346501-C-G,DDX3X,s3_10,acceptor_loss,0.21360307931900024,41346509,8,,,undetermined,predicted loss does not sit on an internal exon boundary of this transcript,0.0,0.0,0.0,0.0
spliceai,DDX3X,X-41346502-C-G,DDX3X,s3_10,acceptor_gain,0.5500550866127014,41346474,-28,118.0,31.0,out_of_frame,cryptic site 31 bp from the nearest natural acceptor,0.0,0.0,0.0,0.0
spliceai,DDX3X,X-41346503-A-G,DDX3X,pm12,acceptor_loss,0.9900709390640259,41346505,2,118.0,,out_of_frame,skipping an exon of 118 bp,1.0,0.0,0.0,1.0
spliceai,DDX3X,X-41346623-G-A,DDX3X,pm12,donor_loss,0.9901269674301147,41346622,-1,118.0,,out_of_frame,skipping an exon of 118 bp,0.0,0.0,0.0,0.0
spliceai,DDX3X,X-41346623-G-T,DDX3X,pm12,donor_loss,0.9978939890861511,41346622,-1,118.0,,out_of_frame,skipping an exon of 118 bp,0.0,0.0,0.0,0.0
spliceai,DDX3X,X-41346624-T-A,DDX3X,pm12,donor_loss,0.9982414245605469,41346622,-2,118.0,,out_of_frame,skipping an exon of 118 bp,0.0,0.0,0.0,1.0
spliceai,DDX3X,X-41346624-T-G,DDX3X,pm12,donor_loss,0.9863911867141724,41346622,-2,118.0,,out_of_frame,skipping an exon of 118 bp,0.0,0.0,0.0,0.0
spliceai,DDX3X,X-41346834-T-G,DDX3X,s11_50,acceptor_gain,0.2670021951198578,41346931,97,154.0,72.0,in_frame,cryptic site 72 bp from the nearest natural acceptor,0.0,0.0,0.0,0.0
spliceai,DDX3X,X-41346838-C-G,DDX3X,s11_50,acceptor_gain,0.21259315311908722,41346839,1,154.0,20.0,out_of_frame,cryptic site 20 bp from the nearest natural acceptor,0.0,0.0,0.0,0.0
spliceai,DDX3X,X-41346845-G-A,DDX3X,s11_50,acceptor_gain,0.9954144954681396,41346847,2,154.0,12.0,in_frame,cryptic site 12 bp from the nearest natural acceptor,1.0,0.0,0.0,1.0
spliceai,DDX3X,X-41346846-G-A,DDX3X,s11_50,acceptor_gain,0.8526067733764648,41346848,2,154.0,11.0,out_of_frame,cryptic site 11 bp from the nearest natural acceptor,0.0,0.0,0.0,0.0
spliceai,DDX3X,X-41346849-A-G,DDX3X,s3_10,acceptor_gain,0.7231104969978333,41346850,1,154.0,9.0,in_frame,cryptic site 9 bp from the nearest natural acceptor,0.0,0.0,0.0,0.0
spliceai,DDX3X,X-41346850-C-G,DDX3X,s3_10,acceptor_gain,0.9292832016944885,41346851,1,154.0,8.0,out_of_frame,cryptic site 8 bp from the nearest natural acceptor,0.0,0.0,0.0,0.0
spliceai,DDX3X,X-41346851-T-G,DDX3X,s3_10,acceptor_gain,0.24680361151695251,41346931,80,154.0,72.0,in_frame,cryptic site 72 bp from the nearest natural acceptor,0.0,0.0,0.0,0.0
spliceai,DDX3X,X-41346851-T-A,DDX3X,s3_10,acceptor_gain,0.23025265336036682,41346931,80,154.0,72.0,in_frame,cryptic site 72 bp from the nearest natural acceptor,0.0,0.0,0.0,0.0
spliceai,DDX3X,X-41346853-T-A,DDX3X,s3_10,acceptor_gain,0.2803758382797241,41346931,78,154.0,72.0,in_frame,cryptic site 72 bp from the nearest natural acceptor,0.0,0.0,0.0,0.0
spliceai,DDX3X,X-41346853-T-G,DDX3X,s3_10,acceptor_gain,0.29738402366638184,41346931,78,154.0,72.0,in_frame,cryptic site 72 bp from the nearest natural acceptor,0.0,0.0,0.0,0.0
spliceai,DDX3X,X-41346854-T-C,DDX3X,s3_10,acceptor_gain,0.20149359107017517,41346931,77,154.0,72.0,in_frame,cryptic site 72 bp from the nearest natural acceptor,0.0,0.0,0.0,0.0
spliceai,DDX3X,X-41346854-T-A,DDX3X,s3_10,acceptor_gain,0.41383492946624756,41346931,77,154.0,72.0,in_frame,cryptic site 72 bp from the nearest natural acceptor,0.0,0.0,0.0,0.0
spliceai,DDX3X,X-41346854-T-G,DDX3X,s3_10,acceptor_gain,0.5205807089805603,41346931,77,154.0,72.0,in_frame,cryptic site 72 bp from the nearest natural acceptor,0.0,0.0,0.0,0.0
spliceai,DDX3X,X-41346856-T-A,DDX3X,s3_10,acceptor_gain,0.46896612644195557,41346931,75,154.0,72.0,in_frame,cryptic site 72 bp from the nearest natural acceptor,0.0,0.0,0.0,0.0
spliceai,DDX3X,X-41347014-T-G,DDX3X,pm12,donor_loss,0.9958642721176147,41347012,-2,154.0,,out_of_frame,skipping an exon of 154 bp,1.0,0.0,0.0,1.0
spliceai,DDX3X,X-41347015-G-T,DDX3X,s3_10,donor_gain,0.21700310707092285,41347017,2,154.0,5.0,out_of_frame,cryptic site 5 bp from the nearest natural donor,0.0,0.0,0.0,0.0
spliceai,DDX3X,X-41347015-G-C,DDX3X,s3_10,donor_gain,0.6807326078414917,41347017,2,154.0,5.0,out_of_frame,cryptic site 5 bp from the nearest natural donor,0.0,0.0,0.0,0.0
spliceai,DDX3X,X-41347016-A-C,DDX3X,s3_10,donor_loss,0.2462366670370102,41347017,1,,,undetermined,predicted loss does not sit on an internal exon boundary of this transcript,0.0,0.0,0.0,0.0
spliceai,DDX3X,X-41347016-A-T,DDX3X,s3_10,donor_loss,0.24876369535923004,41347017,1,,,undetermined,predicted loss does not sit on an internal exon boundary of this transcript,0.0,0.0,0.0,0.0
spliceai,DDX3X,X-41347016-A-G,DDX3X,s3_10,donor_gain,0.24999524652957916,41346987,-29,154.0,25.0,out_of_frame,cryptic site 25 bp from the nearest natural donor,0.0,0.0,0.0,0.0
spliceai,DDX3X,X-41347017-G-C,DDX3X,s3_10,donor_loss,0.2676788866519928,41347017,0,,,undetermined,predicted loss does not sit on an internal exon boundary of this transcript,0.0,0.0,0.0,0.0
spliceai,DDX3X,X-41347017-G-A,DDX3X,s3_10,donor_loss,0.26230862736701965,41347017,0,,,undetermined,predicted loss does not sit on an internal exon boundary of this transcript,0.0,0.0,0.0,0.0
spliceai,DDX3X,X-41347017-G-T,DDX3X,s3_10,donor_loss,0.26660189032554626,41347017,0,,,undetermined,predicted loss does not sit on an internal exon boundary of this transcript,0.0,0.0,0.0,0.0
spliceai,DDX3X,X-41347018-G-T,DDX3X,s3_10,donor_loss,0.2705192565917969,41347017,-1,,,undetermined,predicted loss does not sit on an internal exon boundary of this transcript,0.0,0.0,0.0,0.0
spliceai,DDX3X,X-41347018-G-C,DDX3X,s3_10,donor_loss,0.27051591873168945,41347017,-1,,,undetermined,predicted loss does not sit on an internal exon boundary of this transcript,0.0,0.0,0.0,0.0
spliceai,DDX3X,X-41347018-G-A,DDX3X,s3_10,donor_loss,0.2704942524433136,41347017,-1,,,undetermined,predicted loss does not sit on an internal exon boundary of this transcript,0.0,0.0,0.0,0.0
spliceai,DDX3X,X-41347019-T-A,DDX3X,s3_10,donor_loss,0.2705174386501312,41347017,-2,,,undetermined,predicted loss does not sit on an internal exon boundary of this transcript,0.0,0.0,0.0,0.0
spliceai,DDX3X,X-41347019-T-C,DDX3X,s3_10,donor_loss,0.27046141028404236,41347017,-2,,,undetermined,predicted loss does not sit on an internal exon boundary of this transcript,0.0,0.0,0.0,0.0
spliceai,DDX3X,X-41347019-T-G,DDX3X,s3_10,donor_loss,0.27051451802253723,41347017,-2,,,undetermined,predicted loss does not sit on an internal exon boundary of this transcript,0.0,0.0,0.0,0.0
spliceai,DDX3X,X-41347020-A-T,DDX3X,s3_10,donor_loss,0.26908114552497864,41347017,-3,,,undetermined,predicted loss does not sit on an internal exon boundary of this transcript,0.0,0.0,0.0,0.0
spliceai,DDX3X,X-41347020-A-C,DDX3X,s3_10,donor_loss,0.2667505145072937,41347017,-3,,,undetermined,predicted loss does not sit on an internal exon boundary of this transcript,0.0,0.0,0.0,0.0
spliceai,DDX3X,X-41347020-A-G,DDX3X,s3_10,donor_loss,0.26433342695236206,41347017,-3,,,undetermined,predicted loss does not sit on an internal exon boundary of this transcript,0.0,0.0,0.0,0.0
spliceai,DDX3X,X-41347021-T-A,DDX3X,s3_10,donor_gain,0.3890972435474396,41347017,-4,154.0,5.0,out_of_frame,cryptic site 5 bp from the nearest natural donor,0.0,0.0,0.0,0.0
spliceai,DDX3X,X-41347022-A-G,DDX3X,s3_10,donor_gain,0.6659170389175415,41347017,-5,154.0,5.0,out_of_frame,cryptic site 5 bp from the nearest natural donor,0.0,0.0,0.0,0.0
spliceai,DDX3X,X-41347023-A-T,DDX3X,s11_50,donor_gain,0.31417378783226013,41347017,-6,154.0,5.0,out_of_frame,cryptic site 5 bp from the nearest natural donor,0.0,0.0,0.0,0.0
spliceai,DDX3X,X-41347307-T-G,DDX3X,s3_10,acceptor_gain,0.2334672212600708,41347318,11,140.0,6.0,in_frame,cryptic site 6 bp from the nearest natural acceptor,0.0,0.0,0.0,0.0
spliceai,DDX3X,X-41347308-A-C,DDX3X,s3_10,acceptor_gain,0.2200804054737091,41347318,10,140.0,6.0,in_frame,cryptic site 6 bp from the nearest natural acceptor,0.0,0.0,0.0,0.0
spliceai,DDX3X,X-41347309-T-A,DDX3X,s3_10,acceptor_gain,0.2516007721424103,41347318,9,140.0,6.0,in_frame,cryptic site 6 bp from the nearest natural acceptor,0.0,0.0,0.0,0.0
spliceai,DDX3X,X-41347309-T-G,DDX3X,s3_10,acceptor_gain,0.9619481563568115,41347310,1,140.0,2.0,out_of_frame,cryptic site 2 bp from the nearest natural acceptor,0.0,0.0,0.0,0.0
spliceai,DDX3X,X-41347310-A-T,DDX3X,pm12,acceptor_loss,0.992729902267456,41347312,2,140.0,,out_of_frame,skipping an exon of 140 bp,0.0,0.0,0.0,0.0
spliceai,DDX3X,X-41347310-A-C,DDX3X,pm12,acceptor_loss,0.9925764203071594,41347312,2,140.0,,out_of_frame,skipping an exon of 140 bp,0.0,0.0,0.0,0.0
spliceai,DDX3X,X-41347310-A-G,DDX3X,pm12,acceptor_loss,0.9926791191101074,41347312,2,140.0,,out_of_frame,skipping an exon of 140 bp,0.0,0.0,0.0,0.0
spliceai,DDX3X,X-41347311-G-C,DDX3X,pm12,acceptor_loss,0.9927142858505249,41347312,1,140.0,,out_of_frame,skipping an exon of 140 bp,0.0,0.0,0.0,0.0
spliceai,DDX3X,X-41347311-G-A,DDX3X,pm12,acceptor_loss,0.9927340149879456,41347312,1,140.0,,out_of_frame,skipping an exon of 140 bp,0.0,0.0,0.0,0.0
spliceai,DDX3X,X-41347311-G-T,DDX3X,pm12,acceptor_loss,0.9927412271499634,41347312,1,140.0,,out_of_frame,skipping an exon of 140 bp,0.0,0.0,0.0,0.0
spliceai,DDX3X,X-41347452-G-A,DDX3X,pm12,donor_loss,0.9899343848228455,41347451,-1,140.0,,out_of_frame,skipping an exon of 140 bp,0.0,0.0,0.0,0.0
spliceai,DDX3X,X-41347452-G-C,DDX3X,pm12,donor_loss,0.9922816157341003,41347451,-1,140.0,,out_of_frame,skipping an exon of 140 bp,0.0,0.0,0.0,0.0
spliceai,DDX3X,X-41347452-G-T,DDX3X,pm12,donor_loss,0.9922624826431274,41347451,-1,140.0,,out_of_frame,skipping an exon of 140 bp,1.0,0.0,0.0,0.0
spliceai,DDX3X,X-41347453-T-C,DDX3X,pm12,donor_loss,0.9600077867507935,41347451,-2,140.0,,out_of_frame,skipping an exon of 140 bp,0.0,0.0,0.0,0.0
spliceai,DDX3X,X-41347453-T-A,DDX3X,pm12,donor_loss,0.990858793258667,41347451,-2,140.0,,out_of_frame,skipping an exon of 140 bp,0.0,0.0,0.0,0.0
spliceai,DDX3X,X-41347453-T-G,DDX3X,pm12,donor_loss,0.9914979338645935,41347451,-2,140.0,,out_of_frame,skipping an exon of 140 bp,0.0,0.0,0.0,0.0
spliceai,DDX3X,X-41347454-A-G,DDX3X,s3_10,donor_gain,0.3326989412307739,41347427,-27,140.0,24.0,in_frame,cryptic site 24 bp from the nearest natural donor,0.0,0.0,0.0,0.0
spliceai,DDX3X,X-41347454-A-T,DDX3X,s3_10,donor_gain,0.34446725249290466,41347427,-27,140.0,24.0,in_frame,cryptic site 24 bp from the nearest natural donor,0.0,0.0,0.0,0.0
spliceai,DDX3X,X-41347454-A-C,DDX3X,s3_10,donor_loss,0.26374441385269165,41347451,-3,140.0,,out_of_frame,skipping an exon of 140 bp,0.0,0.0,0.0,0.0
spliceai,DDX3X,X-41347457-G-A,DDX3X,s3_10,donor_gain,0.248251810669899,41347454,-3,140.0,3.0,in_frame,cryptic site 3 bp from the nearest natural donor,0.0,0.0,0.0,0.0
spliceai,DDX3X,X-41347458-T-G,DDX3X,s3_10,donor_gain,0.26981398463249207,41347457,-1,140.0,6.0,in_frame,cryptic site 6 bp from the nearest natural donor,0.0,0.0,0.0,0.0
spliceai,DDX3X,X-41347464-T-G,DDX3X,s11_50,donor_gain,0.7446647882461548,41347464,0,140.0,13.0,out_of_frame,cryptic site 13 bp from the nearest natural donor,0.0,0.0,0.0,0.0
spliceai,DDX3X,X-41347619-T-A,DDX3X,s11_50,acceptor_gain,0.20863837003707886,41347860,241,2635.0,220.0,out_of_frame,cryptic site 220 bp from the nearest natural acceptor,0.0,,0.0,0.0
spliceai,DDX3X,X-41347619-T-G,DDX3X,s11_50,acceptor_gain,0.21502655744552612,41347860,241,2635.0,220.0,out_of_frame,cryptic site 220 bp from the nearest natural acceptor,0.0,,0.0,0.0
spliceai,DDX3X,X-41347627-A-G,DDX3X,s11_50,acceptor_gain,0.9798659086227417,41347628,1,2635.0,12.0,in_frame,cryptic site 12 bp from the nearest natural acceptor,0.0,,1.0,0.0
spliceai,DDX3X,X-41347628-A-G,DDX3X,s11_50,acceptor_gain,0.831857442855835,41347629,1,2635.0,11.0,out_of_frame,cryptic site 11 bp from the nearest natural acceptor,0.0,,0.0,0.0
spliceai,DDX3X,X-41347629-T-G,DDX3X,s11_50,acceptor_loss,0.9053419232368469,41347640,11,2635.0,,out_of_frame,skipping an exon of 2635 bp,0.0,,1.0,1.0
spliceai,DDX3X,X-41347636-T-G,DDX3X,s3_10,acceptor_gain,0.8422895073890686,41347637,1,2635.0,3.0,in_frame,cryptic site 3 bp from the nearest natural acceptor,0.0,,0.0,0.0
spliceai,DDX3X,X-41347637-T-A,DDX3X,s3_10,acceptor_gain,0.22462141513824463,41347860,223,2635.0,220.0,out_of_frame,cryptic site 220 bp from the nearest natural acceptor,0.0,,0.0,0.0
spliceai,DDX3X,X-41347637-T-G,DDX3X,s3_10,acceptor_loss,0.5729067325592041,41347640,3,2635.0,,out_of_frame,skipping an exon of 2635 bp,0.0,,0.0,0.0
spliceai,DDX3X,X-41347638-A-T,DDX3X,pm12,acceptor_loss,0.9767424464225769,41347640,2,2635.0,,out_of_frame,skipping an exon of 2635 bp,0.0,,0.0,0.0
spliceai,DDX3X,X-41347638-A-C,DDX3X,pm12,acceptor_loss,0.9765937328338623,41347640,2,2635.0,,out_of_frame,skipping an exon of 2635 bp,0.0,,1.0,0.0
spliceai,DDX3X,X-41347638-A-G,DDX3X,pm12,acceptor_loss,0.9766884446144104,41347640,2,2635.0,,out_of_frame,skipping an exon of 2635 bp,0.0,,1.0,0.0
spliceai,DDX3X,X-41347639-G-T,DDX3X,pm12,acceptor_loss,0.9762163162231445,41347640,1,2635.0,,out_of_frame,skipping an exon of 2635 bp,0.0,,1.0,0.0
spliceai,DDX3X,X-41347639-G-C,DDX3X,pm12,acceptor_loss,0.9712223410606384,41347640,1,2635.0,,out_of_frame,skipping an exon of 2635 bp,0.0,,1.0,0.0
spliceai,DDX3X,X-41347639-G-A,DDX3X,pm12,acceptor_loss,0.9769527912139893,41347640,1,2635.0,,out_of_frame,skipping an exon of 2635 bp,0.0,,0.0,0.0
pangolin,DDX3X,X-41334299-T-C,DDX3X,pm12,loss,0.7300000190734863,41334297,-2,136.0,,out_of_frame,skipping an exon of 136 bp,0.0,0.0,0.0,0.0
pangolin,DDX3X,X-41334300-G-C,DDX3X,s3_10,loss,0.3799999952316284,41334297,-3,136.0,,out_of_frame,skipping an exon of 136 bp,0.0,0.0,0.0,0.0
pangolin,DDX3X,X-41334301-A-C,DDX3X,s3_10,loss,0.3799999952316284,41334297,-4,136.0,,out_of_frame,skipping an exon of 136 bp,0.0,0.0,0.0,0.0
pangolin,DDX3X,X-41334301-A-G,DDX3X,s3_10,loss,0.36000001430511475,41334297,-4,136.0,,out_of_frame,skipping an exon of 136 bp,0.0,0.0,0.0,0.0
pangolin,DDX3X,X-41334301-A-T,DDX3X,s3_10,loss,0.47999998927116394,41334297,-4,136.0,,out_of_frame,skipping an exon of 136 bp,0.0,0.0,0.0,0.0
pangolin,DDX3X,X-41334302-G-A,DDX3X,s3_10,loss,0.4399999976158142,41334297,-5,136.0,,out_of_frame,skipping an exon of 136 bp,0.0,0.0,0.0,0.0
pangolin,DDX3X,X-41334302-G-C,DDX3X,s3_10,loss,0.5,41334297,-5,136.0,,out_of_frame,skipping an exon of 136 bp,0.0,0.0,0.0,0.0
pangolin,DDX3X,X-41334302-G-T,DDX3X,s3_10,loss,0.4699999988079071,41334297,-5,136.0,,out_of_frame,skipping an exon of 136 bp,0.0,0.0,0.0,0.0
pangolin,DDX3X,X-41337386-T-A,DDX3X,s11_50,loss,0.10000000149011612,41337408,22,58.0,,out_of_frame,skipping an exon of 58 bp,0.0,0.0,0.0,0.0
pangolin,DDX3X,X-41337386-T-G,DDX3X,s11_50,loss,0.15000000596046448,41337408,22,58.0,,out_of_frame,skipping an exon of 58 bp,0.0,0.0,0.0,0.0
pangolin,DDX3X,X-41337386-T-C,DDX3X,s11_50,loss,0.05000000074505806,41337408,22,58.0,,out_of_frame,skipping an exon of 58 bp,0.0,0.0,0.0,0.0
pangolin,DDX3X,X-41337388-A-T,DDX3X,s11_50,loss,0.11999999731779099,41337408,20,58.0,,out_of_frame,skipping an exon of 58 bp,0.0,0.0,0.0,0.0
pangolin,DDX3X,X-41337388-A-C,DDX3X,s11_50,loss,0.14000000059604645,41337408,20,58.0,,out_of_frame,skipping an exon of 58 bp,0.0,0.0,0.0,0.0
pangolin,DDX3X,X-41337388-A-G,DDX3X,s11_50,loss,0.17000000178813934,41337408,20,58.0,,out_of_frame,skipping an exon of 58 bp,0.0,0.0,0.0,0.0
pangolin,DDX3X,X-41337397-C-G,DDX3X,s11_50,gain,0.33000001311302185,41337398,1,58.0,10.0,out_of_frame,"cryptic site, both readings agree (acceptor 10 bp -> out_of_frame, donor 67 bp -> out_of_frame)",0.0,0.0,0.0,0.0
pangolin,DDX3X,X-41337398-T-G,DDX3X,s3_10,loss,0.09000000357627869,41337408,10,58.0,,out_of_frame,skipping an exon of 58 bp,0.0,0.0,0.0,0.0
pangolin,DDX3X,X-41337398-T-A,DDX3X,s3_10,loss,0.07999999821186066,41337408,10,58.0,,out_of_frame,skipping an exon of 58 bp,0.0,0.0,0.0,0.0
pangolin,DDX3X,X-41337400-T-G,DDX3X,s3_10,loss,0.07000000029802322,41337408,8,58.0,,out_of_frame,skipping an exon of 58 bp,0.0,0.0,0.0,0.0
pangolin,DDX3X,X-41337400-T-A,DDX3X,s3_10,loss,0.10000000149011612,41337408,8,58.0,,out_of_frame,skipping an exon of 58 bp,0.0,0.0,0.0,0.0
pangolin,DDX3X,X-41337402-T-A,DDX3X,s3_10,loss,0.07000000029802322,41337408,6,58.0,,out_of_frame,skipping an exon of 58 bp,0.0,0.0,0.0,0.0
pangolin,DDX3X,X-41337403-T-A,DDX3X,s3_10,loss,0.07999999821186066,41337408,5,58.0,,out_of_frame,skipping an exon of 58 bp,0.0,0.0,0.0,0.0
pangolin,DDX3X,X-41337403-T-G,DDX3X,s3_10,loss,0.12999999523162842,41337408,5,58.0,,out_of_frame,skipping an exon of 58 bp,0.0,0.0,0.0,0.0
pangolin,DDX3X,X-41337405-T-A,DDX3X,s3_10,loss,0.15000000596046448,41337408,3,58.0,,out_of_frame,skipping an exon of 58 bp,0.0,0.0,0.0,0.0
pangolin,DDX3X,X-41337405-T-G,DDX3X,s3_10,loss,0.6100000143051147,41337408,3,58.0,,out_of_frame,skipping an exon of 58 bp,0.0,0.0,0.0,0.0
pangolin,DDX3X,X-41337469-A-C,DDX3X,s3_10,loss,0.10999999940395355,41337465,-4,58.0,,out_of_frame,skipping an exon of 58 bp,1.0,0.0,0.0,0.0
pangolin,DDX3X,X-41337469-A-T,DDX3X,s3_10,loss,0.20999999344348907,41337465,-4,58.0,,out_of_frame,skipping an exon of 58 bp,1.0,0.0,0.0,1.0
pangolin,DDX3X,X-41339015-T-G,DDX3X,s11_50,loss,0.28999999165534973,41339036,21,48.0,,in_frame,skipping an exon of 48 bp,0.0,0.0,0.0,0.0
pangolin,DDX3X,X-41339017-T-G,DDX3X,s11_50,loss,0.6000000238418579,41339036,19,48.0,,in_frame,skipping an exon of 48 bp,0.0,0.0,0.0,1.0
pangolin,DDX3X,X-41339019-T-G,DDX3X,s11_50,loss,0.6899999976158142,41339036,17,48.0,,in_frame,skipping an exon of 48 bp,0.0,0.0,0.0,1.0
pangolin,DDX3X,X-41339021-T-G,DDX3X,s11_50,loss,0.7300000190734863,41339036,15,48.0,,in_frame,skipping an exon of 48 bp,0.0,0.0,0.0,1.0
pangolin,DDX3X,X-41339023-T-A,DDX3X,s11_50,loss,0.18000000715255737,41339036,13,48.0,,in_frame,skipping an exon of 48 bp,0.0,0.0,0.0,0.0
pangolin,DDX3X,X-41339023-T-G,DDX3X,s11_50,loss,0.7799999713897705,41339036,13,48.0,,in_frame,skipping an exon of 48 bp,0.0,0.0,0.0,1.0
pangolin,DDX3X,X-41339025-T-A,DDX3X,s11_50,loss,0.25,41339036,11,48.0,,in_frame,skipping an exon of 48 bp,0.0,0.0,0.0,0.0
pangolin,DDX3X,X-41339025-T-G,DDX3X,s11_50,loss,0.7799999713897705,41339036,11,48.0,,in_frame,skipping an exon of 48 bp,1.0,0.0,0.0,1.0
pangolin,DDX3X,X-41339027-T-A,DDX3X,s3_10,loss,0.3199999928474426,41339036,9,48.0,,in_frame,skipping an exon of 48 bp,0.0,0.0,0.0,0.0
pangolin,DDX3X,X-41339027-T-G,DDX3X,s3_10,loss,0.7799999713897705,41339036,9,48.0,,in_frame,skipping an exon of 48 bp,0.0,0.0,0.0,1.0
pangolin,DDX3X,X-41339028-T-A,DDX3X,s3_10,loss,0.25999999046325684,41339036,8,48.0,,in_frame,skipping an exon of 48 bp,0.0,0.0,0.0,0.0
pangolin,DDX3X,X-41339029-T-A,DDX3X,s3_10,loss,0.23000000417232513,41339036,7,48.0,,in_frame,skipping an exon of 48 bp,0.0,0.0,0.0,0.0
pangolin,DDX3X,X-41339030-T-A,DDX3X,s3_10,loss,0.4399999976158142,41339036,6,48.0,,in_frame,skipping an exon of 48 bp,0.0,0.0,0.0,0.0
pangolin,DDX3X,X-41339030-T-G,DDX3X,s3_10,loss,0.38999998569488525,41339036,6,48.0,,in_frame,skipping an exon of 48 bp,0.0,0.0,0.0,0.0
pangolin,DDX3X,X-41339031-T-A,DDX3X,s3_10,loss,0.4300000071525574,41339036,5,48.0,,in_frame,skipping an exon of 48 bp,0.0,0.0,0.0,0.0
pangolin,DDX3X,X-41339031-T-G,DDX3X,s3_10,loss,0.4699999988079071,41339036,5,48.0,,in_frame,skipping an exon of 48 bp,0.0,0.0,0.0,0.0
pangolin,DDX3X,X-41339033-T-C,DDX3X,s3_10,loss,0.029999999329447746,41339039,6,,,undetermined,predicted loss does not sit on an internal exon boundary of this transcript,0.0,0.0,0.0,0.0
pangolin,DDX3X,X-41339033-T-A,DDX3X,s3_10,loss,0.6200000047683716,41339083,50,48.0,,in_frame,skipping an exon of 48 bp,0.0,0.0,0.0,0.0
pangolin,DDX3X,X-41339033-T-G,DDX3X,s3_10,loss,0.7300000190734863,41339036,3,48.0,,in_frame,skipping an exon of 48 bp,0.0,0.0,0.0,1.0
pangolin,DDX3X,X-41339034-A-T,DDX3X,pm12,loss,0.800000011920929,41339036,2,48.0,,in_frame,skipping an exon of 48 bp,0.0,0.0,0.0,0.0
pangolin,DDX3X,X-41339034-A-C,DDX3X,pm12,loss,0.800000011920929,41339036,2,48.0,,in_frame,skipping an exon of 48 bp,0.0,0.0,0.0,0.0
pangolin,DDX3X,X-41339034-A-G,DDX3X,pm12,loss,0.7900000214576721,41339036,2,48.0,,in_frame,skipping an exon of 48 bp,0.0,0.0,0.0,0.0
pangolin,DDX3X,X-41339035-G-A,DDX3X,pm12,loss,0.800000011920929,41339036,1,48.0,,in_frame,skipping an exon of 48 bp,0.0,0.0,0.0,0.0
pangolin,DDX3X,X-41339035-G-T,DDX3X,pm12,loss,0.7900000214576721,41339036,1,48.0,,in_frame,skipping an exon of 48 bp,0.0,0.0,0.0,0.0
pangolin,DDX3X,X-41339035-G-C,DDX3X,pm12,loss,0.800000011920929,41339036,1,48.0,,in_frame,skipping an exon of 48 bp,0.0,0.0,0.0,0.0
pangolin,DDX3X,X-41339084-G-A,DDX3X,pm12,loss,0.7900000214576721,41339036,-48,48.0,,in_frame,skipping an exon of 48 bp,1.0,0.0,0.0,1.0
pangolin,DDX3X,X-41339084-G-T,DDX3X,pm12,loss,0.7900000214576721,41339036,-48,48.0,,in_frame,skipping an exon of 48 bp,1.0,0.0,0.0,1.0
pangolin,DDX3X,X-41339084-G-C,DDX3X,pm12,loss,0.7900000214576721,41339036,-48,48.0,,in_frame,skipping an exon of 48 bp,0.0,0.0,0.0,1.0
pangolin,DDX3X,X-41339085-T-C,DDX3X,pm12,loss,0.7699999809265137,41339036,-49,48.0,,in_frame,skipping an exon of 48 bp,0.0,0.0,0.0,1.0
pangolin,DDX3X,X-41339085-T-A,DDX3X,pm12,loss,0.7799999713897705,41339083,-2,48.0,,in_frame,skipping an exon of 48 bp,1.0,0.0,0.0,1.0
pangolin,DDX3X,X-41339085-T-G,DDX3X,pm12,loss,0.7799999713897705,41339083,-2,48.0,,in_frame,skipping an exon of 48 bp,0.0,0.0,0.0,1.0
pangolin,DDX3X,X-41339086-A-G,DDX3X,s3_10,loss,0.3199999928474426,41339083,-3,48.0,,in_frame,skipping an exon of 48 bp,0.0,0.0,0.0,0.0
pangolin,DDX3X,X-41339086-A-T,DDX3X,s3_10,loss,0.5799999833106995,41339036,-50,48.0,,in_frame,skipping an exon of 48 bp,0.0,0.0,0.0,0.0
pangolin,DDX3X,X-41339086-A-C,DDX3X,s3_10,loss,0.6600000262260437,41339036,-50,48.0,,in_frame,skipping an exon of 48 bp,0.0,0.0,0.0,0.0
pangolin,DDX3X,X-41339087-G-A,DDX3X,s3_10,gain,0.0,41339064,-23,48.0,28.0,out_of_frame,"cryptic site, both readings agree (acceptor 28 bp -> out_of_frame, donor 19 bp -> out_of_frame)",0.0,0.0,0.0,0.0
pangolin,DDX3X,X-41339088-G-T,DDX3X,s3_10,loss,0.6899999976158142,41339083,-5,48.0,,in_frame,skipping an exon of 48 bp,1.0,0.0,0.0,1.0
pangolin,DDX3X,X-41339088-G-A,DDX3X,s3_10,loss,0.6499999761581421,41339083,-5,48.0,,in_frame,skipping an exon of 48 bp,0.0,0.0,0.0,0.0
pangolin,DDX3X,X-41339088-G-C,DDX3X,s3_10,loss,0.6899999976158142,41339083,-5,48.0,,in_frame,skipping an exon of 48 bp,0.0,0.0,0.0,1.0
pangolin,DDX3X,X-41339089-T-A,DDX3X,s3_10,loss,0.1599999964237213,41339083,-6,48.0,,in_frame,skipping an exon of 48 bp,0.0,0.0,0.0,0.0
pangolin,DDX3X,X-41339089-T-G,DDX3X,s3_10,loss,0.33000001311302185,41339083,-6,48.0,,in_frame,skipping an exon of 48 bp,0.0,0.0,0.0,0.0
pangolin,DDX3X,X-41339089-T-C,DDX3X,s3_10,loss,0.2199999988079071,41339083,-6,48.0,,in_frame,skipping an exon of 48 bp,0.0,0.0,0.0,0.0
pangolin,DDX3X,X-41341463-T-G,DDX3X,s11_50,gain,0.05999999865889549,41341464,1,133.0,20.0,out_of_frame,"cryptic site, both readings agree (acceptor 20 bp -> out_of_frame, donor 152 bp -> out_of_frame)",0.0,0.0,0.0,0.0
pangolin,DDX3X,X-41341465-T-A,DDX3X,s11_50,loss,0.4300000071525574,41341484,19,133.0,,out_of_frame,skipping an exon of 133 bp,0.0,0.0,0.0,0.0
pangolin,DDX3X,X-41341467-T-A,DDX3X,s11_50,loss,0.3700000047683716,41341484,17,133.0,,out_of_frame,skipping an exon of 133 bp,0.0,0.0,0.0,0.0
pangolin,DDX3X,X-41341477-A-G,DDX3X,s3_10,gain,0.8999999761581421,41341478,1,133.0,6.0,in_frame,"cryptic site, both readings agree (acceptor 6 bp -> in_frame, donor 138 bp -> in_frame)",0.0,0.0,0.0,0.0
pangolin,DDX3X,X-41341478-T-G,DDX3X,s3_10,gain,0.8600000143051147,41341479,1,133.0,5.0,out_of_frame,"cryptic site, both readings agree (acceptor 5 bp -> out_of_frame, donor 137 bp -> out_of_frame)",1.0,0.0,0.0,0.0
pangolin,DDX3X,X-41341482-A-C,DDX3X,pm12,loss,0.8700000047683716,41341484,2,133.0,,out_of_frame,skipping an exon of 133 bp,0.0,0.0,0.0,0.0
pangolin,DDX3X,X-41341482-A-T,DDX3X,pm12,loss,0.8899999856948853,41341484,2,133.0,,out_of_frame,skipping an exon of 133 bp,0.0,0.0,0.0,0.0
pangolin,DDX3X,X-41341483-G-T,DDX3X,pm12,loss,0.8899999856948853,41341484,1,133.0,,out_of_frame,skipping an exon of 133 bp,0.0,0.0,0.0,0.0
pangolin,DDX3X,X-41341483-G-C,DDX3X,pm12,loss,0.8500000238418579,41341484,1,133.0,,out_of_frame,skipping an exon of 133 bp,0.0,0.0,0.0,0.0
pangolin,DDX3X,X-41341617-G-T,DDX3X,pm12,loss,0.8899999856948853,41341616,-1,133.0,,out_of_frame,skipping an exon of 133 bp,0.0,0.0,0.0,0.0
pangolin,DDX3X,X-41341618-T-C,DDX3X,pm12,gain,0.09000000357627869,41341643,25,133.0,159.0,in_frame,"cryptic site, both readings agree (acceptor 159 bp -> in_frame, donor 27 bp -> in_frame)",0.0,0.0,0.0,0.0
pangolin,DDX3X,X-41341618-T-A,DDX3X,pm12,loss,0.8700000047683716,41341616,-2,133.0,,out_of_frame,skipping an exon of 133 bp,1.0,0.0,0.0,1.0
pangolin,DDX3X,X-41341618-T-G,DDX3X,pm12,loss,0.8899999856948853,41341616,-2,133.0,,out_of_frame,skipping an exon of 133 bp,1.0,0.0,0.0,1.0
pangolin,DDX3X,X-41342479-T-A,DDX3X,s11_50,gain,0.25999999046325684,41342481,2,159.0,14.0,out_of_frame,"cryptic site, both readings agree (acceptor 14 bp -> out_of_frame, donor 172 bp -> out_of_frame)",0.0,0.0,0.0,0.0
pangolin,DDX3X,X-41342483-T-A,DDX3X,s11_50,gain,0.7699999809265137,41342485,2,,,undetermined,"Pangolin does not type the gained site and the two readings disagree (acceptor 10 bp -> out_of_frame, donor 168 bp -> in_frame)",0.0,0.0,0.0,0.0
pangolin,DDX3X,X-41342485-T-A,DDX3X,s3_10,gain,0.3100000023841858,41342487,2,159.0,8.0,out_of_frame,"cryptic site, both readings agree (acceptor 8 bp -> out_of_frame, donor 166 bp -> out_of_frame)",0.0,0.0,0.0,0.0
pangolin,DDX3X,X-41342488-T-A,DDX3X,s3_10,gain,0.8999999761581421,41342490,2,159.0,5.0,out_of_frame,"cryptic site, both readings agree (acceptor 5 bp -> out_of_frame, donor 163 bp -> out_of_frame)",1.0,0.0,0.0,0.0
pangolin,DDX3X,X-41342493-A-T,DDX3X,pm12,loss,0.9100000262260437,41342495,2,159.0,,in_frame,skipping an exon of 159 bp,0.0,0.0,0.0,0.0
pangolin,DDX3X,X-41342493-A-C,DDX3X,pm12,loss,0.9100000262260437,41342495,2,159.0,,in_frame,skipping an exon of 159 bp,0.0,0.0,0.0,0.0
pangolin,DDX3X,X-41342493-A-G,DDX3X,pm12,loss,0.9100000262260437,41342495,2,159.0,,in_frame,skipping an exon of 159 bp,0.0,0.0,0.0,0.0
pangolin,DDX3X,X-41342494-G-T,DDX3X,pm12,loss,0.9100000262260437,41342495,1,159.0,,in_frame,skipping an exon of 159 bp,0.0,0.0,0.0,0.0
pangolin,DDX3X,X-41342494-G-C,DDX3X,pm12,loss,0.9100000262260437,41342495,1,159.0,,in_frame,skipping an exon of 159 bp,0.0,0.0,0.0,0.0
pangolin,DDX3X,X-41342656-A-T,DDX3X,s3_10,loss,0.6200000047683716,41342653,-3,159.0,,in_frame,skipping an exon of 159 bp,0.0,0.0,0.0,1.0
pangolin,DDX3X,X-41342656-A-C,DDX3X,s3_10,loss,0.800000011920929,41342653,-3,159.0,,in_frame,skipping an exon of 159 bp,1.0,0.0,0.0,1.0
pangolin,DDX3X,X-41342658-G-A,DDX3X,s3_10,loss,0.7799999713897705,41342653,-5,159.0,,in_frame,skipping an exon of 159 bp,0.0,0.0,0.0,0.0
pangolin,DDX3X,X-41342658-G-T,DDX3X,s3_10,loss,0.800000011920929,41342653,-5,159.0,,in_frame,skipping an exon of 159 bp,0.0,0.0,0.0,0.0
pangolin,DDX3X,X-41342659-T-G,DDX3X,s3_10,loss,0.20000000298023224,41342653,-6,159.0,,in_frame,skipping an exon of 159 bp,0.0,0.0,0.0,0.0
pangolin,DDX3X,X-41342723-T-G,DDX3X,s11_50,loss,0.5600000023841858,41342737,14,100.0,,out_of_frame,skipping an exon of 100 bp,0.0,0.0,0.0,0.0
pangolin,DDX3X,X-41342732-T-A,DDX3X,s3_10,loss,0.5299999713897705,41342737,5,100.0,,out_of_frame,skipping an exon of 100 bp,1.0,0.0,0.0,1.0
pangolin,DDX3X,X-41342732-T-G,DDX3X,s3_10,loss,0.5099999904632568,41342737,5,100.0,,out_of_frame,skipping an exon of 100 bp,0.0,0.0,0.0,0.0
pangolin,DDX3X,X-41342734-G-T,DDX3X,s3_10,gain,0.0,41342769,35,100.0,32.0,out_of_frame,"cryptic site, both readings agree (acceptor 32 bp -> out_of_frame, donor 67 bp -> out_of_frame)",0.0,0.0,0.0,0.0
pangolin,DDX3X,X-41342734-G-C,DDX3X,s3_10,loss,0.009999999776482582,41342744,10,,,undetermined,predicted loss does not sit on an internal exon boundary of this transcript,0.0,0.0,0.0,0.0
pangolin,DDX3X,X-41342838-T-C,DDX3X,pm12,loss,0.8299999833106995,41342836,-2,100.0,,out_of_frame,skipping an exon of 100 bp,0.0,0.0,0.0,0.0
pangolin,DDX3X,X-41342839-G-T,DDX3X,s3_10,loss,0.7699999809265137,41342836,-3,100.0,,out_of_frame,skipping an exon of 100 bp,0.0,0.0,0.0,0.0
pangolin,DDX3X,X-41342839-G-C,DDX3X,s3_10,loss,0.8100000023841858,41342836,-3,100.0,,out_of_frame,skipping an exon of 100 bp,0.0,0.0,0.0,0.0
pangolin,DDX3X,X-41342840-A-C,DDX3X,s3_10,loss,0.5400000214576721,41342836,-4,100.0,,out_of_frame,skipping an exon of 100 bp,1.0,0.0,0.0,0.0
pangolin,DDX3X,X-41342840-A-G,DDX3X,s3_10,loss,0.7300000190734863,41342836,-4,100.0,,out_of_frame,skipping an exon of 100 bp,1.0,0.0,0.0,0.0
pangolin,DDX3X,X-41342840-A-T,DDX3X,s3_10,loss,0.800000011920929,41342836,-4,100.0,,out_of_frame,skipping an exon of 100 bp,0.0,0.0,0.0,0.0
pangolin,DDX3X,X-41342841-G-C,DDX3X,s3_10,loss,0.8899999856948853,41342836,-5,100.0,,out_of_frame,skipping an exon of 100 bp,1.0,0.0,0.0,1.0
pangolin,DDX3X,X-41342842-T-C,DDX3X,s3_10,loss,0.6800000071525574,41342836,-6,100.0,,out_of_frame,skipping an exon of 100 bp,0.0,0.0,0.0,0.0
pangolin,DDX3X,X-41342842-T-A,DDX3X,s3_10,loss,0.7900000214576721,41342836,-6,100.0,,out_of_frame,skipping an exon of 100 bp,1.0,0.0,0.0,0.0
pangolin,DDX3X,X-41343204-A-G,DDX3X,s11_50,loss,0.3499999940395355,41343216,12,136.0,,out_of_frame,skipping an exon of 136 bp,0.0,0.0,0.0,0.0
pangolin,DDX3X,X-41343212-A-C,DDX3X,s3_10,loss,0.05000000074505806,41343216,4,136.0,,out_of_frame,skipping an exon of 136 bp,0.0,0.0,0.0,0.0
pangolin,DDX3X,X-41343212-A-T,DDX3X,s3_10,loss,0.05999999865889549,41343216,4,136.0,,out_of_frame,skipping an exon of 136 bp,0.0,0.0,0.0,0.0
pangolin,DDX3X,X-41343212-A-G,DDX3X,s3_10,gain,0.8299999833106995,41343213,1,136.0,3.0,in_frame,"cryptic site, both readings agree (acceptor 3 bp -> in_frame, donor 138 bp -> in_frame)",0.0,0.0,0.0,0.0
pangolin,DDX3X,X-41343716-T-G,DDX3X,s11_50,loss,0.17000000178813934,41343737,21,86.0,,out_of_frame,skipping an exon of 86 bp,0.0,0.0,0.0,0.0
pangolin,DDX3X,X-41343716-T-A,DDX3X,s11_50,loss,0.6200000047683716,41343737,21,86.0,,out_of_frame,skipping an exon of 86 bp,0.0,0.0,0.0,0.0
pangolin,DDX3X,X-41343718-T-G,DDX3X,s11_50,loss,0.18000000715255737,41343737,19,86.0,,out_of_frame,skipping an exon of 86 bp,0.0,0.0,0.0,0.0
pangolin,DDX3X,X-41343720-T-G,DDX3X,s11_50,loss,0.14000000059604645,41343737,17,86.0,,out_of_frame,skipping an exon of 86 bp,0.0,0.0,0.0,0.0
pangolin,DDX3X,X-41343722-T-A,DDX3X,s11_50,loss,0.17000000178813934,41343737,15,86.0,,out_of_frame,skipping an exon of 86 bp,0.0,0.0,0.0,0.0
pangolin,DDX3X,X-41343722-T-G,DDX3X,s11_50,loss,0.25,41343737,15,86.0,,out_of_frame,skipping an exon of 86 bp,0.0,0.0,0.0,0.0
pangolin,DDX3X,X-41343724-T-G,DDX3X,s11_50,loss,0.3499999940395355,41343737,13,86.0,,out_of_frame,skipping an exon of 86 bp,0.0,0.0,0.0,0.0
pangolin,DDX3X,X-41343726-T-A,DDX3X,s11_50,loss,0.23000000417232513,41343737,11,86.0,,out_of_frame,skipping an exon of 86 bp,0.0,0.0,0.0,0.0
pangolin,DDX3X,X-41343726-T-G,DDX3X,s11_50,loss,0.23999999463558197,41343737,11,86.0,,out_of_frame,skipping an exon of 86 bp,0.0,0.0,0.0,0.0
pangolin,DDX3X,X-41343728-T-G,DDX3X,s3_10,loss,0.1899999976158142,41343737,9,86.0,,out_of_frame,skipping an exon of 86 bp,0.0,0.0,0.0,0.0
pangolin,DDX3X,X-41343728-T-A,DDX3X,s3_10,loss,0.23000000417232513,41343737,9,86.0,,out_of_frame,skipping an exon of 86 bp,0.0,0.0,0.0,0.0
pangolin,DDX3X,X-41343729-T-A,DDX3X,s3_10,loss,0.1899999976158142,41343737,8,86.0,,out_of_frame,skipping an exon of 86 bp,0.0,0.0,0.0,0.0
pangolin,DDX3X,X-41343729-T-G,DDX3X,s3_10,loss,0.17000000178813934,41343737,8,86.0,,out_of_frame,skipping an exon of 86 bp,0.0,0.0,0.0,0.0
pangolin,DDX3X,X-41343730-T-A,DDX3X,s3_10,loss,0.699999988079071,41343737,7,86.0,,out_of_frame,skipping an exon of 86 bp,1.0,0.0,0.0,0.0
pangolin,DDX3X,X-41343733-A-T,DDX3X,s3_10,loss,0.20000000298023224,41343737,4,86.0,,out_of_frame,skipping an exon of 86 bp,0.0,0.0,0.0,0.0
pangolin,DDX3X,X-41343734-C-A,DDX3X,s3_10,loss,0.5799999833106995,41343737,3,86.0,,out_of_frame,skipping an exon of 86 bp,0.0,0.0,0.0,0.0
pangolin,DDX3X,X-41343736-G-T,DDX3X,pm12,loss,0.8600000143051147,41343737,1,86.0,,out_of_frame,skipping an exon of 86 bp,0.0,0.0,0.0,0.0
pangolin,DDX3X,X-41343825-A-G,DDX3X,s3_10,loss,0.6800000071525574,41343822,-3,86.0,,out_of_frame,skipping an exon of 86 bp,0.0,0.0,0.0,0.0
pangolin,DDX3X,X-41343825-A-T,DDX3X,s3_10,loss,0.7400000095367432,41343822,-3,86.0,,out_of_frame,skipping an exon of 86 bp,1.0,0.0,0.0,0.0
pangolin,DDX3X,X-41343825-A-C,DDX3X,s3_10,loss,0.7400000095367432,41343822,-3,86.0,,out_of_frame,skipping an exon of 86 bp,0.0,0.0,0.0,0.0
pangolin,DDX3X,X-41343830-T-G,DDX3X,s3_10,loss,0.17000000178813934,41343822,-8,86.0,,out_of_frame,skipping an exon of 86 bp,0.0,0.0,0.0,0.0
pangolin,DDX3X,X-41344017-A-G,DDX3X,s11_50,gain,0.30000001192092896,41344018,1,,,undetermined,"Pangolin does not type the gained site and the two readings disagree (acceptor 12 bp -> in_frame, donor 110 bp -> out_of_frame)",0.0,0.0,0.0,0.0
pangolin,DDX3X,X-41344018-C-G,DDX3X,s11_50,gain,0.44999998807907104,41344019,1,99.0,11.0,out_of_frame,"cryptic site, both readings agree (acceptor 11 bp -> out_of_frame, donor 109 bp -> out_of_frame)",0.0,0.0,0.0,0.0
pangolin,DDX3X,X-41344024-T-A,DDX3X,s3_10,loss,0.10999999940395355,41344030,6,99.0,,in_frame,skipping an exon of 99 bp,0.0,0.0,0.0,0.0
pangolin,DDX3X,X-41344024-T-G,DDX3X,s3_10,loss,0.10000000149011612,41344030,6,99.0,,in_frame,skipping an exon of 99 bp,0.0,0.0,0.0,0.0
pangolin,DDX3X,X-41344025-C-G,DDX3X,s3_10,loss,0.05000000074505806,41344030,5,99.0,,in_frame,skipping an exon of 99 bp,0.0,0.0,0.0,0.0
pangolin,DDX3X,X-41344027-T-A,DDX3X,s3_10,loss,0.10000000149011612,41344030,3,99.0,,in_frame,skipping an exon of 99 bp,0.0,0.0,0.0,0.0
pangolin,DDX3X,X-41344027-T-G,DDX3X,s3_10,loss,0.6899999976158142,41344030,3,99.0,,in_frame,skipping an exon of 99 bp,0.0,0.0,0.0,0.0
pangolin,DDX3X,X-41344130-T-C,DDX3X,pm12,gain,0.8399999737739563,41344132,2,,,undetermined,"Pangolin does not type the gained site and the two readings disagree (acceptor 102 bp -> in_frame, donor 4 bp -> out_of_frame)",0.0,0.0,0.0,0.0
pangolin,DDX3X,X-41344130-T-G,DDX3X,pm12,loss,0.8899999856948853,41344128,-2,99.0,,in_frame,skipping an exon of 99 bp,1.0,0.0,0.0,1.0
pangolin,DDX3X,X-41344131-A-T,DDX3X,s3_10,loss,0.10000000149011612,41344128,-3,99.0,,in_frame,skipping an exon of 99 bp,0.0,0.0,0.0,0.0
pangolin,DDX3X,X-41344131-A-C,DDX3X,s3_10,loss,0.17000000178813934,41344128,-3,99.0,,in_frame,skipping an exon of 99 bp,0.0,0.0,0.0,0.0
pangolin,DDX3X,X-41344132-A-G,DDX3X,s3_10,gain,0.75,41344132,0,,,undetermined,"Pangolin does not type the gained site and the two readings disagree (acceptor 102 bp -> in_frame, donor 4 bp -> out_of_frame)",0.0,0.0,0.0,0.0
pangolin,DDX3X,X-41344133-G-A,DDX3X,s3_10,loss,0.1899999976158142,41344128,-5,99.0,,in_frame,skipping an exon of 99 bp,0.0,0.0,0.0,0.0
pangolin,DDX3X,X-41344133-G-C,DDX3X,s3_10,loss,0.36000001430511475,41344128,-5,99.0,,in_frame,skipping an exon of 99 bp,0.0,0.0,0.0,0.0
pangolin,DDX3X,X-41344135-A-G,DDX3X,s3_10,gain,0.2199999988079071,41344134,-1,,,undetermined,"Pangolin does not type the gained site and the two readings disagree (acceptor 104 bp -> out_of_frame, donor 6 bp -> in_frame)",0.0,0.0,0.0,0.0
pangolin,DDX3X,X-41344218-T-G,DDX3X,s11_50,loss,0.07000000029802322,41344239,21,161.0,,out_of_frame,skipping an exon of 161 bp,0.0,0.0,0.0,0.0
pangolin,DDX3X,X-41344219-A-T,DDX3X,s11_50,gain,0.0,41344214,-5,161.0,25.0,out_of_frame,"cryptic site, both readings agree (acceptor 25 bp -> out_of_frame, donor 86 bp -> out_of_frame)",0.0,0.0,0.0,0.0
pangolin,DDX3X,X-41344220-A-G,DDX3X,s11_50,gain,0.03999999910593033,41344221,1,161.0,18.0,in_frame,"cryptic site, both readings agree (acceptor 18 bp -> in_frame, donor 93 bp -> in_frame)",0.0,0.0,0.0,0.0
pangolin,DDX3X,X-41344221-C-G,DDX3X,s11_50,gain,0.029999999329447746,41344222,1,161.0,17.0,out_of_frame,"cryptic site, both readings agree (acceptor 17 bp -> out_of_frame, donor 94 bp -> out_of_frame)",1.0,0.0,0.0,1.0
pangolin,DDX3X,X-41344223-T-G,DDX3X,s11_50,gain,0.09000000357627869,41344224,1,161.0,15.0,in_frame,"cryptic site, both readings agree (acceptor 15 bp -> in_frame, donor 96 bp -> in_frame)",0.0,0.0,0.0,0.0
pangolin,DDX3X,X-41344227-T-A,DDX3X,s11_50,loss,0.03999999910593033,41344239,12,161.0,,out_of_frame,skipping an exon of 161 bp,0.0,0.0,0.0,1.0
pangolin,DDX3X,X-41344228-T-G,DDX3X,s11_50,loss,0.03999999910593033,41344239,11,161.0,,out_of_frame,skipping an exon of 161 bp,0.0,0.0,0.0,0.0
pangolin,DDX3X,X-41344228-T-A,DDX3X,s11_50,loss,0.05999999865889549,41344239,11,161.0,,out_of_frame,skipping an exon of 161 bp,0.0,0.0,0.0,0.0
pangolin,DDX3X,X-41344229-T-A,DDX3X,s3_10,loss,0.03999999910593033,41344239,10,161.0,,out_of_frame,skipping an exon of 161 bp,0.0,0.0,0.0,0.0
pangolin,DDX3X,X-41344230-T-A,DDX3X,s3_10,loss,0.8100000023841858,41344239,9,161.0,,out_of_frame,skipping an exon of 161 bp,0.0,0.0,0.0,0.0
pangolin,DDX3X,X-41344231-G-A,DDX3X,s3_10,gain,0.05000000074505806,41344256,25,161.0,17.0,out_of_frame,"cryptic site, both readings agree (acceptor 17 bp -> out_of_frame, donor 128 bp -> out_of_frame)",0.0,0.0,0.0,0.0
pangolin,DDX3X,X-41344232-C-A,DDX3X,s3_10,gain,0.09000000357627869,41344256,24,161.0,17.0,out_of_frame,"cryptic site, both readings agree (acceptor 17 bp -> out_of_frame, donor 128 bp -> out_of_frame)",0.0,0.0,0.0,0.0
pangolin,DDX3X,X-41344234-T-C,DDX3X,s3_10,loss,0.029999999329447746,41344239,5,161.0,,out_of_frame,skipping an exon of 161 bp,0.0,0.0,0.0,0.0
pangolin,DDX3X,X-41344234-T-G,DDX3X,s3_10,loss,0.1599999964237213,41344239,5,161.0,,out_of_frame,skipping an exon of 161 bp,0.0,0.0,0.0,0.0
pangolin,DDX3X,X-41344234-T-A,DDX3X,s3_10,gain,0.2800000011920929,41344256,22,161.0,17.0,out_of_frame,"cryptic site, both readings agree (acceptor 17 bp -> out_of_frame, donor 128 bp -> out_of_frame)",0.0,0.0,0.0,0.0
pangolin,DDX3X,X-41344236-T-A,DDX3X,s3_10,loss,0.10000000149011612,41344239,3,161.0,,out_of_frame,skipping an exon of 161 bp,0.0,0.0,0.0,0.0
pangolin,DDX3X,X-41344237-A-G,DDX3X,pm12,loss,0.9100000262260437,41344239,2,161.0,,out_of_frame,skipping an exon of 161 bp,1.0,0.0,0.0,1.0
pangolin,DDX3X,X-41344238-G-T,DDX3X,pm12,loss,0.9100000262260437,41344239,1,161.0,,out_of_frame,skipping an exon of 161 bp,1.0,0.0,0.0,1.0
pangolin,DDX3X,X-41344400-G-A,DDX3X,pm12,loss,0.8700000047683716,41344399,-1,161.0,,out_of_frame,skipping an exon of 161 bp,1.0,0.0,0.0,1.0
pangolin,DDX3X,X-41344401-T-G,DDX3X,pm12,loss,0.8799999952316284,41344399,-2,161.0,,out_of_frame,skipping an exon of 161 bp,1.0,0.0,0.0,1.0
pangolin,DDX3X,X-41344402-A-G,DDX3X,s3_10,loss,0.49000000953674316,41344399,-3,161.0,,out_of_frame,skipping an exon of 161 bp,0.0,0.0,0.0,0.0
pangolin,DDX3X,X-41344402-A-T,DDX3X,s3_10,loss,0.6700000166893005,41344399,-3,161.0,,out_of_frame,skipping an exon of 161 bp,1.0,0.0,0.0,1.0
pangolin,DDX3X,X-41344402-A-C,DDX3X,s3_10,loss,0.7599999904632568,41344399,-3,161.0,,out_of_frame,skipping an exon of 161 bp,0.0,0.0,0.0,0.0
pangolin,DDX3X,X-41344404-G-C,DDX3X,s3_10,gain,0.7400000095367432,41344395,-9,,,undetermined,"Pangolin does not type the gained site and the two readings disagree (acceptor 156 bp -> in_frame, donor 4 bp -> out_of_frame)",0.0,0.0,0.0,0.0
pangolin,DDX3X,X-41344404-G-A,DDX3X,s3_10,loss,0.7300000190734863,41344399,-5,161.0,,out_of_frame,skipping an exon of 161 bp,0.0,0.0,0.0,0.0
pangolin,DDX3X,X-41344404-G-T,DDX3X,s3_10,loss,0.7799999713897705,41344399,-5,161.0,,out_of_frame,skipping an exon of 161 bp,0.0,0.0,0.0,0.0
pangolin,DDX3X,X-41345159-T-A,DDX3X,s11_50,gain,0.07999999821186066,41345154,-5,145.0,26.0,out_of_frame,"cryptic site, both readings agree (acceptor 26 bp -> out_of_frame, donor 170 bp -> out_of_frame)",0.0,0.0,0.0,0.0
pangolin,DDX3X,X-41345161-T-G,DDX3X,s11_50,gain,0.05999999865889549,41345154,-7,145.0,26.0,out_of_frame,"cryptic site, both readings agree (acceptor 26 bp -> out_of_frame, donor 170 bp -> out_of_frame)",0.0,0.0,0.0,0.0
pangolin,DDX3X,X-41345164-T-C,DDX3X,s11_50,gain,0.09000000357627869,41345154,-10,145.0,26.0,out_of_frame,"cryptic site, both readings agree (acceptor 26 bp -> out_of_frame, donor 170 bp -> out_of_frame)",0.0,0.0,0.0,0.0
pangolin,DDX3X,X-41345169-T-C,DDX3X,s11_50,gain,0.05000000074505806,41345154,-15,145.0,26.0,out_of_frame,"cryptic site, both readings agree (acceptor 26 bp -> out_of_frame, donor 170 bp -> out_of_frame)",0.0,0.0,0.0,0.0
pangolin,DDX3X,X-41345172-C-G,DDX3X,s3_10,gain,0.7300000190734863,41345173,1,145.0,7.0,out_of_frame,"cryptic site, both readings agree (acceptor 7 bp -> out_of_frame, donor 151 bp -> out_of_frame)",0.0,0.0,0.0,0.0
pangolin,DDX3X,X-41345174-T-A,DDX3X,s3_10,gain,0.7099999785423279,41345176,2,145.0,4.0,out_of_frame,"cryptic site, both readings agree (acceptor 4 bp -> out_of_frame, donor 148 bp -> out_of_frame)",0.0,0.0,0.0,0.0
pangolin,DDX3X,X-41345176-A-C,DDX3X,s3_10,gain,0.05000000074505806,41345154,-22,145.0,26.0,out_of_frame,"cryptic site, both readings agree (acceptor 26 bp -> out_of_frame, donor 170 bp -> out_of_frame)",0.0,0.0,0.0,0.0
pangolin,DDX3X,X-41345177-C-A,DDX3X,s3_10,loss,0.30000001192092896,41345180,3,145.0,,out_of_frame,skipping an exon of 145 bp,0.0,0.0,0.0,0.0
pangolin,DDX3X,X-41345177-C-G,DDX3X,s3_10,loss,0.7300000190734863,41345180,3,145.0,,out_of_frame,skipping an exon of 145 bp,0.0,0.0,0.0,0.0
pangolin,DDX3X,X-41345179-G-T,DDX3X,pm12,loss,0.8700000047683716,41345180,1,145.0,,out_of_frame,skipping an exon of 145 bp,1.0,0.0,0.0,1.0
pangolin,DDX3X,X-41345326-T-C,DDX3X,pm12,loss,0.8700000047683716,41345324,-2,145.0,,out_of_frame,skipping an exon of 145 bp,1.0,0.0,0.0,0.0
pangolin,DDX3X,X-41345327-A-T,DDX3X,s3_10,loss,0.7400000095367432,41345324,-3,145.0,,out_of_frame,skipping an exon of 145 bp,0.0,0.0,0.0,0.0
pangolin,DDX3X,X-41345327-A-C,DDX3X,s3_10,loss,0.800000011920929,41345324,-3,145.0,,out_of_frame,skipping an exon of 145 bp,0.0,0.0,0.0,0.0
pangolin,DDX3X,X-41345398-T-A,DDX3X,s3_10,loss,0.019999999552965164,41345404,6,145.0,,out_of_frame,skipping an exon of 145 bp,0.0,0.0,0.0,0.0
pangolin,DDX3X,X-41345398-T-G,DDX3X,s3_10,loss,0.029999999329447746,41345404,6,145.0,,out_of_frame,skipping an exon of 145 bp,0.0,0.0,0.0,0.0
pangolin,DDX3X,X-41345399-T-C,DDX3X,s3_10,loss,0.019999999552965164,41345404,5,145.0,,out_of_frame,skipping an exon of 145 bp,0.0,0.0,0.0,0.0
pangolin,DDX3X,X-41345399-T-A,DDX3X,s3_10,loss,0.03999999910593033,41345404,5,145.0,,out_of_frame,skipping an exon of 145 bp,0.0,0.0,0.0,0.0
pangolin,DDX3X,X-41345399-T-G,DDX3X,s3_10,loss,0.05000000074505806,41345404,5,145.0,,out_of_frame,skipping an exon of 145 bp,0.0,0.0,0.0,0.0
pangolin,DDX3X,X-41345401-C-A,DDX3X,s3_10,gain,0.1599999964237213,41345450,49,145.0,46.0,out_of_frame,"cryptic site, both readings agree (acceptor 46 bp -> out_of_frame, donor 98 bp -> out_of_frame)",0.0,0.0,0.0,0.0
pangolin,DDX3X,X-41345401-C-G,DDX3X,s3_10,gain,0.4699999988079071,41345450,49,145.0,46.0,out_of_frame,"cryptic site, both readings agree (acceptor 46 bp -> out_of_frame, donor 98 bp -> out_of_frame)",1.0,0.0,0.0,0.0
pangolin,DDX3X,X-41345402-A-T,DDX3X,pm12,loss,0.8999999761581421,41345404,2,145.0,,out_of_frame,skipping an exon of 145 bp,1.0,0.0,0.0,0.0
pangolin,DDX3X,X-41345402-A-G,DDX3X,pm12,loss,0.8899999856948853,41345404,2,145.0,,out_of_frame,skipping an exon of 145 bp,1.0,0.0,0.0,1.0
pangolin,DDX3X,X-41345550-T-C,DDX3X,pm12,loss,0.8100000023841858,41345548,-2,145.0,,out_of_frame,skipping an exon of 145 bp,0.0,0.0,0.0,0.0
pangolin,DDX3X,X-41345550-T-A,DDX3X,pm12,loss,0.8799999952316284,41345548,-2,145.0,,out_of_frame,skipping an exon of 145 bp,1.0,0.0,0.0,1.0
pangolin,DDX3X,X-41345550-T-G,DDX3X,pm12,loss,0.8799999952316284,41345548,-2,145.0,,out_of_frame,skipping an exon of 145 bp,0.0,0.0,0.0,0.0
pangolin,DDX3X,X-41345551-A-C,DDX3X,s3_10,loss,0.3199999928474426,41345548,-3,145.0,,out_of_frame,skipping an exon of 145 bp,0.0,0.0,0.0,0.0
pangolin,DDX3X,X-41346212-T-G,DDX3X,s11_50,loss,0.5899999737739563,41346229,17,182.0,,out_of_frame,skipping an exon of 182 bp,0.0,0.0,0.0,0.0
pangolin,DDX3X,X-41346214-A-G,DDX3X,s11_50,loss,0.6499999761581421,41346229,15,182.0,,out_of_frame,skipping an exon of 182 bp,0.0,0.0,0.0,0.0
pangolin,DDX3X,X-41346215-T-G,DDX3X,s11_50,loss,0.7099999785423279,41346229,14,182.0,,out_of_frame,skipping an exon of 182 bp,1.0,0.0,0.0,0.0
pangolin,DDX3X,X-41346222-A-G,DDX3X,s3_10,gain,0.8500000238418579,41346223,1,,,undetermined,"Pangolin does not type the gained site and the two readings disagree (acceptor 6 bp -> in_frame, donor 187 bp -> out_of_frame)",0.0,0.0,0.0,0.0
pangolin,DDX3X,X-41346223-C-A,DDX3X,s3_10,gain,0.8100000023841858,41346225,2,182.0,4.0,out_of_frame,"cryptic site, both readings agree (acceptor 4 bp -> out_of_frame, donor 185 bp -> out_of_frame)",0.0,0.0,0.0,0.0
pangolin,DDX3X,X-41346223-C-G,DDX3X,s3_10,gain,0.7300000190734863,41346224,1,,,undetermined,"Pangolin does not type the gained site and the two readings disagree (acceptor 5 bp -> out_of_frame, donor 186 bp -> in_frame)",1.0,0.0,0.0,0.0
pangolin,DDX3X,X-41346226-C-A,DDX3X,s3_10,loss,0.6200000047683716,41346229,3,182.0,,out_of_frame,skipping an exon of 182 bp,0.0,0.0,0.0,0.0
pangolin,DDX3X,X-41346226-C-G,DDX3X,s3_10,loss,0.8299999833106995,41346229,3,182.0,,out_of_frame,skipping an exon of 182 bp,0.0,0.0,0.0,0.0
pangolin,DDX3X,X-41346227-A-T,DDX3X,pm12,loss,0.8600000143051147,41346229,2,182.0,,out_of_frame,skipping an exon of 182 bp,1.0,0.0,0.0,1.0
pangolin,DDX3X,X-41346227-A-G,DDX3X,pm12,loss,0.8600000143051147,41346229,2,182.0,,out_of_frame,skipping an exon of 182 bp,1.0,0.0,0.0,1.0
pangolin,DDX3X,X-41346228-G-A,DDX3X,pm12,loss,0.8600000143051147,41346229,1,182.0,,out_of_frame,skipping an exon of 182 bp,1.0,0.0,0.0,1.0
pangolin,DDX3X,X-41346412-T-C,DDX3X,pm12,loss,0.8600000143051147,41346410,-2,182.0,,out_of_frame,skipping an exon of 182 bp,1.0,0.0,0.0,0.0
pangolin,DDX3X,X-41346413-A-G,DDX3X,s3_10,loss,0.5199999809265137,41346410,-3,182.0,,out_of_frame,skipping an exon of 182 bp,0.0,0.0,0.0,0.0
pangolin,DDX3X,X-41346413-A-T,DDX3X,s3_10,loss,0.6899999976158142,41346410,-3,182.0,,out_of_frame,skipping an exon of 182 bp,0.0,0.0,0.0,0.0
pangolin,DDX3X,X-41346413-A-C,DDX3X,s3_10,loss,0.7699999809265137,41346410,-3,182.0,,out_of_frame,skipping an exon of 182 bp,0.0,0.0,0.0,0.0
pangolin,DDX3X,X-41346414-T-G,DDX3X,s3_10,gain,0.7200000286102295,41346414,0,118.0,91.0,out_of_frame,"cryptic site, both readings agree (acceptor 91 bp -> out_of_frame, donor 4 bp -> out_of_frame)",0.0,0.0,0.0,0.0
pangolin,DDX3X,X-41346415-G-C,DDX3X,s3_10,loss,0.7900000214576721,41346410,-5,182.0,,out_of_frame,skipping an exon of 182 bp,0.0,0.0,0.0,0.0
pangolin,DDX3X,X-41346415-G-A,DDX3X,s3_10,loss,0.8500000238418579,41346410,-5,182.0,,out_of_frame,skipping an exon of 182 bp,0.0,0.0,0.0,0.0
pangolin,DDX3X,X-41346415-G-T,DDX3X,s3_10,loss,0.8600000143051147,41346410,-5,182.0,,out_of_frame,skipping an exon of 182 bp,0.0,0.0,0.0,0.0
pangolin,DDX3X,X-41346416-T-C,DDX3X,s3_10,loss,0.5799999833106995,41346410,-6,182.0,,out_of_frame,skipping an exon of 182 bp,0.0,0.0,0.0,0.0
pangolin,DDX3X,X-41346416-T-G,DDX3X,s3_10,loss,0.6600000262260437,41346410,-6,182.0,,out_of_frame,skipping an exon of 182 bp,0.0,0.0,0.0,0.0
pangolin,DDX3X,X-41346416-T-A,DDX3X,s3_10,loss,0.7300000190734863,41346410,-6,182.0,,out_of_frame,skipping an exon of 182 bp,0.0,0.0,0.0,0.0
pangolin,DDX3X,X-41346417-A-G,DDX3X,s3_10,loss,0.3499999940395355,41346410,-7,182.0,,out_of_frame,skipping an exon of 182 bp,0.0,0.0,0.0,0.0
pangolin,DDX3X,X-41346419-A-G,DDX3X,s3_10,gain,0.20000000298023224,41346414,-5,118.0,91.0,out_of_frame,"cryptic site, both readings agree (acceptor 91 bp -> out_of_frame, donor 4 bp -> out_of_frame)",0.0,0.0,0.0,0.0
pangolin,DDX3X,X-41346481-T-G,DDX3X,s11_50,loss,0.11999999731779099,41346494,13,,,undetermined,predicted loss does not sit on an internal exon boundary of this transcript,0.0,0.0,0.0,0.0
pangolin,DDX3X,X-41346483-T-A,DDX3X,s11_50,loss,0.05999999865889549,41346494,11,,,undetermined,predicted loss does not sit on an internal exon boundary of this transcript,0.0,0.0,0.0,0.0
pangolin,DDX3X,X-41346483-T-G,DDX3X,s11_50,loss,0.11999999731779099,41346494,11,,,undetermined,predicted loss does not sit on an internal exon boundary of this transcript,0.0,0.0,0.0,0.0
pangolin,DDX3X,X-41346484-C-T,DDX3X,s11_50,loss,0.07999999821186066,41346505,21,118.0,,out_of_frame,skipping an exon of 118 bp,0.0,0.0,0.0,0.0
pangolin,DDX3X,X-41346484-C-G,DDX3X,s11_50,loss,0.18000000715255737,41346505,21,118.0,,out_of_frame,skipping an exon of 118 bp,0.0,0.0,0.0,0.0
pangolin,DDX3X,X-41346484-C-A,DDX3X,s11_50,loss,0.10000000149011612,41346505,21,118.0,,out_of_frame,skipping an exon of 118 bp,0.0,0.0,0.0,0.0
pangolin,DDX3X,X-41346485-T-C,DDX3X,s11_50,loss,0.20000000298023224,41346505,20,118.0,,out_of_frame,skipping an exon of 118 bp,0.0,0.0,0.0,0.0
pangolin,DDX3X,X-41346485-T-G,DDX3X,s11_50,loss,0.2199999988079071,41346505,20,118.0,,out_of_frame,skipping an exon of 118 bp,0.0,0.0,0.0,0.0
pangolin,DDX3X,X-41346486-C-A,DDX3X,s11_50,loss,0.10999999940395355,41346494,8,,,undetermined,predicted loss does not sit on an internal exon boundary of this transcript,0.0,0.0,0.0,0.0
pangolin,DDX3X,X-41346487-A-T,DDX3X,s11_50,loss,0.41999998688697815,41346505,18,118.0,,out_of_frame,skipping an exon of 118 bp,0.0,0.0,0.0,0.0
pangolin,DDX3X,X-41346487-A-C,DDX3X,s11_50,loss,0.4300000071525574,41346505,18,118.0,,out_of_frame,skipping an exon of 118 bp,0.0,0.0,0.0,0.0
pangolin,DDX3X,X-41346487-A-G,DDX3X,s11_50,loss,0.38999998569488525,41346505,18,118.0,,out_of_frame,skipping an exon of 118 bp,0.0,0.0,0.0,0.0
pangolin,DDX3X,X-41346488-T-G,DDX3X,s11_50,loss,0.11999999731779099,41346494,6,,,undetermined,predicted loss does not sit on an internal exon boundary of this transcript,0.0,0.0,0.0,0.0
pangolin,DDX3X,X-41346489-A-T,DDX3X,s11_50,loss,0.05000000074505806,41346505,16,118.0,,out_of_frame,skipping an exon of 118 bp,0.0,0.0,0.0,0.0
pangolin,DDX3X,X-41346490-A-T,DDX3X,s11_50,loss,0.05000000074505806,41346494,4,,,undetermined,predicted loss does not sit on an internal exon boundary of this transcript,0.0,0.0,0.0,0.0
pangolin,DDX3X,X-41346490-A-C,DDX3X,s11_50,loss,0.07999999821186066,41346494,4,,,undetermined,predicted loss does not sit on an internal exon boundary of this transcript,0.0,0.0,0.0,0.0
pangolin,DDX3X,X-41346490-A-G,DDX3X,s11_50,loss,0.11999999731779099,41346494,4,,,undetermined,predicted loss does not sit on an internal exon boundary of this transcript,0.0,0.0,0.0,0.0
pangolin,DDX3X,X-41346491-A-T,DDX3X,s11_50,loss,0.07000000029802322,41346505,14,118.0,,out_of_frame,skipping an exon of 118 bp,0.0,0.0,0.0,0.0
pangolin,DDX3X,X-41346491-A-C,DDX3X,s11_50,loss,0.10000000149011612,41346505,14,118.0,,out_of_frame,skipping an exon of 118 bp,0.0,0.0,0.0,0.0
pangolin,DDX3X,X-41346491-A-G,DDX3X,s11_50,loss,0.1899999976158142,41346494,3,,,undetermined,predicted loss does not sit on an internal exon boundary of this transcript,0.0,0.0,0.0,0.0
pangolin,DDX3X,X-41346492-A-T,DDX3X,s11_50,loss,0.25,41346494,2,,,undetermined,predicted loss does not sit on an internal exon boundary of this transcript,0.0,0.0,0.0,0.0
pangolin,DDX3X,X-41346492-A-C,DDX3X,s11_50,loss,0.25,41346494,2,,,undetermined,predicted loss does not sit on an internal exon boundary of this transcript,0.0,0.0,0.0,0.0
pangolin,DDX3X,X-41346492-A-G,DDX3X,s11_50,loss,0.25,41346494,2,,,undetermined,predicted loss does not sit on an internal exon boundary of this transcript,0.0,0.0,0.0,0.0
pangolin,DDX3X,X-41346493-G-T,DDX3X,s11_50,loss,0.25,41346494,1,,,undetermined,predicted loss does not sit on an internal exon boundary of this transcript,0.0,0.0,0.0,0.0
pangolin,DDX3X,X-41346493-G-C,DDX3X,s11_50,loss,0.25,41346494,1,,,undetermined,predicted loss does not sit on an internal exon boundary of this transcript,0.0,0.0,0.0,0.0
pangolin,DDX3X,X-41346493-G-A,DDX3X,s11_50,loss,0.25,41346494,1,,,undetermined,predicted loss does not sit on an internal exon boundary of this transcript,0.0,0.0,0.0,0.0
pangolin,DDX3X,X-41346497-T-G,DDX3X,s3_10,loss,0.6899999976158142,41346505,8,118.0,,out_of_frame,skipping an exon of 118 bp,1.0,0.0,0.0,1.0
pangolin,DDX3X,X-41346499-T-A,DDX3X,s3_10,loss,0.25999999046325684,41346505,6,118.0,,out_of_frame,skipping an exon of 118 bp,0.0,0.0,0.0,0.0
pangolin,DDX3X,X-41346499-T-G,DDX3X,s3_10,loss,0.2800000011920929,41346505,6,118.0,,out_of_frame,skipping an exon of 118 bp,0.0,0.0,0.0,0.0
pangolin,DDX3X,X-41346500-T-G,DDX3X,s3_10,gain,0.20999999344348907,41346509,9,,,undetermined,"Pangolin does not type the gained site and the two readings disagree (acceptor 4 bp -> out_of_frame, donor 99 bp -> in_frame)",0.0,0.0,0.0,0.0
pangolin,DDX3X,X-41346501-C-A,DDX3X,s3_10,gain,0.0,41346503,2,,,undetermined,"Pangolin does not type the gained site and the two readings disagree (acceptor 2 bp -> out_of_frame, donor 93 bp -> in_frame)",0.0,0.0,0.0,0.0
pangolin,DDX3X,X-41346501-C-G,DDX3X,s3_10,loss,0.009999999776482582,41346494,-7,,,undetermined,predicted loss does not sit on an internal exon boundary of this transcript,0.0,0.0,0.0,0.0
pangolin,DDX3X,X-41346502-C-G,DDX3X,s3_10,loss,0.7400000095367432,41346505,3,118.0,,out_of_frame,skipping an exon of 118 bp,0.0,0.0,0.0,0.0
pangolin,DDX3X,X-41346503-A-G,DDX3X,pm12,loss,0.8799999952316284,41346505,2,118.0,,out_of_frame,skipping an exon of 118 bp,1.0,0.0,0.0,1.0
pangolin,DDX3X,X-41346623-G-A,DDX3X,pm12,loss,0.8100000023841858,41346622,-1,118.0,,out_of_frame,skipping an exon of 118 bp,0.0,0.0,0.0,0.0
pangolin,DDX3X,X-41346623-G-T,DDX3X,pm12,loss,0.8799999952316284,41346622,-1,118.0,,out_of_frame,skipping an exon of 118 bp,0.0,0.0,0.0,0.0
pangolin,DDX3X,X-41346624-T-A,DDX3X,pm12,loss,0.8600000143051147,41346622,-2,118.0,,out_of_frame,skipping an exon of 118 bp,0.0,0.0,0.0,1.0
pangolin,DDX3X,X-41346624-T-G,DDX3X,pm12,loss,0.7900000214576721,41346622,-2,118.0,,out_of_frame,skipping an exon of 118 bp,0.0,0.0,0.0,0.0
pangolin,DDX3X,X-41346834-T-G,DDX3X,s11_50,loss,0.07000000029802322,41346859,25,154.0,,out_of_frame,skipping an exon of 154 bp,0.0,0.0,0.0,0.0
pangolin,DDX3X,X-41346838-C-G,DDX3X,s11_50,gain,0.03999999910593033,41346839,1,154.0,20.0,out_of_frame,"cryptic site, both readings agree (acceptor 20 bp -> out_of_frame, donor 173 bp -> out_of_frame)",0.0,0.0,0.0,0.0
pangolin,DDX3X,X-41346845-G-A,DDX3X,s11_50,gain,0.8600000143051147,41346847,2,154.0,12.0,in_frame,"cryptic site, both readings agree (acceptor 12 bp -> in_frame, donor 165 bp -> in_frame)",1.0,0.0,0.0,1.0
pangolin,DDX3X,X-41346846-G-A,DDX3X,s11_50,gain,0.5899999737739563,41346848,2,154.0,11.0,out_of_frame,"cryptic site, both readings agree (acceptor 11 bp -> out_of_frame, donor 164 bp -> out_of_frame)",0.0,0.0,0.0,0.0
pangolin,DDX3X,X-41346849-A-G,DDX3X,s3_10,gain,0.5299999713897705,41346850,1,154.0,9.0,in_frame,"cryptic site, both readings agree (acceptor 9 bp -> in_frame, donor 162 bp -> in_frame)",0.0,0.0,0.0,0.0
pangolin,DDX3X,X-41346850-C-G,DDX3X,s3_10,gain,0.7799999713897705,41346851,1,154.0,8.0,out_of_frame,"cryptic site, both readings agree (acceptor 8 bp -> out_of_frame, donor 161 bp -> out_of_frame)",0.0,0.0,0.0,0.0
pangolin,DDX3X,X-41346851-T-G,DDX3X,s3_10,loss,0.14000000059604645,41346859,8,154.0,,out_of_frame,skipping an exon of 154 bp,0.0,0.0,0.0,0.0
pangolin,DDX3X,X-41346851-T-A,DDX3X,s3_10,loss,0.12999999523162842,41346859,8,154.0,,out_of_frame,skipping an exon of 154 bp,0.0,0.0,0.0,0.0
pangolin,DDX3X,X-41346853-T-A,DDX3X,s3_10,loss,0.14000000059604645,41346859,6,154.0,,out_of_frame,skipping an exon of 154 bp,0.0,0.0,0.0,0.0
pangolin,DDX3X,X-41346853-T-G,DDX3X,s3_10,loss,0.17000000178813934,41346859,6,154.0,,out_of_frame,skipping an exon of 154 bp,0.0,0.0,0.0,0.0
pangolin,DDX3X,X-41346854-T-C,DDX3X,s3_10,loss,0.05000000074505806,41346859,5,154.0,,out_of_frame,skipping an exon of 154 bp,0.0,0.0,0.0,0.0
pangolin,DDX3X,X-41346854-T-A,DDX3X,s3_10,loss,0.17000000178813934,41346859,5,154.0,,out_of_frame,skipping an exon of 154 bp,0.0,0.0,0.0,0.0
pangolin,DDX3X,X-41346854-T-G,DDX3X,s3_10,loss,0.23000000417232513,41346859,5,154.0,,out_of_frame,skipping an exon of 154 bp,0.0,0.0,0.0,0.0
pangolin,DDX3X,X-41346856-T-A,DDX3X,s3_10,loss,0.25,41346859,3,154.0,,out_of_frame,skipping an exon of 154 bp,0.0,0.0,0.0,0.0
pangolin,DDX3X,X-41347014-T-G,DDX3X,pm12,loss,0.8999999761581421,41347012,-2,154.0,,out_of_frame,skipping an exon of 154 bp,1.0,0.0,0.0,1.0
pangolin,DDX3X,X-41347015-G-T,DDX3X,s3_10,gain,0.17000000178813934,41347017,2,154.0,158.0,out_of_frame,"cryptic site, both readings agree (acceptor 158 bp -> out_of_frame, donor 5 bp -> out_of_frame)",0.0,0.0,0.0,0.0
pangolin,DDX3X,X-41347015-G-C,DDX3X,s3_10,gain,0.6899999976158142,41347017,2,154.0,158.0,out_of_frame,"cryptic site, both readings agree (acceptor 158 bp -> out_of_frame, donor 5 bp -> out_of_frame)",0.0,0.0,0.0,0.0
pangolin,DDX3X,X-41347016-A-C,DDX3X,s3_10,gain,0.009999999776482582,41346987,-29,154.0,128.0,out_of_frame,"cryptic site, both readings agree (acceptor 128 bp -> out_of_frame, donor 25 bp -> out_of_frame)",0.0,0.0,0.0,0.0
pangolin,DDX3X,X-41347016-A-T,DDX3X,s3_10,loss,0.03999999910593033,41347012,-4,154.0,,out_of_frame,skipping an exon of 154 bp,0.0,0.0,0.0,0.0
pangolin,DDX3X,X-41347016-A-G,DDX3X,s3_10,loss,0.05999999865889549,41347012,-4,154.0,,out_of_frame,skipping an exon of 154 bp,0.0,0.0,0.0,0.0
pangolin,DDX3X,X-41347017-G-C,DDX3X,s3_10,loss,0.03999999910593033,41347012,-5,154.0,,out_of_frame,skipping an exon of 154 bp,0.0,0.0,0.0,0.0
pangolin,DDX3X,X-41347017-G-A,DDX3X,s3_10,loss,0.019999999552965164,41347012,-5,154.0,,out_of_frame,skipping an exon of 154 bp,0.0,0.0,0.0,0.0
pangolin,DDX3X,X-41347017-G-T,DDX3X,s3_10,loss,0.019999999552965164,41347012,-5,154.0,,out_of_frame,skipping an exon of 154 bp,0.0,0.0,0.0,0.0
pangolin,DDX3X,X-41347018-G-T,DDX3X,s3_10,gain,0.0,41347016,-2,154.0,157.0,out_of_frame,"cryptic site, both readings agree (acceptor 157 bp -> out_of_frame, donor 4 bp -> out_of_frame)",0.0,0.0,0.0,0.0
pangolin,DDX3X,X-41347018-G-C,DDX3X,s3_10,gain,0.0,41347021,3,154.0,162.0,in_frame,"cryptic site, both readings agree (acceptor 162 bp -> in_frame, donor 9 bp -> in_frame)",0.0,0.0,0.0,0.0
pangolin,DDX3X,X-41347018-G-A,DDX3X,s3_10,gain,0.0,41347021,3,154.0,162.0,in_frame,"cryptic site, both readings agree (acceptor 162 bp -> in_frame, donor 9 bp -> in_frame)",0.0,0.0,0.0,0.0
pangolin,DDX3X,X-41347019-T-A,DDX3X,s3_10,gain,0.0,41347021,2,154.0,162.0,in_frame,"cryptic site, both readings agree (acceptor 162 bp -> in_frame, donor 9 bp -> in_frame)",0.0,0.0,0.0,0.0
pangolin,DDX3X,X-41347019-T-C,DDX3X,s3_10,gain,0.0,41347021,2,154.0,162.0,in_frame,"cryptic site, both readings agree (acceptor 162 bp -> in_frame, donor 9 bp -> in_frame)",0.0,0.0,0.0,0.0
pangolin,DDX3X,X-41347019-T-G,DDX3X,s3_10,gain,0.0,41347007,-12,154.0,148.0,out_of_frame,"cryptic site, both readings agree (acceptor 148 bp -> out_of_frame, donor 5 bp -> out_of_frame)",0.0,0.0,0.0,0.0
pangolin,DDX3X,X-41347020-A-T,DDX3X,s3_10,gain,0.0,41347007,-13,154.0,148.0,out_of_frame,"cryptic site, both readings agree (acceptor 148 bp -> out_of_frame, donor 5 bp -> out_of_frame)",0.0,0.0,0.0,0.0
pangolin,DDX3X,X-41347020-A-C,DDX3X,s3_10,gain,0.0,41347007,-13,154.0,148.0,out_of_frame,"cryptic site, both readings agree (acceptor 148 bp -> out_of_frame, donor 5 bp -> out_of_frame)",0.0,0.0,0.0,0.0
pangolin,DDX3X,X-41347020-A-G,DDX3X,s3_10,gain,0.0,41347019,-1,154.0,160.0,out_of_frame,"cryptic site, both readings agree (acceptor 160 bp -> out_of_frame, donor 7 bp -> out_of_frame)",0.0,0.0,0.0,0.0
pangolin,DDX3X,X-41347021-T-A,DDX3X,s3_10,gain,0.09000000357627869,41347017,-4,154.0,158.0,out_of_frame,"cryptic site, both readings agree (acceptor 158 bp -> out_of_frame, donor 5 bp -> out_of_frame)",0.0,0.0,0.0,0.0
pangolin,DDX3X,X-41347022-A-G,DDX3X,s3_10,gain,0.47999998927116394,41347017,-5,154.0,158.0,out_of_frame,"cryptic site, both readings agree (acceptor 158 bp -> out_of_frame, donor 5 bp -> out_of_frame)",0.0,0.0,0.0,0.0
pangolin,DDX3X,X-41347023-A-T,DDX3X,s11_50,gain,0.07000000029802322,41347017,-6,154.0,158.0,out_of_frame,"cryptic site, both readings agree (acceptor 158 bp -> out_of_frame, donor 5 bp -> out_of_frame)",0.0,0.0,0.0,0.0
pangolin,DDX3X,X-41347307-T-G,DDX3X,s3_10,loss,0.1599999964237213,41347312,5,140.0,,out_of_frame,skipping an exon of 140 bp,0.0,0.0,0.0,0.0
pangolin,DDX3X,X-41347308-A-C,DDX3X,s3_10,gain,0.05000000074505806,41347318,10,,,undetermined,"Pangolin does not type the gained site and the two readings disagree (acceptor 6 bp -> in_frame, donor 133 bp -> out_of_frame)",0.0,0.0,0.0,0.0
pangolin,DDX3X,X-41347309-T-A,DDX3X,s3_10,loss,0.15000000596046448,41347312,3,140.0,,out_of_frame,skipping an exon of 140 bp,0.0,0.0,0.0,0.0
pangolin,DDX3X,X-41347309-T-G,DDX3X,s3_10,loss,0.8299999833106995,41347312,3,140.0,,out_of_frame,skipping an exon of 140 bp,0.0,0.0,0.0,0.0
pangolin,DDX3X,X-41347310-A-T,DDX3X,pm12,loss,0.8500000238418579,41347312,2,140.0,,out_of_frame,skipping an exon of 140 bp,0.0,0.0,0.0,0.0
pangolin,DDX3X,X-41347310-A-C,DDX3X,pm12,loss,0.8500000238418579,41347312,2,140.0,,out_of_frame,skipping an exon of 140 bp,0.0,0.0,0.0,0.0
pangolin,DDX3X,X-41347310-A-G,DDX3X,pm12,loss,0.8500000238418579,41347312,2,140.0,,out_of_frame,skipping an exon of 140 bp,0.0,0.0,0.0,0.0
pangolin,DDX3X,X-41347311-G-C,DDX3X,pm12,loss,0.8500000238418579,41347312,1,140.0,,out_of_frame,skipping an exon of 140 bp,0.0,0.0,0.0,0.0
pangolin,DDX3X,X-41347311-G-A,DDX3X,pm12,loss,0.8500000238418579,41347312,1,140.0,,out_of_frame,skipping an exon of 140 bp,0.0,0.0,0.0,0.0
pangolin,DDX3X,X-41347311-G-T,DDX3X,pm12,loss,0.8500000238418579,41347312,1,140.0,,out_of_frame,skipping an exon of 140 bp,0.0,0.0,0.0,0.0
pangolin,DDX3X,X-41347452-G-A,DDX3X,pm12,loss,0.8899999856948853,41347451,-1,140.0,,out_of_frame,skipping an exon of 140 bp,0.0,0.0,0.0,0.0
pangolin,DDX3X,X-41347452-G-C,DDX3X,pm12,loss,0.8899999856948853,41347451,-1,140.0,,out_of_frame,skipping an exon of 140 bp,0.0,0.0,0.0,0.0
pangolin,DDX3X,X-41347452-G-T,DDX3X,pm12,loss,0.8899999856948853,41347451,-1,140.0,,out_of_frame,skipping an exon of 140 bp,1.0,0.0,0.0,0.0
pangolin,DDX3X,X-41347453-T-C,DDX3X,pm12,loss,0.8799999952316284,41347451,-2,140.0,,out_of_frame,skipping an exon of 140 bp,0.0,0.0,0.0,0.0
pangolin,DDX3X,X-41347453-T-A,DDX3X,pm12,loss,0.8899999856948853,41347451,-2,140.0,,out_of_frame,skipping an exon of 140 bp,0.0,0.0,0.0,0.0
pangolin,DDX3X,X-41347453-T-G,DDX3X,pm12,loss,0.8899999856948853,41347451,-2,140.0,,out_of_frame,skipping an exon of 140 bp,0.0,0.0,0.0,0.0
pangolin,DDX3X,X-41347454-A-G,DDX3X,s3_10,loss,0.41999998688697815,41347451,-3,140.0,,out_of_frame,skipping an exon of 140 bp,0.0,0.0,0.0,0.0
pangolin,DDX3X,X-41347454-A-T,DDX3X,s3_10,loss,0.4099999964237213,41347451,-3,140.0,,out_of_frame,skipping an exon of 140 bp,0.0,0.0,0.0,0.0
pangolin,DDX3X,X-41347454-A-C,DDX3X,s3_10,loss,0.550000011920929,41347451,-3,140.0,,out_of_frame,skipping an exon of 140 bp,0.0,0.0,0.0,0.0
pangolin,DDX3X,X-41347457-G-A,DDX3X,s3_10,gain,0.009999999776482582,41347445,-12,,,undetermined,"Pangolin does not type the gained site and the two readings disagree (acceptor 133 bp -> out_of_frame, donor 6 bp -> in_frame)",0.0,0.0,0.0,0.0
pangolin,DDX3X,X-41347458-T-G,DDX3X,s3_10,gain,0.20999999344348907,41347457,-1,,,undetermined,"Pangolin does not type the gained site and the two readings disagree (acceptor 145 bp -> out_of_frame, donor 6 bp -> in_frame)",0.0,0.0,0.0,0.0
pangolin,DDX3X,X-41347464-T-G,DDX3X,s11_50,gain,0.4099999964237213,41347464,0,140.0,152.0,out_of_frame,"cryptic site, both readings agree (acceptor 152 bp -> out_of_frame, donor 13 bp -> out_of_frame)",0.0,0.0,0.0,0.0
pangolin,DDX3X,X-41347619-T-A,DDX3X,s11_50,loss,0.30000001192092896,41347640,21,2635.0,,out_of_frame,skipping an exon of 2635 bp,0.0,,0.0,0.0
pangolin,DDX3X,X-41347619-T-G,DDX3X,s11_50,loss,0.33000001311302185,41347640,21,2635.0,,out_of_frame,skipping an exon of 2635 bp,0.0,,0.0,0.0
pangolin,DDX3X,X-41347627-A-G,DDX3X,s11_50,loss,0.7699999809265137,41347640,13,2635.0,,out_of_frame,skipping an exon of 2635 bp,0.0,,1.0,0.0
pangolin,DDX3X,X-41347628-A-G,DDX3X,s11_50,loss,0.7300000190734863,41347640,12,2635.0,,out_of_frame,skipping an exon of 2635 bp,0.0,,0.0,0.0
pangolin,DDX3X,X-41347629-T-G,DDX3X,s11_50,loss,0.7799999713897705,41347640,11,2635.0,,out_of_frame,skipping an exon of 2635 bp,0.0,,1.0,1.0
pangolin,DDX3X,X-41347636-T-G,DDX3X,s3_10,gain,0.4699999988079071,41347637,1,2635.0,3.0,in_frame,"cryptic site, both readings agree (acceptor 3 bp -> in_frame, donor 186 bp -> in_frame)",0.0,,0.0,0.0
pangolin,DDX3X,X-41347637-T-A,DDX3X,s3_10,loss,0.3799999952316284,41347640,3,2635.0,,out_of_frame,skipping an exon of 2635 bp,0.0,,0.0,0.0
pangolin,DDX3X,X-41347637-T-G,DDX3X,s3_10,loss,0.699999988079071,41347640,3,2635.0,,out_of_frame,skipping an exon of 2635 bp,0.0,,0.0,0.0
pangolin,DDX3X,X-41347638-A-T,DDX3X,pm12,loss,0.800000011920929,41347640,2,2635.0,,out_of_frame,skipping an exon of 2635 bp,0.0,,0.0,0.0
pangolin,DDX3X,X-41347638-A-C,DDX3X,pm12,loss,0.7900000214576721,41347640,2,2635.0,,out_of_frame,skipping an exon of 2635 bp,0.0,,1.0,0.0
pangolin,DDX3X,X-41347638-A-G,DDX3X,pm12,loss,0.800000011920929,41347640,2,2635.0,,out_of_frame,skipping an exon of 2635 bp,0.0,,1.0,0.0
pangolin,DDX3X,X-41347639-G-T,DDX3X,pm12,loss,0.800000011920929,41347640,1,2635.0,,out_of_frame,skipping an exon of 2635 bp,0.0,,1.0,0.0
pangolin,DDX3X,X-41347639-G-C,DDX3X,pm12,loss,0.7900000214576721,41347640,1,2635.0,,out_of_frame,skipping an exon of 2635 bp,0.0,,1.0,0.0
pangolin,DDX3X,X-41347639-G-A,DDX3X,pm12,loss,0.800000011920929,41347640,1,2635.0,,out_of_frame,skipping an exon of 2635 bp,0.0,,0.0,0.0
