tool,stratum,score,eps,n_damaging_in_window,n_normal_in_window,local_lr,lr_lo_gene_boot,lr_hi_gene_boot,lr_hi_bootstrap_only,lr_lo_variant_boot,lr_hi_variant_boot
phylop,s3_50,-4.944,2.91723,1,100,0.08574842767295597,0.0,0.26280658940006985,0.26280658940006985,0.0,0.2574419424506614
phylop,s3_50,-4.134,2.1072300000000004,1,100,0.08574842767295597,0.0,0.26280658940006985,0.26280658940006985,0.0,0.2574419424506614
phylop,s3_50,-3.91137,1.8845999999999998,1,100,0.08574842767295597,0.0,0.26280658940006985,0.26280658940006985,0.0,0.2574419424506614
phylop,s3_50,-3.80006,1.7732900000000003,1,100,0.08574842767295597,0.0,0.26280658940006985,0.26280658940006985,0.0,0.2574419424506614
phylop,s3_50,-3.66539,1.63862,1,100,0.08574842767295597,0.0,0.26280658940006985,0.26280658940006985,0.0,0.2574419424506614
phylop,s3_50,-3.61161,1.5848400000000002,1,100,0.08574842767295597,0.0,0.26280658940006985,0.26280658940006985,0.0,0.2574419424506614
phylop,s3_50,-3.57887,1.5521000000000003,1,100,0.08574842767295597,0.0,0.26280658940006985,0.26280658940006985,0.0,0.2574419424506614
phylop,s3_50,-3.56509,1.5383200000000001,1,100,0.08574842767295597,0.0,0.26280658940006985,0.26280658940006985,0.0,0.2574419424506614
phylop,s3_50,-3.54491,1.5181399999999998,1,100,0.08574842767295597,0.0,0.26280658940006985,0.26280658940006985,0.0,0.2574419424506614
phylop,s3_50,-3.38413,1.37973,1,100,0.08574842767295597,0.0,0.2628170219286756,0.2628170219286756,0.0,0.2587398064815988
phylop,s3_50,-3.09924,1.09484,1,100,0.08574842767295597,0.0,0.2628170219286756,0.2628170219286756,0.0,0.2587398064815988
phylop,s3_50,-2.98423,1.04377,1,103,0.08325090065335532,0.0,0.2603862485276379,0.2603862485276379,0.0,0.25012677869073824
phylop,s3_50,-2.89557,0.9551100000000001,1,100,0.08574842767295597,0.0,0.266124308493329,0.266124308493329,0.0,0.25793611878747713
phylop,s3_50,-2.88281,0.94235,1,100,0.08574842767295597,0.0,0.266124308493329,0.266124308493329,0.0,0.25793611878747713
phylop,s3_50,-2.87121,0.93075,1,100,0.08574842767295597,0.0,0.266124308493329,0.266124308493329,0.0,0.25793611878747713
phylop,s3_50,-2.80774,0.8879499999999998,1,100,0.08574842767295597,0.0,0.26449160215485923,0.26449160215485923,0.0,0.2583839734968634
phylop,s3_50,-2.57282,0.8113099999999998,1,100,0.08574842767295597,0.0,0.2883617494440326,0.2883617494440326,0.0,0.2604420080653963
phylop,s3_50,-2.52888,0.7957799999999999,1,100,0.08574842767295597,0.0,0.28410632786480816,0.28410632786480816,0.0,0.258739174620007
phylop,s3_50,-2.49627,0.7631699999999999,1,100,0.08574842767295597,0.0,0.28410632786480816,0.28410632786480816,0.0,0.258739174620007
phylop,s3_50,-2.48584,0.75274,1,100,0.08574842767295597,0.0,0.28410632786480816,0.28410632786480816,0.0,0.258739174620007
phylop,s3_50,-2.44539,0.7122900000000001,1,100,0.08574842767295597,0.0,0.28410632786480816,0.28410632786480816,0.0,0.258739174620007
phylop,s3_50,-2.43679,0.7036899999999997,1,100,0.08574842767295597,0.0,0.28410632786480816,0.28410632786480816,0.0,0.258739174620007
phylop,s3_50,-2.41852,0.6854199999999999,1,100,0.08574842767295597,0.0,0.28410632786480816,0.28410632786480816,0.0,0.258739174620007
phylop,s3_50,-2.3659,0.6360899999999998,1,101,0.08489943333956038,0.0,0.2769795918367347,0.2769795918367347,0.0,0.25660164586212075
phylop,s3_50,-2.35739,0.62758,1,101,0.08489943333956038,0.0,0.2769795918367347,0.2769795918367347,0.0,0.25660164586212075
phylop,s3_50,-2.35296,0.6312700000000002,1,101,0.08489943333956038,0.0,0.2769795918367347,0.2769795918367347,0.0,0.25660164586212075
phylop,s3_50,-2.35264,0.6315900000000001,1,101,0.08489943333956038,0.0,0.2769795918367347,0.2769795918367347,0.0,0.25660164586212075
phylop,s3_50,-2.33957,0.6219200000000003,1,101,0.08489943333956038,0.0,0.28597843247278004,0.28597843247278004,0.0,0.25659562432595184
phylop,s3_50,-2.23894,0.55488,1,101,0.08489943333956038,0.0,0.3094529216174297,0.3094529216174297,0.0,0.25704241767235997
phylop,s3_50,-2.22893,0.5448700000000002,1,101,0.08489943333956038,0.0,0.3094529216174297,0.3094529216174297,0.0,0.25704241767235997
phylop,s3_50,-2.18597,0.5019100000000003,1,101,0.08489943333956038,0.0,0.3094529216174297,0.3094529216174297,0.0,0.25704241767235997
phylop,s3_50,-2.16559,0.48153,1,101,0.08489943333956038,0.0,0.3094529216174297,0.3094529216174297,0.0,0.25704241767235997
phylop,s3_50,-2.07841,0.4178600000000001,1,100,0.08574842767295597,0.0,0.3094181373405556,0.3094181373405556,0.0,0.25908637365202875
phylop,s3_50,-2.03657,0.40534000000000026,1,99,0.08661457340702623,0.0,0.2825558027697452,0.2825558027697452,0.0,0.2631461054409295
phylop,s3_50,-2.02677,0.40001,1,99,0.08661457340702623,0.0,0.2627546546096081,0.2627546546096081,0.0,0.2639159354900796
phylop,s3_50,-2.0044,0.3939999999999999,1,99,0.08661457340702623,0.0,0.25560342773922945,0.25560342773922945,0.0,0.2633561957138238
phylop,s3_50,-1.94046,0.3822700000000001,1,99,0.08661457340702623,0.0,0.25592105263157894,0.25592105263157894,0.0,0.26228842246633827
phylop,s3_50,-1.91979,0.36160000000000014,1,99,0.08661457340702623,0.0,0.25592105263157894,0.25592105263157894,0.0,0.26228842246633827
phylop,s3_50,-1.86798,0.32115000000000005,2,99,0.17322914681405246,0.0,0.348766133717259,0.348766133717259,0.0,0.4073073003400141
phylop,s3_50,-1.81582,0.27598999999999996,2,99,0.17322914681405246,0.0,0.3637426531899601,0.3637426531899601,0.0,0.40662283095056184
phylop,s3_50,-1.81468,0.27485000000000004,2,99,0.17322914681405246,0.0,0.3637426531899601,0.3637426531899601,0.0,0.40662283095056184
phylop,s3_50,-1.79213,0.2526299999999999,2,98,0.1749967911692979,0.0,0.3763440860215054,0.3763440860215054,0.0,0.4112197776438281
phylop,s3_50,-1.76173,0.23340000000000005,1,99,0.08661457340702623,0.0,0.20687005123428037,0.20687005123428037,0.0,0.26134835207828117
phylop,s3_50,-1.7331,0.20736,1,99,0.08661457340702623,0.0,0.20687005123428037,0.20687005123428037,0.0,0.26134835207828117
phylop,s3_50,-1.72981,0.21065,1,99,0.08661457340702623,0.0,0.20687005123428037,0.20687005123428037,0.0,0.26134835207828117
phylop,s3_50,-1.71765,0.2198199999999999,1,99,0.08661457340702623,0.0,0.20135755957684878,0.20135755957684878,0.0,0.2615776389425155
phylop,s3_50,-1.7151,0.21727000000000007,1,99,0.08661457340702623,0.0,0.20135755957684878,0.20135755957684878,0.0,0.2615776389425155
phylop,s3_50,-1.71446,0.2166300000000001,1,99,0.08661457340702623,0.0,0.20135755957684878,0.20135755957684878,0.0,0.2615776389425155
phylop,s3_50,-1.69925,0.21402999999999994,1,99,0.08661457340702623,0.0,0.2016915269875442,0.2016915269875442,0.0,0.2631633204741574
phylop,s3_50,-1.68406,0.1988399999999999,1,99,0.08661457340702623,0.0,0.2016915269875442,0.2016915269875442,0.0,0.2631633204741574
phylop,s3_50,-1.68083,0.19561000000000006,1,99,0.08661457340702623,0.0,0.2016915269875442,0.2016915269875442,0.0,0.2631633204741574
phylop,s3_50,-1.66196,0.19934000000000007,1,105,0.08166516921233902,0.0,0.195359727549323,0.195359727549323,0.0,0.24747605340949996
phylop,s3_50,-1.65865,0.19602999999999993,1,105,0.08166516921233902,0.0,0.195359727549323,0.195359727549323,0.0,0.24747605340949996
phylop,s3_50,-1.63123,0.16860999999999993,1,100,0.08574842767295597,0.0,0.20025932228227797,0.20025932228227797,0.0,0.26016530279261924
phylop,s3_50,-1.62676,0.16432000000000002,2,105,0.16333033842467803,0.0,0.33374198146828227,0.33374198146828227,0.0,0.38198895129373617
phylop,s3_50,-1.6104,0.1479600000000001,2,102,0.1681341719077568,0.0,0.3600212532126143,0.3600212532126143,0.0,0.39372260541233134
phylop,s3_50,-1.58585,0.13586999999999994,2,99,0.17322914681405246,0.0,0.36671186725008037,0.36671186725008037,0.0,0.40548513363288813
phylop,s3_50,-1.57376,0.14070000000000005,2,99,0.17322914681405246,0.0,0.3597949226825436,0.3597949226825436,0.0,0.4039398574931078
phylop,s3_50,-1.55819,0.1336599999999999,2,99,0.17322914681405246,0.0,0.380337265525576,0.380337265525576,0.0,0.4049186584609513
phylop,s3_50,-1.55443,0.1298999999999999,2,99,0.17322914681405246,0.0,0.380337265525576,0.380337265525576,0.0,0.4049186584609513
phylop,s3_50,-1.54683,0.12308999999999992,3,105,0.24499550763701708,0.0,0.4282504483721922,0.4282504483721922,0.06622842013660345,0.5031147167032075
phylop,s3_50,-1.53983,0.11609000000000003,3,99,0.2598437202210787,0.0,0.4679123819535275,0.4679123819535275,0.06940293291583796,0.5351920207533786
phylop,s3_50,-1.5395,0.11576000000000009,3,99,0.2598437202210787,0.0,0.4679123819535275,0.4679123819535275,0.06940293291583796,0.5351920207533786
phylop,s3_50,-1.53083,0.10708999999999991,3,99,0.2598437202210787,0.0,0.4679123819535275,0.4679123819535275,0.06940293291583796,0.5351920207533786
phylop,s3_50,-1.52899,0.10525000000000007,3,99,0.2598437202210787,0.0,0.4679123819535275,0.4679123819535275,0.06940293291583796,0.5351920207533786
phylop,s3_50,-1.52833,0.10458999999999996,3,99,0.2598437202210787,0.0,0.4679123819535275,0.4679123819535275,0.06940293291583796,0.5351920207533786
phylop,s3_50,-1.51794,0.09987999999999997,3,97,0.26520132269986385,0.0,0.4728855815981464,0.4728855815981464,0.07133960749684476,0.5488509896135999
phylop,s3_50,-1.49783,0.08292999999999995,3,97,0.26520132269986385,0.0,0.47859006403824045,0.47859006403824045,0.07156866954945756,0.5500308926439142
phylop,s3_50,-1.48522,0.07465999999999995,3,97,0.26520132269986385,0.0,0.5022288069986954,0.5022288069986954,0.07165469441844323,0.5491877084138936
phylop,s3_50,-1.46262,0.09556999999999993,3,105,0.24499550763701708,0.0,0.47680711666807385,0.47680711666807385,0.067221889153514,0.5052475247524753
phylop,s3_50,-1.46244,0.09575,3,105,0.24499550763701708,0.0,0.47680711666807385,0.47680711666807385,0.067221889153514,0.5052475247524753
phylop,s3_50,-1.44998,0.09219,2,100,0.17149685534591194,0.0,0.35226376683512767,0.35226376683512767,0.0,0.39714439718648553
phylop,s3_50,-1.44112,0.08999000000000001,2,100,0.17149685534591194,0.0,0.32670632646657133,0.32670632646657133,0.0,0.39634567834206874
phylop,s3_50,-1.43578,0.09321000000000002,2,100,0.17149685534591194,0.0,0.31770281802600137,0.31770281802600137,0.0,0.3972163735323373
phylop,s3_50,-1.42453,0.0952900000000001,2,99,0.17322914681405246,0.0,0.31213657719681814,0.31213657719681814,0.0,0.40249389544759634
phylop,s3_50,-1.42374,0.09450000000000003,2,99,0.17322914681405246,0.0,0.31213657719681814,0.31213657719681814,0.0,0.40249389544759634
phylop,s3_50,-1.4225,0.09335000000000004,2,99,0.17322914681405246,0.0,0.3056016516729068,0.3056016516729068,0.0,0.40069420201161055
phylop,s3_50,-1.41806,0.08891000000000004,2,99,0.17322914681405246,0.0,0.3056016516729068,0.3056016516729068,0.0,0.40069420201161055
phylop,s3_50,-1.4149,0.08574999999999999,2,99,0.17322914681405246,0.0,0.3056016516729068,0.3056016516729068,0.0,0.40069420201161055
phylop,s3_50,-1.41056,0.08349000000000006,2,99,0.17322914681405246,0.0,0.3056016516729068,0.3056016516729068,0.0,0.40039264123699575
phylop,s3_50,-1.39098,0.07470000000000021,2,99,0.17322914681405246,0.0,0.3056016516729068,0.3056016516729068,0.0,0.40082499096189306
phylop,s3_50,-1.37715,0.08528999999999987,4,97,0.35360176359981843,0.0,0.709189501503121,0.709189501503121,0.08657011002761872,0.6830519421693689
phylop,s3_50,-1.37004,0.09240000000000004,4,97,0.35360176359981843,0.0,0.709189501503121,0.709189501503121,0.08657011002761872,0.6830519421693689
phylop,s3_50,-1.36532,0.09383000000000008,4,100,0.3429937106918239,0.0,0.6668383545331911,0.6668383545331911,0.08406465331517067,0.6687860864618747
phylop,s3_50,-1.35779,0.08630000000000004,4,97,0.35360176359981843,0.0,0.6966291395537688,0.6966291395537688,0.08610637487854922,0.6871883991665759
phylop,s3_50,-1.35606,0.08505999999999991,4,97,0.35360176359981843,0.0,0.6966291395537688,0.6966291395537688,0.08610637487854922,0.6871883991665759
phylop,s3_50,-1.35502,0.08610000000000007,4,97,0.35360176359981843,0.0,0.6966291395537688,0.6966291395537688,0.08610637487854922,0.6871883991665759
phylop,s3_50,-1.35113,0.08465000000000011,4,97,0.35360176359981843,0.0,0.6966291395537688,0.6966291395537688,0.08635340176614775,0.6875070486631611
phylop,s3_50,-1.3459,0.08987999999999996,4,97,0.35360176359981843,0.0,0.6966291395537688,0.6966291395537688,0.08635340176614775,0.6875070486631611
phylop,s3_50,-1.33787,0.08666000000000018,4,97,0.35360176359981843,0.0,0.6966291395537688,0.6966291395537688,0.0862820960517445,0.6855853046594977
phylop,s3_50,-1.32924,0.09450000000000003,4,100,0.3429937106918239,0.0,0.6708690074157425,0.6708690074157425,0.08397443411270303,0.6650858690057513
phylop,s3_50,-1.32915,0.09458999999999995,4,100,0.3429937106918239,0.0,0.6708690074157425,0.6708690074157425,0.08397443411270303,0.6650858690057513
phylop,s3_50,-1.32707,0.09667000000000003,4,103,0.33300360261342127,0.0,0.6628184713375795,0.6628184713375795,0.08116123958273971,0.6460492036353277
phylop,s3_50,-1.31628,0.09863,3,98,0.26249518675394684,0.0,0.5904708619527446,0.5904708619527446,0.0,0.5545411928001946
phylop,s3_50,-1.30999,0.10491000000000006,3,101,0.2546983000186811,0.0,0.5725757702611374,0.5725757702611374,0.0,0.536682213616909
phylop,s3_50,-1.30123,0.09879000000000016,3,98,0.26249518675394684,0.0,0.5841564588315012,0.5841564588315012,0.0,0.5512315638510142
phylop,s3_50,-1.29305,0.09793000000000007,3,98,0.26249518675394684,0.0,0.5841564588315012,0.5841564588315012,0.0,0.5512315638510142
phylop,s3_50,-1.27709,0.10006000000000004,3,99,0.2598437202210787,0.0,0.5513076241134751,0.5513076241134751,0.0,0.5470141098576646
phylop,s3_50,-1.27409,0.10011999999999999,4,101,0.3395977333582415,0.0,0.6715283150600398,0.6715283150600398,0.08340386473365091,0.6592801717349285
phylop,s3_50,-1.27149,0.09752000000000005,4,98,0.3499935823385958,0.0,0.6928933883849901,0.6928933883849901,0.08598972708109716,0.6788786648802017
phylop,s3_50,-1.2677,0.09762000000000004,4,98,0.3499935823385958,0.0,0.6928933883849901,0.6928933883849901,0.08598972708109716,0.6788786648802017
phylop,s3_50,-1.25191,0.09921999999999986,4,96,0.3572851153039832,0.0,0.6780929009698609,0.6780929009698609,0.08761774974264817,0.6939636530728762
phylop,s3_50,-1.24674,0.10438999999999998,4,96,0.3572851153039832,0.0,0.6780929009698609,0.6780929009698609,0.08761774974264817,0.6939636530728762
phylop,s3_50,-1.24148,0.10441999999999996,4,99,0.34645829362810493,0.0,0.6726029539324896,0.6726029539324896,0.08526267651118802,0.6737431019238391
phylop,s3_50,-1.23981,0.10275000000000012,4,96,0.3572851153039832,0.0,0.7015110601554674,0.7015110601554674,0.08784619743895516,0.6967379997578017
phylop,s3_50,-1.23281,0.09821999999999997,4,98,0.3499935823385958,0.0,0.6746908688339214,0.6746908688339214,0.08585767902680863,0.6831141432694829
phylop,s3_50,-1.22531,0.09680999999999984,5,103,0.4162545032667766,0.0,0.7265563175943023,0.7265563175943023,0.14917524868367568,0.7682976616935007
phylop,s3_50,-1.22301,0.09450999999999987,5,103,0.4162545032667766,0.0,0.7265563175943023,0.7265563175943023,0.14917524868367568,0.7682976616935007
phylop,s3_50,-1.21765,0.08914999999999984,3,99,0.2598437202210787,0.0,0.46109111049570756,0.46109111049570756,0.0,0.5356230336709291
phylop,s3_50,-1.21742,0.08891999999999989,3,99,0.2598437202210787,0.0,0.46109111049570756,0.46109111049570756,0.0,0.5356230336709291
phylop,s3_50,-1.20254,0.07808999999999999,3,98,0.26249518675394684,0.0,0.47939653145087335,0.47939653145087335,0.0,0.540690926509055
phylop,s3_50,-1.20244,0.07799,3,98,0.26249518675394684,0.0,0.47939653145087335,0.47939653145087335,0.0,0.540690926509055
phylop,s3_50,-1.17981,0.09167999999999998,2,99,0.17322914681405246,0.0,0.3082535339717282,0.3082535339717282,0.0,0.4009380190915783
phylop,s3_50,-1.17397,0.09373000000000009,2,98,0.1749967911692979,0.0,0.31819291819291823,0.31819291819291823,0.0,0.404060909870177
phylop,s3_50,-1.16868,0.09332999999999991,2,98,0.1749967911692979,0.0,0.30267131242741,0.30267131242741,0.0,0.4040602644828396
phylop,s3_50,-1.16236,0.0879700000000001,2,98,0.1749967911692979,0.0,0.310281517747858,0.310281517747858,0.0,0.4050263917727757
phylop,s3_50,-1.16131,0.08692000000000011,2,98,0.1749967911692979,0.0,0.310281517747858,0.310281517747858,0.0,0.4050263917727757
phylop,s3_50,-1.15928,0.08739000000000008,2,98,0.1749967911692979,0.0,0.31129044445209736,0.31129044445209736,0.0,0.40505726523534435
phylop,s3_50,-1.14122,0.08409,2,103,0.16650180130671063,0.0,0.30570886419083765,0.30570886419083765,0.0,0.3852524526136508
phylop,s3_50,-1.13706,0.08285999999999993,2,101,0.16979886667912075,0.0,0.32148923142989966,0.32148923142989966,0.0,0.39284512830822244
phylop,s3_50,-1.13459,0.08057000000000003,2,98,0.1749967911692979,0.0,0.3283483143437689,0.3283483143437689,0.0,0.40549280011405736
phylop,s3_50,-1.1302,0.07618000000000014,2,98,0.1749967911692979,0.0,0.3283483143437689,0.3283483143437689,0.0,0.40549280011405736
phylop,s3_50,-1.1285,0.0744800000000001,2,98,0.1749967911692979,0.0,0.3283483143437689,0.3283483143437689,0.0,0.40549280011405736
phylop,s3_50,-1.12553,0.07701000000000002,2,100,0.17149685534591194,0.0,0.3249282736967466,0.3249282736967466,0.0,0.395871135388746
phylop,s3_50,-1.12445,0.07808999999999999,2,100,0.17149685534591194,0.0,0.3249282736967466,0.3249282736967466,0.0,0.395871135388746
phylop,s3_50,-1.11267,0.06713999999999998,2,98,0.1749967911692979,0.0,0.3099590212533283,0.3099590212533283,0.0,0.40296329104448886
phylop,s3_50,-1.11235,0.06746000000000008,2,98,0.1749967911692979,0.0,0.3099590212533283,0.3099590212533283,0.0,0.40296329104448886
phylop,s3_50,-1.08717,0.06986000000000003,2,98,0.1749967911692979,0.0,0.3527093596059114,0.3527093596059114,0.0,0.4060432683711782
phylop,s3_50,-1.08128,0.06397000000000008,2,98,0.1749967911692979,0.0,0.3527093596059114,0.3527093596059114,0.0,0.4060432683711782
phylop,s3_50,-1.07535,0.058170000000000055,2,104,0.16490082244799226,0.0,0.32934515543211196,0.32934515543211196,0.0,0.38379888751509816
phylop,s3_50,-1.07439,0.05720999999999998,2,104,0.16490082244799226,0.0,0.32934515543211196,0.32934515543211196,0.0,0.38379888751509816
phylop,s3_50,-1.07189,0.05661000000000005,2,101,0.16979886667912075,0.0,0.3433397239660992,0.3433397239660992,0.0,0.3960738573998707
phylop,s3_50,-1.07014,0.05835999999999997,2,101,0.16979886667912075,0.0,0.3433397239660992,0.3433397239660992,0.0,0.3960738573998707
phylop,s3_50,-1.06294,0.061509999999999954,2,98,0.1749967911692979,0.0,0.3146132710348856,0.3146132710348856,0.0,0.4139979804944944
phylop,s3_50,-1.05794,0.05678000000000005,3,97,0.26520132269986385,0.12252791996277339,0.45942174427170546,0.45942174427170546,0.06837246400066406,0.5527564416660886
phylop,s3_50,-1.05747,0.05630999999999986,3,97,0.26520132269986385,0.12252791996277339,0.45942174427170546,0.45942174427170546,0.06837246400066406,0.5527564416660886
phylop,s3_50,-1.05537,0.05730000000000013,3,97,0.26520132269986385,0.12252791996277339,0.45942174427170546,0.45942174427170546,0.06837246400066406,0.5527564416660886
phylop,s3_50,-1.0542,0.05720800000000004,3,100,0.25724528301886795,0.122105172211432,0.4769706336939722,0.4769706336939722,0.06703472139965247,0.5352825883448117
phylop,s3_50,-1.05402,0.05702799999999997,3,100,0.25724528301886795,0.122105172211432,0.4769706336939722,0.4769706336939722,0.06703472139965247,0.5352825883448117
phylop,s3_50,-1.05316,0.05616800000000011,3,100,0.25724528301886795,0.122105172211432,0.4769706336939722,0.4769706336939722,0.06703472139965247,0.5352825883448117
phylop,s3_50,-1.04587,0.04887800000000009,3,100,0.25724528301886795,0.122105172211432,0.4769706336939722,0.4769706336939722,0.06703472139965247,0.5352825883448117
phylop,s3_50,-1.04306,0.04606800000000011,3,100,0.25724528301886795,0.122105172211432,0.4769706336939722,0.4769706336939722,0.06703472139965247,0.5352825883448117
phylop,s3_50,-1.03794,0.043339999999999934,3,97,0.26520132269986385,0.1288945025863106,0.48517578832910474,0.48517578832910474,0.06837246400066406,0.5507272147382873
phylop,s3_50,-1.03166,0.04962,3,97,0.26520132269986385,0.1288945025863106,0.48517578832910474,0.48517578832910474,0.06837246400066406,0.5507272147382873
phylop,s3_50,-1.02131,0.04883000000000015,3,101,0.2546983000186811,0.11418371696504688,0.48938018234445624,0.48938018234445624,0.06658451103159156,0.5270804958078533
phylop,s3_50,-1.02041,0.04973000000000005,3,101,0.2546983000186811,0.11418371696504688,0.48938018234445624,0.48938018234445624,0.06658451103159156,0.5270804958078533
phylop,s3_50,-1.01731,0.052830000000000155,3,101,0.2546983000186811,0.11418371696504688,0.48938018234445624,0.48938018234445624,0.06658451103159156,0.5270804958078533
phylop,s3_50,-1.01718,0.05296000000000012,3,101,0.2546983000186811,0.11418371696504688,0.48938018234445624,0.48938018234445624,0.06658451103159156,0.5270804958078533
phylop,s3_50,-1.00707,0.055870000000000086,3,98,0.26249518675394684,0.122105172211432,0.5149458930958628,0.5149458930958628,0.06774257146378172,0.5432399136587311
phylop,s3_50,-1.00492,0.05801999999999996,3,98,0.26249518675394684,0.122105172211432,0.5149458930958628,0.5149458930958628,0.06774257146378172,0.5432399136587311
phylop,s3_50,-1.0017,0.057338,4,100,0.3429937106918239,0.16825929752066116,0.5235313092378013,0.5235313092378013,0.08515970222590576,0.6716534145960305
phylop,s3_50,-1.00116,0.056798000000000015,4,100,0.3429937106918239,0.16825929752066116,0.5235313092378013,0.5235313092378013,0.08515970222590576,0.6716534145960305
phylop,s3_50,-0.996992,0.05720800000000004,4,97,0.35360176359981843,0.17406904050013589,0.5311853384569908,0.5311853384569908,0.08759519538332729,0.6911553673545132
phylop,s3_50,-0.980291,0.06962999999999997,5,97,0.44200220449977307,0.18516483516483517,0.5961152987222286,0.5961152987222286,0.1548586880573613,0.8138100351803252
phylop,s3_50,-0.973362,0.067496,5,99,0.43307286703513126,0.16951456310679613,0.5950113108703416,0.5950113108703416,0.15253164419017415,0.7928332777043227
phylop,s3_50,-0.973032,0.06716600000000006,5,99,0.43307286703513126,0.16951456310679613,0.5950113108703416,0.5950113108703416,0.15253164419017415,0.7928332777043227
phylop,s3_50,-0.958024,0.06328599999999995,6,96,0.5359276729559749,0.2616776227638547,0.8338755458606664,0.8338755458606664,0.19325224888000583,0.9422015544281734
phylop,s3_50,-0.944362,0.06321200000000005,5,100,0.4287421383647799,0.1675944578831593,0.6124850418827285,0.6124850418827285,0.1526931349704248,0.7915266378771791
phylop,s3_50,-0.941299,0.06362100000000004,5,97,0.44200220449977307,0.1724937109461132,0.6931341917376438,0.6931341917376438,0.1568913408944917,0.8165299157258104
phylop,s3_50,-0.941134,0.06378600000000001,5,97,0.44200220449977307,0.1724937109461132,0.6931341917376438,0.6931341917376438,0.1568913408944917,0.8165299157258104
phylop,s3_50,-0.930047,0.07103899999999996,3,99,0.2598437202210787,0.0,0.4167980070339285,0.4167980070339285,0.0,0.5409037966383047
phylop,s3_50,-0.912157,0.06750299999999998,3,102,0.2522012578616352,0.0,0.3831036819516603,0.3831036819516603,0.0,0.5247934617700878
phylop,s3_50,-0.910661,0.06600700000000004,3,102,0.2522012578616352,0.0,0.3831036819516603,0.3831036819516603,0.0,0.5247934617700878
phylop,s3_50,-0.90826,0.065102,3,102,0.2522012578616352,0.0,0.3831036819516603,0.3831036819516603,0.0,0.5247934617700878
phylop,s3_50,-0.905866,0.06716600000000006,3,99,0.2598437202210787,0.0,0.3892442603779973,0.3892442603779973,0.0,0.5420324628991661
phylop,s3_50,-0.900968,0.06926699999999997,4,101,0.3395977333582415,0.1524081115335868,0.4887171643993668,0.4887171643993668,0.08385842379885641,0.658616788502383
phylop,s3_50,-0.897433,0.06573200000000001,4,101,0.3395977333582415,0.1524081115335868,0.4887171643993668,0.4887171643993668,0.08385842379885641,0.658616788502383
phylop,s3_50,-0.891047,0.05934600000000001,4,98,0.3499935823385958,0.1525927580228868,0.5009165460684998,0.5009165460684998,0.08652142109413336,0.6799416857836138
phylop,s3_50,-0.885732,0.05556700000000003,3,99,0.2598437202210787,0.11072229699416779,0.46782897467828977,0.46782897467828977,0.0,0.5387488931985216
phylop,s3_50,-0.88115,0.05190600000000001,3,97,0.26520132269986385,0.11403329065300896,0.4782958129408268,0.4782958129408268,0.0,0.5504388884837311
phylop,s3_50,-0.876756,0.04868499999999998,3,98,0.26249518675394684,0.10996324105851814,0.5098804967585722,0.5098804967585722,0.0,0.543352222863962
phylop,s3_50,-0.875583,0.047512,3,98,0.26249518675394684,0.10996324105851814,0.5098804967585722,0.5098804967585722,0.0,0.543352222863962
phylop,s3_50,-0.869535,0.04262200000000005,3,98,0.26249518675394684,0.10996324105851814,0.5098804967585722,0.5098804967585722,0.0,0.543352222863962
phylop,s3_50,-0.859008,0.043101999999999974,3,99,0.2598437202210787,0.10340221576176634,0.5199264255058246,0.5199264255058246,0.06713971343104123,0.5438959582337468
phylop,s3_50,-0.857803,0.04316500000000001,3,99,0.2598437202210787,0.10340221576176634,0.5199264255058246,0.5199264255058246,0.06713971343104123,0.5438959582337468
phylop,s3_50,-0.856685,0.043889999999999985,3,99,0.2598437202210787,0.1048236972162577,0.5575274177467596,0.5575274177467596,0.06788094160307874,0.5418031569960711
phylop,s3_50,-0.850937,0.04010999999999998,2,105,0.16333033842467803,0.0,0.3371445522025702,0.3371445522025702,0.0,0.38320975041146554
phylop,s3_50,-0.844654,0.04639300000000002,3,110,0.23385934819897086,0.0,0.6061713887800845,0.6061713887800845,0.06256114166898766,0.482675834332547
phylop,s3_50,-0.840701,0.046150000000000024,3,107,0.24041615235408217,0.0,0.6062401905107292,0.6062401905107292,0.06432166490310824,0.4962531882226635
phylop,s3_50,-0.831701,0.04388199999999998,3,98,0.26249518675394684,0.0,0.6901706143990851,0.6901706143990851,0.07026142489496105,0.5422980431940922
phylop,s3_50,-0.830622,0.04496100000000003,3,98,0.26249518675394684,0.0,0.6901706143990851,0.6901706143990851,0.07026142489496105,0.5422980431940922
phylop,s3_50,-0.829244,0.04398400000000002,3,99,0.2598437202210787,0.0,0.6769684534496025,0.6769684534496025,0.06968924902507663,0.5398053436134912
phylop,s3_50,-0.828071,0.04281100000000004,3,99,0.2598437202210787,0.0,0.6769684534496025,0.6769684534496025,0.06968924902507663,0.5398053436134912
phylop,s3_50,-0.823165,0.04191300000000009,4,100,0.3429937106918239,0.0,0.6956326166830367,0.6956326166830367,0.0855613592169934,0.6650559568402343
phylop,s3_50,-0.817299,0.036904999999999966,7,99,0.6063020138491837,0.0,0.9260755896402447,0.9260755896402447,0.2531428747531302,1.033886872014275
phylop,s3_50,-0.815906,0.03551199999999999,7,99,0.6063020138491837,0.0,0.9260755896402447,0.9260755896402447,0.2531428747531302,1.033886872014275
phylop,s3_50,-0.812795,0.03240100000000001,7,96,0.6252489517819706,0.0,0.9433947090604873,0.9433947090604873,0.26097911434265575,1.0717233588218804
phylop,s3_50,-0.811598,0.03170000000000006,7,93,0.6454182728071955,0.0,0.924685327586721,0.924685327586721,0.26858799904946634,1.102453178694158
phylop,s3_50,-0.808409,0.031967999999999996,7,93,0.6454182728071955,0.0,0.9220001316867339,0.9220001316867339,0.26873701746341344,1.1027641396341419
phylop,s3_50,-0.800055,0.03164600000000006,8,95,0.7220920225091029,0.2467089484623994,1.1319946452476572,1.1319946452476572,0.32117150258604427,1.2107584467937569
phylop,s3_50,-0.794551,0.036070999999999964,7,96,0.6252489517819706,0.15782670638706844,0.8918388719264864,0.8918388719264864,0.25576740611242793,1.078108623671125
phylop,s3_50,-0.794197,0.03642499999999993,7,96,0.6252489517819706,0.15782670638706844,0.8918388719264864,0.8918388719264864,0.25576740611242793,1.078108623671125
phylop,s3_50,-0.78526,0.03881899999999994,8,92,0.7456385015039649,0.28720108959470664,1.0808141984411208,1.0808141984411208,0.32657875230080036,1.2499231419845946
phylop,s3_50,-0.781252,0.04191300000000009,8,92,0.7456385015039649,0.28720108959470664,1.0808141984411208,1.0808141984411208,0.32657875230080036,1.2499231419845946
phylop,s3_50,-0.781205,0.04196,8,92,0.7456385015039649,0.28720108959470664,1.0808141984411208,1.0808141984411208,0.32657875230080036,1.2499231419845946
phylop,s3_50,-0.780394,0.042771,8,92,0.7456385015039649,0.28720108959470664,1.0808141984411208,1.0808141984411208,0.32657875230080036,1.2499231419845946
phylop,s3_50,-0.779898,0.043267000000000055,8,92,0.7456385015039649,0.28720108959470664,1.0808141984411208,1.0808141984411208,0.32657875230080036,1.2499231419845946
phylop,s3_50,-0.776441,0.04672399999999999,8,94,0.7297738525357955,0.28504954932466775,1.0317302516434363,1.0317302516434363,0.32006252289945514,1.2244923355724024
phylop,s3_50,-0.770323,0.046945000000000014,8,93,0.7376208832082234,0.2978374574947156,1.045841708037612,1.045841708037612,0.32162977510548474,1.2377339031618027
phylop,s3_50,-0.767953,0.04795300000000002,8,93,0.7376208832082234,0.2978374574947156,1.045841708037612,1.045841708037612,0.32162977510548474,1.2377339031618027
phylop,s3_50,-0.763787,0.04980300000000004,7,94,0.6385521209688211,0.27178892629392937,0.8700348935276442,0.8700348935276442,0.2642614445465607,1.101487225973159
phylop,s3_50,-0.755528,0.056070000000000064,7,100,0.6002389937106918,0.24578136463683053,0.8378307648931458,0.8378307648931458,0.24705298630701805,1.0287877988459935
phylop,s3_50,-0.746512,0.04842499999999994,6,98,0.5249903735078937,0.13980047256497768,0.7461358177026963,0.7461358177026963,0.1859205665855708,0.930512273795856
phylop,s3_50,-0.746441,0.04835400000000001,6,98,0.5249903735078937,0.13980047256497768,0.7461358177026963,0.7461358177026963,0.1859205665855708,0.930512273795856
phylop,s3_50,-0.732866,0.05239399999999994,6,95,0.5415690168818272,0.13980047256497768,0.7883495777180067,0.7883495777180067,0.1937675093238383,0.9688791146341975
phylop,s3_50,-0.724543,0.05557500000000004,2,101,0.16979886667912075,0.0,0.3955378127682049,0.3955378127682049,0.0,0.40013240311540293
phylop,s3_50,-0.723378,0.05440999999999996,2,98,0.1749967911692979,0.0,0.39875890997507824,0.39875890997507824,0.0,0.4108777346622525
phylop,s3_50,-0.719394,0.05704700000000007,2,101,0.16979886667912075,0.0,0.36773625052482506,0.36773625052482506,0.0,0.39819526328405036
phylop,s3_50,-0.719173,0.0572680000000001,2,101,0.16979886667912075,0.0,0.36773625052482506,0.36773625052482506,0.0,0.39819526328405036
phylop,s3_50,-0.71711,0.058070999999999984,4,99,0.34645829362810493,0.07650444793301937,0.8734375000000001,0.8734375000000001,0.08609386393206354,0.6685164093757768
phylop,s3_50,-0.713984,0.05494499999999991,3,97,0.26520132269986385,0.0,0.7919621749408984,0.7919621749408984,0.06127047619047914,0.5492400505534603
phylop,s3_50,-0.707165,0.05580300000000005,5,100,0.4287421383647799,0.0,1.2145390625154486,1.2145390625154486,0.15386075794951434,0.7824154723179363
phylop,s3_50,-0.706583,0.055220999999999965,5,100,0.4287421383647799,0.0,1.2145390625154486,1.2145390625154486,0.15386075794951434,0.7824154723179363
phylop,s3_50,-0.69911,0.04774800000000001,4,98,0.3499935823385958,0.0,1.0680087733056094,1.0680087733056094,0.0858080195790199,0.6776181516800209
phylop,s3_50,-0.698087,0.04835400000000001,4,98,0.3499935823385958,0.0,1.1338898870712897,1.1338898870712897,0.08597811650117007,0.6760671389833725
phylop,s3_50,-0.690457,0.04394500000000001,4,98,0.3499935823385958,0.0,1.1586373325374981,1.1586373325374981,0.08620727829765121,0.6754312546278219
phylop,s3_50,-0.687449,0.040937,4,96,0.3572851153039832,0.0,1.1717623470002136,1.1717623470002136,0.08771650591326785,0.6898370130791276
phylop,s3_50,-0.686992,0.04048000000000007,4,96,0.3572851153039832,0.0,1.1717623470002136,1.1717623470002136,0.08771650591326785,0.6898370130791276
phylop,s3_50,-0.683236,0.04014200000000001,4,96,0.3572851153039832,0.0,1.222020992573318,1.222020992573318,0.08784992916734381,0.6909712452364672
phylop,s3_50,-0.678559,0.03897600000000001,5,98,0.4374919779232448,0.09765876267766352,1.2578222778473092,1.2578222778473092,0.1557309285049813,0.8022265709016925
phylop,s3_50,-0.675535,0.038448999999999955,5,95,0.45130751406818936,0.10121632113178251,1.2578222778473092,1.2578222778473092,0.1599542241361655,0.8303112693167202
phylop,s3_50,-0.66974,0.03742500000000004,5,99,0.43307286703513126,0.10121632113178251,1.1254199328107504,1.1254199328107504,0.15303248200791403,0.7943530148493471
phylop,s3_50,-0.668968,0.038197000000000036,5,99,0.43307286703513126,0.10121632113178251,1.1254199328107504,1.1254199328107504,0.15303248200791403,0.7943530148493471
phylop,s3_50,-0.668268,0.03889700000000007,5,99,0.43307286703513126,0.10121632113178251,1.1254199328107504,1.1254199328107504,0.15303248200791403,0.7943530148493471
phylop,s3_50,-0.659039,0.04400800000000005,8,93,0.7376208832082234,0.194896331738437,1.7501419097902893,1.7501419097902893,0.3380102174190353,1.24576259330162
phylop,s3_50,-0.653433,0.04404700000000006,11,93,1.0142287144113074,0.38527372096766294,1.9761823554288491,1.9761823554288491,0.5218055930293614,1.6102872932859773
phylop,s3_50,-0.651362,0.04197600000000001,11,93,1.0142287144113074,0.38527372096766294,1.9761823554288491,1.9761823554288491,0.5218055930293614,1.6102872932859773
phylop,s3_50,-0.650346,0.040959999999999996,11,93,1.0142287144113074,0.38527372096766294,1.9761823554288491,1.9761823554288491,0.5218055930293614,1.6102872932859773
phylop,s3_50,-0.646512,0.03885099999999997,11,89,1.0598120274185572,0.45478657322097904,1.7870607553366176,1.7870607553366176,0.5425654118955019,1.6868885944685417
phylop,s3_50,-0.645937,0.03827599999999998,11,89,1.0598120274185572,0.45478657322097904,1.7870607553366176,1.7870607553366176,0.5425654118955019,1.6868885944685417
phylop,s3_50,-0.639583,0.03567799999999999,11,92,1.025252939567952,0.4434769966399586,1.8369851532567048,1.8369851532567048,0.5260061919504644,1.62647483666906
phylop,s3_50,-0.634488,0.03377999999999992,11,89,1.0598120274185572,0.4818533460685326,1.8369851532567048,1.8369851532567048,0.5495615029004396,1.6825898105784902
phylop,s3_50,-0.62226,0.036779000000000006,11,89,1.0598120274185572,0.4738260449719414,1.8352913882195032,1.8352913882195032,0.5490007001930184,1.6832371538244821
phylop,s3_50,-0.617937,0.03843299999999994,9,91,0.8480613725896744,0.2826532083633742,1.5510371739576914,1.5510371739576914,0.4010713810844103,1.4014847367866088
phylop,s3_50,-0.615031,0.03840200000000005,9,91,0.8480613725896744,0.2826532083633742,1.5510371739576914,1.5510371739576914,0.4010713810844103,1.4014847367866088
phylop,s3_50,-0.614622,0.03881100000000004,9,91,0.8480613725896744,0.2826532083633742,1.5510371739576914,1.5510371739576914,0.4010713810844103,1.4014847367866088
phylop,s3_50,-0.610165,0.04018100000000002,8,93,0.7376208832082234,0.20895846200247922,1.3617208146463462,1.3617208146463462,0.3215471791275729,1.2422654463862708
phylop,s3_50,-0.609386,0.03962999999999994,8,93,0.7376208832082234,0.21876664927679232,1.2768586754900484,1.2768586754900484,0.32217398912402107,1.2438645460066007
phylop,s3_50,-0.607661,0.03885099999999997,8,93,0.7376208832082234,0.21876664927679232,1.2768586754900484,1.2768586754900484,0.32217398912402107,1.2438645460066007
phylop,s3_50,-0.606055,0.037937,8,99,0.6929165872562099,0.16450145772594754,1.3727061015370283,1.3727061015370283,0.30345563760514,1.1684937271091775
phylop,s3_50,-0.603905,0.03578700000000001,8,99,0.6929165872562099,0.16450145772594754,1.3727061015370283,1.3727061015370283,0.30345563760514,1.1684937271091775
phylop,s3_50,-0.603598,0.035985000000000045,8,99,0.6929165872562099,0.16450145772594754,1.3727061015370283,1.3727061015370283,0.30345563760514,1.1684937271091775
phylop,s3_50,-0.60252,0.03706300000000007,8,99,0.6929165872562099,0.16450145772594754,1.3727061015370283,1.3727061015370283,0.30345563760514,1.1684937271091775
phylop,s3_50,-0.592661,0.03357399999999999,7,93,0.6454182728071955,0.1162224035541049,1.5164237668161435,1.5164237668161435,0.26580310780052047,1.120722641613801
phylop,s3_50,-0.581126,0.028259999999999952,5,100,0.4287421383647799,0.0,0.9890587835541964,0.9890587835541964,0.15353363588425123,0.7962780781268708
phylop,s3_50,-0.579504,0.029881999999999964,5,100,0.4287421383647799,0.0,0.9890587835541964,0.9890587835541964,0.15353363588425123,0.7962780781268708
phylop,s3_50,-0.572819,0.03323600000000004,2,100,0.17149685534591194,0.0,0.2887768542489894,0.2887768542489894,0.0,0.3990426399004799
phylop,s3_50,-0.571921,0.034134,2,100,0.17149685534591194,0.0,0.2887768542489894,0.2887768542489894,0.0,0.3990426399004799
phylop,s3_50,-0.569756,0.034148999999999985,3,97,0.26520132269986385,0.11421872692364496,0.4612357253927573,0.4612357253927573,0.0656586890025577,0.5544340691963081
phylop,s3_50,-0.568118,0.03578700000000001,3,97,0.26520132269986385,0.11421872692364496,0.4612357253927573,0.4612357253927573,0.0656586890025577,0.5544340691963081
phylop,s3_50,-0.564795,0.03880299999999992,3,100,0.25724528301886795,0.09496837968932277,0.515118921674527,0.515118921674527,0.06451095634085255,0.5362357615626719
phylop,s3_50,-0.55922,0.034740000000000104,3,105,0.24499550763701708,0.08079052661358768,0.471406606170941,0.471406606170941,0.060853788975281695,0.5107112707326296
phylop,s3_50,-0.559087,0.034607000000000054,3,105,0.24499550763701708,0.08079052661358768,0.471406606170941,0.471406606170941,0.060853788975281695,0.5107112707326296
phylop,s3_50,-0.558992,0.0345120000000001,3,105,0.24499550763701708,0.08079052661358768,0.471406606170941,0.471406606170941,0.060853788975281695,0.5107112707326296
phylop,s3_50,-0.554717,0.03023700000000007,3,102,0.2522012578616352,0.08241206030150754,0.5188973621358497,0.5188973621358497,0.0627217403023113,0.5267253235756942
phylop,s3_50,-0.547425,0.02798400000000001,3,104,0.24735123367198839,0.07941653160453808,0.5673215673215674,0.5673215673215674,0.0626203454926699,0.512996616117308
phylop,s3_50,-0.547024,0.027582999999999913,3,104,0.24735123367198839,0.07941653160453808,0.5673215673215674,0.5673215673215674,0.0626203454926699,0.512996616117308
phylop,s3_50,-0.53611,0.027220000000000022,4,114,0.30087167604545956,0.08221060937160667,0.5841637010676156,0.5841637010676156,0.07533863428323541,0.5825922216488963
phylop,s3_50,-0.530535,0.024182000000000037,3,102,0.2522012578616352,0.0,0.5544244640861526,0.5544244640861526,0.06625914361899002,0.5241899335075586
phylop,s3_50,-0.528173,0.02309400000000006,3,102,0.2522012578616352,0.0,0.5544244640861526,0.5544244640861526,0.066153589403834,0.5235201508273543
phylop,s3_50,-0.527299,0.022220000000000018,3,102,0.2522012578616352,0.0,0.5544244640861526,0.5544244640861526,0.066153589403834,0.5235201508273543
phylop,s3_50,-0.525449,0.0215749999999999,3,99,0.2598437202210787,0.0,0.5643841849978799,0.5643841849978799,0.0677563703253774,0.5397163472556553
phylop,s3_50,-0.52448,0.02254400000000001,4,101,0.3395977333582415,0.0,0.723489056356176,0.723489056356176,0.08346554712099394,0.6582510029669135
phylop,s3_50,-0.519441,0.017786999999999997,4,96,0.3572851153039832,0.0,0.7370497427101198,0.7370497427101198,0.08762024151227452,0.6903124713684049
phylop,s3_50,-0.515378,0.01715,3,102,0.2522012578616352,0.0,0.6165140786822063,0.6165140786822063,0.0656259243116926,0.5263429916271947
phylop,s3_50,-0.510559,0.01761400000000002,3,99,0.2598437202210787,0.0,0.6187353108964776,0.6187353108964776,0.06708680338849721,0.5417422501593435
phylop,s3_50,-0.509882,0.018291000000000057,3,99,0.2598437202210787,0.0,0.6187353108964776,0.6187353108964776,0.06708680338849721,0.5417422501593435
phylop,s3_50,-0.50926,0.018912999999999958,3,99,0.2598437202210787,0.0,0.6187353108964776,0.6187353108964776,0.06708680338849721,0.5417422501593435
phylop,s3_50,-0.50889,0.01928300000000005,3,99,0.2598437202210787,0.0,0.6187353108964776,0.6187353108964776,0.06708680338849721,0.5417422501593435
phylop,s3_50,-0.506953,0.020345999999999975,3,99,0.2598437202210787,0.0,0.620484206544354,0.620484206544354,0.06655510539604251,0.5402500959769031
phylop,s3_50,-0.505079,0.02037000000000011,3,102,0.2522012578616352,0.0,0.6190966652596033,0.6190966652596033,0.0652806460437235,0.5240896968444051
phylop,s3_50,-0.502803,0.021676999999999946,3,104,0.24735123367198839,0.0,0.6515629772935546,0.6515629772935546,0.06404329620310886,0.5153406726440434
phylop,s3_50,-0.501654,0.022229000000000054,3,99,0.2598437202210787,0.0,0.657408045110098,0.657408045110098,0.06769023079478244,0.5415415017377025
phylop,s3_50,-0.501378,0.021953,3,99,0.2598437202210787,0.0,0.657408045110098,0.657408045110098,0.06769023079478244,0.5415415017377025
phylop,s3_50,-0.498228,0.020282999999999995,3,100,0.25724528301886795,0.0,0.6628928910992433,0.6628928910992433,0.06717477905053623,0.5356042149683853
phylop,s3_50,-0.488732,0.021149999999999947,5,101,0.4244971666978019,0.0,0.914262564233779,0.914262564233779,0.15256960880602383,0.7839353218823055
phylop,s3_50,-0.485811,0.02307899999999996,5,95,0.45130751406818936,0.0,0.9178823348517173,0.9178823348517173,0.16269836842220048,0.830365161429618
phylop,s3_50,-0.482307,0.024646,5,95,0.45130751406818936,0.1472878808580407,0.7456256054503018,0.7456256054503018,0.1574693247831533,0.8204496875045524
phylop,s3_50,-0.481638,0.025314999999999976,5,95,0.45130751406818936,0.1472878808580407,0.7456256054503018,0.7456256054503018,0.1574693247831533,0.8204496875045524
phylop,s3_50,-0.480402,0.02655099999999999,5,95,0.45130751406818936,0.1472878808580407,0.7456256054503018,0.7456256054503018,0.1574693247831533,0.8204496875045524
phylop,s3_50,-0.479425,0.027527999999999997,5,95,0.45130751406818936,0.1472878808580407,0.7456256054503018,0.7456256054503018,0.1574693247831533,0.8204496875045524
phylop,s3_50,-0.479307,0.027646000000000004,5,95,0.45130751406818936,0.1472878808580407,0.7456256054503018,0.7456256054503018,0.1574693247831533,0.8204496875045524
phylop,s3_50,-0.477945,0.029007999999999978,5,95,0.45130751406818936,0.1472878808580407,0.7456256054503018,0.7456256054503018,0.1574693247831533,0.8204496875045524
phylop,s3_50,-0.473008,0.029795000000000016,5,97,0.44200220449977307,0.13628511682880262,0.905679012345679,0.905679012345679,0.1550789615875823,0.8026050528881667
phylop,s3_50,-0.472827,0.029976000000000003,5,97,0.44200220449977307,0.13628511682880262,0.905679012345679,0.905679012345679,0.1550789615875823,0.8026050528881667
phylop,s3_50,-0.468173,0.030055,5,98,0.4374919779232448,0.16250673282603867,0.7184285500074974,0.7184285500074974,0.15542510966821088,0.8036655691177349
phylop,s3_50,-0.46626,0.030394000000000032,7,93,0.6454182728071955,0.27267039529813253,1.4597572362278246,1.4597572362278246,0.2700115225172247,1.0954431358174632
phylop,s3_50,-0.466094,0.030228000000000033,7,93,0.6454182728071955,0.27267039529813253,1.4597572362278246,1.4597572362278246,0.2700115225172247,1.0954431358174632
phylop,s3_50,-0.460606,0.028125999999999984,7,96,0.6252489517819706,0.27267039529813253,1.3202247191011236,1.3202247191011236,0.26212569905474753,1.0655138238937782
phylop,s3_50,-0.459559,0.029023999999999994,7,96,0.6252489517819706,0.27267039529813253,1.3202247191011236,1.3202247191011236,0.26275095888479144,1.0643761770959903
phylop,s3_50,-0.458772,0.028237000000000012,7,96,0.6252489517819706,0.27267039529813253,1.3202247191011236,1.3202247191011236,0.26275095888479144,1.0643761770959903
phylop,s3_50,-0.458071,0.027739999999999987,7,96,0.6252489517819706,0.27267039529813253,1.3202247191011236,1.3202247191011236,0.26275095888479144,1.0643761770959903
phylop,s3_50,-0.448433,0.029511999999999983,7,93,0.6454182728071955,0.2726696028854693,1.4369017194186942,1.4369017194186942,0.27043396249376317,1.1008777769674623
phylop,s3_50,-0.445984,0.03196100000000002,7,93,0.6454182728071955,0.2726696028854693,1.4369017194186942,1.4369017194186942,0.27043396249376317,1.1008777769674623
phylop,s3_50,-0.44578,0.032165,7,93,0.6454182728071955,0.2726696028854693,1.4369017194186942,1.4369017194186942,0.27043396249376317,1.1008777769674623
phylop,s3_50,-0.44115,0.03167700000000001,8,92,0.7456385015039649,0.27576568302519666,1.8100707585979925,1.8100707585979925,0.34023075254125107,1.2513913473008067
phylop,s3_50,-0.438811,0.032669000000000004,8,101,0.679195466716483,0.2782966155810983,1.3991624915875271,1.3991624915875271,0.3092769212444781,1.1355964858199754
phylop,s3_50,-0.435866,0.029723999999999973,7,93,0.6454182728071955,0.16587957497048406,1.441219981535655,1.441219981535655,0.27402296015443894,1.1116139971988428
phylop,s3_50,-0.434165,0.02802300000000002,7,93,0.6454182728071955,0.16587957497048406,1.441219981535655,1.441219981535655,0.27402296015443894,1.1116139971988428
phylop,s3_50,-0.430535,0.030071000000000014,7,98,0.6124887690925427,0.15724132210540678,1.359504132231405,1.359504132231405,0.2598392988856089,1.0507503123001427
phylop,s3_50,-0.429252,0.03135399999999999,7,98,0.6124887690925427,0.15724132210540678,1.359504132231405,1.359504132231405,0.2598392988856089,1.0507503123001427
phylop,s3_50,-0.428677,0.03192900000000004,7,98,0.6124887690925427,0.15724132210540678,1.359504132231405,1.359504132231405,0.2598392988856089,1.0507503123001427
phylop,s3_50,-0.425433,0.03517300000000001,7,101,0.5942960333769226,0.15724132210540678,1.3267894531221518,1.3267894531221518,0.2524178663713547,1.0155553153487644
phylop,s3_50,-0.420654,0.034330999999999945,5,97,0.44200220449977307,0.0,1.3988471386337236,1.3988471386337236,0.1547184240688834,0.8107575861289026
phylop,s3_50,-0.411386,0.03304699999999999,6,96,0.5359276729559749,0.09058698499022963,1.3954227241910215,1.3954227241910215,0.19176211270729748,0.9385190048154446
phylop,s3_50,-0.410709,0.03237000000000001,6,96,0.5359276729559749,0.09058698499022963,1.3954227241910215,1.3954227241910215,0.19176211270729748,0.9385190048154446
phylop,s3_50,-0.406142,0.027944999999999998,3,101,0.2546983000186811,0.0,0.5618184259891614,0.5618184259891614,0.06853431561209294,0.5350366015555386
phylop,s3_50,-0.405417,0.027220000000000022,3,101,0.2546983000186811,0.0,0.5618184259891614,0.5618184259891614,0.06853431561209294,0.5350366015555386
phylop,s3_50,-0.401732,0.026944999999999997,4,104,0.3298016448959845,0.0,0.6937255316679974,0.6937255316679974,0.08209358776998521,0.6418103274254108
phylop,s3_50,-0.39248,0.028173999999999977,4,98,0.3499935823385958,0.0,0.7332075471698113,0.7332075471698113,0.08736617142798245,0.6825552030170386
phylop,s3_50,-0.390173,0.026378000000000013,4,98,0.3499935823385958,0.0,0.7433631932719346,0.7433631932719346,0.08762144656351205,0.6811156105629385
phylop,s3_50,-0.388535,0.02474000000000004,4,98,0.3499935823385958,0.0,0.7433631932719346,0.7433631932719346,0.08762144656351205,0.6811156105629385
phylop,s3_50,-0.386323,0.024819000000000035,5,103,0.4162545032667766,0.09269529273740658,0.8447468539654669,0.8447468539654669,0.148004174921546,0.7610705152784578
phylop,s3_50,-0.384953,0.023448999999999998,3,102,0.2522012578616352,0.08099239565555917,0.4696092619392185,0.4696092619392185,0.0,0.5220585097174915
phylop,s3_50,-0.381425,0.021716000000000013,3,97,0.26520132269986385,0.07049343293347286,0.6048760526372466,0.6048760526372466,0.0,0.5501973593865589
phylop,s3_50,-0.379677,0.02205499999999999,3,97,0.26520132269986385,0.07049343293347286,0.6048760526372466,0.6048760526372466,0.0,0.5501973593865589
phylop,s3_50,-0.37911,0.022621999999999975,3,97,0.26520132269986385,0.07049343293347286,0.6048760526372466,0.6048760526372466,0.0,0.5501973593865589
phylop,s3_50,-0.378339,0.022843000000000002,3,97,0.26520132269986385,0.06765184780234794,0.6315866727568616,0.6315866727568616,0.0,0.5510014999674758
phylop,s3_50,-0.378197,0.022701000000000027,3,97,0.26520132269986385,0.06765184780234794,0.6315866727568616,0.6315866727568616,0.0,0.5510014999674758
phylop,s3_50,-0.376575,0.021079000000000014,3,97,0.26520132269986385,0.06765184780234794,0.6315866727568616,0.6315866727568616,0.0,0.5510014999674758
phylop,s3_50,-0.375724,0.020228000000000024,3,97,0.26520132269986385,0.06765184780234794,0.6315866727568616,0.6315866727568616,0.0,0.5510014999674758
phylop,s3_50,-0.37274,0.01973999999999998,3,97,0.26520132269986385,0.06765184780234794,0.6315866727568616,0.6315866727568616,0.0,0.5510014999674758
phylop,s3_50,-0.372094,0.020353999999999983,4,99,0.34645829362810493,0.07335011357357725,0.7927337701012508,0.7927337701012508,0.08541168839077133,0.6622925720488259
phylop,s3_50,-0.371409,0.019668999999999992,4,99,0.34645829362810493,0.07335011357357725,0.7927337701012508,0.7927337701012508,0.08541168839077133,0.6622925720488259
phylop,s3_50,-0.363795,0.016708,4,97,0.35360176359981843,0.07726033144535348,0.7962379531439783,0.7962379531439783,0.08742708629346276,0.674416714564725
phylop,s3_50,-0.361504,0.01760600000000001,4,98,0.3499935823385958,0.07800321924771265,0.7776477931857902,0.7776477931857902,0.08672064988070086,0.6644498777506113
phylop,s3_50,-0.359709,0.019401,4,98,0.3499935823385958,0.07800321924771265,0.7776477931857902,0.7776477931857902,0.08672064988070086,0.6644498777506113
phylop,s3_50,-0.355496,0.022701000000000027,4,108,0.3175867691590962,0.16995600251414203,0.5925116193737768,0.5925116193737768,0.07795819597425209,0.6080113193858004
phylop,s3_50,-0.35174,0.02645700000000001,4,108,0.3175867691590962,0.16995600251414203,0.5925116193737768,0.5925116193737768,0.07795819597425209,0.6080113193858004
phylop,s3_50,-0.349291,0.026432999999999984,8,95,0.7220920225091029,0.3850012174336499,1.0194700629483238,1.0194700629483238,0.32532916149025487,1.2046928967162687
phylop,s3_50,-0.348685,0.02703899999999998,8,95,0.7220920225091029,0.3850012174336499,1.0194700629483238,1.0194700629483238,0.32532916149025487,1.2046928967162687
phylop,s3_50,-0.347087,0.028637000000000024,8,97,0.7072035271996369,0.3652056555926525,1.0174589422145563,1.0174589422145563,0.31799708165807883,1.1782798871484144
phylop,s3_50,-0.346283,0.028527000000000025,8,94,0.7297738525357955,0.34068077247085493,1.2760069592620555,1.2760069592620555,0.3325138492830591,1.223283903651679
phylop,s3_50,-0.33778,0.027615,9,92,0.8388433141919606,0.5136184261751214,1.3186467719490398,1.3186467719490398,0.4053987507605795,1.37063732234988
phylop,s3_50,-0.323441,0.030353999999999992,8,92,0.7456385015039649,0.3873901387899148,1.1060901941644303,1.1060901941644303,0.3390786141091103,1.2523527750005778
phylop,s3_50,-0.319228,0.032511999999999985,8,92,0.7456385015039649,0.3873901387899148,1.1060901941644303,1.1060901941644303,0.3390786141091103,1.2523527750005778
phylop,s3_50,-0.318409,0.032165,7,93,0.6454182728071955,0.1675496760902184,0.9798565573770492,0.9798565573770492,0.26966302611226595,1.1227896849300871
phylop,s3_50,-0.317756,0.031535000000000035,7,93,0.6454182728071955,0.1675496760902184,0.9798565573770492,0.9798565573770492,0.26966302611226595,1.1227896849300871
phylop,s3_50,-0.310457,0.02885099999999996,7,93,0.6454182728071955,0.13156199677938807,1.0914701524983565,1.0914701524983565,0.2702387704420882,1.113737719376082
phylop,s3_50,-0.310165,0.028559,7,93,0.6454182728071955,0.13156199677938807,1.0914701524983565,1.0914701524983565,0.2702387704420882,1.113737719376082
phylop,s3_50,-0.308953,0.028827000000000047,7,93,0.6454182728071955,0.13156199677938807,1.0914701524983565,1.0914701524983565,0.2702387704420882,1.113737719376082
phylop,s3_50,-0.302079,0.027590999999999977,6,96,0.5359276729559749,0.09876492607967496,0.9703611457036114,0.9703611457036114,0.19266983332864893,0.9526132789196861
phylop,s3_50,-0.301724,0.027235999999999982,6,96,0.5359276729559749,0.09876492607967496,0.9703611457036114,0.9703611457036114,0.19266983332864893,0.9526132789196861
phylop,s3_50,-0.299819,0.025330999999999992,6,96,0.5359276729559749,0.09876492607967496,0.9703611457036114,0.9703611457036114,0.19266983332864893,0.9526132789196861
phylop,s3_50,-0.295614,0.02782699999999999,6,102,0.5044025157232704,0.08787549399662217,0.9291280316749718,0.9291280316749718,0.1806657390015285,0.8963367781976241
phylop,s3_50,-0.293087,0.02830699999999997,2,103,0.16650180130671063,0.0,0.4922657437994861,0.4922657437994861,0.0,0.393077198935296
phylop,s3_50,-0.286244,0.024212999999999985,1,102,0.0840670859538784,0.0,0.3189725043445471,0.3189725043445471,0.0,0.25052086675787283
phylop,s3_50,-0.283819,0.026188999999999962,3,110,0.23385934819897086,0.0,0.4211054741138469,0.4211054741138469,0.06179347133864411,0.48581182383361465
phylop,s3_50,-0.283583,0.02595299999999995,3,110,0.23385934819897086,0.0,0.4211054741138469,0.4211054741138469,0.06179347133864411,0.48581182383361465
phylop,s3_50,-0.283315,0.025684999999999958,3,110,0.23385934819897086,0.0,0.4211054741138469,0.4211054741138469,0.06179347133864411,0.48581182383361465
phylop,s3_50,-0.281654,0.02402399999999999,3,107,0.24041615235408217,0.0,0.42199937219078676,0.42199937219078676,0.06326555640796404,0.5005374692628833
phylop,s3_50,-0.281606,0.023975999999999997,3,107,0.24041615235408217,0.0,0.42199937219078676,0.42199937219078676,0.06326555640796404,0.5005374692628833
phylop,s3_50,-0.276134,0.019479999999999997,3,98,0.26249518675394684,0.0,0.5177887134388772,0.5177887134388772,0.06740544111042927,0.5489129678764746
phylop,s3_50,-0.275913,0.01970099999999997,3,98,0.26249518675394684,0.0,0.5177887134388772,0.5177887134388772,0.06740544111042927,0.5489129678764746
phylop,s3_50,-0.274488,0.019126000000000032,3,98,0.26249518675394684,0.0,0.5201509799561788,0.5201509799561788,0.06880017709642523,0.549955645219472
phylop,s3_50,-0.27426,0.018898000000000026,3,98,0.26249518675394684,0.0,0.5201509799561788,0.5201509799561788,0.06880017709642523,0.549955645219472
phylop,s3_50,-0.270606,0.016519000000000006,3,112,0.2296832884097035,0.0,0.38803866907410395,0.38803866907410395,0.06087191491019263,0.4802780617855302
phylop,s3_50,-0.266055,0.016747999999999985,3,103,0.24975270196006596,0.0,0.4562128688189251,0.4562128688189251,0.06438950524564137,0.5211751157668768
phylop,s3_50,-0.26478,0.015473000000000015,3,97,0.26520132269986385,0.0,0.45861643666782254,0.45861643666782254,0.06888794006383005,0.556605500242888
phylop,s3_50,-0.263551,0.014243999999999979,3,97,0.26520132269986385,0.0,0.45861643666782254,0.45861643666782254,0.06888794006383005,0.556605500242888
phylop,s3_50,-0.263063,0.01375599999999999,3,97,0.26520132269986385,0.0,0.45861643666782254,0.45861643666782254,0.06888794006383005,0.556605500242888
phylop,s3_50,-0.25763,0.012975999999999988,4,96,0.3572851153039832,0.0,0.5240201311575415,0.5240201311575415,0.08872760607668223,0.6965862672694743
phylop,s3_50,-0.256701,0.013905,4,96,0.3572851153039832,0.0,0.5240201311575415,0.5240201311575415,0.08872760607668223,0.6965862672694743
phylop,s3_50,-0.255362,0.01329099999999997,4,96,0.3572851153039832,0.0,0.5240201311575415,0.5240201311575415,0.08844771536715487,0.697311839495003
phylop,s3_50,-0.254087,0.012015999999999999,4,96,0.3572851153039832,0.0,0.5240201311575415,0.5240201311575415,0.08844771536715487,0.697311839495003
phylop,s3_50,-0.250433,0.012457000000000024,4,106,0.32357897235077726,0.0,0.4456969237212463,0.4456969237212463,0.07944073311718254,0.6284665162448873
phylop,s3_50,-0.249307,0.011331000000000008,4,106,0.32357897235077726,0.0,0.4456969237212463,0.4456969237212463,0.07944073311718254,0.6284665162448873
phylop,s3_50,-0.247504,0.010126000000000024,4,106,0.32357897235077726,0.0,0.4456969237212463,0.4456969237212463,0.07944073311718254,0.6284665162448873
phylop,s3_50,-0.24637,0.010960999999999999,1,100,0.08574842767295597,0.0,0.2619005994258256,0.2619005994258256,0.0,0.2502206021882884
phylop,s3_50,-0.242071,0.012015999999999999,1,107,0.08013871745136072,0.0,0.296323801897148,0.296323801897148,0.0,0.23538994913141148
phylop,s3_50,-0.24137,0.012717000000000006,1,107,0.08013871745136072,0.0,0.296323801897148,0.296323801897148,0.0,0.23538994913141148
phylop,s3_50,-0.23915,0.012024000000000007,1,104,0.08245041122399613,0.0,0.296323801897148,0.296323801897148,0.0,0.2420185092161939
phylop,s3_50,-0.237976,0.012457000000000024,1,104,0.08245041122399613,0.0,0.296323801897148,0.296323801897148,0.0,0.2420185092161939
phylop,s3_50,-0.235409,0.013897999999999994,3,102,0.2522012578616352,0.0,0.79617656449553,0.79617656449553,0.0,0.5217108838160769
phylop,s3_50,-0.232252,0.015252000000000016,3,105,0.24499550763701708,0.0,0.721967845659164,0.721967845659164,0.0,0.508698511166253
phylop,s3_50,-0.231969,0.015534999999999993,3,105,0.24499550763701708,0.0,0.721967845659164,0.721967845659164,0.0,0.508698511166253
phylop,s3_50,-0.231638,0.01586599999999999,3,105,0.24499550763701708,0.0,0.721967845659164,0.721967845659164,0.0,0.508698511166253
phylop,s3_50,-0.231433,0.015937000000000007,2,106,0.16178948617538863,0.0,0.6022463725984749,0.6022463725984749,0.0,0.37759397498403513
phylop,s3_50,-0.227126,0.01381099999999999,2,100,0.17149685534591194,0.0,0.6316171522343734,0.6316171522343734,0.0,0.40011754003512323
phylop,s3_50,-0.225181,0.012795,2,98,0.1749967911692979,0.0,0.6568461212378127,0.6568461212378127,0.0,0.40796202152573446
phylop,s3_50,-0.220866,0.017109999999999986,2,109,0.1573365645375339,0.0,0.5631125631125631,0.5631125631125631,0.0,0.36585393000492705
phylop,s3_50,-0.220252,0.01772399999999999,2,109,0.1573365645375339,0.0,0.5631125631125631,0.5631125631125631,0.0,0.36585393000492705
phylop,s3_50,-0.217291,0.019323000000000007,2,98,0.1749967911692979,0.0,0.5717772552003804,0.5717772552003804,0.0,0.4090466458462809
phylop,s3_50,-0.215535,0.019874000000000003,2,101,0.16979886667912075,0.0,0.5586022809997573,0.5586022809997573,0.0,0.3973770169990123
phylop,s3_50,-0.215496,0.019913000000000014,2,101,0.16979886667912075,0.0,0.5586022809997573,0.5586022809997573,0.0,0.3973770169990123
phylop,s3_50,-0.213315,0.01893699999999998,3,97,0.26520132269986385,0.0,0.6594928261594929,0.6594928261594929,0.0,0.5521529407531052
phylop,s3_50,-0.211118,0.02052000000000001,3,97,0.26520132269986385,0.0,0.5058323634427406,0.5058323634427406,0.0,0.5536984214968595
phylop,s3_50,-0.208488,0.01918900000000001,3,97,0.26520132269986385,0.0,0.5324564817566233,0.5324564817566233,0.0,0.5536870098333828
phylop,s3_50,-0.201102,0.019764000000000004,1,99,0.08661457340702623,0.0,0.23448976138094432,0.23448976138094432,0.0,0.26102984808619467
phylop,s3_50,-0.197968,0.019740000000000008,1,104,0.08245041122399613,0.0,0.22257966791211642,0.22257966791211642,0.0,0.24952753077975354
phylop,s3_50,-0.197307,0.019079000000000013,1,101,0.08489943333956038,0.0,0.2274087811079864,0.2274087811079864,0.0,0.25731260675602124
phylop,s3_50,-0.194898,0.020598000000000005,1,101,0.08489943333956038,0.0,0.23100974288824988,0.23100974288824988,0.0,0.2568622160609167
phylop,s3_50,-0.191157,0.023022999999999988,1,113,0.07588356431235041,0.0,0.20724786678348583,0.20724786678348583,0.0,0.22926687196108878
phylop,s3_50,-0.190252,0.022118,1,110,0.07795311606632362,0.0,0.21202260853900198,0.21202260853900198,0.0,0.23544815519842135
phylop,s3_50,-0.189299,0.02116499999999999,1,107,0.08013871745136072,0.0,0.21207657070464442,0.21207657070464442,0.0,0.2419007985408399
phylop,s3_50,-0.189016,0.020881999999999984,1,107,0.08013871745136072,0.0,0.21207657070464442,0.21207657070464442,0.0,0.2419007985408399
phylop,s3_50,-0.182976,0.016630000000000006,1,99,0.08661457340702623,0.0,0.2584564450135865,0.2584564450135865,0.0,0.26096803737532454
phylop,s3_50,-0.181874,0.016093999999999997,1,99,0.08661457340702623,0.0,0.2584564450135865,0.2584564450135865,0.0,0.26096803737532454
phylop,s3_50,-0.181693,0.015961000000000003,1,99,0.08661457340702623,0.0,0.25317908931697564,0.25317908931697564,0.0,0.2631447012080504
phylop,s3_50,-0.178717,0.013960999999999973,0,100,0.0,0.0,0.25724528301886795,0.0,0.0,0.25724528301886795
phylop,s3_50,-0.178378,0.013621999999999995,0,100,0.0,0.0,0.25724528301886795,0.0,0.0,0.25724528301886795
phylop,s3_50,-0.178228,0.013471999999999984,0,100,0.0,0.0,0.25724528301886795,0.0,0.0,0.25724528301886795
phylop,s3_50,-0.174685,0.013559000000000015,1,100,0.08574842767295597,0.0,0.26224327289613886,0.26224327289613886,0.0,0.25905725772489946
phylop,s3_50,-0.173622,0.012496000000000007,1,100,0.08574842767295597,0.0,0.26224327289613886,0.26224327289613886,0.0,0.25905725772489946
phylop,s3_50,-0.168134,0.013740000000000002,1,100,0.08574842767295597,0.0,0.264771390006889,0.264771390006889,0.0,0.25931486448867336
phylop,s3_50,-0.167118,0.014575000000000005,1,100,0.08574842767295597,0.0,0.27003370135518273,0.27003370135518273,0.0,0.2590973821192908
phylop,s3_50,-0.166346,0.015347,1,100,0.08574842767295597,0.0,0.27003370135518273,0.27003370135518273,0.0,0.2590973821192908
phylop,s3_50,-0.165732,0.015961000000000003,1,100,0.08574842767295597,0.0,0.27003370135518273,0.27003370135518273,0.0,0.2590973821192908
phylop,s3_50,-0.164756,0.01693699999999998,1,106,0.08089474308769432,0.0,0.258229349103869,0.258229349103869,0.0,0.24418398613926548
phylop,s3_50,-0.163638,0.018054999999999988,1,106,0.08089474308769432,0.0,0.258229349103869,0.258229349103869,0.0,0.24418398613926548
phylop,s3_50,-0.162409,0.017329999999999984,1,102,0.0840670859538784,0.0,0.26466029449754586,0.26466029449754586,0.0,0.2553080269974935
phylop,s3_50,-0.162197,0.017117999999999994,1,102,0.0840670859538784,0.0,0.26466029449754586,0.26466029449754586,0.0,0.2553080269974935
phylop,s3_50,-0.161126,0.017252000000000017,1,99,0.08661457340702623,0.0,0.2723804671768773,0.2723804671768773,0.0,0.26214742396425766
phylop,s3_50,-0.160079,0.01829900000000001,1,99,0.08661457340702623,0.0,0.2723804671768773,0.2723804671768773,0.0,0.26214742396425766
phylop,s3_50,-0.153063,0.020251999999999992,3,105,0.24499550763701708,0.0,0.5715025906735751,0.5715025906735751,0.06392925311226354,0.5095296041820121
phylop,s3_50,-0.149551,0.018583000000000016,3,105,0.24499550763701708,0.0,0.5715025906735751,0.5715025906735751,0.06392925311226354,0.5095296041820121
phylop,s3_50,-0.145079,0.01835500000000001,2,103,0.16650180130671063,0.0,0.3176345164931644,0.3176345164931644,0.0,0.3853928447988287
phylop,s3_50,-0.136764,0.012078999999999993,4,104,0.3298016448959845,0.0,0.5109709900225231,0.5109709900225231,0.08120791749749084,0.6402967578788307
phylop,s3_50,-0.136583,0.011898000000000006,4,104,0.3298016448959845,0.0,0.5109709900225231,0.5109709900225231,0.08120791749749084,0.6402967578788307
phylop,s3_50,-0.134425,0.009739999999999985,4,99,0.34645829362810493,0.0,0.5153610804352156,0.5153610804352156,0.08515512751843501,0.6752352665795603
phylop,s3_50,-0.132811,0.008126000000000008,4,99,0.34645829362810493,0.0,0.5153610804352156,0.5153610804352156,0.08515512751843501,0.6752352665795603
phylop,s3_50,-0.130661,0.006102999999999997,4,99,0.34645829362810493,0.0,0.5153610804352156,0.5153610804352156,0.08515512751843501,0.6752352665795603
phylop,s3_50,-0.127402,0.006866999999999984,2,98,0.1749967911692979,0.0,0.28377811094452776,0.28377811094452776,0.0,0.4126938024255992
phylop,s3_50,-0.126724,0.006189,2,98,0.1749967911692979,0.0,0.28377811094452776,0.28377811094452776,0.0,0.4126938024255992
phylop,s3_50,-0.126661,0.0061500000000000166,2,98,0.1749967911692979,0.0,0.28377811094452776,0.28377811094452776,0.0,0.4126938024255992
phylop,s3_50,-0.124685,0.007874000000000006,3,125,0.20579622641509435,0.0,0.2969886479505132,0.2969886479505132,0.0,0.4312387488949373
phylop,s3_50,-0.124417,0.007606000000000002,3,125,0.20579622641509435,0.0,0.2969886479505132,0.2969886479505132,0.0,0.4312387488949373
phylop,s3_50,-0.124024,0.007212999999999997,3,125,0.20579622641509435,0.0,0.2969886479505132,0.2969886479505132,0.0,0.4312387488949373
phylop,s3_50,-0.121236,0.0047639999999999905,7,100,0.6002389937106918,0.0,1.0734890109890112,1.0734890109890112,0.24669665133732147,1.0364844814578462
phylop,s3_50,-0.120535,0.004150000000000001,7,100,0.6002389937106918,0.0,1.0734890109890112,1.0734890109890112,0.24669665133732147,1.0364844814578462
phylop,s3_50,-0.117228,0.007457000000000005,7,100,0.6002389937106918,0.0,1.0734890109890112,1.0734890109890112,0.24669665133732147,1.0364844814578462
phylop,s3_50,-0.117016,0.007401000000000005,7,96,0.6252489517819706,0.0,1.0707502761617955,1.0707502761617955,0.2564074814068278,1.0778365571604833
phylop,s3_50,-0.116882,0.0073619999999999935,7,94,0.6385521209688211,0.0,1.0853869295998,1.0853869295998,0.2622028690814625,1.0980104591042759
phylop,s3_50,-0.116811,0.007290999999999992,7,94,0.6385521209688211,0.0,1.0853869295998,1.0853869295998,0.2622028690814625,1.0980104591042759
phylop,s3_50,-0.116472,0.007551999999999989,7,94,0.6385521209688211,0.0,1.0853869295998,1.0853869295998,0.2622028690814625,1.0980104591042759
phylop,s3_50,-0.109701,0.007109999999999991,11,90,1.0480363382250175,0.5137840751578623,1.5435167548943547,1.5435167548943547,0.5427026382493537,1.6642685330725162
phylop,s3_50,-0.10952,0.007290999999999992,11,90,1.0480363382250175,0.5137840751578623,1.5435167548943547,1.5435167548943547,0.5427026382493537,1.6642685330725162
phylop,s3_50,-0.108677,0.008134000000000002,11,96,0.9825340670859539,0.43861852433281007,1.5116115411681914,1.5116115411681914,0.5108710837279847,1.550798399623259
phylop,s3_50,-0.108024,0.008787000000000003,12,98,1.0499807470157874,0.5583734617442483,1.5752469230769228,1.5752469230769228,0.5709823171752106,1.6433715296470637
phylop,s3_50,-0.107827,0.008983999999999992,12,98,1.0499807470157874,0.5583734617442483,1.5752469230769228,1.5752469230769228,0.5709823171752106,1.6433715296470637
phylop,s3_50,-0.107425,0.009385999999999992,12,98,1.0499807470157874,0.5583734617442483,1.5752469230769228,1.5752469230769228,0.5709823171752106,1.6433715296470637
phylop,s3_50,-0.104795,0.011905200000000005,11,93,1.0142287144113074,0.42063312701169164,1.6522522522522523,1.6522522522522523,0.5299553652484473,1.5975692494969425
phylop,s3_50,-0.100709,0.015763,13,118,0.9446860675834132,0.40724921040758016,1.5214913551627547,1.5214913551627547,0.5284903355734178,1.4416276708909115
phylop,s3_50,-0.0992913,0.017180700000000007,13,118,0.9446860675834132,0.40724921040758016,1.5214913551627547,1.5214913551627547,0.5284903355734178,1.4416276708909115
phylop,s3_50,-0.0968819,0.018118100000000012,7,97,0.6188030862996823,0.15226920076259426,1.325239955144792,1.325239955144792,0.25941795817722624,1.0644758843267677
phylop,s3_50,-0.0948661,0.0161023,7,97,0.6188030862996823,0.15226920076259426,1.325239955144792,1.325239955144792,0.25941795817722624,1.0644758843267677
phylop,s3_50,-0.0928898,0.0151342,5,98,0.4374919779232448,0.10482734319943623,1.0063490783802087,1.0063490783802087,0.1561827678625428,0.8124674748068944
phylop,s3_50,-0.0926457,0.015181300000000009,5,101,0.4244971666978019,0.09602423502336613,0.9435701796216818,0.9435701796216818,0.15175471967934584,0.7838683484019792
phylop,s3_50,-0.092315,0.015512000000000012,5,101,0.4244971666978019,0.09602423502336613,0.9435701796216818,0.9435701796216818,0.15175471967934584,0.7838683484019792
phylop,s3_50,-0.0893937,0.0175748,3,97,0.26520132269986385,0.0,0.4983735090499625,0.4983735090499625,0.0,0.5600219397469265
phylop,s3_50,-0.0864882,0.015,3,112,0.2296832884097035,0.0,0.4451122270277947,0.4451122270277947,0.0,0.4858517392874338
phylop,s3_50,-0.0864409,0.0149527,3,112,0.2296832884097035,0.0,0.4451122270277947,0.4451122270277947,0.0,0.4858517392874338
phylop,s3_50,-0.0863701,0.014881900000000003,3,112,0.2296832884097035,0.0,0.4451122270277947,0.4451122270277947,0.0,0.4858517392874338
phylop,s3_50,-0.0862992,0.014811000000000005,3,112,0.2296832884097035,0.0,0.4451122270277947,0.4451122270277947,0.0,0.4858517392874338
phylop,s3_50,-0.0815905,0.013275599999999999,2,102,0.1681341719077568,0.0,0.34114289256468705,0.34114289256468705,0.0,0.3953285527565133
phylop,s3_50,-0.0787638,0.014126,4,98,0.3499935823385958,0.10204631620593556,0.5966917121389594,0.5966917121389594,0.08598966285980081,0.6878916253792677
phylop,s3_50,-0.0785197,0.014370099999999997,4,98,0.3499935823385958,0.10204631620593556,0.5966917121389594,0.5966917121389594,0.08598966285980081,0.6878916253792677
phylop,s3_50,-0.0775512,0.015338599999999994,4,98,0.3499935823385958,0.10204631620593556,0.5966917121389594,0.5966917121389594,0.08598966285980081,0.6878916253792677
phylop,s3_50,-0.0775039,0.015385899999999994,4,98,0.3499935823385958,0.10204631620593556,0.5966917121389594,0.5966917121389594,0.08598966285980081,0.6878916253792677
phylop,s3_50,-0.0718189,0.0175748,3,98,0.26249518675394684,0.0,0.5563324467309262,0.5563324467309262,0.0,0.552167309696323
phylop,s3_50,-0.0714882,0.017889800000000004,4,105,0.32666067684935607,0.10179685128288032,0.5868937347528205,0.5868937347528205,0.0799126359350177,0.6337731711832922
phylop,s3_50,-0.069811,0.016559100000000007,4,96,0.3572851153039832,0.11125941921151647,0.6905876662015328,0.6905876662015328,0.08749061282212246,0.6979423687762562
phylop,s3_50,-0.0657874,0.0158031,3,97,0.26520132269986385,0.0,0.5737704918032788,0.5737704918032788,0.0,0.552489308480594
phylop,s3_50,-0.0620472,0.016716599999999998,4,97,0.35360176359981843,0.09537366548042706,0.7607154500494561,0.7607154500494561,0.08671741952303264,0.6830354970666643
phylop,s3_50,-0.0608425,0.017677199999999997,4,106,0.32357897235077726,0.09304306951054703,0.6120357481490448,0.6120357481490448,0.07920289479155161,0.6254034625747875
phylop,s3_50,-0.0569685,0.0178819,5,96,0.44660639412997905,0.1915856544817114,0.8563992612305547,0.8563992612305547,0.15669058406534137,0.8203663874203879
phylop,s3_50,-0.0535984,0.017889800000000004,5,106,0.4044737154384716,0.17946745562130179,0.8574436254727107,0.8574436254727107,0.14113037807715678,0.7398977885914285
phylop,s3_50,-0.0523386,0.018149600000000002,5,100,0.4287421383647799,0.2101270889405393,0.6905761855361209,0.6905761855361209,0.15147947393822528,0.7889743741419922
phylop,s3_50,-0.0483937,0.017393699999999998,5,97,0.44200220449977307,0.21787872438751663,0.7106553295753653,0.7106553295753653,0.15630546426030895,0.8147252598652874
phylop,s3_50,-0.0464488,0.016740099999999997,3,101,0.2546983000186811,0.07049615212880518,0.5648886887144512,0.5648886887144512,0.06833979128555233,0.5320057055443781
phylop,s3_50,-0.0451654,0.0160473,3,105,0.24499550763701708,0.0657448349201497,0.5492390832246185,0.5492390832246185,0.06475986627667324,0.5102081392562536
phylop,s3_50,-0.0445591,0.016283400000000003,3,105,0.24499550763701708,0.0657448349201497,0.5492390832246185,0.5492390832246185,0.06475986627667324,0.5102081392562536
phylop,s3_50,-0.0408898,0.015314999999999995,3,101,0.2546983000186811,0.06877894736842105,0.5511490746390075,0.5511490746390075,0.0677944089330243,0.5307570977479169
phylop,s3_50,-0.0390866,0.014511799999999998,3,101,0.2546983000186811,0.06877894736842105,0.5511490746390075,0.5511490746390075,0.0677944089330243,0.5307570977479169
phylop,s3_50,-0.0385039,0.015094499999999997,3,101,0.2546983000186811,0.06877894736842105,0.5511490746390075,0.5511490746390075,0.0677944089330243,0.5307570977479169
phylop,s3_50,-0.0360394,0.0162992,2,103,0.16650180130671063,0.0,0.4287883431141603,0.4287883431141603,0.0,0.3922175553229147
phylop,s3_50,-0.0350394,0.015598499999999998,2,109,0.1573365645375339,0.0,0.45322275571075227,0.45322275571075227,0.0,0.3698324073546448
phylop,s3_50,-0.034189,0.014748099999999997,2,109,0.1573365645375339,0.0,0.45322275571075227,0.45322275571075227,0.0,0.3698324073546448
phylop,s3_50,-0.0297087,0.0143622,1,118,0.07266815904487794,0.0,0.29192110110514286,0.29192110110514286,0.0,0.21894767574075946
phylop,s3_50,-0.0296772,0.0143307,1,118,0.07266815904487794,0.0,0.29192110110514286,0.29192110110514286,0.0,0.21894767574075946
phylop,s3_50,-0.0291181,0.0137716,1,118,0.07266815904487794,0.0,0.29192110110514286,0.29192110110514286,0.0,0.21894767574075946
phylop,s3_50,-0.0258346,0.012669300000000001,0,107,0.0,0.0,0.24041615235408217,0.0,0.0,0.24041615235408217
phylop,s3_50,-0.0255748,0.012519700000000002,0,104,0.0,0.0,0.24735123367198839,0.0,0.0,0.24735123367198839
phylop,s3_50,-0.0222362,0.013803199999999998,0,104,0.0,0.0,0.24735123367198839,0.0,0.0,0.24735123367198839
phylop,s3_50,-0.0206693,0.013519699999999996,0,101,0.0,0.0,0.2546983000186811,0.0,0.0,0.2546983000186811
phylop,s3_50,-0.0194409,0.013622,4,137,0.25036037276775464,0.0,0.3291502646341356,0.3291502646341356,0.06196243158220136,0.47715332053906506
phylop,s3_50,-0.0153465,0.0095276,4,111,0.3090033429656071,0.0,0.42002658396101017,0.42002658396101017,0.07651163608167434,0.5922267649507135
phylop,s3_50,-0.0130551,0.0072362,4,99,0.34645829362810493,0.0,0.43823178016726405,0.43823178016726405,0.0855777252984623,0.6623120370370366
phylop,s3_50,-0.00755905,0.0077874500000000004,5,100,0.4287421383647799,0.0,0.625,0.625,0.15354015360929915,0.7839353218823055
phylop,s3_50,-0.0058189,0.0095276,5,100,0.4287421383647799,0.0,0.625,0.625,0.15354015360929915,0.7839353218823055
phylop,s3_50,-0.0018189,0.0112362,5,97,0.44200220449977307,0.0,0.5993604385564184,0.5993604385564184,0.15920983069229738,0.8118672631318828
phylop,s3_50,-0.00110236,0.01195274,5,100,0.4287421383647799,0.0,0.590388628730902,0.590388628730902,0.15544213247475458,0.7872993022094248
phylop,s3_50,0.0041811,0.01,6,138,0.3728192507519825,0.20153909086260674,0.4469313441992865,0.4469313441992865,0.1329672688488709,0.6501686240360852
phylop,s3_50,0.00899213,0.01081103,2,101,0.16979886667912075,0.0,0.27967975809888446,0.27967975809888446,0.0,0.39492550939265314
phylop,s3_50,0.0096063,0.010204699999999999,1,106,0.08089474308769432,0.0,0.19281627463445647,0.19281627463445647,0.0,0.24349445846041243
phylop,s3_50,0.0115276,0.008283399999999998,1,106,0.08089474308769432,0.0,0.19281627463445647,0.19281627463445647,0.0,0.24349445846041243
phylop,s3_50,0.0116299,0.008181099999999998,1,106,0.08089474308769432,0.0,0.19281627463445647,0.19281627463445647,0.0,0.24349445846041243
phylop,s3_50,0.0120472,0.0078661,1,106,0.08089474308769432,0.0,0.19281627463445647,0.19281627463445647,0.0,0.24349445846041243
phylop,s3_50,0.0123386,0.0081575,1,106,0.08089474308769432,0.0,0.19281627463445647,0.19281627463445647,0.0,0.24349445846041243
phylop,s3_50,0.0124882,0.0083071,1,106,0.08089474308769432,0.0,0.19281627463445647,0.19281627463445647,0.0,0.24349445846041243
phylop,s3_50,0.0138819,0.0084016,1,103,0.08325090065335532,0.0,0.19262295081967215,0.19262295081967215,0.0,0.2512267058680236
phylop,s3_50,0.0167244,0.005937000000000001,1,109,0.07866828226876695,0.0,0.1977787007051632,0.1977787007051632,0.0,0.2371944092660259
phylop,s3_50,0.0174882,0.005732300000000003,0,100,0.0,0.0,0.25724528301886795,0.0,0.0,0.25724528301886795
phylop,s3_50,0.019811,0.005929099999999998,0,100,0.0,0.0,0.25724528301886795,0.0,0.0,0.25724528301886795
phylop,s3_50,0.0216772,0.0077953,0,102,0.0,0.0,0.2522012578616352,0.0,0.0,0.2522012578616352
phylop,s3_50,0.0222835,0.0084016,0,102,0.0,0.0,0.2522012578616352,0.0,0.0,0.2522012578616352
phylop,s3_50,0.0226614,0.0087795,0,102,0.0,0.0,0.2522012578616352,0.0,0.0,0.2522012578616352
phylop,s3_50,0.0232205,0.0093386,0,102,0.0,0.0,0.2522012578616352,0.0,0.0,0.2522012578616352
phylop,s3_50,0.0251575,0.011275599999999998,0,105,0.0,0.0,0.24499550763701708,0.0,0.0,0.24499550763701708
phylop,s3_50,0.0271496,0.013267699999999999,0,113,0.0,0.0,0.22765069293705126,0.0,0.0,0.22765069293705126
phylop,s3_50,0.0354488,0.013165300000000001,9,95,0.8123535253227407,0.0,1.2443143018988085,1.2443143018988085,0.3902452664541246,1.3306012907314206
phylop,s3_50,0.0399291,0.0172677,9,98,0.7874855602618405,0.0,1.2808502041768177,1.2808502041768177,0.3784630581232796,1.289093529755876
phylop,s3_50,0.0405118,0.0178504,9,101,0.7640949000560433,0.0,1.244095203488372,1.244095203488372,0.36640698468862143,1.2479066802007157
phylop,s3_50,0.0431102,0.0204488,11,103,0.9157599071869085,0.0,1.3657231027125878,1.3657231027125878,0.48692496430779003,1.4440463690684584
phylop,s3_50,0.0435748,0.020913399999999995,11,103,0.9157599071869085,0.0,1.3657231027125878,1.3657231027125878,0.48692496430779003,1.4440463690684584
phylop,s3_50,0.0461969,0.020251900000000003,11,92,1.025252939567952,0.0,2.043489573248654,2.043489573248654,0.5397063775685735,1.617926260467925
phylop,s3_50,0.0471496,0.019299200000000002,11,90,1.0480363382250175,0.0,2.0572334979040323,2.0572334979040323,0.5514483348590308,1.655857743803753
phylop,s3_50,0.0497638,0.016685000000000005,11,90,1.0480363382250175,0.0,2.0572334979040323,2.0572334979040323,0.5514483348590308,1.655857743803753
phylop,s3_50,0.0575591,0.0170473,11,91,1.03651945538738,0.0,1.9677538004721218,1.9677538004721218,0.5476957301274841,1.6440624949257003
phylop,s3_50,0.0588346,0.018181199999999995,11,94,1.003439047236719,0.0,1.9404761904761907,1.9404761904761907,0.5313975827347569,1.590355736204377
phylop,s3_50,0.0632835,0.01970870000000001,11,94,1.003439047236719,0.24395170963690502,1.8757894736842105,1.8757894736842105,0.5227816841022123,1.5903867062370995
phylop,s3_50,0.0652283,0.019031400000000004,4,101,0.3395977333582415,0.0,0.7318838912332624,0.7318838912332624,0.0826318335752298,0.6545332756914978
phylop,s3_50,0.0653543,0.019157400000000005,4,101,0.3395977333582415,0.0,0.7318838912332624,0.7318838912332624,0.0826318335752298,0.6545332756914978
phylop,s3_50,0.0664488,0.020251900000000003,4,101,0.3395977333582415,0.0,0.7318838912332624,0.7318838912332624,0.0826318335752298,0.6545332756914978
phylop,s3_50,0.0693858,0.019622,4,96,0.3572851153039832,0.0,0.8675778991400284,0.8675778991400284,0.086523588588116,0.6889148469714063
phylop,s3_50,0.0734488,0.019456700000000007,4,99,0.34645829362810493,0.0,0.8068699614440938,0.8068699614440938,0.08428775347685462,0.6650849085871703
phylop,s3_50,0.0770158,0.016960600000000006,4,104,0.3298016448959845,0.0,0.8074040426981602,0.8074040426981602,0.08008056144716941,0.6302192976736695
phylop,s3_50,0.0774724,0.016504000000000005,4,104,0.3298016448959845,0.0,0.8074040426981602,0.8074040426981602,0.08008056144716941,0.6302192976736695
phylop,s3_50,0.0805512,0.0153229,3,108,0.23819007686932217,0.0,0.6230695332649963,0.6230695332649963,0.0,0.49061916924166676
phylop,s3_50,0.0807244,0.015244099999999997,3,123,0.20914250651940483,0.0,0.923887122416534,0.923887122416534,0.0,0.4308187484352996
phylop,s3_50,0.0832913,0.0126772,3,105,0.24499550763701708,0.0,1.1268804770130438,1.1268804770130438,0.0,0.507220905431886
phylop,s3_50,0.0870236,0.010031499999999999,3,99,0.2598437202210787,0.0,1.1487939552455682,1.1487939552455682,0.0,0.5344000389469232
phylop,s3_50,0.0904173,0.009692900000000004,3,97,0.26520132269986385,0.0,1.2588134248249405,1.2588134248249405,0.0,0.5456227381936615
phylop,s3_50,0.0929055,0.009614200000000003,1,99,0.08661457340702623,0.0,0.5081644144144144,0.5081644144144144,0.0,0.26016963467321347
phylop,s3_50,0.0939764,0.010685100000000003,4,106,0.32357897235077726,0.0,1.60536013400335,1.60536013400335,0.07888266600972295,0.6264375641725939
phylop,s3_50,0.0942598,0.010575199999999993,11,105,0.8983168613357293,0.0,1.6502375527618116,1.6502375527618116,0.4728259094471054,1.4097133775669064
phylop,s3_50,0.0959685,0.0088665,11,102,0.9247379454926625,0.0,1.7331360439183388,1.7331360439183388,0.4864785009126954,1.4511549516412494
phylop,s3_50,0.0970551,0.007779899999999992,11,102,0.9247379454926625,0.0,1.7331360439183388,1.7331360439183388,0.4864785009126954,1.4511549516412494
phylop,s3_50,0.0978819,0.006953100000000004,11,99,0.9527603074772887,0.0,1.812800495748643,1.812800495748643,0.5016163598749341,1.4950616565591752
phylop,s3_50,0.0989449,0.005890099999999995,11,90,1.0480363382250175,0.0,2.3614407341151527,2.3614407341151527,0.5509560638643177,1.656551066702032
phylop,s3_50,0.10163,0.007370199999999993,11,90,1.0480363382250175,0.0,2.3677211391996056,2.3677211391996056,0.5491145649319801,1.6493801004495077
phylop,s3_50,0.102866,0.008606199999999994,11,90,1.0480363382250175,0.0,2.3677211391996056,2.3677211391996056,0.5491145649319801,1.6493801004495077
phylop,s3_50,0.104425,0.008456500000000006,10,94,0.9122173156697444,0.0,1.7280405405405403,1.7280405405405403,0.46078678138580986,1.4508368575411303
phylop,s3_50,0.104835,0.0088665,10,97,0.8840044089995461,0.0,1.6826483828308283,1.6826483828308283,0.44602521093325015,1.408966135774477
phylop,s3_50,0.105039,0.009070499999999995,10,97,0.8840044089995461,0.0,1.6826483828308283,1.6826483828308283,0.44602521093325015,1.408966135774477
phylop,s3_50,0.106795,0.010826500000000003,10,112,0.7656109613656784,0.0,1.2757975189750441,1.2757975189750441,0.38770200600533744,1.2156586759839152
phylop,s3_50,0.107055,0.0110865,10,112,0.7656109613656784,0.0,1.2757975189750441,1.2757975189750441,0.38770200600533744,1.2156586759839152
phylop,s3_50,0.111535,0.010268,10,96,0.8932127882599581,0.0,2.187043795620438,2.187043795620438,0.4483698519946853,1.4295715087450094
phylop,s3_50,0.111858,0.009944999999999996,10,93,0.9220261040102794,0.0,2.187043795620438,2.187043795620438,0.46155544668908,1.4772127285189833
phylop,s3_50,0.113614,0.009189000000000003,7,98,0.6124887690925427,0.0,1.5144015361638574,1.5144015361638574,0.2575926594601378,1.0517743152598529
phylop,s3_50,0.115945,0.011110000000000009,7,98,0.6124887690925427,0.0,1.4333333333333333,1.4333333333333333,0.25730817285324764,1.0490387269183221
phylop,s3_50,0.119031,0.014196,7,112,0.5359276729559749,0.0,1.3059510339902494,1.3059510339902494,0.22524007084563488,0.9116312094125177
phylop,s3_50,0.121126,0.014330999999999997,0,101,0.0,0.0,0.2546983000186811,0.0,0.0,0.2546983000186811
phylop,s3_50,0.121803,0.015007999999999994,0,101,0.0,0.0,0.2546983000186811,0.0,0.0,0.2546983000186811
phylop,s3_50,0.121874,0.015078999999999995,0,101,0.0,0.0,0.2546983000186811,0.0,0.0,0.2546983000186811
phylop,s3_50,0.123945,0.015676999999999996,0,100,0.0,0.0,0.25724528301886795,0.0,0.0,0.25724528301886795
phylop,s3_50,0.125551,0.014071,0,100,0.0,0.0,0.25724528301886795,0.0,0.0,0.25724528301886795
phylop,s3_50,0.131756,0.012725000000000014,1,101,0.08489943333956038,0.0,0.21060689492115545,0.21060689492115545,0.0,0.25500762161080365
phylop,s3_50,0.132701,0.011873999999999996,2,108,0.1587933845795481,0.0,0.2967176350662589,0.2967176350662589,0.0,0.37297806251776
phylop,s3_50,0.135087,0.013284000000000018,2,105,0.16333033842467803,0.0,0.30398822627765815,0.30398822627765815,0.0,0.3827101629812531
phylop,s3_50,0.139622,0.015676999999999996,3,101,0.2546983000186811,0.08349241281223094,0.5099188779446759,0.5099188779446759,0.07150100898192259,0.5402536363437315
phylop,s3_50,0.141276,0.014715999999999979,3,104,0.24735123367198839,0.07790838314535968,0.526053809588565,0.526053809588565,0.0696619879790496,0.5271033221174785
phylop,s3_50,0.141858,0.01413399999999998,3,104,0.24735123367198839,0.07790838314535968,0.526053809588565,0.526053809588565,0.0696619879790496,0.5271033221174785
phylop,s3_50,0.141866,0.014126,3,104,0.24735123367198839,0.07790838314535968,0.526053809588565,0.526053809588565,0.0696619879790496,0.5271033221174785
phylop,s3_50,0.142165,0.013826999999999978,3,104,0.24735123367198839,0.07790838314535968,0.526053809588565,0.526053809588565,0.0696619879790496,0.5271033221174785
phylop,s3_50,0.143575,0.012416999999999984,3,104,0.24735123367198839,0.07790838314535968,0.526053809588565,0.526053809588565,0.0696619879790496,0.5271033221174785
phylop,s3_50,0.143858,0.012133999999999978,3,104,0.24735123367198839,0.07790838314535968,0.526053809588565,0.526053809588565,0.0696619879790496,0.5271033221174785
phylop,s3_50,0.144575,0.012818999999999997,3,104,0.24735123367198839,0.07790838314535968,0.526053809588565,0.526053809588565,0.0696619879790496,0.5271033221174785
phylop,s3_50,0.150118,0.012937000000000004,6,94,0.5473303894018466,0.18530907909228103,1.3355532786885247,1.3355532786885247,0.19688555537641492,0.9730556694375788
phylop,s3_50,0.152008,0.012337999999999988,6,101,0.5093966000373622,0.19367747098839536,1.0317833962856908,1.0317833962856908,0.1828989813633545,0.9107936933372177
phylop,s3_50,0.152693,0.011652999999999997,6,101,0.5093966000373622,0.19367747098839536,1.0317833962856908,1.0317833962856908,0.1828989813633545,0.9107936933372177
phylop,s3_50,0.154205,0.011707999999999996,10,98,0.8749839558464896,0.26896828582898435,1.459775580068467,1.459775580068467,0.4464975422775563,1.4219282000324447
phylop,s3_50,0.155992,0.011416999999999983,9,96,0.8038915094339621,0.15427390982287564,1.4182312925170069,1.4182312925170069,0.3896223919066909,1.3285033995258433
phylop,s3_50,0.162016,0.014307000000000014,8,92,0.7456385015039649,0.14540973505853358,1.3715973260486822,1.3715973260486822,0.3435393765577387,1.26049795615013
phylop,s3_50,0.163055,0.013268000000000002,8,92,0.7456385015039649,0.14540973505853358,1.3715973260486822,1.3715973260486822,0.3435393765577387,1.26049795615013
phylop,s3_50,0.16411,0.013992000000000004,8,92,0.7456385015039649,0.14540973505853358,1.3715973260486822,1.3715973260486822,0.3435393765577387,1.26049795615013
phylop,s3_50,0.164346,0.01422799999999999,8,92,0.7456385015039649,0.14540973505853358,1.3715973260486822,1.3715973260486822,0.3435393765577387,1.26049795615013
phylop,s3_50,0.165764,0.015645999999999993,8,98,0.6999871646771916,0.12151360043001379,1.2713662586182637,1.2713662586182637,0.3243596108012391,1.1778200052207513
phylop,s3_50,0.165913,0.015795000000000003,8,98,0.6999871646771916,0.12151360043001379,1.2713662586182637,1.2713662586182637,0.3243596108012391,1.1778200052207513
phylop,s3_50,0.166984,0.016865999999999992,8,98,0.6999871646771916,0.12151360043001379,1.2713662586182637,1.2713662586182637,0.3243596108012391,1.1778200052207513
phylop,s3_50,0.174276,0.02158299999999999,7,94,0.6385521209688211,0.10885011320444103,1.4312254748758553,1.4312254748758553,0.26886304952725676,1.0961854902666794
phylop,s3_50,0.176323,0.020331000000000016,7,93,0.6454182728071955,0.10964026218332085,1.4936763921716054,1.4936763921716054,0.2723184402653541,1.1107147337499417
phylop,s3_50,0.179819,0.02344099999999999,9,91,0.8480613725896744,0.2886135638666728,1.6602914868253653,1.6602914868253653,0.40914583557775075,1.3871189901314185
phylop,s3_50,0.18878,0.019188999999999984,6,95,0.5415690168818272,0.20846775278415874,0.9942709912752863,0.9942709912752863,0.1987556853581453,0.9449529782338965
phylop,s3_50,0.190984,0.016985,6,95,0.5415690168818272,0.20846775278415874,0.9942709912752863,0.9942709912752863,0.1987556853581453,0.9449529782338965
phylop,s3_50,0.193315,0.018433000000000005,8,99,0.6929165872562099,0.22486357988005834,1.1063402446042028,1.1063402446042028,0.3237404402421303,1.1509548464557269
phylop,s3_50,0.196102,0.015796000000000004,8,93,0.7376208832082234,0.23329596412556056,1.3603322141080583,1.3603322141080583,0.34244850316733133,1.2312252964426877
phylop,s3_50,0.199858,0.012039999999999995,8,93,0.7376208832082234,0.23329596412556056,1.3603322141080583,1.3603322141080583,0.34244850316733133,1.2312252964426877
phylop,s3_50,0.20326,0.011945000000000011,14,108,1.1115536920568367,0.500938972141409,1.7283097180478033,1.7283097180478033,0.6422110552763819,1.688899781561071
phylop,s3_50,0.204331,0.010873999999999995,14,102,1.1769392033542978,0.5699940621143714,1.8489899586490495,1.8489899586490495,0.6775644412117756,1.7915596751205602
phylop,s3_50,0.204646,0.010559000000000013,14,102,1.1769392033542978,0.5699940621143714,1.8489899586490495,1.8489899586490495,0.6775644412117756,1.7915596751205602
phylop,s3_50,0.207283,0.007922000000000012,14,96,1.2504979035639412,0.6468705547652916,2.499430801756383,2.499430801756383,0.7201297614367129,1.9074426093050902
phylop,s3_50,0.207969,0.00723600000000002,12,92,1.1184577522559476,0.36531929805621305,1.68224619365452,1.68224619365452,0.6052487895107597,1.7490785947025436
phylop,s3_50,0.211748,0.004464999999999997,16,112,1.2249775381850854,0.0,1.5158623242021707,1.5158623242021707,0.7298485551625471,1.830854167383098
phylop,s3_50,0.211898,0.004615000000000008,16,112,1.2249775381850854,0.0,1.5158623242021707,1.5158623242021707,0.7298485551625471,1.830854167383098
phylop,s3_50,0.21411,0.004133999999999999,15,86,1.4956121105748135,0.42990672329319934,2.4248955888833508,2.4248955888833508,0.8645302350413769,2.25154955606628
phylop,s3_50,0.215205,0.0034570000000000156,15,89,1.445198219207123,0.3975863779137047,2.083114491834948,2.083114491834948,0.837691543061775,2.1795010201589418
phylop,s3_50,0.215488,0.003716999999999998,13,91,1.2249775381850854,0.3059800771120082,1.8647836538461535,1.8647836538461535,0.6761764946575258,1.8781239953742517
phylop,s3_50,0.215961,0.0032440000000000246,13,88,1.2667381360777588,0.3218067022826615,1.9009147528221098,1.9009147528221098,0.7004755331213404,1.9405234870002182
phylop,s3_50,0.217197,0.0030870000000000064,13,88,1.2667381360777588,0.3218067022826615,1.9009147528221098,1.9009147528221098,0.7004755331213404,1.9405234870002182
phylop,s3_50,0.217598,0.0027639999999999887,12,89,1.1561585753656987,0.0,1.5809803836823342,1.5809803836823342,0.619440914866582,1.7971923972251427
phylop,s3_50,0.218244,0.003038999999999986,12,89,1.1561585753656987,0.0,1.5809803836823342,1.5809803836823342,0.619440914866582,1.7971923972251427
phylop,s3_50,0.218449,0.003243999999999997,12,89,1.1561585753656987,0.0,1.5809803836823342,1.5809803836823342,0.619440914866582,1.7971923972251427
phylop,s3_50,0.218937,0.0037319999999999853,12,89,1.1561585753656987,0.0,1.5809803836823342,1.5809803836823342,0.619440914866582,1.7971923972251427
phylop,s3_50,0.219205,0.0040000000000000036,12,89,1.1561585753656987,0.0,1.5809803836823342,1.5809803836823342,0.619440914866582,1.7971923972251427
phylop,s3_50,0.220362,0.005156999999999995,12,92,1.1184577522559476,0.0,1.4806781654891432,1.4806781654891432,0.5985414768413583,1.7345679527305748
phylop,s3_50,0.225496,0.010007999999999989,9,95,0.8123535253227407,0.24569497592036063,1.1760636000571023,1.1760636000571023,0.3875855345302867,1.324681743041118
phylop,s3_50,0.230921,0.015432999999999975,10,115,0.7456385015039649,0.17199612403100778,1.214915321382589,1.214915321382589,0.3787270763781586,1.186529415598881
phylop,s3_50,0.233953,0.01846499999999998,10,115,0.7456385015039649,0.17199612403100778,1.214915321382589,1.214915321382589,0.3787270763781586,1.186529415598881
phylop,s3_50,0.234772,0.019283999999999996,10,115,0.7456385015039649,0.17199612403100778,1.214915321382589,1.214915321382589,0.3787270763781586,1.186529415598881
phylop,s3_50,0.236094,0.020605999999999985,11,120,0.7860272536687631,0.32294447602764065,1.224855531095212,1.224855531095212,0.4150874524714829,1.2244658467434257
phylop,s3_50,0.237803,0.020865999999999996,7,98,0.6124887690925427,0.20397471222336147,1.2963666515905323,1.2963666515905323,0.2547511289805024,1.0496953956654973
phylop,s3_50,0.240157,0.021519999999999984,5,106,0.4044737154384716,0.1920111018491581,0.6596850393700787,0.6596850393700787,0.14511360284409017,0.7391415645579494
phylop,s3_50,0.242535,0.022173,5,97,0.44200220449977307,0.256519823394669,0.6810815237160132,0.6810815237160132,0.15746458023285212,0.8114222952147165
phylop,s3_50,0.24322,0.022772000000000014,5,104,0.41225205611998067,0.18491617329410392,0.6788247213779128,0.6788247213779128,0.147720082943418,0.7550580451221206
phylop,s3_50,0.25485,0.020897000000000027,8,107,0.6411097396108858,0.2319227347820562,1.0604895104895105,1.0604895104895105,0.2892428342441266,1.06914615971067
phylop,s3_50,0.257583,0.01999200000000001,6,98,0.5249903735078937,0.11110527237694869,1.2045485904411186,1.2045485904411186,0.1911090236126385,0.9286560805277042
phylop,s3_50,0.258669,0.018906000000000034,6,95,0.5415690168818272,0.11548738991252361,1.2409983633387889,1.2409983633387889,0.19800974001359228,0.9579576834916304
phylop,s3_50,0.259307,0.01915,6,95,0.5415690168818272,0.11548738991252361,1.2409983633387889,1.2409983633387889,0.19800974001359228,0.9579576834916304
phylop,s3_50,0.260906,0.018967999999999985,6,96,0.5359276729559749,0.1149764954781051,1.2141965400392367,1.2141965400392367,0.19555518490459584,0.9466946165932553
phylop,s3_50,0.261677,0.018457,5,95,0.45130751406818936,0.0,1.1693259086256886,1.1693259086256886,0.1603684903177289,0.8249220968328366
phylop,s3_50,0.265992,0.017708999999999975,5,95,0.45130751406818936,0.0,1.1776384535005227,1.1776384535005227,0.16035888978230703,0.826741597202549
phylop,s3_50,0.271047,0.013463999999999976,5,98,0.4374919779232448,0.0,1.1266363511092738,1.1266363511092738,0.15857056740576375,0.8019208874636709
phylop,s3_50,0.275268,0.015961000000000003,7,101,0.5942960333769226,0.15143939393939393,1.2470047366954584,1.2470047366954584,0.2525453030441881,1.0222536818753913
phylop,s3_50,0.277575,0.015898000000000023,7,95,0.631830519695465,0.12289068231841527,1.6284102459386858,1.6284102459386858,0.26847086055592606,1.0886479591836735
phylop,s3_50,0.279874,0.013961000000000001,7,96,0.6252489517819706,0.13852605740433171,1.6880186069901937,1.6880186069901937,0.2673579639795427,1.0748745658962713
phylop,s3_50,0.283701,0.016827000000000036,7,97,0.6188030862996823,0.09861577790560136,1.612235803412274,1.612235803412274,0.262641236628803,1.0602921562114906
phylop,s3_50,0.284181,0.016347,7,97,0.6188030862996823,0.09861577790560136,1.612235803412274,1.612235803412274,0.262641236628803,1.0602921562114906
phylop,s3_50,0.285409,0.015118999999999994,7,97,0.6188030862996823,0.09861577790560136,1.612235803412274,1.612235803412274,0.262641236628803,1.0602921562114906
phylop,s3_50,0.286811,0.013717000000000035,7,94,0.6385521209688211,0.09861577790560136,1.7891269506970628,1.7891269506970628,0.2709899941574478,1.095308108884687
phylop,s3_50,0.288252,0.012983999999999996,7,94,0.6385521209688211,0.09861577790560136,1.7891269506970628,1.7891269506970628,0.2709899941574478,1.095308108884687
phylop,s3_50,0.290173,0.014905000000000002,7,97,0.6188030862996823,0.09861577790560136,1.7139350454821207,1.7139350454821207,0.26285195541804374,1.058714013654776
phylop,s3_50,0.292299,0.016528000000000043,5,100,0.4287421383647799,0.12804487179487178,0.7130656155046399,0.7130656155046399,0.1560683014271597,0.795138684299904
phylop,s3_50,0.293717,0.01614199999999999,5,100,0.4287421383647799,0.12804487179487178,0.7130656155046399,0.7130656155046399,0.1560683014271597,0.795138684299904
phylop,s3_50,0.293835,0.016259999999999997,5,100,0.4287421383647799,0.12804487179487178,0.7130656155046399,0.7130656155046399,0.1560683014271597,0.795138684299904
phylop,s3_50,0.296079,0.01716500000000004,5,100,0.4287421383647799,0.11719762829102003,0.9870087463556851,0.9870087463556851,0.1558656349508941,0.7928747712371943
phylop,s3_50,0.300409,0.015952999999999995,5,100,0.4287421383647799,0.11579686322854599,0.8176521986055773,0.8176521986055773,0.15413653997965399,0.7887343955431659
phylop,s3_50,0.300528,0.01583399999999996,5,100,0.4287421383647799,0.11579686322854599,0.8176521986055773,0.8176521986055773,0.15413653997965399,0.7887343955431659
phylop,s3_50,0.304496,0.014102000000000003,2,104,0.16490082244799226,0.0,0.3079472693032015,0.3079472693032015,0.0,0.38865112708905625
phylop,s3_50,0.305709,0.012888999999999984,2,98,0.1749967911692979,0.0,0.3498743931790584,0.3498743931790584,0.0,0.4135605892130903
phylop,s3_50,0.306528,0.012811000000000017,2,101,0.16979886667912075,0.0,0.3384861686301315,0.3384861686301315,0.0,0.40045381843490646
phylop,s3_50,0.308827,0.015110000000000012,2,104,0.16490082244799226,0.0,0.32458568921817116,0.32458568921817116,0.0,0.38993151520073754
phylop,s3_50,0.311496,0.013284000000000018,3,99,0.2598437202210787,0.07477276730965982,0.5757470036290707,0.5757470036290707,0.07028963649940204,0.5520072212221662
phylop,s3_50,0.313244,0.012716000000000005,3,97,0.26520132269986385,0.07910515926047873,0.5721202157104364,0.5721202157104364,0.07119304091541434,0.5629473986277285
phylop,s3_50,0.315095,0.010951999999999962,3,100,0.25724528301886795,0.0742464808729869,0.5630617709393951,0.5630617709393951,0.06964185681454427,0.5474473553821378
phylop,s3_50,0.316362,0.009780000000000011,4,98,0.3499935823385958,0.16632769280833062,0.4486557898517265,0.4486557898517265,0.08651890785600684,0.6833301494539865
phylop,s3_50,0.318598,0.007622000000000018,5,105,0.40832584606169514,0.2592556320425173,0.4732737561965261,0.4732737561965261,0.1467843102634798,0.7607413371605387
phylop,s3_50,0.319228,0.006991999999999998,5,96,0.44660639412997905,0.3007597559571774,0.5196825728307404,0.5196825728307404,0.1599881046296564,0.8381736823613866
phylop,s3_50,0.322268,0.009023999999999976,5,98,0.4374919779232448,0.29207219125011813,0.5150473159225895,0.5150473159225895,0.15690693142459305,0.81464609813167
phylop,s3_50,0.32478,0.008418000000000037,6,97,0.5304026453997277,0.3334785464542793,0.7018433179723503,0.7018433179723503,0.19136031338209175,0.9491452442122877
phylop,s3_50,0.325394,0.00903200000000004,6,97,0.5304026453997277,0.3334785464542793,0.7018433179723503,0.7018433179723503,0.19136031338209175,0.9491452442122877
phylop,s3_50,0.326047,0.009685,6,100,0.5144905660377359,0.3334785464542793,0.6575196507634794,0.6575196507634794,0.1851108852631962,0.9186869575998011
phylop,s3_50,0.326142,0.009780000000000011,6,100,0.5144905660377359,0.3334785464542793,0.6575196507634794,0.6575196507634794,0.1851108852631962,0.9186869575998011
phylop,s3_50,0.32622,0.009858000000000033,6,100,0.5144905660377359,0.3334785464542793,0.6575196507634794,0.6575196507634794,0.1851108852631962,0.9186869575998011
phylop,s3_50,0.329756,0.011158000000000001,6,109,0.4720096936126017,0.2518018018018018,0.5816426935737798,0.5816426935737798,0.16605012699210886,0.8321101302669589
phylop,s3_50,0.332528,0.013811000000000018,7,93,0.6454182728071955,0.4275935828877005,0.7361619727176412,0.7361619727176412,0.2632443816979849,1.1086830866766737
phylop,s3_50,0.335724,0.015393999999999963,7,93,0.6454182728071955,0.39691427149433867,0.7803914445302211,0.7803914445302211,0.263710445490569,1.1104371906712367
phylop,s3_50,0.340205,0.014810999999999963,7,93,0.6454182728071955,0.4062978082920647,0.7701034366474466,0.7701034366474466,0.26427204687606987,1.1091027519947891
phylop,s3_50,0.341016,0.01562199999999997,7,93,0.6454182728071955,0.4062978082920647,0.7701034366474466,0.7701034366474466,0.26427204687606987,1.1091027519947891
phylop,s3_50,0.346339,0.020118999999999998,5,101,0.4244971666978019,0.2074175302006368,0.7065841361753107,0.7065841361753107,0.14822116464290375,0.7730486784464442
phylop,s3_50,0.351118,0.018589999999999995,5,99,0.43307286703513126,0.25505582137161087,0.6764697900405703,0.6764697900405703,0.15080072825934815,0.7883880162189468
phylop,s3_50,0.35315,0.02062200000000003,5,108,0.3969834614488703,0.23590584761748548,0.6554012835216321,0.6554012835216321,0.13939915340153092,0.7222287114669265
phylop,s3_50,0.354268,0.021740000000000037,5,108,0.3969834614488703,0.23590584761748548,0.6554012835216321,0.6554012835216321,0.13939915340153092,0.7222287114669265
phylop,s3_50,0.360299,0.024866,5,98,0.4374919779232448,0.29358365999587377,0.6940512437013693,0.6940512437013693,0.15497962874945237,0.8084908644579133
phylop,s3_50,0.360394,0.024770999999999987,5,98,0.4374919779232448,0.29358365999587377,0.6940512437013693,0.6940512437013693,0.15497962874945237,0.8084908644579133
phylop,s3_50,0.361236,0.023928999999999978,5,95,0.45130751406818936,0.29358365999587377,0.7301944971537002,0.7301944971537002,0.15901926887518772,0.8358933671789949
phylop,s3_50,0.368638,0.022085999999999995,6,96,0.5359276729559749,0.3002505210541793,0.8264652014652014,0.8264652014652014,0.1908401857057088,0.9492307692307692
phylop,s3_50,0.369039,0.02168500000000001,6,96,0.5359276729559749,0.3002505210541793,0.8264652014652014,0.8264652014652014,0.1908401857057088,0.9492307692307692
phylop,s3_50,0.369803,0.020921000000000023,6,96,0.5359276729559749,0.3002505210541793,0.8264652014652014,0.8264652014652014,0.1908401857057088,0.9492307692307692
phylop,s3_50,0.377819,0.017520000000000036,5,109,0.39334141134383477,0.2067754827624846,0.6717589263295998,0.6717589263295998,0.13936051968462085,0.72011985279612
phylop,s3_50,0.385165,0.015361999999999987,9,97,0.7956039680995914,0.5586961590737276,1.0864284221334204,1.0864284221334204,0.3854277170438968,1.2880425381203258
phylop,s3_50,0.385189,0.015338999999999992,9,94,0.82099558410277,0.5470183167504492,1.252202887128298,1.252202887128298,0.3993284188528476,1.3281142011823268
phylop,s3_50,0.387008,0.013519999999999976,9,94,0.82099558410277,0.5470183167504492,1.252202887128298,1.252202887128298,0.3993284188528476,1.3281142011823268
phylop,s3_50,0.388087,0.01244099999999998,9,94,0.82099558410277,0.5470183167504492,1.252202887128298,1.252202887128298,0.3993284188528476,1.3281142011823268
phylop,s3_50,0.390724,0.00980399999999998,8,92,0.7456385015039649,0.4512719744216977,1.1188394276629572,1.1188394276629572,0.3463716708601249,1.245952923820493
phylop,s3_50,0.391032,0.009496000000000004,8,92,0.7456385015039649,0.4512719744216977,1.1188394276629572,1.1188394276629572,0.3463716708601249,1.245952923820493
phylop,s3_50,0.392157,0.008371000000000017,8,92,0.7456385015039649,0.4512719744216977,1.1188394276629572,1.1188394276629572,0.3463716708601249,1.245952923820493
phylop,s3_50,0.392213,0.008315000000000017,8,92,0.7456385015039649,0.4512719744216977,1.1188394276629572,1.1188394276629572,0.3463716708601249,1.245952923820493
phylop,s3_50,0.394299,0.009134000000000031,8,92,0.7456385015039649,0.4512719744216977,1.1188394276629572,1.1188394276629572,0.3463716708601249,1.245952923820493
phylop,s3_50,0.396512,0.008874000000000049,7,93,0.6454182728071955,0.3034059007362678,0.9812727183864823,0.9812727183864823,0.2746733648548533,1.0993385549140722
phylop,s3_50,0.396898,0.008810999999999958,7,93,0.6454182728071955,0.3034059007362678,0.9812727183864823,0.9812727183864823,0.2746733648548533,1.0993385549140722
phylop,s3_50,0.397087,0.008873999999999993,7,99,0.6063020138491837,0.28152268142799247,0.8340497669068233,0.8340497669068233,0.25777389871143347,1.0355625874861616
phylop,s3_50,0.400402,0.009677999999999964,7,99,0.6063020138491837,0.28152268142799247,0.8340497669068233,0.8340497669068233,0.25777389871143347,1.0355625874861616
phylop,s3_50,0.400528,0.00980399999999998,7,99,0.6063020138491837,0.28152268142799247,0.8340497669068233,0.8340497669068233,0.25777389871143347,1.0355625874861616
phylop,s3_50,0.405032,0.012819000000000025,5,95,0.45130751406818936,0.0,0.8678353658536585,0.8678353658536585,0.15973985940077184,0.8282988869290189
phylop,s3_50,0.405386,0.012621999999999967,5,95,0.45130751406818936,0.0,0.8693176239567992,0.8693176239567992,0.16002736717855923,0.8292042257259645
phylop,s3_50,0.405961,0.012046999999999974,5,95,0.45130751406818936,0.0,0.8693176239567992,0.8693176239567992,0.16002736717855923,0.8292042257259645
phylop,s3_50,0.410591,0.014079000000000008,6,94,0.5473303894018466,0.18664025530978323,0.9625030435841248,0.9625030435841248,0.1968457792288339,0.9636043000807535
phylop,s3_50,0.41174,0.01522800000000002,6,99,0.5196874404421574,0.17330880850194152,0.8484919493318426,0.8484919493318426,0.18670649181340818,0.9151489178853264
phylop,s3_50,0.415087,0.01818900000000001,4,107,0.3205548698054429,0.0,0.4121273162245424,0.4121273162245424,0.08084190999313386,0.6232886404707674
phylop,s3_50,0.418008,0.018786999999999998,5,111,0.3862541787070089,0.0,0.5333180147058824,0.5333180147058824,0.14001584533063982,0.711690632853087
phylop,s3_50,0.418134,0.018660999999999983,5,111,0.3862541787070089,0.0,0.5333180147058824,0.5333180147058824,0.14001584533063982,0.711690632853087
phylop,s3_50,0.418614,0.018181000000000003,5,108,0.3969834614488703,0.0,0.5443493264037096,0.5443493264037096,0.14412375334945282,0.733602243631912
phylop,s3_50,0.422465,0.017432999999999976,5,102,0.4203354297693921,0.0,0.5897272477607327,0.5897272477607327,0.15214207677388256,0.7762215604176393
phylop,s3_50,0.423362,0.018330000000000013,5,102,0.4203354297693921,0.0,0.5897272477607327,0.5897272477607327,0.15214207677388256,0.7762215604176393
phylop,s3_50,0.425614,0.019652999999999976,5,95,0.45130751406818936,0.0,0.6887755102040816,0.6887755102040816,0.16282731013197765,0.8368134734536833
phylop,s3_50,0.426394,0.02043299999999998,5,95,0.45130751406818936,0.0,0.6887755102040816,0.6887755102040816,0.16282731013197765,0.8368134734536833
phylop,s3_50,0.429197,0.019519999999999982,5,95,0.45130751406818936,0.0,0.6992179248233532,0.6992179248233532,0.16178990717767502,0.8351592447301829
phylop,s3_50,0.429913,0.019322000000000006,5,101,0.4244971666978019,0.0,0.675798319327731,0.675798319327731,0.15305584530659397,0.7829065779538703
phylop,s3_50,0.435551,0.021511999999999976,6,99,0.5196874404421574,0.0,0.8914714151827554,0.8914714151827554,0.1883464132614619,0.9234655085179743
phylop,s3_50,0.435756,0.02130700000000002,6,99,0.5196874404421574,0.0,0.8914714151827554,0.8914714151827554,0.1883464132614619,0.9234655085179743
phylop,s3_50,0.436795,0.021708000000000005,6,99,0.5196874404421574,0.0,0.8914714151827554,0.8914714151827554,0.1883464132614619,0.9234655085179743
phylop,s3_50,0.444961,0.018747999999999987,9,93,0.8298234936092513,0.39099909953686346,1.2002790395308405,1.2002790395308405,0.4026116347797488,1.3529217576941197
phylop,s3_50,0.447795,0.01788200000000001,9,96,0.8038915094339621,0.37206775868890457,1.128857142857143,1.128857142857143,0.3908681027696271,1.310090926942345
phylop,s3_50,0.448717,0.018803999999999987,9,96,0.8038915094339621,0.37206775868890457,1.128857142857143,1.128857142857143,0.3908681027696271,1.310090926942345
phylop,s3_50,0.449228,0.019315000000000027,9,96,0.8038915094339621,0.37206775868890457,1.128857142857143,1.128857142857143,0.3908681027696271,1.310090926942345
phylop,s3_50,0.44985,0.018810999999999967,9,96,0.8038915094339621,0.37206775868890457,1.128857142857143,1.128857142857143,0.38770282157933517,1.3022329145156746
phylop,s3_50,0.452496,0.016740000000000033,9,93,0.8298234936092513,0.39717464792407536,1.1574017518939392,1.1574017518939392,0.40077803851165494,1.342366575512001
phylop,s3_50,0.457063,0.020268000000000008,9,101,0.7640949000560433,0.36401105951980384,1.0590454879974154,1.0590454879974154,0.36798524192616283,1.2315716890178585
phylop,s3_50,0.458882,0.019550999999999985,5,96,0.44660639412997905,0.10895849628432683,0.8681100139188769,0.8681100139188769,0.16224362427061903,0.8092297726766386
phylop,s3_50,0.458921,0.019511999999999974,5,96,0.44660639412997905,0.10895849628432683,0.8681100139188769,0.8681100139188769,0.16224362427061903,0.8092297726766386
phylop,s3_50,0.459701,0.01873199999999997,5,96,0.44660639412997905,0.10895849628432683,0.8681100139188769,0.8681100139188769,0.16224362427061903,0.8092297726766386
phylop,s3_50,0.459961,0.01847199999999999,5,96,0.44660639412997905,0.10895849628432683,0.8681100139188769,0.8681100139188769,0.16224362427061903,0.8092297726766386
phylop,s3_50,0.463709,0.015724000000000016,5,97,0.44200220449977307,0.09912417077498689,0.9736308316430021,0.9736308316430021,0.16053430680494674,0.804800063988912
phylop,s3_50,0.464024,0.015409000000000006,5,97,0.44200220449977307,0.09912417077498689,0.9736308316430021,0.9736308316430021,0.16053430680494674,0.804800063988912
phylop,s3_50,0.465079,0.016362000000000043,5,97,0.44200220449977307,0.09912417077498689,0.9736308316430021,0.9736308316430021,0.16053430680494674,0.804800063988912
phylop,s3_50,0.468661,0.019944000000000017,5,97,0.44200220449977307,0.09912417077498689,0.9736308316430021,0.9736308316430021,0.16053430680494674,0.804800063988912
phylop,s3_50,0.468937,0.020220000000000016,5,97,0.44200220449977307,0.09912417077498689,0.9736308316430021,0.9736308316430021,0.16053430680494674,0.804800063988912
phylop,s3_50,0.472339,0.02248899999999998,6,94,0.5473303894018466,0.14873417721518986,1.1084226293351769,1.1084226293351769,0.1958550344476691,0.9608622716500794
phylop,s3_50,0.475488,0.02563799999999994,6,100,0.5144905660377359,0.13823529411764707,1.0993585272212207,1.0993585272212207,0.18382224634777383,0.8992387982422237
phylop,s3_50,0.478433,0.022692999999999963,5,95,0.45130751406818936,0.0,0.9709839520181551,0.9709839520181551,0.15723500983404945,0.8158419896435922
phylop,s3_50,0.478701,0.022424999999999973,5,95,0.45130751406818936,0.0,0.9709839520181551,0.9709839520181551,0.15723500983404945,0.8158419896435922
phylop,s3_50,0.479433,0.02237,5,95,0.45130751406818936,0.0,0.9709839520181551,0.9709839520181551,0.15723500983404945,0.8158419896435922
phylop,s3_50,0.493417,0.028337999999999974,2,99,0.17322914681405246,0.0,0.34087719298245617,0.34087719298245617,0.0,0.40013366680158824
phylop,s3_50,0.494764,0.02968499999999996,2,99,0.17322914681405246,0.0,0.34087719298245617,0.34087719298245617,0.0,0.40013366680158824
phylop,s3_50,0.501126,0.02878699999999995,5,97,0.44200220449977307,0.11410672989666577,0.7887846136021318,0.7887846136021318,0.1587921044570661,0.8123837002307479
phylop,s3_50,0.508386,0.02454299999999998,8,92,0.7456385015039649,0.26052614184678435,1.4194235750105622,1.4194235750105622,0.33581198486984776,1.2448814637082999
phylop,s3_50,0.510205,0.022723999999999966,8,92,0.7456385015039649,0.26052614184678435,1.4194235750105622,1.4194235750105622,0.33581198486984776,1.2448814637082999
phylop,s3_50,0.510236,0.022692999999999963,8,92,0.7456385015039649,0.26052614184678435,1.4194235750105622,1.4194235750105622,0.33581198486984776,1.2448814637082999
phylop,s3_50,0.514024,0.019589999999999996,7,95,0.631830519695465,0.138466961802124,1.2795893719806761,1.2795893719806761,0.26554543484761506,1.0749374197393997
phylop,s3_50,0.519984,0.016669999999999963,8,101,0.679195466716483,0.27503485640557696,1.3278881101760363,1.3278881101760363,0.30684010466096734,1.133605463408834
phylop,s3_50,0.520866,0.015787999999999913,8,101,0.679195466716483,0.27503485640557696,1.3278881101760363,1.3278881101760363,0.30684010466096734,1.133605463408834
phylop,s3_50,0.521087,0.015566999999999998,8,101,0.679195466716483,0.27503485640557696,1.3278881101760363,1.3278881101760363,0.30684010466096734,1.133605463408834
phylop,s3_50,0.521315,0.015338999999999992,8,101,0.679195466716483,0.27503485640557696,1.3278881101760363,1.3278881101760363,0.30684010466096734,1.133605463408834
phylop,s3_50,0.526843,0.014385000000000092,9,95,0.8123535253227407,0.34293046216566525,1.3125136971290816,1.3125136971290816,0.3920198482121135,1.320158601756714
phylop,s3_50,0.527803,0.01342500000000002,9,92,0.8388433141919606,0.3494795371144909,1.3421484237822394,1.3421484237822394,0.40406683910094265,1.3691950075989647
phylop,s3_50,0.529756,0.011472000000000038,9,92,0.8388433141919606,0.3494795371144909,1.3421484237822394,1.3421484237822394,0.40406683910094265,1.3691950075989647
phylop,s3_50,0.532331,0.011951999999999963,9,102,0.7566037735849056,0.3089143167030759,1.28392551369863,1.28392551369863,0.3634555495313429,1.2273951729731545
phylop,s3_50,0.532472,0.011811000000000016,9,102,0.7566037735849056,0.3089143167030759,1.28392551369863,1.28392551369863,0.3634555495313429,1.2273951729731545
phylop,s3_50,0.532488,0.011795,9,102,0.7566037735849056,0.3089143167030759,1.28392551369863,1.28392551369863,0.3634555495313429,1.2273951729731545
phylop,s3_50,0.532575,0.01170799999999994,9,96,0.8038915094339621,0.35142359915537646,1.366792256107675,1.366792256107675,0.3857292003129229,1.3017399770432065
phylop,s3_50,0.532929,0.011614000000000013,8,94,0.7297738525357955,0.1850561125917751,1.3162258552902848,1.3162258552902848,0.33209665220513157,1.2221152416777166
phylop,s3_50,0.533614,0.011684999999999945,9,93,0.8298234936092513,0.3650238656136541,1.4030000874661068,1.4030000874661068,0.3986958607781818,1.3570337943516873
phylop,s3_50,0.534236,0.011062999999999934,9,93,0.8298234936092513,0.3650238656136541,1.4030000874661068,1.4030000874661068,0.3986958607781818,1.3570337943516873
phylop,s3_50,0.536654,0.009811000000000014,9,93,0.8298234936092513,0.3650238656136541,1.4030000874661068,1.4030000874661068,0.3986958607781818,1.3570337943516873
phylop,s3_50,0.540283,0.010526999999999953,8,93,0.7376208832082234,0.37502421207161774,1.403501628664495,1.403501628664495,0.32792884957982077,1.2324745019531569
phylop,s3_50,0.541228,0.011472000000000038,8,93,0.7376208832082234,0.37502421207161774,1.403501628664495,1.403501628664495,0.32792884957982077,1.2324745019531569
phylop,s3_50,0.544283,0.011811000000000016,12,92,1.1184577522559476,0.48373349799156773,2.2477091783085474,2.2477091783085474,0.6128410665854979,1.7415745378517817
phylop,s3_50,0.545299,0.012723999999999958,11,91,1.03651945538738,0.5223454069687371,1.5893025032263108,1.5893025032263108,0.5377385123029047,1.6350695825610368
phylop,s3_50,0.547449,0.01321299999999992,11,92,1.025252939567952,0.551793842290963,1.5734765719255774,1.5734765719255774,0.5294373099390144,1.6162967794833643
phylop,s3_50,0.553039,0.016384999999999983,12,97,1.0608052907994554,0.6204038427807008,1.4530369109669183,1.4530369109669183,0.5764225046663024,1.6391274005095011
phylop,s3_50,0.553331,0.016677000000000053,12,97,1.0608052907994554,0.6204038427807008,1.4530369109669183,1.4530369109669183,0.5764225046663024,1.6391274005095011
phylop,s3_50,0.55337,0.016716000000000064,12,97,1.0608052907994554,0.6204038427807008,1.4530369109669183,1.4530369109669183,0.5764225046663024,1.6391274005095011
phylop,s3_50,0.556646,0.01999200000000001,13,98,1.1374791426004363,0.6204038427807008,1.6439317433920484,1.6439317433920484,0.6368506643492594,1.7418367346938775
phylop,s3_50,0.556709,0.020055000000000045,13,98,1.1374791426004363,0.6204038427807008,1.6439317433920484,1.6439317433920484,0.6368506643492594,1.7418367346938775
phylop,s3_50,0.557543,0.020889000000000046,13,98,1.1374791426004363,0.6204038427807008,1.6439317433920484,1.6439317433920484,0.6368506643492594,1.7418367346938775
phylop,s3_50,0.558819,0.02024400000000004,12,95,1.0831380337636545,0.3954367666232073,1.648068669527897,1.648068669527897,0.5913326537090594,1.688504187344913
phylop,s3_50,0.560811,0.02052799999999999,12,95,1.0831380337636545,0.3954367666232073,1.648068669527897,1.648068669527897,0.5913326537090594,1.688504187344913
phylop,s3_50,0.567173,0.025865999999999945,11,89,1.0598120274185572,0.3723665225155707,1.9028723671126802,1.9028723671126802,0.5593954248366013,1.6703325187096663
phylop,s3_50,0.570157,0.025874000000000064,11,95,0.9928765309500166,0.3204374513702775,1.7809872239354876,1.7809872239354876,0.5277972937045519,1.5559065643901862
phylop,s3_50,0.579063,0.02596799999999999,8,96,0.7145702306079664,0.20477078891257994,1.3905129613697025,1.3905129613697025,0.32256629334203846,1.1864759427828349
phylop,s3_50,0.587598,0.030054999999999943,7,99,0.6063020138491837,0.28244857658273254,1.223932052208869,1.223932052208869,0.25258657731371925,1.0367690299534646
phylop,s3_50,0.590016,0.031220000000000026,8,96,0.7145702306079664,0.21178517068928027,1.574732009864967,1.574732009864967,0.32208593597699225,1.197865726294536
phylop,s3_50,0.593039,0.03422000000000003,8,99,0.6929165872562099,0.2073335893755938,1.5132311621966794,1.5132311621966794,0.31317099377210966,1.1591859300961238
phylop,s3_50,0.594433,0.035614000000000035,8,99,0.6929165872562099,0.2073335893755938,1.5132311621966794,1.5132311621966794,0.31317099377210966,1.1591859300961238
phylop,s3_50,0.595228,0.03492899999999999,8,96,0.7145702306079664,0.23516794450529388,1.3876037179576337,1.3876037179576337,0.32357684203310594,1.1932224251345174
phylop,s3_50,0.597118,0.03303899999999993,8,93,0.7376208832082234,0.24696931687198867,1.4054805734794873,1.4054805734794873,0.3344059558044537,1.2312823980166778
phylop,s3_50,0.597654,0.03250299999999995,8,93,0.7376208832082234,0.24696931687198867,1.4054805734794873,1.4054805734794873,0.3344059558044537,1.2312823980166778
phylop,s3_50,0.601205,0.03403199999999995,8,96,0.7145702306079664,0.23516794450529388,1.3876037179576337,1.3876037179576337,0.3220605165099109,1.1963917423239152
phylop,s3_50,0.605031,0.03411900000000001,7,101,0.5942960333769226,0.0908837181973089,1.2266105248148857,1.2266105248148857,0.24595917270314555,1.0202698297685746
phylop,s3_50,0.606268,0.03288199999999997,7,101,0.5942960333769226,0.0908837181973089,1.2266105248148857,1.2266105248148857,0.24595917270314555,1.0202698297685746
phylop,s3_50,0.607598,0.031552000000000024,7,101,0.5942960333769226,0.0908837181973089,1.2266105248148857,1.2266105248148857,0.24595917270314555,1.0202698297685746
phylop,s3_50,0.608772,0.030378000000000016,7,101,0.5942960333769226,0.0908837181973089,1.2266105248148857,1.2266105248148857,0.24595917270314555,1.0202698297685746
phylop,s3_50,0.609606,0.030542999999999987,7,104,0.5771528785679729,0.08804360200364299,1.2068139158767073,1.2068139158767073,0.23999703743830758,0.9899105664510625
phylop,s3_50,0.610417,0.03135399999999999,7,104,0.5771528785679729,0.08804360200364299,1.2068139158767073,1.2068139158767073,0.23999703743830758,0.9899105664510625
phylop,s3_50,0.613346,0.0316860000000001,7,95,0.631830519695465,0.0923678810641735,1.501188958387419,1.501188958387419,0.26260696350396123,1.0834885203855786
phylop,s3_50,0.618024,0.030426000000000064,7,95,0.631830519695465,0.0923678810641735,1.501188958387419,1.501188958387419,0.26260696350396123,1.0834885203855786
phylop,s3_50,0.621236,0.031306999999999974,8,100,0.6859874213836478,0.20807247925891995,1.5169422958671799,1.5169422958671799,0.30384839542774394,1.1469508531099661
phylop,s3_50,0.622472,0.03007099999999996,8,98,0.6999871646771916,0.2125383744360903,1.5247918928700688,1.5247918928700688,0.31048804524771667,1.1729142039386493
phylop,s3_50,0.630157,0.027944999999999998,12,91,1.1307484967862327,0.6288311850226054,1.86211973967076,1.86211973967076,0.6267570690517781,1.7602880658436213
phylop,s3_50,0.632276,0.02643300000000004,14,91,1.319206579583938,0.7499779190955662,2.006321720607435,2.006321720607435,0.7644679177435667,1.9979940938388094
phylop,s3_50,0.638031,0.02191399999999999,11,93,1.0142287144113074,0.48377875282542215,1.5858861160098172,1.5858861160098172,0.544839470731639,1.5907245574640507
phylop,s3_50,0.639126,0.020819000000000032,11,91,1.03651945538738,0.48377875282542215,1.7333333333333332,1.7333333333333332,0.5579112639586671,1.6284495289946994
phylop,s3_50,0.63915,0.020795000000000008,11,91,1.03651945538738,0.48377875282542215,1.7333333333333332,1.7333333333333332,0.5579112639586671,1.6284495289946994
phylop,s3_50,0.63985,0.020094999999999974,11,91,1.03651945538738,0.48377875282542215,1.7333333333333332,1.7333333333333332,0.5579112639586671,1.6284495289946994
phylop,s3_50,0.645032,0.01684999999999992,8,94,0.7297738525357955,0.18977861898625428,0.9404350610799131,0.9404350610799131,0.3321290615293238,1.2082795394105628
phylop,s3_50,0.648638,0.01848100000000008,8,97,0.7072035271996369,0.16561505287820627,0.9326392561983472,0.9326392561983472,0.3216792476289833,1.171753504363925
phylop,s3_50,0.652543,0.020181000000000004,9,92,0.8388433141919606,0.32009756832940406,0.9994463168030815,0.9994463168030815,0.40621979669808506,1.3621726611163023
phylop,s3_50,0.655268,0.017456000000000027,9,92,0.8388433141919606,0.32009756832940406,0.9994463168030815,0.9994463168030815,0.40621979669808506,1.3621726611163023
phylop,s3_50,0.656165,0.017015000000000002,9,92,0.8388433141919606,0.2738710359206655,1.0843740361165082,1.0843740361165082,0.40546381886087773,1.360089217366837
phylop,s3_50,0.658102,0.01895199999999997,10,94,0.9122173156697444,0.4581506220855787,1.214862037989627,1.214862037989627,0.4614177704656648,1.45777573773627
phylop,s3_50,0.658709,0.01885899999999996,9,91,0.8480613725896744,0.2589345024578185,1.1790810231826325,1.1790810231826325,0.4076035038860654,1.387032922918299
phylop,s3_50,0.659945,0.020016000000000034,9,91,0.8480613725896744,0.2593736833930165,1.2430330410983494,1.2430330410983494,0.4048364047933983,1.3886407265410443
phylop,s3_50,0.661378,0.018583000000000016,9,91,0.8480613725896744,0.2593736833930165,1.2430330410983494,1.2430330410983494,0.4048364047933983,1.3886407265410443
phylop,s3_50,0.661882,0.018079000000000067,9,91,0.8480613725896744,0.2593736833930165,1.2430330410983494,1.2430330410983494,0.4048364047933983,1.3886407265410443
phylop,s3_50,0.665244,0.019252000000000047,12,102,1.0088050314465409,0.2554827105155507,1.3702497860141014,1.3702497860141014,0.5455704508493281,1.5555919240662315
phylop,s3_50,0.667346,0.01715,12,99,1.0393748808843148,0.26105318153122753,1.4792911385750607,1.4792911385750607,0.5649675128124736,1.6045066478978087
phylop,s3_50,0.672724,0.017456000000000027,12,93,1.1064313248123352,0.3480372619872844,1.6789734249029555,1.6789734249029555,0.5960382138308342,1.7173828028795612
phylop,s3_50,0.672937,0.017669000000000046,12,93,1.1064313248123352,0.3480372619872844,1.6789734249029555,1.6789734249029555,0.5960382138308342,1.7173828028795612
phylop,s3_50,0.677024,0.019472000000000045,13,88,1.2667381360777588,0.2477370921250727,1.9067793994236604,1.9067793994236604,0.706071798002063,1.9519911870705382
phylop,s3_50,0.67748,0.019378000000000006,13,88,1.2667381360777588,0.2477370921250727,1.9067793994236604,1.9067793994236604,0.706071798002063,1.9519911870705382
phylop,s3_50,0.679961,0.021715999999999958,10,94,0.9122173156697444,0.19551291874827598,1.3815892997639656,1.3815892997639656,0.46364472853130584,1.4554151847448542
phylop,s3_50,0.681323,0.022614000000000023,10,94,0.9122173156697444,0.19551291874827598,1.3815892997639656,1.3815892997639656,0.46364472853130584,1.4554151847448542
phylop,s3_50,0.684496,0.02455099999999999,10,95,0.9026150281363787,0.4598117602304002,1.2953963345502892,1.2953963345502892,0.4538766952243289,1.4387118959842826
phylop,s3_50,0.687118,0.027173000000000003,11,96,0.9825340670859539,0.573868188243109,1.4881976675085469,1.4881976675085469,0.5206622646449832,1.5361331601465738
phylop,s3_50,0.694425,0.029362,12,89,1.1561585753656987,0.5800391036612162,1.754018335516133,1.754018335516133,0.6344820016050509,1.801921345924095
phylop,s3_50,0.695693,0.02881100000000003,12,89,1.1561585753656987,0.5800391036612162,1.754018335516133,1.754018335516133,0.6319488410769939,1.799872496048093
phylop,s3_50,0.696496,0.028873999999999955,12,89,1.1561585753656987,0.5780500356923486,1.8102606882168926,1.8102606882168926,0.6318373315838126,1.7998256888161963
phylop,s3_50,0.697236,0.028133999999999992,12,89,1.1561585753656987,0.5780500356923486,1.8102606882168926,1.8102606882168926,0.6318373315838126,1.7998256888161963
phylop,s3_50,0.699953,0.025621999999999923,12,90,1.1433123689727465,0.5330238834042889,1.6626181722689077,1.6626181722689077,0.623929230355348,1.7889145340411616
phylop,s3_50,0.701677,0.024653000000000036,12,90,1.1433123689727465,0.5330238834042889,1.6626181722689077,1.6626181722689077,0.623929230355348,1.7889145340411616
phylop,s3_50,0.704661,0.02404800000000007,13,89,1.2525051233128401,0.661195141955009,1.8058877362507642,1.8058877362507642,0.7040833859752836,1.9326297994988224
phylop,s3_50,0.707906,0.023410000000000042,13,87,1.2812983445384225,0.6858687576171387,1.815852144041874,1.815852144041874,0.7211927699946911,1.9779538581106126
phylop,s3_50,0.711449,0.02396799999999999,9,93,0.8298234936092513,0.40216533475506555,1.3622163949378634,1.3622163949378634,0.4058108793293652,1.3490046590427784
phylop,s3_50,0.71678,0.021448000000000023,9,93,0.8298234936092513,0.4080429883862021,1.3256369426751593,1.3256369426751593,0.4038608318728365,1.3470862119525455
phylop,s3_50,0.719701,0.02320500000000003,9,96,0.8038915094339621,0.4112994923636014,1.2724618447246185,1.2724618447246185,0.3930752390828436,1.3129339040636456
phylop,s3_50,0.723055,0.023133999999999988,8,92,0.7456385015039649,0.4746041421544306,1.1446478873239436,1.1446478873239436,0.34126509029232766,1.2561940648248064
phylop,s3_50,0.723787,0.02383399999999991,8,92,0.7456385015039649,0.4746041421544306,1.1446478873239436,1.1446478873239436,0.34126509029232766,1.2561940648248064
phylop,s3_50,0.724504,0.024141999999999997,8,92,0.7456385015039649,0.46862595458646017,1.129001584786054,1.129001584786054,0.33852601469318416,1.2519730312281914
phylop,s3_50,0.72537,0.023692999999999964,8,92,0.7456385015039649,0.46862595458646017,1.129001584786054,1.129001584786054,0.33852601469318416,1.2519730312281914
phylop,s3_50,0.72548,0.02380300000000002,8,92,0.7456385015039649,0.46862595458646017,1.129001584786054,1.129001584786054,0.33852601469318416,1.2519730312281914
phylop,s3_50,0.725575,0.023897999999999975,8,92,0.7456385015039649,0.46862595458646017,1.129001584786054,1.129001584786054,0.33852601469318416,1.2519730312281914
phylop,s3_50,0.72789,0.023229000000000055,8,95,0.7220920225091029,0.45938231850117095,1.1257082079679064,1.1257082079679064,0.3244280654366064,1.2140074954074438
phylop,s3_50,0.728709,0.023022999999999905,8,102,0.6725366876310273,0.5002554470323066,1.060868816854081,1.060868816854081,0.3075334565923467,1.1305877780250968
phylop,s3_50,0.731591,0.020140999999999964,6,100,0.5144905660377359,0.44289044855278153,0.6887775443093501,0.6887775443093501,0.1842610538922816,0.9154892473118279
phylop,s3_50,0.731945,0.019787,6,100,0.5144905660377359,0.44289044855278153,0.6887775443093501,0.6887775443093501,0.1842610538922816,0.9154892473118279
phylop,s3_50,0.73411,0.017621999999999916,6,100,0.5144905660377359,0.44289044855278153,0.6887775443093501,0.6887775443093501,0.1842610538922816,0.9154892473118279
phylop,s3_50,0.735417,0.01631499999999997,5,95,0.45130751406818936,0.31808116863293495,0.6467510111770396,0.6467510111770396,0.1620964292581648,0.8421542359901164
phylop,s3_50,0.738228,0.015172999999999992,5,97,0.44200220449977307,0.3061296393369368,0.6963602783491527,0.6963602783491527,0.1592364923349296,0.8232744609877032
phylop,s3_50,0.742449,0.014558999999999989,4,97,0.35360176359981843,0.2086959454901167,0.5168535096284637,0.5168535096284637,0.08799184680489454,0.69279787376591
phylop,s3_50,0.746189,0.01747999999999994,3,101,0.2546983000186811,0.08831983276718056,0.44515261084592894,0.44515261084592894,0.06892137096774194,0.5331288071243016
phylop,s3_50,0.748646,0.015212000000000003,2,101,0.16979886667912075,0.0,0.39030829500936803,0.39030829500936803,0.0,0.39921540205283523
phylop,s3_50,0.751071,0.015654000000000057,2,100,0.17149685534591194,0.0,0.35588631412160815,0.35588631412160815,0.0,0.40297817225513266
phylop,s3_50,0.751669,0.016252000000000044,2,100,0.17149685534591194,0.0,0.35588631412160815,0.35588631412160815,0.0,0.40297817225513266
phylop,s3_50,0.751732,0.01631499999999997,2,100,0.17149685534591194,0.0,0.35588631412160815,0.35588631412160815,0.0,0.40297817225513266
phylop,s3_50,0.752748,0.016008000000000022,4,102,0.3362683438155136,0.11319903544097094,0.4938116114031051,0.4938116114031051,0.08359487216005712,0.6554305759832657
phylop,s3_50,0.753606,0.015149999999999997,4,99,0.34645829362810493,0.1253185264879716,0.5004640205596803,0.5004640205596803,0.08639660994625183,0.6746039560285734
phylop,s3_50,0.753654,0.015101999999999949,4,99,0.34645829362810493,0.1253185264879716,0.5004640205596803,0.5004640205596803,0.08639660994625183,0.6746039560285734
phylop,s3_50,0.754787,0.01396900000000001,4,99,0.34645829362810493,0.1253185264879716,0.5004640205596803,0.5004640205596803,0.08639660994625183,0.6746039560285734
phylop,s3_50,0.757843,0.014172999999999991,4,96,0.3572851153039832,0.12701674277016742,0.521425349571493,0.521425349571493,0.08924089695412822,0.6944544326868317
phylop,s3_50,0.758134,0.013882000000000061,4,96,0.3572851153039832,0.12701674277016742,0.521425349571493,0.521425349571493,0.08924089695412822,0.6944544326868317
phylop,s3_50,0.763858,0.012786999999999993,5,97,0.44200220449977307,0.13682742550487217,0.7225811895749451,0.7225811895749451,0.1594759575893309,0.8079160225030997
phylop,s3_50,0.76537,0.013638000000000039,8,94,0.7297738525357955,0.18915251535711108,1.0887249736564804,1.0887249736564804,0.33086429205353673,1.223266683667258
phylop,s3_50,0.768756,0.01702400000000004,9,99,0.7795311606632361,0.33869165141368146,1.1177780856121629,1.1177780856121629,0.3768388946531808,1.2829122857575121
phylop,s3_50,0.772016,0.018410000000000037,10,96,0.8932127882599581,0.22770885028949545,1.2757860711137232,1.2757860711137232,0.45486697808588594,1.4372113528805806
phylop,s3_50,0.772039,0.018433000000000033,10,96,0.8932127882599581,0.22770885028949545,1.2757860711137232,1.2757860711137232,0.45486697808588594,1.4372113528805806
phylop,s3_50,0.772457,0.01885099999999995,10,96,0.8932127882599581,0.22770885028949545,1.2757860711137232,1.2757860711137232,0.45486697808588594,1.4372113528805806
phylop,s3_50,0.777606,0.020433000000000034,10,91,0.9422904139885273,0.21339774557165864,1.4790200480888684,1.4790200480888684,0.48183921222356496,1.5195030515815722
phylop,s3_50,0.783795,0.019936999999999983,10,91,0.9422904139885273,0.2258963705320903,1.4741368778576438,1.4741368778576438,0.479746835443038,1.5201449881500069
phylop,s3_50,0.785638,0.02177999999999991,14,99,1.2126040276983674,0.2258963705320903,1.7848820015378244,1.7848820015378244,0.6989142185214167,1.8340165004755888
phylop,s3_50,0.78652,0.02266199999999996,14,99,1.2126040276983674,0.2258963705320903,1.7848820015378244,1.7848820015378244,0.6989142185214167,1.8340165004755888
phylop,s3_50,0.787402,0.02354400000000001,14,99,1.2126040276983674,0.2258963705320903,1.7848820015378244,1.7848820015378244,0.6989142185214167,1.8340165004755888
phylop,s3_50,0.789614,0.024244000000000043,14,86,1.3959046365364924,0.20951778656126482,2.192312008978676,2.192312008978676,0.8045127873732489,2.1238624033752473
phylop,s3_50,0.792835,0.025456000000000034,16,85,1.6140880503144652,0.5449524855029442,2.1743585669845857,2.1743585669845857,0.9672176324787981,2.4158090459185577
phylop,s3_50,0.796157,0.02709499999999998,16,84,1.6333033842467803,1.004830077020147,2.029074908662513,2.029074908662513,0.978532194469717,2.4248368780731266
phylop,s3_50,0.798039,0.02602300000000002,16,84,1.6333033842467803,1.004830077020147,2.029074908662513,2.029074908662513,0.978532194469717,2.4248368780731266
phylop,s3_50,0.798323,0.02630699999999997,16,84,1.6333033842467803,1.004830077020147,2.029074908662513,2.029074908662513,0.978532194469717,2.4248368780731266
phylop,s3_50,0.801819,0.026157000000000097,14,87,1.3798597556567627,0.5575274177467597,2.165504588794491,2.165504588794491,0.7962571240761386,2.083366707915275
phylop,s3_50,0.805394,0.023676999999999948,11,93,1.0142287144113074,0.4523134680888093,1.7275999625715797,1.7275999625715797,0.5412324376685568,1.601516612319581
phylop,s3_50,0.81252,0.01985799999999993,8,93,0.7376208832082234,0.2252606012266125,1.9948590315395365,1.9948590315395365,0.3372986369268897,1.227349344726176
phylop,s3_50,0.817913,0.021755999999999998,11,95,0.9928765309500166,0.4513299377475947,2.2582528368460126,2.2582528368460126,0.5253792792076314,1.5550054080102804
phylop,s3_50,0.818291,0.021544000000000008,11,89,1.0598120274185572,0.45587777547208963,2.0989506522972206,2.0989506522972206,0.5611920863778325,1.6675698278120072
phylop,s3_50,0.821252,0.022928999999999977,11,91,1.03651945538738,0.47637514294688804,1.8195083100942753,1.8195083100942753,0.5500957836959633,1.629818911063362
phylop,s3_50,0.823252,0.02207900000000007,11,91,1.03651945538738,0.4766118836915297,1.7927393093097117,1.7927393093097117,0.5498860934520913,1.6287468908234275
phylop,s3_50,0.826669,0.022394000000000025,13,88,1.2667381360777588,0.6813409450235262,2.1675531914893615,2.1675531914893615,0.7049550412268758,1.935490125590902
phylop,s3_50,0.827622,0.022227999999999914,13,88,1.2667381360777588,0.6813409450235262,2.1675531914893615,2.1675531914893615,0.7049550412268758,1.935490125590902
phylop,s3_50,0.827976,0.02258199999999999,13,91,1.2249775381850854,0.6703168006332968,2.0375,2.0375,0.6844797100859008,1.8694972251417785
phylop,s3_50,0.829016,0.02362199999999992,13,91,1.2249775381850854,0.6703168006332968,2.0375,2.0375,0.6844797100859008,1.8694972251417785
phylop,s3_50,0.829071,0.023676999999999948,13,91,1.2249775381850854,0.6703168006332968,2.0375,2.0375,0.6844797100859008,1.8694972251417785
phylop,s3_50,0.830984,0.02304800000000007,10,100,0.8574842767295598,0.416665345014331,1.341581756428918,1.341581756428918,0.43676649420134994,1.3687520164820615
phylop,s3_50,0.832378,0.021654000000000062,10,100,0.8574842767295598,0.416665345014331,1.341581756428918,1.341581756428918,0.43676649420134994,1.3687520164820615
phylop,s3_50,0.833402,0.020630000000000037,10,98,0.8749839558464896,0.416665345014331,1.405473602484472,1.405473602484472,0.4467607496380721,1.3957684106937838
phylop,s3_50,0.835661,0.018371000000000026,10,98,0.8749839558464896,0.416665345014331,1.405473602484472,1.405473602484472,0.4467607496380721,1.3957684106937838
phylop,s3_50,0.839008,0.017755999999999994,8,94,0.7297738525357955,0.270529101746207,1.2995097680544376,1.2995097680544376,0.3353999917065842,1.2103801198965747
phylop,s3_50,0.839835,0.017881999999999953,8,94,0.7297738525357955,0.2637335035740076,1.3264135732816242,1.3264135732816242,0.33654463425256526,1.2147344428619156
phylop,s3_50,0.841945,0.01869300000000007,9,95,0.8123535253227407,0.28028225336908225,1.4690346773804341,1.4690346773804341,0.3966777843314348,1.3196643424610943
phylop,s3_50,0.845331,0.02207900000000007,9,95,0.8123535253227407,0.28028225336908225,1.4690346773804341,1.4690346773804341,0.3966777843314348,1.3196643424610943
phylop,s3_50,0.849063,0.022598000000000007,8,93,0.7376208832082234,0.24925832952989502,1.4516394015659955,1.4516394015659955,0.335756605744161,1.2336277660841324
phylop,s3_50,0.850417,0.022890000000000077,9,92,0.8388433141919606,0.2779744662869878,1.6675242356450413,1.6675242356450413,0.4069272340056175,1.380430236922969
phylop,s3_50,0.853047,0.023975999999999997,10,94,0.9122173156697444,0.32823569648702794,2.1222591362126244,2.1222591362126244,0.45998166275651914,1.479788771295072
phylop,s3_50,0.853142,0.024070999999999954,10,94,0.9122173156697444,0.32823569648702794,2.1222591362126244,2.1222591362126244,0.45998166275651914,1.479788771295072
phylop,s3_50,0.854032,0.02496100000000001,10,97,0.8840044089995461,0.32163661711833297,2.093746670670623,2.093746670670623,0.44511528570317554,1.4252864385634774
phylop,s3_50,0.857717,0.026733000000000007,10,100,0.8574842767295598,0.3191166415614292,1.9469764190261083,1.9469764190261083,0.43531370512383777,1.3806167323991014
phylop,s3_50,0.859165,0.02818100000000001,10,100,0.8574842767295598,0.3191166415614292,1.9469764190261083,1.9469764190261083,0.43531370512383777,1.3806167323991014
phylop,s3_50,0.871661,0.025536000000000003,15,92,1.3980721903199342,0.33728350045578853,3.489335290040621,3.489335290040621,0.820606364002039,2.1203349396550717
phylop,s3_50,0.873307,0.023889999999999967,13,92,1.2116625649439432,0.3323534813894685,3.1057994006698397,3.1057994006698397,0.674854654166457,1.8677929968311353
phylop,s3_50,0.875173,0.02212599999999998,13,89,1.2525051233128401,0.3350169663060438,3.3743485813549507,3.3743485813549507,0.6949484360185124,1.9375002941176471
phylop,s3_50,0.878614,0.022425000000000028,19,83,1.962915814200197,0.9240895871586573,3.870613547788431,3.870613547788431,1.2283517411978713,2.8703703703703702
phylop,s3_50,0.879409,0.021692000000000045,19,83,1.962915814200197,0.9240895871586573,3.870613547788431,3.870613547788431,1.2283517411978713,2.8703703703703702
phylop,s3_50,0.880472,0.022536,19,83,1.962915814200197,0.8925021810156746,4.108077033630353,4.108077033630353,1.229031275694137,2.873081718473342
phylop,s3_50,0.882496,0.020512000000000086,18,82,1.8822825586746432,0.7911613159465242,4.024614289169948,4.024614289169948,1.1550673840671188,2.7838376627994106
phylop,s3_50,0.888693,0.017031999999999936,18,82,1.8822825586746432,0.7911613159465242,4.024614289169948,4.024614289169948,1.1550673840671188,2.7838376627994106
phylop,s3_50,0.893346,0.018172999999999995,17,88,1.6565037164093768,0.5952935222672064,3.5021060080196786,3.5021060080196786,1.0033019605584326,2.4470989324768326
phylop,s3_50,0.893732,0.018558999999999992,17,88,1.6565037164093768,0.5952935222672064,3.5021060080196786,3.5021060080196786,1.0033019605584326,2.4470989324768326
phylop,s3_50,0.893882,0.018708999999999976,17,88,1.6565037164093768,0.5952935222672064,3.5021060080196786,3.5021060080196786,1.0033019605584326,2.4470989324768326
phylop,s3_50,0.894969,0.019796000000000036,17,94,1.5507694366385654,0.5874967408090817,3.3726805276101053,3.3726805276101053,0.9421613394216134,2.280732625378948
phylop,s3_50,0.897197,0.02062200000000003,19,83,1.962915814200197,0.5387099794026042,3.5426540284360186,3.5426540284360186,1.2232463945199605,2.845956921564388
phylop,s3_50,0.899945,0.020536,19,83,1.962915814200197,0.5664188328991294,3.5516084512058566,3.5516084512058566,1.2245509684734297,2.846178338464461
phylop,s3_50,0.901039,0.020567000000000002,19,82,1.986853811934346,0.5664188328991294,3.6124658283214877,3.6124658283214877,1.2459925897912567,2.88653110467186
phylop,s3_50,0.903008,0.02044099999999993,19,82,1.986853811934346,0.5643060799876705,3.630955874801509,3.630955874801509,1.2435835097939802,2.8787258170405168
phylop,s3_50,0.906913,0.017118000000000078,19,82,1.986853811934346,0.5553508574866207,3.638401434609965,3.638401434609965,1.2404399738324166,2.8900900186154628
phylop,s3_50,0.910559,0.016827000000000036,21,80,2.2508962264150947,0.9820994757703618,4.0106651171106735,4.0106651171106735,1.4406375730578336,3.238320234512514
phylop,s3_50,0.911236,0.017495999999999956,21,83,2.169538531484428,0.944978838014621,3.9658394160583943,3.9658394160583943,1.387886533606527,3.1135842050460876
phylop,s3_50,0.914291,0.01932199999999995,21,83,2.169538531484428,0.944978838014621,3.9658394160583943,3.9658394160583943,1.392934491045475,3.107885642952137
phylop,s3_50,0.914858,0.019888999999999935,21,83,2.169538531484428,0.944978838014621,3.9658394160583943,3.9658394160583943,1.392934491045475,3.107885642952137
phylop,s3_50,0.917441,0.02024399999999993,21,86,2.093856954804739,0.881162976549533,3.8795208908435876,3.8795208908435876,1.3469556425317701,3.006770355531729
phylop,s3_50,0.917819,0.02062200000000003,21,86,2.093856954804739,0.881162976549533,3.8795208908435876,3.8795208908435876,1.3469556425317701,3.006770355531729
phylop,s3_50,0.919142,0.021944999999999992,21,91,1.9788098693759073,0.799413470892344,3.8377912504455773,3.8377912504455773,1.2752675788710899,2.8284955118411
phylop,s3_50,0.92052,0.023322999999999983,21,91,1.9788098693759073,0.799413470892344,3.8377912504455773,3.8377912504455773,1.2752675788710899,2.8284955118411
phylop,s3_50,0.922504,0.022558999999999996,14,88,1.3641795311606633,0.5261191566922792,2.0422062663244938,2.0422062663244938,0.7841600849241158,2.08150930248028
phylop,s3_50,0.923449,0.02350399999999997,19,92,1.770891441071917,0.7805978567399887,2.6412867528033668,2.6412867528033668,1.1095308105186026,2.5836382205999375
phylop,s3_50,0.924031,0.024086000000000052,19,92,1.770891441071917,0.7805978567399887,2.6412867528033668,2.6412867528033668,1.1095308105186026,2.5836382205999375
phylop,s3_50,0.926551,0.024731999999999976,12,95,1.0831380337636545,0.4961428393679233,1.925041517789744,1.925041517789744,0.5876165293040294,1.6913636552095856
phylop,s3_50,0.928732,0.022550999999999988,12,92,1.1184577522559476,0.5324823440194153,1.925340501630507,1.925340501630507,0.610542384674538,1.746642784262115
phylop,s3_50,0.929874,0.022156999999999982,11,90,1.0480363382250175,0.44364094882306804,1.8272566526067582,1.8272566526067582,0.5514630114119945,1.6566379401900029
phylop,s3_50,0.937055,0.022764000000000006,13,89,1.2525051233128401,0.6345219558272538,2.07808764940239,2.07808764940239,0.7017319643175447,1.9233554349148463
phylop,s3_50,0.939874,0.025583000000000022,13,89,1.2525051233128401,0.6345219558272538,2.07808764940239,2.07808764940239,0.7017319643175447,1.9233554349148463
phylop,s3_50,0.944937,0.025795000000000012,10,91,0.9422904139885273,0.3009366313000328,1.6177533816516338,1.6177533816516338,0.4750120631286847,1.5104277621884519
phylop,s3_50,0.946819,0.02629899999999996,11,90,1.0480363382250175,0.3563454257189479,1.7296229223517066,1.7296229223517066,0.5536241858692544,1.6656961806887027
phylop,s3_50,0.951228,0.030221000000000053,11,90,1.0480363382250175,0.4363175063428779,1.6638725759725155,1.6638725759725155,0.5526075360345023,1.6588329647555564
phylop,s3_50,0.951283,0.030166000000000026,11,90,1.0480363382250175,0.4363175063428779,1.6638725759725155,1.6638725759725155,0.5526075360345023,1.6588329647555564
phylop,s3_50,0.952031,0.02952699999999997,11,90,1.0480363382250175,0.4363175063428779,1.6638725759725155,1.6638725759725155,0.5526075360345023,1.6588329647555564
phylop,s3_50,0.952299,0.029795000000000016,11,90,1.0480363382250175,0.4363175063428779,1.6638725759725155,1.6638725759725155,0.5526075360345023,1.6588329647555564
phylop,s3_50,0.958717,0.02777099999999999,13,88,1.2667381360777588,0.5383997244862817,2.2850644877550144,2.2850644877550144,0.7038789164971851,1.9547872340425534
phylop,s3_50,0.970095,0.024787000000000003,15,87,1.4784211667751028,0.4839475734288946,2.1965867183504266,2.1965867183504266,0.8476054484602534,2.2283395908425034
phylop,s3_50,0.970709,0.024173,15,87,1.4784211667751028,0.4839475734288946,2.1965867183504266,2.1965867183504266,0.8476054484602534,2.2283395908425034
phylop,s3_50,0.971205,0.02438600000000002,15,87,1.4784211667751028,0.4839475734288946,2.1965867183504266,2.1965867183504266,0.8476054484602534,2.2283395908425034
phylop,s3_50,0.975472,0.024244000000000043,11,92,1.025252939567952,0.3622655671084066,1.7189500737564063,1.7189500737564063,0.5274285544491756,1.627233384053404
phylop,s3_50,0.981449,0.030166000000000026,11,93,1.0142287144113074,0.36974085365853654,1.7344580882444767,1.7344580882444767,0.5233194852171542,1.6209833645329306
phylop,s3_50,0.982488,0.031205000000000038,11,96,0.9825340670859539,0.33905077845214304,1.710158013544018,1.710158013544018,0.5037460541740842,1.5633946029762642
phylop,s3_50,0.982496,0.031213000000000046,11,96,0.9825340670859539,0.33905077845214304,1.710158013544018,1.710158013544018,0.5037460541740842,1.5633946029762642
phylop,s3_50,0.986488,0.03250200000000003,12,91,1.1307484967862327,0.43941343945261263,1.865633475397133,1.865633475397133,0.6057912478092549,1.757427559947236
phylop,s3_50,0.990063,0.028927000000000036,11,89,1.0598120274185572,0.2642438996116618,1.8510705786188086,1.8510705786188086,0.5516094691032093,1.686500588833663
phylop,s3_50,0.991614,0.027376000000000067,11,89,1.0598120274185572,0.2642438996116618,1.8510705786188086,1.8510705786188086,0.5516094691032093,1.686500588833663
phylop,s3_50,0.994882,0.024787000000000003,11,89,1.0598120274185572,0.2642438996116618,1.8510705786188086,1.8510705786188086,0.5516094691032093,1.686500588833663
phylop,s3_50,0.997457,0.026747999999999994,11,90,1.0480363382250175,0.3025248233959798,1.629731939019058,1.629731939019058,0.5450892201489919,1.6565387011103958
phylop,s3_50,0.99774,0.027030999999999916,11,90,1.0480363382250175,0.3025248233959798,1.629731939019058,1.629731939019058,0.5450892201489919,1.6565387011103958
phylop,s3_50,0.997905,0.027195999999999998,11,90,1.0480363382250175,0.3025248233959798,1.629731939019058,1.629731939019058,0.5450892201489919,1.6565387011103958
phylop,s3_50,0.999787,0.028993000000000047,11,90,1.0480363382250175,0.3033836251566909,1.4952783107256429,1.4952783107256429,0.5463179594078056,1.6553408669947756
phylop,s3_50,1.0018,0.028659999999999908,11,92,1.025252939567952,0.3242557935210214,1.4818422384708716,1.4818422384708716,0.5420033645081078,1.614924779783272
phylop,s3_50,1.01281,0.029509999999999925,10,91,0.9422904139885273,0.3827879212968707,1.4511424728711837,1.4511424728711837,0.4753418017120957,1.5092470277410834
phylop,s3_50,1.01648,0.02999200000000002,10,94,0.9122173156697444,0.3564845626056042,1.4444275736410568,1.4444275736410568,0.4601058602774439,1.4597042136133629
phylop,s3_50,1.0178,0.031312000000000006,10,94,0.9122173156697444,0.3564845626056042,1.4444275736410568,1.4444275736410568,0.4601058602774439,1.4597042136133629
phylop,s3_50,1.01899,0.03166000000000002,9,95,0.8123535253227407,0.28595620437956204,1.4053829078801332,1.4053829078801332,0.38522168532899886,1.3204637851590726
phylop,s3_50,1.02228,0.030666000000000082,6,95,0.5415690168818272,0.07809440622173305,1.2758030522863764,1.2758030522863764,0.19388674692241234,0.9513977990435382
phylop,s3_50,1.02365,0.03202000000000016,6,95,0.5415690168818272,0.07370639899623588,1.3341143392689785,1.3341143392689785,0.19409199251567813,0.9502981738079318
phylop,s3_50,1.02734,0.029882999999999882,6,95,0.5415690168818272,0.08030909052834377,1.2489294099098405,1.2489294099098405,0.19435046591808003,0.955443463640185
phylop,s3_50,1.02878,0.029199999999999893,8,95,0.7220920225091029,0.1075785760877443,1.4412000740786468,1.4412000740786468,0.3297084534223006,1.2029859580263684
phylop,s3_50,1.03046,0.028659999999999908,8,92,0.7456385015039649,0.11756009345671026,1.4986481650232775,1.4986481650232775,0.33948341750000693,1.2420352671445585
phylop,s3_50,1.03131,0.029509999999999925,8,92,0.7456385015039649,0.11756009345671026,1.4986481650232775,1.4986481650232775,0.33948341750000693,1.2420352671445585
phylop,s3_50,1.03213,0.030329999999999968,8,92,0.7456385015039649,0.11756009345671026,1.4986481650232775,1.4986481650232775,0.33948341750000693,1.2420352671445585
phylop,s3_50,1.03484,0.027959999999999985,8,92,0.7456385015039649,0.11403329065300896,1.4588952159397057,1.4588952159397057,0.3392856542986185,1.2424556795101567
phylop,s3_50,1.0358,0.026999999999999913,8,92,0.7456385015039649,0.11403329065300896,1.4588952159397057,1.4588952159397057,0.3392856542986185,1.2424556795101567
phylop,s3_50,1.03946,0.026650000000000063,8,92,0.7456385015039649,0.11403329065300896,1.4588952159397057,1.4588952159397057,0.3392856542986185,1.2424556795101567
phylop,s3_50,1.04232,0.029509999999999925,8,92,0.7456385015039649,0.11403329065300896,1.4588952159397057,1.4588952159397057,0.3392856542986185,1.2424556795101567
phylop,s3_50,1.04631,0.03166000000000002,8,92,0.7456385015039649,0.11403329065300896,1.4588952159397057,1.4588952159397057,0.33772190531571467,1.2412542798337702
phylop,s3_50,1.05065,0.03166000000000002,6,95,0.5415690168818272,0.10956947537784267,1.0365114486333897,1.0365114486333897,0.1948490568744883,0.9660319035902442
phylop,s3_50,1.05143,0.032440000000000024,6,95,0.5415690168818272,0.10956947537784267,1.0365114486333897,1.0365114486333897,0.1948490568744883,0.9660319035902442
phylop,s3_50,1.05567,0.03339000000000003,9,96,0.8038915094339621,0.10971388202048746,1.6336144786349496,1.6336144786349496,0.3885614516664827,1.3173595561053313
phylop,s3_50,1.05598,0.03369999999999984,9,96,0.8038915094339621,0.10971388202048746,1.6336144786349496,1.6336144786349496,0.3885614516664827,1.3173595561053313
phylop,s3_50,1.05798,0.03569999999999984,9,96,0.8038915094339621,0.10971388202048746,1.6336144786349496,1.6336144786349496,0.3885614516664827,1.3173595561053313
phylop,s3_50,1.0628,0.03546000000000005,10,92,0.9320481268799563,0.29386167403472274,1.661934414981395,1.661934414981395,0.47306414310551553,1.4963769457017368
phylop,s3_50,1.07797,0.0359799999999999,11,92,1.025252939567952,0.3981107302077408,2.0644802538820386,2.0644802538820386,0.5445258714585582,1.6158341114415624
phylop,s3_50,1.08213,0.03432999999999997,13,88,1.2667381360777588,0.49179725901647403,2.111084162017948,2.111084162017948,0.7180852391448521,1.956295095768847
phylop,s3_50,1.08424,0.03344999999999998,14,87,1.3798597556567627,0.7254846002258558,2.2808249232119353,2.2808249232119353,0.7950438228800234,2.10632725595948
phylop,s3_50,1.08606,0.03462999999999994,14,87,1.3798597556567627,0.7254846002258558,2.2808249232119353,2.2808249232119353,0.7950438228800234,2.10632725595948
phylop,s3_50,1.08826,0.03386,14,87,1.3798597556567627,0.7466861504228985,2.1680244788678524,2.1680244788678524,0.7944127907367372,2.1166182498970527
phylop,s3_50,1.09755,0.034540000000000015,12,91,1.1307484967862327,0.636604774535809,1.6733360555328705,1.6733360555328705,0.6140188312516076,1.7822134205426354
phylop,s3_50,1.0978,0.03428999999999993,12,91,1.1307484967862327,0.636604774535809,1.6733360555328705,1.6733360555328705,0.6140188312516076,1.7822134205426354
phylop,s3_50,1.10072,0.03137000000000012,12,91,1.1307484967862327,0.636604774535809,1.6733360555328705,1.6733360555328705,0.6140188312516076,1.7822134205426354
phylop,s3_50,1.11094,0.028810000000000002,12,91,1.1307484967862327,0.6524884595357778,1.6976745636454778,1.6976745636454778,0.6144722149556542,1.7814243095902038
phylop,s3_50,1.11395,0.029709999999999903,12,88,1.1692967409948543,0.689655172413793,1.7291139240506328,1.7291139240506328,0.6365293830979096,1.8456956582867936
phylop,s3_50,1.1148,0.029819999999999958,11,90,1.0480363382250175,0.6221496666648008,1.406089363384737,1.406089363384737,0.54463716821981,1.6758669977442937
phylop,s3_50,1.11643,0.02971999999999997,9,96,0.8038915094339621,0.26868238446617476,1.0036323141131476,1.0036323141131476,0.3843281492930431,1.322718038916236
phylop,s3_50,1.11646,0.029689999999999994,9,96,0.8038915094339621,0.26868238446617476,1.0036323141131476,1.0036323141131476,0.3843281492930431,1.322718038916236
phylop,s3_50,1.11769,0.029430000000000067,9,96,0.8038915094339621,0.26868238446617476,1.0036323141131476,1.0036323141131476,0.3843281492930431,1.322718038916236
phylop,s3_50,1.12212,0.027160000000000073,10,92,0.9320481268799563,0.5298624407617096,1.075902055039926,1.075902055039926,0.46329606924983324,1.506980717829476
phylop,s3_50,1.12252,0.026760000000000117,10,92,0.9320481268799563,0.5298624407617096,1.075902055039926,1.075902055039926,0.46329606924983324,1.506980717829476
phylop,s3_50,1.12384,0.026289999999999925,10,92,0.9320481268799563,0.5298624407617096,1.075902055039926,1.075902055039926,0.46329606924983324,1.506980717829476
phylop,s3_50,1.12662,0.027570000000000094,10,92,0.9320481268799563,0.4935977468083392,1.1221379472146438,1.1221379472146438,0.4692508315294863,1.506239436472409
phylop,s3_50,1.12825,0.027530000000000054,10,100,0.8574842767295598,0.43465881197839956,1.0694176612580135,1.0694176612580135,0.4334606048170944,1.3779241032749956
phylop,s3_50,1.13052,0.02980000000000005,10,100,0.8574842767295598,0.43465881197839956,1.0694176612580135,1.0694176612580135,0.4334606048170944,1.3779241032749956
phylop,s3_50,1.13119,0.030469999999999997,10,100,0.8574842767295598,0.43465881197839956,1.0694176612580135,1.0694176612580135,0.4334606048170944,1.3779241032749956
phylop,s3_50,1.13209,0.03137000000000012,10,100,0.8574842767295598,0.43465881197839956,1.0694176612580135,1.0694176612580135,0.4334606048170944,1.3779241032749956
phylop,s3_50,1.13438,0.03366000000000002,11,103,0.9157599071869085,0.5371588430386793,1.1169050247997616,1.1169050247997616,0.4843951991574598,1.448011796226447
phylop,s3_50,1.14213,0.028180000000000094,7,95,0.631830519695465,0.2898692261913845,1.0325665314756074,1.0325665314756074,0.26115085136587046,1.0802940480587535
phylop,s3_50,1.14462,0.030669999999999975,7,95,0.631830519695465,0.2898692261913845,1.0325665314756074,1.0325665314756074,0.26115085136587046,1.0802940480587535
phylop,s3_50,1.14615,0.030380000000000074,7,93,0.6454182728071955,0.30550167099098624,1.0367044466734572,1.0367044466734572,0.26695662421000593,1.1096879980122407
phylop,s3_50,1.14928,0.03282000000000007,7,95,0.631830519695465,0.2898692261913845,1.0325665314756074,1.0325665314756074,0.26049450441781036,1.0827520958265544
phylop,s3_50,1.15379,0.03127000000000013,8,92,0.7456385015039649,0.3233442959202921,1.0051283430857518,1.0051283430857518,0.34070245174614283,1.2406402548150377
phylop,s3_50,1.15419,0.03167000000000009,8,92,0.7456385015039649,0.3233442959202921,1.0051283430857518,1.0051283430857518,0.34070245174614283,1.2406402548150377
phylop,s3_50,1.1549,0.032380000000000075,8,92,0.7456385015039649,0.3233442959202921,1.0051283430857518,1.0051283430857518,0.34070245174614283,1.2406402548150377
phylop,s3_50,1.16419,0.03594000000000008,7,93,0.6454182728071955,0.14824207510667378,0.955947738443456,0.955947738443456,0.26894309228971514,1.1004279536089987
phylop,s3_50,1.16448,0.036229999999999984,7,93,0.6454182728071955,0.14824207510667378,0.955947738443456,0.955947738443456,0.26894309228971514,1.1004279536089987
phylop,s3_50,1.16977,0.038510000000000044,7,99,0.6063020138491837,0.13624698067632848,0.907203873229639,0.907203873229639,0.2522714396059642,1.027986504946806
phylop,s3_50,1.17609,0.03281999999999985,7,98,0.6124887690925427,0.13353335146426915,1.1572464663219753,1.1572464663219753,0.2544675502237442,1.0377186339455957
phylop,s3_50,1.17653,0.03237999999999985,7,98,0.6124887690925427,0.13353335146426915,1.1572464663219753,1.1572464663219753,0.2544675502237442,1.0377186339455957
phylop,s3_50,1.17848,0.03064,7,98,0.6124887690925427,0.14062128233763732,0.9871848739495798,0.9871848739495798,0.2557717506556763,1.0379123661471787
phylop,s3_50,1.18233,0.02854000000000001,6,96,0.5359276729559749,0.0,0.9339013033780578,0.9339013033780578,0.191081211823505,0.9383411826268968
phylop,s3_50,1.18491,0.028340000000000032,5,95,0.45130751406818936,0.0,0.7111239168901616,0.7111239168901616,0.15711875420666338,0.821824151734411
phylop,s3_50,1.19581,0.029360000000000053,4,98,0.3499935823385958,0.0,0.7052796827232917,0.7052796827232917,0.08694191934284057,0.6735189291061482
phylop,s3_50,1.19873,0.028960000000000097,6,99,0.5196874404421574,0.0,0.9513981031008895,0.9513981031008895,0.18773461478671596,0.9091449839130219
phylop,s3_50,1.20227,0.03249999999999997,6,101,0.5093966000373622,0.0,0.9107981220657277,0.9107981220657277,0.18294206323885276,0.888336967134423
phylop,s3_50,1.20506,0.031569999999999876,6,101,0.5093966000373622,0.0,1.0457082134900162,1.0457082134900162,0.18360553083549205,0.8895897030215437
phylop,s3_50,1.20828,0.029749999999999943,6,97,0.5304026453997277,0.0,1.118389513590537,1.118389513590537,0.19216808726125498,0.9255453759386713
phylop,s3_50,1.20836,0.029669999999999863,6,97,0.5304026453997277,0.0,1.118389513590537,1.118389513590537,0.19216808726125498,0.9255453759386713
phylop,s3_50,1.20891,0.029120000000000035,6,97,0.5304026453997277,0.0,1.118389513590537,1.118389513590537,0.19216808726125498,0.9255453759386713
phylop,s3_50,1.20912,0.02890999999999999,6,97,0.5304026453997277,0.0,1.118389513590537,1.118389513590537,0.19216808726125498,0.9255453759386713
phylop,s3_50,1.21137,0.029039999999999955,6,97,0.5304026453997277,0.0,1.118389513590537,1.118389513590537,0.19216808726125498,0.9255453759386713
phylop,s3_50,1.21259,0.02956000000000003,2,100,0.17149685534591194,0.0,0.5316636458504971,0.5316636458504971,0.0,0.39445466555979786
phylop,s3_50,1.21325,0.028900000000000148,2,100,0.17149685534591194,0.0,0.5316636458504971,0.5316636458504971,0.0,0.39445466555979786
phylop,s3_50,1.22517,0.022729999999999917,3,100,0.25724528301886795,0.0,0.5800994193575337,0.5800994193575337,0.0,0.5314452968034429
phylop,s3_50,1.22546,0.022440000000000015,3,100,0.25724528301886795,0.0,0.5800994193575337,0.5800994193575337,0.0,0.5314452968034429
phylop,s3_50,1.23191,0.02363000000000004,3,99,0.2598437202210787,0.0,0.5708089680190899,0.5708089680190899,0.0,0.5397197172352297
phylop,s3_50,1.23663,0.028269999999999795,3,97,0.26520132269986385,0.0,0.675289840135842,0.675289840135842,0.0,0.5508439517862
phylop,s3_50,1.23803,0.029120000000000035,3,98,0.26249518675394684,0.0,0.6985763097949886,0.6985763097949886,0.0,0.54406044877692
phylop,s3_50,1.24098,0.03186,6,96,0.5359276729559749,0.0,1.3959334565619224,1.3959334565619224,0.1932137629993167,0.9474342928660826
phylop,s3_50,1.2412,0.03208000000000011,6,96,0.5359276729559749,0.0,1.3959334565619224,1.3959334565619224,0.1932137629993167,0.9474342928660826
phylop,s3_50,1.24215,0.033030000000000115,6,99,0.5196874404421574,0.0,1.2930747922437673,1.2930747922437673,0.18744624306051783,0.9170088913986733
phylop,s3_50,1.24699,0.0337400000000001,6,99,0.5196874404421574,0.0,1.1804895878831965,1.1804895878831965,0.18643365734391962,0.9144595577598461
phylop,s3_50,1.24767,0.03442000000000012,6,99,0.5196874404421574,0.0,1.1804895878831965,1.1804895878831965,0.18643365734391962,0.9144595577598461
phylop,s3_50,1.2479,0.03465000000000007,6,99,0.5196874404421574,0.0,1.1804895878831965,1.1804895878831965,0.18643365734391962,0.9144595577598461
phylop,s3_50,1.25145,0.031789999999999985,6,96,0.5359276729559749,0.0,1.188630668070469,1.188630668070469,0.19278026209990265,0.9459280254962527
phylop,s3_50,1.26454,0.03269000000000011,5,100,0.4287421383647799,0.0,0.8477118589478141,0.8477118589478141,0.15334433776006737,0.7967450819597789
phylop,s3_50,1.26696,0.03033000000000019,5,98,0.4374919779232448,0.0,0.8635687759322157,0.8635687759322157,0.1568938256314819,0.8124934727049546
phylop,s3_50,1.26765,0.031020000000000048,5,101,0.4244971666978019,0.0,0.8635687759322157,0.8635687759322157,0.15240763078703615,0.7869021974041035
phylop,s3_50,1.26779,0.031030000000000113,6,100,0.5144905660377359,0.1397652388797364,0.8729033718263873,0.8729033718263873,0.18354520598399465,0.9163340412032269
phylop,s3_50,1.26869,0.03066000000000013,6,100,0.5144905660377359,0.1397652388797364,0.8729033718263873,0.8729033718263873,0.18354520598399465,0.9163340412032269
phylop,s3_50,1.2695,0.03147000000000011,6,100,0.5144905660377359,0.1397652388797364,0.8729033718263873,0.8729033718263873,0.18354520598399465,0.9163340412032269
phylop,s3_50,1.27344,0.032239999999999824,6,96,0.5359276729559749,0.13441636523676634,0.8532396166828776,0.8532396166828776,0.19113592628295542,0.952989499505859
phylop,s3_50,1.27959,0.031689999999999996,6,96,0.5359276729559749,0.12214277614172983,0.9763335977469498,0.9763335977469498,0.19171940925272848,0.9562758418003243
phylop,s3_50,1.27988,0.0319799999999999,6,96,0.5359276729559749,0.12214277614172983,0.9763335977469498,0.9763335977469498,0.19171940925272848,0.9562758418003243
phylop,s3_50,1.28009,0.03218999999999994,6,96,0.5359276729559749,0.12214277614172983,0.9763335977469498,0.9763335977469498,0.19171940925272848,0.9562758418003243
phylop,s3_50,1.28029,0.03238999999999992,6,96,0.5359276729559749,0.12214277614172983,0.9763335977469498,0.9763335977469498,0.19171940925272848,0.9562758418003243
phylop,s3_50,1.28324,0.03533999999999993,7,100,0.6002389937106918,0.1229933050176373,1.029704830604172,1.029704830604172,0.25432699708794687,1.0288740155351217
phylop,s3_50,1.28557,0.03485999999999989,6,100,0.5144905660377359,0.1229933050176373,1.0425531914893618,1.0425531914893618,0.18569563439647901,0.9045597868743848
phylop,s3_50,1.29723,0.02886999999999995,4,96,0.3572851153039832,0.0,0.5407917202527823,0.5407917202527823,0.08803000387185486,0.7007663873449028
phylop,s3_50,1.29848,0.029789999999999983,4,96,0.3572851153039832,0.0,0.5407917202527823,0.5407917202527823,0.08803000387185486,0.7007663873449028
phylop,s3_50,1.29882,0.03012999999999999,4,96,0.3572851153039832,0.0,0.5407917202527823,0.5407917202527823,0.08803000387185486,0.7007663873449028
phylop,s3_50,1.30387,0.03483999999999998,7,93,0.6454182728071955,0.13007303077725613,1.3518708192932378,1.3518708192932378,0.26928459424169693,1.1111657273278088
phylop,s3_50,1.30395,0.034760000000000124,7,93,0.6454182728071955,0.13007303077725613,1.3518708192932378,1.3518708192932378,0.26928459424169693,1.1111657273278088
phylop,s3_50,1.30588,0.03637999999999986,7,93,0.6454182728071955,0.13007303077725613,1.3518708192932378,1.3518708192932378,0.26928459424169693,1.1111657273278088
phylop,s3_50,1.30882,0.034379999999999855,7,93,0.6454182728071955,0.13179293949689533,1.3796519410977244,1.3796519410977244,0.2709873604037404,1.1061307104003102
phylop,s3_50,1.31324,0.033279999999999976,8,93,0.7376208832082234,0.14236492890039604,1.7246647920674851,1.7246647920674851,0.33441753794524703,1.2352005326422604
phylop,s3_50,1.31764,0.03649000000000013,8,96,0.7145702306079664,0.12725752508361204,1.6434014020115817,1.6434014020115817,0.3234478701922485,1.1938158603535125
phylop,s3_50,1.32043,0.03485999999999989,8,93,0.7376208832082234,0.13384326355340848,1.7314978388652267,1.7314978388652267,0.3340183989038951,1.2359088426193687
phylop,s3_50,1.32202,0.03377000000000008,8,96,0.7145702306079664,0.13062629436043982,1.7530464790251268,1.7530464790251268,0.32476960438276375,1.1938806613510364
phylop,s3_50,1.3261,0.029689999999999994,8,96,0.7145702306079664,0.13062629436043982,1.7530464790251268,1.7530464790251268,0.32476960438276375,1.1938806613510364
phylop,s3_50,1.33871,0.02915000000000001,10,90,0.9527603074772887,0.30360763156600645,1.7768180296028395,1.7768180296028395,0.4826453768178107,1.5473887327028022
phylop,s3_50,1.3432,0.02574999999999994,9,92,0.8388433141919606,0.1544174173685046,1.695906432748538,1.695906432748538,0.4004064963136383,1.3839807715699743
phylop,s3_50,1.34376,0.026120000000000143,9,92,0.8388433141919606,0.1544174173685046,1.695906432748538,1.695906432748538,0.4004064963136383,1.3839807715699743
phylop,s3_50,1.34652,0.026089999999999947,9,92,0.8388433141919606,0.1544659066823114,1.69609563123495,1.69609563123495,0.39988242210464436,1.3789961346238935
phylop,s3_50,1.35413,0.03370000000000006,9,98,0.7874855602618405,0.14621409047601452,1.5533222651732912,1.5533222651732912,0.37637759379386276,1.2902600000307778
phylop,s3_50,1.35579,0.03536000000000006,9,101,0.7640949000560433,0.13993922179351503,1.5501284022842892,1.5501284022842892,0.36380206515272534,1.253291331269894
phylop,s3_50,1.35602,0.03543000000000007,9,92,0.8388433141919606,0.1630286297827855,1.5675971538040503,1.5675971538040503,0.4018682894169904,1.3779226473304558
phylop,s3_50,1.35709,0.035069999999999935,9,92,0.8388433141919606,0.1630286297827855,1.5675971538040503,1.5675971538040503,0.4018682894169904,1.3779226473304558
phylop,s3_50,1.36028,0.0354000000000001,9,92,0.8388433141919606,0.17194036845860977,1.4435028248587571,1.4435028248587571,0.39877206861018644,1.3787344065930591
phylop,s3_50,1.36104,0.03493999999999997,9,92,0.8388433141919606,0.17194036845860977,1.4435028248587571,1.4435028248587571,0.39877206861018644,1.3787344065930591
phylop,s3_50,1.36217,0.036070000000000046,9,92,0.8388433141919606,0.17194036845860977,1.4435028248587571,1.4435028248587571,0.39877206861018644,1.3787344065930591
phylop,s3_50,1.36431,0.038209999999999855,9,95,0.8123535253227407,0.1622441916188921,1.4183277415959477,1.4183277415959477,0.38698582050287117,1.3328443188102965
phylop,s3_50,1.36746,0.03693000000000013,8,102,0.6725366876310273,0.0,1.337904761904762,1.337904761904762,0.30756069037532174,1.1213112147482505
phylop,s3_50,1.36786,0.03652999999999995,8,102,0.6725366876310273,0.0,1.337904761904762,1.337904761904762,0.30756069037532174,1.1213112147482505
phylop,s3_50,1.36895,0.03544000000000014,8,102,0.6725366876310273,0.0,1.337904761904762,1.337904761904762,0.30756069037532174,1.1213112147482505
phylop,s3_50,1.37056,0.03383000000000003,8,102,0.6725366876310273,0.0,1.337904761904762,1.337904761904762,0.30756069037532174,1.1213112147482505
phylop,s3_50,1.37705,0.03385000000000016,5,102,0.4203354297693921,0.0,0.9028312566104434,0.9028312566104434,0.14832712512000298,0.7791595666957359
phylop,s3_50,1.3782,0.03500000000000014,5,102,0.4203354297693921,0.0,0.9028312566104434,0.9028312566104434,0.14832712512000298,0.7791595666957359
phylop,s3_50,1.38843,0.03753999999999991,9,93,0.8298234936092513,0.2198371402755856,1.705637764461294,1.705637764461294,0.3946122339718326,1.3487135194434896
phylop,s3_50,1.39145,0.03732000000000002,9,93,0.8298234936092513,0.2198371402755856,1.705637764461294,1.705637764461294,0.3946122339718326,1.3487135194434896
phylop,s3_50,1.39568,0.03699999999999992,15,86,1.4956121105748135,1.0959358961469075,2.0234097882623336,2.0234097882623336,0.8723253955962861,2.2604235378188213
phylop,s3_50,1.39883,0.038550000000000084,15,86,1.4956121105748135,1.0959358961469075,2.0234097882623336,2.0234097882623336,0.8723253955962861,2.2604235378188213
phylop,s3_50,1.40439,0.03974999999999995,16,84,1.6333033842467803,1.0718952997743108,2.8596847878668927,2.8596847878668927,0.9703094283510644,2.442043422733078
phylop,s3_50,1.41689,0.04188999999999998,21,79,2.279388583711488,1.1811199748409908,3.442930079612322,3.442930079612322,1.4530832473267772,3.293578707832747
phylop,s3_50,1.42039,0.04218999999999995,21,79,2.279388583711488,1.2034902503487215,3.3017577260249715,3.3017577260249715,1.4501535208091125,3.2951614456646636
phylop,s3_50,1.42469,0.04648999999999992,21,79,2.279388583711488,1.2034902503487215,3.3017577260249715,3.3017577260249715,1.4501535208091125,3.2951614456646636
phylop,s3_50,1.42597,0.04740000000000011,21,82,2.1959963184537505,1.1619807455949247,3.2423156236434316,3.2423156236434316,1.403103315117903,3.1728003799945164
phylop,s3_50,1.43118,0.04219000000000017,21,79,2.279388583711488,1.1619807455949247,3.425142502617395,3.425142502617395,1.4570656235242294,3.29677464644209
phylop,s3_50,1.43175,0.04161999999999999,21,79,2.279388583711488,1.1619807455949247,3.425142502617395,3.425142502617395,1.4570656235242294,3.29677464644209
phylop,s3_50,1.43268,0.04122999999999988,21,79,2.279388583711488,1.1619807455949247,3.425142502617395,3.425142502617395,1.4570656235242294,3.29677464644209
phylop,s3_50,1.4405,0.036109999999999864,21,79,2.279388583711488,1.065510338902916,3.8676626847039364,3.8676626847039364,1.445684759326902,3.309939132887582
phylop,s3_50,1.44113,0.036739999999999995,21,79,2.279388583711488,1.065510338902916,3.8676626847039364,3.8676626847039364,1.445684759326902,3.309939132887582
phylop,s3_50,1.4428,0.038410000000000055,21,79,2.279388583711488,1.065510338902916,3.8676626847039364,3.8676626847039364,1.445684759326902,3.309939132887582
phylop,s3_50,1.44414,0.03974999999999995,21,82,2.1959963184537505,0.9976377208730983,3.7263649680226743,3.7263649680226743,1.3972367566424428,3.176017207384836
phylop,s3_50,1.44514,0.040750000000000064,21,82,2.1959963184537505,0.9976377208730983,3.7263649680226743,3.7263649680226743,1.3972367566424428,3.176017207384836
phylop,s3_50,1.44875,0.044359999999999955,21,82,2.1959963184537505,0.9976377208730983,3.7263649680226743,3.7263649680226743,1.3972367566424428,3.176017207384836
phylop,s3_50,1.4515,0.04482000000000008,21,79,2.279388583711488,1.0979185520361991,3.6534609211817135,3.6534609211817135,1.4493104877970282,3.29521765250176
phylop,s3_50,1.45444,0.04188000000000014,21,79,2.279388583711488,1.0979185520361991,3.6534609211817135,3.6534609211817135,1.4493104877970282,3.29521765250176
phylop,s3_50,1.45878,0.04055999999999993,22,79,2.3879308972215587,0.9838276181649677,4.006872852233677,4.006872852233677,1.5364474972035793,3.4586356548745925
phylop,s3_50,1.46054,0.03886999999999996,21,80,2.2508962264150947,0.8191765608354391,3.878888290240037,3.878888290240037,1.4294913542529988,3.2907151099031684
phylop,s3_50,1.47337,0.040690000000000115,23,82,2.4051388249731556,0.9051311674975961,3.7431028946083558,3.7431028946083558,1.5658457438132287,3.4377713220663035
phylop,s3_50,1.47422,0.04154000000000013,23,82,2.4051388249731556,0.9051311674975961,3.7431028946083558,3.7431028946083558,1.5658457438132287,3.4377713220663035
phylop,s3_50,1.47484,0.042159999999999975,23,82,2.4051388249731556,0.9051311674975961,3.7431028946083558,3.7431028946083558,1.5658457438132287,3.4377713220663035
phylop,s3_50,1.4825,0.04213,18,84,1.8374663072776278,0.8170052297051763,2.807823108732403,2.807823108732403,1.1236729312063496,2.7098870956921166
phylop,s3_50,1.4938,0.04926000000000008,14,86,1.3959046365364924,0.39928571428571435,2.259072049417081,2.259072049417081,0.7955999147890315,2.1181510555456553
phylop,s3_50,1.49387,0.04919000000000007,14,86,1.3959046365364924,0.39928571428571435,2.259072049417081,2.259072049417081,0.7955999147890315,2.1181510555456553
phylop,s3_50,1.49632,0.047069999999999945,14,89,1.3488516712599816,0.46794940802138607,1.9310857890986504,1.9310857890986504,0.7687033523479126,2.045995283363039
phylop,s3_50,1.49934,0.04783999999999988,14,89,1.3488516712599816,0.46794940802138607,1.9310857890986504,1.9310857890986504,0.7687033523479126,2.045995283363039
phylop,s3_50,1.49941,0.0479099999999999,14,89,1.3488516712599816,0.46794940802138607,1.9310857890986504,1.9310857890986504,0.7687033523479126,2.045995283363039
phylop,s3_50,1.50261,0.049530000000000074,14,89,1.3488516712599816,0.5081818181818182,1.7660739421817837,1.7660739421817837,0.7744181885423244,2.058034843253161
phylop,s3_50,1.5032,0.048939999999999984,14,89,1.3488516712599816,0.5081818181818182,1.7660739421817837,1.7660739421817837,0.7744181885423244,2.058034843253161
phylop,s3_50,1.50576,0.04698000000000002,14,86,1.3959046365364924,0.559901742416831,1.813815987933635,1.813815987933635,0.7997133614133615,2.1382804181578705
phylop,s3_50,1.51164,0.05286000000000013,14,86,1.3959046365364924,0.559901742416831,1.813815987933635,1.813815987933635,0.7997133614133615,2.1382804181578705
phylop,s3_50,1.51222,0.05343999999999993,14,86,1.3959046365364924,0.559901742416831,1.813815987933635,1.813815987933635,0.7997133614133615,2.1382804181578705
phylop,s3_50,1.51323,0.05444999999999989,14,95,1.26366103939093,0.5478880259976254,1.6630321625956572,1.6630321625956572,0.7219017650253825,1.9212480426180247
phylop,s3_50,1.51372,0.05396000000000001,9,94,0.82099558410277,0.13022568061717055,1.583313121513461,1.583313121513461,0.39250940972912046,1.3396462219279992
phylop,s3_50,1.52439,0.050169999999999826,11,89,1.0598120274185572,0.38197424892703863,1.9650097395570303,1.9650097395570303,0.558008932607135,1.6825986821026089
phylop,s3_50,1.52463,0.050409999999999844,11,89,1.0598120274185572,0.38197424892703863,1.9650097395570303,1.9650097395570303,0.558008932607135,1.6825986821026089
phylop,s3_50,1.53407,0.04366000000000003,12,88,1.1692967409948543,0.5731329283322077,1.9186244467143345,1.9186244467143345,0.6353883743850474,1.8282144101157083
phylop,s3_50,1.53983,0.04049000000000014,12,88,1.1692967409948543,0.6280668790812194,1.827549751754096,1.827549751754096,0.6387497252599408,1.8221709494125646
phylop,s3_50,1.54197,0.04263000000000017,12,88,1.1692967409948543,0.6280668790812194,1.827549751754096,1.827549751754096,0.6387497252599408,1.8221709494125646
phylop,s3_50,1.54306,0.0437200000000002,12,88,1.1692967409948543,0.6280668790812194,1.827549751754096,1.827549751754096,0.6387497252599408,1.8221709494125646
phylop,s3_50,1.54333,0.043990000000000196,12,88,1.1692967409948543,0.6280668790812194,1.827549751754096,1.827549751754096,0.6387497252599408,1.8221709494125646
phylop,s3_50,1.54339,0.044050000000000145,12,88,1.1692967409948543,0.6280668790812194,1.827549751754096,1.827549751754096,0.6387497252599408,1.8221709494125646
phylop,s3_50,1.55214,0.049530000000000074,10,95,0.9026150281363787,0.4513717821355208,1.4995498064220898,1.4995498064220898,0.44714465927030755,1.4480508064436377
phylop,s3_50,1.56768,0.05396000000000001,6,96,0.5359276729559749,0.2698235336938179,0.8829525057581233,0.8829525057581233,0.19181625581484024,0.942604778902299
phylop,s3_50,1.57149,0.051590000000000025,6,99,0.5196874404421574,0.24704298946058392,0.9420008903057193,0.9420008903057193,0.18584396969490138,0.9139674282320529
phylop,s3_50,1.57505,0.049779999999999935,7,95,0.631830519695465,0.3623894909962111,1.0820362286403467,1.0820362286403467,0.26594031740020657,1.0819569830622358
phylop,s3_50,1.57621,0.048619999999999886,7,95,0.631830519695465,0.3623894909962111,1.0820362286403467,1.0820362286403467,0.26594031740020657,1.0819569830622358
phylop,s3_50,1.57773,0.04709999999999992,7,95,0.631830519695465,0.3623894909962111,1.0820362286403467,1.0820362286403467,0.26594031740020657,1.0819569830622358
phylop,s3_50,1.57779,0.04703999999999997,7,95,0.631830519695465,0.3623894909962111,1.0820362286403467,1.0820362286403467,0.26594031740020657,1.0819569830622358
phylop,s3_50,1.57913,0.045700000000000074,7,95,0.631830519695465,0.3623894909962111,1.0820362286403467,1.0820362286403467,0.26594031740020657,1.0819569830622358
phylop,s3_50,1.5798,0.04573000000000005,7,95,0.631830519695465,0.3623894909962111,1.0820362286403467,1.0820362286403467,0.26594031740020657,1.0819569830622358
phylop,s3_50,1.58876,0.04542999999999986,9,93,0.8298234936092513,0.6721258716252458,1.282228082874377,1.282228082874377,0.3943562391292827,1.357666206228242
phylop,s3_50,1.59552,0.05213000000000001,11,93,1.0142287144113074,0.7316658890826885,1.9531597132801095,1.9531597132801095,0.5314382281051799,1.6001787196430501
phylop,s3_50,1.60829,0.04569000000000001,12,89,1.1561585753656987,0.8693013156322424,2.2909691069406835,2.2909691069406835,0.6285831420624047,1.8023315560463469
phylop,s3_50,1.60874,0.04523999999999995,12,89,1.1561585753656987,0.8693013156322424,2.2909691069406835,2.2909691069406835,0.6285831420624047,1.8023315560463469
phylop,s3_50,1.61537,0.04598000000000013,12,89,1.1561585753656987,0.7908653846153847,1.9746615846996827,1.9746615846996827,0.6269862300846489,1.797465211000764
phylop,s3_50,1.62024,0.04402999999999979,9,92,0.8388433141919606,0.40437337110996086,1.801868856058605,1.801868856058605,0.4035005613525724,1.3692514471089319
phylop,s3_50,1.62308,0.04529000000000005,9,92,0.8388433141919606,0.420036714490204,1.7307359307359305,1.7307359307359305,0.40220178740803975,1.3740931398612437
phylop,s3_50,1.62483,0.04601999999999995,9,94,0.82099558410277,0.43168934240362805,1.4956429891734881,1.4956429891734881,0.3945603078314136,1.3368940523869446
phylop,s3_50,1.63219,0.04559999999999986,9,91,0.8480613725896744,0.4365217624356775,1.616978211691868,1.616978211691868,0.4073011607780198,1.3880568445610002
phylop,s3_50,1.63398,0.04522000000000004,9,91,0.8480613725896744,0.4365217624356775,1.616978211691868,1.616978211691868,0.4073011607780198,1.3880568445610002
phylop,s3_50,1.63797,0.049209999999999976,11,95,0.9928765309500166,0.462462537963728,1.7284948829547484,1.7284948829547484,0.5334507322003577,1.5595049741010985
phylop,s3_50,1.64019,0.05074000000000001,11,89,1.0598120274185572,0.5318773738469886,1.692539148580607,1.692539148580607,0.5671816180463777,1.6703114129473164
phylop,s3_50,1.65398,0.04527999999999999,12,88,1.1692967409948543,0.7247510923555859,1.8197424892703864,1.8197424892703864,0.6372900363339563,1.8266744678523208
phylop,s3_50,1.65601,0.04726999999999992,12,88,1.1692967409948543,0.7247510923555859,1.8197424892703864,1.8197424892703864,0.6372900363339563,1.8266744678523208
phylop,s3_50,1.66135,0.04459999999999997,13,90,1.2385883997204752,0.4977049512011309,1.8657510666062025,1.8657510666062025,0.6982128047842889,1.896958253996933
phylop,s3_50,1.66218,0.04377000000000009,13,90,1.2385883997204752,0.4977049512011309,1.8657510666062025,1.8657510666062025,0.6982128047842889,1.896958253996933
phylop,s3_50,1.66354,0.04241000000000006,13,87,1.2812983445384225,0.5108982164546951,1.938857142857143,1.938857142857143,0.7206439481460994,1.9602440427594943
phylop,s3_50,1.66664,0.04127000000000014,14,88,1.3641795311606633,0.5148548857976988,2.1870927458734335,2.1870927458734335,0.7856579945125746,2.076668352936191
phylop,s3_50,1.66813,0.03978000000000015,14,88,1.3641795311606633,0.5148548857976988,2.1870927458734335,2.1870927458734335,0.7856579945125746,2.076668352936191
phylop,s3_50,1.67085,0.03865999999999992,14,88,1.3641795311606633,0.5148548857976988,2.1870927458734335,2.1870927458734335,0.7856579945125746,2.076668352936191
phylop,s3_50,1.67779,0.04559999999999986,14,91,1.319206579583938,0.4926441117195188,2.1839144623840605,2.1839144623840605,0.7620659361556135,2.002997994685865
phylop,s3_50,1.6796,0.045619999999999994,14,88,1.3641795311606633,0.4746992555502396,2.3276897190160075,2.3276897190160075,0.78725962653929,2.0783340470742746
phylop,s3_50,1.69093,0.04129000000000005,10,90,0.9527603074772887,0.2151109759805412,1.6626536242789063,1.6626536242789063,0.4812864503708737,1.5259997035857755
phylop,s3_50,1.69109,0.04113000000000011,10,90,0.9527603074772887,0.2151109759805412,1.6626536242789063,1.6626536242789063,0.4812864503708737,1.5259997035857755
phylop,s3_50,1.69394,0.039959999999999996,10,90,0.9527603074772887,0.2151109759805412,1.6626536242789063,1.6626536242789063,0.4812864503708737,1.5259997035857755
phylop,s3_50,1.69926,0.04325000000000001,9,91,0.8480613725896744,0.20444210153033987,1.5748641127558693,1.5748641127558693,0.4051378991385824,1.3797711519860425
phylop,s3_50,1.70595,0.049940000000000095,9,94,0.82099558410277,0.1927179487179487,1.5748641127558693,1.5748641127558693,0.3919531540678073,1.3334576735124777
phylop,s3_50,1.70746,0.04885000000000006,11,89,1.0598120274185572,0.21653574721827484,1.90247507458197,1.90247507458197,0.5480755685187381,1.6605341624216412
phylop,s3_50,1.70791,0.0484,11,89,1.0598120274185572,0.21653574721827484,1.90247507458197,1.90247507458197,0.5480755685187381,1.6605341624216412
phylop,s3_50,1.71166,0.050309999999999855,11,89,1.0598120274185572,0.21653574721827484,1.90247507458197,1.90247507458197,0.5480755685187381,1.6605341624216412
phylop,s3_50,1.72502,0.053260000000000085,17,88,1.6565037164093768,0.5067567364774959,2.7559465083259096,2.7559465083259096,1.0114621194650335,2.428119487579263
phylop,s3_50,1.7268,0.05148000000000019,17,88,1.6565037164093768,0.5067567364774959,2.7559465083259096,2.7559465083259096,1.0114621194650335,2.428119487579263
phylop,s3_50,1.73222,0.05262000000000011,17,88,1.6565037164093768,0.5333962215620205,2.6086066068620015,2.6086066068620015,1.0073618939784956,2.4296374450492837
phylop,s3_50,1.7404,0.049309999999999965,18,84,1.8374663072776278,1.1084923864769327,2.462933766350172,2.462933766350172,1.13386501423261,2.7064742564122213
phylop,s3_50,1.74101,0.049919999999999964,18,84,1.8374663072776278,1.1084923864769327,2.462933766350172,2.462933766350172,1.13386501423261,2.7064742564122213
phylop,s3_50,1.74316,0.05207000000000006,18,84,1.8374663072776278,1.1084923864769327,2.462933766350172,2.462933766350172,1.13386501423261,2.7064742564122213
phylop,s3_50,1.75631,0.052119999999999944,21,86,2.093856954804739,1.190668202764977,2.7461975963146927,2.7461975963146927,1.328648557742264,3.019421926369983
phylop,s3_50,1.76354,0.05608000000000013,21,81,2.2231073841136735,1.4182555957938827,2.9087607967407463,2.9087607967407463,1.4109920166915038,3.2212665383908896
phylop,s3_50,1.76478,0.05732000000000004,21,81,2.2231073841136735,1.4182555957938827,2.9087607967407463,2.9087607967407463,1.4109920166915038,3.2212665383908896
phylop,s3_50,1.76569,0.05777999999999994,21,79,2.279388583711488,1.4510099424385139,2.927821024639029,2.927821024639029,1.4517018879009342,3.305583983354291
phylop,s3_50,1.76672,0.05881000000000003,21,79,2.279388583711488,1.4510099424385139,2.927821024639029,2.927821024639029,1.4517018879009342,3.305583983354291
phylop,s3_50,1.77312,0.06313999999999997,20,80,2.1437106918238995,1.2707110241356816,2.8182384749199376,2.8182384749199376,1.3589836043256183,3.107332610325833
phylop,s3_50,1.77821,0.05864999999999987,27,79,2.930642464771913,1.4791795108749182,4.155132743362832,4.155132743362832,1.9717550992544886,4.081995538807186
phylop,s3_50,1.77828,0.058579999999999854,27,79,2.930642464771913,1.4791795108749182,4.155132743362832,4.155132743362832,1.9717550992544886,4.081995538807186
phylop,s3_50,1.77868,0.0581799999999999,27,79,2.930642464771913,1.4791795108749182,4.155132743362832,4.155132743362832,1.9717550992544886,4.081995538807186
phylop,s3_50,1.78512,0.05289999999999995,27,73,3.171517187903851,1.5480258435032304,4.513261218655702,4.513261218655702,2.1293693656619355,4.4400761190242894
phylop,s3_50,1.78662,0.054400000000000004,27,73,3.171517187903851,1.5480258435032304,4.513261218655702,4.513261218655702,2.1293693656619355,4.4400761190242894
phylop,s3_50,1.8008,0.057639999999999914,27,74,3.128658847526772,1.3752259237808018,5.017157584984628,5.017157584984628,2.1019907751069042,4.373735244027621
phylop,s3_50,1.80134,0.0581799999999999,27,74,3.128658847526772,1.3752259237808018,5.017157584984628,5.017157584984628,2.1019907751069042,4.373735244027621
phylop,s3_50,1.80843,0.05384000000000011,28,73,3.2889807874558454,1.53941459268607,5.361918604651162,5.361918604651162,2.2239045244032773,4.599634481393608
phylop,s3_50,1.80878,0.05349000000000004,28,73,3.2889807874558454,1.53941459268607,5.361918604651162,5.361918604651162,2.2239045244032773,4.599634481393608
phylop,s3_50,1.81154,0.05522999999999989,28,73,3.2889807874558454,1.53941459268607,5.361918604651162,5.361918604651162,2.2239045244032773,4.599634481393608
phylop,s3_50,1.81188,0.0555699999999999,28,73,3.2889807874558454,1.53941459268607,5.361918604651162,5.361918604651162,2.2239045244032773,4.599634481393608
phylop,s3_50,1.82222,0.05642999999999998,26,75,2.9726121593291404,1.123923368861214,5.12607557261513,5.12607557261513,1.9754071900594143,4.202648408443653
phylop,s3_50,1.83513,0.0620099999999999,27,81,2.8582809224318657,1.1003024205937584,4.951040631866513,4.951040631866513,1.9117368705737579,4.008004867940557
phylop,s3_50,1.83626,0.06313999999999997,27,81,2.8582809224318657,1.1003024205937584,4.951040631866513,4.951040631866513,1.9117368705737579,4.008004867940557
phylop,s3_50,1.83686,0.06373999999999991,27,81,2.8582809224318657,1.1003024205937584,4.951040631866513,4.951040631866513,1.9117368705737579,4.008004867940557
phylop,s3_50,1.84358,0.07045999999999997,27,81,2.8582809224318657,1.1003024205937584,4.951040631866513,4.951040631866513,1.9117368705737579,4.008004867940557
phylop,s3_50,1.84591,0.07174000000000014,30,72,3.572851153039832,1.7551805802249854,5.525216585217882,5.525216585217882,2.4218085739441957,4.999543542058256
phylop,s3_50,1.84724,0.07041000000000008,30,72,3.572851153039832,1.7551805802249854,5.525216585217882,5.525216585217882,2.4218085739441957,4.999543542058256
phylop,s3_50,1.85075,0.07246999999999981,29,71,3.5024005669235536,1.7309904844290656,5.494681264073297,5.494681264073297,2.364475368310436,4.913436374837094
phylop,s3_50,1.85531,0.07702999999999993,29,74,3.360411354750977,1.721507303032235,5.028958611345862,5.028958611345862,2.2678189018074644,4.700790368101844
phylop,s3_50,1.85772,0.07678999999999991,29,71,3.5024005669235536,2.1089123332709074,4.3680323657847415,4.3680323657847415,2.364505858247006,4.90132306238044
phylop,s3_50,1.86227,0.07715000000000005,29,71,3.5024005669235536,2.1089123332709074,4.3680323657847415,4.3680323657847415,2.364505858247006,4.90132306238044
phylop,s3_50,1.87529,0.07195000000000018,31,72,3.691946191474493,2.2692130023435926,4.737695944284574,4.737695944284574,2.5258630904756916,5.1547101472649635
phylop,s3_50,1.87587,0.07137000000000016,31,72,3.691946191474493,2.2692130023435926,4.737695944284574,4.737695944284574,2.5258630904756916,5.1547101472649635
phylop,s3_50,1.87701,0.07023000000000001,31,72,3.691946191474493,2.2692130023435926,4.737695944284574,4.737695944284574,2.5258630904756916,5.1547101472649635
phylop,s3_50,1.87865,0.07021999999999995,31,72,3.691946191474493,2.2692130023435926,4.737695944284574,4.737695944284574,2.5258630904756916,5.1547101472649635
phylop,s3_50,1.88737,0.07894000000000001,33,74,3.8239163691993876,2.6235521235521237,4.759116352023104,4.759116352023104,2.6435670855228515,5.299726193757552
phylop,s3_50,1.89104,0.07916000000000012,28,72,3.33466107617051,2.246572718133662,4.180927306873028,4.180927306873028,2.2259361362985417,4.69170159019008
phylop,s3_50,1.91765,0.07407000000000008,24,78,2.638413159167876,1.9805590073882757,3.654987106949335,3.654987106949335,1.7251277315380895,3.784787985782376
phylop,s3_50,1.92542,0.07630999999999988,24,81,2.54069415327277,1.9725932243164117,3.2525575447570327,3.2525575447570327,1.6611204588448174,3.6381125588549517
phylop,s3_50,1.93451,0.07223999999999986,25,76,2.8206719629261836,2.1954974582425564,3.4629388083735906,3.4629388083735906,1.8610279567176118,4.031921607153443
phylop,s3_50,1.94392,0.06863000000000019,25,76,2.8206719629261836,2.1424757281553397,3.462930881024495,3.462930881024495,1.8674673600298306,4.013432371494382
phylop,s3_50,1.94549,0.07020000000000004,25,76,2.8206719629261836,2.1424757281553397,3.462930881024495,3.462930881024495,1.8674673600298306,4.013432371494382
phylop,s3_50,1.94602,0.07073000000000018,25,76,2.8206719629261836,2.1424757281553397,3.462930881024495,3.462930881024495,1.8674673600298306,4.013432371494382
phylop,s3_50,1.94724,0.07195000000000018,25,76,2.8206719629261836,2.1424757281553397,3.462930881024495,3.462930881024495,1.8674673600298306,4.013432371494382
phylop,s3_50,1.94928,0.07399,25,76,2.8206719629261836,2.1424757281553397,3.462930881024495,3.462930881024495,1.8674673600298306,4.013432371494382
phylop,s3_50,1.95041,0.07454000000000005,22,78,2.4185453959038865,1.7835937945530034,3.3030617540217952,3.3030617540217952,1.5641392153350244,3.508174465785186
phylop,s3_50,1.9686,0.08122999999999991,23,79,2.49647321073163,1.8999808132807519,3.0857686709215093,3.0857686709215093,1.636035453956568,3.581119510990077
phylop,s3_50,1.97541,0.08298000000000005,26,76,2.933498841443231,2.16011069429883,3.8429264650989174,3.8429264650989174,1.9619696556901058,4.173220979489099
phylop,s3_50,1.98375,0.07464000000000026,26,76,2.933498841443231,2.16011069429883,3.8429264650989174,3.8429264650989174,1.9619696556901058,4.173220979489099
phylop,s3_50,1.9842,0.0741900000000002,26,76,2.933498841443231,2.16011069429883,3.8429264650989174,3.8429264650989174,1.9619696556901058,4.173220979489099
phylop,s3_50,1.98832,0.07067000000000001,26,76,2.933498841443231,2.16011069429883,3.8429264650989174,3.8429264650989174,1.9619696556901058,4.173220979489099
phylop,s3_50,1.99017,0.07180000000000009,23,79,2.49647321073163,1.592039386446196,3.66274336562431,3.66274336562431,1.6275768571314646,3.5792335619201276
phylop,s3_50,1.99546,0.06956000000000007,23,79,2.49647321073163,1.5077854354173226,3.8508154197173377,3.8508154197173377,1.6314066908926201,3.5951743516972705
phylop,s3_50,2.00173,0.06721999999999984,23,82,2.4051388249731556,1.5016896188365245,3.6824675324675322,3.6824675324675322,1.5756461279999943,3.4564399411959186
phylop,s3_50,2.00327,0.06842999999999977,25,80,2.679638364779874,1.693423461484298,3.8149905795148933,3.8149905795148933,1.77261921333775,3.8222689094069415
phylop,s3_50,2.00717,0.06452999999999998,25,80,2.679638364779874,1.693423461484298,3.8149905795148933,3.8149905795148933,1.77261921333775,3.8222689094069415
phylop,s3_50,2.02494,0.07166000000000006,21,81,2.2231073841136735,1.1837349397590362,2.9537621832358676,2.9537621832358676,1.4156077814533559,3.2043175119697294
phylop,s3_50,2.0265,0.07010000000000005,21,81,2.2231073841136735,1.1837349397590362,2.9537621832358676,2.9537621832358676,1.4156077814533559,3.2043175119697294
phylop,s3_50,2.03687,0.06276999999999999,22,83,2.272849890126544,1.1417410714285714,2.935346173867777,2.935346173867777,1.4619057867049259,3.2567996192565416
phylop,s3_50,2.03742,0.06221999999999994,22,83,2.272849890126544,1.1417410714285714,2.935346173867777,2.935346173867777,1.4619057867049259,3.2567996192565416
phylop,s3_50,2.03771,0.06192999999999982,22,80,2.3580817610062894,1.250284314583151,2.9366124182507467,2.9366124182507467,1.5150742828253516,3.3938721392737152
phylop,s3_50,2.04333,0.05958000000000019,22,80,2.3580817610062894,1.250284314583151,2.9366124182507467,2.9366124182507467,1.5150742828253516,3.3938721392737152
phylop,s3_50,2.05472,0.06640000000000001,22,78,2.4185453959038865,1.3648068669527897,2.9353546816102876,2.9353546816102876,1.5537107336159306,3.4847154229368518
phylop,s3_50,2.05839,0.06565999999999983,19,81,2.0113828713409427,1.029844115323283,2.501996157567004,2.501996157567004,1.2511101310670116,2.9330809467619092
phylop,s3_50,2.06197,0.06651000000000007,19,81,2.0113828713409427,1.029844115323283,2.501996157567004,2.501996157567004,1.2511101310670116,2.9330809467619092
phylop,s3_50,2.06502,0.0644499999999999,19,81,2.0113828713409427,0.9885489947661039,2.603065122305795,2.603065122305795,1.2464103577375536,2.934604238750119
phylop,s3_50,2.06851,0.06678000000000006,21,82,2.1959963184537505,1.1301669118930449,2.8616630375612413,2.8616630375612413,1.4017797733136805,3.174507431428871
phylop,s3_50,2.0717,0.06997000000000009,22,84,2.2457921533393232,1.2785951068421144,2.864085682261107,2.864085682261107,1.4398773987803002,3.216529023744492
phylop,s3_50,2.07917,0.07218999999999998,22,78,2.4185453959038865,1.4389333985688948,3.557073784155009,3.557073784155009,1.5542580579993441,3.491089366049657
phylop,s3_50,2.09237,0.06966000000000028,22,78,2.4185453959038865,1.4663007946441833,3.5753013969509473,3.5753013969509473,1.5576060737074364,3.4901495977857815
phylop,s3_50,2.09434,0.0693999999999999,22,78,2.4185453959038865,1.4663007946441833,3.5753013969509473,3.5753013969509473,1.5576060737074364,3.4901495977857815
phylop,s3_50,2.0966,0.07166000000000006,22,78,2.4185453959038865,1.4663007946441833,3.5753013969509473,3.5753013969509473,1.5576060737074364,3.4901495977857815
phylop,s3_50,2.09964,0.07405000000000017,22,82,2.300567571713453,1.2479093225956175,3.6768012317885357,3.6768012317885357,1.4876425402205962,3.323239830594441
phylop,s3_50,2.10497,0.06872000000000034,22,79,2.3879308972215587,1.3016826923076923,3.787984649993384,3.787984649993384,1.5396370462928783,3.4568680684135837
phylop,s3_50,2.10852,0.07164999999999999,22,79,2.3879308972215587,1.3016826923076923,3.787984649993384,3.787984649993384,1.5396370462928783,3.4568680684135837
phylop,s3_50,2.12333,0.08591000000000015,24,76,2.7078450844091364,1.8035473332211787,4.148461048609637,4.148461048609637,1.7762701612749199,3.888760006735846
phylop,s3_50,2.12405,0.08633999999999986,23,77,2.5613166707506334,1.7406723703455982,3.7726884226884225,3.7726884226884225,1.666101857955145,3.684756707396616
phylop,s3_50,2.12947,0.08613999999999988,22,78,2.4185453959038865,1.6281756127463631,3.664815838870252,3.664815838870252,1.555623578039369,3.50283208544004
phylop,s3_50,2.13471,0.08648999999999996,22,84,2.2457921533393232,1.3485521031494399,3.7774486343196276,3.7774486343196276,1.4485725049806872,3.233575438416478
phylop,s3_50,2.13535,0.0858500000000002,22,84,2.2457921533393232,1.3485521031494399,3.7774486343196276,3.7774486343196276,1.4485725049806872,3.233575438416478
phylop,s3_50,2.15136,0.08633999999999986,20,82,2.0914250651940485,1.1834413763518903,3.2095238095238092,3.2095238095238092,1.3100368905099729,3.041310541310541
phylop,s3_50,2.16203,0.08813999999999966,19,82,1.986853811934346,1.1012454212454212,2.8116192119643366,2.8116192119643366,1.2322909449060322,2.9051078048138725
phylop,s3_50,2.17369,0.08545999999999987,19,85,1.9167295597484277,1.0966162708842337,2.6267529131174125,2.6267529131174125,1.187908639148668,2.7956443461923404
phylop,s3_50,2.20076,0.10111999999999988,18,85,1.8158490566037733,1.2455285772115778,2.642557920834402,2.642557920834402,1.112731363457147,2.667721484149371
phylop,s3_50,2.20969,0.10763999999999996,16,84,1.6333033842467803,1.149063712918621,2.2956931428278793,2.2956931428278793,0.9687244629999675,2.4410077911623413
phylop,s3_50,2.21095,0.10638000000000014,16,84,1.6333033842467803,1.149063712918621,2.2956931428278793,2.2956931428278793,0.9687244629999675,2.4410077911623413
phylop,s3_50,2.2212,0.10107,16,85,1.6140880503144652,1.1138742043370373,2.6099436392914654,2.6099436392914654,0.955765306122449,2.411654104535343
phylop,s3_50,2.22543,0.10209999999999964,16,91,1.5076646623816434,1.0528815992065026,2.419119807274223,2.419119807274223,0.8928059191415977,2.2436363636363637
phylop,s3_50,2.22601,0.10267999999999988,16,91,1.5076646623816434,1.0528815992065026,2.419119807274223,2.419119807274223,0.8928059191415977,2.2436363636363637
phylop,s3_50,2.2342,0.10568,18,83,1.8596044555580813,1.1168585746128858,3.151675320744173,3.151675320744173,1.1464550851015032,2.7434293983772013
phylop,s3_50,2.24138,0.10666999999999982,18,83,1.8596044555580813,1.1778776116316882,2.960302642009731,2.960302642009731,1.1487464503400706,2.738676147529616
phylop,s3_50,2.24333,0.10573000000000032,16,86,1.5953195846131343,1.0017760802441456,2.4620997754893885,2.4620997754893885,0.9439210445303976,2.3844921121518534
phylop,s3_50,2.24567,0.10339000000000009,16,86,1.5953195846131343,1.0017760802441456,2.4620997754893885,2.4620997754893885,0.9439210445303976,2.3844921121518534
phylop,s3_50,2.25017,0.09889000000000037,16,86,1.5953195846131343,1.0017760802441456,2.4620997754893885,2.4620997754893885,0.9439210445303976,2.3844921121518534
phylop,s3_50,2.25915,0.10779000000000005,16,86,1.5953195846131343,1.0017760802441456,2.4620997754893885,2.4620997754893885,0.9439210445303976,2.3844921121518534
phylop,s3_50,2.26003,0.10797999999999996,17,85,1.7149685534591192,1.2076098853396007,2.504291466799288,2.504291466799288,1.0282321919958664,2.547415965766811
phylop,s3_50,2.26449,0.10352000000000006,17,85,1.7149685534591192,1.2076098853396007,2.504291466799288,2.504291466799288,1.0282321919958664,2.547415965766811
phylop,s3_50,2.27655,0.10285999999999973,16,89,1.5415447671542648,1.1234156374000186,2.087387861803129,2.087387861803129,0.9165512660203583,2.3044604468414063
phylop,s3_50,2.28071,0.10246999999999984,16,86,1.5953195846131343,1.109841774613078,2.136985270243697,2.136985270243697,0.9425774798393847,2.3919140876532907
phylop,s3_50,2.30313,0.08986000000000027,15,85,1.5132075471698112,0.8178152492668621,2.256605188234615,2.256605188234615,0.8836171504414566,2.291143889045326
phylop,s3_50,2.31733,0.09613000000000005,18,85,1.8158490566037733,0.8961357595583724,2.7488417418891578,2.7488417418891578,1.1151966981282484,2.677357051365695
phylop,s3_50,2.31791,0.09670999999999985,18,85,1.8158490566037733,0.8961357595583724,2.7488417418891578,2.7488417418891578,1.1151966981282484,2.677357051365695
phylop,s3_50,2.32227,0.10107,18,88,1.7539451114922813,0.8961357595583724,2.593584512103241,2.593584512103241,1.0781193582183284,2.579338904311177
phylop,s3_50,2.3262,0.10020000000000007,17,85,1.7149685534591192,0.8806893504197968,2.480830439814815,2.480830439814815,1.0436395628932031,2.538182688265334
phylop,s3_50,2.32702,0.10101000000000004,17,85,1.7149685534591192,0.8806893504197968,2.480830439814815,2.480830439814815,1.0436395628932031,2.538182688265334
phylop,s3_50,2.3322,0.09843000000000002,16,89,1.5415447671542648,0.8015345370748427,2.2868399547381335,2.2868399547381335,0.910571916940753,2.294983841008905
phylop,s3_50,2.33876,0.09309000000000012,19,81,2.0113828713409427,1.292937015101136,3.2072163300111924,3.2072163300111924,1.2583924010707754,2.9481633176076367
phylop,s3_50,2.33988,0.0942099999999999,19,81,2.0113828713409427,1.292937015101136,3.2072163300111924,3.2072163300111924,1.2583924010707754,2.9481633176076367
phylop,s3_50,2.3412,0.09553000000000011,19,81,2.0113828713409427,1.292937015101136,3.2072163300111924,3.2072163300111924,1.2583924010707754,2.9481633176076367
phylop,s3_50,2.34844,0.09285999999999994,20,82,2.0914250651940485,1.4323313448726205,3.1685369127516774,3.1685369127516774,1.3182896334230652,3.0327624754755593
phylop,s3_50,2.34906,0.09223999999999988,20,82,2.0914250651940485,1.4323313448726205,3.1685369127516774,3.1685369127516774,1.3182896334230652,3.0327624754755593
phylop,s3_50,2.36801,0.10415000000000019,25,80,2.679638364779874,1.8233560090702947,4.364862691949772,4.364862691949772,1.7746893559581767,3.794404845923821
phylop,s3_50,2.3749,0.09834999999999994,25,77,2.784039859511558,1.8233560090702947,4.893115733823699,4.893115733823699,1.8409319295381747,3.9457606819107736
phylop,s3_50,2.37751,0.10096000000000016,25,77,2.784039859511558,1.8233560090702947,4.893115733823699,4.893115733823699,1.8409319295381747,3.9457606819107736
phylop,s3_50,2.38318,0.10663,25,77,2.784039859511558,1.8233560090702947,4.893115733823699,4.893115733823699,1.8409319295381747,3.9457606819107736
phylop,s3_50,2.39187,0.0984799999999999,25,80,2.679638364779874,1.8104325699745547,4.671117013840346,4.671117013840346,1.7713290447688819,3.7860210567710553
phylop,s3_50,2.39299,0.09735999999999967,25,80,2.679638364779874,1.8104325699745547,4.671117013840346,4.671117013840346,1.7713290447688819,3.7860210567710553
phylop,s3_50,2.40157,0.08877999999999986,25,77,2.784039859511558,1.8917835524072228,4.792411540019598,4.792411540019598,1.8407313225086488,3.9460484168831824
phylop,s3_50,2.41813,0.08593000000000028,31,71,3.7439454336079367,2.0504032258064515,6.41404233350542,6.41404233350542,2.5681033736905885,5.218952245117843
phylop,s3_50,2.4264,0.08652000000000015,28,73,3.2889807874558454,1.5130917329278124,6.392889621618526,6.392889621618526,2.2342854166283357,4.603204600856508
phylop,s3_50,2.43063,0.08942999999999968,27,75,3.086943396226415,1.3505285412262156,6.3565576386967715,6.3565576386967715,2.0857714658711206,4.3290459227881
phylop,s3_50,2.43136,0.09016000000000002,27,75,3.086943396226415,1.3505285412262156,6.3565576386967715,6.3565576386967715,2.0857714658711206,4.3290459227881
phylop,s3_50,2.43886,0.09041999999999994,27,75,3.086943396226415,1.2861788346915606,7.284857125821803,7.284857125821803,2.086905334650073,4.334210565242693
phylop,s3_50,2.4413,0.09285999999999994,27,75,3.086943396226415,1.2861788346915606,7.284857125821803,7.284857125821803,2.086905334650073,4.334210565242693
phylop,s3_50,2.45378,0.08543000000000012,25,76,2.8206719629261836,1.0936724328865468,6.144189063716223,6.144189063716223,1.8746067922367562,3.9921750792659734
phylop,s3_50,2.46365,0.08304,27,80,2.894009433962264,1.2973217824585246,5.409041885312014,5.409041885312014,1.946166286802883,4.056352080488185
phylop,s3_50,2.47216,0.07916999999999996,25,76,2.8206719629261836,1.0582497341778005,5.921676567506242,5.921676567506242,1.8686993544842743,3.9884462345243654
phylop,s3_50,2.49035,0.08021000000000011,22,79,2.3879308972215587,0.6882775530879731,5.131498079385403,5.131498079385403,1.5394128089328105,3.4328674169475195
phylop,s3_50,2.49139,0.07916999999999996,22,79,2.3879308972215587,0.6882775530879731,5.131498079385403,5.131498079385403,1.5394128089328105,3.4328674169475195
phylop,s3_50,2.49637,0.07824000000000009,22,79,2.3879308972215587,0.6882775530879731,5.131498079385403,5.131498079385403,1.5394128089328105,3.4328674169475195
phylop,s3_50,2.50406,0.07765999999999984,22,82,2.300567571713453,0.6953814218993254,4.291896166694292,4.291896166694292,1.4895415191657726,3.293674873677288
phylop,s3_50,2.51282,0.08219000000000021,22,81,2.328969640500039,0.7127659574468086,3.9543879127968915,3.9543879127968915,1.4997940216947065,3.3418072198362823
phylop,s3_50,2.51457,0.08394000000000013,22,81,2.328969640500039,0.7127659574468086,3.9543879127968915,3.9543879127968915,1.4997940216947065,3.3418072198362823
phylop,s3_50,2.52228,0.08341999999999983,21,79,2.279388583711488,0.6090991810737034,3.5089598670759092,3.5089598670759092,1.4506994875727042,3.295121259977523
phylop,s3_50,2.53631,0.09500999999999982,19,83,1.962915814200197,0.5610124036205163,3.0573842644635203,3.0573842644635203,1.22290344202514,2.8784810126582276
phylop,s3_50,2.53794,0.09663999999999984,19,83,1.962915814200197,0.5610124036205163,3.0573842644635203,3.0573842644635203,1.22290344202514,2.8784810126582276
phylop,s3_50,2.53836,0.09705999999999992,19,83,1.962915814200197,0.5610124036205163,3.0573842644635203,3.0573842644635203,1.22290344202514,2.8784810126582276
phylop,s3_50,2.53921,0.09692999999999996,19,89,1.8305844109956895,0.4535844965442472,3.216392381838763,3.216392381838763,1.1446311772930513,2.671965031084881
phylop,s3_50,2.5449,0.09123999999999999,19,89,1.8305844109956895,0.4535844965442472,3.216392381838763,3.216392381838763,1.1446311772930513,2.671965031084881
phylop,s3_50,2.54669,0.08945000000000025,18,87,1.7741054001301233,0.3158292050011795,3.216392381838763,3.216392381838763,1.0868049663646058,2.6101414920327213
phylop,s3_50,2.57056,0.07930999999999999,15,88,1.4616209262435678,0.410214083882714,2.7852068344840712,2.7852068344840712,0.8550971878017684,2.2054890659275257
phylop,s3_50,2.57473,0.08334000000000019,15,91,1.4134356209827907,0.410214083882714,2.5852660464610415,2.5852660464610415,0.8274646695629359,2.121731318905676
phylop,s3_50,2.57595,0.08456000000000019,15,91,1.4134356209827907,0.410214083882714,2.5852660464610415,2.5852660464610415,0.8274646695629359,2.121731318905676
phylop,s3_50,2.58506,0.08457999999999988,10,90,0.9527603074772887,0.5159619688134619,1.5145645645645645,1.5145645645645645,0.48015704245049196,1.5268296664225416
phylop,s3_50,2.58711,0.08305000000000007,10,90,0.9527603074772887,0.5159619688134619,1.5145645645645645,1.5145645645645645,0.48015704245049196,1.5268296664225416
phylop,s3_50,2.59943,0.08485999999999994,10,92,0.9320481268799563,0.5102317693612212,1.4106673044726141,1.4106673044726141,0.47238358394487384,1.4909814502583685
phylop,s3_50,2.60452,0.08994999999999997,10,92,0.9320481268799563,0.5102317693612212,1.4106673044726141,1.4106673044726141,0.47238358394487384,1.4909814502583685
phylop,s3_50,2.62229,0.08598000000000017,10,92,0.9320481268799563,0.5234870002184837,1.3823529411764706,1.3823529411764706,0.47535163753189635,1.4907075821765237
phylop,s3_50,2.6268,0.09048999999999996,10,92,0.9320481268799563,0.5234870002184837,1.3823529411764706,1.3823529411764706,0.47535163753189635,1.4907075821765237
phylop,s3_50,2.62774,0.09143000000000034,10,92,0.9320481268799563,0.5234870002184837,1.3823529411764706,1.3823529411764706,0.47535163753189635,1.4907075821765237
phylop,s3_50,2.63614,0.09692999999999996,10,90,0.9527603074772887,0.5077051784110342,1.5158355256464295,1.5158355256464295,0.48243108837737997,1.521080686961732
phylop,s3_50,2.64175,0.09906000000000015,10,90,0.9527603074772887,0.5833904031411222,1.5228486505084486,1.5228486505084486,0.48247163979517826,1.526063527668557
phylop,s3_50,2.64206,0.09875000000000034,10,90,0.9527603074772887,0.5833904031411222,1.5228486505084486,1.5228486505084486,0.48247163979517826,1.526063527668557
phylop,s3_50,2.64209,0.09872000000000014,10,90,0.9527603074772887,0.5833904031411222,1.5228486505084486,1.5228486505084486,0.48247163979517826,1.526063527668557
phylop,s3_50,2.64987,0.10481000000000007,13,89,1.2525051233128401,0.7025389104845848,2.2292822217518107,2.2292822217518107,0.698682065228989,1.925227764961969
phylop,s3_50,2.65621,0.10952000000000028,13,95,1.1733995365772922,0.63548609515054,2.1767945000365847,2.1767945000365847,0.6510382456012708,1.7951333960752995
phylop,s3_50,2.6641,0.1062000000000003,11,93,1.0142287144113074,0.5052352515866427,1.8753969393084962,1.8753969393084962,0.5292864479418805,1.591838441709058
phylop,s3_50,2.66964,0.10066000000000042,11,93,1.0142287144113074,0.5052352515866427,1.8753969393084962,1.8753969393084962,0.5292864479418805,1.591838441709058
phylop,s3_50,2.6772,0.10246999999999984,11,90,1.0480363382250175,0.5154718999887375,1.9046302864619291,1.9046302864619291,0.5484796458074063,1.649517170952836
phylop,s3_50,2.67898,0.10302999999999995,13,88,1.2667381360777588,0.5917092461678449,2.2292536534446765,2.2292536534446765,0.7056151967524679,1.9456713800316663
phylop,s3_50,2.67982,0.10386999999999968,13,88,1.2667381360777588,0.5917092461678449,2.2292536534446765,2.2292536534446765,0.7056151967524679,1.9456713800316663
phylop,s3_50,2.69693,0.09938000000000002,15,86,1.4956121105748135,0.9360301268336463,2.322372075370279,2.322372075370279,0.8705061526216926,2.246786014658176
phylop,s3_50,2.69925,0.09982000000000024,15,86,1.4956121105748135,0.9360301268336463,2.322372075370279,2.322372075370279,0.8705061526216926,2.246786014658176
phylop,s3_50,2.72782,0.09413999999999989,14,86,1.3959046365364924,0.7176385139896148,2.1617196853971588,2.1617196853971588,0.7998660306647789,2.1289483385981804
phylop,s3_50,2.72878,0.09317999999999982,14,86,1.3959046365364924,0.7176385139896148,2.1617196853971588,2.1617196853971588,0.7998660306647789,2.1289483385981804
phylop,s3_50,2.74081,0.09906000000000015,15,86,1.4956121105748135,0.8994543195202334,2.224953445065177,2.224953445065177,0.8681167669431292,2.2604166666666665
phylop,s3_50,2.75116,0.10328999999999988,14,86,1.3959046365364924,0.7766077642698965,2.332931596091205,2.332931596091205,0.8008219026155488,2.127292248777372
phylop,s3_50,2.75468,0.10481000000000007,15,88,1.4616209262435678,0.7848284747946529,2.38200714295832,2.38200714295832,0.853173023938594,2.206906809769677
phylop,s3_50,2.75939,0.10951999999999984,15,88,1.4616209262435678,0.7848284747946529,2.38200714295832,2.38200714295832,0.853173023938594,2.206906809769677
phylop,s3_50,2.75998,0.11011000000000015,15,88,1.4616209262435678,0.7848284747946529,2.38200714295832,2.38200714295832,0.853173023938594,2.206906809769677
phylop,s3_50,2.7703,0.11409000000000002,12,88,1.1692967409948543,0.6861563190677115,2.00455172660968,2.00455172660968,0.6311149205715446,1.8189406389676606
phylop,s3_50,2.77663,0.12041999999999975,12,88,1.1692967409948543,0.6861563190677115,2.00455172660968,2.00455172660968,0.6311149205715446,1.8189406389676606
phylop,s3_50,2.78088,0.12466999999999961,12,88,1.1692967409948543,0.6861563190677115,2.00455172660968,2.00455172660968,0.6311149205715446,1.8189406389676606
phylop,s3_50,2.78911,0.13025999999999982,12,88,1.1692967409948543,0.6772900455332681,2.0487346024636057,2.0487346024636057,0.6304868379644704,1.8210238496851585
phylop,s3_50,2.79036,0.12900999999999962,12,88,1.1692967409948543,0.6772900455332681,2.0487346024636057,2.0487346024636057,0.6304868379644704,1.8210238496851585
phylop,s3_50,2.79631,0.13107999999999986,12,88,1.1692967409948543,0.6687378312854878,2.0350480497456185,2.0350480497456185,0.6328638870282678,1.8236682631533683
phylop,s3_50,2.81246,0.1428200000000004,12,90,1.1433123689727465,0.6431277932498879,2.0265066882015663,2.0265066882015663,0.6195693880927954,1.7742522824106015
phylop,s3_50,2.81402,0.1443800000000004,12,90,1.1433123689727465,0.6431277932498879,2.0265066882015663,2.0265066882015663,0.6195693880927954,1.7742522824106015
phylop,s3_50,2.81419,0.14455000000000018,12,90,1.1433123689727465,0.6431277932498879,2.0265066882015663,2.0265066882015663,0.6195693880927954,1.7742522824106015
phylop,s3_50,2.82196,0.15232,12,90,1.1433123689727465,0.6431277932498879,2.0265066882015663,2.0265066882015663,0.6195693880927954,1.7742522824106015
phylop,s3_50,2.82554,0.15590000000000037,12,90,1.1433123689727465,0.6431277932498879,2.0265066882015663,2.0265066882015663,0.6195693880927954,1.7742522824106015
phylop,s3_50,2.82788,0.15395000000000003,13,91,1.2249775381850854,0.6598269692440096,2.1257260006183625,2.1257260006183625,0.6858550557477894,1.8890311308685699
phylop,s3_50,2.83109,0.15210999999999997,13,88,1.2667381360777588,0.7032211531083591,2.1383075962087195,2.1383075962087195,0.710128839529756,1.9579928192772875
phylop,s3_50,2.83789,0.1473,13,89,1.2525051233128401,0.6876091574227048,2.098340767172168,2.098340767172168,0.7017442582967975,1.9244244761866034
phylop,s3_50,2.84157,0.14463999999999988,13,89,1.2525051233128401,0.6876091574227048,2.098340767172168,2.098340767172168,0.7017442582967975,1.9244244761866034
phylop,s3_50,2.84483,0.14789999999999992,13,89,1.2525051233128401,0.6876091574227048,2.098340767172168,2.098340767172168,0.7017442582967975,1.9244244761866034
phylop,s3_50,2.85445,0.15149999999999997,13,90,1.2385883997204752,0.6485413657373971,2.2444511952099147,2.2444511952099147,0.6954165584997948,1.9071758447492426
phylop,s3_50,2.85736,0.14859,13,90,1.2385883997204752,0.6485413657373971,2.2444511952099147,2.2444511952099147,0.6954165584997948,1.9071758447492426
phylop,s3_50,2.87884,0.1458400000000002,14,90,1.3338644304682041,0.7260496371798854,2.110907398438438,2.110907398438438,0.7697324886382586,2.0189890359169564
phylop,s3_50,2.91937,0.1490699999999996,12,89,1.1561585753656987,0.5895645738250894,1.8230450655881045,1.8230450655881045,0.626885648089466,1.8009138504099491
phylop,s3_50,2.92739,0.15652,17,85,1.7149685534591192,0.8335987938531106,2.45526010240402,2.45526010240402,1.0436591307695684,2.536908746078019
phylop,s3_50,2.95499,0.14705000000000013,21,82,2.1959963184537505,1.0300762689251899,3.1355725934039187,3.1355725934039187,1.3937255530115955,3.161682142162324
phylop,s3_50,2.98183,0.16115000000000013,20,80,2.1437106918238995,0.9947470384215776,2.9297442237041422,2.9297442237041422,1.3507350223906653,3.1116805932276703
phylop,s3_50,2.98335,0.16139000000000037,20,80,2.1437106918238995,0.9947470384215776,2.9297442237041422,2.9297442237041422,1.3507350223906653,3.1116805932276703
phylop,s3_50,2.98519,0.16323,20,80,2.1437106918238995,0.9947470384215776,2.9297442237041422,2.9297442237041422,1.3507350223906653,3.1116805932276703
phylop,s3_50,2.99665,0.16876999999999986,23,78,2.5284792775358813,1.3096737146149167,3.5781690962099124,3.5781690962099124,1.6452348925421096,3.63389613778714
phylop,s3_50,3.00595,0.1748599999999998,24,77,2.6726782651310956,1.6812646583925988,3.515683147262094,3.515683147262094,1.7567492813493963,3.833177889797791
phylop,s3_50,3.02309,0.18000000000000016,25,75,2.8582809224318657,1.974268482531667,3.5836451464032986,3.5836451464032986,1.8998607909911083,4.08417357687726
phylop,s3_50,3.02468,0.17985000000000007,25,77,2.784039859511558,1.9051536394670878,3.4726264470430444,3.4726264470430444,1.8510291050865897,3.9757310427278094
phylop,s3_50,3.04141,0.17609999999999992,24,81,2.54069415327277,1.6345637864280076,3.250854271356784,3.250854271356784,1.6822697192127918,3.650985060316166
phylop,s3_50,3.04672,0.17078999999999978,24,81,2.54069415327277,1.6345637864280076,3.250854271356784,3.250854271356784,1.6822697192127918,3.650985060316166
phylop,s3_50,3.05056,0.16694999999999993,24,78,2.638413159167876,1.643011917659805,3.451751234845083,3.451751234845083,1.7455510229105229,3.805751902086565
phylop,s3_50,3.08391,0.14863000000000026,24,78,2.638413159167876,1.7914436286507336,3.2575643483023002,3.2575643483023002,1.739350871681122,3.805691643206937
phylop,s3_50,3.08487,0.1476700000000002,24,78,2.638413159167876,1.7914436286507336,3.2575643483023002,3.2575643483023002,1.739350871681122,3.805691643206937
phylop,s3_50,3.09224,0.1403000000000003,24,78,2.638413159167876,1.7914436286507336,3.2575643483023002,3.2575643483023002,1.739350871681122,3.805691643206937
phylop,s3_50,3.09248,0.14006000000000007,24,78,2.638413159167876,1.7914436286507336,3.2575643483023002,3.2575643483023002,1.739350871681122,3.805691643206937
phylop,s3_50,3.10204,0.13050000000000006,24,76,2.7078450844091364,1.838397374538493,3.324909625198614,3.324909625198614,1.7808429680196383,3.9071139731792126
phylop,s3_50,3.12172,0.13988999999999985,25,78,2.748347040799871,2.041310489847584,3.329112984035619,3.329112984035619,1.8195621109128695,3.9472802653519836
phylop,s3_50,3.14298,0.15506999999999982,29,72,3.453756114605171,3.058274355834027,4.071873749445278,4.071873749445278,2.3249910936943357,4.896420691464671
phylop,s3_50,3.15828,0.15233000000000008,29,74,3.360411354750977,2.8710921867001726,4.049094097019287,4.049094097019287,2.262485186074736,4.7404472272998435
phylop,s3_50,3.16498,0.15687000000000006,31,69,3.852465591103819,3.1058375194872685,4.687514197016734,4.687514197016734,2.6273287065792625,5.425368167843102
phylop,s3_50,3.17942,0.15633000000000008,31,69,3.852465591103819,3.1058375194872685,4.687514197016734,4.687514197016734,2.6273287065792625,5.425368167843102
phylop,s3_50,3.18323,0.15854999999999997,31,69,3.852465591103819,3.031923136525647,4.864658040530423,4.864658040530423,2.6345276423445534,5.429975952383571
phylop,s3_50,3.19637,0.16627999999999998,33,67,4.223430019712757,3.1055801030081867,5.852063332875748,5.852063332875748,2.9052104923705837,5.923700118638094
phylop,s3_50,3.20309,0.16168000000000005,33,67,4.223430019712757,3.1055801030081867,5.852063332875748,5.852063332875748,2.9052104923705837,5.923700118638094
phylop,s3_50,3.20393,0.16123999999999983,31,70,3.7974303683737642,2.9147357680370733,5.433313325330132,5.433313325330132,2.578044101200834,5.351836374218244
phylop,s3_50,3.21446,0.16773999999999978,31,70,3.7974303683737642,2.9147357680370733,5.433313325330132,5.433313325330132,2.578044101200834,5.351836374218244
phylop,s3_50,3.21751,0.17078999999999978,31,70,3.7974303683737642,2.9147357680370733,5.433313325330132,5.433313325330132,2.578044101200834,5.351836374218244
phylop,s3_50,3.23017,0.16283999999999965,34,67,4.351412747582841,3.1429318203529597,6.794525481721592,6.794525481721592,2.99626049524932,6.09782936888173
phylop,s3_50,3.23254,0.16046999999999967,34,67,4.351412747582841,3.1429318203529597,6.794525481721592,6.794525481721592,2.99626049524932,6.09782936888173
phylop,s3_50,3.23702,0.15599000000000007,34,67,4.351412747582841,3.1429318203529597,6.794525481721592,6.794525481721592,2.99626049524932,6.09782936888173
phylop,s3_50,3.26974,0.14802000000000026,32,68,4.0352201257861635,2.6293315301210765,5.876513278786573,5.876513278786573,2.787609398973421,5.606788157192217
phylop,s3_50,3.29205,0.14337,38,62,5.255548792858592,3.8436287453553644,7.8648387966542135,7.8648387966542135,3.6941157025838547,7.269084427424605
phylop,s3_50,3.29805,0.13976999999999995,38,62,5.255548792858592,3.8436287453553644,7.8648387966542135,7.8648387966542135,3.6941157025838547,7.269084427424605
phylop,s3_50,3.30777,0.1427900000000002,37,63,5.036018768094239,3.6270270270270273,8.096955026117977,8.096955026117977,3.549156939040208,7.003804770922537
phylop,s3_50,3.32185,0.14720999999999984,38,63,5.172127383448138,3.8198581171052424,7.80818668046929,7.80818668046929,3.644839905589461,7.150027234545216
phylop,s3_50,3.33654,0.15330999999999984,38,63,5.172127383448138,4.0942779291553135,7.687614835935918,7.687614835935918,3.662119614485401,7.1610698945724325
phylop,s3_50,3.34713,0.15195999999999987,37,64,4.957330974842767,3.946644467213115,7.658515283842794,7.658515283842794,3.5141139527819925,6.848190076440075
phylop,s3_50,3.36265,0.14605000000000024,42,58,6.209368900455433,4.3660566132529555,10.829454787234042,10.829454787234042,4.430285347632692,8.577399558702176
phylop,s3_50,3.36517,0.14766000000000012,42,58,6.209368900455433,4.3660566132529555,10.829454787234042,10.829454787234042,4.430285347632692,8.577399558702176
phylop,s3_50,3.39228,0.16210999999999975,43,57,6.468741034977381,4.562630341216666,10.018784421715184,10.018784421715184,4.630727359944468,8.980437419896878
phylop,s3_50,3.39301,0.16283999999999965,43,57,6.468741034977381,4.562630341216666,10.018784421715184,10.018784421715184,4.630727359944468,8.980437419896878
phylop,s3_50,3.40097,0.17079999999999984,43,57,6.468741034977381,4.562630341216666,10.018784421715184,10.018784421715184,4.630727359944468,8.980437419896878
phylop,s3_50,3.40772,0.17754999999999965,43,57,6.468741034977381,4.562630341216666,10.018784421715184,10.018784421715184,4.630727359944468,8.980437419896878
phylop,s3_50,3.41619,0.17917000000000005,46,56,7.043620844564241,5.039288307915759,11.14710743801653,11.14710743801653,5.070947107367341,9.734691050739341
phylop,s3_50,3.4169,0.17988000000000026,46,56,7.043620844564241,5.039288307915759,11.14710743801653,11.14710743801653,5.070947107367341,9.734691050739341
phylop,s3_50,3.41765,0.1806300000000003,46,56,7.043620844564241,5.039288307915759,11.14710743801653,11.14710743801653,5.070947107367341,9.734691050739341
phylop,s3_50,3.42837,0.17242999999999986,46,56,7.043620844564241,5.028949781708611,10.627338227564538,10.627338227564538,5.072515626085222,9.757901190540512
phylop,s3_50,3.43542,0.16562999999999972,44,58,6.505053133810454,4.673444957772777,10.410720392612681,10.410720392612681,4.663332515866962,9.036371906209292
phylop,s3_50,3.44112,0.15992999999999968,44,58,6.505053133810454,4.673444957772777,10.410720392612681,10.410720392612681,4.663332515866962,9.036371906209292
phylop,s3_50,3.46906,0.1612899999999997,40,62,5.532156624061676,3.5350318471337574,9.39993290403303,9.39993290403303,3.9414446461485246,7.685147517498922
phylop,s3_50,3.4888,0.15226000000000006,40,60,5.716561844863731,3.553237303237303,10.905538626994085,10.905538626994085,4.029871201570471,7.944824148611082
phylop,s3_50,3.49909,0.15195999999999987,42,58,6.209368900455433,4.017955245879673,11.503048780487806,11.503048780487806,4.4268975883108785,8.59292903875643
phylop,s3_50,3.50344,0.15195000000000025,44,57,6.619176873000111,4.196603450956008,12.471566179247858,12.471566179247858,4.743228325376264,9.17696327135336
phylop,s3_50,3.50686,0.14853000000000005,44,57,6.619176873000111,4.196603450956008,12.471566179247858,12.471566179247858,4.743228325376264,9.17696327135336
phylop,s3_50,3.5087,0.14669,44,57,6.619176873000111,4.196603450956008,12.471566179247858,12.471566179247858,4.743228325376264,9.17696327135336
phylop,s3_50,3.52783,0.13689000000000018,43,58,6.3572110171329435,4.252203624839061,11.827335446578406,11.827335446578406,4.522266682962263,8.84812554608587
phylop,s3_50,3.54259,0.14958000000000027,40,61,5.622847716259408,4.2091331355979635,8.720262458990783,8.720262458990783,3.93766254299284,7.826015419339681
phylop,s3_50,3.54795,0.1549400000000003,40,61,5.622847716259408,4.2091331355979635,8.720262458990783,8.720262458990783,3.93766254299284,7.826015419339681
phylop,s3_50,3.59019,0.18035999999999985,38,64,5.091312893081762,3.809873146874522,6.867670777988614,6.867670777988614,3.6048651879653524,7.0948488153383416
phylop,s3_50,3.59535,0.17915999999999999,38,64,5.091312893081762,3.809873146874522,6.867670777988614,6.867670777988614,3.6048651879653524,7.0948488153383416
phylop,s3_50,3.6008,0.18461000000000016,38,64,5.091312893081762,3.809873146874522,6.867670777988614,6.867670777988614,3.6048651879653524,7.0948488153383416
phylop,s3_50,3.60105,0.18486000000000002,38,64,5.091312893081762,3.809873146874522,6.867670777988614,6.867670777988614,3.6048651879653524,7.0948488153383416
phylop,s3_50,3.60243,0.18624000000000018,38,64,5.091312893081762,3.809873146874522,6.867670777988614,6.867670777988614,3.6048651879653524,7.0948488153383416
phylop,s3_50,3.62431,0.18888999999999978,33,67,4.223430019712757,2.95500481540931,6.285414314033931,6.285414314033931,2.9261146219412657,5.938512271043168
phylop,s3_50,3.63136,0.1849000000000003,30,70,3.674932614555256,2.7936975069664,4.941643323996265,4.941643323996265,2.514710497520543,5.18661094539621
phylop,s3_50,3.63673,0.1795300000000002,30,70,3.674932614555256,2.7936975069664,4.941643323996265,4.941643323996265,2.514710497520543,5.18661094539621
phylop,s3_50,3.6493,0.17633999999999972,28,72,3.33466107617051,2.617551789077213,4.373791102514507,4.373791102514507,2.2500633508746506,4.740544772300446
phylop,s3_50,3.65539,0.1702499999999998,28,72,3.33466107617051,2.617551789077213,4.373791102514507,4.373791102514507,2.2500633508746506,4.740544772300446
phylop,s3_50,3.65805,0.1692499999999999,28,72,3.33466107617051,2.617551789077213,4.373791102514507,4.373791102514507,2.2500633508746506,4.740544772300446
phylop,s3_50,3.66472,0.16563000000000017,26,76,2.933498841443231,2.211071300254755,3.8947329349318878,3.8947329349318878,1.957450978574792,4.197548796353808
phylop,s3_50,3.69068,0.17637999999999998,29,73,3.40644438700784,1.839008348090058,5.138816643461798,5.138816643461798,2.314034822316548,4.811096033461214
phylop,s3_50,3.71345,0.1708599999999998,29,73,3.40644438700784,1.839008348090058,5.138816643461798,5.138816643461798,2.3125526520918678,4.801951193529794
phylop,s3_50,3.71632,0.16972999999999994,32,70,3.919928122192273,2.356287101996762,5.53656191488285,5.53656191488285,2.699140766562642,5.480313839108587
phylop,s3_50,3.71891,0.16941999999999968,31,71,3.7439454336079367,2.074184969959618,5.489651683879619,5.489651683879619,2.564199588015874,5.228645173695276
phylop,s3_50,3.72576,0.16256999999999966,31,71,3.7439454336079367,2.074184969959618,5.489651683879619,5.489651683879619,2.564199588015874,5.228645173695276
phylop,s3_50,3.73499,0.15334000000000003,31,71,3.7439454336079367,2.074184969959618,5.489651683879619,5.489651683879619,2.564199588015874,5.228645173695276
phylop,s3_50,3.77055,0.16975000000000007,31,69,3.852465591103819,1.6222441882621952,5.923490735206216,5.923490735206216,2.6614690602297295,5.405626733588694
phylop,s3_50,3.79293,0.16862000000000021,35,65,4.617223028543783,2.4678030303030303,6.13680370359544,6.13680370359544,3.231975428843627,6.45741214396534
phylop,s3_50,3.79717,0.16625999999999985,38,62,5.255548792858592,2.528843480678343,7.181411135986134,7.181411135986134,3.7210566788675887,7.317536596710645
phylop,s3_50,3.80044,0.16908000000000012,39,62,5.393852708460134,2.722125605713165,7.355518337823733,7.355518337823733,3.820643679339071,7.492540363829681
phylop,s3_50,3.8138,0.17818999999999985,40,62,5.532156624061676,2.697433046056899,7.595957193816884,7.595957193816884,3.9273073851507854,7.645690506101932
phylop,s3_50,3.81626,0.17572999999999972,39,61,5.482276523352923,2.695510301685244,7.580466501763881,7.580466501763881,3.881130545885843,7.607963985357411
phylop,s3_50,3.82564,0.17633999999999972,39,61,5.482276523352923,2.695510301685244,7.580466501763881,7.580466501763881,3.881130545885843,7.607963985357411
phylop,s3_50,3.82784,0.17853999999999992,39,61,5.482276523352923,2.695510301685244,7.580466501763881,7.580466501763881,3.881130545885843,7.607963985357411
phylop,s3_50,3.82916,0.1798599999999997,39,61,5.482276523352923,2.695510301685244,7.580466501763881,7.580466501763881,3.881130545885843,7.607963985357411
phylop,s3_50,3.83607,0.17802000000000007,35,65,4.617223028543783,1.7692024191301794,6.7990704786998934,6.7990704786998934,3.220851583693289,6.454721995645343
phylop,s3_50,3.85453,0.18981000000000003,35,65,4.617223028543783,1.9608741410264348,6.761478368130112,6.761478368130112,3.2238231451332915,6.421616376756055
phylop,s3_50,3.86706,0.20233999999999996,35,65,4.617223028543783,1.9608741410264348,6.761478368130112,6.761478368130112,3.2238231451332915,6.421616376756055
phylop,s3_50,3.88068,0.18999999999999995,35,65,4.617223028543783,2.0378405151064882,6.731626602452299,6.731626602452299,3.223316050422572,6.4131438982716995
phylop,s3_50,3.88605,0.1947000000000001,38,62,5.255548792858592,2.282134597933316,7.554386552954043,7.554386552954043,3.6958726437542304,7.28527656134039
phylop,s3_50,3.88833,0.19242000000000026,38,62,5.255548792858592,2.282134597933316,7.554386552954043,7.554386552954043,3.6958726437542304,7.28527656134039
phylop,s3_50,3.91069,0.19058999999999982,36,65,4.749143686502177,1.5632749610879022,7.141529443112177,7.141529443112177,3.3202243568555043,6.556590409882062
phylop,s3_50,3.93135,0.1963600000000003,36,65,4.749143686502177,1.563478974798315,7.221680269930579,7.221680269930579,3.3215531081858214,6.566454289524374
phylop,s3_50,3.94809,0.20449000000000028,35,66,4.547265103868877,1.5914511634115283,7.070948175404872,7.070948175404872,3.1688786693078734,6.297496948465133
phylop,s3_50,3.9565,0.19608000000000025,35,66,4.547265103868877,1.5914511634115283,7.070948175404872,7.070948175404872,3.1688786693078734,6.297496948465133
phylop,s3_50,3.95841,0.19417000000000018,35,66,4.547265103868877,1.5914511634115283,7.070948175404872,7.070948175404872,3.1688786693078734,6.297496948465133
phylop,s3_50,3.96343,0.19240000000000013,38,66,4.937030684200496,2.3446874601080805,7.153421020331444,7.153421020331444,3.4864464678411715,6.798915984078822
phylop,s3_50,3.96396,0.19186999999999976,38,66,4.937030684200496,2.3446874601080805,7.153421020331444,7.153421020331444,3.4864464678411715,6.798915984078822
phylop,s3_50,3.99199,0.19448,38,62,5.255548792858592,2.4494840220754854,7.618280983046392,7.618280983046392,3.698648317448516,7.272880909333737
phylop,s3_50,4.00932,0.19305999999999957,41,59,5.958789041679991,2.959545965585196,7.92859175962687,7.92859175962687,4.232667582120661,8.213349093436882
phylop,s3_50,4.00983,0.1935699999999998,41,59,5.958789041679991,2.959545965585196,7.92859175962687,7.92859175962687,4.232667582120661,8.213349093436882
phylop,s3_50,4.04376,0.1892299999999998,41,59,5.958789041679991,3.350564005284374,8.789834314151934,8.789834314151934,4.22690992092766,8.210834327814378
phylop,s3_50,4.06991,0.1910999999999996,41,77,4.565825369598955,1.9809343692496422,8.689635247381727,8.689635247381727,3.2582770004575377,6.192860355988946
phylop,s3_50,4.08075,0.18025999999999964,38,71,4.589352467003278,2.0439353099730457,8.574623972172752,8.574623972172752,3.2382853775081872,6.293198529411765
phylop,s3_50,4.08529,0.1757200000000001,38,71,4.589352467003278,2.0439353099730457,8.574623972172752,8.574623972172752,3.2382853775081872,6.293198529411765
phylop,s3_50,4.087,0.17401,38,68,4.79182389937107,2.0439353099730457,9.523450612465368,9.523450612465368,3.376939539115905,6.583567830804432
phylop,s3_50,4.08918,0.17182999999999993,38,68,4.79182389937107,2.0439353099730457,9.523450612465368,9.523450612465368,3.376939539115905,6.583567830804432
phylop,s3_50,4.09469,0.1663199999999998,38,68,4.79182389937107,2.0439353099730457,9.523450612465368,9.523450612465368,3.376939539115905,6.583567830804432
phylop,s3_50,4.10128,0.1597299999999997,35,68,4.413522012578616,1.9310065578499211,9.030857142857144,9.030857142857144,3.0822065797368885,6.132046557597676
phylop,s3_50,4.10192,0.15908999999999995,35,68,4.413522012578616,1.9310065578499211,9.030857142857144,9.030857142857144,3.0822065797368885,6.132046557597676
phylop,s3_50,4.15258,0.16059000000000045,35,66,4.547265103868877,2.142731432449768,9.049955642015876,9.049955642015876,3.172682199186541,6.309086839894827
phylop,s3_50,4.15583,0.16383999999999999,35,66,4.547265103868877,2.142731432449768,9.049955642015876,9.049955642015876,3.172682199186541,6.309086839894827
phylop,s3_50,4.18647,0.1766399999999999,37,64,4.957330974842767,2.32563146139854,11.241939530999208,11.241939530999208,3.489649291815195,6.825885054882423
phylop,s3_50,4.19007,0.1802400000000004,37,64,4.957330974842767,2.32563146139854,11.241939530999208,11.241939530999208,3.489649291815195,6.825885054882423
phylop,s3_50,4.19902,0.17525999999999975,39,61,5.482276523352923,2.5548926266793615,11.757547445255476,11.757547445255476,3.8921525700887925,7.577435536673287
phylop,s3_50,4.20652,0.16775999999999947,39,61,5.482276523352923,2.5548926266793615,11.757547445255476,11.757547445255476,3.8921525700887925,7.577435536673287
phylop,s3_50,4.21195,0.16819000000000006,39,61,5.482276523352923,2.5548926266793615,11.757547445255476,11.757547445255476,3.8921525700887925,7.577435536673287
phylop,s3_50,4.21462,0.17086000000000023,39,61,5.482276523352923,2.5548926266793615,11.757547445255476,11.757547445255476,3.8921525700887925,7.577435536673287
phylop,s3_50,4.21687,0.17311000000000032,39,61,5.482276523352923,2.5548926266793615,11.757547445255476,11.757547445255476,3.8921525700887925,7.577435536673287
phylop,s3_50,4.22243,0.17867000000000033,39,61,5.482276523352923,2.5548926266793615,11.757547445255476,11.757547445255476,3.8921525700887925,7.577435536673287
phylop,s3_50,4.26077,0.21701000000000015,39,61,5.482276523352923,2.5548926266793615,11.757547445255476,11.757547445255476,3.8921525700887925,7.577435536673287
phylop,s3_50,4.26101,0.21724999999999994,39,61,5.482276523352923,2.5548926266793615,11.757547445255476,11.757547445255476,3.8921525700887925,7.577435536673287
phylop,s3_50,4.27251,0.2111300000000007,40,60,5.716561844863731,2.682723504626481,12.45723026973027,12.45723026973027,4.068969491227763,7.880090064282021
phylop,s3_50,4.29091,0.21699999999999964,43,57,6.468741034977381,3.141720745237597,15.56020416701531,15.56020416701531,4.6464739794840755,8.945028584239434
phylop,s3_50,4.29572,0.2149700000000001,43,57,6.468741034977381,3.141720745237597,15.56020416701531,15.56020416701531,4.6464739794840755,8.945028584239434
phylop,s3_50,4.31242,0.22542000000000062,40,62,5.532156624061676,2.5103480577266475,14.756698983412372,14.756698983412372,3.956004240341827,7.605895263342899
phylop,s3_50,4.33354,0.23885000000000023,39,63,5.3082359988020364,2.448438767234388,14.57422969187675,14.57422969187675,3.7876241147705842,7.321652581444039
phylop,s3_50,4.35619,0.25427,42,59,6.104125359769747,2.8577038050362265,16.402813531490462,16.402813531490462,4.389648903422486,8.425937796508121
phylop,s3_50,4.37428,0.24253000000000036,42,59,6.104125359769747,2.9622107081174436,15.429112498955313,15.429112498955313,4.369817578772802,8.402791425194525
phylop,s3_50,4.48364,0.27712000000000003,41,59,5.958789041679991,2.810970219439739,15.410579140364895,15.410579140364895,4.239398500830754,8.223673997608275
phylop,s3_50,4.50791,0.29103999999999974,45,55,7.015780445969126,3.178751701987973,18.944811196197517,18.944811196197517,5.0149753679478435,9.70518283006758
phylop,s3_50,4.53054,0.30813999999999986,45,55,7.015780445969126,3.941368560517497,16.9506205439662,16.9506205439662,5.026506580511028,9.714630849526305
phylop,s3_50,4.53254,0.3101099999999999,45,55,7.015780445969126,3.941368560517497,16.9506205439662,16.9506205439662,5.026506580511028,9.714630849526305
phylop,s3_50,4.54052,0.31808999999999976,45,55,7.015780445969126,3.941368560517497,16.9506205439662,16.9506205439662,5.026506580511028,9.714630849526305
phylop,s3_50,4.55615,0.32913000000000014,47,54,7.4632890752387615,4.2760315996220974,16.9506205439662,16.9506205439662,5.349555870221547,10.304847233004345
phylop,s3_50,4.58587,0.32486000000000015,51,52,8.409941944847604,4.520312819686295,21.769625315161026,21.769625315161026,6.073972480740193,11.568770923099912
phylop,s3_50,4.60711,0.34609999999999985,52,62,7.191803611280178,3.816513972826838,21.769625315161026,21.769625315161026,5.2733901323954235,9.749624657595467
phylop,s3_50,4.61681,0.3535699999999995,51,50,8.74633962264151,4.825148897566363,21.076647930505874,21.076647930505874,6.300207695147135,12.178190677503062
phylop,s3_50,4.69966,0.34346999999999994,43,57,6.468741034977381,3.6792832911826268,14.133114097798114,14.133114097798114,4.601259215807139,8.985302607640996
phylop,s3_50,4.69967,0.34348000000000045,43,57,6.468741034977381,3.6792832911826268,14.133114097798114,14.133114097798114,4.601259215807139,8.985302607640996
phylop,s3_50,4.71994,0.36375000000000046,43,57,6.468741034977381,3.6792832911826268,14.133114097798114,14.133114097798114,4.601259215807139,8.985302607640996
phylop,s3_50,4.72246,0.3662700000000001,43,57,6.468741034977381,3.6792832911826268,14.133114097798114,14.133114097798114,4.601259215807139,8.985302607640996
phylop,s3_50,4.74184,0.38565000000000005,43,57,6.468741034977381,3.6792832911826268,14.133114097798114,14.133114097798114,4.601259215807139,8.985302607640996
phylop,s3_50,4.7712,0.3969200000000006,45,55,7.015780445969126,3.960674157303371,15.047840904006728,15.047840904006728,5.005429524690741,9.692877339658532
phylop,s3_50,4.78337,0.40908999999999995,45,55,7.015780445969126,3.960674157303371,15.047840904006728,15.047840904006728,5.005429524690741,9.692877339658532
phylop,s3_50,4.79829,0.40117000000000047,45,56,6.890498652291106,4.164829605001627,14.297682328860672,14.297682328860672,4.903035810300527,9.51655985123681
phylop,s3_50,4.83868,0.3607800000000001,45,56,6.890498652291106,4.164829605001627,14.297682328860672,14.297682328860672,4.903035810300527,9.51655985123681
phylop,s3_50,4.88528,0.36472000000000016,42,59,6.104125359769747,2.9976742182789216,14.018552992774428,14.018552992774428,4.342225772255184,8.444168734491315
phylop,s3_50,4.90923,0.37868999999999975,42,59,6.104125359769747,2.9976742182789216,14.018552992774428,14.018552992774428,4.342225772255184,8.444168734491315
phylop,s3_50,4.91238,0.3818399999999995,42,59,6.104125359769747,2.9976742182789216,14.018552992774428,14.018552992774428,4.342225772255184,8.444168734491315
phylop,s3_50,4.96465,0.4241299999999999,46,54,7.304495690659214,3.6704631832555332,16.156028368794328,16.156028368794328,5.2303930933971525,10.125092075882264
phylop,s3_50,4.97038,0.4298599999999997,46,54,7.304495690659214,3.6704631832555332,16.156028368794328,16.156028368794328,5.2303930933971525,10.125092075882264
phylop,s3_50,4.97293,0.43240999999999996,46,54,7.304495690659214,3.6704631832555332,16.156028368794328,16.156028368794328,5.2303930933971525,10.125092075882264
phylop,s3_50,4.97849,0.4345100000000004,46,54,7.304495690659214,3.6704631832555332,16.156028368794328,16.156028368794328,5.251262995806797,10.082747613367756
phylop,s3_50,5.00636,0.41117000000000026,49,51,8.238574423480085,4.113953706766207,16.956198468664528,16.956198468664528,5.927653562254089,11.402955379721021
phylop,s3_50,5.01995,0.4031399999999996,47,54,7.4632890752387615,3.5962797622355858,14.859805307096002,14.859805307096002,5.354515467671102,10.273039475377846
phylop,s3_50,5.16179,0.4254800000000003,55,47,10.034390472367189,5.123411640736379,18.492274864125616,18.492274864125616,7.232048316507964,13.914536782750965
phylop,s3_50,5.19946,0.43130000000000024,52,50,8.917836477987422,4.04265873015873,17.406824945887443,17.406824945887443,6.426783131189496,12.338286408848722
phylop,s3_50,5.2416,0.44428999999999963,54,48,9.646698113207547,4.589823874755382,17.934912745347024,17.934912745347024,7.005115620794928,13.33625041984381
phylop,s3_50,5.25,0.4517100000000003,54,48,9.646698113207547,4.589823874755382,17.934912745347024,17.934912745347024,7.005115620794928,13.33625041984381
phylop,s3_50,5.32133,0.52304,55,50,9.432327044025158,4.5291364825902996,17.88541118900128,17.88541118900128,6.879111432905754,12.966593583379296
phylop,s3_50,5.34067,0.5181499999999994,55,47,10.034390472367189,5.435023481620037,19.864949022761074,19.864949022761074,7.287337634692701,13.88065897471793
phylop,s3_50,5.413,0.5037700000000003,50,52,8.245041122399613,4.0485768124360355,19.21140583554377,19.21140583554377,5.954997052770641,11.27392850737908
phylop,s3_50,5.41538,0.5061499999999999,50,52,8.245041122399613,4.0485768124360355,19.21140583554377,19.21140583554377,5.954997052770641,11.27392850737908
phylop,s3_50,5.41753,0.5083000000000002,50,52,8.245041122399613,4.0485768124360355,19.21140583554377,19.21140583554377,5.954997052770641,11.27392850737908
phylop,s3_50,5.42305,0.5138199999999999,50,52,8.245041122399613,4.0485768124360355,19.21140583554377,19.21140583554377,5.954997052770641,11.27392850737908
phylop,s3_50,5.43731,0.5280800000000001,50,52,8.245041122399613,4.0485768124360355,19.21140583554377,19.21140583554377,5.954997052770641,11.27392850737908
phylop,s3_50,5.47,0.5607699999999998,50,52,8.245041122399613,4.0485768124360355,19.21140583554377,19.21140583554377,5.954997052770641,11.27392850737908
phylop,s3_50,5.48841,0.57918,50,52,8.245041122399613,4.0485768124360355,19.21140583554377,19.21140583554377,5.954997052770641,11.27392850737908
phylop,s3_50,5.58181,0.6694300000000002,49,51,8.238574423480085,4.758258540660041,18.878460240779084,18.878460240779084,5.926196909437008,11.381712665097478
phylop,s3_50,5.58727,0.6748900000000004,49,51,8.238574423480085,4.758258540660041,18.878460240779084,18.878460240779084,5.926196909437008,11.381712665097478
phylop,s3_50,5.63076,0.7183800000000007,49,51,8.238574423480085,4.758258540660041,18.878460240779084,18.878460240779084,5.926196909437008,11.381712665097478
phylop,s3_50,5.63312,0.7207400000000002,49,51,8.238574423480085,4.758258540660041,18.878460240779084,18.878460240779084,5.926196909437008,11.381712665097478
phylop,s3_50,5.68589,0.7735099999999999,51,51,8.574842767295598,5.074696834623569,18.879216593819496,18.879216593819496,6.209175349704096,11.831116705268505
phylop,s3_50,5.76402,0.8516400000000006,51,51,8.574842767295598,5.074696834623569,18.879216593819496,18.879216593819496,6.209175349704096,11.831116705268505
phylop,s3_50,5.85882,0.94644,54,51,9.079245283018867,5.686572950606417,19.711333486695803,19.711333486695803,6.611439496463081,12.487028645750389
phylop,s3_50,5.90079,0.98841,54,51,9.079245283018867,5.686572950606417,19.711333486695803,19.711333486695803,6.611439496463081,12.487028645750389
phylop,s3_50,6.19078,1.2122900000000003,62,40,13.291006289308175,7.74207650273224,27.874177179902222,27.874177179902222,9.676923540476134,18.67862848961761
phylop,s3_50,6.40377,1.4252799999999999,62,40,13.291006289308175,7.74207650273224,27.874177179902222,27.874177179902222,9.676923540476134,18.67862848961761
phylop,s3_50,6.68036,1.7018700000000004,62,40,13.291006289308175,7.74207650273224,27.874177179902222,27.874177179902222,9.676923540476134,18.67862848961761
phylop,s3_50,6.94061,1.9621200000000005,62,40,13.291006289308175,7.74207650273224,27.874177179902222,27.874177179902222,9.676923540476134,18.67862848961761
phylop,s3_50,7.02751,2.0490200000000005,62,40,13.291006289308175,7.74207650273224,27.874177179902222,27.874177179902222,9.676923540476134,18.67862848961761
phylop,s3_50,7.06499,2.0865,62,40,13.291006289308175,7.74207650273224,27.874177179902222,27.874177179902222,9.676923540476134,18.67862848961761
phylop,s3_50,7.0713,2.09281,62,40,13.291006289308175,7.74207650273224,27.874177179902222,27.874177179902222,9.676923540476134,18.67862848961761
phylop,s3_50,7.13725,2.15876,62,40,13.291006289308175,7.74207650273224,27.874177179902222,27.874177179902222,9.676923540476134,18.67862848961761
phylop,s3_50,7.28769,2.3091999999999997,62,40,13.291006289308175,7.74207650273224,27.874177179902222,27.874177179902222,9.676923540476134,18.67862848961761
