tool,stratum,score,eps,n_damaging_in_window,n_normal_in_window,local_lr,lr_lo_gene_boot,lr_hi_gene_boot,lr_hi_bootstrap_only,lr_lo_variant_boot,lr_hi_variant_boot
avi,pm12,0.7642452120780945,0.6765643954277039,83,17,0.22468539654667835,0.09387742119198075,0.40333299099654213,0.40333299099654213,0.16404505100634134,0.32802265887767745
avi,pm12,0.8688182234764099,0.5719913840293884,83,17,0.22468539654667835,0.09387742119198075,0.40333299099654213,0.40333299099654213,0.16404505100634134,0.32802265887767745
avi,pm12,0.9390232563018799,0.5017863512039185,83,17,0.22468539654667835,0.09387742119198075,0.40333299099654213,0.40333299099654213,0.16404505100634134,0.32802265887767745
avi,pm12,0.9444206357002258,0.4963889718055725,83,17,0.22468539654667835,0.09387742119198075,0.40333299099654213,0.40333299099654213,0.16404505100634134,0.32802265887767745
avi,pm12,0.9506374001502991,0.49017220735549927,83,17,0.22468539654667835,0.09387742119198075,0.40333299099654213,0.40333299099654213,0.16404505100634134,0.32802265887767745
avi,pm12,0.9787158370018005,0.4620937705039978,83,17,0.22468539654667835,0.09387742119198075,0.40333299099654213,0.40333299099654213,0.16404505100634134,0.32802265887767745
avi,pm12,0.9828252196311951,0.45798438787460327,83,17,0.22468539654667835,0.09387742119198075,0.40333299099654213,0.40333299099654213,0.16404505100634134,0.32802265887767745
avi,pm12,1.0223554372787476,0.4184541702270508,83,17,0.22468539654667835,0.09387742119198075,0.40333299099654213,0.40333299099654213,0.16404505100634134,0.32802265887767745
avi,pm12,1.030377745628357,0.4104318618774414,83,17,0.22468539654667835,0.09387742119198075,0.40333299099654213,0.40333299099654213,0.16404505100634134,0.32802265887767745
avi,pm12,1.069898247718811,0.3709113597869873,83,17,0.22468539654667835,0.09387742119198075,0.40333299099654213,0.40333299099654213,0.16404505100634134,0.32802265887767745
avi,pm12,1.0835939645767212,0.35721564292907715,83,17,0.22468539654667835,0.09387742119198075,0.40333299099654213,0.40333299099654213,0.16404505100634134,0.32802265887767745
avi,pm12,1.0968286991119385,0.34398090839385986,83,17,0.22468539654667835,0.09387742119198075,0.40333299099654213,0.40333299099654213,0.16404505100634134,0.32802265887767745
avi,pm12,1.10294508934021,0.3386998772621155,83,17,0.22468539654667835,0.09387742119198075,0.40333299099654213,0.40333299099654213,0.16404505100634134,0.32802265887767745
avi,pm12,1.1165632009506226,0.3264141082763672,84,16,0.2416044776119403,0.09706457925636007,0.4196933010492332,0.4196933010492332,0.17488764957496347,0.35874999999999996
avi,pm12,1.1384731531143188,0.3045041561126709,84,16,0.2416044776119403,0.09706457925636007,0.4196933010492332,0.4196933010492332,0.17488764957496347,0.35874999999999996
avi,pm12,1.1554547548294067,0.287522554397583,84,16,0.2416044776119403,0.09706457925636007,0.4196933010492332,0.4196933010492332,0.17488764957496347,0.35874999999999996
avi,pm12,1.1571959257125854,0.2871873378753662,85,15,0.2607794361525705,0.11418649682522436,0.4332036534170803,0.4332036534170803,0.18637974898236093,0.39750964937385425
avi,pm12,1.1613417863845825,0.28304147720336914,85,15,0.2607794361525705,0.11418649682522436,0.4332036534170803,0.4332036534170803,0.18637974898236093,0.39750964937385425
avi,pm12,1.1784663200378418,0.26591694355010986,85,15,0.2607794361525705,0.11418649682522436,0.4332036534170803,0.4332036534170803,0.18637974898236093,0.39750964937385425
avi,pm12,1.2127466201782227,0.23825931549072266,86,14,0.2826936744847192,0.11336757854497671,0.4816072439162422,0.4816072439162422,0.20012391573729862,0.43719011610720104
avi,pm12,1.2141443490982056,0.23686158657073975,86,14,0.2826936744847192,0.11336757854497671,0.4816072439162422,0.4816072439162422,0.20012391573729862,0.43719011610720104
avi,pm12,1.2159663438796997,0.23621582984924316,87,13,0.30797933409873707,0.1336746259720613,0.49737107681507,0.49737107681507,0.21551444546126555,0.4935386794122854
avi,pm12,1.230064868927002,0.22245168685913086,87,13,0.30797933409873707,0.12884295692297967,0.502564690575554,0.502564690575554,0.2155379084415158,0.493137816323923
avi,pm12,1.2357177734375,0.2167987823486328,87,13,0.30797933409873707,0.12884295692297967,0.502564690575554,0.502564690575554,0.2155379084415158,0.493137816323923
avi,pm12,1.267256259918213,0.1867671012878418,90,10,0.4141791044776119,0.1736227045075125,0.8347043851346532,0.8347043851346532,0.27324277622631077,0.7515507802971134
avi,pm12,1.3028484582901,0.15686869621276855,92,8,0.529228855721393,0.18162393162393164,2.027777777777778,2.027777777777778,0.3312349069317418,1.0698254364089776
avi,pm12,1.3028860092163086,0.15683114528656006,92,8,0.529228855721393,0.18162393162393164,2.027777777777778,2.027777777777778,0.3312349069317418,1.0698254364089776
avi,pm12,1.3039852380752563,0.1557319164276123,92,8,0.529228855721393,0.18162393162393164,2.027777777777778,2.027777777777778,0.3312349069317418,1.0698254364089776
avi,pm12,1.3094748258590698,0.15112221240997314,94,6,0.7209784411276948,0.2602865618697138,5.00716481421033,5.00716481421033,0.4207642606587458,1.794221129202472
avi,pm12,1.3101905584335327,0.15040647983551025,94,6,0.7209784411276948,0.2602865618697138,5.00716481421033,5.00716481421033,0.4207642606587458,1.794221129202472
avi,pm12,1.3144196271896362,0.14622926712036133,95,5,0.8743781094527363,0.3284469524376994,5.560087608568053,5.560087608568053,0.4932292795278224,2.4557356608478806
avi,pm12,1.317285180091858,0.14336371421813965,95,5,0.8743781094527363,0.3284469524376994,5.560087608568053,5.560087608568053,0.4932292795278224,2.4557356608478806
avi,pm12,1.3245662450790405,0.13632559776306152,96,4,1.1044776119402984,0.40984147952443856,5.597255022451986,5.597255022451986,0.5831265508684863,3.9802517669184336
avi,pm12,1.3268126249313354,0.1340792179107666,96,4,1.1044776119402984,0.40984147952443856,5.597255022451986,5.597255022451986,0.5831265508684863,3.9802517669184336
avi,pm12,1.3318642377853394,0.1290276050567627,96,4,1.1044776119402984,0.40984147952443856,5.597255022451986,5.597255022451986,0.5831265508684863,3.9802517669184336
avi,pm12,1.3320930004119873,0.12879884243011475,96,4,1.1044776119402984,0.40984147952443856,5.597255022451986,5.597255022451986,0.5831265508684863,3.9802517669184336
avi,pm12,1.3344677686691284,0.12642407417297363,96,4,1.1044776119402984,0.40984147952443856,5.597255022451986,5.597255022451986,0.5831265508684863,3.9802517669184336
avi,pm12,1.3409062623977661,0.12094676494598389,96,4,1.1044776119402984,0.43229854689564073,5.445843828715366,5.445843828715366,0.5820088990043667,3.980738904952033
avi,pm12,1.3409672975540161,0.12088572978973389,96,4,1.1044776119402984,0.43229854689564073,5.445843828715366,5.445843828715366,0.5820088990043667,3.980738904952033
avi,pm12,1.3415991067886353,0.12025392055511475,96,4,1.1044776119402984,0.43229854689564073,5.445843828715366,5.445843828715366,0.5820088990043667,3.980738904952033
avi,pm12,1.3441815376281738,0.11767148971557617,96,4,1.1044776119402984,0.43229854689564073,5.445843828715366,5.445843828715366,0.5820088990043667,3.980738904952033
avi,pm12,1.3448151350021362,0.11703789234161377,96,4,1.1044776119402984,0.43229854689564073,5.445843828715366,5.445843828715366,0.5820088990043667,3.980738904952033
avi,pm12,1.3449288606643677,0.11692416667938232,96,4,1.1044776119402984,0.43229854689564073,5.445843828715366,5.445843828715366,0.5820088990043667,3.980738904952033
avi,pm12,1.3473671674728394,0.11459171772003174,96,4,1.1044776119402984,0.43229854689564073,5.445843828715366,5.445843828715366,0.5835358501667591,3.9950381410128606
avi,pm12,1.3583831787109375,0.10366296768188477,96,4,1.1044776119402984,0.43229854689564073,5.445843828715366,5.445843828715366,0.5821036340988806,3.9950381410128606
avi,pm12,1.3584519624710083,0.10359418392181396,96,4,1.1044776119402984,0.43229854689564073,5.445843828715366,5.445843828715366,0.5821036340988806,3.9950381410128606
avi,pm12,1.359331488609314,0.1027146577835083,96,4,1.1044776119402984,0.43229854689564073,5.445843828715366,5.445843828715366,0.5821036340988806,3.9950381410128606
avi,pm12,1.3605823516845703,0.10146379470825195,96,4,1.1044776119402984,0.43229854689564073,5.445843828715366,5.445843828715366,0.5821036340988806,3.9950381410128606
avi,pm12,1.366884708404541,0.09539425373077393,96,4,1.1044776119402984,0.4346461500195029,5.503778337531486,5.503778337531486,0.5849735786417524,3.9950562338915314
avi,pm12,1.3684873580932617,0.09379160404205322,96,4,1.1044776119402984,0.4346461500195029,5.503778337531486,5.503778337531486,0.5849735786417524,3.9950562338915314
avi,pm12,1.3754404783248901,0.0868384838104248,96,4,1.1044776119402984,0.4346461500195029,5.503778337531486,5.503778337531486,0.5849735786417524,3.9950562338915314
avi,pm12,1.3762801885604858,0.0859987735748291,96,4,1.1044776119402984,0.4346461500195029,5.503778337531486,5.503778337531486,0.5849735786417524,3.9950562338915314
avi,pm12,1.3781766891479492,0.08410227298736572,96,4,1.1044776119402984,0.4346461500195029,5.503778337531486,5.503778337531486,0.5849735786417524,3.9950562338915314
avi,pm12,1.3815393447875977,0.08073961734771729,96,4,1.1044776119402984,0.4346461500195029,5.503778337531486,5.503778337531486,0.5849735786417524,3.9950562338915314
avi,pm12,1.3817839622497559,0.08049499988555908,96,4,1.1044776119402984,0.4346461500195029,5.503778337531486,5.503778337531486,0.5849735786417524,3.9950562338915314
avi,pm12,1.3822182416915894,0.08006072044372559,96,4,1.1044776119402984,0.4346461500195029,5.503778337531486,5.503778337531486,0.5849735786417524,3.9950562338915314
avi,pm12,1.3831534385681152,0.08026742935180664,96,4,1.1044776119402984,0.421971357919468,5.558091286307054,5.558091286307054,0.5838201451584352,3.9950381410128606
avi,pm12,1.3839393854141235,0.07995414733886719,96,4,1.1044776119402984,0.4208159103174051,5.509336099585062,5.509336099585062,0.5836349926577785,3.9950381410128606
avi,pm12,1.384543538093567,0.08009839057922363,96,4,1.1044776119402984,0.41439828080229224,5.561712846347607,5.561712846347607,0.5835411471321695,3.990334265007484
avi,pm12,1.3892173767089844,0.07630383968353271,96,4,1.1044776119402984,0.41372549019607846,5.5030207054911005,5.5030207054911005,0.5837854654439377,4.013755973523256
avi,pm12,1.3892278671264648,0.07629334926605225,96,4,1.1044776119402984,0.41372549019607846,5.5030207054911005,5.5030207054911005,0.5837854654439377,4.013755973523256
avi,pm12,1.3919415473937988,0.07453107833862305,96,4,1.1044776119402984,0.40514901960784316,5.610451720178945,5.610451720178945,0.5829030565027546,4.018518518518518
avi,pm12,1.3920453786849976,0.07442724704742432,96,4,1.1044776119402984,0.40514901960784316,5.610451720178945,5.610451720178945,0.5829030565027546,4.018518518518518
avi,pm12,1.3937650918960571,0.07270753383636475,96,4,1.1044776119402984,0.40514901960784316,5.610451720178945,5.610451720178945,0.5829030565027546,4.018518518518518
avi,pm12,1.3941971063613892,0.07227551937103271,96,4,1.1044776119402984,0.40514901960784316,5.610451720178945,5.610451720178945,0.5829030565027546,4.018518518518518
avi,pm12,1.396741509437561,0.07105255126953125,96,4,1.1044776119402984,0.40514901960784316,5.610451720178945,5.610451720178945,0.5825802152946072,4.002478314745972
avi,pm12,1.4003442525863647,0.06825125217437744,96,4,1.1044776119402984,0.4114331723027375,5.537551459618969,5.537551459618969,0.5828064207225478,4.002478314745972
avi,pm12,1.4004384279251099,0.06834542751312256,96,4,1.1044776119402984,0.4114331723027375,5.537551459618969,5.537551459618969,0.5828064207225478,4.002478314745972
avi,pm12,1.4013944864273071,0.06767642498016357,96,4,1.1044776119402984,0.4210700132100396,5.493222819131154,5.493222819131154,0.5836432893289943,4.002478314745972
avi,pm12,1.402164340019226,0.06717264652252197,96,4,1.1044776119402984,0.42668428005284015,5.411825726141078,5.411825726141078,0.5840512492270499,3.9950562338915314
avi,pm12,1.4033808708190918,0.06595611572265625,96,4,1.1044776119402984,0.42668428005284015,5.411825726141078,5.411825726141078,0.5840512492270499,3.9950562338915314
avi,pm12,1.4036451578140259,0.06569182872772217,96,4,1.1044776119402984,0.42668428005284015,5.411825726141078,5.411825726141078,0.5840512492270499,3.9950562338915314
avi,pm12,1.4052315950393677,0.06432533264160156,96,4,1.1044776119402984,0.42668428005284015,5.411825726141078,5.411825726141078,0.5840512492270499,3.9950562338915314
avi,pm12,1.4060263633728027,0.06442725658416748,96,4,1.1044776119402984,0.4226100199800775,5.460580912863071,5.460580912863071,0.5835411471321695,3.997648514851483
avi,pm12,1.4067829847335815,0.06372082233428955,96,4,1.1044776119402984,0.424187725631769,5.460580912863071,5.460580912863071,0.5856966707768188,3.995037220843672
avi,pm12,1.4096256494522095,0.0632331371307373,96,4,1.1044776119402984,0.42822146328648375,5.509336099585062,5.509336099585062,0.5859801652341726,3.9950562338915314
avi,pm12,1.4112448692321777,0.06249237060546875,97,3,1.4879767827529022,0.5493910690121786,5.606846473029046,5.606846473029046,0.7317438594720954,4.77084602742076
avi,pm12,1.4130929708480835,0.06064426898956299,97,3,1.4879767827529022,0.5493910690121786,5.606846473029046,5.606846473029046,0.7317438594720954,4.77084602742076
avi,pm12,1.414390206336975,0.05934703350067139,97,3,1.4879767827529022,0.5493910690121786,5.606846473029046,5.606846473029046,0.7317438594720954,4.77084602742076
avi,pm12,1.4168676137924194,0.05793905258178711,97,3,1.4879767827529022,0.553116280736427,5.606846473029046,5.606846473029046,0.7304347826086958,4.783479349186483
avi,pm12,1.4182251691818237,0.057682156562805176,97,3,1.4879767827529022,0.5628093566712493,5.551936559648677,5.551936559648677,0.7283151106365272,4.779576587795766
avi,pm12,1.4214625358581543,0.0551222562789917,97,3,1.4879767827529022,0.548242018659751,5.606846473029046,5.606846473029046,0.728648424543947,4.785141991903834
avi,pm12,1.423365592956543,0.05388927459716797,97,3,1.4879767827529022,0.5300390640932477,5.704356846473029,5.704356846473029,0.726980198019802,4.783560040112251
avi,pm12,1.4255828857421875,0.05167198181152344,97,3,1.4879767827529022,0.5300390640932477,5.704356846473029,5.704356846473029,0.726980198019802,4.783560040112251
avi,pm12,1.4273408651351929,0.05123770236968994,97,3,1.4879767827529022,0.5300390640932477,5.704356846473029,5.704356846473029,0.726980198019802,4.783560040112251
avi,pm12,1.428486704826355,0.05094790458679199,96,4,1.1044776119402984,0.4061594202898551,5.606846473029046,5.606846473029046,0.5898389095415117,3.987658950517138
avi,pm12,1.4284926652908325,0.05094194412231445,96,4,1.1044776119402984,0.4061594202898551,5.606846473029046,5.606846473029046,0.5898389095415117,3.987658950517138
avi,pm12,1.4290064573287964,0.05082976818084717,96,4,1.1044776119402984,0.4061594202898551,5.606846473029046,5.606846473029046,0.5898389095415117,3.987658950517138
avi,pm12,1.4342402219772339,0.048535823822021484,97,3,1.4879767827529022,0.5681372549019609,5.376894434689476,5.376894434689476,0.7359198998748435,4.765586034912718
avi,pm12,1.4351469278335571,0.04762911796569824,97,3,1.4879767827529022,0.5681372549019609,5.376894434689476,5.376894434689476,0.7359198998748435,4.765586034912718
avi,pm12,1.4354950189590454,0.04728102684020996,97,3,1.4879767827529022,0.5681372549019609,5.376894434689476,5.376894434689476,0.7359198998748435,4.765586034912718
avi,pm12,1.435673713684082,0.04710233211517334,97,3,1.4879767827529022,0.5681372549019609,5.376894434689476,5.376894434689476,0.7359198998748435,4.765586034912718
avi,pm12,1.4366788864135742,0.047461509704589844,97,3,1.4879767827529022,0.5681372549019609,5.376894434689476,5.376894434689476,0.7359198998748435,4.765586034912718
avi,pm12,1.4366979598999023,0.04748058319091797,97,3,1.4879767827529022,0.5681372549019609,5.376894434689476,5.376894434689476,0.7359198998748435,4.765586034912718
avi,pm12,1.437136173248291,0.04791879653930664,97,3,1.4879767827529022,0.5681372549019609,5.376894434689476,5.376894434689476,0.7359198998748435,4.765586034912718
avi,pm12,1.437559723854065,0.0483318567276001,98,2,2.2549751243781095,0.7923120963269104,5.487995259173472,5.487995259173472,0.9854454009634896,5.33
avi,pm12,1.437697410583496,0.04846954345703125,98,2,2.2549751243781095,0.7923120963269104,5.487995259173472,5.487995259173472,0.9854454009634896,5.33
avi,pm12,1.4399394989013672,0.04789412021636963,98,2,2.2549751243781095,0.8260820413436692,5.5024809259980945,5.5024809259980945,0.9842948739524082,5.343527160165605
avi,pm12,1.4401534795761108,0.04810810089111328,98,2,2.2549751243781095,0.8260820413436692,5.5024809259980945,5.5024809259980945,0.9842948739524082,5.343527160165605
avi,pm12,1.4408096075057983,0.04876422882080078,98,2,2.2549751243781095,0.8260820413436692,5.5024809259980945,5.5024809259980945,0.9842948739524082,5.343527160165605
avi,pm12,1.4429773092269897,0.048780202865600586,98,2,2.2549751243781095,0.8122296173044925,5.544813902572504,5.544813902572504,0.9854604293348075,5.343320848938826
avi,pm12,1.4443832635879517,0.0479358434677124,98,2,2.2549751243781095,0.8333333333333333,5.582114088443193,5.582114088443193,0.9878565571369999,5.347447073474472
avi,pm12,1.4474544525146484,0.047016024589538574,98,2,2.2549751243781095,0.8465370018975331,5.4927339901477685,5.4927339901477685,0.9848000192065823,5.3385163224971
avi,pm12,1.4502488374710083,0.04736661911010742,98,2,2.2549751243781095,0.8403024660007901,5.670944153702774,5.670944153702774,0.9838509316770186,5.349127182044888
avi,pm12,1.4510059356689453,0.04707777500152588,99,1,4.555970149253731,1.2851662404092072,7.489498910675374,7.489498910675374,1.5631635069268262,5.844025157232704
avi,pm12,1.4521821737289429,0.046950578689575195,99,1,4.555970149253731,1.2851662404092072,7.489498910675374,7.489498910675374,1.5631635069268262,5.844025157232704
avi,pm12,1.4525165557861328,0.04728496074676514,99,1,4.555970149253731,1.2851662404092072,7.489498910675374,7.489498910675374,1.5631635069268262,5.844025157232704
avi,pm12,1.4534645080566406,0.046839118003845215,99,1,4.555970149253731,1.2851662404092072,7.489498910675374,7.489498910675374,1.5632711717334713,5.836712600268423
avi,pm12,1.4538803100585938,0.04709732532501221,99,1,4.555970149253731,1.2851662404092072,7.489498910675374,7.489498910675374,1.5632711717334713,5.836712600268423
avi,pm12,1.4540233612060547,0.047240376472473145,99,1,4.555970149253731,1.2851662404092072,7.489498910675374,7.489498910675374,1.5632711717334713,5.836712600268423
avi,pm12,1.454903483390808,0.04651999473571777,99,1,4.555970149253731,1.2887323943661972,7.431696776478915,7.431696776478915,1.5616438356164384,5.842499999999999
avi,pm12,1.4561234712600708,0.04649782180786133,99,1,4.555970149253731,1.2887323943661972,7.431696776478915,7.431696776478915,1.5616438356164384,5.842499999999999
avi,pm12,1.4579477310180664,0.04626131057739258,99,1,4.555970149253731,1.323529411764706,7.353734156646071,7.353734156646071,1.5631635069268262,5.85198906275893
avi,pm12,1.4585016965866089,0.0457073450088501,99,1,4.555970149253731,1.323529411764706,7.353734156646071,7.353734156646071,1.5631635069268262,5.85198906275893
avi,pm12,1.4597171545028687,0.04546642303466797,99,1,4.555970149253731,1.328610238771746,7.4074074074074066,7.4074074074074066,1.5626060013046315,5.844611528822055
avi,pm12,1.4601441621780396,0.04575395584106445,99,1,4.555970149253731,1.328610238771746,7.4074074074074066,7.4074074074074066,1.5626060013046315,5.844611528822055
avi,pm12,1.460597038269043,0.04620683193206787,99,1,4.555970149253731,1.328610238771746,7.4074074074074066,7.4074074074074066,1.5626060013046315,5.844611528822055
avi,pm12,1.4606488943099976,0.04625868797302246,99,1,4.555970149253731,1.328610238771746,7.4074074074074066,7.4074074074074066,1.5626060013046315,5.844611528822055
avi,pm12,1.460891842842102,0.04650163650512695,99,1,4.555970149253731,1.328610238771746,7.4074074074074066,7.4074074074074066,1.5626060013046315,5.844611528822055
avi,pm12,1.4611458778381348,0.046507954597473145,99,1,4.555970149253731,1.330985915492958,7.333333333333333,7.333333333333333,1.56265664160401,5.844025157232704
avi,pm12,1.4614976644515991,0.04615616798400879,99,1,4.555970149253731,1.330985915492958,7.333333333333333,7.333333333333333,1.56265664160401,5.844025157232704
avi,pm12,1.46185302734375,0.04580080509185791,99,1,4.555970149253731,1.330985915492958,7.333333333333333,7.333333333333333,1.56265664160401,5.844025157232704
avi,pm12,1.461958885192871,0.045694947242736816,99,1,4.555970149253731,1.330985915492958,7.333333333333333,7.333333333333333,1.56265664160401,5.844025157232704
avi,pm12,1.4620461463928223,0.045607686042785645,99,1,4.555970149253731,1.330985915492958,7.333333333333333,7.333333333333333,1.56265664160401,5.844025157232704
avi,pm12,1.462278962135315,0.04541134834289551,99,1,4.555970149253731,1.330985915492958,7.333333333333333,7.333333333333333,1.56265664160401,5.844025157232704
avi,pm12,1.46290123462677,0.04551386833190918,99,1,4.555970149253731,1.361431894023663,7.2506053268765145,7.2506053268765145,1.5651903525849016,5.842509831460673
avi,pm12,1.4635356664657593,0.04531049728393555,99,1,4.555970149253731,1.361431894023663,7.2506053268765145,7.2506053268765145,1.5651903525849016,5.842509831460673
avi,pm12,1.4646419286727905,0.04481232166290283,99,1,4.555970149253731,1.316614420062696,7.2592592592592595,7.2592592592592595,1.5669177176846398,5.842499999999999
avi,pm12,1.4655098915100098,0.04404735565185547,99,1,4.555970149253731,1.316614420062696,7.2592592592592595,7.2592592592592595,1.5669177176846398,5.842499999999999
avi,pm12,1.465521216392517,0.04405868053436279,99,1,4.555970149253731,1.316614420062696,7.2592592592592595,7.2592592592592595,1.5669177176846398,5.842499999999999
avi,pm12,1.4664649963378906,0.043541908264160156,99,1,4.555970149253731,1.2695924764890283,7.34659018483109,7.34659018483109,1.5711180124223607,5.842696629213482
avi,pm12,1.4664726257324219,0.043534278869628906,99,1,4.555970149253731,1.2695924764890283,7.34659018483109,7.34659018483109,1.5711180124223607,5.842696629213482
avi,pm12,1.4677940607070923,0.0422971248626709,99,1,4.555970149253731,1.2464788732394367,7.36541371424286,7.36541371424286,1.5722865752285953,5.844106463878327
avi,pm12,1.4679235219955444,0.042340636253356934,99,1,4.555970149253731,1.2464788732394367,7.36541371424286,7.36541371424286,1.5722865752285953,5.844106463878327
avi,pm12,1.4679685831069946,0.04238569736480713,99,1,4.555970149253731,1.2464788732394367,7.36541371424286,7.36541371424286,1.5722865752285953,5.844106463878327
avi,pm12,1.4690709114074707,0.04159224033355713,99,1,4.555970149253731,1.2747211107497844,7.216312056737589,7.216312056737589,1.5647107781939242,5.836683417085427
avi,pm12,1.469336986541748,0.041326165199279785,99,1,4.555970149253731,1.2747211107497844,7.216312056737589,7.216312056737589,1.5647107781939242,5.836683417085427
avi,pm12,1.4697232246398926,0.04123055934906006,99,1,4.555970149253731,1.293103448275862,7.134829654082596,7.134829654082596,1.5714285714285716,5.835411471321695
avi,pm12,1.4701043367385864,0.041611671447753906,99,1,4.555970149253731,1.293103448275862,7.134829654082596,7.134829654082596,1.5714285714285716,5.835411471321695
avi,pm12,1.470503807067871,0.042011141777038574,99,1,4.555970149253731,1.293103448275862,7.134829654082596,7.134829654082596,1.5714285714285716,5.835411471321695
avi,pm12,1.4720591306686401,0.04180765151977539,99,1,4.555970149253731,1.2837670384138786,7.040883977900553,7.040883977900553,1.569118082697438,5.835475068609882
avi,pm12,1.4726547002792358,0.04121208190917969,99,1,4.555970149253731,1.2837670384138786,7.040883977900553,7.040883977900553,1.569118082697438,5.835475068609882
avi,pm12,1.4728587865829468,0.04100799560546875,99,1,4.555970149253731,1.2837670384138786,7.040883977900553,7.040883977900553,1.569118082697438,5.835475068609882
avi,pm12,1.4737372398376465,0.04012954235076904,99,1,4.555970149253731,1.2837670384138786,7.040883977900553,7.040883977900553,1.569118082697438,5.835475068609882
avi,pm12,1.473770260810852,0.04009652137756348,99,1,4.555970149253731,1.2837670384138786,7.040883977900553,7.040883977900553,1.569118082697438,5.835475068609882
avi,pm12,1.4748066663742065,0.03955519199371338,99,1,4.555970149253731,1.2887323943661972,6.966,6.966,1.5723099003416243,5.827500000000001
avi,pm12,1.475907325744629,0.039546966552734375,98,2,2.2549751243781095,0.9616724738675958,4.947104452258541,4.947104452258541,0.9761772486772486,5.38125
avi,pm12,1.476584792137146,0.03988683223724365,97,3,1.4879767827529022,0.9409317803660566,2.75,2.75,0.7300845577747502,4.765619233167081
avi,pm12,1.4766384363174438,0.039940476417541504,97,3,1.4879767827529022,0.9409317803660566,2.75,2.75,0.7300845577747502,4.765619233167081
avi,pm12,1.477254867553711,0.0400010347366333,96,4,1.1044776119402984,0.8928571428571428,1.5338116429025512,1.5338116429025512,0.5896052169514181,3.995006242197253
avi,pm12,1.4785785675048828,0.04088115692138672,96,4,1.1044776119402984,0.8818069306930693,1.574610342276696,1.574610342276696,0.5864866710743957,3.995055624227441
avi,pm12,1.479434609413147,0.04173719882965088,96,4,1.1044776119402984,0.8818069306930693,1.574610342276696,1.574610342276696,0.5864866710743957,3.995055624227441
avi,pm12,1.4798369407653809,0.04152870178222656,96,4,1.1044776119402984,0.8882521489971347,1.5932060647808022,1.5932060647808022,0.5868273985013206,3.995055624227441
avi,pm12,1.4802130460739136,0.04115259647369385,96,4,1.1044776119402984,0.8882521489971347,1.5932060647808022,1.5932060647808022,0.5868273985013206,3.995055624227441
avi,pm12,1.481247067451477,0.04109358787536621,96,4,1.1044776119402984,0.8925619834710744,1.62,1.62,0.5868280390252926,4.002475400885813
avi,pm12,1.4814367294311523,0.041283249855041504,96,4,1.1044776119402984,0.8925619834710744,1.62,1.62,0.5868280390252926,4.002475400885813
avi,pm12,1.4815692901611328,0.04141581058502197,96,4,1.1044776119402984,0.8925619834710744,1.62,1.62,0.5868280390252926,4.002475400885813
avi,pm12,1.4817222356796265,0.041463613510131836,96,4,1.1044776119402984,0.8944936617540966,1.6400000000000001,1.6400000000000001,0.5851101634683724,3.9950381410128606
avi,pm12,1.4827760457992554,0.04196643829345703,96,4,1.1044776119402984,0.8944936617540966,1.6400000000000001,1.6400000000000001,0.5851101634683724,3.9950381410128606
avi,pm12,1.4858280420303345,0.04116964340209961,96,4,1.1044776119402984,0.8711739281218692,1.5988532062210778,1.5988532062210778,0.5859821428571428,4.000123762376236
avi,pm12,1.487070083618164,0.03992760181427002,96,4,1.1044776119402984,0.8711739281218692,1.5988532062210778,1.5988532062210778,0.5859821428571428,4.000123762376236
avi,pm12,1.48758065700531,0.03963291645050049,96,4,1.1044776119402984,0.8642009802948822,1.625490196078431,1.625490196078431,0.5857142857142857,3.997524905457171
avi,pm12,1.4902170896530151,0.03801894187927246,96,4,1.1044776119402984,0.8999683565486731,1.609530583214794,1.609530583214794,0.5851193164962433,3.9951894266337837
avi,pm12,1.4906097650527954,0.037717580795288086,96,4,1.1044776119402984,0.8999683565486731,1.609530583214794,1.609530583214794,0.5849830568931693,3.9806223494731587
avi,pm12,1.492319107055664,0.03843879699707031,96,4,1.1044776119402984,0.8935011489536882,1.5891857752489316,1.5891857752489316,0.585692659155786,3.980130358101373
avi,pm12,1.492784023284912,0.03876066207885742,96,4,1.1044776119402984,0.8935011489536882,1.5891857752489316,1.5891857752489316,0.5856099091812836,3.980124223602485
avi,pm12,1.4931942224502563,0.03917086124420166,96,4,1.1044776119402984,0.8935011489536882,1.5891857752489316,1.5891857752489316,0.5856099091812836,3.980124223602485
avi,pm12,1.496504783630371,0.039125919342041016,95,5,0.8743781094527363,0.6793823796548591,1.4394110985277462,1.4394110985277462,0.4859545208712435,2.4373564630264815
avi,pm12,1.49663507938385,0.03899562358856201,95,5,0.8743781094527363,0.6793823796548591,1.4394110985277462,1.4394110985277462,0.4859545208712435,2.4373564630264815
avi,pm12,1.4976154565811157,0.039151668548583984,94,6,0.7209784411276948,0.5149341516430125,1.4218573046432617,1.4218573046432617,0.4205256570713392,1.7962006914977207
avi,pm12,1.497637152671814,0.03913545608520508,94,6,0.7209784411276948,0.5149341516430125,1.4218573046432617,1.4218573046432617,0.4205256570713392,1.7962006914977207
avi,pm12,1.4980837106704712,0.03923976421356201,94,6,0.7209784411276948,0.5149341516430125,1.4218573046432617,1.4218573046432617,0.41964285714285715,1.7983063045996461
avi,pm12,1.5000219345092773,0.039424896240234375,94,6,0.7209784411276948,0.5229191797346201,1.4402960021098674,1.4402960021098674,0.4207642606587458,1.797029702970297
avi,pm12,1.5003036260604858,0.03965473175048828,93,7,0.6114072494669509,0.5142428785607197,1.1626794258373208,1.1626794258373208,0.3691768455847227,1.3482032218091695
avi,pm12,1.5014234781265259,0.03992581367492676,93,7,0.6114072494669509,0.5108233117483811,1.1452052963694825,1.1452052963694825,0.36911535989419336,1.346202043570464
avi,pm12,1.5039488077163696,0.04041314125061035,93,7,0.6114072494669509,0.500589351036445,1.2240891892837906,1.2240891892837906,0.37052075808199386,1.34532656023222
avi,pm12,1.504209041595459,0.04067337512969971,93,7,0.6114072494669509,0.500589351036445,1.2240891892837906,1.2240891892837906,0.37052075808199386,1.34532656023222
avi,pm12,1.5051835775375366,0.04058432579040527,93,7,0.6114072494669509,0.5005854800936769,1.2386917188587336,1.2386917188587336,0.3692953313516349,1.340845793079265
avi,pm12,1.507653832435608,0.04105663299560547,92,8,0.529228855721393,0.4395637378529136,1.258345864661653,1.258345864661653,0.3280068521372869,1.0710163111668758
avi,pm12,1.5084151029586792,0.04050922393798828,92,8,0.529228855721393,0.435753579116411,1.258345864661653,1.258345864661653,0.3286086361150808,1.068084042857405
avi,pm12,1.5094542503356934,0.040383338928222656,92,8,0.529228855721393,0.4297520661157025,1.2612166780587797,1.2612166780587797,0.3289120564523473,1.0646959428417528
avi,pm12,1.5100069046020508,0.040669918060302734,92,8,0.529228855721393,0.430005513547574,1.2458047215941948,1.2458047215941948,0.3292229866035468,1.0680771803494957
avi,pm12,1.5100911855697632,0.04058718681335449,92,8,0.529228855721393,0.4247948374814047,1.2775119617224882,1.2775119617224882,0.3296170132144329,1.0680771803494957
avi,pm12,1.5104812383651733,0.040572166442871094,92,8,0.529228855721393,0.42140060896041753,1.2695924764890283,1.2695924764890283,0.32930547713156405,1.0677594145018743
avi,pm12,1.5106631517410278,0.040558815002441406,92,8,0.529228855721393,0.42140060896041753,1.2695924764890283,1.2695924764890283,0.32930547713156405,1.0677594145018743
avi,pm12,1.5106717348098755,0.04056739807128906,92,8,0.529228855721393,0.42140060896041753,1.2695924764890283,1.2695924764890283,0.32930547713156405,1.0677594145018743
avi,pm12,1.5130175352096558,0.04036283493041992,92,8,0.529228855721393,0.4177222647329007,1.2460815047021945,1.2460815047021945,0.3301307773667701,1.0723262100771254
avi,pm12,1.5138667821884155,0.04062378406524658,92,8,0.529228855721393,0.41203528670447387,1.2344497607655502,1.2344497607655502,0.32930547713156405,1.073344801311505
avi,pm12,1.5143609046936035,0.04062366485595703,92,8,0.529228855721393,0.41203528670447387,1.2344497607655502,1.2344497607655502,0.32930547713156405,1.073344801311505
avi,pm12,1.51436185836792,0.04062461853027344,92,8,0.529228855721393,0.41203528670447387,1.2344497607655502,1.2344497607655502,0.32930547713156405,1.073344801311505
avi,pm12,1.5146459341049194,0.04087567329406738,92,8,0.529228855721393,0.4213593296456542,1.1990595611285266,1.1990595611285266,0.32936507936507936,1.0716292705659451
avi,pm12,1.5154542922973633,0.04064762592315674,91,9,0.4653123272526257,0.35759312320916903,1.1990595611285266,1.1990595611285266,0.2967375201463719,0.8781007955500345
avi,pm12,1.5162458419799805,0.04070568084716797,91,9,0.4653123272526257,0.35759312320916903,1.2057416267942584,1.2057416267942584,0.2960929583633456,0.8763320941759603
avi,pm12,1.516836166381836,0.04092884063720703,91,9,0.4653123272526257,0.35759312320916903,1.2057416267942584,1.2057416267942584,0.2960929583633456,0.8763320941759603
avi,pm12,1.5172559022903442,0.04083251953125,91,9,0.4653123272526257,0.35759312320916903,1.1913875598086126,1.1913875598086126,0.2967375201463719,0.877217358057145
avi,pm12,1.5178481340408325,0.041040897369384766,91,9,0.4653123272526257,0.3590131695601013,1.2178495537611504,1.2178495537611504,0.2972386530398323,0.877217358057145
avi,pm12,1.5213656425476074,0.04152870178222656,92,8,0.529228855721393,0.40026595744680854,1.270718232044199,1.270718232044199,0.32955102109984563,1.051314142678348
avi,pm12,1.5217043161392212,0.04136645793914795,91,9,0.4653123272526257,0.3549467639669817,1.2361785931428253,1.2361785931428253,0.298126255512711,0.8744247900150115
avi,pm12,1.5231858491897583,0.04161655902862549,91,9,0.4653123272526257,0.3549467639669817,1.2361785931428253,1.2361785931428253,0.29845636390204644,0.8711534164869535
avi,pm12,1.525572657585144,0.04133808612823486,91,9,0.4653123272526257,0.3494962216624685,1.2455696202531645,1.2455696202531645,0.2987174919843249,0.8706817989637625
avi,pm12,1.5268858671188354,0.04016447067260742,91,9,0.4653123272526257,0.34970693664018604,1.2344497607655502,1.2344497607655502,0.2976190476190476,0.8735024311232484
avi,pm12,1.526997685432434,0.04005265235900879,91,9,0.4653123272526257,0.34970693664018604,1.2344497607655502,1.2344497607655502,0.2976190476190476,0.8735024311232484
avi,pm12,1.5272135734558105,0.040143489837646484,91,9,0.4653123272526257,0.34970693664018604,1.2344497607655502,1.2344497607655502,0.2976190476190476,0.8735024311232484
avi,pm12,1.5276479721069336,0.04057788848876953,91,9,0.4653123272526257,0.34970693664018604,1.2344497607655502,1.2344497607655502,0.2976190476190476,0.8735024311232484
avi,pm12,1.5280460119247437,0.040601491928100586,91,9,0.4653123272526257,0.3434405940594059,1.2430939226519337,1.2430939226519337,0.29849410981667185,0.8706790123456791
avi,pm12,1.5282360315322876,0.040552496910095215,91,9,0.4653123272526257,0.33907543216343633,1.222707423580786,1.222707423580786,0.2985173938187637,0.8707605074719797
avi,pm12,1.5283273458480835,0.040461182594299316,91,9,0.4653123272526257,0.33907543216343633,1.222707423580786,1.222707423580786,0.2985173938187637,0.8707605074719797
avi,pm12,1.5285991430282593,0.040189385414123535,91,9,0.4653123272526257,0.33907543216343633,1.222707423580786,1.222707423580786,0.2985173938187637,0.8707605074719797
avi,pm12,1.5311030149459839,0.03997230529785156,91,9,0.4653123272526257,0.32922598396937436,1.2127608407024162,1.2127608407024162,0.29907644504625813,0.8706817989637625
avi,pm12,1.5327893495559692,0.0400393009185791,91,9,0.4653123272526257,0.32951790520026686,1.2104970134945792,1.2104970134945792,0.29929327735471517,0.8721477000184477
avi,pm12,1.5334749221801758,0.0403294563293457,91,9,0.4653123272526257,0.3258816120906801,1.1881279054980147,1.1881279054980147,0.29912356374723176,0.8720496894409938
avi,pm12,1.535630702972412,0.03899562358856201,91,9,0.4653123272526257,0.334887233567368,1.2253521126760565,1.2253521126760565,0.2985243098256797,0.870701970650601
avi,pm12,1.5367671251296997,0.038343191146850586,91,9,0.4653123272526257,0.3344768439108062,1.2887323943661972,1.2887323943661972,0.2992833253702819,0.8742255266418836
avi,pm12,1.5373234748840332,0.03778684139251709,91,9,0.4653123272526257,0.3344768439108062,1.2887323943661972,1.2887323943661972,0.2992833253702819,0.8742255266418836
avi,pm12,1.537831425666809,0.03780949115753174,91,9,0.4653123272526257,0.3344768439108062,1.2887323943661972,1.2887323943661972,0.2992833253702819,0.8742255266418836
avi,pm12,1.5388239622116089,0.03852033615112305,91,9,0.4653123272526257,0.3389938785120075,1.32808059117034,1.32808059117034,0.29931790776511275,0.8707605074719797
avi,pm12,1.5399446487426758,0.03808116912841797,91,9,0.4653123272526257,0.3311820652173913,1.3278174740058144,1.3278174740058144,0.299625468164794,0.875
avi,pm12,1.5401729345321655,0.03785288333892822,91,9,0.4653123272526257,0.3311820652173913,1.3278174740058144,1.3278174740058144,0.299625468164794,0.875
avi,pm12,1.540479063987732,0.037546753883361816,91,9,0.4653123272526257,0.3311820652173913,1.3278174740058144,1.3278174740058144,0.299625468164794,0.875
avi,pm12,1.5406140089035034,0.03741180896759033,91,9,0.4653123272526257,0.3311820652173913,1.3278174740058144,1.3278174740058144,0.299625468164794,0.875
avi,pm12,1.5416021347045898,0.03739309310913086,91,9,0.4653123272526257,0.33750726214168286,1.32808059117034,1.32808059117034,0.29962994845716123,0.871141865079365
avi,pm12,1.5417722463607788,0.037563204765319824,91,9,0.4653123272526257,0.33750726214168286,1.32808059117034,1.32808059117034,0.29962994845716123,0.871141865079365
avi,pm12,1.5424224138259888,0.037482261657714844,91,9,0.4653123272526257,0.33750726214168286,1.32808059117034,1.32808059117034,0.29961282889224067,0.8717617972449644
avi,pm12,1.543035626411438,0.03744542598724365,91,9,0.4653123272526257,0.3395710832701554,1.3537117903930131,1.3537117903930131,0.2992853096060509,0.870236366407184
avi,pm12,1.5431698560714722,0.03731119632720947,91,9,0.4653123272526257,0.3395710832701554,1.3537117903930131,1.3537117903930131,0.2992853096060509,0.870236366407184
avi,pm12,1.543857455253601,0.036623597145080566,91,9,0.4653123272526257,0.3395710832701554,1.3537117903930131,1.3537117903930131,0.2992853096060509,0.870236366407184
avi,pm12,1.545767903327942,0.036313652992248535,91,9,0.4653123272526257,0.3249098474341192,1.330985915492958,1.330985915492958,0.2991324280086556,0.8693428125938305
avi,pm12,1.5462814569473267,0.03627455234527588,91,9,0.4653123272526257,0.3249098474341192,1.3537117903930131,1.3537117903930131,0.29912356374723176,0.8707347447073475
avi,pm12,1.547488808631897,0.036817073822021484,91,9,0.4653123272526257,0.31566783876063803,1.3655569782330328,1.3655569782330328,0.2999463281749887,0.8696482681761301
avi,pm12,1.5478358268737793,0.03667628765106201,91,9,0.4653123272526257,0.30913012221423436,1.3732394366197185,1.3732394366197185,0.2996307199027046,0.867885706613114
avi,pm12,1.548179030418396,0.03633308410644531,91,9,0.4653123272526257,0.30913012221423436,1.3732394366197185,1.3732394366197185,0.2996307199027046,0.867885706613114
avi,pm12,1.5487104654312134,0.03580164909362793,91,9,0.4653123272526257,0.30913012221423436,1.3732394366197185,1.3732394366197185,0.2996307199027046,0.867885706613114
avi,pm12,1.5489243268966675,0.03590679168701172,91,9,0.4653123272526257,0.30913012221423436,1.3732394366197185,1.3732394366197185,0.2996307199027046,0.867885706613114
avi,pm12,1.5489426851272583,0.03591465950012207,91,9,0.4653123272526257,0.3108016304347826,1.412968721419425,1.412968721419425,0.2992833253702819,0.8684863523573202
avi,pm12,1.5490751266479492,0.03578221797943115,91,9,0.4653123272526257,0.3108016304347826,1.412968721419425,1.412968721419425,0.2992833253702819,0.8684863523573202
avi,pm12,1.5503644943237305,0.035718560218811035,91,9,0.4653123272526257,0.3167597765363129,1.371504719860983,1.371504719860983,0.29885452324003753,0.8706790123456791
avi,pm12,1.5506783723831177,0.03603243827819824,91,9,0.4653123272526257,0.3167597765363129,1.371504719860983,1.371504719860983,0.29885452324003753,0.8706790123456791
avi,pm12,1.5510534048080444,0.03602290153503418,91,9,0.4653123272526257,0.3152633602460592,1.3798611132158372,1.3798611132158372,0.2985243098256797,0.8720496894409938
avi,pm12,1.551692008972168,0.03606522083282471,92,8,0.529228855721393,0.3450617283950617,1.4410480349344978,1.4410480349344978,0.3322594195952149,1.0530397022332507
avi,pm12,1.5519790649414062,0.035778164863586426,92,8,0.529228855721393,0.3450617283950617,1.4410480349344978,1.4410480349344978,0.3322594195952149,1.0530397022332507
avi,pm12,1.5529433488845825,0.03568744659423828,93,7,0.6114072494669509,0.4054562867547679,1.5778885416320836,1.5778885416320836,0.3713443663568352,1.334158415841584
avi,pm12,1.5540717840194702,0.036223649978637695,94,6,0.7209784411276948,0.45088566827697263,1.8995498375669269,1.8995498375669269,0.42305335201614247,1.7565339492461252
avi,pm12,1.554490566253662,0.03588581085205078,94,6,0.7209784411276948,0.4566744730679157,1.9065874730021597,1.9065874730021597,0.42305335201614247,1.7572146783805982
avi,pm12,1.555009365081787,0.03536701202392578,94,6,0.7209784411276948,0.4566744730679157,1.9065874730021597,1.9065874730021597,0.42305335201614247,1.7572146783805982
avi,pm12,1.5559954643249512,0.03462982177734375,94,6,0.7209784411276948,0.4566744730679157,1.9065874730021597,1.9065874730021597,0.42305335201614247,1.7572146783805982
avi,pm12,1.5569515228271484,0.035247206687927246,94,6,0.7209784411276948,0.4566744730679157,1.8820598006644518,1.8820598006644518,0.4233812135377367,1.7571697548901108
avi,pm12,1.5580884218215942,0.034766435623168945,94,6,0.7209784411276948,0.4529578986715921,1.8397260273972602,1.8397260273972602,0.42484069685417347,1.7551888608672181
avi,pm12,1.5586442947387695,0.03421056270599365,94,6,0.7209784411276948,0.4529578986715921,1.8397260273972602,1.8397260273972602,0.42484069685417347,1.7551888608672181
avi,pm12,1.5588890314102173,0.0339658260345459,94,6,0.7209784411276948,0.4529578986715921,1.8397260273972602,1.8397260273972602,0.42484069685417347,1.7551888608672181
avi,pm12,1.559336543083191,0.033763885498046875,94,6,0.7209784411276948,0.4529578986715921,1.8397260273972602,1.8397260273972602,0.42484069685417347,1.7551888608672181
avi,pm12,1.560313105583191,0.033315420150756836,94,6,0.7209784411276948,0.44875475325715003,1.845514950166113,1.845514950166113,0.4245839488798084,1.7587297870140606
avi,pm12,1.560355544090271,0.033357858657836914,94,6,0.7209784411276948,0.44875475325715003,1.845514950166113,1.845514950166113,0.4245839488798084,1.7587297870140606
avi,pm12,1.5629066228866577,0.03457927703857422,94,6,0.7209784411276948,0.4391100702576113,1.825091100304111,1.825091100304111,0.422088066788314,1.7587297870140606
avi,pm12,1.5630707740783691,0.034743428230285645,94,6,0.7209784411276948,0.4391100702576113,1.825091100304111,1.825091100304111,0.422088066788314,1.7587297870140606
avi,pm12,1.563206672668457,0.034879326820373535,94,6,0.7209784411276948,0.4391100702576113,1.825091100304111,1.825091100304111,0.422088066788314,1.7587297870140606
avi,pm12,1.5645352602005005,0.03431272506713867,94,6,0.7209784411276948,0.4334233018443545,1.8663624275389952,1.8663624275389952,0.4233796702420352,1.7647138722198208
avi,pm12,1.5662760734558105,0.03348672389984131,94,6,0.7209784411276948,0.4302848575712144,1.8882430305941578,1.8882430305941578,0.4237314356435643,1.766624843161857
avi,pm12,1.5668727159500122,0.03331410884857178,94,6,0.7209784411276948,0.4302848575712144,1.8882430305941578,1.8882430305941578,0.422088066788314,1.766765625926584
avi,pm12,1.566910743713379,0.03327608108520508,94,6,0.7209784411276948,0.4302848575712144,1.8882430305941578,1.8882430305941578,0.422088066788314,1.766765625926584
avi,pm12,1.5670503377914429,0.03313648700714111,94,6,0.7209784411276948,0.4302848575712144,1.8882430305941578,1.8882430305941578,0.422088066788314,1.766765625926584
avi,pm12,1.5686475038528442,0.032079458236694336,95,5,0.8743781094527363,0.5578996718237224,1.9415670650730412,1.9415670650730412,0.4913239756496576,2.3471041632741674
avi,pm12,1.5687885284423828,0.032021403312683105,95,5,0.8743781094527363,0.5578996718237224,1.9415670650730412,1.9415670650730412,0.4913239756496576,2.3471041632741674
avi,pm12,1.5699100494384766,0.03255188465118408,96,4,1.1044776119402984,0.7165999214762466,2.219387755102041,2.219387755102041,0.5851101634683724,3.884139025893958
avi,pm12,1.5710753202438354,0.0322495698928833,96,4,1.1044776119402984,0.7182665881429132,2.1947278911564627,2.1947278911564627,0.584165482187743,3.8840937114673246
avi,pm12,1.5728286504745483,0.032349586486816406,97,3,1.4879767827529022,0.8424890573530075,3.3922286409242894,3.3922286409242894,0.7250308261405672,4.69593129361245
avi,pm12,1.5738043785095215,0.03220224380493164,97,3,1.4879767827529022,0.8478633883148807,3.4588900308324773,3.4588900308324773,0.7233544133130589,4.684931506849315
avi,pm12,1.573944091796875,0.032341957092285156,97,3,1.4879767827529022,0.8478633883148807,3.4588900308324773,3.4588900308324773,0.7233544133130589,4.684931506849315
avi,pm12,1.574597716331482,0.03252243995666504,97,3,1.4879767827529022,0.856682769726248,3.4635838150289016,3.4635838150289016,0.720800263343551,4.694208326548335
avi,pm12,1.5747767686843872,0.03235435485839844,97,3,1.4879767827529022,0.856682769726248,3.4635838150289016,3.4635838150289016,0.720800263343551,4.694208326548335
avi,pm12,1.5749977827072144,0.03237199783325195,97,3,1.4879767827529022,0.849625187406297,3.409447258724788,3.409447258724788,0.7209745753917106,4.716957605985038
avi,pm12,1.5750607252120972,0.03230905532836914,97,3,1.4879767827529022,0.849625187406297,3.409447258724788,3.409447258724788,0.7209745753917106,4.716957605985038
avi,pm12,1.5751103162765503,0.032259464263916016,97,3,1.4879767827529022,0.849625187406297,3.409447258724788,3.409447258724788,0.7209745753917106,4.716957605985038
avi,pm12,1.5771640539169312,0.031222939491271973,97,3,1.4879767827529022,0.8329219049014311,3.440281030444965,3.440281030444965,0.7192986586757991,4.7150978802992505
avi,pm12,1.5775408744812012,0.030968785285949707,97,3,1.4879767827529022,0.8289152539178454,3.4150127278281177,3.4150127278281177,0.7199520243282498,4.701234567901235
avi,pm12,1.5780258178710938,0.030537009239196777,97,3,1.4879767827529022,0.8289152539178454,3.4150127278281177,3.4150127278281177,0.7199520243282498,4.701234567901235
avi,pm12,1.5788227319717407,0.03036642074584961,97,3,1.4879767827529022,0.8500000000000001,3.2921899313141436,3.2921899313141436,0.7232506039461041,4.7150978802992505
avi,pm12,1.5799046754837036,0.030905723571777344,98,2,2.2549751243781095,0.8737918174103355,5.339826594091836,5.339826594091836,0.9731820003562522,5.361702127659575
avi,pm12,1.5804810523986816,0.030384540557861328,98,2,2.2549751243781095,0.8862737637125955,5.221294363256785,5.221294363256785,0.9748443337484435,5.355004077791719
avi,pm12,1.580675721168518,0.030311226844787598,98,2,2.2549751243781095,0.8862737637125955,5.221294363256785,5.221294363256785,0.9748443337484435,5.355004077791719
avi,pm12,1.5814948081970215,0.030196547508239746,98,2,2.2549751243781095,0.8533685601056803,5.406360424028268,5.406360424028268,0.9779128489280755,5.361702127659575
avi,pm12,1.5823248624801636,0.030514240264892578,98,2,2.2549751243781095,0.8533685601056803,5.406360424028268,5.406360424028268,0.9779228855721392,5.370791457286429
avi,pm12,1.5832165479660034,0.029986143112182617,98,2,2.2549751243781095,0.8505586592178771,5.364618285476724,5.364618285476724,0.9789759092852105,5.381137971698113
avi,pm12,1.5834425687789917,0.029760122299194336,98,2,2.2549751243781095,0.8505586592178771,5.364618285476724,5.364618285476724,0.9789759092852105,5.381137971698113
avi,pm12,1.5841904878616333,0.030118703842163086,98,2,2.2549751243781095,0.8505586592178771,5.364618285476724,5.364618285476724,0.9789759092852105,5.381137971698113
avi,pm12,1.5842809677124023,0.03020918369293213,98,2,2.2549751243781095,0.8505586592178771,5.364618285476724,5.364618285476724,0.9789759092852105,5.381137971698113
avi,pm12,1.5845121145248413,0.030333518981933594,98,2,2.2549751243781095,0.8310055865921788,5.533935853827929,5.533935853827929,0.9770471464019851,5.377814367748738
avi,pm12,1.5848573446273804,0.03036677837371826,98,2,2.2549751243781095,0.8310055865921788,5.533935853827929,5.533935853827929,0.9770471464019851,5.377814367748738
avi,pm12,1.5855909585952759,0.030349135398864746,98,2,2.2549751243781095,0.8319450619551139,5.459363957597173,5.459363957597173,0.9770471464019851,5.381132075471698
avi,pm12,1.5857130289077759,0.030227065086364746,98,2,2.2549751243781095,0.8319450619551139,5.459363957597173,5.459363957597173,0.9770471464019851,5.381132075471698
avi,pm12,1.5859850645065308,0.02998960018157959,98,2,2.2549751243781095,0.8319450619551139,5.459363957597173,5.459363957597173,0.9770471464019851,5.381132075471698
avi,pm12,1.5870763063430786,0.0291903018951416,99,1,4.555970149253731,1.3379790940766552,7.458563535911603,7.458563535911603,1.5885286783042392,5.872020075282308
avi,pm12,1.5877572298049927,0.02917659282684326,99,1,4.555970149253731,1.3170731707317074,7.411764705882353,7.411764705882353,1.5813197162694501,5.872020075282308
avi,pm12,1.5879974365234375,0.029108405113220215,99,1,4.555970149253731,1.2975815320732222,7.491670360935581,7.491670360935581,1.58875,5.880000000000001
avi,pm12,1.5884475708007812,0.02916586399078369,99,1,4.555970149253731,1.3031756473895102,7.577900552486188,7.577900552486188,1.5921375921375922,5.872020075282308
avi,pm12,1.5892502069473267,0.028937101364135742,99,1,4.555970149253731,1.320585917269022,7.608822540970874,7.608822540970874,1.5931921959319222,5.87761883914522
avi,pm12,1.590376377105713,0.028734326362609863,99,1,4.555970149253731,1.2760502002410194,7.7332192390134775,7.7332192390134775,1.5944931163954943,5.880000000000001
avi,pm12,1.5908230543136597,0.028287649154663086,99,1,4.555970149253731,1.2760502002410194,7.7332192390134775,7.7332192390134775,1.5944931163954943,5.880000000000001
avi,pm12,1.5923513174057007,0.02821946144104004,100,0,4.726368159203981,1.3618925831202044,9.70385818561001,9.70385818561001,3.401972872996301,6.226700251889169
avi,pm12,1.5928548574447632,0.028131484985351562,99,1,4.555970149253731,1.358885017421603,7.53932584269663,7.53932584269663,1.5464218662281848,5.866347199446972
avi,pm12,1.5931898355484009,0.027796506881713867,99,1,4.555970149253731,1.358885017421603,7.53932584269663,7.53932584269663,1.5464218662281848,5.866347199446972
avi,pm12,1.593216896057129,0.02776944637298584,99,1,4.555970149253731,1.358885017421603,7.53932584269663,7.53932584269663,1.5464218662281848,5.866347199446972
avi,pm12,1.5957404375076294,0.027395248413085938,99,1,4.555970149253731,1.3487167169271015,7.417201540436458,7.417201540436458,1.5458696554586966,5.876712328767123
avi,pm12,1.596118450164795,0.027196407318115234,99,1,4.555970149253731,1.3579413472706157,7.533647537893056,7.533647537893056,1.5422126495328465,5.892634207240948
avi,pm12,1.5966333150863647,0.026723265647888184,99,1,4.555970149253731,1.3579413472706157,7.533647537893056,7.533647537893056,1.5422126495328465,5.892634207240948
avi,pm12,1.5973438024520874,0.02633500099182129,99,1,4.555970149253731,1.361760660247593,7.486521181001284,7.486521181001284,1.5436156129507679,5.8997493734335835
avi,pm12,1.5973471403121948,0.026331663131713867,99,1,4.555970149253731,1.361760660247593,7.486521181001284,7.486521181001284,1.5436156129507679,5.8997493734335835
avi,pm12,1.5982166528701782,0.026227831840515137,99,1,4.555970149253731,1.3586079854572333,7.47752808988764,7.47752808988764,1.5423832923832925,5.885342044389649
avi,pm12,1.5988479852676392,0.02601933479309082,99,1,4.555970149253731,1.3586079854572333,7.47752808988764,7.47752808988764,1.5423832923832925,5.885342044389649
avi,pm12,1.5991597175598145,0.026331067085266113,99,1,4.555970149253731,1.3586079854572333,7.47752808988764,7.47752808988764,1.5423832923832925,5.885342044389649
avi,pm12,1.5999521017074585,0.026008009910583496,99,1,4.555970149253731,1.374666085946574,7.434370595889897,7.434370595889897,1.5448161916563403,5.880319600499372
avi,pm12,1.600186824798584,0.02601325511932373,98,2,2.2549751243781095,0.8834020155337313,5.069428735161679,5.069428735161679,0.9687100136093963,5.394769613947697
avi,pm12,1.6007269620895386,0.025950193405151367,98,2,2.2549751243781095,0.8687575499977631,5.089716006884673,5.089716006884673,0.9652054924242425,5.381857218911698
avi,pm12,1.6024090051651,0.026207804679870605,98,2,2.2549751243781095,0.8842281879194631,5.079957369603,5.079957369603,0.968789013732834,5.388599300243134
avi,pm12,1.6024619340896606,0.02615487575531006,98,2,2.2549751243781095,0.8842281879194631,5.079957369603,5.079957369603,0.968789013732834,5.388599300243134
avi,pm12,1.6032114028930664,0.025619149208068848,98,2,2.2549751243781095,0.8688888888888889,5.166841186736474,5.166841186736474,0.969385115129215,5.393333986315361
avi,pm12,1.6033248901367188,0.025505661964416504,98,2,2.2549751243781095,0.8688888888888889,5.166841186736474,5.166841186736474,0.969385115129215,5.393333986315361
avi,pm12,1.604292869567871,0.02547013759613037,98,2,2.2549751243781095,0.8688888888888889,5.166841186736474,5.166841186736474,0.9663496768066662,5.386649874055416
avi,pm12,1.6043404340744019,0.025517702102661133,98,2,2.2549751243781095,0.8688888888888889,5.166841186736474,5.166841186736474,0.9663496768066662,5.386649874055416
avi,pm12,1.6054712533950806,0.025235891342163086,98,2,2.2549751243781095,0.8562962962962963,5.25622732784082,5.25622732784082,0.9671694562232643,5.381273857947433
avi,pm12,1.6059199571609497,0.02524423599243164,98,2,2.2549751243781095,0.8455318960720912,5.277486910994765,5.277486910994765,0.9699431251453328,5.38125
avi,pm12,1.606859803199768,0.025364995002746582,98,2,2.2549751243781095,0.8599167822468793,5.262125953627521,5.262125953627521,0.9676651540396866,5.3843332011143294
avi,pm12,1.607120156288147,0.02562534809112549,98,2,2.2549751243781095,0.8599167822468793,5.262125953627521,5.262125953627521,0.9676651540396866,5.3843332011143294
avi,pm12,1.6073697805404663,0.02556765079498291,98,2,2.2549751243781095,0.8534136546184738,5.2328947368421055,5.2328947368421055,0.9690938221341997,5.3884711779448615
avi,pm12,1.6076215505599976,0.02531588077545166,98,2,2.2549751243781095,0.8534136546184738,5.2328947368421055,5.2328947368421055,0.9690938221341997,5.3884711779448615
avi,pm12,1.6077460050582886,0.025346994400024414,98,2,2.2549751243781095,0.8599167822468793,5.262125953627521,5.262125953627521,0.9709778604585457,5.386539476246411
avi,pm12,1.6080784797668457,0.025014519691467285,98,2,2.2549751243781095,0.8599167822468793,5.262125953627521,5.262125953627521,0.9709778604585457,5.386539476246411
avi,pm12,1.6083869934082031,0.024944424629211426,98,2,2.2549751243781095,0.8599167822468793,5.227142427497299,5.227142427497299,0.9690210656753407,5.3884711779448615
avi,pm12,1.6085096597671509,0.02506709098815918,98,2,2.2549751243781095,0.8599167822468793,5.227142427497299,5.227142427497299,0.9690210656753407,5.3884711779448615
avi,pm12,1.6089186668395996,0.02547609806060791,98,2,2.2549751243781095,0.8599167822468793,5.227142427497299,5.227142427497299,0.9690210656753407,5.3884711779448615
avi,pm12,1.60907781124115,0.025561809539794922,98,2,2.2549751243781095,0.8869632375656472,5.21094867091559,5.21094867091559,0.9672090112640802,5.394918913798938
avi,pm12,1.6091891527175903,0.025450468063354492,98,2,2.2549751243781095,0.8869632375656472,5.21094867091559,5.21094867091559,0.9672090112640802,5.394918913798938
avi,pm12,1.6095765829086304,0.02538609504699707,98,2,2.2549751243781095,0.8869632375656472,5.21094867091559,5.21094867091559,0.9672090112640802,5.394918913798938
avi,pm12,1.6102527379989624,0.02597177028656006,98,2,2.2549751243781095,0.8869632375656472,5.21094867091559,5.21094867091559,0.9689544704692834,5.407639429109158
avi,pm12,1.610810399055481,0.02629828453063965,98,2,2.2549751243781095,0.8989290495314591,5.214979195561719,5.214979195561719,0.9661796502936054,5.394769613947697
avi,pm12,1.610865592956543,0.02635347843170166,98,2,2.2549751243781095,0.8989290495314591,5.214979195561719,5.214979195561719,0.9661796502936054,5.394769613947697
avi,pm12,1.6112016439437866,0.026655912399291992,98,2,2.2549751243781095,0.8876560332871012,5.189976719576715,5.189976719576715,0.9663580246913581,5.394769613947697
avi,pm12,1.6116608381271362,0.02630138397216797,98,2,2.2549751243781095,0.8814814814814814,5.135802469135802,5.135802469135802,0.966414916159941,5.391033623910336
avi,pm12,1.6116913557052612,0.02627086639404297,98,2,2.2549751243781095,0.8814814814814814,5.135802469135802,5.135802469135802,0.966414916159941,5.391033623910336
avi,pm12,1.6128391027450562,0.02660524845123291,98,2,2.2549751243781095,0.9019482212373349,5.072148001239532,5.072148001239532,0.9699876237623761,5.407639429109158
avi,pm12,1.6128805875778198,0.02656376361846924,98,2,2.2549751243781095,0.9019482212373349,5.072148001239532,5.072148001239532,0.9699876237623761,5.407639429109158
avi,pm12,1.613202691078186,0.026241660118103027,98,2,2.2549751243781095,0.9019482212373349,5.072148001239532,5.072148001239532,0.9699876237623761,5.407639429109158
avi,pm12,1.614845633506775,0.026398062705993652,97,3,1.4879767827529022,0.6335403726708074,4.696561282724882,4.696561282724882,0.727625244176618,4.7440699126092385
avi,pm12,1.615500807762146,0.026253700256347656,97,3,1.4879767827529022,0.6335403726708074,4.696561282724882,4.696561282724882,0.7278121137206428,4.742849668779771
avi,pm12,1.6159400939941406,0.026477813720703125,97,3,1.4879767827529022,0.62751677852349,4.780915784958535,4.780915784958535,0.7271549783157291,4.740372670807454
avi,pm12,1.616135597229004,0.026282310485839844,97,3,1.4879767827529022,0.62751677852349,4.780915784958535,4.780915784958535,0.7271549783157291,4.740372670807454
avi,pm12,1.6162666082382202,0.026151299476623535,97,3,1.4879767827529022,0.62751677852349,4.780915784958535,4.780915784958535,0.7271549783157291,4.740372670807454
avi,pm12,1.616933822631836,0.026525139808654785,97,3,1.4879767827529022,0.6276742581090407,4.709122203098107,4.709122203098107,0.726980198019802,4.7404933095380954
avi,pm12,1.6170984506607056,0.026360511779785156,97,3,1.4879767827529022,0.6276742581090407,4.709122203098107,4.709122203098107,0.726980198019802,4.7404933095380954
avi,pm12,1.617613434791565,0.026180148124694824,97,3,1.4879767827529022,0.629514168306543,4.783934294871791,4.783934294871791,0.7260416666666667,4.742849668779771
avi,pm12,1.6177066564559937,0.026086926460266113,97,3,1.4879767827529022,0.629514168306543,4.783934294871791,4.783934294871791,0.7260416666666667,4.742849668779771
avi,pm12,1.6184420585632324,0.025950908660888672,97,3,1.4879767827529022,0.617338486011213,4.855263157894736,4.855263157894736,0.7278032482306891,4.7440699126092385
avi,pm12,1.6191107034683228,0.025890827178955078,97,3,1.4879767827529022,0.6130859915039087,5.016845329249618,5.016845329249618,0.7250203562621104,4.7440699126092385
avi,pm12,1.6191177368164062,0.025883793830871582,97,3,1.4879767827529022,0.6130859915039087,5.016845329249618,5.016845329249618,0.7250203562621104,4.7440699126092385
avi,pm12,1.61969792842865,0.02530360221862793,97,3,1.4879767827529022,0.6130859915039087,5.016845329249618,5.016845329249618,0.7250203562621104,4.7440699126092385
avi,pm12,1.6205707788467407,0.024538755416870117,97,3,1.4879767827529022,0.5994766932244855,5.1271056661562024,5.1271056661562024,0.7268116241767436,4.749289098043135
avi,pm12,1.6209863424301147,0.024867892265319824,97,3,1.4879767827529022,0.5994766932244855,5.1271056661562024,5.1271056661562024,0.7268116241767436,4.749289098043135
avi,pm12,1.6211844682693481,0.025066018104553223,97,3,1.4879767827529022,0.5994766932244855,5.1271056661562024,5.1271056661562024,0.7268116241767436,4.749289098043135
avi,pm12,1.6218518018722534,0.025344014167785645,97,3,1.4879767827529022,0.6003582407802691,5.102389078498295,5.102389078498295,0.7274294532627865,4.76625
avi,pm12,1.621852993965149,0.025342822074890137,97,3,1.4879767827529022,0.6003582407802691,5.102389078498295,5.102389078498295,0.7274294532627865,4.76625
avi,pm12,1.6231356859207153,0.02499842643737793,97,3,1.4879767827529022,0.6261510128913443,4.927449077646233,4.927449077646233,0.726339914354771,4.765586034912718
avi,pm12,1.6232274770736694,0.02501082420349121,97,3,1.4879767827529022,0.6261510128913443,4.927449077646233,4.927449077646233,0.726339914354771,4.765586034912718
avi,pm12,1.6233148574829102,0.02493894100189209,97,3,1.4879767827529022,0.6288142139822325,4.9666254635352285,4.9666254635352285,0.7268993229315296,4.744303602908421
avi,pm12,1.6236788034439087,0.02483081817626953,97,3,1.4879767827529022,0.6288142139822325,4.9666254635352285,4.9666254635352285,0.7268993229315296,4.744303602908421
avi,pm12,1.6244444847106934,0.02536594867706299,97,3,1.4879767827529022,0.6187991718426502,5.030739890517386,5.030739890517386,0.7255808095997113,4.765586034912718
avi,pm12,1.6256814002990723,0.02499246597290039,96,4,1.1044776119402984,0.45619846838380423,5.030739890517386,5.030739890517386,0.5867238759928214,3.9081885856079404
avi,pm12,1.6259212493896484,0.025194287300109863,96,4,1.1044776119402984,0.45619846838380423,5.030739890517386,5.030739890517386,0.5867238759928214,3.9081885856079404
avi,pm12,1.6262000799179077,0.02547311782836914,96,4,1.1044776119402984,0.45619846838380423,5.030739890517386,5.030739890517386,0.5867238759928214,3.9081885856079404
avi,pm12,1.6264324188232422,0.025579452514648438,96,4,1.1044776119402984,0.45619846838380423,5.030739890517386,5.030739890517386,0.5857134049674124,3.8906832298136647
avi,pm12,1.6275209188461304,0.025077462196350098,95,5,0.8743781094527363,0.3645756457564576,4.973256691216085,4.973256691216085,0.4916843804154009,2.4786967418546366
avi,pm12,1.6280161142349243,0.025148391723632812,95,5,0.8743781094527363,0.36929821436145394,4.880858496684071,4.880858496684071,0.4919254658385093,2.481910505989909
avi,pm12,1.6285897493362427,0.025204896926879883,95,5,0.8743781094527363,0.358541224634569,5.030739890517386,5.030739890517386,0.4916937062216728,2.4707752049475022
avi,pm12,1.6286168098449707,0.025177836418151855,95,5,0.8743781094527363,0.358541224634569,5.030739890517386,5.030739890517386,0.4916937062216728,2.4707752049475022
avi,pm12,1.628771424293518,0.025023221969604492,95,5,0.8743781094527363,0.358541224634569,5.030739890517386,5.030739890517386,0.4916937062216728,2.4707752049475022
avi,pm12,1.6288305521011353,0.024964094161987305,95,5,0.8743781094527363,0.358541224634569,5.030739890517386,5.030739890517386,0.4916937062216728,2.4707752049475022
avi,pm12,1.6291050910949707,0.02481222152709961,95,5,0.8743781094527363,0.358541224634569,5.030739890517386,5.030739890517386,0.4916937062216728,2.4707752049475022
avi,pm12,1.6303768157958984,0.02445685863494873,95,5,0.8743781094527363,0.3709944751381215,4.933724377168083,4.933724377168083,0.4912882794257094,2.444305381727159
avi,pm12,1.6307071447372437,0.024486303329467773,95,5,0.8743781094527363,0.37300115874855155,4.85551295457186,4.85551295457186,0.49152864115345607,2.446696352481313
avi,pm12,1.6311264038085938,0.024073243141174316,95,5,0.8743781094527363,0.37300115874855155,4.892702427700803,4.892702427700803,0.4916044464544005,2.4666234503877087
avi,pm12,1.6320401430130005,0.02415633201599121,95,5,0.8743781094527363,0.3651006711409396,4.973987378830254,4.973987378830254,0.48978604504210965,2.4722494438342997
avi,pm12,1.6329374313354492,0.024550437927246094,95,5,0.8743781094527363,0.37294231402344974,4.891760550944723,4.891760550944723,0.490613266583229,2.480133131861392
avi,pm12,1.633092999458313,0.02458333969116211,95,5,0.8743781094527363,0.3819430355052673,4.799107657896282,4.799107657896282,0.49086565503728746,2.460934837092718
avi,pm12,1.6331077814102173,0.024598121643066406,95,5,0.8743781094527363,0.3819430355052673,4.799107657896282,4.799107657896282,0.49086565503728746,2.460934837092718
avi,pm12,1.6346396207809448,0.025561809539794922,95,5,0.8743781094527363,0.39293768905021176,4.693421052631579,4.693421052631579,0.491340898963051,2.4720739119524886
avi,pm12,1.6357001066207886,0.026123523712158203,95,5,0.8743781094527363,0.3852747097887932,4.801315789473684,4.801315789473684,0.49033828382838285,2.474546084036494
avi,pm12,1.6364789009094238,0.025970816612243652,95,5,0.8743781094527363,0.3993274940279831,4.693421052631579,4.693421052631579,0.49113859713776803,2.460772104607721
avi,pm12,1.6378575563430786,0.02641749382019043,95,5,0.8743781094527363,0.4000179441334992,4.639473684210526,4.639473684210526,0.4919098035301615,2.4851021455223874
avi,pm12,1.6379622220993042,0.026312828063964844,95,5,0.8743781094527363,0.4000179441334992,4.639473684210526,4.639473684210526,0.4919098035301615,2.4851021455223874
avi,pm12,1.6383825540542603,0.026691198348999023,95,5,0.8743781094527363,0.4059701492537313,4.639473684210526,4.639473684210526,0.49106180407486383,2.484433374844334
avi,pm12,1.6391944885253906,0.026355385780334473,95,5,0.8743781094527363,0.40187134502923977,4.639473684210526,4.639473684210526,0.4900990099009901,2.48432204515376
avi,pm12,1.639444351196289,0.02656376361846924,95,5,0.8743781094527363,0.40701754385964917,4.587715543248374,4.587715543248374,0.48977421520033043,2.487908881076213
avi,pm12,1.6398621797561646,0.026981592178344727,95,5,0.8743781094527363,0.40701754385964917,4.587715543248374,4.587715543248374,0.48977421520033043,2.487908881076213
avi,pm12,1.6404160261154175,0.026940464973449707,95,5,0.8743781094527363,0.4072821030211311,4.552083333333334,4.552083333333334,0.49087144786315184,2.4722494438342997
avi,pm12,1.641021728515625,0.026334762573242188,95,5,0.8743781094527363,0.4072821030211311,4.552083333333334,4.552083333333334,0.49087144786315184,2.4722494438342997
avi,pm12,1.6417545080184937,0.025918006896972656,95,5,0.8743781094527363,0.4108413486880864,4.531578947368421,4.531578947368421,0.49223048562936206,2.4818509247321265
avi,pm12,1.6424179077148438,0.026282310485839844,95,5,0.8743781094527363,0.41531862864967967,4.531578947368421,4.531578947368421,0.4916944000092734,2.461262911142034
avi,pm12,1.6434589624404907,0.02707529067993164,95,5,0.8743781094527363,0.40776201209401153,4.5582532051282,4.5582532051282,0.4918336572801113,2.4706543291473886
avi,pm12,1.6437935829162598,0.026859760284423828,95,5,0.8743781094527363,0.40776201209401153,4.5582532051282,4.5582532051282,0.4918336572801113,2.4706543291473886
avi,pm12,1.644392967224121,0.02731478214263916,95,5,0.8743781094527363,0.41303703703703704,4.502760534236268,4.502760534236268,0.49191356494891136,2.4746137407093474
avi,pm12,1.6448020935058594,0.027637839317321777,95,5,0.8743781094527363,0.4073139974779319,4.583385740765259,4.583385740765259,0.4923478753513043,2.4649792258910956
avi,pm12,1.6448575258255005,0.027582406997680664,95,5,0.8743781094527363,0.4073139974779319,4.583385740765259,4.583385740765259,0.4923478753513043,2.4649792258910956
avi,pm12,1.6450015306472778,0.02743840217590332,95,5,0.8743781094527363,0.4073139974779319,4.583385740765259,4.583385740765259,0.4923478753513043,2.4649792258910956
avi,pm12,1.6451095342636108,0.027393341064453125,94,6,0.7209784411276948,0.3358024691358025,4.583385740765259,4.583385740765259,0.4238036376478898,1.769794372362437
avi,pm12,1.647195816040039,0.02707958221435547,93,7,0.6114072494669509,0.2770370370370371,4.6145124716553285,4.6145124716553285,0.36853081032185514,1.3192371475953564
avi,pm12,1.647331714630127,0.026943683624267578,93,7,0.6114072494669509,0.2770370370370371,4.6145124716553285,4.6145124716553285,0.36853081032185514,1.3192371475953564
avi,pm12,1.64812171459198,0.027135372161865234,93,7,0.6114072494669509,0.27671517619804886,4.666376743251849,4.666376743251849,0.3680627702241438,1.3201156546881452
avi,pm12,1.6481341123580933,0.027147769927978516,93,7,0.6114072494669509,0.27671517619804886,4.666376743251849,4.666376743251849,0.3680627702241438,1.3201156546881452
avi,pm12,1.6482537984848022,0.027095794677734375,94,6,0.7209784411276948,0.3313840155945419,4.666376743251849,4.666376743251849,0.4193164260029217,1.7595833333333335
avi,pm12,1.6498104333877563,0.026582956314086914,94,6,0.7209784411276948,0.3320273437812497,4.649511140488583,4.649511140488583,0.42098765432098767,1.7766117986798677
avi,pm12,1.6503424644470215,0.02711498737335205,94,6,0.7209784411276948,0.3320273437812497,4.649511140488583,4.649511140488583,0.42098765432098767,1.7766117986798677
avi,pm12,1.6503437757492065,0.02711629867553711,94,6,0.7209784411276948,0.3320273437812497,4.649511140488583,4.649511140488583,0.42098765432098767,1.7766117986798677
avi,pm12,1.6506738662719727,0.027446389198303223,94,6,0.7209784411276948,0.3320273437812497,4.649511140488583,4.649511140488583,0.42098765432098767,1.7766117986798677
avi,pm12,1.6520118713378906,0.02745676040649414,94,6,0.7209784411276948,0.34023464458247066,4.484487319359533,4.484487319359533,0.4215675573984847,1.7695264992020696
avi,pm12,1.6525983810424805,0.026916980743408203,94,6,0.7209784411276948,0.34023464458247066,4.484487319359533,4.484487319359533,0.4215675573984847,1.7695264992020696
avi,pm12,1.6531645059585571,0.02724325656890869,94,6,0.7209784411276948,0.34316770186335405,4.440342782609752,4.440342782609752,0.42097168744652247,1.7766666666666668
avi,pm12,1.6534181833267212,0.027218103408813477,94,6,0.7209784411276948,0.33730158730158727,4.489795918367347,4.489795918367347,0.42131350681536556,1.7679498927230455
avi,pm12,1.6537946462631226,0.027594566345214844,94,6,0.7209784411276948,0.33730158730158727,4.489795918367347,4.489795918367347,0.42131350681536556,1.7679498927230455
avi,pm12,1.6542867422103882,0.027854323387145996,95,5,0.8743781094527363,0.4055902985437302,4.509234188724977,4.509234188724977,0.4894932014833127,2.422001540824898
avi,pm12,1.6544963121414185,0.027699828147888184,95,5,0.8743781094527363,0.4065024877292097,4.493144365876602,4.493144365876602,0.48826791308064715,2.4251425008906256
avi,pm12,1.6545296907424927,0.027666449546813965,95,5,0.8743781094527363,0.4065024877292097,4.493144365876602,4.493144365876602,0.48826791308064715,2.4251425008906256
avi,pm12,1.6551934480667114,0.02717733383178711,95,5,0.8743781094527363,0.4093106995884774,4.454572089954485,4.454572089954485,0.48689138576779023,2.4225717634080337
avi,pm12,1.655199646949768,0.02718353271484375,95,5,0.8743781094527363,0.4093106995884774,4.454572089954485,4.454572089954485,0.48689138576779023,2.4225717634080337
avi,pm12,1.6553912162780762,0.026994824409484863,95,5,0.8743781094527363,0.41384117411256505,4.382324217860888,4.382324217860888,0.4877746415523857,2.430141616873656
avi,pm12,1.6555920839309692,0.027002334594726562,95,5,0.8743781094527363,0.41384117411256505,4.382324217860888,4.382324217860888,0.4877746415523857,2.430141616873656
avi,pm12,1.6556053161621094,0.0270155668258667,95,5,0.8743781094527363,0.41384117411256505,4.382324217860888,4.382324217860888,0.4877746415523857,2.430141616873656
avi,pm12,1.6561964750289917,0.02748548984527588,95,5,0.8743781094527363,0.4116967313169673,4.433264501595641,4.433264501595641,0.4870832783543618,2.434511791718553
avi,pm12,1.6573292016983032,0.02709341049194336,95,5,0.8743781094527363,0.41134500119875334,4.366863905325443,4.366863905325443,0.4900688375452612,2.444305381727159
avi,pm12,1.6576513051986694,0.027274489402770996,95,5,0.8743781094527363,0.41134500119875334,4.366863905325443,4.366863905325443,0.4900688375452612,2.444305381727159
avi,pm12,1.6590337753295898,0.027748465538024902,95,5,0.8743781094527363,0.4248012552301255,4.300111982082867,4.300111982082867,0.4908494935996771,2.4161436637214413
avi,pm12,1.659407615661621,0.027374625205993652,95,5,0.8743781094527363,0.4248012552301255,4.300111982082867,4.300111982082867,0.4908494935996771,2.4161436637214413
avi,pm12,1.6611570119857788,0.026974916458129883,95,5,0.8743781094527363,0.4286721504112808,4.232754759238517,4.232754759238517,0.4894685206536469,2.4315691240648363
avi,pm12,1.6612590551376343,0.026872873306274414,95,5,0.8743781094527363,0.4286721504112808,4.232754759238517,4.232754759238517,0.4894685206536469,2.4315691240648363
avi,pm12,1.6620408296585083,0.026340723037719727,95,5,0.8743781094527363,0.4286721504112808,4.232754759238517,4.232754759238517,0.491147067227764,2.4373564630264815
avi,pm12,1.6624497175216675,0.02634251117706299,95,5,0.8743781094527363,0.42810126582278485,4.302489585666291,4.302489585666291,0.490946063334123,2.43720802897096
avi,pm12,1.662624478340149,0.026167750358581543,95,5,0.8743781094527363,0.42810126582278485,4.302489585666291,4.302489585666291,0.490946063334123,2.43720802897096
avi,pm12,1.66315758228302,0.025796175003051758,95,5,0.8743781094527363,0.42810126582278485,4.302489585666291,4.302489585666291,0.49145675532851857,2.434608986318404
avi,pm12,1.664275050163269,0.026166439056396484,95,5,0.8743781094527363,0.4329113924050633,4.21719024246691,4.21719024246691,0.4901912250048534,2.43720802897096
avi,pm12,1.6650015115737915,0.02580702304840088,95,5,0.8743781094527363,0.4330095475300955,4.208671127578387,4.208671127578387,0.4905875537491171,2.4371108343711088
avi,pm12,1.6652599573135376,0.026065468788146973,95,5,0.8743781094527363,0.4330095475300955,4.208671127578387,4.208671127578387,0.4905875537491171,2.4371108343711088
avi,pm12,1.6658639907836914,0.026419639587402344,95,5,0.8743781094527363,0.4292210055571997,4.264797897634836,4.264797897634836,0.48915154862192106,2.4373564630264815
avi,pm12,1.666975498199463,0.02595376968383789,95,5,0.8743781094527363,0.42557344460593566,4.260867106791359,4.260867106791359,0.4885113215765928,2.4390547263681595
avi,pm12,1.6673564910888672,0.025901436805725098,96,4,1.1044776119402984,0.5353896103896103,4.260867106791359,4.260867106791359,0.5813481988350174,3.9355786775297754
avi,pm12,1.6675583124160767,0.025803804397583008,96,4,1.1044776119402984,0.5353896103896103,4.260867106791359,4.260867106791359,0.5813481988350174,3.9355786775297754
avi,pm12,1.6676725149154663,0.025918006896972656,96,4,1.1044776119402984,0.5353896103896103,4.260867106791359,4.260867106791359,0.5813481988350174,3.9355786775297754
avi,pm12,1.6682082414627075,0.02579033374786377,96,4,1.1044776119402984,0.5405016121141388,4.214515422466565,4.214515422466565,0.5829136535414624,3.935732305804765
avi,pm12,1.6693453788757324,0.025551795959472656,96,4,1.1044776119402984,0.5498499036912304,4.169398907103822,4.169398907103822,0.583322994210091,3.9305210918114146
avi,pm12,1.6705342531204224,0.02573215961456299,96,4,1.1044776119402984,0.5498499036912304,4.169398907103822,4.169398907103822,0.5806090393143539,3.9210850801479653
avi,pm12,1.6717077493667603,0.026706218719482422,96,4,1.1044776119402984,0.5416012558869702,4.195265888456538,4.195265888456538,0.5812783517786266,3.9182156133828996
avi,pm12,1.6724399328231812,0.026247262954711914,96,4,1.1044776119402984,0.5531645569620254,4.120842729205589,4.120842729205589,0.5796737766624843,3.9182156133828996
avi,pm12,1.6725002527236938,0.02618694305419922,96,4,1.1044776119402984,0.5531645569620254,4.120842729205589,4.120842729205589,0.5796737766624843,3.9182156133828996
avi,pm12,1.672502875328064,0.0261843204498291,96,4,1.1044776119402984,0.5531645569620254,4.120842729205589,4.120842729205589,0.5796737766624843,3.9182156133828996
avi,pm12,1.6728278398513794,0.025859355926513672,96,4,1.1044776119402984,0.5531645569620254,4.120842729205589,4.120842729205589,0.5796737766624843,3.9182156133828996
avi,pm12,1.6735767126083374,0.025935769081115723,96,4,1.1044776119402984,0.5482267551942642,4.179519595448799,4.179519595448799,0.5786154238900879,3.911904245767451
avi,pm12,1.6739158630371094,0.02566206455230713,96,4,1.1044776119402984,0.5476842484913528,4.156774916013438,4.156774916013438,0.5807422104644326,3.9159456118665017
avi,pm12,1.6742753982543945,0.0253753662109375,96,4,1.1044776119402984,0.5476842484913528,4.156774916013438,4.156774916013438,0.5800830077570297,3.9213318465487266
avi,pm12,1.6743873357772827,0.025263428688049316,96,4,1.1044776119402984,0.5476842484913528,4.156774916013438,4.156774916013438,0.5800830077570297,3.9213318465487266
avi,pm12,1.6753495931625366,0.025007128715515137,96,4,1.1044776119402984,0.5563694388100068,4.0983999286562485,4.0983999286562485,0.583445308816596,3.928913043478256
avi,pm12,1.675384521484375,0.025042057037353516,96,4,1.1044776119402984,0.5563694388100068,4.0983999286562485,4.0983999286562485,0.583445308816596,3.928913043478256
avi,pm12,1.675728440284729,0.02538597583770752,96,4,1.1044776119402984,0.5563694388100068,4.0983999286562485,4.0983999286562485,0.583445308816596,3.928913043478256
avi,pm12,1.675972580909729,0.02563011646270752,96,4,1.1044776119402984,0.5563694388100068,4.0983999286562485,4.0983999286562485,0.583445308816596,3.928913043478256
avi,pm12,1.6763445138931274,0.026002049446105957,96,4,1.1044776119402984,0.5563694388100068,4.0983999286562485,4.0983999286562485,0.583445308816596,3.928913043478256
avi,pm12,1.6782821416854858,0.027243733406066895,97,3,1.4879767827529022,0.7457892675283979,4.125027487171439,4.125027487171439,0.7260201976961396,4.732254047322541
avi,pm12,1.6787742376327515,0.02676236629486084,97,3,1.4879767827529022,0.7457892675283979,4.125027487171439,4.125027487171439,0.7260201976961396,4.732254047322541
avi,pm12,1.6788734197616577,0.026724576950073242,97,3,1.4879767827529022,0.7459896273798373,4.158075601374571,4.158075601374571,0.726351122160678,4.740049751243781
avi,pm12,1.6794686317443848,0.02639591693878174,97,3,1.4879767827529022,0.9823190789473684,3.323180085367046,3.323180085367046,0.7256122872561229,4.744256630278648
avi,pm12,1.6798292398452759,0.02666473388671875,97,3,1.4879767827529022,0.9823190789473684,3.323180085367046,3.323180085367046,0.7256122872561229,4.744256630278648
avi,pm12,1.6804332733154297,0.026347994804382324,97,3,1.4879767827529022,0.9649097048891498,3.4121779859484778,3.4121779859484778,0.7215293493635078,4.765619233167081
avi,pm12,1.681600570678711,0.02710425853729248,97,3,1.4879767827529022,0.9510403916768666,3.488095983379023,3.488095983379023,0.7240948813982522,4.7440699126092385
avi,pm12,1.6821961402893066,0.027002692222595215,97,3,1.4879767827529022,0.9467359385588434,3.4484777517564402,3.4484777517564402,0.7235947010383099,4.7440699126092385
avi,pm12,1.682360053062439,0.0271604061126709,97,3,1.4879767827529022,0.9527109299692084,3.4839203675344566,3.4839203675344566,0.723252824983773,4.765586034912718
avi,pm12,1.682386040687561,0.02718639373779297,97,3,1.4879767827529022,0.9527109299692084,3.4839203675344566,3.4839203675344566,0.723252824983773,4.765586034912718
avi,pm12,1.6832914352416992,0.027686119079589844,97,3,1.4879767827529022,0.9649097048891498,3.5390156062424967,3.5390156062424967,0.7244536892175919,4.7440699126092385
avi,pm12,1.6836819648742676,0.02760136127471924,97,3,1.4879767827529022,0.9649097048891498,3.5390156062424967,3.5390156062424967,0.7237386269644335,4.740065897221965
avi,pm12,1.684035301208496,0.027838826179504395,97,3,1.4879767827529022,0.9649097048891498,3.5390156062424967,3.5390156062424967,0.7237386269644335,4.740065897221965
avi,pm12,1.684228539466858,0.02803206443786621,97,3,1.4879767827529022,0.9649097048891498,3.5390156062424967,3.5390156062424967,0.7237386269644335,4.740065897221965
avi,pm12,1.6844226121902466,0.028162479400634766,97,3,1.4879767827529022,0.9631578947368421,3.6446578631452575,3.6446578631452575,0.7246310142062199,4.740446769096654
avi,pm12,1.6856613159179688,0.028010010719299316,97,3,1.4879767827529022,0.9442358550309617,3.7578125,3.7578125,0.7254789282417018,4.760299625468165
avi,pm12,1.6857801675796509,0.028128862380981445,97,3,1.4879767827529022,0.9442358550309617,3.7578125,3.7578125,0.7254789282417018,4.760299625468165
avi,pm12,1.6867822408676147,0.027457237243652344,97,3,1.4879767827529022,0.9351385390428212,3.805989583333333,3.805989583333333,0.7251751133086115,4.740446769096654
avi,pm12,1.6868505477905273,0.02744293212890625,97,3,1.4879767827529022,0.9351385390428212,3.805989583333333,3.805989583333333,0.7251751133086115,4.740446769096654
avi,pm12,1.6872488260269165,0.02784121036529541,97,3,1.4879767827529022,0.9351385390428212,3.805989583333333,3.805989583333333,0.7251751133086115,4.740446769096654
avi,pm12,1.6873353719711304,0.027927756309509277,97,3,1.4879767827529022,0.9351385390428212,3.805989583333333,3.805989583333333,0.7251751133086115,4.740446769096654
avi,pm12,1.6881319284439087,0.027397990226745605,97,3,1.4879767827529022,0.9493466451328733,3.7578125,3.7578125,0.7240912375728383,4.760563945940389
avi,pm12,1.6881767511367798,0.02735316753387451,97,3,1.4879767827529022,0.9493466451328733,3.7578125,3.7578125,0.7240912375728383,4.760563945940389
avi,pm12,1.6887922286987305,0.02753317356109619,97,3,1.4879767827529022,0.9445843828715366,3.788774062816615,3.788774062816615,0.7237144382845307,4.740372670807454
avi,pm12,1.6889537572860718,0.027544498443603516,97,3,1.4879767827529022,0.9445843828715366,3.788774062816615,3.788774062816615,0.7231353474877128,4.744848982358591
avi,pm12,1.6899747848510742,0.02752506732940674,97,3,1.4879767827529022,0.9419828641370869,3.7931094360908464,3.7931094360908464,0.7235947010383099,4.741965400392365
avi,pm12,1.6904414892196655,0.027443408966064453,97,3,1.4879767827529022,0.9342866979158392,3.853159445077917,3.853159445077917,0.7244353785531906,4.760842627013631
avi,pm12,1.6904422044754028,0.02744269371032715,97,3,1.4879767827529022,0.9342866979158392,3.853159445077917,3.853159445077917,0.7244353785531906,4.760842627013631
avi,pm12,1.6921347379684448,0.02713322639465332,97,3,1.4879767827529022,0.9443288241415192,3.746403807293195,3.746403807293195,0.7246592317224287,4.765586034912718
avi,pm12,1.6923255920410156,0.02732408046722412,97,3,1.4879767827529022,0.9443288241415192,3.746403807293195,3.746403807293195,0.7246592317224287,4.765586034912718
avi,pm12,1.692461371421814,0.02745985984802246,97,3,1.4879767827529022,0.9443288241415192,3.746403807293195,3.746403807293195,0.7246592317224287,4.765586034912718
avi,pm12,1.6927927732467651,0.02744162082672119,97,3,1.4879767827529022,0.939078947368421,3.734939759036145,3.734939759036145,0.7237386269644335,4.772805778739181
avi,pm12,1.6932579278945923,0.02739393711090088,97,3,1.4879767827529022,0.939078947368421,3.734939759036145,3.734939759036145,0.7237386269644335,4.772805778739181
avi,pm12,1.6937236785888672,0.02785968780517578,97,3,1.4879767827529022,0.939078947368421,3.734939759036145,3.734939759036145,0.7237386269644335,4.772805778739181
avi,pm12,1.6940208673477173,0.02815687656402588,97,3,1.4879767827529022,0.939078947368421,3.734939759036145,3.734939759036145,0.7237386269644335,4.772805778739181
avi,pm12,1.694646954536438,0.02817237377166748,97,3,1.4879767827529022,0.9447674972831785,3.73604341028235,3.73604341028235,0.7256122872561229,4.76625
avi,pm12,1.695815920829773,0.02825760841369629,97,3,1.4879767827529022,0.9447674972831785,3.73604341028235,3.73604341028235,0.7235777086547133,4.766475294299873
avi,pm12,1.696221947669983,0.028423547744750977,97,3,1.4879767827529022,0.9369465108041092,3.8298765071956384,3.8298765071956384,0.7232083625833625,4.76625
avi,pm12,1.6970769166946411,0.02773153781890869,97,3,1.4879767827529022,0.9531388152077808,3.759464836902149,3.759464836902149,0.7232548533663775,4.7610797974085814
avi,pm12,1.6981762647628784,0.027642011642456055,97,3,1.4879767827529022,0.9691554467564258,3.750970628407948,3.750970628407948,0.72324117902104,4.760842627013631
avi,pm12,1.6985348463058472,0.028000593185424805,97,3,1.4879767827529022,0.9691554467564258,3.750970628407948,3.750970628407948,0.72324117902104,4.760842627013631
avi,pm12,1.698687195777893,0.027943015098571777,97,3,1.4879767827529022,0.9600496615381916,3.8250977204537553,3.8250977204537553,0.7232083625833625,4.740065897221965
avi,pm12,1.698792815208435,0.027837395668029785,97,3,1.4879767827529022,0.9600496615381916,3.8250977204537553,3.8250977204537553,0.7232083625833625,4.740065897221965
avi,pm12,1.6995124816894531,0.02715933322906494,97,3,1.4879767827529022,0.9710831708901884,3.7707116654438693,3.7707116654438693,0.7232548533663775,4.740049751243781
avi,pm12,1.6995329856872559,0.027138829231262207,97,3,1.4879767827529022,0.9710831708901884,3.7707116654438693,3.7707116654438693,0.7232548533663775,4.740049751243781
avi,pm12,1.6995511054992676,0.02712070941925049,97,3,1.4879767827529022,0.9710831708901884,3.7707116654438693,3.7707116654438693,0.7232548533663775,4.740049751243781
avi,pm12,1.699650764465332,0.02721083164215088,97,3,1.4879767827529022,0.9710831708901884,3.7707116654438693,3.7707116654438693,0.7232548533663775,4.740049751243781
avi,pm12,1.6999179124832153,0.027417659759521484,97,3,1.4879767827529022,0.9634899328859059,3.7655172413793103,3.7655172413793103,0.7229562739114945,4.7610797974085814
avi,pm12,1.7040462493896484,0.02828514575958252,99,1,4.555970149253731,1.1269408462408315,7.025089605734768,7.025089605734768,1.545866009574093,5.866347199446972
avi,pm12,1.7040914297103882,0.028239965438842773,99,1,4.555970149253731,1.1269408462408315,7.025089605734768,7.025089605734768,1.545866009574093,5.866347199446972
avi,pm12,1.7055258750915527,0.029469013214111328,99,1,4.555970149253731,1.101738029155776,7.108262312659156,7.108262312659156,1.5534918670438473,5.872020075282308
avi,pm12,1.705597996711731,0.029396891593933105,99,1,4.555970149253731,1.101738029155776,7.108262312659156,7.108262312659156,1.5534918670438473,5.872020075282308
avi,pm12,1.7058645486831665,0.029520034790039062,99,1,4.555970149253731,1.101738029155776,7.108262312659156,7.108262312659156,1.5534918670438473,5.872020075282308
avi,pm12,1.7066353559494019,0.028913259506225586,99,1,4.555970149253731,1.1151515151515152,7.100012937427351,7.100012937427351,1.5543225210970468,5.872020075282308
avi,pm12,1.706678867340088,0.02886974811553955,99,1,4.555970149253731,1.1151515151515152,7.100012937427351,7.100012937427351,1.5543225210970468,5.872020075282308
avi,pm12,1.706781268119812,0.02876734733581543,99,1,4.555970149253731,1.1151515151515152,7.100012937427351,7.100012937427351,1.5543225210970468,5.872020075282308
avi,pm12,1.707048773765564,0.028766632080078125,99,1,4.555970149253731,1.1151515151515152,7.100012937427351,7.100012937427351,1.5543225210970468,5.872020075282308
avi,pm12,1.708817481994629,0.02994406223297119,99,1,4.555970149253731,1.1151515151515152,7.100012937427351,7.100012937427351,1.5594198448184147,5.84497819202963
avi,pm12,1.7091411352157593,0.030267715454101562,99,1,4.555970149253731,1.1151515151515152,7.100012937427351,7.100012937427351,1.5594198448184147,5.84497819202963
avi,pm12,1.7093181610107422,0.030444741249084473,99,1,4.555970149253731,1.1151515151515152,7.100012937427351,7.100012937427351,1.5594198448184147,5.84497819202963
avi,pm12,1.7097512483596802,0.03087782859802246,99,1,4.555970149253731,1.1151515151515152,7.100012937427351,7.100012937427351,1.5594198448184147,5.84497819202963
avi,pm12,1.7099460363388062,0.031072616577148438,99,1,4.555970149253731,1.1151515151515152,7.100012937427351,7.100012937427351,1.5594198448184147,5.84497819202963
avi,pm12,1.7106375694274902,0.031024456024169922,99,1,4.555970149253731,1.1059091463662614,7.091232227488152,7.091232227488152,1.558848880617422,5.844054475812172
avi,pm12,1.7112833261489868,0.03145408630371094,99,1,4.555970149253731,1.1059091463662614,7.091232227488152,7.091232227488152,1.558848880617422,5.844054475812172
avi,pm12,1.7125850915908813,0.03098452091217041,99,1,4.555970149253731,1.0973084886128364,7.117801251093419,7.117801251093419,1.5536160768366398,5.85198906275893
avi,pm12,1.7133007049560547,0.030940651893615723,99,1,4.555970149253731,1.0890804831428689,7.116788321167883,7.116788321167883,1.5497915557513786,5.866082603254068
avi,pm12,1.714146614074707,0.031289100646972656,99,1,4.555970149253731,1.0973084886128364,7.116788321167883,7.116788321167883,1.549163300351708,5.844025157232704
avi,pm12,1.714239478111267,0.031196236610412598,99,1,4.555970149253731,1.0973084886128364,7.116788321167883,7.116788321167883,1.549163300351708,5.844025157232704
avi,pm12,1.7155299186706543,0.03130137920379639,99,1,4.555970149253731,1.1059091463662614,7.091232227488152,7.091232227488152,1.5493366500829189,5.844611528822055
avi,pm12,1.716209053993225,0.03198051452636719,99,1,4.555970149253731,1.1059091463662614,7.091232227488152,7.091232227488152,1.5493366500829189,5.844611528822055
avi,pm12,1.7164982557296753,0.03226971626281738,99,1,4.555970149253731,1.1059091463662614,7.091232227488152,7.091232227488152,1.5493366500829189,5.844611528822055
avi,pm12,1.7173763513565063,0.0329742431640625,99,1,4.555970149253731,1.0973084886128364,7.117801251093419,7.117801251093419,1.5502858059636497,5.85198906275893
avi,pm12,1.7176504135131836,0.03322780132293701,99,1,4.555970149253731,1.0973084886128364,7.117801251093419,7.117801251093419,1.5502858059636497,5.85198906275893
avi,pm12,1.71788489818573,0.0334622859954834,99,1,4.555970149253731,1.0973084886128364,7.117801251093419,7.117801251093419,1.5502858059636497,5.85198906275893
avi,pm12,1.7185564041137695,0.03410768508911133,99,1,4.555970149253731,1.0973084886128364,7.117801251093419,7.117801251093419,1.5486541113916281,5.844611528822055
avi,pm12,1.7186676263809204,0.03399646282196045,99,1,4.555970149253731,1.0973084886128364,7.117801251093419,7.117801251093419,1.5486541113916281,5.844611528822055
avi,pm12,1.720109462738037,0.03432929515838623,99,1,4.555970149253731,1.1151515151515152,7.020938319156903,7.020938319156903,1.548763874561265,5.844025157232704
avi,pm12,1.7202343940734863,0.034438490867614746,99,1,4.555970149253731,1.1151515151515152,7.020938319156903,7.020938319156903,1.548763874561265,5.851944792973651
avi,pm12,1.7228193283081055,0.03416919708251953,99,1,4.555970149253731,1.1283643892339545,6.913451511991657,6.913451511991657,1.55687525372615,5.844025157232704
avi,pm12,1.7230638265609741,0.03427159786224365,99,1,4.555970149253731,1.1283643892339545,6.913451511991657,6.913451511991657,1.55687525372615,5.844025157232704
avi,pm12,1.7238630056381226,0.03458094596862793,99,1,4.555970149253731,1.1071111001130054,7.10907066170229,7.10907066170229,1.5615100467840195,5.844611528822055
avi,pm12,1.7245378494262695,0.034096360206604004,99,1,4.555970149253731,1.1071111001130054,7.10907066170229,7.10907066170229,1.5632366625310172,5.842499999999999
avi,pm12,1.7246454954147339,0.03420400619506836,99,1,4.555970149253731,1.1071111001130054,7.10907066170229,7.10907066170229,1.5632366625310172,5.842499999999999
avi,pm12,1.7247322797775269,0.03429079055786133,99,1,4.555970149253731,1.1071111001130054,7.10907066170229,7.10907066170229,1.5632366625310172,5.842499999999999
avi,pm12,1.7250224351882935,0.03458094596862793,99,1,4.555970149253731,1.1071111001130054,7.10907066170229,7.10907066170229,1.5632366625310172,5.842499999999999
avi,pm12,1.7266302108764648,0.03449547290802002,99,1,4.555970149253731,1.1180124223602483,6.977304315622071,6.977304315622071,1.5647090701299993,5.844054475812172
avi,pm12,1.726671814918518,0.03453707695007324,99,1,4.555970149253731,1.1180124223602483,6.977304315622071,6.977304315622071,1.5647090701299993,5.844054475812172
avi,pm12,1.727209210395813,0.03452622890472412,99,1,4.555970149253731,1.0877282043886216,7.145499383477188,7.145499383477188,1.5651920606488268,5.8427630556144425
avi,pm12,1.7273489236831665,0.03455615043640137,99,1,4.555970149253731,1.0877282043886216,7.145499383477188,7.145499383477188,1.5651920606488268,5.8427630556144425
avi,pm12,1.728165626525879,0.03490769863128662,99,1,4.555970149253731,1.0739708098654257,7.220715166461159,7.220715166461159,1.5647107781939242,5.842696629213482
avi,pm12,1.7298566102981567,0.03537750244140625,99,1,4.555970149253731,1.1035451505016725,7.115515288788222,7.115515288788222,1.5616438356164384,5.844611528822055
avi,pm12,1.7303228378295898,0.03510105609893799,99,1,4.555970149253731,1.0886766712141882,7.108229988726043,7.108229988726043,1.5647107781939242,5.844611528822055
avi,pm12,1.7304781675338745,0.03494572639465332,99,1,4.555970149253731,1.0886766712141882,7.108229988726043,7.108229988726043,1.5647107781939242,5.844611528822055
avi,pm12,1.7305678129196167,0.03485608100891113,99,1,4.555970149253731,1.0886766712141882,7.108229988726043,7.108229988726043,1.5647107781939242,5.844611528822055
avi,pm12,1.7309750318527222,0.03475308418273926,99,1,4.555970149253731,1.106778796317659,6.986071571466346,6.986071571466346,1.5621573180434483,5.8602015113350125
avi,pm12,1.7312606573104858,0.03492617607116699,99,1,4.555970149253731,1.1151515151515152,7.037005452329098,7.037005452329098,1.5645249778504737,5.8528301886792455
avi,pm12,1.731400489807129,0.034786343574523926,99,1,4.555970149253731,1.1151515151515152,7.037005452329098,7.037005452329098,1.5645249778504737,5.8528301886792455
avi,pm12,1.732331395149231,0.035254478454589844,99,1,4.555970149253731,1.1151515151515152,7.037005452329098,7.037005452329098,1.5645249778504737,5.8528301886792455
avi,pm12,1.734994888305664,0.03601837158203125,97,3,1.4879767827529022,0.8740894901144641,3.9565217391304346,3.9565217391304346,0.7309760132340777,4.716957605985038
avi,pm12,1.7355486154556274,0.03601562976837158,97,3,1.4879767827529022,0.8585048118904143,3.981714500901092,3.981714500901092,0.7310475781678163,4.725068407960198
avi,pm12,1.7360749244689941,0.03654193878173828,97,3,1.4879767827529022,0.8585048118904143,3.981714500901092,3.981714500901092,0.7310475781678163,4.725068407960198
avi,pm12,1.737047791481018,0.037129878997802734,97,3,1.4879767827529022,0.8439181916038752,3.996703546283374,3.996703546283374,0.729426433915212,4.737623762376237
avi,pm12,1.7415709495544434,0.03669440746307373,97,3,1.4879767827529022,0.8267162091776681,4.065573770491803,4.065573770491803,0.7295234308769021,4.734491315136476
avi,pm12,1.7416620254516602,0.036603331565856934,97,3,1.4879767827529022,0.8267162091776681,4.065573770491803,4.065573770491803,0.7295234308769021,4.734491315136476
avi,pm12,1.742772102355957,0.037174105644226074,97,3,1.4879767827529022,0.8331599028789456,4.04673913043478,4.04673913043478,0.7297297297297298,4.738154613466334
avi,pm12,1.7429193258285522,0.03705477714538574,97,3,1.4879767827529022,0.8267162091776681,4.065573770491803,4.065573770491803,0.7301049630843703,4.716957605985038
avi,pm12,1.743933081626892,0.0372542142868042,98,2,2.2549751243781095,1.0313100950115541,4.627102482086128,4.627102482086128,0.9791818782878662,5.349127182044888
avi,pm12,1.7439780235290527,0.037299156188964844,98,2,2.2549751243781095,1.0313100950115541,4.627102482086128,4.627102482086128,0.9791818782878662,5.349127182044888
avi,pm12,1.7452412843704224,0.03799152374267578,98,2,2.2549751243781095,1.0272222222222225,4.654383735705209,4.654383735705209,0.9823040136284803,5.340879506576704
avi,pm12,1.7454357147216797,0.03779709339141846,98,2,2.2549751243781095,1.0272222222222225,4.654383735705209,4.654383735705209,0.9823040136284803,5.340879506576704
avi,pm12,1.745498538017273,0.037734270095825195,98,2,2.2549751243781095,1.0272222222222225,4.654383735705209,4.654383735705209,0.9823040136284803,5.340879506576704
avi,pm12,1.7457046508789062,0.037528157234191895,98,2,2.2549751243781095,1.0272222222222225,4.654383735705209,4.654383735705209,0.9823040136284803,5.340879506576704
avi,pm12,1.7459748983383179,0.03725790977478027,98,2,2.2549751243781095,1.0272222222222225,4.654383735705209,4.654383735705209,0.9823040136284803,5.340879506576704
avi,pm12,1.7503505945205688,0.03946089744567871,98,2,2.2549751243781095,1.0240963855421688,4.565860182299427,4.565860182299427,0.9739931218052905,5.3027451380175625
avi,pm12,1.7526640892028809,0.03936338424682617,98,2,2.2549751243781095,1.0319148936170213,4.56728599146294,4.56728599146294,0.9725685785536161,5.328014392991238
avi,pm12,1.7529830932617188,0.039260029792785645,98,2,2.2549751243781095,1.035475234270415,4.477732793522268,4.477732793522268,0.9701701328221058,5.330229323308267
avi,pm12,1.754672884941101,0.03945422172546387,98,2,2.2549751243781095,1.0314401622718055,4.505598579040852,4.505598579040852,0.9759259259259259,5.331822491010132
avi,pm12,1.7563514709472656,0.03985321521759033,98,2,2.2549751243781095,1.017266205736679,4.525699267658866,4.525699267658866,0.9789864029666254,5.334586466165414
avi,pm12,1.7566410303115845,0.04014277458190918,98,2,2.2549751243781095,1.017266205736679,4.525699267658866,4.525699267658866,0.9789864029666254,5.334586466165414
avi,pm12,1.7567065954208374,0.04020833969116211,98,2,2.2549751243781095,1.017266205736679,4.525699267658866,4.525699267658866,0.9789864029666254,5.334586466165414
avi,pm12,1.7567352056503296,0.0402369499206543,98,2,2.2549751243781095,1.017266205736679,4.525699267658866,4.525699267658866,0.9789864029666254,5.334586466165414
avi,pm12,1.7569646835327148,0.04046642780303955,98,2,2.2549751243781095,1.017266205736679,4.525699267658866,4.525699267658866,0.9789864029666254,5.334586466165414
avi,pm12,1.756988525390625,0.04049026966094971,98,2,2.2549751243781095,1.017266205736679,4.525699267658866,4.525699267658866,0.9789864029666254,5.334586466165414
avi,pm12,1.7578829526901245,0.040506601333618164,98,2,2.2549751243781095,1.0240740740740741,4.5045397555114395,4.5045397555114395,0.9769910853781821,5.336658354114713
avi,pm12,1.7584439516067505,0.04106760025024414,98,2,2.2549751243781095,1.0240740740740741,4.5045397555114395,4.5045397555114395,0.9769910853781821,5.336658354114713
avi,pm12,1.7585817575454712,0.041205406188964844,98,2,2.2549751243781095,1.0240740740740741,4.5045397555114395,4.5045397555114395,0.9769910853781821,5.336658354114713
avi,pm12,1.7599620819091797,0.042311668395996094,98,2,2.2549751243781095,1.0214213271515504,4.520187213604842,4.520187213604842,0.9759259259259259,5.349127182044888
avi,pm12,1.7610626220703125,0.04250621795654297,98,2,2.2549751243781095,1.0317545527617156,4.4766214177978885,4.4766214177978885,0.9782930605997783,5.344228789317286
avi,pm12,1.7613133192062378,0.04259359836578369,98,2,2.2549751243781095,1.0570144151039673,4.372424412094064,4.372424412094064,0.978776529338327,5.343320848938826
avi,pm12,1.7614883184432983,0.042418599128723145,98,2,2.2549751243781095,1.0570144151039673,4.372424412094064,4.372424412094064,0.978776529338327,5.343320848938826
avi,pm12,1.761735439300537,0.042171478271484375,98,2,2.2549751243781095,1.0570144151039673,4.372424412094064,4.372424412094064,0.978776529338327,5.343320848938826
avi,pm12,1.7630609273910522,0.04226410388946533,98,2,2.2549751243781095,1.0556037083160372,4.392156862745098,4.392156862745098,0.9795539033457249,5.343320848938826
avi,pm12,1.7641857862472534,0.041199445724487305,98,2,2.2549751243781095,1.0442020665901264,4.457399103139013,4.457399103139013,0.9838509316770186,5.343357776788914
avi,pm12,1.764490008354187,0.04128003120422363,98,2,2.2549751243781095,1.055899641577061,4.438752861332854,4.438752861332854,0.9806956704497688,5.330229323308267
avi,pm12,1.765234112739563,0.04069626331329346,98,2,2.2549751243781095,1.055899641577061,4.438752861332854,4.438752861332854,0.9806956704497688,5.323551322811219
avi,pm12,1.7654238939285278,0.0408860445022583,98,2,2.2549751243781095,1.055899641577061,4.438752861332854,4.438752861332854,0.9806956704497688,5.323551322811219
avi,pm12,1.7655338048934937,0.04099595546722412,98,2,2.2549751243781095,1.055899641577061,4.438752861332854,4.438752861332854,0.9806956704497688,5.323551322811219
avi,pm12,1.7661868333816528,0.041541337966918945,98,2,2.2549751243781095,1.0586559751062175,4.371780515117581,4.371780515117581,0.9826038913248542,5.326607818411098
avi,pm12,1.768344759941101,0.042710065841674805,98,2,2.2549751243781095,1.022372528616025,4.578130389789582,4.578130389789582,0.9795214880447711,5.323274209125386
avi,pm12,1.7691426277160645,0.04247081279754639,98,2,2.2549751243781095,1.0325571043598216,4.490824304963808,4.490824304963808,0.978776529338327,5.327478617793652
avi,pm12,1.7694400548934937,0.042768239974975586,98,2,2.2549751243781095,1.0325571043598216,4.490824304963808,4.490824304963808,0.978776529338327,5.327478617793652
avi,pm12,1.7699357271194458,0.043263912200927734,98,2,2.2549751243781095,1.0325571043598216,4.490824304963808,4.490824304963808,0.978776529338327,5.327478617793652
avi,pm12,1.7710132598876953,0.043804049491882324,98,2,2.2549751243781095,1.0182360659273506,4.563843236409609,4.563843236409609,0.9776884023764199,5.33
avi,pm12,1.7712430953979492,0.04392373561859131,98,2,2.2549751243781095,1.031636863823934,4.51335088425682,4.51335088425682,0.9794623158129819,5.33
avi,pm12,1.772727131843567,0.044504523277282715,98,2,2.2549751243781095,1.051518283163658,4.4906278776303665,4.4906278776303665,0.9802712700369913,5.347447073474472
avi,pm12,1.7735539674758911,0.043697357177734375,98,2,2.2549751243781095,1.051518283163658,4.4906278776303665,4.4906278776303665,0.9802712700369913,5.347447073474472
avi,pm12,1.7735902070999146,0.04373359680175781,98,2,2.2549751243781095,1.051518283163658,4.4906278776303665,4.4906278776303665,0.9802712700369913,5.347447073474472
avi,pm12,1.7751741409301758,0.04460632801055908,98,2,2.2549751243781095,1.0537870472008781,4.40898868071456,4.40898868071456,0.9806956704497688,5.343320848938826
avi,pm12,1.7760242223739624,0.04500389099121094,98,2,2.2549751243781095,1.064516129032258,4.371681415929204,4.371681415929204,0.9826655287753014,5.343320848938826
avi,pm12,1.778265357017517,0.04593396186828613,98,2,2.2549751243781095,1.0435770758393286,4.4729631620728085,4.4729631620728085,0.9784723113547741,5.342508508200365
avi,pm12,1.7795329093933105,0.04523515701293945,98,2,2.2549751243781095,1.0518909316990852,4.4395646713598955,4.4395646713598955,0.9776884023764199,5.343527160165605
avi,pm12,1.7799663543701172,0.044971466064453125,98,2,2.2549751243781095,1.0518909316990852,4.4395646713598955,4.4395646713598955,0.9776884023764199,5.343527160165605
avi,pm12,1.7806777954101562,0.04549741744995117,98,2,2.2549751243781095,1.0518909316990852,4.4395646713598955,4.4395646713598955,0.9777221526908637,5.3346900605628775
avi,pm12,1.780752182006836,0.045423030853271484,98,2,2.2549751243781095,1.0518909316990852,4.4395646713598955,4.4395646713598955,0.9777221526908637,5.3346900605628775
avi,pm12,1.7813600301742554,0.04528510570526123,98,2,2.2549751243781095,1.0683920597942147,4.395261845386534,4.395261845386534,0.975809758097581,5.33
avi,pm12,1.7821455001831055,0.04505050182342529,98,2,2.2549751243781095,1.048702352811942,4.45982694684796,4.45982694684796,0.9748443337484435,5.338313186917125
avi,pm12,1.7832328081130981,0.04396319389343262,98,2,2.2549751243781095,1.048702352811942,4.45982694684796,4.45982694684796,0.9748443337484435,5.338313186917125
avi,pm12,1.7846269607543945,0.042964935302734375,98,2,2.2549751243781095,1.05283355932933,4.4566447345605615,4.4566447345605615,0.9739931218052905,5.3346900605628775
avi,pm12,1.7856658697128296,0.04295170307159424,98,2,2.2549751243781095,1.05283355932933,4.4566447345605615,4.4566447345605615,0.9776884023764199,5.342508508200365
avi,pm12,1.787792682647705,0.042551398277282715,98,2,2.2549751243781095,1.0647639956092205,4.457317073170732,4.457317073170732,0.9791882543420665,5.355004077791719
avi,pm12,1.7884787321090698,0.042980194091796875,98,2,2.2549751243781095,1.078260091520311,4.376206030881366,4.376206030881366,0.976985276986765,5.342508508200365
avi,pm12,1.7885011434555054,0.04300260543823242,98,2,2.2549751243781095,1.078260091520311,4.376206030881366,4.376206030881366,0.976985276986765,5.342508508200365
avi,pm12,1.7898114919662476,0.04253113269805908,98,2,2.2549751243781095,1.0510938259601361,4.489924433249371,4.489924433249371,0.9795358165015721,5.33
avi,pm12,1.7905253171920776,0.041817307472229004,98,2,2.2549751243781095,1.0510938259601361,4.489924433249371,4.489924433249371,0.9795358165015721,5.33
avi,pm12,1.7908935546875,0.04144906997680664,98,2,2.2549751243781095,1.0510938259601361,4.489924433249371,4.489924433249371,0.9795358165015721,5.33
avi,pm12,1.7922431230545044,0.04105651378631592,98,2,2.2549751243781095,1.0490196078431373,4.453865336658354,4.453865336658354,0.9791882543420665,5.334573189479275
avi,pm12,1.793495535850525,0.040752410888671875,98,2,2.2549751243781095,1.0751172947611944,4.3985765124555165,4.3985765124555165,0.9779128489280755,5.33
avi,pm12,1.794127106666565,0.04044222831726074,98,2,2.2549751243781095,1.0713937375979552,4.447276940903825,4.447276940903825,0.9795358165015721,5.3300838509316755
avi,pm12,1.7944570779800415,0.04011225700378418,98,2,2.2549751243781095,1.0713937375979552,4.447276940903825,4.447276940903825,0.9795358165015721,5.3300838509316755
avi,pm12,1.796052098274231,0.041162967681884766,98,2,2.2549751243781095,1.0526315789473684,4.488222247053763,4.488222247053763,0.9822490300303833,5.3300838509316755
avi,pm12,1.7982730865478516,0.04153788089752197,98,2,2.2549751243781095,1.0627202285841875,4.491309385863268,4.491309385863268,0.9801658139791675,5.326672921858502
avi,pm12,1.8006973266601562,0.04259490966796875,98,2,2.2549751243781095,1.0545795133711895,4.453403141361256,4.453403141361256,0.9789864029666254,5.348370927318295
avi,pm12,1.8024104833602905,0.04244840145111084,98,2,2.2549751243781095,1.0421611098925203,4.534167355530366,4.534167355530366,0.9779228855721392,5.355004077791719
avi,pm12,1.8027476072311401,0.04242897033691406,98,2,2.2549751243781095,1.0384201148813959,4.532010629443988,4.532010629443988,0.9777221526908637,5.349127182044888
avi,pm12,1.8036646842956543,0.042406678199768066,98,2,2.2549751243781095,1.0330578512396695,4.535341830822712,4.535341830822712,0.9795539033457249,5.341297556094583
avi,pm12,1.8039069175720215,0.04259359836578369,98,2,2.2549751243781095,1.0330578512396695,4.535341830822712,4.535341830822712,0.9795539033457249,5.341297556094583
avi,pm12,1.804962158203125,0.04322671890258789,98,2,2.2549751243781095,1.036547433903577,4.507865168539326,4.507865168539326,0.9787338471500177,5.355081555834379
avi,pm12,1.8053250312805176,0.043117642402648926,98,2,2.2549751243781095,1.0505427994366048,4.454657424026734,4.454657424026734,0.9795539033457249,5.349420822942639
avi,pm12,1.8053852319717407,0.04305744171142578,98,2,2.2549751243781095,1.0505427994366048,4.454657424026734,4.454657424026734,0.9795539033457249,5.349420822942639
avi,pm12,1.8057700395584106,0.0427091121673584,98,2,2.2549751243781095,1.0505427994366048,4.454657424026734,4.454657424026734,0.9795539033457249,5.349420822942639
avi,pm12,1.805887222290039,0.04267919063568115,98,2,2.2549751243781095,1.0463088048594016,4.469419905620784,4.469419905620784,0.9795539033457249,5.343320848938826
avi,pm12,1.8072015047073364,0.04179096221923828,98,2,2.2549751243781095,1.050314126571719,4.420982414714471,4.420982414714471,0.9822942643391523,5.347447073474472
avi,pm12,1.8079203367233276,0.042496442794799805,98,2,2.2549751243781095,1.050314126571719,4.420982414714471,4.420982414714471,0.9822942643391523,5.347447073474472
avi,pm12,1.8079785108566284,0.042554616928100586,98,2,2.2549751243781095,1.050314126571719,4.420982414714471,4.420982414714471,0.9822942643391523,5.347447073474472
avi,pm12,1.8110548257827759,0.04394698143005371,98,2,2.2549751243781095,1.0578512396694215,4.377955335395442,4.377955335395442,0.9836352083037785,5.340879506576704
avi,pm12,1.8111385107040405,0.04386329650878906,98,2,2.2549751243781095,1.0578512396694215,4.377955335395442,4.377955335395442,0.9836352083037785,5.340879506576704
avi,pm12,1.8139554262161255,0.044515371322631836,99,1,4.555970149253731,1.8464106844741237,5.660377358490566,5.660377358490566,1.5647090701299993,5.851944792973651
avi,pm12,1.8151668310165405,0.04496634006500244,100,0,4.726368159203981,2.0318266526019695,7.104981630555356,7.104981630555356,3.377128799922918,6.210790464240903
avi,pm12,1.8171329498291016,0.04611968994140625,100,0,4.726368159203981,2.0318266526019695,7.104981630555356,7.104981630555356,3.377128799922918,6.210790464240903
avi,pm12,1.8172316551208496,0.0462183952331543,100,0,4.726368159203981,2.0318266526019695,7.104981630555356,7.104981630555356,3.377128799922918,6.210790464240903
avi,pm12,1.8180633783340454,0.04682028293609619,100,0,4.726368159203981,2.0354430379746837,7.026692087702574,7.026692087702574,3.3791411042944786,6.2075471698113205
avi,pm12,1.8183870315551758,0.04714393615722656,100,0,4.726368159203981,2.0354430379746837,7.026692087702574,7.026692087702574,3.3791411042944786,6.2075471698113205
avi,pm12,1.8191226720809937,0.04660439491271973,100,0,4.726368159203981,2.0155520905520907,7.033797216699801,7.033797216699801,3.3791411042944786,6.189018589925143
avi,pm12,1.8200722932815552,0.046482086181640625,100,0,4.726368159203981,1.9936266874350987,7.027162798792764,7.027162798792764,3.377450980392157,6.210790464240903
avi,pm12,1.8210281133651733,0.04722738265991211,100,0,4.726368159203981,1.9485420240137221,7.111447632300573,7.111447632300573,3.3856613102595796,6.210790464240903
avi,pm12,1.8210417032241821,0.04721379280090332,100,0,4.726368159203981,1.9485420240137221,7.111447632300573,7.111447632300573,3.3856613102595796,6.210790464240903
avi,pm12,1.8210906982421875,0.04716479778289795,100,0,4.726368159203981,1.9485420240137221,7.111447632300573,7.111447632300573,3.3856613102595796,6.210790464240903
avi,pm12,1.82476806640625,0.04585731029510498,100,0,4.726368159203981,1.930904094340279,7.173361522198731,7.173361522198731,3.3663366336633667,6.226700251889169
avi,pm12,1.8261752128601074,0.045423030853271484,100,0,4.726368159203981,1.908302354399009,7.312055486035052,7.312055486035052,3.371007371007371,6.226700251889169
avi,pm12,1.826278805732727,0.04552662372589111,100,0,4.726368159203981,1.908302354399009,7.312055486035052,7.312055486035052,3.371007371007371,6.226700251889169
avi,pm12,1.8267534971237183,0.04539346694946289,100,0,4.726368159203981,1.932157394843962,7.181343909618424,7.181343909618424,3.3791411042944786,6.210790464240903
avi,pm12,1.8271960020065308,0.04583597183227539,100,0,4.726368159203981,1.932157394843962,7.181343909618424,7.181343909618424,3.3791411042944786,6.210790464240903
avi,pm12,1.8273245096206665,0.04596447944641113,100,0,4.726368159203981,1.932157394843962,7.181343909618424,7.181343909618424,3.3791411042944786,6.210790464240903
avi,pm12,1.8286175727844238,0.04641294479370117,100,0,4.726368159203981,1.932157394843962,7.181343909618424,7.181343909618424,3.371007371007371,6.2075471698113205
avi,pm12,1.8287173509597778,0.04631316661834717,100,0,4.726368159203981,1.932157394843962,7.181343909618424,7.181343909618424,3.371007371007371,6.2075471698113205
avi,pm12,1.8289427757263184,0.04608774185180664,100,0,4.726368159203981,1.932157394843962,7.181343909618424,7.181343909618424,3.371007371007371,6.2075471698113205
avi,pm12,1.8290375471115112,0.04599297046661377,100,0,4.726368159203981,1.932157394843962,7.181343909618424,7.181343909618424,3.371007371007371,6.2075471698113205
avi,pm12,1.8297382593154907,0.045465826988220215,100,0,4.726368159203981,1.9402776328149465,7.156286721504112,7.156286721504112,3.3856613102595796,6.210790464240903
avi,pm12,1.8303683996200562,0.04574143886566162,100,0,4.726368159203981,1.9402776328149465,7.156286721504112,7.156286721504112,3.3856613102595796,6.210790464240903
avi,pm12,1.8304781913757324,0.04585123062133789,100,0,4.726368159203981,1.9402776328149465,7.156286721504112,7.156286721504112,3.3856613102595796,6.210790464240903
avi,pm12,1.8316270112991333,0.04596114158630371,100,0,4.726368159203981,1.9688473520249221,7.068825910931174,7.068825910931174,3.3855232261592403,6.207709334532797
avi,pm12,1.8316742181777954,0.04598832130432129,100,0,4.726368159203981,1.982033529084691,7.087112036259862,7.087112036259862,3.3856613102595796,6.210790464240903
avi,pm12,1.8323426246643066,0.04531991481781006,100,0,4.726368159203981,1.982033529084691,7.087112036259862,7.087112036259862,3.3856613102595796,6.210790464240903
avi,pm12,1.8332996368408203,0.04528188705444336,100,0,4.726368159203981,1.982033529084691,7.087112036259862,7.087112036259862,3.3886348869762224,6.210790464240903
avi,pm12,1.8342479467391968,0.04456436634063721,100,0,4.726368159203981,1.9442508710801394,7.192251212696537,7.192251212696537,3.3828996282527886,6.2075471698113205
avi,pm12,1.8345693349838257,0.04439496994018555,100,0,4.726368159203981,1.9595141700404857,7.1034661529863605,7.1034661529863605,3.3791411042944786,6.207709334532797
avi,pm12,1.8372150659561157,0.04447782039642334,100,0,4.726368159203981,1.902439024390244,7.360323886639676,7.360323886639676,3.377450980392157,6.2075471698113205
avi,pm12,1.8376879692077637,0.04419243335723877,100,0,4.726368159203981,1.902439024390244,7.360323886639676,7.360323886639676,3.377450980392157,6.2075471698113205
avi,pm12,1.837990164756775,0.04449462890625,100,0,4.726368159203981,1.902439024390244,7.360323886639676,7.360323886639676,3.377450980392157,6.2075471698113205
avi,pm12,1.8385874032974243,0.04440116882324219,100,0,4.726368159203981,1.91026667840169,7.388026057807846,7.388026057807846,3.3791411042944786,6.195
avi,pm12,1.8400739431381226,0.0440218448638916,100,0,4.726368159203981,1.8714695542117847,7.5335276581923525,7.5335276581923525,3.371007371007371,6.2075471698113205
avi,pm12,1.84119713306427,0.04308116436004639,100,0,4.726368159203981,1.8764295137151439,7.514735630276059,7.514735630276059,3.3637484586929713,6.2075471698113205
avi,pm12,1.8427057266235352,0.04185068607330322,100,0,4.726368159203981,1.842330353514832,7.63337250293772,7.63337250293772,3.3637484586929713,6.2075471698113205
avi,pm12,1.843292236328125,0.04126417636871338,100,0,4.726368159203981,1.842330353514832,7.63337250293772,7.63337250293772,3.3637484586929713,6.2075471698113205
avi,pm12,1.8444275856018066,0.04177367687225342,100,0,4.726368159203981,1.8442367601246106,7.497062279670975,7.497062279670975,3.3637484586929713,6.2075471698113205
avi,pm12,1.8447099924087524,0.041962385177612305,100,0,4.726368159203981,1.8442367601246106,7.497062279670975,7.497062279670975,3.3637484586929713,6.2075471698113205
avi,pm12,1.8451765775680542,0.04242897033691406,100,0,4.726368159203981,1.8442367601246106,7.497062279670975,7.497062279670975,3.3637484586929713,6.2075471698113205
avi,pm12,1.8460713624954224,0.042406678199768066,100,0,4.726368159203981,1.8606271777003485,7.497062279670975,7.497062279670975,3.3637484586929713,6.207709334532797
avi,pm12,1.8469594717025757,0.043087005615234375,100,0,4.726368159203981,1.8697829716193657,7.465689487021485,7.465689487021485,3.3637484586929713,6.2075471698113205
avi,pm12,1.8469685316085815,0.043077945709228516,100,0,4.726368159203981,1.8697829716193657,7.465689487021485,7.465689487021485,3.3637484586929713,6.2075471698113205
avi,pm12,1.8484426736831665,0.043480515480041504,100,0,4.726368159203981,1.8697829716193657,7.465689487021485,7.465689487021485,3.3620689655172415,6.189827112443198
avi,pm12,1.8485664129257202,0.043604254722595215,100,0,4.726368159203981,1.8697829716193657,7.465689487021485,7.465689487021485,3.3620689655172415,6.189827112443198
avi,pm12,1.8487521409988403,0.04378998279571533,100,0,4.726368159203981,1.8697829716193657,7.465689487021485,7.465689487021485,3.3620689655172415,6.189827112443198
avi,pm12,1.8489819765090942,0.04385507106781006,100,0,4.726368159203981,1.8293135618187177,7.62602762636744,7.62602762636744,3.3637484586929713,6.189827112443198
avi,pm12,1.8489924669265747,0.04384458065032959,100,0,4.726368159203981,1.8293135618187177,7.62602762636744,7.62602762636744,3.3637484586929713,6.189827112443198
avi,pm12,1.8541151285171509,0.04575800895690918,100,0,4.726368159203981,1.902439024390244,7.525787207859544,7.525787207859544,3.3530135301353017,6.184538653366583
avi,pm12,1.8544656038284302,0.04540753364562988,100,0,4.726368159203981,1.902439024390244,7.525787207859544,7.525787207859544,3.3530135301353017,6.184538653366583
avi,pm12,1.8550018072128296,0.04487133026123047,100,0,4.726368159203981,1.902439024390244,7.525787207859544,7.525787207859544,3.3530135301353017,6.184538653366583
avi,pm12,1.8577021360397339,0.0437467098236084,100,0,4.726368159203981,1.8691588785046729,7.581280788177341,7.581280788177341,3.3580246913580245,6.198926976811171
avi,pm12,1.8580694198608398,0.043656229972839355,100,0,4.726368159203981,1.8691588785046729,7.620431886640357,7.620431886640357,3.3620689655172415,6.2075471698113205
avi,pm12,1.859999179840088,0.04276752471923828,100,0,4.726368159203981,1.8940809968847352,7.5423728813559325,7.5423728813559325,3.3620689655172415,6.186892341132847
avi,pm12,1.860133171081543,0.04290151596069336,100,0,4.726368159203981,1.8940809968847352,7.5423728813559325,7.5423728813559325,3.3620689655172415,6.186892341132847
avi,pm12,1.8642445802688599,0.04417228698730469,100,0,4.726368159203981,1.9688473520249221,7.436793422404934,7.436793422404934,3.3663366336633667,6.2075471698113205
avi,pm12,1.8657270669937134,0.04450201988220215,100,0,4.726368159203981,1.972465312508853,7.233973284411784,7.233973284411784,3.371007371007371,6.184538653366583
avi,pm12,1.8659611940383911,0.044267892837524414,100,0,4.726368159203981,1.972465312508853,7.233973284411784,7.233973284411784,3.371007371007371,6.184538653366583
avi,pm12,1.8665181398391724,0.043710947036743164,100,0,4.726368159203981,1.972465312508853,7.233973284411784,7.233973284411784,3.371007371007371,6.184538653366583
avi,pm12,1.8682554960250854,0.04348742961883545,100,0,4.726368159203981,1.972465312508853,7.233973284411784,7.233973284411784,3.371007371007371,6.184538653366583
avi,pm12,1.8698978424072266,0.04512977600097656,100,0,4.726368159203981,1.972465312508853,7.233973284411784,7.233973284411784,3.371007371007371,6.184538653366583
avi,pm12,1.87051522731781,0.04574716091156006,100,0,4.726368159203981,1.972465312508853,7.233973284411784,7.233973284411784,3.371007371007371,6.184538653366583
avi,pm12,1.870625376701355,0.04585731029510498,100,0,4.726368159203981,1.972465312508853,7.233973284411784,7.233973284411784,3.371007371007371,6.184538653366583
avi,pm12,1.8708032369613647,0.045735955238342285,100,0,4.726368159203981,2.0032154340836015,7.142857142857142,7.142857142857142,3.3663366336633667,6.186868686868687
avi,pm12,1.8709220886230469,0.045617103576660156,100,0,4.726368159203981,2.0032154340836015,7.142857142857142,7.142857142857142,3.3663366336633667,6.186868686868687
avi,pm12,1.8712459802627563,0.045293211936950684,100,0,4.726368159203981,2.0032154340836015,7.142857142857142,7.142857142857142,3.3663366336633667,6.186868686868687
avi,pm12,1.8719319105148315,0.04575669765472412,100,0,4.726368159203981,2.0032154340836015,7.142857142857142,7.142857142857142,3.3663366336633667,6.186868686868687
avi,pm12,1.8741892576217651,0.04721188545227051,100,0,4.726368159203981,2.0257234726688105,7.087684198428383,7.087684198428383,3.3637484586929713,6.189827112443198
avi,pm12,1.875030517578125,0.04783451557159424,100,0,4.726368159203981,2.0257234726688105,7.087684198428383,7.087684198428383,3.3637484586929713,6.189827112443198
avi,pm12,1.875204086303711,0.048008084297180176,100,0,4.726368159203981,2.0257234726688105,7.087684198428383,7.087684198428383,3.3637484586929713,6.189827112443198
avi,pm12,1.876560091972351,0.04936408996582031,100,0,4.726368159203981,2.0257234726688105,7.087684198428383,7.087684198428383,3.3637484586929713,6.189827112443198
avi,pm12,1.8776625394821167,0.04942619800567627,100,0,4.726368159203981,2.002012383900929,7.142857142857142,7.142857142857142,3.3663366336633667,6.187423995183852
avi,pm12,1.8785815238952637,0.049963951110839844,100,0,4.726368159203981,2.002012383900929,7.142857142857142,7.142857142857142,3.3663366336633667,6.187423995183852
avi,pm12,1.878679871559143,0.05006229877471924,100,0,4.726368159203981,2.002012383900929,7.142857142857142,7.142857142857142,3.3663366336633667,6.187423995183852
avi,pm12,1.878812313079834,0.050194740295410156,100,0,4.726368159203981,2.002012383900929,7.142857142857142,7.142857142857142,3.3663366336633667,6.187423995183852
avi,pm12,1.8789643049240112,0.0503467321395874,100,0,4.726368159203981,2.002012383900929,7.142857142857142,7.142857142857142,3.3663366336633667,6.187423995183852
avi,pm12,1.8790143728256226,0.05039680004119873,100,0,4.726368159203981,2.002012383900929,7.142857142857142,7.142857142857142,3.3663366336633667,6.187423995183852
avi,pm12,1.880843997001648,0.05086636543273926,100,0,4.726368159203981,1.9937849020572322,7.183366733466934,7.183366733466934,3.3663184555909695,6.188986232790989
avi,pm12,1.881692886352539,0.05132448673248291,100,0,4.726368159203981,1.9937849020572322,7.183366733466934,7.183366733466934,3.3663184555909695,6.188986232790989
avi,pm12,1.882765293121338,0.05239689350128174,100,0,4.726368159203981,1.9937849020572322,7.183366733466934,7.183366733466934,3.3663184555909695,6.188986232790989
avi,pm12,1.8829885721206665,0.05251038074493408,100,0,4.726368159203981,2.016711315218778,7.142857142857142,7.142857142857142,3.370755656067774,6.187341772151898
avi,pm12,1.8836613893508911,0.052235960960388184,100,0,4.726368159203981,2.016711315218778,7.142857142857142,7.142857142857142,3.3637484586929713,6.187423995183852
avi,pm12,1.8842782974243164,0.052604079246520996,100,0,4.726368159203981,2.0488687782805433,7.080745341614907,7.080745341614907,3.3637484586929713,6.195
avi,pm12,1.8845232725143433,0.05284905433654785,100,0,4.726368159203981,2.0488687782805433,7.080745341614907,7.080745341614907,3.3637484586929713,6.195
avi,pm12,1.8845564126968384,0.052881598472595215,100,0,4.726368159203981,2.061322257479793,7.026123816189804,7.026123816189804,3.370773834140171,6.210790464240903
avi,pm12,1.88620126247406,0.053375959396362305,100,0,4.726368159203981,2.036911568835852,7.116232464929859,7.116232464929859,3.3637484586929713,6.210790464240903
avi,pm12,1.8877676725387573,0.05319833755493164,100,0,4.726368159203981,2.066930066860138,7.025089605734768,7.025089605734768,3.3637484586929713,6.210790464240903
avi,pm12,1.89004647731781,0.052831411361694336,100,0,4.726368159203981,2.081351033204742,6.974967892168753,6.974967892168753,3.3620689655172415,6.2075471698113205
avi,pm12,1.8905137777328491,0.05282580852508545,100,0,4.726368159203981,2.072721203696271,7.0186335403726705,7.0186335403726705,3.3663366336633667,6.2075471698113205
avi,pm12,1.8928370475769043,0.05338573455810547,100,0,4.726368159203981,2.118686679174484,6.914829659318638,6.914829659318638,3.3790565980993628,6.188986232790989
avi,pm12,1.8934718370437622,0.05339789390563965,100,0,4.726368159203981,2.118686679174484,6.914829659318638,6.914829659318638,3.3790565980993628,6.188986232790989
avi,pm12,1.8964790105819702,0.05572223663330078,100,0,4.726368159203981,2.1340341655716166,6.78056112224449,6.78056112224449,3.377450980392157,6.188986232790989
avi,pm12,1.8979095220565796,0.055203795433044434,100,0,4.726368159203981,2.152431011826544,6.755475294662672,6.755475294662672,3.371007371007371,6.1896333754740835
avi,pm12,1.8986921310424805,0.05530548095703125,100,0,4.726368159203981,2.187341772151899,6.67570385818561,6.67570385818561,3.3637484586929713,6.186868686868687
avi,pm12,1.898795485496521,0.05520212650299072,100,0,4.726368159203981,2.187341772151899,6.67570385818561,6.67570385818561,3.3637484586929713,6.186868686868687
avi,pm12,1.8992395401000977,0.054811954498291016,100,0,4.726368159203981,2.187341772151899,6.67570385818561,6.67570385818561,3.3637484586929713,6.186868686868687
avi,pm12,1.89987313747406,0.055275678634643555,100,0,4.726368159203981,2.2072992700729928,6.609838082559151,6.609838082559151,3.3620689655172415,6.183417085427136
avi,pm12,1.900352954864502,0.05564296245574951,100,0,4.726368159203981,2.2072992700729928,6.609838082559151,6.609838082559151,3.3620689655172415,6.183417085427136
avi,pm12,1.9009137153625488,0.055986881256103516,100,0,4.726368159203981,2.2072992700729928,6.609838082559151,6.609838082559151,3.3739293416555034,6.183417085427136
avi,pm12,1.9017256498336792,0.055654287338256836,100,0,4.726368159203981,2.2587638379019244,6.548818088386434,6.548818088386434,3.3791411042944786,6.183589665499211
avi,pm12,1.9021612405776978,0.05536079406738281,100,0,4.726368159203981,2.2544031311154598,6.531067883552061,6.531067883552061,3.3856613102595796,6.184655155041686
avi,pm12,1.9022680521011353,0.05530858039855957,100,0,4.726368159203981,2.2544031311154598,6.531067883552061,6.531067883552061,3.3856613102595796,6.184655155041686
avi,pm12,1.903649926185608,0.05668139457702637,100,0,4.726368159203981,2.2181114480320603,6.52832512315271,6.52832512315271,3.3885327580099043,6.184538653366583
avi,pm12,1.904084324836731,0.057115793228149414,100,0,4.726368159203981,2.2181114480320603,6.52832512315271,6.52832512315271,3.3885327580099043,6.184538653366583
avi,pm12,1.9056396484375,0.05795848369598389,100,0,4.726368159203981,2.191780821917808,6.580535259081697,6.580535259081697,3.3791411042944786,6.186868686868687
avi,pm12,1.907554268836975,0.05898785591125488,100,0,4.726368159203981,2.191780821917808,6.580535259081697,6.580535259081697,3.3790565980993628,6.187423995183852
avi,pm12,1.9087966680526733,0.0598146915435791,100,0,4.726368159203981,2.203873405762872,6.606929510155316,6.606929510155316,3.3637484586929713,6.183417085427136
avi,pm12,1.908908486366272,0.059926509857177734,100,0,4.726368159203981,2.203873405762872,6.606929510155316,6.606929510155316,3.3637484586929713,6.183417085427136
avi,pm12,1.9098764657974243,0.06079089641571045,100,0,4.726368159203981,2.2857142857142856,6.430647860134264,6.430647860134264,3.377450980392157,6.187341772151898
avi,pm12,1.9102290868759155,0.06043827533721924,100,0,4.726368159203981,2.2857142857142856,6.430647860134264,6.430647860134264,3.377450980392157,6.187341772151898
avi,pm12,1.916539192199707,0.058837056159973145,100,0,4.726368159203981,2.333299187911337,6.26219512195122,6.26219512195122,3.377128799922918,6.183417085427136
avi,pm12,1.9184883832931519,0.06078624725341797,100,0,4.726368159203981,2.333299187911337,6.26219512195122,6.26219512195122,3.377128799922918,6.183417085427136
avi,pm12,1.9203500747680664,0.06264793872833252,100,0,4.726368159203981,2.333299187911337,6.26219512195122,6.26219512195122,3.377128799922918,6.183417085427136
avi,pm12,1.9214011430740356,0.06369900703430176,100,0,4.726368159203981,2.333299187911337,6.26219512195122,6.26219512195122,3.377128799922918,6.183417085427136
avi,pm12,1.9259366989135742,0.067291259765625,100,0,4.726368159203981,2.3130506381226845,6.262974981681147,6.262974981681147,3.371007371007371,6.183417085427136
avi,pm12,1.927088737487793,0.06708955764770508,100,0,4.726368159203981,2.3130506381226845,6.262974981681147,6.262974981681147,3.371007371007371,6.183417085427136
avi,pm12,1.930023193359375,0.06648921966552734,100,0,4.726368159203981,2.3130506381226845,6.262974981681147,6.262974981681147,3.371007371007371,6.183417085427136
avi,pm12,1.9311317205429077,0.06592941284179688,100,0,4.726368159203981,2.329188966652944,6.266821213112788,6.266821213112788,3.371007371007371,6.188986232790989
avi,pm12,1.9313502311706543,0.06571090221405029,100,0,4.726368159203981,2.329188966652944,6.266821213112788,6.266821213112788,3.371007371007371,6.188986232790989
avi,pm12,1.9314708709716797,0.06574380397796631,100,0,4.726368159203981,2.329188966652944,6.266821213112788,6.266821213112788,3.371007371007371,6.188986232790989
avi,pm12,1.9317103624343872,0.06598329544067383,100,0,4.726368159203981,2.329188966652944,6.266821213112788,6.266821213112788,3.371007371007371,6.188986232790989
avi,pm12,1.9353752136230469,0.06885707378387451,100,0,4.726368159203981,2.329188966652944,6.266821213112788,6.266821213112788,3.371007371007371,6.184655155041686
avi,pm12,1.9358973503112793,0.06937921047210693,100,0,4.726368159203981,2.329188966652944,6.266821213112788,6.266821213112788,3.371007371007371,6.184655155041686
avi,pm12,1.9360376596450806,0.0695195198059082,100,0,4.726368159203981,2.329188966652944,6.266821213112788,6.266821213112788,3.371007371007371,6.184655155041686
avi,pm12,1.9374380111694336,0.07088828086853027,100,0,4.726368159203981,2.361465623713464,6.194071038392028,6.194071038392028,3.371007371007371,6.183589665499211
avi,pm12,1.9395772218704224,0.07132172584533691,100,0,4.726368159203981,2.361465623713464,6.194071038392028,6.194071038392028,3.371007371007371,6.183589665499211
avi,pm12,1.9400187730789185,0.07176327705383301,100,0,4.726368159203981,2.361465623713464,6.194071038392028,6.194071038392028,3.371007371007371,6.183589665499211
avi,pm12,1.940832257270813,0.07257676124572754,100,0,4.726368159203981,2.361465623713464,6.194071038392028,6.194071038392028,3.371007371007371,6.183589665499211
avi,pm12,1.942368984222412,0.0732886791229248,100,0,4.726368159203981,2.3738062755798093,6.196147229918713,6.196147229918713,3.3790565980993628,6.189827112443198
avi,pm12,1.9431146383285522,0.07321679592132568,100,0,4.726368159203981,2.3738062755798093,6.196147229918713,6.196147229918713,3.3790565980993628,6.189827112443198
avi,pm12,1.9438940286636353,0.07354700565338135,100,0,4.726368159203981,2.3643281074773093,6.180842132551621,6.180842132551621,3.3827117020548734,6.1896333754740835
avi,pm12,1.9460359811782837,0.07511389255523682,100,0,4.726368159203981,2.3738062755798093,6.229012560983683,6.229012560983683,3.3791411042944786,6.195
avi,pm12,1.9462227821350098,0.07530069351196289,100,0,4.726368159203981,2.3738062755798093,6.229012560983683,6.229012560983683,3.3791411042944786,6.195
avi,pm12,1.952201247215271,0.077170729637146,100,0,4.726368159203981,2.304075235109718,6.189283406786574,6.189283406786574,3.3791411042944786,6.189827112443198
avi,pm12,1.9528387784957886,0.07780826091766357,100,0,4.726368159203981,2.304075235109718,6.189283406786574,6.189283406786574,3.3791411042944786,6.189827112443198
avi,pm12,1.953572392463684,0.07854187488555908,100,0,4.726368159203981,2.304075235109718,6.189283406786574,6.189283406786574,3.3791411042944786,6.189827112443198
avi,pm12,1.9539976119995117,0.07879352569580078,100,0,4.726368159203981,2.318002628120894,6.247985828904866,6.247985828904866,3.371007371007371,6.1896333754740835
avi,pm12,1.9551488161087036,0.07994472980499268,100,0,4.726368159203981,2.318002628120894,6.247985828904866,6.247985828904866,3.371007371007371,6.1896333754740835
avi,pm12,1.9569005966186523,0.08034050464630127,100,0,4.726368159203981,2.318002628120894,6.247985828904866,6.247985828904866,3.371007371007371,6.183417085427136
avi,pm12,1.957039475440979,0.08047938346862793,100,0,4.726368159203981,2.318002628120894,6.247985828904866,6.247985828904866,3.371007371007371,6.183417085427136
avi,pm12,1.9575220346450806,0.08096194267272949,100,0,4.726368159203981,2.318002628120894,6.247985828904866,6.247985828904866,3.371007371007371,6.183417085427136
avi,pm12,1.959424614906311,0.08286452293395996,100,0,4.726368159203981,2.318002628120894,6.247985828904866,6.247985828904866,3.371007371007371,6.183417085427136
avi,pm12,1.9635981321334839,0.08501660823822021,100,0,4.726368159203981,2.3161742543954493,6.404440075366592,6.404440075366592,3.377128799922918,6.184655155041686
avi,pm12,1.9641128778457642,0.08522355556488037,100,0,4.726368159203981,2.299605781865966,6.34965712367525,6.34965712367525,3.3791411042944786,6.187423995183852
avi,pm12,1.966931939125061,0.08608794212341309,100,0,4.726368159203981,2.3080662774146012,6.220489098120892,6.220489098120892,3.3739293416555034,6.187341772151898
avi,pm12,1.9670051336288452,0.08616113662719727,100,0,4.726368159203981,2.3080662774146012,6.220489098120892,6.220489098120892,3.3739293416555034,6.187341772151898
avi,pm12,1.9705084562301636,0.08774316310882568,100,0,4.726368159203981,2.331820106317919,6.132226661298481,6.132226661298481,3.377282587851767,6.1896333754740835
avi,pm12,1.9706673622131348,0.08790206909179688,100,0,4.726368159203981,2.331820106317919,6.132226661298481,6.132226661298481,3.377282587851767,6.1896333754740835
avi,pm12,1.9721016883850098,0.08911311626434326,100,0,4.726368159203981,2.352893378437905,6.075449101796408,6.075449101796408,3.3791411042944786,6.186892341132847
avi,pm12,1.9727815389633179,0.08979296684265137,100,0,4.726368159203981,2.352893378437905,6.075449101796408,6.075449101796408,3.3791411042944786,6.186892341132847
avi,pm12,1.9736689329147339,0.09068036079406738,100,0,4.726368159203981,2.352893378437905,6.075449101796408,6.075449101796408,3.3791411042944786,6.186892341132847
avi,pm12,1.9853544235229492,0.10079801082611084,100,0,4.726368159203981,2.3292506032770275,6.272401433691757,6.272401433691757,3.3856613102595796,6.198926976811171
avi,pm12,1.9932279586791992,0.10468554496765137,100,0,4.726368159203981,2.281704374258403,6.485029940119761,6.485029940119761,3.3827117020548734,6.2075471698113205
avi,pm12,1.995924949645996,0.10587847232818604,100,0,4.726368159203981,2.281704374258403,6.485029940119761,6.485029940119761,3.3827117020548734,6.2075471698113205
avi,pm12,1.9965124130249023,0.10646593570709229,100,0,4.726368159203981,2.281704374258403,6.485029940119761,6.485029940119761,3.3827117020548734,6.2075471698113205
avi,pm12,1.9970611333847046,0.10701465606689453,100,0,4.726368159203981,2.281704374258403,6.485029940119761,6.485029940119761,3.3827117020548734,6.2075471698113205
avi,pm12,1.9991998672485352,0.10868608951568604,100,0,4.726368159203981,2.2555361499593376,6.546227417640807,6.546227417640807,3.3886838868388685,6.210790464240903
avi,pm12,2.000328302383423,0.10981452465057373,100,0,4.726368159203981,2.2555361499593376,6.546227417640807,6.546227417640807,3.3886838868388685,6.210790464240903
avi,pm12,2.008326292037964,0.11781251430511475,100,0,4.726368159203981,2.2555361499593376,6.546227417640807,6.546227417640807,3.3886838868388685,6.210790464240903
avi,pm12,2.015657663345337,0.1251438856124878,100,0,4.726368159203981,2.2555361499593376,6.546227417640807,6.546227417640807,3.3886838868388685,6.210790464240903
avi,pm12,2.0174410343170166,0.12692725658416748,100,0,4.726368159203981,2.2555361499593376,6.546227417640807,6.546227417640807,3.3886838868388685,6.210790464240903
avi,pm12,2.0174829959869385,0.12696921825408936,100,0,4.726368159203981,2.2555361499593376,6.546227417640807,6.546227417640807,3.3886838868388685,6.210790464240903
avi,pm12,2.0199806690216064,0.1276538372039795,100,0,4.726368159203981,2.305630141186823,6.417543859649123,6.417543859649123,3.3885327580099043,6.210790464240903
avi,pm12,2.0208613872528076,0.12802433967590332,100,0,4.726368159203981,2.305630141186823,6.417543859649123,6.417543859649123,3.3885327580099043,6.210790464240903
avi,pm12,2.0221118927001953,0.12927484512329102,100,0,4.726368159203981,2.305630141186823,6.417543859649123,6.417543859649123,3.3885327580099043,6.210790464240903
avi,pm12,2.026216745376587,0.13337969779968262,100,0,4.726368159203981,2.305630141186823,6.417543859649123,6.417543859649123,3.3885327580099043,6.210790464240903
avi,pm12,2.028162956237793,0.13532590866088867,100,0,4.726368159203981,2.305630141186823,6.417543859649123,6.417543859649123,3.3885327580099043,6.210790464240903
avi,pm12,2.029020071029663,0.1361830234527588,100,0,4.726368159203981,2.305630141186823,6.417543859649123,6.417543859649123,3.3885327580099043,6.210790464240903
avi,pm12,2.0325002670288086,0.1396632194519043,100,0,4.726368159203981,2.305630141186823,6.417543859649123,6.417543859649123,3.3885327580099043,6.210790464240903
avi,pm12,2.0360543727874756,0.1430983543395996,100,0,4.726368159203981,2.35521986686808,6.348538011695906,6.348538011695906,3.3790565980993628,6.226894061349846
avi,pm12,2.0424654483795166,0.1489936113357544,100,0,4.726368159203981,2.35521986686808,6.348538011695906,6.348538011695906,3.3790565980993628,6.226894061349846
avi,pm12,2.0457515716552734,0.1503596305847168,100,0,4.726368159203981,2.308860759493671,6.404736275565123,6.404736275565123,3.377282587851767,6.2362814538378295
avi,pm12,2.0489444732666016,0.1502523422241211,100,0,4.726368159203981,2.2344582593250446,6.620328600065746,6.620328600065746,3.371007371007371,6.210790464240903
avi,pm12,2.0491230487823486,0.15043091773986816,100,0,4.726368159203981,2.2344582593250446,6.620328600065746,6.620328600065746,3.371007371007371,6.210790464240903
avi,pm12,2.0493364334106445,0.15064430236816406,100,0,4.726368159203981,2.2344582593250446,6.620328600065746,6.620328600065746,3.371007371007371,6.210790464240903
avi,pm12,2.050347328186035,0.1516551971435547,100,0,4.726368159203981,2.2344582593250446,6.620328600065746,6.620328600065746,3.371007371007371,6.210790464240903
avi,pm12,2.052142381668091,0.15345025062561035,100,0,4.726368159203981,2.2344582593250446,6.620328600065746,6.620328600065746,3.371007371007371,6.210790464240903
avi,pm12,2.0551159381866455,0.15642380714416504,100,0,4.726368159203981,2.2344582593250446,6.620328600065746,6.620328600065746,3.371007371007371,6.210790464240903
avi,pm12,2.057244062423706,0.15855193138122559,100,0,4.726368159203981,2.2344582593250446,6.620328600065746,6.620328600065746,3.371007371007371,6.210790464240903
avi,pm12,2.0602142810821533,0.16152215003967285,100,0,4.726368159203981,2.2344582593250446,6.620328600065746,6.620328600065746,3.371007371007371,6.210790464240903
avi,pm12,2.0659894943237305,0.16729736328125,100,0,4.726368159203981,2.2344582593250446,6.620328600065746,6.620328600065746,3.371007371007371,6.210790464240903
avi,pm12,2.070091962814331,0.17139983177185059,100,0,4.726368159203981,2.2344582593250446,6.620328600065746,6.620328600065746,3.371007371007371,6.210790464240903
avi,pm12,2.0847694873809814,0.18597400188446045,100,0,4.726368159203981,2.259445255699441,6.6068821689259645,6.6068821689259645,3.371007371007371,6.2075471698113205
avi,pm12,2.0860233306884766,0.18722784519195557,100,0,4.726368159203981,2.259445255699441,6.6068821689259645,6.6068821689259645,3.371007371007371,6.2075471698113205
avi,pm12,2.0952858924865723,0.19649040699005127,100,0,4.726368159203981,2.259445255699441,6.6068821689259645,6.6068821689259645,3.371007371007371,6.2075471698113205
avi,pm12,2.0977656841278076,0.19897019863128662,100,0,4.726368159203981,2.259445255699441,6.6068821689259645,6.6068821689259645,3.371007371007371,6.2075471698113205
avi,pm12,2.0979135036468506,0.1991180181503296,100,0,4.726368159203981,2.259445255699441,6.6068821689259645,6.6068821689259645,3.371007371007371,6.2075471698113205
avi,pm12,2.104565382003784,0.20576989650726318,100,0,4.726368159203981,2.259445255699441,6.6068821689259645,6.6068821689259645,3.371007371007371,6.2075471698113205
avi,pm12,2.147634506225586,0.24883902072906494,100,0,4.726368159203981,2.259445255699441,6.6068821689259645,6.6068821689259645,3.371007371007371,6.2075471698113205
avi,pm12,2.179152727127075,0.2803572416305542,100,0,4.726368159203981,2.259445255699441,6.6068821689259645,6.6068821689259645,3.371007371007371,6.2075471698113205
avi,pm12,2.1961112022399902,0.29731571674346924,100,0,4.726368159203981,2.259445255699441,6.6068821689259645,6.6068821689259645,3.371007371007371,6.2075471698113205
avi,pm12,2.197648048400879,0.2988525629043579,100,0,4.726368159203981,2.259445255699441,6.6068821689259645,6.6068821689259645,3.371007371007371,6.2075471698113205
avi,pm12,2.198572874069214,0.29977738857269287,100,0,4.726368159203981,2.259445255699441,6.6068821689259645,6.6068821689259645,3.371007371007371,6.2075471698113205
avi,pm12,2.2459917068481445,0.34719622135162354,100,0,4.726368159203981,2.259445255699441,6.6068821689259645,6.6068821689259645,3.371007371007371,6.2075471698113205
