tool,stratum,score,eps,n_damaging_in_window,n_normal_in_window,local_lr,lr_lo_gene_boot,lr_hi_gene_boot,lr_hi_bootstrap_only,lr_lo_variant_boot,lr_hi_variant_boot
cadd,all_1_50,0.001,0.106,0,102,0.0,0.0,0.1260714417098922,0.0,0.0,0.1260714417098922
cadd,all_1_50,0.002,0.105,0,102,0.0,0.0,0.1260714417098922,0.0,0.0,0.1260714417098922
cadd,all_1_50,0.003,0.104,0,102,0.0,0.0,0.1260714417098922,0.0,0.0,0.1260714417098922
cadd,all_1_50,0.004,0.103,0,102,0.0,0.0,0.1260714417098922,0.0,0.0,0.1260714417098922
cadd,all_1_50,0.005,0.102,0,102,0.0,0.0,0.1260714417098922,0.0,0.0,0.1260714417098922
cadd,all_1_50,0.006,0.10099999999999999,0,102,0.0,0.0,0.1260714417098922,0.0,0.0,0.1260714417098922
cadd,all_1_50,0.007,0.09999999999999999,0,102,0.0,0.0,0.1260714417098922,0.0,0.0,0.1260714417098922
cadd,all_1_50,0.011,0.096,0,102,0.0,0.0,0.1260714417098922,0.0,0.0,0.1260714417098922
cadd,all_1_50,0.015,0.092,0,102,0.0,0.0,0.1260714417098922,0.0,0.0,0.1260714417098922
cadd,all_1_50,0.016,0.091,0,102,0.0,0.0,0.1260714417098922,0.0,0.0,0.1260714417098922
cadd,all_1_50,0.018,0.089,0,102,0.0,0.0,0.1260714417098922,0.0,0.0,0.1260714417098922
cadd,all_1_50,0.019,0.088,0,102,0.0,0.0,0.1260714417098922,0.0,0.0,0.1260714417098922
cadd,all_1_50,0.021,0.086,0,102,0.0,0.0,0.1260714417098922,0.0,0.0,0.1260714417098922
cadd,all_1_50,0.022,0.08499999999999999,0,102,0.0,0.0,0.1260714417098922,0.0,0.0,0.1260714417098922
cadd,all_1_50,0.023,0.08399999999999999,0,102,0.0,0.0,0.1260714417098922,0.0,0.0,0.1260714417098922
cadd,all_1_50,0.024,0.08299999999999999,0,102,0.0,0.0,0.1260714417098922,0.0,0.0,0.1260714417098922
cadd,all_1_50,0.025,0.08199999999999999,0,102,0.0,0.0,0.1260714417098922,0.0,0.0,0.1260714417098922
cadd,all_1_50,0.026,0.081,0,102,0.0,0.0,0.1260714417098922,0.0,0.0,0.1260714417098922
cadd,all_1_50,0.027,0.08,0,102,0.0,0.0,0.1260714417098922,0.0,0.0,0.1260714417098922
cadd,all_1_50,0.029,0.078,0,102,0.0,0.0,0.1260714417098922,0.0,0.0,0.1260714417098922
cadd,all_1_50,0.03,0.077,0,102,0.0,0.0,0.1260714417098922,0.0,0.0,0.1260714417098922
cadd,all_1_50,0.031,0.076,0,102,0.0,0.0,0.1260714417098922,0.0,0.0,0.1260714417098922
cadd,all_1_50,0.032,0.075,0,102,0.0,0.0,0.1260714417098922,0.0,0.0,0.1260714417098922
cadd,all_1_50,0.034,0.073,0,102,0.0,0.0,0.1260714417098922,0.0,0.0,0.1260714417098922
cadd,all_1_50,0.035,0.072,0,102,0.0,0.0,0.1260714417098922,0.0,0.0,0.1260714417098922
cadd,all_1_50,0.036,0.07100000000000001,0,102,0.0,0.0,0.1260714417098922,0.0,0.0,0.1260714417098922
cadd,all_1_50,0.037,0.07,0,102,0.0,0.0,0.1260714417098922,0.0,0.0,0.1260714417098922
cadd,all_1_50,0.038,0.069,0,102,0.0,0.0,0.1260714417098922,0.0,0.0,0.1260714417098922
cadd,all_1_50,0.042,0.065,0,102,0.0,0.0,0.1260714417098922,0.0,0.0,0.1260714417098922
cadd,all_1_50,0.043,0.064,0,102,0.0,0.0,0.1260714417098922,0.0,0.0,0.1260714417098922
cadd,all_1_50,0.046,0.061,0,102,0.0,0.0,0.1260714417098922,0.0,0.0,0.1260714417098922
cadd,all_1_50,0.048,0.059,0,102,0.0,0.0,0.1260714417098922,0.0,0.0,0.1260714417098922
cadd,all_1_50,0.049,0.057999999999999996,0,102,0.0,0.0,0.1260714417098922,0.0,0.0,0.1260714417098922
cadd,all_1_50,0.05,0.056999999999999995,0,102,0.0,0.0,0.1260714417098922,0.0,0.0,0.1260714417098922
cadd,all_1_50,0.051,0.056,0,102,0.0,0.0,0.1260714417098922,0.0,0.0,0.1260714417098922
cadd,all_1_50,0.052,0.055,0,102,0.0,0.0,0.1260714417098922,0.0,0.0,0.1260714417098922
cadd,all_1_50,0.054,0.053,0,102,0.0,0.0,0.1260714417098922,0.0,0.0,0.1260714417098922
cadd,all_1_50,0.055,0.053,0,100,0.0,0.0,0.12859287054409005,0.0,0.0,0.12859287054409005
cadd,all_1_50,0.056,0.054,0,100,0.0,0.0,0.12859287054409005,0.0,0.0,0.12859287054409005
cadd,all_1_50,0.057,0.055,0,101,0.0,0.0,0.12731967380602977,0.0,0.0,0.12731967380602977
cadd,all_1_50,0.059,0.056999999999999995,0,103,0.0,0.0,0.12484744713018452,0.0,0.0,0.12484744713018452
cadd,all_1_50,0.06,0.056999999999999995,0,100,0.0,0.0,0.12859287054409005,0.0,0.0,0.12859287054409005
cadd,all_1_50,0.061,0.056999999999999995,0,101,0.0,0.0,0.12731967380602977,0.0,0.0,0.12731967380602977
cadd,all_1_50,0.062,0.057,0,100,0.0,0.0,0.12859287054409005,0.0,0.0,0.12859287054409005
cadd,all_1_50,0.063,0.057999999999999996,0,102,0.0,0.0,0.1260714417098922,0.0,0.0,0.1260714417098922
cadd,all_1_50,0.064,0.057999999999999996,0,103,0.0,0.0,0.12484744713018452,0.0,0.0,0.12484744713018452
cadd,all_1_50,0.066,0.055999999999999994,0,100,0.0,0.0,0.12859287054409005,0.0,0.0,0.12859287054409005
cadd,all_1_50,0.067,0.05600000000000001,0,100,0.0,0.0,0.12859287054409005,0.0,0.0,0.12859287054409005
cadd,all_1_50,0.068,0.055999999999999994,0,100,0.0,0.0,0.12859287054409005,0.0,0.0,0.12859287054409005
cadd,all_1_50,0.07,0.05500000000000001,0,100,0.0,0.0,0.12859287054409005,0.0,0.0,0.12859287054409005
cadd,all_1_50,0.072,0.055999999999999994,0,102,0.0,0.0,0.1260714417098922,0.0,0.0,0.1260714417098922
cadd,all_1_50,0.075,0.055999999999999994,0,102,0.0,0.0,0.1260714417098922,0.0,0.0,0.1260714417098922
cadd,all_1_50,0.076,0.05500000000000001,0,101,0.0,0.0,0.12731967380602977,0.0,0.0,0.12731967380602977
cadd,all_1_50,0.079,0.056,0,101,0.0,0.0,0.12731967380602977,0.0,0.0,0.12731967380602977
cadd,all_1_50,0.08,0.05600000000000001,0,100,0.0,0.0,0.12859287054409005,0.0,0.0,0.12859287054409005
cadd,all_1_50,0.081,0.05600000000000001,0,100,0.0,0.0,0.12859287054409005,0.0,0.0,0.12859287054409005
cadd,all_1_50,0.083,0.05799999999999998,0,103,0.0,0.0,0.12484744713018452,0.0,0.0,0.12484744713018452
cadd,all_1_50,0.084,0.05799999999999998,0,103,0.0,0.0,0.12484744713018452,0.0,0.0,0.12484744713018452
cadd,all_1_50,0.085,0.05699999999999998,0,101,0.0,0.0,0.12731967380602977,0.0,0.0,0.12731967380602977
cadd,all_1_50,0.089,0.056999999999999995,0,100,0.0,0.0,0.12859287054409005,0.0,0.0,0.12859287054409005
cadd,all_1_50,0.093,0.057999999999999996,0,102,0.0,0.0,0.1260714417098922,0.0,0.0,0.1260714417098922
cadd,all_1_50,0.094,0.058,0,100,0.0,0.0,0.12859287054409005,0.0,0.0,0.12859287054409005
cadd,all_1_50,0.095,0.058,0,100,0.0,0.0,0.12859287054409005,0.0,0.0,0.12859287054409005
cadd,all_1_50,0.099,0.057,0,101,0.0,0.0,0.12731967380602977,0.0,0.0,0.12731967380602977
cadd,all_1_50,0.1,0.057999999999999996,0,104,0.0,0.0,0.1236469909077789,0.0,0.0,0.1236469909077789
cadd,all_1_50,0.102,0.05800000000000001,0,101,0.0,0.0,0.12731967380602977,0.0,0.0,0.12731967380602977
cadd,all_1_50,0.103,0.05700000000000001,0,101,0.0,0.0,0.12731967380602977,0.0,0.0,0.12731967380602977
cadd,all_1_50,0.106,0.05700000000000001,0,100,0.0,0.0,0.12859287054409005,0.0,0.0,0.12859287054409005
cadd,all_1_50,0.107,0.05700000000000001,0,100,0.0,0.0,0.12859287054409005,0.0,0.0,0.12859287054409005
cadd,all_1_50,0.108,0.05700000000000001,0,100,0.0,0.0,0.12859287054409005,0.0,0.0,0.12859287054409005
cadd,all_1_50,0.111,0.057,0,103,0.0,0.0,0.12484744713018452,0.0,0.0,0.12484744713018452
cadd,all_1_50,0.114,0.057,0,103,0.0,0.0,0.12484744713018452,0.0,0.0,0.12484744713018452
cadd,all_1_50,0.116,0.05599999999999998,0,101,0.0,0.0,0.12731967380602977,0.0,0.0,0.12731967380602977
cadd,all_1_50,0.118,0.055999999999999994,0,100,0.0,0.0,0.12859287054409005,0.0,0.0,0.12859287054409005
cadd,all_1_50,0.119,0.056999999999999995,0,102,0.0,0.0,0.1260714417098922,0.0,0.0,0.1260714417098922
cadd,all_1_50,0.121,0.056999999999999995,0,100,0.0,0.0,0.12859287054409005,0.0,0.0,0.12859287054409005
cadd,all_1_50,0.122,0.057999999999999996,0,100,0.0,0.0,0.12859287054409005,0.0,0.0,0.12859287054409005
cadd,all_1_50,0.124,0.057999999999999996,0,102,0.0,0.0,0.1260714417098922,0.0,0.0,0.1260714417098922
cadd,all_1_50,0.126,0.059,0,101,0.0,0.0,0.12731967380602977,0.0,0.0,0.12731967380602977
cadd,all_1_50,0.128,0.057999999999999996,0,101,0.0,0.0,0.12731967380602977,0.0,0.0,0.12731967380602977
cadd,all_1_50,0.129,0.05700000000000001,0,100,0.0,0.0,0.12859287054409005,0.0,0.0,0.12859287054409005
cadd,all_1_50,0.131,0.055999999999999994,0,101,0.0,0.0,0.12731967380602977,0.0,0.0,0.12731967380602977
cadd,all_1_50,0.133,0.05499999999999999,0,101,0.0,0.0,0.12731967380602977,0.0,0.0,0.12731967380602977
cadd,all_1_50,0.135,0.05500000000000001,0,101,0.0,0.0,0.12731967380602977,0.0,0.0,0.12731967380602977
cadd,all_1_50,0.136,0.05499999999999999,0,101,0.0,0.0,0.12731967380602977,0.0,0.0,0.12731967380602977
cadd,all_1_50,0.137,0.054000000000000006,0,100,0.0,0.0,0.12859287054409005,0.0,0.0,0.12859287054409005
cadd,all_1_50,0.138,0.05499999999999999,0,102,0.0,0.0,0.1260714417098922,0.0,0.0,0.1260714417098922
cadd,all_1_50,0.14,0.05500000000000001,0,101,0.0,0.0,0.12731967380602977,0.0,0.0,0.12731967380602977
cadd,all_1_50,0.141,0.05599999999999998,0,103,0.0,0.0,0.12484744713018452,0.0,0.0,0.12484744713018452
cadd,all_1_50,0.142,0.05500000000000002,0,101,0.0,0.0,0.12731967380602977,0.0,0.0,0.12731967380602977
cadd,all_1_50,0.144,0.05300000000000002,0,100,0.0,0.0,0.12859287054409005,0.0,0.0,0.12859287054409005
cadd,all_1_50,0.145,0.05200000000000002,0,100,0.0,0.0,0.12859287054409005,0.0,0.0,0.12859287054409005
cadd,all_1_50,0.146,0.05299999999999999,0,100,0.0,0.0,0.12859287054409005,0.0,0.0,0.12859287054409005
cadd,all_1_50,0.147,0.05300000000000002,0,100,0.0,0.0,0.12859287054409005,0.0,0.0,0.12859287054409005
cadd,all_1_50,0.15,0.05300000000000002,0,100,0.0,0.0,0.12859287054409005,0.0,0.0,0.12859287054409005
cadd,all_1_50,0.151,0.05200000000000002,0,100,0.0,0.0,0.12859287054409005,0.0,0.0,0.12859287054409005
cadd,all_1_50,0.152,0.05199999999999999,0,100,0.0,0.0,0.12859287054409005,0.0,0.0,0.12859287054409005
cadd,all_1_50,0.153,0.05199999999999999,0,101,0.0,0.0,0.12731967380602977,0.0,0.0,0.12731967380602977
cadd,all_1_50,0.154,0.051000000000000004,0,100,0.0,0.0,0.12859287054409005,0.0,0.0,0.12859287054409005
cadd,all_1_50,0.155,0.05199999999999999,0,105,0.0,0.0,0.122469400518181,0.0,0.0,0.122469400518181
cadd,all_1_50,0.156,0.05099999999999999,0,104,0.0,0.0,0.1236469909077789,0.0,0.0,0.1236469909077789
cadd,all_1_50,0.157,0.05,0,102,0.0,0.0,0.1260714417098922,0.0,0.0,0.1260714417098922
cadd,all_1_50,0.158,0.05,0,100,0.0,0.0,0.12859287054409005,0.0,0.0,0.12859287054409005
cadd,all_1_50,0.16,0.04899999999999999,0,101,0.0,0.0,0.12731967380602977,0.0,0.0,0.12731967380602977
cadd,all_1_50,0.163,0.046999999999999986,0,101,0.0,0.0,0.12731967380602977,0.0,0.0,0.12731967380602977
cadd,all_1_50,0.164,0.04600000000000001,0,100,0.0,0.0,0.12859287054409005,0.0,0.0,0.12859287054409005
cadd,all_1_50,0.165,0.047000000000000014,0,101,0.0,0.0,0.12731967380602977,0.0,0.0,0.12731967380602977
cadd,all_1_50,0.167,0.04600000000000001,0,101,0.0,0.0,0.12731967380602977,0.0,0.0,0.12731967380602977
cadd,all_1_50,0.168,0.04600000000000001,0,100,0.0,0.0,0.12859287054409005,0.0,0.0,0.12859287054409005
cadd,all_1_50,0.169,0.047000000000000014,0,101,0.0,0.0,0.12731967380602977,0.0,0.0,0.12731967380602977
cadd,all_1_50,0.17,0.046999999999999986,0,100,0.0,0.0,0.12859287054409005,0.0,0.0,0.12859287054409005
cadd,all_1_50,0.171,0.047000000000000014,0,100,0.0,0.0,0.12859287054409005,0.0,0.0,0.12859287054409005
cadd,all_1_50,0.172,0.04799999999999999,0,102,0.0,0.0,0.1260714417098922,0.0,0.0,0.1260714417098922
cadd,all_1_50,0.173,0.047000000000000014,0,101,0.0,0.0,0.12731967380602977,0.0,0.0,0.12731967380602977
cadd,all_1_50,0.176,0.04600000000000001,0,102,0.0,0.0,0.1260714417098922,0.0,0.0,0.1260714417098922
cadd,all_1_50,0.181,0.04400000000000001,0,100,0.0,0.0,0.12859287054409005,0.0,0.0,0.12859287054409005
cadd,all_1_50,0.182,0.044999999999999984,0,103,0.0,0.0,0.12484744713018452,0.0,0.0,0.12484744713018452
cadd,all_1_50,0.185,0.04300000000000001,0,100,0.0,0.0,0.12859287054409005,0.0,0.0,0.12859287054409005
cadd,all_1_50,0.186,0.04400000000000001,0,102,0.0,0.0,0.1260714417098922,0.0,0.0,0.1260714417098922
cadd,all_1_50,0.187,0.04400000000000001,0,101,0.0,0.0,0.12731967380602977,0.0,0.0,0.12731967380602977
cadd,all_1_50,0.188,0.04300000000000001,0,100,0.0,0.0,0.12859287054409005,0.0,0.0,0.12859287054409005
cadd,all_1_50,0.19,0.04300000000000001,0,101,0.0,0.0,0.12731967380602977,0.0,0.0,0.12731967380602977
cadd,all_1_50,0.191,0.04200000000000001,0,100,0.0,0.0,0.12859287054409005,0.0,0.0,0.12859287054409005
cadd,all_1_50,0.193,0.04199999999999998,0,101,0.0,0.0,0.12731967380602977,0.0,0.0,0.12731967380602977
cadd,all_1_50,0.194,0.04199999999999998,0,102,0.0,0.0,0.1260714417098922,0.0,0.0,0.1260714417098922
cadd,all_1_50,0.197,0.04299999999999998,0,101,0.0,0.0,0.12731967380602977,0.0,0.0,0.12731967380602977
cadd,all_1_50,0.2,0.043999999999999984,0,101,0.0,0.0,0.12731967380602977,0.0,0.0,0.12731967380602977
cadd,all_1_50,0.202,0.043999999999999984,0,102,0.0,0.0,0.1260714417098922,0.0,0.0,0.1260714417098922
cadd,all_1_50,0.203,0.04300000000000001,0,100,0.0,0.0,0.12859287054409005,0.0,0.0,0.12859287054409005
cadd,all_1_50,0.204,0.043999999999999984,0,100,0.0,0.0,0.12859287054409005,0.0,0.0,0.12859287054409005
cadd,all_1_50,0.205,0.044999999999999984,0,102,0.0,0.0,0.1260714417098922,0.0,0.0,0.1260714417098922
cadd,all_1_50,0.207,0.04400000000000001,0,100,0.0,0.0,0.12859287054409005,0.0,0.0,0.12859287054409005
cadd,all_1_50,0.208,0.04400000000000001,0,100,0.0,0.0,0.12859287054409005,0.0,0.0,0.12859287054409005
cadd,all_1_50,0.209,0.044999999999999984,0,100,0.0,0.0,0.12859287054409005,0.0,0.0,0.12859287054409005
cadd,all_1_50,0.21,0.045999999999999985,0,101,0.0,0.0,0.12731967380602977,0.0,0.0,0.12731967380602977
cadd,all_1_50,0.211,0.04600000000000001,0,100,0.0,0.0,0.12859287054409005,0.0,0.0,0.12859287054409005
cadd,all_1_50,0.213,0.04600000000000001,0,100,0.0,0.0,0.12859287054409005,0.0,0.0,0.12859287054409005
cadd,all_1_50,0.214,0.046999999999999986,0,101,0.0,0.0,0.12731967380602977,0.0,0.0,0.12731967380602977
cadd,all_1_50,0.215,0.047000000000000014,0,102,0.0,0.0,0.1260714417098922,0.0,0.0,0.1260714417098922
cadd,all_1_50,0.217,0.04799999999999999,0,101,0.0,0.0,0.12731967380602977,0.0,0.0,0.12731967380602977
cadd,all_1_50,0.22,0.048000000000000015,0,100,0.0,0.0,0.12859287054409005,0.0,0.0,0.12859287054409005
cadd,all_1_50,0.221,0.048000000000000015,0,101,0.0,0.0,0.12731967380602977,0.0,0.0,0.12731967380602977
cadd,all_1_50,0.222,0.047000000000000014,0,100,0.0,0.0,0.12859287054409005,0.0,0.0,0.12859287054409005
cadd,all_1_50,0.223,0.047000000000000014,0,100,0.0,0.0,0.12859287054409005,0.0,0.0,0.12859287054409005
cadd,all_1_50,0.224,0.048000000000000015,0,101,0.0,0.0,0.12731967380602977,0.0,0.0,0.12731967380602977
cadd,all_1_50,0.225,0.048000000000000015,0,100,0.0,0.0,0.12859287054409005,0.0,0.0,0.12859287054409005
cadd,all_1_50,0.227,0.04600000000000001,0,100,0.0,0.0,0.12859287054409005,0.0,0.0,0.12859287054409005
cadd,all_1_50,0.228,0.047000000000000014,0,102,0.0,0.0,0.1260714417098922,0.0,0.0,0.1260714417098922
cadd,all_1_50,0.229,0.047000000000000014,0,102,0.0,0.0,0.1260714417098922,0.0,0.0,0.1260714417098922
cadd,all_1_50,0.23,0.04600000000000001,0,100,0.0,0.0,0.12859287054409005,0.0,0.0,0.12859287054409005
cadd,all_1_50,0.231,0.04600000000000001,0,100,0.0,0.0,0.12859287054409005,0.0,0.0,0.12859287054409005
cadd,all_1_50,0.232,0.04600000000000001,0,100,0.0,0.0,0.12859287054409005,0.0,0.0,0.12859287054409005
cadd,all_1_50,0.233,0.047000000000000014,0,102,0.0,0.0,0.1260714417098922,0.0,0.0,0.1260714417098922
cadd,all_1_50,0.235,0.046999999999999986,0,101,0.0,0.0,0.12731967380602977,0.0,0.0,0.12731967380602977
cadd,all_1_50,0.236,0.04799999999999999,0,102,0.0,0.0,0.1260714417098922,0.0,0.0,0.1260714417098922
cadd,all_1_50,0.238,0.04799999999999999,0,102,0.0,0.0,0.1260714417098922,0.0,0.0,0.1260714417098922
cadd,all_1_50,0.24,0.04899999999999999,0,100,0.0,0.0,0.12859287054409005,0.0,0.0,0.12859287054409005
cadd,all_1_50,0.241,0.04999999999999999,0,100,0.0,0.0,0.12859287054409005,0.0,0.0,0.12859287054409005
cadd,all_1_50,0.242,0.04999999999999999,0,100,0.0,0.0,0.12859287054409005,0.0,0.0,0.12859287054409005
cadd,all_1_50,0.243,0.04999999999999999,0,100,0.0,0.0,0.12859287054409005,0.0,0.0,0.12859287054409005
cadd,all_1_50,0.244,0.05099999999999999,0,102,0.0,0.0,0.1260714417098922,0.0,0.0,0.1260714417098922
cadd,all_1_50,0.246,0.04999999999999999,0,101,0.0,0.0,0.12731967380602977,0.0,0.0,0.12731967380602977
cadd,all_1_50,0.249,0.04799999999999999,0,100,0.0,0.0,0.12859287054409005,0.0,0.0,0.12859287054409005
cadd,all_1_50,0.251,0.04899999999999999,0,101,0.0,0.0,0.12731967380602977,0.0,0.0,0.12731967380602977
cadd,all_1_50,0.252,0.04899999999999999,0,101,0.0,0.0,0.12731967380602977,0.0,0.0,0.12731967380602977
cadd,all_1_50,0.256,0.049000000000000016,0,102,0.0,0.0,0.1260714417098922,0.0,0.0,0.1260714417098922
cadd,all_1_50,0.257,0.04999999999999999,0,105,0.0,0.0,0.122469400518181,0.0,0.0,0.122469400518181
cadd,all_1_50,0.259,0.05000000000000002,0,101,0.0,0.0,0.12731967380602977,0.0,0.0,0.12731967380602977
cadd,all_1_50,0.26,0.05100000000000002,0,101,0.0,0.0,0.12731967380602977,0.0,0.0,0.12731967380602977
cadd,all_1_50,0.262,0.05300000000000002,0,101,0.0,0.0,0.12731967380602977,0.0,0.0,0.12731967380602977
cadd,all_1_50,0.264,0.05400000000000002,0,101,0.0,0.0,0.12731967380602977,0.0,0.0,0.12731967380602977
cadd,all_1_50,0.265,0.05499999999999999,0,102,0.0,0.0,0.1260714417098922,0.0,0.0,0.1260714417098922
cadd,all_1_50,0.266,0.05499999999999999,0,101,0.0,0.0,0.12731967380602977,0.0,0.0,0.12731967380602977
cadd,all_1_50,0.268,0.05500000000000002,0,101,0.0,0.0,0.12731967380602977,0.0,0.0,0.12731967380602977
cadd,all_1_50,0.269,0.05600000000000002,0,102,0.0,0.0,0.1260714417098922,0.0,0.0,0.1260714417098922
cadd,all_1_50,0.272,0.05500000000000002,0,100,0.0,0.0,0.12859287054409005,0.0,0.0,0.12859287054409005
cadd,all_1_50,0.273,0.05600000000000002,0,100,0.0,0.0,0.12859287054409005,0.0,0.0,0.12859287054409005
cadd,all_1_50,0.275,0.05500000000000002,0,100,0.0,0.0,0.12859287054409005,0.0,0.0,0.12859287054409005
cadd,all_1_50,0.276,0.05600000000000002,0,101,0.0,0.0,0.12731967380602977,0.0,0.0,0.12731967380602977
cadd,all_1_50,0.278,0.058000000000000024,0,101,0.0,0.0,0.12731967380602977,0.0,0.0,0.12731967380602977
cadd,all_1_50,0.279,0.059000000000000025,0,101,0.0,0.0,0.12731967380602977,0.0,0.0,0.12731967380602977
cadd,all_1_50,0.28,0.06,1,103,0.0416158157100615,0.0,0.12696306015337386,0.12696306015337386,0.0,0.12518831296440783
cadd,all_1_50,0.281,0.060000000000000026,1,101,0.04243989126867658,0.0,0.1300256161764078,0.1300256161764078,0.0,0.12771346100127254
cadd,all_1_50,0.282,0.06000000000000005,1,99,0.043297262809457934,0.0,0.13364575687425892,0.13364575687425892,0.0,0.1302954673831683
cadd,all_1_50,0.284,0.06099999999999997,1,99,0.043297262809457934,0.0,0.13281373298771976,0.13281373298771976,0.0,0.12939321466187487
cadd,all_1_50,0.286,0.062,2,98,0.08747814322727214,0.0,0.1846745653177412,0.1846745653177412,0.0,0.2041358345936868
cadd,all_1_50,0.292,0.064,3,97,0.13256996963308254,0.0,0.3077188042542338,0.3077188042542338,0.035579156067809516,0.27683434042854205
cadd,all_1_50,0.294,0.06499999999999997,3,99,0.1298917884283738,0.0,0.2931300309304679,0.2931300309304679,0.034916110393243834,0.2710883949443322
cadd,all_1_50,0.295,0.064,3,97,0.13256996963308254,0.0,0.3025929549902152,0.3025929549902152,0.03549553188233759,0.2770429554017799
cadd,all_1_50,0.296,0.06499999999999997,3,97,0.13256996963308254,0.0,0.3025929549902152,0.3025929549902152,0.03549553188233759,0.2770429554017799
cadd,all_1_50,0.297,0.06599999999999998,3,98,0.13121721484090823,0.0,0.2931533397913668,0.2931533397913668,0.035332806391294054,0.2742138676258438
cadd,all_1_50,0.298,0.06699999999999998,3,99,0.1298917884283738,0.0,0.2931300309304679,0.2931300309304679,0.035038607196694396,0.27093076872406296
cadd,all_1_50,0.301,0.06799999999999998,3,97,0.13256996963308254,0.0,0.29680500658761527,0.29680500658761527,0.03550216650584633,0.2766046301361162
cadd,all_1_50,0.302,0.068,4,97,0.17675995951077672,0.0,0.4184337086448745,0.4184337086448745,0.043448300470157616,0.3419658401903644
cadd,all_1_50,0.303,0.068,4,99,0.17318905123783174,0.0,0.413527080912178,0.413527080912178,0.0425490547575086,0.3351000969088469
cadd,all_1_50,0.304,0.068,4,96,0.17860120908901395,0.0,0.4246007541210017,0.4246007541210017,0.04387008483850023,0.34557621542449607
cadd,all_1_50,0.305,0.069,4,96,0.17860120908901395,0.0,0.4246007541210017,0.4246007541210017,0.04387008483850023,0.34557621542449607
cadd,all_1_50,0.306,0.07,4,96,0.17860120908901395,0.0,0.4246007541210017,0.4246007541210017,0.04387008483850023,0.34557621542449607
cadd,all_1_50,0.307,0.07100000000000001,4,101,0.16975956507470633,0.0,0.4091725240316188,0.4091725240316188,0.04179529524278694,0.32867713160314965
cadd,all_1_50,0.308,0.07,4,99,0.17318905123783174,0.0,0.4144864529151463,0.4144864529151463,0.04256818000545168,0.33490057969640324
cadd,all_1_50,0.309,0.069,4,98,0.17495628645454428,0.0,0.42553942499288355,0.42553942499288355,0.04296879806516098,0.3383229747717236
cadd,all_1_50,0.317,0.07100000000000001,5,98,0.21869535806818036,0.04720013437926009,0.45528311128526633,0.45528311128526633,0.07691675109629191,0.39854436250740194
cadd,all_1_50,0.32,0.07,5,95,0.22560152727033342,0.04895927681556994,0.4606034435227138,0.4606034435227138,0.07904925783535191,0.4124190063610813
cadd,all_1_50,0.321,0.07,5,96,0.22325151136126745,0.04834065363124018,0.45888077858880777,0.45888077858880777,0.07852724870557574,0.40679651131865263
cadd,all_1_50,0.322,0.07,5,96,0.22325151136126745,0.047737469506864,0.46878308069931535,0.46878308069931535,0.07829737923596954,0.40683439384863435
cadd,all_1_50,0.325,0.069,5,96,0.22325151136126745,0.04761685725770449,0.467016781191058,0.467016781191058,0.07828744264315907,0.40845057849816285
cadd,all_1_50,0.326,0.069,5,95,0.22560152727033342,0.04818440653998784,0.4688474128234026,0.4688474128234026,0.07938835926282976,0.4120425419404757
cadd,all_1_50,0.327,0.069,5,95,0.22560152727033342,0.04811794102540604,0.46662590302395873,0.46662590302395873,0.07937283561992099,0.41231310739797994
cadd,all_1_50,0.33,0.07,6,97,0.2651399392661651,0.06150041220115416,0.5019499568593615,0.5019499568593615,0.09481990033019454,0.4614953735839039
cadd,all_1_50,0.332,0.07,6,97,0.2651399392661651,0.06150041220115416,0.5019499568593615,0.5019499568593615,0.0952779716852689,0.46328035840825676
cadd,all_1_50,0.34,0.07100000000000001,6,95,0.2707218327244001,0.06245749314147241,0.5419107605945214,0.5419107605945214,0.0969201507326259,0.4729875421061011
cadd,all_1_50,0.342,0.07300000000000001,6,95,0.2707218327244001,0.06245749314147241,0.5419107605945214,0.5419107605945214,0.0969201507326259,0.4729875421061011
cadd,all_1_50,0.343,0.07299999999999995,6,94,0.2736018522214682,0.06150041220115416,0.5380160459061686,0.5380160459061686,0.09811368840440006,0.4780705126598449
cadd,all_1_50,0.348,0.07299999999999995,6,95,0.2707218327244001,0.060366695157051606,0.5133137829912024,0.5133137829912024,0.09703818438632543,0.47098749729040384
cadd,all_1_50,0.351,0.07400000000000001,7,93,0.32263444222531557,0.12926595360566812,0.5666786568868175,0.5666786568868175,0.13391196528208307,0.5498011509651056
cadd,all_1_50,0.353,0.07399999999999995,7,94,0.3192021609250463,0.12739995293469222,0.5645781004084147,0.5645781004084147,0.13248559645333405,0.54375204248366
cadd,all_1_50,0.355,0.07499999999999996,7,94,0.3192021609250463,0.12628471465968272,0.5617036697947662,0.5617036697947662,0.1323716338550986,0.5458276484122563
cadd,all_1_50,0.356,0.07499999999999996,7,93,0.32263444222531557,0.1269073583068717,0.5712301700933509,0.5712301700933509,0.13308579754753327,0.5515785242104819
cadd,all_1_50,0.357,0.07599999999999996,7,93,0.32263444222531557,0.1269073583068717,0.5712301700933509,0.5712301700933509,0.13308579754753327,0.5515785242104819
cadd,all_1_50,0.359,0.07600000000000001,7,94,0.3192021609250463,0.12404416489822158,0.5759432858102566,0.5759432858102566,0.13190047409079017,0.5448694388260471
cadd,all_1_50,0.363,0.07500000000000001,7,94,0.3192021609250463,0.12242199739964246,0.5787249931218803,0.5787249931218803,0.13135034314068156,0.5467315732442395
cadd,all_1_50,0.365,0.07300000000000001,7,94,0.3192021609250463,0.12242199739964246,0.5787249931218803,0.5787249931218803,0.13135034314068156,0.5467315732442395
cadd,all_1_50,0.367,0.07400000000000001,7,94,0.3192021609250463,0.12242199739964246,0.5787249931218803,0.5787249931218803,0.13124641169428328,0.5471551522678866
cadd,all_1_50,0.37,0.07400000000000001,7,93,0.32263444222531557,0.12477729071904732,0.5837753913831026,0.5837753913831026,0.13263374261760255,0.5536077184320859
cadd,all_1_50,0.371,0.07500000000000001,7,94,0.3192021609250463,0.12242199739964246,0.5787249931218803,0.5787249931218803,0.1311493320555622,0.548495228258608
cadd,all_1_50,0.377,0.07600000000000001,7,94,0.3192021609250463,0.11829568119515885,0.5815577316849582,0.5815577316849582,0.13128496364976458,0.5478420405056802
cadd,all_1_50,0.378,0.07600000000000001,7,93,0.32263444222531557,0.11829568119515885,0.5962807122339444,0.5962807122339444,0.13274409406600635,0.5538524718109347
cadd,all_1_50,0.38,0.07800000000000001,7,94,0.3192021609250463,0.11825311693909983,0.5908166180634232,0.5908166180634232,0.1312121195939337,0.5477373981606934
cadd,all_1_50,0.385,0.08000000000000002,7,93,0.32263444222531557,0.11518061070011858,0.6198181087694948,0.6198181087694948,0.1330917825901722,0.5519940091185128
cadd,all_1_50,0.387,0.08000000000000002,7,94,0.3192021609250463,0.11352885525070956,0.6117685229413196,0.6117685229413196,0.13141659521198915,0.5464081617097097
cadd,all_1_50,0.388,0.08000000000000002,7,93,0.32263444222531557,0.11596991065929428,0.6201927561013523,0.6201927561013523,0.13258112268475633,0.5521882616279495
cadd,all_1_50,0.39,0.08100000000000002,7,93,0.32263444222531557,0.11742583408611165,0.6291810569144155,0.6291810569144155,0.13259510218097792,0.5522341479156548
cadd,all_1_50,0.391,0.08099999999999996,7,93,0.32263444222531557,0.11763271844792611,0.6200922525545607,0.6200922525545607,0.13260113978047647,0.5524066453845365
cadd,all_1_50,0.392,0.07999999999999996,7,93,0.32263444222531557,0.11763271844792611,0.6200922525545607,0.6200922525545607,0.13260113978047647,0.5524066453845365
cadd,all_1_50,0.394,0.07799999999999996,7,93,0.32263444222531557,0.11763271844792611,0.6200922525545607,0.6200922525545607,0.13260113978047647,0.5524066453845365
cadd,all_1_50,0.396,0.07799999999999996,7,93,0.32263444222531557,0.12056134254293764,0.6218391624632295,0.6218391624632295,0.13224330009988916,0.5522166833455784
cadd,all_1_50,0.4,0.07900000000000001,7,93,0.32263444222531557,0.12056134254293764,0.6218391624632295,0.6218391624632295,0.13268283983921364,0.5516190476190477
cadd,all_1_50,0.402,0.07999999999999996,7,95,0.3158421381784668,0.11782361691326165,0.6065352818776094,0.6065352818776094,0.13001662761696017,0.5394885815582242
cadd,all_1_50,0.403,0.07899999999999996,7,94,0.3192021609250463,0.12029862109818439,0.607086547004669,0.607086547004669,0.13149285240102565,0.5448061846017013
cadd,all_1_50,0.404,0.07800000000000001,7,93,0.32263444222531557,0.12182360472091494,0.607086547004669,0.607086547004669,0.13255161663304932,0.5501597444089457
cadd,all_1_50,0.405,0.07800000000000001,7,93,0.32263444222531557,0.11648829431438125,0.6201018451021202,0.6201018451021202,0.13243617881483194,0.5519222232895555
cadd,all_1_50,0.407,0.07999999999999996,7,94,0.3192021609250463,0.11648829431438125,0.6200959344939152,0.6200959344939152,0.13099819366742102,0.5461956861474899
cadd,all_1_50,0.408,0.08000000000000002,7,93,0.32263444222531557,0.1191387247680974,0.6286802553016265,0.6286802553016265,0.13237188345423342,0.5519034782955093
cadd,all_1_50,0.416,0.07599999999999996,7,94,0.3192021609250463,0.1201551161170871,0.6437502732479342,0.6437502732479342,0.13090810305348968,0.5447006823515381
cadd,all_1_50,0.417,0.07699999999999996,7,94,0.3192021609250463,0.1201551161170871,0.6437502732479342,0.6437502732479342,0.13090810305348968,0.5447006823515381
cadd,all_1_50,0.419,0.07899999999999996,8,96,0.3572024181780279,0.12598439709564754,0.7072085989622857,0.7072085989622857,0.15896813564074266,0.5921400328046444
cadd,all_1_50,0.423,0.07900000000000001,8,93,0.3687250768289321,0.19038913011862965,0.6114127559878451,0.6114127559878451,0.1635120468678448,0.615931037414293
cadd,all_1_50,0.425,0.07700000000000001,8,93,0.3687250768289321,0.19038913011862965,0.6114127559878451,0.6114127559878451,0.1635120468678448,0.615931037414293
cadd,all_1_50,0.426,0.07600000000000001,7,93,0.32263444222531557,0.11833309628786802,0.5956902897619891,0.5956902897619891,0.13436311249192356,0.5535780917983877
cadd,all_1_50,0.427,0.07600000000000001,7,93,0.32263444222531557,0.11833309628786802,0.5956902897619891,0.5956902897619891,0.13436311249192356,0.5535780917983877
cadd,all_1_50,0.43,0.07600000000000001,7,93,0.32263444222531557,0.1172180539437918,0.588825910931174,0.588825910931174,0.13407665270205216,0.5521450121232399
cadd,all_1_50,0.434,0.07600000000000001,6,94,0.2736018522214682,0.09977567710470324,0.4940087581385847,0.4940087581385847,0.09671448698491414,0.4822289721805941
cadd,all_1_50,0.435,0.07600000000000001,6,94,0.2736018522214682,0.09977567710470324,0.4940087581385847,0.4940087581385847,0.09671448698491414,0.4822289721805941
cadd,all_1_50,0.437,0.07800000000000001,6,95,0.2707218327244001,0.09977567710470324,0.48066423815190634,0.48066423815190634,0.09532014584202476,0.47777382309485805
cadd,all_1_50,0.438,0.07900000000000001,6,95,0.2707218327244001,0.09977567710470324,0.48066423815190634,0.48066423815190634,0.09532014584202476,0.47777382309485805
cadd,all_1_50,0.441,0.07800000000000001,6,95,0.2707218327244001,0.10085575620380373,0.4738548552695571,0.4738548552695571,0.09466915577680979,0.47750415324557
cadd,all_1_50,0.442,0.07700000000000001,6,94,0.2736018522214682,0.10085575620380373,0.48428532244458594,0.48428532244458594,0.0955682657859382,0.48328066888411714
cadd,all_1_50,0.446,0.07700000000000001,6,94,0.2736018522214682,0.0988586125165997,0.4961095867173911,0.4961095867173911,0.09585983230498725,0.4819226754124516
cadd,all_1_50,0.449,0.07800000000000001,5,96,0.22325151136126745,0.0517765000737137,0.4176566788770512,0.4176566788770512,0.07948803254751954,0.41029876265788184
cadd,all_1_50,0.451,0.08000000000000002,5,97,0.2209499493884709,0.0507807981492192,0.41757671346641445,0.41757671346641445,0.0786317635452624,0.40497473517341204
cadd,all_1_50,0.452,0.07900000000000001,5,95,0.22560152727033342,0.05287576020851434,0.4202036202367811,0.4202036202367811,0.08011438630775745,0.4134492214058268
cadd,all_1_50,0.453,0.07800000000000001,5,95,0.22560152727033342,0.05287576020851434,0.4202036202367811,0.4202036202367811,0.08011438630775745,0.4134492214058268
cadd,all_1_50,0.454,0.07700000000000001,5,95,0.22560152727033342,0.05287576020851434,0.4202036202367811,0.4202036202367811,0.08011438630775745,0.4134492214058268
cadd,all_1_50,0.458,0.07900000000000001,5,95,0.22560152727033342,0.051351945043533825,0.4204962264689624,0.4204962264689624,0.08050263192673658,0.4150384473420256
cadd,all_1_50,0.464,0.07900000000000001,4,97,0.17675995951077672,0.04936877798816999,0.31936092888679796,0.31936092888679796,0.04298956276565486,0.3448856587766097
cadd,all_1_50,0.465,0.07800000000000001,4,96,0.17860120908901395,0.05003259096924555,0.31936092888679796,0.31936092888679796,0.04349852653569206,0.3481141389665717
cadd,all_1_50,0.466,0.07800000000000001,4,97,0.17675995951077672,0.05003259096924555,0.31009998284608037,0.31009998284608037,0.04316330530874699,0.34436141815980015
cadd,all_1_50,0.467,0.07700000000000001,4,96,0.17860120908901395,0.0503311070161018,0.31511865164770664,0.31511865164770664,0.04352358380216099,0.3480337653177901
cadd,all_1_50,0.468,0.07800000000000001,4,97,0.17675995951077672,0.0503311070161018,0.3067840746904262,0.3067840746904262,0.04306790764235723,0.3445194331078932
cadd,all_1_50,0.47,0.07900000000000007,4,96,0.17860120908901395,0.05201885342072258,0.2996471744355383,0.2996471744355383,0.04348998195929852,0.3474591757734118
cadd,all_1_50,0.472,0.08099999999999996,4,96,0.17860120908901395,0.05201885342072258,0.2996471744355383,0.2996471744355383,0.04348998195929852,0.3474591757734118
cadd,all_1_50,0.474,0.08200000000000007,5,95,0.22560152727033342,0.07096266306792623,0.3844336026833359,0.3844336026833359,0.08014503454523818,0.41400482089174745
cadd,all_1_50,0.478,0.08200000000000007,5,96,0.22325151136126745,0.07177664106658191,0.3698221811080275,0.3698221811080275,0.0792624328868437,0.4089190553163114
cadd,all_1_50,0.481,0.08099999999999996,5,96,0.22325151136126745,0.07177664106658191,0.3698221811080275,0.3698221811080275,0.0792011925032535,0.4098246468591904
cadd,all_1_50,0.482,0.08199999999999996,5,96,0.22325151136126745,0.07177664106658191,0.3698221811080275,0.3698221811080275,0.0792011925032535,0.4098246468591904
cadd,all_1_50,0.483,0.08299999999999996,5,97,0.2209499493884709,0.07137539203715675,0.3623697631295959,0.3623697631295959,0.07839924505986211,0.4047489172047324
cadd,all_1_50,0.487,0.08499999999999996,4,96,0.17860120908901395,0.05068048389966198,0.31877395761543215,0.31877395761543215,0.0444183169218014,0.3490937007527112
cadd,all_1_50,0.488,0.08499999999999996,4,98,0.17495628645454428,0.05011104026033994,0.31434204493351675,0.31434204493351675,0.04340484579170061,0.34162946300142977
cadd,all_1_50,0.489,0.08399999999999996,4,96,0.17860120908901395,0.05126301819735924,0.3149033420461837,0.3149033420461837,0.04428378476517636,0.3488241308793456
cadd,all_1_50,0.491,0.08599999999999997,4,96,0.17860120908901395,0.05126301819735924,0.3149033420461837,0.3149033420461837,0.04428378476517636,0.3488241308793456
cadd,all_1_50,0.492,0.08699999999999997,4,96,0.17860120908901395,0.05126301819735924,0.3149033420461837,0.3149033420461837,0.04428378476517636,0.3488241308793456
cadd,all_1_50,0.495,0.08700000000000002,4,96,0.17860120908901395,0.05126301819735924,0.3149033420461837,0.3149033420461837,0.04442099670992565,0.3476503550245124
cadd,all_1_50,0.498,0.08499999999999996,4,97,0.17675995951077672,0.05068048389966198,0.31370642087642386,0.31370642087642386,0.043868542466163375,0.34477599506196377
cadd,all_1_50,0.499,0.08399999999999996,4,97,0.17675995951077672,0.05068048389966198,0.31370642087642386,0.31370642087642386,0.043868542466163375,0.34477599506196377
cadd,all_1_50,0.501,0.08399999999999996,4,98,0.17495628645454428,0.05126301819735924,0.3053545604565643,0.3053545604565643,0.04343748083798365,0.34032659395354636
cadd,all_1_50,0.502,0.08300000000000002,4,96,0.17860120908901395,0.052856104651162784,0.30966055681826093,0.30966055681826093,0.04430635931007905,0.3477733192142551
cadd,all_1_50,0.505,0.08200000000000002,4,96,0.17860120908901395,0.052856104651162784,0.30966055681826093,0.30966055681826093,0.04429730470315134,0.34695406955991503
cadd,all_1_50,0.506,0.08300000000000002,4,96,0.17860120908901395,0.052856104651162784,0.30966055681826093,0.30966055681826093,0.04429730470315134,0.34695406955991503
cadd,all_1_50,0.507,0.08400000000000002,4,96,0.17860120908901395,0.052856104651162784,0.30966055681826093,0.30966055681826093,0.04429730470315134,0.34695406955991503
cadd,all_1_50,0.508,0.08499999999999996,4,99,0.17318905123783174,0.05122579285159412,0.3017369727047146,0.3017369727047146,0.04296596269139685,0.33705878303020903
cadd,all_1_50,0.51,0.08300000000000002,3,97,0.13256996963308254,0.050226505531310126,0.1979814984947835,0.1979814984947835,0.033280459243902584,0.27779032984097185
cadd,all_1_50,0.514,0.08400000000000002,3,97,0.13256996963308254,0.049763336882997694,0.19864022993536715,0.19864022993536715,0.03277345107435924,0.27810400797376655
cadd,all_1_50,0.519,0.08400000000000002,3,97,0.13256996963308254,0.04939291809795407,0.20312779367065978,0.20312779367065978,0.03285062508654105,0.27847907261852234
cadd,all_1_50,0.52,0.08500000000000002,3,97,0.13256996963308254,0.04939291809795407,0.20312779367065978,0.20312779367065978,0.03285062508654105,0.27847907261852234
cadd,all_1_50,0.523,0.08599999999999997,3,98,0.13121721484090823,0.048347243915635066,0.20598584355686428,0.20598584355686428,0.032914479320382294,0.2748508820712775
cadd,all_1_50,0.525,0.08499999999999996,3,97,0.13256996963308254,0.04984433193397778,0.2053771740665451,0.2053771740665451,0.03357971129797821,0.27776526786994366
cadd,all_1_50,0.526,0.08500000000000002,3,97,0.13256996963308254,0.04984433193397778,0.2053771740665451,0.2053771740665451,0.03357971129797821,0.27776526786994366
cadd,all_1_50,0.531,0.08799999999999997,3,97,0.13256996963308254,0.049863673701761695,0.20129153407299102,0.20129153407299102,0.03342993938954127,0.27737441743558255
cadd,all_1_50,0.532,0.08699999999999997,3,97,0.13256996963308254,0.049863673701761695,0.20129153407299102,0.20129153407299102,0.03342993938954127,0.27737441743558255
cadd,all_1_50,0.533,0.08700000000000002,3,97,0.13256996963308254,0.049863673701761695,0.20129153407299102,0.20129153407299102,0.03342993938954127,0.27737441743558255
cadd,all_1_50,0.534,0.08799999999999997,3,98,0.13121721484090823,0.04868337865113865,0.20129153407299102,0.20129153407299102,0.032927774257718485,0.27487162688040756
cadd,all_1_50,0.537,0.08699999999999997,3,98,0.13121721484090823,0.0472284764146845,0.21028183826314822,0.21028183826314822,0.032940503383864624,0.27486430395913153
cadd,all_1_50,0.538,0.08600000000000002,3,97,0.13256996963308254,0.048224005723934246,0.21074860779892035,0.21074860779892035,0.033183324347921254,0.27766481057926784
cadd,all_1_50,0.541,0.08799999999999997,3,98,0.13121721484090823,0.04681504339370719,0.21283707180739578,0.21283707180739578,0.0331698242230023,0.2745401791448254
cadd,all_1_50,0.542,0.08799999999999997,3,98,0.13121721484090823,0.04656362329259526,0.21446481199814946,0.21446481199814946,0.032718388378251376,0.274675950314276
cadd,all_1_50,0.543,0.08699999999999997,3,97,0.13256996963308254,0.04656362329259526,0.22034841835772326,0.22034841835772326,0.03321308559879801,0.27761363176427734
cadd,all_1_50,0.544,0.08600000000000002,3,97,0.13256996963308254,0.04656362329259526,0.22034841835772326,0.22034841835772326,0.03321308559879801,0.27761363176427734
cadd,all_1_50,0.546,0.08799999999999997,3,98,0.13121721484090823,0.0465611988280846,0.21832720989300214,0.21832720989300214,0.03294493601518082,0.2745923103674821
cadd,all_1_50,0.549,0.08500000000000002,3,97,0.13256996963308254,0.04747119022529981,0.2191455940669151,0.2191455940669151,0.03297026463474138,0.27676808059744024
cadd,all_1_50,0.556,0.08699999999999997,3,98,0.13121721484090823,0.04586876456653106,0.21708388518120458,0.21708388518120458,0.033134807865212605,0.2732405071364664
cadd,all_1_50,0.558,0.08600000000000008,3,97,0.13256996963308254,0.046735514443673264,0.2176568964100459,0.2176568964100459,0.033399678912667034,0.2767894133120712
cadd,all_1_50,0.559,0.08599999999999997,3,97,0.13256996963308254,0.04710643122497225,0.21505632103841382,0.21505632103841382,0.033520688562522626,0.2765699277082096
cadd,all_1_50,0.56,0.08600000000000008,3,97,0.13256996963308254,0.04710643122497225,0.21505632103841382,0.21505632103841382,0.033520688562522626,0.2765699277082096
cadd,all_1_50,0.562,0.08799999999999997,3,99,0.1298917884283738,0.04690220521912001,0.209183126904407,0.209183126904407,0.03259585441285994,0.2700368720723111
cadd,all_1_50,0.565,0.08600000000000008,3,97,0.13256996963308254,0.04900969871615664,0.20944806053232862,0.20944806053232862,0.033944058259575895,0.2763920473732491
cadd,all_1_50,0.569,0.08699999999999997,4,97,0.17675995951077672,0.04955425092411394,0.3375109170305677,0.3375109170305677,0.04333123028391168,0.3405940158879748
cadd,all_1_50,0.571,0.08600000000000008,4,96,0.17860120908901395,0.05068048389966198,0.3310988928221737,0.3310988928221737,0.043679091584966495,0.3461112973516594
cadd,all_1_50,0.573,0.08599999999999997,4,96,0.17860120908901395,0.05068048389966198,0.3310988928221737,0.3310988928221737,0.043679091584966495,0.3461112973516594
cadd,all_1_50,0.58,0.08800000000000008,4,98,0.17495628645454428,0.04795572670075542,0.32576670494277593,0.32576670494277593,0.04283125,0.33759075249974724
cadd,all_1_50,0.581,0.08700000000000008,4,97,0.17675995951077672,0.0482584543782607,0.33155968140182823,0.33155968140182823,0.04326329844016105,0.3410455246214845
cadd,all_1_50,0.582,0.08600000000000008,4,96,0.17860120908901395,0.049389761149644336,0.33416922478274025,0.33416922478274025,0.043815894197758505,0.3444541684831437
cadd,all_1_50,0.583,0.08500000000000008,4,96,0.17860120908901395,0.049389761149644336,0.33416922478274025,0.33416922478274025,0.043815894197758505,0.3444541684831437
cadd,all_1_50,0.584,0.08599999999999997,4,99,0.17318905123783174,0.04872906337991122,0.32768517966894695,0.32768517966894695,0.042486614667102886,0.333734433947957
cadd,all_1_50,0.585,0.08500000000000008,3,97,0.13256996963308254,0.0,0.32352377786615016,0.32352377786615016,0.0,0.27435207486358715
cadd,all_1_50,0.587,0.08499999999999996,3,97,0.13256996963308254,0.0,0.3298788731228059,0.3298788731228059,0.0,0.2736152325903453
cadd,all_1_50,0.593,0.08800000000000008,2,99,0.08659452561891587,0.0,0.19774517968099414,0.19774517968099414,0.0,0.20092089180068182
cadd,all_1_50,0.594,0.08799999999999997,2,99,0.08659452561891587,0.0,0.20154329270986848,0.20154329270986848,0.0,0.2009770348028537
cadd,all_1_50,0.601,0.08899999999999997,2,98,0.08747814322727214,0.0,0.2027897969137642,0.2027897969137642,0.0,0.2032809147784486
cadd,all_1_50,0.603,0.08799999999999997,2,98,0.08747814322727214,0.0,0.20354342065799488,0.20354342065799488,0.0,0.20232043231871355
cadd,all_1_50,0.606,0.08699999999999997,2,99,0.08659452561891587,0.0,0.19777530892201603,0.19777530892201603,0.0,0.2004787408977074
cadd,all_1_50,0.609,0.08799999999999997,2,99,0.08659452561891587,0.0,0.1953723626511929,0.1953723626511929,0.0,0.20048323252301406
cadd,all_1_50,0.61,0.08699999999999997,2,99,0.08659452561891587,0.0,0.1953723626511929,0.1953723626511929,0.0,0.20048323252301406
cadd,all_1_50,0.612,0.08899999999999997,2,99,0.08659452561891587,0.0,0.1953723626511929,0.1953723626511929,0.0,0.20048323252301406
cadd,all_1_50,0.619,0.08699999999999997,3,99,0.1298917884283738,0.04669413211593015,0.22011243873530448,0.22011243873530448,0.0,0.26809115776162973
cadd,all_1_50,0.622,0.08499999999999996,3,97,0.13256996963308254,0.04868627106535377,0.22371623947942015,0.22371623947942015,0.0,0.27382300698111667
cadd,all_1_50,0.624,0.08599999999999997,4,97,0.17675995951077672,0.05017713132897276,0.33881888102499186,0.33881888102499186,0.043119522190379476,0.34130133406570196
cadd,all_1_50,0.626,0.08499999999999996,4,96,0.17860120908901395,0.05077804377564979,0.3393665158371041,0.3393665158371041,0.04362685791439206,0.345626470699699
cadd,all_1_50,0.629,0.08599999999999997,4,96,0.17860120908901395,0.05019438810006761,0.3493516289895989,0.3493516289895989,0.043455784452682195,0.3442139660314687
cadd,all_1_50,0.63,0.08599999999999997,4,96,0.17860120908901395,0.05019438810006761,0.34367216934176753,0.34367216934176753,0.043470312211039745,0.3449883203974309
cadd,all_1_50,0.634,0.08599999999999997,4,96,0.17860120908901395,0.05128628176723095,0.3331272327562517,0.3331272327562517,0.04330498062270722,0.3450487256179663
cadd,all_1_50,0.635,0.08599999999999997,4,98,0.17495628645454428,0.05019438810006761,0.3289404306464973,0.3289404306464973,0.04242225443580964,0.3377189867557897
cadd,all_1_50,0.638,0.08299999999999996,4,97,0.17675995951077672,0.05073670854114665,0.3289452076555858,0.3289452076555858,0.0429222092053393,0.34096342359090465
cadd,all_1_50,0.64,0.08199999999999996,3,97,0.13256996963308254,0.049019607843137254,0.21670572282245815,0.21670572282245815,0.0,0.2782145953053997
cadd,all_1_50,0.641,0.08199999999999996,3,97,0.13256996963308254,0.04900295408687504,0.2152290187688418,0.2152290187688418,0.0,0.27842999216600195
cadd,all_1_50,0.642,0.08299999999999996,3,97,0.13256996963308254,0.04900295408687504,0.2152290187688418,0.2152290187688418,0.0,0.27842999216600195
cadd,all_1_50,0.643,0.08299999999999996,3,97,0.13256996963308254,0.04900295408687504,0.2152290187688418,0.2152290187688418,0.0,0.27922112180310293
cadd,all_1_50,0.645,0.08499999999999996,3,98,0.13121721484090823,0.048924275790132,0.21272340699969436,0.21272340699969436,0.0,0.27576810511831357
cadd,all_1_50,0.648,0.08799999999999997,3,100,0.12859287054409005,0.04761811229834485,0.21103127500343408,0.21103127500343408,0.0,0.2701238537697379
cadd,all_1_50,0.65,0.08599999999999997,3,97,0.13256996963308254,0.04894083763996555,0.21596589808176708,0.21596589808176708,0.0,0.278353339917497
cadd,all_1_50,0.651,0.08600000000000008,3,97,0.13256996963308254,0.04894083763996555,0.21596589808176708,0.21596589808176708,0.0,0.278353339917497
cadd,all_1_50,0.655,0.08400000000000007,3,97,0.13256996963308254,0.04950495049504951,0.20839493622056218,0.20839493622056218,0.0,0.2781435025120668
cadd,all_1_50,0.656,0.08399999999999996,3,98,0.13121721484090823,0.04939822864594653,0.20470283709049272,0.20470283709049272,0.0,0.2750836630374681
cadd,all_1_50,0.657,0.08400000000000007,3,98,0.13121721484090823,0.04939822864594653,0.20470283709049272,0.20470283709049272,0.0,0.2750836630374681
cadd,all_1_50,0.661,0.08100000000000007,3,97,0.13256996963308254,0.049848062615945016,0.20410175594007646,0.20410175594007646,0.0,0.27885749867383997
cadd,all_1_50,0.664,0.08199999999999996,3,99,0.1298917884283738,0.0486495317300352,0.19900125388459924,0.19900125388459924,0.0,0.27397854548809686
cadd,all_1_50,0.667,0.08299999999999996,3,98,0.13121721484090823,0.04782819443955863,0.20604163702755254,0.20604163702755254,0.0,0.27770987826579735
cadd,all_1_50,0.668,0.08299999999999996,3,98,0.13121721484090823,0.04786486186342173,0.2103296207026863,0.2103296207026863,0.0,0.2770615138504242
cadd,all_1_50,0.669,0.08200000000000007,3,97,0.13256996963308254,0.04894083763996555,0.2103296207026863,0.2103296207026863,0.0,0.279170963226593
cadd,all_1_50,0.67,0.08199999999999996,3,97,0.13256996963308254,0.04854368932038835,0.21402362546570342,0.21402362546570342,0.0,0.27942394421902206
cadd,all_1_50,0.671,0.08099999999999996,3,97,0.13256996963308254,0.04854368932038835,0.21402362546570342,0.21402362546570342,0.0,0.27942394421902206
cadd,all_1_50,0.676,0.08300000000000007,3,99,0.1298917884283738,0.04761900085301248,0.21077403249627089,0.21077403249627089,0.0,0.2746603261160274
cadd,all_1_50,0.681,0.08700000000000008,3,97,0.13256996963308254,0.04854368932038835,0.21402362546570342,0.21402362546570342,0.0,0.2819708739942183
cadd,all_1_50,0.682,0.08699999999999997,3,97,0.13256996963308254,0.048993263437077855,0.21485934909050863,0.21485934909050863,0.0,0.2818661650980112
cadd,all_1_50,0.683,0.08599999999999997,3,97,0.13256996963308254,0.048993263437077855,0.21485934909050863,0.21485934909050863,0.0,0.2818661650980112
cadd,all_1_50,0.684,0.08499999999999996,3,97,0.13256996963308254,0.048993263437077855,0.21485934909050863,0.21485934909050863,0.0,0.2818661650980112
cadd,all_1_50,0.688,0.08499999999999996,3,98,0.13121721484090823,0.04795572670075542,0.21677549823245187,0.21677549823245187,0.0,0.27852102012841157
cadd,all_1_50,0.69,0.08699999999999997,3,99,0.1298917884283738,0.04694613245442373,0.21403150458393982,0.21403150458393982,0.0,0.27443679303228663
cadd,all_1_50,0.691,0.08600000000000008,3,97,0.13256996963308254,0.04813893675909969,0.217399111637089,0.217399111637089,0.0,0.28094366731855
cadd,all_1_50,0.692,0.08599999999999997,3,97,0.13256996963308254,0.04813893675909969,0.217399111637089,0.217399111637089,0.0,0.28094366731855
cadd,all_1_50,0.696,0.08699999999999997,3,98,0.13121721484090823,0.047192950581395346,0.21682321723595654,0.21682321723595654,0.0,0.2765979279136397
cadd,all_1_50,0.697,0.08700000000000008,3,97,0.13256996963308254,0.04761811229834485,0.21934036523929468,0.21934036523929468,0.0,0.28008979390429045
cadd,all_1_50,0.703,0.08800000000000008,3,98,0.13121721484090823,0.04744555939542824,0.21253497088924875,0.21253497088924875,0.0,0.2767717808138565
cadd,all_1_50,0.704,0.08700000000000008,3,98,0.13121721484090823,0.04744555939542824,0.21253497088924875,0.21253497088924875,0.0,0.2767717808138565
cadd,all_1_50,0.705,0.08600000000000008,3,98,0.13121721484090823,0.04744555939542824,0.21253497088924875,0.21253497088924875,0.0,0.2767717808138565
cadd,all_1_50,0.706,0.08500000000000008,3,97,0.13256996963308254,0.047677886219552885,0.21934036523929468,0.21934036523929468,0.0,0.2792264522162619
cadd,all_1_50,0.707,0.08499999999999996,3,97,0.13256996963308254,0.047677886219552885,0.21934036523929468,0.21934036523929468,0.0,0.2792264522162619
cadd,all_1_50,0.71,0.08599999999999997,3,98,0.13121721484090823,0.04767462405383415,0.21433897842119637,0.21433897842119637,0.0,0.2766408743366844
cadd,all_1_50,0.712,0.08599999999999997,3,97,0.13256996963308254,0.04908616535548367,0.20886140119639057,0.20886140119639057,0.0,0.2793415282147862
cadd,all_1_50,0.713,0.08699999999999997,3,97,0.13256996963308254,0.04908616535548367,0.20886140119639057,0.20886140119639057,0.0,0.2793415282147862
cadd,all_1_50,0.716,0.08800000000000008,4,96,0.17860120908901395,0.056414812864727305,0.26438240745941693,0.26438240745941693,0.043463413429937835,0.3486350628739403
cadd,all_1_50,0.718,0.08800000000000008,4,96,0.17860120908901395,0.05722073876279484,0.26438240745941693,0.26438240745941693,0.04356625777192214,0.34884694587856685
cadd,all_1_50,0.72,0.08700000000000008,4,96,0.17860120908901395,0.05722073876279484,0.26438240745941693,0.26438240745941693,0.04357602289135978,0.3495669870054399
cadd,all_1_50,0.721,0.08699999999999997,4,97,0.17675995951077672,0.056414812864727305,0.26438240745941693,0.26438240745941693,0.04316977403877326,0.3456262955541244
cadd,all_1_50,0.723,0.08600000000000008,4,96,0.17860120908901395,0.056414812864727305,0.2660517970401691,0.2660517970401691,0.04330052051824965,0.34828414902811455
cadd,all_1_50,0.726,0.08599999999999997,4,97,0.17675995951077672,0.056392182415794904,0.26208903899645386,0.26208903899645386,0.042896685305733005,0.34563731518541824
cadd,all_1_50,0.729,0.08699999999999997,4,96,0.17860120908901395,0.058523082642852595,0.2628266015202866,0.2628266015202866,0.04356961246715546,0.34862511192628753
cadd,all_1_50,0.736,0.08799999999999997,4,96,0.17860120908901395,0.05945275516274805,0.26565919037199126,0.26565919037199126,0.04344890951861564,0.34751169775474616
cadd,all_1_50,0.738,0.08799999999999997,4,98,0.17495628645454428,0.05674052237529004,0.2628266015202866,0.2628266015202866,0.042644909492425366,0.3401551849656645
cadd,all_1_50,0.739,0.08699999999999997,4,96,0.17860120908901395,0.05674052237529004,0.2725523098490002,0.2725523098490002,0.04340248137454856,0.34671162159691676
cadd,all_1_50,0.74,0.08599999999999997,4,96,0.17860120908901395,0.05674052237529004,0.2725523098490002,0.2725523098490002,0.04340248137454856,0.34671162159691676
cadd,all_1_50,0.742,0.08599999999999997,4,96,0.17860120908901395,0.05674052237529004,0.2725523098490002,0.2725523098490002,0.04340940364687325,0.3459029559282609
cadd,all_1_50,0.744,0.08699999999999997,3,97,0.13256996963308254,0.0,0.23859996998042707,0.23859996998042707,0.0,0.2757911680484216
cadd,all_1_50,0.746,0.08799999999999997,3,99,0.1298917884283738,0.0,0.23023563403160616,0.23023563403160616,0.0,0.2697095814627257
cadd,all_1_50,0.747,0.08699999999999997,3,99,0.1298917884283738,0.0,0.23023563403160616,0.23023563403160616,0.0,0.2697095814627257
cadd,all_1_50,0.75,0.08399999999999996,3,97,0.13256996963308254,0.0,0.23393569633081202,0.23393569633081202,0.0,0.27615374713365143
cadd,all_1_50,0.751,0.08399999999999996,3,98,0.13121721484090823,0.0,0.23107862795581555,0.23107862795581555,0.0,0.2732332814211254
cadd,all_1_50,0.752,0.08399999999999996,3,97,0.13256996963308254,0.0,0.23110120587353022,0.23110120587353022,0.0,0.2759392250388552
cadd,all_1_50,0.754,0.08599999999999997,3,101,0.12731967380602977,0.0,0.21449062842096628,0.21449062842096628,0.0,0.26534545894702405
cadd,all_1_50,0.757,0.08599999999999997,3,97,0.13256996963308254,0.0,0.23047932590460016,0.23047932590460016,0.0,0.2771620718133975
cadd,all_1_50,0.765,0.08399999999999996,3,98,0.13121721484090823,0.0,0.2226269746822794,0.2226269746822794,0.0,0.27488177768160077
cadd,all_1_50,0.769,0.08599999999999997,3,97,0.13256996963308254,0.0,0.22305956973778854,0.22305956973778854,0.0,0.2772875999473239
cadd,all_1_50,0.77,0.08599999999999997,3,97,0.13256996963308254,0.0,0.22690826265693864,0.22690826265693864,0.0,0.27822353399127475
cadd,all_1_50,0.772,0.08499999999999996,3,97,0.13256996963308254,0.0,0.22690826265693864,0.22690826265693864,0.0,0.27826500603425425
cadd,all_1_50,0.777,0.08500000000000008,3,97,0.13256996963308254,0.0,0.22305956973778854,0.22305956973778854,0.0,0.2777932131153693
cadd,all_1_50,0.78,0.08400000000000007,3,97,0.13256996963308254,0.0,0.22690826265693864,0.22690826265693864,0.0,0.2780498166933545
cadd,all_1_50,0.782,0.08499999999999996,3,99,0.1298917884283738,0.0,0.2184210458021485,0.2184210458021485,0.0,0.27274806781024913
cadd,all_1_50,0.784,0.08299999999999996,3,97,0.13256996963308254,0.0,0.2230996904925214,0.2230996904925214,0.0,0.27863361314293705
cadd,all_1_50,0.785,0.08200000000000007,3,97,0.13256996963308254,0.0,0.2230996904925214,0.2230996904925214,0.0,0.27863361314293705
cadd,all_1_50,0.786,0.08299999999999996,3,100,0.12859287054409005,0.0,0.22280749553476825,0.22280749553476825,0.0,0.2699185319920313
cadd,all_1_50,0.788,0.08300000000000007,2,98,0.08747814322727214,0.0,0.1542834718560705,0.1542834718560705,0.0,0.20295872470023013
cadd,all_1_50,0.791,0.08600000000000008,2,99,0.08659452561891587,0.0,0.1522452496552201,0.1522452496552201,0.0,0.20075292522383864
cadd,all_1_50,0.795,0.08599999999999997,3,97,0.13256996963308254,0.05550125456620188,0.1994330383147334,0.1994330383147334,0.034130459562512545,0.2788511382358139
cadd,all_1_50,0.796,0.08600000000000008,3,97,0.13256996963308254,0.05550125456620188,0.1994330383147334,0.1994330383147334,0.034130459562512545,0.2788511382358139
cadd,all_1_50,0.797,0.08700000000000008,3,98,0.13121721484090823,0.053800861555984646,0.19864341581201655,0.19864341581201655,0.03384451614526334,0.2759175286813936
cadd,all_1_50,0.802,0.08999999999999997,2,99,0.08659452561891587,0.0,0.14663539453112925,0.14663539453112925,0.0,0.20522247464196675
cadd,all_1_50,0.804,0.08899999999999997,3,97,0.13256996963308254,0.0,0.2651519293382149,0.2651519293382149,0.03456474299965399,0.27981997497983774
cadd,all_1_50,0.806,0.08999999999999997,3,98,0.13121721484090823,0.0,0.2649538252986529,0.2649538252986529,0.03440276604080259,0.27644726563094835
cadd,all_1_50,0.807,0.08900000000000008,3,97,0.13256996963308254,0.0,0.26495826908328096,0.26495826908328096,0.03479784370636226,0.28028531081800434
cadd,all_1_50,0.808,0.09000000000000008,3,97,0.13256996963308254,0.0,0.26495826908328096,0.26495826908328096,0.03479784370636226,0.28028531081800434
cadd,all_1_50,0.809,0.08999999999999997,3,97,0.13256996963308254,0.0,0.2614304186842471,0.2614304186842471,0.035076796814946506,0.28006466568462934
cadd,all_1_50,0.81,0.09000000000000008,3,98,0.13121721484090823,0.0,0.25630433204337955,0.25630433204337955,0.03452948100360123,0.27732658917040365
cadd,all_1_50,0.812,0.09199999999999997,3,99,0.1298917884283738,0.0,0.2513754025810069,0.2513754025810069,0.034501960916204,0.27510010155303616
cadd,all_1_50,0.813,0.09199999999999997,3,97,0.13256996963308254,0.0,0.2541551288004382,0.2541551288004382,0.03502243846514804,0.28028086346038966
cadd,all_1_50,0.82,0.09300000000000008,4,96,0.17860120908901395,0.05575287982500869,0.3025453465920255,0.3025453465920255,0.0445644835123779,0.35128461391088667
cadd,all_1_50,0.821,0.09200000000000008,4,96,0.17860120908901395,0.05575287982500869,0.3025453465920255,0.3025453465920255,0.0445644835123779,0.35128461391088667
cadd,all_1_50,0.822,0.09200000000000008,4,98,0.17495628645454428,0.0545856575707322,0.2933028086337834,0.2933028086337834,0.043693820596014406,0.34215865429604775
cadd,all_1_50,0.823,0.09100000000000008,4,98,0.17495628645454428,0.0545856575707322,0.2933028086337834,0.2933028086337834,0.043693820596014406,0.34215865429604775
cadd,all_1_50,0.825,0.08900000000000008,4,98,0.17495628645454428,0.0545856575707322,0.2933028086337834,0.2933028086337834,0.043693820596014406,0.34215865429604775
cadd,all_1_50,0.826,0.08800000000000008,4,96,0.17860120908901395,0.05532245939756297,0.30037556471841753,0.30037556471841753,0.044531992744455504,0.3506900532849017
cadd,all_1_50,0.827,0.08800000000000008,4,96,0.17860120908901395,0.05713583606069215,0.29573804573804574,0.29573804573804574,0.04459539758649994,0.3506912470059672
cadd,all_1_50,0.83,0.08900000000000008,4,96,0.17860120908901395,0.057799151713720694,0.2909179677493901,0.2909179677493901,0.04463163644217074,0.35177744041898595
cadd,all_1_50,0.832,0.08900000000000008,4,96,0.17860120908901395,0.057072620961026166,0.29551865113416886,0.29551865113416886,0.044636249943492974,0.3531082197439075
cadd,all_1_50,0.834,0.08999999999999997,4,97,0.17675995951077672,0.057072620961026166,0.2897765639771312,0.2897765639771312,0.04418828677556205,0.34858375852139695
cadd,all_1_50,0.835,0.09099999999999997,4,99,0.17318905123783174,0.05703072840507323,0.2840306856611488,0.2840306856611488,0.04326329844016105,0.34093376775494605
cadd,all_1_50,0.838,0.09100000000000008,4,96,0.17860120908901395,0.057072620961026166,0.29551865113416886,0.29551865113416886,0.04464965324667553,0.35097819231751354
cadd,all_1_50,0.839,0.09199999999999997,4,97,0.17675995951077672,0.05698609517555613,0.2947062886164019,0.2947062886164019,0.0441126441306662,0.3474591546106029
cadd,all_1_50,0.84,0.09100000000000008,4,96,0.17860120908901395,0.05698609517555613,0.3004361550687817,0.3004361550687817,0.044557855135653454,0.35089741376971284
cadd,all_1_50,0.841,0.09099999999999997,4,96,0.17860120908901395,0.05698609517555613,0.3004361550687817,0.3004361550687817,0.044557855135653454,0.35089741376971284
cadd,all_1_50,0.843,0.09199999999999997,4,96,0.17860120908901395,0.05617200810161962,0.3047178739358403,0.3047178739358403,0.04456036842461258,0.3508233576937743
cadd,all_1_50,0.845,0.09200000000000008,4,96,0.17860120908901395,0.054424700681761896,0.3048888676032674,0.3048888676032674,0.04455965780826592,0.3508416295795934
cadd,all_1_50,0.847,0.09199999999999997,4,97,0.17675995951077672,0.05454457870517577,0.3048930779757185,0.3048930779757185,0.044410971421554445,0.34622916575271184
cadd,all_1_50,0.849,0.08999999999999997,4,96,0.17860120908901395,0.05464308881954297,0.30536925760806355,0.30536925760806355,0.044805414476154146,0.3508363152517322
cadd,all_1_50,0.85,0.08899999999999997,4,96,0.17860120908901395,0.05464308881954297,0.30536925760806355,0.30536925760806355,0.044805414476154146,0.3508363152517322
cadd,all_1_50,0.855,0.08599999999999997,4,96,0.17860120908901395,0.05464308881954297,0.30536925760806355,0.30536925760806355,0.044840474375337884,0.3491072262601362
cadd,all_1_50,0.856,0.08599999999999997,4,96,0.17860120908901395,0.05551058869009508,0.3043751341638906,0.3043751341638906,0.04477108797417739,0.3508346433869739
cadd,all_1_50,0.857,0.08699999999999997,4,96,0.17860120908901395,0.05551058869009508,0.3043751341638906,0.3043751341638906,0.04477108797417739,0.3508346433869739
cadd,all_1_50,0.858,0.08799999999999997,4,96,0.17860120908901395,0.05551058869009508,0.3043751341638906,0.3043751341638906,0.04477108797417739,0.3508346433869739
cadd,all_1_50,0.859,0.08799999999999997,4,96,0.17860120908901395,0.05458541221192682,0.3107606264890072,0.3107606264890072,0.04471406469133444,0.3499757600058322
cadd,all_1_50,0.861,0.08699999999999997,4,97,0.17675995951077672,0.05458541221192682,0.3043751341638906,0.3043751341638906,0.04410979980488456,0.34696293841173026
cadd,all_1_50,0.863,0.08499999999999996,4,96,0.17860120908901395,0.05481977061714909,0.3077645459761915,0.3077645459761915,0.044490369951097404,0.35016497214422393
cadd,all_1_50,0.865,0.08399999999999996,4,96,0.17860120908901395,0.054068814855270333,0.31383586592053236,0.31383586592053236,0.044631402921441986,0.3507873670678976
cadd,all_1_50,0.867,0.08299999999999996,4,97,0.17675995951077672,0.053338155195063984,0.3121482519682687,0.3121482519682687,0.044017193912004565,0.3480715974565037
cadd,all_1_50,0.869,0.08399999999999996,4,97,0.17675995951077672,0.05456629835631773,0.31074516419051246,0.31074516419051246,0.044053516278906996,0.3485267097610816
cadd,all_1_50,0.87,0.08399999999999996,4,97,0.17675995951077672,0.055412712988470565,0.3045794349908652,0.3045794349908652,0.04397648656839189,0.3480171152588416
cadd,all_1_50,0.874,0.08099999999999996,4,96,0.17860120908901395,0.05892379189819583,0.2961613087548464,0.2961613087548464,0.04442926691013042,0.35379478260210945
cadd,all_1_50,0.879,0.08199999999999996,4,97,0.17675995951077672,0.058038930481342406,0.2951393973528584,0.2951393973528584,0.04392669989589853,0.3480759553061545
cadd,all_1_50,0.88,0.08099999999999996,4,96,0.17860120908901395,0.05898772672966222,0.2951393973528584,0.2951393973528584,0.04446110013578434,0.3517031273981477
cadd,all_1_50,0.881,0.07999999999999996,4,96,0.17860120908901395,0.05898772672966222,0.2951393973528584,0.2951393973528584,0.04446110013578434,0.3517031273981477
cadd,all_1_50,0.884,0.07799999999999996,3,98,0.13121721484090823,0.0,0.2748733529290293,0.2748733529290293,0.03624995568581941,0.274898236699771
cadd,all_1_50,0.887,0.07799999999999996,3,97,0.13256996963308254,0.0,0.2798204061606229,0.2798204061606229,0.036669279169735926,0.27822353399127475
cadd,all_1_50,0.892,0.07899999999999996,3,98,0.13121721484090823,0.0,0.2763543575124186,0.2763543575124186,0.0361237725093347,0.2744350530201487
cadd,all_1_50,0.893,0.07799999999999996,3,97,0.13256996963308254,0.0,0.27679487179487183,0.27679487179487183,0.036250342847985235,0.27768996603984397
cadd,all_1_50,0.896,0.07600000000000007,3,97,0.13256996963308254,0.0,0.27679487179487183,0.27679487179487183,0.036250342847985235,0.27768996603984397
cadd,all_1_50,0.899,0.07599999999999996,3,98,0.13121721484090823,0.0,0.28768179107216585,0.28768179107216585,0.0362944441863465,0.27520024004100613
cadd,all_1_50,0.9,0.07500000000000007,3,97,0.13256996963308254,0.0,0.2878905306968595,0.2878905306968595,0.03664888806375681,0.2786010971088882
cadd,all_1_50,0.904,0.07299999999999995,3,97,0.13256996963308254,0.0,0.3048591395912206,0.3048591395912206,0.03656111499788399,0.2778917692529425
cadd,all_1_50,0.909,0.07400000000000007,3,97,0.13256996963308254,0.0,0.2992950417052407,0.2992950417052407,0.036902531423418046,0.2785980149626002
cadd,all_1_50,0.912,0.07399999999999995,3,98,0.13121721484090823,0.0,0.297540425410022,0.297540425410022,0.03647235772840216,0.2748925829846688
cadd,all_1_50,0.913,0.07399999999999995,3,98,0.13121721484090823,0.0,0.2934372533565585,0.2934372533565585,0.03635320843282672,0.2753047912979262
cadd,all_1_50,0.914,0.07400000000000007,3,98,0.13121721484090823,0.0,0.2916576038597671,0.2916576038597671,0.036370010520535886,0.27530003119807295
cadd,all_1_50,0.915,0.07500000000000007,3,98,0.13121721484090823,0.0,0.2916576038597671,0.2916576038597671,0.036370010520535886,0.27530003119807295
cadd,all_1_50,0.916,0.07599999999999996,3,100,0.12859287054409005,0.0,0.2910464010905435,0.2910464010905435,0.035609588094126635,0.2695633554989713
cadd,all_1_50,0.917,0.07499999999999996,3,97,0.13256996963308254,0.0,0.2970390690499149,0.2970390690499149,0.036744889241299684,0.27811125267646997
cadd,all_1_50,0.919,0.07499999999999996,3,97,0.13256996963308254,0.0,0.30303030303030304,0.30303030303030304,0.03676343621843298,0.2775004874797394
cadd,all_1_50,0.92,0.07499999999999996,3,98,0.13121721484090823,0.0,0.29735849056603775,0.29735849056603775,0.03643501380481722,0.27512102950317846
cadd,all_1_50,0.921,0.07400000000000007,3,97,0.13256996963308254,0.0,0.30303030303030304,0.30303030303030304,0.03680095422714292,0.27748949947026935
cadd,all_1_50,0.923,0.07399999999999995,3,98,0.13121721484090823,0.0,0.30303030303030304,0.30303030303030304,0.036437606571294544,0.27590799174761255
cadd,all_1_50,0.926,0.07199999999999995,3,98,0.13121721484090823,0.0,0.30311438997302864,0.30311438997302864,0.03626946760334442,0.27612785117665734
cadd,all_1_50,0.929,0.07099999999999995,3,98,0.13121721484090823,0.0,0.2997787555795366,0.2997787555795366,0.03612869297519928,0.2761185649975673
cadd,all_1_50,0.931,0.07099999999999995,3,98,0.13121721484090823,0.0,0.3050049349956608,0.3050049349956608,0.03605772089412192,0.27593254535634093
cadd,all_1_50,0.933,0.07000000000000006,3,97,0.13256996963308254,0.0,0.30770088752210834,0.30770088752210834,0.03650936435335511,0.2791297893809574
cadd,all_1_50,0.937,0.06999999999999984,4,98,0.17495628645454428,0.038188025210084034,0.39703732579670603,0.39703732579670603,0.04301607450987625,0.342504638219444
cadd,all_1_50,0.939,0.06999999999999995,4,97,0.17675995951077672,0.039322067121235454,0.3970737020513632,0.3970737020513632,0.04349685754898974,0.3455790774229242
cadd,all_1_50,0.941,0.07199999999999995,4,98,0.17495628645454428,0.039322067121235454,0.3913946857985548,0.3913946857985548,0.04316350025760403,0.3421658768381014
cadd,all_1_50,0.942,0.07200000000000006,4,96,0.17860120908901395,0.040101662275785224,0.4013529489031919,0.4013529489031919,0.04395169658607451,0.3493765173453658
cadd,all_1_50,0.947,0.07100000000000006,4,96,0.17860120908901395,0.041064664502164505,0.3970547825574277,0.3970547825574277,0.04378886264142913,0.3504223302410584
cadd,all_1_50,0.948,0.07000000000000006,4,96,0.17860120908901395,0.041064664502164505,0.3970547825574277,0.3970547825574277,0.04378886264142913,0.3504223302410584
cadd,all_1_50,0.949,0.06999999999999995,4,96,0.17860120908901395,0.041064664502164505,0.3970547825574277,0.3970547825574277,0.04378886264142913,0.3504223302410584
cadd,all_1_50,0.95,0.07000000000000006,4,96,0.17860120908901395,0.040152116402116404,0.40576342086916106,0.40576342086916106,0.044028105157599404,0.3496455430676822
cadd,all_1_50,0.953,0.07199999999999995,4,96,0.17860120908901395,0.040152116402116404,0.40576342086916106,0.40576342086916106,0.04408736237307588,0.3489060288677537
cadd,all_1_50,0.954,0.07299999999999995,4,97,0.17675995951077672,0.03927924430641822,0.40576342086916106,0.40576342086916106,0.04366240551020378,0.3459403673275762
cadd,all_1_50,0.955,0.07399999999999995,4,97,0.17675995951077672,0.03927924430641822,0.40576342086916106,0.40576342086916106,0.04366240551020378,0.3459403673275762
cadd,all_1_50,0.957,0.07500000000000007,3,97,0.13256996963308254,0.036197523406825735,0.2990030532001911,0.2990030532001911,0.03591904157024047,0.27893023242686005
cadd,all_1_50,0.959,0.07399999999999995,3,97,0.13256996963308254,0.035520934184268244,0.30395673213777397,0.30395673213777397,0.03589571405521648,0.27846846986467083
cadd,all_1_50,0.961,0.07300000000000006,3,97,0.13256996963308254,0.035520934184268244,0.30395673213777397,0.30395673213777397,0.035994465637441804,0.27847693372359034
cadd,all_1_50,0.962,0.07200000000000006,3,97,0.13256996963308254,0.035520934184268244,0.30395673213777397,0.30395673213777397,0.035994465637441804,0.27847693372359034
cadd,all_1_50,0.963,0.07100000000000006,3,97,0.13256996963308254,0.035520934184268244,0.30395673213777397,0.30395673213777397,0.035994465637441804,0.27847693372359034
cadd,all_1_50,0.964,0.07199999999999995,3,97,0.13256996963308254,0.035520934184268244,0.30395673213777397,0.30395673213777397,0.035994465637441804,0.27847693372359034
cadd,all_1_50,0.967,0.07100000000000006,2,99,0.08659452561891587,0.0,0.25224092937506337,0.25224092937506337,0.0,0.2011286579834069
cadd,all_1_50,0.969,0.06999999999999995,2,98,0.08747814322727214,0.0,0.25836041061621184,0.25836041061621184,0.0,0.2029672821542273
cadd,all_1_50,0.971,0.07100000000000006,2,98,0.08747814322727214,0.0,0.26071709907757984,0.26071709907757984,0.0,0.20250555463213377
cadd,all_1_50,0.973,0.07299999999999995,2,98,0.08747814322727214,0.0,0.26071709907757984,0.26071709907757984,0.0,0.20250555463213377
cadd,all_1_50,0.974,0.07299999999999995,2,98,0.08747814322727214,0.0,0.2584162395739122,0.2584162395739122,0.0,0.2033471216552085
cadd,all_1_50,0.975,0.07199999999999995,2,98,0.08747814322727214,0.0,0.2584162395739122,0.2584162395739122,0.0,0.2033471216552085
cadd,all_1_50,0.976,0.07199999999999995,2,99,0.08659452561891587,0.0,0.25256508749466494,0.25256508749466494,0.0,0.20125209491850168
cadd,all_1_50,0.977,0.07100000000000006,2,98,0.08747814322727214,0.0,0.25528469144220933,0.25528469144220933,0.0,0.20296398208502267
cadd,all_1_50,0.979,0.06999999999999995,2,98,0.08747814322727214,0.0,0.25528469144220933,0.25528469144220933,0.0,0.20296398208502267
cadd,all_1_50,0.981,0.07199999999999995,2,100,0.08572858036272671,0.0,0.2522813421311245,0.2522813421311245,0.0,0.19834887582827865
cadd,all_1_50,0.982,0.07099999999999995,2,98,0.08747814322727214,0.0,0.25528624308221276,0.25528624308221276,0.0,0.20232526894613895
cadd,all_1_50,0.985,0.07199999999999995,1,99,0.043297262809457934,0.0,0.16878401922450673,0.16878401922450673,0.0,0.12760759043212275
cadd,all_1_50,0.986,0.07200000000000006,1,99,0.043297262809457934,0.0,0.169924771053833,0.169924771053833,0.0,0.12760759043212275
cadd,all_1_50,0.987,0.07299999999999995,1,100,0.042864290181363354,0.0,0.16987896101512126,0.16987896101512126,0.0,0.1262524617518657
cadd,all_1_50,0.988,0.07399999999999995,1,103,0.0416158157100615,0.0,0.16297080829809724,0.16297080829809724,0.0,0.12234368166331866
cadd,all_1_50,0.992,0.07400000000000007,1,99,0.043297262809457934,0.0,0.1738939396606966,0.1738939396606966,0.0,0.12694210399091715
cadd,all_1_50,0.994,0.07499999999999996,1,99,0.043297262809457934,0.0,0.1738939396606966,0.1738939396606966,0.0,0.12694210399091715
cadd,all_1_50,0.995,0.07500000000000007,1,100,0.042864290181363354,0.0,0.1738939396606966,0.1738939396606966,0.0,0.12636652086508915
cadd,all_1_50,0.997,0.07399999999999995,1,99,0.043297262809457934,0.0,0.1783422548791435,0.1783422548791435,0.0,0.12760759043212275
cadd,all_1_50,0.998,0.07400000000000007,1,100,0.042864290181363354,0.0,0.17283835026450073,0.17283835026450073,0.0,0.12640371912737888
cadd,all_1_50,0.999,0.07300000000000006,1,100,0.042864290181363354,0.0,0.17283835026450073,0.17283835026450073,0.0,0.12640371912737888
cadd,all_1_50,1.0,0.07399999999999995,1,100,0.042864290181363354,0.0,0.17283835026450073,0.17283835026450073,0.0,0.12640371912737888
cadd,all_1_50,1.002,0.07299999999999995,1,100,0.042864290181363354,0.0,0.17156976418753048,0.17156976418753048,0.0,0.1259743522859773
cadd,all_1_50,1.005,0.07200000000000006,1,99,0.043297262809457934,0.0,0.17283835026450073,0.17283835026450073,0.0,0.12722019997905484
cadd,all_1_50,1.006,0.07299999999999995,1,100,0.042864290181363354,0.0,0.1694403545060859,0.1694403545060859,0.0,0.12590409822193255
cadd,all_1_50,1.007,0.07200000000000006,1,99,0.043297262809457934,0.0,0.16982866725874818,0.16982866725874818,0.0,0.12780395173007356
cadd,all_1_50,1.009,0.07199999999999984,1,99,0.043297262809457934,0.0,0.16982866725874818,0.16982866725874818,0.0,0.12780395173007356
cadd,all_1_50,1.011,0.07199999999999995,1,100,0.042864290181363354,0.0,0.16766986278705875,0.16766986278705875,0.0,0.12656440957468618
cadd,all_1_50,1.014,0.07200000000000006,2,98,0.08747814322727214,0.0,0.19803432595336262,0.19803432595336262,0.0,0.20338957219475529
cadd,all_1_50,1.017,0.07000000000000006,2,98,0.08747814322727214,0.0,0.19861385615714414,0.19861385615714414,0.0,0.20422901540397484
cadd,all_1_50,1.018,0.07000000000000006,2,98,0.08747814322727214,0.0,0.19802677621846282,0.19802677621846282,0.0,0.2040586926757982
cadd,all_1_50,1.02,0.07000000000000006,3,98,0.13121721484090823,0.04245000850035033,0.2608171117356645,0.2608171117356645,0.0,0.272164950867598
cadd,all_1_50,1.024,0.07400000000000007,3,99,0.1298917884283738,0.0420233815883765,0.2593701260355369,0.2593701260355369,0.0,0.26941698490739285
cadd,all_1_50,1.026,0.07299999999999995,3,98,0.13121721484090823,0.044425047438330166,0.257619658903356,0.257619658903356,0.0,0.2729589220442781
cadd,all_1_50,1.032,0.07700000000000007,3,99,0.1298917884283738,0.04313799568128894,0.26708478335691616,0.26708478335691616,0.0,0.27054864777311083
cadd,all_1_50,1.033,0.07700000000000018,3,97,0.13256996963308254,0.04313756748111725,0.2847933694025555,0.2847933694025555,0.0,0.27551441133879084
cadd,all_1_50,1.034,0.07700000000000007,3,97,0.13256996963308254,0.04313756748111725,0.2847933694025555,0.2847933694025555,0.0,0.27551441133879084
cadd,all_1_50,1.037,0.07799999999999996,3,97,0.13256996963308254,0.04361459248283676,0.2793176277946537,0.2793176277946537,0.0,0.27635547549503336
cadd,all_1_50,1.038,0.07800000000000007,3,97,0.13256996963308254,0.04363245360112428,0.28162676276158494,0.28162676276158494,0.0,0.27542404645185914
cadd,all_1_50,1.042,0.08000000000000007,3,99,0.1298917884283738,0.04275808936825886,0.272639801355336,0.272639801355336,0.0,0.26991553515602135
cadd,all_1_50,1.047,0.08299999999999996,3,98,0.13121721484090823,0.042209908735332466,0.27339263247147666,0.27339263247147666,0.0,0.27362135239797875
cadd,all_1_50,1.048,0.08199999999999985,3,97,0.13256996963308254,0.04314455256117065,0.2757795564468469,0.2757795564468469,0.0,0.27631415218528804
cadd,all_1_50,1.052,0.08500000000000008,3,98,0.13121721484090823,0.04292687322189923,0.2706971290505969,0.2706971290505969,0.0,0.27295647847544585
cadd,all_1_50,1.053,0.08599999999999997,3,99,0.1298917884283738,0.042508890286042676,0.2645730119612006,0.2645730119612006,0.0,0.2694487646371217
cadd,all_1_50,1.055,0.08599999999999997,3,97,0.13256996963308254,0.04300064868377263,0.2728286025076882,0.2728286025076882,0.0,0.27571305248515493
cadd,all_1_50,1.058,0.08599999999999985,3,97,0.13256996963308254,0.04242555341766704,0.2708340502090502,0.2708340502090502,0.0,0.2763391405339423
cadd,all_1_50,1.059,0.08599999999999997,3,97,0.13256996963308254,0.04242555341766704,0.2708340502090502,0.2708340502090502,0.0,0.2763391405339423
cadd,all_1_50,1.061,0.08799999999999997,3,99,0.1298917884283738,0.04210743230828366,0.26859870169361555,0.26859870169361555,0.0,0.2699134612879275
cadd,all_1_50,1.062,0.08800000000000008,3,97,0.13256996963308254,0.04300064868377263,0.2728286025076882,0.2728286025076882,0.0,0.27584318247216133
cadd,all_1_50,1.064,0.08900000000000008,3,98,0.13121721484090823,0.042029800340864364,0.2703286530850092,0.2703286530850092,0.0,0.27265802080649876
cadd,all_1_50,1.066,0.09000000000000008,3,98,0.13121721484090823,0.041310541310541314,0.27721554732804987,0.27721554732804987,0.0,0.27361250693155104
cadd,all_1_50,1.07,0.09300000000000008,3,98,0.13121721484090823,0.042827308632399995,0.272639801355336,0.272639801355336,0.0,0.27233565744638377
cadd,all_1_50,1.071,0.09399999999999997,3,99,0.1298917884283738,0.04202213693318577,0.270849296768198,0.270849296768198,0.0,0.269338508492136
cadd,all_1_50,1.072,0.09300000000000008,3,97,0.13256996963308254,0.042209908735332466,0.27211805349035467,0.27211805349035467,0.0,0.27495245082440634
cadd,all_1_50,1.075,0.09399999999999997,3,98,0.13121721484090823,0.041116898148148145,0.27192066757435035,0.27192066757435035,0.0,0.2711846701429373
cadd,all_1_50,1.077,0.09499999999999997,3,98,0.13121721484090823,0.04139788645652349,0.2637462235649547,0.2637462235649547,0.0,0.2729804761835788
cadd,all_1_50,1.079,0.09399999999999997,3,98,0.13121721484090823,0.04191182524072248,0.26406015037593983,0.26406015037593983,0.0,0.27331674031860037
cadd,all_1_50,1.082,0.09599999999999986,3,98,0.13121721484090823,0.04205681640260402,0.2685118427807469,0.2685118427807469,0.0,0.27390239863758836
cadd,all_1_50,1.083,0.09599999999999997,3,98,0.13121721484090823,0.04191182524072248,0.26406015037593983,0.26406015037593983,0.0,0.2729738575460721
cadd,all_1_50,1.084,0.09600000000000009,3,97,0.13256996963308254,0.04205681640260402,0.27047601717876446,0.27047601717876446,0.0,0.2755118365334654
cadd,all_1_50,1.086,0.09499999999999997,3,97,0.13256996963308254,0.04194445982540281,0.2640612420039953,0.2640612420039953,0.0,0.2755315064318936
cadd,all_1_50,1.087,0.09499999999999997,3,99,0.1298917884283738,0.04148353169545334,0.25811547333176726,0.25811547333176726,0.0,0.2690165313210813
cadd,all_1_50,1.088,0.09400000000000008,3,97,0.13256996963308254,0.043383835428984004,0.26113941284380215,0.26113941284380215,0.0,0.2746534024115809
cadd,all_1_50,1.089,0.09499999999999997,3,97,0.13256996963308254,0.043383835428984004,0.26113941284380215,0.26113941284380215,0.0,0.2746534024115809
cadd,all_1_50,1.09,0.09500000000000008,3,97,0.13256996963308254,0.043383835428984004,0.26113941284380215,0.26113941284380215,0.0,0.27426878888304523
cadd,all_1_50,1.098,0.09900000000000009,4,96,0.17860120908901395,0.051265064797142885,0.2977232473029556,0.2977232473029556,0.04376891947869866,0.34783923819409934
cadd,all_1_50,1.099,0.09999999999999998,4,96,0.17860120908901395,0.051265064797142885,0.2977232473029556,0.2977232473029556,0.04376891947869866,0.34783923819409934
cadd,all_1_50,1.105,0.09899999999999998,3,97,0.13256996963308254,0.0,0.2138271182808265,0.2138271182808265,0.03392640473125722,0.27472888284522856
cadd,all_1_50,1.106,0.10000000000000009,3,97,0.13256996963308254,0.0,0.2138271182808265,0.2138271182808265,0.03392640473125722,0.27472888284522856
cadd,all_1_50,1.108,0.1010000000000002,3,98,0.13121721484090823,0.0,0.21037836423239026,0.21037836423239026,0.033504882131540216,0.27264362734617803
cadd,all_1_50,1.11,0.1010000000000002,3,97,0.13256996963308254,0.0,0.2134784703171037,0.2134784703171037,0.03335482302066729,0.2747354766314603
cadd,all_1_50,1.114,0.10199999999999987,3,97,0.13256996963308254,0.0,0.2121841835022561,0.2121841835022561,0.03364188976215578,0.2754845293297416
cadd,all_1_50,1.116,0.10200000000000009,3,97,0.13256996963308254,0.0,0.2121841835022561,0.2121841835022561,0.03364188976215578,0.2754845293297416
cadd,all_1_50,1.117,0.10200000000000009,3,97,0.13256996963308254,0.0,0.21079309109941874,0.21079309109941874,0.03364090305824772,0.27486560663142956
cadd,all_1_50,1.119,0.10099999999999998,3,97,0.13256996963308254,0.0,0.21142441860465114,0.21142441860465114,0.033512925925144106,0.2752838570694856
cadd,all_1_50,1.124,0.09899999999999998,3,97,0.13256996963308254,0.0,0.2134784703171037,0.2134784703171037,0.033620575893770085,0.27466909710795245
cadd,all_1_50,1.125,0.09899999999999998,3,97,0.13256996963308254,0.0,0.2134784703171037,0.2134784703171037,0.033620575893770085,0.27466909710795245
cadd,all_1_50,1.13,0.09799999999999986,4,98,0.17495628645454428,0.0,0.2924926114154548,0.2924926114154548,0.04313769776068395,0.33851939325868097
cadd,all_1_50,1.134,0.09699999999999998,4,96,0.17860120908901395,0.0,0.29676257654560745,0.29676257654560745,0.04391821842803962,0.3458492998924223
cadd,all_1_50,1.139,0.09800000000000009,4,96,0.17860120908901395,0.0,0.3011600942008608,0.3011600942008608,0.044040481933880625,0.3471075578598918
cadd,all_1_50,1.143,0.09600000000000009,4,96,0.17860120908901395,0.0,0.2972893756077953,0.2972893756077953,0.044104830321978,0.34772039230404017
cadd,all_1_50,1.144,0.09699999999999998,4,96,0.17860120908901395,0.0,0.2972893756077953,0.2972893756077953,0.044104830321978,0.34772039230404017
cadd,all_1_50,1.148,0.09599999999999986,4,98,0.17495628645454428,0.0,0.2983636363636364,0.2983636363636364,0.043250353065379644,0.33897907064682825
cadd,all_1_50,1.149,0.09499999999999997,4,96,0.17860120908901395,0.0,0.305490168397082,0.305490168397082,0.044180213645896395,0.3458406593624578
cadd,all_1_50,1.151,0.09400000000000008,5,95,0.22560152727033342,0.053086419753086415,0.3589411479334468,0.3589411479334468,0.07853724911272263,0.41294496366119804
cadd,all_1_50,1.152,0.09399999999999986,5,95,0.22560152727033342,0.053086419753086415,0.3589411479334468,0.3589411479334468,0.07853724911272263,0.41294496366119804
cadd,all_1_50,1.156,0.09399999999999986,5,95,0.22560152727033342,0.05096296296296296,0.36873280451817125,0.36873280451817125,0.07900997456300149,0.4129451300355556
cadd,all_1_50,1.16,0.09499999999999997,5,95,0.22560152727033342,0.052763611587141004,0.36260122699386504,0.36260122699386504,0.07900475074127242,0.41290848651820605
cadd,all_1_50,1.161,0.09499999999999997,5,97,0.2209499493884709,0.052763611587141004,0.34867482610390865,0.34867482610390865,0.07713370575188455,0.40449399521955376
cadd,all_1_50,1.163,0.09299999999999997,5,96,0.22325151136126745,0.05392732899742871,0.35204002620763597,0.35204002620763597,0.07829666820788694,0.4086945472199843
cadd,all_1_50,1.165,0.09499999999999997,5,96,0.22325151136126745,0.05392732899742871,0.35204002620763597,0.35204002620763597,0.07829666820788694,0.4086945472199843
cadd,all_1_50,1.166,0.09499999999999997,5,95,0.22560152727033342,0.0546031746031746,0.35549139901359317,0.35549139901359317,0.07919629695137809,0.41371965330915583
cadd,all_1_50,1.167,0.09499999999999997,5,96,0.22325151136126745,0.05392732899742871,0.35549139901359317,0.35549139901359317,0.07852503946759655,0.41132091737771687
cadd,all_1_50,1.171,0.09599999999999986,6,96,0.26790181363352095,0.07855461893158415,0.4179213963826507,0.4179213963826507,0.09650804806397374,0.4747511100793793
cadd,all_1_50,1.172,0.09499999999999997,6,94,0.2736018522214682,0.081039493149372,0.4256215081447874,0.4256215081447874,0.09899632583579285,0.4845587151845272
cadd,all_1_50,1.173,0.09600000000000009,6,94,0.2736018522214682,0.081039493149372,0.4256215081447874,0.4256215081447874,0.09899632583579285,0.4845587151845272
cadd,all_1_50,1.178,0.09699999999999998,6,94,0.2736018522214682,0.08373143108229554,0.41947211729121175,0.41947211729121175,0.09868916228174789,0.4840930406945293
cadd,all_1_50,1.179,0.09699999999999998,6,95,0.2707218327244001,0.08276283618581906,0.4191954635464399,0.4191954635464399,0.09786269395940543,0.4771650963868172
cadd,all_1_50,1.181,0.09799999999999986,6,96,0.26790181363352095,0.08098914147737592,0.41032802472070357,0.41032802472070357,0.09672296293582469,0.47226128163843745
cadd,all_1_50,1.182,0.09699999999999998,6,94,0.2736018522214682,0.0810706321441781,0.4226439532140319,0.4226439532140319,0.09868902772406002,0.48113584277622107
cadd,all_1_50,1.185,0.09799999999999986,5,96,0.22325151136126745,0.0721054216333977,0.36690991824319014,0.36690991824319014,0.07901068082011094,0.4101961919391251
cadd,all_1_50,1.187,0.09899999999999998,5,96,0.22325151136126745,0.07698868482401773,0.3600955986185369,0.3600955986185369,0.07894998861611156,0.4097458680947618
cadd,all_1_50,1.188,0.09899999999999998,5,95,0.22560152727033342,0.07698868482401773,0.36273797309621525,0.36273797309621525,0.07972914252945326,0.41375654063094325
cadd,all_1_50,1.191,0.10099999999999998,4,96,0.17860120908901395,0.05489138263529372,0.2746447560652087,0.2746447560652087,0.044110450577819385,0.3451598598268031
cadd,all_1_50,1.195,0.10499999999999998,4,98,0.17495628645454428,0.054153814958288866,0.2682211596327866,0.2682211596327866,0.04330144787073561,0.33853135513843885
cadd,all_1_50,1.2,0.10099999999999998,5,95,0.22560152727033342,0.06884217528581978,0.40162230822550393,0.40162230822550393,0.08037091392317768,0.41652576784202594
cadd,all_1_50,1.201,0.10099999999999998,5,95,0.22560152727033342,0.06884217528581978,0.40162230822550393,0.40162230822550393,0.08017646072578764,0.4163442037044396
cadd,all_1_50,1.202,0.10000000000000009,5,95,0.22560152727033342,0.06884217528581978,0.40162230822550393,0.40162230822550393,0.08017646072578764,0.4163442037044396
cadd,all_1_50,1.203,0.09899999999999998,5,95,0.22560152727033342,0.06884217528581978,0.40162230822550393,0.40162230822550393,0.08017646072578764,0.4163442037044396
cadd,all_1_50,1.204,0.09899999999999998,5,95,0.22560152727033342,0.06884217528581978,0.40162230822550393,0.40162230822550393,0.08017646072578764,0.4163442037044396
cadd,all_1_50,1.207,0.10099999999999998,5,95,0.22560152727033342,0.06757455852986251,0.40255629945222154,0.40255629945222154,0.08023701272241215,0.41639661924572485
cadd,all_1_50,1.208,0.10099999999999998,5,95,0.22560152727033342,0.06635280767912827,0.4027633429112918,0.4027633429112918,0.08036514008783673,0.4165287981128323
cadd,all_1_50,1.21,0.10000000000000009,5,96,0.22325151136126745,0.06589023732526837,0.4030537925293934,0.4030537925293934,0.0794588594795417,0.4118234258654146
cadd,all_1_50,1.215,0.09899999999999998,5,95,0.22560152727033342,0.06311420798400977,0.41253566290027155,0.41253566290027155,0.07989667943599793,0.4163960564831691
cadd,all_1_50,1.216,0.09999999999999987,5,96,0.22325151136126745,0.06311420798400977,0.40173474986892377,0.40173474986892377,0.07928838984942346,0.41138640567644946
cadd,all_1_50,1.219,0.10200000000000009,5,96,0.22325151136126745,0.06311420798400977,0.40173474986892377,0.40173474986892377,0.07957713312256334,0.4119196311969098
cadd,all_1_50,1.22,0.10200000000000009,5,96,0.22325151136126745,0.06311420798400977,0.40173474986892377,0.40173474986892377,0.07958137817068403,0.4115126041531679
cadd,all_1_50,1.222,0.10000000000000009,5,95,0.22560152727033342,0.06414886713128862,0.4030537925293934,0.4030537925293934,0.08048111862955677,0.41472112951423634
cadd,all_1_50,1.223,0.09899999999999998,5,95,0.22560152727033342,0.06414886713128862,0.4030537925293934,0.4030537925293934,0.08048111862955677,0.41472112951423634
cadd,all_1_50,1.227,0.09799999999999986,5,95,0.22560152727033342,0.06414886713128862,0.3964531127981136,0.3964531127981136,0.07980982912098425,0.4148572745587511
cadd,all_1_50,1.228,0.09800000000000009,5,95,0.22560152727033342,0.06414886713128862,0.3964531127981136,0.3964531127981136,0.07980982912098425,0.4148572745587511
cadd,all_1_50,1.229,0.0990000000000002,5,95,0.22560152727033342,0.06414886713128862,0.3964531127981136,0.3964531127981136,0.07980982912098425,0.4148572745587511
cadd,all_1_50,1.232,0.10000000000000009,5,95,0.22560152727033342,0.06414886713128862,0.3964531127981136,0.3964531127981136,0.07987052900220692,0.4143878805829196
cadd,all_1_50,1.235,0.1010000000000002,5,95,0.22560152727033342,0.06414886713128862,0.3964531127981136,0.3964531127981136,0.07987052900220692,0.4143878805829196
cadd,all_1_50,1.237,0.10099999999999998,5,95,0.22560152727033342,0.0652180149168101,0.3927378531241186,0.3927378531241186,0.08006566385693661,0.414888467340257
cadd,all_1_50,1.238,0.10000000000000009,5,95,0.22560152727033342,0.0652180149168101,0.3927378531241186,0.3927378531241186,0.08006566385693661,0.414888467340257
cadd,all_1_50,1.243,0.09899999999999998,5,97,0.2209499493884709,0.06346415195764205,0.38264656846090367,0.38264656846090367,0.07834673528433435,0.40615261185188645
cadd,all_1_50,1.244,0.09800000000000009,5,96,0.22325151136126745,0.06444370709282816,0.3838543267885643,0.3838543267885643,0.07907050409495482,0.4100486579942152
cadd,all_1_50,1.245,0.09699999999999998,5,96,0.22325151136126745,0.06444370709282816,0.3838543267885643,0.3838543267885643,0.07907050409495482,0.4100486579942152
cadd,all_1_50,1.248,0.09899999999999998,5,95,0.22560152727033342,0.06444370709282816,0.3903429120820425,0.3903429120820425,0.079862865109778,0.41494550269861974
cadd,all_1_50,1.249,0.09899999999999998,5,95,0.22560152727033342,0.06444370709282816,0.3903429120820425,0.3903429120820425,0.0797502178675022,0.4150440277815458
cadd,all_1_50,1.252,0.10000000000000009,5,95,0.22560152727033342,0.06545542676546043,0.38383167747151636,0.38383167747151636,0.07982881718386374,0.41480274837171993
cadd,all_1_50,1.253,0.10099999999999998,5,95,0.22560152727033342,0.06545542676546043,0.38383167747151636,0.38383167747151636,0.07982881718386374,0.41480274837171993
cadd,all_1_50,1.255,0.10299999999999998,5,97,0.2209499493884709,0.0651369642332499,0.380604498540891,0.380604498540891,0.07816770199166301,0.4045453722043359
cadd,all_1_50,1.256,0.10200000000000009,5,96,0.22325151136126745,0.06524692816635161,0.38246845339830543,0.38246845339830543,0.07900933127623153,0.4090053675436913
cadd,all_1_50,1.261,0.10099999999999998,6,96,0.26790181363352095,0.09965995772447386,0.4330243424509485,0.4330243424509485,0.09464144662733177,0.47351808667611905
cadd,all_1_50,1.262,0.10000000000000009,6,94,0.2736018522214682,0.10363318922514132,0.439566470221029,0.439566470221029,0.09659125724619334,0.4840772061616846
cadd,all_1_50,1.263,0.09999999999999987,6,94,0.2736018522214682,0.10363318922514132,0.439566470221029,0.439566470221029,0.09659125724619334,0.4840772061616846
cadd,all_1_50,1.265,0.10000000000000009,6,94,0.2736018522214682,0.10363318922514132,0.439566470221029,0.439566470221029,0.09684659251312744,0.48407671286362236
cadd,all_1_50,1.267,0.10199999999999987,6,95,0.2707218327244001,0.1024046806307158,0.4330243424509485,0.4330243424509485,0.09560497529013272,0.4785995200117271
cadd,all_1_50,1.275,0.10299999999999998,6,94,0.2736018522214682,0.10286298142085618,0.44562360883039553,0.44562360883039553,0.09684235236658136,0.482364076302686
cadd,all_1_50,1.276,0.10400000000000009,6,94,0.2736018522214682,0.10286298142085618,0.44562360883039553,0.44562360883039553,0.09684235236658136,0.482364076302686
cadd,all_1_50,1.277,0.10499999999999998,6,95,0.2707218327244001,0.10286298142085618,0.43958467828706693,0.43958467828706693,0.09577051926298158,0.47839870687294916
cadd,all_1_50,1.279,0.10599999999999987,6,94,0.2736018522214682,0.10315902208691582,0.44869668480950026,0.44869668480950026,0.09673888776575162,0.4840772061616846
cadd,all_1_50,1.28,0.10699999999999998,6,94,0.2736018522214682,0.10315902208691582,0.44869668480950026,0.44869668480950026,0.09673888776575162,0.4840772061616846
cadd,all_1_50,1.283,0.10499999999999998,6,94,0.2736018522214682,0.10455320096954639,0.44834442719520234,0.44834442719520234,0.09680296863056168,0.4827432171838772
cadd,all_1_50,1.286,0.10599999999999987,7,93,0.32263444222531557,0.1184799138709087,0.49211571185479297,0.49211571185479297,0.1348336242964005,0.5516997476080845
cadd,all_1_50,1.291,0.10499999999999998,7,93,0.32263444222531557,0.11164610584931763,0.4968296083104735,0.4968296083104735,0.1348197143833995,0.553080949170955
cadd,all_1_50,1.295,0.1060000000000001,6,94,0.2736018522214682,0.09626051210908934,0.4629973353163127,0.4629973353163127,0.09707047485657265,0.4851556880970479
cadd,all_1_50,1.297,0.10499999999999998,6,94,0.2736018522214682,0.09559168767933224,0.46407581060556036,0.46407581060556036,0.09764467988152198,0.4863429280454939
cadd,all_1_50,1.301,0.10200000000000009,6,95,0.2707218327244001,0.09635205771920784,0.44012532505377977,0.44012532505377977,0.09628326491860043,0.47964570878113766
cadd,all_1_50,1.302,0.10099999999999998,6,94,0.2736018522214682,0.09839843927226533,0.44372886721506294,0.44372886721506294,0.0974163544737175,0.4849683734043402
cadd,all_1_50,1.304,0.10299999999999998,6,94,0.2736018522214682,0.09839843927226533,0.44372886721506294,0.44372886721506294,0.0974163544737175,0.4849683734043402
cadd,all_1_50,1.309,0.10799999999999987,6,94,0.2736018522214682,0.09839843927226533,0.44372886721506294,0.44372886721506294,0.0974163544737175,0.4849683734043402
cadd,all_1_50,1.31,0.10899999999999999,6,94,0.2736018522214682,0.09839843927226533,0.44372886721506294,0.44372886721506294,0.0974163544737175,0.4849683734043402
cadd,all_1_50,1.311,0.10999999999999988,6,94,0.2736018522214682,0.09839843927226533,0.44372886721506294,0.44372886721506294,0.0974163544737175,0.4849683734043402
cadd,all_1_50,1.316,0.1140000000000001,6,95,0.2707218327244001,0.09926694126238277,0.4360450608382279,0.4360450608382279,0.09658927215439143,0.48004050245044366
cadd,all_1_50,1.321,0.11699999999999999,6,94,0.2736018522214682,0.099929676511955,0.44157369348209047,0.44157369348209047,0.09718578081539903,0.4846193429465421
cadd,all_1_50,1.322,0.1180000000000001,6,94,0.2736018522214682,0.099929676511955,0.44157369348209047,0.44157369348209047,0.09718578081539903,0.4846193429465421
cadd,all_1_50,1.323,0.119,6,94,0.2736018522214682,0.099929676511955,0.44157369348209047,0.44157369348209047,0.09718578081539903,0.4846193429465421
cadd,all_1_50,1.325,0.119,6,94,0.2736018522214682,0.09965995772447386,0.44157369348209047,0.44157369348209047,0.09744569397460301,0.48485645099042796
cadd,all_1_50,1.332,0.11699999999999999,6,94,0.2736018522214682,0.10192592592592592,0.4404225278692173,0.4404225278692173,0.09744794668939448,0.48521403989814843
cadd,all_1_50,1.338,0.1180000000000001,6,94,0.2736018522214682,0.09852890187725989,0.44382863990724714,0.44382863990724714,0.09765256654743354,0.48635861666900576
cadd,all_1_50,1.34,0.1180000000000001,6,95,0.2707218327244001,0.09746227709190672,0.44264332396763356,0.44264332396763356,0.0966452502085257,0.4806618879780872
cadd,all_1_50,1.341,0.119,6,95,0.2707218327244001,0.09746227709190672,0.44264332396763356,0.44264332396763356,0.0966452502085257,0.4806618879780872
cadd,all_1_50,1.342,0.1200000000000001,6,95,0.2707218327244001,0.09746227709190672,0.44264332396763356,0.44264332396763356,0.0966452502085257,0.4806618879780872
cadd,all_1_50,1.348,0.121,6,94,0.2736018522214682,0.09352867369109392,0.4559738465915264,0.4559738465915264,0.09782744522719022,0.4853551206171292
cadd,all_1_50,1.349,0.12199999999999989,6,94,0.2736018522214682,0.09352867369109392,0.4559738465915264,0.4559738465915264,0.09782744522719022,0.4853551206171292
cadd,all_1_50,1.358,0.1279999999999999,5,95,0.22560152727033342,0.06959241386464089,0.4256148090815272,0.4256148090815272,0.07944434546419808,0.416879474408778
cadd,all_1_50,1.359,0.127,5,95,0.22560152727033342,0.06959241386464089,0.4256148090815272,0.4256148090815272,0.07944434546419808,0.416879474408778
cadd,all_1_50,1.362,0.127,5,95,0.22560152727033342,0.06827504027248638,0.4278137029875282,0.4278137029875282,0.07924579486420331,0.41689434186943186
cadd,all_1_50,1.365,0.1260000000000001,6,95,0.2707218327244001,0.09558774062719244,0.44976017450774736,0.44976017450774736,0.09624193897437025,0.4783773929077911
cadd,all_1_50,1.369,0.125,6,95,0.2707218327244001,0.09791643945770159,0.45474277064179336,0.45474277064179336,0.09632314730605779,0.47627718757030535
cadd,all_1_50,1.373,0.125,5,96,0.22325151136126745,0.06688502561518435,0.3604160515477609,0.3604160515477609,0.07864851749873072,0.40795071832836405
cadd,all_1_50,1.374,0.125,5,97,0.2209499493884709,0.06763809014331847,0.3546960485232123,0.3546960485232123,0.07790783065613877,0.40411550198603796
cadd,all_1_50,1.378,0.12400000000000011,5,95,0.22560152727033342,0.06763809014331847,0.3637942165134347,0.3637942165134347,0.07976476423827791,0.41295030430100516
cadd,all_1_50,1.382,0.127,5,96,0.22325151136126745,0.0650341030780168,0.36349943437821775,0.36349943437821775,0.07912891986062717,0.40904750514515037
cadd,all_1_50,1.388,0.127,5,95,0.22560152727033342,0.0650341030780168,0.3672015951288239,0.3672015951288239,0.07960946675143173,0.41229692697541315
cadd,all_1_50,1.391,0.1280000000000001,6,94,0.2736018522214682,0.0650341030780168,0.48532496707903566,0.48532496707903566,0.09711495309861637,0.4844187583944081
cadd,all_1_50,1.392,0.1280000000000001,5,95,0.22560152727033342,0.0650341030780168,0.3634226139557712,0.3634226139557712,0.07988705327773273,0.41404171111215343
cadd,all_1_50,1.393,0.1279999999999999,5,97,0.2209499493884709,0.0650341030780168,0.3532995813882131,0.3532995813882131,0.07808069851124584,0.40469750676852156
cadd,all_1_50,1.394,0.127,5,96,0.22325151136126745,0.0650341030780168,0.3586669949313997,0.3586669949313997,0.0792278590506127,0.40943388693708077
cadd,all_1_50,1.396,0.125,5,95,0.22560152727033342,0.0650341030780168,0.3634226139557712,0.3634226139557712,0.07964836796465226,0.4145968795116189
cadd,all_1_50,1.398,0.123,5,95,0.22560152727033342,0.0650341030780168,0.3634226139557712,0.3634226139557712,0.07964836796465226,0.4145968795116189
cadd,all_1_50,1.401,0.1260000000000001,5,96,0.22325151136126745,0.0626231872378305,0.3633118378627361,0.3633118378627361,0.0789776769070772,0.4104551771971591
cadd,all_1_50,1.402,0.1260000000000001,5,95,0.22560152727033342,0.0626231872378305,0.36695764448311674,0.36695764448311674,0.08011743688607896,0.4162293395567739
cadd,all_1_50,1.403,0.127,5,95,0.22560152727033342,0.0626231872378305,0.36695764448311674,0.36695764448311674,0.08011743688607896,0.4162293395567739
cadd,all_1_50,1.427,0.127,5,95,0.22560152727033342,0.06491202838103456,0.37789030292167053,0.37789030292167053,0.08021809644386378,0.4142327669916859
cadd,all_1_50,1.428,0.127,5,96,0.22325151136126745,0.06491202838103456,0.37454614094891236,0.37454614094891236,0.07939795236828485,0.41037886273126545
cadd,all_1_50,1.434,0.1299999999999999,4,97,0.17675995951077672,0.0,0.32719819375807546,0.32719819375807546,0.04346403914915817,0.3427949057236787
cadd,all_1_50,1.435,0.129,4,96,0.17860120908901395,0.0,0.3322359866687228,0.3322359866687228,0.04397818714405033,0.34691998799363144
cadd,all_1_50,1.444,0.1339999999999999,4,97,0.17675995951077672,0.0,0.33279923823992436,0.33279923823992436,0.04343748647354742,0.3425851303467246
cadd,all_1_50,1.445,0.135,4,98,0.17495628645454428,0.0,0.33261689109849135,0.33261689109849135,0.04308007831698706,0.33977043130151063
cadd,all_1_50,1.45,0.1339999999999999,4,96,0.17860120908901395,0.0,0.33627598567945427,0.33627598567945427,0.043985703392421055,0.3471848554379918
cadd,all_1_50,1.452,0.135,5,95,0.22560152727033342,0.0,0.3892292492616793,0.3892292492616793,0.07895433563938162,0.413711762660094
cadd,all_1_50,1.454,0.133,5,95,0.22560152727033342,0.0,0.3892292492616793,0.3892292492616793,0.07895433563938162,0.413711762660094
cadd,all_1_50,1.457,0.135,5,95,0.22560152727033342,0.0,0.3920354790896417,0.3920354790896417,0.07912337788587241,0.4136053089946718
cadd,all_1_50,1.458,0.1359999999999999,5,95,0.22560152727033342,0.0,0.3920354790896417,0.3920354790896417,0.07912337788587241,0.4136053089946718
cadd,all_1_50,1.463,0.14100000000000001,5,96,0.22325151136126745,0.0,0.38672499481951766,0.38672499481951766,0.07792158207556163,0.4088621357286551
cadd,all_1_50,1.468,0.14300000000000002,5,97,0.2209499493884709,0.0,0.3884553153508403,0.3884553153508403,0.07744930057809392,0.4042509286272391
cadd,all_1_50,1.472,0.139,5,95,0.22560152727033342,0.0,0.3976536941112323,0.3976536941112323,0.07859553010939166,0.4128791492903979
cadd,all_1_50,1.473,0.1379999999999999,5,95,0.22560152727033342,0.0,0.3976536941112323,0.3976536941112323,0.07859553010939166,0.4128791492903979
cadd,all_1_50,1.484,0.14000000000000012,5,95,0.22560152727033342,0.0,0.3988742984004053,0.3988742984004053,0.07896614240628767,0.41179306267523846
cadd,all_1_50,1.486,0.13800000000000012,5,95,0.22560152727033342,0.0,0.3988742984004053,0.3988742984004053,0.07896614240628767,0.41179306267523846
cadd,all_1_50,1.488,0.139,5,95,0.22560152727033342,0.0,0.3988742984004053,0.3988742984004053,0.07840822515511642,0.41203327770465237
cadd,all_1_50,1.49,0.139,5,95,0.22560152727033342,0.0,0.39425039392926836,0.39425039392926836,0.07860191326611667,0.41195339415742166
cadd,all_1_50,1.491,0.1379999999999999,5,95,0.22560152727033342,0.0,0.39425039392926836,0.39425039392926836,0.07860191326611667,0.41195339415742166
cadd,all_1_50,1.492,0.137,5,95,0.22560152727033342,0.0,0.39425039392926836,0.39425039392926836,0.07860191326611667,0.41195339415742166
cadd,all_1_50,1.493,0.1359999999999999,5,95,0.22560152727033342,0.0,0.39425039392926836,0.39425039392926836,0.07860191326611667,0.41195339415742166
cadd,all_1_50,1.497,0.1369999999999998,5,95,0.22560152727033342,0.0,0.3819464234824736,0.3819464234824736,0.078675206439465,0.4128024452411747
cadd,all_1_50,1.498,0.1359999999999999,5,95,0.22560152727033342,0.0,0.3819464234824736,0.3819464234824736,0.078675206439465,0.4128024452411747
cadd,all_1_50,1.499,0.137,5,96,0.22325151136126745,0.0,0.373919730764618,0.373919730764618,0.07822573529039582,0.40824560367839613
cadd,all_1_50,1.502,0.137,4,96,0.17860120908901395,0.0,0.2950705672245666,0.2950705672245666,0.043861267892679585,0.34454589841364214
cadd,all_1_50,1.509,0.135,5,96,0.22325151136126745,0.05392732899742871,0.3457718185993943,0.3457718185993943,0.07970635223508125,0.4100486579942152
cadd,all_1_50,1.511,0.133,5,95,0.22560152727033342,0.05520009709949383,0.3466265840815562,0.3466265840815562,0.08031112647224803,0.41393567748915794
cadd,all_1_50,1.514,0.13200000000000012,5,95,0.22560152727033342,0.05520009709949383,0.3466265840815562,0.3466265840815562,0.08017957396044424,0.41262190617134215
cadd,all_1_50,1.516,0.131,5,95,0.22560152727033342,0.05520009709949383,0.3466265840815562,0.3466265840815562,0.08037543032252761,0.41297328686481044
cadd,all_1_50,1.519,0.129,5,95,0.22560152727033342,0.05520009709949383,0.34649486266098684,0.34649486266098684,0.0804800324925666,0.4145571738368116
cadd,all_1_50,1.52,0.129,5,97,0.2209499493884709,0.05520009709949383,0.3373534994127835,0.3373534994127835,0.07858513891349507,0.40453393541173693
cadd,all_1_50,1.521,0.1280000000000001,4,96,0.17860120908901395,0.05520009709949383,0.2811382736901631,0.2811382736901631,0.04388442643943585,0.34251582709205086
cadd,all_1_50,1.526,0.13200000000000012,4,97,0.17675995951077672,0.05574874721429167,0.27705223880597013,0.27705223880597013,0.043480960192840194,0.33873868925511696
cadd,all_1_50,1.528,0.13400000000000012,4,97,0.17675995951077672,0.05574874721429167,0.27705223880597013,0.27705223880597013,0.043480960192840194,0.33873868925511696
cadd,all_1_50,1.532,0.135,4,96,0.17860120908901395,0.057213500421480046,0.2811993884641215,0.2811993884641215,0.04396916339310547,0.34355920543468915
cadd,all_1_50,1.539,0.1359999999999999,4,96,0.17860120908901395,0.06014739229024943,0.2804152779231636,0.2804152779231636,0.04409348193486633,0.3449766582085324
cadd,all_1_50,1.54,0.137,4,96,0.17860120908901395,0.06014739229024943,0.2804152779231636,0.2804152779231636,0.04409348193486633,0.3449766582085324
cadd,all_1_50,1.541,0.1379999999999999,4,97,0.17675995951077672,0.05743007609057985,0.28039390634810485,0.28039390634810485,0.04356542407620459,0.34076725392249113
cadd,all_1_50,1.543,0.137,4,96,0.17860120908901395,0.058544950560783716,0.2855550449860281,0.2855550449860281,0.04412136046508034,0.34405734103672053
cadd,all_1_50,1.548,0.1319999999999999,4,96,0.17860120908901395,0.058544950560783716,0.2855550449860281,0.2855550449860281,0.04412136046508034,0.34405734103672053
cadd,all_1_50,1.553,0.127,4,96,0.17860120908901395,0.058544950560783716,0.2855550449860281,0.2855550449860281,0.04412136046508034,0.34405734103672053
cadd,all_1_50,1.554,0.127,4,96,0.17860120908901395,0.058544950560783716,0.2855550449860281,0.2855550449860281,0.04412136046508034,0.34405734103672053
cadd,all_1_50,1.555,0.1279999999999999,4,96,0.17860120908901395,0.058544950560783716,0.2855550449860281,0.2855550449860281,0.04412136046508034,0.34405734103672053
cadd,all_1_50,1.556,0.129,4,98,0.17495628645454428,0.058260586698646984,0.2837721461836242,0.2837721461836242,0.04319669395800231,0.3366744368202015
cadd,all_1_50,1.558,0.127,4,96,0.17860120908901395,0.05871867771029929,0.2936471373857077,0.2936471373857077,0.043973439630242646,0.34410550689620456
cadd,all_1_50,1.564,0.125,4,96,0.17860120908901395,0.05871867771029929,0.2975325638038759,0.2975325638038759,0.043836012763816955,0.3446314954408552
cadd,all_1_50,1.566,0.123,4,96,0.17860120908901395,0.05871867771029929,0.2975325638038759,0.2975325638038759,0.043836012763816955,0.3446314954408552
cadd,all_1_50,1.568,0.123,4,96,0.17860120908901395,0.05871867771029929,0.30432785419873865,0.30432785419873865,0.043836559511938336,0.344181796347024
cadd,all_1_50,1.58,0.1260000000000001,5,95,0.22560152727033342,0.07519747235387045,0.415782080228809,0.415782080228809,0.0806782453426909,0.4157111086312352
cadd,all_1_50,1.581,0.127,5,96,0.22325151136126745,0.07445386278302424,0.41559810664278285,0.41559810664278285,0.07992235928054531,0.4114693497547921
cadd,all_1_50,1.587,0.1280000000000001,5,96,0.22325151136126745,0.07667566167852373,0.3965903536976608,0.3965903536976608,0.07976776184594822,0.41213864174247844
cadd,all_1_50,1.588,0.127,5,96,0.22325151136126745,0.07667566167852373,0.3965903536976608,0.3965903536976608,0.07976776184594822,0.41213864174247844
cadd,all_1_50,1.604,0.119,5,95,0.22560152727033342,0.08088814722106337,0.39655605832076424,0.39655605832076424,0.08055603609483723,0.4166980876186934
cadd,all_1_50,1.605,0.119,5,95,0.22560152727033342,0.08088814722106337,0.39655605832076424,0.39655605832076424,0.08055603609483723,0.4166980876186934
cadd,all_1_50,1.608,0.119,5,95,0.22560152727033342,0.08256888886557932,0.38964917997176063,0.38964917997176063,0.08037214531036017,0.4161150010110617
cadd,all_1_50,1.611,0.121,5,96,0.22325151136126745,0.08152855165817711,0.38924812647793483,0.38924812647793483,0.0796870440169695,0.41195624810755577
cadd,all_1_50,1.614,0.12199999999999989,4,97,0.17675995951077672,0.055454200419048756,0.38267053876641954,0.38267053876641954,0.043564976812784754,0.34382466162979974
cadd,all_1_50,1.615,0.12199999999999989,4,98,0.17495628645454428,0.054102976209452154,0.37791125434089995,0.37791125434089995,0.043138202148384416,0.3396417841801687
cadd,all_1_50,1.62,0.121,4,98,0.17495628645454428,0.05239366787692516,0.381016590860275,0.381016590860275,0.04326288962217309,0.3396306787927839
cadd,all_1_50,1.624,0.12200000000000011,4,96,0.17860120908901395,0.05636162954043749,0.38499147242751564,0.38499147242751564,0.04396962661313953,0.3456771212495292
cadd,all_1_50,1.626,0.12200000000000011,4,96,0.17860120908901395,0.05465488196346777,0.39029704259609305,0.39029704259609305,0.04406745569068076,0.3467671252016447
cadd,all_1_50,1.629,0.1200000000000001,4,97,0.17675995951077672,0.05465488196346777,0.37442200993776975,0.37442200993776975,0.04370291661356676,0.34285324832403524
cadd,all_1_50,1.632,0.121,4,97,0.17675995951077672,0.055029603012352976,0.3788476312419974,0.3788476312419974,0.04357086844616583,0.34320362491659556
cadd,all_1_50,1.633,0.11999999999999988,4,96,0.17860120908901395,0.05507004183503762,0.3788476312419974,0.3788476312419974,0.04405713317603637,0.3467671252016447
cadd,all_1_50,1.634,0.11999999999999988,4,96,0.17860120908901395,0.05507004183503762,0.3788476312419974,0.3788476312419974,0.04405713317603637,0.3467671252016447
cadd,all_1_50,1.635,0.121,4,96,0.17860120908901395,0.05507004183503762,0.3788476312419974,0.3788476312419974,0.04405713317603637,0.3467671252016447
cadd,all_1_50,1.637,0.121,4,96,0.17860120908901395,0.05507004183503762,0.3788476312419974,0.3788476312419974,0.04395087002014814,0.34638340914204024
cadd,all_1_50,1.642,0.123,3,98,0.13121721484090823,0.05125505742523154,0.2512617473024713,0.2512617473024713,0.03311703634581739,0.2757379632252875
cadd,all_1_50,1.643,0.12399999999999989,3,100,0.12859287054409005,0.0503369673054232,0.2482317398258397,0.2482317398258397,0.03260961425316582,0.2700064370398048
cadd,all_1_50,1.644,0.123,3,97,0.13256996963308254,0.05126292176448373,0.26708478335691616,0.26708478335691616,0.03391164548756994,0.27847714167308624
cadd,all_1_50,1.646,0.125,3,99,0.1298917884283738,0.05033225439164371,0.26449795815630844,0.26449795815630844,0.033301513960422156,0.27297970415971373
cadd,all_1_50,1.647,0.12399999999999989,3,97,0.13256996963308254,0.050670620401637494,0.2769941192368987,0.2769941192368987,0.03390706329153545,0.2793193724524217
cadd,all_1_50,1.648,0.123,3,97,0.13256996963308254,0.050670620401637494,0.2769941192368987,0.2769941192368987,0.03390706329153545,0.2793193724524217
cadd,all_1_50,1.649,0.123,3,97,0.13256996963308254,0.050670620401637494,0.2769941192368987,0.2769941192368987,0.03390706329153545,0.2793193724524217
cadd,all_1_50,1.65,0.123,3,97,0.13256996963308254,0.05361932772232972,0.27110815749153017,0.27110815749153017,0.03372490929028158,0.2792735049593582
cadd,all_1_50,1.653,0.121,3,98,0.13121721484090823,0.05361932772232972,0.2704782099890219,0.2704782099890219,0.033157862299889866,0.2756958380092702
cadd,all_1_50,1.664,0.121,3,99,0.1298917884283738,0.05260559787202003,0.2671347233390653,0.2671347233390653,0.032945253732297744,0.2729404761904761
cadd,all_1_50,1.667,0.119,3,97,0.13256996963308254,0.05120043612165486,0.27888995215311,0.27888995215311,0.03412394510673282,0.2778424393617179
cadd,all_1_50,1.669,0.121,3,97,0.13256996963308254,0.05120043612165486,0.27888995215311,0.27888995215311,0.03412394510673282,0.2778424393617179
cadd,all_1_50,1.67,0.12199999999999989,3,97,0.13256996963308254,0.05120043612165486,0.27888995215311,0.27888995215311,0.03412394510673282,0.2778424393617179
cadd,all_1_50,1.671,0.12199999999999989,3,97,0.13256996963308254,0.05050985511469402,0.2717389277389277,0.2717389277389277,0.03416214494088652,0.27798121758041483
cadd,all_1_50,1.673,0.1200000000000001,3,97,0.13256996963308254,0.05050985511469402,0.2717389277389277,0.2717389277389277,0.03416214494088652,0.27798121758041483
cadd,all_1_50,1.679,0.11999999999999988,3,97,0.13256996963308254,0.05194441178971836,0.2586052722345404,0.2586052722345404,0.03441121433331092,0.27748394962812245
cadd,all_1_50,1.68,0.119,3,97,0.13256996963308254,0.05194441178971836,0.2586052722345404,0.2586052722345404,0.03441121433331092,0.27748394962812245
cadd,all_1_50,1.685,0.11699999999999999,3,98,0.13121721484090823,0.05350209002653023,0.2517325418134118,0.2517325418134118,0.03355630250989846,0.2743963610504743
cadd,all_1_50,1.687,0.11499999999999999,3,97,0.13256996963308254,0.05354203936685271,0.25224862838507023,0.25224862838507023,0.03383058415334932,0.2772569430753041
cadd,all_1_50,1.689,0.11299999999999999,3,97,0.13256996963308254,0.05354203936685271,0.25224862838507023,0.25224862838507023,0.03383058415334932,0.2772569430753041
cadd,all_1_50,1.691,0.11099999999999999,3,97,0.13256996963308254,0.05354203936685271,0.25224862838507023,0.25224862838507023,0.03383058415334932,0.2772569430753041
cadd,all_1_50,1.692,0.11099999999999999,3,98,0.13121721484090823,0.05349545597841413,0.24563734918692082,0.24563734918692082,0.03340974754481993,0.274704025365738
cadd,all_1_50,1.695,0.1080000000000001,3,97,0.13256996963308254,0.053650684850872946,0.24605459586265727,0.24605459586265727,0.03390137605863057,0.2773210423447654
cadd,all_1_50,1.701,0.10799999999999987,2,99,0.08659452561891587,0.0,0.24005468215994533,0.24005468215994533,0.0,0.20470359626205809
cadd,all_1_50,1.704,0.10499999999999998,2,99,0.08659452561891587,0.0,0.24005468215994533,0.24005468215994533,0.0,0.20470359626205809
cadd,all_1_50,1.708,0.10299999999999998,2,99,0.08659452561891587,0.0,0.2428139313801746,0.2428139313801746,0.0,0.2035289434064764
cadd,all_1_50,1.713,0.10200000000000009,2,98,0.08747814322727214,0.0,0.2461773193140734,0.2461773193140734,0.0,0.2062235093593979
cadd,all_1_50,1.715,0.10400000000000009,2,99,0.08659452561891587,0.0,0.2461773193140734,0.2461773193140734,0.0,0.20396392231134872
cadd,all_1_50,1.717,0.10399999999999987,2,99,0.08659452561891587,0.0,0.24005468215994533,0.24005468215994533,0.0,0.2040171049087112
cadd,all_1_50,1.72,0.10599999999999987,2,99,0.08659452561891587,0.0,0.24005468215994533,0.24005468215994533,0.0,0.2040171049087112
cadd,all_1_50,1.722,0.10699999999999998,2,98,0.08747814322727214,0.0,0.2461773193140734,0.2461773193140734,0.0,0.20633680839167456
cadd,all_1_50,1.723,0.10699999999999998,2,98,0.08747814322727214,0.0,0.24988014435775288,0.24988014435775288,0.0,0.20586594162719338
cadd,all_1_50,1.726,0.10599999999999987,2,98,0.08747814322727214,0.0,0.24988014435775288,0.24988014435775288,0.0,0.20586594162719338
cadd,all_1_50,1.727,0.10699999999999998,2,100,0.08572858036272671,0.0,0.24624905807031486,0.24624905807031486,0.0,0.20279815197394993
cadd,all_1_50,1.728,0.1060000000000001,2,99,0.08659452561891587,0.0,0.24624905807031486,0.24624905807031486,0.0,0.20518793897028942
cadd,all_1_50,1.734,0.10499999999999998,2,98,0.08747814322727214,0.0,0.2514474772539289,0.2514474772539289,0.0,0.20599072022062542
cadd,all_1_50,1.736,0.10400000000000009,2,99,0.08659452561891587,0.0,0.251199909469084,0.251199909469084,0.0,0.2043722449840794
cadd,all_1_50,1.737,0.10400000000000009,2,98,0.08747814322727214,0.0,0.2514474772539289,0.2514474772539289,0.0,0.20627855227411054
cadd,all_1_50,1.738,0.10499999999999998,2,99,0.08659452561891587,0.0,0.24624905807031486,0.24624905807031486,0.0,0.20427464099550258
cadd,all_1_50,1.739,0.1050000000000002,2,98,0.08747814322727214,0.0,0.2514474772539289,0.2514474772539289,0.0,0.2058419204687513
cadd,all_1_50,1.74,0.10499999999999998,2,98,0.08747814322727214,0.0,0.2482317398258397,0.2482317398258397,0.0,0.20585211133071268
cadd,all_1_50,1.741,0.10599999999999987,2,99,0.08659452561891587,0.0,0.2406404201816611,0.2406404201816611,0.0,0.20376225972111628
cadd,all_1_50,1.742,0.10499999999999998,2,98,0.08747814322727214,0.0,0.24541172927323232,0.24541172927323232,0.0,0.2065583545796717
cadd,all_1_50,1.748,0.10400000000000009,1,99,0.043297262809457934,0.0,0.12756225622575745,0.12756225622575745,0.0,0.1305127078174385
cadd,all_1_50,1.749,0.1050000000000002,1,100,0.042864290181363354,0.0,0.12756225622575745,0.12756225622575745,0.0,0.12929917777403507
cadd,all_1_50,1.753,0.1070000000000002,1,99,0.043297262809457934,0.0,0.12864713017940368,0.12864713017940368,0.0,0.13051377482077905
cadd,all_1_50,1.758,0.10899999999999999,1,99,0.043297262809457934,0.0,0.12864713017940368,0.12864713017940368,0.0,0.13070372118396884
cadd,all_1_50,1.763,0.11299999999999999,1,100,0.042864290181363354,0.0,0.13100661387974943,0.13100661387974943,0.0,0.1294650233343952
cadd,all_1_50,1.765,0.11199999999999988,1,99,0.043297262809457934,0.0,0.13161035262703136,0.13161035262703136,0.0,0.13044174156852806
cadd,all_1_50,1.767,0.11299999999999999,1,99,0.043297262809457934,0.0,0.1291132587812783,0.1291132587812783,0.0,0.13095017714085092
cadd,all_1_50,1.768,0.11199999999999988,1,99,0.043297262809457934,0.0,0.1291132587812783,0.1291132587812783,0.0,0.13095017714085092
cadd,all_1_50,1.771,0.10899999999999999,1,99,0.043297262809457934,0.0,0.1291132587812783,0.1291132587812783,0.0,0.13095017714085092
cadd,all_1_50,1.773,0.1080000000000001,1,99,0.043297262809457934,0.0,0.1262118372356316,0.1262118372356316,0.0,0.13095519194915917
cadd,all_1_50,1.774,0.10699999999999998,1,99,0.043297262809457934,0.0,0.1262118372356316,0.1262118372356316,0.0,0.13095519194915917
cadd,all_1_50,1.775,0.10799999999999987,1,101,0.04243989126867658,0.0,0.12247884456321183,0.12247884456321183,0.0,0.12790653798256532
cadd,all_1_50,1.78,0.10899999999999999,1,99,0.043297262809457934,0.0,0.12381013635194238,0.12381013635194238,0.0,0.13017545842590794
cadd,all_1_50,1.782,0.11099999999999999,1,100,0.042864290181363354,0.0,0.12381013635194238,0.12381013635194238,0.0,0.12889123712935086
cadd,all_1_50,1.784,0.10999999999999988,1,99,0.043297262809457934,0.0,0.12381013635194238,0.12381013635194238,0.0,0.13043568780844317
cadd,all_1_50,1.786,0.10799999999999987,1,99,0.043297262809457934,0.0,0.12381013635194238,0.12381013635194238,0.0,0.13043568780844317
cadd,all_1_50,1.793,0.1060000000000001,1,100,0.042864290181363354,0.0,0.12421918382716218,0.12421918382716218,0.0,0.12889867293369092
cadd,all_1_50,1.794,0.10499999999999998,1,99,0.043297262809457934,0.0,0.1250616870013379,0.1250616870013379,0.0,0.1304046239027347
cadd,all_1_50,1.796,0.10699999999999998,1,99,0.043297262809457934,0.0,0.1250616870013379,0.1250616870013379,0.0,0.1304046239027347
cadd,all_1_50,1.797,0.10799999999999987,2,100,0.08572858036272671,0.0,0.1499966775691619,0.1499966775691619,0.0,0.201229493805666
cadd,all_1_50,1.798,0.10699999999999998,2,99,0.08659452561891587,0.0,0.15097704801079045,0.15097704801079045,0.0,0.20317571929469241
cadd,all_1_50,1.799,0.10699999999999998,2,98,0.08747814322727214,0.0,0.151970318063493,0.151970318063493,0.0,0.2054385506850317
cadd,all_1_50,1.801,0.10899999999999999,2,99,0.08659452561891587,0.0,0.15098199855290453,0.15098199855290453,0.0,0.20312331515233045
cadd,all_1_50,1.802,0.10899999999999999,2,99,0.08659452561891587,0.0,0.15255737392281893,0.15255737392281893,0.0,0.20323842877042178
cadd,all_1_50,1.803,0.1080000000000001,2,99,0.08659452561891587,0.0,0.15255737392281893,0.15255737392281893,0.0,0.20323842877042178
cadd,all_1_50,1.808,0.10699999999999998,1,100,0.042864290181363354,0.0,0.08337053490223499,0.08337053490223499,0.0,0.1280715212912331
cadd,all_1_50,1.809,0.1060000000000001,1,99,0.043297262809457934,0.0,0.08506705681858608,0.08506705681858608,0.0,0.12936858482277389
cadd,all_1_50,1.811,0.10699999999999998,1,99,0.043297262809457934,0.0,0.08506705681858608,0.08506705681858608,0.0,0.12936858482277389
cadd,all_1_50,1.814,0.10799999999999987,1,99,0.043297262809457934,0.0,0.08506705681858608,0.08506705681858608,0.0,0.12909430333201335
cadd,all_1_50,1.817,0.10899999999999999,1,99,0.043297262809457934,0.0,0.08506705681858608,0.08506705681858608,0.0,0.12909430333201335
cadd,all_1_50,1.821,0.10799999999999987,1,100,0.042864290181363354,0.0,0.08474364932724242,0.08474364932724242,0.0,0.1280454969495005
cadd,all_1_50,1.827,0.1080000000000001,1,99,0.043297262809457934,0.0,0.08640307049418605,0.08640307049418605,0.0,0.12879148403256105
cadd,all_1_50,1.83,0.10799999999999987,1,100,0.042864290181363354,0.0,0.08443936434659091,0.08443936434659091,0.0,0.12752396374586353
cadd,all_1_50,1.834,0.1080000000000001,1,99,0.043297262809457934,0.0,0.08659405535323682,0.08659405535323682,0.0,0.12880843040635734
cadd,all_1_50,1.836,0.10899999999999999,1,100,0.042864290181363354,0.0,0.08474858624384475,0.08474858624384475,0.0,0.12781466242827097
cadd,all_1_50,1.84,0.1060000000000001,1,99,0.043297262809457934,0.0,0.0851395536978359,0.0851395536978359,0.0,0.1289444525356385
cadd,all_1_50,1.843,0.10899999999999999,1,101,0.04243989126867658,0.0,0.08301140262175777,0.08301140262175777,0.0,0.12673144432902547
cadd,all_1_50,1.845,0.10899999999999999,1,101,0.04243989126867658,0.0,0.08508393964694656,0.08508393964694656,0.0,0.12664441934098966
cadd,all_1_50,1.847,0.10999999999999988,1,100,0.042864290181363354,0.0,0.08640183652056505,0.08640183652056505,0.0,0.12781748613412777
cadd,all_1_50,1.848,0.11099999999999999,1,100,0.042864290181363354,0.0,0.08640183652056505,0.08640183652056505,0.0,0.12781748613412777
cadd,all_1_50,1.85,0.11299999999999999,1,101,0.04243989126867658,0.0,0.08449302267452592,0.08449302267452592,0.0,0.12646165491140635
cadd,all_1_50,1.853,0.11399999999999988,1,99,0.043297262809457934,0.0,0.08754799864844202,0.08754799864844202,0.0,0.12891075691056952
cadd,all_1_50,1.86,0.11199999999999988,2,99,0.08659452561891587,0.0,0.18298224634348265,0.18298224634348265,0.0,0.20014041220811613
cadd,all_1_50,1.861,0.11199999999999988,2,99,0.08659452561891587,0.0,0.1838652093576775,0.1838652093576775,0.0,0.20045472679163176
cadd,all_1_50,1.863,0.1100000000000001,2,98,0.08747814322727214,0.0,0.18563416295715632,0.18563416295715632,0.0,0.20248317304151875
cadd,all_1_50,1.867,0.10899999999999999,2,99,0.08659452561891587,0.0,0.18755541647107915,0.18755541647107915,0.0,0.2004576852440765
cadd,all_1_50,1.87,0.1070000000000002,2,98,0.08747814322727214,0.0,0.19102866492424728,0.19102866492424728,0.0,0.202898822104901
cadd,all_1_50,1.876,0.11100000000000021,2,98,0.08747814322727214,0.0,0.19275428387546595,0.19275428387546595,0.0,0.20357415825766498
cadd,all_1_50,1.88,0.11100000000000021,2,98,0.08747814322727214,0.0,0.1871698943661972,0.1871698943661972,0.0,0.202110254630217
cadd,all_1_50,1.881,0.1100000000000001,2,98,0.08747814322727214,0.0,0.1871698943661972,0.1871698943661972,0.0,0.202110254630217
cadd,all_1_50,1.883,0.1100000000000001,2,98,0.08747814322727214,0.0,0.1892945333392006,0.1892945333392006,0.0,0.20280213195875493
cadd,all_1_50,1.885,0.11099999999999999,2,98,0.08747814322727214,0.0,0.1871698943661972,0.1871698943661972,0.0,0.2022645399799614
cadd,all_1_50,1.893,0.10899999999999999,2,98,0.08747814322727214,0.0,0.18586572803440274,0.18586572803440274,0.0,0.20279903997123733
cadd,all_1_50,1.894,0.10999999999999988,2,99,0.08659452561891587,0.0,0.1840482259804225,0.1840482259804225,0.0,0.20071114052393646
cadd,all_1_50,1.898,0.11199999999999988,2,98,0.08747814322727214,0.0,0.18141367323290847,0.18141367323290847,0.0,0.2025934250715185
cadd,all_1_50,1.899,0.1120000000000001,2,98,0.08747814322727214,0.0,0.18640989964351443,0.18640989964351443,0.0,0.20182700862034833
cadd,all_1_50,1.905,0.11099999999999999,2,98,0.08747814322727214,0.0,0.18640989964351443,0.18640989964351443,0.0,0.20248408472226667
cadd,all_1_50,1.908,0.11399999999999988,2,98,0.08747814322727214,0.0,0.18640989964351443,0.18640989964351443,0.0,0.20248408472226667
cadd,all_1_50,1.911,0.1140000000000001,2,98,0.08747814322727214,0.0,0.18441329037498838,0.18441329037498838,0.0,0.20280098173229935
cadd,all_1_50,1.915,0.11499999999999977,3,97,0.13256996963308254,0.05226289367055016,0.22509613734997566,0.22509613734997566,0.03722695624849093,0.2759529545206799
cadd,all_1_50,1.922,0.1180000000000001,4,97,0.17675995951077672,0.060107880576889164,0.26008648410028656,0.26008648410028656,0.04411064059683771,0.34402057411489656
cadd,all_1_50,1.927,0.1160000000000001,4,96,0.17860120908901395,0.0608319571129957,0.2604834731129749,0.2604834731129749,0.04468400166932702,0.3470589782260133
cadd,all_1_50,1.929,0.11499999999999999,4,96,0.17860120908901395,0.061919504643962855,0.2561779611606943,0.2561779611606943,0.044601969581022506,0.34557356316645166
cadd,all_1_50,1.933,0.11299999999999977,4,96,0.17860120908901395,0.06183040560825434,0.25827196531235885,0.25827196531235885,0.04456718164142429,0.3471096671487252
cadd,all_1_50,1.934,0.11299999999999999,4,96,0.17860120908901395,0.06183040560825434,0.25827196531235885,0.25827196531235885,0.04456718164142429,0.3471096671487252
cadd,all_1_50,1.935,0.1140000000000001,4,97,0.17675995951077672,0.06183040560825434,0.2537593619297734,0.2537593619297734,0.04410850301271139,0.3433989154526884
cadd,all_1_50,1.938,0.11300000000000021,4,96,0.17860120908901395,0.06268202853221216,0.2538971882449364,0.2538971882449364,0.04468258614820724,0.34710818973812585
cadd,all_1_50,1.941,0.11099999999999999,4,96,0.17860120908901395,0.06366372014293774,0.2519866912395297,0.2519866912395297,0.04457918167839993,0.3466790839922547
cadd,all_1_50,1.944,0.10999999999999988,4,98,0.17495628645454428,0.062052063448916436,0.2465903004005603,0.2465903004005603,0.043873223837416306,0.33906032808844283
cadd,all_1_50,1.945,0.10899999999999999,4,96,0.17860120908901395,0.06322751322751323,0.251312167729793,0.251312167729793,0.0447743825834011,0.34700755055939053
cadd,all_1_50,1.946,0.10999999999999988,4,96,0.17860120908901395,0.06322751322751323,0.251312167729793,0.251312167729793,0.0447743825834011,0.34700755055939053
cadd,all_1_50,1.95,0.10999999999999988,4,97,0.17675995951077672,0.06233698487219615,0.25129899234715053,0.25129899234715053,0.04424989692846836,0.3440065197166907
cadd,all_1_50,1.952,0.10999999999999988,4,97,0.17675995951077672,0.061471193415637865,0.25306343735650944,0.25306343735650944,0.04416635144745229,0.3450241041909328
cadd,all_1_50,1.953,0.10899999999999976,4,96,0.17860120908901395,0.06233698487219615,0.25464653336113036,0.25464653336113036,0.044674621586094226,0.3476554807374057
cadd,all_1_50,1.954,0.10899999999999999,5,96,0.22325151136126745,0.06233698487219615,0.33112726097541123,0.33112726097541123,0.07923053703262396,0.4085903849698119
cadd,all_1_50,1.956,0.10899999999999999,5,95,0.22560152727033342,0.06366372014293774,0.3326616761411606,0.3326616761411606,0.07980706830027573,0.4125415633076666
cadd,all_1_50,1.963,0.11299999999999999,5,97,0.2209499493884709,0.06071276141698677,0.32694921875,0.32694921875,0.07845806285049772,0.40546920012076193
cadd,all_1_50,1.964,0.1120000000000001,5,95,0.22560152727033342,0.06275116281794431,0.3349889536372951,0.3349889536372951,0.07999339710200123,0.41423986209849006
cadd,all_1_50,1.969,0.10899999999999976,5,96,0.22325151136126745,0.06462433185728592,0.32311106053709604,0.32311106053709604,0.07871901540730838,0.4102015973397464
cadd,all_1_50,1.97,0.10899999999999999,5,95,0.22560152727033342,0.06577215820173565,0.32432261693826164,0.32432261693826164,0.0794577722755054,0.4140062573823358
cadd,all_1_50,1.971,0.1100000000000001,5,95,0.22560152727033342,0.06577215820173565,0.32432261693826164,0.32432261693826164,0.0794577722755054,0.4140062573823358
cadd,all_1_50,1.972,0.11099999999999999,5,95,0.22560152727033342,0.06577215820173565,0.32432261693826164,0.32432261693826164,0.0794577722755054,0.4140062573823358
cadd,all_1_50,1.973,0.1120000000000001,5,95,0.22560152727033342,0.06577215820173565,0.32432261693826164,0.32432261693826164,0.0794577722755054,0.4140062573823358
cadd,all_1_50,1.975,0.1120000000000001,5,97,0.2209499493884709,0.06487116973321874,0.3155897743161831,0.3155897743161831,0.0779882883274866,0.40570896550498053
cadd,all_1_50,1.976,0.11100000000000021,5,96,0.22325151136126745,0.06577215820173565,0.3185130581297388,0.3185130581297388,0.07913438817612246,0.4107384910577734
cadd,all_1_50,1.987,0.10999999999999988,5,95,0.22560152727033342,0.06628620370512796,0.31956170279597196,0.31956170279597196,0.07955867618426303,0.41626079251034726
cadd,all_1_50,1.988,0.10899999999999999,5,95,0.22560152727033342,0.06628620370512796,0.31956170279597196,0.31956170279597196,0.07955867618426303,0.41626079251034726
cadd,all_1_50,1.991,0.10899999999999999,5,95,0.22560152727033342,0.06710795936434476,0.3170688109139921,0.3170688109139921,0.07966954164782601,0.41594360518039575
cadd,all_1_50,1.992,0.10899999999999999,5,95,0.22560152727033342,0.06710795936434476,0.3170688109139921,0.3170688109139921,0.07966954164782601,0.41594360518039575
cadd,all_1_50,1.995,0.1100000000000001,5,95,0.22560152727033342,0.06872684399946076,0.31235960327842166,0.31235960327842166,0.07994833573210228,0.41522325121250786
cadd,all_1_50,1.998,0.10900000000000021,5,95,0.22560152727033342,0.06958353204131194,0.30953758700692047,0.30953758700692047,0.0800032578406334,0.41599047225897134
cadd,all_1_50,2.001,0.10799999999999987,5,95,0.22560152727033342,0.06958353204131194,0.30953758700692047,0.30953758700692047,0.0800032578406334,0.41599047225897134
cadd,all_1_50,2.002,0.10899999999999976,5,96,0.22325151136126745,0.06872746403870089,0.30814407685872114,0.30814407685872114,0.07925992641179043,0.41180327773826647
cadd,all_1_50,2.004,0.10899999999999999,5,96,0.22325151136126745,0.06839222191156387,0.3088089758870602,0.3088089758870602,0.0790101251310691,0.41259328953146324
cadd,all_1_50,2.009,0.10999999999999988,5,97,0.2209499493884709,0.06998304784001073,0.30202543702375617,0.30202543702375617,0.07864946813452288,0.4079148046461446
cadd,all_1_50,2.011,0.11099999999999977,5,95,0.22560152727033342,0.0702527924750147,0.30880842321520285,0.30880842321520285,0.07990431209088954,0.41739191468567977
cadd,all_1_50,2.013,0.10899999999999999,5,95,0.22560152727033342,0.0702527924750147,0.30880842321520285,0.30880842321520285,0.07990431209088954,0.41739191468567977
cadd,all_1_50,2.023,0.11099999999999977,5,95,0.22560152727033342,0.1281864530225783,0.3424656055662164,0.3424656055662164,0.08011438630775745,0.41674928288902147
cadd,all_1_50,2.024,0.10999999999999988,5,95,0.22560152727033342,0.1281864530225783,0.3424656055662164,0.3424656055662164,0.08011438630775745,0.41674928288902147
cadd,all_1_50,2.027,0.11099999999999977,5,95,0.22560152727033342,0.1288537719789374,0.3376447586103174,0.3376447586103174,0.08042093963976382,0.4180380830126179
cadd,all_1_50,2.029,0.10899999999999999,5,95,0.22560152727033342,0.1288537719789374,0.3376447586103174,0.3376447586103174,0.08042093963976382,0.4180380830126179
cadd,all_1_50,2.03,0.1080000000000001,5,95,0.22560152727033342,0.1288537719789374,0.3376447586103174,0.3376447586103174,0.08042093963976382,0.4180380830126179
cadd,all_1_50,2.033,0.1070000000000002,5,95,0.22560152727033342,0.1288537719789374,0.3376447586103174,0.3376447586103174,0.08047949528902014,0.4181678651732738
cadd,all_1_50,2.037,0.10799999999999987,5,95,0.22560152727033342,0.1289602102102102,0.3374665519877676,0.3374665519877676,0.08047949528902014,0.4178670883796137
cadd,all_1_50,2.04,0.11099999999999999,5,95,0.22560152727033342,0.1289602102102102,0.3374665519877676,0.3374665519877676,0.08047949528902014,0.4178670883796137
cadd,all_1_50,2.041,0.11199999999999988,5,96,0.22325151136126745,0.12543802600031198,0.3358430189414088,0.3358430189414088,0.07956830748758963,0.41283971093609634
cadd,all_1_50,2.042,0.11100000000000021,5,95,0.22560152727033342,0.12545256214050446,0.3385004940711462,0.3385004940711462,0.08030225102703635,0.417891497956701
cadd,all_1_50,2.044,0.11099999999999977,5,96,0.22325151136126745,0.12390432500955181,0.33569008690528795,0.33569008690528795,0.07938103249997676,0.4128436894144575
cadd,all_1_50,2.045,0.11099999999999999,5,95,0.22560152727033342,0.12763072350701216,0.335694392646706,0.335694392646706,0.07998729702927447,0.4168825077638307
cadd,all_1_50,2.046,0.11100000000000021,5,95,0.22560152727033342,0.1276115531279896,0.3383185435898346,0.3383185435898346,0.07972851114614161,0.4172300327467162
cadd,all_1_50,2.049,0.11099999999999999,5,97,0.2209499493884709,0.12534713168613043,0.33240814534104096,0.33240814534104096,0.078600870162583,0.4085888992648857
cadd,all_1_50,2.051,0.10999999999999988,6,96,0.26790181363352095,0.13936700990279188,0.3714470173929741,0.3714470173929741,0.09527763618086102,0.47713172647504537
cadd,all_1_50,2.052,0.10899999999999999,6,95,0.2707218327244001,0.1449250571130822,0.37268433571185866,0.37268433571185866,0.09624892696312976,0.48225220967850474
cadd,all_1_50,2.054,0.10899999999999976,6,94,0.2736018522214682,0.1449250571130822,0.3777712556809262,0.3777712556809262,0.09743215415498818,0.48712672640150323
cadd,all_1_50,2.058,0.11000000000000032,7,93,0.32263444222531557,0.1599636483807006,0.5304562868588258,0.5304562868588258,0.13525923461888434,0.5576923076923077
cadd,all_1_50,2.06,0.1100000000000001,7,93,0.32263444222531557,0.1599636483807006,0.5304562868588258,0.5304562868588258,0.13525923461888434,0.5576923076923077
cadd,all_1_50,2.062,0.11000000000000032,7,93,0.32263444222531557,0.15672614354898395,0.5234974357611756,0.5234974357611756,0.13545897280794642,0.5585346143892339
cadd,all_1_50,2.063,0.11099999999999977,7,94,0.3192021609250463,0.15671569935585464,0.5196499201254635,0.5196499201254635,0.13431146837320013,0.5517142759486434
cadd,all_1_50,2.066,0.11199999999999988,7,93,0.32263444222531557,0.16178141711229946,0.5271016190950648,0.5271016190950648,0.1355364486764021,0.5595517388930695
cadd,all_1_50,2.071,0.10999999999999988,7,93,0.32263444222531557,0.15955474784189005,0.5506047509984772,0.5506047509984772,0.13533712364918463,0.5581603405498683
cadd,all_1_50,2.072,0.10899999999999999,7,93,0.32263444222531557,0.15955474784189005,0.5506047509984772,0.5506047509984772,0.13533712364918463,0.5581603405498683
cadd,all_1_50,2.076,0.1120000000000001,7,93,0.32263444222531557,0.15473961009431678,0.5515158261030482,0.5515158261030482,0.1354653786646086,0.5581374518184319
cadd,all_1_50,2.077,0.11299999999999999,7,93,0.32263444222531557,0.15473961009431678,0.5515158261030482,0.5515158261030482,0.1354653786646086,0.5581374518184319
cadd,all_1_50,2.078,0.11299999999999999,7,93,0.32263444222531557,0.15473961009431678,0.5515158261030482,0.5515158261030482,0.1356845857701112,0.5584081552077084
cadd,all_1_50,2.086,0.11299999999999977,6,94,0.2736018522214682,0.06906554302722254,0.4789573446206906,0.4789573446206906,0.09978868987201855,0.4857421832902373
cadd,all_1_50,2.087,0.11299999999999999,6,94,0.2736018522214682,0.07027721922068257,0.4740183993968316,0.4740183993968316,0.09930265250812599,0.4848146595243298
cadd,all_1_50,2.089,0.11299999999999999,6,95,0.2707218327244001,0.07027721922068257,0.4677505614435468,0.4677505614435468,0.09826605372737919,0.48125461222500693
cadd,all_1_50,2.091,0.11099999999999977,6,94,0.2736018522214682,0.07153216956390905,0.47204047922089165,0.47204047922089165,0.09930052940687938,0.4862117805720754
cadd,all_1_50,2.097,0.10899999999999999,6,94,0.2736018522214682,0.07153216956390905,0.47204047922089165,0.47204047922089165,0.0996736636359503,0.48594846261486463
cadd,all_1_50,2.098,0.10999999999999988,6,94,0.2736018522214682,0.07153216956390905,0.47204047922089165,0.47204047922089165,0.0996736636359503,0.48594846261486463
cadd,all_1_50,2.1,0.1120000000000001,6,96,0.26790181363352095,0.07135068378335178,0.46124610994245646,0.46124610994245646,0.09706762409233162,0.47613788871806256
cadd,all_1_50,2.102,0.11299999999999999,6,95,0.2707218327244001,0.07021366600130309,0.46589315313017976,0.46589315313017976,0.09860854966413918,0.48258370667526745
cadd,all_1_50,2.104,0.1120000000000001,6,95,0.2707218327244001,0.0703947449582462,0.46552762306186957,0.46552762306186957,0.09843284642875083,0.4822526478755956
cadd,all_1_50,2.107,0.10999999999999988,6,94,0.2736018522214682,0.07162974048382946,0.47465561567092585,0.47465561567092585,0.09991351564793416,0.4890955365735744
cadd,all_1_50,2.111,0.11300000000000021,6,95,0.2707218327244001,0.07162974048382946,0.4694864703420788,0.4694864703420788,0.09882723144700656,0.48293359600600194
cadd,all_1_50,2.113,0.1120000000000001,6,94,0.2736018522214682,0.07162974048382946,0.47465561567092585,0.47465561567092585,0.09947069153463907,0.4886334997179166
cadd,all_1_50,2.116,0.11400000000000032,6,94,0.2736018522214682,0.0703947449582462,0.4841487279843444,0.4841487279843444,0.09946359804234416,0.48929931826657685
cadd,all_1_50,2.118,0.11500000000000021,6,94,0.2736018522214682,0.07021676055775042,0.48685608110765904,0.48685608110765904,0.09968000016424064,0.48985723234828754
cadd,all_1_50,2.122,0.11699999999999999,6,94,0.2736018522214682,0.07127715951245364,0.4886955339807603,0.4886955339807603,0.09955081294298702,0.4909249363494646
cadd,all_1_50,2.125,0.1160000000000001,6,94,0.2736018522214682,0.07127715951245364,0.4886955339807603,0.4886955339807603,0.09955081294298702,0.4909249363494646
cadd,all_1_50,2.127,0.11599999999999966,6,94,0.2736018522214682,0.07127715951245364,0.4886955339807603,0.4886955339807603,0.09955893620017316,0.48929931826657685
cadd,all_1_50,2.131,0.11799999999999988,6,94,0.2736018522214682,0.07004824296913546,0.49804250571216474,0.49804250571216474,0.09953161163819989,0.48978637965761335
cadd,all_1_50,2.132,0.11799999999999988,6,94,0.2736018522214682,0.07013204900131614,0.5028198383922282,0.5028198383922282,0.09914870413156261,0.4890846451845983
cadd,all_1_50,2.134,0.1160000000000001,6,94,0.2736018522214682,0.07013204900131614,0.5028198383922282,0.5028198383922282,0.09914870413156261,0.4890846451845983
cadd,all_1_50,2.138,0.11499999999999977,6,95,0.2707218327244001,0.07013204900131614,0.5006986140337677,0.5006986140337677,0.09823803811910342,0.48383620160960794
cadd,all_1_50,2.14,0.11399999999999988,6,94,0.2736018522214682,0.07138440701919681,0.5031269788795899,0.5031269788795899,0.09960700441471695,0.48754005254674737
cadd,all_1_50,2.142,0.11399999999999988,5,95,0.22560152727033342,0.0,0.4631539611360239,0.4631539611360239,0.07999144207727554,0.41530242401656564
cadd,all_1_50,2.153,0.1160000000000001,6,97,0.2651399392661651,0.0,0.4863243954959799,0.4863243954959799,0.09426831912306584,0.4693270565531778
cadd,all_1_50,2.155,0.11499999999999977,6,95,0.2707218327244001,0.0,0.5028472087022295,0.5028472087022295,0.09615056810309495,0.4772831237385613
cadd,all_1_50,2.157,0.11699999999999999,6,95,0.2707218327244001,0.0,0.5028472087022295,0.5028472087022295,0.09615056810309495,0.4772831237385613
cadd,all_1_50,2.158,0.11799999999999988,6,95,0.2707218327244001,0.0,0.5028472087022295,0.5028472087022295,0.09615056810309495,0.4772831237385613
cadd,all_1_50,2.159,0.11899999999999977,6,95,0.2707218327244001,0.0,0.5028472087022295,0.5028472087022295,0.09615056810309495,0.4772831237385613
cadd,all_1_50,2.16,0.11900000000000022,5,95,0.22560152727033342,0.0,0.45920944553639576,0.45920944553639576,0.08060354340810527,0.4160588270631261
cadd,all_1_50,2.161,0.11899999999999977,5,96,0.22325151136126745,0.0,0.4371350748782669,0.4371350748782669,0.07968927780396125,0.41307997656879725
cadd,all_1_50,2.167,0.121,5,97,0.2209499493884709,0.0,0.4352836525771308,0.4352836525771308,0.07949966278215566,0.40913977781022287
cadd,all_1_50,2.168,0.11999999999999966,5,96,0.22325151136126745,0.0,0.44163059528494114,0.44163059528494114,0.07999837954081035,0.4135394491861632
cadd,all_1_50,2.172,0.1200000000000001,5,95,0.22560152727033342,0.0,0.44664357947527966,0.44664357947527966,0.08095730340379394,0.4177966056863634
cadd,all_1_50,2.174,0.1200000000000001,5,96,0.22325151136126745,0.0,0.4321222410865874,0.4321222410865874,0.08036746691569684,0.41182130104357184
cadd,all_1_50,2.177,0.11900000000000022,5,95,0.22560152727033342,0.0,0.4458132215050681,0.4458132215050681,0.08114885213177805,0.4164375989764157
cadd,all_1_50,2.179,0.11899999999999977,5,97,0.2209499493884709,0.0,0.43920621225194134,0.43920621225194134,0.07903853843477754,0.4085529675600062
cadd,all_1_50,2.181,0.11900000000000022,5,96,0.22325151136126745,0.0,0.44642641660190324,0.44642641660190324,0.0797896263280385,0.4129546487607235
cadd,all_1_50,2.182,0.1200000000000001,5,96,0.22325151136126745,0.0,0.44642641660190324,0.44642641660190324,0.0797896263280385,0.4129546487607235
cadd,all_1_50,2.191,0.11699999999999999,4,96,0.17860120908901395,0.0,0.3731056087639438,0.3731056087639438,0.0442903018625562,0.3482636163320912
cadd,all_1_50,2.192,0.1160000000000001,4,96,0.17860120908901395,0.0,0.3731056087639438,0.3731056087639438,0.0442903018625562,0.3482636163320912
cadd,all_1_50,2.194,0.11699999999999999,4,96,0.17860120908901395,0.0,0.3746836446760583,0.3746836446760583,0.044386028604990385,0.3496320793247414
cadd,all_1_50,2.195,0.11799999999999988,4,96,0.17860120908901395,0.0,0.3746836446760583,0.3746836446760583,0.044386028604990385,0.3496320793247414
cadd,all_1_50,2.196,0.11899999999999977,4,97,0.17675995951077672,0.0,0.37419788044063523,0.37419788044063523,0.04394210466244365,0.346111163621088
cadd,all_1_50,2.2,0.11699999999999999,4,96,0.17860120908901395,0.0,0.37596259625962597,0.37596259625962597,0.04450043126605056,0.3494923337180687
cadd,all_1_50,2.201,0.1160000000000001,4,96,0.17860120908901395,0.0,0.37596259625962597,0.37596259625962597,0.04450043126605056,0.3494923337180687
cadd,all_1_50,2.202,0.1160000000000001,4,96,0.17860120908901395,0.0,0.37596259625962597,0.37596259625962597,0.04450043126605056,0.3494923337180687
cadd,all_1_50,2.204,0.11800000000000033,4,96,0.17860120908901395,0.0,0.37596259625962597,0.37596259625962597,0.04450043126605056,0.3494923337180687
cadd,all_1_50,2.211,0.121,4,96,0.17860120908901395,0.0,0.37039049235993204,0.37039049235993204,0.04453267813903224,0.3495212150965575
cadd,all_1_50,2.212,0.121,4,96,0.17860120908901395,0.0,0.37039049235993204,0.37039049235993204,0.04453267813903224,0.3495212150965575
cadd,all_1_50,2.215,0.11900000000000022,4,96,0.17860120908901395,0.0,0.37039049235993204,0.37039049235993204,0.04439355433911638,0.3496094071642816
cadd,all_1_50,2.216,0.11899999999999977,4,97,0.17675995951077672,0.0,0.3694001897853837,0.3694001897853837,0.04388442643943585,0.3458480012852845
cadd,all_1_50,2.217,0.11900000000000022,4,96,0.17860120908901395,0.0,0.3801106065696859,0.3801106065696859,0.04447805743381365,0.3497664751062641
cadd,all_1_50,2.222,0.11799999999999988,4,97,0.17675995951077672,0.0,0.36451127819548873,0.36451127819548873,0.04392720678371425,0.34558072165575715
cadd,all_1_50,2.225,0.1160000000000001,4,96,0.17860120908901395,0.0,0.37033034418391825,0.37033034418391825,0.04435296846011132,0.34937820083614773
cadd,all_1_50,2.228,0.11699999999999999,4,96,0.17860120908901395,0.0,0.37033034418391825,0.37033034418391825,0.04435296846011132,0.34937820083614773
cadd,all_1_50,2.23,0.11699999999999999,4,97,0.17675995951077672,0.0,0.36451127819548873,0.36451127819548873,0.04380644227449282,0.34584859461912987
cadd,all_1_50,2.233,0.11500000000000021,4,96,0.17860120908901395,0.0,0.3688628444726006,0.3688628444726006,0.04431756746040534,0.3502769834867636
cadd,all_1_50,2.239,0.11699999999999999,4,96,0.17860120908901395,0.0,0.3688628444726006,0.3688628444726006,0.04432790135782496,0.34921985523867444
cadd,all_1_50,2.242,0.11699999999999999,4,97,0.17675995951077672,0.0,0.3688628444726006,0.3688628444726006,0.043869530055739084,0.34656305952093597
cadd,all_1_50,2.246,0.11500000000000021,3,100,0.12859287054409005,0.0,0.24667914317180778,0.24667914317180778,0.034908830593307225,0.2693653764421749
cadd,all_1_50,2.25,0.1120000000000001,3,99,0.1298917884283738,0.0,0.24586589223743643,0.24586589223743643,0.0354514955777886,0.27266986541866467
cadd,all_1_50,2.253,0.11100000000000021,3,97,0.13256996963308254,0.0,0.25269473986777813,0.25269473986777813,0.03619199629045857,0.27901290758650643
cadd,all_1_50,2.254,0.1120000000000001,3,97,0.13256996963308254,0.0,0.25269473986777813,0.25269473986777813,0.03619199629045857,0.27901290758650643
cadd,all_1_50,2.256,0.1120000000000001,3,97,0.13256996963308254,0.0,0.25269473986777813,0.25269473986777813,0.03632798404164165,0.2788524265004
cadd,all_1_50,2.257,0.11099999999999977,3,97,0.13256996963308254,0.0,0.25269473986777813,0.25269473986777813,0.03632798404164165,0.2788524265004
cadd,all_1_50,2.26,0.1080000000000001,3,97,0.13256996963308254,0.0,0.25269473986777813,0.25269473986777813,0.03632798404164165,0.2788524265004
cadd,all_1_50,2.261,0.1080000000000001,3,97,0.13256996963308254,0.0,0.25269473986777813,0.25269473986777813,0.03632798404164165,0.2788524265004
cadd,all_1_50,2.262,0.10899999999999999,3,98,0.13121721484090823,0.0,0.24756921908534388,0.24756921908534388,0.036008974960192126,0.27594558416116205
cadd,all_1_50,2.266,0.10899999999999999,3,97,0.13256996963308254,0.0,0.24688478566029587,0.24688478566029587,0.036439728265462094,0.2788523151905034
cadd,all_1_50,2.269,0.11100000000000021,3,97,0.13256996963308254,0.0,0.24688478566029587,0.24688478566029587,0.036342871291297825,0.2789997046455183
cadd,all_1_50,2.279,0.11399999999999988,2,98,0.08747814322727214,0.0,0.17424232009411914,0.17424232009411914,0.0,0.20689514526670535
cadd,all_1_50,2.28,0.11299999999999999,2,98,0.08747814322727214,0.0,0.17424232009411914,0.17424232009411914,0.0,0.20689514526670535
cadd,all_1_50,2.285,0.11499999999999977,2,98,0.08747814322727214,0.0,0.19123360854783875,0.19123360854783875,0.0,0.20264029442792802
cadd,all_1_50,2.286,0.11399999999999988,2,98,0.08747814322727214,0.0,0.19123360854783875,0.19123360854783875,0.0,0.20264029442792802
cadd,all_1_50,2.288,0.11400000000000032,2,98,0.08747814322727214,0.0,0.1887890457851947,0.1887890457851947,0.0,0.20219682469380124
cadd,all_1_50,2.289,0.11399999999999988,2,99,0.08659452561891587,0.0,0.19111977474550573,0.19111977474550573,0.0,0.2004972903742508
cadd,all_1_50,2.294,0.1120000000000001,2,98,0.08747814322727214,0.0,0.19595825005551853,0.19595825005551853,0.0,0.2025547329651602
cadd,all_1_50,2.296,0.11100000000000021,2,98,0.08747814322727214,0.0,0.19784556170206394,0.19784556170206394,0.0,0.20247929604753592
cadd,all_1_50,2.297,0.10999999999999988,2,98,0.08747814322727214,0.0,0.19784556170206394,0.19784556170206394,0.0,0.20247929604753592
cadd,all_1_50,2.298,0.10899999999999999,2,98,0.08747814322727214,0.0,0.19784556170206394,0.19784556170206394,0.0,0.20247929604753592
cadd,all_1_50,2.304,0.10899999999999999,2,98,0.08747814322727214,0.0,0.188845751066384,0.188845751066384,0.0,0.20321297212724687
cadd,all_1_50,2.305,0.11000000000000032,2,98,0.08747814322727214,0.0,0.188845751066384,0.188845751066384,0.0,0.20321297212724687
cadd,all_1_50,2.306,0.10999999999999988,2,98,0.08747814322727214,0.0,0.188845751066384,0.188845751066384,0.0,0.20388519413489997
cadd,all_1_50,2.307,0.10999999999999988,2,98,0.08747814322727214,0.0,0.188845751066384,0.188845751066384,0.0,0.20312506386202273
cadd,all_1_50,2.308,0.10899999999999999,2,98,0.08747814322727214,0.0,0.188845751066384,0.188845751066384,0.0,0.20312506386202273
cadd,all_1_50,2.309,0.10899999999999999,2,98,0.08747814322727214,0.0,0.188845751066384,0.188845751066384,0.0,0.20312506386202273
cadd,all_1_50,2.315,0.1120000000000001,2,98,0.08747814322727214,0.0,0.188845751066384,0.188845751066384,0.0,0.20267694030579866
cadd,all_1_50,2.317,0.11099999999999977,2,98,0.08747814322727214,0.0,0.1847295106799273,0.1847295106799273,0.0,0.202047031358486
cadd,all_1_50,2.323,0.11099999999999977,2,98,0.08747814322727214,0.0,0.1874673149272133,0.1874673149272133,0.0,0.20165825562535458
cadd,all_1_50,2.326,0.11100000000000021,2,99,0.08659452561891587,0.0,0.19111977474550573,0.19111977474550573,0.0,0.20030491249443527
cadd,all_1_50,2.327,0.1120000000000001,2,99,0.08659452561891587,0.0,0.19111977474550573,0.19111977474550573,0.0,0.20030491249443527
cadd,all_1_50,2.332,0.10999999999999988,2,99,0.08659452561891587,0.0,0.19996950146484074,0.19996950146484074,0.0,0.20039998118658697
cadd,all_1_50,2.334,0.10899999999999999,2,98,0.08747814322727214,0.0,0.20506677136070234,0.20506677136070234,0.0,0.20258724596371094
cadd,all_1_50,2.335,0.10999999999999988,2,98,0.08747814322727214,0.0,0.20506677136070234,0.20506677136070234,0.0,0.20258724596371094
cadd,all_1_50,2.338,0.10999999999999988,2,98,0.08747814322727214,0.0,0.20506677136070234,0.20506677136070234,0.0,0.20284313502266677
cadd,all_1_50,2.339,0.11099999999999977,2,98,0.08747814322727214,0.0,0.20506677136070234,0.20506677136070234,0.0,0.20284313502266677
cadd,all_1_50,2.34,0.11199999999999966,2,99,0.08659452561891587,0.0,0.20089505299887597,0.20089505299887597,0.0,0.2005329680069707
cadd,all_1_50,2.341,0.11100000000000021,2,98,0.08747814322727214,0.0,0.20161336397993398,0.20161336397993398,0.0,0.2022576515617181
cadd,all_1_50,2.346,0.1120000000000001,2,98,0.08747814322727214,0.0,0.2080027222248001,0.2080027222248001,0.0,0.20273955932330892
cadd,all_1_50,2.347,0.11100000000000021,2,98,0.08747814322727214,0.0,0.2080027222248001,0.2080027222248001,0.0,0.20273955932330892
cadd,all_1_50,2.348,0.11000000000000032,2,98,0.08747814322727214,0.0,0.2080027222248001,0.2080027222248001,0.0,0.20273955932330892
cadd,all_1_50,2.349,0.11000000000000032,2,98,0.08747814322727214,0.0,0.2080027222248001,0.2080027222248001,0.0,0.20273955932330892
cadd,all_1_50,2.356,0.1070000000000002,2,99,0.08659452561891587,0.0,0.2026324382126087,0.2026324382126087,0.0,0.20053411998769147
cadd,all_1_50,2.357,0.10599999999999987,2,98,0.08747814322727214,0.0,0.20492228168417673,0.20492228168417673,0.0,0.2027382391336553
cadd,all_1_50,2.359,0.10599999999999987,2,98,0.08747814322727214,0.0,0.20492228168417673,0.20492228168417673,0.0,0.2027382391336553
cadd,all_1_50,2.36,0.10600000000000032,2,99,0.08659452561891587,0.0,0.20387421393444546,0.20387421393444546,0.0,0.20039599618726983
cadd,all_1_50,2.361,0.10500000000000043,2,98,0.08747814322727214,0.0,0.20492228168417673,0.20492228168417673,0.0,0.20209289321583596
cadd,all_1_50,2.362,0.10499999999999998,2,100,0.08572858036272671,0.0,0.20261864640958097,0.20261864640958097,0.0,0.19733300200694795
cadd,all_1_50,2.368,0.10599999999999987,1,100,0.042864290181363354,0.0,0.1038342587246473,0.1038342587246473,0.0,0.1286474298405803
cadd,all_1_50,2.371,0.10499999999999998,1,99,0.043297262809457934,0.0,0.10520844119535278,0.10520844119535278,0.0,0.1299124895262162
cadd,all_1_50,2.373,0.10499999999999998,1,99,0.043297262809457934,0.0,0.10520844119535278,0.10520844119535278,0.0,0.12985791529298624
cadd,all_1_50,2.379,0.10199999999999987,1,99,0.043297262809457934,0.0,0.10818603858767409,0.10818603858767409,0.0,0.129405388024405
cadd,all_1_50,2.387,0.10199999999999987,2,99,0.08659452561891587,0.0,0.17130974272603847,0.17130974272603847,0.0,0.20396113235135302
cadd,all_1_50,2.388,0.10199999999999987,2,98,0.08747814322727214,0.0,0.1713816733639495,0.1713816733639495,0.0,0.20664320882047413
cadd,all_1_50,2.389,0.10200000000000031,2,98,0.08747814322727214,0.0,0.1713816733639495,0.1713816733639495,0.0,0.20591947115384618
cadd,all_1_50,2.393,0.10399999999999965,2,98,0.08747814322727214,0.0,0.16915123092153175,0.16915123092153175,0.0,0.20608089555761985
cadd,all_1_50,2.399,0.1030000000000002,2,98,0.08747814322727214,0.0,0.16912840680446314,0.16912840680446314,0.0,0.20600233436052232
cadd,all_1_50,2.4,0.10400000000000009,2,99,0.08659452561891587,0.0,0.1644450489662677,0.1644450489662677,0.0,0.20351821306735662
cadd,all_1_50,2.402,0.10499999999999998,2,98,0.08747814322727214,0.0,0.16144221861585994,0.16144221861585994,0.0,0.2052368404759731
cadd,all_1_50,2.403,0.10599999999999987,2,98,0.08747814322727214,0.0,0.16144221861585994,0.16144221861585994,0.0,0.2052368404759731
cadd,all_1_50,2.406,0.1080000000000001,2,99,0.08659452561891587,0.0,0.15917967699243588,0.15917967699243588,0.0,0.20313155698523985
cadd,all_1_50,2.407,0.10899999999999999,2,99,0.08659452561891587,0.0,0.15917967699243588,0.15917967699243588,0.0,0.20313155698523985
cadd,all_1_50,2.409,0.10899999999999999,2,98,0.08747814322727214,0.0,0.1610890275587928,0.1610890275587928,0.0,0.20599072022062542
cadd,all_1_50,2.41,0.10799999999999965,2,98,0.08747814322727214,0.0,0.1610890275587928,0.1610890275587928,0.0,0.20599072022062542
cadd,all_1_50,2.413,0.10799999999999965,3,97,0.13256996963308254,0.06391457257927279,0.18379156568000546,0.18379156568000546,0.03453894303017497,0.2755256594006247
cadd,all_1_50,2.416,0.10999999999999988,3,97,0.13256996963308254,0.06391457257927279,0.1871329135903127,0.1871329135903127,0.03437950708138133,0.27516509905943565
cadd,all_1_50,2.417,0.11099999999999977,3,98,0.13121721484090823,0.06383282930746374,0.18526158445440957,0.18526158445440957,0.034192982442900886,0.27275282323628247
cadd,all_1_50,2.423,0.10999999999999988,3,97,0.13256996963308254,0.064778972520908,0.18859617385804098,0.18859617385804098,0.03467258149134503,0.27614901715253726
cadd,all_1_50,2.424,0.10899999999999999,3,97,0.13256996963308254,0.064778972520908,0.18859617385804098,0.18859617385804098,0.03467258149134503,0.27614901715253726
cadd,all_1_50,2.427,0.10999999999999988,3,97,0.13256996963308254,0.06370717925855196,0.18862937453935497,0.18862937453935497,0.0348268883129493,0.2761629323488254
cadd,all_1_50,2.428,0.11099999999999977,3,97,0.13256996963308254,0.06370717925855196,0.18862937453935497,0.18862937453935497,0.0348268883129493,0.2761629323488254
cadd,all_1_50,2.431,0.11299999999999999,3,97,0.13256996963308254,0.06370717925855196,0.18564269407767758,0.18564269407767758,0.03464809434452062,0.2755996539835071
cadd,all_1_50,2.435,0.10999999999999988,3,98,0.13121721484090823,0.06299351883860614,0.18369667503136763,0.18369667503136763,0.03422587102266146,0.27255443691233616
cadd,all_1_50,2.436,0.10899999999999999,3,97,0.13256996963308254,0.06299942235486666,0.1865520715514269,0.1865520715514269,0.03466853258280681,0.2750115138817517
cadd,all_1_50,2.44,0.1080000000000001,3,97,0.13256996963308254,0.064778972520908,0.1881169687269677,0.1881169687269677,0.03486777062717184,0.2752703040625021
cadd,all_1_50,2.441,0.1080000000000001,3,97,0.13256996963308254,0.0638851260293867,0.18941326530612243,0.18941326530612243,0.03467211277395994,0.27504864181661287
cadd,all_1_50,2.442,0.10799999999999965,3,98,0.13121721484090823,0.0638851260293867,0.1851617132867133,0.1851617132867133,0.034507115996924895,0.27177030398679786
cadd,all_1_50,2.447,0.10899999999999999,3,97,0.13256996963308254,0.06391457257927279,0.1864656690140845,0.1864656690140845,0.03495546566493326,0.27487536282363056
cadd,all_1_50,2.452,0.11399999999999988,3,98,0.13121721484090823,0.06299942235486666,0.18387586805555556,0.18387586805555556,0.034465253223359714,0.272134950181708
cadd,all_1_50,2.453,0.11400000000000032,3,97,0.13256996963308254,0.06496431319562312,0.18451940092982874,0.18451940092982874,0.03467211277395994,0.2741184373724611
cadd,all_1_50,2.458,0.11499999999999977,3,98,0.13121721484090823,0.061208327047820185,0.18568835635462314,0.18568835635462314,0.03465592988866295,0.2721274517114108
cadd,all_1_50,2.461,0.11399999999999988,3,97,0.13256996963308254,0.0632392849443688,0.18778158191768496,0.18778158191768496,0.03499704015625271,0.2745633050677875
cadd,all_1_50,2.462,0.11500000000000021,3,97,0.13256996963308254,0.0632392849443688,0.18778158191768496,0.18778158191768496,0.03499704015625271,0.2745633050677875
cadd,all_1_50,2.463,0.11500000000000021,3,97,0.13256996963308254,0.0637170221517128,0.18756824641040312,0.18756824641040312,0.035354754557389234,0.2752985792025816
cadd,all_1_50,2.466,0.11800000000000033,3,98,0.13121721484090823,0.062403491104397454,0.18715530564201982,0.18715530564201982,0.03478608504628508,0.2726275384777905
cadd,all_1_50,2.467,0.11900000000000022,3,98,0.13121721484090823,0.062403491104397454,0.18715530564201982,0.18715530564201982,0.03478608504628508,0.2726275384777905
cadd,all_1_50,2.471,0.121,3,97,0.13256996963308254,0.062403491104397454,0.1903044690972442,0.1903044690972442,0.035145163719990394,0.275318264325232
cadd,all_1_50,2.474,0.11800000000000033,3,97,0.13256996963308254,0.062403491104397454,0.1903044690972442,0.1903044690972442,0.035145163719990394,0.275318264325232
cadd,all_1_50,2.478,0.11800000000000033,3,97,0.13256996963308254,0.06137245009328914,0.19340605466356173,0.19340605466356173,0.03503427439848775,0.27572823303457106
cadd,all_1_50,2.48,0.1200000000000001,3,99,0.1298917884283738,0.058499463615233324,0.1916834869892532,0.1916834869892532,0.03452343729141907,0.2694360885116193
cadd,all_1_50,2.481,0.11999999999999966,3,100,0.12859287054409005,0.05747315723601871,0.1903110232981548,0.1903110232981548,0.03404004557788338,0.2663942275347694
cadd,all_1_50,2.482,0.11999999999999966,3,99,0.1298917884283738,0.05689908457891034,0.19392945930143451,0.19392945930143451,0.03416294435901606,0.27020444335698224
cadd,all_1_50,2.485,0.11699999999999999,3,97,0.13256996963308254,0.05941725247791425,0.19594312003345882,0.19594312003345882,0.03477713454916105,0.2763239210314315
cadd,all_1_50,2.487,0.11900000000000022,3,97,0.13256996963308254,0.05941725247791425,0.19594312003345882,0.19594312003345882,0.03477713454916105,0.2763239210314315
cadd,all_1_50,2.489,0.121,3,97,0.13256996963308254,0.05941725247791425,0.19594312003345882,0.19594312003345882,0.03477713454916105,0.2763239210314315
cadd,all_1_50,2.491,0.1200000000000001,3,97,0.13256996963308254,0.058084637365960826,0.19612520336156664,0.19612520336156664,0.03474619044117539,0.2763311216401176
cadd,all_1_50,2.492,0.121,3,97,0.13256996963308254,0.058084637365960826,0.19612520336156664,0.19612520336156664,0.03474619044117539,0.2763311216401176
cadd,all_1_50,2.494,0.121,3,98,0.13121721484090823,0.0579282377748059,0.19352627500638392,0.19352627500638392,0.034395238872080805,0.2726709089860374
cadd,all_1_50,2.499,0.1200000000000001,3,98,0.13121721484090823,0.05801102016797732,0.1935905008506366,0.1935905008506366,0.034381344327961666,0.27170756930909673
cadd,all_1_50,2.502,0.11700000000000044,3,97,0.13256996963308254,0.05801102016797732,0.19516962002218494,0.19516962002218494,0.03454240051082269,0.2752909560126787
cadd,all_1_50,2.503,0.1160000000000001,3,97,0.13256996963308254,0.05801102016797732,0.19516962002218494,0.19516962002218494,0.03454240051082269,0.2752909560126787
cadd,all_1_50,2.506,0.11700000000000044,3,97,0.13256996963308254,0.058847005376858615,0.19580084251428778,0.19580084251428778,0.034916158362278835,0.2767566259893502
cadd,all_1_50,2.512,0.11699999999999999,3,97,0.13256996963308254,0.05809157050528566,0.1985826670130161,0.1985826670130161,0.0351257180452799,0.27578439888335654
cadd,all_1_50,2.514,0.11500000000000021,3,97,0.13256996963308254,0.05809157050528566,0.1985826670130161,0.1985826670130161,0.0351257180452799,0.27578439888335654
cadd,all_1_50,2.518,0.1160000000000001,2,99,0.08659452561891587,0.0,0.1794578776486671,0.1794578776486671,0.0,0.20311562470197878
cadd,all_1_50,2.52,0.11699999999999999,2,99,0.08659452561891587,0.0,0.1794578776486671,0.1794578776486671,0.0,0.20293958543307097
cadd,all_1_50,2.523,0.1200000000000001,2,99,0.08659452561891587,0.0,0.1794578776486671,0.1794578776486671,0.0,0.20293958543307097
cadd,all_1_50,2.528,0.12199999999999989,2,99,0.08659452561891587,0.0,0.18494234674832513,0.18494234674832513,0.0,0.2025681228671036
cadd,all_1_50,2.531,0.12200000000000033,3,97,0.13256996963308254,0.04213489384247721,0.26862743618587,0.26862743618587,0.03576374044800141,0.27388582193669325
cadd,all_1_50,2.533,0.12199999999999989,3,97,0.13256996963308254,0.04244294787487856,0.2659882516081436,0.2659882516081436,0.0355540408969903,0.2730411158189567
cadd,all_1_50,2.535,0.12200000000000033,3,97,0.13256996963308254,0.04244294787487856,0.2659882516081436,0.2659882516081436,0.0355540408969903,0.2730411158189567
cadd,all_1_50,2.544,0.121,3,99,0.1298917884283738,0.04013764152205148,0.2620272291583992,0.2620272291583992,0.03454613112316491,0.26792259579746946
cadd,all_1_50,2.545,0.1200000000000001,3,97,0.13256996963308254,0.041937674685891914,0.2620272291583992,0.2620272291583992,0.035458844405066144,0.2740057599221521
cadd,all_1_50,2.547,0.11900000000000022,3,97,0.13256996963308254,0.04096237992575489,0.2624139536023125,0.2624139536023125,0.03536363233647857,0.274045412756727
cadd,all_1_50,2.549,0.121,3,97,0.13256996963308254,0.04096237992575489,0.2624139536023125,0.2624139536023125,0.03536363233647857,0.274045412756727
cadd,all_1_50,2.55,0.121,3,97,0.13256996963308254,0.041937674685891914,0.25849732742914366,0.25849732742914366,0.03528270844719086,0.27332826727462156
cadd,all_1_50,2.556,0.1200000000000001,3,98,0.13121721484090823,0.04144429027782259,0.2510490095638292,0.2510490095638292,0.03517320762532746,0.2697751439042231
cadd,all_1_50,2.564,0.12300000000000022,3,97,0.13256996963308254,0.04032294284954347,0.26238021460951394,0.26238021460951394,0.03547934185993228,0.2734209164561386
cadd,all_1_50,2.567,0.125,3,97,0.13256996963308254,0.04036222426995407,0.2585473498642098,0.2585473498642098,0.03574348396587234,0.2736219984638977
cadd,all_1_50,2.568,0.125,3,97,0.13256996963308254,0.04036222426995407,0.2585473498642098,0.2585473498642098,0.035655342830632306,0.27421978824013216
cadd,all_1_50,2.57,0.12300000000000022,3,97,0.13256996963308254,0.04036222426995407,0.2585473498642098,0.2585473498642098,0.035655342830632306,0.27421978824013216
cadd,all_1_50,2.573,0.121,3,97,0.13256996963308254,0.03988216494099214,0.2624139536023125,0.2624139536023125,0.035720074499604335,0.2741785902023302
cadd,all_1_50,2.578,0.11999999999999966,3,97,0.13256996963308254,0.03989229583898166,0.26647950932258413,0.26647950932258413,0.03588773472518529,0.274539245554319
cadd,all_1_50,2.581,0.1200000000000001,3,97,0.13256996963308254,0.039039872086709365,0.2768166089965398,0.2768166089965398,0.035770872922908425,0.27424112639270826
cadd,all_1_50,2.59,0.12299999999999978,3,97,0.13256996963308254,0.03897810729228138,0.2817458253134266,0.2817458253134266,0.03585063302307278,0.27384304660962344
cadd,all_1_50,2.592,0.125,3,99,0.1298917884283738,0.038241602351471164,0.2790577092892042,0.2790577092892042,0.03498207520722859,0.26759081723416983
cadd,all_1_50,2.594,0.125,3,97,0.13256996963308254,0.039206294178425465,0.28199052132701424,0.28199052132701424,0.036026371785269,0.2738838784672118
cadd,all_1_50,2.595,0.12400000000000011,3,97,0.13256996963308254,0.039206294178425465,0.28199052132701424,0.28199052132701424,0.036026371785269,0.2738838784672118
cadd,all_1_50,2.596,0.125,3,97,0.13256996963308254,0.039206294178425465,0.28199052132701424,0.28199052132701424,0.036026371785269,0.2738838784672118
cadd,all_1_50,2.6,0.12199999999999989,3,97,0.13256996963308254,0.03865663688643142,0.2823529411764706,0.2823529411764706,0.0356098581375367,0.274227912939618
cadd,all_1_50,2.601,0.12199999999999989,3,97,0.13256996963308254,0.03856439899451036,0.279041984298555,0.279041984298555,0.03561900030680871,0.2737489702146733
cadd,all_1_50,2.602,0.12199999999999989,3,97,0.13256996963308254,0.03856439899451036,0.279041984298555,0.279041984298555,0.03561900030680871,0.2737489702146733
cadd,all_1_50,2.611,0.12399999999999967,3,98,0.13121721484090823,0.0,0.2922128886193723,0.2922128886193723,0.0,0.2718639875637106
cadd,all_1_50,2.614,0.12299999999999978,3,98,0.13121721484090823,0.0,0.2895852907765757,0.2895852907765757,0.0,0.2725110970196576
cadd,all_1_50,2.615,0.12299999999999978,3,98,0.13121721484090823,0.0,0.2939357936084574,0.2939357936084574,0.0,0.27230941099800426
cadd,all_1_50,2.619,0.12199999999999989,3,97,0.13256996963308254,0.0,0.2952486596413385,0.2952486596413385,0.0,0.2750629171494954
cadd,all_1_50,2.621,0.12199999999999989,3,98,0.13121721484090823,0.0,0.2952486596413385,0.2952486596413385,0.0,0.2725685242727592
cadd,all_1_50,2.622,0.12200000000000033,3,97,0.13256996963308254,0.0,0.2920041688760491,0.2920041688760491,0.0,0.2755994502277387
cadd,all_1_50,2.623,0.12100000000000044,3,97,0.13256996963308254,0.0,0.2920041688760491,0.2920041688760491,0.0,0.2755994502277387
cadd,all_1_50,2.626,0.12200000000000033,3,97,0.13256996963308254,0.0,0.30038700284763925,0.30038700284763925,0.0,0.2746603261160274
cadd,all_1_50,2.629,0.1200000000000001,3,97,0.13256996963308254,0.0,0.30038700284763925,0.30038700284763925,0.0,0.2738933925570367
cadd,all_1_50,2.632,0.11800000000000033,3,97,0.13256996963308254,0.0,0.29901630962443,0.29901630962443,0.0,0.27507987220447283
cadd,all_1_50,2.634,0.1200000000000001,3,97,0.13256996963308254,0.0,0.29901630962443,0.29901630962443,0.0,0.27507987220447283
cadd,all_1_50,2.637,0.11900000000000022,3,97,0.13256996963308254,0.0,0.2920041688760491,0.2920041688760491,0.0,0.27442547667895095
cadd,all_1_50,2.646,0.11799999999999988,2,98,0.08747814322727214,0.0,0.19717352647570965,0.19717352647570965,0.0,0.20154255537867796
cadd,all_1_50,2.653,0.11699999999999999,2,98,0.08747814322727214,0.0,0.19892339837801468,0.19892339837801468,0.0,0.20147902981628726
cadd,all_1_50,2.654,0.1160000000000001,2,98,0.08747814322727214,0.0,0.19892339837801468,0.19892339837801468,0.0,0.20147902981628726
cadd,all_1_50,2.655,0.11500000000000021,2,98,0.08747814322727214,0.0,0.19892339837801468,0.19892339837801468,0.0,0.20147902981628726
cadd,all_1_50,2.658,0.11299999999999999,2,98,0.08747814322727214,0.0,0.19577568047738564,0.19577568047738564,0.0,0.20146125194671666
cadd,all_1_50,2.66,0.11399999999999988,2,100,0.08572858036272671,0.0,0.18937324738701336,0.18937324738701336,0.0,0.19715191749968575
cadd,all_1_50,2.662,0.1120000000000001,2,98,0.08747814322727214,0.0,0.19115293785908147,0.19115293785908147,0.0,0.20156405782061812
cadd,all_1_50,2.663,0.1120000000000001,2,98,0.08747814322727214,0.0,0.19115293785908147,0.19115293785908147,0.0,0.20140673123659758
cadd,all_1_50,2.665,0.10999999999999988,2,98,0.08747814322727214,0.0,0.19115293785908147,0.19115293785908147,0.0,0.20140673123659758
cadd,all_1_50,2.666,0.10999999999999988,2,99,0.08659452561891587,0.0,0.1880060273479669,0.1880060273479669,0.0,0.1985485236771826
cadd,all_1_50,2.671,0.10699999999999976,2,98,0.08747814322727214,0.0,0.19115293785908147,0.19115293785908147,0.0,0.20089787836237635
cadd,all_1_50,2.672,0.1080000000000001,2,98,0.08747814322727214,0.0,0.19115293785908147,0.19115293785908147,0.0,0.20089787836237635
cadd,all_1_50,2.676,0.10799999999999965,2,99,0.08659452561891587,0.0,0.19665683382497542,0.19665683382497542,0.0,0.19882025443294873
cadd,all_1_50,2.683,0.10999999999999988,2,98,0.08747814322727214,0.0,0.20188624303740818,0.20188624303740818,0.0,0.20132513075038885
cadd,all_1_50,2.686,0.10899999999999999,2,98,0.08747814322727214,0.0,0.20907352578337035,0.20907352578337035,0.0,0.2009163479428185
cadd,all_1_50,2.688,0.11000000000000032,2,98,0.08747814322727214,0.0,0.20907352578337035,0.20907352578337035,0.0,0.2009163479428185
cadd,all_1_50,2.693,0.11299999999999999,2,98,0.08747814322727214,0.0,0.20643799081345385,0.20643799081345385,0.0,0.2014680022216324
cadd,all_1_50,2.694,0.11299999999999999,2,98,0.08747814322727214,0.0,0.20643799081345385,0.20643799081345385,0.0,0.2014680022216324
cadd,all_1_50,2.695,0.11299999999999999,2,98,0.08747814322727214,0.0,0.20587914118696105,0.20587914118696105,0.0,0.20155158170957196
cadd,all_1_50,2.697,0.11099999999999977,2,98,0.08747814322727214,0.0,0.20587914118696105,0.20587914118696105,0.0,0.20155158170957196
cadd,all_1_50,2.701,0.10899999999999999,2,98,0.08747814322727214,0.0,0.20737061826334852,0.20737061826334852,0.0,0.2010599747708041
cadd,all_1_50,2.707,0.11199999999999966,2,98,0.08747814322727214,0.0,0.20737061826334852,0.20737061826334852,0.0,0.2018067039959403
cadd,all_1_50,2.708,0.1120000000000001,2,98,0.08747814322727214,0.0,0.21007173181086222,0.21007173181086222,0.0,0.20170356353348767
cadd,all_1_50,2.709,0.1120000000000001,2,98,0.08747814322727214,0.0,0.21462537340730353,0.21462537340730353,0.0,0.20154336878621465
cadd,all_1_50,2.712,0.1120000000000001,2,99,0.08659452561891587,0.0,0.21462537340730353,0.21462537340730353,0.0,0.19967679976172056
cadd,all_1_50,2.714,0.11399999999999988,2,99,0.08659452561891587,0.0,0.21462537340730353,0.21462537340730353,0.0,0.19967679976172056
cadd,all_1_50,2.716,0.11500000000000021,3,97,0.13256996963308254,0.0,0.318958818958819,0.318958818958819,0.0,0.27801258551399466
cadd,all_1_50,2.719,0.11699999999999999,3,99,0.1298917884283738,0.0,0.30665871156784974,0.30665871156784974,0.0,0.27322503799210723
cadd,all_1_50,2.722,0.11399999999999988,3,97,0.13256996963308254,0.0,0.3188316971615238,0.3188316971615238,0.0,0.2779139578047045
cadd,all_1_50,2.723,0.11299999999999999,3,97,0.13256996963308254,0.0,0.3188316971615238,0.3188316971615238,0.0,0.2779139578047045
cadd,all_1_50,2.728,0.11400000000000032,3,97,0.13256996963308254,0.0,0.3152310171919771,0.3152310171919771,0.0,0.2772771536864243
cadd,all_1_50,2.73,0.11499999999999977,4,97,0.17675995951077672,0.0,0.42841421169942945,0.42841421169942945,0.043860742373039725,0.34469040311546506
cadd,all_1_50,2.731,0.11400000000000032,4,96,0.17860120908901395,0.0,0.42925074681460706,0.42925074681460706,0.04420540261629993,0.34730054134531557
cadd,all_1_50,2.733,0.11299999999999999,4,96,0.17860120908901395,0.0,0.4383447810250875,0.4383447810250875,0.04426355732390216,0.3471096671487252
cadd,all_1_50,2.735,0.11399999999999988,4,96,0.17860120908901395,0.0,0.4383447810250875,0.4383447810250875,0.04426355732390216,0.3471096671487252
cadd,all_1_50,2.736,0.11500000000000021,4,96,0.17860120908901395,0.0,0.4383447810250875,0.4383447810250875,0.04426355732390216,0.3471096671487252
cadd,all_1_50,2.737,0.1160000000000001,4,96,0.17860120908901395,0.0,0.4383447810250875,0.4383447810250875,0.04426355732390216,0.3471096671487252
cadd,all_1_50,2.738,0.11699999999999999,4,96,0.17860120908901395,0.0,0.4383447810250875,0.4383447810250875,0.04426355732390216,0.3471096671487252
cadd,all_1_50,2.741,0.11799999999999988,4,97,0.17675995951077672,0.0,0.42925074681460706,0.42925074681460706,0.043806425684342676,0.3436680944181689
cadd,all_1_50,2.743,0.11699999999999999,4,96,0.17860120908901395,0.0,0.43858228478883765,0.43858228478883765,0.04429327324311278,0.3477321592900774
cadd,all_1_50,2.744,0.11800000000000033,4,96,0.17860120908901395,0.0,0.43858228478883765,0.43858228478883765,0.04429327324311278,0.3477321592900774
cadd,all_1_50,2.745,0.11799999999999988,4,96,0.17860120908901395,0.0,0.4434018703359678,0.4434018703359678,0.04433100650083585,0.3477978030486424
cadd,all_1_50,2.748,0.11900000000000022,4,96,0.17860120908901395,0.0,0.4434018703359678,0.4434018703359678,0.04433100650083585,0.3477978030486424
cadd,all_1_50,2.749,0.11899999999999977,4,96,0.17860120908901395,0.0,0.4434018703359678,0.4434018703359678,0.0443257348423772,0.34922615350001296
cadd,all_1_50,2.75,0.11799999999999988,4,96,0.17860120908901395,0.0,0.4434018703359678,0.4434018703359678,0.0443257348423772,0.34922615350001296
cadd,all_1_50,2.755,0.121,4,97,0.17675995951077672,0.0,0.43858228478883765,0.43858228478883765,0.04387413509347735,0.34475201983106873
cadd,all_1_50,2.759,0.11900000000000022,4,96,0.17860120908901395,0.0,0.4533659573098097,0.4533659573098097,0.044266804066878045,0.3483588462555882
cadd,all_1_50,2.762,0.1160000000000001,4,96,0.17860120908901395,0.0,0.4533659573098097,0.4533659573098097,0.044266804066878045,0.3483588462555882
cadd,all_1_50,2.766,0.11699999999999999,4,96,0.17860120908901395,0.0,0.45837109183839375,0.45837109183839375,0.04423590412799111,0.3493589979624386
cadd,all_1_50,2.767,0.1160000000000001,4,96,0.17860120908901395,0.0,0.45837109183839375,0.45837109183839375,0.04423590412799111,0.3493589979624386
cadd,all_1_50,2.768,0.11500000000000021,4,96,0.17860120908901395,0.0,0.45837109183839375,0.45837109183839375,0.04423590412799111,0.3493589979624386
cadd,all_1_50,2.77,0.11699999999999999,4,97,0.17675995951077672,0.0,0.4475672974297965,0.4475672974297965,0.043834933778127444,0.3451739163539273
cadd,all_1_50,2.771,0.11799999999999988,4,97,0.17675995951077672,0.0,0.4475672974297965,0.4475672974297965,0.043834933778127444,0.3451739163539273
cadd,all_1_50,2.773,0.1200000000000001,4,97,0.17675995951077672,0.0,0.4475672974297965,0.4475672974297965,0.043834933778127444,0.3451739163539273
cadd,all_1_50,2.774,0.1200000000000001,3,97,0.13256996963308254,0.0,0.40478594043959076,0.40478594043959076,0.035229204747542923,0.28093944315818975
cadd,all_1_50,2.775,0.121,3,97,0.13256996963308254,0.0,0.40478594043959076,0.40478594043959076,0.035229204747542923,0.28093944315818975
cadd,all_1_50,2.776,0.12199999999999989,3,98,0.13121721484090823,0.0,0.3941336788490752,0.3941336788490752,0.03491135626363585,0.2774944099110766
cadd,all_1_50,2.781,0.125,3,97,0.13256996963308254,0.0,0.3854083043174661,0.3854083043174661,0.03491873527010705,0.28174218375884846
cadd,all_1_50,2.782,0.12400000000000011,3,97,0.13256996963308254,0.0,0.3854083043174661,0.3854083043174661,0.03491873527010705,0.28174218375884846
cadd,all_1_50,2.784,0.1259999999999999,3,97,0.13256996963308254,0.0,0.3854083043174661,0.3854083043174661,0.03491873527010705,0.28174218375884846
cadd,all_1_50,2.787,0.129,3,97,0.13256996963308254,0.0,0.3854083043174661,0.3854083043174661,0.03491873527010705,0.28174218375884846
cadd,all_1_50,2.795,0.13200000000000012,3,97,0.13256996963308254,0.0,0.37398879900435594,0.37398879900435594,0.03512739058950989,0.2804559184322097
cadd,all_1_50,2.806,0.1379999999999999,3,97,0.13256996963308254,0.0,0.3711730791567074,0.3711730791567074,0.035385462262368134,0.28006476688825227
cadd,all_1_50,2.808,0.137,3,97,0.13256996963308254,0.0,0.3711730791567074,0.3711730791567074,0.035385462262368134,0.28006476688825227
cadd,all_1_50,2.809,0.137,3,97,0.13256996963308254,0.0,0.3711730791567074,0.3711730791567074,0.03540689891327811,0.2806752960150594
cadd,all_1_50,2.812,0.13999999999999968,3,98,0.13121721484090823,0.0,0.368529108507942,0.368529108507942,0.03496094119182396,0.27714155873792645
cadd,all_1_50,2.813,0.1389999999999998,3,97,0.13256996963308254,0.0,0.3712388813646181,0.3712388813646181,0.035335271381185626,0.279560506030613
cadd,all_1_50,2.82,0.137,3,97,0.13256996963308254,0.0,0.389015059643243,0.389015059643243,0.035659394663183526,0.27927783158435365
cadd,all_1_50,2.821,0.1379999999999999,3,98,0.13121721484090823,0.0,0.3791665771206293,0.3791665771206293,0.034896165834516935,0.2771958513437455
cadd,all_1_50,2.823,0.137,3,97,0.13256996963308254,0.0,0.3791665771206293,0.3791665771206293,0.035184911666454245,0.28002788347370033
cadd,all_1_50,2.829,0.13999999999999968,3,97,0.13256996963308254,0.0,0.389015059643243,0.389015059643243,0.03527943255404095,0.2797658714125015
cadd,all_1_50,2.832,0.1389999999999998,3,98,0.13121721484090823,0.0,0.389015059643243,0.389015059643243,0.034983002389627045,0.27626083524978945
cadd,all_1_50,2.836,0.14100000000000001,3,97,0.13256996963308254,0.0,0.3927287445997267,0.3927287445997267,0.03514536879801683,0.279822260991193
cadd,all_1_50,2.839,0.1419999999999999,3,97,0.13256996963308254,0.0,0.3927287445997267,0.3927287445997267,0.035118135261170226,0.2800885981667582
cadd,all_1_50,2.844,0.14100000000000001,3,97,0.13256996963308254,0.0,0.3927287445997267,0.3927287445997267,0.03533149692296418,0.27939962243848315
cadd,all_1_50,2.845,0.13999999999999968,3,97,0.13256996963308254,0.0,0.3927287445997267,0.3927287445997267,0.03533149692296418,0.27939962243848315
cadd,all_1_50,2.846,0.13900000000000023,3,97,0.13256996963308254,0.0,0.3927287445997267,0.3927287445997267,0.03533149692296418,0.27939962243848315
cadd,all_1_50,2.857,0.14100000000000001,3,98,0.13121721484090823,0.0,0.4014702801832673,0.4014702801832673,0.03477281551963741,0.27727597070265836
cadd,all_1_50,2.859,0.14000000000000012,3,97,0.13256996963308254,0.0,0.41252587991718426,0.41252587991718426,0.03492997046553956,0.2802407432185052
cadd,all_1_50,2.863,0.1429999999999998,3,98,0.13121721484090823,0.0,0.40139928330742075,0.40139928330742075,0.03495298915841204,0.2774075716498025
cadd,all_1_50,2.868,0.14400000000000013,3,98,0.13121721484090823,0.0,0.40146996367251636,0.40146996367251636,0.035083495278013514,0.2762413386624948
cadd,all_1_50,2.873,0.14300000000000024,2,98,0.08747814322727214,0.0,0.26764664244834424,0.26764664244834424,0.0,0.2058477540923211
cadd,all_1_50,2.874,0.14400000000000013,2,98,0.08747814322727214,0.0,0.26764664244834424,0.26764664244834424,0.0,0.2058477540923211
cadd,all_1_50,2.877,0.14500000000000002,2,98,0.08747814322727214,0.0,0.26580204778156996,0.26580204778156996,0.0,0.20522758859857956
cadd,all_1_50,2.878,0.14500000000000002,2,98,0.08747814322727214,0.0,0.26580204778156996,0.26580204778156996,0.0,0.20522758859857956
cadd,all_1_50,2.883,0.14800000000000013,3,97,0.13256996963308254,0.0,0.29387123212822147,0.29387123212822147,0.0,0.2736815603318591
cadd,all_1_50,2.884,0.14800000000000013,3,97,0.13256996963308254,0.0,0.29387123212822147,0.29387123212822147,0.0,0.27358795214110154
cadd,all_1_50,2.894,0.1519999999999997,3,98,0.13121721484090823,0.0,0.2970820591233435,0.2970820591233435,0.0,0.2710616760734947
cadd,all_1_50,2.898,0.15399999999999991,3,97,0.13256996963308254,0.0,0.2994587155963303,0.2994587155963303,0.0,0.2735844983467292
cadd,all_1_50,2.906,0.15600000000000014,3,97,0.13256996963308254,0.0,0.29317531263576907,0.29317531263576907,0.0,0.2744254759622038
cadd,all_1_50,2.92,0.15500000000000025,3,97,0.13256996963308254,0.0,0.28887339573808246,0.28887339573808246,0.0,0.2725124810418355
cadd,all_1_50,2.922,0.15600000000000014,3,98,0.13121721484090823,0.0,0.2823337238936827,0.2823337238936827,0.0,0.2703255981946207
cadd,all_1_50,2.924,0.15799999999999992,3,98,0.13121721484090823,0.0,0.2823337238936827,0.2823337238936827,0.0,0.2703255981946207
cadd,all_1_50,2.929,0.1589999999999998,3,97,0.13256996963308254,0.0,0.28712864959077183,0.28712864959077183,0.0,0.2732008453892477
cadd,all_1_50,2.93,0.16000000000000014,3,97,0.13256996963308254,0.0,0.28712864959077183,0.28712864959077183,0.0,0.2732008453892477
cadd,all_1_50,2.94,0.16400000000000015,3,97,0.13256996963308254,0.0,0.30725773147652996,0.30725773147652996,0.0,0.27361070784685443
cadd,all_1_50,2.944,0.1629999999999998,3,97,0.13256996963308254,0.0,0.312928534795656,0.312928534795656,0.0,0.273016809445949
cadd,all_1_50,2.946,0.16400000000000015,3,97,0.13256996963308254,0.0,0.31227526645768017,0.31227526645768017,0.0,0.27293747877091856
cadd,all_1_50,2.952,0.16500000000000004,3,98,0.13121721484090823,0.0,0.30500084696316654,0.30500084696316654,0.0,0.2707218327244001
cadd,all_1_50,2.954,0.1629999999999998,3,97,0.13256996963308254,0.0,0.30639693820164543,0.30639693820164543,0.0,0.2739126483951809
cadd,all_1_50,2.955,0.16199999999999992,3,97,0.13256996963308254,0.0,0.30639693820164543,0.30639693820164543,0.0,0.2739126483951809
cadd,all_1_50,2.959,0.16199999999999992,3,97,0.13256996963308254,0.0,0.30129528535980155,0.30129528535980155,0.0,0.272974217218462
cadd,all_1_50,2.965,0.1589999999999998,3,97,0.13256996963308254,0.0,0.30129528535980155,0.30129528535980155,0.0,0.272974217218462
cadd,all_1_50,2.969,0.1599999999999997,3,97,0.13256996963308254,0.0,0.30708958957761545,0.30708958957761545,0.0,0.27321081003371406
cadd,all_1_50,2.971,0.16100000000000003,3,98,0.13121721484090823,0.0,0.3050684476400865,0.3050684476400865,0.0,0.27002105013297933
cadd,all_1_50,2.977,0.15700000000000003,3,97,0.13256996963308254,0.0,0.3073144197918745,0.3073144197918745,0.0,0.2730411158189567
cadd,all_1_50,2.981,0.1599999999999997,3,97,0.13256996963308254,0.0,0.3075172848555922,0.3075172848555922,0.0,0.273317793305786
cadd,all_1_50,2.982,0.16100000000000003,3,97,0.13256996963308254,0.0,0.3075172848555922,0.3075172848555922,0.0,0.273317793305786
cadd,all_1_50,2.985,0.1639999999999997,3,97,0.13256996963308254,0.0,0.3075172848555922,0.3075172848555922,0.0,0.273317793305786
cadd,all_1_50,2.986,0.1639999999999997,3,98,0.13121721484090823,0.0,0.29982681377139425,0.29982681377139425,0.0,0.27040736099131935
cadd,all_1_50,2.987,0.1629999999999998,3,97,0.13256996963308254,0.0,0.30061715477693385,0.30061715477693385,0.0,0.27301288884749003
cadd,all_1_50,2.99,0.1609999999999996,3,98,0.13121721484090823,0.0,0.29409816525330407,0.29409816525330407,0.0,0.2700640466252932
cadd,all_1_50,2.993,0.16100000000000003,2,98,0.08747814322727214,0.0,0.1632747564891121,0.1632747564891121,0.0,0.2009737566183354
cadd,all_1_50,2.995,0.16199999999999992,2,99,0.08659452561891587,0.0,0.16485423871451302,0.16485423871451302,0.0,0.1995231030411964
cadd,all_1_50,2.998,0.16200000000000037,2,99,0.08659452561891587,0.0,0.16485423871451302,0.16485423871451302,0.0,0.1995231030411964
cadd,all_1_50,3.006,0.1599999999999997,1,99,0.043297262809457934,0.0,0.07980236141054978,0.07980236141054978,0.0,0.1277091356930545
cadd,all_1_50,3.008,0.16100000000000003,1,99,0.043297262809457934,0.0,0.07980236141054978,0.07980236141054978,0.0,0.12764836548911093
cadd,all_1_50,3.012,0.15700000000000003,1,99,0.043297262809457934,0.0,0.07980236141054978,0.07980236141054978,0.0,0.12764836548911093
cadd,all_1_50,3.022,0.15400000000000036,1,99,0.043297262809457934,0.0,0.08072274296990625,0.08072274296990625,0.0,0.1280121475049974
cadd,all_1_50,3.03,0.15300000000000002,1,99,0.043297262809457934,0.0,0.08191530125020534,0.08191530125020534,0.0,0.12795355985556892
cadd,all_1_50,3.032,0.15399999999999991,1,99,0.043297262809457934,0.0,0.08163390243030358,0.08163390243030358,0.0,0.12784830489934876
cadd,all_1_50,3.035,0.15300000000000002,1,99,0.043297262809457934,0.0,0.08163390243030358,0.08163390243030358,0.0,0.12775356308150349
cadd,all_1_50,3.036,0.15300000000000002,1,100,0.042864290181363354,0.0,0.08111333819241982,0.08111333819241982,0.0,0.12655657586818572
cadd,all_1_50,3.037,0.15399999999999991,1,100,0.042864290181363354,0.0,0.08111333819241982,0.08111333819241982,0.0,0.12655657586818572
cadd,all_1_50,3.046,0.15400000000000036,1,99,0.043297262809457934,0.0,0.08162348497350423,0.08162348497350423,0.0,0.12731549570363065
cadd,all_1_50,3.061,0.14800000000000013,1,100,0.042864290181363354,0.0,0.08057956819827108,0.08057956819827108,0.0,0.12676460940989384
cadd,all_1_50,3.062,0.14700000000000024,1,100,0.042864290181363354,0.0,0.08057956819827108,0.08057956819827108,0.0,0.12676460940989384
cadd,all_1_50,3.065,0.14400000000000013,1,99,0.043297262809457934,0.0,0.08057956819827108,0.08057956819827108,0.0,0.12790209279228362
cadd,all_1_50,3.067,0.14500000000000002,1,99,0.043297262809457934,0.0,0.08057956819827108,0.08057956819827108,0.0,0.12790209279228362
cadd,all_1_50,3.068,0.1459999999999999,1,99,0.043297262809457934,0.0,0.08057956819827108,0.08057956819827108,0.0,0.12790209279228362
cadd,all_1_50,3.075,0.1459999999999999,1,100,0.042864290181363354,0.0,0.08006513071795965,0.08006513071795965,0.0,0.1273190977818592
cadd,all_1_50,3.076,0.1459999999999999,1,99,0.043297262809457934,0.0,0.08006513071795965,0.08006513071795965,0.0,0.12831215942129684
cadd,all_1_50,3.083,0.1519999999999997,1,99,0.043297262809457934,0.0,0.08169756509106493,0.08169756509106493,0.0,0.1283091763369224
cadd,all_1_50,3.084,0.1509999999999998,1,99,0.043297262809457934,0.0,0.08169756509106493,0.08169756509106493,0.0,0.1283091763369224
cadd,all_1_50,3.086,0.14900000000000002,1,99,0.043297262809457934,0.0,0.08169756509106493,0.08169756509106493,0.0,0.1283091763369224
cadd,all_1_50,3.091,0.1479999999999997,1,99,0.043297262809457934,0.0,0.08175664756411373,0.08175664756411373,0.0,0.12847278288191147
cadd,all_1_50,3.093,0.14800000000000013,1,100,0.042864290181363354,0.0,0.08082168884853091,0.08082168884853091,0.0,0.12721713501021611
cadd,all_1_50,3.096,0.14500000000000002,1,99,0.043297262809457934,0.0,0.08176995876985237,0.08176995876985237,0.0,0.12855128248397507
cadd,all_1_50,3.1,0.1459999999999999,1,99,0.043297262809457934,0.0,0.08277551002620993,0.08277551002620993,0.0,0.12856301658896263
cadd,all_1_50,3.102,0.1479999999999997,1,99,0.043297262809457934,0.0,0.08277551002620993,0.08277551002620993,0.0,0.12856301658896263
cadd,all_1_50,3.103,0.14899999999999958,1,100,0.042864290181363354,0.0,0.08226199533271952,0.08226199533271952,0.0,0.12734606369573775
cadd,all_1_50,3.105,0.1499999999999999,1,99,0.043297262809457934,0.0,0.08409602169424671,0.08409602169424671,0.0,0.12856301658896263
cadd,all_1_50,3.109,0.15399999999999991,1,100,0.042864290181363354,0.0,0.08372989748894949,0.08372989748894949,0.0,0.12742741440146943
cadd,all_1_50,3.113,0.15200000000000014,1,100,0.042864290181363354,0.0,0.08372989748894949,0.08372989748894949,0.0,0.12732867132867132
cadd,all_1_50,3.114,0.15100000000000025,1,100,0.042864290181363354,0.0,0.08372989748894949,0.08372989748894949,0.0,0.12732867132867132
cadd,all_1_50,3.117,0.14800000000000013,1,99,0.043297262809457934,0.0,0.08538246125517876,0.08538246125517876,0.0,0.12856542450021394
cadd,all_1_50,3.118,0.14900000000000002,1,100,0.042864290181363354,0.0,0.08372989748894949,0.08372989748894949,0.0,0.12741832575598355
cadd,all_1_50,3.121,0.1469999999999998,1,99,0.043297262809457934,0.0,0.08652089407191448,0.08652089407191448,0.0,0.1284069657736936
cadd,all_1_50,3.128,0.1459999999999999,1,100,0.042864290181363354,0.0,0.08427599177850278,0.08427599177850278,0.0,0.12711918705732725
cadd,all_1_50,3.132,0.1469999999999998,1,100,0.042864290181363354,0.0,0.08427599177850278,0.08427599177850278,0.0,0.12739342028108686
cadd,all_1_50,3.133,0.1469999999999998,1,100,0.042864290181363354,0.0,0.08427599177850278,0.08427599177850278,0.0,0.12733325938612075
cadd,all_1_50,3.14,0.14900000000000002,1,99,0.043297262809457934,0.0,0.08818655714252487,0.08818655714252487,0.0,0.1283432596108098
cadd,all_1_50,3.15,0.1519999999999997,1,101,0.04243989126867658,0.0,0.08618787854923396,0.08618787854923396,0.0,0.1261509198512568
cadd,all_1_50,3.151,0.15100000000000025,1,99,0.043297262809457934,0.0,0.08703899111966273,0.08703899111966273,0.0,0.1287967183888552
cadd,all_1_50,3.156,0.14800000000000013,1,99,0.043297262809457934,0.0,0.08822258741199906,0.08822258741199906,0.0,0.1285932217533319
cadd,all_1_50,3.157,0.14900000000000002,1,99,0.043297262809457934,0.0,0.08822258741199906,0.08822258741199906,0.0,0.1285932217533319
cadd,all_1_50,3.161,0.14900000000000002,1,100,0.042864290181363354,0.0,0.0880924653546058,0.0880924653546058,0.0,0.1271236140318404
cadd,all_1_50,3.163,0.14900000000000002,1,99,0.043297262809457934,0.0,0.08815012752453592,0.08815012752453592,0.0,0.1282124750855249
cadd,all_1_50,3.165,0.1469999999999998,1,99,0.043297262809457934,0.0,0.08815012752453592,0.08815012752453592,0.0,0.1282124750855249
cadd,all_1_50,3.169,0.14700000000000024,1,99,0.043297262809457934,0.0,0.08815012752453592,0.08815012752453592,0.0,0.1282124750855249
cadd,all_1_50,3.173,0.14800000000000013,1,99,0.043297262809457934,0.0,0.08877714924226551,0.08877714924226551,0.0,0.12849768221239552
cadd,all_1_50,3.176,0.1459999999999999,1,100,0.042864290181363354,0.0,0.0882207199320509,0.0882207199320509,0.0,0.12723309613995276
cadd,all_1_50,3.177,0.14500000000000002,0,100,0.0,0.0,0.12859287054409005,0.0,0.0,0.12859287054409005
cadd,all_1_50,3.181,0.14500000000000002,0,100,0.0,0.0,0.12859287054409005,0.0,0.0,0.12859287054409005
cadd,all_1_50,3.183,0.14600000000000035,0,100,0.0,0.0,0.12859287054409005,0.0,0.0,0.12859287054409005
cadd,all_1_50,3.186,0.14900000000000002,0,101,0.0,0.0,0.12731967380602977,0.0,0.0,0.12731967380602977
cadd,all_1_50,3.188,0.1469999999999998,0,100,0.0,0.0,0.12859287054409005,0.0,0.0,0.12859287054409005
cadd,all_1_50,3.189,0.1459999999999999,0,100,0.0,0.0,0.12859287054409005,0.0,0.0,0.12859287054409005
cadd,all_1_50,3.196,0.1419999999999999,0,100,0.0,0.0,0.12859287054409005,0.0,0.0,0.12859287054409005
cadd,all_1_50,3.2,0.13900000000000023,0,100,0.0,0.0,0.12859287054409005,0.0,0.0,0.12859287054409005
cadd,all_1_50,3.203,0.1419999999999999,0,102,0.0,0.0,0.1260714417098922,0.0,0.0,0.1260714417098922
cadd,all_1_50,3.208,0.14100000000000001,0,102,0.0,0.0,0.1260714417098922,0.0,0.0,0.1260714417098922
cadd,all_1_50,3.209,0.14100000000000001,0,100,0.0,0.0,0.12859287054409005,0.0,0.0,0.12859287054409005
cadd,all_1_50,3.219,0.14399999999999968,0,100,0.0,0.0,0.12859287054409005,0.0,0.0,0.12859287054409005
cadd,all_1_50,3.22,0.14500000000000002,0,100,0.0,0.0,0.12859287054409005,0.0,0.0,0.12859287054409005
cadd,all_1_50,3.221,0.14500000000000002,0,100,0.0,0.0,0.12859287054409005,0.0,0.0,0.12859287054409005
cadd,all_1_50,3.235,0.14700000000000024,0,100,0.0,0.0,0.12859287054409005,0.0,0.0,0.12859287054409005
cadd,all_1_50,3.239,0.1459999999999999,0,100,0.0,0.0,0.12859287054409005,0.0,0.0,0.12859287054409005
cadd,all_1_50,3.241,0.14800000000000013,0,100,0.0,0.0,0.12859287054409005,0.0,0.0,0.12859287054409005
cadd,all_1_50,3.245,0.1509999999999998,0,100,0.0,0.0,0.12859287054409005,0.0,0.0,0.12859287054409005
cadd,all_1_50,3.252,0.1519999999999997,0,101,0.0,0.0,0.12731967380602977,0.0,0.0,0.12731967380602977
cadd,all_1_50,3.263,0.1499999999999999,0,100,0.0,0.0,0.12859287054409005,0.0,0.0,0.12859287054409005
cadd,all_1_50,3.265,0.1499999999999999,0,100,0.0,0.0,0.12859287054409005,0.0,0.0,0.12859287054409005
cadd,all_1_50,3.267,0.1499999999999999,0,101,0.0,0.0,0.12731967380602977,0.0,0.0,0.12731967380602977
cadd,all_1_50,3.268,0.1499999999999999,0,102,0.0,0.0,0.1260714417098922,0.0,0.0,0.1260714417098922
cadd,all_1_50,3.27,0.14800000000000013,0,100,0.0,0.0,0.12859287054409005,0.0,0.0,0.12859287054409005
cadd,all_1_50,3.274,0.1459999999999999,0,101,0.0,0.0,0.12731967380602977,0.0,0.0,0.12731967380602977
cadd,all_1_50,3.279,0.1469999999999998,0,101,0.0,0.0,0.12731967380602977,0.0,0.0,0.12731967380602977
cadd,all_1_50,3.28,0.1479999999999997,0,101,0.0,0.0,0.12731967380602977,0.0,0.0,0.12731967380602977
cadd,all_1_50,3.285,0.14500000000000002,0,100,0.0,0.0,0.12859287054409005,0.0,0.0,0.12859287054409005
cadd,all_1_50,3.286,0.1459999999999999,0,100,0.0,0.0,0.12859287054409005,0.0,0.0,0.12859287054409005
cadd,all_1_50,3.289,0.14900000000000002,0,102,0.0,0.0,0.1260714417098922,0.0,0.0,0.1260714417098922
cadd,all_1_50,3.295,0.14500000000000002,0,101,0.0,0.0,0.12731967380602977,0.0,0.0,0.12731967380602977
cadd,all_1_50,3.297,0.14700000000000024,0,101,0.0,0.0,0.12731967380602977,0.0,0.0,0.12731967380602977
cadd,all_1_50,3.298,0.14800000000000013,0,102,0.0,0.0,0.1260714417098922,0.0,0.0,0.1260714417098922
cadd,all_1_50,3.302,0.1509999999999998,0,101,0.0,0.0,0.12731967380602977,0.0,0.0,0.12731967380602977
cadd,all_1_50,3.303,0.1499999999999999,0,100,0.0,0.0,0.12859287054409005,0.0,0.0,0.12859287054409005
cadd,all_1_50,3.308,0.1519999999999997,0,100,0.0,0.0,0.12859287054409005,0.0,0.0,0.12859287054409005
cadd,all_1_50,3.309,0.15200000000000014,0,100,0.0,0.0,0.12859287054409005,0.0,0.0,0.12859287054409005
cadd,all_1_50,3.312,0.1549999999999998,0,101,0.0,0.0,0.12731967380602977,0.0,0.0,0.12731967380602977
cadd,all_1_50,3.317,0.15400000000000036,0,100,0.0,0.0,0.12859287054409005,0.0,0.0,0.12859287054409005
cadd,all_1_50,3.321,0.15800000000000036,0,101,0.0,0.0,0.12731967380602977,0.0,0.0,0.12731967380602977
cadd,all_1_50,3.322,0.15900000000000025,0,101,0.0,0.0,0.12731967380602977,0.0,0.0,0.12731967380602977
cadd,all_1_50,3.323,0.16000000000000014,0,103,0.0,0.0,0.12484744713018452,0.0,0.0,0.12484744713018452
cadd,all_1_50,3.324,0.15900000000000025,0,101,0.0,0.0,0.12731967380602977,0.0,0.0,0.12731967380602977
cadd,all_1_50,3.329,0.16000000000000014,0,100,0.0,0.0,0.12859287054409005,0.0,0.0,0.12859287054409005
cadd,all_1_50,3.335,0.1589999999999998,0,101,0.0,0.0,0.12731967380602977,0.0,0.0,0.12731967380602977
cadd,all_1_50,3.337,0.16000000000000014,0,100,0.0,0.0,0.12859287054409005,0.0,0.0,0.12859287054409005
cadd,all_1_50,3.338,0.16100000000000003,0,100,0.0,0.0,0.12859287054409005,0.0,0.0,0.12859287054409005
cadd,all_1_50,3.342,0.16199999999999992,0,100,0.0,0.0,0.12859287054409005,0.0,0.0,0.12859287054409005
cadd,all_1_50,3.345,0.1629999999999998,0,100,0.0,0.0,0.12859287054409005,0.0,0.0,0.12859287054409005
cadd,all_1_50,3.346,0.16300000000000026,0,100,0.0,0.0,0.12859287054409005,0.0,0.0,0.12859287054409005
cadd,all_1_50,3.347,0.16400000000000015,0,100,0.0,0.0,0.12859287054409005,0.0,0.0,0.12859287054409005
cadd,all_1_50,3.348,0.16500000000000004,0,100,0.0,0.0,0.12859287054409005,0.0,0.0,0.12859287054409005
cadd,all_1_50,3.349,0.1649999999999996,0,100,0.0,0.0,0.12859287054409005,0.0,0.0,0.12859287054409005
cadd,all_1_50,3.36,0.1599999999999997,0,100,0.0,0.0,0.12859287054409005,0.0,0.0,0.12859287054409005
cadd,all_1_50,3.366,0.15700000000000003,0,100,0.0,0.0,0.12859287054409005,0.0,0.0,0.12859287054409005
cadd,all_1_50,3.377,0.1559999999999997,0,100,0.0,0.0,0.12859287054409005,0.0,0.0,0.12859287054409005
cadd,all_1_50,3.379,0.1549999999999998,0,100,0.0,0.0,0.12859287054409005,0.0,0.0,0.12859287054409005
cadd,all_1_50,3.38,0.15399999999999991,0,100,0.0,0.0,0.12859287054409005,0.0,0.0,0.12859287054409005
cadd,all_1_50,3.382,0.1519999999999997,0,100,0.0,0.0,0.12859287054409005,0.0,0.0,0.12859287054409005
cadd,all_1_50,3.383,0.1509999999999998,0,100,0.0,0.0,0.12859287054409005,0.0,0.0,0.12859287054409005
cadd,all_1_50,3.396,0.1549999999999998,0,103,0.0,0.0,0.12484744713018452,0.0,0.0,0.12484744713018452
cadd,all_1_50,3.399,0.15200000000000014,0,100,0.0,0.0,0.12859287054409005,0.0,0.0,0.12859287054409005
cadd,all_1_50,3.4,0.15100000000000025,0,100,0.0,0.0,0.12859287054409005,0.0,0.0,0.12859287054409005
cadd,all_1_50,3.405,0.14800000000000013,0,100,0.0,0.0,0.12859287054409005,0.0,0.0,0.12859287054409005
cadd,all_1_50,3.407,0.1459999999999999,0,100,0.0,0.0,0.12859287054409005,0.0,0.0,0.12859287054409005
cadd,all_1_50,3.412,0.14400000000000013,0,100,0.0,0.0,0.12859287054409005,0.0,0.0,0.12859287054409005
cadd,all_1_50,3.414,0.1429999999999998,0,100,0.0,0.0,0.12859287054409005,0.0,0.0,0.12859287054409005
cadd,all_1_50,3.415,0.1419999999999999,0,100,0.0,0.0,0.12859287054409005,0.0,0.0,0.12859287054409005
cadd,all_1_50,3.417,0.1429999999999998,0,102,0.0,0.0,0.1260714417098922,0.0,0.0,0.1260714417098922
cadd,all_1_50,3.418,0.1419999999999999,0,100,0.0,0.0,0.12859287054409005,0.0,0.0,0.12859287054409005
cadd,all_1_50,3.42,0.14100000000000001,0,100,0.0,0.0,0.12859287054409005,0.0,0.0,0.12859287054409005
cadd,all_1_50,3.422,0.14200000000000035,0,100,0.0,0.0,0.12859287054409005,0.0,0.0,0.12859287054409005
cadd,all_1_50,3.424,0.14100000000000001,0,100,0.0,0.0,0.12859287054409005,0.0,0.0,0.12859287054409005
cadd,all_1_50,3.429,0.14200000000000035,0,100,0.0,0.0,0.12859287054409005,0.0,0.0,0.12859287054409005
cadd,all_1_50,3.43,0.14100000000000001,0,100,0.0,0.0,0.12859287054409005,0.0,0.0,0.12859287054409005
cadd,all_1_50,3.438,0.14000000000000012,0,100,0.0,0.0,0.12859287054409005,0.0,0.0,0.12859287054409005
cadd,all_1_50,3.446,0.13800000000000034,0,100,0.0,0.0,0.12859287054409005,0.0,0.0,0.12859287054409005
cadd,all_1_50,3.453,0.13400000000000034,0,101,0.0,0.0,0.12731967380602977,0.0,0.0,0.12731967380602977
cadd,all_1_50,3.461,0.13500000000000023,0,100,0.0,0.0,0.12859287054409005,0.0,0.0,0.12859287054409005
cadd,all_1_50,3.463,0.1339999999999999,0,100,0.0,0.0,0.12859287054409005,0.0,0.0,0.12859287054409005
cadd,all_1_50,3.469,0.1339999999999999,0,100,0.0,0.0,0.12859287054409005,0.0,0.0,0.12859287054409005
cadd,all_1_50,3.47,0.13500000000000023,0,100,0.0,0.0,0.12859287054409005,0.0,0.0,0.12859287054409005
cadd,all_1_50,3.477,0.1349999999999998,1,99,0.043297262809457934,0.0,0.13601385408909974,0.13601385408909974,0.0,0.12929049087150657
cadd,all_1_50,3.483,0.13600000000000012,2,98,0.08747814322727214,0.0,0.23674554486217447,0.23674554486217447,0.0,0.2034334791824121
cadd,all_1_50,3.49,0.14100000000000001,2,98,0.08747814322727214,0.0,0.23674554486217447,0.23674554486217447,0.0,0.20358880611689598
cadd,all_1_50,3.491,0.14100000000000001,2,98,0.08747814322727214,0.0,0.23511471230881284,0.23511471230881284,0.0,0.2030938005134544
cadd,all_1_50,3.494,0.1379999999999999,2,98,0.08747814322727214,0.0,0.23511471230881284,0.23511471230881284,0.0,0.2030938005134544
cadd,all_1_50,3.496,0.13600000000000012,2,98,0.08747814322727214,0.0,0.23511471230881284,0.23511471230881284,0.0,0.2030938005134544
cadd,all_1_50,3.497,0.137,2,99,0.08659452561891587,0.0,0.23511471230881284,0.23511471230881284,0.0,0.20116847525950698
cadd,all_1_50,3.504,0.13099999999999978,2,98,0.08747814322727214,0.0,0.23319910191456292,0.23319910191456292,0.0,0.2022404888080025
cadd,all_1_50,3.508,0.129,3,97,0.13256996963308254,0.053097632694852265,0.24252526304823419,0.24252526304823419,0.035176851194217214,0.273384579577022
cadd,all_1_50,3.514,0.13199999999999967,3,97,0.13256996963308254,0.05350728075459295,0.23780304129194463,0.23780304129194463,0.035180831298635355,0.27357791385789276
cadd,all_1_50,3.515,0.133,3,97,0.13256996963308254,0.05350728075459295,0.23780304129194463,0.23780304129194463,0.035180831298635355,0.27357791385789276
cadd,all_1_50,3.517,0.133,3,98,0.13121721484090823,0.05303492245205526,0.23816896835281554,0.23816896835281554,0.03468826835427446,0.2699337537592299
cadd,all_1_50,3.519,0.13099999999999978,3,98,0.13121721484090823,0.05303492245205526,0.23816896835281554,0.23816896835281554,0.03468826835427446,0.2699337537592299
cadd,all_1_50,3.521,0.129,3,98,0.13121721484090823,0.05303492245205526,0.23816896835281554,0.23816896835281554,0.03468826835427446,0.2699337537592299
cadd,all_1_50,3.522,0.1280000000000001,3,98,0.13121721484090823,0.05303492245205526,0.23816896835281554,0.23816896835281554,0.03468826835427446,0.2699337537592299
cadd,all_1_50,3.523,0.12699999999999978,3,98,0.13121721484090823,0.05303492245205526,0.23816896835281554,0.23816896835281554,0.03468826835427446,0.2699337537592299
cadd,all_1_50,3.525,0.1259999999999999,3,97,0.13256996963308254,0.053076704073447445,0.23846823324630112,0.23846823324630112,0.03474967464969703,0.2725144584090839
cadd,all_1_50,3.528,0.129,3,97,0.13256996963308254,0.053076704073447445,0.23846823324630112,0.23846823324630112,0.03474967464969703,0.2725144584090839
cadd,all_1_50,3.532,0.13200000000000012,3,97,0.13256996963308254,0.053745407831291024,0.2428139313801746,0.2428139313801746,0.03484481993702207,0.27295881782224346
cadd,all_1_50,3.534,0.13200000000000012,3,97,0.13256996963308254,0.05492873566102404,0.24399498327251556,0.24399498327251556,0.03486969614075169,0.2729598584743541
cadd,all_1_50,3.543,0.13600000000000012,3,97,0.13256996963308254,0.05579052510078078,0.24309830652973535,0.24309830652973535,0.034585961074945624,0.27240467854457845
cadd,all_1_50,3.546,0.13400000000000034,3,97,0.13256996963308254,0.05579052510078078,0.24309830652973535,0.24309830652973535,0.03462383907696217,0.27255443691233616
cadd,all_1_50,3.549,0.137,3,97,0.13256996963308254,0.05579052510078078,0.24309830652973535,0.24309830652973535,0.03462383907696217,0.27255443691233616
cadd,all_1_50,3.551,0.13900000000000023,3,97,0.13256996963308254,0.05579052510078078,0.24309830652973535,0.24309830652973535,0.03462383907696217,0.27255443691233616
cadd,all_1_50,3.553,0.14100000000000001,3,98,0.13121721484090823,0.05415905514433715,0.23995111833625699,0.23995111833625699,0.034613066114709684,0.2697802390849484
cadd,all_1_50,3.555,0.14300000000000024,3,98,0.13121721484090823,0.05415905514433715,0.23995111833625699,0.23995111833625699,0.034613066114709684,0.2697802390849484
cadd,all_1_50,3.556,0.14400000000000013,3,98,0.13121721484090823,0.05415905514433715,0.23995111833625699,0.23995111833625699,0.034613066114709684,0.2697802390849484
cadd,all_1_50,3.557,0.14500000000000002,3,98,0.13121721484090823,0.05415905514433715,0.23995111833625699,0.23995111833625699,0.034613066114709684,0.2697802390849484
cadd,all_1_50,3.558,0.1459999999999999,3,99,0.1298917884283738,0.05341168420784408,0.23567963994652677,0.23567963994652677,0.03428753854724316,0.26666666666666666
cadd,all_1_50,3.56,0.1459999999999999,3,98,0.13121721484090823,0.05499752093207308,0.24005468215994533,0.24005468215994533,0.034704926400389385,0.2707235548915955
cadd,all_1_50,3.563,0.14600000000000035,3,97,0.13256996963308254,0.05582851432645742,0.24005468215994533,0.24005468215994533,0.03513808169652137,0.2731044754424277
cadd,all_1_50,3.565,0.1469999999999998,3,98,0.13121721484090823,0.05499752093207308,0.2347201336675021,0.2347201336675021,0.035141716045783325,0.27067668286884683
cadd,all_1_50,3.566,0.1479999999999997,3,98,0.13121721484090823,0.05499752093207308,0.2347201336675021,0.2347201336675021,0.035141716045783325,0.27067668286884683
cadd,all_1_50,3.571,0.1519999999999997,3,97,0.13256996963308254,0.05664591862343305,0.24005468215994533,0.24005468215994533,0.03528069262196558,0.27360237467275794
cadd,all_1_50,3.572,0.15200000000000014,3,97,0.13256996963308254,0.05664591862343305,0.24005468215994533,0.24005468215994533,0.03528069262196558,0.27360237467275794
cadd,all_1_50,3.573,0.15200000000000014,3,97,0.13256996963308254,0.05664591862343305,0.24005468215994533,0.24005468215994533,0.03530831839642609,0.2736778155316651
cadd,all_1_50,3.583,0.1519999999999997,3,98,0.13121721484090823,0.0542439882763475,0.22863671897201093,0.22863671897201093,0.03491038256801541,0.26916922220364836
cadd,all_1_50,3.584,0.1509999999999998,3,98,0.13121721484090823,0.0542439882763475,0.22863671897201093,0.22863671897201093,0.03491038256801541,0.26916922220364836
cadd,all_1_50,3.585,0.1499999999999999,3,98,0.13121721484090823,0.0542439882763475,0.22863671897201093,0.22863671897201093,0.03491038256801541,0.26916922220364836
cadd,all_1_50,3.586,0.14900000000000002,3,98,0.13121721484090823,0.0542439882763475,0.22863671897201093,0.22863671897201093,0.03491038256801541,0.26916922220364836
cadd,all_1_50,3.587,0.14900000000000002,3,98,0.13121721484090823,0.0542439882763475,0.22863671897201093,0.22863671897201093,0.03491038256801541,0.26916922220364836
cadd,all_1_50,3.591,0.1469999999999998,3,97,0.13256996963308254,0.05507843510936572,0.22933874110689403,0.22933874110689403,0.03523723898094862,0.27234197769976654
cadd,all_1_50,3.595,0.1459999999999999,3,97,0.13256996963308254,0.05507843510936572,0.22933874110689403,0.22933874110689403,0.03544220714380028,0.2713414002794347
cadd,all_1_50,3.596,0.14500000000000002,3,97,0.13256996963308254,0.05507843510936572,0.22933874110689403,0.22933874110689403,0.03544220714380028,0.2713414002794347
cadd,all_1_50,3.599,0.1429999999999998,3,97,0.13256996963308254,0.05507843510936572,0.22933874110689403,0.22933874110689403,0.0351188996435724,0.2719595595213766
cadd,all_1_50,3.606,0.14200000000000035,3,97,0.13256996963308254,0.05427114047117931,0.22566706327202676,0.22566706327202676,0.03533552477075707,0.27251911756887637
cadd,all_1_50,3.607,0.14100000000000001,3,97,0.13256996963308254,0.05427114047117931,0.22566706327202676,0.22566706327202676,0.03533552477075707,0.27251911756887637
cadd,all_1_50,3.609,0.14000000000000012,3,98,0.13121721484090823,0.05427114047117931,0.22441241952596086,0.22441241952596086,0.03477556221655916,0.2692790987367362
cadd,all_1_50,3.613,0.1429999999999998,3,97,0.13256996963308254,0.05569383472235687,0.2249657426526809,0.2249657426526809,0.03522145535434144,0.27254084811285595
cadd,all_1_50,3.614,0.14399999999999968,3,97,0.13256996963308254,0.05569383472235687,0.2249657426526809,0.2249657426526809,0.03522145535434144,0.27254084811285595
cadd,all_1_50,3.616,0.14399999999999968,3,97,0.13256996963308254,0.05525846209906108,0.22856635551948054,0.22856635551948054,0.03523606738030236,0.272594244477945
cadd,all_1_50,3.618,0.1419999999999999,3,97,0.13256996963308254,0.05525846209906108,0.22856635551948054,0.22856635551948054,0.03523606738030236,0.272594244477945
cadd,all_1_50,3.622,0.14000000000000012,3,98,0.13121721484090823,0.05360445085110494,0.22516163902177108,0.22516163902177108,0.034807587628470645,0.2684135042966508
cadd,all_1_50,3.623,0.13999999999999968,3,99,0.1298917884283738,0.052911960654520175,0.22237209865887642,0.22237209865887642,0.03443821184949963,0.26586305327840165
cadd,all_1_50,3.632,0.1379999999999999,3,97,0.13256996963308254,0.05621684332424809,0.2212131993670649,0.2212131993670649,0.035068827819340814,0.27135371800054886
cadd,all_1_50,3.634,0.13900000000000023,3,97,0.13256996963308254,0.056660935069188574,0.21997363538716924,0.21997363538716924,0.035068827819340814,0.27301798577839376
cadd,all_1_50,3.635,0.1389999999999998,3,97,0.13256996963308254,0.056660935069188574,0.21997363538716924,0.21997363538716924,0.035068827819340814,0.27301798577839376
cadd,all_1_50,3.637,0.14100000000000001,3,97,0.13256996963308254,0.056660935069188574,0.21997363538716924,0.21997363538716924,0.035068827819340814,0.27301798577839376
cadd,all_1_50,3.641,0.1389999999999998,3,97,0.13256996963308254,0.055919707327117575,0.22918611112655762,0.22918611112655762,0.035099015077567554,0.27267224062728235
cadd,all_1_50,3.642,0.1379999999999999,3,97,0.13256996963308254,0.055919707327117575,0.22918611112655762,0.22918611112655762,0.035099015077567554,0.27267224062728235
cadd,all_1_50,3.649,0.13600000000000012,3,97,0.13256996963308254,0.05506029389570187,0.22769794398457144,0.22769794398457144,0.035068771125841364,0.27232450125456115
cadd,all_1_50,3.65,0.13600000000000012,3,98,0.13121721484090823,0.05419859567456205,0.22765875476770014,0.22765875476770014,0.03493280165585556,0.2695669808663726
cadd,all_1_50,3.66,0.13900000000000023,3,97,0.13256996963308254,0.055563790465251915,0.23227425316198164,0.23227425316198164,0.03514695856373868,0.27340625807287694
cadd,all_1_50,3.666,0.1429999999999998,3,97,0.13256996963308254,0.054782975136957436,0.23370550575520352,0.23370550575520352,0.035347248662421706,0.27289501672641864
cadd,all_1_50,3.677,0.1459999999999999,3,97,0.13256996963308254,0.054210023374249384,0.2271418018683023,0.2271418018683023,0.035358326028130896,0.2715278839305848
cadd,all_1_50,3.68,0.1459999999999999,3,98,0.13121721484090823,0.05490820341582421,0.22315864376908673,0.22315864376908673,0.03523219081395463,0.2698219717662028
cadd,all_1_50,3.693,0.14100000000000001,3,97,0.13256996963308254,0.05345701604410088,0.22887309765241118,0.22887309765241118,0.03576362611089699,0.27236118708450346
cadd,all_1_50,3.704,0.1479999999999997,3,100,0.12859287054409005,0.05253161999434275,0.21718830245297369,0.21718830245297369,0.034502193322888924,0.26402194066749074
cadd,all_1_50,3.705,0.14800000000000013,3,97,0.13256996963308254,0.05401138393784536,0.22117248609942827,0.22117248609942827,0.03543595304232991,0.27236118708450346
cadd,all_1_50,3.706,0.14900000000000002,3,97,0.13256996963308254,0.05401138393784536,0.22117248609942827,0.22117248609942827,0.03543595304232991,0.27236118708450346
cadd,all_1_50,3.709,0.1509999999999998,3,98,0.13121721484090823,0.054822530864197534,0.21313252021256132,0.21313252021256132,0.034877894694793646,0.27004714136392177
cadd,all_1_50,3.71,0.1499999999999999,3,97,0.13256996963308254,0.055025415968757964,0.21752265861027192,0.21752265861027192,0.03498340929728316,0.27276113099894517
cadd,all_1_50,3.712,0.14900000000000002,3,97,0.13256996963308254,0.054822530864197534,0.21425982497228732,0.21425982497228732,0.03517017410760645,0.2729939518263071
cadd,all_1_50,3.723,0.1509999999999998,3,97,0.13256996963308254,0.05509118824608823,0.21638851901967798,0.21638851901967798,0.03526771298781355,0.2740254066639902
cadd,all_1_50,3.725,0.15300000000000002,3,99,0.1298917884283738,0.0534520182380098,0.2138841513486198,0.2138841513486198,0.034335226255092464,0.267613481676302
cadd,all_1_50,3.728,0.1519999999999997,3,97,0.13256996963308254,0.05401138393784536,0.22038828651532902,0.22038828651532902,0.035344914313448036,0.27380272252724425
cadd,all_1_50,3.731,0.14900000000000002,3,97,0.13256996963308254,0.05401138393784536,0.22038828651532902,0.22038828651532902,0.035344914313448036,0.27380272252724425
cadd,all_1_50,3.734,0.1499999999999999,3,97,0.13256996963308254,0.05287890818776224,0.22003070089442067,0.22003070089442067,0.035205844405387654,0.27404278273014
cadd,all_1_50,3.735,0.1509999999999998,3,97,0.13256996963308254,0.05287890818776224,0.22003070089442067,0.22003070089442067,0.035205844405387654,0.27404278273014
cadd,all_1_50,3.738,0.15399999999999991,3,98,0.13121721484090823,0.05285805091882661,0.21542741080890143,0.21542741080890143,0.03501630493170191,0.2716444607445741
cadd,all_1_50,3.741,0.15700000000000003,3,99,0.1298917884283738,0.05285805091882661,0.21348898168346178,0.21348898168346178,0.034599763105815654,0.2683155917345022
cadd,all_1_50,3.742,0.15799999999999992,3,100,0.12859287054409005,0.05255041703127297,0.21099697885196375,0.21099697885196375,0.0343282164965444,0.2661799381723002
cadd,all_1_50,3.748,0.16200000000000037,3,98,0.13121721484090823,0.05354009993285933,0.21752265861027192,0.21752265861027192,0.03481037036110458,0.2716633517664257
cadd,all_1_50,3.749,0.16300000000000026,3,98,0.13121721484090823,0.05354009993285933,0.21752265861027192,0.21752265861027192,0.03481037036110458,0.2716633517664257
cadd,all_1_50,3.76,0.16500000000000004,4,96,0.17860120908901395,0.058997050147492625,0.3456567016451261,0.3456567016451261,0.0438407495405614,0.3461762319573555
cadd,all_1_50,3.762,0.16500000000000004,4,96,0.17860120908901395,0.057233035853182464,0.36466634344417836,0.36466634344417836,0.04384024525662743,0.34572736574792773
cadd,all_1_50,3.763,0.16400000000000015,4,96,0.17860120908901395,0.057233035853182464,0.36466634344417836,0.36466634344417836,0.04384024525662743,0.34572736574792773
cadd,all_1_50,3.769,0.16300000000000026,4,96,0.17860120908901395,0.05645178847451723,0.3634094025890977,0.3634094025890977,0.04396171076804074,0.3471821482618909
cadd,all_1_50,3.77,0.1629999999999998,3,97,0.13256996963308254,0.0,0.31491018559984074,0.31491018559984074,0.0,0.27621514923686435
cadd,all_1_50,3.773,0.16599999999999993,3,97,0.13256996963308254,0.0,0.31491018559984074,0.31491018559984074,0.0,0.27621514923686435
cadd,all_1_50,3.779,0.16500000000000004,3,98,0.13121721484090823,0.0,0.32264330777444833,0.32264330777444833,0.0,0.2738334390486479
cadd,all_1_50,3.78,0.16400000000000015,2,98,0.08747814322727214,0.0,0.17705438586021935,0.17705438586021935,0.0,0.2056908677781004
cadd,all_1_50,3.783,0.16500000000000004,2,98,0.08747814322727214,0.0,0.17943596109249307,0.17943596109249307,0.0,0.20491183538127905
cadd,all_1_50,3.785,0.1639999999999997,2,98,0.08747814322727214,0.0,0.17943596109249307,0.17943596109249307,0.0,0.20518470925799248
cadd,all_1_50,3.786,0.16400000000000015,2,98,0.08747814322727214,0.0,0.17943596109249307,0.17943596109249307,0.0,0.20518470925799248
cadd,all_1_50,3.79,0.16199999999999992,2,98,0.08747814322727214,0.0,0.1786201516884838,0.1786201516884838,0.0,0.20598792597996649
cadd,all_1_50,3.792,0.16000000000000014,2,98,0.08747814322727214,0.0,0.1786201516884838,0.1786201516884838,0.0,0.20598792597996649
cadd,all_1_50,3.797,0.16300000000000026,2,98,0.08747814322727214,0.0,0.17206112604038362,0.17206112604038362,0.0,0.20629626873044624
cadd,all_1_50,3.799,0.16400000000000015,2,98,0.08747814322727214,0.0,0.1732711034886003,0.1732711034886003,0.0,0.2064623786407767
cadd,all_1_50,3.801,0.16599999999999993,2,99,0.08659452561891587,0.0,0.17201455817320085,0.17201455817320085,0.0,0.20415020769666886
cadd,all_1_50,3.803,0.16599999999999993,2,98,0.08747814322727214,0.0,0.17206112604038362,0.17206112604038362,0.0,0.20600389625849472
cadd,all_1_50,3.816,0.16699999999999982,1,99,0.043297262809457934,0.0,0.14933921703452394,0.14933921703452394,0.0,0.12972617687385735
cadd,all_1_50,3.818,0.16800000000000015,1,99,0.043297262809457934,0.0,0.14933921703452394,0.14933921703452394,0.0,0.13006839052118516
cadd,all_1_50,3.823,0.16500000000000004,1,99,0.043297262809457934,0.0,0.14804711652629357,0.14804711652629357,0.0,0.13045157429019127
cadd,all_1_50,3.824,0.16400000000000015,1,99,0.043297262809457934,0.0,0.14804711652629357,0.14804711652629357,0.0,0.13045157429019127
cadd,all_1_50,3.826,0.16400000000000015,1,99,0.043297262809457934,0.0,0.14727669492154447,0.14727669492154447,0.0,0.12982125805197892
cadd,all_1_50,3.83,0.1629999999999998,1,99,0.043297262809457934,0.0,0.14736596400960092,0.14736596400960092,0.0,0.129791686357908
cadd,all_1_50,3.831,0.16199999999999992,1,99,0.043297262809457934,0.0,0.14736596400960092,0.14736596400960092,0.0,0.129791686357908
cadd,all_1_50,3.832,0.16100000000000003,1,99,0.043297262809457934,0.0,0.14736596400960092,0.14736596400960092,0.0,0.129791686357908
cadd,all_1_50,3.834,0.1589999999999998,1,99,0.043297262809457934,0.0,0.14736596400960092,0.14736596400960092,0.0,0.129791686357908
cadd,all_1_50,3.837,0.15799999999999992,1,99,0.043297262809457934,0.0,0.14513605442176872,0.14513605442176872,0.0,0.13037496769947376
cadd,all_1_50,3.841,0.15799999999999992,1,99,0.043297262809457934,0.0,0.14513605442176872,0.14513605442176872,0.0,0.13061413427782387
cadd,all_1_50,3.847,0.15399999999999991,1,99,0.043297262809457934,0.0,0.14513605442176872,0.14513605442176872,0.0,0.13061413427782387
cadd,all_1_50,3.849,0.15299999999999958,1,99,0.043297262809457934,0.0,0.14270040553302593,0.14270040553302593,0.0,0.13051392618068863
cadd,all_1_50,3.852,0.1499999999999999,1,99,0.043297262809457934,0.0,0.14270040553302593,0.14270040553302593,0.0,0.13051392618068863
cadd,all_1_50,3.857,0.15100000000000025,1,99,0.043297262809457934,0.0,0.13772112013714877,0.13772112013714877,0.0,0.13059420667348673
cadd,all_1_50,3.86,0.1499999999999999,1,99,0.043297262809457934,0.0,0.1449810018120983,0.1449810018120983,0.0,0.13010264232242513
cadd,all_1_50,3.861,0.1499999999999999,1,99,0.043297262809457934,0.0,0.1435756528417818,0.1435756528417818,0.0,0.13011278770801285
cadd,all_1_50,3.864,0.1519999999999997,1,99,0.043297262809457934,0.0,0.1435756528417818,0.1435756528417818,0.0,0.13011278770801285
cadd,all_1_50,3.865,0.15200000000000014,1,99,0.043297262809457934,0.0,0.14226248531669755,0.14226248531669755,0.0,0.13003189717698996
cadd,all_1_50,3.867,0.15000000000000036,1,99,0.043297262809457934,0.0,0.14226248531669755,0.14226248531669755,0.0,0.13003189717698996
cadd,all_1_50,3.876,0.1509999999999998,1,99,0.043297262809457934,0.0,0.14267015706806283,0.14267015706806283,0.0,0.13050016428196293
cadd,all_1_50,3.878,0.1509999999999998,1,99,0.043297262809457934,0.0,0.14226248531669755,0.14226248531669755,0.0,0.13075238669439349
cadd,all_1_50,3.88,0.1509999999999998,1,99,0.043297262809457934,0.0,0.14226248531669755,0.14226248531669755,0.0,0.1305992632163193
cadd,all_1_50,3.882,0.15100000000000025,1,100,0.042864290181363354,0.0,0.14226248531669755,0.14226248531669755,0.0,0.12919852321471242
cadd,all_1_50,3.89,0.15500000000000025,1,99,0.043297262809457934,0.0,0.14226248531669755,0.14226248531669755,0.0,0.13105997346035125
cadd,all_1_50,3.894,0.15700000000000003,1,99,0.043297262809457934,0.0,0.14008683068017364,0.14008683068017364,0.0,0.13111646921100226
cadd,all_1_50,3.9,0.15799999999999992,1,99,0.043297262809457934,0.0,0.14122005588502162,0.14122005588502162,0.0,0.13111708691739477
cadd,all_1_50,3.901,0.1589999999999998,1,99,0.043297262809457934,0.0,0.14122005588502162,0.14122005588502162,0.0,0.13111708691739477
cadd,all_1_50,3.905,0.15699999999999958,1,100,0.042864290181363354,0.0,0.14223333333333332,0.14223333333333332,0.0,0.12969666981337413
cadd,all_1_50,3.915,0.15300000000000002,2,98,0.08747814322727214,0.0,0.1799713615452579,0.1799713615452579,0.0,0.20535014897359244
cadd,all_1_50,3.918,0.15600000000000014,2,99,0.08659452561891587,0.0,0.1760257441673371,0.1760257441673371,0.0,0.2027849354623236
cadd,all_1_50,3.92,0.15700000000000003,2,98,0.08747814322727214,0.0,0.17957174224349937,0.17957174224349937,0.0,0.20507951201410476
cadd,all_1_50,3.925,0.16199999999999992,2,98,0.08747814322727214,0.0,0.17957174224349937,0.17957174224349937,0.0,0.20507951201410476
cadd,all_1_50,3.926,0.16300000000000026,2,98,0.08747814322727214,0.0,0.17957174224349937,0.17957174224349937,0.0,0.20507951201410476
cadd,all_1_50,3.927,0.16400000000000015,2,98,0.08747814322727214,0.0,0.17957174224349937,0.17957174224349937,0.0,0.20507951201410476
cadd,all_1_50,3.929,0.16599999999999993,2,98,0.08747814322727214,0.0,0.17957174224349937,0.17957174224349937,0.0,0.20507951201410476
cadd,all_1_50,3.933,0.16600000000000037,2,98,0.08747814322727214,0.0,0.17829214437401777,0.17829214437401777,0.0,0.20584687034615964
cadd,all_1_50,3.94,0.16699999999999982,2,98,0.08747814322727214,0.0,0.18232661339514455,0.18232661339514455,0.0,0.2063475665071375
cadd,all_1_50,3.941,0.16699999999999982,2,98,0.08747814322727214,0.0,0.18232661339514455,0.18232661339514455,0.0,0.20586652096225924
cadd,all_1_50,3.943,0.1649999999999996,2,98,0.08747814322727214,0.0,0.18232661339514455,0.18232661339514455,0.0,0.20586652096225924
cadd,all_1_50,3.944,0.16500000000000004,2,98,0.08747814322727214,0.0,0.18232661339514455,0.18232661339514455,0.0,0.20586652096225924
cadd,all_1_50,3.945,0.16599999999999993,2,98,0.08747814322727214,0.0,0.18232661339514455,0.18232661339514455,0.0,0.20586652096225924
cadd,all_1_50,3.949,0.16600000000000037,2,98,0.08747814322727214,0.0,0.18500829821021336,0.18500829821021336,0.0,0.2058296903217795
cadd,all_1_50,3.951,0.16800000000000015,2,98,0.08747814322727214,0.0,0.18500829821021336,0.18500829821021336,0.0,0.2058296903217795
cadd,all_1_50,3.952,0.16900000000000004,2,98,0.08747814322727214,0.0,0.18500829821021336,0.18500829821021336,0.0,0.2058296903217795
cadd,all_1_50,3.955,0.17200000000000015,2,98,0.08747814322727214,0.0,0.18500829821021336,0.18500829821021336,0.0,0.2058296903217795
cadd,all_1_50,3.963,0.17300000000000004,3,97,0.13256996963308254,0.0,0.2745674175644793,0.2745674175644793,0.0,0.27705168414055853
cadd,all_1_50,3.967,0.17099999999999982,4,96,0.17860120908901395,0.0,0.3807112718505123,0.3807112718505123,0.04331743855297636,0.3486913660350956
cadd,all_1_50,3.975,0.17200000000000015,5,95,0.22560152727033342,0.0,0.4892559455170046,0.4892559455170046,0.07865880560929202,0.41405342153618
cadd,all_1_50,3.976,0.17300000000000004,5,95,0.22560152727033342,0.0,0.4892559455170046,0.4892559455170046,0.07865880560929202,0.41405342153618
cadd,all_1_50,3.982,0.16800000000000015,5,95,0.22560152727033342,0.0,0.4857257949244383,0.4857257949244383,0.07890621170005215,0.41495854522170755
cadd,all_1_50,3.986,0.17000000000000037,5,95,0.22560152727033342,0.0,0.4857257949244383,0.4857257949244383,0.07890621170005215,0.41495854522170755
cadd,all_1_50,3.987,0.17100000000000026,5,95,0.22560152727033342,0.0,0.4857257949244383,0.4857257949244383,0.07890621170005215,0.41495854522170755
cadd,all_1_50,3.988,0.17099999999999982,5,95,0.22560152727033342,0.0,0.48618960477736844,0.48618960477736844,0.07893081222387678,0.41424493475274726
cadd,all_1_50,3.99,0.17200000000000015,5,95,0.22560152727033342,0.0,0.48618960477736844,0.48618960477736844,0.07893081222387678,0.41424493475274726
cadd,all_1_50,3.993,0.17200000000000015,6,94,0.2736018522214682,0.048361771898621606,0.5286537630277124,0.5286537630277124,0.09515660815882268,0.4814957258314866
cadd,all_1_50,3.995,0.17200000000000015,6,94,0.2736018522214682,0.048361771898621606,0.5286537630277124,0.5286537630277124,0.09515660815882268,0.4814957258314866
cadd,all_1_50,3.999,0.17399999999999993,6,94,0.2736018522214682,0.049500650509103024,0.522435632088749,0.522435632088749,0.09527864641501005,0.4822376472802831
cadd,all_1_50,4.002,0.17400000000000038,6,94,0.2736018522214682,0.04949647100989772,0.5225967062428188,0.5225967062428188,0.0951453149668657,0.4826176339736697
cadd,all_1_50,4.006,0.17600000000000016,6,94,0.2736018522214682,0.04949647100989772,0.5225967062428188,0.5225967062428188,0.0951453149668657,0.4826176339736697
cadd,all_1_50,4.007,0.1769999999999996,6,94,0.2736018522214682,0.04949647100989772,0.5225967062428188,0.5225967062428188,0.0951453149668657,0.4826176339736697
cadd,all_1_50,4.009,0.17899999999999938,6,97,0.2651399392661651,0.049004500075756456,0.4910894941634241,0.4910894941634241,0.09253200440184875,0.46958596664906416
cadd,all_1_50,4.01,0.17799999999999994,6,94,0.2736018522214682,0.05051337305108379,0.5011117287381879,0.5011117287381879,0.09565288108074517,0.483862616536074
cadd,all_1_50,4.011,0.17900000000000027,6,94,0.2736018522214682,0.05051337305108379,0.5011117287381879,0.5011117287381879,0.09565288108074517,0.483862616536074
cadd,all_1_50,4.017,0.17999999999999972,7,94,0.3192021609250463,0.05051337305108379,0.6088546352788765,0.6088546352788765,0.1300533173755084,0.5439706221171
cadd,all_1_50,4.021,0.17900000000000027,7,93,0.32263444222531557,0.05274871963544102,0.5977473384778055,0.5977473384778055,0.13136652684106134,0.5499018073434668
cadd,all_1_50,4.029,0.17999999999999972,7,93,0.32263444222531557,0.05274871963544102,0.5977473384778055,0.5977473384778055,0.13195726356905504,0.5492705615460654
cadd,all_1_50,4.031,0.17900000000000027,7,93,0.32263444222531557,0.052052731124927205,0.6098739858449853,0.6098739858449853,0.13222627363120876,0.5494112853425565
cadd,all_1_50,4.033,0.17999999999999972,7,93,0.32263444222531557,0.05274871963544102,0.5977473384778055,0.5977473384778055,0.1320305753048954,0.5504504356329144
cadd,all_1_50,4.034,0.17900000000000027,7,93,0.32263444222531557,0.05274871963544102,0.5977473384778055,0.5977473384778055,0.1320305753048954,0.5504504356329144
cadd,all_1_50,4.05,0.18299999999999983,7,93,0.32263444222531557,0.05502087197013387,0.5619880255954304,0.5619880255954304,0.1313047803068341,0.5488701060402974
cadd,all_1_50,4.051,0.18400000000000016,7,93,0.32263444222531557,0.05502087197013387,0.5619880255954304,0.5619880255954304,0.1313047803068341,0.5488701060402974
cadd,all_1_50,4.054,0.18700000000000028,7,93,0.32263444222531557,0.05502087197013387,0.5619880255954304,0.5619880255954304,0.1313047803068341,0.5488701060402974
cadd,all_1_50,4.058,0.18599999999999994,7,94,0.3192021609250463,0.054194096152653,0.5613472333600641,0.5613472333600641,0.13024194345230178,0.5434327544677007
cadd,all_1_50,4.061,0.18299999999999983,7,93,0.32263444222531557,0.05460784326789312,0.5663071649527631,0.5663071649527631,0.13124322094882881,0.5489217161784462
cadd,all_1_50,4.063,0.1849999999999996,7,95,0.3158421381784668,0.05354415628846829,0.5528822055137844,0.5528822055137844,0.12886327260870759,0.537344396296155
cadd,all_1_50,4.068,0.1859999999999995,7,93,0.32263444222531557,0.05354415628846829,0.5805263157894737,0.5805263157894737,0.13162324613278817,0.5487112176939215
cadd,all_1_50,4.073,0.18899999999999917,7,93,0.32263444222531557,0.05413490843578974,0.5733593242365173,0.5733593242365173,0.1317600761004998,0.5484997069655556
cadd,all_1_50,4.077,0.18699999999999983,7,94,0.3192021609250463,0.05413490843578974,0.5595434369055168,0.5595434369055168,0.13050687983258302,0.5436158626424344
cadd,all_1_50,4.099,0.17799999999999994,6,94,0.2736018522214682,0.0,0.5478750352803056,0.5478750352803056,0.0974080069040269,0.4788552151715481
cadd,all_1_50,4.1,0.1770000000000005,6,94,0.2736018522214682,0.0,0.5478750352803056,0.5478750352803056,0.0974080069040269,0.4788552151715481
cadd,all_1_50,4.103,0.1770000000000005,6,94,0.2736018522214682,0.0,0.5494865421022491,0.5494865421022491,0.09777492066844308,0.47890825825623434
cadd,all_1_50,4.108,0.1800000000000006,6,94,0.2736018522214682,0.0,0.5512567628170255,0.5512567628170255,0.09722909690674773,0.4777429688473153
cadd,all_1_50,4.114,0.18100000000000005,6,94,0.2736018522214682,0.0,0.5512321422013294,0.5512321422013294,0.09722098219854682,0.47813632946975304
cadd,all_1_50,4.115,0.18200000000000038,6,94,0.2736018522214682,0.0,0.5512321422013294,0.5512321422013294,0.09722098219854682,0.47813632946975304
cadd,all_1_50,4.132,0.1809999999999996,6,94,0.2736018522214682,0.0,0.5600170707739919,0.5600170707739919,0.09721394323824721,0.4786993970990948
cadd,all_1_50,4.135,0.18299999999999983,6,95,0.2707218327244001,0.0,0.547527645676961,0.547527645676961,0.09613660434526364,0.4739293695523628
cadd,all_1_50,4.136,0.1819999999999995,6,94,0.2736018522214682,0.0,0.5515418252827134,0.5515418252827134,0.09749216800595165,0.47862230519163784
cadd,all_1_50,4.138,0.18299999999999983,6,94,0.2736018522214682,0.0,0.5515418252827134,0.5515418252827134,0.09749216800595165,0.47862230519163784
cadd,all_1_50,4.142,0.18100000000000005,6,94,0.2736018522214682,0.0,0.5407336540198433,0.5407336540198433,0.0972857916440391,0.4797835552787866
cadd,all_1_50,4.147,0.18000000000000016,6,94,0.2736018522214682,0.0,0.5407336540198433,0.5407336540198433,0.09751961878442784,0.4785433134701889
cadd,all_1_50,4.15,0.17799999999999994,6,94,0.2736018522214682,0.0,0.5407336540198433,0.5407336540198433,0.09771044309727187,0.4778597998850804
cadd,all_1_50,4.159,0.17600000000000016,6,94,0.2736018522214682,0.0,0.5261129087368677,0.5261129087368677,0.09774010331383676,0.47972623427574645
cadd,all_1_50,4.165,0.17700000000000005,6,94,0.2736018522214682,0.0,0.5170518881503611,0.5170518881503611,0.09721246657773026,0.47817053470281173
cadd,all_1_50,4.168,0.1769999999999996,6,94,0.2736018522214682,0.0,0.5094076653034919,0.5094076653034919,0.09690209215824572,0.47867176095203107
cadd,all_1_50,4.173,0.17799999999999994,6,95,0.2707218327244001,0.0,0.49642769693577726,0.49642769693577726,0.09510018435317669,0.4741229706615462
cadd,all_1_50,4.175,0.17600000000000016,6,94,0.2736018522214682,0.0,0.49885160918778026,0.49885160918778026,0.09614226703073585,0.47922624478499115
cadd,all_1_50,4.176,0.17700000000000005,6,94,0.2736018522214682,0.0,0.49885160918778026,0.49885160918778026,0.09614226703073585,0.47922624478499115
cadd,all_1_50,4.187,0.17799999999999994,6,94,0.2736018522214682,0.0,0.49226755569481606,0.49226755569481606,0.09621484522107798,0.4785991411370801
cadd,all_1_50,4.188,0.17799999999999994,6,94,0.2736018522214682,0.0,0.4818782903170032,0.4818782903170032,0.09650269908018534,0.47963380023696756
cadd,all_1_50,4.193,0.1819999999999995,6,94,0.2736018522214682,0.0,0.479309500489716,0.479309500489716,0.09647143846362306,0.478160868472369
cadd,all_1_50,4.195,0.18400000000000016,6,94,0.2736018522214682,0.0,0.479309500489716,0.479309500489716,0.09647143846362306,0.478160868472369
cadd,all_1_50,4.197,0.18400000000000016,6,94,0.2736018522214682,0.0,0.4714953114601787,0.4714953114601787,0.0966454610908024,0.48004050245044366
cadd,all_1_50,4.2,0.18299999999999983,6,94,0.2736018522214682,0.0,0.4714953114601787,0.4714953114601787,0.0966454610908024,0.48004050245044366
cadd,all_1_50,4.206,0.18399999999999928,6,94,0.2736018522214682,0.0,0.46523874626563366,0.46523874626563366,0.09688015528547056,0.4785916509666715
cadd,all_1_50,4.21,0.18100000000000005,6,95,0.2707218327244001,0.0,0.4629986731953657,0.4629986731953657,0.09582644528953671,0.47351550512527874
cadd,all_1_50,4.213,0.17900000000000027,6,94,0.2736018522214682,0.0,0.47164367315689126,0.47164367315689126,0.09657378498171337,0.47933203586344125
cadd,all_1_50,4.215,0.18100000000000005,6,95,0.2707218327244001,0.0,0.4684796579009852,0.4684796579009852,0.09520358388551911,0.4748224735888898
cadd,all_1_50,4.223,0.17300000000000004,6,94,0.2736018522214682,0.0,0.47104166765188527,0.47104166765188527,0.09653516976221058,0.4791557625679471
cadd,all_1_50,4.225,0.17499999999999982,6,94,0.2736018522214682,0.0,0.47104166765188527,0.47104166765188527,0.09653516976221058,0.4791557625679471
cadd,all_1_50,4.227,0.17599999999999927,6,95,0.2707218327244001,0.0,0.4684796579009852,0.4684796579009852,0.09569858020477272,0.47451603786315244
cadd,all_1_50,4.229,0.17499999999999982,6,94,0.2736018522214682,0.0,0.4687575291567664,0.4687575291567664,0.09639746049763828,0.4792245330262617
cadd,all_1_50,4.23,0.17600000000000016,6,94,0.2736018522214682,0.0,0.4687575291567664,0.4687575291567664,0.09639746049763828,0.4792245330262617
cadd,all_1_50,4.244,0.18100000000000005,6,94,0.2736018522214682,0.0,0.47768604696389777,0.47768604696389777,0.09613034945877741,0.4804020703181746
cadd,all_1_50,4.248,0.17899999999999938,6,94,0.2736018522214682,0.0,0.4803336771763017,0.4803336771763017,0.09629867905085965,0.4816695517652024
cadd,all_1_50,4.262,0.1750000000000007,6,94,0.2736018522214682,0.0,0.4796018304782079,0.4796018304782079,0.09644135607496315,0.48029586068609714
cadd,all_1_50,4.264,0.17300000000000004,6,94,0.2736018522214682,0.0,0.4796018304782079,0.4796018304782079,0.09644135607496315,0.48029586068609714
cadd,all_1_50,4.267,0.16999999999999993,6,94,0.2736018522214682,0.0,0.4796018304782079,0.4796018304782079,0.09644135607496315,0.48029586068609714
cadd,all_1_50,4.271,0.16900000000000048,6,94,0.2736018522214682,0.0,0.46745912314719096,0.46745912314719096,0.09613922406768503,0.4805185017100199
cadd,all_1_50,4.272,0.16900000000000048,6,94,0.2736018522214682,0.0,0.46745912314719096,0.46745912314719096,0.09613922406768503,0.4805185017100199
cadd,all_1_50,4.273,0.16999999999999993,6,97,0.2651399392661651,0.0,0.453947556120194,0.453947556120194,0.09382393320183992,0.4648054251677323
cadd,all_1_50,4.275,0.16799999999999926,6,96,0.26790181363352095,0.0,0.4556605910331756,0.4556605910331756,0.09463808091825411,0.46973388693549045
cadd,all_1_50,4.277,0.16599999999999948,6,95,0.2707218327244001,0.0,0.4587393788104268,0.4587393788104268,0.09563738624865732,0.4736631854394124
cadd,all_1_50,4.28,0.16500000000000004,6,94,0.2736018522214682,0.0,0.4682396733053896,0.4682396733053896,0.09632314730605779,0.47932979558265654
cadd,all_1_50,4.287,0.1589999999999998,6,94,0.2736018522214682,0.0,0.4682396733053896,0.4682396733053896,0.09629940370607046,0.4790717410259453
cadd,all_1_50,4.288,0.15799999999999947,6,94,0.2736018522214682,0.0,0.4682396733053896,0.4682396733053896,0.09629940370607046,0.4790717410259453
cadd,all_1_50,4.289,0.15700000000000003,6,94,0.2736018522214682,0.0,0.4682396733053896,0.4682396733053896,0.09629940370607046,0.4790717410259453
cadd,all_1_50,4.305,0.15500000000000025,3,97,0.13256996963308254,0.0,0.2285034313006341,0.2285034313006341,0.03729539799658389,0.274464190023871
cadd,all_1_50,4.306,0.1559999999999997,3,97,0.13256996963308254,0.0,0.2285034313006341,0.2285034313006341,0.03729539799658389,0.274464190023871
cadd,all_1_50,4.307,0.15700000000000003,3,97,0.13256996963308254,0.0,0.2285034313006341,0.2285034313006341,0.03729539799658389,0.274464190023871
cadd,all_1_50,4.311,0.1589999999999998,3,97,0.13256996963308254,0.0,0.22967562632291352,0.22967562632291352,0.03703427792704954,0.27444843227081434
cadd,all_1_50,4.318,0.15500000000000025,4,96,0.17860120908901395,0.0,0.30704356250420284,0.30704356250420284,0.04398471927358322,0.34836466129216376
cadd,all_1_50,4.323,0.15399999999999991,3,97,0.13256996963308254,0.0,0.26570150229578615,0.26570150229578615,0.03503791385093133,0.2763489239345873
cadd,all_1_50,4.326,0.15200000000000014,3,97,0.13256996963308254,0.0,0.26570150229578615,0.26570150229578615,0.03486502427819772,0.27641563282801945
cadd,all_1_50,4.328,0.15200000000000014,3,97,0.13256996963308254,0.0,0.26570150229578615,0.26570150229578615,0.03496007729218534,0.27718470053833916
cadd,all_1_50,4.332,0.1509999999999998,3,97,0.13256996963308254,0.0,0.26570150229578615,0.26570150229578615,0.035143961315275654,0.27669324841964366
cadd,all_1_50,4.334,0.14900000000000002,3,97,0.13256996963308254,0.0,0.26570150229578615,0.26570150229578615,0.035143961315275654,0.27669324841964366
cadd,all_1_50,4.335,0.1479999999999997,3,97,0.13256996963308254,0.0,0.26570150229578615,0.26570150229578615,0.035143961315275654,0.27669324841964366
cadd,all_1_50,4.337,0.14999999999999947,3,98,0.13121721484090823,0.0,0.26386666587357765,0.26386666587357765,0.03461914924616411,0.2731025894815926
cadd,all_1_50,4.342,0.14900000000000002,3,97,0.13256996963308254,0.0,0.2761763921533299,0.2761763921533299,0.03520076942395808,0.27669187269140705
cadd,all_1_50,4.343,0.15000000000000036,3,97,0.13256996963308254,0.0,0.2761763921533299,0.2761763921533299,0.03520076942395808,0.27669187269140705
cadd,all_1_50,4.345,0.15000000000000036,3,97,0.13256996963308254,0.0,0.2712643150071842,0.2712643150071842,0.035372772097524964,0.27659029611763136
cadd,all_1_50,4.351,0.14900000000000002,3,98,0.13121721484090823,0.0,0.27403489007557,0.27403489007557,0.035875459259817305,0.2723064038121223
cadd,all_1_50,4.356,0.1459999999999999,3,97,0.13256996963308254,0.0,0.27520487946297173,0.27520487946297173,0.036280299829838776,0.2751657585599796
cadd,all_1_50,4.358,0.14500000000000046,3,98,0.13121721484090823,0.0,0.27450694239662615,0.27450694239662615,0.03585175352156128,0.27218989685268447
cadd,all_1_50,4.36,0.14399999999999924,3,97,0.13256996963308254,0.0,0.274799882554089,0.274799882554089,0.03624732895588508,0.27557064919140173
cadd,all_1_50,4.361,0.1429999999999998,3,97,0.13256996963308254,0.0,0.274799882554089,0.274799882554089,0.03624732895588508,0.27557064919140173
cadd,all_1_50,4.366,0.14200000000000035,3,97,0.13256996963308254,0.0,0.2800030976741879,0.2800030976741879,0.03647601952174894,0.27570420644564014
cadd,all_1_50,4.37,0.14400000000000013,3,97,0.13256996963308254,0.0,0.2800030976741879,0.2800030976741879,0.03651081032972249,0.2751724439880493
cadd,all_1_50,4.381,0.13999999999999968,3,97,0.13256996963308254,0.0,0.2871700798281391,0.2871700798281391,0.03643806517236623,0.2759476537645543
cadd,all_1_50,4.384,0.14000000000000057,3,97,0.13256996963308254,0.0,0.2871700798281391,0.2871700798281391,0.03643806517236623,0.2759476537645543
cadd,all_1_50,4.39,0.14199999999999946,3,97,0.13256996963308254,0.0,0.2908416870845781,0.2908416870845781,0.03621550098950282,0.2767702766692644
cadd,all_1_50,4.391,0.1429999999999998,3,97,0.13256996963308254,0.0,0.2908416870845781,0.2908416870845781,0.03621550098950282,0.2767702766692644
cadd,all_1_50,4.392,0.14400000000000013,3,98,0.13121721484090823,0.0,0.2908416870845781,0.2908416870845781,0.03588720999501722,0.27350789252626084
cadd,all_1_50,4.396,0.14700000000000024,3,97,0.13256996963308254,0.0,0.29408040624078113,0.29408040624078113,0.03644108450553365,0.2759930749998982
cadd,all_1_50,4.401,0.14200000000000035,3,97,0.13256996963308254,0.0,0.29408040624078113,0.29408040624078113,0.03644108450553365,0.2759930749998982
cadd,all_1_50,4.403,0.14100000000000001,3,98,0.13121721484090823,0.0,0.2918525243753207,0.2918525243753207,0.03602253040171116,0.27308436792191104
cadd,all_1_50,4.412,0.14200000000000035,3,97,0.13256996963308254,0.0,0.30189335778871784,0.30189335778871784,0.036165506744356694,0.2759930749998982
cadd,all_1_50,4.416,0.14500000000000046,3,98,0.13121721484090823,0.0,0.29502684191622525,0.29502684191622525,0.03602253040171116,0.27299488825638313
cadd,all_1_50,4.422,0.14900000000000002,3,97,0.13256996963308254,0.0,0.2972807088233508,0.2972807088233508,0.03622245821645508,0.2767592364049881
cadd,all_1_50,4.425,0.14900000000000002,3,97,0.13256996963308254,0.0,0.2949575934269812,0.2949575934269812,0.036425693897490195,0.277250656016855
cadd,all_1_50,4.426,0.14900000000000002,3,98,0.13121721484090823,0.0,0.28840298023971495,0.28840298023971495,0.036107223344205366,0.2754913095448526
cadd,all_1_50,4.427,0.14800000000000058,3,97,0.13256996963308254,0.0,0.29055524128628,0.29055524128628,0.036297839769118975,0.2784730939514939
cadd,all_1_50,4.431,0.14499999999999957,3,97,0.13256996963308254,0.0,0.2887803389207112,0.2887803389207112,0.03619518024354885,0.27805188442898215
cadd,all_1_50,4.437,0.14800000000000058,3,97,0.13256996963308254,0.0,0.28873413862744346,0.28873413862744346,0.0360567833773879,0.2784685034930119
cadd,all_1_50,4.44,0.1459999999999999,3,97,0.13256996963308254,0.0,0.28840298023971495,0.28840298023971495,0.03613893124532857,0.27790803462380037
cadd,all_1_50,4.443,0.14300000000000068,3,97,0.13256996963308254,0.0,0.28840298023971495,0.28840298023971495,0.03613893124532857,0.27790803462380037
cadd,all_1_50,4.446,0.14100000000000001,3,97,0.13256996963308254,0.0,0.28840298023971495,0.28840298023971495,0.03613893124532857,0.27790803462380037
cadd,all_1_50,4.447,0.14200000000000035,3,99,0.1298917884283738,0.0,0.2842063445021195,0.2842063445021195,0.035305442491972774,0.2720654670315554
cadd,all_1_50,4.449,0.1429999999999998,3,98,0.13121721484090823,0.0,0.2846811968248713,0.2846811968248713,0.03579446217884944,0.2757371387773513
cadd,all_1_50,4.452,0.1459999999999999,3,100,0.12859287054409005,0.0,0.28213335023450375,0.28213335023450375,0.03517221282706047,0.27010559448524374
cadd,all_1_50,4.456,0.1459999999999999,3,97,0.13256996963308254,0.0,0.28213335023450375,0.28213335023450375,0.03577041798650664,0.2780510818428317
cadd,all_1_50,4.457,0.1459999999999999,3,97,0.13256996963308254,0.0,0.28213335023450375,0.28213335023450375,0.03577041798650664,0.2780510818428317
cadd,all_1_50,4.458,0.1459999999999999,3,97,0.13256996963308254,0.0,0.28880344292366306,0.28880344292366306,0.03577057331347909,0.2790103343366605
cadd,all_1_50,4.459,0.14500000000000046,3,97,0.13256996963308254,0.0,0.28880344292366306,0.28880344292366306,0.03577057331347909,0.2790103343366605
cadd,all_1_50,4.46,0.14400000000000013,3,97,0.13256996963308254,0.0,0.28880344292366306,0.28880344292366306,0.03577057331347909,0.2790103343366605
cadd,all_1_50,4.47,0.15000000000000036,3,97,0.13256996963308254,0.0,0.2814346930678436,0.2814346930678436,0.03574956565200204,0.27892189921230387
cadd,all_1_50,4.473,0.14999999999999947,3,97,0.13256996963308254,0.0,0.2814346930678436,0.2814346930678436,0.03574956565200204,0.27892189921230387
cadd,all_1_50,4.476,0.15200000000000014,3,97,0.13256996963308254,0.0,0.28880344292366306,0.28880344292366306,0.03569814315042497,0.27901026282571295
cadd,all_1_50,4.477,0.1510000000000007,3,97,0.13256996963308254,0.0,0.28880344292366306,0.28880344292366306,0.03569814315042497,0.27901026282571295
cadd,all_1_50,4.478,0.15200000000000014,3,97,0.13256996963308254,0.0,0.28880344292366306,0.28880344292366306,0.03569814315042497,0.27901026282571295
cadd,all_1_50,4.48,0.15199999999999925,4,97,0.17675995951077672,0.0,0.34201454315651947,0.34201454315651947,0.04323830422219964,0.3406705090720339
cadd,all_1_50,4.483,0.1509999999999998,4,96,0.17860120908901395,0.0,0.3513996918488655,0.3513996918488655,0.043671458053917714,0.34458767820341707
cadd,all_1_50,4.487,0.15000000000000036,4,96,0.17860120908901395,0.0,0.35964412108166727,0.35964412108166727,0.04371681861498105,0.3434907477531894
cadd,all_1_50,4.489,0.15200000000000014,4,96,0.17860120908901395,0.0,0.35964412108166727,0.35964412108166727,0.04371681861498105,0.3434907477531894
cadd,all_1_50,4.491,0.15399999999999991,4,96,0.17860120908901395,0.0,0.35964412108166727,0.35964412108166727,0.04371681861498105,0.3434907477531894
cadd,all_1_50,4.495,0.15800000000000036,4,96,0.17860120908901395,0.0,0.35964412108166727,0.35964412108166727,0.04371681861498105,0.3434907477531894
cadd,all_1_50,4.498,0.15700000000000003,4,96,0.17860120908901395,0.0,0.3671121945495998,0.3671121945495998,0.04369648841472468,0.3428112444296544
cadd,all_1_50,4.5,0.15800000000000036,4,97,0.17675995951077672,0.0,0.35779738290714247,0.35779738290714247,0.04323055275615133,0.33959448071075465
cadd,all_1_50,4.503,0.16000000000000014,4,96,0.17860120908901395,0.0,0.3588046958377802,0.3588046958377802,0.04374975097299801,0.34320355994761387
cadd,all_1_50,4.504,0.1609999999999996,4,96,0.17860120908901395,0.0,0.3588046958377802,0.3588046958377802,0.04374975097299801,0.34320355994761387
cadd,all_1_50,4.508,0.16000000000000014,4,96,0.17860120908901395,0.0,0.36578555046028005,0.36578555046028005,0.04376733507157585,0.34385288525610036
cadd,all_1_50,4.514,0.16299999999999937,5,97,0.2209499493884709,0.046103528927956404,0.40540915395284327,0.40540915395284327,0.07956410402636602,0.4039350423535739
cadd,all_1_50,4.515,0.16199999999999992,5,95,0.22560152727033342,0.046975973487986745,0.41494320048546673,0.41494320048546673,0.08132758960836127,0.4136002863643901
cadd,all_1_50,4.516,0.1609999999999996,5,95,0.22560152727033342,0.046975973487986745,0.41494320048546673,0.41494320048546673,0.08132758960836127,0.4136002863643901
cadd,all_1_50,4.517,0.16100000000000048,5,95,0.22560152727033342,0.046975973487986745,0.41494320048546673,0.41494320048546673,0.08132758960836127,0.4136002863643901
cadd,all_1_50,4.521,0.16500000000000004,5,96,0.22325151136126745,0.046103528927956404,0.41494320048546673,0.41494320048546673,0.08061893644637862,0.4090946545946307
cadd,all_1_50,4.526,0.16599999999999948,5,95,0.22560152727033342,0.046975973487986745,0.41494320048546673,0.41494320048546673,0.08149665936183695,0.41363588802304413
cadd,all_1_50,4.529,0.16800000000000015,5,95,0.22560152727033342,0.046975973487986745,0.41494320048546673,0.41494320048546673,0.08143216245604341,0.41363819909318045
cadd,all_1_50,4.535,0.16500000000000004,5,95,0.22560152727033342,0.046975973487986745,0.41494320048546673,0.41494320048546673,0.08129825535549846,0.4126144350661219
cadd,all_1_50,4.543,0.17100000000000026,5,95,0.22560152727033342,0.046975973487986745,0.41363645893025247,0.41363645893025247,0.0810541141864292,0.41376170325421713
cadd,all_1_50,4.544,0.17000000000000082,5,95,0.22560152727033342,0.046975973487986745,0.41363645893025247,0.41363645893025247,0.0810541141864292,0.41376170325421713
cadd,all_1_50,4.546,0.16800000000000015,5,95,0.22560152727033342,0.046975973487986745,0.41363645893025247,0.41363645893025247,0.0810541141864292,0.41376170325421713
cadd,all_1_50,4.554,0.1639999999999997,5,96,0.22325151136126745,0.0451286927501375,0.429926765843663,0.429926765843663,0.08042091667025546,0.4105521112002423
cadd,all_1_50,4.56,0.16500000000000004,5,95,0.22560152727033342,0.04612773835236038,0.43436695066376063,0.43436695066376063,0.08118822091483652,0.41491128487584883
cadd,all_1_50,4.569,0.16600000000000037,5,95,0.22560152727033342,0.04612773835236038,0.43760000000000004,0.43760000000000004,0.0812451601080589,0.4159847205899428
cadd,all_1_50,4.571,0.1670000000000007,5,95,0.22560152727033342,0.04612773835236038,0.43760000000000004,0.43760000000000004,0.08129654610208205,0.4145523832847358
cadd,all_1_50,4.573,0.16500000000000004,5,95,0.22560152727033342,0.04612773835236038,0.43760000000000004,0.43760000000000004,0.08129654610208205,0.4145523832847358
cadd,all_1_50,4.574,0.1640000000000006,5,95,0.22560152727033342,0.04612773835236038,0.43760000000000004,0.43760000000000004,0.08129654610208205,0.4145523832847358
cadd,all_1_50,4.575,0.16300000000000026,5,95,0.22560152727033342,0.04612773835236038,0.43760000000000004,0.43760000000000004,0.08129654610208205,0.4145523832847358
cadd,all_1_50,4.576,0.1639999999999997,5,95,0.22560152727033342,0.04612773835236038,0.43760000000000004,0.43760000000000004,0.08129654610208205,0.4145523832847358
cadd,all_1_50,4.579,0.16299999999999937,5,95,0.22560152727033342,0.046664724100868644,0.429979405707561,0.429979405707561,0.08130797329061681,0.4148611291829312
cadd,all_1_50,4.582,0.16599999999999948,5,95,0.22560152727033342,0.046664724100868644,0.429979405707561,0.429979405707561,0.08130797329061681,0.4148611291829312
cadd,all_1_50,4.586,0.16799999999999926,5,95,0.22560152727033342,0.046208041636634015,0.43436695066376063,0.43436695066376063,0.08127802381078969,0.4150137983188525
cadd,all_1_50,4.589,0.16599999999999948,5,96,0.22325151136126745,0.04768339171226024,0.4133180459016073,0.4133180459016073,0.08040236477543458,0.41117163253943567
cadd,all_1_50,4.59,0.16500000000000004,5,96,0.22325151136126745,0.04768339171226024,0.4133180459016073,0.4133180459016073,0.08040236477543458,0.41117163253943567
cadd,all_1_50,4.598,0.16699999999999982,4,96,0.17860120908901395,0.0485477704086861,0.33150838644169317,0.33150838644169317,0.04421549546559882,0.3457601048938411
cadd,all_1_50,4.602,0.17100000000000026,4,96,0.17860120908901395,0.0485477704086861,0.33150838644169317,0.33150838644169317,0.04421549546559882,0.3457601048938411
cadd,all_1_50,4.604,0.17300000000000004,4,96,0.17860120908901395,0.0485477704086861,0.33150838644169317,0.33150838644169317,0.04421549546559882,0.3457601048938411
cadd,all_1_50,4.616,0.17599999999999927,4,96,0.17860120908901395,0.049514291510765925,0.3221576903256778,0.3221576903256778,0.04419828013882607,0.34568805506860956
cadd,all_1_50,4.62,0.1770000000000005,4,96,0.17860120908901395,0.049514291510765925,0.3221576903256778,0.3221576903256778,0.04423979820537902,0.34564458104152357
cadd,all_1_50,4.628,0.17600000000000016,4,96,0.17860120908901395,0.04771738403506706,0.32681674032137936,0.32681674032137936,0.04383698003407416,0.34757210355715396
cadd,all_1_50,4.631,0.17499999999999982,5,95,0.22560152727033342,0.04786815045841921,0.4122563684870152,0.4122563684870152,0.07987344982117336,0.4146748966141243
cadd,all_1_50,4.632,0.1750000000000007,5,95,0.22560152727033342,0.04815365243661895,0.4149887947747412,0.4149887947747412,0.07976513332681943,0.4143331175993568
cadd,all_1_50,4.635,0.17799999999999994,5,95,0.22560152727033342,0.04815365243661895,0.4149887947747412,0.4149887947747412,0.07976513332681943,0.4143331175993568
cadd,all_1_50,4.637,0.17999999999999972,5,96,0.22325151136126745,0.04723872545220691,0.41479215004383163,0.41479215004383163,0.07881148753062599,0.41147404691347556
cadd,all_1_50,4.655,0.17799999999999994,4,96,0.17860120908901395,0.04783802621249223,0.3341528297961011,0.3341528297961011,0.044318738873551956,0.3472537255339794
cadd,all_1_50,4.658,0.17799999999999994,5,95,0.22560152727033342,0.09521221767775938,0.38559108991078705,0.38559108991078705,0.07919935799701625,0.41498398924191754
cadd,all_1_50,4.666,0.17900000000000027,5,95,0.22560152727033342,0.09301666599282561,0.39887403373789915,0.39887403373789915,0.07916925571235725,0.41503561916302584
cadd,all_1_50,4.668,0.17999999999999972,5,95,0.22560152727033342,0.09521221767775938,0.38559108991078705,0.38559108991078705,0.07907286169826021,0.4128913474375487
cadd,all_1_50,4.67,0.17900000000000027,5,97,0.2209499493884709,0.09092555836543918,0.3926401912624145,0.3926401912624145,0.07759091808809324,0.40562280006542356
cadd,all_1_50,4.677,0.17899999999999938,6,96,0.26790181363352095,0.09791807446021172,0.46084724005134786,0.46084724005134786,0.09537315286769753,0.47307831782910864
cadd,all_1_50,4.686,0.18400000000000016,5,95,0.22560152727033342,0.09373776788004247,0.4018181421868619,0.4018181421868619,0.07933567752167073,0.41760398009851224
cadd,all_1_50,4.689,0.18599999999999994,5,98,0.21869535806818036,0.09160815985160312,0.3874196526258205,0.3874196526258205,0.0769360382826717,0.40340712706697535
cadd,all_1_50,4.695,0.18100000000000005,5,95,0.22560152727033342,0.09375800271998885,0.43071657878469544,0.43071657878469544,0.07914835228040087,0.41543141823592056
cadd,all_1_50,4.699,0.1849999999999996,5,95,0.22560152727033342,0.09375800271998885,0.43071657878469544,0.43071657878469544,0.07914835228040087,0.41543141823592056
cadd,all_1_50,4.714,0.1850000000000005,5,95,0.22560152727033342,0.09373752236694892,0.4248389929742388,0.4248389929742388,0.07951769806091204,0.4177928707795951
cadd,all_1_50,4.717,0.18599999999999994,5,95,0.22560152727033342,0.09373752236694892,0.4248389929742388,0.4248389929742388,0.07913174431964728,0.4178579016055115
cadd,all_1_50,4.718,0.1849999999999996,5,95,0.22560152727033342,0.09373752236694892,0.4248389929742388,0.4248389929742388,0.07913174431964728,0.4178579016055115
cadd,all_1_50,4.719,0.18400000000000016,5,95,0.22560152727033342,0.09373752236694892,0.4248389929742388,0.4248389929742388,0.07913174431964728,0.4178579016055115
cadd,all_1_50,4.722,0.18299999999999983,5,95,0.22560152727033342,0.09449901114010235,0.4248389929742388,0.4248389929742388,0.079131367420373,0.4162208380677571
cadd,all_1_50,4.725,0.18100000000000005,5,95,0.22560152727033342,0.09373752236694892,0.4392403147699757,0.4392403147699757,0.07879682533847453,0.41580662259669954
cadd,all_1_50,4.73,0.18400000000000016,5,95,0.22560152727033342,0.09373752236694892,0.4392403147699757,0.4392403147699757,0.07875434691351911,0.41506339165467576
cadd,all_1_50,4.732,0.18299999999999983,5,95,0.22560152727033342,0.09457476595213747,0.44136167436257756,0.44136167436257756,0.07883706086781038,0.4160992840236409
cadd,all_1_50,4.738,0.18099999999999916,5,95,0.22560152727033342,0.09596681359208654,0.4411764705882352,0.4411764705882352,0.07834314886862438,0.4161042773592842
cadd,all_1_50,4.741,0.1800000000000006,5,95,0.22560152727033342,0.09457476595213747,0.44136167436257756,0.44136167436257756,0.0787057843946058,0.41520751845921444
cadd,all_1_50,4.754,0.18299999999999983,5,95,0.22560152727033342,0.09382027268952742,0.4543477646925923,0.4543477646925923,0.07870902176207946,0.41456324438443637
cadd,all_1_50,4.755,0.18400000000000016,5,95,0.22560152727033342,0.09382027268952742,0.4543477646925923,0.4543477646925923,0.07870902176207946,0.41456324438443637
cadd,all_1_50,4.759,0.18599999999999994,5,95,0.22560152727033342,0.0952405503322474,0.4542191359822614,0.4542191359822614,0.0787069318841283,0.4141922599588491
cadd,all_1_50,4.764,0.18900000000000006,6,95,0.2707218327244001,0.1458468848752583,0.5429321628718109,0.5429321628718109,0.09867217553714343,0.48078023850184065
cadd,all_1_50,4.783,0.19399999999999995,6,95,0.2707218327244001,0.14507791481095558,0.5312937571002087,0.5312937571002087,0.09764127461942147,0.48050938880412203
cadd,all_1_50,4.785,0.19599999999999973,6,95,0.2707218327244001,0.14507791481095558,0.5312937571002087,0.5312937571002087,0.09764127461942147,0.48050938880412203
cadd,all_1_50,4.795,0.19299999999999962,6,95,0.2707218327244001,0.14641693034609696,0.48728967776253534,0.48728967776253534,0.09845885070035251,0.4800520986773758
cadd,all_1_50,4.796,0.19200000000000017,6,94,0.2736018522214682,0.14731126373748027,0.49126870990734145,0.49126870990734145,0.09943425941164565,0.4852855714946014
cadd,all_1_50,4.798,0.19399999999999995,6,94,0.2736018522214682,0.14731126373748027,0.49126870990734145,0.49126870990734145,0.09943425941164565,0.4852855714946014
cadd,all_1_50,4.801,0.19599999999999973,6,94,0.2736018522214682,0.1478007041312001,0.4850897930405209,0.4850897930405209,0.09929836840846484,0.4842251741872998
cadd,all_1_50,4.802,0.19500000000000028,6,94,0.2736018522214682,0.1478007041312001,0.4850897930405209,0.4850897930405209,0.09929836840846484,0.4842251741872998
cadd,all_1_50,4.803,0.19399999999999995,6,94,0.2736018522214682,0.1478007041312001,0.4850897930405209,0.4850897930405209,0.09929836840846484,0.4842251741872998
cadd,all_1_50,4.805,0.19200000000000017,6,94,0.2736018522214682,0.1478007041312001,0.4850897930405209,0.4850897930405209,0.09929836840846484,0.4842251741872998
cadd,all_1_50,4.807,0.19099999999999984,6,96,0.26790181363352095,0.14525241612893805,0.47928654625106476,0.47928654625106476,0.09715442127038931,0.47300370911143785
cadd,all_1_50,4.817,0.18599999999999994,6,94,0.2736018522214682,0.1440109424868104,0.5007732237167071,0.5007732237167071,0.09880723176715954,0.4833636394203752
cadd,all_1_50,4.818,0.1869999999999994,6,94,0.2736018522214682,0.1440109424868104,0.5007732237167071,0.5007732237167071,0.09880723176715954,0.4833636394203752
cadd,all_1_50,4.822,0.1900000000000004,6,94,0.2736018522214682,0.14450084824879825,0.5088918290569585,0.5088918290569585,0.09873582802438188,0.48487531033787107
cadd,all_1_50,4.829,0.19200000000000017,5,96,0.22325151136126745,0.09755594357218067,0.40799753289473684,0.40799753289473684,0.07901426476815195,0.4110105027869734
cadd,all_1_50,4.83,0.19299999999999962,5,97,0.2209499493884709,0.09649699382986157,0.3974358974358974,0.3974358974358974,0.07804095785474648,0.4068927595859365
cadd,all_1_50,4.834,0.18900000000000006,5,95,0.22560152727033342,0.09874656065762571,0.40229556875285516,0.40229556875285516,0.07957601568741235,0.41539351383585055
cadd,all_1_50,4.836,0.1869999999999994,5,95,0.22560152727033342,0.09874656065762571,0.40229556875285516,0.40229556875285516,0.07957601568741235,0.41539351383585055
cadd,all_1_50,4.841,0.18299999999999983,5,95,0.22560152727033342,0.09840204809200262,0.4100992878142178,0.4100992878142178,0.07946170728889916,0.4163574850218268
cadd,all_1_50,4.844,0.18599999999999994,5,96,0.22325151136126745,0.09609570323856038,0.4100992878142178,0.4100992878142178,0.07900645212631097,0.4115919305378313
cadd,all_1_50,4.848,0.18200000000000038,5,95,0.22560152727033342,0.09609570323856038,0.4168587493127041,0.4168587493127041,0.07977908698698806,0.4161163418362569
cadd,all_1_50,4.849,0.18299999999999983,5,95,0.22560152727033342,0.09609570323856038,0.4168587493127041,0.4168587493127041,0.07977908698698806,0.4161163418362569
cadd,all_1_50,4.855,0.1819999999999995,4,96,0.17860120908901395,0.04677966843713191,0.3819929325651023,0.3819929325651023,0.043643609370615455,0.3478221598426627
cadd,all_1_50,4.856,0.18100000000000005,4,96,0.17860120908901395,0.04677966843713191,0.3819929325651023,0.3819929325651023,0.043643609370615455,0.3478221598426627
cadd,all_1_50,4.862,0.1769999999999996,4,97,0.17675995951077672,0.04661820941705345,0.38686150342286013,0.38686150342286013,0.04319697923222153,0.34402057411489656
cadd,all_1_50,4.87,0.17600000000000016,4,97,0.17675995951077672,0.04745067744235798,0.37211081225634507,0.37211081225634507,0.04317246052310513,0.34394592977665317
cadd,all_1_50,4.873,0.17400000000000038,4,97,0.17675995951077672,0.04745067744235798,0.37211081225634507,0.37211081225634507,0.04312707865150122,0.34372920465455964
cadd,all_1_50,4.875,0.17499999999999982,4,96,0.17860120908901395,0.04726167361156562,0.3717979269796904,0.3717979269796904,0.043637941089190675,0.3480135528815704
cadd,all_1_50,4.876,0.1739999999999995,4,96,0.17860120908901395,0.04726167361156562,0.3717979269796904,0.3717979269796904,0.043637941089190675,0.3480135528815704
cadd,all_1_50,4.89,0.17099999999999937,4,96,0.17860120908901395,0.04675695971218751,0.386189889025894,0.386189889025894,0.04356697472517557,0.34802628162492544
cadd,all_1_50,4.892,0.17099999999999937,4,98,0.17495628645454428,0.04592075650986275,0.37055969224757423,0.37055969224757423,0.042810245368728884,0.34107224744608966
cadd,all_1_50,4.896,0.16699999999999982,4,96,0.17860120908901395,0.04677966843713191,0.3736265562924916,0.3736265562924916,0.04366444354043926,0.34772811671875553
cadd,all_1_50,4.897,0.16699999999999982,4,96,0.17860120908901395,0.04677966843713191,0.3736265562924916,0.3736265562924916,0.04366444354043926,0.34772811671875553
cadd,all_1_50,4.899,0.16699999999999982,4,96,0.17860120908901395,0.046847539944329206,0.37055969224757423,0.37055969224757423,0.043669706710865404,0.34819991129479744
cadd,all_1_50,4.903,0.16499999999999915,4,96,0.17860120908901395,0.046824831219384806,0.36604755523374516,0.36604755523374516,0.04361592372563159,0.34755650909542507
cadd,all_1_50,4.905,0.16699999999999982,4,97,0.17675995951077672,0.046824831219384806,0.35851985670289077,0.35851985670289077,0.04316350025760403,0.34450913053149285
cadd,all_1_50,4.906,0.16600000000000037,4,96,0.17860120908901395,0.04732988267498193,0.35851985670289077,0.35851985670289077,0.04362108995590271,0.3481370998669558
cadd,all_1_50,4.907,0.16600000000000037,4,96,0.17860120908901395,0.04732988267498193,0.35851985670289077,0.35851985670289077,0.04362108995590271,0.3481370998669558
cadd,all_1_50,4.915,0.16199999999999992,4,96,0.17860120908901395,0.047693128955997866,0.35738192341020936,0.35738192341020936,0.04356625777192214,0.34777131412960144
cadd,all_1_50,4.919,0.1639999999999997,4,97,0.17675995951077672,0.04620271867612293,0.3540073982737361,0.3540073982737361,0.04296892102349843,0.34421622233027355
cadd,all_1_50,4.921,0.16299999999999937,4,96,0.17860120908901395,0.04549632352941176,0.3706142506142506,0.3706142506142506,0.0435,0.3475410438066431
cadd,all_1_50,4.936,0.15800000000000036,4,96,0.17860120908901395,0.04494927430707247,0.36603876603876606,0.36603876603876606,0.043464760528750486,0.3482614329730787
cadd,all_1_50,4.94,0.1559999999999997,4,96,0.17860120908901395,0.04575425976941128,0.35403763219991363,0.35403763219991363,0.043468402382174955,0.3488192489469923
cadd,all_1_50,4.946,0.15300000000000047,4,97,0.17675995951077672,0.044802636291997995,0.36694637345679015,0.36694637345679015,0.04302487238592345,0.3455950544197746
cadd,all_1_50,4.949,0.15299999999999958,4,97,0.17675995951077672,0.04391545537532477,0.3706171135092007,0.3706171135092007,0.04299652224307869,0.3447073613468596
cadd,all_1_50,4.953,0.15399999999999991,4,97,0.17675995951077672,0.042911886409738274,0.3850537668719487,0.3850537668719487,0.042896910370974636,0.3444814802719508
cadd,all_1_50,4.959,0.15700000000000003,4,98,0.17495628645454428,0.042500929519448886,0.3706142506142506,0.3706142506142506,0.04253985710771485,0.3409712593555769
cadd,all_1_50,4.963,0.16100000000000048,4,98,0.17495628645454428,0.042500929519448886,0.3706142506142506,0.3706142506142506,0.04253985710771485,0.3409712593555769
cadd,all_1_50,4.964,0.16100000000000048,4,96,0.17860120908901395,0.042721829582764,0.3953218673218673,0.3953218673218673,0.04336359783402005,0.3479566727214045
cadd,all_1_50,4.976,0.1609999999999996,3,97,0.13256996963308254,0.03970533564805835,0.2952888695462953,0.2952888695462953,0.03519946328395767,0.2760344689387829
cadd,all_1_50,4.983,0.16500000000000004,3,97,0.13256996963308254,0.04002933551644153,0.2885860454135632,0.2885860454135632,0.03491065872463946,0.27676808059744024
cadd,all_1_50,4.985,0.16500000000000004,3,98,0.13121721484090823,0.03940387714899713,0.2851738206685732,0.2851738206685732,0.03454020482513546,0.2737978366768962
cadd,all_1_50,4.986,0.1640000000000006,3,98,0.13121721484090823,0.03940387714899713,0.2851738206685732,0.2851738206685732,0.03454020482513546,0.2737978366768962
cadd,all_1_50,4.988,0.16199999999999992,3,97,0.13256996963308254,0.03971276614935588,0.28881675463710954,0.28881675463710954,0.03503827303589676,0.27676808059744024
cadd,all_1_50,4.997,0.1639999999999997,3,97,0.13256996963308254,0.03956783106229447,0.28742821298034144,0.28742821298034144,0.03477754166517369,0.27739913034685004
cadd,all_1_50,4.998,0.1640000000000006,3,97,0.13256996963308254,0.03956783106229447,0.28742821298034144,0.28742821298034144,0.03477754166517369,0.27739913034685004
cadd,all_1_50,5.003,0.1609999999999996,2,98,0.08747814322727214,0.0,0.19573605627329566,0.19573605627329566,0.0,0.2015981853322695
cadd,all_1_50,5.007,0.1589999999999998,2,99,0.08659452561891587,0.0,0.19250589316027666,0.19250589316027666,0.0,0.19938686960001573
cadd,all_1_50,5.021,0.15200000000000014,2,98,0.08747814322727214,0.0,0.1865738438587767,0.1865738438587767,0.0,0.20854362342460508
cadd,all_1_50,5.023,0.15299999999999958,2,98,0.08747814322727214,0.0,0.1865738438587767,0.1865738438587767,0.0,0.20854362342460508
cadd,all_1_50,5.024,0.15299999999999958,2,98,0.08747814322727214,0.0,0.1830216646700916,0.1830216646700916,0.0,0.20817420115011973
cadd,all_1_50,5.03,0.15499999999999936,2,100,0.08572858036272671,0.0,0.1791553364295263,0.1791553364295263,0.0,0.2042731986411586
cadd,all_1_50,5.036,0.15600000000000058,2,98,0.08747814322727214,0.0,0.18716005143541375,0.18716005143541375,0.0,0.20791943660399184
cadd,all_1_50,5.037,0.15500000000000025,2,98,0.08747814322727214,0.0,0.18716005143541375,0.18716005143541375,0.0,0.20791943660399184
cadd,all_1_50,5.039,0.15300000000000047,2,98,0.08747814322727214,0.0,0.18716005143541375,0.18716005143541375,0.0,0.20791943660399184
cadd,all_1_50,5.046,0.1509999999999998,2,98,0.08747814322727214,0.0,0.18919267704169848,0.18919267704169848,0.0,0.20817075549919525
cadd,all_1_50,5.047,0.1509999999999998,2,98,0.08747814322727214,0.0,0.18919267704169848,0.18919267704169848,0.0,0.20817075549919525
cadd,all_1_50,5.05,0.15299999999999958,2,101,0.08487978253735316,0.0,0.18651315789473685,0.18651315789473685,0.0,0.20155339844656692
cadd,all_1_50,5.055,0.14999999999999947,2,99,0.08659452561891587,0.0,0.19170112516879095,0.19170112516879095,0.0,0.20522258571151133
cadd,all_1_50,5.058,0.15200000000000014,2,98,0.08747814322727214,0.0,0.19708504632969373,0.19708504632969373,0.0,0.20771071749641618
cadd,all_1_50,5.06,0.15399999999999991,2,98,0.08747814322727214,0.0,0.19708504632969373,0.19708504632969373,0.0,0.20771071749641618
cadd,all_1_50,5.063,0.15399999999999991,2,98,0.08747814322727214,0.0,0.19170112516879095,0.19170112516879095,0.0,0.2070782300124728
cadd,all_1_50,5.065,0.15199999999999925,2,98,0.08747814322727214,0.0,0.19170112516879095,0.19170112516879095,0.0,0.2070782300124728
cadd,all_1_50,5.067,0.15200000000000014,3,98,0.13121721484090823,0.04332396511785772,0.22263376804280555,0.22263376804280555,0.035881082332976655,0.2773603358716965
cadd,all_1_50,5.072,0.1509999999999998,3,98,0.13121721484090823,0.04214176385709815,0.2285542714136773,0.2285542714136773,0.035935646248682035,0.2767894133120712
cadd,all_1_50,5.077,0.1459999999999999,3,97,0.13256996963308254,0.04248595505617978,0.23097344682614948,0.23097344682614948,0.03636526110517729,0.2798157119165606
cadd,all_1_50,5.079,0.14400000000000013,3,97,0.13256996963308254,0.04248595505617978,0.23097344682614948,0.23097344682614948,0.03636526110517729,0.2798157119165606
cadd,all_1_50,5.082,0.14200000000000035,3,97,0.13256996963308254,0.0424808042313538,0.23073855646735367,0.23073855646735367,0.036188024819738374,0.27893622892627645
cadd,all_1_50,5.084,0.14200000000000035,3,97,0.13256996963308254,0.0424808042313538,0.23073855646735367,0.23073855646735367,0.036235153279434766,0.2790743463499749
cadd,all_1_50,5.086,0.14000000000000057,3,97,0.13256996963308254,0.0424808042313538,0.23073855646735367,0.23073855646735367,0.036235153279434766,0.2790743463499749
cadd,all_1_50,5.091,0.13999999999999968,3,98,0.13121721484090823,0.048831252001280814,0.19847610251673978,0.19847610251673978,0.0,0.2726897201345103
cadd,all_1_50,5.094,0.13699999999999957,3,97,0.13256996963308254,0.05022643062988884,0.19847610251673978,0.19847610251673978,0.0,0.2761159773641238
cadd,all_1_50,5.096,0.13600000000000012,3,97,0.13256996963308254,0.050954349914379984,0.19513274088429947,0.19513274088429947,0.0,0.27530939162893064
cadd,all_1_50,5.099,0.1349999999999998,3,97,0.13256996963308254,0.049650251326935915,0.19888478732228015,0.19888478732228015,0.0,0.2759228368489023
cadd,all_1_50,5.102,0.1379999999999999,3,98,0.13121721484090823,0.048831252001280814,0.1972379174347249,0.1972379174347249,0.0,0.27252340985768203
cadd,all_1_50,5.107,0.13600000000000012,3,97,0.13256996963308254,0.04951901611397491,0.1998836187907356,0.1998836187907356,0.0,0.27528409263409054
cadd,all_1_50,5.111,0.1349999999999998,3,98,0.13121721484090823,0.04945338569031949,0.19892582686925078,0.19892582686925078,0.0,0.27311202579503785
cadd,all_1_50,5.115,0.13199999999999967,3,98,0.13121721484090823,0.04991197183098592,0.19805390165908623,0.19805390165908623,0.0,0.27339700896041097
cadd,all_1_50,5.125,0.13199999999999967,4,97,0.17675995951077672,0.050153506951793096,0.3114377434125833,0.3114377434125833,0.04360203149133861,0.34258999455247574
cadd,all_1_50,5.129,0.13099999999999934,4,96,0.17860120908901395,0.05170984778577942,0.31461051953544616,0.31461051953544616,0.043990033963334195,0.34679111498260373
cadd,all_1_50,5.13,0.13199999999999967,4,96,0.17860120908901395,0.05170984778577942,0.31461051953544616,0.31461051953544616,0.043990033963334195,0.34679111498260373
cadd,all_1_50,5.137,0.13399999999999945,4,96,0.17860120908901395,0.050008598874775816,0.3223173272194204,0.3223173272194204,0.04392836436255878,0.3469564651261262
cadd,all_1_50,5.141,0.1379999999999999,4,96,0.17860120908901395,0.050008598874775816,0.3223173272194204,0.3223173272194204,0.04392836436255878,0.3469564651261262
cadd,all_1_50,5.15,0.133,4,98,0.17495628645454428,0.049214811591049214,0.30820442919282404,0.30820442919282404,0.04310134575466186,0.3379901976998247
cadd,all_1_50,5.151,0.13200000000000056,4,98,0.17495628645454428,0.049214811591049214,0.30820442919282404,0.30820442919282404,0.04310134575466186,0.3379901976998247
cadd,all_1_50,5.153,0.13100000000000023,4,96,0.17860120908901395,0.050008598874775816,0.31317332847013546,0.31317332847013546,0.044071050973956465,0.3447150555789193
cadd,all_1_50,5.161,0.13099999999999934,4,96,0.17860120908901395,0.05082841197108361,0.3131590852069029,0.3131590852069029,0.04405366258852557,0.34421411085743026
cadd,all_1_50,5.164,0.1299999999999999,4,96,0.17860120908901395,0.05082841197108361,0.3053311160973793,0.3053311160973793,0.04393924780209502,0.34435449779968513
cadd,all_1_50,5.165,0.12900000000000045,4,96,0.17860120908901395,0.05082841197108361,0.3053311160973793,0.3053311160973793,0.04393924780209502,0.34435449779968513
cadd,all_1_50,5.166,0.13000000000000078,4,96,0.17860120908901395,0.05082841197108361,0.3053311160973793,0.3053311160973793,0.04393924780209502,0.34435449779968513
cadd,all_1_50,5.167,0.13100000000000023,4,98,0.17495628645454428,0.04833259704130002,0.30190550985822345,0.30190550985822345,0.042955724170920674,0.3369928898536454
cadd,all_1_50,5.168,0.13100000000000023,4,97,0.17675995951077672,0.04698428002838839,0.3028231292517007,0.3028231292517007,0.04343748647354742,0.3406702321975112
cadd,all_1_50,5.17,0.13100000000000023,4,96,0.17860120908901395,0.04801634038722092,0.3046593178009671,0.3046593178009671,0.04386856793107965,0.3451517045948606
cadd,all_1_50,5.172,0.133,4,97,0.17675995951077672,0.04800295304129205,0.3030956609997463,0.3030956609997463,0.043397884008369005,0.34092777896203413
cadd,all_1_50,5.173,0.13400000000000034,4,98,0.17495628645454428,0.047494704168418944,0.30041339851302284,0.30041339851302284,0.04301184607215875,0.3369927524399519
cadd,all_1_50,5.177,0.13099999999999934,4,97,0.17675995951077672,0.04746771035414438,0.3053050562845948,0.3053050562845948,0.04341625997639233,0.3398019604916157
cadd,all_1_50,5.182,0.133,4,96,0.17860120908901395,0.04746771035414438,0.3134460841660778,0.3134460841660778,0.04385074920436749,0.34323050088401325
cadd,all_1_50,5.184,0.13199999999999967,4,96,0.17860120908901395,0.04852820739046056,0.30582625254028456,0.30582625254028456,0.043806098034886595,0.3443297791361022
cadd,all_1_50,5.185,0.13100000000000023,4,96,0.17860120908901395,0.04852820739046056,0.30582625254028456,0.30582625254028456,0.043806098034886595,0.3443297791361022
cadd,all_1_50,5.192,0.133,4,96,0.17860120908901395,0.04899811268720611,0.30467950554623224,0.30467950554623224,0.04377264840469739,0.34410930822985464
cadd,all_1_50,5.194,0.13400000000000034,4,98,0.17495628645454428,0.04844583015993907,0.3019240256536754,0.3019240256536754,0.04293929694098064,0.33722985333689504
cadd,all_1_50,5.197,0.13400000000000034,4,97,0.17675995951077672,0.04891993301743092,0.3027653691480781,0.3027653691480781,0.04320417411984478,0.3400112100349229
cadd,all_1_50,5.199,0.1349999999999998,4,96,0.17860120908901395,0.0508193101419616,0.2988436211115431,0.2988436211115431,0.04370535714285714,0.34346302354568614
cadd,all_1_50,5.2,0.1349999999999998,4,96,0.17860120908901395,0.0508193101419616,0.2988436211115431,0.2988436211115431,0.04370535714285714,0.34346302354568614
cadd,all_1_50,5.203,0.1379999999999999,4,96,0.17860120908901395,0.0508193101419616,0.2988436211115431,0.2988436211115431,0.04370535714285714,0.34346302354568614
cadd,all_1_50,5.205,0.13999999999999968,4,96,0.17860120908901395,0.0508193101419616,0.2988436211115431,0.2988436211115431,0.04370535714285714,0.34346302354568614
cadd,all_1_50,5.216,0.14400000000000013,4,96,0.17860120908901395,0.05157337788916736,0.29805320481196157,0.29805320481196157,0.0437682932132716,0.34268838952040714
cadd,all_1_50,5.217,0.14400000000000013,4,96,0.17860120908901395,0.05103615520282187,0.3088883447600392,0.3088883447600392,0.043703873179121805,0.34266658599949273
cadd,all_1_50,5.219,0.14200000000000035,4,96,0.17860120908901395,0.05103615520282187,0.3088883447600392,0.3088883447600392,0.043703873179121805,0.34266658599949273
cadd,all_1_50,5.223,0.14200000000000035,4,97,0.17675995951077672,0.0514908256880734,0.30927289792435325,0.30927289792435325,0.04329697485749705,0.3395030147156492
cadd,all_1_50,5.224,0.14100000000000001,4,96,0.17860120908901395,0.052325192088594805,0.3116623656361091,0.3116623656361091,0.04370379358187562,0.3425558195607161
cadd,all_1_50,5.226,0.13999999999999968,4,96,0.17860120908901395,0.052729722778175864,0.30163950413367896,0.30163950413367896,0.043801243397455523,0.3429858965897672
cadd,all_1_50,5.229,0.14100000000000001,4,96,0.17860120908901395,0.052811007266457134,0.3005400111178759,0.3005400111178759,0.0438507344137187,0.34327222488354436
cadd,all_1_50,5.231,0.13999999999999968,4,97,0.17675995951077672,0.052794511378848726,0.3005400111178759,0.3005400111178759,0.043351154972808593,0.33925116008191014
cadd,all_1_50,5.232,0.13900000000000023,4,96,0.17860120908901395,0.053482161999016134,0.304006775369438,0.304006775369438,0.04378397578228335,0.3428893833511304
cadd,all_1_50,5.234,0.13999999999999968,4,96,0.17860120908901395,0.053482161999016134,0.304006775369438,0.304006775369438,0.04378397578228335,0.3428893833511304
cadd,all_1_50,5.237,0.14199999999999946,4,96,0.17860120908901395,0.05442832068276586,0.2976557855100365,0.2976557855100365,0.04374985967263078,0.343251869587147
cadd,all_1_50,5.243,0.14400000000000013,4,97,0.17675995951077672,0.05383785428864668,0.2976557855100365,0.2976557855100365,0.04328545286791982,0.33950976103312275
cadd,all_1_50,5.246,0.14699999999999935,4,98,0.17495628645454428,0.052520395091725236,0.2975690276110444,0.2975690276110444,0.0428887147866033,0.33645154391128324
cadd,all_1_50,5.247,0.1459999999999999,4,96,0.17860120908901395,0.05366773185590629,0.2975690276110444,0.2975690276110444,0.04380597021985572,0.3433174600415166
cadd,all_1_50,5.252,0.14800000000000058,4,96,0.17860120908901395,0.05366773185590629,0.2975690276110444,0.2975690276110444,0.043836931196675234,0.3438816534724986
cadd,all_1_50,5.253,0.14700000000000024,4,96,0.17860120908901395,0.05366773185590629,0.2975690276110444,0.2975690276110444,0.043836931196675234,0.3438816534724986
cadd,all_1_50,5.255,0.1479999999999997,4,96,0.17860120908901395,0.05366773185590629,0.2975690276110444,0.2975690276110444,0.043836931196675234,0.3438816534724986
cadd,all_1_50,5.257,0.14999999999999947,4,97,0.17675995951077672,0.05298795939033531,0.2975690276110444,0.2975690276110444,0.04323746660380324,0.34107179870859244
cadd,all_1_50,5.265,0.14999999999999947,5,95,0.22560152727033342,0.1125765674584348,0.351878575969485,0.351878575969485,0.07951827280301178,0.4119470921032494
cadd,all_1_50,5.27,0.14700000000000024,5,96,0.22325151136126745,0.11327927651632763,0.3377936030811186,0.3377936030811186,0.0787694704099797,0.40824189152435
cadd,all_1_50,5.281,0.14400000000000013,5,97,0.2209499493884709,0.11025825537698888,0.33568075117370894,0.33568075117370894,0.07775496103332388,0.4050359736210601
cadd,all_1_50,5.283,0.14199999999999946,5,96,0.22325151136126745,0.11242309501062071,0.3365495743098493,0.3365495743098493,0.07852561519905575,0.40891944409182973
cadd,all_1_50,5.284,0.14100000000000001,5,95,0.22560152727033342,0.11529836355742805,0.3402034858345538,0.3402034858345538,0.07936363898153227,0.41359234955185664
cadd,all_1_50,5.287,0.1379999999999999,5,95,0.22560152727033342,0.11529836355742805,0.3402034858345538,0.3402034858345538,0.07936363898153227,0.41359234955185664
cadd,all_1_50,5.291,0.14000000000000057,5,95,0.22560152727033342,0.11529836355742805,0.3402034858345538,0.3402034858345538,0.07907203223300074,0.4129527821213832
cadd,all_1_50,5.294,0.14100000000000001,5,95,0.22560152727033342,0.11529836355742805,0.3402034858345538,0.3402034858345538,0.07873849574623203,0.41223781055080816
cadd,all_1_50,5.298,0.13900000000000023,5,95,0.22560152727033342,0.1181042458947619,0.32587912853625683,0.32587912853625683,0.07871860332635978,0.41383692511607034
cadd,all_1_50,5.299,0.1380000000000008,5,95,0.22560152727033342,0.1181042458947619,0.32587912853625683,0.32587912853625683,0.07871860332635978,0.41383692511607034
cadd,all_1_50,5.302,0.1379999999999999,5,97,0.2209499493884709,0.11812121266872146,0.3182335434173669,0.3182335434173669,0.07722955613507063,0.40483593110974714
cadd,all_1_50,5.307,0.14000000000000057,5,95,0.22560152727033342,0.12132667137513621,0.32843823999801636,0.32843823999801636,0.07871070783874008,0.41278128631600136
cadd,all_1_50,5.308,0.14100000000000001,5,95,0.22560152727033342,0.12132667137513621,0.32843823999801636,0.32843823999801636,0.07871070783874008,0.41278128631600136
cadd,all_1_50,5.313,0.14499999999999957,5,95,0.22560152727033342,0.11969731194940139,0.33653699466056447,0.33653699466056447,0.07871860332635978,0.41163795721335616
cadd,all_1_50,5.315,0.14500000000000046,5,95,0.22560152727033342,0.11969731194940139,0.33653699466056447,0.33653699466056447,0.07865570105917481,0.41134552631388227
cadd,all_1_50,5.316,0.1459999999999999,5,96,0.22325151136126745,0.11662815010454494,0.3332925328453737,0.3332925328453737,0.07792672100842844,0.40706911070660556
cadd,all_1_50,5.319,0.1479999999999997,4,96,0.17860120908901395,0.1052243277800821,0.250644722977095,0.250644722977095,0.04328308890362286,0.34235024296985456
cadd,all_1_50,5.325,0.14800000000000058,4,96,0.17860120908901395,0.10397408963585433,0.25702642404219944,0.25702642404219944,0.04347077723378212,0.3430719802895441
cadd,all_1_50,5.326,0.14900000000000002,4,96,0.17860120908901395,0.10397408963585433,0.25702642404219944,0.25702642404219944,0.04347077723378212,0.3430719802895441
cadd,all_1_50,5.328,0.14900000000000002,4,96,0.17860120908901395,0.10274513868329006,0.2630998866355964,0.2630998866355964,0.04343694851996044,0.34205335603803033
cadd,all_1_50,5.331,0.14900000000000002,5,97,0.2209499493884709,0.1551856262518576,0.32751247327156097,0.32751247327156097,0.07607458164425117,0.40388923000415605
cadd,all_1_50,5.333,0.14800000000000058,5,95,0.22560152727033342,0.15932449307755694,0.32751247327156097,0.32751247327156097,0.07763545681251417,0.41301539485594585
cadd,all_1_50,5.334,0.14900000000000002,5,96,0.22325151136126745,0.157004635254939,0.32751247327156097,0.32751247327156097,0.07654337532386313,0.4093642403988765
cadd,all_1_50,5.348,0.14800000000000058,5,95,0.22560152727033342,0.15976627932243373,0.3289393205171273,0.3289393205171273,0.07720983132815114,0.4134295374972289
cadd,all_1_50,5.349,0.14900000000000002,5,95,0.22560152727033342,0.15976627932243373,0.3289393205171273,0.3289393205171273,0.07720983132815114,0.4134295374972289
cadd,all_1_50,5.361,0.14900000000000002,5,95,0.22560152727033342,0.1642810382859149,0.32233217899264266,0.32233217899264266,0.07759090155277898,0.41381483324028573
cadd,all_1_50,5.362,0.1479999999999997,5,95,0.22560152727033342,0.1642810382859149,0.32233217899264266,0.32233217899264266,0.07759090155277898,0.41381483324028573
cadd,all_1_50,5.365,0.14900000000000002,5,96,0.22325151136126745,0.1611867812883778,0.32233217899264266,0.32233217899264266,0.0769238557720141,0.40915302701494966
cadd,all_1_50,5.366,0.14900000000000002,5,95,0.22560152727033342,0.1642810382859149,0.32233217899264266,0.32233217899264266,0.07757461861148612,0.41347216739406095
cadd,all_1_50,5.37,0.14700000000000024,4,97,0.17675995951077672,0.08081707573137538,0.31499207628776194,0.31499207628776194,0.04294678624526197,0.34177408641387835
cadd,all_1_50,5.371,0.1479999999999997,4,98,0.17495628645454428,0.08003874369814035,0.31499207628776194,0.31499207628776194,0.04250203022643703,0.33803308440241453
cadd,all_1_50,5.379,0.1479999999999997,4,98,0.17495628645454428,0.07966993737377859,0.29627581778618056,0.29627581778618056,0.042636871158145545,0.3364549983526153
cadd,all_1_50,5.385,0.1459999999999999,3,97,0.13256996963308254,0.041383031153479875,0.26912262449899504,0.26912262449899504,0.035893542443668894,0.2758159208162323
cadd,all_1_50,5.386,0.14499999999999957,3,97,0.13256996963308254,0.041383031153479875,0.26912262449899504,0.26912262449899504,0.035893542443668894,0.2758159208162323
cadd,all_1_50,5.393,0.14100000000000001,3,97,0.13256996963308254,0.04249879763885762,0.25337449456366684,0.25337449456366684,0.035740192967550745,0.2756986634264884
cadd,all_1_50,5.4,0.14300000000000068,2,99,0.08659452561891587,0.0,0.22378993638602157,0.22378993638602157,0.0,0.20280754843569201
cadd,all_1_50,5.407,0.14100000000000001,2,98,0.08747814322727214,0.0,0.22717327092767733,0.22717327092767733,0.0,0.20577412258809866
cadd,all_1_50,5.408,0.13999999999999968,2,98,0.08747814322727214,0.0,0.22717327092767733,0.22717327092767733,0.0,0.20577412258809866
cadd,all_1_50,5.417,0.13600000000000012,2,98,0.08747814322727214,0.0,0.23170432764567936,0.23170432764567936,0.0,0.20494052566403204
cadd,all_1_50,5.418,0.13700000000000045,2,98,0.08747814322727214,0.0,0.23170432764567936,0.23170432764567936,0.0,0.20494052566403204
cadd,all_1_50,5.419,0.13700000000000045,2,98,0.08747814322727214,0.0,0.23170432764567936,0.23170432764567936,0.0,0.20503634268919121
cadd,all_1_50,5.425,0.1379999999999999,2,98,0.08747814322727214,0.0,0.23828215778060133,0.23828215778060133,0.0,0.20507763587970906
cadd,all_1_50,5.427,0.13700000000000045,2,98,0.08747814322727214,0.0,0.2369598229797068,0.2369598229797068,0.0,0.2058396742260803
cadd,all_1_50,5.43,0.13600000000000012,2,98,0.08747814322727214,0.0,0.2369598229797068,0.2369598229797068,0.0,0.20586136811180378
cadd,all_1_50,5.434,0.1349999999999998,2,98,0.08747814322727214,0.0,0.24724301603419369,0.24724301603419369,0.0,0.20481426478463774
cadd,all_1_50,5.436,0.13600000000000012,2,98,0.08747814322727214,0.0,0.2571060911266106,0.2571060911266106,0.0,0.2050203190597993
cadd,all_1_50,5.437,0.13500000000000068,2,98,0.08747814322727214,0.0,0.2571060911266106,0.2571060911266106,0.0,0.2050203190597993
cadd,all_1_50,5.438,0.13600000000000012,2,98,0.08747814322727214,0.0,0.2571060911266106,0.2571060911266106,0.0,0.2050203190597993
cadd,all_1_50,5.439,0.13600000000000012,2,98,0.08747814322727214,0.0,0.2600433978125225,0.2600433978125225,0.0,0.20503625448411977
cadd,all_1_50,5.441,0.13400000000000034,2,98,0.08747814322727214,0.0,0.2600433978125225,0.2600433978125225,0.0,0.20503625448411977
cadd,all_1_50,5.444,0.13600000000000012,2,98,0.08747814322727214,0.0,0.2600433978125225,0.2600433978125225,0.0,0.20491163786166472
cadd,all_1_50,5.445,0.13600000000000012,2,98,0.08747814322727214,0.0,0.2572499951032925,0.2572499951032925,0.0,0.20492510752478837
cadd,all_1_50,5.451,0.13599999999999923,2,99,0.08659452561891587,0.0,0.2561751448808757,0.2561751448808757,0.0,0.20228259518595385
cadd,all_1_50,5.459,0.13399999999999945,2,98,0.08747814322727214,0.0,0.25953592087919286,0.25953592087919286,0.0,0.2039167368767799
cadd,all_1_50,5.461,0.13600000000000012,2,98,0.08747814322727214,0.0,0.25953592087919286,0.25953592087919286,0.0,0.2039167368767799
cadd,all_1_50,5.467,0.13400000000000034,2,98,0.08747814322727214,0.0,0.25779625779625776,0.25779625779625776,0.0,0.2045522579858812
cadd,all_1_50,5.469,0.13600000000000012,3,98,0.13121721484090823,0.03922661775729659,0.30387825233186055,0.30387825233186055,0.0,0.2730346016173936
cadd,all_1_50,5.47,0.13600000000000012,3,100,0.12859287054409005,0.03886302115174087,0.2888540891211931,0.2888540891211931,0.0,0.26741779994419623
cadd,all_1_50,5.477,0.12899999999999956,3,99,0.1298917884283738,0.039211579903166975,0.2888540891211931,0.2888540891211931,0.0,0.26964813052219616
cadd,all_1_50,5.48,0.12599999999999945,3,97,0.13256996963308254,0.04002933551644153,0.2900656044985942,0.2900656044985942,0.0,0.2762223950809651
cadd,all_1_50,5.483,0.12300000000000022,3,97,0.13256996963308254,0.04002933551644153,0.2900656044985942,0.2900656044985942,0.0,0.2762223950809651
cadd,all_1_50,5.484,0.12300000000000022,3,98,0.13121721484090823,0.04002933551644153,0.286136813201272,0.286136813201272,0.0,0.2727678361731047
cadd,all_1_50,5.486,0.12199999999999989,3,97,0.13256996963308254,0.0406749699602551,0.2862082916076437,0.2862082916076437,0.0,0.27590678824721376
cadd,all_1_50,5.494,0.12399999999999967,4,96,0.17860120908901395,0.043119254256711786,0.43669697545685193,0.43669697545685193,0.0437503763326884,0.34677727177917955
cadd,all_1_50,5.496,0.12599999999999945,4,97,0.17675995951077672,0.04223470132561041,0.43669697545685193,0.43669697545685193,0.04340208111152069,0.34367162891655517
cadd,all_1_50,5.501,0.12399999999999967,4,97,0.17675995951077672,0.04284858597527061,0.4183535762483131,0.4183535762483131,0.043306606187689244,0.3423669845895396
cadd,all_1_50,5.502,0.12300000000000022,4,97,0.17675995951077672,0.04284858597527061,0.4183535762483131,0.4183535762483131,0.043306606187689244,0.3423669845895396
cadd,all_1_50,5.508,0.11899999999999977,5,95,0.22560152727033342,0.043750363768110416,0.5856950067476383,0.5856950067476383,0.07963014484100493,0.4158489025447457
cadd,all_1_50,5.509,0.11799999999999944,5,95,0.22560152727033342,0.043750363768110416,0.5856950067476383,0.5856950067476383,0.07963014484100493,0.4158489025447457
cadd,all_1_50,5.51,0.11699999999999999,5,95,0.22560152727033342,0.043750363768110416,0.5856950067476383,0.5856950067476383,0.07963014484100493,0.4158489025447457
cadd,all_1_50,5.514,0.11699999999999999,5,95,0.22560152727033342,0.0440672397029562,0.5893955461293743,0.5893955461293743,0.07973173395822575,0.41513816995732516
cadd,all_1_50,5.516,0.11599999999999966,5,95,0.22560152727033342,0.0440672397029562,0.5893955461293743,0.5893955461293743,0.07973173395822575,0.41513816995732516
cadd,all_1_50,5.517,0.11699999999999999,5,95,0.22560152727033342,0.0440672397029562,0.5893955461293743,0.5893955461293743,0.07973173395822575,0.41513816995732516
cadd,all_1_50,5.519,0.11899999999999977,5,95,0.22560152727033342,0.0440672397029562,0.5893955461293743,0.5893955461293743,0.07973173395822575,0.41513816995732516
cadd,all_1_50,5.522,0.11699999999999999,5,95,0.22560152727033342,0.04415757575757575,0.5803243125742067,0.5803243125742067,0.07964411596745927,0.4145200040708048
cadd,all_1_50,5.523,0.11600000000000055,5,95,0.22560152727033342,0.04415757575757575,0.5803243125742067,0.5803243125742067,0.07964411596745927,0.4145200040708048
cadd,all_1_50,5.527,0.1200000000000001,5,96,0.22325151136126745,0.04344234413722727,0.5801312089971884,0.5801312089971884,0.07883580576059021,0.4095608401066335
cadd,all_1_50,5.531,0.12199999999999989,4,96,0.17860120908901395,0.0,0.496624550972377,0.496624550972377,0.044394305520131835,0.3460382252388134
cadd,all_1_50,5.532,0.12099999999999955,4,96,0.17860120908901395,0.0,0.496624550972377,0.496624550972377,0.044394305520131835,0.3460382252388134
cadd,all_1_50,5.533,0.11999999999999922,4,96,0.17860120908901395,0.0,0.496624550972377,0.496624550972377,0.044394305520131835,0.3460382252388134
cadd,all_1_50,5.534,0.11899999999999977,4,96,0.17860120908901395,0.0,0.496624550972377,0.496624550972377,0.044394305520131835,0.3460382252388134
cadd,all_1_50,5.535,0.11800000000000033,4,96,0.17860120908901395,0.0,0.496624550972377,0.496624550972377,0.044394305520131835,0.3460382252388134
cadd,all_1_50,5.537,0.1200000000000001,4,97,0.17675995951077672,0.0,0.49544273699969177,0.49544273699969177,0.04400460426915283,0.3425932132708155
cadd,all_1_50,5.538,0.12099999999999955,4,98,0.17495628645454428,0.0,0.4891518737672583,0.4891518737672583,0.04356404466666948,0.3390219274735412
cadd,all_1_50,5.541,0.12200000000000077,4,96,0.17860120908901395,0.0,0.503184029765312,0.503184029765312,0.044307874177416356,0.345912388623355
cadd,all_1_50,5.547,0.12199999999999989,4,97,0.17675995951077672,0.0,0.49544273699969177,0.49544273699969177,0.043799006144402235,0.3412844324279098
cadd,all_1_50,5.548,0.12199999999999989,4,96,0.17860120908901395,0.0,0.496624550972377,0.496624550972377,0.04424853938004077,0.3444886623926962
cadd,all_1_50,5.551,0.12100000000000044,4,96,0.17860120908901395,0.0,0.5048282490253306,0.5048282490253306,0.044297184760212174,0.34525239376541095
cadd,all_1_50,5.556,0.1200000000000001,4,97,0.17675995951077672,0.0,0.48724845524040844,0.48724845524040844,0.0439360658518728,0.34182460053917196
cadd,all_1_50,5.558,0.12099999999999955,4,97,0.17675995951077672,0.0,0.4731608161364881,0.4731608161364881,0.043973618387804586,0.34188892952263733
cadd,all_1_50,5.561,0.12199999999999989,4,97,0.17675995951077672,0.0,0.4702206074741902,0.4702206074741902,0.044093777048832744,0.3425058348101705
cadd,all_1_50,5.562,0.12300000000000022,4,97,0.17675995951077672,0.0,0.4702206074741902,0.4702206074741902,0.044093777048832744,0.3425058348101705
cadd,all_1_50,5.564,0.12300000000000022,4,96,0.17860120908901395,0.0,0.4729195600658787,0.4729195600658787,0.04466564955134003,0.34656666267642927
cadd,all_1_50,5.566,0.12400000000000055,5,96,0.22325151136126745,0.0,0.53076171875,0.53076171875,0.07988589370948933,0.41262062845238484
cadd,all_1_50,5.568,0.12299999999999933,5,96,0.22325151136126745,0.0,0.5491348351289586,0.5491348351289586,0.08031733066109231,0.411818087912926
cadd,all_1_50,5.569,0.12199999999999989,5,95,0.22560152727033342,0.0,0.5491348351289586,0.5491348351289586,0.08109326657612456,0.4175135508406562
cadd,all_1_50,5.572,0.12099999999999955,5,96,0.22325151136126745,0.0,0.5491348351289586,0.5491348351289586,0.08031775086830001,0.41311285088428906
cadd,all_1_50,5.575,0.11799999999999944,5,95,0.22560152727033342,0.0,0.5491348351289586,0.5491348351289586,0.08129082682142609,0.4170169912209835
cadd,all_1_50,5.579,0.11799999999999944,5,96,0.22325151136126745,0.0,0.5504195601851852,0.5504195601851852,0.08056565720732076,0.4126772118086115
cadd,all_1_50,5.581,0.11599999999999966,5,95,0.22560152727033342,0.0,0.5506736643906004,0.5506736643906004,0.0812993950109068,0.41747548089152214
cadd,all_1_50,5.585,0.11500000000000021,5,95,0.22560152727033342,0.0,0.5232931958287723,0.5232931958287723,0.08129965272822416,0.4180500974518478
cadd,all_1_50,5.587,0.11699999999999999,5,95,0.22560152727033342,0.0,0.5232931958287723,0.5232931958287723,0.08129965272822416,0.4180500974518478
cadd,all_1_50,5.592,0.11400000000000077,5,96,0.22325151136126745,0.0,0.5133137829912024,0.5133137829912024,0.0801781182588071,0.41248727536987884
cadd,all_1_50,5.598,0.11500000000000021,4,96,0.17860120908901395,0.0,0.37999849095289606,0.37999849095289606,0.043884181391733924,0.3478757190106792
cadd,all_1_50,5.599,0.11599999999999966,4,97,0.17675995951077672,0.0,0.379657117988094,0.379657117988094,0.04339894128177936,0.34348809128483576
cadd,all_1_50,5.601,0.11699999999999999,4,96,0.17860120908901395,0.0,0.379657117988094,0.379657117988094,0.04386072343961104,0.3480382255320423
cadd,all_1_50,5.605,0.11599999999999966,4,96,0.17860120908901395,0.0,0.3688703816936868,0.3688703816936868,0.04385127472400735,0.34776617836108564
cadd,all_1_50,5.606,0.11500000000000021,4,96,0.17860120908901395,0.0,0.3688703816936868,0.3688703816936868,0.04385127472400735,0.34776617836108564
cadd,all_1_50,5.607,0.11399999999999988,4,96,0.17860120908901395,0.0,0.3688703816936868,0.3688703816936868,0.04385127472400735,0.34776617836108564
cadd,all_1_50,5.608,0.11399999999999988,4,96,0.17860120908901395,0.0,0.3688703816936868,0.3688703816936868,0.04385127472400735,0.34776617836108564
cadd,all_1_50,5.609,0.11500000000000021,5,96,0.22325151136126745,0.06234786356789291,0.43178535420538283,0.43178535420538283,0.07918341354413037,0.41243056698555414
cadd,all_1_50,5.61,0.11399999999999988,5,95,0.22560152727033342,0.06438514257633993,0.434883182974786,0.434883182974786,0.08048222873968612,0.4160561660561661
cadd,all_1_50,5.612,0.11500000000000021,5,95,0.22560152727033342,0.06534939625105951,0.43407463823305403,0.43407463823305403,0.07995383518236882,0.41659082626941546
cadd,all_1_50,5.622,0.11600000000000055,5,96,0.22325151136126745,0.06534939625105951,0.4166148223289731,0.4166148223289731,0.07918927278159191,0.4117809121985764
cadd,all_1_50,5.625,0.11500000000000021,5,95,0.22560152727033342,0.06476827848904879,0.42556337081671963,0.42556337081671963,0.07976259376584732,0.41500800746401395
cadd,all_1_50,5.627,0.11600000000000055,5,96,0.22325151136126745,0.06350856818764938,0.4221968217329546,0.4221968217329546,0.0788296464436752,0.41236589016351016
cadd,all_1_50,5.631,0.11399999999999988,5,95,0.22560152727033342,0.06354623549868936,0.4221968217329546,0.4221968217329546,0.07946815500762677,0.4161670203206563
cadd,all_1_50,5.639,0.11699999999999999,6,94,0.2736018522214682,0.061414944223212864,0.5444365246098439,0.5444365246098439,0.09706524358489087,0.4868221515261428
cadd,all_1_50,5.647,0.1200000000000001,6,95,0.2707218327244001,0.05829249821614743,0.5547628315702656,0.5547628315702656,0.09585430598213823,0.4811584672106103
cadd,all_1_50,5.648,0.12099999999999955,6,95,0.2707218327244001,0.05829249821614743,0.5547628315702656,0.5547628315702656,0.09585430598213823,0.4811584672106103
cadd,all_1_50,5.653,0.12199999999999989,6,94,0.2736018522214682,0.06236945335982475,0.5701807228915663,0.5701807228915663,0.0968640835495405,0.4870954764600873
cadd,all_1_50,5.656,0.125,6,96,0.26790181363352095,0.06234786356789291,0.5695643642072213,0.5695643642072213,0.09473884182037295,0.4758012099741465
cadd,all_1_50,5.659,0.12699999999999978,6,95,0.2707218327244001,0.061768607415385014,0.5802004344983951,0.5802004344983951,0.0958897175190517,0.48101699516099616
cadd,all_1_50,5.663,0.12699999999999978,7,93,0.32263444222531557,0.09028790995398432,0.697341965855226,0.697341965855226,0.13322461720142056,0.5569494063613546
cadd,all_1_50,5.668,0.125,7,93,0.32263444222531557,0.09225115947005781,0.6669970927275211,0.6669970927275211,0.1330894686201687,0.5553814841923921
cadd,all_1_50,5.67,0.12300000000000022,7,93,0.32263444222531557,0.09225115947005781,0.6669970927275211,0.6669970927275211,0.1330894686201687,0.5553814841923921
cadd,all_1_50,5.672,0.125,7,93,0.32263444222531557,0.09225115947005781,0.6669970927275211,0.6669970927275211,0.1330894686201687,0.5553814841923921
cadd,all_1_50,5.674,0.125,7,93,0.32263444222531557,0.09333299105332996,0.651543594328774,0.651543594328774,0.13318575795410498,0.5570567432024219
cadd,all_1_50,5.675,0.12400000000000055,7,93,0.32263444222531557,0.09333299105332996,0.651543594328774,0.651543594328774,0.13318575795410498,0.5570567432024219
cadd,all_1_50,5.676,0.12399999999999967,7,94,0.3192021609250463,0.0903496017537951,0.6494990723562152,0.6494990723562152,0.13130228125633658,0.5511948722770247
cadd,all_1_50,5.679,0.12100000000000044,7,93,0.32263444222531557,0.09140443505807813,0.6601240198841798,0.6601240198841798,0.13305727385509836,0.5558727017520366
cadd,all_1_50,5.68,0.12199999999999989,7,94,0.3192021609250463,0.09137177244704991,0.655893276350145,0.655893276350145,0.13161959511750007,0.5495156344877611
cadd,all_1_50,5.686,0.12399999999999967,7,94,0.3192021609250463,0.09058971303328708,0.6534196241546194,0.6534196241546194,0.1312083121115655,0.5501632073304602
cadd,all_1_50,5.69,0.12400000000000055,7,93,0.32263444222531557,0.09058971303328708,0.6619287120052482,0.6619287120052482,0.13231266287286983,0.5578251255891422
cadd,all_1_50,5.691,0.12400000000000055,7,94,0.3192021609250463,0.08974213296905612,0.6718508057185133,0.6718508057185133,0.13120001103942053,0.5518145080843638
cadd,all_1_50,5.693,0.12399999999999967,7,93,0.32263444222531557,0.09014890622755181,0.6891401886779416,0.6891401886779416,0.1326162078488998,0.5575803082278591
cadd,all_1_50,5.695,0.12599999999999945,7,95,0.3158421381784668,0.08843092227674954,0.6833979933110368,0.6833979933110368,0.13015094306815525,0.545030271819405
cadd,all_1_50,5.697,0.125,7,93,0.32263444222531557,0.09014890622755181,0.6891401886779416,0.6891401886779416,0.13312338903936294,0.5564037374960055
cadd,all_1_50,5.698,0.125,7,93,0.32263444222531557,0.08926896062073687,0.6849285583811618,0.6849285583811618,0.13322866350665946,0.55584175299136
cadd,all_1_50,5.699,0.12400000000000055,7,93,0.32263444222531557,0.08926896062073687,0.6849285583811618,0.6849285583811618,0.13322866350665946,0.55584175299136
cadd,all_1_50,5.705,0.12600000000000033,7,93,0.32263444222531557,0.09087741036165105,0.6640928620340293,0.6640928620340293,0.1329218324984708,0.5553095755002448
cadd,all_1_50,5.706,0.12599999999999945,7,93,0.32263444222531557,0.09254488578113088,0.6544204253089707,0.6544204253089707,0.13318125306306966,0.5555327533174013
cadd,all_1_50,5.712,0.12700000000000067,7,93,0.32263444222531557,0.09340178287169691,0.6510868956244048,0.6510868956244048,0.1329730434056908,0.5550850186371206
cadd,all_1_50,5.715,0.1280000000000001,7,93,0.32263444222531557,0.09170356863766606,0.6435068760867378,0.6435068760867378,0.13267086371546352,0.5549782859917557
cadd,all_1_50,5.72,0.1280000000000001,7,94,0.3192021609250463,0.09087741036165105,0.6323009769278737,0.6323009769278737,0.1312857514948004,0.5492705615460654
cadd,all_1_50,5.721,0.12900000000000045,7,94,0.3192021609250463,0.09087741036165105,0.6323009769278737,0.6323009769278737,0.1312857514948004,0.5492705615460654
cadd,all_1_50,5.724,0.1299999999999999,7,93,0.32263444222531557,0.0942746967303109,0.6420237937559697,0.6420237937559697,0.13267640994765556,0.5558350703959238
cadd,all_1_50,5.727,0.12900000000000045,7,93,0.32263444222531557,0.0942746967303109,0.6420237937559697,0.6420237937559697,0.13267640994765556,0.5558350703959238
cadd,all_1_50,5.731,0.12900000000000045,7,93,0.32263444222531557,0.09339973568412217,0.6251946117917824,0.6251946117917824,0.13353034656827195,0.5595359700924013
cadd,all_1_50,5.738,0.13100000000000023,6,94,0.2736018522214682,0.06793348574445134,0.5738392978384584,0.5738392978384584,0.09535142833730127,0.4878520765782948
cadd,all_1_50,5.739,0.13199999999999967,6,95,0.2707218327244001,0.06787039057597387,0.5738392978384584,0.5738392978384584,0.09463530852108909,0.48072009893203926
cadd,all_1_50,5.743,0.133,6,94,0.2736018522214682,0.06924253224745369,0.5578609868604977,0.5578609868604977,0.0953567932678494,0.48467814683574223
cadd,all_1_50,5.745,0.133,5,96,0.22325151136126745,0.06829893601860357,0.4510380673684175,0.4510380673684175,0.07733290854524522,0.4154958210209404
cadd,all_1_50,5.748,0.1299999999999999,5,95,0.22560152727033342,0.06917782434164294,0.4523315799623087,0.4523315799623087,0.07807371690467486,0.41933507489348554
cadd,all_1_50,5.751,0.12799999999999923,5,95,0.22560152727033342,0.06917782434164294,0.4523315799623087,0.4523315799623087,0.0781746027132806,0.4198315124879331
cadd,all_1_50,5.752,0.12699999999999978,5,95,0.22560152727033342,0.06917782434164294,0.4523315799623087,0.4523315799623087,0.0781746027132806,0.4198315124879331
cadd,all_1_50,5.757,0.13199999999999967,5,95,0.22560152727033342,0.06917782434164294,0.4523315799623087,0.4523315799623087,0.0781746027132806,0.4198315124879331
cadd,all_1_50,5.761,0.1349999999999998,5,95,0.22560152727033342,0.06791218947165287,0.4475503056291699,0.4475503056291699,0.07865233472029588,0.4200438022475098
cadd,all_1_50,5.765,0.1379999999999999,5,95,0.22560152727033342,0.06791218947165287,0.4475503056291699,0.4475503056291699,0.07865233472029588,0.4200438022475098
cadd,all_1_50,5.77,0.1429999999999998,5,97,0.2209499493884709,0.0666525155123985,0.43760000000000004,0.43760000000000004,0.07656847648548208,0.41044173318828187
cadd,all_1_50,5.779,0.1379999999999999,4,96,0.17860120908901395,0.04435129191863661,0.3692286708040647,0.3692286708040647,0.0432708598488502,0.3469255419961429
cadd,all_1_50,5.78,0.13699999999999957,4,96,0.17860120908901395,0.04435129191863661,0.3692286708040647,0.3692286708040647,0.0432708598488502,0.3469255419961429
cadd,all_1_50,5.782,0.1349999999999998,4,96,0.17860120908901395,0.04435129191863661,0.3692286708040647,0.3692286708040647,0.0432708598488502,0.3469255419961429
cadd,all_1_50,5.786,0.1379999999999999,4,97,0.17675995951077672,0.04435129191863661,0.3639367707909497,0.3639367707909497,0.042780183139245545,0.34307246696819027
cadd,all_1_50,5.788,0.13600000000000012,4,96,0.17860120908901395,0.04466762246760208,0.3692286708040647,0.3692286708040647,0.04322998781753619,0.34650402550087633
cadd,all_1_50,5.79,0.13600000000000012,4,96,0.17860120908901395,0.04466762246760208,0.3692286708040647,0.3692286708040647,0.04339599867724868,0.34517946297162283
cadd,all_1_50,5.793,0.13400000000000034,4,96,0.17860120908901395,0.04466762246760208,0.3692286708040647,0.3692286708040647,0.043396266336476585,0.34738314559847283
cadd,all_1_50,5.798,0.13199999999999967,4,96,0.17860120908901395,0.04466762246760208,0.3692286708040647,0.3692286708040647,0.04326993347431524,0.34657965314773237
cadd,all_1_50,5.799,0.13100000000000023,4,96,0.17860120908901395,0.04466762246760208,0.3692286708040647,0.3692286708040647,0.04326993347431524,0.34657965314773237
cadd,all_1_50,5.8,0.13199999999999967,4,99,0.17318905123783174,0.04342837000362647,0.36042987048773767,0.36042987048773767,0.041957338820007545,0.3359850644979102
cadd,all_1_50,5.802,0.13000000000000078,4,96,0.17860120908901395,0.04345137818559805,0.3807318684994913,0.3807318684994913,0.04336348040151146,0.34816469296451324
cadd,all_1_50,5.803,0.13100000000000023,4,97,0.17675995951077672,0.042699413951938686,0.3768803827751196,0.3768803827751196,0.04292891642111508,0.3442305920026631
cadd,all_1_50,5.805,0.13099999999999934,4,96,0.17860120908901395,0.04316806420655571,0.37705504442759236,0.37705504442759236,0.04328265651477381,0.34827185346083217
cadd,all_1_50,5.81,0.13200000000000056,4,96,0.17860120908901395,0.04345137818559805,0.3837629263094309,0.3837629263094309,0.04326951295446903,0.34782507415927033
cadd,all_1_50,5.812,0.133,4,96,0.17860120908901395,0.04345137818559805,0.3837629263094309,0.3837629263094309,0.04326951295446903,0.34782507415927033
cadd,all_1_50,5.815,0.13399999999999945,4,96,0.17860120908901395,0.045488457019964394,0.3687853386443289,0.3687853386443289,0.04335059875078073,0.3467234525429577
cadd,all_1_50,5.82,0.13400000000000034,4,96,0.17860120908901395,0.045488457019964394,0.3687853386443289,0.3687853386443289,0.04335059875078073,0.3467234525429577
cadd,all_1_50,5.821,0.1349999999999998,4,96,0.17860120908901395,0.045488457019964394,0.3687853386443289,0.3687853386443289,0.04335059875078073,0.3467234525429577
cadd,all_1_50,5.823,0.1349999999999998,4,96,0.17860120908901395,0.045233290635024216,0.37432720175075407,0.37432720175075407,0.04340379650688662,0.34757023832858625
cadd,all_1_50,5.828,0.13699999999999957,3,99,0.1298917884283738,0.0,0.32748289189093355,0.32748289189093355,0.0,0.2712988971567044
cadd,all_1_50,5.832,0.13600000000000012,3,97,0.13256996963308254,0.0,0.3302815842411067,0.3302815842411067,0.0,0.2774088071388187
cadd,all_1_50,5.839,0.13400000000000034,3,97,0.13256996963308254,0.0,0.32996808031221664,0.32996808031221664,0.0,0.2767885553597774
cadd,all_1_50,5.84,0.1349999999999998,3,97,0.13256996963308254,0.0,0.32996808031221664,0.32996808031221664,0.0,0.2767885553597774
cadd,all_1_50,5.845,0.133,3,98,0.13121721484090823,0.0,0.3242750710189205,0.3242750710189205,0.0,0.2747748331671776
cadd,all_1_50,5.848,0.13200000000000056,3,97,0.13256996963308254,0.0,0.31740672088497535,0.31740672088497535,0.0,0.2778316703663185
cadd,all_1_50,5.854,0.1299999999999999,3,98,0.13121721484090823,0.0,0.3221022914044655,0.3221022914044655,0.0,0.27482865633703113
cadd,all_1_50,5.857,0.1299999999999999,2,99,0.08659452561891587,0.0,0.19747340425531915,0.19747340425531915,0.0,0.20330235490454182
cadd,all_1_50,5.858,0.12900000000000045,2,98,0.08747814322727214,0.0,0.1975158191206522,0.1975158191206522,0.0,0.20535062117594535
cadd,all_1_50,5.86,0.1280000000000001,2,98,0.08747814322727214,0.0,0.1975158191206522,0.1975158191206522,0.0,0.20584447776891276
cadd,all_1_50,5.866,0.12700000000000067,2,98,0.08747814322727214,0.0,0.2023010762372225,0.2023010762372225,0.0,0.20582640548850767
cadd,all_1_50,5.867,0.12699999999999978,2,98,0.08747814322727214,0.0,0.2059648893819748,0.2059648893819748,0.0,0.2053795580160334
cadd,all_1_50,5.868,0.12599999999999945,2,98,0.08747814322727214,0.0,0.2059648893819748,0.2059648893819748,0.0,0.2053795580160334
cadd,all_1_50,5.871,0.1280000000000001,2,99,0.08659452561891587,0.0,0.2010008909952558,0.2010008909952558,0.0,0.20341751462119642
cadd,all_1_50,5.876,0.13100000000000023,2,98,0.08747814322727214,0.0,0.20824711794265444,0.20824711794265444,0.0,0.2065259661141014
cadd,all_1_50,5.877,0.13100000000000023,3,97,0.13256996963308254,0.04527644146970648,0.23431445362955308,0.23431445362955308,0.0,0.2748487392886674
cadd,all_1_50,5.878,0.1299999999999999,3,97,0.13256996963308254,0.04527644146970648,0.23431445362955308,0.23431445362955308,0.0,0.2748487392886674
cadd,all_1_50,5.879,0.13000000000000078,3,97,0.13256996963308254,0.04527644146970648,0.23731848508634223,0.23731848508634223,0.0,0.27445507989015544
cadd,all_1_50,5.892,0.12700000000000067,2,98,0.08747814322727214,0.0,0.1780943931499513,0.1780943931499513,0.0,0.20269450265172884
cadd,all_1_50,5.896,0.12699999999999978,2,98,0.08747814322727214,0.0,0.1719164709873246,0.1719164709873246,0.0,0.20425909595487782
cadd,all_1_50,5.906,0.12599999999999945,2,98,0.08747814322727214,0.0,0.16721415990492,0.16721415990492,0.0,0.2041156675303017
cadd,all_1_50,5.913,0.12300000000000022,2,98,0.08747814322727214,0.0,0.1613415754325861,0.1613415754325861,0.0,0.20412138154344006
cadd,all_1_50,5.916,0.12399999999999967,1,100,0.042864290181363354,0.0,0.09107315236210309,0.09107315236210309,0.0,0.12615958532738047
cadd,all_1_50,5.917,0.12399999999999967,2,100,0.08572858036272671,0.0,0.15072861865077516,0.15072861865077516,0.0,0.2000589155366532
cadd,all_1_50,5.923,0.12399999999999967,2,98,0.08747814322727214,0.0,0.15277906234682306,0.15277906234682306,0.0,0.2038047550492887
cadd,all_1_50,5.924,0.125,2,99,0.08659452561891587,0.0,0.15186014050311408,0.15186014050311408,0.0,0.20174243265738012
cadd,all_1_50,5.926,0.12600000000000033,2,98,0.08747814322727214,0.0,0.1527566751077347,0.1527566751077347,0.0,0.20470191686883968
cadd,all_1_50,5.927,0.12699999999999978,2,100,0.08572858036272671,0.0,0.14934096830367355,0.14934096830367355,0.0,0.20029758880486984
cadd,all_1_50,5.929,0.12700000000000067,2,98,0.08747814322727214,0.0,0.15549402789248176,0.15549402789248176,0.0,0.20429723743400016
cadd,all_1_50,5.93,0.1280000000000001,2,101,0.08487978253735316,0.0,0.15153214124227643,0.15153214124227643,0.0,0.19815853268680983
cadd,all_1_50,5.931,0.12699999999999978,2,99,0.08659452561891587,0.0,0.1551256458041796,0.1551256458041796,0.0,0.2022742461176386
cadd,all_1_50,5.932,0.12599999999999945,2,98,0.08747814322727214,0.0,0.15529901249213948,0.15529901249213948,0.0,0.2040828416388237
cadd,all_1_50,5.934,0.12400000000000055,2,98,0.08747814322727214,0.0,0.15529901249213948,0.15529901249213948,0.0,0.2040828416388237
cadd,all_1_50,5.938,0.12599999999999945,2,98,0.08747814322727214,0.0,0.15234935648572975,0.15234935648572975,0.0,0.20411566753030166
cadd,all_1_50,5.941,0.12899999999999956,2,100,0.08572858036272671,0.0,0.14933889270435768,0.14933889270435768,0.0,0.2003732901861767
cadd,all_1_50,5.942,0.1280000000000001,2,99,0.08659452561891587,0.0,0.15076049556228258,0.15076049556228258,0.0,0.20251638886439136
cadd,all_1_50,5.947,0.12600000000000033,2,100,0.08572858036272671,0.0,0.15369136770378844,0.15369136770378844,0.0,0.1995433700047521
cadd,all_1_50,5.949,0.12400000000000055,2,98,0.08747814322727214,0.0,0.15585980662003845,0.15585980662003845,0.0,0.20407593055193912
cadd,all_1_50,5.958,0.11800000000000033,2,98,0.08747814322727214,0.0,0.1526974998781617,0.1526974998781617,0.0,0.20344822860861014
cadd,all_1_50,5.96,0.1200000000000001,2,98,0.08747814322727214,0.0,0.1526974998781617,0.1526974998781617,0.0,0.20344822860861014
cadd,all_1_50,5.963,0.1200000000000001,2,98,0.08747814322727214,0.0,0.15610442070924752,0.15610442070924752,0.0,0.2042097227495342
cadd,all_1_50,5.965,0.1200000000000001,2,98,0.08747814322727214,0.0,0.15610442070924752,0.15610442070924752,0.0,0.2042097227495342
cadd,all_1_50,5.968,0.12100000000000044,2,99,0.08659452561891587,0.0,0.1512434149364735,0.1512434149364735,0.0,0.20202093235932472
cadd,all_1_50,5.969,0.1200000000000001,2,98,0.08747814322727214,0.0,0.15263659980593616,0.15263659980593616,0.0,0.20403302855689298
cadd,all_1_50,5.972,0.11799999999999944,2,99,0.08659452561891587,0.0,0.151524766437511,0.151524766437511,0.0,0.20169870099335804
cadd,all_1_50,5.976,0.11899999999999977,2,101,0.08487978253735316,0.0,0.14619244847138876,0.14619244847138876,0.0,0.19846180736014815
cadd,all_1_50,5.977,0.11799999999999944,2,98,0.08747814322727214,0.0,0.14859398495324838,0.14859398495324838,0.0,0.20499366624453422
cadd,all_1_50,5.978,0.11799999999999944,2,98,0.08747814322727214,0.0,0.14859398495324838,0.14859398495324838,0.0,0.20499366624453422
cadd,all_1_50,5.98,0.11799999999999944,2,98,0.08747814322727214,0.0,0.15128899591504857,0.15128899591504857,0.0,0.20503625448411977
cadd,all_1_50,5.982,0.11600000000000055,2,98,0.08747814322727214,0.0,0.15128899591504857,0.15128899591504857,0.0,0.20503625448411977
cadd,all_1_50,5.984,0.11800000000000033,2,99,0.08659452561891587,0.0,0.1473465704259614,0.1473465704259614,0.0,0.20250671883921437
cadd,all_1_50,5.987,0.11899999999999977,4,97,0.17675995951077672,0.059835590998463244,0.24318128196223143,0.24318128196223143,0.043666945352010655,0.341032998060165
cadd,all_1_50,5.988,0.11799999999999944,4,96,0.17860120908901395,0.060033514872224546,0.24792619897081267,0.24792619897081267,0.04405254469059398,0.34448078734062454
cadd,all_1_50,5.992,0.1200000000000001,4,96,0.17860120908901395,0.06075984990619137,0.24446021336351126,0.24446021336351126,0.04416256398571345,0.345244480395093
cadd,all_1_50,5.993,0.11899999999999977,4,96,0.17860120908901395,0.06075984990619137,0.24446021336351126,0.24446021336351126,0.04416256398571345,0.345244480395093
cadd,all_1_50,5.994,0.11800000000000033,4,96,0.17860120908901395,0.06075984990619137,0.24446021336351126,0.24446021336351126,0.04416256398571345,0.345244480395093
cadd,all_1_50,5.997,0.1200000000000001,5,98,0.21869535806818036,0.06075984990619137,0.3037333959017705,0.3037333959017705,0.07882895002569215,0.4050797593552923
cadd,all_1_50,6.005,0.11299999999999955,5,96,0.22325151136126745,0.0646813261423196,0.3071669674051005,0.3071669674051005,0.08070938935575114,0.4135907722213037
cadd,all_1_50,6.008,0.11099999999999977,5,95,0.22560152727033342,0.0646813261423196,0.31160602860708453,0.31160602860708453,0.08112398681517144,0.41729539641943725
cadd,all_1_50,6.009,0.10999999999999943,5,95,0.22560152727033342,0.0646813261423196,0.31160602860708453,0.31160602860708453,0.08112398681517144,0.41729539641943725
cadd,all_1_50,6.011,0.10799999999999965,5,95,0.22560152727033342,0.0646813261423196,0.31160602860708453,0.31160602860708453,0.08112398681517144,0.41729539641943725
cadd,all_1_50,6.014,0.10599999999999987,5,95,0.22560152727033342,0.0646813261423196,0.31160602860708453,0.31160602860708453,0.08097080903145586,0.4182790711126717
cadd,all_1_50,6.016,0.10400000000000009,5,95,0.22560152727033342,0.0646813261423196,0.31160602860708453,0.31160602860708453,0.08097080903145586,0.4182790711126717
cadd,all_1_50,6.017,0.10400000000000009,5,96,0.22325151136126745,0.06377561130265921,0.3075145493345082,0.3075145493345082,0.08033455093716985,0.41309293622129634
cadd,all_1_50,6.02,0.10299999999999976,5,95,0.22560152727033342,0.0652225758347529,0.3073052486325313,0.3073052486325313,0.08125099349359828,0.417073900733326
cadd,all_1_50,6.023,0.10099999999999998,5,95,0.22560152727033342,0.0646537826552121,0.3109696329040938,0.3109696329040938,0.08108268182895048,0.41658552335586047
cadd,all_1_50,6.027,0.10199999999999942,5,95,0.22560152727033342,0.06432834721096456,0.3142813848440679,0.3142813848440679,0.08103707376641522,0.4162660344754395
cadd,all_1_50,6.028,0.10199999999999942,5,95,0.22560152727033342,0.06432834721096456,0.3142813848440679,0.3142813848440679,0.08103707376641522,0.4162660344754395
cadd,all_1_50,6.033,0.10400000000000009,5,95,0.22560152727033342,0.06749112836521785,0.30826537765957635,0.30826537765957635,0.08118153703286256,0.4170712280189594
cadd,all_1_50,6.036,0.10600000000000076,6,95,0.2707218327244001,0.1220424611581921,0.3694331093678545,0.3694331093678545,0.09751195536798778,0.48114637528557364
cadd,all_1_50,6.037,0.10599999999999987,6,95,0.2707218327244001,0.1220424611581921,0.3694331093678545,0.3694331093678545,0.09710772107267568,0.4810249897232118
cadd,all_1_50,6.04,0.10799999999999965,6,95,0.2707218327244001,0.12261494252873564,0.3648689011045406,0.3648689011045406,0.09734984186214503,0.4803420703863145
cadd,all_1_50,6.041,0.10799999999999965,6,95,0.2707218327244001,0.12137732464835269,0.36340740708812264,0.36340740708812264,0.09657716580787172,0.48233731709429684
cadd,all_1_50,6.044,0.10599999999999987,6,95,0.2707218327244001,0.11956572278792951,0.36603585109296477,0.36603585109296477,0.09658620934400473,0.4822459331686097
cadd,all_1_50,6.046,0.10500000000000043,6,94,0.2736018522214682,0.11956572278792951,0.37311963593573183,0.37311963593573183,0.097523457885011,0.48749820484944945
cadd,all_1_50,6.049,0.10599999999999987,7,93,0.32263444222531557,0.19667688796976396,0.4187476728484198,0.4187476728484198,0.1358958958958959,0.557114913210333
cadd,all_1_50,6.053,0.10599999999999987,7,93,0.32263444222531557,0.19667688796976396,0.4187476728484198,0.4187476728484198,0.1358958958958959,0.557114913210333
cadd,all_1_50,6.054,0.1070000000000002,7,93,0.32263444222531557,0.19667688796976396,0.4187476728484198,0.4187476728484198,0.1358958958958959,0.557114913210333
cadd,all_1_50,6.058,0.11000000000000032,7,93,0.32263444222531557,0.19339242546333604,0.4233986935804652,0.4233986935804652,0.13526145052871447,0.5568533531319259
cadd,all_1_50,6.062,0.10699999999999932,7,95,0.3158421381784668,0.19764259387658284,0.4043185423263378,0.4043185423263378,0.1326889987980614,0.5434264845982851
cadd,all_1_50,6.07,0.1070000000000002,7,93,0.32263444222531557,0.19764259387658284,0.42237942122186495,0.42237942122186495,0.13523250057470895,0.5572332890035497
cadd,all_1_50,6.071,0.10799999999999965,7,93,0.32263444222531557,0.19764259387658284,0.42237942122186495,0.42237942122186495,0.13523250057470895,0.5572332890035497
cadd,all_1_50,6.073,0.11000000000000032,7,93,0.32263444222531557,0.19764259387658284,0.42237942122186495,0.42237942122186495,0.13523250057470895,0.5572332890035497
cadd,all_1_50,6.075,0.1120000000000001,7,93,0.32263444222531557,0.19764259387658284,0.42237942122186495,0.42237942122186495,0.13523250057470895,0.5572332890035497
cadd,all_1_50,6.076,0.11299999999999955,7,93,0.32263444222531557,0.19764259387658284,0.42237942122186495,0.42237942122186495,0.13523250057470895,0.5572332890035497
cadd,all_1_50,6.083,0.11099999999999977,7,93,0.32263444222531557,0.2037239044574008,0.4061213325271371,0.4061213325271371,0.1354626198757911,0.5578838451973557
cadd,all_1_50,6.089,0.1120000000000001,7,93,0.32263444222531557,0.2016806722689076,0.4112,0.4112,0.13554201856890866,0.5601619546233234
cadd,all_1_50,6.09,0.11299999999999955,7,94,0.3192021609250463,0.1988400994200497,0.4054163627171191,0.4054163627171191,0.13413792529726398,0.552126194837592
cadd,all_1_50,6.094,0.11399999999999988,7,93,0.32263444222531557,0.21071115013169447,0.40106077981651383,0.40106077981651383,0.1349560416557643,0.5605781424249446
cadd,all_1_50,6.095,0.11399999999999988,7,93,0.32263444222531557,0.21636395087355131,0.39698903422118637,0.39698903422118637,0.1353051810311031,0.5601163193820441
cadd,all_1_50,6.098,0.11399999999999988,7,93,0.32263444222531557,0.21071115013169447,0.39977777777777784,0.39977777777777784,0.135231291610616,0.5616393970684767
cadd,all_1_50,6.102,0.11800000000000033,7,94,0.3192021609250463,0.20460358056265984,0.39977777777777784,0.39977777777777784,0.13374256110828284,0.5540801542972404
cadd,all_1_50,6.103,0.11899999999999977,7,94,0.3192021609250463,0.20460358056265984,0.39977777777777784,0.39977777777777784,0.13374256110828284,0.5540801542972404
cadd,all_1_50,6.105,0.11899999999999977,7,93,0.32263444222531557,0.20761245674740486,0.40505745499977186,0.40505745499977186,0.13563602958318152,0.5596281997875975
cadd,all_1_50,6.106,0.11899999999999977,7,95,0.3158421381784668,0.2016806722689076,0.39077553033396806,0.39077553033396806,0.13241416187680985,0.5486990048185776
cadd,all_1_50,6.112,0.11800000000000033,7,93,0.32263444222531557,0.20460358056265984,0.4054163627171191,0.4054163627171191,0.13556998319216954,0.5604476538344683
cadd,all_1_50,6.113,0.11899999999999977,7,94,0.3192021609250463,0.20460358056265984,0.39977777777777784,0.39977777777777784,0.13414307797557531,0.5545453617039652
cadd,all_1_50,6.117,0.11800000000000033,7,93,0.32263444222531557,0.2016806722689076,0.41119392347230155,0.41119392347230155,0.13531016466996054,0.5584025155193
cadd,all_1_50,6.118,0.11699999999999999,7,93,0.32263444222531557,0.2016806722689076,0.41119392347230155,0.41119392347230155,0.13531016466996054,0.5584025155193
cadd,all_1_50,6.119,0.11600000000000055,7,93,0.32263444222531557,0.2016806722689076,0.41119392347230155,0.41119392347230155,0.13531016466996054,0.5584025155193
cadd,all_1_50,6.12,0.11500000000000021,7,93,0.32263444222531557,0.2016806722689076,0.41119392347230155,0.41119392347230155,0.13531016466996054,0.5584025155193
cadd,all_1_50,6.121,0.11599999999999966,7,94,0.3192021609250463,0.2016806722689076,0.40505745499977186,0.40505745499977186,0.1342014046240931,0.5527861770356706
cadd,all_1_50,6.122,0.11500000000000021,7,93,0.32263444222531557,0.2016806722689076,0.4112,0.4112,0.13562065698041692,0.5577084036274677
cadd,all_1_50,6.124,0.11499999999999932,6,94,0.2736018522214682,0.19188401173266328,0.36299615877080665,0.36299615877080665,0.09981193030226179,0.4855749196073103
cadd,all_1_50,6.127,0.11500000000000021,6,94,0.2736018522214682,0.19500406173842405,0.35540385844285455,0.35540385844285455,0.09975895198064744,0.48407730726386733
cadd,all_1_50,6.129,0.11400000000000077,6,94,0.2736018522214682,0.19367110129455112,0.3612309565155123,0.3612309565155123,0.10010774500135391,0.48333490269930945
cadd,all_1_50,6.131,0.11500000000000021,6,96,0.26790181363352095,0.19192023026315788,0.34422049538610977,0.34422049538610977,0.0974144939259835,0.4740749096101844
cadd,all_1_50,6.136,0.11300000000000043,6,94,0.2736018522214682,0.20199664281296933,0.34260736790572455,0.34260736790572455,0.09901779307409025,0.483507151289283
cadd,all_1_50,6.142,0.10899999999999999,6,94,0.2736018522214682,0.20465449337629787,0.3403930412374173,0.3403930412374173,0.10002722770490012,0.4826965864672757
cadd,all_1_50,6.143,0.10999999999999943,6,94,0.2736018522214682,0.20465449337629787,0.3403930412374173,0.3403930412374173,0.10002722770490012,0.4826965864672757
cadd,all_1_50,6.146,0.11299999999999955,6,94,0.2736018522214682,0.20465449337629787,0.3403930412374173,0.3403930412374173,0.10002722770490012,0.4826965864672757
cadd,all_1_50,6.149,0.11399999999999988,6,94,0.2736018522214682,0.20765812828557262,0.34228266466925705,0.34228266466925705,0.10030109694510721,0.4822076045830918
cadd,all_1_50,6.15,0.11400000000000077,6,95,0.2707218327244001,0.20526743340886744,0.3381720544983806,0.3381720544983806,0.09949782031884608,0.4781123658162554
cadd,all_1_50,6.155,0.11500000000000021,7,94,0.3192021609250463,0.22228514373273,0.44845192829983704,0.44845192829983704,0.13453581007704718,0.5448396745748298
cadd,all_1_50,6.167,0.11399999999999988,6,94,0.2736018522214682,0.13102872709288516,0.4252789984508868,0.4252789984508868,0.0995974570625584,0.4803887752556745
cadd,all_1_50,6.168,0.11500000000000021,6,94,0.2736018522214682,0.13102872709288516,0.4252789984508868,0.4252789984508868,0.0995974570625584,0.4803887752556745
cadd,all_1_50,6.169,0.11599999999999966,6,95,0.2707218327244001,0.13048377403846156,0.42213743385228925,0.42213743385228925,0.09880934246238894,0.47374672129058054
cadd,all_1_50,6.19,0.11699999999999999,7,95,0.3158421381784668,0.14751311943326212,0.4367423031852562,0.4367423031852562,0.1318216466704213,0.5363886571336733
cadd,all_1_50,6.192,0.11899999999999977,7,95,0.3158421381784668,0.14751311943326212,0.4367423031852562,0.4367423031852562,0.1318216466704213,0.5363886571336733
cadd,all_1_50,6.194,0.11899999999999977,7,94,0.3192021609250463,0.14298153953326367,0.44867044084432856,0.44867044084432856,0.13359410910271727,0.5415283004344058
cadd,all_1_50,6.195,0.1200000000000001,8,94,0.3648024696286243,0.14499401224806904,0.5242992716369459,0.5242992716369459,0.16627519113453545,0.6034013407046724
cadd,all_1_50,6.196,0.1200000000000001,8,94,0.3648024696286243,0.1416724636086524,0.5309333981526495,0.5309333981526495,0.16594136573531656,0.6009537079189723
cadd,all_1_50,6.198,0.11799999999999944,8,93,0.3687250768289321,0.147634465764433,0.5350627210818077,0.5350627210818077,0.16769651832399146,0.6085359735533657
cadd,all_1_50,6.203,0.11399999999999988,8,93,0.3687250768289321,0.1451114574793977,0.5417687736251525,0.5417687736251525,0.16800573517576714,0.608124626767176
cadd,all_1_50,6.207,0.11299999999999955,9,91,0.4239325402552419,0.22686669440297597,0.573631673580549,0.573631673580549,0.20234092105889143,0.6858706262067786
cadd,all_1_50,6.208,0.11399999999999988,9,92,0.41932457786116323,0.22674662304093773,0.5674393683023125,0.5674393683023125,0.20013332032923764,0.6765963161945097
cadd,all_1_50,6.209,0.11399999999999988,9,91,0.4239325402552419,0.22674662304093773,0.5800365087314023,0.5800365087314023,0.2023896634899554,0.6850313281475954
cadd,all_1_50,6.21,0.11500000000000021,9,91,0.4239325402552419,0.22674662304093773,0.5800365087314023,0.5800365087314023,0.2023896634899554,0.6850313281475954
cadd,all_1_50,6.214,0.11599999999999966,9,92,0.41932457786116323,0.22831575561263992,0.5725304699162587,0.5725304699162587,0.2012691934272797,0.6799583134533072
cadd,all_1_50,6.224,0.1120000000000001,7,94,0.3192021609250463,0.1453023758099352,0.46195663300095474,0.46195663300095474,0.1348960184965633,0.5395445640283183
cadd,all_1_50,6.225,0.11199999999999921,7,93,0.32263444222531557,0.1471416463898078,0.46966412605179125,0.46966412605179125,0.13629803593634168,0.5446860319633401
cadd,all_1_50,6.227,0.11099999999999977,6,94,0.2736018522214682,0.13725088725088727,0.39893088779818064,0.39893088779818064,0.09818298180341407,0.4802581514220343
cadd,all_1_50,6.229,0.1120000000000001,6,96,0.26790181363352095,0.13725088725088727,0.3873366967888631,0.3873366967888631,0.09635187417036732,0.47045063639490886
cadd,all_1_50,6.232,0.11300000000000043,6,94,0.2736018522214682,0.13275765235477466,0.4034879654948978,0.4034879654948978,0.0977167898626049,0.4801453457519572
cadd,all_1_50,6.235,0.11399999999999988,6,94,0.2736018522214682,0.13837474285587495,0.39931153184165236,0.39931153184165236,0.0976000827608998,0.4818349996198792
cadd,all_1_50,6.237,0.11599999999999966,6,95,0.2707218327244001,0.13545797682564067,0.39387938793879385,0.39387938793879385,0.09696607378130692,0.4770074323773928
cadd,all_1_50,6.238,0.11600000000000055,6,94,0.2736018522214682,0.13545797682564067,0.3978718838896056,0.3978718838896056,0.09803394572648767,0.48260532772843656
cadd,all_1_50,6.24,0.11600000000000055,6,94,0.2736018522214682,0.13545797682564067,0.3978718838896056,0.3978718838896056,0.0979416341935642,0.4810179505521933
cadd,all_1_50,6.242,0.11599999999999966,6,94,0.2736018522214682,0.1422065487025408,0.39387938793879385,0.39387938793879385,0.09785149605822885,0.48114239563500455
cadd,all_1_50,6.243,0.11599999999999966,6,95,0.2707218327244001,0.14151273248910617,0.38903189703413543,0.38903189703413543,0.09644949279810863,0.475625905945142
cadd,all_1_50,6.246,0.11700000000000088,6,94,0.2736018522214682,0.14217451403738227,0.39360243225706765,0.39360243225706765,0.09764414343933907,0.4803750619507996
cadd,all_1_50,6.247,0.11800000000000033,6,94,0.2736018522214682,0.14217451403738227,0.39360243225706765,0.39360243225706765,0.09764414343933907,0.4803750619507996
cadd,all_1_50,6.251,0.12099999999999955,6,94,0.2736018522214682,0.14688112663702121,0.3891405348770756,0.3891405348770756,0.09759654669831053,0.48136674282507574
cadd,all_1_50,6.261,0.11800000000000033,5,95,0.22560152727033342,0.11102128806251683,0.3430781050251328,0.3430781050251328,0.0798238482086286,0.413549413735983
cadd,all_1_50,6.263,0.11699999999999999,5,95,0.22560152727033342,0.10990152448649144,0.3479867974232271,0.3479867974232271,0.07952738265363402,0.4126271167289745
cadd,all_1_50,6.264,0.11699999999999999,5,95,0.22560152727033342,0.10990152448649144,0.3479867974232271,0.3479867974232271,0.07942440963913117,0.412619000906156
cadd,all_1_50,6.265,0.11600000000000055,5,95,0.22560152727033342,0.10990152448649144,0.3479867974232271,0.3479867974232271,0.07942440963913117,0.412619000906156
cadd,all_1_50,6.267,0.11799999999999944,5,97,0.2209499493884709,0.1055917253009392,0.34573609645228487,0.34573609645228487,0.07805372517294823,0.4044364110049122
cadd,all_1_50,6.271,0.11800000000000033,5,95,0.22560152727033342,0.10824575586095392,0.35476338729763385,0.35476338729763385,0.0797683123727353,0.41367659832503484
cadd,all_1_50,6.275,0.11699999999999999,4,96,0.17860120908901395,0.05040516688061617,0.2923467537178092,0.2923467537178092,0.04379488272048813,0.34736637833547995
cadd,all_1_50,6.277,0.11500000000000021,4,96,0.17860120908901395,0.05040516688061617,0.2923467537178092,0.2923467537178092,0.04379488272048813,0.34736637833547995
cadd,all_1_50,6.279,0.11300000000000043,4,96,0.17860120908901395,0.05040516688061617,0.2923467537178092,0.2923467537178092,0.04379488272048813,0.34736637833547995
cadd,all_1_50,6.28,0.11300000000000043,4,96,0.17860120908901395,0.05040516688061617,0.2923467537178092,0.2923467537178092,0.04379488272048813,0.34736637833547995
cadd,all_1_50,6.285,0.11299999999999955,4,96,0.17860120908901395,0.05278507202514908,0.2924622822394464,0.2924622822394464,0.04405021129129837,0.3480853172461847
cadd,all_1_50,6.288,0.10999999999999943,4,96,0.17860120908901395,0.05278507202514908,0.2924622822394464,0.2924622822394464,0.04405021129129837,0.3480853172461847
cadd,all_1_50,6.291,0.10699999999999932,4,96,0.17860120908901395,0.05278507202514908,0.2924622822394464,0.2924622822394464,0.04405021129129837,0.3480853172461847
cadd,all_1_50,6.292,0.10599999999999987,4,96,0.17860120908901395,0.05278507202514908,0.2924622822394464,0.2924622822394464,0.04405021129129837,0.3480853172461847
cadd,all_1_50,6.293,0.10499999999999954,4,96,0.17860120908901395,0.05278507202514908,0.2924622822394464,0.2924622822394464,0.04405021129129837,0.3480853172461847
cadd,all_1_50,6.298,0.1070000000000002,4,96,0.17860120908901395,0.05279860004593712,0.2864868083760193,0.2864868083760193,0.0440247140073161,0.34854665854260614
cadd,all_1_50,6.302,0.10800000000000054,4,96,0.17860120908901395,0.051205248894594206,0.2922851033361679,0.2922851033361679,0.04398625429553265,0.34730700944648357
cadd,all_1_50,6.307,0.10799999999999965,4,96,0.17860120908901395,0.05203114000579734,0.2923471607467508,0.2923471607467508,0.04384024525662743,0.34764862513098727
cadd,all_1_50,6.312,0.10699999999999932,4,96,0.17860120908901395,0.05421395726432128,0.2881449172654306,0.2881449172654306,0.04389405979382649,0.3482508584143814
cadd,all_1_50,6.315,0.1070000000000002,4,96,0.17860120908901395,0.05345953145127836,0.2881297262754287,0.2881297262754287,0.04404405530079385,0.3475649062191279
cadd,all_1_50,6.316,0.1070000000000002,4,96,0.17860120908901395,0.05262422627235214,0.2881297262754287,0.2881297262754287,0.04404440912535279,0.3480302805413086
cadd,all_1_50,6.317,0.10800000000000054,4,96,0.17860120908901395,0.05262422627235214,0.2881297262754287,0.2881297262754287,0.04404440912535279,0.3480302805413086
cadd,all_1_50,6.318,0.10800000000000054,4,96,0.17860120908901395,0.05262422627235214,0.28760967697242523,0.28760967697242523,0.044043174185263455,0.3480377256755753
cadd,all_1_50,6.319,0.10799999999999965,4,96,0.17860120908901395,0.05432178195855704,0.28646887159533074,0.28646887159533074,0.04401031311330315,0.34762313790737126
cadd,all_1_50,6.322,0.10799999999999965,4,96,0.17860120908901395,0.05432178195855704,0.28646887159533074,0.28646887159533074,0.04401031311330315,0.34762313790737126
cadd,all_1_50,6.327,0.10400000000000009,4,97,0.17675995951077672,0.0546767911925328,0.28095221045549196,0.28095221045549196,0.04348998195929852,0.34517088658430656
cadd,all_1_50,6.33,0.10400000000000009,4,96,0.17860120908901395,0.05839496498016359,0.274117593903747,0.274117593903747,0.0437548989334537,0.34879482246833415
cadd,all_1_50,6.331,0.10400000000000009,4,96,0.17860120908901395,0.05839496498016359,0.274117593903747,0.274117593903747,0.0437548989334537,0.34879482246833415
cadd,all_1_50,6.334,0.10400000000000009,4,98,0.17495628645454428,0.05752508361204013,0.2690080229530843,0.2690080229530843,0.043012265366603165,0.3426347143707853
cadd,all_1_50,6.336,0.10199999999999942,4,97,0.17675995951077672,0.05752508361204013,0.2727378314630834,0.2727378314630834,0.043549204400359816,0.3452477603371214
cadd,all_1_50,6.338,0.10099999999999998,4,97,0.17675995951077672,0.057548661139871365,0.27179019688858413,0.27179019688858413,0.043577009458134315,0.34477631734629854
cadd,all_1_50,6.341,0.0990000000000002,4,97,0.17675995951077672,0.05573282386925994,0.27281620207714075,0.27281620207714075,0.043396279523165056,0.34642296587193894
cadd,all_1_50,6.343,0.0990000000000002,4,97,0.17675995951077672,0.05561949448895578,0.2760881091689703,0.2760881091689703,0.043616058255265766,0.3465626589194268
cadd,all_1_50,6.344,0.09799999999999986,4,97,0.17675995951077672,0.05561949448895578,0.2760881091689703,0.2760881091689703,0.043616058255265766,0.3465626589194268
cadd,all_1_50,6.347,0.09799999999999986,4,97,0.17675995951077672,0.05511582708166697,0.2775503970251716,0.2775503970251716,0.043569516659348995,0.3439417178449478
cadd,all_1_50,6.348,0.09700000000000042,4,97,0.17675995951077672,0.05511582708166697,0.2775503970251716,0.2775503970251716,0.043569516659348995,0.3439417178449478
cadd,all_1_50,6.353,0.09500000000000064,4,96,0.17860120908901395,0.05544221936926022,0.27858925942520646,0.27858925942520646,0.04397612682237454,0.34762313790737126
cadd,all_1_50,6.355,0.0940000000000003,4,96,0.17860120908901395,0.05544221936926022,0.27858925942520646,0.27858925942520646,0.04397612682237454,0.34762313790737126
cadd,all_1_50,6.358,0.09499999999999975,5,96,0.22325151136126745,0.05544221936926022,0.36726528617677595,0.36726528617677595,0.07944294089576709,0.40946027037632626
cadd,all_1_50,6.359,0.09499999999999975,5,95,0.22560152727033342,0.05564556078412366,0.3693491306354824,0.3693491306354824,0.08025598837110762,0.414571160283556
cadd,all_1_50,6.372,0.09299999999999997,4,97,0.17675995951077672,0.0,0.34862851787347227,0.34862851787347227,0.04361615762198465,0.34356713336824035
cadd,all_1_50,6.374,0.09200000000000053,4,96,0.17860120908901395,0.0,0.34862851787347227,0.34862851787347227,0.04412843028688099,0.347241447590809
cadd,all_1_50,6.375,0.09100000000000019,4,96,0.17860120908901395,0.0,0.34862851787347227,0.34862851787347227,0.04412843028688099,0.347241447590809
cadd,all_1_50,6.377,0.09199999999999964,4,97,0.17675995951077672,0.0,0.34070514246725697,0.34070514246725697,0.043577009458134315,0.3435645469840313
cadd,all_1_50,6.38,0.08999999999999986,4,96,0.17860120908901395,0.0,0.3455191653007187,0.3455191653007187,0.04411064059683771,0.3475757304198293
cadd,all_1_50,6.381,0.08999999999999986,4,96,0.17860120908901395,0.0,0.3455191653007187,0.3455191653007187,0.04411064059683771,0.3475757304198293
cadd,all_1_50,6.382,0.0909999999999993,4,98,0.17495628645454428,0.0,0.34248243547163115,0.34248243547163115,0.04323982350436392,0.3398926229227555
cadd,all_1_50,6.385,0.09200000000000053,3,97,0.13256996963308254,0.0,0.24785959545979336,0.24785959545979336,0.0,0.27754746767172733
cadd,all_1_50,6.389,0.09100000000000019,3,98,0.13121721484090823,0.0,0.2435855614411725,0.2435855614411725,0.0,0.27527601716909833
cadd,all_1_50,6.392,0.09000000000000075,3,97,0.13256996963308254,0.0,0.24767549787497353,0.24767549787497353,0.0,0.278350033524077
cadd,all_1_50,6.394,0.09199999999999964,3,98,0.13121721484090823,0.0,0.24701728755782812,0.24701728755782812,0.0,0.27528379875061043
cadd,all_1_50,6.397,0.08999999999999986,3,97,0.13256996963308254,0.0,0.24864464424015895,0.24864464424015895,0.0,0.2773341225840316
cadd,all_1_50,6.398,0.0909999999999993,3,98,0.13121721484090823,0.0,0.24546115820257408,0.24546115820257408,0.0,0.2746807903297921
cadd,all_1_50,6.4,0.0909999999999993,3,97,0.13256996963308254,0.0,0.24547463977577666,0.24547463977577666,0.0,0.27792846021310785
cadd,all_1_50,6.405,0.08999999999999986,3,97,0.13256996963308254,0.0,0.2530290687437701,0.2530290687437701,0.0,0.2772292628976243
cadd,all_1_50,6.406,0.0909999999999993,3,97,0.13256996963308254,0.0,0.2530290687437701,0.2530290687437701,0.0,0.2772292628976243
cadd,all_1_50,6.41,0.0940000000000003,2,99,0.08659452561891587,0.0,0.18317954890989732,0.18317954890989732,0.0,0.20345406976886649
cadd,all_1_50,6.411,0.0940000000000003,2,98,0.08747814322727214,0.0,0.18919295681777476,0.18919295681777476,0.0,0.2051292474463206
cadd,all_1_50,6.414,0.09600000000000009,2,98,0.08747814322727214,0.0,0.19298081714000995,0.19298081714000995,0.0,0.20453168331939095
cadd,all_1_50,6.415,0.09600000000000009,2,98,0.08747814322727214,0.0,0.19298081714000995,0.19298081714000995,0.0,0.20405782127197286
cadd,all_1_50,6.419,0.09500000000000064,1,99,0.043297262809457934,0.0,0.09362454801696894,0.09362454801696894,0.0,0.12982130923585658
cadd,all_1_50,6.42,0.0940000000000003,1,99,0.043297262809457934,0.0,0.09362454801696894,0.09362454801696894,0.0,0.12982130923585658
cadd,all_1_50,6.423,0.09600000000000009,1,100,0.042864290181363354,0.0,0.09362454801696894,0.09362454801696894,0.0,0.12901006469786352
cadd,all_1_50,6.426,0.09499999999999975,1,100,0.042864290181363354,0.0,0.09218964503141469,0.09218964503141469,0.0,0.12887321572369154
cadd,all_1_50,6.427,0.0940000000000003,1,99,0.043297262809457934,0.0,0.09261207452404385,0.09261207452404385,0.0,0.13031388381549577
cadd,all_1_50,6.431,0.09499999999999975,1,100,0.042864290181363354,0.0,0.09494815529298288,0.09494815529298288,0.0,0.1280973541941374
cadd,all_1_50,6.432,0.09600000000000009,1,100,0.042864290181363354,0.0,0.09494815529298288,0.09494815529298288,0.0,0.1280973541941374
cadd,all_1_50,6.434,0.09699999999999953,1,99,0.043297262809457934,0.0,0.0950215764101074,0.0950215764101074,0.0,0.12928196366800768
cadd,all_1_50,6.436,0.09700000000000042,1,100,0.042864290181363354,0.0,0.09161304689220752,0.09161304689220752,0.0,0.12806328606332376
cadd,all_1_50,6.438,0.09699999999999953,1,100,0.042864290181363354,0.0,0.09161304689220752,0.09161304689220752,0.0,0.12806328606332376
cadd,all_1_50,6.439,0.09799999999999986,1,101,0.04243989126867658,0.0,0.08957912278835584,0.08957912278835584,0.0,0.1267645379198558
cadd,all_1_50,6.44,0.09700000000000042,1,99,0.043297262809457934,0.0,0.09002772273941857,0.09002772273941857,0.0,0.1294931883934539
cadd,all_1_50,6.442,0.09699999999999953,1,99,0.043297262809457934,0.0,0.08885017421602788,0.08885017421602788,0.0,0.12951700893833354
cadd,all_1_50,6.443,0.09600000000000009,1,99,0.043297262809457934,0.0,0.08885017421602788,0.08885017421602788,0.0,0.12951700893833354
cadd,all_1_50,6.445,0.09600000000000009,1,99,0.043297262809457934,0.0,0.08923192275870455,0.08923192275870455,0.0,0.12929308634204753
cadd,all_1_50,6.447,0.0940000000000003,1,99,0.043297262809457934,0.0,0.08923192275870455,0.08923192275870455,0.0,0.12929308634204753
cadd,all_1_50,6.448,0.09399999999999942,1,99,0.043297262809457934,0.0,0.08934044212242849,0.08934044212242849,0.0,0.1294239390945318
cadd,all_1_50,6.452,0.09299999999999997,1,99,0.043297262809457934,0.0,0.08934044212242849,0.08934044212242849,0.0,0.12959262558649637
cadd,all_1_50,6.453,0.09299999999999997,1,100,0.042864290181363354,0.0,0.09074988911586032,0.09074988911586032,0.0,0.12849379802701913
cadd,all_1_50,6.455,0.09100000000000019,1,100,0.042864290181363354,0.0,0.09074988911586032,0.09074988911586032,0.0,0.12849379802701913
cadd,all_1_50,6.457,0.08900000000000041,1,100,0.042864290181363354,0.0,0.09074988911586032,0.09074988911586032,0.0,0.12849379802701913
cadd,all_1_50,6.459,0.08700000000000063,1,100,0.042864290181363354,0.0,0.09074988911586032,0.09074988911586032,0.0,0.12849379802701913
cadd,all_1_50,6.46,0.0860000000000003,1,99,0.043297262809457934,0.0,0.09092670150162822,0.09092670150162822,0.0,0.12995590629516796
cadd,all_1_50,6.461,0.08699999999999974,1,101,0.04243989126867658,0.0,0.08799569003053175,0.08799569003053175,0.0,0.1270983723501745
cadd,all_1_50,6.463,0.0860000000000003,1,99,0.043297262809457934,0.0,0.08885017421602788,0.08885017421602788,0.0,0.12975645796304217
cadd,all_1_50,6.465,0.08800000000000008,1,99,0.043297262809457934,0.0,0.08885017421602788,0.08885017421602788,0.0,0.12975645796304217
cadd,all_1_50,6.466,0.08900000000000041,1,100,0.042864290181363354,0.0,0.08694624191139871,0.08694624191139871,0.0,0.12807569077988679
cadd,all_1_50,6.469,0.08800000000000008,2,98,0.08747814322727214,0.0,0.1727529982482145,0.1727529982482145,0.0,0.20356082281248067
cadd,all_1_50,6.47,0.08899999999999952,2,99,0.08659452561891587,0.0,0.172108095213509,0.172108095213509,0.0,0.20169727942364019
cadd,all_1_50,6.472,0.09000000000000075,2,98,0.08747814322727214,0.0,0.17211611700999607,0.17211611700999607,0.0,0.20387434748576574
cadd,all_1_50,6.473,0.09100000000000019,2,98,0.08747814322727214,0.0,0.17211611700999607,0.17211611700999607,0.0,0.20387434748576574
cadd,all_1_50,6.477,0.08800000000000008,2,98,0.08747814322727214,0.0,0.17178097670287856,0.17178097670287856,0.0,0.20390818518035322
cadd,all_1_50,6.478,0.08899999999999952,2,99,0.08659452561891587,0.0,0.16992267609422965,0.16992267609422965,0.0,0.2014729140289539
cadd,all_1_50,6.48,0.08799999999999919,3,99,0.1298917884283738,0.0,0.25509410173656405,0.25509410173656405,0.035594521295879616,0.26850343754788897
cadd,all_1_50,6.482,0.08800000000000008,3,98,0.13121721484090823,0.0,0.26011760126447897,0.26011760126447897,0.03566510823771683,0.27155032921955063
cadd,all_1_50,6.486,0.08899999999999952,3,97,0.13256996963308254,0.0,0.2653706811567773,0.2653706811567773,0.03591995764138327,0.2740043794317084
cadd,all_1_50,6.489,0.09199999999999964,3,99,0.1298917884283738,0.0,0.2631954655481079,0.2631954655481079,0.03509218023854126,0.26761600780179157
cadd,all_1_50,6.491,0.09200000000000053,3,97,0.13256996963308254,0.0,0.27383915102227147,0.27383915102227147,0.035568369623315575,0.2744297606195256
cadd,all_1_50,6.493,0.0909999999999993,3,97,0.13256996963308254,0.0,0.2785261710910971,0.2785261710910971,0.03571492369414389,0.2742200916432083
cadd,all_1_50,6.494,0.08999999999999986,3,97,0.13256996963308254,0.0,0.2785261710910971,0.2785261710910971,0.03571492369414389,0.2742200916432083
cadd,all_1_50,6.498,0.09199999999999964,3,99,0.1298917884283738,0.0,0.2653675117241621,0.2653675117241621,0.0351776448247445,0.26943413280645856
cadd,all_1_50,6.499,0.09100000000000019,3,98,0.13121721484090823,0.0,0.26599258532774406,0.26599258532774406,0.03557912963647655,0.27234407338259614
cadd,all_1_50,6.505,0.09100000000000019,3,98,0.13121721484090823,0.0,0.2665204272230628,0.2665204272230628,0.035361583103394316,0.2721493209367007
cadd,all_1_50,6.507,0.09299999999999997,3,98,0.13121721484090823,0.0,0.2665204272230628,0.2665204272230628,0.035361583103394316,0.2721493209367007
cadd,all_1_50,6.511,0.09600000000000009,3,98,0.13121721484090823,0.0,0.2653548684040323,0.2653548684040323,0.03545258511408116,0.27134942619707164
cadd,all_1_50,6.512,0.09500000000000064,3,97,0.13256996963308254,0.0,0.26791024509471106,0.26791024509471106,0.03606798845183526,0.27452440217560553
cadd,all_1_50,6.514,0.09500000000000064,3,97,0.13256996963308254,0.0,0.26791024509471106,0.26791024509471106,0.03606798845183526,0.27452440217560553
cadd,all_1_50,6.519,0.10000000000000053,3,97,0.13256996963308254,0.0,0.26791024509471106,0.26791024509471106,0.03606798845183526,0.27452440217560553
cadd,all_1_50,6.52,0.10099999999999998,3,97,0.13256996963308254,0.0,0.26791024509471106,0.26791024509471106,0.03606798845183526,0.27452440217560553
cadd,all_1_50,6.521,0.10099999999999998,3,97,0.13256996963308254,0.0,0.272096342674316,0.272096342674316,0.03621117264460178,0.2742200916432083
cadd,all_1_50,6.522,0.10200000000000031,3,97,0.13256996963308254,0.0,0.272096342674316,0.272096342674316,0.03621117264460178,0.2742200916432083
cadd,all_1_50,6.525,0.10200000000000031,3,97,0.13256996963308254,0.0,0.2730890343557891,0.2730890343557891,0.03599170524988754,0.27422072755678784
cadd,all_1_50,6.526,0.10299999999999976,3,97,0.13256996963308254,0.0,0.2730890343557891,0.2730890343557891,0.03599170524988754,0.27422072755678784
cadd,all_1_50,6.531,0.10400000000000009,3,97,0.13256996963308254,0.0,0.2744714510009357,0.2744714510009357,0.03595844425828664,0.2748176240647412
cadd,all_1_50,6.533,0.10299999999999976,3,97,0.13256996963308254,0.0,0.2726805319132564,0.2726805319132564,0.03558015336377958,0.27372529979422694
cadd,all_1_50,6.537,0.10499999999999954,3,97,0.13256996963308254,0.0,0.2787674606808101,0.2787674606808101,0.035524931344703616,0.2746701636373837
cadd,all_1_50,6.538,0.10499999999999954,3,97,0.13256996963308254,0.0,0.2787674606808101,0.2787674606808101,0.03561420289666479,0.27392724915668176
cadd,all_1_50,6.539,0.10499999999999954,3,97,0.13256996963308254,0.0,0.2787674606808101,0.2787674606808101,0.03561420289666479,0.27392724915668176
cadd,all_1_50,6.54,0.10599999999999987,3,97,0.13256996963308254,0.0,0.2787674606808101,0.2787674606808101,0.03561420289666479,0.27392724915668176
cadd,all_1_50,6.541,0.1070000000000002,3,97,0.13256996963308254,0.0,0.2787674606808101,0.2787674606808101,0.03561420289666479,0.27392724915668176
cadd,all_1_50,6.542,0.1070000000000002,3,97,0.13256996963308254,0.0,0.2787674606808101,0.2787674606808101,0.0356599317506456,0.2740138369487174
cadd,all_1_50,6.544,0.10600000000000076,3,98,0.13121721484090823,0.0,0.2718736443277302,0.2718736443277302,0.035373361209054,0.27134942619707164
cadd,all_1_50,6.545,0.10599999999999987,3,97,0.13256996963308254,0.0,0.2787674606808101,0.2787674606808101,0.0355533236120232,0.27372296406613994
cadd,all_1_50,6.546,0.1070000000000002,3,97,0.13256996963308254,0.0,0.2787674606808101,0.2787674606808101,0.0355533236120232,0.27372296406613994
cadd,all_1_50,6.548,0.10799999999999965,3,101,0.12731967380602977,0.0,0.27641533224057496,0.27641533224057496,0.0341760321185169,0.2631630434574759
cadd,all_1_50,6.555,0.10999999999999943,3,98,0.13121721484090823,0.0,0.2711987616851557,0.2711987616851557,0.03535248308161716,0.2717721697435534
cadd,all_1_50,6.556,0.11099999999999977,3,98,0.13121721484090823,0.0,0.2711987616851557,0.2711987616851557,0.03535248308161716,0.2717721697435534
cadd,all_1_50,6.557,0.11099999999999977,3,97,0.13256996963308254,0.0,0.27210864863505074,0.27210864863505074,0.03566309607399625,0.27425014972562145
cadd,all_1_50,6.559,0.1120000000000001,3,98,0.13121721484090823,0.0,0.2705078600633204,0.2705078600633204,0.03543557868248031,0.2710929744748094
cadd,all_1_50,6.565,0.11300000000000043,3,97,0.13256996963308254,0.0,0.2766583984203809,0.2766583984203809,0.03563238327319165,0.27298308931223486
cadd,all_1_50,6.567,0.11399999999999988,3,97,0.13256996963308254,0.0,0.2807997032499833,0.2807997032499833,0.03585665110575634,0.2725799944664839
cadd,all_1_50,6.568,0.11499999999999932,3,98,0.13121721484090823,0.0,0.2749497094322753,0.2749497094322753,0.03544833852500319,0.26989371246646077
cadd,all_1_50,6.57,0.11399999999999988,2,98,0.08747814322727214,0.0,0.18216649697684675,0.18216649697684675,0.0,0.20507595998335162
cadd,all_1_50,6.576,0.11499999999999932,2,98,0.08747814322727214,0.0,0.1856411899918896,0.1856411899918896,0.0,0.20407550212766634
cadd,all_1_50,6.581,0.11500000000000021,2,98,0.08747814322727214,0.0,0.18843217512332922,0.18843217512332922,0.0,0.20376478466869255
cadd,all_1_50,6.582,0.11599999999999966,2,98,0.08747814322727214,0.0,0.18843217512332922,0.18843217512332922,0.0,0.20376478466869255
cadd,all_1_50,6.583,0.11699999999999999,2,99,0.08659452561891587,0.0,0.1872361402046509,0.1872361402046509,0.0,0.20198258944665606
cadd,all_1_50,6.584,0.11600000000000055,2,98,0.08747814322727214,0.0,0.19136323219065976,0.19136323219065976,0.0,0.2034740670446325
cadd,all_1_50,6.585,0.11599999999999966,2,98,0.08747814322727214,0.0,0.19136323219065976,0.19136323219065976,0.0,0.2034740670446325
cadd,all_1_50,6.59,0.11799999999999944,2,98,0.08747814322727214,0.0,0.1909701681813595,0.1909701681813595,0.0,0.20428732414436315
cadd,all_1_50,6.591,0.11800000000000033,2,98,0.08747814322727214,0.0,0.19029010051118356,0.19029010051118356,0.0,0.2042821576690961
cadd,all_1_50,6.593,0.11800000000000033,2,99,0.08659452561891587,0.0,0.18877144640819754,0.18877144640819754,0.0,0.2022775005090834
cadd,all_1_50,6.603,0.11699999999999999,2,100,0.08572858036272671,0.0,0.19189163560502726,0.19189163560502726,0.0,0.19915130447841947
cadd,all_1_50,6.607,0.11500000000000021,2,98,0.08747814322727214,0.0,0.19386977895925886,0.19386977895925886,0.0,0.20408615596097146
cadd,all_1_50,6.622,0.11000000000000032,2,98,0.08747814322727214,0.0,0.19415744885052766,0.19415744885052766,0.0,0.20546674375567786
cadd,all_1_50,6.627,0.10899999999999999,2,98,0.08747814322727214,0.0,0.19435141621357774,0.19435141621357774,0.0,0.2052490344773945
cadd,all_1_50,6.631,0.11100000000000065,2,99,0.08659452561891587,0.0,0.19003068957404032,0.19003068957404032,0.0,0.2029676166358647
cadd,all_1_50,6.633,0.1120000000000001,2,99,0.08659452561891587,0.0,0.18943433527782033,0.18943433527782033,0.0,0.2018785178954656
cadd,all_1_50,6.636,0.11099999999999977,2,100,0.08572858036272671,0.0,0.18583786034714467,0.18583786034714467,0.0,0.20118013451144415
cadd,all_1_50,6.639,0.10800000000000054,2,98,0.08747814322727214,0.0,0.18726181212856938,0.18726181212856938,0.0,0.20546761891814935
cadd,all_1_50,6.64,0.10800000000000054,2,98,0.08747814322727214,0.0,0.184959508460234,0.184959508460234,0.0,0.20530512021116784
cadd,all_1_50,6.643,0.1070000000000002,2,98,0.08747814322727214,0.0,0.18209191918178078,0.18209191918178078,0.0,0.20581632383647952
cadd,all_1_50,6.649,0.10799999999999965,2,100,0.08572858036272671,0.0,0.17481087220091834,0.17481087220091834,0.0,0.2020385904191466
cadd,all_1_50,6.65,0.10699999999999932,2,98,0.08747814322727214,0.0,0.17614700440730763,0.17614700440730763,0.0,0.20562569698029864
cadd,all_1_50,6.651,0.1070000000000002,2,98,0.08747814322727214,0.0,0.17614700440730763,0.17614700440730763,0.0,0.20562569698029864
cadd,all_1_50,6.654,0.10799999999999965,2,100,0.08572858036272671,0.0,0.17491028246456922,0.17491028246456922,0.0,0.20045873881299137
cadd,all_1_50,6.655,0.1070000000000002,2,98,0.08747814322727214,0.0,0.17732898870082983,0.17732898870082983,0.0,0.2046784844798659
cadd,all_1_50,6.656,0.1070000000000002,2,98,0.08747814322727214,0.0,0.176297684033722,0.176297684033722,0.0,0.20475023070875578
cadd,all_1_50,6.658,0.10499999999999954,2,98,0.08747814322727214,0.0,0.176297684033722,0.176297684033722,0.0,0.20475023070875578
cadd,all_1_50,6.659,0.10400000000000009,2,98,0.08747814322727214,0.0,0.176297684033722,0.176297684033722,0.0,0.20475023070875578
cadd,all_1_50,6.664,0.10599999999999987,1,100,0.042864290181363354,0.0,0.0864742961716916,0.0864742961716916,0.0,0.12869687576249111
cadd,all_1_50,6.668,0.10299999999999976,1,100,0.042864290181363354,0.0,0.08620139853768534,0.08620139853768534,0.0,0.12851010607100477
cadd,all_1_50,6.671,0.10599999999999987,1,100,0.042864290181363354,0.0,0.08620139853768534,0.08620139853768534,0.0,0.12851010607100477
cadd,all_1_50,6.677,0.10699999999999932,0,100,0.0,0.0,0.12859287054409005,0.0,0.0,0.12859287054409005
cadd,all_1_50,6.68,0.1070000000000002,0,100,0.0,0.0,0.12859287054409005,0.0,0.0,0.12859287054409005
cadd,all_1_50,6.683,0.10500000000000043,0,100,0.0,0.0,0.12859287054409005,0.0,0.0,0.12859287054409005
cadd,all_1_50,6.684,0.10400000000000009,0,100,0.0,0.0,0.12859287054409005,0.0,0.0,0.12859287054409005
cadd,all_1_50,6.685,0.1039999999999992,0,100,0.0,0.0,0.12859287054409005,0.0,0.0,0.12859287054409005
cadd,all_1_50,6.687,0.10400000000000009,0,100,0.0,0.0,0.12859287054409005,0.0,0.0,0.12859287054409005
cadd,all_1_50,6.69,0.10499999999999954,0,101,0.0,0.0,0.12731967380602977,0.0,0.0,0.12731967380602977
cadd,all_1_50,6.695,0.10400000000000009,0,101,0.0,0.0,0.12731967380602977,0.0,0.0,0.12731967380602977
cadd,all_1_50,6.696,0.10300000000000065,0,100,0.0,0.0,0.12859287054409005,0.0,0.0,0.12859287054409005
cadd,all_1_50,6.7,0.09999999999999964,0,100,0.0,0.0,0.12859287054409005,0.0,0.0,0.12859287054409005
cadd,all_1_50,6.704,0.09700000000000042,0,101,0.0,0.0,0.12731967380602977,0.0,0.0,0.12731967380602977
cadd,all_1_50,6.706,0.09499999999999975,0,100,0.0,0.0,0.12859287054409005,0.0,0.0,0.12859287054409005
cadd,all_1_50,6.709,0.09200000000000053,0,100,0.0,0.0,0.12859287054409005,0.0,0.0,0.12859287054409005
cadd,all_1_50,6.711,0.08999999999999986,0,100,0.0,0.0,0.12859287054409005,0.0,0.0,0.12859287054409005
cadd,all_1_50,6.714,0.0909999999999993,0,100,0.0,0.0,0.12859287054409005,0.0,0.0,0.12859287054409005
cadd,all_1_50,6.72,0.08700000000000063,0,100,0.0,0.0,0.12859287054409005,0.0,0.0,0.12859287054409005
cadd,all_1_50,6.722,0.08699999999999974,0,100,0.0,0.0,0.12859287054409005,0.0,0.0,0.12859287054409005
cadd,all_1_50,6.725,0.08800000000000008,0,100,0.0,0.0,0.12859287054409005,0.0,0.0,0.12859287054409005
cadd,all_1_50,6.726,0.08699999999999974,0,100,0.0,0.0,0.12859287054409005,0.0,0.0,0.12859287054409005
cadd,all_1_50,6.727,0.08800000000000008,1,101,0.04243989126867658,0.0,0.08266206565315368,0.08266206565315368,0.0,0.12725165977048397
cadd,all_1_50,6.728,0.08700000000000063,1,99,0.043297262809457934,0.0,0.08345647874941632,0.08345647874941632,0.0,0.1299601975517182
cadd,all_1_50,6.73,0.08700000000000063,1,99,0.043297262809457934,0.0,0.08345647874941632,0.08345647874941632,0.0,0.1299601975517182
cadd,all_1_50,6.731,0.08800000000000008,1,99,0.043297262809457934,0.0,0.08345647874941632,0.08345647874941632,0.0,0.1299601975517182
cadd,all_1_50,6.732,0.08900000000000041,1,99,0.043297262809457934,0.0,0.08345647874941632,0.08345647874941632,0.0,0.1299601975517182
cadd,all_1_50,6.736,0.08700000000000063,1,99,0.043297262809457934,0.0,0.08471538966266279,0.08471538966266279,0.0,0.12991445771857127
cadd,all_1_50,6.739,0.08899999999999952,1,102,0.0420238139032974,0.0,0.08443936434659091,0.08443936434659091,0.0,0.12640371912737888
cadd,all_1_50,6.74,0.08900000000000041,1,100,0.042864290181363354,0.0,0.08727552158341162,0.08727552158341162,0.0,0.12895794407998357
cadd,all_1_50,6.745,0.09100000000000019,1,99,0.043297262809457934,0.0,0.08913939850243223,0.08913939850243223,0.0,0.13022006640542563
cadd,all_1_50,6.746,0.09200000000000053,1,99,0.043297262809457934,0.0,0.08913939850243223,0.08913939850243223,0.0,0.13022006640542563
cadd,all_1_50,6.747,0.09200000000000053,1,99,0.043297262809457934,0.0,0.08846028645833334,0.08846028645833334,0.0,0.13035337296884855
cadd,all_1_50,6.748,0.09200000000000053,1,99,0.043297262809457934,0.0,0.08846028645833334,0.08846028645833334,0.0,0.13048892142543658
cadd,all_1_50,6.749,0.09299999999999997,1,99,0.043297262809457934,0.0,0.08846028645833334,0.08846028645833334,0.0,0.13048892142543658
cadd,all_1_50,6.75,0.0940000000000003,1,99,0.043297262809457934,0.0,0.08846028645833334,0.08846028645833334,0.0,0.13048892142543658
cadd,all_1_50,6.751,0.09500000000000064,1,100,0.042864290181363354,0.0,0.08775401069518717,0.08775401069518717,0.0,0.12929567821555646
cadd,all_1_50,6.753,0.09700000000000042,1,101,0.04243989126867658,0.0,0.08745512950352685,0.08745512950352685,0.0,0.12791771539948504
cadd,all_1_50,6.755,0.09799999999999986,1,99,0.043297262809457934,0.0,0.08846028645833334,0.08846028645833334,0.0,0.13030166152331302
cadd,all_1_50,6.757,0.09899999999999931,1,99,0.043297262809457934,0.0,0.08846028645833334,0.08846028645833334,0.0,0.13030166152331302
cadd,all_1_50,6.76,0.10199999999999942,1,99,0.043297262809457934,0.0,0.08846028645833334,0.08846028645833334,0.0,0.13030166152331302
cadd,all_1_50,6.761,0.10299999999999976,1,100,0.042864290181363354,0.0,0.08846028645833334,0.08846028645833334,0.0,0.12902455741565322
cadd,all_1_50,6.762,0.10299999999999976,1,101,0.04243989126867658,0.0,0.08728782875680687,0.08728782875680687,0.0,0.12820826793643963
cadd,all_1_50,6.763,0.10200000000000031,1,100,0.042864290181363354,0.0,0.08922765823248088,0.08922765823248088,0.0,0.12923930072629475
cadd,all_1_50,6.764,0.10099999999999998,1,100,0.042864290181363354,0.0,0.08922765823248088,0.08922765823248088,0.0,0.12923930072629475
cadd,all_1_50,6.769,0.0990000000000002,1,100,0.042864290181363354,0.0,0.08922765823248088,0.08922765823248088,0.0,0.12903448871369888
cadd,all_1_50,6.77,0.09800000000000075,1,99,0.043297262809457934,0.0,0.0908312620822977,0.0908312620822977,0.0,0.13041649701638447
cadd,all_1_50,6.771,0.09700000000000042,1,99,0.043297262809457934,0.0,0.0908312620822977,0.0908312620822977,0.0,0.13041649701638447
cadd,all_1_50,6.781,0.09600000000000009,3,98,0.13121721484090823,0.0,0.22768656334714338,0.22768656334714338,0.036054938690503975,0.2755016898368387
cadd,all_1_50,6.783,0.0959999999999992,3,98,0.13121721484090823,0.0,0.22418888305335852,0.22418888305335852,0.03585835287772135,0.2735859677324352
cadd,all_1_50,6.787,0.09299999999999997,3,97,0.13256996963308254,0.0,0.22865704030911838,0.22865704030911838,0.03623697600954687,0.2763455632778406
cadd,all_1_50,6.788,0.09299999999999997,3,97,0.13256996963308254,0.0,0.22865704030911838,0.22865704030911838,0.03623697600954687,0.2763455632778406
cadd,all_1_50,6.79,0.09499999999999975,3,100,0.12859287054409005,0.0,0.2223783946589027,0.2223783946589027,0.03523369607552695,0.26771897722104887
cadd,all_1_50,6.791,0.09399999999999942,3,97,0.13256996963308254,0.0,0.22857648099027408,0.22857648099027408,0.03624365016082024,0.2767572368686665
cadd,all_1_50,6.793,0.09299999999999997,3,98,0.13121721484090823,0.0,0.22417861677955556,0.22417861677955556,0.035853613036386636,0.27443486767132613
cadd,all_1_50,6.795,0.09100000000000019,3,97,0.13256996963308254,0.0,0.225683107813182,0.225683107813182,0.03614817801170351,0.2776437632045463
cadd,all_1_50,6.796,0.09199999999999964,3,98,0.13121721484090823,0.0,0.22117979557495682,0.22117979557495682,0.03579902260049319,0.27495615547399094
cadd,all_1_50,6.798,0.09199999999999964,3,97,0.13256996963308254,0.0,0.22556154869085834,0.22556154869085834,0.036179078820892385,0.2784266765659629
cadd,all_1_50,6.799,0.09199999999999964,3,97,0.13256996963308254,0.0,0.225683107813182,0.225683107813182,0.03584887675162595,0.27742950286390416
cadd,all_1_50,6.8,0.09100000000000019,3,97,0.13256996963308254,0.0,0.225683107813182,0.225683107813182,0.03584887675162595,0.27742950286390416
cadd,all_1_50,6.801,0.09200000000000053,3,97,0.13256996963308254,0.0,0.225683107813182,0.225683107813182,0.03584887675162595,0.27742950286390416
cadd,all_1_50,6.805,0.09399999999999942,3,99,0.1298917884283738,0.0,0.22286206896551722,0.22286206896551722,0.0351506140314599,0.27117407087313994
cadd,all_1_50,6.807,0.09299999999999997,3,97,0.13256996963308254,0.0,0.22857648099027408,0.22857648099027408,0.03587982551639111,0.2764797373221
cadd,all_1_50,6.809,0.09499999999999975,3,98,0.13121721484090823,0.0,0.225683107813182,0.225683107813182,0.035581425951408195,0.27367803225069653
cadd,all_1_50,6.813,0.09700000000000042,3,97,0.13256996963308254,0.0,0.225683107813182,0.225683107813182,0.03585437801987719,0.27690707404587583
cadd,all_1_50,6.815,0.09500000000000064,3,97,0.13256996963308254,0.0,0.225683107813182,0.225683107813182,0.03585437801987719,0.27690707404587583
cadd,all_1_50,6.823,0.09800000000000075,3,97,0.13256996963308254,0.0,0.2163905491720297,0.2163905491720297,0.03605242837393227,0.2769952052241402
cadd,all_1_50,6.826,0.09999999999999964,3,97,0.13256996963308254,0.0,0.2148068134607395,0.2148068134607395,0.036137065075040324,0.2766734182624494
cadd,all_1_50,6.827,0.10099999999999998,3,98,0.13121721484090823,0.0,0.21388134820033053,0.21388134820033053,0.035739209896601815,0.27381301094453175
cadd,all_1_50,6.828,0.10099999999999998,3,98,0.13121721484090823,0.0,0.2154322725992678,0.2154322725992678,0.03567369170643811,0.2737998040734401
cadd,all_1_50,6.834,0.1039999999999992,3,98,0.13121721484090823,0.0,0.21892912333336126,0.21892912333336126,0.03586371778805989,0.27434354494391
cadd,all_1_50,6.839,0.1039999999999992,3,98,0.13121721484090823,0.0,0.21367207221052897,0.21367207221052897,0.03601831207348483,0.2744780359447441
cadd,all_1_50,6.84,0.10400000000000009,3,98,0.13121721484090823,0.0,0.21367207221052897,0.21367207221052897,0.03601831207348483,0.2744780359447441
cadd,all_1_50,6.846,0.10299999999999976,3,97,0.13256996963308254,0.0,0.21588173386052562,0.21588173386052562,0.03602734494549708,0.2764127764127764
cadd,all_1_50,6.85,0.10499999999999954,3,98,0.13121721484090823,0.0,0.21440282193958665,0.21440282193958665,0.035549560734586864,0.27320041636640247
cadd,all_1_50,6.853,0.10599999999999987,3,98,0.13121721484090823,0.0,0.21636290650724588,0.21636290650724588,0.03583405668213277,0.27359438496940824
cadd,all_1_50,6.864,0.11299999999999955,3,97,0.13256996963308254,0.0,0.2296161146888787,0.2296161146888787,0.03604855431522615,0.2779002004874827
cadd,all_1_50,6.865,0.11399999999999988,3,97,0.13256996963308254,0.0,0.2296161146888787,0.2296161146888787,0.03604855431522615,0.2779002004874827
cadd,all_1_50,6.868,0.11499999999999932,3,98,0.13121721484090823,0.0,0.22730820288978537,0.22730820288978537,0.03555739166048488,0.27506854133425673
cadd,all_1_50,6.869,0.11399999999999988,3,97,0.13256996963308254,0.0,0.22949226803490583,0.22949226803490583,0.03585014541800604,0.27767184923272653
cadd,all_1_50,6.873,0.11300000000000043,3,97,0.13256996963308254,0.0,0.24580846831486217,0.24580846831486217,0.03574223099564059,0.27830920546688437
cadd,all_1_50,6.879,0.11600000000000055,3,97,0.13256996963308254,0.0,0.24876942080379377,0.24876942080379377,0.03573500189030825,0.27741215255291163
cadd,all_1_50,6.88,0.11699999999999999,3,97,0.13256996963308254,0.0,0.24876942080379377,0.24876942080379377,0.03573500189030825,0.27741215255291163
cadd,all_1_50,6.885,0.11699999999999999,4,96,0.17860120908901395,0.0,0.3527005641809267,0.3527005641809267,0.04391789351784729,0.3475239398076486
cadd,all_1_50,6.886,0.11699999999999999,4,97,0.17675995951077672,0.0,0.35218074368081786,0.35218074368081786,0.043597829550001556,0.3436777211940778
cadd,all_1_50,6.888,0.11800000000000033,4,96,0.17860120908901395,0.0,0.3526004874616778,0.3526004874616778,0.0439092274760181,0.3467638152644328
cadd,all_1_50,6.891,0.1200000000000001,4,96,0.17860120908901395,0.0,0.37092286303173105,0.37092286303173105,0.04390911386531787,0.34671429989042374
cadd,all_1_50,6.897,0.11600000000000055,4,96,0.17860120908901395,0.0,0.37092286303173105,0.37092286303173105,0.04396044878930949,0.34641961466913707
cadd,all_1_50,6.898,0.11600000000000055,4,97,0.17675995951077672,0.0,0.36609767662399245,0.36609767662399245,0.04350249026962709,0.34366260109182234
cadd,all_1_50,6.899,0.11599999999999966,4,97,0.17675995951077672,0.0,0.36609767662399245,0.36609767662399245,0.04350249026962709,0.34366260109182234
cadd,all_1_50,6.902,0.11899999999999977,4,97,0.17675995951077672,0.0,0.36609767662399245,0.36609767662399245,0.04350249026962709,0.34366260109182234
cadd,all_1_50,6.91,0.1200000000000001,5,95,0.22560152727033342,0.0,0.4757805035360206,0.4757805035360206,0.07956240654020152,0.41418207802151297
cadd,all_1_50,6.912,0.12100000000000044,5,96,0.22325151136126745,0.0,0.47175687130932026,0.47175687130932026,0.0791250131662657,0.41068987545658087
cadd,all_1_50,6.915,0.12199999999999989,5,95,0.22560152727033342,0.0,0.4836499016784628,0.4836499016784628,0.07975252716334559,0.41574760388972776
cadd,all_1_50,6.917,0.12399999999999967,5,97,0.2209499493884709,0.0,0.4796852354923241,0.4796852354923241,0.07797703785640267,0.40732331258127286
cadd,all_1_50,6.921,0.12199999999999989,5,95,0.22560152727033342,0.0,0.4899542476486302,0.4899542476486302,0.07990471782590569,0.41603505805654023
cadd,all_1_50,6.924,0.125,5,96,0.22325151136126745,0.0,0.47793495118636037,0.47793495118636037,0.07907220281438299,0.41070056476877476
cadd,all_1_50,6.928,0.12699999999999978,5,98,0.21869535806818036,0.0,0.46865484288953674,0.46865484288953674,0.07751352947625889,0.40232123160246613
cadd,all_1_50,6.929,0.12599999999999945,5,96,0.22325151136126745,0.0,0.47491897644270303,0.47491897644270303,0.07876480213330365,0.41167834267066394
cadd,all_1_50,6.937,0.12400000000000055,5,95,0.22560152727033342,0.0,0.4770948691343179,0.4770948691343179,0.07975193890433913,0.4146268816897413
cadd,all_1_50,6.938,0.12400000000000055,5,95,0.22560152727033342,0.0,0.4787314293667581,0.4787314293667581,0.07948493573609852,0.4153078054847712
cadd,all_1_50,6.94,0.125,5,96,0.22325151136126745,0.0,0.4770948691343179,0.4770948691343179,0.07873849574623203,0.4097427045548573
cadd,all_1_50,6.943,0.12700000000000067,4,98,0.17495628645454428,0.0,0.34860289703050923,0.34860289703050923,0.04292940324011563,0.33992226081143384
cadd,all_1_50,6.945,0.125,4,98,0.17495628645454428,0.0,0.34860289703050923,0.34860289703050923,0.04292940324011563,0.33992226081143384
cadd,all_1_50,6.947,0.12300000000000022,4,97,0.17675995951077672,0.0,0.3513695866894815,0.3513695866894815,0.04330637832586923,0.34394070601721666
cadd,all_1_50,6.949,0.12199999999999989,4,98,0.17495628645454428,0.0,0.34273601448971885,0.34273601448971885,0.04294789025577743,0.33992016933384134
cadd,all_1_50,6.954,0.1200000000000001,4,96,0.17860120908901395,0.0,0.3378143185065573,0.3378143185065573,0.04384024525662743,0.34696824484058525
cadd,all_1_50,6.957,0.11800000000000033,4,96,0.17860120908901395,0.0,0.3378143185065573,0.3378143185065573,0.04380493727487397,0.3479000444348317
cadd,all_1_50,6.958,0.11799999999999944,4,97,0.17675995951077672,0.0,0.3366327764589958,0.3366327764589958,0.04336413603789934,0.3447832290089891
cadd,all_1_50,6.961,0.11500000000000021,4,96,0.17860120908901395,0.0,0.34526955408910404,0.34526955408910404,0.04392590915802898,0.3476416369881819
cadd,all_1_50,6.963,0.11399999999999988,4,96,0.17860120908901395,0.0,0.3418845584607795,0.3418845584607795,0.044012656230745024,0.34729670801702134
cadd,all_1_50,6.966,0.11300000000000043,4,96,0.17860120908901395,0.0,0.3321164282190429,0.3321164282190429,0.044057744084287385,0.3464464245858253
cadd,all_1_50,6.969,0.11099999999999977,4,96,0.17860120908901395,0.0,0.3255335876681961,0.3255335876681961,0.04397321415156916,0.34783425175932436
cadd,all_1_50,6.981,0.1120000000000001,4,98,0.17495628645454428,0.0,0.328276080624545,0.328276080624545,0.04316214859263661,0.3396318734380832
cadd,all_1_50,6.983,0.11399999999999988,4,99,0.17318905123783174,0.0,0.3204434310767201,0.3204434310767201,0.042735523552355235,0.33689497975199756
cadd,all_1_50,6.984,0.11300000000000043,3,97,0.13256996963308254,0.0,0.23679688396618007,0.23679688396618007,0.029978565995991205,0.27928861595522464
cadd,all_1_50,6.985,0.1120000000000001,3,97,0.13256996963308254,0.0,0.23679688396618007,0.23679688396618007,0.029978565995991205,0.27928861595522464
cadd,all_1_50,6.986,0.11299999999999955,3,97,0.13256996963308254,0.0,0.23679688396618007,0.23679688396618007,0.029978565995991205,0.27928861595522464
cadd,all_1_50,6.987,0.11399999999999988,3,98,0.13121721484090823,0.0,0.23486695019247256,0.23486695019247256,0.029758135363667733,0.276545733288671
cadd,all_1_50,6.99,0.11699999999999999,3,101,0.12731967380602977,0.0,0.22416284466676256,0.22416284466676256,0.0289079029247058,0.2683201821299592
cadd,all_1_50,6.994,0.11399999999999988,2,98,0.08747814322727214,0.0,0.19577760798404262,0.19577760798404262,0.0,0.20550774961971674
cadd,all_1_50,6.995,0.11500000000000021,2,98,0.08747814322727214,0.0,0.19577760798404262,0.19577760798404262,0.0,0.20550774961971674
cadd,all_1_50,6.999,0.11399999999999988,2,101,0.08487978253735316,0.0,0.18879073754297074,0.18879073754297074,0.0,0.19922076420452606
cadd,all_1_50,7.001,0.11300000000000043,2,98,0.08747814322727214,0.0,0.19847053531264058,0.19847053531264058,0.0,0.20573601851596304
cadd,all_1_50,7.002,0.11399999999999988,2,98,0.08747814322727214,0.0,0.19847053531264058,0.19847053531264058,0.0,0.20573601851596304
cadd,all_1_50,7.003,0.11500000000000021,2,98,0.08747814322727214,0.0,0.19847053531264058,0.19847053531264058,0.0,0.20573601851596304
cadd,all_1_50,7.007,0.1120000000000001,2,98,0.08747814322727214,0.0,0.19849668033225962,0.19849668033225962,0.0,0.20600229099315936
cadd,all_1_50,7.009,0.1120000000000001,2,98,0.08747814322727214,0.0,0.19849668033225962,0.19849668033225962,0.0,0.20600229099315936
cadd,all_1_50,7.012,0.11399999999999988,2,100,0.08572858036272671,0.0,0.19224536694608713,0.19224536694608713,0.0,0.20228117437622176
cadd,all_1_50,7.014,0.1120000000000001,2,98,0.08747814322727214,0.0,0.19923316896165666,0.19923316896165666,0.0,0.20647097968039382
cadd,all_1_50,7.024,0.11000000000000032,2,98,0.08747814322727214,0.0,0.19823537875914032,0.19823537875914032,0.0,0.2060246797423964
cadd,all_1_50,7.025,0.10999999999999943,2,99,0.08659452561891587,0.0,0.19676696854610967,0.19676696854610967,0.0,0.20360470730107483
cadd,all_1_50,7.027,0.10899999999999999,2,98,0.08747814322727214,0.0,0.1933578298543872,0.1933578298543872,0.0,0.20573649565735314
cadd,all_1_50,7.028,0.10800000000000054,2,98,0.08747814322727214,0.0,0.1933578298543872,0.1933578298543872,0.0,0.20573649565735314
cadd,all_1_50,7.033,0.10499999999999954,2,99,0.08659452561891587,0.0,0.19697889630968982,0.19697889630968982,0.0,0.20404216061834354
cadd,all_1_50,7.041,0.10099999999999998,2,100,0.08572858036272671,0.0,0.19166431413658971,0.19166431413658971,0.0,0.20125179140709545
cadd,all_1_50,7.042,0.10000000000000053,2,99,0.08659452561891587,0.0,0.1928463565944724,0.1928463565944724,0.0,0.20407697011504447
cadd,all_1_50,7.043,0.09999999999999964,2,100,0.08572858036272671,0.0,0.189103880320571,0.189103880320571,0.0,0.20217655514480168
cadd,all_1_50,7.049,0.10000000000000053,2,98,0.08747814322727214,0.0,0.18993496233019233,0.18993496233019233,0.0,0.20583037109491537
cadd,all_1_50,7.05,0.10099999999999998,2,98,0.08747814322727214,0.0,0.18993496233019233,0.18993496233019233,0.0,0.20583037109491537
cadd,all_1_50,7.055,0.10000000000000053,2,98,0.08747814322727214,0.0,0.19003516590647956,0.19003516590647956,0.0,0.205356376996406
cadd,all_1_50,7.059,0.10099999999999998,2,98,0.08747814322727214,0.0,0.19031875334596965,0.19031875334596965,0.0,0.20536578134325567
cadd,all_1_50,7.061,0.09999999999999964,2,98,0.08747814322727214,0.0,0.1934907325684025,0.1934907325684025,0.0,0.20504858836694695
cadd,all_1_50,7.062,0.10099999999999998,2,99,0.08659452561891587,0.0,0.19227969210606757,0.19227969210606757,0.0,0.20273919035994803
cadd,all_1_50,7.064,0.10099999999999998,2,98,0.08747814322727214,0.0,0.19350394277841293,0.19350394277841293,0.0,0.20515074762336624
cadd,all_1_50,7.07,0.10099999999999998,3,97,0.13256996963308254,0.0,0.24571789801486577,0.24571789801486577,0.030429371499690314,0.27674253421645967
cadd,all_1_50,7.071,0.10199999999999942,3,97,0.13256996963308254,0.0,0.24571789801486577,0.24571789801486577,0.030429371499690314,0.27674253421645967
cadd,all_1_50,7.072,0.10200000000000031,3,97,0.13256996963308254,0.0,0.24785945421112626,0.24785945421112626,0.030429371499690314,0.2765612986036437
cadd,all_1_50,7.075,0.0990000000000002,3,97,0.13256996963308254,0.0,0.24785945421112626,0.24785945421112626,0.030429371499690314,0.2765612986036437
cadd,all_1_50,7.076,0.09800000000000075,3,97,0.13256996963308254,0.0,0.24785945421112626,0.24785945421112626,0.030429371499690314,0.2765612986036437
cadd,all_1_50,7.077,0.09700000000000042,3,97,0.13256996963308254,0.0,0.24785945421112626,0.24785945421112626,0.030429371499690314,0.2765612986036437
cadd,all_1_50,7.078,0.09699999999999953,3,98,0.13121721484090823,0.0,0.24566112120608952,0.24566112120608952,0.03020228663775233,0.2739638202793754
cadd,all_1_50,7.08,0.09700000000000042,3,97,0.13256996963308254,0.0,0.2495157327030864,0.2495157327030864,0.03020228663775233,0.276824287596289
cadd,all_1_50,7.081,0.09800000000000075,3,97,0.13256996963308254,0.0,0.2495157327030864,0.2495157327030864,0.03020228663775233,0.276824287596289
cadd,all_1_50,7.083,0.0990000000000002,3,100,0.12859287054409005,0.0,0.2492032380565912,0.2492032380565912,0.029326858039556612,0.26802869727327505
cadd,all_1_50,7.084,0.09800000000000075,3,97,0.13256996963308254,0.0,0.2555524591545097,0.2555524591545097,0.029758135363667733,0.2772801624948977
cadd,all_1_50,7.087,0.10099999999999998,3,99,0.1298917884283738,0.0,0.2463599246525489,0.2463599246525489,0.029758135363667733,0.2716101992493985
cadd,all_1_50,7.089,0.10099999999999998,3,97,0.13256996963308254,0.0,0.2514357709628173,0.2514357709628173,0.030429371499690314,0.2761185649975673
cadd,all_1_50,7.097,0.10300000000000065,3,97,0.13256996963308254,0.0,0.2566631309559888,0.2566631309559888,0.029758135363667733,0.2763335014792515
cadd,all_1_50,7.101,0.10500000000000043,3,97,0.13256996963308254,0.0,0.25249829338592233,0.25249829338592233,0.03020228663775233,0.2770586998455562
cadd,all_1_50,7.107,0.10599999999999987,2,98,0.08747814322727214,0.0,0.17789029184399185,0.17789029184399185,0.0,0.20503226167768834
cadd,all_1_50,7.111,0.10799999999999965,2,98,0.08747814322727214,0.0,0.1753630984400215,0.1753630984400215,0.0,0.20430571337671855
cadd,all_1_50,7.112,0.10899999999999999,2,100,0.08572858036272671,0.0,0.17334743064186034,0.17334743064186034,0.0,0.2003266594498236
cadd,all_1_50,7.113,0.10799999999999965,2,99,0.08659452561891587,0.0,0.17338827248148833,0.17338827248148833,0.0,0.20267675322437506
cadd,all_1_50,7.114,0.1070000000000002,2,99,0.08659452561891587,0.0,0.17338827248148833,0.17338827248148833,0.0,0.20267675322437506
cadd,all_1_50,7.119,0.1070000000000002,2,98,0.08747814322727214,0.0,0.171312538407577,0.171312538407577,0.0,0.20396620004318167
cadd,all_1_50,7.124,0.10999999999999943,3,97,0.13256996963308254,0.04177252373843107,0.25668449197860965,0.25668449197860965,0.03558460733724045,0.27530089305498434
cadd,all_1_50,7.126,0.1120000000000001,3,97,0.13256996963308254,0.04177252373843107,0.25668449197860965,0.25668449197860965,0.03558460733724045,0.27530089305498434
cadd,all_1_50,7.129,0.1120000000000001,3,98,0.13121721484090823,0.04099002024275872,0.26215918071654376,0.26215918071654376,0.03518233086975538,0.27204288211238503
cadd,all_1_50,7.134,0.10899999999999999,3,97,0.13256996963308254,0.04172696037246601,0.2642438274932066,0.2642438274932066,0.03536895666139985,0.27590520208402114
cadd,all_1_50,7.135,0.10899999999999999,3,97,0.13256996963308254,0.04172696037246601,0.2642438274932066,0.2642438274932066,0.03508934309671989,0.27527016214971267
cadd,all_1_50,7.136,0.10899999999999999,3,97,0.13256996963308254,0.04172696037246601,0.2642438274932066,0.2642438274932066,0.03508934309671989,0.27527016214971267
cadd,all_1_50,7.137,0.10999999999999943,3,98,0.13121721484090823,0.041708833544607096,0.26197647764805343,0.26197647764805343,0.03463991989813157,0.2721989754544975
cadd,all_1_50,7.138,0.11000000000000032,4,97,0.17675995951077672,0.04341463995876887,0.4049721389372757,0.4049721389372757,0.043466140821139636,0.3407038270143752
cadd,all_1_50,7.14,0.10800000000000054,3,97,0.13256996963308254,0.0,0.39518895296092166,0.39518895296092166,0.0,0.27370632043492565
cadd,all_1_50,7.141,0.10799999999999965,3,97,0.13256996963308254,0.0,0.39518895296092166,0.39518895296092166,0.0,0.27370632043492565
cadd,all_1_50,7.142,0.10799999999999965,3,97,0.13256996963308254,0.0,0.3950925925925926,0.3950925925925926,0.0,0.2728240029971139
cadd,all_1_50,7.143,0.1070000000000002,3,97,0.13256996963308254,0.0,0.3950925925925926,0.3950925925925926,0.0,0.2728240029971139
cadd,all_1_50,7.144,0.10599999999999987,3,97,0.13256996963308254,0.0,0.3950925925925926,0.3950925925925926,0.0,0.2728240029971139
cadd,all_1_50,7.147,0.10599999999999987,3,97,0.13256996963308254,0.0,0.3950925925925926,0.3950925925925926,0.0,0.2728240029971139
cadd,all_1_50,7.152,0.1070000000000002,4,96,0.17860120908901395,0.03995725247360985,0.46935063953908723,0.46935063953908723,0.04359691952495851,0.3429774656700369
cadd,all_1_50,7.155,0.10599999999999987,4,96,0.17860120908901395,0.03995725247360985,0.46935063953908723,0.46935063953908723,0.04359691952495851,0.3429774656700369
cadd,all_1_50,7.16,0.11000000000000032,4,96,0.17860120908901395,0.03977533796928219,0.46935063953908723,0.46935063953908723,0.04353546353008285,0.3436733580566059
cadd,all_1_50,7.161,0.11099999999999977,4,98,0.17495628645454428,0.0389835326819407,0.44868305527038105,0.44868305527038105,0.04270245937851193,0.33591093942028993
cadd,all_1_50,7.163,0.10899999999999999,4,96,0.17860120908901395,0.04020122161469878,0.4603739299471736,0.4603739299471736,0.043769230769230776,0.3429102813906422
cadd,all_1_50,7.169,0.10999999999999943,5,95,0.22560152727033342,0.09672354379724321,0.44574060285154854,0.44574060285154854,0.07910085105055512,0.4119172389773917
cadd,all_1_50,7.17,0.11099999999999977,5,95,0.22560152727033342,0.09672354379724321,0.44574060285154854,0.44574060285154854,0.07910085105055512,0.4119172389773917
cadd,all_1_50,7.174,0.11199999999999921,5,96,0.22325151136126745,0.09627138151367226,0.44574060285154854,0.44574060285154854,0.07810617916071036,0.40720159730672606
cadd,all_1_50,7.175,0.11099999999999977,5,95,0.22560152727033342,0.09762787197606321,0.44574060285154854,0.44574060285154854,0.0791021405287973,0.41165135739723235
cadd,all_1_50,7.18,0.10999999999999943,6,95,0.2707218327244001,0.11966370258960687,0.46193525187082696,0.46193525187082696,0.09584385170027616,0.4719353008579028
cadd,all_1_50,7.182,0.1120000000000001,6,95,0.2707218327244001,0.11966370258960687,0.46193525187082696,0.46193525187082696,0.09584385170027616,0.4719353008579028
cadd,all_1_50,7.187,0.11500000000000021,6,94,0.2736018522214682,0.11731273643406817,0.46798743360171186,0.46798743360171186,0.09674616066399727,0.4764267150009717
cadd,all_1_50,7.188,0.11599999999999966,6,95,0.2707218327244001,0.11731273643406817,0.4566124661246613,0.4566124661246613,0.09596354458251305,0.471726575575714
cadd,all_1_50,7.19,0.11499999999999932,6,95,0.2707218327244001,0.11402459355439404,0.4576845847460417,0.4576845847460417,0.0956006769953639,0.4713710499801909
cadd,all_1_50,7.195,0.11699999999999999,6,95,0.2707218327244001,0.11734359444694509,0.44335395368446956,0.44335395368446956,0.09556459957232531,0.4726741524814868
cadd,all_1_50,7.204,0.11900000000000066,6,95,0.2707218327244001,0.12171349533814006,0.4125,0.4125,0.09595297060638433,0.47215399551033954
cadd,all_1_50,7.206,0.11699999999999999,6,94,0.2736018522214682,0.12547046958772534,0.41536499373452657,0.41536499373452657,0.09681684642494888,0.47818089600429714
cadd,all_1_50,7.211,0.11399999999999988,6,95,0.2707218327244001,0.1286880795821846,0.40106381137539737,0.40106381137539737,0.09538151330435579,0.4729838416607434
cadd,all_1_50,7.217,0.11599999999999966,6,94,0.2736018522214682,0.1294667669098857,0.40736324816877917,0.40736324816877917,0.09652040759258458,0.47822757994794124
cadd,all_1_50,7.218,0.11699999999999999,6,95,0.2707218327244001,0.12547046958772534,0.40352568663766714,0.40352568663766714,0.09539860312794853,0.4732340370529491
cadd,all_1_50,7.221,0.11399999999999988,6,94,0.2736018522214682,0.12547046958772534,0.41536499373452657,0.41536499373452657,0.09629120495641022,0.4777435996258852
cadd,all_1_50,7.223,0.11599999999999966,6,95,0.2707218327244001,0.12354558751192207,0.4088291746641075,0.4088291746641075,0.09513193205450395,0.4728862363334431
cadd,all_1_50,7.227,0.1200000000000001,6,97,0.2651399392661651,0.12100619311187587,0.39756755477734135,0.39756755477734135,0.09332661399395129,0.46124363232925086
cadd,all_1_50,7.24,0.12100000000000044,6,95,0.2707218327244001,0.11941616788249251,0.42677894114011167,0.42677894114011167,0.09531851916715062,0.473060443852064
cadd,all_1_50,7.241,0.12199999999999989,6,97,0.2651399392661651,0.11816044844763136,0.4200260274239381,0.4200260274239381,0.09361270688997886,0.4628051444135192
cadd,all_1_50,7.244,0.11900000000000066,6,94,0.2736018522214682,0.12223656017356804,0.4267241379310345,0.4267241379310345,0.09649851446516837,0.47750536583557684
cadd,all_1_50,7.247,0.12099999999999955,6,95,0.2707218327244001,0.11945673980383754,0.4267241379310345,0.4267241379310345,0.09545259156576608,0.47277022320164286
cadd,all_1_50,7.248,0.12099999999999955,6,95,0.2707218327244001,0.12223656017356804,0.41279838995210855,0.41279838995210855,0.09557150771777015,0.47098167531083934
cadd,all_1_50,7.25,0.12100000000000044,6,95,0.2707218327244001,0.12223656017356804,0.41279838995210855,0.41279838995210855,0.09557150771777015,0.47098167531083934
cadd,all_1_50,7.256,0.12199999999999989,6,94,0.2736018522214682,0.12223656017356804,0.4168454329908547,0.4168454329908547,0.09661709156628744,0.47749229432725615
cadd,all_1_50,7.258,0.12199999999999989,6,95,0.2707218327244001,0.12217776167022454,0.39914189605481676,0.39914189605481676,0.09597512743788597,0.47099092698595607
cadd,all_1_50,7.259,0.12200000000000077,6,94,0.2736018522214682,0.12235701297446393,0.40321767890400584,0.40321767890400584,0.09665269880599717,0.4758022833759407
cadd,all_1_50,7.268,0.12699999999999978,6,96,0.26790181363352095,0.12143006590647556,0.3964824120603015,0.3964824120603015,0.09404908964945646,0.46699721371625263
cadd,all_1_50,7.271,0.12899999999999956,6,96,0.26790181363352095,0.12051705789214116,0.3976893567937937,0.3976893567937937,0.09430753549344277,0.4665398506365135
cadd,all_1_50,7.272,0.12899999999999956,6,95,0.2707218327244001,0.12006411446953932,0.4024718968370975,0.4024718968370975,0.09564029931867271,0.47209277450864723
cadd,all_1_50,7.276,0.1280000000000001,6,94,0.2736018522214682,0.12006411446953932,0.4178026883600035,0.4178026883600035,0.09667191190566134,0.47562853381157716
cadd,all_1_50,7.277,0.12699999999999978,6,94,0.2736018522214682,0.12006411446953932,0.4178026883600035,0.4178026883600035,0.09667191190566134,0.47562853381157716
cadd,all_1_50,7.282,0.12600000000000033,7,93,0.32263444222531557,0.12871868852459017,0.5017449934774831,0.5017449934774831,0.13278457597234553,0.5452488789407666
cadd,all_1_50,7.284,0.12400000000000055,7,93,0.32263444222531557,0.12871868852459017,0.5017449934774831,0.5017449934774831,0.13278457597234553,0.5452488789407666
cadd,all_1_50,7.286,0.12400000000000055,7,93,0.32263444222531557,0.1271045247171724,0.5084284388273962,0.5084284388273962,0.13322859942718132,0.5448991517856462
cadd,all_1_50,7.289,0.12400000000000055,8,92,0.37273295809881174,0.1915963257199603,0.5467390201524432,0.5467390201524432,0.16609079836398688,0.6141246377731243
cadd,all_1_50,7.29,0.12300000000000022,8,92,0.37273295809881174,0.1915963257199603,0.5467390201524432,0.5467390201524432,0.16609079836398688,0.6141246377731243
cadd,all_1_50,7.295,0.125,7,94,0.3192021609250463,0.12668719542332682,0.5144785377312118,0.5144785377312118,0.12939242802085696,0.542697742853095
cadd,all_1_50,7.298,0.12399999999999967,7,93,0.32263444222531557,0.12668719542332682,0.5240374007060901,0.5240374007060901,0.13100524073664943,0.5488739097835079
cadd,all_1_50,7.299,0.12399999999999967,7,94,0.3192021609250463,0.12566511536376235,0.5215836743094553,0.5215836743094553,0.12941545148238923,0.5423282386405084
cadd,all_1_50,7.3,0.12300000000000022,7,93,0.32263444222531557,0.12566511536376235,0.5295898650914853,0.5295898650914853,0.13104628335948704,0.5483271395812602
cadd,all_1_50,7.304,0.12399999999999967,7,96,0.3125521159057744,0.120427875226517,0.516236552425148,0.516236552425148,0.1271468464924908,0.5307767642414676
cadd,all_1_50,7.305,0.12300000000000022,7,95,0.3158421381784668,0.12277536704050976,0.5180505415162454,0.5180505415162454,0.1285695020377377,0.5367437711439867
cadd,all_1_50,7.31,0.12200000000000077,7,93,0.32263444222531557,0.1288254129997187,0.5226515217484639,0.5226515217484639,0.13114083094027695,0.5484306397524409
cadd,all_1_50,7.311,0.12199999999999989,7,94,0.3192021609250463,0.12542932973585733,0.5240374007060901,0.5240374007060901,0.12981765192617423,0.5413336169105896
cadd,all_1_50,7.312,0.12099999999999955,7,93,0.32263444222531557,0.12668719542332682,0.5240374007060901,0.5240374007060901,0.13180504033062265,0.5477658375903809
cadd,all_1_50,7.313,0.1200000000000001,7,93,0.32263444222531557,0.12668719542332682,0.5240374007060901,0.5240374007060901,0.13180504033062265,0.5477658375903809
cadd,all_1_50,7.314,0.11899999999999977,7,93,0.32263444222531557,0.12668719542332682,0.5240374007060901,0.5240374007060901,0.13180504033062265,0.5477658375903809
cadd,all_1_50,7.315,0.11999999999999922,7,95,0.3158421381784668,0.12188791072783169,0.5177360974004607,0.5177360974004607,0.1286268835437987,0.5361637444242879
cadd,all_1_50,7.32,0.11499999999999932,7,93,0.32263444222531557,0.12552992456441356,0.5218020600660858,0.5218020600660858,0.13140268198236393,0.5457520473815203
cadd,all_1_50,7.322,0.11599999999999966,7,93,0.32263444222531557,0.12552992456441356,0.5218020600660858,0.5218020600660858,0.13140268198236393,0.5457520473815203
cadd,all_1_50,7.323,0.11699999999999999,7,93,0.32263444222531557,0.12552992456441356,0.5218020600660858,0.5218020600660858,0.13140268198236393,0.5457520473815203
cadd,all_1_50,7.324,0.11799999999999944,7,93,0.32263444222531557,0.12552992456441356,0.5218020600660858,0.5218020600660858,0.13140268198236393,0.5457520473815203
cadd,all_1_50,7.325,0.11899999999999977,7,94,0.3192021609250463,0.12374629378820601,0.5157765226587527,0.5157765226587527,0.13000246094950754,0.5410325495049504
cadd,all_1_50,7.335,0.11599999999999966,8,93,0.3687250768289321,0.20476368624516772,0.5359059893298356,0.5359059893298356,0.16058664348899748,0.6132564995763751
cadd,all_1_50,7.336,0.11500000000000021,8,93,0.3687250768289321,0.20476368624516772,0.5359059893298356,0.5359059893298356,0.16058664348899748,0.6132564995763751
cadd,all_1_50,7.344,0.11399999999999988,8,92,0.37273295809881174,0.209958071278826,0.5419722659381774,0.5419722659381774,0.1644324648098233,0.6183762940491693
cadd,all_1_50,7.347,0.11099999999999977,8,92,0.37273295809881174,0.209958071278826,0.5419722659381774,0.5419722659381774,0.1644324648098233,0.6183762940491693
cadd,all_1_50,7.348,0.11000000000000032,8,92,0.37273295809881174,0.209958071278826,0.5419722659381774,0.5419722659381774,0.1644324648098233,0.6183762940491693
cadd,all_1_50,7.352,0.10899999999999999,8,92,0.37273295809881174,0.21501211772028747,0.5186349532761304,0.5186349532761304,0.1637625896087886,0.6176959147853155
cadd,all_1_50,7.353,0.10899999999999999,8,93,0.3687250768289321,0.2138352126194134,0.5059457479125006,0.5059457479125006,0.16173237358134793,0.6111036038139552
cadd,all_1_50,7.358,0.10799999999999965,7,93,0.32263444222531557,0.18135990542089991,0.46833750931887236,0.46833750931887236,0.13284781241835297,0.5535000956745139
cadd,all_1_50,7.361,0.1070000000000002,7,93,0.32263444222531557,0.18160272975172395,0.47552163378459866,0.47552163378459866,0.13285080100366725,0.5530165274581671
cadd,all_1_50,7.363,0.10599999999999987,6,94,0.2736018522214682,0.10677994113794588,0.4516613025328637,0.4516613025328637,0.0961521158226494,0.4807747807782985
cadd,all_1_50,7.366,0.1070000000000002,6,94,0.2736018522214682,0.10779470240330515,0.4475306614216462,0.4475306614216462,0.09605143321210811,0.4811053972938826
cadd,all_1_50,7.369,0.10800000000000054,6,94,0.2736018522214682,0.106319463720907,0.4470946377729958,0.4470946377729958,0.096027961576454,0.48258375132069536
cadd,all_1_50,7.377,0.10499999999999954,7,93,0.32263444222531557,0.1063246763332187,0.5715895432692308,0.5715895432692308,0.1353359031971384,0.5501084655800881
cadd,all_1_50,7.379,0.10699999999999932,7,93,0.32263444222531557,0.1063246763332187,0.5715895432692308,0.5715895432692308,0.1353359031971384,0.5501084655800881
cadd,all_1_50,7.38,0.10799999999999965,7,93,0.32263444222531557,0.1063246763332187,0.5715895432692308,0.5715895432692308,0.1353359031971384,0.5501084655800881
cadd,all_1_50,7.385,0.10799999999999965,8,92,0.37273295809881174,0.1425394308520474,0.6099088462457921,0.6099088462457921,0.16544398740261976,0.6204391225379219
cadd,all_1_50,7.386,0.10799999999999965,8,92,0.37273295809881174,0.1703804117597221,0.5428710394663702,0.5428710394663702,0.16913713279612588,0.6237910138596868
cadd,all_1_50,7.388,0.10599999999999987,8,92,0.37273295809881174,0.1703804117597221,0.5428710394663702,0.5428710394663702,0.16913713279612588,0.6237910138596868
cadd,all_1_50,7.391,0.1070000000000002,8,92,0.37273295809881174,0.1703804117597221,0.5428710394663702,0.5428710394663702,0.16893203883495148,0.6236670243240505
cadd,all_1_50,7.392,0.10800000000000054,9,92,0.41932457786116323,0.24598082835296056,0.5627157281261088,0.5627157281261088,0.19679588130270712,0.6856320022504588
cadd,all_1_50,7.395,0.10899999999999999,9,92,0.41932457786116323,0.24390968508615568,0.5662471146047788,0.5662471146047788,0.19665300718009587,0.6856257946038745
cadd,all_1_50,7.396,0.10799999999999965,9,91,0.4239325402552419,0.2466162869388676,0.574459234608985,0.574459234608985,0.19969542127417997,0.6922514867614277
cadd,all_1_50,7.4,0.10699999999999932,8,92,0.37273295809881174,0.23746570217011723,0.4847332390726512,0.4847332390726512,0.16945755316802458,0.6239238586583646
cadd,all_1_50,7.401,0.10599999999999987,8,92,0.37273295809881174,0.23746570217011723,0.4847332390726512,0.4847332390726512,0.16945755316802458,0.6239238586583646
cadd,all_1_50,7.402,0.10599999999999987,8,92,0.37273295809881174,0.24107352595724688,0.47987882837851387,0.47987882837851387,0.1695376711080777,0.6225782548277569
cadd,all_1_50,7.404,0.10500000000000043,8,92,0.37273295809881174,0.24107352595724688,0.47987882837851387,0.47987882837851387,0.16912672008202245,0.6248318964649938
cadd,all_1_50,7.407,0.10400000000000009,8,92,0.37273295809881174,0.23888388263373855,0.4840487845696833,0.4840487845696833,0.16975302246453539,0.6234738807627865
cadd,all_1_50,7.408,0.10400000000000009,8,92,0.37273295809881174,0.23888388263373855,0.4840487845696833,0.4840487845696833,0.16975302246453539,0.6234738807627865
cadd,all_1_50,7.409,0.10400000000000009,8,92,0.37273295809881174,0.24104266011962974,0.48831823413656106,0.48831823413656106,0.169383422206064,0.623949627090863
cadd,all_1_50,7.41,0.10499999999999954,8,93,0.3687250768289321,0.2381517993586959,0.48558848955575956,0.48558848955575956,0.16792089879652097,0.6169642192303088
cadd,all_1_50,7.413,0.10300000000000065,8,92,0.37273295809881174,0.23966223039430287,0.4899291987783473,0.4899291987783473,0.1700760886267705,0.6234927469303692
cadd,all_1_50,7.414,0.10400000000000009,8,92,0.37273295809881174,0.23966223039430287,0.4899291987783473,0.4899291987783473,0.1700760886267705,0.6234927469303692
cadd,all_1_50,7.42,0.10500000000000043,8,93,0.3687250768289321,0.24305788958661118,0.48901021067598843,0.48901021067598843,0.16780261040691338,0.6161618973545226
cadd,all_1_50,7.423,0.10299999999999976,8,92,0.37273295809881174,0.24438868790601784,0.49916975045070683,0.49916975045070683,0.1701177144957809,0.6240372756599981
cadd,all_1_50,7.428,0.10599999999999987,8,92,0.37273295809881174,0.24714653129149927,0.49310366788736487,0.49310366788736487,0.17026586581414438,0.623907090437095
cadd,all_1_50,7.431,0.10799999999999965,8,94,0.3648024696286243,0.24622711306851205,0.47716752067078144,0.47716752067078144,0.1676062941868236,0.6094509944004382
cadd,all_1_50,7.432,0.10800000000000054,8,92,0.37273295809881174,0.25426096209517535,0.4917407425680944,0.4917407425680944,0.17054682646279984,0.6224142717864848
cadd,all_1_50,7.433,0.10899999999999999,8,92,0.37273295809881174,0.25426096209517535,0.4917407425680944,0.4917407425680944,0.17054682646279984,0.6224142717864848
cadd,all_1_50,7.435,0.11099999999999977,8,92,0.37273295809881174,0.25426096209517535,0.4917407425680944,0.4917407425680944,0.17054682646279984,0.6224142717864848
cadd,all_1_50,7.444,0.10899999999999999,8,92,0.37273295809881174,0.25209717475790094,0.5089981437486713,0.5089981437486713,0.17084752479362472,0.6223180173579652
cadd,all_1_50,7.447,0.1070000000000002,8,92,0.37273295809881174,0.25489455578604875,0.49246550751397655,0.49246550751397655,0.17038659170454598,0.6230188271875677
cadd,all_1_50,7.451,0.10500000000000043,8,93,0.3687250768289321,0.2521856827269669,0.49246550751397655,0.49246550751397655,0.16914624334287967,0.6152105166393846
cadd,all_1_50,7.452,0.10400000000000009,8,92,0.37273295809881174,0.25325945241199477,0.5007754459933733,0.5007754459933733,0.17117982951235639,0.6226411170141558
cadd,all_1_50,7.453,0.10500000000000043,8,93,0.3687250768289321,0.2521856827269669,0.49246550751397655,0.49246550751397655,0.16922188096684285,0.6159218152319031
cadd,all_1_50,7.458,0.1070000000000002,8,92,0.37273295809881174,0.2547091906272072,0.495025497450255,0.495025497450255,0.1700754476916103,0.6236274654936702
cadd,all_1_50,7.459,0.10699999999999932,9,93,0.41481571143254853,0.25456729103633047,0.572687453919079,0.572687453919079,0.1968024763516567,0.6790997814330677
cadd,all_1_50,7.461,0.10499999999999954,9,91,0.4239325402552419,0.26314814814814813,0.5848982785602503,0.5848982785602503,0.2004460400627646,0.6940422709700294
cadd,all_1_50,7.462,0.10400000000000009,9,91,0.4239325402552419,0.26314814814814813,0.5848982785602503,0.5848982785602503,0.2004460400627646,0.6940422709700294
cadd,all_1_50,7.464,0.1039999999999992,10,91,0.4710361558391577,0.268899697471126,0.6969283654040034,0.6969283654040034,0.23494825320337312,0.7611889743832027
cadd,all_1_50,7.467,0.1039999999999992,10,91,0.4710361558391577,0.27411265432098764,0.7020476705415589,0.7020476705415589,0.23552014098291263,0.7597056422841446
cadd,all_1_50,7.468,0.10400000000000009,10,90,0.47626989090403726,0.27411265432098764,0.7220327393031186,0.7220327393031186,0.23733884404239494,0.7677362259338084
cadd,all_1_50,7.469,0.10300000000000065,10,90,0.47626989090403726,0.27411265432098764,0.7220327393031186,0.7220327393031186,0.23733884404239494,0.7677362259338084
cadd,all_1_50,7.473,0.10400000000000009,10,91,0.4710361558391577,0.2751124929161784,0.7088563560385903,0.7088563560385903,0.23551807791957885,0.7587946287533447
cadd,all_1_50,7.475,0.10599999999999987,11,92,0.5125078173858661,0.27249415921135106,0.8250424957504249,0.8250424957504249,0.2666666666666667,0.81060178780924
cadd,all_1_50,7.477,0.10400000000000009,11,90,0.523896879994441,0.2735497864256885,0.8663915522180743,0.8663915522180743,0.2716024945672083,0.8307507815037761
cadd,all_1_50,7.478,0.10300000000000065,11,90,0.523896879994441,0.2735497864256885,0.8663915522180743,0.8663915522180743,0.2716024945672083,0.8307507815037761
cadd,all_1_50,7.481,0.10200000000000031,11,89,0.5297833617921314,0.2775875079816567,0.8738047386387342,0.8738047386387342,0.27486950916981834,0.8406994439628787
cadd,all_1_50,7.49,0.10599999999999987,11,90,0.523896879994441,0.27249415921135106,0.8792552111532216,0.8792552111532216,0.271567276187025,0.8306393074408265
cadd,all_1_50,7.492,0.10500000000000043,12,89,0.577945485591416,0.2828748890860692,0.9834137631131327,0.9834137631131327,0.3065554330479237,0.9033195467257435
cadd,all_1_50,7.494,0.10300000000000065,12,88,0.5845130479276821,0.28479810687041085,0.9985869425587208,0.9985869425587208,0.3097278299919621,0.9129924465981213
cadd,all_1_50,7.496,0.10400000000000009,12,88,0.5845130479276821,0.2902237308427421,0.9979469599939725,0.9979469599939725,0.3100618595263197,0.9098598391161875
cadd,all_1_50,7.5,0.10500000000000043,12,88,0.5845130479276821,0.28533706232359585,1.0251333978016124,1.0251333978016124,0.30989827047321616,0.9108237115943211
cadd,all_1_50,7.503,0.10299999999999976,12,89,0.577945485591416,0.277424580578935,1.0600922571185207,1.0600922571185207,0.3072582722322599,0.9001951923915793
cadd,all_1_50,7.504,0.10299999999999976,12,88,0.5845130479276821,0.28112332576761295,1.0635613951856349,1.0635613951856349,0.31118367795176505,0.9096046314985353
cadd,all_1_50,7.507,0.10299999999999976,12,88,0.5845130479276821,0.28436724682287057,1.0378693163437518,1.0378693163437518,0.31052658810746486,0.9087086285236948
cadd,all_1_50,7.508,0.10299999999999976,12,88,0.5845130479276821,0.28533706232359585,1.0251333978016124,1.0251333978016124,0.3100658941149739,0.9057426014692442
cadd,all_1_50,7.509,0.10200000000000031,12,88,0.5845130479276821,0.28533706232359585,1.0251333978016124,1.0251333978016124,0.3100658941149739,0.9057426014692442
cadd,all_1_50,7.511,0.10200000000000031,11,89,0.5297833617921314,0.27758309989713853,0.8806457173816679,0.8806457173816679,0.2701966360253688,0.836562816305158
cadd,all_1_50,7.513,0.10299999999999976,11,90,0.523896879994441,0.27758309989713853,0.8539851074139597,0.8539851074139597,0.26707980071769194,0.8292651197507485
cadd,all_1_50,7.515,0.10200000000000031,11,89,0.5297833617921314,0.2805710990345539,0.8650760391245793,0.8650760391245793,0.27127136255755646,0.8383161738940654
cadd,all_1_50,7.519,0.10299999999999976,10,90,0.47626989090403726,0.1961829325664088,0.7797610435956791,0.7797610435956791,0.23695789654732016,0.767102184271359
cadd,all_1_50,7.52,0.10200000000000031,10,90,0.47626989090403726,0.1961829325664088,0.7797610435956791,0.7797610435956791,0.23695789654732016,0.767102184271359
cadd,all_1_50,7.521,0.10099999999999998,10,90,0.47626989090403726,0.1961829325664088,0.7797610435956791,0.7797610435956791,0.23695789654732016,0.767102184271359
cadd,all_1_50,7.523,0.10099999999999998,10,90,0.47626989090403726,0.19855699855699854,0.757695044186676,0.757695044186676,0.23666070456428126,0.7667840539237734
cadd,all_1_50,7.524,0.10099999999999998,10,90,0.47626989090403726,0.19855699855699854,0.757695044186676,0.757695044186676,0.23666070456428126,0.7667840539237734
cadd,all_1_50,7.525,0.10199999999999942,10,92,0.4659161976235147,0.19247165532879817,0.737824375329671,0.737824375329671,0.23122041741833407,0.7485526670807277
cadd,all_1_50,7.533,0.10000000000000053,11,89,0.5297833617921314,0.22429234188470598,0.8007905991289677,0.8007905991289677,0.2739030600889044,0.8359620649647967
cadd,all_1_50,7.537,0.10200000000000031,11,91,0.5181397714230734,0.21889887279907969,0.7930727273078139,0.7930727273078139,0.2681050246967052,0.819153734753617
cadd,all_1_50,7.539,0.10000000000000053,11,89,0.5297833617921314,0.22934052513739062,0.810899854359948,0.810899854359948,0.2736164184057199,0.836300381723779
cadd,all_1_50,7.549,0.09800000000000075,11,91,0.5181397714230734,0.22357181403066748,0.7917017583949139,0.7917017583949139,0.2690589170471214,0.8168206719511023
cadd,all_1_50,7.551,0.0990000000000002,10,90,0.47626989090403726,0.16093039753276409,0.7829952524816574,0.7829952524816574,0.23703322236093777,0.7604931588961655
cadd,all_1_50,7.554,0.10099999999999998,9,91,0.4239325402552419,0.1561683893835447,0.7135299156975012,0.7135299156975012,0.20111659899962386,0.694895359153918
cadd,all_1_50,7.556,0.10299999999999976,9,93,0.41481571143254853,0.15087719298245614,0.6970769766276987,0.6970769766276987,0.1964664444518935,0.6766524489471164
cadd,all_1_50,7.557,0.10199999999999942,9,92,0.41932457786116323,0.15087719298245614,0.7070352191509515,0.7070352191509515,0.19876651786938854,0.6853037963377618
cadd,all_1_50,7.565,0.10400000000000009,9,91,0.4239325402552419,0.15444015444015444,0.7073549480024469,0.7073549480024469,0.200347801543336,0.692883444010078
cadd,all_1_50,7.566,0.10499999999999954,9,91,0.4239325402552419,0.15444015444015444,0.7073549480024469,0.7073549480024469,0.200347801543336,0.692883444010078
cadd,all_1_50,7.568,0.10400000000000009,9,91,0.4239325402552419,0.1465032373381757,0.727107415482029,0.727107415482029,0.20169541351133544,0.6931543358575377
cadd,all_1_50,7.571,0.10699999999999932,9,91,0.4239325402552419,0.1465032373381757,0.727107415482029,0.727107415482029,0.20169541351133544,0.6931543358575377
cadd,all_1_50,7.572,0.1070000000000002,10,90,0.47626989090403726,0.19917812767370288,0.7504194704514177,0.7504194704514177,0.23844237772946517,0.7610215937953017
cadd,all_1_50,7.573,0.10600000000000076,10,90,0.47626989090403726,0.19917812767370288,0.7504194704514177,0.7504194704514177,0.23844237772946517,0.7610215937953017
cadd,all_1_50,7.577,0.1070000000000002,10,90,0.47626989090403726,0.196011396011396,0.7535313683422368,0.7535313683422368,0.23919621260947196,0.7615777829119436
cadd,all_1_50,7.581,0.10800000000000054,10,90,0.47626989090403726,0.196011396011396,0.7535313683422368,0.7535313683422368,0.23919621260947196,0.7615777829119436
cadd,all_1_50,7.593,0.11000000000000032,9,91,0.4239325402552419,0.19855699855699854,0.6319882473448704,0.6319882473448704,0.20137323242964839,0.6912633085750249
cadd,all_1_50,7.595,0.10800000000000054,9,91,0.4239325402552419,0.19855699855699854,0.6319882473448704,0.6319882473448704,0.20137323242964839,0.6912633085750249
cadd,all_1_50,7.596,0.1070000000000002,9,91,0.4239325402552419,0.19855699855699854,0.6319882473448704,0.6319882473448704,0.20137323242964839,0.6912633085750249
cadd,all_1_50,7.597,0.1070000000000002,9,91,0.4239325402552419,0.19855699855699854,0.6319882473448704,0.6319882473448704,0.20137323242964839,0.6912633085750249
cadd,all_1_50,7.6,0.10799999999999965,9,91,0.4239325402552419,0.1933775366686759,0.6479207726698704,0.6479207726698704,0.20104963071017723,0.6922326679693137
cadd,all_1_50,7.604,0.10799999999999965,7,94,0.3192021609250463,0.13174874528229466,0.5168272967511269,0.5168272967511269,0.13525022190567157,0.5431906740983389
cadd,all_1_50,7.606,0.10599999999999987,7,93,0.32263444222531557,0.13174874528229466,0.5302119224241961,0.5302119224241961,0.1363317511455362,0.5488304768873317
cadd,all_1_50,7.608,0.10600000000000076,6,95,0.2707218327244001,0.05354381443298969,0.4775495052030197,0.4775495052030197,0.0997613830586677,0.4758069344392155
cadd,all_1_50,7.611,0.10400000000000009,6,94,0.2736018522214682,0.05569698467622343,0.470756930964687,0.470756930964687,0.10033724204834567,0.4813800152115187
cadd,all_1_50,7.612,0.10400000000000009,6,94,0.2736018522214682,0.05650418735269044,0.46639807049279175,0.46639807049279175,0.10046653096210734,0.4828474669922392
cadd,all_1_50,7.613,0.10500000000000043,6,94,0.2736018522214682,0.05650418735269044,0.46639807049279175,0.46639807049279175,0.10046653096210734,0.4828474669922392
cadd,all_1_50,7.616,0.10799999999999965,6,95,0.2707218327244001,0.05646372357494069,0.4605577406446128,0.4605577406446128,0.09973712693345164,0.4775744997545702
cadd,all_1_50,7.617,0.10799999999999965,6,95,0.2707218327244001,0.05607608749385814,0.46211918911212396,0.46211918911212396,0.09983450820785233,0.4777944314887898
cadd,all_1_50,7.62,0.10899999999999999,6,95,0.2707218327244001,0.05489557721195453,0.4583102493074792,0.4583102493074792,0.09999963548880951,0.4777465995769143
cadd,all_1_50,7.622,0.10899999999999999,6,94,0.2736018522214682,0.055331247726856776,0.4602854996243426,0.4602854996243426,0.10042238779960694,0.48268667071150806
cadd,all_1_50,7.624,0.11099999999999977,6,94,0.2736018522214682,0.055331247726856776,0.4602854996243426,0.4602854996243426,0.10042238779960694,0.48268667071150806
cadd,all_1_50,7.626,0.1120000000000001,6,94,0.2736018522214682,0.055331247726856776,0.4602854996243426,0.4602854996243426,0.10009770790478989,0.48162325920011273
cadd,all_1_50,7.627,0.1120000000000001,6,94,0.2736018522214682,0.055331247726856776,0.4602854996243426,0.4602854996243426,0.10009770790478989,0.48162325920011273
cadd,all_1_50,7.628,0.11299999999999955,6,95,0.2707218327244001,0.05398247710075667,0.45896040030233154,0.45896040030233154,0.09897576133356227,0.4767246461708742
cadd,all_1_50,7.629,0.1120000000000001,6,94,0.2736018522214682,0.055331247726856776,0.4602854996243426,0.4602854996243426,0.09998970895176254,0.4821648033684062
cadd,all_1_50,7.631,0.11100000000000065,6,94,0.2736018522214682,0.05569698467622343,0.45357987737169897,0.45357987737169897,0.10023031637919787,0.48191964950923155
cadd,all_1_50,7.633,0.11300000000000043,6,94,0.2736018522214682,0.05569698467622343,0.45357987737169897,0.45357987737169897,0.10023031637919787,0.48191964950923155
cadd,all_1_50,7.634,0.11399999999999988,6,95,0.2707218327244001,0.05569698467622343,0.4454368227898035,0.4454368227898035,0.09898966452094707,0.4769265874086567
cadd,all_1_50,7.635,0.11399999999999988,6,94,0.2736018522214682,0.0563295413225287,0.44572957695762,0.44572957695762,0.09991548639039459,0.48189335582457177
cadd,all_1_50,7.639,0.11600000000000055,6,94,0.2736018522214682,0.05715465343191601,0.4398709559328238,0.4398709559328238,0.10010729899654305,0.4818895077100214
cadd,all_1_50,7.642,0.11699999999999999,6,94,0.2736018522214682,0.058398538958042694,0.43174266802710415,0.43174266802710415,0.09955807682339445,0.48190474747497936
cadd,all_1_50,7.644,0.11899999999999977,6,95,0.2707218327244001,0.058398538958042694,0.4235794390464229,0.4235794390464229,0.09830802269345423,0.47743687505982046
cadd,all_1_50,7.646,0.11899999999999977,6,94,0.2736018522214682,0.05865681917781946,0.4326044703595724,0.4326044703595724,0.09959466999281537,0.4825995206807266
cadd,all_1_50,7.65,0.11699999999999999,6,94,0.2736018522214682,0.05865681917781946,0.4326044703595724,0.4326044703595724,0.09959466999281537,0.4825995206807266
cadd,all_1_50,7.651,0.11799999999999944,6,94,0.2736018522214682,0.05865681917781946,0.4326044703595724,0.4326044703595724,0.09959466999281537,0.4825995206807266
cadd,all_1_50,7.659,0.11600000000000055,6,94,0.2736018522214682,0.05979597463468431,0.4259304517243829,0.4259304517243829,0.09914898988913644,0.4833391040212005
cadd,all_1_50,7.664,0.11299999999999955,6,94,0.2736018522214682,0.05908669403100074,0.42753812539265124,0.42753812539265124,0.09908706846327887,0.48261913992095873
cadd,all_1_50,7.668,0.11399999999999988,6,94,0.2736018522214682,0.058013120899718836,0.42753812539265124,0.42753812539265124,0.09936168483097813,0.48511645216981025
cadd,all_1_50,7.672,0.11499999999999932,7,93,0.32263444222531557,0.06983309463479123,0.5145220856058735,0.5145220856058735,0.13689659350547573,0.5518211468775934
cadd,all_1_50,7.679,0.1120000000000001,6,95,0.2707218327244001,0.06941352867302754,0.4386266946012034,0.4386266946012034,0.09953200708588185,0.4803689246367927
cadd,all_1_50,7.684,0.11099999999999977,5,95,0.22560152727033342,0.07184909108260745,0.38255953189230557,0.38255953189230557,0.07999350295420447,0.41311588111092296
cadd,all_1_50,7.69,0.10899999999999999,5,96,0.22325151136126745,0.07067016425776716,0.3789840871380734,0.3789840871380734,0.07939675343452182,0.4081665986358678
cadd,all_1_50,7.692,0.10799999999999965,4,96,0.17860120908901395,0.050639896047686685,0.3515302900746682,0.3515302900746682,0.043565764495997056,0.3433032401548143
cadd,all_1_50,7.695,0.10499999999999954,4,96,0.17860120908901395,0.050639896047686685,0.3515302900746682,0.3515302900746682,0.043565764495997056,0.3433032401548143
cadd,all_1_50,7.703,0.1070000000000002,4,97,0.17675995951077672,0.050292397660818715,0.34292105842586074,0.34292105842586074,0.043138483827463076,0.3407238606634996
cadd,all_1_50,7.706,0.11000000000000032,4,97,0.17675995951077672,0.050292397660818715,0.34292105842586074,0.34292105842586074,0.043138483827463076,0.3407238606634996
cadd,all_1_50,7.71,0.11099999999999977,4,96,0.17860120908901395,0.0,0.4672840389016018,0.4672840389016018,0.04392763865383625,0.3483596994524101
cadd,all_1_50,7.712,0.11000000000000032,4,96,0.17860120908901395,0.0,0.4709572091424643,0.4709572091424643,0.043920919423132025,0.34916465349128273
cadd,all_1_50,7.714,0.10899999999999999,4,96,0.17860120908901395,0.0,0.4678309110795959,0.4678309110795959,0.044028347769656584,0.3488247107817098
cadd,all_1_50,7.715,0.10899999999999999,4,97,0.17675995951077672,0.0,0.4526778979129997,0.4526778979129997,0.04356473004479926,0.34484755457652383
cadd,all_1_50,7.716,0.11000000000000032,4,97,0.17675995951077672,0.0,0.4526778979129997,0.4526778979129997,0.04356473004479926,0.34484755457652383
cadd,all_1_50,7.724,0.11300000000000043,4,96,0.17860120908901395,0.0,0.46060855263157896,0.46060855263157896,0.043927526708430385,0.3502943004423647
cadd,all_1_50,7.725,0.11399999999999988,4,96,0.17860120908901395,0.0,0.46060855263157896,0.46060855263157896,0.043927526708430385,0.3502943004423647
cadd,all_1_50,7.728,0.11300000000000043,4,96,0.17860120908901395,0.0,0.48841562669560495,0.48841562669560495,0.044075424543736245,0.34957233176634456
cadd,all_1_50,7.731,0.11500000000000021,4,97,0.17675995951077672,0.0,0.48841562669560495,0.48841562669560495,0.043564170381393534,0.34611760879023334
cadd,all_1_50,7.738,0.11800000000000033,4,96,0.17860120908901395,0.0,0.46060855263157896,0.46060855263157896,0.04384029409402635,0.35041187001369156
cadd,all_1_50,7.741,0.11900000000000066,4,96,0.17860120908901395,0.0,0.46060855263157896,0.46060855263157896,0.043860932706061215,0.35070882877684256
cadd,all_1_50,7.742,0.11899999999999977,4,96,0.17860120908901395,0.0,0.4721323571882399,0.4721323571882399,0.04381689931111477,0.35054219116347946
cadd,all_1_50,7.748,0.11899999999999977,3,98,0.13121721484090823,0.0,0.32583782932304184,0.32583782932304184,0.03411853295686953,0.27701770808468706
cadd,all_1_50,7.754,0.12299999999999933,3,97,0.13256996963308254,0.0,0.32969827070112023,0.32969827070112023,0.034248568014734186,0.2792723770300863
cadd,all_1_50,7.758,0.12399999999999967,3,97,0.13256996963308254,0.0,0.3229715352608962,0.3229715352608962,0.034377230254787554,0.2802744174261244
cadd,all_1_50,7.759,0.125,3,97,0.13256996963308254,0.0,0.3229715352608962,0.3229715352608962,0.034377230254787554,0.2802744174261244
cadd,all_1_50,7.762,0.12699999999999978,3,98,0.13121721484090823,0.0,0.3165308045307098,0.3165308045307098,0.033979477856394144,0.2766734406591131
cadd,all_1_50,7.765,0.1299999999999999,3,98,0.13121721484090823,0.0,0.3165308045307098,0.3165308045307098,0.033979477856394144,0.2766734406591131
cadd,all_1_50,7.77,0.12900000000000045,3,99,0.1298917884283738,0.0,0.3182719798268729,0.3182719798268729,0.03294481192051693,0.2735852400607925
cadd,all_1_50,7.773,0.12699999999999978,3,97,0.13256996963308254,0.0,0.3233014511746178,0.3233014511746178,0.033566942639032725,0.27998556422431065
cadd,all_1_50,7.774,0.1280000000000001,3,98,0.13121721484090823,0.0,0.32295455946729146,0.32295455946729146,0.033566942639032725,0.2759077850775373
cadd,all_1_50,7.775,0.12799999999999923,3,97,0.13256996963308254,0.0,0.3262839879154079,0.3262839879154079,0.03373839165548257,0.2797961018946466
cadd,all_1_50,7.776,0.12699999999999978,3,97,0.13256996963308254,0.0,0.3262839879154079,0.3262839879154079,0.03373839165548257,0.2797961018946466
cadd,all_1_50,7.781,0.1299999999999999,3,97,0.13256996963308254,0.0,0.3262839879154079,0.3262839879154079,0.033565567283436036,0.2802520372252459
cadd,all_1_50,7.784,0.1280000000000001,3,97,0.13256996963308254,0.0,0.32992663589817267,0.32992663589817267,0.03319158446796551,0.2796261955911004
cadd,all_1_50,7.785,0.12699999999999978,3,97,0.13256996963308254,0.0,0.32992663589817267,0.32992663589817267,0.03319158446796551,0.2796261955911004
cadd,all_1_50,7.786,0.12699999999999978,3,97,0.13256996963308254,0.0,0.32992663589817267,0.32992663589817267,0.03319158446796551,0.2796261955911004
cadd,all_1_50,7.788,0.12699999999999978,4,96,0.17860120908901395,0.05620915032679738,0.3490314229156718,0.3490314229156718,0.04342949989996683,0.35027984731642775
cadd,all_1_50,7.789,0.12600000000000033,4,96,0.17860120908901395,0.05620915032679738,0.3490314229156718,0.3490314229156718,0.04342949989996683,0.35027984731642775
cadd,all_1_50,7.791,0.125,4,96,0.17860120908901395,0.05704809286898839,0.3480920382379827,0.3480920382379827,0.04338695484640698,0.35018744926116624
cadd,all_1_50,7.793,0.125,4,96,0.17860120908901395,0.05704809286898839,0.3480920382379827,0.3480920382379827,0.04338695484640698,0.35018744926116624
cadd,all_1_50,7.794,0.12599999999999945,4,96,0.17860120908901395,0.05704809286898839,0.3480920382379827,0.3480920382379827,0.04338695484640698,0.35018744926116624
cadd,all_1_50,7.795,0.12699999999999978,4,96,0.17860120908901395,0.05704809286898839,0.3480920382379827,0.3480920382379827,0.04338695484640698,0.35018744926116624
cadd,all_1_50,7.796,0.1280000000000001,4,96,0.17860120908901395,0.05704809286898839,0.3480920382379827,0.3480920382379827,0.04338695484640698,0.35018744926116624
cadd,all_1_50,7.798,0.12899999999999956,4,96,0.17860120908901395,0.05704809286898839,0.33846576398668304,0.33846576398668304,0.043496204693654505,0.3498872488724887
cadd,all_1_50,7.8,0.1280000000000001,4,96,0.17860120908901395,0.05704809286898839,0.33846576398668304,0.33846576398668304,0.043496204693654505,0.3498872488724887
cadd,all_1_50,7.808,0.12699999999999978,3,98,0.13121721484090823,0.0,0.2970877891510016,0.2970877891510016,0.03504205984335306,0.2759084100867958
cadd,all_1_50,7.809,0.12599999999999945,3,98,0.13121721484090823,0.0,0.2970877891510016,0.2970877891510016,0.03504205984335306,0.2759084100867958
cadd,all_1_50,7.81,0.12599999999999945,3,98,0.13121721484090823,0.0,0.2970877891510016,0.2970877891510016,0.03504205984335306,0.2759084100867958
cadd,all_1_50,7.818,0.12799999999999923,3,98,0.13121721484090823,0.0,0.29204472249733954,0.29204472249733954,0.035104524882156415,0.27624467050682944
cadd,all_1_50,7.82,0.1280000000000001,3,98,0.13121721484090823,0.0,0.2848530160734326,0.2848530160734326,0.034818670409572344,0.2759375519984525
cadd,all_1_50,7.821,0.12899999999999956,3,99,0.1298917884283738,0.0,0.2824235105955295,0.2824235105955295,0.03462723495728405,0.2724332161288611
cadd,all_1_50,7.822,0.1280000000000001,3,97,0.13256996963308254,0.0,0.28540081106605186,0.28540081106605186,0.03530991659054965,0.2788076658464109
cadd,all_1_50,7.823,0.12799999999999923,3,99,0.1298917884283738,0.0,0.2766124769554063,0.2766124769554063,0.03452675585026174,0.2724035219035436
cadd,all_1_50,7.824,0.12699999999999978,3,98,0.13121721484090823,0.0,0.27774399513529946,0.27774399513529946,0.03483468153175329,0.2747398079028496
cadd,all_1_50,7.831,0.12299999999999933,3,98,0.13121721484090823,0.0,0.2820908853383678,0.2820908853383678,0.035016318567476896,0.2753188954517531
cadd,all_1_50,7.834,0.12300000000000022,3,97,0.13256996963308254,0.0,0.28192381129800853,0.28192381129800853,0.0351071857592893,0.2782209179044071
cadd,all_1_50,7.836,0.12199999999999989,3,98,0.13121721484090823,0.0,0.2766124769554063,0.2766124769554063,0.034766217540378216,0.2753719256665992
cadd,all_1_50,7.841,0.12300000000000022,3,97,0.13256996963308254,0.0,0.2766124769554063,0.2766124769554063,0.03530991659054965,0.2787789126046882
cadd,all_1_50,7.845,0.12099999999999955,3,98,0.13121721484090823,0.0,0.2766124769554063,0.2766124769554063,0.03499048119465441,0.2758682236611849
cadd,all_1_50,7.851,0.1200000000000001,3,97,0.13256996963308254,0.0,0.2902919754790574,0.2902919754790574,0.035292520782974644,0.27897412637457397
cadd,all_1_50,7.855,0.11899999999999977,3,97,0.13256996963308254,0.0,0.29402038976227096,0.29402038976227096,0.035392254403927056,0.27954712533555415
cadd,all_1_50,7.86,0.11899999999999977,3,98,0.13121721484090823,0.0,0.28197600780540244,0.28197600780540244,0.03494399852478821,0.27699246558310353
cadd,all_1_50,7.861,0.11899999999999977,3,97,0.13256996963308254,0.0,0.28446666666666665,0.28446666666666665,0.03530855662743065,0.27982303428161354
cadd,all_1_50,7.862,0.1200000000000001,3,97,0.13256996963308254,0.0,0.28446666666666665,0.28446666666666665,0.03530855662743065,0.27982303428161354
cadd,all_1_50,7.863,0.12100000000000044,3,97,0.13256996963308254,0.0,0.28446666666666665,0.28446666666666665,0.03530855662743065,0.27982303428161354
cadd,all_1_50,7.864,0.12199999999999989,3,97,0.13256996963308254,0.0,0.28446666666666665,0.28446666666666665,0.03530855662743065,0.27982303428161354
cadd,all_1_50,7.866,0.12100000000000044,3,97,0.13256996963308254,0.0,0.28667836837702226,0.28667836837702226,0.035200778798412075,0.2807825467292004
cadd,all_1_50,7.867,0.1200000000000001,3,97,0.13256996963308254,0.0,0.28667836837702226,0.28667836837702226,0.035200778798412075,0.2807825467292004
cadd,all_1_50,7.879,0.11699999999999999,3,97,0.13256996963308254,0.0,0.28019827475564424,0.28019827475564424,0.03526507782845621,0.2802869056045643
cadd,all_1_50,7.88,0.11699999999999999,3,97,0.13256996963308254,0.0,0.28019827475564424,0.28019827475564424,0.03538920618341728,0.2809136134484709
cadd,all_1_50,7.882,0.11699999999999999,3,97,0.13256996963308254,0.0,0.28019827475564424,0.28019827475564424,0.03538920618341728,0.2809136134484709
cadd,all_1_50,7.888,0.11899999999999977,3,97,0.13256996963308254,0.0,0.28918419406756896,0.28918419406756896,0.03565979963202657,0.280001370930287
cadd,all_1_50,7.889,0.11900000000000066,3,97,0.13256996963308254,0.0,0.28918419406756896,0.28918419406756896,0.03565979963202657,0.280001370930287
cadd,all_1_50,7.898,0.11599999999999966,4,96,0.17860120908901395,0.05044760045769671,0.3583608529726308,0.3583608529726308,0.04390801159724628,0.34676693136706743
cadd,all_1_50,7.899,0.11500000000000021,4,96,0.17860120908901395,0.05044760045769671,0.3583608529726308,0.3583608529726308,0.04390801159724628,0.34676693136706743
cadd,all_1_50,7.901,0.11599999999999966,3,98,0.13121721484090823,0.046735514443673264,0.24636221339798328,0.24636221339798328,0.0,0.27401066534836854
cadd,all_1_50,7.903,0.11699999999999999,3,97,0.13256996963308254,0.0478640697804214,0.24923163476865692,0.24923163476865692,0.0,0.2771881369989428
cadd,all_1_50,7.908,0.12099999999999955,3,97,0.13256996963308254,0.049052977969805824,0.24389681904656796,0.24389681904656796,0.0,0.27755230922099594
cadd,all_1_50,7.912,0.12300000000000022,4,96,0.17860120908901395,0.058640869311094655,0.27781234875198785,0.27781234875198785,0.04366102985836113,0.3493047300279524
cadd,all_1_50,7.914,0.12299999999999933,4,96,0.17860120908901395,0.06051675875187273,0.27280936688519625,0.27280936688519625,0.043806627221959535,0.3504188519643721
cadd,all_1_50,7.915,0.12399999999999967,4,97,0.17675995951077672,0.05916654814393401,0.27266402174423887,0.27266402174423887,0.04337162769377035,0.34618061347182455
cadd,all_1_50,7.916,0.125,4,97,0.17675995951077672,0.05916654814393401,0.27266402174423887,0.27266402174423887,0.04337162769377035,0.34618061347182455
cadd,all_1_50,7.927,0.13000000000000078,4,96,0.17860120908901395,0.06007398140425663,0.2694545019593176,0.2694545019593176,0.043952016135781584,0.3498872488724887
cadd,all_1_50,7.93,0.1299999999999999,4,96,0.17860120908901395,0.060526214473726477,0.26754840466504215,0.26754840466504215,0.04384046851823436,0.3512900261129306
cadd,all_1_50,7.931,0.13100000000000023,4,96,0.17860120908901395,0.060526214473726477,0.26754840466504215,0.26754840466504215,0.04384046851823436,0.3512900261129306
cadd,all_1_50,7.935,0.1299999999999999,5,95,0.22560152727033342,0.06148158291113242,0.3285805347737109,0.3285805347737109,0.07822754341295748,0.41701138804908827
cadd,all_1_50,7.938,0.128000000000001,6,94,0.2736018522214682,0.0720919781289791,0.4585746155306626,0.4585746155306626,0.09630171080357834,0.48274872310488354
cadd,all_1_50,7.94,0.12699999999999978,6,95,0.2707218327244001,0.06896903015484922,0.45365721775415124,0.45365721775415124,0.09552389092497775,0.4787672974404131
cadd,all_1_50,7.945,0.125,6,94,0.2736018522214682,0.06896903015484922,0.4585746155306626,0.4585746155306626,0.09703707020561808,0.4829535066325173
cadd,all_1_50,7.947,0.12600000000000033,6,94,0.2736018522214682,0.07031192928628827,0.4585746155306626,0.4585746155306626,0.09666444178319422,0.48396904927521783
cadd,all_1_50,7.948,0.1269999999999989,6,95,0.2707218327244001,0.06896903015484922,0.45365721775415124,0.45365721775415124,0.09599002661756875,0.47856897288374767
cadd,all_1_50,7.95,0.12600000000000033,5,95,0.22560152727033342,0.0,0.424299903633076,0.424299903633076,0.07813135901947724,0.41397390056407135
cadd,all_1_50,7.951,0.12699999999999978,5,95,0.22560152727033342,0.0,0.424299903633076,0.424299903633076,0.07813135901947724,0.41397390056407135
cadd,all_1_50,7.954,0.12600000000000033,5,95,0.22560152727033342,0.0,0.4259754839308214,0.4259754839308214,0.07825573261820779,0.41229358986612535
cadd,all_1_50,7.957,0.12599999999999945,5,95,0.22560152727033342,0.0,0.4259754839308214,0.4259754839308214,0.07825573261820779,0.41229358986612535
cadd,all_1_50,7.958,0.12699999999999978,5,95,0.22560152727033342,0.0,0.4259754839308214,0.4259754839308214,0.07825573261820779,0.41229358986612535
cadd,all_1_50,7.961,0.1299999999999999,5,95,0.22560152727033342,0.0,0.4259754839308214,0.4259754839308214,0.07825573261820779,0.41229358986612535
cadd,all_1_50,7.962,0.13099999999999934,5,95,0.22560152727033342,0.0,0.4259754839308214,0.4259754839308214,0.07825573261820779,0.41229358986612535
cadd,all_1_50,7.963,0.13099999999999934,5,95,0.22560152727033342,0.0,0.4259754839308214,0.4259754839308214,0.0782260929303158,0.41303194886993266
cadd,all_1_50,7.964,0.13000000000000078,5,95,0.22560152727033342,0.0,0.4259754839308214,0.4259754839308214,0.0782260929303158,0.41303194886993266
cadd,all_1_50,7.966,0.13099999999999934,5,95,0.22560152727033342,0.0,0.43460277742053943,0.43460277742053943,0.07811986604859782,0.41237414616894347
cadd,all_1_50,7.969,0.13200000000000056,5,95,0.22560152727033342,0.0,0.4374407839527896,0.4374407839527896,0.07847751677054496,0.41179770882093936
cadd,all_1_50,7.97,0.13100000000000112,5,95,0.22560152727033342,0.0,0.4374407839527896,0.4374407839527896,0.07847751677054496,0.41179770882093936
cadd,all_1_50,7.974,0.13100000000000023,5,95,0.22560152727033342,0.0,0.4231871704848217,0.4231871704848217,0.0784080308137838,0.41405653081747956
cadd,all_1_50,7.976,0.13099999999999934,5,96,0.22325151136126745,0.0,0.40921525396047687,0.40921525396047687,0.07767723147591238,0.41010334575583884
cadd,all_1_50,7.979,0.1280000000000001,5,95,0.22560152727033342,0.0,0.41318988347031976,0.41318988347031976,0.07840654819201352,0.41480087326995724
cadd,all_1_50,7.987,0.12899999999999956,5,95,0.22560152727033342,0.0,0.41326589205285547,0.41326589205285547,0.07798908344767021,0.4148167248312437
cadd,all_1_50,7.988,0.1280000000000001,5,95,0.22560152727033342,0.0,0.41326589205285547,0.41326589205285547,0.07798908344767021,0.4148167248312437
cadd,all_1_50,7.99,0.1299999999999999,5,95,0.22560152727033342,0.0,0.41326589205285547,0.41326589205285547,0.07798908344767021,0.4148167248312437
cadd,all_1_50,7.993,0.13199999999999967,5,96,0.22325151136126745,0.0,0.4124604366093008,0.4124604366093008,0.0772899540049204,0.4107017150377933
cadd,all_1_50,7.995,0.13199999999999967,6,94,0.2736018522214682,0.07031192928628827,0.4760309772943314,0.4760309772943314,0.0962624356459965,0.48748092850689256
cadd,all_1_50,7.997,0.13399999999999945,6,95,0.2707218327244001,0.06945446673401645,0.4658895601123117,0.4658895601123117,0.09516539128730307,0.48349166125515086
cadd,all_1_50,8.007,0.1280000000000001,6,94,0.2736018522214682,0.06940327614915855,0.4779591836734694,0.4779591836734694,0.09669314727523129,0.48747756791962754
cadd,all_1_50,8.011,0.12899999999999956,6,94,0.2736018522214682,0.06559467318611299,0.4867502866845048,0.4867502866845048,0.09684275516665507,0.4873078989644153
cadd,all_1_50,8.012,0.12899999999999956,6,94,0.2736018522214682,0.06801537373609956,0.47976524096941475,0.47976524096941475,0.09707421638333408,0.4855085738551674
cadd,all_1_50,8.013,0.1280000000000001,6,94,0.2736018522214682,0.06801537373609956,0.47976524096941475,0.47976524096941475,0.09707421638333408,0.4855085738551674
cadd,all_1_50,8.014,0.12700000000000067,6,94,0.2736018522214682,0.06801537373609956,0.47976524096941475,0.47976524096941475,0.09707421638333408,0.4855085738551674
cadd,all_1_50,8.017,0.12899999999999956,6,94,0.2736018522214682,0.06801537373609956,0.47976524096941475,0.47976524096941475,0.09707421638333408,0.4855085738551674
cadd,all_1_50,8.029,0.1299999999999999,8,95,0.3609624436325335,0.06440086703683157,0.612169170532302,0.612169170532302,0.16124938095360677,0.6042114477454307
cadd,all_1_50,8.03,0.12900000000000134,8,92,0.37273295809881174,0.06592725876864582,0.6256168661600281,0.6256168661600281,0.16744868082449316,0.6235930047729147
cadd,all_1_50,8.036,0.133,9,92,0.41932457786116323,0.14126666030473645,0.6564339209345822,0.6564339209345822,0.2008919439911067,0.6892519968950819
cadd,all_1_50,8.039,0.13099999999999934,9,91,0.4239325402552419,0.14428484301194913,0.6595518825370323,0.6595518825370323,0.20316679515309655,0.6962037827392878
cadd,all_1_50,8.044,0.13100000000000023,9,91,0.4239325402552419,0.14353992918039257,0.6595021250758957,0.6595021250758957,0.2042647203541472,0.6960314279344877
cadd,all_1_50,8.047,0.13100000000000023,8,92,0.37273295809881174,0.14343628003981249,0.5776730455498873,0.5776730455498873,0.169278808188226,0.6238896645497852
cadd,all_1_50,8.048,0.13199999999999967,8,94,0.3648024696286243,0.13893689167946938,0.5533004444987817,0.5533004444987817,0.16518687769247803,0.6103076485316595
cadd,all_1_50,8.049,0.13100000000000023,8,93,0.3687250768289321,0.14101326690322885,0.5539961013645225,0.5539961013645225,0.16675123173480594,0.6151935096341247
cadd,all_1_50,8.055,0.125,8,92,0.37273295809881174,0.1428552635513302,0.5614005653935525,0.5614005653935525,0.1683536496648297,0.6203141695142588
cadd,all_1_50,8.057,0.12599999999999945,8,94,0.3648024696286243,0.13897426423368378,0.5614005653935525,0.5614005653935525,0.16460926359087724,0.6076556546992897
cadd,all_1_50,8.058,0.125,8,92,0.37273295809881174,0.13909840975479112,0.5727748987118096,0.5727748987118096,0.16949233593907742,0.6217460685721977
cadd,all_1_50,8.065,0.12699999999999978,8,92,0.37273295809881174,0.13932782452489723,0.5714436026936027,0.5714436026936027,0.16792984544635828,0.6195066661402496
cadd,all_1_50,8.066,0.128000000000001,8,92,0.37273295809881174,0.13932782452489723,0.5714436026936027,0.5714436026936027,0.16792984544635828,0.6195066661402496
cadd,all_1_50,8.067,0.12900000000000045,8,92,0.37273295809881174,0.13932782452489723,0.5714436026936027,0.5714436026936027,0.16792984544635828,0.6195066661402496
cadd,all_1_50,8.071,0.133,8,93,0.3687250768289321,0.13907746850720373,0.5577646352488147,0.5577646352488147,0.16634358303066885,0.6138294796874463
cadd,all_1_50,8.075,0.13100000000000023,8,93,0.3687250768289321,0.1402978631556227,0.5532255301816346,0.5532255301816346,0.16640007755319666,0.6132365828368147
cadd,all_1_50,8.076,0.129999999999999,8,92,0.37273295809881174,0.14380530973451328,0.5532590233545648,0.5532590233545648,0.16768000399173896,0.6206108808774595
cadd,all_1_50,8.08,0.13000000000000078,8,92,0.37273295809881174,0.14380530973451328,0.5532590233545648,0.5532590233545648,0.1669180917373001,0.6203200341691398
cadd,all_1_50,8.094,0.13200000000000145,9,91,0.4239325402552419,0.14609404429037035,0.6346596874059061,0.6346596874059061,0.19865295920147882,0.699001972861195
cadd,all_1_50,8.097,0.13199999999999967,9,92,0.41932457786116323,0.14146801543899812,0.6489510372303565,0.6489510372303565,0.1962668765260593,0.6890260491869423
cadd,all_1_50,8.101,0.13099999999999845,9,92,0.41932457786116323,0.1404891266249856,0.6589326308952477,0.6589326308952477,0.19648844111118624,0.6890260491869423
cadd,all_1_50,8.102,0.129999999999999,9,91,0.4239325402552419,0.14146801543899812,0.6632044484676063,0.6632044484676063,0.19820018022014227,0.6962103647073569
cadd,all_1_50,8.104,0.129999999999999,9,92,0.41932457786116323,0.14146801543899812,0.6489510372303565,0.6489510372303565,0.19526792642293123,0.6878910074397425
cadd,all_1_50,8.105,0.12900000000000045,9,91,0.4239325402552419,0.14146801543899812,0.6632044484676063,0.6632044484676063,0.1970759627786991,0.6962103647073569
cadd,all_1_50,8.107,0.1280000000000001,9,91,0.4239325402552419,0.14083539786612242,0.6660702071526285,0.6660702071526285,0.1974611938837771,0.6961266482323484
cadd,all_1_50,8.114,0.12700000000000067,9,91,0.4239325402552419,0.13907746850720373,0.6727252113827444,0.6727252113827444,0.1971113165044079,0.696383733814806
cadd,all_1_50,8.116,0.12700000000000067,10,91,0.4710361558391577,0.17577051365645666,0.7188884588354373,0.7188884588354373,0.2326698230791068,0.7566749132313338
cadd,all_1_50,8.122,0.125,10,90,0.47626989090403726,0.1782326917841664,0.7173179044146787,0.7173179044146787,0.2362206159437522,0.765201749838357
cadd,all_1_50,8.125,0.1280000000000001,10,90,0.47626989090403726,0.1782326917841664,0.7173179044146787,0.7173179044146787,0.2362206159437522,0.765201749838357
cadd,all_1_50,8.126,0.12899999999999956,10,90,0.47626989090403726,0.1782326917841664,0.7173179044146787,0.7173179044146787,0.2362206159437522,0.765201749838357
cadd,all_1_50,8.131,0.12899999999999956,10,90,0.47626989090403726,0.17623636485938246,0.7314478114478115,0.7314478114478115,0.2351508114189839,0.7649801199589773
cadd,all_1_50,8.132,0.1280000000000001,10,90,0.47626989090403726,0.17623636485938246,0.7314478114478115,0.7314478114478115,0.2351508114189839,0.7649801199589773
cadd,all_1_50,8.134,0.1269999999999989,10,91,0.4710361558391577,0.1755661508239063,0.7280875455966648,0.7280875455966648,0.2329623458720817,0.7557765075575368
cadd,all_1_50,8.136,0.125,10,90,0.47626989090403726,0.1755661508239063,0.7419761623886426,0.7419761623886426,0.23631296543204575,0.7642907488798265
cadd,all_1_50,8.141,0.1280000000000001,10,90,0.47626989090403726,0.21512569905399048,0.7037277113698849,0.7037277113698849,0.23999135773862337,0.7678470968194141
cadd,all_1_50,8.148,0.13100000000000023,10,90,0.47626989090403726,0.21385040666527952,0.7086035049837278,0.7086035049837278,0.23955116748772526,0.7667490554722166
cadd,all_1_50,8.149,0.13199999999999967,10,91,0.4710361558391577,0.21385040666527952,0.6935979123431456,0.6935979123431456,0.23660727347395472,0.7595362568882881
cadd,all_1_50,8.15,0.13299999999999912,10,92,0.4659161976235147,0.2117310928225981,0.6915610870317852,0.6915610870317852,0.23367272670347317,0.7511072176102827
cadd,all_1_50,8.151,0.13199999999999967,10,90,0.47626989090403726,0.21472593238842613,0.7129270544783011,0.7129270544783011,0.23900401322815115,0.7658699205649773
cadd,all_1_50,8.153,0.129999999999999,10,90,0.47626989090403726,0.21472593238842613,0.7129270544783011,0.7129270544783011,0.23900401322815115,0.7658699205649773
cadd,all_1_50,8.159,0.12900000000000134,10,90,0.47626989090403726,0.21052794099309857,0.7224327485380118,0.7224327485380118,0.2391671091436243,0.7672255751614142
cadd,all_1_50,8.166,0.12899999999999956,9,91,0.4239325402552419,0.20432141667352038,0.633872484717833,0.633872484717833,0.20108753089382128,0.6945247471439338
cadd,all_1_50,8.169,0.129999999999999,9,92,0.41932457786116323,0.20217909206029527,0.6226734857324039,0.6226734857324039,0.19951742839023712,0.6861206173049794
cadd,all_1_50,8.173,0.12700000000000067,9,91,0.4239325402552419,0.20924819613550114,0.6164683868245567,0.6164683868245567,0.20215609058556425,0.6955084276684087
cadd,all_1_50,8.175,0.1280000000000001,9,91,0.4239325402552419,0.20924819613550114,0.6164683868245567,0.6164683868245567,0.20215609058556425,0.6955084276684087
cadd,all_1_50,8.176,0.12899999999999956,9,91,0.4239325402552419,0.20924819613550114,0.6164683868245567,0.6164683868245567,0.20215609058556425,0.6955084276684087
cadd,all_1_50,8.177,0.12899999999999956,10,90,0.47626989090403726,0.21431366590552683,0.7190562407458924,0.7190562407458924,0.23782248398830658,0.7719716287856392
cadd,all_1_50,8.18,0.13100000000000023,10,91,0.4710361558391577,0.2137584803256445,0.7048443619872191,0.7048443619872191,0.23558136244372313,0.763626269035533
cadd,all_1_50,8.182,0.12899999999999956,10,90,0.47626989090403726,0.2137584803256445,0.7195885118515554,0.7195885118515554,0.23726058695436533,0.7721188012604197
cadd,all_1_50,8.183,0.1280000000000001,10,90,0.47626989090403726,0.2137584803256445,0.7195885118515554,0.7195885118515554,0.23726058695436533,0.7721188012604197
cadd,all_1_50,8.184,0.1280000000000001,10,90,0.47626989090403726,0.2137584803256445,0.7195885118515554,0.7195885118515554,0.23789599452392762,0.772461429339476
cadd,all_1_50,8.19,0.12700000000000067,11,89,0.5297833617921314,0.3054539586919105,0.7392808320719162,0.7392808320719162,0.27698138141381934,0.847244606460196
cadd,all_1_50,8.204,0.1280000000000001,11,92,0.5125078173858661,0.2331274962872437,0.7561833208114199,0.7561833208114199,0.2650340979541228,0.8155323393173782
cadd,all_1_50,8.206,0.12600000000000122,11,90,0.523896879994441,0.23732325694783032,0.7768219579621474,0.7768219579621474,0.2694854774001546,0.8346389228886169
cadd,all_1_50,8.21,0.12199999999999989,11,89,0.5297833617921314,0.24303335709805352,0.7800162469536962,0.7800162469536962,0.27380961474136245,0.8448561798043822
cadd,all_1_50,8.212,0.120000000000001,11,89,0.5297833617921314,0.24303335709805352,0.7800162469536962,0.7800162469536962,0.27380961474136245,0.8448561798043822
cadd,all_1_50,8.215,0.11800000000000033,11,89,0.5297833617921314,0.24510693968189523,0.7624661770390413,0.7624661770390413,0.27380961474136245,0.8447109596178952
cadd,all_1_50,8.219,0.120000000000001,11,90,0.523896879994441,0.24830353862851184,0.7397720631209819,0.7397720631209819,0.2710231192186569,0.8344571647284149
cadd,all_1_50,8.221,0.11999999999999922,11,90,0.523896879994441,0.24830353862851184,0.7397720631209819,0.7397720631209819,0.2710231192186569,0.8344571647284149
cadd,all_1_50,8.224,0.12100000000000044,11,89,0.5297833617921314,0.2655567570663886,0.7218986254496927,0.7218986254496927,0.27282008225039933,0.8423105943551729
cadd,all_1_50,8.225,0.12100000000000044,11,89,0.5297833617921314,0.2655567570663886,0.7218986254496927,0.7218986254496927,0.27282008225039933,0.8423105943551729
cadd,all_1_50,8.226,0.12199999999999989,11,91,0.5181397714230734,0.2655567570663886,0.6961211672152966,0.6961211672152966,0.26700260853877505,0.8231255539846182
cadd,all_1_50,8.228,0.12100000000000044,11,89,0.5297833617921314,0.2747661309666587,0.6995417490186202,0.6995417490186202,0.27214532699953115,0.8441784445439728
cadd,all_1_50,8.229,0.12199999999999989,11,89,0.5297833617921314,0.2747661309666587,0.6995417490186202,0.6995417490186202,0.27214532699953115,0.8441784445439728
cadd,all_1_50,8.232,0.12300000000000111,11,89,0.5297833617921314,0.28117874104003504,0.692670013423394,0.692670013423394,0.2731857500542663,0.8458370117710006
cadd,all_1_50,8.234,0.12100000000000044,11,89,0.5297833617921314,0.28117874104003504,0.692670013423394,0.692670013423394,0.2731857500542663,0.8458370117710006
cadd,all_1_50,8.235,0.12099999999999866,11,89,0.5297833617921314,0.28117874104003504,0.692670013423394,0.692670013423394,0.2731857500542663,0.8458370117710006
cadd,all_1_50,8.237,0.12299999999999933,11,90,0.523896879994441,0.28117874104003504,0.6851073624675282,0.6851073624675282,0.2707255042425311,0.8340145024309952
cadd,all_1_50,8.243,0.12100000000000044,11,89,0.5297833617921314,0.2855130608750618,0.6858799036616728,0.6858799036616728,0.2742315744493783,0.8433178967665643
cadd,all_1_50,8.245,0.12299999999999933,11,89,0.5297833617921314,0.2855130608750618,0.6858799036616728,0.6858799036616728,0.2742315744493783,0.8433178967665643
cadd,all_1_50,8.246,0.12400000000000055,11,89,0.5297833617921314,0.2855130608750618,0.6858799036616728,0.6858799036616728,0.2742315744493783,0.8433178967665643
cadd,all_1_50,8.26,0.12599999999999945,10,91,0.4710361558391577,0.19808443142996585,0.6453237410071943,0.6453237410071943,0.23349214433280666,0.7576796367620643
cadd,all_1_50,8.261,0.12600000000000122,10,90,0.47626989090403726,0.1977328431372549,0.6591686593974897,0.6591686593974897,0.2368885783464951,0.7650708352618493
cadd,all_1_50,8.264,0.1280000000000001,10,90,0.47626989090403726,0.1977328431372549,0.6591686593974897,0.6591686593974897,0.2368885783464951,0.7650708352618493
cadd,all_1_50,8.266,0.13000000000000078,10,91,0.4710361558391577,0.1977328431372549,0.6500811030008111,0.6500811030008111,0.23478336498890312,0.7579761292505759
cadd,all_1_50,8.275,0.12600000000000122,9,91,0.4239325402552419,0.19352742316868676,0.621772390528929,0.621772390528929,0.20044252411456262,0.6974738893980198
cadd,all_1_50,8.278,0.1280000000000001,9,91,0.4239325402552419,0.1977328431372549,0.6270740501443046,0.6270740501443046,0.2008490334405367,0.6961710092729896
cadd,all_1_50,8.28,0.129999999999999,9,91,0.4239325402552419,0.1977328431372549,0.6270740501443046,0.6270740501443046,0.2008490334405367,0.6961710092729896
cadd,all_1_50,8.283,0.13299999999999912,9,91,0.4239325402552419,0.1977328431372549,0.6270740501443046,0.6270740501443046,0.2008490334405367,0.6961710092729896
cadd,all_1_50,8.284,0.13399999999999856,9,92,0.41932457786116323,0.1923887122416534,0.6217520809051202,0.6217520809051202,0.19905564773498968,0.6896302079969558
cadd,all_1_50,8.288,0.1349999999999998,8,94,0.3648024696286243,0.1828354267595538,0.5751503208433254,0.5751503208433254,0.16050448165401246,0.6129896473900724
cadd,all_1_50,8.292,0.13100000000000023,8,92,0.37273295809881174,0.19194077798728962,0.5924449835383816,0.5924449835383816,0.1637789224691714,0.6274552504964598
cadd,all_1_50,8.294,0.12899999999999956,8,92,0.37273295809881174,0.19194077798728962,0.5924449835383816,0.5924449835383816,0.1637789224691714,0.6274552504964598
cadd,all_1_50,8.295,0.12899999999999956,8,92,0.37273295809881174,0.19194077798728962,0.5924449835383816,0.5924449835383816,0.1637789224691714,0.6274552504964598
cadd,all_1_50,8.299,0.129999999999999,8,92,0.37273295809881174,0.1927307981480749,0.5924449835383816,0.5924449835383816,0.16341659484560755,0.6278962975911703
cadd,all_1_50,8.3,0.129999999999999,7,93,0.32263444222531557,0.18162464868492806,0.4557269104141397,0.4557269104141397,0.13125112899806518,0.5539192961289258
cadd,all_1_50,8.306,0.129999999999999,7,93,0.32263444222531557,0.1822819135955793,0.4610260605352343,0.4610260605352343,0.13131352614598035,0.5555827220863896
cadd,all_1_50,8.308,0.13100000000000023,7,93,0.32263444222531557,0.1822819135955793,0.4610260605352343,0.4610260605352343,0.1314087350474253,0.5553119780659124
cadd,all_1_50,8.311,0.13100000000000023,7,93,0.32263444222531557,0.17996406109613658,0.46067029401416465,0.46067029401416465,0.1315522476131025,0.5572586790815924
cadd,all_1_50,8.312,0.13199999999999967,7,93,0.32263444222531557,0.17996406109613658,0.46067029401416465,0.46067029401416465,0.1315522476131025,0.5572586790815924
cadd,all_1_50,8.316,0.13400000000000034,7,93,0.32263444222531557,0.1764014589725031,0.4641076816293635,0.4641076816293635,0.13121721484090823,0.556049305474188
cadd,all_1_50,8.317,0.13400000000000034,7,94,0.3192021609250463,0.17607505015996963,0.4576962283384302,0.4576962283384302,0.13030741100442764,0.5501232636528954
cadd,all_1_50,8.318,0.1349999999999998,7,94,0.3192021609250463,0.17607505015996963,0.4576962283384302,0.4576962283384302,0.13030741100442764,0.5501232636528954
cadd,all_1_50,8.319,0.136000000000001,7,94,0.3192021609250463,0.17607505015996963,0.4576962283384302,0.4576962283384302,0.13030741100442764,0.5501232636528954
cadd,all_1_50,8.321,0.1349999999999998,7,93,0.32263444222531557,0.18232063209839416,0.4524339389342245,0.4524339389342245,0.1311861874334004,0.5568508516624706
cadd,all_1_50,8.325,0.1349999999999998,7,93,0.32263444222531557,0.18232063209839416,0.4524339389342245,0.4524339389342245,0.1311861874334004,0.5568508516624706
cadd,all_1_50,8.326,0.136000000000001,7,93,0.32263444222531557,0.18232063209839416,0.4524339389342245,0.4524339389342245,0.1311861874334004,0.5568508516624706
cadd,all_1_50,8.329,0.13399999999999856,7,93,0.32263444222531557,0.18522180601243557,0.4504931902192176,0.4504931902192176,0.1317283163265306,0.5572959229642892
cadd,all_1_50,8.332,0.13099999999999845,7,93,0.32263444222531557,0.18522180601243557,0.4504931902192176,0.4504931902192176,0.1317283163265306,0.5572959229642892
cadd,all_1_50,8.333,0.129999999999999,7,93,0.32263444222531557,0.18522180601243557,0.4504931902192176,0.4504931902192176,0.1317283163265306,0.5572959229642892
cadd,all_1_50,8.339,0.13100000000000023,7,95,0.3158421381784668,0.17874171775342126,0.4394872580090495,0.4394872580090495,0.12912310706242416,0.5443290873940185
cadd,all_1_50,8.342,0.129999999999999,8,93,0.3687250768289321,0.18712522045855381,0.49554250924113935,0.49554250924113935,0.1640126830520129,0.6179067540181377
cadd,all_1_50,8.345,0.1280000000000001,8,92,0.37273295809881174,0.1855217044429862,0.5075659848066015,0.5075659848066015,0.16565720084371174,0.6256167281983261
cadd,all_1_50,8.348,0.12599999999999945,9,91,0.4239325402552419,0.1855552383671139,0.5889787947395095,0.5889787947395095,0.20017853593085347,0.6965461566710281
cadd,all_1_50,8.355,0.12899999999999956,8,94,0.3648024696286243,0.17327802263978576,0.5161601290005959,0.5161601290005959,0.1643508758165519,0.6122903032880035
cadd,all_1_50,8.36,0.13100000000000023,9,92,0.41932457786116323,0.18490221970697354,0.6533392052291743,0.6533392052291743,0.20294966718437124,0.6967630765421831
cadd,all_1_50,8.363,0.1330000000000009,9,91,0.4239325402552419,0.18958328856031464,0.654382137123412,0.654382137123412,0.2055405810122791,0.7038498031321664
cadd,all_1_50,8.375,0.13199999999999967,9,92,0.41932457786116323,0.19499025048747562,0.619021350054002,0.619021350054002,0.20394658311079544,0.6934392754705253
cadd,all_1_50,8.377,0.13400000000000034,9,92,0.41932457786116323,0.19499025048747562,0.619021350054002,0.619021350054002,0.20394658311079544,0.6934392754705253
cadd,all_1_50,8.379,0.1349999999999998,8,92,0.37273295809881174,0.17951879699248122,0.5025412833736127,0.5025412833736127,0.1724776684969706,0.6278872437288429
cadd,all_1_50,8.382,0.13599999999999923,8,93,0.3687250768289321,0.17951879699248122,0.4959416883238704,0.4959416883238704,0.17170042903579646,0.6224768971189993
cadd,all_1_50,8.384,0.13400000000000034,8,92,0.37273295809881174,0.1821205186880244,0.49965874785579584,0.49965874785579584,0.17307720454030043,0.6288368471031961
cadd,all_1_50,8.386,0.13200000000000145,8,92,0.37273295809881174,0.1821205186880244,0.49965874785579584,0.49965874785579584,0.17307720454030043,0.6288368471031961
cadd,all_1_50,8.387,0.13100000000000023,8,92,0.37273295809881174,0.1821205186880244,0.49965874785579584,0.49965874785579584,0.17307720454030043,0.6288368471031961
cadd,all_1_50,8.396,0.13000000000000078,8,92,0.37273295809881174,0.1847987616099071,0.4971054088040346,0.4971054088040346,0.1736343380232729,0.6268914836616157
cadd,all_1_50,8.397,0.13100000000000023,8,94,0.3648024696286243,0.1821205186880244,0.48751015434606015,0.48751015434606015,0.1703776908481575,0.6149853513229041
cadd,all_1_50,8.4,0.1280000000000001,7,93,0.32263444222531557,0.0775019024835506,0.46457110241356814,0.46457110241356814,0.1370121622297487,0.552271351369747
cadd,all_1_50,8.406,0.1280000000000001,7,94,0.3192021609250463,0.07391445629703991,0.4580969221203171,0.4580969221203171,0.1353781380341544,0.5460668877533442
cadd,all_1_50,8.418,0.12600000000000122,7,93,0.32263444222531557,0.07556068601583114,0.4580969221203171,0.4580969221203171,0.13665352567224454,0.5531212264900872
cadd,all_1_50,8.42,0.12599999999999945,7,93,0.32263444222531557,0.07556068601583114,0.4580969221203171,0.4580969221203171,0.13683103742720584,0.5526774267248384
cadd,all_1_50,8.423,0.1280000000000001,7,93,0.32263444222531557,0.07838287829558864,0.45404296705730546,0.45404296705730546,0.13659361047245389,0.5535414662054049
cadd,all_1_50,8.426,0.129999999999999,7,93,0.32263444222531557,0.07838287829558864,0.45404296705730546,0.45404296705730546,0.13684067797117042,0.5529480872515111
cadd,all_1_50,8.43,0.1280000000000001,7,93,0.32263444222531557,0.07557849279190383,0.46527905392988794,0.46527905392988794,0.13643330372171186,0.5539344028003296
cadd,all_1_50,8.433,0.12700000000000067,7,93,0.32263444222531557,0.07557849279190383,0.46527905392988794,0.46527905392988794,0.13643330372171186,0.5539344028003296
cadd,all_1_50,8.435,0.12599999999999945,6,94,0.2736018522214682,0.0754770278648654,0.40432428726904457,0.40432428726904457,0.09977447012903223,0.4859491473280773
cadd,all_1_50,8.438,0.1269999999999989,7,95,0.3158421381784668,0.07416506398596849,0.526032867455076,0.526032867455076,0.13222483565959492,0.5429093643858975
cadd,all_1_50,8.441,0.125,7,93,0.32263444222531557,0.07416506398596849,0.5453142727002879,0.5453142727002879,0.1351985360965941,0.555657303920071
cadd,all_1_50,8.449,0.1280000000000001,5,95,0.22560152727033342,0.0,0.474205222006882,0.474205222006882,0.07993512781919797,0.416267176092286
cadd,all_1_50,8.45,0.12899999999999956,5,95,0.22560152727033342,0.0,0.474205222006882,0.474205222006882,0.07993512781919797,0.416267176092286
cadd,all_1_50,8.451,0.13000000000000078,5,95,0.22560152727033342,0.0,0.474205222006882,0.474205222006882,0.07993512781919797,0.416267176092286
cadd,all_1_50,8.456,0.13100000000000023,5,96,0.22325151136126745,0.0,0.45818806799995554,0.45818806799995554,0.07919498774679799,0.41038742612573265
cadd,all_1_50,8.463,0.13399999999999856,6,94,0.2736018522214682,0.0,0.5158157878655371,0.5158157878655371,0.09847624766245805,0.48263615346922123
cadd,all_1_50,8.469,0.13599999999999923,5,95,0.22560152727033342,0.0,0.377400979946813,0.377400979946813,0.0806817324690131,0.4152706148346554
cadd,all_1_50,8.47,0.13599999999999923,5,95,0.22560152727033342,0.0,0.38661388834379906,0.38661388834379906,0.08051922004399599,0.41390906091964447
cadd,all_1_50,8.472,0.13400000000000034,5,95,0.22560152727033342,0.0,0.38661388834379906,0.38661388834379906,0.08051922004399599,0.41390906091964447
cadd,all_1_50,8.473,0.13400000000000034,5,96,0.22325151136126745,0.0,0.3838373972459014,0.3838373972459014,0.07966548910651841,0.40955537732965147
cadd,all_1_50,8.474,0.1349999999999998,5,96,0.22325151136126745,0.0,0.3838373972459014,0.3838373972459014,0.07966548910651841,0.40955537732965147
cadd,all_1_50,8.475,0.13599999999999923,5,96,0.22325151136126745,0.0,0.3838373972459014,0.3838373972459014,0.07966548910651841,0.40955537732965147
cadd,all_1_50,8.482,0.13700000000000045,5,96,0.22325151136126745,0.0,0.38603066576245065,0.38603066576245065,0.07991209055972423,0.4107360489571615
cadd,all_1_50,8.484,0.13599999999999923,5,95,0.22560152727033342,0.0,0.39565777745608743,0.39565777745608743,0.08050348549258177,0.4156002141517285
cadd,all_1_50,8.487,0.13899999999999935,5,97,0.2209499493884709,0.0,0.38919738575191487,0.38919738575191487,0.07892906241084963,0.40685567138318773
cadd,all_1_50,8.489,0.13699999999999868,5,95,0.22560152727033342,0.0,0.40643222929056666,0.40643222929056666,0.08043029456824724,0.41552248504320427
cadd,all_1_50,8.495,0.1349999999999998,5,95,0.22560152727033342,0.0,0.40643222929056666,0.40643222929056666,0.08068112472421725,0.41431095730707135
cadd,all_1_50,8.496,0.136000000000001,5,95,0.22560152727033342,0.0,0.40643222929056666,0.40643222929056666,0.08068112472421725,0.41431095730707135
cadd,all_1_50,8.499,0.136000000000001,5,95,0.22560152727033342,0.0,0.40889447100451076,0.40889447100451076,0.08087553484680945,0.4157450993640998
cadd,all_1_50,8.5,0.13599999999999923,6,95,0.2707218327244001,0.0,0.47360174102285096,0.47360174102285096,0.0999021131075187,0.4803722843126079
cadd,all_1_50,8.501,0.1349999999999998,6,95,0.2707218327244001,0.0,0.47360174102285096,0.47360174102285096,0.0999021131075187,0.4803722843126079
cadd,all_1_50,8.502,0.13399999999999856,6,95,0.2707218327244001,0.0,0.47360174102285096,0.47360174102285096,0.0999021131075187,0.4803722843126079
cadd,all_1_50,8.503,0.13299999999999912,6,95,0.2707218327244001,0.0,0.47360174102285096,0.47360174102285096,0.0999021131075187,0.4803722843126079
cadd,all_1_50,8.504,0.13199999999999967,6,95,0.2707218327244001,0.0,0.47360174102285096,0.47360174102285096,0.0999021131075187,0.4803722843126079
cadd,all_1_50,8.513,0.12899999999999956,7,93,0.32263444222531557,0.058382966243235634,0.5306842784406822,0.5306842784406822,0.1347121072467977,0.5553902660657746
cadd,all_1_50,8.514,0.129999999999999,7,93,0.32263444222531557,0.058382966243235634,0.5306842784406822,0.5306842784406822,0.1347121072467977,0.5553902660657746
cadd,all_1_50,8.516,0.13000000000000078,7,93,0.32263444222531557,0.05933081423695758,0.5173593527465424,0.5173593527465424,0.1347173467628688,0.5561418288526455
cadd,all_1_50,8.518,0.13199999999999967,7,94,0.3192021609250463,0.058382966243235634,0.5164759198095091,0.5164759198095091,0.13325658229063977,0.5496795110733518
cadd,all_1_50,8.522,0.13100000000000023,7,93,0.32263444222531557,0.058382966243235634,0.5306842784406822,0.5306842784406822,0.1354090509832071,0.5549456596756445
cadd,all_1_50,8.523,0.13000000000000078,7,93,0.32263444222531557,0.058382966243235634,0.5306842784406822,0.5306842784406822,0.1354090509832071,0.5549456596756445
cadd,all_1_50,8.526,0.129999999999999,7,95,0.3158421381784668,0.05697004884730548,0.520860321921988,0.520860321921988,0.132209163154902,0.5439206999248258
cadd,all_1_50,8.527,0.12900000000000134,7,93,0.32263444222531557,0.05751964085297418,0.535360908353609,0.535360908353609,0.13525456604725788,0.5561675341115734
cadd,all_1_50,8.528,0.1280000000000001,7,93,0.32263444222531557,0.05751964085297418,0.535360908353609,0.535360908353609,0.13525456604725788,0.5561675341115734
cadd,all_1_50,8.53,0.129999999999999,7,94,0.3192021609250463,0.056726537409301774,0.5327544814340589,0.5327544814340589,0.13390680047053521,0.5493396763675471
cadd,all_1_50,8.534,0.129999999999999,7,93,0.32263444222531557,0.05751964085297418,0.5354792635091047,0.5354792635091047,0.13484817302555133,0.5561857531753472
cadd,all_1_50,8.536,0.12899999999999956,7,93,0.32263444222531557,0.05751964085297418,0.5354792635091047,0.5354792635091047,0.13516866706283015,0.5551473398008724
cadd,all_1_50,8.537,0.12799999999999834,7,93,0.32263444222531557,0.05751964085297418,0.5354792635091047,0.5354792635091047,0.13516866706283015,0.5551473398008724
cadd,all_1_50,8.539,0.12599999999999945,7,93,0.32263444222531557,0.05751964085297418,0.5354792635091047,0.5354792635091047,0.13516866706283015,0.5551473398008724
cadd,all_1_50,8.54,0.125,7,93,0.32263444222531557,0.05751964085297418,0.5354792635091047,0.5354792635091047,0.13516866706283015,0.5551473398008724
cadd,all_1_50,8.544,0.12399999999999878,7,94,0.3192021609250463,0.05863280465769926,0.5149514629779994,0.5149514629779994,0.1331996157153628,0.549053787768209
cadd,all_1_50,8.545,0.12299999999999933,7,93,0.32263444222531557,0.059774304821592184,0.5169197729713146,0.5169197729713146,0.13474017028876736,0.555172621929849
cadd,all_1_50,8.55,0.125,7,93,0.32263444222531557,0.05918680533579069,0.5230742985213274,0.5230742985213274,0.1348843363303819,0.5537821579759185
cadd,all_1_50,8.556,0.12299999999999933,7,93,0.32263444222531557,0.05807271432271432,0.5256881601238989,0.5256881601238989,0.1349873385373815,0.5555716883161874
cadd,all_1_50,8.557,0.12400000000000055,7,93,0.32263444222531557,0.05807271432271432,0.5256881601238989,0.5256881601238989,0.1349873385373815,0.5555716883161874
cadd,all_1_50,8.558,0.125,7,96,0.3125521159057744,0.05807271432271432,0.4957191909195867,0.4957191909195867,0.1307020943655925,0.5366608348197996
cadd,all_1_50,8.561,0.12199999999999989,7,93,0.32263444222531557,0.0610901172100173,0.509252480371614,0.509252480371614,0.13477497358273732,0.5543707223727347
cadd,all_1_50,8.565,0.120000000000001,7,93,0.32263444222531557,0.0610901172100173,0.509252480371614,0.509252480371614,0.13494164451126123,0.5551434543948971
cadd,all_1_50,8.568,0.11899999999999977,7,93,0.32263444222531557,0.0610901172100173,0.509252480371614,0.509252480371614,0.13494164451126123,0.5551434543948971
cadd,all_1_50,8.57,0.12100000000000044,7,93,0.32263444222531557,0.0610901172100173,0.509252480371614,0.509252480371614,0.13494164451126123,0.5551434543948971
cadd,all_1_50,8.574,0.12299999999999933,8,92,0.37273295809881174,0.06223411208345029,0.5975214543134713,0.5975214543134713,0.16988699416009923,0.6272147766141771
cadd,all_1_50,8.575,0.12399999999999878,8,94,0.3648024696286243,0.06039562289562289,0.5816833741691562,0.5816833741691562,0.1670531405148695,0.6111087999375981
cadd,all_1_50,8.582,0.12299999999999933,9,91,0.4239325402552419,0.11079400581525385,0.6653607476635515,0.6653607476635515,0.2043698392931897,0.6963293859290265
cadd,all_1_50,8.587,0.120000000000001,9,91,0.4239325402552419,0.11079400581525385,0.6653607476635515,0.6653607476635515,0.20410733920418284,0.6956815855927209
cadd,all_1_50,8.588,0.11900000000000155,9,91,0.4239325402552419,0.11079400581525385,0.6653607476635515,0.6653607476635515,0.20410733920418284,0.6956815855927209
cadd,all_1_50,8.593,0.12299999999999933,9,95,0.4060827490866002,0.1004210657553965,0.66601512583429,0.66601512583429,0.19535032248217887,0.6642751474298344
cadd,all_1_50,8.598,0.125,8,93,0.3687250768289321,0.10276821993071081,0.6067160072465113,0.6067160072465113,0.16801561228672282,0.6190175754844525
cadd,all_1_50,8.599,0.12599999999999945,8,93,0.3687250768289321,0.10276821993071081,0.6067160072465113,0.6067160072465113,0.16801561228672282,0.6190175754844525
cadd,all_1_50,8.6,0.12600000000000122,8,93,0.3687250768289321,0.10344871647436144,0.606809378185525,0.606809378185525,0.16801561228672282,0.6195050642758715
cadd,all_1_50,8.603,0.12400000000000055,7,93,0.32263444222531557,0.1025437034676726,0.5405073048968504,0.5405073048968504,0.1338006265716583,0.5594019831122198
cadd,all_1_50,8.606,0.12400000000000055,7,94,0.3192021609250463,0.1025437034676726,0.530540951088993,0.530540951088993,0.13236258079584687,0.5535066041909416
cadd,all_1_50,8.607,0.12400000000000055,7,95,0.3158421381784668,0.10361990664394453,0.514922055772172,0.514922055772172,0.13138632936395478,0.5450849555620303
cadd,all_1_50,8.614,0.11900000000000155,6,94,0.2736018522214682,0.06510830597376728,0.46519530799806375,0.46519530799806375,0.09805619898204447,0.4851799886512677
cadd,all_1_50,8.619,0.11800000000000033,7,93,0.32263444222531557,0.06771039270016879,0.5286004977291746,0.5286004977291746,0.13461183235164484,0.5548379348699909
cadd,all_1_50,8.624,0.11800000000000033,7,93,0.32263444222531557,0.07055114316629517,0.5176958973251394,0.5176958973251394,0.13368936683895324,0.5534869526968758
cadd,all_1_50,8.626,0.11600000000000144,7,93,0.32263444222531557,0.07055114316629517,0.5176958973251394,0.5176958973251394,0.13368936683895324,0.5534869526968758
cadd,all_1_50,8.628,0.11500000000000021,7,93,0.32263444222531557,0.07055114316629517,0.5176958973251394,0.5176958973251394,0.13368936683895324,0.5534869526968758
cadd,all_1_50,8.634,0.11599999999999966,7,93,0.32263444222531557,0.06642553941064507,0.5413476054457547,0.5413476054457547,0.13456723847767835,0.5520023518786936
cadd,all_1_50,8.636,0.11500000000000021,7,93,0.32263444222531557,0.06516125269693901,0.5445998445998446,0.5445998445998446,0.13479626783650442,0.550161985452936
cadd,all_1_50,8.637,0.11500000000000021,7,94,0.3192021609250463,0.06506680552854659,0.5445998445998446,0.5445998445998446,0.13318269218435777,0.5459870395344937
cadd,all_1_50,8.64,0.1169999999999991,7,94,0.3192021609250463,0.06774543442663952,0.5389207937681242,0.5389207937681242,0.13284385822975867,0.5452388215770863
cadd,all_1_50,8.646,0.11900000000000155,7,93,0.32263444222531557,0.06769816775877835,0.5435560242334015,0.5435560242334015,0.13485024543156357,0.5517143630421145
cadd,all_1_50,8.65,0.12199999999999989,8,92,0.37273295809881174,0.1029213278618839,0.6210115087273432,0.6210115087273432,0.1671722007727148,0.6262998794410563
cadd,all_1_50,8.653,0.12199999999999989,8,92,0.37273295809881174,0.10682590885611806,0.611692463976954,0.611692463976954,0.16730480547292406,0.6272883912446778
cadd,all_1_50,8.656,0.12199999999999989,8,92,0.37273295809881174,0.10682590885611806,0.611692463976954,0.611692463976954,0.16730480547292406,0.6272883912446778
cadd,all_1_50,8.659,0.12199999999999989,8,92,0.37273295809881174,0.10422890216579538,0.6206005004170142,0.6206005004170142,0.16753099091315235,0.6297809597751256
cadd,all_1_50,8.664,0.120000000000001,8,92,0.37273295809881174,0.10463878326996197,0.6229061301739425,0.6229061301739425,0.16781486097273107,0.6287160620902773
cadd,all_1_50,8.665,0.12099999999999866,8,92,0.37273295809881174,0.10463878326996197,0.6229061301739425,0.6229061301739425,0.16781486097273107,0.6287160620902773
cadd,all_1_50,8.667,0.12100000000000044,8,92,0.37273295809881174,0.1021017817134322,0.6202338908680707,0.6202338908680707,0.16752355386664952,0.6263402527324446
cadd,all_1_50,8.668,0.120000000000001,8,92,0.37273295809881174,0.1021017817134322,0.6202338908680707,0.6202338908680707,0.16752355386664952,0.6263402527324446
cadd,all_1_50,8.675,0.11900000000000155,8,92,0.37273295809881174,0.10018606908826146,0.629303244953905,0.629303244953905,0.16793773996576167,0.6286331692665461
cadd,all_1_50,8.677,0.11899999999999977,8,92,0.37273295809881174,0.10194640374189168,0.6140773724416847,0.6140773724416847,0.16792266962370797,0.6253180661577608
cadd,all_1_50,8.678,0.11899999999999977,8,92,0.37273295809881174,0.10194640374189168,0.6140773724416847,0.6140773724416847,0.1674925616983285,0.6258323598590421
cadd,all_1_50,8.683,0.11800000000000033,8,92,0.37273295809881174,0.10348890653073162,0.6035330450895614,0.6035330450895614,0.16811098670684024,0.6260346003397993
cadd,all_1_50,8.685,0.11899999999999977,7,94,0.3192021609250463,0.06374462474429213,0.5281818635979592,0.5281818635979592,0.13261356181609874,0.5503949775832132
cadd,all_1_50,8.695,0.120000000000001,8,92,0.37273295809881174,0.1058144999359166,0.5923321196596438,0.5923321196596438,0.16699729158037085,0.624374376902636
cadd,all_1_50,8.699,0.11899999999999977,8,92,0.37273295809881174,0.10532604850438271,0.59324682782915,0.59324682782915,0.1664161383312764,0.6254093700381944
cadd,all_1_50,8.702,0.11700000000000088,8,92,0.37273295809881174,0.10532604850438271,0.59324682782915,0.59324682782915,0.1668293003825606,0.6257190519191377
cadd,all_1_50,8.705,0.11800000000000033,8,92,0.37273295809881174,0.10532604850438271,0.59324682782915,0.59324682782915,0.1668293003825606,0.6257190519191377
cadd,all_1_50,8.707,0.1169999999999991,8,92,0.37273295809881174,0.10532604850438271,0.59324682782915,0.59324682782915,0.16575187583324524,0.6267509573425438
cadd,all_1_50,8.709,0.11599999999999966,8,93,0.3687250768289321,0.10532604850438271,0.5846632805834125,0.5846632805834125,0.1639045572635671,0.6184949272745182
cadd,all_1_50,8.71,0.11499999999999844,7,93,0.32263444222531557,0.10532604850438271,0.5317206015683301,0.5317206015683301,0.13350195594608316,0.5541430515793442
cadd,all_1_50,8.716,0.11599999999999966,7,93,0.32263444222531557,0.10472243301616951,0.5229362927914554,0.5229362927914554,0.13346694753111127,0.5541350993995557
cadd,all_1_50,8.721,0.11599999999999966,7,93,0.32263444222531557,0.1021017817134322,0.5287262699063991,0.5287262699063991,0.1331252469445323,0.5522322228150198
cadd,all_1_50,8.726,0.11900000000000155,7,93,0.32263444222531557,0.10014355484816481,0.5286653465346536,0.5286653465346536,0.13359963985143639,0.5528833997217444
cadd,all_1_50,8.727,0.11899999999999977,7,93,0.32263444222531557,0.10014355484816481,0.5286653465346536,0.5286653465346536,0.1337016428223325,0.5533834614909531
cadd,all_1_50,8.73,0.11599999999999966,7,93,0.32263444222531557,0.10014355484816481,0.5286653465346536,0.5286653465346536,0.1337016428223325,0.5533834614909531
cadd,all_1_50,8.731,0.11599999999999966,7,93,0.32263444222531557,0.10014355484816481,0.5286653465346536,0.5286653465346536,0.13350216008342417,0.5536287732819525
cadd,all_1_50,8.732,0.11500000000000021,7,93,0.32263444222531557,0.10014355484816481,0.5286653465346536,0.5286653465346536,0.13350216008342417,0.5536287732819525
cadd,all_1_50,8.734,0.11500000000000021,7,96,0.3125521159057744,0.09882799000388057,0.5086487829094513,0.5086487829094513,0.12981159146037058,0.5353028340018153
cadd,all_1_50,8.735,0.11400000000000077,7,94,0.3192021609250463,0.1021017817134322,0.5126695118069678,0.5126695118069678,0.13288413308115016,0.5489213367924834
cadd,all_1_50,8.737,0.1120000000000001,7,93,0.32263444222531557,0.10361131881854015,0.5191467090052635,0.5191467090052635,0.13401144112247573,0.5551300176137943
cadd,all_1_50,8.739,0.11300000000000132,7,93,0.32263444222531557,0.10361131881854015,0.5191467090052635,0.5191467090052635,0.13401144112247573,0.5551300176137943
cadd,all_1_50,8.74,0.11400000000000077,7,93,0.32263444222531557,0.10361131881854015,0.5191467090052635,0.5191467090052635,0.13401144112247573,0.5551300176137943
cadd,all_1_50,8.741,0.11500000000000021,7,93,0.32263444222531557,0.10361131881854015,0.5191467090052635,0.5191467090052635,0.13401144112247573,0.5551300176137943
cadd,all_1_50,8.742,0.11499999999999844,7,93,0.32263444222531557,0.1021017817134322,0.5198153473821949,0.5198153473821949,0.13360645161290324,0.5541134391771557
cadd,all_1_50,8.744,0.11400000000000077,7,93,0.32263444222531557,0.10107045058501371,0.520042291925581,0.520042291925581,0.13364149389191488,0.5526940716334221
cadd,all_1_50,8.746,0.1120000000000001,7,93,0.32263444222531557,0.10107045058501371,0.520042291925581,0.520042291925581,0.13364149389191488,0.5526940716334221
cadd,all_1_50,8.749,0.11500000000000021,7,93,0.32263444222531557,0.10107045058501371,0.520042291925581,0.520042291925581,0.13364149389191488,0.5526940716334221
cadd,all_1_50,8.751,0.1169999999999991,7,94,0.3192021609250463,0.09946890872673717,0.5184370163911751,0.5184370163911751,0.13211049074553893,0.545724552290149
cadd,all_1_50,8.752,0.11600000000000144,7,93,0.32263444222531557,0.10107045058501371,0.520042291925581,0.520042291925581,0.1335032846357486,0.5518384310652633
cadd,all_1_50,8.757,0.1169999999999991,6,94,0.2736018522214682,0.08974181919553961,0.46678468765010733,0.46678468765010733,0.09712067893008855,0.4895407913940611
cadd,all_1_50,8.763,0.12199999999999989,5,95,0.22560152727033342,0.059314150271206664,0.3700334516657564,0.3700334516657564,0.08079585334269487,0.41604196940811056
cadd,all_1_50,8.77,0.11700000000000088,5,95,0.22560152727033342,0.059314150271206664,0.38007092752200955,0.38007092752200955,0.08087601921011953,0.415897538714515
cadd,all_1_50,8.773,0.11999999999999922,5,95,0.22560152727033342,0.059314150271206664,0.38007092752200955,0.38007092752200955,0.08087601921011953,0.415897538714515
cadd,all_1_50,8.775,0.11999999999999922,5,95,0.22560152727033342,0.060025475952524415,0.3756516055298405,0.3756516055298405,0.08062662083179346,0.41697194502548846
cadd,all_1_50,8.78,0.12399999999999878,5,97,0.2209499493884709,0.060025475952524415,0.3625469288222765,0.3625469288222765,0.0790377757444021,0.4084966231898742
cadd,all_1_50,8.782,0.12299999999999933,5,95,0.22560152727033342,0.06117445439420688,0.36717703196670304,0.36717703196670304,0.08029970986207169,0.41669431244429045
cadd,all_1_50,8.783,0.12399999999999878,5,96,0.22325151136126745,0.060025475952524415,0.36717703196670304,0.36717703196670304,0.07974121325644051,0.41152818879957986
cadd,all_1_50,8.784,0.12299999999999933,5,95,0.22560152727033342,0.0610901172100173,0.36947249499250195,0.36947249499250195,0.0801734431029261,0.41683333119116583
cadd,all_1_50,8.788,0.12300000000000111,6,94,0.2736018522214682,0.1206716889086927,0.42099381017881704,0.42099381017881704,0.09673768383137687,0.48559932232105035
cadd,all_1_50,8.789,0.12400000000000055,6,94,0.2736018522214682,0.1206716889086927,0.42099381017881704,0.42099381017881704,0.09673768383137687,0.48559932232105035
cadd,all_1_50,8.795,0.12100000000000044,6,94,0.2736018522214682,0.11590205571870783,0.43456019997219,0.43456019997219,0.09667666317346356,0.4848197860087148
cadd,all_1_50,8.796,0.12099999999999866,6,94,0.2736018522214682,0.11590205571870783,0.43456019997219,0.43456019997219,0.09667666317346356,0.4848197860087148
cadd,all_1_50,8.797,0.12199999999999989,6,95,0.2707218327244001,0.11456984818171119,0.42889851156642433,0.42889851156642433,0.09550226746080397,0.480714500394195
cadd,all_1_50,8.798,0.12299999999999933,6,95,0.2707218327244001,0.11456984818171119,0.42889851156642433,0.42889851156642433,0.09550226746080397,0.480714500394195
cadd,all_1_50,8.799,0.12399999999999878,7,95,0.3158421381784668,0.18977215186584542,0.44880695258665015,0.44880695258665015,0.13054392367054524,0.5448980477851262
cadd,all_1_50,8.803,0.125,7,93,0.32263444222531557,0.1897791843679898,0.46928369525679053,0.46928369525679053,0.13315051020408164,0.5551626280212124
cadd,all_1_50,8.804,0.12599999999999945,7,94,0.3192021609250463,0.18791155421084352,0.46312843555860067,0.46312843555860067,0.13181368854359926,0.549822819656768
cadd,all_1_50,8.805,0.125,7,93,0.32263444222531557,0.1897791843679898,0.46928369525679053,0.46928369525679053,0.13349594673684664,0.5560985343111013
cadd,all_1_50,8.808,0.125,7,94,0.3192021609250463,0.18791155421084352,0.46312843555860067,0.46312843555860067,0.13162512989275982,0.5497416460333434
cadd,all_1_50,8.818,0.1280000000000001,7,93,0.32263444222531557,0.18791155421084352,0.48517910346695553,0.48517910346695553,0.13288238163155525,0.5565824135551569
cadd,all_1_50,8.819,0.1269999999999989,7,93,0.32263444222531557,0.18791155421084352,0.48517910346695553,0.48517910346695553,0.13288238163155525,0.5565824135551569
cadd,all_1_50,8.824,0.1280000000000001,6,94,0.2736018522214682,0.14703945090726464,0.4672840389016018,0.4672840389016018,0.09614022562113718,0.4865504290313794
cadd,all_1_50,8.825,0.12700000000000067,6,94,0.2736018522214682,0.14703945090726464,0.4672840389016018,0.4672840389016018,0.09614022562113718,0.4865504290313794
cadd,all_1_50,8.826,0.12700000000000067,6,94,0.2736018522214682,0.14703945090726464,0.4672840389016018,0.4672840389016018,0.09614022562113718,0.4865504290313794
cadd,all_1_50,8.83,0.13000000000000078,6,95,0.2707218327244001,0.14632707774798928,0.46060855263157896,0.46060855263157896,0.09479889831081068,0.479270575987933
cadd,all_1_50,8.833,0.1280000000000001,6,94,0.2736018522214682,0.14751584328224784,0.46171829901533434,0.46171829901533434,0.09590442002445164,0.4863693434402274
cadd,all_1_50,8.837,0.129999999999999,5,96,0.22325151136126745,0.0974322466614297,0.4066486277541554,0.4066486277541554,0.07813399267346637,0.4126278651857762
cadd,all_1_50,8.839,0.13000000000000078,5,96,0.22325151136126745,0.09951444602805694,0.4078806375944247,0.4078806375944247,0.0779922138872351,0.4129288795278
cadd,all_1_50,8.846,0.13000000000000078,6,96,0.26790181363352095,0.11654877664064989,0.4611177792860807,0.4611177792860807,0.09441796856643733,0.4722672824290444
cadd,all_1_50,8.847,0.12900000000000134,6,94,0.2736018522214682,0.11713267718587494,0.4680071922846225,0.4680071922846225,0.09627994656548251,0.4820022968904413
cadd,all_1_50,8.848,0.1280000000000001,6,94,0.2736018522214682,0.11713267718587494,0.4680071922846225,0.4680071922846225,0.09627994656548251,0.4820022968904413
cadd,all_1_50,8.849,0.1280000000000001,6,94,0.2736018522214682,0.11713267718587494,0.4680071922846225,0.4680071922846225,0.09627994656548251,0.4820022968904413
cadd,all_1_50,8.857,0.129999999999999,7,93,0.32263444222531557,0.14382743099920695,0.5337977798783672,0.5337977798783672,0.13305377094235007,0.5485719606091529
cadd,all_1_50,8.858,0.13100000000000023,7,93,0.32263444222531557,0.14382743099920695,0.5337977798783672,0.5337977798783672,0.13305377094235007,0.5485719606091529
cadd,all_1_50,8.868,0.13599999999999923,7,94,0.3192021609250463,0.13996224040276906,0.5371558143944134,0.5371558143944134,0.1316861998312581,0.5441831701356
cadd,all_1_50,8.869,0.1349999999999998,7,93,0.32263444222531557,0.14185362202983348,0.5378575940799567,0.5378575940799567,0.13316325987957403,0.550644132538983
cadd,all_1_50,8.871,0.136000000000001,7,94,0.3192021609250463,0.141090910649146,0.5407954074412297,0.5407954074412297,0.1313880318045245,0.544519330106977
cadd,all_1_50,8.872,0.13700000000000045,7,94,0.3192021609250463,0.141090910649146,0.5407954074412297,0.5407954074412297,0.1313880318045245,0.544519330106977
cadd,all_1_50,8.883,0.14200000000000124,6,95,0.2707218327244001,0.07742339942010815,0.5281049186069341,0.5281049186069341,0.0949344375431332,0.47300781915844714
cadd,all_1_50,8.885,0.1429999999999989,6,95,0.2707218327244001,0.07688751041034464,0.5342006588986006,0.5342006588986006,0.09495074178862309,0.4730758498802131
cadd,all_1_50,8.886,0.14200000000000124,6,94,0.2736018522214682,0.0782836594136649,0.5390780966002204,0.5390780966002204,0.09600086565557688,0.47627132583939946
cadd,all_1_50,8.887,0.14199999999999946,6,96,0.26790181363352095,0.0782495232359731,0.5193529801176218,0.5193529801176218,0.09393105815197751,0.46755760663428675
cadd,all_1_50,8.895,0.1379999999999999,7,93,0.32263444222531557,0.14113991588726382,0.5306966592790362,0.5306966592790362,0.13446721897727476,0.5464133008834561
cadd,all_1_50,8.904,0.13400000000000034,7,93,0.32263444222531557,0.13957169459962754,0.5378575940799567,0.5378575940799567,0.1339939891100584,0.5472095177035159
cadd,all_1_50,8.907,0.13400000000000034,6,94,0.2736018522214682,0.1239210227974273,0.43850532046523133,0.43850532046523133,0.09560494630584586,0.4773087504807246
cadd,all_1_50,8.91,0.13299999999999912,6,94,0.2736018522214682,0.12627289880568887,0.4317163412127441,0.4317163412127441,0.09560494630584586,0.4732199988985403
cadd,all_1_50,8.914,0.13199999999999967,7,93,0.32263444222531557,0.13820904117477686,0.5298602802096044,0.5298602802096044,0.13498533241012306,0.5448657321775487
cadd,all_1_50,8.916,0.1330000000000009,7,93,0.32263444222531557,0.13812063197641683,0.5330121947618454,0.5330121947618454,0.13548048962399414,0.5446562162360199
cadd,all_1_50,8.919,0.1349999999999998,7,93,0.32263444222531557,0.13957169459962754,0.520743716089191,0.520743716089191,0.13536940179769186,0.5457583747789795
cadd,all_1_50,8.923,0.13899999999999935,7,94,0.3192021609250463,0.13803793971391737,0.5206988494592857,0.5206988494592857,0.1336943885538738,0.5412448272566425
cadd,all_1_50,8.925,0.13700000000000045,7,93,0.32263444222531557,0.1392619575546405,0.5268509204382154,0.5268509204382154,0.1349210067697299,0.5469513667746607
cadd,all_1_50,8.93,0.13700000000000045,7,93,0.32263444222531557,0.1374132019525908,0.5295240156184527,0.5295240156184527,0.13538331750188806,0.5455934428230107
cadd,all_1_50,8.933,0.13700000000000045,7,94,0.3192021609250463,0.13588753691660296,0.5316938281301132,0.5316938281301132,0.13343269291795432,0.5393378115903533
cadd,all_1_50,8.937,0.13700000000000045,7,93,0.32263444222531557,0.13807643461547658,0.5440588008773252,0.5440588008773252,0.13494143069500192,0.5454545832407316
cadd,all_1_50,8.943,0.13899999999999935,7,94,0.3192021609250463,0.13301796788042614,0.5440979058168751,0.5440979058168751,0.1328829126879999,0.5411375884192288
cadd,all_1_50,8.946,0.14100000000000001,7,95,0.3158421381784668,0.133315400134499,0.5212378305646759,0.5212378305646759,0.1315107935900257,0.5349571620926414
cadd,all_1_50,8.951,0.13599999999999923,6,94,0.2736018522214682,0.12036629897756246,0.45253983997443264,0.45253983997443264,0.09862937425350386,0.4792547159865845
cadd,all_1_50,8.952,0.1349999999999998,6,94,0.2736018522214682,0.12036629897756246,0.45253983997443264,0.45253983997443264,0.09862937425350386,0.4792547159865845
cadd,all_1_50,8.959,0.1349999999999998,6,95,0.2707218327244001,0.12030634385825177,0.4444310680390859,0.4444310680390859,0.09765788542704669,0.47524023148318384
cadd,all_1_50,8.96,0.13599999999999923,6,96,0.26790181363352095,0.11930984793310077,0.4371542304429476,0.4371542304429476,0.09622748792038394,0.46847463254221755
cadd,all_1_50,8.966,0.13400000000000034,6,94,0.2736018522214682,0.12232538319426499,0.4462277310794603,0.4462277310794603,0.09779509074311073,0.4785309804108274
cadd,all_1_50,8.967,0.13400000000000034,6,94,0.2736018522214682,0.12232538319426499,0.4462277310794603,0.4462277310794603,0.09779509074311073,0.4785309804108274
cadd,all_1_50,8.968,0.13400000000000034,6,95,0.2707218327244001,0.11857442652925532,0.4570962958818682,0.4570962958818682,0.09669564524381213,0.4719062888757375
cadd,all_1_50,8.97,0.13199999999999967,6,94,0.2736018522214682,0.1224834735576923,0.4639022948882104,0.4639022948882104,0.09779571118968859,0.47711429687310836
cadd,all_1_50,8.972,0.13100000000000023,6,94,0.2736018522214682,0.1224834735576923,0.4745832525683272,0.4745832525683272,0.09772544889586708,0.47886158053081335
cadd,all_1_50,8.975,0.12899999999999956,6,94,0.2736018522214682,0.1224834735576923,0.4745832525683272,0.4745832525683272,0.09772544889586708,0.47886158053081335
cadd,all_1_50,8.976,0.12900000000000134,6,94,0.2736018522214682,0.11857442652925532,0.4745832525683272,0.4745832525683272,0.09752372732857384,0.47756428885072016
cadd,all_1_50,8.98,0.13199999999999967,6,94,0.2736018522214682,0.11984942036290323,0.4761102500168475,0.4761102500168475,0.09787136905780974,0.47812778025666997
cadd,all_1_50,8.982,0.13399999999999856,6,96,0.26790181363352095,0.11964658910327036,0.4630992885864522,0.4630992885864522,0.09569388204039805,0.46859014464983134
cadd,all_1_50,8.986,0.13599999999999923,6,95,0.2707218327244001,0.12108957587091618,0.46331345605392793,0.46331345605392793,0.096888992100239,0.4728645801190464
cadd,all_1_50,8.993,0.13199999999999967,6,94,0.2736018522214682,0.12027119100445424,0.46822409020486583,0.46822409020486583,0.09803886431919889,0.4772484822596884
cadd,all_1_50,8.994,0.13100000000000023,6,94,0.2736018522214682,0.12027119100445424,0.46822409020486583,0.46822409020486583,0.09803886431919889,0.4772484822596884
cadd,all_1_50,8.998,0.129999999999999,6,94,0.2736018522214682,0.12027119100445424,0.46822409020486583,0.46822409020486583,0.09803886431919889,0.4772484822596884
cadd,all_1_50,9.004,0.13199999999999967,6,94,0.2736018522214682,0.12035573122529643,0.45230473751600514,0.45230473751600514,0.09838883238164389,0.479220833365296
cadd,all_1_50,9.006,0.13199999999999967,6,95,0.2707218327244001,0.11838268645111123,0.4440933118823259,0.4440933118823259,0.09718104316197111,0.4741782939287745
cadd,all_1_50,9.007,0.13100000000000023,6,95,0.2707218327244001,0.11838268645111123,0.4440933118823259,0.4440933118823259,0.09718104316197111,0.4741782939287745
cadd,all_1_50,9.016,0.1280000000000001,6,94,0.2736018522214682,0.12235718066712799,0.4394673398835517,0.4394673398835517,0.09780617678381257,0.4791732029762869
cadd,all_1_50,9.019,0.125,6,94,0.2736018522214682,0.12235718066712799,0.4394673398835517,0.4394673398835517,0.09780617678381257,0.4791732029762869
cadd,all_1_50,9.02,0.125,6,94,0.2736018522214682,0.12235718066712799,0.4394673398835517,0.4394673398835517,0.09780617678381257,0.4791732029762869
cadd,all_1_50,9.025,0.125,6,94,0.2736018522214682,0.1251625553388524,0.43405324892943586,0.43405324892943586,0.09786642594105088,0.47811567500402274
cadd,all_1_50,9.028,0.12400000000000055,6,95,0.2707218327244001,0.1245251580398676,0.4290766939687268,0.4290766939687268,0.09704256969195138,0.47326019835366334
cadd,all_1_50,9.029,0.125,6,96,0.26790181363352095,0.12116258557688939,0.42399114741149135,0.42399114741149135,0.09591699840608045,0.4684560992823821
cadd,all_1_50,9.032,0.12400000000000055,6,94,0.2736018522214682,0.12379025530360761,0.4369549961327154,0.4369549961327154,0.09816193034658592,0.4773773880106562
cadd,all_1_50,9.033,0.12300000000000111,6,94,0.2736018522214682,0.12379025530360761,0.4369549961327154,0.4369549961327154,0.09816193034658592,0.4773773880106562
cadd,all_1_50,9.034,0.12299999999999933,5,95,0.22560152727033342,0.09496182032933292,0.37047943086916174,0.37047943086916174,0.08041468418120411,0.41103012619172963
cadd,all_1_50,9.035,0.12199999999999989,5,95,0.22560152727033342,0.09496182032933292,0.37047943086916174,0.37047943086916174,0.08041468418120411,0.41103012619172963
cadd,all_1_50,9.04,0.12200000000000166,5,95,0.22560152727033342,0.09496460049125849,0.3714477925667225,0.3714477925667225,0.08012827724277159,0.41116749119955526
cadd,all_1_50,9.042,0.12299999999999933,5,95,0.22560152727033342,0.09496460049125849,0.3714477925667225,0.3714477925667225,0.08012827724277159,0.41116749119955526
cadd,all_1_50,9.043,0.12300000000000111,5,95,0.22560152727033342,0.09496460049125849,0.3637131576136562,0.3637131576136562,0.08044176941506458,0.41094867434243093
cadd,all_1_50,9.045,0.12199999999999989,5,95,0.22560152727033342,0.09496460049125849,0.3637131576136562,0.3637131576136562,0.08044176941506458,0.41094867434243093
cadd,all_1_50,9.046,0.12299999999999933,5,95,0.22560152727033342,0.09496460049125849,0.3637131576136562,0.3637131576136562,0.08044176941506458,0.41094867434243093
cadd,all_1_50,9.049,0.12300000000000111,4,96,0.17860120908901395,0.08729090838553129,0.2747955462834744,0.2747955462834744,0.04467144283725716,0.34210228913695895
cadd,all_1_50,9.051,0.12100000000000044,4,96,0.17860120908901395,0.08729090838553129,0.2747955462834744,0.2747955462834744,0.04467144283725716,0.34210228913695895
cadd,all_1_50,9.062,0.12899999999999956,4,96,0.17860120908901395,0.08510160043157707,0.2772399331588324,0.2772399331588324,0.04469288710615273,0.3431229310413719
cadd,all_1_50,9.063,0.13000000000000078,4,96,0.17860120908901395,0.08510160043157707,0.2772399331588324,0.2772399331588324,0.04469288710615273,0.3431229310413719
cadd,all_1_50,9.066,0.12900000000000134,4,96,0.17860120908901395,0.08579598747391216,0.27571048179539626,0.27571048179539626,0.04480153365149838,0.3437534623267146
cadd,all_1_50,9.067,0.13000000000000078,4,96,0.17860120908901395,0.08579598747391216,0.27571048179539626,0.27571048179539626,0.04480153365149838,0.3437534623267146
cadd,all_1_50,9.068,0.13100000000000023,4,96,0.17860120908901395,0.08579598747391216,0.27571048179539626,0.27571048179539626,0.04480153365149838,0.3437534623267146
cadd,all_1_50,9.07,0.13199999999999967,4,96,0.17860120908901395,0.08493827160493826,0.276488287126585,0.276488287126585,0.04483597074430256,0.3433173381177836
cadd,all_1_50,9.071,0.13100000000000023,4,96,0.17860120908901395,0.08493827160493826,0.276488287126585,0.276488287126585,0.04483597074430256,0.3433173381177836
cadd,all_1_50,9.074,0.12899999999999956,4,96,0.17860120908901395,0.08493827160493826,0.276488287126585,0.276488287126585,0.04474648639519656,0.3432717366749628
cadd,all_1_50,9.078,0.1269999999999989,4,96,0.17860120908901395,0.08493827160493826,0.276488287126585,0.276488287126585,0.04466579642346827,0.3421317383177291
cadd,all_1_50,9.08,0.12899999999999956,4,97,0.17675995951077672,0.08492100707085416,0.27458671336625534,0.27458671336625534,0.044151185137732224,0.33875282177660254
cadd,all_1_50,9.084,0.12600000000000122,4,96,0.17860120908901395,0.085888792940931,0.27646877937895414,0.27646877937895414,0.04459696476105807,0.34258649894562454
cadd,all_1_50,9.087,0.1269999999999989,4,96,0.17860120908901395,0.08539171496029191,0.2783790283790284,0.2783790283790284,0.04466564955134003,0.3442124569200062
cadd,all_1_50,9.088,0.12799999999999834,4,97,0.17675995951077672,0.08493827160493826,0.2747522861000025,0.2747522861000025,0.04421993224293053,0.34042658240347584
cadd,all_1_50,9.09,0.1280000000000001,4,96,0.17860120908901395,0.08639644469306731,0.27458671336625534,0.27458671336625534,0.044630268386671945,0.34451348027633855
cadd,all_1_50,9.093,0.12700000000000067,4,97,0.17675995951077672,0.08579215991268437,0.2712644597345628,0.2712644597345628,0.044059994121942614,0.34050426284961444
cadd,all_1_50,9.096,0.1280000000000001,4,96,0.17860120908901395,0.08639644469306731,0.2717179116391062,0.2717179116391062,0.04460589279339019,0.3435478880869506
cadd,all_1_50,9.097,0.12899999999999956,4,96,0.17860120908901395,0.08639644469306731,0.2717179116391062,0.2717179116391062,0.04460589279339019,0.3435478880869506
cadd,all_1_50,9.1,0.13000000000000078,4,97,0.17675995951077672,0.08639644469306731,0.26732248845955126,0.26732248845955126,0.04422291179706957,0.3393930904086364
cadd,all_1_50,9.102,0.13100000000000023,4,96,0.17860120908901395,0.08639644469306731,0.2717179116391062,0.2717179116391062,0.044782890473104346,0.34326429042215656
cadd,all_1_50,9.103,0.13100000000000023,4,98,0.17495628645454428,0.08534282951388356,0.26333548976340204,0.26333548976340204,0.04386201296775253,0.3358937395991607
cadd,all_1_50,9.105,0.12899999999999956,4,96,0.17860120908901395,0.08811855986025728,0.26917483159828537,0.26917483159828537,0.04460370441754719,0.34295390949168003
cadd,all_1_50,9.108,0.1280000000000001,3,97,0.13256996963308254,0.043231334648499924,0.22763287063004323,0.22763287063004323,0.03621261023123695,0.278094118721394
cadd,all_1_50,9.116,0.129999999999999,3,98,0.13121721484090823,0.0,0.25958692182805854,0.25958692182805854,0.03005715452133232,0.27445927734727094
cadd,all_1_50,9.122,0.1280000000000001,3,97,0.13256996963308254,0.0,0.2589077392944948,0.2589077392944948,0.029389217754191604,0.2774675485887362
cadd,all_1_50,9.125,0.13100000000000023,4,100,0.17145716072545342,0.0,0.33949945593035913,0.33949945593035913,0.04267811444022983,0.33152301801666734
cadd,all_1_50,9.131,0.125,4,96,0.17860120908901395,0.0,0.3616649206886027,0.3616649206886027,0.04445556838988747,0.3454047474132684
cadd,all_1_50,9.133,0.125,4,97,0.17675995951077672,0.0,0.35650870508026183,0.35650870508026183,0.04397612682237454,0.3424209795129758
cadd,all_1_50,9.134,0.12399999999999878,4,97,0.17675995951077672,0.0,0.35650870508026183,0.35650870508026183,0.04397612682237454,0.3424209795129758
cadd,all_1_50,9.138,0.11999999999999922,4,96,0.17860120908901395,0.0,0.35834329459370645,0.35834329459370645,0.04439840010078105,0.34549142242383923
cadd,all_1_50,9.139,0.11999999999999922,4,96,0.17860120908901395,0.0,0.35834329459370645,0.35834329459370645,0.04439840010078105,0.34549142242383923
cadd,all_1_50,9.14,0.12100000000000044,4,96,0.17860120908901395,0.0,0.35834329459370645,0.35834329459370645,0.04439840010078105,0.34549142242383923
cadd,all_1_50,9.144,0.11999999999999922,4,96,0.17860120908901395,0.0,0.35083320953894315,0.35083320953894315,0.04442172655805867,0.3458480012852845
cadd,all_1_50,9.15,0.12100000000000044,4,98,0.17495628645454428,0.0,0.3483123779296875,0.3483123779296875,0.04340968360197316,0.33775162448797896
cadd,all_1_50,9.151,0.12199999999999989,4,98,0.17495628645454428,0.0,0.3483123779296875,0.3483123779296875,0.04340968360197316,0.33775162448797896
cadd,all_1_50,9.154,0.12400000000000055,4,97,0.17675995951077672,0.0,0.34431862552743847,0.34431862552743847,0.043718462374555456,0.3416960406220984
cadd,all_1_50,9.156,0.12300000000000111,3,97,0.13256996963308254,0.0,0.25421266816793364,0.25421266816793364,0.03319541080929605,0.2797745276876966
cadd,all_1_50,9.157,0.12400000000000055,3,98,0.13121721484090823,0.0,0.24826663212225278,0.24826663212225278,0.03293808204333251,0.27699058339778665
cadd,all_1_50,9.16,0.125,3,97,0.13256996963308254,0.0,0.254592507742565,0.254592507742565,0.032875241891927774,0.2805578913654584
cadd,all_1_50,9.161,0.12599999999999945,3,98,0.13121721484090823,0.0,0.25192017529515764,0.25192017529515764,0.032618696538674476,0.27669594607600767
cadd,all_1_50,9.162,0.125,3,97,0.13256996963308254,0.0,0.25308694660539743,0.25308694660539743,0.032944973888617245,0.27979604130324615
cadd,all_1_50,9.166,0.12400000000000055,3,97,0.13256996963308254,0.0,0.25241284800340036,0.25241284800340036,0.03337509000491245,0.27957823659638587
cadd,all_1_50,9.172,0.12300000000000111,2,98,0.08747814322727214,0.0,0.20123894510397577,0.20123894510397577,0.0,0.20518670590983334
cadd,all_1_50,9.188,0.12100000000000044,4,96,0.17860120908901395,0.0,0.4084440539215957,0.4084440539215957,0.04435242461836612,0.3523422637960458
cadd,all_1_50,9.194,0.120000000000001,4,96,0.17860120908901395,0.0,0.40564075690832124,0.40564075690832124,0.04424824549521108,0.3502768451810063
cadd,all_1_50,9.202,0.11800000000000033,4,97,0.17675995951077672,0.0,0.3947647024735681,0.3947647024735681,0.04376419236653002,0.3485437037240581
cadd,all_1_50,9.203,0.11700000000000088,4,96,0.17860120908901395,0.0,0.39781305506216696,0.39781305506216696,0.044100674732547855,0.35162803974705403
cadd,all_1_50,9.204,0.11700000000000088,4,97,0.17675995951077672,0.0,0.3947292329299021,0.3947292329299021,0.04371631333088458,0.3485437037240581
cadd,all_1_50,9.209,0.11800000000000033,4,96,0.17860120908901395,0.0,0.3897239329771956,0.3897239329771956,0.044071008663366336,0.35201538587274994
cadd,all_1_50,9.21,0.11700000000000088,4,96,0.17860120908901395,0.0,0.3897239329771956,0.3897239329771956,0.044071008663366336,0.35201538587274994
cadd,all_1_50,9.211,0.1169999999999991,4,96,0.17860120908901395,0.0,0.3854314002828854,0.3854314002828854,0.04413346282665361,0.35137526731365093
cadd,all_1_50,9.215,0.11800000000000033,4,96,0.17860120908901395,0.0,0.3867819273517012,0.3867819273517012,0.044087462268659755,0.3516206368207979
cadd,all_1_50,9.218,0.11899999999999977,4,96,0.17860120908901395,0.0,0.3771110938644363,0.3771110938644363,0.0441855965086337,0.35154205827073537
cadd,all_1_50,9.22,0.11899999999999977,4,96,0.17860120908901395,0.0,0.3766053950823586,0.3766053950823586,0.04406199547949629,0.3516938706191751
cadd,all_1_50,9.223,0.12099999999999866,4,98,0.17495628645454428,0.0,0.36639366556861797,0.36639366556861797,0.043071220092025075,0.34530506732471794
cadd,all_1_50,9.23,0.11599999999999966,4,96,0.17860120908901395,0.0,0.3642576772108058,0.3642576772108058,0.04396849201720416,0.35102998402402075
cadd,all_1_50,9.233,0.11700000000000088,4,97,0.17675995951077672,0.0,0.3621109324915924,0.3621109324915924,0.04341681364480431,0.34723957088727014
cadd,all_1_50,9.234,0.11800000000000033,4,97,0.17675995951077672,0.0,0.3621109324915924,0.3621109324915924,0.04341681364480431,0.34723957088727014
cadd,all_1_50,9.235,0.11899999999999977,4,97,0.17675995951077672,0.0,0.3621109324915924,0.3621109324915924,0.04341681364480431,0.34723957088727014
cadd,all_1_50,9.244,0.11899999999999977,5,96,0.22325151136126745,0.0,0.46726962241477454,0.46726962241477454,0.07961281491815843,0.4123378018989261
cadd,all_1_50,9.245,0.11800000000000033,5,95,0.22560152727033342,0.0,0.4771068776235066,0.4771068776235066,0.08034062808930227,0.4174043498855516
cadd,all_1_50,9.246,0.1169999999999991,5,95,0.22560152727033342,0.0,0.4771068776235066,0.4771068776235066,0.08034062808930227,0.4174043498855516
cadd,all_1_50,9.247,0.11599999999999966,5,95,0.22560152727033342,0.0,0.4771068776235066,0.4771068776235066,0.08034062808930227,0.4174043498855516
cadd,all_1_50,9.248,0.1169999999999991,5,95,0.22560152727033342,0.0,0.4771068776235066,0.4771068776235066,0.08034062808930227,0.4174043498855516
cadd,all_1_50,9.25,0.11700000000000088,5,95,0.22560152727033342,0.0,0.4771068776235066,0.4771068776235066,0.08011840127098964,0.41739130434782606
cadd,all_1_50,9.255,0.12099999999999866,5,96,0.22325151136126745,0.0,0.4673307116725018,0.4673307116725018,0.07961267024160106,0.4127987184407488
cadd,all_1_50,9.256,0.11999999999999922,5,95,0.22560152727033342,0.0,0.4763422458412626,0.4763422458412626,0.08021660412360797,0.4174194106990618
cadd,all_1_50,9.257,0.11899999999999977,5,95,0.22560152727033342,0.0,0.4763422458412626,0.4763422458412626,0.08021660412360797,0.4174194106990618
cadd,all_1_50,9.258,0.11999999999999922,5,95,0.22560152727033342,0.0,0.4763422458412626,0.4763422458412626,0.08021660412360797,0.4174194106990618
cadd,all_1_50,9.262,0.12199999999999989,6,95,0.2707218327244001,0.0,0.503491509124111,0.503491509124111,0.09673499279515547,0.48000260493386876
cadd,all_1_50,9.264,0.120000000000001,6,94,0.2736018522214682,0.0,0.5081241520520972,0.5081241520520972,0.09803418645899158,0.48441880317656977
cadd,all_1_50,9.265,0.11999999999999922,6,94,0.2736018522214682,0.0,0.5036444097357803,0.5036444097357803,0.09797770138099285,0.48484214170422807
cadd,all_1_50,9.266,0.11899999999999977,6,94,0.2736018522214682,0.0,0.5036444097357803,0.5036444097357803,0.09797770138099285,0.48484214170422807
cadd,all_1_50,9.268,0.11799999999999855,6,95,0.2707218327244001,0.0,0.4988477963097252,0.4988477963097252,0.09695972615788602,0.4789080512208297
cadd,all_1_50,9.269,0.11800000000000033,6,95,0.2707218327244001,0.0,0.4985074911546201,0.4985074911546201,0.09715260668479357,0.4795269174941339
cadd,all_1_50,9.271,0.11700000000000088,6,94,0.2736018522214682,0.0,0.5001079593743036,0.5001079593743036,0.09808794206081028,0.4853794323369448
cadd,all_1_50,9.278,0.11800000000000033,6,95,0.2707218327244001,0.0,0.49364028427382617,0.49364028427382617,0.0967461388660114,0.4792099037362129
cadd,all_1_50,9.281,0.11799999999999855,7,93,0.32263444222531557,0.06292591070939467,0.5204264305077563,0.5204264305077563,0.13552101538133396,0.5586026825767134
cadd,all_1_50,9.284,0.11799999999999855,7,94,0.3192021609250463,0.06292591070939467,0.5089464357171439,0.5089464357171439,0.13389666338190412,0.5529851956610216
cadd,all_1_50,9.287,0.11500000000000021,7,93,0.32263444222531557,0.0640945984595205,0.5127164093150487,0.5127164093150487,0.13509289805706956,0.5600284902675746
cadd,all_1_50,9.288,0.11599999999999966,7,94,0.3192021609250463,0.06292591070939467,0.5089464357171439,0.5089464357171439,0.1338966689142025,0.5540354161693741
cadd,all_1_50,9.292,0.11400000000000077,7,93,0.32263444222531557,0.0635617509119333,0.5125384734930312,0.5125384734930312,0.13536156396717205,0.5598217404262628
cadd,all_1_50,9.293,0.11300000000000132,7,93,0.32263444222531557,0.0635617509119333,0.5125384734930312,0.5125384734930312,0.13536156396717205,0.5598217404262628
cadd,all_1_50,9.294,0.1120000000000001,7,93,0.32263444222531557,0.0635617509119333,0.5125384734930312,0.5125384734930312,0.13536156396717205,0.5598217404262628
cadd,all_1_50,9.3,0.1120000000000001,7,93,0.32263444222531557,0.0635617509119333,0.5125384734930312,0.5125384734930312,0.13536156396717205,0.5598217404262628
cadd,all_1_50,9.301,0.11299999999999955,7,93,0.32263444222531557,0.0635617509119333,0.5125384734930312,0.5125384734930312,0.13536156396717205,0.5598217404262628
cadd,all_1_50,9.305,0.1120000000000001,7,93,0.32263444222531557,0.06322845523709454,0.5119267341074224,0.5119267341074224,0.13538866738074962,0.5612651296413709
cadd,all_1_50,9.307,0.11299999999999955,7,94,0.3192021609250463,0.06205793495645993,0.5087859110847113,0.5087859110847113,0.13429819503201268,0.5559594487171694
cadd,all_1_50,9.309,0.11100000000000065,7,93,0.32263444222531557,0.06344574810082519,0.5104934183272277,0.5104934183272277,0.13533055620263265,0.5628967453875463
cadd,all_1_50,9.31,0.10999999999999943,7,93,0.32263444222531557,0.06344574810082519,0.5104934183272277,0.5104934183272277,0.13533055620263265,0.5628967453875463
cadd,all_1_50,9.313,0.10899999999999999,8,92,0.37273295809881174,0.06432827680274983,0.6034845239001438,0.6034845239001438,0.16755822435829698,0.627762753824917
cadd,all_1_50,9.314,0.10999999999999943,8,94,0.3648024696286243,0.061151215373777615,0.599962404148312,0.599962404148312,0.1637737645335999,0.6128195959234758
cadd,all_1_50,9.315,0.10899999999999999,8,93,0.3687250768289321,0.06279671989641777,0.6023040403705057,0.6023040403705057,0.16569027193297198,0.6207944483231684
cadd,all_1_50,9.316,0.10799999999999876,8,93,0.3687250768289321,0.06279671989641777,0.6023040403705057,0.6023040403705057,0.16569027193297198,0.6207944483231684
cadd,all_1_50,9.32,0.10899999999999999,8,92,0.37273295809881174,0.06354792894400679,0.6125226860254084,0.6125226860254084,0.16743378351528274,0.6286509461025374
cadd,all_1_50,9.321,0.10999999999999943,8,94,0.3648024696286243,0.061788207200587794,0.6051682710390041,0.6051682710390041,0.16401754013862532,0.6132438090408148
cadd,all_1_50,9.323,0.10799999999999876,8,93,0.3687250768289321,0.06344574810082519,0.6082815626378499,0.6082815626378499,0.16574810325412842,0.6208031101513071
cadd,all_1_50,9.324,0.10699999999999932,8,92,0.37273295809881174,0.06344574810082519,0.6207251598650597,0.6207251598650597,0.16740315360543362,0.6285706721524119
cadd,all_1_50,9.327,0.10899999999999999,9,92,0.41932457786116323,0.13897902651365257,0.6486655239960822,0.6486655239960822,0.19774742419802352,0.6925334803424978
cadd,all_1_50,9.328,0.10800000000000054,9,91,0.4239325402552419,0.13995378012545392,0.6525348838033255,0.6525348838033255,0.20000280297001824,0.7003086798173939
cadd,all_1_50,9.333,0.10699999999999932,9,91,0.4239325402552419,0.1417257085020243,0.637322599333418,0.637322599333418,0.19982340489758238,0.6975958491098576
cadd,all_1_50,9.335,0.10500000000000043,9,91,0.4239325402552419,0.1417257085020243,0.637322599333418,0.637322599333418,0.19982340489758238,0.6975958491098576
cadd,all_1_50,9.337,0.10400000000000098,9,91,0.4239325402552419,0.14278846153846153,0.6373217171362328,0.6373217171362328,0.20000540767656597,0.6958006684481202
cadd,all_1_50,9.339,0.10599999999999987,9,91,0.4239325402552419,0.14278846153846153,0.6373217171362328,0.6373217171362328,0.20000540767656597,0.6958006684481202
cadd,all_1_50,9.34,0.10699999999999932,9,91,0.4239325402552419,0.14278846153846153,0.6373217171362328,0.6373217171362328,0.20000540767656597,0.6958006684481202
cadd,all_1_50,9.344,0.10899999999999999,10,90,0.47626989090403726,0.21654137032444376,0.6644433276988442,0.6644433276988442,0.23882288023538373,0.7682642507656394
cadd,all_1_50,9.345,0.10999999999999943,10,91,0.4710361558391577,0.2141826923076923,0.6582407929912931,0.6582407929912931,0.23522420670093966,0.759863192121906
cadd,all_1_50,9.346,0.10899999999999999,10,90,0.47626989090403726,0.2141826923076923,0.6709525029100747,0.6709525029100747,0.23758364449662625,0.7679091460885517
cadd,all_1_50,9.349,0.10599999999999987,10,90,0.47626989090403726,0.2141826923076923,0.6709525029100747,0.6709525029100747,0.23758364449662625,0.7679091460885517
cadd,all_1_50,9.356,0.10800000000000054,9,91,0.4239325402552419,0.21092883637337,0.5716981132075472,0.5716981132075472,0.20155903301595277,0.6963136618283676
cadd,all_1_50,9.357,0.10899999999999999,9,91,0.4239325402552419,0.21092883637337,0.5716981132075472,0.5716981132075472,0.20155903301595277,0.6963136618283676
cadd,all_1_50,9.36,0.10999999999999943,9,91,0.4239325402552419,0.21067373850336799,0.5765170393318966,0.5765170393318966,0.20203430484872809,0.6931333438668642
cadd,all_1_50,9.363,0.11000000000000121,9,91,0.4239325402552419,0.2163600088672135,0.5718479633973728,0.5718479633973728,0.20147562772495864,0.6951477565912536
cadd,all_1_50,9.366,0.10999999999999943,9,91,0.4239325402552419,0.21308182691467992,0.5717034594128414,0.5717034594128414,0.20315165089744078,0.6949906863073196
cadd,all_1_50,9.375,0.11700000000000088,9,94,0.41040277833220234,0.23518853968676934,0.5257947260039851,0.5257947260039851,0.19483175791526622,0.674734361009152
cadd,all_1_50,9.376,0.11600000000000144,9,92,0.41932457786116323,0.2463276836158192,0.5288767088234101,0.5288767088234101,0.1993466092972856,0.6903928766296727
cadd,all_1_50,9.381,0.11599999999999966,9,92,0.41932457786116323,0.2482317398258397,0.5267509448834978,0.5267509448834978,0.19921637765177802,0.6897719042069972
cadd,all_1_50,9.383,0.1169999999999991,9,91,0.4239325402552419,0.2482375353402727,0.5367306166204909,0.5367306166204909,0.20096469737786637,0.6960869690068338
cadd,all_1_50,9.384,0.11800000000000033,9,91,0.4239325402552419,0.2482375353402727,0.5367306166204909,0.5367306166204909,0.20096469737786637,0.6960869690068338
cadd,all_1_50,9.385,0.11800000000000033,9,91,0.4239325402552419,0.24997061053532493,0.5356,0.5356,0.20100576503837414,0.6967593767542087
cadd,all_1_50,9.386,0.11799999999999855,9,91,0.4239325402552419,0.24997061053532493,0.5356,0.5356,0.20100576503837414,0.6967593767542087
cadd,all_1_50,9.387,0.11899999999999977,9,92,0.41932457786116323,0.24748719799576618,0.5311057434245839,0.5311057434245839,0.1991182098949574,0.6897719042069972
cadd,all_1_50,9.391,0.11999999999999922,9,92,0.41932457786116323,0.25078902646273366,0.5377377377377378,0.5377377377377378,0.200219664837356,0.6871184108693783
cadd,all_1_50,9.396,0.11800000000000033,9,91,0.4239325402552419,0.25502570299545674,0.5430344682121737,0.5430344682121737,0.20192326566252564,0.6954746230362449
cadd,all_1_50,9.399,0.11800000000000033,9,91,0.4239325402552419,0.254756417433949,0.5426373554287848,0.5426373554287848,0.20216563127498455,0.6965890522875816
cadd,all_1_50,9.402,0.11900000000000155,9,92,0.41932457786116323,0.25474005803749317,0.5355433558558559,0.5355433558558559,0.2002353525520251,0.6902991935744756
cadd,all_1_50,9.403,0.11800000000000033,9,91,0.4239325402552419,0.25474005803749317,0.545870719648416,0.545870719648416,0.20280769831337261,0.697400433433925
cadd,all_1_50,9.406,0.11899999999999977,9,91,0.4239325402552419,0.25474005803749317,0.545870719648416,0.545870719648416,0.20280769831337261,0.697400433433925
cadd,all_1_50,9.417,0.12299999999999933,9,92,0.41932457786116323,0.25148121387283234,0.5480842841203093,0.5480842841203093,0.19967618782605445,0.6920820378748092
cadd,all_1_50,9.42,0.11999999999999922,9,91,0.4239325402552419,0.2563852314535496,0.550718943977371,0.550718943977371,0.20210813959390808,0.6986996102685757
cadd,all_1_50,9.421,0.12099999999999866,9,91,0.4239325402552419,0.2563852314535496,0.550718943977371,0.550718943977371,0.20210813959390808,0.6986996102685757
cadd,all_1_50,9.422,0.12199999999999989,9,92,0.41932457786116323,0.25291382094837817,0.550718943977371,0.550718943977371,0.20013005736806716,0.6908882800777042
cadd,all_1_50,9.424,0.12100000000000044,9,91,0.4239325402552419,0.2554617676266137,0.5592823232011839,0.5592823232011839,0.20190928505025135,0.6982054034194914
cadd,all_1_50,9.426,0.12100000000000044,9,93,0.41481571143254853,0.2498382428911965,0.5520072243658156,0.5520072243658156,0.1976069582919087,0.6834175198053126
cadd,all_1_50,9.431,0.12099999999999866,7,93,0.32263444222531557,0.22311770653979782,0.47085383112069545,0.47085383112069545,0.13411820290603102,0.5552818738133973
cadd,all_1_50,9.436,0.12199999999999989,7,93,0.32263444222531557,0.22384766995043512,0.47145220231504625,0.47145220231504625,0.13357616267964312,0.5556179654269723
cadd,all_1_50,9.438,0.12300000000000111,8,92,0.37273295809881174,0.2591817759181776,0.5217441193344808,0.5217441193344808,0.17120343628247378,0.6198188020850743
cadd,all_1_50,9.44,0.125,8,92,0.37273295809881174,0.2591817759181776,0.5217441193344808,0.5217441193344808,0.17120343628247378,0.6198188020850743
cadd,all_1_50,9.441,0.12600000000000122,8,92,0.37273295809881174,0.2591817759181776,0.5217441193344808,0.5217441193344808,0.17120343628247378,0.6198188020850743
cadd,all_1_50,9.449,0.12899999999999956,9,92,0.41932457786116323,0.32160977291759024,0.5939001445935425,0.5939001445935425,0.19937190976374855,0.6895535527248662
cadd,all_1_50,9.451,0.13100000000000023,9,93,0.41481571143254853,0.318091522323215,0.589441431776166,0.589441431776166,0.19721814773463983,0.6791987624820939
cadd,all_1_50,9.452,0.13199999999999967,9,93,0.41481571143254853,0.318091522323215,0.589441431776166,0.589441431776166,0.19721814773463983,0.6791987624820939
cadd,all_1_50,9.455,0.13199999999999967,9,91,0.4239325402552419,0.32413916496984874,0.6095990466305309,0.6095990466305309,0.20172929106486615,0.694934856523352
cadd,all_1_50,9.456,0.13299999999999912,9,94,0.41040277833220234,0.3140286735981468,0.5841990863542588,0.5841990863542588,0.19471785560009874,0.6712289225078363
cadd,all_1_50,9.461,0.1330000000000009,9,91,0.4239325402552419,0.3272117087722569,0.5965095600652734,0.5965095600652734,0.2011500456827151,0.6958032314381272
cadd,all_1_50,9.463,0.13400000000000034,9,92,0.41932457786116323,0.3218457027502756,0.5810252449101385,0.5810252449101385,0.19808914058724794,0.686847926444564
cadd,all_1_50,9.468,0.13100000000000023,9,91,0.4239325402552419,0.3267639722281365,0.5942839381883851,0.5942839381883851,0.20109448143086658,0.695532435740514
cadd,all_1_50,9.473,0.1330000000000009,9,91,0.4239325402552419,0.33241035580783607,0.5982142857142857,0.5982142857142857,0.19967294970921393,0.694922460136861
cadd,all_1_50,9.474,0.13400000000000034,9,91,0.4239325402552419,0.33241035580783607,0.5982142857142857,0.5982142857142857,0.19967294970921393,0.694922460136861
cadd,all_1_50,9.477,0.1330000000000009,10,90,0.47626989090403726,0.3402907546360447,0.7668605548100554,0.7668605548100554,0.23999620623774787,0.767298754554998
cadd,all_1_50,9.478,0.13400000000000034,10,92,0.4659161976235147,0.32673330688203145,0.7585103161090916,0.7585103161090916,0.23460204113143576,0.751272473379742
cadd,all_1_50,9.48,0.13400000000000034,10,90,0.47626989090403726,0.3460556150500644,0.7430810487091567,0.7430810487091567,0.2397859870477152,0.7686519720747667
cadd,all_1_50,9.481,0.13400000000000034,10,90,0.47626989090403726,0.3434829072560315,0.751648380212095,0.751648380212095,0.23994121558454107,0.7694156496520803
cadd,all_1_50,9.489,0.13099999999999845,9,91,0.4239325402552419,0.2622166615009949,0.737863410039488,0.737863410039488,0.20169720460418136,0.6972787479413183
cadd,all_1_50,9.492,0.13200000000000145,9,91,0.4239325402552419,0.2622166615009949,0.737863410039488,0.737863410039488,0.20169720460418136,0.6972787479413183
cadd,all_1_50,9.494,0.1330000000000009,9,91,0.4239325402552419,0.26355966168965456,0.7367047293307322,0.7367047293307322,0.20226991567688246,0.6966733053157207
cadd,all_1_50,9.497,0.13199999999999967,10,92,0.4659161976235147,0.2907868214897085,0.8202486174890582,0.8202486174890582,0.23496410795383496,0.746616136088236
cadd,all_1_50,9.503,0.12700000000000067,10,90,0.47626989090403726,0.29285482450039413,0.8560441626128799,0.8560441626128799,0.23915083982453042,0.7657768620952211
cadd,all_1_50,9.506,0.1280000000000001,10,91,0.4710361558391577,0.29505433365077316,0.8495698674726807,0.8495698674726807,0.2384064032648966,0.754799580047666
cadd,all_1_50,9.509,0.12600000000000122,10,90,0.47626989090403726,0.30136490708765007,0.8518591379163251,0.8518591379163251,0.2406646783695964,0.7645544111061352
cadd,all_1_50,9.511,0.1269999999999989,9,91,0.4239325402552419,0.23125713909841822,0.7789661707364891,0.7789661707364891,0.20379010443086149,0.6927584164970357
cadd,all_1_50,9.516,0.13100000000000023,10,90,0.47626989090403726,0.30136490708765007,0.8518591379163251,0.8518591379163251,0.24110943320938924,0.7663059502682629
cadd,all_1_50,9.517,0.13100000000000023,10,90,0.47626989090403726,0.29776839316026993,0.8495698674726807,0.8495698674726807,0.24110943320938924,0.7662898906279135
cadd,all_1_50,9.521,0.13399999999999856,10,91,0.4710361558391577,0.2869487010177827,0.8556159751940887,0.8556159751940887,0.23887168367331987,0.757153807378174
cadd,all_1_50,9.527,0.13599999999999923,10,91,0.4710361558391577,0.29046469056167334,0.8359888452069413,0.8359888452069413,0.239091117197604,0.7543035233822448
cadd,all_1_50,9.529,0.13400000000000034,10,90,0.47626989090403726,0.2933863813104399,0.8414438988632537,0.8414438988632537,0.24240865346533425,0.7642139730993307
cadd,all_1_50,9.535,0.13899999999999935,10,91,0.4710361558391577,0.28872030824268696,0.8414438988632537,0.8414438988632537,0.23983561443202372,0.7557870742531544
cadd,all_1_50,9.536,0.1399999999999988,10,91,0.4710361558391577,0.28872030824268696,0.8414438988632537,0.8414438988632537,0.23983561443202372,0.7557870742531544
cadd,all_1_50,9.54,0.14300000000000068,10,91,0.4710361558391577,0.29689890201407,0.8302727541731215,0.8302727541731215,0.23882521841172483,0.7590700218022522
cadd,all_1_50,9.544,0.14199999999999946,9,92,0.41932457786116323,0.2854477611940298,0.672775446058974,0.672775446058974,0.20125739052599342,0.6845699783278202
cadd,all_1_50,9.545,0.14199999999999946,9,92,0.41932457786116323,0.28914780140545243,0.6555168968962073,0.6555168968962073,0.2010953983975105,0.6842450475688363
cadd,all_1_50,9.547,0.14100000000000001,9,91,0.4239325402552419,0.2891867359132273,0.6618775676942696,0.6618775676942696,0.20311290027014725,0.695449690622089
cadd,all_1_50,9.55,0.13899999999999935,9,91,0.4239325402552419,0.2956131078224101,0.655564311424006,0.655564311424006,0.20316417372542506,0.6932816652857042
cadd,all_1_50,9.553,0.136000000000001,9,91,0.4239325402552419,0.2956131078224101,0.655564311424006,0.655564311424006,0.20316417372542506,0.6932816652857042
cadd,all_1_50,9.556,0.13500000000000156,9,91,0.4239325402552419,0.2956131078224101,0.655564311424006,0.655564311424006,0.2037874257194237,0.6933347646413788
cadd,all_1_50,9.558,0.13400000000000034,8,92,0.37273295809881174,0.19428503581746945,0.6605400820642892,0.6605400820642892,0.1705863470662003,0.6219417590923603
cadd,all_1_50,9.56,0.136000000000001,8,92,0.37273295809881174,0.19428503581746945,0.6605400820642892,0.6605400820642892,0.1705863470662003,0.6219417590923603
cadd,all_1_50,9.569,0.13800000000000168,8,93,0.3687250768289321,0.1817704388132742,0.6824383943724257,0.6824383943724257,0.1699448415246716,0.6158545176380554
cadd,all_1_50,9.572,0.13800000000000168,8,92,0.37273295809881174,0.18175911738670564,0.69586085300519,0.69586085300519,0.1712517647816139,0.6249967109745546
cadd,all_1_50,9.576,0.1379999999999999,7,94,0.3192021609250463,0.1302940981866743,0.6105746713527459,0.6105746713527459,0.13580093287892558,0.5506101200160096
cadd,all_1_50,9.58,0.1379999999999999,7,93,0.32263444222531557,0.13585107993947892,0.6174103299257242,0.6174103299257242,0.1369476395815798,0.5551024184453404
cadd,all_1_50,9.585,0.13400000000000034,7,93,0.32263444222531557,0.1375664290683432,0.6067933962670804,0.6067933962670804,0.13683512566247588,0.5545045020253817
cadd,all_1_50,9.589,0.13599999999999923,7,93,0.32263444222531557,0.16031188334208052,0.6282522191613101,0.6282522191613101,0.13641057355623326,0.5549716127387343
cadd,all_1_50,9.597,0.13599999999999923,7,94,0.3192021609250463,0.1537416567571749,0.6317740146056594,0.6317740146056594,0.1339094427392974,0.5496148693289832
cadd,all_1_50,9.599,0.13700000000000045,7,93,0.32263444222531557,0.15596393736176203,0.6164956983944325,0.6164956983944325,0.13558118468219724,0.5544899836213171
cadd,all_1_50,9.603,0.13900000000000112,7,93,0.32263444222531557,0.15724797712756697,0.637917637917638,0.637917637917638,0.1354363447463609,0.5568632741161341
cadd,all_1_50,9.605,0.13700000000000045,7,93,0.32263444222531557,0.15724797712756697,0.637917637917638,0.637917637917638,0.1354363447463609,0.5568632741161341
cadd,all_1_50,9.61,0.13900000000000112,7,93,0.32263444222531557,0.15724797712756697,0.6317740146056594,0.6317740146056594,0.13515591850365524,0.554248043673358
cadd,all_1_50,9.612,0.13899999999999935,7,93,0.32263444222531557,0.15724797712756697,0.6317740146056594,0.6317740146056594,0.13515591850365524,0.554248043673358
cadd,all_1_50,9.613,0.13900000000000112,7,94,0.3192021609250463,0.1537416567571749,0.6317740146056594,0.6317740146056594,0.1340125545653779,0.5505978707908624
cadd,all_1_50,9.615,0.1379999999999999,7,93,0.32263444222531557,0.1537507477692204,0.6440938791023018,0.6440938791023018,0.13535812117460708,0.5563622925251587
cadd,all_1_50,9.619,0.13899999999999935,6,95,0.2707218327244001,0.1338537247581877,0.549003549003549,0.549003549003549,0.09845906594969842,0.4792333192611353
cadd,all_1_50,9.62,0.13899999999999935,6,95,0.2707218327244001,0.13595409342300005,0.549003549003549,0.549003549003549,0.0987632205157522,0.4797476161239683
cadd,all_1_50,9.627,0.1349999999999998,6,95,0.2707218327244001,0.13956818606356403,0.549003549003549,0.549003549003549,0.09886584148974203,0.4810745233484249
cadd,all_1_50,9.629,0.1349999999999998,6,95,0.2707218327244001,0.13865445723852804,0.5306943613724103,0.5306943613724103,0.09846158932344633,0.48089330714247636
cadd,all_1_50,9.634,0.13100000000000023,6,94,0.2736018522214682,0.13865445723852804,0.5306943613724103,0.5306943613724103,0.09976414271519729,0.48412161946210525
cadd,all_1_50,9.636,0.13000000000000078,6,94,0.2736018522214682,0.13648430482272086,0.5306943613724103,0.5306943613724103,0.09952329619824866,0.48423408707638693
cadd,all_1_50,9.639,0.129999999999999,6,94,0.2736018522214682,0.1353321291940711,0.5168428331522276,0.5168428331522276,0.09983835971516361,0.4846198621791388
cadd,all_1_50,9.645,0.13000000000000078,6,94,0.2736018522214682,0.13775864042657768,0.5209187979286033,0.5209187979286033,0.09960519076435607,0.48408349851091037
cadd,all_1_50,9.648,0.13100000000000023,6,95,0.2707218327244001,0.13715722699311508,0.5125850879383982,0.5125850879383982,0.09824807747761148,0.4799520799191532
cadd,all_1_50,9.653,0.13199999999999967,6,94,0.2736018522214682,0.137438190069769,0.5125850879383982,0.5125850879383982,0.09897430870412077,0.484850424449315
cadd,all_1_50,9.655,0.13399999999999856,6,95,0.2707218327244001,0.13715722699311508,0.5125850879383982,0.5125850879383982,0.09787072106011455,0.4800265261851637
cadd,all_1_50,9.663,0.13400000000000034,6,94,0.2736018522214682,0.14484828645067294,0.5125850879383982,0.5125850879383982,0.09922530091729065,0.4844800431158778
cadd,all_1_50,9.668,0.13299999999999912,6,94,0.2736018522214682,0.14619702368693457,0.4984682897812732,0.4984682897812732,0.09916344547438594,0.4851556880970479
cadd,all_1_50,9.682,0.13599999999999923,7,93,0.32263444222531557,0.23089430213590403,0.4776223568543598,0.4776223568543598,0.13413463114382113,0.5553775267911372
cadd,all_1_50,9.683,0.13599999999999923,7,93,0.32263444222531557,0.23089430213590403,0.4776223568543598,0.4776223568543598,0.13413463114382113,0.5553775267911372
cadd,all_1_50,9.685,0.1379999999999999,7,93,0.32263444222531557,0.23089430213590403,0.4776223568543598,0.4776223568543598,0.13413463114382113,0.5553775267911372
cadd,all_1_50,9.686,0.13899999999999935,7,93,0.32263444222531557,0.23089430213590403,0.4776223568543598,0.4776223568543598,0.13413463114382113,0.5553775267911372
cadd,all_1_50,9.687,0.1399999999999988,7,94,0.3192021609250463,0.22996172901651687,0.46729147141518274,0.46729147141518274,0.13309519680821666,0.5496016256911311
cadd,all_1_50,9.689,0.14199999999999946,7,94,0.3192021609250463,0.22996172901651687,0.46729147141518274,0.46729147141518274,0.13309519680821666,0.5496016256911311
cadd,all_1_50,9.691,0.1429999999999989,7,93,0.32263444222531557,0.22992985190958692,0.4765423009436373,0.4765423009436373,0.1335031687598606,0.5549458212837807
cadd,all_1_50,9.692,0.14199999999999946,7,93,0.32263444222531557,0.22992985190958692,0.4765423009436373,0.4765423009436373,0.1335031687598606,0.5549458212837807
cadd,all_1_50,9.697,0.14200000000000124,7,94,0.3192021609250463,0.22589943082229874,0.4694425783022786,0.4694425783022786,0.13238182060245238,0.5493272909907506
cadd,all_1_50,9.699,0.14100000000000001,7,93,0.32263444222531557,0.22658532165382256,0.47317438722469773,0.47317438722469773,0.1330917825901722,0.5554190742183613
cadd,all_1_50,9.7,0.14199999999999946,7,93,0.32263444222531557,0.22658532165382256,0.47317438722469773,0.47317438722469773,0.1330917825901722,0.5554190742183613
cadd,all_1_50,9.702,0.14199999999999946,7,93,0.32263444222531557,0.2297001347708895,0.4694891918719926,0.4694891918719926,0.13378541670813807,0.5566671049839766
cadd,all_1_50,9.71,0.14100000000000001,6,94,0.2736018522214682,0.15147100625355314,0.4597665427694143,0.4597665427694143,0.09936368899712134,0.4863007852509389
cadd,all_1_50,9.712,0.14199999999999946,5,95,0.22560152727033342,0.13640572748542767,0.35998789956640115,0.35998789956640115,0.08024081968107756,0.4127935124667151
cadd,all_1_50,9.714,0.14200000000000124,5,95,0.22560152727033342,0.13640572748542767,0.35998789956640115,0.35998789956640115,0.08024081968107756,0.4127935124667151
cadd,all_1_50,9.715,0.14300000000000068,5,95,0.22560152727033342,0.13640572748542767,0.35998789956640115,0.35998789956640115,0.08024081968107756,0.4127935124667151
cadd,all_1_50,9.718,0.14400000000000013,5,95,0.22560152727033342,0.13640572748542767,0.35998789956640115,0.35998789956640115,0.07999365085528418,0.41076918819124564
cadd,all_1_50,9.719,0.14300000000000068,5,95,0.22560152727033342,0.13640572748542767,0.35998789956640115,0.35998789956640115,0.07999365085528418,0.41076918819124564
cadd,all_1_50,9.72,0.1429999999999989,5,95,0.22560152727033342,0.13917912068882823,0.3508597883597883,0.3508597883597883,0.08005274459020995,0.410709328331147
cadd,all_1_50,9.725,0.14000000000000057,5,95,0.22560152727033342,0.14021521704076037,0.35199796860968796,0.35199796860968796,0.08012655048310582,0.4105170483760448
cadd,all_1_50,9.726,0.14100000000000001,5,95,0.22560152727033342,0.14021521704076037,0.35199796860968796,0.35199796860968796,0.08012655048310582,0.4105170483760448
cadd,all_1_50,9.729,0.14100000000000001,5,95,0.22560152727033342,0.13639859889986958,0.36300287136117865,0.36300287136117865,0.08011642301159085,0.4129527821213832
cadd,all_1_50,9.736,0.1429999999999989,5,97,0.2209499493884709,0.1307542152250037,0.37253309992425127,0.37253309992425127,0.07881336098862692,0.40250258992957777
cadd,all_1_50,9.742,0.13900000000000112,5,95,0.22560152727033342,0.1338629105318922,0.3981719829305568,0.3981719829305568,0.08047691644832593,0.4116446698327321
cadd,all_1_50,9.749,0.13900000000000112,5,95,0.22560152727033342,0.1365140537607781,0.3759873617693522,0.3759873617693522,0.08009617640159512,0.4110530723326119
cadd,all_1_50,9.752,0.14200000000000124,5,95,0.22560152727033342,0.1365140537607781,0.3759873617693522,0.3759873617693522,0.08009617640159512,0.4110530723326119
cadd,all_1_50,9.754,0.14199999999999946,4,97,0.17675995951077672,0.09090937534008477,0.29799254447743007,0.29799254447743007,0.04344967383904871,0.34506433826582145
cadd,all_1_50,9.755,0.14300000000000068,4,97,0.17675995951077672,0.09090937534008477,0.29799254447743007,0.29799254447743007,0.04344967383904871,0.34506433826582145
cadd,all_1_50,9.758,0.14499999999999957,4,96,0.17860120908901395,0.09142179337708321,0.2985261481490628,0.2985261481490628,0.04383600328609571,0.3493120106164458
cadd,all_1_50,9.759,0.14499999999999957,4,96,0.17860120908901395,0.09149906395338583,0.29766873663850146,0.29766873663850146,0.043894023422834376,0.34873990034212815
cadd,all_1_50,9.76,0.14499999999999957,4,97,0.17675995951077672,0.09069979210747012,0.29441554539790116,0.29441554539790116,0.04342825637629822,0.34403097126557225
cadd,all_1_50,9.761,0.14400000000000013,4,96,0.17860120908901395,0.09149906395338583,0.29766873663850146,0.29766873663850146,0.043860504320784,0.3472309368666101
cadd,all_1_50,9.764,0.14300000000000068,5,96,0.22325151136126745,0.11357965389139374,0.31530149124702833,0.31530149124702833,0.07820388950823734,0.41167264840622153
cadd,all_1_50,9.765,0.14199999999999946,5,96,0.22325151136126745,0.11357965389139374,0.31530149124702833,0.31530149124702833,0.07820388950823734,0.41167264840622153
cadd,all_1_50,9.766,0.14100000000000001,5,96,0.22325151136126745,0.11357965389139374,0.31530149124702833,0.31530149124702833,0.07820388950823734,0.41167264840622153
cadd,all_1_50,9.768,0.13900000000000112,5,95,0.22560152727033342,0.11517957351290685,0.31615375891542014,0.31615375891542014,0.07909726417693443,0.41590325018896446
cadd,all_1_50,9.77,0.14100000000000001,5,96,0.22325151136126745,0.11517957351290685,0.3135024734715689,0.3135024734715689,0.07852786563411626,0.41200458198631873
cadd,all_1_50,9.775,0.14199999999999946,4,96,0.17860120908901395,0.05474873328543521,0.2800328513476519,0.2800328513476519,0.0435890175330248,0.34779922995906865
cadd,all_1_50,9.778,0.14400000000000013,4,96,0.17860120908901395,0.05474873328543521,0.2800328513476519,0.2800328513476519,0.0435890175330248,0.34779922995906865
cadd,all_1_50,9.779,0.14499999999999957,4,97,0.17675995951077672,0.054732503469725795,0.27101841101230617,0.27101841101230617,0.043060471608754175,0.3445175724146861
cadd,all_1_50,9.788,0.1490000000000009,4,96,0.17860120908901395,0.054822785598604706,0.2787656614196323,0.2787656614196323,0.04366216500437344,0.34774309032023526
cadd,all_1_50,9.791,0.15000000000000036,4,96,0.17860120908901395,0.05475877769021977,0.2753873686464659,0.2753873686464659,0.04359949410091199,0.3451019163878515
cadd,all_1_50,9.793,0.14800000000000146,4,96,0.17860120908901395,0.05475877769021977,0.2753873686464659,0.2753873686464659,0.04359949410091199,0.3451019163878515
cadd,all_1_50,9.799,0.14599999999999902,3,97,0.13256996963308254,0.0,0.23034683239250975,0.23034683239250975,0.0,0.27425298624900607
cadd,all_1_50,9.806,0.14200000000000124,3,97,0.13256996963308254,0.0,0.22960906045844334,0.22960906045844334,0.0,0.27423673075622995
cadd,all_1_50,9.812,0.1379999999999999,3,97,0.13256996963308254,0.0,0.22960906045844334,0.22960906045844334,0.0,0.27382252659341644
cadd,all_1_50,9.814,0.13599999999999923,3,97,0.13256996963308254,0.0,0.22960906045844334,0.22960906045844334,0.0,0.27382252659341644
cadd,all_1_50,9.816,0.13400000000000034,3,97,0.13256996963308254,0.0,0.22960906045844334,0.22960906045844334,0.0,0.27382252659341644
cadd,all_1_50,9.817,0.1349999999999998,3,98,0.13121721484090823,0.0,0.2252909813731049,0.2252909813731049,0.0,0.2722586669507023
cadd,all_1_50,9.818,0.1349999999999998,3,97,0.13256996963308254,0.0,0.22692781940624113,0.22692781940624113,0.0,0.27506183526080724
cadd,all_1_50,9.826,0.1379999999999999,3,97,0.13256996963308254,0.0,0.22630275977869593,0.22630275977869593,0.0,0.2744353515629071
cadd,all_1_50,9.834,0.1429999999999989,3,98,0.13121721484090823,0.0,0.22471396518833375,0.22471396518833375,0.0,0.2713945938309436
cadd,all_1_50,9.837,0.14499999999999957,3,97,0.13256996963308254,0.0,0.22598740988932886,0.22598740988932886,0.0,0.2742340348497364
cadd,all_1_50,9.839,0.14700000000000024,3,98,0.13121721484090823,0.0,0.22176940636820042,0.22176940636820042,0.0,0.2719171632358492
cadd,all_1_50,9.844,0.14700000000000024,3,97,0.13256996963308254,0.0,0.22648623005667773,0.22648623005667773,0.0,0.27402534864162936
cadd,all_1_50,9.846,0.1479999999999997,3,97,0.13256996963308254,0.0,0.22942046905516225,0.22942046905516225,0.0,0.27316573263549915
cadd,all_1_50,9.854,0.15399999999999991,3,97,0.13256996963308254,0.0,0.23217184509943495,0.23217184509943495,0.0,0.273298193171182
cadd,all_1_50,9.862,0.15199999999999925,4,96,0.17860120908901395,0.05214185393258426,0.2702395577395577,0.2702395577395577,0.04401189547704065,0.34656217397373046
cadd,all_1_50,9.863,0.1529999999999987,4,96,0.17860120908901395,0.05214185393258426,0.2702395577395577,0.2702395577395577,0.04401189547704065,0.34656217397373046
cadd,all_1_50,9.865,0.15499999999999936,4,100,0.17145716072545342,0.05103793380621805,0.2584782219545606,0.2584782219545606,0.042120891656130276,0.3321814677689211
cadd,all_1_50,9.87,0.15199999999999925,4,96,0.17860120908901395,0.05505023482551573,0.2638371626048911,0.2638371626048911,0.04406024997593654,0.34644257858479066
cadd,all_1_50,9.873,0.15499999999999936,4,96,0.17860120908901395,0.05505023482551573,0.2638371626048911,0.2638371626048911,0.04406024997593654,0.34644257858479066
cadd,all_1_50,9.879,0.15899999999999892,4,96,0.17860120908901395,0.05599766286882851,0.26018997402484456,0.26018997402484456,0.043902547294548094,0.3468384986779293
cadd,all_1_50,9.881,0.15899999999999892,3,101,0.12731967380602977,0.0,0.2121848852576849,0.2121848852576849,0.0,0.2635734950484032
cadd,all_1_50,9.885,0.15499999999999936,3,97,0.13256996963308254,0.0,0.22447661589671303,0.22447661589671303,0.0,0.27634266433315835
cadd,all_1_50,9.887,0.1529999999999987,3,97,0.13256996963308254,0.0,0.22447661589671303,0.22447661589671303,0.0,0.27634266433315835
cadd,all_1_50,9.895,0.15500000000000114,4,98,0.17495628645454428,0.0,0.30739151287893046,0.30739151287893046,0.04315297542738989,0.33949518166381404
cadd,all_1_50,9.896,0.15399999999999991,4,98,0.17495628645454428,0.0,0.30739151287893046,0.30739151287893046,0.04315297542738989,0.33949518166381404
cadd,all_1_50,9.9,0.15000000000000036,4,96,0.17860120908901395,0.0,0.31067875604443634,0.31067875604443634,0.043884956659998975,0.34686043193086036
cadd,all_1_50,9.904,0.15199999999999925,4,96,0.17860120908901395,0.0,0.31067875604443634,0.31067875604443634,0.043884956659998975,0.34686043193086036
cadd,all_1_50,9.905,0.1529999999999987,4,96,0.17860120908901395,0.0,0.31067875604443634,0.31067875604443634,0.043884956659998975,0.34686043193086036
cadd,all_1_50,9.906,0.15399999999999991,4,98,0.17495628645454428,0.0,0.30726275280589516,0.30726275280589516,0.04306744592155612,0.3375475713406356
cadd,all_1_50,9.907,0.15300000000000047,4,96,0.17860120908901395,0.0,0.3170486273962325,0.3170486273962325,0.04397004323656578,0.3451545142244833
cadd,all_1_50,9.911,0.15700000000000003,4,96,0.17860120908901395,0.0,0.3170486273962325,0.3170486273962325,0.04397004323656578,0.3451545142244833
cadd,all_1_50,9.917,0.15799999999999947,4,96,0.17860120908901395,0.0,0.3189754319391289,0.3189754319391289,0.04384052627895446,0.34683657719410294
cadd,all_1_50,9.924,0.16000000000000014,4,96,0.17860120908901395,0.0,0.31416791619025874,0.31416791619025874,0.04379391273854941,0.3457578031942366
cadd,all_1_50,9.927,0.16300000000000026,4,97,0.17675995951077672,0.0,0.31398173025255244,0.31398173025255244,0.04334091944698384,0.3421478579392118
cadd,all_1_50,9.935,0.16499999999999915,4,97,0.17675995951077672,0.0,0.3116727166783653,0.3116727166783653,0.04322914212539668,0.3420390499194847
cadd,all_1_50,9.941,0.16600000000000037,4,96,0.17860120908901395,0.0,0.3141720665854271,0.3141720665854271,0.04363578680203045,0.34566957909047424
cadd,all_1_50,9.942,0.16699999999999982,4,96,0.17860120908901395,0.0,0.3141720665854271,0.3141720665854271,0.04363578680203045,0.34566957909047424
cadd,all_1_50,9.946,0.17099999999999937,4,96,0.17860120908901395,0.0,0.3141720665854271,0.3141720665854271,0.04363578680203045,0.34566957909047424
cadd,all_1_50,9.947,0.17199999999999882,4,96,0.17860120908901395,0.0,0.3141720665854271,0.3141720665854271,0.04363578680203045,0.34566957909047424
cadd,all_1_50,9.948,0.17199999999999882,4,98,0.17495628645454428,0.0,0.3053171346792533,0.3053171346792533,0.04296852991492634,0.3373165276143949
cadd,all_1_50,9.95,0.16999999999999993,4,96,0.17860120908901395,0.0,0.30973279226251443,0.30973279226251443,0.04373515702124558,0.3454215272167168
cadd,all_1_50,9.952,0.16799999999999926,4,96,0.17860120908901395,0.0,0.30973279226251443,0.30973279226251443,0.04373515702124558,0.3454215272167168
cadd,all_1_50,9.954,0.16600000000000037,4,96,0.17860120908901395,0.0,0.30973279226251443,0.30973279226251443,0.04373515702124558,0.3454215272167168
cadd,all_1_50,9.962,0.1739999999999995,4,96,0.17860120908901395,0.0,0.30973279226251443,0.30973279226251443,0.04373515702124558,0.3454215272167168
cadd,all_1_50,9.963,0.17499999999999893,4,96,0.17860120908901395,0.0,0.30973279226251443,0.30973279226251443,0.04373515702124558,0.3454215272167168
cadd,all_1_50,9.964,0.17600000000000016,4,98,0.17495628645454428,0.0,0.30677053469036697,0.30677053469036697,0.04282349012407208,0.33858642511368553
cadd,all_1_50,9.965,0.1750000000000007,4,97,0.17675995951077672,0.0,0.30761610753156476,0.30761610753156476,0.043171600323297636,0.3420034640712963
cadd,all_1_50,9.973,0.1769999999999996,4,99,0.17318905123783174,0.0,0.2940711287965739,0.2940711287965739,0.04253490395187069,0.3340278602106745
cadd,all_1_50,9.98,0.16999999999999993,4,97,0.17675995951077672,0.0,0.29713132834144074,0.29713132834144074,0.04339695801407599,0.34091366186140765
cadd,all_1_50,9.985,0.17099999999999937,4,96,0.17860120908901395,0.0,0.29713429425404697,0.29713429425404697,0.04388510272408363,0.34454907602271345
cadd,all_1_50,9.99,0.1739999999999995,5,95,0.22560152727033342,0.0,0.3845636557850388,0.3845636557850388,0.08011748862264326,0.40914946723195317
cadd,all_1_50,9.994,0.17600000000000016,4,96,0.17860120908901395,0.0,0.28869918984159565,0.28869918984159565,0.04392764743031867,0.3424064762629716
cadd,all_1_50,9.997,0.17900000000000027,4,96,0.17860120908901395,0.0,0.28869918984159565,0.28869918984159565,0.04392764743031867,0.3424064762629716
cadd,all_1_50,10.01,0.17600000000000016,4,96,0.17860120908901395,0.0,0.28419043105359504,0.28419043105359504,0.04393440138521255,0.3435748475093189
cadd,all_1_50,10.02,0.17600000000000016,4,96,0.17860120908901395,0.0,0.2846758688150846,0.2846758688150846,0.04397004323656578,0.34529953284924214
cadd,all_1_50,10.03,0.17600000000000016,5,95,0.22560152727033342,0.0,0.37272574528347174,0.37272574528347174,0.07932132212064595,0.4115236357594244
cadd,all_1_50,10.04,0.1700000000000017,5,95,0.22560152727033342,0.0,0.3748986901684676,0.3748986901684676,0.07973802124337284,0.4119735162731334
cadd,all_1_50,10.05,0.17700000000000138,5,95,0.22560152727033342,0.0,0.3811407395951677,0.3811407395951677,0.07993021795867561,0.4110110428959533
cadd,all_1_50,10.06,0.17900000000000027,7,93,0.32263444222531557,0.06661500186855711,0.5056660580868586,0.5056660580868586,0.1350900113173772,0.5582617680120218
cadd,all_1_50,10.07,0.16999999999999993,7,96,0.3125521159057744,0.0675269712934879,0.472965024667927,0.472965024667927,0.13108827728248526,0.5376743624691646
cadd,all_1_50,10.08,0.17300000000000004,6,95,0.2707218327244001,0.06498321250533298,0.4030149594363698,0.4030149594363698,0.09687962989895012,0.4788675174741546
cadd,all_1_50,10.09,0.17300000000000004,6,94,0.2736018522214682,0.06578470460311707,0.42086407993508446,0.42086407993508446,0.0974806310123679,0.4859931520041947
cadd,all_1_50,10.1,0.17600000000000016,6,94,0.2736018522214682,0.06633318649212278,0.4143122783442732,0.4143122783442732,0.0974820763975057,0.48522732794389606
cadd,all_1_50,10.12,0.17199999999999882,6,94,0.2736018522214682,0.06797296062848268,0.42094458747758495,0.42094458747758495,0.09801514290724625,0.48506860336169483
cadd,all_1_50,10.14,0.16999999999999993,6,95,0.2707218327244001,0.06786280154426369,0.41240477313050417,0.41240477313050417,0.09709827211176808,0.4781422754288002
cadd,all_1_50,10.15,0.16999999999999993,6,96,0.26790181363352095,0.0688778625423538,0.4079788631337792,0.4079788631337792,0.09563811434788232,0.4727929615697893
cadd,all_1_50,10.16,0.16999999999999993,6,97,0.2651399392661651,0.06675752855659398,0.4009868675753579,0.4009868675753579,0.09492348085787308,0.46829295041870833
cadd,all_1_50,10.17,0.16000000000000014,6,94,0.2736018522214682,0.07312643133538656,0.40623506198949966,0.40623506198949966,0.09726780665100847,0.4844684645700972
cadd,all_1_50,10.18,0.16999999999999993,7,97,0.30932992914385926,0.13678124036405584,0.4294376894945769,0.4294376894945769,0.12843882358621042,0.5295398567555615
cadd,all_1_50,10.19,0.16999999999999993,6,99,0.2597835768567476,0.05979400622648108,0.3972939005113355,0.3972939005113355,0.09190824089185803,0.461058072481134
cadd,all_1_50,10.2,0.16999999999999993,6,100,0.2571857410881801,0.06177044551855758,0.3784320976241101,0.3784320976241101,0.0906358980469278,0.45708112093398506
cadd,all_1_50,10.21,0.16999999999999993,6,99,0.2597835768567476,0.061353635595851864,0.386981465136805,0.386981465136805,0.09190395525799253,0.4601732817477401
cadd,all_1_50,10.22,0.16999999999999993,6,96,0.26790181363352095,0.06252324557110697,0.39971099684295236,0.39971099684295236,0.09478814183195203,0.47344313209602795
cadd,all_1_50,10.23,0.16999999999999993,5,98,0.21869535806818036,0.06170141285322111,0.31132396079273095,0.31132396079273095,0.07780606870654452,0.40732301342624105
cadd,all_1_50,10.24,0.16999999999999993,6,103,0.24969489426036903,0.12336864085681086,0.33775745738636365,0.33775745738636365,0.08821899585687173,0.443650767882074
cadd,all_1_50,10.25,0.16000000000000014,6,97,0.2651399392661651,0.12725790379563368,0.3606540754697097,0.3606540754697097,0.0942057220382258,0.4711913835696871
cadd,all_1_50,10.26,0.16000000000000014,7,96,0.3125521159057744,0.1635032089162082,0.43074247712632197,0.43074247712632197,0.13273907877889018,0.5374229924973154
cadd,all_1_50,10.27,0.16999999999999993,10,99,0.4329726280945793,0.2540889793854221,0.7261743650318001,0.7261743650318001,0.22152817804483144,0.6987100737100737
cadd,all_1_50,10.28,0.16000000000000014,10,94,0.45600308703578035,0.27642647207864596,0.7508920606601249,0.7508920606601249,0.23259026496818552,0.7357554022698963
cadd,all_1_50,10.29,0.15000000000000036,10,91,0.4710361558391577,0.2858501018085998,0.7752088467784232,0.7752088467784232,0.23945705013320223,0.7599682914210459
cadd,all_1_50,10.3,0.14999999999999858,10,94,0.45600308703578035,0.27342183651257373,0.72835312489704,0.72835312489704,0.23284169633585466,0.7335632711941539
cadd,all_1_50,10.31,0.15000000000000036,10,92,0.4659161976235147,0.2757915002123942,0.7371764216037927,0.7371764216037927,0.23712034020154732,0.7523422173856051
cadd,all_1_50,10.32,0.15000000000000036,9,93,0.41481571143254853,0.23841851744092069,0.7146514644635649,0.7146514644635649,0.2006234691595187,0.6819279202509777
cadd,all_1_50,10.33,0.15000000000000036,9,94,0.41040277833220234,0.2367068982700169,0.7041621151813785,0.7041621151813785,0.1980355861481805,0.6718766820205518
cadd,all_1_50,10.35,0.15000000000000036,9,94,0.41040277833220234,0.23328612180256714,0.7101496777013001,0.7101496777013001,0.19818517947895786,0.6728018367180787
cadd,all_1_50,10.36,0.14999999999999858,8,97,0.35351991902155344,0.1809395263791684,0.670669585162925,0.670669585162925,0.16172112008557799,0.5917112576609244
cadd,all_1_50,10.37,0.14999999999999858,8,98,0.34991257290908856,0.17494541684473397,0.6943404837973528,0.6943404837973528,0.15981833396123107,0.5833273085771812
cadd,all_1_50,10.38,0.14999999999999858,8,99,0.3463781024756635,0.17320767438214696,0.6878029367646609,0.6878029367646609,0.15813818519485798,0.5787900688490704
cadd,all_1_50,10.39,0.15000000000000036,6,99,0.2597835768567476,0.08723979270237646,0.5999051856023413,0.5999051856023413,0.09127436408486632,0.46480072759859303
cadd,all_1_50,10.4,0.15000000000000036,7,94,0.3192021609250463,0.15173795029910137,0.6326974852494701,0.6326974852494701,0.1321581695165635,0.5515807984460684
cadd,all_1_50,10.41,0.15000000000000036,8,96,0.3572024181780279,0.1924869500372856,0.6577005895019238,0.6577005895019238,0.15965668403973965,0.6004666696672367
cadd,all_1_50,10.42,0.14000000000000057,8,92,0.37273295809881174,0.20165299527715635,0.6779358949602078,0.6779358949602078,0.16625661375661377,0.6284950054321303
cadd,all_1_50,10.43,0.15000000000000036,9,98,0.39365164452272466,0.21873710338184746,0.6591607795140477,0.6591607795140477,0.18718911921735812,0.6486370940725762
cadd,all_1_50,10.44,0.15000000000000036,9,96,0.4018527204502814,0.23193445985377822,0.6532765445110049,0.6532765445110049,0.1896509514857972,0.6639297389898953
cadd,all_1_50,10.45,0.14999999999999858,9,94,0.41040277833220234,0.23561359370632162,0.6696591600730372,0.6696591600730372,0.1932438891767352,0.6775818068873422
cadd,all_1_50,10.46,0.16000000000000014,9,95,0.4060827490866002,0.23287390075624811,0.6614214496315302,0.6614214496315302,0.19180046824789657,0.6700735297163145
cadd,all_1_50,10.47,0.16000000000000014,10,93,0.46090634603616504,0.24573923771969083,0.7065407502252038,0.7065407502252038,0.23129996818370313,0.7453039206399963
cadd,all_1_50,10.48,0.16000000000000014,11,93,0.5069969806397816,0.2625357206263446,0.7114692536379282,0.7114692536379282,0.2631008368042493,0.8054714770876158
cadd,all_1_50,10.49,0.16000000000000014,12,93,0.5530876152433981,0.30852004072257544,0.7995555555555557,0.7995555555555557,0.29744552447976996,0.862167685196919
cadd,all_1_50,10.5,0.15000000000000036,12,90,0.5715238690848446,0.312922134978219,0.8224827759222147,0.8224827759222147,0.3066156515882157,0.8924096210727919
cadd,all_1_50,10.51,0.15000000000000036,11,93,0.5069969806397816,0.25907983455153266,0.7154480295299908,0.7154480295299908,0.2636283468271627,0.8001066514066894
cadd,all_1_50,10.52,0.15000000000000036,11,91,0.5181397714230734,0.26360610678565716,0.7414794124719652,0.7414794124719652,0.2696647033155163,0.8200923673848239
cadd,all_1_50,10.53,0.15000000000000036,11,90,0.523896879994441,0.26286443208046056,0.7588636585155767,0.7588636585155767,0.27323832614310356,0.8305271923932662
cadd,all_1_50,10.54,0.15000000000000036,11,89,0.5297833617921314,0.26286443208046056,0.7802197265625,0.7802197265625,0.27614982753966866,0.8399755505566769
cadd,all_1_50,10.55,0.15000000000000036,11,90,0.523896879994441,0.2637542646307075,0.7741941849107611,0.7741941849107611,0.27378626334176315,0.8289605611562332
cadd,all_1_50,10.56,0.15000000000000036,11,93,0.5069969806397816,0.2611930111930112,0.7376770794429762,0.7376770794429762,0.2656972690405837,0.8034612483514116
cadd,all_1_50,10.57,0.15000000000000036,10,91,0.4710361558391577,0.19790137044513345,0.7864600590381144,0.7864600590381144,0.23749760238624149,0.762302956387157
cadd,all_1_50,10.58,0.15000000000000036,9,95,0.4060827490866002,0.10736196853743263,0.7358876949238394,0.7358876949238394,0.19179519745172283,0.668736569830514
cadd,all_1_50,10.59,0.15000000000000036,9,97,0.3977099088992476,0.1098900538022651,0.6984115139248919,0.6984115139248919,0.1883858702907443,0.6561338301620258
cadd,all_1_50,10.6,0.15000000000000036,6,97,0.2651399392661651,0.0,0.5213722335587522,0.5213722335587522,0.09453052271247618,0.47065885698536014
cadd,all_1_50,10.62,0.15000000000000036,7,95,0.3158421381784668,0.06326756992314397,0.5045761301654802,0.5045761301654802,0.13161186698194793,0.5451711838868186
cadd,all_1_50,10.63,0.14999999999999858,7,96,0.3125521159057744,0.06039177129027379,0.5057348770122698,0.5057348770122698,0.13040856247498314,0.5382776418850328
cadd,all_1_50,10.64,0.14999999999999858,7,97,0.30932992914385926,0.06060638850415512,0.502921729610989,0.502921729610989,0.12942012523659244,0.5324061797582653
cadd,all_1_50,10.65,0.15000000000000036,7,99,0.3030808396662055,0.05647521072491152,0.51044329446973,0.51044329446973,0.12665685362330248,0.5192903110488232
cadd,all_1_50,10.66,0.15000000000000036,7,97,0.30932992914385926,0.058415240868826594,0.5169286836269915,0.5169286836269915,0.12941895795110317,0.5299797845579024
cadd,all_1_50,10.67,0.15000000000000036,7,97,0.30932992914385926,0.061414473684210526,0.5036444097357803,0.5036444097357803,0.12903868086726764,0.5304063828671766
cadd,all_1_50,10.68,0.15000000000000036,9,95,0.4060827490866002,0.1260217746704233,0.6322895537525356,0.6322895537525356,0.1917449139432714,0.6611739805100985
cadd,all_1_50,10.69,0.15000000000000036,9,93,0.41481571143254853,0.12901534060699832,0.6515089584909739,0.6515089584909739,0.19626457468953767,0.6746352551734496
cadd,all_1_50,10.7,0.15000000000000036,9,94,0.41040277833220234,0.13175520873424948,0.6362651961874345,0.6362651961874345,0.19410070501565102,0.667002797475766
cadd,all_1_50,10.71,0.15000000000000036,8,92,0.37273295809881174,0.13389930382897478,0.5579139256558612,0.5579139256558612,0.16828643470997895,0.620941738132203
cadd,all_1_50,10.72,0.16000000000000014,9,96,0.4018527204502814,0.17613075582109228,0.5412344863834624,0.5412344863834624,0.19020090692512032,0.6512816747995338
cadd,all_1_50,10.73,0.16999999999999993,10,98,0.4373907161363607,0.2551632329525561,0.5546828196764961,0.5546828196764961,0.21699032402995233,0.6971232542468062
cadd,all_1_50,10.74,0.16999999999999993,9,96,0.4018527204502814,0.2728799658327964,0.47860582766164317,0.47860582766164317,0.19286949285458785,0.6524932067634701
cadd,all_1_50,10.75,0.16999999999999993,8,98,0.34991257290908856,0.2573259653411111,0.4159362230331798,0.4159362230331798,0.15877658761775637,0.5767883589333638
cadd,all_1_50,10.76,0.16000000000000014,8,92,0.37273295809881174,0.26768087330159096,0.44799524799524804,0.44799524799524804,0.16812165469381457,0.6139482785465722
cadd,all_1_50,10.77,0.16000000000000014,8,92,0.37273295809881174,0.26137849561272986,0.4446054492382074,0.4446054492382074,0.16871426864914188,0.6165109812953844
cadd,all_1_50,10.78,0.16000000000000014,8,97,0.35351991902155344,0.2493779076057557,0.4122637197171358,0.4122637197171358,0.15957378962917282,0.5848095138416454
cadd,all_1_50,10.79,0.15999999999999837,8,98,0.34991257290908856,0.2435600381627368,0.41366034458252204,0.41366034458252204,0.15765564254336215,0.5766356259138696
cadd,all_1_50,10.8,0.16000000000000014,7,95,0.3158421381784668,0.21842277998312132,0.4179358660865897,0.4179358660865897,0.13088527879601444,0.535729288306589
cadd,all_1_50,10.81,0.16999999999999993,7,98,0.3061735012954525,0.2140493729065896,0.3947994433000186,0.3947994433000186,0.12735888506673934,0.5191121553503466
cadd,all_1_50,10.82,0.16999999999999993,6,96,0.26790181363352095,0.16482540014379302,0.40355441019157834,0.40355441019157834,0.09503398529615759,0.46830833605824507
cadd,all_1_50,10.83,0.16999999999999993,5,96,0.22325151136126745,0.11340619844775855,0.3450508973923521,0.3450508973923521,0.07864943044434498,0.4069922591621292
cadd,all_1_50,10.84,0.17999999999999972,6,100,0.2571857410881801,0.1255304473129035,0.4141480117966075,0.4141480117966075,0.08992215295809002,0.45254476542256994
cadd,all_1_50,10.85,0.17999999999999972,6,99,0.2597835768567476,0.12564949617357526,0.42659526996876396,0.42659526996876396,0.09049897907102802,0.4559200689843086
cadd,all_1_50,10.86,0.16999999999999993,6,94,0.2736018522214682,0.13355585557140728,0.4485297633277552,0.4485297633277552,0.09568168222231221,0.4814824313327849
cadd,all_1_50,10.87,0.16999999999999993,6,97,0.2651399392661651,0.13013266183686611,0.4336441021065677,0.4336441021065677,0.09238258201015018,0.463840787982745
cadd,all_1_50,10.88,0.16999999999999993,6,99,0.2597835768567476,0.12564949617357526,0.42437824011364234,0.42437824011364234,0.09007493894527308,0.4562456301010263
cadd,all_1_50,10.9,0.16999999999999993,7,94,0.3192021609250463,0.1743149383185321,0.49136029411764703,0.49136029411764703,0.13208043204751024,0.5451147588247647
cadd,all_1_50,10.91,0.16999999999999993,7,94,0.3192021609250463,0.17623541634312323,0.49820621734132287,0.49820621734132287,0.13259053635354465,0.5452733739524493
cadd,all_1_50,10.92,0.16999999999999993,9,93,0.41481571143254853,0.2322701982603244,0.6547307348087305,0.6547307348087305,0.19665300718009587,0.6755699283361578
cadd,all_1_50,10.93,0.16999999999999993,9,91,0.4239325402552419,0.23748975327741037,0.6651028055039517,0.6651028055039517,0.20145678893614827,0.6929622443204786
cadd,all_1_50,10.94,0.16999999999999993,9,91,0.4239325402552419,0.2406382868252384,0.6578703703703703,0.6578703703703703,0.2014265423466232,0.6918154354490916
cadd,all_1_50,10.95,0.16999999999999993,8,94,0.3648024696286243,0.19542015133412982,0.612137203166227,0.612137203166227,0.16111784010955282,0.6124870817533196
cadd,all_1_50,10.96,0.1700000000000017,8,95,0.3609624436325335,0.1952286531628837,0.6069114271520484,0.6069114271520484,0.16006286566562428,0.6042755923633891
cadd,all_1_50,10.97,0.16999999999999993,8,94,0.3648024696286243,0.19575071739080754,0.6144159240358493,0.6144159240358493,0.1625279543792848,0.6108391722597113
cadd,all_1_50,10.98,0.17999999999999972,10,99,0.4329726280945793,0.2595721338453099,0.658506454835836,0.658506454835836,0.21651547449486266,0.6923909140471157
cadd,all_1_50,10.99,0.16999999999999993,10,93,0.46090634603616504,0.26964068413099584,0.7159452511827438,0.7159452511827438,0.22964216549649846,0.7374012997282476
cadd,all_1_50,11.0,0.16999999999999993,10,93,0.46090634603616504,0.2613356340271092,0.7450123476177045,0.7450123476177045,0.2297549832990786,0.7384757939940106
cadd,all_1_50,11.01,0.16999999999999993,8,93,0.3687250768289321,0.17077065445291853,0.6509085954356794,0.6509085954356794,0.1642656231220059,0.616065980719838
cadd,all_1_50,11.02,0.16999999999999993,8,93,0.3687250768289321,0.17077065445291853,0.6594685445630658,0.6594685445630658,0.16442601988328004,0.6165049462882863
cadd,all_1_50,11.03,0.16999999999999993,9,92,0.41932457786116323,0.1784151933011742,0.753860441234022,0.753860441234022,0.2014215036958218,0.6866971921117955
cadd,all_1_50,11.04,0.16999999999999993,9,95,0.4060827490866002,0.17841929839148618,0.701377156606768,0.701377156606768,0.19525493858792647,0.6626858073713787
cadd,all_1_50,11.05,0.16999999999999993,8,93,0.3687250768289321,0.11873865320103638,0.6911607033469653,0.6911607033469653,0.1673612725349673,0.6137678127538384
cadd,all_1_50,11.06,0.16000000000000014,8,92,0.37273295809881174,0.12135840345246138,0.6911607033469653,0.6911607033469653,0.16936311968805715,0.6207344069498226
cadd,all_1_50,11.07,0.16000000000000014,7,93,0.32263444222531557,0.1235151299845245,0.5668354543825058,0.5668354543825058,0.135261246208715,0.5483604042738733
cadd,all_1_50,11.08,0.16999999999999993,7,100,0.30005003126954344,0.11592259795484458,0.5188679245283019,0.5188679245283019,0.12660435979501064,0.5093651100060222
cadd,all_1_50,11.09,0.16000000000000014,7,93,0.32263444222531557,0.12147462143229917,0.5569698138319102,0.5569698138319102,0.13558376235619338,0.5480069095642179
cadd,all_1_50,11.11,0.16000000000000014,8,94,0.3648024696286243,0.17140449212740627,0.5703904873752201,0.5703904873752201,0.16453206079496777,0.599494815921137
cadd,all_1_50,11.12,0.15999999999999837,8,98,0.34991257290908856,0.163110726379306,0.5556253698705731,0.5556253698705731,0.15724367979848594,0.5761702809848163
cadd,all_1_50,11.13,0.14999999999999858,8,95,0.3609624436325335,0.16946145140569205,0.5680109526598186,0.5680109526598186,0.16229147337986746,0.5939842194105077
cadd,all_1_50,11.14,0.14000000000000057,8,92,0.37273295809881174,0.17518016548835547,0.5835443037974684,0.5835443037974684,0.16741033873219807,0.6138209158681878
cadd,all_1_50,11.15,0.14000000000000057,8,92,0.37273295809881174,0.17140449212740627,0.591456478446137,0.591456478446137,0.16757050018919598,0.6149588425710131
cadd,all_1_50,11.16,0.14000000000000057,8,92,0.37273295809881174,0.17140449212740627,0.5947576287327492,0.5947576287327492,0.16742777111536994,0.614422042749024
cadd,all_1_50,11.17,0.14000000000000057,7,93,0.32263444222531557,0.15363498588694174,0.49860820964114977,0.49860820964114977,0.13401460149564468,0.5430994216336255
cadd,all_1_50,11.18,0.14000000000000057,8,94,0.3648024696286243,0.21989743940813058,0.5045667611642856,0.5045667611642856,0.16507526879492634,0.598230154281178
cadd,all_1_50,11.19,0.14000000000000057,8,92,0.37273295809881174,0.22717388234629615,0.5346647977526432,0.5346647977526432,0.16852929759295857,0.6115783961373672
cadd,all_1_50,11.2,0.14999999999999858,8,97,0.35351991902155344,0.2125175028400835,0.5177132488875675,0.5177132488875675,0.15947621176050567,0.5787713034106717
cadd,all_1_50,11.21,0.15000000000000036,8,94,0.3648024696286243,0.21960141960141963,0.5265822784810127,0.5265822784810127,0.16484288523321544,0.5973653913617236
cadd,all_1_50,11.22,0.16000000000000014,8,102,0.3361905112263792,0.20041834248724144,0.4806887291683121,0.4806887291683121,0.1532666291744244,0.5508522769998511
cadd,all_1_50,11.23,0.15000000000000036,7,95,0.3158421381784668,0.18818655451635177,0.4320328274604312,0.4320328274604312,0.13337023010836,0.5331993702115542
cadd,all_1_50,11.24,0.15000000000000036,7,95,0.3158421381784668,0.1859300208603798,0.4327704088609326,0.4327704088609326,0.13343950925626705,0.5357408378637717
cadd,all_1_50,11.25,0.16000000000000014,7,98,0.3061735012954525,0.17864244466757492,0.41807506553655044,0.41807506553655044,0.12886605328397627,0.5177582704686158
cadd,all_1_50,11.26,0.15000000000000036,5,96,0.22325151136126745,0.06995237376893736,0.3523997530382791,0.3523997530382791,0.07975695424500866,0.4038266900390945
cadd,all_1_50,11.27,0.15000000000000036,5,100,0.21432145090681676,0.0685533262935586,0.3317555999942453,0.3317555999942453,0.07633613135874333,0.3875528277030416
cadd,all_1_50,11.28,0.15000000000000036,5,100,0.21432145090681676,0.06992687542580019,0.32435509695783665,0.32435509695783665,0.07593813059486566,0.3876200288655764
cadd,all_1_50,11.29,0.14999999999999858,6,102,0.2521428834197844,0.09466723678635651,0.3900867432020653,0.3900867432020653,0.09065601174440292,0.44175031539065485
cadd,all_1_50,11.3,0.14000000000000057,6,97,0.2651399392661651,0.10086812852251696,0.40916353974039027,0.40916353974039027,0.09569373670753553,0.46576292574596057
cadd,all_1_50,11.31,0.15000000000000036,6,103,0.24969489426036903,0.09170356863766606,0.3884986441557071,0.3884986441557071,0.08997069443717619,0.4360181920539983
cadd,all_1_50,11.32,0.14000000000000057,4,96,0.17860120908901395,0.04822494220533682,0.33324080667157463,0.33324080667157463,0.044366718260129306,0.34756930793623675
cadd,all_1_50,11.33,0.14000000000000057,5,96,0.22325151136126745,0.06625589199160335,0.36198332858679805,0.36198332858679805,0.08074392817206139,0.41324240448245986
cadd,all_1_50,11.34,0.14000000000000057,5,97,0.2209499493884709,0.06504371554246006,0.3577736111531134,0.3577736111531134,0.07974430994105955,0.41008643617021273
cadd,all_1_50,11.35,0.14000000000000057,5,100,0.21432145090681676,0.0,0.3919317345321073,0.3919317345321073,0.07855961458519617,0.3977443218570576
cadd,all_1_50,11.36,0.13000000000000078,5,95,0.22560152727033342,0.0,0.411567454917696,0.411567454917696,0.08240342839621664,0.41898927007830705
cadd,all_1_50,11.37,0.13000000000000078,6,95,0.2707218327244001,0.0,0.4769871994541598,0.4769871994541598,0.09924111032105334,0.47993258838119285
cadd,all_1_50,11.38,0.13000000000000078,6,95,0.2707218327244001,0.0,0.4750067842605156,0.4750067842605156,0.09841166340684483,0.479648061307751
cadd,all_1_50,11.39,0.1399999999999988,6,100,0.2571857410881801,0.0,0.45792020928711574,0.45792020928711574,0.09368009387736785,0.45647930077981885
cadd,all_1_50,11.4,0.1399999999999988,6,101,0.25463934761205953,0.0,0.4497181422813637,0.4497181422813637,0.09372564422122844,0.4518182891938875
cadd,all_1_50,11.41,0.14000000000000057,6,100,0.2571857410881801,0.0,0.44658525006172023,0.44658525006172023,0.09405171601424998,0.4567276614326461
cadd,all_1_50,11.42,0.14000000000000057,6,98,0.26243442968181646,0.06643754296069486,0.4115775955090395,0.4115775955090395,0.09389844323220725,0.46313954795953144
cadd,all_1_50,11.43,0.14000000000000057,7,93,0.32263444222531557,0.11000727301802571,0.4905870841487279,0.4905870841487279,0.1364727447481417,0.5560003162515933
cadd,all_1_50,11.44,0.14000000000000057,8,95,0.3609624436325335,0.1647685525349008,0.5189319190922546,0.5189319190922546,0.16590294036320727,0.6042411645591651
cadd,all_1_50,11.45,0.1399999999999988,9,99,0.3896753652851214,0.17613009231386714,0.5849273144605968,0.5849273144605968,0.18813162162862532,0.6403618093854027
cadd,all_1_50,11.46,0.1399999999999988,9,100,0.3857786116322702,0.17468671679197995,0.5645149729016791,0.5645149729016791,0.1851050655602653,0.6351824653950224
cadd,all_1_50,11.47,0.13000000000000078,8,92,0.37273295809881174,0.15486351012666802,0.5587735621329172,0.5587735621329172,0.17158287055191723,0.6283375319560138
cadd,all_1_50,11.48,0.13000000000000078,8,94,0.3648024696286243,0.15370781228990185,0.5367903191625744,0.5367903191625744,0.16762295920447193,0.6142874792087135
cadd,all_1_50,11.49,0.129999999999999,8,95,0.3609624436325335,0.15966324403054907,0.5176303886571629,0.5176303886571629,0.1655226371193356,0.6092364945598945
cadd,all_1_50,11.5,0.13000000000000078,8,98,0.34991257290908856,0.1487251483175581,0.5091413456166748,0.5091413456166748,0.16006375791415325,0.5899041833143186
cadd,all_1_50,11.51,0.129999999999999,8,100,0.34291432145090683,0.14537519486646475,0.5086733114131132,0.5086733114131132,0.15628610347252486,0.5775862861925896
cadd,all_1_50,11.52,0.129999999999999,8,98,0.34991257290908856,0.15143407734475853,0.5178873286124479,0.5178873286124479,0.16006375791415325,0.5885991527178092
cadd,all_1_50,11.53,0.120000000000001,8,93,0.3687250768289321,0.1627611423974256,0.5390369267380304,0.5390369267380304,0.16827288986087074,0.6232305047490906
cadd,all_1_50,11.54,0.120000000000001,8,96,0.3572024181780279,0.1592294155784014,0.5130283522418283,0.5130283522418283,0.16282936236921583,0.6034903110485368
cadd,all_1_50,11.55,0.120000000000001,8,94,0.3648024696286243,0.16060782317871167,0.5348572329559207,0.5348572329559207,0.16642171910363387,0.6137206068612413
cadd,all_1_50,11.56,0.129999999999999,8,102,0.3361905112263792,0.14362017713102923,0.4854966558582087,0.4854966558582087,0.15391690595836324,0.5604004095830059
cadd,all_1_50,11.57,0.13000000000000078,8,96,0.3572024181780279,0.14896972996118235,0.5173604631198705,0.5173604631198705,0.162628565592909,0.5980396863619623
cadd,all_1_50,11.58,0.13000000000000078,7,94,0.3192021609250463,0.07264447120958166,0.4847221822990026,0.4847221822990026,0.13384087705273565,0.5489321823445058
cadd,all_1_50,11.59,0.129999999999999,7,102,0.2941666973230818,0.06527581617260597,0.45559190597358534,0.45559190597358534,0.12360576905708844,0.5039039266777287
cadd,all_1_50,11.6,0.120000000000001,6,94,0.2736018522214682,0.07393007216215322,0.43623987008159193,0.43623987008159193,0.09764741953957683,0.48556939412160616
cadd,all_1_50,11.61,0.120000000000001,6,99,0.2597835768567476,0.06954876967339359,0.41561233235273676,0.41561233235273676,0.09255499668774798,0.4606934644337958
cadd,all_1_50,11.62,0.120000000000001,5,96,0.22325151136126745,0.05304499844337476,0.434676381247578,0.434676381247578,0.08109227615523915,0.4110420550358658
cadd,all_1_50,11.63,0.129999999999999,5,103,0.20807907855030752,0.049809705379986816,0.4132976946207818,0.4132976946207818,0.07531375180592369,0.38353770260747005
cadd,all_1_50,11.64,0.11999999999999922,4,98,0.17495628645454428,0.0,0.4039229189605201,0.4039229189605201,0.043109796035327955,0.3430637738947101
cadd,all_1_50,11.65,0.11999999999999922,4,102,0.1680952556131896,0.0,0.3844559793462667,0.3844559793462667,0.04147003784730969,0.32956026452265746
cadd,all_1_50,11.66,0.120000000000001,4,100,0.17145716072545342,0.0,0.3868782474781116,0.3868782474781116,0.04238210624074644,0.33603360107894364
cadd,all_1_50,11.67,0.11999999999999922,5,96,0.22325151136126745,0.05703509262555958,0.39967999430413226,0.39967999430413226,0.07853038712068189,0.41581719180080184
cadd,all_1_50,11.68,0.120000000000001,5,97,0.2209499493884709,0.05402302675362705,0.4057210070054349,0.4057210070054349,0.07765095659724665,0.41042040376604516
cadd,all_1_50,11.69,0.120000000000001,5,97,0.2209499493884709,0.06790573964328481,0.33025471179943844,0.33025471179943844,0.0794588594795417,0.4113546498976955
cadd,all_1_50,11.71,0.120000000000001,4,101,0.16975956507470633,0.0,0.2991318151530592,0.2991318151530592,0.041894368822487704,0.331031313946835
cadd,all_1_50,11.72,0.120000000000001,3,100,0.12859287054409005,0.0,0.2644256482708902,0.2644256482708902,0.03313202742276631,0.2675354971865528
cadd,all_1_50,11.73,0.120000000000001,3,98,0.13121721484090823,0.0,0.2644899821246953,0.2644899821246953,0.03419489944400731,0.27404477727344534
cadd,all_1_50,11.74,0.120000000000001,3,100,0.12859287054409005,0.0,0.25803030821332057,0.25803030821332057,0.03291876692008551,0.2683099315924099
cadd,all_1_50,11.75,0.11999999999999922,3,99,0.1298917884283738,0.0,0.2715233973982006,0.2715233973982006,0.033260737378182935,0.270042194092827
cadd,all_1_50,11.76,0.129999999999999,5,101,0.21219945634338291,0.0,0.444705402973506,0.444705402973506,0.07654133111722464,0.38601955831613366
cadd,all_1_50,11.77,0.129999999999999,5,100,0.21432145090681676,0.0,0.442020202020202,0.442020202020202,0.07704167344109486,0.38973685828682675
cadd,all_1_50,11.78,0.129999999999999,5,101,0.21219945634338291,0.0,0.4395086779316304,0.4395086779316304,0.0763336957345756,0.38681770689274875
cadd,all_1_50,11.79,0.129999999999999,5,99,0.21648631404728966,0.0,0.44438553081182985,0.44438553081182985,0.07721893276810878,0.3953661383285562
cadd,all_1_50,11.8,0.13000000000000078,5,98,0.21869535806818036,0.0,0.44905986778425355,0.44905986778425355,0.07806934136594643,0.39896127820476196
cadd,all_1_50,11.81,0.129999999999999,5,98,0.21869535806818036,0.0,0.448522992270416,0.448522992270416,0.07816419172953419,0.40021310118755243
cadd,all_1_50,11.82,0.13000000000000078,5,99,0.21648631404728966,0.0,0.43914841880092165,0.43914841880092165,0.07771470734739175,0.3954552118469765
cadd,all_1_50,11.83,0.13000000000000078,5,96,0.22325151136126745,0.0,0.4427256792287467,0.4427256792287467,0.07998867524030179,0.4085491280318504
cadd,all_1_50,11.84,0.129999999999999,5,100,0.21432145090681676,0.0,0.4276968684429442,0.4276968684429442,0.07658022822565551,0.3925479055839908
cadd,all_1_50,11.85,0.129999999999999,5,102,0.210119069516487,0.0,0.41766573512145916,0.41766573512145916,0.07500669115431502,0.38662241632267175
cadd,all_1_50,11.86,0.13000000000000078,5,96,0.22325151136126745,0.0,0.4306375529503405,0.4306375529503405,0.07917056853110237,0.4093282311513756
cadd,all_1_50,11.87,0.1399999999999988,6,103,0.24969489426036903,0.0,0.4842768347386021,0.4842768347386021,0.0878753697634153,0.4358790551054881
cadd,all_1_50,11.88,0.1399999999999988,6,97,0.2651399392661651,0.0,0.5141330468462865,0.5141330468462865,0.09331619537275063,0.46305181702760645
cadd,all_1_50,11.89,0.1399999999999988,6,97,0.2651399392661651,0.0,0.5075835812813656,0.5075835812813656,0.09413346861891929,0.4644906013108423
cadd,all_1_50,11.9,0.14000000000000057,6,97,0.2651399392661651,0.0,0.4935487867383032,0.4935487867383032,0.0936437368108216,0.46455983906492115
cadd,all_1_50,11.91,0.14000000000000057,7,96,0.3125521159057744,0.0,0.5961671185034374,0.5961671185034374,0.12939091485775553,0.5296172861086719
cadd,all_1_50,11.92,0.14000000000000057,7,94,0.3192021609250463,0.0,0.5847031795521805,0.5847031795521805,0.13243454622422046,0.5415194310655139
cadd,all_1_50,11.93,0.14000000000000057,7,97,0.30932992914385926,0.0,0.5535273803650717,0.5535273803650717,0.12801010600441998,0.523601467424331
cadd,all_1_50,11.94,0.1399999999999988,6,100,0.2571857410881801,0.0,0.45430724797710187,0.45430724797710187,0.09183727873747066,0.45067256750705426
cadd,all_1_50,11.95,0.1399999999999988,6,100,0.2571857410881801,0.0,0.45533341768948504,0.45533341768948504,0.09176247227525663,0.4486062532954704
cadd,all_1_50,11.96,0.1399999999999988,5,103,0.20807907855030752,0.0,0.3740267145553691,0.3740267145553691,0.07254870749743803,0.3763048781084976
cadd,all_1_50,11.97,0.1399999999999988,6,101,0.25463934761205953,0.0,0.45517544679509336,0.45517544679509336,0.09029008464074807,0.4433621364147873
cadd,all_1_50,11.98,0.1399999999999988,5,100,0.21432145090681676,0.0,0.3814331229118271,0.3814331229118271,0.075227631290243,0.3908835814720208
cadd,all_1_50,11.99,0.14000000000000057,5,106,0.20219004802529883,0.0,0.3682954237160657,0.3682954237160657,0.07120675118091321,0.3668797179202608
cadd,all_1_50,12.0,0.13000000000000078,5,98,0.21869535806818036,0.0,0.4034676765823595,0.4034676765823595,0.07716419445306306,0.39690778828681533
cadd,all_1_50,12.01,0.13000000000000078,5,98,0.21869535806818036,0.0,0.4087018413363982,0.4087018413363982,0.07721615947377346,0.3956040489535843
cadd,all_1_50,12.02,0.129999999999999,4,99,0.17318905123783174,0.0,0.32007742694492713,0.32007742694492713,0.042405817102490806,0.3302050610775745
cadd,all_1_50,12.03,0.129999999999999,3,102,0.1260714417098922,0.0,0.2332777867878898,0.2332777867878898,0.0,0.25943274159489915
cadd,all_1_50,12.04,0.129999999999999,3,101,0.12731967380602977,0.0,0.2343242275556712,0.2343242275556712,0.0,0.2628186389579104
cadd,all_1_50,12.05,0.129999999999999,3,100,0.12859287054409005,0.0,0.23524988989218001,0.23524988989218001,0.0,0.2648844466503495
cadd,all_1_50,12.06,0.129999999999999,4,103,0.166463262840246,0.0,0.25891120433081016,0.25891120433081016,0.04088244607431542,0.3180538961625013
cadd,all_1_50,12.07,0.129999999999999,4,106,0.16175203842023905,0.0,0.25216047559991334,0.25216047559991334,0.039681080357051424,0.3110248552945182
cadd,all_1_50,12.08,0.11999999999999922,4,98,0.17495628645454428,0.0,0.27198037908767797,0.27198037908767797,0.04270279066589404,0.33702059203751766
cadd,all_1_50,12.09,0.11999999999999922,4,101,0.16975956507470633,0.0,0.2664355636849343,0.2664355636849343,0.041687717968414355,0.32616276591841087
cadd,all_1_50,12.1,0.11999999999999922,4,98,0.17495628645454428,0.0,0.27511382852118105,0.27511382852118105,0.042679773468646896,0.33665837425638756
cadd,all_1_50,12.11,0.120000000000001,4,98,0.17495628645454428,0.0,0.2759338433843384,0.2759338433843384,0.04273536621441308,0.33712489872047974
cadd,all_1_50,12.12,0.120000000000001,4,97,0.17675995951077672,0.0,0.276347010588843,0.276347010588843,0.04336904065222451,0.3397022133969874
cadd,all_1_50,12.13,0.11999999999999922,3,102,0.1260714417098922,0.0,0.1929083786946126,0.1929083786946126,0.032945555651131594,0.2602914461932707
cadd,all_1_50,12.14,0.11999999999999922,3,100,0.12859287054409005,0.0,0.19469661892548526,0.19469661892548526,0.03367844245649769,0.2663915306910284
cadd,all_1_50,12.15,0.11999999999999922,3,102,0.1260714417098922,0.0,0.19421882000038956,0.19421882000038956,0.033068869566706495,0.2613961335190861
cadd,all_1_50,12.16,0.10999999999999943,3,97,0.13256996963308254,0.0,0.21038628429921688,0.21038628429921688,0.03452614958845115,0.27551596654980093
cadd,all_1_50,12.17,0.10999999999999943,3,99,0.1298917884283738,0.04428896978980295,0.24001362745933055,0.24001362745933055,0.033335273295436146,0.26884198356456673
cadd,all_1_50,12.18,0.10999999999999943,3,99,0.1298917884283738,0.04447115384615384,0.2395970238095238,0.2395970238095238,0.033148786339654235,0.2696837929237919
cadd,all_1_50,12.19,0.11000000000000121,3,97,0.13256996963308254,0.044902912621359224,0.24688101538517782,0.24688101538517782,0.033868675332624554,0.2761082183977757
cadd,all_1_50,12.2,0.11999999999999922,3,104,0.1236469909077789,0.04156594956087342,0.23017770597738288,0.23017770597738288,0.0316198097684368,0.2554643885086938
cadd,all_1_50,12.21,0.11999999999999922,3,105,0.122469400518181,0.04082043560473423,0.22853932283654166,0.22853932283654166,0.030923739298669393,0.2526881101318883
cadd,all_1_50,12.22,0.11999999999999922,3,106,0.12131402881517929,0.040132640955326065,0.22524261454005706,0.22524261454005706,0.0313984597494254,0.25100360822604
cadd,all_1_50,12.23,0.11000000000000121,2,98,0.08747814322727214,0.0,0.2171119515269814,0.2171119515269814,0.0,0.20819093278024148
cadd,all_1_50,12.24,0.11999999999999922,3,100,0.12859287054409005,0.0351974546086469,0.2882944315336704,0.2882944315336704,0.0,0.27431675951821965
cadd,all_1_50,12.25,0.11999999999999922,3,102,0.1260714417098922,0.034932868101331845,0.2824041082816714,0.2824041082816714,0.0,0.26809175461740914
cadd,all_1_50,12.26,0.129999999999999,4,107,0.16024033712659197,0.03682080118004709,0.34309539590491905,0.34309539590491905,0.03956773282680046,0.31157119303394415
cadd,all_1_50,12.27,0.129999999999999,5,100,0.21432145090681676,0.04010383980387876,0.45515116149865315,0.45515116149865315,0.07514126212796644,0.39326408156144993
cadd,all_1_50,12.28,0.129999999999999,7,102,0.2941666973230818,0.1135883770664313,0.5503663003663003,0.5503663003663003,0.12224570220338905,0.4997895276901099
cadd,all_1_50,12.29,0.120000000000001,7,96,0.3125521159057744,0.11869269036764835,0.589921248151837,0.589921248151837,0.13049160458510012,0.5320244014964823
cadd,all_1_50,12.3,0.11999999999999922,7,99,0.3030808396662055,0.11498354379365931,0.579274859399306,0.579274859399306,0.12607719751541224,0.5146217263105266
cadd,all_1_50,12.31,0.120000000000001,7,97,0.30932992914385926,0.11743169398907104,0.594967839072022,0.594967839072022,0.12878929626339816,0.5260478324130656
cadd,all_1_50,12.32,0.120000000000001,7,97,0.30932992914385926,0.1168086794094317,0.5836628569147643,0.5836628569147643,0.12870269054964867,0.5231373569494928
cadd,all_1_50,12.33,0.11999999999999922,7,94,0.3192021609250463,0.11939827943396343,0.6242526216980692,0.6242526216980692,0.13244087805254426,0.5392043578423965
cadd,all_1_50,12.34,0.120000000000001,8,96,0.3572024181780279,0.1741770368144564,0.6231046566480221,0.6231046566480221,0.16241231724241773,0.5888355787824628
cadd,all_1_50,12.35,0.11999999999999922,8,99,0.3463781024756635,0.16837207761169093,0.6177294630015268,0.6177294630015268,0.15811710934405016,0.5709714067687494
cadd,all_1_50,12.36,0.11000000000000121,8,92,0.37273295809881174,0.18017763740225734,0.6620521212866946,0.6620521212866946,0.16972144985306675,0.614207206642275
cadd,all_1_50,12.37,0.11000000000000121,8,95,0.3609624436325335,0.16714494105041705,0.6783956639566395,0.6783956639566395,0.16452495347391807,0.5928070179348246
cadd,all_1_50,12.38,0.10999999999999943,9,96,0.4018527204502814,0.24307490692393513,0.6557133733922478,0.6557133733922478,0.1942251370186633,0.6504798738971997
cadd,all_1_50,12.39,0.11000000000000121,9,95,0.4060827490866002,0.24330893203321666,0.66773831129548,0.66773831129548,0.19724767020638342,0.6600642299319405
cadd,all_1_50,12.4,0.11999999999999922,9,103,0.37454234139055353,0.23255859915411675,0.6051378446115288,0.6051378446115288,0.18152891616683228,0.6071887971000829
cadd,all_1_50,12.41,0.10999999999999943,8,93,0.3687250768289321,0.22024020050179816,0.5868906196766792,0.5868906196766792,0.16861596616406285,0.613720286063023
cadd,all_1_50,12.42,0.10999999999999943,8,94,0.3648024696286243,0.21825695904855008,0.5705214403107725,0.5705214403107725,0.16718269757157647,0.6062761762415847
cadd,all_1_50,12.43,0.10999999999999943,8,98,0.34991257290908856,0.20901244417734766,0.5621117649123218,0.5621117649123218,0.16160622373477543,0.5808097992287116
cadd,all_1_50,12.44,0.10999999999999943,9,98,0.39365164452272466,0.23614448831345508,0.6111442538146954,0.6111442538146954,0.1896617764784273,0.6408176038232831
cadd,all_1_50,12.45,0.10999999999999943,9,93,0.41481571143254853,0.2506354515050167,0.6346939468669096,0.6346939468669096,0.1994388894697479,0.6753872924827424
cadd,all_1_50,12.46,0.10999999999999943,9,95,0.4060827490866002,0.24024212588536695,0.626752688172043,0.626752688172043,0.19457841193885939,0.6609381141105243
cadd,all_1_50,12.47,0.10000000000000142,8,93,0.3687250768289321,0.18540866703236425,0.6063271501064471,0.6063271501064471,0.16697166951831904,0.614081718618252
cadd,all_1_50,12.48,0.11000000000000121,8,96,0.3572024181780279,0.17791740775832932,0.5908595137947955,0.5908595137947955,0.1617273986179728,0.5946113351754678
cadd,all_1_50,12.49,0.10999999999999943,8,95,0.3609624436325335,0.17791740775832932,0.6006903791029109,0.6006903791029109,0.16286629280339127,0.6018945298530411
cadd,all_1_50,12.5,0.10999999999999943,8,93,0.3687250768289321,0.18738109966036812,0.6013838150452571,0.6013838150452571,0.16616930651276307,0.613107660802432
cadd,all_1_50,12.51,0.10999999999999943,7,96,0.3125521159057744,0.17537111484584392,0.4823138564766493,0.4823138564766493,0.1314135525421236,0.5337190962103235
cadd,all_1_50,12.52,0.11000000000000121,7,97,0.30932992914385926,0.1681036568936149,0.49815878678791353,0.49815878678791353,0.13119773935185605,0.530393977307692
cadd,all_1_50,12.53,0.11999999999999922,7,104,0.2885096454514841,0.15710784941554173,0.4607769454561791,0.4607769454561791,0.12208820591279351,0.49196706949194535
cadd,all_1_50,12.54,0.11999999999999922,5,98,0.21869535806818036,0.14656511350059737,0.29082626936558686,0.29082626936558686,0.07831649624366711,0.40240949311857954
cadd,all_1_50,12.55,0.120000000000001,5,96,0.22325151136126745,0.154570856776045,0.2917939541228482,0.2917939541228482,0.07963126731052267,0.41159963533970895
cadd,all_1_50,12.56,0.120000000000001,5,100,0.21432145090681676,0.14746053178230162,0.282686046188036,0.282686046188036,0.07646433421322187,0.39345913999121807
cadd,all_1_50,12.57,0.120000000000001,5,97,0.2209499493884709,0.11024892419235764,0.2982693437157341,0.2982693437157341,0.07973019244962508,0.40562450255752386
cadd,all_1_50,12.58,0.11999999999999922,6,99,0.2597835768567476,0.1157379056950398,0.354986583520133,0.354986583520133,0.09481034445880582,0.45761655552335256
cadd,all_1_50,12.59,0.120000000000001,5,97,0.2209499493884709,0.055576931298362615,0.3458075501009439,0.3458075501009439,0.08097229224160267,0.4079192870948558
cadd,all_1_50,12.6,0.129999999999999,5,101,0.21219945634338291,0.05099587912087912,0.3418634743404027,0.3418634743404027,0.0778277290305689,0.39041306208177545
cadd,all_1_50,12.61,0.129999999999999,5,102,0.210119069516487,0.04831877948409114,0.3407998612216625,0.3407998612216625,0.07677579345025248,0.3862886129465082
cadd,all_1_50,12.62,0.1399999999999988,5,109,0.19662518431818052,0.04604004594774398,0.31849062321937316,0.31849062321937316,0.07231889037935714,0.36032322255041715
cadd,all_1_50,12.63,0.1399999999999988,6,102,0.2521428834197844,0.051533816425120775,0.4178331353049366,0.4178331353049366,0.09107324377096396,0.44801769327900653
cadd,all_1_50,12.64,0.129999999999999,5,96,0.22325151136126745,0.054684898448091795,0.3830515491604146,0.3830515491604146,0.0806307134554231,0.40939024209756836
cadd,all_1_50,12.65,0.13000000000000078,5,99,0.21648631404728966,0.053838918280450544,0.36543266100069655,0.36543266100069655,0.0783548342428083,0.3972379566619345
cadd,all_1_50,12.67,0.13000000000000078,6,96,0.26790181363352095,0.05555989583333334,0.44919137466307274,0.44919137466307274,0.095394594390864,0.4714891997417733
cadd,all_1_50,12.68,0.13000000000000078,7,93,0.32263444222531557,0.054705128205128205,0.5592775615515808,0.5592775615515808,0.13299301950250755,0.5533392250350244
cadd,all_1_50,12.69,0.13000000000000078,6,96,0.26790181363352095,0.0,0.4965821741096364,0.4965821741096364,0.09412851200218222,0.47387037303984497
cadd,all_1_50,12.7,0.129999999999999,6,98,0.26243442968181646,0.0,0.4747707614705934,0.4747707614705934,0.09239139983731658,0.46308157656750365
cadd,all_1_50,12.71,0.1399999999999988,7,104,0.2885096454514841,0.0,0.5236929281290509,0.5236929281290509,0.11935031757937488,0.49393533661055566
cadd,all_1_50,12.72,0.129999999999999,7,96,0.3125521159057744,0.0,0.5805206298828125,0.5805206298828125,0.12934707770774406,0.5368698887545658
cadd,all_1_50,12.73,0.13000000000000078,7,95,0.3158421381784668,0.0,0.5844775108534854,0.5844775108534854,0.1308285639036466,0.5420281452424305
cadd,all_1_50,12.74,0.129999999999999,8,96,0.3572024181780279,0.05707781805918556,0.6020128185570442,0.6020128185570442,0.1603590215109386,0.5972941563335064
cadd,all_1_50,12.75,0.13000000000000078,8,98,0.34991257290908856,0.05707781805918556,0.5890435714920321,0.5890435714920321,0.1579272340503387,0.5838331291399774
cadd,all_1_50,12.76,0.129999999999999,8,99,0.3463781024756635,0.05427071225299611,0.6018938504940584,0.6018938504940584,0.15622416452586063,0.5777123239648952
cadd,all_1_50,12.77,0.120000000000001,7,93,0.32263444222531557,0.051141294095453683,0.5852621269137585,0.5852621269137585,0.13368936683895324,0.5506239536931447
cadd,all_1_50,12.78,0.129999999999999,8,103,0.332926525680492,0.1061572252978155,0.5457503991972599,0.5457503991972599,0.15005103227670763,0.5535271786050325
cadd,all_1_50,12.79,0.120000000000001,8,98,0.34991257290908856,0.11186615814869576,0.5610694788232297,0.5610694788232297,0.15792369575161433,0.5852838094427719
cadd,all_1_50,12.8,0.120000000000001,8,94,0.3648024696286243,0.11749383684295078,0.5830446396286058,0.5830446396286058,0.1650147930326843,0.609117642082999
cadd,all_1_50,12.81,0.129999999999999,8,102,0.3361905112263792,0.1089008866736248,0.535770749928989,0.535770749928989,0.15029130106669025,0.5622178842221587
cadd,all_1_50,12.82,0.120000000000001,7,94,0.3192021609250463,0.117982183452125,0.484222211715822,0.484222211715822,0.13472649264729966,0.5466896173070133
cadd,all_1_50,12.83,0.13000000000000078,7,98,0.3061735012954525,0.11471818387379827,0.4572986651757352,0.4572986651757352,0.1295828400210771,0.522384650525354
cadd,all_1_50,12.84,0.13000000000000078,6,100,0.2571857410881801,0.11368107344632768,0.3698328452053043,0.3698328452053043,0.09120143431315925,0.45327941436255825
cadd,all_1_50,12.85,0.120000000000001,6,94,0.2736018522214682,0.12659958446182037,0.38215659091997295,0.38215659091997295,0.09722138854686088,0.48649191406474296
cadd,all_1_50,12.86,0.120000000000001,6,95,0.2707218327244001,0.1231638418079096,0.3770738872214062,0.3770738872214062,0.09606715862746144,0.48108574234524
cadd,all_1_50,12.87,0.120000000000001,6,94,0.2736018522214682,0.12080603905421425,0.38620953801918523,0.38620953801918523,0.09749127458000942,0.4840355890391489
cadd,all_1_50,12.88,0.120000000000001,7,95,0.3158421381784668,0.1222879684418146,0.4647816623697885,0.4647816623697885,0.13160994375333301,0.5394653712118962
cadd,all_1_50,12.89,0.129999999999999,7,101,0.29707923888073606,0.11719309005400524,0.427616745150763,0.427616745150763,0.1238766705495592,0.5066648714525238
cadd,all_1_50,12.9,0.129999999999999,7,100,0.30005003126954344,0.11898538877351125,0.4312237196765498,0.4312237196765498,0.12547577378256985,0.5113916684430513
cadd,all_1_50,12.91,0.129999999999999,6,101,0.25463934761205953,0.06007073715562174,0.3970893936889465,0.3970893936889465,0.08962837899232202,0.44564870217597813
cadd,all_1_50,12.93,0.129999999999999,6,97,0.2651399392661651,0.12704032857699252,0.3706086208068133,0.3706086208068133,0.09585995618535934,0.46228514791258923
cadd,all_1_50,12.94,0.129999999999999,6,97,0.2651399392661651,0.13021667200341555,0.36448285847942796,0.36448285847942796,0.09554766441110826,0.463533820325862
cadd,all_1_50,12.95,0.13000000000000078,5,96,0.22325151136126745,0.12655237266269798,0.3098152079813455,0.3098152079813455,0.08031422595545824,0.40663405862752233
cadd,all_1_50,12.97,0.1399999999999988,8,97,0.35351991902155344,0.2572692625463074,0.44924668383686556,0.44924668383686556,0.16389169522298083,0.5885127304694342
cadd,all_1_50,12.98,0.13000000000000078,8,93,0.3687250768289321,0.2630242618114438,0.4746883551231378,0.4746883551231378,0.16963573554628789,0.6147415862005958
cadd,all_1_50,12.99,0.14000000000000057,9,101,0.38195902141808924,0.24430888273893467,0.5141820510402265,0.5141820510402265,0.18380124286393287,0.6224900134984502
cadd,all_1_50,13.0,0.13000000000000078,8,95,0.3609624436325335,0.26028830306374207,0.46458249141240654,0.46458249141240654,0.1671690769592406,0.602133122639952
cadd,all_1_50,13.01,0.13000000000000078,7,93,0.32263444222531557,0.15998141698956636,0.4693547780992823,0.4693547780992823,0.13593221260278304,0.5528781683286544
cadd,all_1_50,13.02,0.1399999999999988,8,99,0.3463781024756635,0.17348807694618557,0.4978964967962868,0.4978964967962868,0.15937796369753326,0.5805544137540777
cadd,all_1_50,13.03,0.1399999999999988,8,96,0.3572024181780279,0.17662730230294338,0.5181356057071289,0.5181356057071289,0.16478476225849398,0.5992616954157998
cadd,all_1_50,13.04,0.14000000000000057,8,93,0.3687250768289321,0.17727633221725753,0.5532488614330162,0.5532488614330162,0.16989390948725278,0.6199015814586788
cadd,all_1_50,13.05,0.14000000000000057,8,95,0.3609624436325335,0.17833116128350532,0.5196629213483146,0.5196629213483146,0.16545069037372154,0.6061066365712223
cadd,all_1_50,13.06,0.15000000000000036,9,101,0.38195902141808924,0.17334027236325555,0.5608048349056604,0.5608048349056604,0.1888109267658486,0.6225215550171134
cadd,all_1_50,13.07,0.14000000000000057,8,94,0.3648024696286243,0.15018294142454947,0.5845117754472579,0.5845117754472579,0.16847452206613353,0.6122183291037271
cadd,all_1_50,13.08,0.14000000000000057,8,96,0.3572024181780279,0.14767989240080698,0.5716901043354288,0.5716901043354288,0.16442027298616446,0.6016381891844284
cadd,all_1_50,13.09,0.14000000000000057,8,93,0.3687250768289321,0.1519695805927671,0.5966354682763424,0.5966354682763424,0.16979239239933863,0.6199742615564912
cadd,all_1_50,13.1,0.15000000000000036,9,96,0.4018527204502814,0.2367689770231753,0.5731961836613,0.5731961836613,0.19543314644568766,0.6588449641445814
cadd,all_1_50,13.11,0.14000000000000057,9,92,0.41932457786116323,0.24500454927211643,0.6039408470000402,0.6039408470000402,0.2042518662681688,0.6881978762272676
cadd,all_1_50,13.12,0.14999999999999858,9,97,0.3977099088992476,0.23175585761133025,0.5828731430349227,0.5828731430349227,0.19315479947862346,0.6520511144900977
cadd,all_1_50,13.13,0.15000000000000036,9,94,0.41040277833220234,0.22968465238561792,0.6188529666790535,0.6188529666790535,0.2015469355428183,0.6769313240383705
cadd,all_1_50,13.14,0.14999999999999858,10,96,0.4465030227225349,0.29664435557334307,0.6084642201147056,0.6084642201147056,0.22818524219859204,0.7229082562970154
cadd,all_1_50,13.15,0.15000000000000036,10,96,0.4465030227225349,0.2932279753240452,0.6238207068039427,0.6238207068039427,0.22775863099599197,0.7251467362856698
cadd,all_1_50,13.16,0.14000000000000057,9,92,0.41932457786116323,0.2999191806259034,0.5519098250289213,0.5519098250289213,0.20254335684607563,0.6946173319384208
cadd,all_1_50,13.17,0.15000000000000036,9,99,0.3896753652851214,0.2927571840615319,0.4831840610755928,0.4831840610755928,0.18924053328072304,0.6419281096196876
cadd,all_1_50,13.18,0.15000000000000036,10,101,0.42439891268676583,0.2855554475283647,0.5761734517356706,0.5761734517356706,0.21778601694915253,0.6874695712518881
cadd,all_1_50,13.19,0.14000000000000057,10,93,0.46090634603616504,0.30664499319627664,0.6284564787023437,0.6284564787023437,0.23605136148786524,0.7489238484597163
cadd,all_1_50,13.2,0.1399999999999988,11,97,0.486089888654636,0.2903015232792709,0.7072232089994079,0.7072232089994079,0.25772830874504987,0.7744157006745407
cadd,all_1_50,13.21,0.129999999999999,10,93,0.46090634603616504,0.23149210903873743,0.7007349226783124,0.7007349226783124,0.23384027698704554,0.7464660785062435
cadd,all_1_50,13.22,0.129999999999999,10,92,0.4659161976235147,0.22692938490826492,0.7024862623100632,0.7024862623100632,0.23566964975325883,0.7541864028223804
cadd,all_1_50,13.23,0.13000000000000078,10,91,0.4710361558391577,0.23295171931546674,0.7082232680592363,0.7082232680592363,0.23858125013123732,0.7629694574464977
cadd,all_1_50,13.24,0.13000000000000078,8,92,0.37273295809881174,0.15342388228636106,0.5702490494013197,0.5702490494013197,0.17172270792094485,0.6296477228968199
cadd,all_1_50,13.25,0.14000000000000057,9,96,0.4018527204502814,0.22140792034307252,0.5732242729306487,0.5732242729306487,0.19322544122255825,0.6596509325705222
cadd,all_1_50,13.26,0.14000000000000057,8,94,0.3648024696286243,0.14861891766958488,0.5480335147758689,0.5480335147758689,0.1685379282866272,0.6138518191848809
cadd,all_1_50,13.27,0.1399999999999988,7,96,0.3125521159057744,0.14861860866110035,0.4274270787984327,0.4274270787984327,0.13061893126040586,0.5388473822925043
cadd,all_1_50,13.28,0.14999999999999858,8,104,0.32972530908741043,0.14582345109871447,0.4837268314210062,0.4837268314210062,0.15118701081623137,0.5513408178461419
cadd,all_1_50,13.29,0.14000000000000057,8,94,0.3648024696286243,0.15759485998302825,0.541043454126733,0.541043454126733,0.16706067705026037,0.6131643119155522
cadd,all_1_50,13.3,0.14000000000000057,7,93,0.32263444222531557,0.07938076676711991,0.5211582523610072,0.5211582523610072,0.1342181767001546,0.5596038037473732
cadd,all_1_50,13.31,0.14000000000000057,8,92,0.37273295809881174,0.08030555586702533,0.6226148041636449,0.6226148041636449,0.1649340396425063,0.6269074787467772
cadd,all_1_50,13.32,0.14000000000000057,8,95,0.3609624436325335,0.0724857205034449,0.6097696086770863,0.6097696086770863,0.1599922164369576,0.6058466281658953
cadd,all_1_50,13.33,0.14000000000000057,9,98,0.39365164452272466,0.12726338505806187,0.6605034722222222,0.6605034722222222,0.18655166457029923,0.6468697778871422
cadd,all_1_50,13.34,0.14000000000000057,9,97,0.3977099088992476,0.1282431411149364,0.6769042432344279,0.6769042432344279,0.188687402008666,0.653837909955087
cadd,all_1_50,13.35,0.1399999999999988,9,99,0.3896753652851214,0.12439393939393938,0.6679496286729093,0.6679496286729093,0.18310039245098184,0.6423344677049622
cadd,all_1_50,13.36,0.13000000000000078,9,92,0.41932457786116323,0.13375692407950474,0.7097955263895003,0.7097955263895003,0.19724201134614439,0.691469843750365
cadd,all_1_50,13.37,0.13000000000000078,10,90,0.47626989090403726,0.15923048822417055,0.7471179127620845,0.7471179127620845,0.2346073568660439,0.771194352838373
cadd,all_1_50,13.38,0.129999999999999,11,94,0.5016033957393584,0.19895861879967114,0.743897599602115,0.743897599602115,0.25814285170649054,0.7981164923566897
cadd,all_1_50,13.39,0.129999999999999,10,97,0.4418998987769418,0.16412585319646597,0.691777558525746,0.691777558525746,0.21732724694058922,0.7170568702531578
cadd,all_1_50,13.4,0.120000000000001,10,92,0.4659161976235147,0.17699104192593965,0.7189200609857628,0.7189200609857628,0.22937916222384927,0.7560042310771264
cadd,all_1_50,13.41,0.120000000000001,11,91,0.5181397714230734,0.2138167816429344,0.8115262065538308,0.8115262065538308,0.2673641430517479,0.8251437487636573
cadd,all_1_50,13.42,0.13000000000000078,11,98,0.4811297877499968,0.19656152700690402,0.7472259033483523,0.7472259033483523,0.24953222026543273,0.7641981249591826
cadd,all_1_50,13.43,0.129999999999999,10,94,0.45600308703578035,0.1529046399569847,0.7601479915433403,0.7601479915433403,0.22525008592059317,0.7346039978219745
cadd,all_1_50,13.44,0.129999999999999,10,92,0.4659161976235147,0.15106117353308365,0.7871064467766116,0.7871064467766116,0.2302906843606393,0.7502414827102991
cadd,all_1_50,13.45,0.13000000000000078,11,89,0.5297833617921314,0.18460187484720195,0.890479973328298,0.890479973328298,0.27514703746114844,0.8370152810222252
cadd,all_1_50,13.46,0.1399999999999988,12,95,0.5414436654488002,0.1692444385941819,0.9377624449244486,0.9377624449244486,0.2961937179502044,0.8419447138361439
cadd,all_1_50,13.47,0.14000000000000057,12,95,0.5414436654488002,0.16238317757009343,0.9877069330840537,0.9877069330840537,0.29530813400991357,0.8427196402416065
cadd,all_1_50,13.48,0.14000000000000057,12,89,0.577945485591416,0.19380561495481824,1.0772810782334106,1.0772810782334106,0.3127496142880005,0.9000785754629588
cadd,all_1_50,13.49,0.15000000000000036,14,95,0.6316842763569336,0.2926495726495727,1.0365677626303127,1.0365677626303127,0.3621621125290168,0.9589499478627524
cadd,all_1_50,13.5,0.15000000000000036,13,90,0.6191508581752485,0.30188781452290026,0.9812087177766037,0.9812087177766037,0.34592827113695257,0.9510819089159928
cadd,all_1_50,13.51,0.14000000000000057,13,87,0.6405008877674985,0.31518060667642356,1.025981528300614,1.025981528300614,0.35949005001968587,0.9837706752990829
cadd,all_1_50,13.52,0.14000000000000057,13,88,0.6332224685883223,0.30859024549488095,1.0239063717848793,1.0239063717848793,0.3568081524067431,0.9729340144250159
cadd,all_1_50,13.53,0.14000000000000057,13,88,0.6332224685883223,0.30410694659399323,1.0238789682539682,1.0238789682539682,0.35546198614568547,0.9685915237250262
cadd,all_1_50,13.54,0.1399999999999988,13,90,0.6191508581752485,0.30106587712805327,0.9751228269085414,0.9751228269085414,0.3470253196130768,0.9464022183375741
cadd,all_1_50,13.55,0.1399999999999988,13,93,0.5991782498470146,0.29218708618618067,0.9288428925549106,0.9288428925549106,0.3377649136577708,0.9169538679453094
cadd,all_1_50,13.56,0.13000000000000078,13,87,0.6405008877674985,0.3111149516328538,1.0037302833485182,1.0037302833485182,0.35893943013419427,0.9808409989144622
cadd,all_1_50,13.57,0.14000000000000057,14,95,0.6316842763569336,0.3158479649865085,0.9519431345756993,0.9519431345756993,0.3641890370257143,0.9574491544295779
cadd,all_1_50,13.58,0.13000000000000078,13,89,0.6261076093907008,0.3166112672458394,0.9784188393608073,0.9784188393608073,0.3551877032396868,0.965206516733249
cadd,all_1_50,13.59,0.14000000000000057,14,92,0.6522826766729206,0.3348240350099855,1.0150643504703392,1.0150643504703392,0.37735730814202134,0.9951820845594678
cadd,all_1_50,13.6,0.1399999999999988,13,94,0.5928040131465145,0.3052175361601319,0.9379842929650305,0.9379842929650305,0.334086799518607,0.9153574153376542
cadd,all_1_50,13.61,0.1399999999999988,15,92,0.6988742964352721,0.43478676611206735,0.9912207151664612,0.9912207151664612,0.4129437593987291,1.0564150751927062
cadd,all_1_50,13.62,0.1399999999999988,14,90,0.6667778472656521,0.4181470515667407,0.9021904142268489,0.9021904142268489,0.3874646754888396,1.0171664280172943
cadd,all_1_50,13.63,0.14000000000000057,14,89,0.6742697331899854,0.43822265134905086,0.8780754964954878,0.8780754964954878,0.38972287050301996,1.0304146562245418
cadd,all_1_50,13.64,0.14999999999999858,16,94,0.7296049392572486,0.4689120895274412,0.9863848373107446,0.9863848373107446,0.4378679501844901,1.0892632836264557
cadd,all_1_50,13.65,0.14000000000000057,14,88,0.6819318892489624,0.43982783188976987,0.946775781442284,0.946775781442284,0.3942579804704354,1.041723784527192
cadd,all_1_50,13.66,0.14000000000000057,14,87,0.6897701868265367,0.4752230846401605,0.9347091570161153,0.9347091570161153,0.3915781602384544,1.0575819708199998
cadd,all_1_50,13.67,0.15000000000000036,15,91,0.7065542337587366,0.46050269850355713,1.0526774450250973,1.0526774450250973,0.4119515582475356,1.074091478696742
cadd,all_1_50,13.68,0.15000000000000036,16,90,0.7620318254464596,0.538058527262819,1.0850813993705215,1.0850813993705215,0.45463833593131936,1.1490966143887067
cadd,all_1_50,13.69,0.15000000000000036,15,87,0.7390394858855751,0.5470430107526881,0.9338782664627618,0.9338782664627618,0.4302052707531854,1.123138216003277
cadd,all_1_50,13.7,0.15000000000000036,15,85,0.7564286502593534,0.5754473626449549,0.941114905805883,0.941114905805883,0.4430410592861274,1.1492585374063689
cadd,all_1_50,13.71,0.15999999999999837,16,94,0.7296049392572486,0.5496674776966748,0.95412982512062,0.95412982512062,0.43544545392974743,1.095291933711729
cadd,all_1_50,13.72,0.14999999999999858,16,88,0.7793507305702427,0.5895944380069525,0.9983268506126448,0.9983268506126448,0.4648436702837278,1.1696488823148237
cadd,all_1_50,13.73,0.14000000000000057,15,86,0.7476329682795934,0.548127118300873,0.9870790429035926,0.9870790429035926,0.4357185829885094,1.1355599891252295
cadd,all_1_50,13.74,0.14000000000000057,15,88,0.7306413099096026,0.5441881359401155,0.9471865555080559,0.9471865555080559,0.4279030615618072,1.113044167859486
cadd,all_1_50,13.75,0.14000000000000057,15,89,0.72243185698927,0.4873681885492628,1.0294772588097756,1.0294772588097756,0.421139532316715,1.0917661019536018
cadd,all_1_50,13.76,0.14000000000000057,15,87,0.7390394858855751,0.49346394024939777,1.0671199590757952,1.0671199590757952,0.4312049259465923,1.1156594948773049
cadd,all_1_50,13.77,0.1399999999999988,14,92,0.6522826766729206,0.38449349359577556,1.0178139128771997,1.0178139128771997,0.3702661706621528,0.9923224025801868
cadd,all_1_50,13.78,0.1399999999999988,13,91,0.612347002590905,0.3846622152395915,0.9181376924231031,0.9181376924231031,0.34229393435802785,0.941697372871998
cadd,all_1_50,13.79,0.1399999999999988,12,91,0.5652433870069892,0.3043301230331063,0.8571832649889366,0.8571832649889366,0.303677923995512,0.8836734666278733
cadd,all_1_50,13.8,0.1399999999999988,12,92,0.5590994371482176,0.30121804886829123,0.8600275373715606,0.8600275373715606,0.30054125936280207,0.87299144398343
cadd,all_1_50,13.81,0.14000000000000057,12,90,0.5715238690848446,0.30700756767933074,0.8817799160491164,0.8817799160491164,0.30605339087668554,0.8944596548508634
cadd,all_1_50,13.82,0.14000000000000057,11,93,0.5069969806397816,0.2635764955246119,0.8576925206222665,0.8576925206222665,0.26221525689716213,0.8008917007055296
cadd,all_1_50,13.83,0.14000000000000057,12,91,0.5652433870069892,0.30009511731135063,0.9092745035847184,0.9092745035847184,0.3011706718591439,0.8845995705660227
cadd,all_1_50,13.84,0.14000000000000057,13,87,0.6405008877674985,0.363763011619525,0.9695973091656545,0.9695973091656545,0.3537883143755391,0.9894490667156175
cadd,all_1_50,13.85,0.14000000000000057,13,87,0.6405008877674985,0.41665648043370807,0.9239614373356704,0.9239614373356704,0.35327122043093584,0.9917153212118366
cadd,all_1_50,13.86,0.14999999999999858,14,94,0.6384043218500925,0.4070873901887819,0.9417165328044561,0.9417165328044561,0.3608095637085512,0.9759438111608371
cadd,all_1_50,13.87,0.14000000000000057,14,88,0.6819318892489624,0.4349700881469176,1.0015868807645891,1.0015868807645891,0.38405423019801854,1.0421586417423283
cadd,all_1_50,13.88,0.14000000000000057,13,90,0.6191508581752485,0.32887899034892354,0.9549558021440662,0.9549558021440662,0.34076157134433965,0.9570302502492178
cadd,all_1_50,13.89,0.1399999999999988,14,91,0.6594506181748208,0.380926739820124,1.078334155497772,1.078334155497772,0.3737819891790053,1.0098299837130924
cadd,all_1_50,13.9,0.1399999999999988,12,92,0.5590994371482176,0.3012386172370636,0.9713619133449363,0.9713619133449363,0.2988861949590177,0.8765934938505902
cadd,all_1_50,13.91,0.14000000000000057,12,90,0.5715238690848446,0.30832658470146507,0.9858245614035088,0.9858245614035088,0.3061591702902608,0.895401472177751
cadd,all_1_50,13.92,0.14000000000000057,12,91,0.5652433870069892,0.3023383209066807,0.9838054562886778,0.9838054562886778,0.3013740230222754,0.8848589865116954
cadd,all_1_50,13.93,0.14000000000000057,12,92,0.5590994371482176,0.29541414859580517,0.9634055123684045,0.9634055123684045,0.29790835450160347,0.8740103770216266
cadd,all_1_50,13.94,0.14000000000000057,10,94,0.45600308703578035,0.23339723810013682,0.8074759917083731,0.8074759917083731,0.22832817356111954,0.7348652520351844
cadd,all_1_50,13.95,0.14000000000000057,9,92,0.41932457786116323,0.22236037928708668,0.7228765929501425,0.7228765929501425,0.19797789895228876,0.6858452502973205
cadd,all_1_50,13.96,0.1399999999999988,9,94,0.41040277833220234,0.22550575887520313,0.6772918559790363,0.6772918559790363,0.19468105245148618,0.6718609371957213
cadd,all_1_50,13.97,0.14000000000000057,8,95,0.3609624436325335,0.18705888115981306,0.5946979541826013,0.5946979541826013,0.16125136853763797,0.6044024045261669
cadd,all_1_50,13.98,0.1399999999999988,7,95,0.3158421381784668,0.12082715420929288,0.5649294025969379,0.5649294025969379,0.12990935296884112,0.5391033138401559
cadd,all_1_50,13.99,0.13000000000000078,7,93,0.32263444222531557,0.12395233106338398,0.5666378701013115,0.5666378701013115,0.13255319686756545,0.5495805973806495
cadd,all_1_50,14.0,0.14000000000000057,7,98,0.3061735012954525,0.12136489401387814,0.5383346242640289,0.5383346242640289,0.12552275344933309,0.5213302862598043
cadd,all_1_50,14.01,0.14000000000000057,7,98,0.3061735012954525,0.13962573099415204,0.5039072809445343,0.5039072809445343,0.12624152712089778,0.5222928245234683
cadd,all_1_50,14.02,0.14000000000000057,7,97,0.30932992914385926,0.13838321505708115,0.4999337221633086,0.4999337221633086,0.12766612753684684,0.5291919754485143
cadd,all_1_50,14.03,0.1399999999999988,9,99,0.3896753652851214,0.1689643627344671,0.6537299876157063,0.6537299876157063,0.18713139626563413,0.6360818773911896
cadd,all_1_50,14.04,0.13000000000000078,8,92,0.37273295809881174,0.1509827278141751,0.634839565541829,0.634839565541829,0.17147596049614147,0.6228425362566646
cadd,all_1_50,14.05,0.14000000000000057,8,96,0.3572024181780279,0.14959899749373434,0.601668992939814,0.601668992939814,0.16379664876564398,0.5953748760479121
cadd,all_1_50,14.06,0.1399999999999988,8,94,0.3648024696286243,0.14790144765470215,0.6222190787266393,0.6222190787266393,0.1694918186268829,0.6096245992951648
cadd,all_1_50,14.07,0.14000000000000057,9,95,0.4060827490866002,0.1583381114222678,0.7653101063417678,0.7653101063417678,0.1952882286043045,0.6586774019055325
cadd,all_1_50,14.08,0.14000000000000057,9,96,0.4018527204502814,0.15318633465560147,0.8109715426570542,0.8109715426570542,0.19397598807532346,0.6522854232196681
cadd,all_1_50,14.09,0.13000000000000078,9,92,0.41932457786116323,0.16083149927392068,0.849313446969697,0.849313446969697,0.20232634982874018,0.683525376551614
cadd,all_1_50,14.1,0.1399999999999988,11,98,0.4811297877499968,0.20706202671658297,0.8824797574418589,0.8824797574418589,0.25457890332039396,0.7588615653791759
cadd,all_1_50,14.11,0.13000000000000078,10,91,0.4710361558391577,0.1941949509583808,0.8820617807673565,0.8820617807673565,0.23850030591718163,0.757966907814418
cadd,all_1_50,14.12,0.13000000000000078,9,95,0.4060827490866002,0.159801280612576,0.8215195685398253,0.8215195685398253,0.1960452299526658,0.6680486861008711
cadd,all_1_50,14.13,0.129999999999999,8,95,0.3609624436325335,0.13742854325226342,0.7664480379712549,0.7664480379712549,0.16489547680809727,0.6086286683277956
cadd,all_1_50,14.14,0.13000000000000078,7,96,0.3125521159057744,0.10752967937300087,0.7200451722190853,0.7200451722190853,0.1322113334588113,0.5415694602753988
cadd,all_1_50,14.15,0.13000000000000078,8,92,0.37273295809881174,0.1776267386049119,0.7935691140732012,0.7935691140732012,0.16949609123548373,0.6261244404975618
cadd,all_1_50,14.16,0.13000000000000078,8,93,0.3687250768289321,0.1697469850141606,0.8432798075295314,0.8432798075295314,0.16740386663843004,0.6191882171031191
cadd,all_1_50,14.17,0.14000000000000057,9,100,0.3857786116322702,0.22446650069419444,0.8179972735138892,0.8179972735138892,0.18352330404786715,0.6289661826854321
cadd,all_1_50,14.18,0.14000000000000057,9,97,0.3977099088992476,0.23377007920645496,0.839674513417037,0.839674513417037,0.18940875900290005,0.6500355672127792
cadd,all_1_50,14.19,0.13000000000000078,9,93,0.41481571143254853,0.24386508071190602,0.8810046938979328,0.8810046938979328,0.19774709100180798,0.6786836066313188
cadd,all_1_50,14.2,0.13000000000000078,9,91,0.4239325402552419,0.2515562717135844,0.8815035273368607,0.8815035273368607,0.2016894721429062,0.6917167912495755
cadd,all_1_50,14.21,0.13000000000000078,9,91,0.4239325402552419,0.24799836601307187,0.8876651982378856,0.8876651982378856,0.2023177182517102,0.6939294593982032
cadd,all_1_50,14.22,0.14000000000000057,9,95,0.4060827490866002,0.24626309002700408,0.7908890521675238,0.7908890521675238,0.19302142884844037,0.6622134738067764
cadd,all_1_50,14.23,0.1399999999999988,9,94,0.41040277833220234,0.2464256184665834,0.7957888286921079,0.7957888286921079,0.1948984224265123,0.6702831517601618
cadd,all_1_50,14.24,0.14000000000000057,9,95,0.4060827490866002,0.24110389825200082,0.8260956573944366,0.8260956573944366,0.19332986358133325,0.6624780060682469
cadd,all_1_50,14.25,0.14000000000000057,10,94,0.45600308703578035,0.28127972473917917,0.8842355353604985,0.8842355353604985,0.22793278880431675,0.7292248453999698
cadd,all_1_50,14.26,0.14000000000000057,11,94,0.5016033957393584,0.3076385098253275,0.9438159835159278,0.9438159835159278,0.2581527561285797,0.782938941356834
cadd,all_1_50,14.27,0.1399999999999988,11,93,0.5069969806397816,0.30670465600870356,0.9772867494081354,0.9772867494081354,0.26029875833770755,0.791866237228093
cadd,all_1_50,14.28,0.1399999999999988,12,92,0.5590994371482176,0.3216678638200027,1.0724742531279257,1.0724742531279257,0.30023190274888756,0.8637495336182794
cadd,all_1_50,14.29,0.1399999999999988,13,91,0.612347002590905,0.34721062748886167,1.2398514534511462,1.2398514534511462,0.33897773259852926,0.9401177959049483
cadd,all_1_50,14.3,0.14000000000000057,12,91,0.5652433870069892,0.32000417035538087,1.1088924718670519,1.1088924718670519,0.30378699603244114,0.877160524539997
cadd,all_1_50,14.31,0.14000000000000057,12,88,0.5845130479276821,0.3300813008130082,1.1391441924874195,1.1391441924874195,0.3138658507263906,0.9082532276836462
cadd,all_1_50,14.32,0.15000000000000036,13,94,0.5928040131465145,0.3496333643596874,1.0661309993543295,1.0661309993543295,0.3312377883371856,0.9056526008112896
cadd,all_1_50,14.33,0.15000000000000036,11,92,0.5125078173858661,0.31422970248155535,0.9054988906018137,0.9054988906018137,0.266446903144474,0.8063218324814461
cadd,all_1_50,14.34,0.15000000000000036,12,93,0.5530876152433981,0.3136108949681669,0.9929729729729729,0.9929729729729729,0.29702142531829995,0.8566425980118914
cadd,all_1_50,14.35,0.15000000000000036,12,94,0.5472037044429364,0.3079668595450744,0.9623110227837319,0.9623110227837319,0.2936293961290611,0.8502280609140965
cadd,all_1_50,14.36,0.14999999999999858,12,91,0.5652433870069892,0.30995758656401223,1.0534562178618299,1.0534562178618299,0.30322554816381464,0.8779954790503566
cadd,all_1_50,14.37,0.15000000000000036,12,90,0.5715238690848446,0.3185378400372006,0.984166156401259,0.984166156401259,0.3073575026881425,0.8874727053369753
cadd,all_1_50,14.38,0.15000000000000036,12,89,0.577945485591416,0.3210398474972328,0.9609854382269438,0.9609854382269438,0.3107950084890812,0.899610527411315
cadd,all_1_50,14.39,0.15000000000000036,11,92,0.5125078173858661,0.29535700351150995,0.9123208397819796,0.9123208397819796,0.2675060886587299,0.8054584772596429
cadd,all_1_50,14.4,0.15000000000000036,10,91,0.4710361558391577,0.2160338502695043,0.8627898909012733,0.8627898909012733,0.2357637478330364,0.7515099057618517
cadd,all_1_50,14.41,0.15000000000000036,11,89,0.5297833617921314,0.26982047082249416,0.9622488605496081,0.9622488605496081,0.2759313331495049,0.8357264029098987
cadd,all_1_50,14.42,0.15000000000000036,11,91,0.5181397714230734,0.2670359474054426,0.8933631740427855,0.8933631740427855,0.2691194707971011,0.8145820382812979
cadd,all_1_50,14.43,0.15000000000000036,12,92,0.5590994371482176,0.2967504502388223,0.9413546134140225,0.9413546134140225,0.29750489410690617,0.8670264828101715
cadd,all_1_50,14.44,0.15000000000000036,13,92,0.6056910569105692,0.3475494696658002,1.0292063425479256,1.0292063425479256,0.3328195990748315,0.9289295648895467
cadd,all_1_50,14.45,0.14999999999999858,13,92,0.6056910569105692,0.34386286267258803,1.0128697339360537,1.0128697339360537,0.33454982034292374,0.9304662293404485
cadd,all_1_50,14.46,0.14999999999999858,14,95,0.6316842763569336,0.35402010050251254,0.997521552131219,0.997521552131219,0.3607110040301119,0.9541531729741739
cadd,all_1_50,14.47,0.15000000000000036,14,89,0.6742697331899854,0.37124999999999997,1.0497801584801656,1.0497801584801656,0.38646183268584733,1.0195641694510293
cadd,all_1_50,14.48,0.15000000000000036,13,93,0.5991782498470146,0.30674967383081886,0.9173621005495622,0.9173621005495622,0.334934840888978,0.911562386169408
cadd,all_1_50,14.49,0.14000000000000057,13,88,0.6332224685883223,0.32354207540217883,0.9816399570648722,0.9816399570648722,0.352726716646831,0.9666856015771068
cadd,all_1_50,14.5,0.14000000000000057,13,87,0.6405008877674985,0.33241035580783607,0.9709915104520913,0.9709915104520913,0.35494150742814423,0.9790901301382356
cadd,all_1_50,14.51,0.14000000000000057,13,91,0.612347002590905,0.3108342466226119,0.9243145118232622,0.9243145118232622,0.33978118512114575,0.9344595534573983
cadd,all_1_50,14.52,0.1399999999999988,13,88,0.6332224685883223,0.33597078034429695,0.9298217705403015,0.9298217705403015,0.3501463457061728,0.9702980307464532
cadd,all_1_50,14.53,0.14000000000000057,13,89,0.6261076093907008,0.33106100018238177,0.9173805800479891,0.9173805800479891,0.34640873510824866,0.9570569745903883
cadd,all_1_50,14.54,0.14000000000000057,14,92,0.6522826766729206,0.35535470869615005,0.8975066934404283,0.8975066934404283,0.3708045041378375,0.9914898432664713
cadd,all_1_50,14.55,0.13000000000000078,13,87,0.6405008877674985,0.3684560237803812,0.8495300731635517,0.8495300731635517,0.3571327396834716,0.9853296998914992
cadd,all_1_50,14.56,0.13000000000000078,12,90,0.5715238690848446,0.318035344256188,0.7828365941366491,0.7828365941366491,0.3059340003943217,0.8922178410530949
cadd,all_1_50,14.57,0.129999999999999,12,91,0.5652433870069892,0.2861559382392488,0.7732898064032753,0.7732898064032753,0.29965800027857387,0.8819929665267413
cadd,all_1_50,14.58,0.13000000000000078,12,90,0.5715238690848446,0.292754678069936,0.779787832441124,0.779787832441124,0.3032258191735014,0.8888581900789605
cadd,all_1_50,14.59,0.13000000000000078,12,92,0.5590994371482176,0.2961588022335399,0.746065253214244,0.746065253214244,0.2964561709473387,0.8704043536670656
cadd,all_1_50,14.6,0.129999999999999,11,92,0.5125078173858661,0.29508371195816796,0.6515082887942748,0.6515082887942748,0.2625135041013725,0.8065745666961474
cadd,all_1_50,14.61,0.129999999999999,11,97,0.486089888654636,0.27405885344498243,0.6354558470704428,0.6354558470704428,0.2494419944154309,0.7671223548399542
cadd,all_1_50,14.63,0.129999999999999,10,93,0.46090634603616504,0.25195775748268956,0.6339893100097181,0.6339893100097181,0.22791008121499043,0.744968698307565
cadd,all_1_50,14.64,0.129999999999999,10,93,0.46090634603616504,0.252523029814352,0.6249593760155997,0.6249593760155997,0.22744079521568328,0.7451507223238315
cadd,all_1_50,14.65,0.129999999999999,11,96,0.49115332499478837,0.2439599545522756,0.6728976417631957,0.6728976417631957,0.25504518554833927,0.7816549230095338
cadd,all_1_50,14.66,0.120000000000001,10,91,0.4710361558391577,0.253606880692652,0.6550813527557714,0.6550813527557714,0.23419153685605634,0.7550447926616985
cadd,all_1_50,14.67,0.11999999999999922,10,93,0.46090634603616504,0.2351146698242831,0.6508013060279804,0.6508013060279804,0.23175787726534122,0.7397519388223849
cadd,all_1_50,14.68,0.120000000000001,10,90,0.47626989090403726,0.2472483503201755,0.6516378589360494,0.6516378589360494,0.23732160435650207,0.764845325950638
cadd,all_1_50,14.69,0.129999999999999,10,94,0.45600308703578035,0.23758960401732662,0.6294328534732874,0.6294328534732874,0.22620559226134687,0.7303689043779957
cadd,all_1_50,14.7,0.13000000000000078,10,93,0.46090634603616504,0.22144521440480436,0.6462126147254481,0.6462126147254481,0.230917581915695,0.7420682464005929
cadd,all_1_50,14.71,0.129999999999999,10,94,0.45600308703578035,0.2169510795435378,0.6390229923544841,0.6390229923544841,0.22783951924945506,0.7322637894764574
cadd,all_1_50,14.72,0.13000000000000078,9,91,0.4239325402552419,0.15415900101499422,0.6191994073548516,0.6191994073548516,0.20358670751768299,0.6898078629565471
cadd,all_1_50,14.73,0.13000000000000078,8,92,0.37273295809881174,0.0,0.63428696331702,0.63428696331702,0.16906077913392123,0.6264899165794028
cadd,all_1_50,14.74,0.14000000000000057,9,94,0.41040277833220234,0.08367783768779427,0.6433436255105326,0.6433436255105326,0.19538968150498978,0.6747778411482918
cadd,all_1_50,14.75,0.15000000000000036,10,99,0.4329726280945793,0.07801820061979209,0.6942048517520215,0.6942048517520215,0.21799900014063442,0.6983375208603333
cadd,all_1_50,14.76,0.15000000000000036,10,98,0.4373907161363607,0.07878731763498438,0.699872887395449,0.699872887395449,0.2200532136845408,0.7067577257994173
cadd,all_1_50,14.77,0.14000000000000057,8,94,0.3648024696286243,0.06513358545809443,0.630123885254549,0.630123885254549,0.16658531121545364,0.6133399512695202
cadd,all_1_50,14.78,0.14999999999999858,9,99,0.3896753652851214,0.08161943849058996,0.6192220052083333,0.6192220052083333,0.1888271833308633,0.6375151173668397
cadd,all_1_50,14.79,0.14999999999999858,9,96,0.4018527204502814,0.08457506154719438,0.6356442824189839,0.6356442824189839,0.19452945483337009,0.6578577914846565
cadd,all_1_50,14.8,0.14999999999999858,9,101,0.38195902141808924,0.08262671600833121,0.6028739582596453,0.6028739582596453,0.18502212427445466,0.6221361559867724
cadd,all_1_50,14.81,0.1399999999999988,9,95,0.4060827490866002,0.08823727238003966,0.6178983640107087,0.6178983640107087,0.19739689232957042,0.6654866387502988
cadd,all_1_50,14.82,0.14000000000000057,9,94,0.41040277833220234,0.09118172792750624,0.6187751744826001,0.6187751744826001,0.1989648392320148,0.672703223175242
cadd,all_1_50,14.83,0.15000000000000036,10,98,0.4373907161363607,0.1747993579454254,0.625235736563903,0.625235736563903,0.22233746349704023,0.6992450036061308
cadd,all_1_50,14.84,0.15000000000000036,9,97,0.3977099088992476,0.1746008423939661,0.5324375127006705,0.5324375127006705,0.1935284370542486,0.648810115859974
cadd,all_1_50,14.86,0.14000000000000057,8,93,0.3687250768289321,0.18267448176876788,0.47041316495023056,0.47041316495023056,0.17160817707707546,0.6178063455591551
cadd,all_1_50,14.88,0.14000000000000057,8,96,0.3572024181780279,0.17233739515746166,0.46160708153947655,0.46160708153947655,0.1656940445120888,0.595503522067061
cadd,all_1_50,14.89,0.14000000000000057,8,92,0.37273295809881174,0.18087726718461603,0.47854393274240603,0.47854393274240603,0.17291441742470448,0.6219128035361122
cadd,all_1_50,14.9,0.14000000000000057,9,91,0.4239325402552419,0.17994051553205553,0.5713084795321638,0.5713084795321638,0.2061540894256152,0.6936789976588754
cadd,all_1_50,14.91,0.14000000000000057,9,97,0.3977099088992476,0.16314606741573034,0.543910849060147,0.543910849060147,0.1928201387043628,0.6488835193985802
cadd,all_1_50,14.92,0.14000000000000057,9,97,0.3977099088992476,0.1568712186689715,0.5535794432407662,0.5535794432407662,0.19377381675507044,0.6500402180043748
cadd,all_1_50,14.93,0.14000000000000057,9,95,0.4060827490866002,0.20699802344937518,0.560998124050859,0.560998124050859,0.19601027739080468,0.6681881416668605
cadd,all_1_50,14.94,0.14000000000000057,10,94,0.45600308703578035,0.22781065088757393,0.6195349828069239,0.6195349828069239,0.22676712551444853,0.7328735195194978
cadd,all_1_50,14.95,0.13000000000000078,10,90,0.47626989090403726,0.23317877747495844,0.6498979195842544,0.6498979195842544,0.23809910629390307,0.7651608573862682
cadd,all_1_50,14.96,0.13000000000000078,10,93,0.46090634603616504,0.22189349112426032,0.6295180776690962,0.6295180776690962,0.22963155752619596,0.740773445306387
cadd,all_1_50,14.97,0.13000000000000078,11,93,0.5069969806397816,0.30492409828882433,0.6653270090496506,0.6653270090496506,0.26614978225250757,0.7970579686315347
cadd,all_1_50,14.98,0.129999999999999,13,90,0.6191508581752485,0.39458523857500843,0.8604931797097823,0.8604931797097823,0.3453903518640549,0.945585694498738
cadd,all_1_50,14.99,0.129999999999999,13,92,0.6056910569105692,0.3932810750279955,0.8375498245123821,0.8375498245123821,0.33849917332419416,0.9240684703883263
cadd,all_1_50,15.0,0.11999999999999922,12,89,0.577945485591416,0.3855085677509319,0.8390646151411549,0.8390646151411549,0.3126590330788804,0.8893710292468293
cadd,all_1_50,15.01,0.120000000000001,12,89,0.577945485591416,0.38114511020141895,0.8423119610688979,0.8423119610688979,0.31288973890672067,0.8966269693160366
cadd,all_1_50,15.02,0.11999999999999922,12,91,0.5652433870069892,0.3729376361938363,0.8268333453039335,0.8268333453039335,0.3068712682727678,0.8754048559959231
cadd,all_1_50,15.03,0.120000000000001,11,90,0.523896879994441,0.34227056323909416,0.7967619177979705,0.7967619177979705,0.27388487224161867,0.8198856421003127
cadd,all_1_50,15.04,0.129999999999999,11,96,0.49115332499478837,0.32522228209618753,0.7232829373650107,0.7232829373650107,0.25712184088885687,0.7670490215161938
cadd,all_1_50,15.05,0.129999999999999,13,96,0.5804539295392954,0.37742538001818415,0.8997533117058666,0.8997533117058666,0.32491754953632307,0.8836877982276755
cadd,all_1_50,15.06,0.120000000000001,12,91,0.5652433870069892,0.37529738302934185,0.8791527217762217,0.8791527217762217,0.3063315818494507,0.871335787609235
cadd,all_1_50,15.07,0.120000000000001,12,88,0.5845130479276821,0.3919807915082267,0.9030318735423685,0.9030318735423685,0.3159741808454528,0.9024910707986107
cadd,all_1_50,15.08,0.13000000000000078,13,92,0.6056910569105692,0.41763060246208394,0.9056541789563312,0.9056541789563312,0.3372206524971448,0.9208372472412416
cadd,all_1_50,15.09,0.13000000000000078,13,88,0.6332224685883223,0.43707604305335324,0.9378245614035088,0.9378245614035088,0.35417116510248453,0.9650720528982966
cadd,all_1_50,15.1,0.13000000000000078,13,89,0.6261076093907008,0.43804977398275136,0.8977024218992877,0.8977024218992877,0.35075690456692005,0.9592533504014038
cadd,all_1_50,15.11,0.13000000000000078,14,89,0.6742697331899854,0.46783380627422144,0.939049757621418,0.939049757621418,0.3845413472624196,1.0176979675530666
cadd,all_1_50,15.12,0.129999999999999,14,93,0.6452688844506311,0.43307819506994966,0.9085505875996217,0.9085505875996217,0.36975512133019556,0.9767532016026919
cadd,all_1_50,15.13,0.129999999999999,14,93,0.6452688844506311,0.43500774153642796,0.9153978179055319,0.9153978179055319,0.36506946751647085,0.9742501467212124
cadd,all_1_50,15.14,0.13000000000000078,14,91,0.6594506181748208,0.4505598211254201,0.9231262733518526,0.9231262733518526,0.37309433182308904,0.9937875899283688
cadd,all_1_50,15.15,0.13000000000000078,15,86,0.7476329682795934,0.4774613556048562,1.0599977751697824,1.0599977751697824,0.43235456575798475,1.1168930282157967
cadd,all_1_50,15.16,0.14000000000000057,15,91,0.7065542337587366,0.45635888637357797,0.997760592041712,0.997760592041712,0.4088074524506726,1.054939666503311
cadd,all_1_50,15.17,0.14000000000000057,15,88,0.7306413099096026,0.48164985473313254,1.028319008321063,1.028319008321063,0.4230611640820607,1.0941278543641832
cadd,all_1_50,15.18,0.14000000000000057,15,87,0.7390394858855751,0.49573608548105463,1.0275773653066618,1.0275773653066618,0.42735366214413084,1.1078564035550826
cadd,all_1_50,15.19,0.1399999999999988,14,93,0.6452688844506311,0.39325842696629215,0.9594666666666668,0.9594666666666668,0.36730212202873286,0.9699657708043058
cadd,all_1_50,15.2,0.1399999999999988,14,88,0.6819318892489624,0.41424164133619557,1.0316168731276818,1.0316168731276818,0.38794701575427337,1.030719022186489
cadd,all_1_50,15.21,0.1399999999999988,14,89,0.6742697331899854,0.42099920460536816,1.016879489225858,1.016879489225858,0.38306587539082054,1.0146997432424194
cadd,all_1_50,15.22,0.1399999999999988,13,94,0.5928040131465145,0.34609047686296657,0.9209696089660685,0.9209696089660685,0.32855236226433593,0.9007428860483637
cadd,all_1_50,15.23,0.1399999999999988,13,92,0.6056910569105692,0.3837634062322682,0.9299186239555834,0.9299186239555834,0.3368934731342972,0.9228011658243239
cadd,all_1_50,15.24,0.14000000000000057,13,90,0.6191508581752485,0.400973955858852,0.9333027531807393,0.9333027531807393,0.34408739828893703,0.9452112950524622
cadd,all_1_50,15.25,0.14000000000000057,12,89,0.577945485591416,0.3984308352506269,0.8719897549268278,0.8719897549268278,0.31243434912180174,0.9049704621158211
cadd,all_1_50,15.26,0.14000000000000057,12,89,0.577945485591416,0.40623772725158797,0.7821750658761528,0.7821750658761528,0.3125521159057744,0.9015904368074261
cadd,all_1_50,15.27,0.14000000000000057,12,89,0.577945485591416,0.40912049323377614,0.7557270077808308,0.7557270077808308,0.3132742066833367,0.9006622858301235
cadd,all_1_50,15.28,0.14999999999999858,12,93,0.5530876152433981,0.3905475193791636,0.7221163176990267,0.7221163176990267,0.3001513338295077,0.8594756991946803
cadd,all_1_50,15.29,0.14999999999999858,12,95,0.5414436654488002,0.3793144583146615,0.7165323701028063,0.7165323701028063,0.2938380433843229,0.8420294979821884
cadd,all_1_50,15.3,0.14000000000000057,12,89,0.577945485591416,0.3961153513824885,0.7797422339722405,0.7797422339722405,0.3132641838848867,0.897105805807902
cadd,all_1_50,15.31,0.14000000000000057,12,89,0.577945485591416,0.3908958475335124,0.7926082862523541,0.7926082862523541,0.3134767443539417,0.900672930092319
cadd,all_1_50,15.32,0.15000000000000036,12,92,0.5590994371482176,0.3819854435101542,0.7804544151882594,0.7804544151882594,0.3023249373195004,0.8661081077842911
cadd,all_1_50,15.33,0.15000000000000036,12,89,0.577945485591416,0.391845395983327,0.8208817443896228,0.8208817443896228,0.3134557014503055,0.8979527520936608
cadd,all_1_50,15.34,0.16000000000000014,12,93,0.5530876152433981,0.3820076635509604,0.7674228240519005,0.7674228240519005,0.3005470377735958,0.8598932530364614
cadd,all_1_50,15.35,0.16000000000000014,10,90,0.47626989090403726,0.3216519896223939,0.6155448734614414,0.6155448734614414,0.23651649269230177,0.7694761932418335
cadd,all_1_50,15.36,0.16000000000000014,11,93,0.5069969806397816,0.29903552330022914,0.7255097427765012,0.7255097427765012,0.25896293157187433,0.8016435717667455
cadd,all_1_50,15.37,0.15999999999999837,12,92,0.5590994371482176,0.3027014652014652,0.864684675886177,0.864684675886177,0.2947997889696771,0.8731135310550775
cadd,all_1_50,15.38,0.15999999999999837,12,93,0.5530876152433981,0.2966443773392787,0.8688750862663905,0.8688750862663905,0.2979779981731245,0.8635144395496815
cadd,all_1_50,15.39,0.16000000000000014,13,92,0.6056910569105692,0.29990095741168704,0.942488797017582,0.942488797017582,0.3325759200249947,0.9375649519931349
cadd,all_1_50,15.4,0.16000000000000014,13,89,0.6261076093907008,0.3097542814594192,0.9821049841533412,0.9821049841533412,0.3450415539935171,0.9669596654065916
cadd,all_1_50,15.41,0.16000000000000014,12,92,0.5590994371482176,0.302989545760225,0.910750677211315,0.910750677211315,0.3002345555610065,0.8659455974150096
cadd,all_1_50,15.43,0.16999999999999993,11,92,0.5125078173858661,0.23494389218152,0.8720411187990579,0.8720411187990579,0.2680215459112696,0.8053653859773188
cadd,all_1_50,15.44,0.16999999999999993,10,91,0.4710361558391577,0.1542434881097553,0.8959352640268594,0.8959352640268594,0.2354722448228267,0.7517857290964934
cadd,all_1_50,15.45,0.16999999999999993,10,93,0.46090634603616504,0.15161659513590842,0.8352875528035828,0.8352875528035828,0.2306631942901097,0.7329772925589589
cadd,all_1_50,15.47,0.16999999999999993,10,93,0.46090634603616504,0.19170930663700406,0.8145719489981785,0.8145719489981785,0.22903007488529056,0.7354721942436665
cadd,all_1_50,15.48,0.16999999999999993,10,93,0.46090634603616504,0.19170930663700406,0.8053427925665494,0.8053427925665494,0.22858738649923843,0.7318202084521617
cadd,all_1_50,15.49,0.16999999999999993,10,95,0.45120305454066684,0.18966984592809977,0.7678175019967494,0.7678175019967494,0.22392707796591532,0.7185968216696235
cadd,all_1_50,15.5,0.16999999999999993,10,96,0.4465030227225349,0.19170930663700406,0.7434247687063789,0.7434247687063789,0.2216329577034712,0.7108601677323546
cadd,all_1_50,15.51,0.16999999999999993,11,89,0.5297833617921314,0.2282839995006873,0.868971743775455,0.868971743775455,0.2759116281777816,0.8360254276418264
cadd,all_1_50,15.52,0.16999999999999993,12,91,0.5652433870069892,0.2875094545392429,0.8675352189186253,0.8675352189186253,0.3052721657631592,0.8810537278030929
cadd,all_1_50,15.53,0.16999999999999993,15,88,0.7306413099096026,0.4535989331693138,1.0463726667105464,1.0463726667105464,0.42535187248225753,1.1044613059955155
cadd,all_1_50,15.54,0.17999999999999972,16,95,0.721924887265067,0.4645075983988118,0.990803816708005,0.990803816708005,0.42797768106954587,1.0749247559450803
cadd,all_1_50,15.55,0.16999999999999993,15,85,0.7564286502593534,0.5320110295402684,0.9761774370208106,0.9761774370208106,0.44075649544449763,1.1482802375244179
cadd,all_1_50,15.56,0.16999999999999993,16,84,0.8164626701212068,0.5320110295402684,1.139746729024516,1.139746729024516,0.4864459401652324,1.222859339862735
cadd,all_1_50,15.57,0.16999999999999993,16,87,0.7883087849446134,0.4564577768543978,1.1190181764229505,1.1190181764229505,0.4667508035414514,1.1803464962783288
cadd,all_1_50,15.58,0.16999999999999993,16,86,0.7974751661648996,0.48932177642748637,1.032675189978561,1.032675189978561,0.47303155621757365,1.195080748751781
cadd,all_1_50,15.59,0.16000000000000014,16,84,0.8164626701212068,0.5056089743589743,1.0695652817234849,1.0695652817234849,0.48558438176670154,1.2252592563765505
cadd,all_1_50,15.6,0.16000000000000014,17,86,0.8473173640502059,0.5184891210368717,1.1363678315926526,1.1363678315926526,0.5113503634039382,1.2579752198970902
cadd,all_1_50,15.61,0.16000000000000014,16,84,0.8164626701212068,0.5104446455838766,1.044314381270903,1.044314381270903,0.48709717925251517,1.223632057734334
cadd,all_1_50,15.62,0.16999999999999993,18,87,0.8868473830626901,0.6274556342190817,1.0739926262227024,1.0739926262227024,0.5493580485877791,1.3105949770465413
cadd,all_1_50,15.63,0.15999999999999837,18,85,0.9077143803112239,0.6444885159280025,1.0937132118672441,1.0937132118672441,0.561609996328154,1.3465879799397518
cadd,all_1_50,15.64,0.16000000000000014,18,84,0.9185205038863576,0.6477529706837712,1.0730498644223891,1.0730498644223891,0.5676404726567855,1.3585890973971901
cadd,all_1_50,15.65,0.16000000000000014,18,85,0.9077143803112239,0.6469395494002071,1.0465136961935253,1.0465136961935253,0.5620825236400935,1.3454866833259256
cadd,all_1_50,15.66,0.16000000000000014,18,88,0.876769571891523,0.6343003412969284,1.0308532668789099,1.0308532668789099,0.5418330546536942,1.2981143823813979
cadd,all_1_50,15.67,0.15000000000000036,18,85,0.9077143803112239,0.6444545443760941,1.0893417213659085,1.0893417213659085,0.5607021839150229,1.3476767080034107
cadd,all_1_50,15.68,0.15000000000000036,18,83,0.9295870159813738,0.6435114697539411,1.1553212005223152,1.1553212005223152,0.5716593354478391,1.3773029383466635
cadd,all_1_50,15.69,0.15000000000000036,18,83,0.9295870159813738,0.649569418189456,1.1271304809809852,1.1271304809809852,0.5740846923592704,1.3717328817429761
cadd,all_1_50,15.7,0.15000000000000036,17,84,0.8674915870037823,0.6304770558836892,0.9848802401668626,0.9848802401668626,0.5252478694108,1.285626765760915
cadd,all_1_50,15.71,0.15000000000000036,16,84,0.8164626701212068,0.6043319590470463,0.8963153159426108,0.8963153159426108,0.49078505248047744,1.2224099411553349
cadd,all_1_50,15.72,0.15000000000000036,16,84,0.8164626701212068,0.6219097496233589,0.8871369556905143,0.8871369556905143,0.49005470316165506,1.2217590004987355
cadd,all_1_50,15.73,0.16000000000000014,17,93,0.7835407882614807,0.600690178313871,0.8670129333164974,0.8670129333164974,0.47777642893256617,1.155648550405085
cadd,all_1_50,15.74,0.15000000000000036,17,85,0.8572858036272671,0.6449479203943067,0.9506165413533835,0.9506165413533835,0.5219180993112096,1.2694392670229222
cadd,all_1_50,15.75,0.15000000000000036,17,85,0.8572858036272671,0.639098377332592,0.9659345129143787,0.9659345129143787,0.5226780795547515,1.27103404527303
cadd,all_1_50,15.76,0.15000000000000036,17,86,0.8473173640502059,0.6288475304223335,0.9382705946535734,0.9382705946535734,0.5168639507137698,1.2551225969491542
cadd,all_1_50,15.77,0.15000000000000036,17,84,0.8674915870037823,0.6352099416405844,0.9665654601396496,0.9665654601396496,0.5290415405151929,1.2863267194881047
cadd,all_1_50,15.78,0.15000000000000036,18,88,0.876769571891523,0.6761125034809246,0.9514660014380317,0.9514660014380317,0.5414244452822012,1.2882617630367557
cadd,all_1_50,15.79,0.14000000000000057,17,85,0.8572858036272671,0.5439291161754771,0.9812417745500125,0.9812417745500125,0.5232784856907168,1.268608612751328
cadd,all_1_50,15.8,0.14000000000000057,18,83,0.9295870159813738,0.5919550311707175,1.0703731530177811,1.0703731530177811,0.5735154788549794,1.3722713800684705
cadd,all_1_50,15.81,0.14000000000000057,20,82,1.0454704922283744,0.7515151515151515,1.2213539519108256,1.2213539519108256,0.6630096652822173,1.5210025305860058
cadd,all_1_50,15.82,0.15000000000000036,20,91,0.9420723116783154,0.6592243346007605,1.101567857594568,1.101567857594568,0.5982901446511956,1.3678972976124102
cadd,all_1_50,15.83,0.14000000000000057,19,87,0.9361166821217285,0.6671227731272804,1.0871786460962989,1.0871786460962989,0.5842089509558563,1.3743434343434342
cadd,all_1_50,15.84,0.14000000000000057,19,86,0.9470017598208182,0.6997095025765121,1.1012882185340016,1.1012882185340016,0.5940805448294884,1.3826722958716848
cadd,all_1_50,15.85,0.1399999999999988,17,87,0.8375780840036517,0.5812978754155224,1.0849241311796378,1.0849241311796378,0.5104131205568195,1.2391352036767243
cadd,all_1_50,15.86,0.1399999999999988,18,85,0.9077143803112239,0.618362905527854,1.1591014608549186,1.1591014608549186,0.5618637844775523,1.3401669983083897
cadd,all_1_50,15.87,0.14000000000000234,18,84,0.9185205038863576,0.6526825808481292,1.2044276306571389,1.2044276306571389,0.5647686545015178,1.3533532837181608
cadd,all_1_50,15.88,0.14000000000000057,17,86,0.8473173640502059,0.5880111677246935,1.0993966434513445,1.0993966434513445,0.5129181600955794,1.2564611751829828
cadd,all_1_50,15.89,0.14000000000000057,16,84,0.8164626701212068,0.5683927109334861,1.06608413568836,1.06608413568836,0.4874545174104498,1.2198085790715132
cadd,all_1_50,15.9,0.15000000000000036,17,87,0.8375780840036517,0.6107740607963345,1.0435233672562,1.0435233672562,0.5093717099218006,1.2392959372988404
cadd,all_1_50,15.91,0.15000000000000036,15,91,0.7065542337587366,0.515457343887423,0.902160699409578,0.902160699409578,0.41363909049543585,1.0697150195587128
cadd,all_1_50,15.92,0.15000000000000036,14,90,0.6667778472656521,0.5020242914979758,0.8677326924854423,0.8677326924854423,0.38256671566933964,1.0109203720499325
cadd,all_1_50,15.93,0.14000000000000057,13,88,0.6332224685883223,0.45021630966814247,0.8448440167195395,0.8448440167195395,0.356067591257049,0.9721551344571648
cadd,all_1_50,15.94,0.1399999999999988,12,90,0.5715238690848446,0.40106260769672597,0.7702586206896551,0.7702586206896551,0.3153862684719053,0.8879119430228399
cadd,all_1_50,15.95,0.1399999999999988,12,92,0.5590994371482176,0.3992957746478873,0.7249492900608518,0.7249492900608518,0.30759241151190303,0.8679744613999745
cadd,all_1_50,15.97,0.1399999999999988,13,93,0.5991782498470146,0.41301024253342994,0.8408689519431591,0.8408689519431591,0.3365457797217415,0.9166347101512352
cadd,all_1_50,15.98,0.13000000000000078,11,89,0.5297833617921314,0.34895715664504884,0.8422471888374642,0.8422471888374642,0.27664469287902066,0.83834943608299
cadd,all_1_50,15.99,0.13000000000000078,11,90,0.523896879994441,0.3418414606313761,0.8503235755111767,0.8503235755111767,0.27402242312247743,0.8279962747824974
cadd,all_1_50,16.0,0.129999999999999,12,90,0.5715238690848446,0.33500694077926746,1.0251413990738403,1.0251413990738403,0.30830956418019373,0.8879488858173459
cadd,all_1_50,16.01,0.129999999999999,12,93,0.5530876152433981,0.32126288659793817,0.9777999393365879,0.9777999393365879,0.29797508778888715,0.8600995652239409
cadd,all_1_50,16.02,0.129999999999999,12,94,0.5472037044429364,0.3142429313639092,0.9669379788845758,0.9669379788845758,0.2950711159902166,0.8493662751454892
cadd,all_1_50,16.03,0.14000000000000057,15,98,0.6560860742045411,0.3637926865310728,1.0597812879708386,1.0597812879708386,0.3820354045458488,0.9834730578667069
cadd,all_1_50,16.04,0.13000000000000256,14,89,0.6742697331899854,0.35451988207253754,1.1294650234852412,1.1294650234852412,0.38197334923141374,1.0277345841275736
cadd,all_1_50,16.05,0.129999999999999,15,91,0.7065542337587366,0.3368238793912797,1.1746255417155078,1.1746255417155078,0.4102529811287361,1.067331502762973
cadd,all_1_50,16.06,0.129999999999999,15,90,0.7144048363560559,0.33076106095816066,1.2247307821994389,1.2247307821994389,0.4146621807729973,1.0793210844850856
cadd,all_1_50,16.07,0.14000000000000057,16,91,0.7536578493426523,0.3676603840995347,1.2655687029151654,1.2655687029151654,0.447194169257615,1.1304877439578012
cadd,all_1_50,16.08,0.14000000000000057,15,86,0.7476329682795934,0.3714669853525284,1.2758369953526603,1.2758369953526603,0.432353977467403,1.1321159207314284
cadd,all_1_50,16.09,0.14000000000000057,14,86,0.697790770394287,0.34995394349395226,1.2012751057082454,1.2012751057082454,0.3981945253348864,1.0689156622455687
cadd,all_1_50,16.1,0.14999999999999858,15,92,0.6988742964352721,0.38082845729251275,1.163528842153312,1.163528842153312,0.40600347629931544,1.0466878326072417
cadd,all_1_50,16.11,0.14000000000000057,13,90,0.6191508581752485,0.3639966624947852,0.9572146872380252,0.9572146872380252,0.3431722133064721,0.9497636736170836
cadd,all_1_50,16.12,0.14000000000000057,14,86,0.697790770394287,0.44881291288781083,1.0830541904857418,1.0830541904857418,0.39955776686626276,1.0640292234005408
cadd,all_1_50,16.13,0.14999999999999858,15,87,0.7390394858855751,0.5067725067725067,1.1038510401883401,1.1038510401883401,0.4350135422497127,1.1145714538796618
cadd,all_1_50,16.14,0.14999999999999858,16,87,0.7883087849446134,0.4559607544464854,1.414036218082577,1.414036218082577,0.4672914234485372,1.184008943933234
cadd,all_1_50,16.15,0.14999999999999858,16,87,0.7883087849446134,0.5058219096870512,1.292742112591883,1.292742112591883,0.4705859651676558,1.1853284742894103
cadd,all_1_50,16.16,0.14999999999999858,15,91,0.7065542337587366,0.421819303680048,1.2314089237166161,1.2314089237166161,0.412600926695609,1.070344499671625
cadd,all_1_50,16.17,0.14999999999999858,14,91,0.6594506181748208,0.3759873617693522,1.2030548413094369,1.2030548413094369,0.3769947522819929,1.010823091100241
cadd,all_1_50,16.18,0.14999999999999858,14,94,0.6384043218500925,0.3573682932750668,1.1921872873281611,1.1921872873281611,0.36479895223080716,0.9770039373138567
cadd,all_1_50,16.19,0.13999999999999702,14,90,0.6667778472656521,0.3737576483537829,1.2432786466126753,1.2432786466126753,0.3796684397674602,1.0263478907938806
cadd,all_1_50,16.2,0.14000000000000057,13,89,0.6261076093907008,0.31371631371631375,1.2740522325189552,1.2740522325189552,0.3460998938393003,0.9707186344319444
cadd,all_1_50,16.21,0.14000000000000057,14,88,0.6819318892489624,0.3829201887884444,1.320911716988607,1.320911716988607,0.38942371021567596,1.0391535094255566
cadd,all_1_50,16.22,0.14999999999999858,15,90,0.7144048363560559,0.39779256950183406,1.4280197382535935,1.4280197382535935,0.4135475518957358,1.0817769200909069
cadd,all_1_50,16.23,0.15000000000000213,16,88,0.7793507305702427,0.40856630918273557,1.4857216362233083,1.4857216362233083,0.4610173609109493,1.1655681363331647
cadd,all_1_50,16.24,0.15000000000000213,17,91,0.8007614649265682,0.4487613741131198,1.4671476177529814,1.4671476177529814,0.4870815293406551,1.1829256726755817
cadd,all_1_50,16.25,0.14999999999999858,18,90,0.857285803627267,0.4470309926474049,1.6541812263654203,1.6541812263654203,0.5275321123007496,1.2637447293252746
cadd,all_1_50,16.26,0.14999999999999858,18,91,0.8478650805104838,0.4547448591012947,1.5360877085752478,1.5360877085752478,0.5185200032569399,1.2470030735078301
cadd,all_1_50,16.27,0.14000000000000057,18,83,0.9295870159813738,0.48829286190294346,1.7329870377430423,1.7329870377430423,0.5684298044333336,1.3716613623677196
cadd,all_1_50,16.28,0.14999999999999858,18,86,0.8971595619355119,0.47369256156384865,1.6577843925111329,1.6577843925111329,0.5480066478444565,1.320571659935251
cadd,all_1_50,16.29,0.14999999999999858,18,86,0.8971595619355119,0.5262422627235213,1.5258912714157054,1.5258912714157054,0.5505846689313211,1.323481894725938
cadd,all_1_50,16.3,0.15000000000000213,18,84,0.9185205038863576,0.5402138062290062,1.5947414167753151,1.5947414167753151,0.5621982921655932,1.351462440602158
cadd,all_1_50,16.31,0.15000000000000213,18,85,0.9077143803112239,0.5199408725145114,1.5837641506932847,1.5837641506932847,0.558245053282132,1.3359395905564286
cadd,all_1_50,16.32,0.14999999999999858,17,87,0.8375780840036517,0.49628850626770354,1.473038982081586,1.473038982081586,0.5044684856744186,1.2505534646662133
cadd,all_1_50,16.33,0.15000000000000213,15,88,0.7306413099096026,0.4458599622392797,1.231212793240704,1.231212793240704,0.4225056789307302,1.1013612422635413
cadd,all_1_50,16.34,0.16000000000000014,15,89,0.72243185698927,0.4442504743833017,1.2130444620219956,1.2130444620219956,0.41881598773443096,1.0907299872023266
cadd,all_1_50,16.35,0.16000000000000014,14,86,0.697790770394287,0.4521036655357507,1.2123209532260109,1.2123209532260109,0.39924933980976524,1.0621481134578563
cadd,all_1_50,16.36,0.16000000000000014,14,88,0.6819318892489624,0.4547448591012947,1.104528798271164,1.104528798271164,0.39131490461010693,1.0432986536107711
cadd,all_1_50,16.37,0.15000000000000213,13,87,0.6405008877674985,0.39068549518376516,1.0996977427003598,1.0996977427003598,0.3577503308248341,0.989616409604832
cadd,all_1_50,16.38,0.15000000000000213,15,85,0.7564286502593534,0.45899043145283336,1.2692440505309202,1.2692440505309202,0.43760156210146656,1.143766247424138
cadd,all_1_50,16.39,0.14999999999999858,18,89,0.8669182283871241,0.5364944871967982,1.4107429347155376,1.4107429347155376,0.5281223012195816,1.2752816614699602
cadd,all_1_50,16.4,0.14000000000000057,17,83,0.8779432928712976,0.5032054192470443,1.4464168310322156,1.4464168310322156,0.5247831011658026,1.3083135082957222
cadd,all_1_50,16.41,0.14999999999999858,18,89,0.8669182283871241,0.5271486770632557,1.3688728846048523,1.3688728846048523,0.5278706809246304,1.2774395627647166
cadd,all_1_50,16.42,0.14000000000000057,16,84,0.8164626701212068,0.4500773898729823,1.3040705577221068,1.3040705577221068,0.47866087204916563,1.2285080429586488
cadd,all_1_50,16.43,0.14000000000000057,16,84,0.8164626701212068,0.4500773898729823,1.3040705577221068,1.3040705577221068,0.4796210900927882,1.229443077071567
cadd,all_1_50,16.44,0.14999999999999858,17,88,0.828060151230883,0.4381493147656941,1.3118642081179417,1.3118642081179417,0.4898732929816173,1.2281173867200608
cadd,all_1_50,16.45,0.14999999999999858,15,89,0.72243185698927,0.36490572758904244,1.0728331128331128,1.0728331128331128,0.41665456407303075,1.0892038006564622
cadd,all_1_50,16.46,0.14999999999999858,14,91,0.6594506181748208,0.33771642999501744,0.9530537378544516,0.9530537378544516,0.36996349999584144,1.0040643808426173
cadd,all_1_50,16.47,0.14999999999999858,14,86,0.697790770394287,0.3737818013895145,0.9944908568916018,0.9944908568916018,0.39178848789401555,1.0640534393797132
cadd,all_1_50,16.48,0.16000000000000014,14,88,0.6819318892489624,0.3581080592460227,0.9837974068174984,0.9837974068174984,0.3829500564830597,1.0370466910239597
cadd,all_1_50,16.5,0.1700000000000017,15,93,0.6913595190542476,0.3329373271283018,1.03903785488959,1.03903785488959,0.39882136105302457,1.0375385291706416
cadd,all_1_50,16.51,0.16000000000000014,15,86,0.7476329682795934,0.35757566500013455,1.1420254012417241,1.1420254012417241,0.4308252164686264,1.1267977973891552
cadd,all_1_50,16.52,0.16999999999999815,17,90,0.8096588145368634,0.4957677573253941,1.145118100138457,1.145118100138457,0.485351250938349,1.192218019365533
cadd,all_1_50,16.53,0.16999999999999815,18,87,0.8868473830626901,0.5102539434805673,1.2829563840944749,1.2829563840944749,0.5447780386296021,1.3024291330436581
cadd,all_1_50,16.54,0.16000000000000014,17,85,0.8572858036272671,0.4708034669069084,1.248242031102712,1.248242031102712,0.5198360817526256,1.2723360899585408
cadd,all_1_50,16.55,0.16000000000000014,17,84,0.8674915870037823,0.5459463661095997,1.1858041958041958,1.1858041958041958,0.5198788668628357,1.2949179309647283
cadd,all_1_50,16.56,0.16999999999999815,18,85,0.9077143803112239,0.581398783508852,1.230836594839849,1.230836594839849,0.5534310132390482,1.3374644452325175
cadd,all_1_50,16.57,0.17999999999999972,19,90,0.9049127927176708,0.5526798621149783,1.2764234572110467,1.2764234572110467,0.5615695115221788,1.3239934801762792
cadd,all_1_50,16.58,0.17999999999999972,18,84,0.9185205038863576,0.546337832089408,1.3178941022807191,1.3178941022807191,0.5612458880935615,1.3553395449956305
cadd,all_1_50,16.59,0.17999999999999972,19,82,0.9931969676169559,0.630270092226614,1.3506318701861961,1.3506318701861961,0.615667623833453,1.4501578676857134
cadd,all_1_50,16.6,0.18999999999999773,22,87,1.0839245792988434,0.7219097948797437,1.4379916155488668,1.4379916155488668,0.6957766349845015,1.5554368514979358
cadd,all_1_50,16.61,0.17999999999999972,21,81,1.1112964121094202,0.7972858354537744,1.3975523344241865,1.3975523344241865,0.709863604172585,1.6053818589650348
cadd,all_1_50,16.63,0.18999999999999773,21,85,1.0590001103630946,0.7810457516339869,1.296356413651702,1.296356413651702,0.6755086745969354,1.5252149114787572
cadd,all_1_50,16.64,0.17999999999999972,20,81,1.0583775353423048,0.7194240004702488,1.3436298925042578,1.3436298925042578,0.6698149402054111,1.5407673147746674
cadd,all_1_50,16.65,0.17999999999999972,22,81,1.1642152888765354,0.8023715415019763,1.4771657126276079,1.4771657126276079,0.7567193626048748,1.666804794465246
cadd,all_1_50,16.66,0.17999999999999972,22,79,1.19368909365822,0.8326233795781836,1.4917611444174037,1.4917611444174037,0.775326240573203,1.7127271187419515
cadd,all_1_50,16.67,0.18999999999999773,25,82,1.306838115285468,0.9023696682464454,1.6960740592325096,1.6960740592325096,0.8635355114442153,1.846772947080967
cadd,all_1_50,16.68,0.17999999999999972,25,77,1.3916977331611478,0.9300158138224899,1.9286775631500743,1.9286775631500743,0.9195432438617993,1.9785926850015711
cadd,all_1_50,16.69,0.1700000000000017,25,75,1.4288096727121116,0.9300158138224899,1.9941002949852507,1.9941002949852507,0.9432709362548648,2.0377499945299395
cadd,all_1_50,16.7,0.1700000000000017,26,74,1.5060426279938477,1.0357465637416146,2.1065412871316944,2.1065412871316944,1.0030870858268868,2.1375287954271065
cadd,all_1_50,16.71,0.1700000000000017,24,76,1.3536091636220005,0.9278266091608887,1.9424979276043106,1.9424979276043106,0.8853962047574897,1.9409065339050557
cadd,all_1_50,16.72,0.17999999999999972,26,82,1.359111639896887,0.9289127897115604,1.9380183902783283,1.9380183902783283,0.9051592877088469,1.9169888939556343
cadd,all_1_50,16.74,0.18999999999999773,23,82,1.2022910660626307,0.7351642343441139,1.831727937585889,1.831727937585889,0.7790136156141991,1.7238125149557313
cadd,all_1_50,16.75,0.19000000000000128,22,79,1.19368909365822,0.726389533767631,1.8825260060943576,1.8825260060943576,0.7651376639967902,1.7234894865649975
cadd,all_1_50,16.76,0.1999999999999993,22,81,1.1642152888765354,0.7128930665021209,1.7880861470274445,1.7880861470274445,0.7477301295842057,1.6767714708333785
cadd,all_1_50,16.77,0.19000000000000128,22,78,1.2089927999871715,0.7452827122867104,1.8924295229117918,1.8924295229117918,0.7738510539625333,1.7472525495749178
cadd,all_1_50,16.78,0.19000000000000128,21,79,1.1394304984919374,0.7251000923929781,1.7638076226641295,1.7638076226641295,0.727582121401142,1.6504862712955983
cadd,all_1_50,16.79,0.1999999999999993,21,81,1.1112964121094202,0.7149359294883321,1.7275609158488099,1.7275609158488099,0.7131980627286646,1.6084574528248463
cadd,all_1_50,16.81,0.2099999999999973,23,81,1.2171341656436507,0.7914386816827549,1.8959271635752861,1.8959271635752861,0.7904401552260878,1.742937097690088
cadd,all_1_50,16.82,0.21000000000000085,25,79,1.3564648791570681,0.9074689098027021,2.0234375,2.0234375,0.8951908311358334,1.9359607769808893
cadd,all_1_50,16.83,0.20000000000000284,25,75,1.4288096727121116,0.9600252525252526,2.117527739434564,2.117527739434564,0.940192884898362,2.0414326348020557
cadd,all_1_50,16.85,0.1999999999999993,26,76,1.4664099272571673,1.0322564296792536,2.0048722102672887,2.0048722102672887,0.976074842851279,2.0862423376177057
cadd,all_1_50,16.86,0.1999999999999993,26,77,1.4473656424875938,1.019209345220937,1.9540345552709373,1.9540345552709373,0.9626671086857196,2.0523640079934515
cadd,all_1_50,16.87,0.1999999999999993,26,75,1.4859620596205965,1.0539839658299293,2.0494440706901917,2.0494440706901917,0.9899527429628109,2.114938532435167
cadd,all_1_50,16.88,0.2099999999999973,27,77,1.5030335518140396,1.098007098007098,2.0121665786387792,2.0121665786387792,1.007011924753701,2.1352450238451803
cadd,all_1_50,16.89,0.21000000000000085,28,77,1.5587014611404855,1.1755734852080368,1.9997446314567617,1.9997446314567617,1.0568649971873703,2.213067636736547
cadd,all_1_50,16.9,0.2099999999999973,31,75,1.7717239941630187,1.2594787300669652,2.5354782100029247,2.5354782100029247,1.2265048009931796,2.475265406286598
cadd,all_1_50,16.91,0.1999999999999993,28,72,1.6669446181641303,1.0883879827176206,2.547546679279777,2.547546679279777,1.1216198142968798,2.3586849556836915
cadd,all_1_50,16.93,0.19000000000000128,27,73,1.5853915546531652,1.06675,2.2968375016762277,2.2968375016762277,1.0528795500266641,2.254386755468553
cadd,all_1_50,16.94,0.18999999999999773,28,75,1.6002668334375652,1.061797800791315,2.4100365797896663,2.4100365797896663,1.081025857419226,2.260322425111581
cadd,all_1_50,16.96,0.18999999999999773,29,74,1.679816777377753,1.1614882312821917,2.4589632829373653,2.4589632829373653,1.1391554082757795,2.3649122934188616
cadd,all_1_50,16.97,0.18999999999999773,27,73,1.5853915546531652,1.0520857355964317,2.4706411228629186,2.4706411228629186,1.063290262868473,2.2466829361459477
cadd,all_1_50,16.98,0.1999999999999993,28,76,1.579210690892334,1.0583795871101704,2.34673388121664,2.34673388121664,1.0734337481034983,2.221544334641475
cadd,all_1_50,16.99,0.1999999999999993,27,77,1.5030335518140396,1.0049162011173185,2.1479222420105537,2.1479222420105537,1.0184262408511149,2.1151922111711805
cadd,all_1_50,17.0,0.19000000000000128,26,74,1.5060426279938477,1.046787709497207,2.105757845926431,2.105757845926431,1.0121365756662888,2.129079040098156
cadd,all_1_50,17.01,0.19000000000000128,28,73,1.64410976038106,1.0886830309935993,2.3700157779536126,2.3700157779536126,1.1197572368245452,2.3148159176595544
cadd,all_1_50,17.02,0.1999999999999993,32,75,1.828876381071503,1.2599557661637706,2.542311886586696,2.542311886586696,1.2700514378981895,2.5292815692771353
cadd,all_1_50,17.03,0.1999999999999993,34,73,1.99641899474843,1.4040090761402235,2.612087693168774,2.612087693168774,1.3960193903789628,2.772009847080361
cadd,all_1_50,17.04,0.19000000000000128,32,69,1.9879091098603294,1.4579332230147446,2.57150664034458,2.57150664034458,1.3644497661779884,2.7868834037534826
cadd,all_1_50,17.05,0.19000000000000128,31,70,1.8982757080318056,1.405198169293072,2.38725556813892,2.38725556813892,1.303622227614044,2.6665624535804406
cadd,all_1_50,17.06,0.1999999999999993,32,74,1.8535909267616586,1.3181818181818183,2.4398746780575418,2.4398746780575418,1.279898401343791,2.5844748211293607
cadd,all_1_50,17.07,0.1999999999999993,30,75,1.7145716072545343,1.089291199538135,2.4507018196815133,2.4507018196815133,1.1759873222846995,2.40855432539356
cadd,all_1_50,17.09,0.1999999999999993,31,70,1.8982757080318056,1.1607061980519755,2.869107959163948,2.869107959163948,1.3047837518507603,2.6658387860939605
cadd,all_1_50,17.1,0.20000000000000284,31,69,1.9257869501771943,1.1638365783594,2.798360155981209,2.798360155981209,1.320005760629795,2.711015082606296
cadd,all_1_50,17.11,0.1999999999999993,32,71,1.9319116701459538,1.2025111986122712,2.7499637324733848,2.7499637324733848,1.334350132088511,2.7041142062611825
cadd,all_1_50,17.12,0.1999999999999993,34,69,2.1121534292266,1.3439161955013388,2.89067310942343,2.89067310942343,1.4653839291064825,2.930052230492969
cadd,all_1_50,17.13,0.19000000000000128,34,67,2.1752027853229166,1.370046035979411,2.9945223909283105,2.9945223909283105,1.5107270280983354,3.029071050462812
cadd,all_1_50,17.14,0.17999999999999972,34,66,2.2081604032823545,1.388303880374163,3.0313414913854744,3.0313414913854744,1.5312734939805643,3.072965040681546
cadd,all_1_50,17.15,0.17999999999999972,35,65,2.308077163611873,1.5077715375260348,3.1374666143466534,3.1374666143466534,1.6062014400195257,3.222166305677821
cadd,all_1_50,17.17,0.17999999999999972,39,64,2.6120426829268295,1.764864946981436,3.4224109271554632,3.4224109271554632,1.857000610597194,3.619774508695549
cadd,all_1_50,17.18,0.1700000000000017,38,63,2.585465122050488,1.7575093056006408,3.317000057646855,3.317000057646855,1.8320725589545666,3.5837253255309225
cadd,all_1_50,17.19,0.16999999999999815,39,65,2.571857410881801,1.8528869778869779,3.2190978025266195,3.2190978025266195,1.8235713575625254,3.5519932592569954
cadd,all_1_50,17.2,0.16999999999999815,41,65,2.703747534516765,1.956871953921134,3.3022972130709647,3.3022972130709647,1.9234230721644112,3.734923683688157
cadd,all_1_50,17.21,0.16000000000000014,38,62,2.6271661724061413,1.8242424242424242,3.3433798037989373,3.3433798037989373,1.8376698990397617,3.6655000673697837
cadd,all_1_50,17.22,0.16000000000000014,38,63,2.585465122050488,1.7547229219143576,3.360609033069297,3.360609033069297,1.8046614630574676,3.594179632724907
cadd,all_1_50,17.23,0.16000000000000014,39,61,2.7405037984806078,1.8856628826344908,3.6433265314621246,3.6433265314621246,1.934669639521249,3.8158083661684765
cadd,all_1_50,17.24,0.16000000000000014,40,62,2.7654380762169906,1.8812158986218845,3.618730689163467,3.618730689163467,1.9583982248059744,3.8299442897617575
cadd,all_1_50,17.25,0.16000000000000014,41,63,2.7895807895807896,2.012696784607666,3.5863417435162237,3.5863417435162237,1.9834351341200653,3.857568868484333
cadd,all_1_50,17.26,0.16000000000000014,40,62,2.7654380762169906,2.040637308937682,3.4841839171274427,3.4841839171274427,1.959987479839595,3.8241950835596374
cadd,all_1_50,17.27,0.16999999999999815,41,67,2.623038652889399,1.9376595847184082,3.2971733796638643,3.2971733796638643,1.8751177726350927,3.5922045652589523
cadd,all_1_50,17.29,0.17999999999999972,39,66,2.532889874353289,1.8920549235652862,3.220385803427665,3.220385803427665,1.7972709603985002,3.485684522390402
cadd,all_1_50,17.3,0.17999999999999972,36,68,2.26928595077806,1.5425194538820484,2.9352752880921895,2.9352752880921895,1.594075581537385,3.1322725633460236
cadd,all_1_50,17.31,0.17999999999999972,38,64,2.5450672295184495,1.8428731762065096,3.144158375017048,3.144158375017048,1.798048213188164,3.5123397836273025
cadd,all_1_50,17.32,0.19000000000000128,39,68,2.4583931133428982,1.789900452086342,2.9556527760979416,2.9556527760979416,1.7458694920363023,3.3729362749333713
cadd,all_1_50,17.33,0.18999999999999773,38,69,2.3606420679591413,1.7273760672490484,2.849255952380952,2.849255952380952,1.6729443195114817,3.233938867470186
cadd,all_1_50,17.34,0.17999999999999972,37,65,2.4399672872468368,1.7504950838713929,3.1226343350789594,3.1226343350789594,1.713233497260789,3.3649554045002326
cadd,all_1_50,17.35,0.1700000000000017,36,64,2.4111163227016887,1.71174420737299,3.197503303111759,3.197503303111759,1.6834184308817308,3.3449844720058155
cadd,all_1_50,17.36,0.1700000000000017,36,64,2.4111163227016887,1.7385105573521018,3.0938632581436343,3.0938632581436343,1.6808780619049275,3.346050523492747
cadd,all_1_50,17.37,0.17999999999999972,37,67,2.367132442851409,1.6599732262382862,2.9887765219115603,2.9887765219115603,1.6643456546590718,3.268450808787195
cadd,all_1_50,17.38,0.17999999999999972,38,68,2.395357392487952,1.7395246629117598,2.9943992147352616,2.9943992147352616,1.6955431008471347,3.2998224721834246
cadd,all_1_50,17.39,0.1700000000000017,35,66,2.2731062974965415,1.5124551854810249,2.931862084456424,2.931862084456424,1.585638534183751,3.163471091863465
cadd,all_1_50,17.4,0.1700000000000017,32,69,1.9879091098603294,1.363144505192254,2.581403982106076,2.581403982106076,1.3730491177934807,2.7833824026542087
cadd,all_1_50,17.41,0.17999999999999972,33,71,1.9922839098380147,1.3400957661290323,2.5993212197159563,2.5993212197159563,1.38307893898077,2.7676006748411908
cadd,all_1_50,17.42,0.17999999999999972,31,70,1.8982757080318056,1.3817294973544973,2.437223489330497,2.437223489330497,1.306704539576479,2.6580128057462464
cadd,all_1_50,17.43,0.17999999999999972,31,71,1.8715394304538928,1.341156390014935,2.441098944891565,2.441098944891565,1.2894872721414283,2.612169339719896
cadd,all_1_50,17.44,0.17999999999999972,32,73,1.8789825832926401,1.4252083598260927,2.370085379993675,2.370085379993675,1.3125208959759451,2.6130132661152814
cadd,all_1_50,17.46,0.17999999999999972,32,69,1.9879091098603294,1.409447209787478,2.580980646449109,2.580980646449109,1.381438423356192,2.7781439377415476
cadd,all_1_50,17.47,0.17999999999999972,34,70,2.081979808809077,1.4835994490357396,2.8014726388856417,2.8014726388856417,1.4548398596352012,2.9002512316662483
cadd,all_1_50,17.48,0.17999999999999972,33,71,1.9922839098380147,1.3260158601751115,2.8945275789778067,2.8945275789778067,1.3814921459320515,2.7699836382937972
cadd,all_1_50,17.49,0.17999999999999972,32,70,1.959510408290896,1.396460822953296,2.734612690581565,2.734612690581565,1.3494227930639062,2.7426769081112647
cadd,all_1_50,17.5,0.19000000000000128,35,71,2.113028389222137,1.5553004487706044,2.853075268817204,2.853075268817204,1.4796782363124665,2.927295918367347
cadd,all_1_50,17.51,0.19000000000000128,35,67,2.239179337832414,1.6499899080569957,3.0038569452066444,3.0038569452066444,1.5672555060345001,3.1116003666255683
cadd,all_1_50,17.52,0.19000000000000128,33,67,2.1112262328134186,1.4604344861557033,2.8721906648140467,2.8721906648140467,1.4677876781017447,2.9502892748351224
cadd,all_1_50,17.53,0.19000000000000128,33,67,2.1112262328134186,1.4395532023921835,2.9461296816406946,2.9461296816406946,1.4713713807078976,2.9531950047807944
cadd,all_1_50,17.54,0.19000000000000128,34,66,2.2081604032823545,1.483373680351261,3.1478011683015534,3.1478011683015534,1.5413039305018894,3.0916447684151636
cadd,all_1_50,17.55,0.1999999999999993,34,67,2.1752027853229166,1.4622493784567605,3.1209589415974603,3.1209589415974603,1.5211721397111737,3.0380717723020836
cadd,all_1_50,17.56,0.20000000000000284,32,68,2.0171430673582753,1.369677927023747,3.0666201011832954,3.0666201011832954,1.397490663289909,2.8168542031276407
cadd,all_1_50,17.57,0.21000000000000085,32,70,1.959510408290896,1.3419407278825906,2.9472222222222224,2.9472222222222224,1.3596036055749838,2.7298962939581366
cadd,all_1_50,17.58,0.21999999999999886,33,70,2.0207451085499866,1.4379666428321998,2.9908001115138,2.9908001115138,1.408117016893284,2.8105580677084787
cadd,all_1_50,17.59,0.23000000000000043,33,72,1.9646132999791537,1.382876538459509,2.9469566712517192,2.9469566712517192,1.3722675834606384,2.7261663403825995
cadd,all_1_50,17.6,0.23000000000000043,33,69,2.0500312695434646,1.4418181139040491,3.100451970208161,3.100451970208161,1.4202529484618305,2.853217025222022
cadd,all_1_50,17.61,0.23999999999999844,34,72,2.0241470363421583,1.4486584040386654,2.9482884195193013,2.9482884195193013,1.4137382594544328,2.8007249784510124
cadd,all_1_50,17.62,0.23000000000000043,32,68,2.0171430673582753,1.421990840060268,2.9399259054229567,2.9399259054229567,1.3894428851255767,2.8183554608174672
cadd,all_1_50,17.63,0.23000000000000043,31,69,1.9257869501771943,1.3497641570825543,2.7821013161922252,2.7821013161922252,1.3261302908406212,2.6912493809845546
cadd,all_1_50,17.64,0.23000000000000043,30,71,1.8111671907618319,1.2214714457211455,2.7395445920303607,2.7395445920303607,1.2409401500282644,2.538164647812399
cadd,all_1_50,17.65,0.23000000000000043,29,71,1.7507949510697705,1.224460797408818,2.5184954865643876,2.5184954865643876,1.1892096436775865,2.455342195326321
cadd,all_1_50,17.66,0.23000000000000043,29,71,1.7507949510697705,1.2002047887223326,2.5431829573934834,2.5431829573934834,1.187332106968712,2.4635446589202514
cadd,all_1_50,17.67,0.23999999999999844,30,74,1.7377414938390552,1.1770565980341832,2.4990787465618434,2.4990787465618434,1.184384908726664,2.4286767557236613
cadd,all_1_50,17.68,0.23999999999999844,29,73,1.702827966108955,1.1359266409266409,2.541062918089074,2.541062918089074,1.1650075333620318,2.4021456727642643
cadd,all_1_50,17.69,0.23999999999999844,31,70,1.8982757080318056,1.3019104639781935,2.769105658407293,2.769105658407293,1.3115937396225925,2.665901756720623
cadd,all_1_50,17.7,0.23999999999999844,31,72,1.8455458272531444,1.2622953362257305,2.692781954887218,2.692781954887218,1.2703539900444447,2.5882792493172166
cadd,all_1_50,17.71,0.23000000000000043,31,69,1.9257869501771943,1.3172671986684115,2.914582331248998,2.914582331248998,1.3266439494954312,2.717366379089486
cadd,all_1_50,17.72,0.23999999999999844,32,70,1.959510408290896,1.38008326376327,2.878108941418294,2.878108941418294,1.3544831242666426,2.7425809808477974
cadd,all_1_50,17.73,0.25,32,72,1.905079563616149,1.3527027208418905,2.8249028749028744,2.8249028749028744,1.3184242681219156,2.6562294034124587
cadd,all_1_50,17.74,0.25,32,69,1.9879091098603294,1.3500981423478107,3.0400935688608333,3.0400935688608333,1.3743960316027597,2.7886732480527585
cadd,all_1_50,17.76,0.25,31,70,1.8982757080318056,1.3212393522418795,2.8351683084865402,2.8351683084865402,1.298743982475113,2.6721626924538757
cadd,all_1_50,17.77,0.259999999999998,31,72,1.8455458272531444,1.3046635814423693,2.735564081394784,2.735564081394784,1.265538419016031,2.588288520267389
cadd,all_1_50,17.78,0.26000000000000156,32,70,1.959510408290896,1.4448596075024502,2.8220610321647377,2.8220610321647377,1.3494219033280002,2.74877300175741
cadd,all_1_50,17.8,0.259999999999998,33,70,2.0207451085499866,1.495968560028254,2.8460151945908723,2.8460151945908723,1.393606183423517,2.8213219714156126
cadd,all_1_50,17.81,0.259999999999998,33,69,2.0500312695434646,1.5261358545728905,2.9060475161987043,2.9060475161987043,1.413250120086754,2.8668313528828246
cadd,all_1_50,17.82,0.26000000000000156,32,68,2.0171430673582753,1.5040056532104646,2.972394017208086,2.972394017208086,1.3822556813556421,2.833563879468567
cadd,all_1_50,17.83,0.2699999999999996,33,70,2.0207451085499866,1.5259723463115324,2.9226049347891028,2.9226049347891028,1.3984343835788013,2.831089307992187
cadd,all_1_50,17.85,0.2699999999999996,32,69,1.9879091098603294,1.6058640092202985,2.5526721052193455,2.5526721052193455,1.3681653161323488,2.7797677925309308
cadd,all_1_50,17.86,0.2699999999999996,31,71,1.8715394304538928,1.458664442687394,2.464055429864253,2.464055429864253,1.283799715813872,2.630700213594648
cadd,all_1_50,17.87,0.2699999999999996,32,69,1.9879091098603294,1.5080197361298007,2.7957837342878546,2.7957837342878546,1.364891931344532,2.783866513660082
cadd,all_1_50,17.88,0.2699999999999996,35,67,2.239179337832414,1.7930293930293928,2.9841432303273585,2.9841432303273585,1.5512527564097778,3.1180405830083564
cadd,all_1_50,17.89,0.2699999999999996,36,67,2.3031558903419116,1.8384827901047123,3.039111217189284,3.039111217189284,1.6005495799056635,3.2140554383173034
cadd,all_1_50,17.9,0.2700000000000031,36,66,2.338052191710728,1.8655671130056803,3.0436098211639164,3.0436098211639164,1.6263559292157286,3.253314302808987
cadd,all_1_50,17.91,0.2699999999999996,36,67,2.3031558903419116,1.847466537826938,2.9762384122489522,2.9762384122489522,1.6037716599276746,3.195372657920767
cadd,all_1_50,17.92,0.2700000000000031,35,66,2.2731062974965415,1.8823549746961494,2.9247887312374767,2.9247887312374767,1.5729788898279655,3.1686304743734595
cadd,all_1_50,17.93,0.28000000000000114,35,67,2.239179337832414,1.8709297102696156,2.8851001156502427,2.8851001156502427,1.5519603047162571,3.1235228912501634
cadd,all_1_50,17.94,0.28999999999999915,37,68,2.3323216716330055,1.9414187643020595,2.9683629538720306,2.9683629538720306,1.635207773059683,3.22770205622701
cadd,all_1_50,17.95,0.28999999999999915,35,67,2.239179337832414,1.846180895247355,2.841178265725582,2.841178265725582,1.5526321197374529,3.123238641671518
cadd,all_1_50,17.96,0.3000000000000007,35,67,2.239179337832414,1.846180895247355,2.841178265725582,2.841178265725582,1.5526321197374529,3.123238641671518
cadd,all_1_50,17.97,0.3000000000000007,34,66,2.2081604032823545,1.7768861541795613,2.828663530662579,2.828663530662579,1.521279671016819,3.094042122683472
cadd,all_1_50,17.98,0.3000000000000007,34,67,2.1752027853229166,1.7996650048697957,2.6985278315065546,2.6985278315065546,1.5010799963000911,3.0516569706076906
cadd,all_1_50,17.99,0.3000000000000007,32,69,1.9879091098603294,1.6802731092436975,2.378585852211775,2.378585852211775,1.3651484846667465,2.8007429746115555
cadd,all_1_50,18.0,0.3000000000000007,31,69,1.9257869501771943,1.6258442485780824,2.295922006895732,2.295922006895732,1.3172609840168945,2.7212343649323754
cadd,all_1_50,18.01,0.3000000000000007,31,70,1.8982757080318056,1.5443318192680602,2.321768140116764,2.321768140116764,1.3030569161686691,2.6706275010832874
cadd,all_1_50,18.02,0.3099999999999987,31,70,1.8982757080318056,1.5443318192680602,2.321768140116764,2.321768140116764,1.3030569161686691,2.6706275010832874
cadd,all_1_50,18.03,0.3100000000000023,31,69,1.9257869501771943,1.5503018248581284,2.384811250858983,2.384811250858983,1.3206094671513882,2.706399987825567
cadd,all_1_50,18.04,0.3100000000000023,31,69,1.9257869501771943,1.472060780481666,2.3736602269923344,2.3736602269923344,1.3198128110553144,2.708744781528422
cadd,all_1_50,18.05,0.3100000000000023,29,71,1.7507949510697705,1.2131628192158987,2.2900460758019268,2.2900460758019268,1.1877454141950736,2.4743023941119233
cadd,all_1_50,18.06,0.3200000000000003,29,74,1.679816777377753,1.1871934767547532,2.132029256621152,2.132029256621152,1.1397922170420034,2.3760823369108626
cadd,all_1_50,18.07,0.3099999999999987,29,73,1.702827966108955,1.1992430426716143,2.1628250789597474,2.1628250789597474,1.1541239043390548,2.410347738359716
cadd,all_1_50,18.09,0.3000000000000007,29,71,1.7507949510697705,1.2891713917283538,2.183556677548847,2.183556677548847,1.1859674032795509,2.482920240423962
cadd,all_1_50,18.1,0.29999999999999716,30,74,1.7377414938390552,1.2674165985055854,2.220487593809258,2.220487593809258,1.1932269498782482,2.4594676241324387
cadd,all_1_50,18.11,0.28999999999999915,29,73,1.702827966108955,1.2596202405907126,2.1488516518855225,2.1488516518855225,1.1624433282892475,2.415048046225079
cadd,all_1_50,18.12,0.28999999999999915,30,76,1.6920114545275007,1.2518750596543504,2.1612317016176044,2.1612317016176044,1.163885006867504,2.3725746076769836
cadd,all_1_50,18.13,0.28000000000000114,28,76,1.579210690892334,1.1825377167282907,2.0101597055243863,2.0101597055243863,1.0764245027155526,2.229965977735858
cadd,all_1_50,18.14,0.28000000000000114,29,74,1.679816777377753,1.338863063227296,2.0495771361913095,2.0495771361913095,1.1538486816781408,2.3753314193638837
cadd,all_1_50,18.15,0.2799999999999976,30,74,1.7377414938390552,1.3177425323635694,2.1926721937895737,2.1926721937895737,1.1974017959587309,2.442194353165956
cadd,all_1_50,18.16,0.28000000000000114,32,71,1.9319116701459538,1.4416039104081735,2.5135958359350314,2.5135958359350314,1.3432748156366245,2.7112155515110454
cadd,all_1_50,18.17,0.2700000000000031,32,69,1.9879091098603294,1.4881796690307327,2.572361664676356,2.572361664676356,1.380963062723066,2.793640016598032
cadd,all_1_50,18.18,0.2699999999999996,31,70,1.8982757080318056,1.4034615006286375,2.4751552795031055,2.4751552795031055,1.3131393373811522,2.665224061919618
cadd,all_1_50,18.19,0.2699999999999996,32,68,2.0171430673582753,1.4390958684938537,2.687167096487865,2.687167096487865,1.4009830389886122,2.8306644355052715
cadd,all_1_50,18.2,0.2699999999999996,32,70,1.959510408290896,1.3306042818195993,2.7879393440695894,2.7879393440695894,1.3604255738612394,2.7428212808560923
cadd,all_1_50,18.23,0.26000000000000156,29,71,1.7507949510697705,1.186048319669769,2.556109044621878,2.556109044621878,1.19684499260609,2.4721607250088162
cadd,all_1_50,18.27,0.2699999999999996,31,74,1.795666210300357,1.1590237979962688,2.709787472035794,2.709787472035794,1.240007565588943,2.5125840259800243
cadd,all_1_50,18.28,0.26000000000000156,28,72,1.6669446181641303,1.1022798742138367,2.4833303619183456,2.4833303619183456,1.1286145016507474,2.352253862217863
cadd,all_1_50,18.29,0.26000000000000156,31,71,1.8715394304538928,1.189255139598591,2.842777259344459,2.842777259344459,1.2922197680950251,2.631695915607147
cadd,all_1_50,18.3,0.259999999999998,32,70,1.959510408290896,1.2623606903508013,2.9525047238783872,2.9525047238783872,1.358948531751953,2.753460841037519
cadd,all_1_50,18.31,0.259999999999998,31,71,1.8715394304538928,1.1825096215359934,2.854145424757848,2.854145424757848,1.2912070930075128,2.64173360502245
cadd,all_1_50,18.34,0.2699999999999996,30,71,1.8111671907618319,1.1035631411153135,2.7779483417824826,2.7779483417824826,1.2459035012777822,2.5702421192782325
cadd,all_1_50,18.35,0.26000000000000156,30,70,1.8370410077727153,1.121514582581979,2.835147584806275,2.835147584806275,1.2652931650324366,2.6050196648209987
cadd,all_1_50,18.36,0.26000000000000156,31,70,1.8982757080318056,1.185370410003341,2.922894190534875,2.922894190534875,1.3088542358073982,2.6835475171899006
cadd,all_1_50,18.38,0.2699999999999996,32,72,1.905079563616149,1.1196222744291902,3.1447482066703283,3.1447482066703283,1.3231966694482586,2.6778093013503623
cadd,all_1_50,18.39,0.2699999999999996,32,69,1.9879091098603294,1.1215520653914455,3.397263964255293,3.397263964255293,1.385191176633538,2.8027499563823253
cadd,all_1_50,18.4,0.2699999999999996,32,68,2.0171430673582753,1.135848508262427,3.480104121159167,3.480104121159167,1.4026947140969384,2.8507372522791927
cadd,all_1_50,18.41,0.28000000000000114,33,68,2.0801787882132214,1.1852777777777779,3.5308740555778386,3.5308740555778386,1.451086917351085,2.9377144674261504
cadd,all_1_50,18.42,0.2799999999999976,36,66,2.338052191710728,1.2815997470893472,3.944860129342759,3.944860129342759,1.6605387973786991,3.284492354800874
cadd,all_1_50,18.43,0.28000000000000114,36,67,2.3031558903419116,1.3093628808864266,3.6935874404436464,3.6935874404436464,1.62755293777522,3.2342267599941206
cadd,all_1_50,18.44,0.2799999999999976,34,69,2.1121534292266,1.169041095890411,3.543661971830986,3.543661971830986,1.47795566488077,2.967932783153602
cadd,all_1_50,18.45,0.2799999999999976,34,69,2.1121534292266,1.0924369747899159,3.601497081151556,3.601497081151556,1.4772723429632835,2.966572047840559
cadd,all_1_50,18.46,0.2799999999999976,34,68,2.1432145090681676,1.0924369747899159,3.7291921267870087,3.7291921267870087,1.489884255488974,3.016908888470973
cadd,all_1_50,18.47,0.2799999999999976,34,67,2.1752027853229166,1.1052991104945278,3.878666992984174,3.878666992984174,1.510776382806851,3.060288647823498
cadd,all_1_50,18.48,0.28000000000000114,34,68,2.1432145090681676,1.0761300163720284,3.878666992984174,3.878666992984174,1.4861890107509352,3.0105835611256024
cadd,all_1_50,18.49,0.2700000000000031,34,67,2.1752027853229166,1.0902566443497668,3.924505349212289,3.924505349212289,1.5047007554603191,3.05176491234914
cadd,all_1_50,18.5,0.2699999999999996,34,68,2.1432145090681676,1.079359304275306,3.8550397592950785,3.8550397592950785,1.4844846798458973,3.002827155849529
cadd,all_1_50,18.51,0.2699999999999996,32,68,2.0171430673582753,1.036627030846012,3.591456487162009,3.591456487162009,1.3871689091605024,2.8338498336518816
cadd,all_1_50,18.52,0.26000000000000156,32,68,2.0171430673582753,1.036627030846012,3.591456487162009,3.591456487162009,1.3871689091605024,2.8338498336518816
cadd,all_1_50,18.54,0.259999999999998,33,68,2.0801787882132214,1.0340477480266212,3.842350951497061,3.842350951497061,1.435569968847261,2.9153927048182644
cadd,all_1_50,18.55,0.26000000000000156,33,67,2.1112262328134186,0.968687165959312,4.1477576029186505,4.1477576029186505,1.4653296576539816,2.971082653714955
cadd,all_1_50,18.56,0.2699999999999996,35,68,2.2062502299231137,0.994691794669626,4.38226757904672,4.38226757904672,1.5436664516042078,3.094232787463949
cadd,all_1_50,18.57,0.26000000000000156,35,65,2.308077163611873,1.036494930184925,4.5676802707015085,4.5676802707015085,1.616437204548017,3.2423731753589276
cadd,all_1_50,18.58,0.26000000000000156,37,64,2.4780917761100687,1.062363673001876,5.0411122144985105,5.0411122144985105,1.7398803620705838,3.485281559401548
cadd,all_1_50,18.59,0.25,37,64,2.4780917761100687,1.062363673001876,5.0411122144985105,5.0411122144985105,1.7398803620705838,3.485281559401548
cadd,all_1_50,18.6,0.25,38,63,2.585465122050488,1.1190467991322015,5.376575478151114,5.376575478151114,1.8217240298014918,3.622202251552383
cadd,all_1_50,18.61,0.25,37,63,2.5174265662070536,1.064373405612245,5.55050937317712,5.55050937317712,1.7694555748315426,3.527165692987815
cadd,all_1_50,18.62,0.259999999999998,38,64,2.5450672295184495,1.096938775510204,5.5750292797189145,5.5750292797189145,1.7995516764159987,3.5566843550534957
cadd,all_1_50,18.63,0.25,38,62,2.6271661724061413,1.1247093774218548,5.8120950323974085,5.8120950323974085,1.858495670995671,3.6861333927083058
cadd,all_1_50,18.64,0.26000000000000156,39,63,2.6535036778939216,1.1259427145818839,5.904024273832309,5.904024273832309,1.8850854275783515,3.698774375976642
cadd,all_1_50,18.65,0.2699999999999996,39,63,2.6535036778939216,1.1259427145818839,5.904024273832309,5.904024273832309,1.8850854275783515,3.698774375976642
cadd,all_1_50,18.66,0.2699999999999996,40,61,2.810773126646777,1.1656715696881557,6.609833566255876,6.609833566255876,2.0003066194567523,3.9099941480152776
cadd,all_1_50,18.69,0.2799999999999976,41,64,2.74599358974359,1.1711378130030212,6.081431027988964,6.081431027988964,1.9564739864303309,3.7906492524700384
cadd,all_1_50,18.7,0.2799999999999976,40,64,2.67901813633521,1.1221162379564695,6.086428134662117,6.086428134662117,1.9016821737560996,3.70675729161554
cadd,all_1_50,18.71,0.2799999999999976,38,65,2.505912349064319,1.0372311472633038,5.5245275781744025,5.5245275781744025,1.770609014688668,3.4587693391155963
cadd,all_1_50,18.72,0.2799999999999976,38,64,2.5450672295184495,1.0577953396813595,5.619813162297825,5.619813162297825,1.7970717807793004,3.5188827392450888
cadd,all_1_50,18.73,0.28000000000000114,37,64,2.4780917761100687,1.0352853248922889,5.1912473893592574,5.1912473893592574,1.7448273947221375,3.4398036702778207
cadd,all_1_50,18.74,0.28999999999999915,37,66,2.402998085924915,1.0114856622510866,4.763344480914296,4.763344480914296,1.688053253049084,3.3357381814421982
cadd,all_1_50,18.75,0.28000000000000114,36,64,2.4111163227016887,1.049814529378885,4.873216237090881,4.873216237090881,1.678165946342138,3.367469680804445
cadd,all_1_50,18.76,0.2900000000000027,37,65,2.4399672872468368,1.0476101501886255,4.813806206459784,4.813806206459784,1.7066643411296012,3.3936191837366048
cadd,all_1_50,18.77,0.28999999999999915,37,63,2.5174265662070536,1.0916755872553854,4.951625114214854,4.951625114214854,1.7593802350128152,3.5056362648910935
cadd,all_1_50,18.78,0.29999999999999716,39,64,2.6120426829268295,1.1744223666657674,5.0399580502368835,5.0399580502368835,1.842644580611218,3.603286720872008
cadd,all_1_50,18.79,0.3000000000000007,39,62,2.6963021243115657,1.1929460013670539,5.252349123316865,5.252349123316865,1.9002055928024533,3.7244639542529328
cadd,all_1_50,18.8,0.3000000000000007,40,60,2.8576193454242236,1.242652084757348,5.944423360742147,5.944423360742147,2.017019067784876,3.965503393684972
cadd,all_1_50,18.81,0.3000000000000007,41,59,2.978704910908301,1.3241882169939725,5.663533026113671,5.663533026113671,2.108004185780933,4.143066418609868
cadd,all_1_50,18.82,0.3000000000000007,42,61,2.951311782979116,1.3931350222981307,5.566282561631399,5.566282561631399,2.1025890261966005,4.086767767853052
cadd,all_1_50,18.83,0.2900000000000027,41,61,2.8810424548129463,1.329810703102761,5.459793369480187,5.459793369480187,2.047403812029416,3.9989524497029905
cadd,all_1_50,18.84,0.28999999999999915,40,60,2.8576193454242236,1.2856905787013562,5.361631149459127,5.361631149459127,2.014030414093224,3.9715157304539055
cadd,all_1_50,18.85,0.3000000000000007,40,62,2.7654380762169906,1.2113261337005627,5.361631149459127,5.361631149459127,1.9603220556275278,3.8365576670661414
cadd,all_1_50,18.86,0.3000000000000007,37,64,2.4780917761100687,1.09155672823219,4.814155781347451,4.814155781347451,1.7399903157742873,3.4507833861169988
cadd,all_1_50,18.88,0.3000000000000007,36,65,2.374022225429355,0.9580850513310615,4.96077360248924,4.96077360248924,1.6588820763812773,3.3144594238172176
cadd,all_1_50,18.89,0.3000000000000007,35,65,2.308077163611873,0.9505238929826987,4.8408379015710725,4.8408379015710725,1.6026197769780621,3.226410670314526
cadd,all_1_50,18.9,0.3099999999999987,35,66,2.2731062974965415,0.9394642756697466,4.840219953418545,4.840219953418545,1.5787077970986017,3.1771682807611423
cadd,all_1_50,18.93,0.3099999999999987,39,61,2.7405037984806078,1.0765134263212828,5.714496100189916,5.714496100189916,1.9250993278021868,3.7963279340167944
cadd,all_1_50,18.94,0.3200000000000003,39,62,2.6963021243115657,1.0617666670566077,5.566549052220587,5.566549052220587,1.897566461800088,3.733574854496029
cadd,all_1_50,18.95,0.3200000000000003,40,61,2.810773126646777,1.1165726548700876,5.75222816399287,5.75222816399287,1.9858853565315568,3.9009672132036926
cadd,all_1_50,18.96,0.3200000000000003,39,63,2.6535036778939216,1.0721957040572792,4.954224749799801,4.954224749799801,1.8704288208849387,3.6846497618251104
cadd,all_1_50,18.97,0.3200000000000003,41,62,2.8345740281224154,1.1963578729905155,5.203920276443952,5.203920276443952,2.0218377667956524,3.912809813993859
cadd,all_1_50,18.98,0.3200000000000003,41,61,2.8810424548129463,1.2100282186800708,5.317283645472539,5.317283645472539,2.0491537788312724,3.9809566291652514
cadd,all_1_50,18.99,0.3200000000000003,41,61,2.8810424548129463,1.2580907208930583,4.9774911153580765,4.9774911153580765,2.0530703216627133,3.994248299853139
cadd,all_1_50,19.0,0.3099999999999987,41,61,2.8810424548129463,1.2580907208930583,4.9774911153580765,4.9774911153580765,2.0530703216627133,3.994248299853139
cadd,all_1_50,19.01,0.3100000000000023,40,61,2.810773126646777,1.214713074784726,4.877832832426286,4.877832832426286,1.9964152373278383,3.9008693406492605
cadd,all_1_50,19.03,0.3200000000000003,38,64,2.5450672295184495,1.1146178953899275,4.398626374923933,4.398626374923933,1.8012660480606966,3.543037875300282
cadd,all_1_50,19.04,0.3200000000000003,37,63,2.5174265662070536,1.090748053340049,4.4166119644501745,4.4166119644501745,1.7745306450449516,3.5027650314214274
cadd,all_1_50,19.05,0.3299999999999983,39,66,2.532889874353289,1.1386248919237745,4.483226343638366,4.483226343638366,1.8094600176064937,3.516990644481719
cadd,all_1_50,19.06,0.3299999999999983,38,66,2.467943980139102,1.1107470511140236,4.436594435346246,4.436594435346246,1.7508905852417302,3.4160171199108897
cadd,all_1_50,19.07,0.3299999999999983,37,65,2.4399672872468368,1.1136344660599482,4.458819860711687,4.458819860711687,1.7286836420851184,3.3858048589392267
cadd,all_1_50,19.08,0.3299999999999983,36,66,2.338052191710728,1.0813156692553676,4.166901476452007,4.166901476452007,1.6504087113129486,3.2398790274743092
cadd,all_1_50,19.1,0.3200000000000003,37,64,2.4780917761100687,1.1464551674032815,4.38226757904672,4.38226757904672,1.7498152094017283,3.4437559397007025
cadd,all_1_50,19.11,0.3200000000000003,38,64,2.5450672295184495,1.2796634736327612,4.340591426562863,4.340591426562863,1.809034642085153,3.5257241309433134
cadd,all_1_50,19.12,0.3100000000000023,37,63,2.5174265662070536,1.2770980840853097,4.221404971680302,4.221404971680302,1.776697363282603,3.4907490373186993
cadd,all_1_50,19.14,0.3100000000000023,36,65,2.374022225429355,1.2047702152414195,3.849149969641773,3.849149969641773,1.6674052317796766,3.302151853040483
cadd,all_1_50,19.16,0.3200000000000003,35,65,2.308077163611873,1.2040244690775117,3.6221110647782835,3.6221110647782835,1.6102265871721904,3.2337874890500458
cadd,all_1_50,19.17,0.33000000000000185,37,65,2.4399672872468368,1.257159104702417,3.8043467643467648,3.8043467643467648,1.7178693854311406,3.3832285606573076
cadd,all_1_50,19.18,0.33999999999999986,37,69,2.2985199082760057,1.1870951463791715,3.5688302830510406,3.5688302830510406,1.6211252882606295,3.1832970154845146
cadd,all_1_50,19.19,0.3299999999999983,33,68,2.0801787882132214,0.9749186085657043,3.36851106429323,3.36851106429323,1.4465856669565806,2.9139321036725563
cadd,all_1_50,19.21,0.3200000000000003,32,68,2.0171430673582753,0.9749186085657043,3.214223324092931,3.214223324092931,1.393828660890863,2.8248657579512595
cadd,all_1_50,19.22,0.3200000000000003,31,70,1.8982757080318056,0.901973274250502,2.994609164420485,2.994609164420485,1.310701335572556,2.6686029961846867
cadd,all_1_50,19.23,0.3099999999999987,31,69,1.9257869501771943,0.901973274250502,3.0384658299931395,3.0384658299931395,1.3279035678834996,2.7106176140360447
cadd,all_1_50,19.24,0.3099999999999987,32,69,1.9879091098603294,0.9226827959808683,3.15446930176565,3.15446930176565,1.368769486276824,2.792066380329381
cadd,all_1_50,19.26,0.3200000000000003,32,70,1.959510408290896,0.9044655598355237,3.0503061262414133,3.0503061262414133,1.348404081843532,2.7382552025936775
cadd,all_1_50,19.27,0.3299999999999983,34,70,2.081979808809077,0.9155122499515024,3.31167297385024,3.31167297385024,1.4398300676523896,2.8865069356872635
cadd,all_1_50,19.28,0.3299999999999983,36,65,2.374022225429355,1.1544133712038454,3.6304104503681622,3.6304104503681622,1.6557744028587977,3.2988680524481686
cadd,all_1_50,19.29,0.3299999999999983,35,68,2.2062502299231137,1.0613161659513592,3.376554669515984,3.376554669515984,1.5376286419508116,3.0611931858469816
cadd,all_1_50,19.3,0.33000000000000185,35,67,2.239179337832414,1.1959497413021325,3.3526980731932787,3.3526980731932787,1.5612708697796347,3.1186653027106126
cadd,all_1_50,19.31,0.33000000000000185,37,65,2.4399672872468368,1.3435126417646448,3.6612966596021614,3.6612966596021614,1.7112055996058444,3.3814300835162285
cadd,all_1_50,19.34,0.3500000000000014,38,63,2.585465122050488,1.417766669936814,3.8718112244897958,3.8718112244897958,1.8204830760117536,3.5802349535920297
cadd,all_1_50,19.35,0.360000000000003,38,63,2.585465122050488,1.417766669936814,3.8718112244897958,3.8718112244897958,1.8204830760117536,3.5802349535920297
cadd,all_1_50,19.37,0.35999999999999943,38,62,2.6271661724061413,1.3867171901566204,4.0432482009312825,4.0432482009312825,1.853096291676335,3.6316559585467005
cadd,all_1_50,19.38,0.35999999999999943,38,63,2.585465122050488,1.4090081504437144,3.908934174769136,3.908934174769136,1.8187155363499963,3.571017712600899
cadd,all_1_50,19.39,0.35999999999999943,38,63,2.585465122050488,1.4090081504437144,3.908934174769136,3.908934174769136,1.8187155363499963,3.571017712600899
cadd,all_1_50,19.4,0.360000000000003,38,62,2.6271661724061413,1.4104053538395291,3.9693333121755336,3.9693333121755336,1.851206497243812,3.6267320103078355
cadd,all_1_50,19.41,0.370000000000001,38,62,2.6271661724061413,1.4104053538395291,3.9693333121755336,3.9693333121755336,1.851206497243812,3.6267320103078355
cadd,all_1_50,19.42,0.379999999999999,39,63,2.6535036778939216,1.4168502824840195,3.993407707910751,3.993407707910751,1.8796640314043398,3.6548723269107435
cadd,all_1_50,19.43,0.370000000000001,38,62,2.6271661724061413,1.4301747266640292,3.906269856951167,3.906269856951167,1.8541060962700515,3.6251231257964474
cadd,all_1_50,19.44,0.36999999999999744,38,63,2.585465122050488,1.4491578381015933,3.8503602676273805,3.8503602676273805,1.8168661091786114,3.5605408732865396
cadd,all_1_50,19.48,0.370000000000001,36,64,2.4111163227016887,1.3529416228767288,3.58819275714451,3.58819275714451,1.6915814137531777,3.3561590556429466
cadd,all_1_50,19.49,0.379999999999999,36,64,2.4111163227016887,1.3529416228767288,3.58819275714451,3.58819275714451,1.6915814137531777,3.3561590556429466
cadd,all_1_50,19.5,0.39000000000000057,36,65,2.374022225429355,1.3376540078897592,3.521953208480432,3.521953208480432,1.6624296256777162,3.3058950212507594
cadd,all_1_50,19.51,0.3999999999999986,36,68,2.26928595077806,1.2554961860305023,3.436594494581961,3.436594494581961,1.5898015848329432,3.1420116668845957
cadd,all_1_50,19.52,0.3999999999999986,34,66,2.2081604032823545,1.2631801641702631,3.2927977614358745,3.2927977614358745,1.5359857142857143,3.0737865202037717
cadd,all_1_50,19.53,0.41000000000000014,34,66,2.2081604032823545,1.2631801641702631,3.2927977614358745,3.2927977614358745,1.5359857142857143,3.0737865202037717
cadd,all_1_50,19.54,0.41999999999999815,37,67,2.367132442851409,1.4901729139370363,3.3648690708503564,3.3648690708503564,1.6695488993702992,3.2781404993996874
cadd,all_1_50,19.55,0.41000000000000014,36,64,2.4111163227016887,1.4882559025133284,3.4179913407082134,3.4179913407082134,1.683638830650478,3.3627912954415677
cadd,all_1_50,19.58,0.41999999999999815,38,63,2.585465122050488,1.5438465371200796,3.732028761315279,3.732028761315279,1.8265026646962625,3.584235707977573
cadd,all_1_50,19.6,0.4400000000000013,38,63,2.585465122050488,1.5438465371200796,3.732028761315279,3.732028761315279,1.8265026646962625,3.584235707977573
cadd,all_1_50,19.61,0.4499999999999993,38,63,2.585465122050488,1.5438465371200796,3.732028761315279,3.732028761315279,1.8265026646962625,3.584235707977573
cadd,all_1_50,19.62,0.46000000000000085,38,63,2.585465122050488,1.5438465371200796,3.732028761315279,3.732028761315279,1.8265026646962625,3.584235707977573
cadd,all_1_50,19.63,0.46999999999999886,40,66,2.597835768567476,1.5737696559982806,3.804347826086956,3.804347826086956,1.852212635548717,3.562825026670248
cadd,all_1_50,19.64,0.46000000000000085,40,63,2.7215422337373556,1.679319435092124,3.967371749715679,3.967371749715679,1.9392256223182127,3.7434776339227334
cadd,all_1_50,19.66,0.4499999999999993,40,60,2.8576193454242236,1.7151885401306088,4.238588039322979,4.238588039322979,2.0283260213124326,3.953697711376824
cadd,all_1_50,19.67,0.46000000000000085,40,60,2.8576193454242236,1.7151885401306088,4.238588039322979,4.238588039322979,2.0283260213124326,3.953697711376824
cadd,all_1_50,19.72,0.4800000000000004,44,69,2.7333750260579532,1.5784532299383784,4.441802872709262,4.441802872709262,1.9699842734850013,3.7172962514823964
cadd,all_1_50,19.73,0.46999999999999886,43,68,2.7105359967626828,1.5784532299383784,4.425939291021015,4.425939291021015,1.9561159870159075,3.700443382666972
cadd,all_1_50,19.74,0.46000000000000085,41,67,2.623038652889399,1.6076838453076077,4.123187549470881,4.123187549470881,1.8694476361750603,3.5925904452690167
cadd,all_1_50,19.76,0.45000000000000284,38,64,2.5450672295184495,1.4420474241250876,4.4314860261528874,4.4314860261528874,1.7855842288349806,3.5268417769802576
cadd,all_1_50,19.8,0.490000000000002,38,64,2.5450672295184495,1.4420474241250876,4.4314860261528874,4.4314860261528874,1.7855842288349806,3.5268417769802576
cadd,all_1_50,19.81,0.490000000000002,39,72,2.3218157181571817,1.3789290213095609,3.885081392584472,3.885081392584472,1.6490280651926335,3.178166804253786
cadd,all_1_50,19.85,0.45000000000000284,36,64,2.4111163227016887,1.4116799111024676,4.1257591087525896,4.1257591087525896,1.6820696352536648,3.3566331606551842
cadd,all_1_50,19.88,0.4800000000000004,36,64,2.4111163227016887,1.4116799111024676,4.1257591087525896,4.1257591087525896,1.6820696352536648,3.3566331606551842
cadd,all_1_50,19.9,0.5,40,69,2.4848863873254117,1.512279495990836,4.271083969465648,4.271083969465648,1.7757901931270454,3.4106960604204937
cadd,all_1_50,19.91,0.48999999999999844,40,66,2.597835768567476,1.5193885760257442,4.582822412423311,4.582822412423311,1.851975885242105,3.577487790785247
cadd,all_1_50,19.95,0.509999999999998,38,63,2.585465122050488,1.4199586391568653,4.7896816661949835,4.7896816661949835,1.8243861187889165,3.5837617285087364
cadd,all_1_50,19.96,0.5199999999999996,38,63,2.585465122050488,1.4199586391568653,4.7896816661949835,4.7896816661949835,1.8243861187889165,3.5837617285087364
cadd,all_1_50,19.99,0.5100000000000016,45,67,2.8789448629273893,1.5660101233871724,5.4558615909707,5.4558615909707,2.081005466196995,3.9210288412347962
cadd,all_1_50,20.1,0.5,45,64,3.0138954033771106,1.633109451802934,6.1868603729919,6.1868603729919,2.182279716434944,4.146356395891651
cadd,all_1_50,20.2,0.5,41,63,2.7895807895807896,1.4220878297777901,6.4444257121711495,6.4444257121711495,1.9990445200277833,3.8790822421092246
cadd,all_1_50,20.3,0.5,46,65,3.033472843604176,1.6103939554465108,6.613713836203129,6.613713836203129,2.198974117878757,4.167542655970371
cadd,all_1_50,20.4,0.4499999999999993,44,56,3.367908514249977,1.8456664771342703,7.335814852714141,7.335814852714141,2.407126367267552,4.707964484746739
cadd,all_1_50,20.5,0.3999999999999986,45,58,3.325677686485087,1.6266149870801032,7.29411632880577,7.29411632880577,2.392131959625109,4.583841489514851
cadd,all_1_50,20.6,0.40000000000000213,47,61,3.302658423809963,1.7095904540872544,6.691249118018416,6.691249118018416,2.390113817876708,4.513835167491494
cadd,all_1_50,20.7,0.40000000000000213,47,64,3.1478463101938714,1.8355356122262176,5.912251538838314,5.912251538838314,2.278497055362868,4.297410347365929
cadd,all_1_50,20.8,0.40000000000000213,48,60,3.429143214509068,2.0239964528115073,5.9635410181477875,5.9635410181477875,2.4861097932878495,4.705756809912446
cadd,all_1_50,20.9,0.40000000000000213,51,60,3.6434646654158844,2.064744156157121,6.222579328639935,6.222579328639935,2.657737503008072,4.973661396417477
cadd,all_1_50,21.0,0.3999999999999986,49,58,3.6212934808393173,2.024691212506686,5.853159942999917,5.853159942999917,2.621162909724145,4.971003070721965
cadd,all_1_50,21.1,0.40000000000000213,52,54,4.12767238783499,2.083935812614747,6.977420838457642,6.977420838457642,2.997366821337999,5.651837271154108
cadd,all_1_50,21.2,0.40000000000000213,52,50,4.457886178861789,2.0874564395198036,7.962526944122036,7.962526944122036,3.213353142080191,6.134809279800656
cadd,all_1_50,21.3,0.5,55,57,4.136027999956113,1.9145254566986891,7.526423022299969,7.526423022299969,3.0279452839766767,5.618295747069911
cadd,all_1_50,21.4,0.5,52,54,4.12767238783499,2.0942860474230907,7.608034994819845,7.608034994819845,2.993367621808306,5.675208840252522
cadd,all_1_50,21.5,0.5,46,55,3.5850133606231167,1.7688880655768073,7.186683855970129,7.186683855970129,2.5716734392973333,4.976179251842579
cadd,all_1_50,21.6,0.5999999999999979,54,63,3.67408201554543,1.8304036983282268,7.345011962298688,7.345011962298688,2.703934202153582,4.99653153857748
cadd,all_1_50,21.7,0.5999999999999979,56,61,3.9350823773054877,1.8323699985379405,7.786628913009281,7.786628913009281,2.8890630605201535,5.343348890504566
cadd,all_1_50,21.8,0.6000000000000014,52,55,4.0526237989652625,1.8182189420816728,8.085027358646991,8.085027358646991,2.94008423180546,5.586913661326551
cadd,all_1_50,21.9,0.6000000000000014,51,50,4.3721575984990615,1.902204996989765,8.88640990937307,8.88640990937307,3.1455402001084667,6.040076862574128
cadd,all_1_50,22.0,0.6999999999999993,54,56,4.133342267488609,1.7515902837362054,8.80939173063278,8.80939173063278,3.0078947622717784,5.6305818514958546
cadd,all_1_50,22.1,0.7000000000000028,53,53,4.286429018136335,1.940566452383202,8.979260333575054,8.979260333575054,3.100636959089015,5.8777155876844605
cadd,all_1_50,22.2,0.6999999999999993,50,53,4.043800960505976,1.8923101050760627,7.94994930785279,7.94994930785279,2.9303160817073017,5.569893780296036
cadd,all_1_50,22.3,0.8000000000000007,56,61,3.9350823773054877,1.9083177023618434,6.9838691483361535,6.9838691483361535,2.896989280103965,5.333123471400395
cadd,all_1_50,22.4,0.7000000000000028,44,56,3.367908514249977,1.6898862396758612,5.849084051309562,5.849084051309562,2.40374901373969,4.65930723905774
cadd,all_1_50,22.5,0.6999999999999993,43,57,3.2336218908747796,1.7096631081358018,5.6656441717791415,5.6656441717791415,2.3023341742060706,4.475183929371121
cadd,all_1_50,22.6,0.7000000000000028,48,55,3.7408835067371653,2.037933894410529,6.122141365827315,6.122141365827315,2.69243427741072,5.173466879062086
cadd,all_1_50,22.7,0.6999999999999993,47,55,3.6629484336801412,2.2026451661906026,5.56007940237238,5.56007940237238,2.6364592736753956,5.059292139995181
cadd,all_1_50,22.8,0.6999999999999993,51,51,4.286429018136335,2.6352170352170354,6.37002155529763,6.37002155529763,3.0919049533615133,5.941982630144725
cadd,all_1_50,22.9,0.7000000000000028,54,50,4.629343339587242,3.0632493909120893,6.493742213161173,6.493742213161173,3.3557013900000694,6.418373075618518
cadd,all_1_50,23.0,0.6999999999999993,51,53,4.124676979716096,2.6735211845643745,6.0883581116421235,6.0883581116421235,2.9795859433507097,5.698670398566776
cadd,all_1_50,23.1,0.7999999999999972,57,56,4.362972393460198,2.6754010246073743,6.478383318758318,6.478383318758318,3.2021663254069797,5.9807937787958885
cadd,all_1_50,23.2,0.8000000000000007,55,54,4.365807333287009,2.7091154998017983,6.706519152996613,6.706519152996613,3.179132076711407,5.971851837846261
cadd,all_1_50,23.3,0.8000000000000007,58,47,5.289635809615052,3.2145047915697016,8.242110204833992,8.242110204833992,3.8609151917577775,7.347045161567949
cadd,all_1_50,23.4,0.7999999999999972,64,48,5.715238690848446,3.4881489372956698,9.138453966035854,9.138453966035854,4.174253973000575,7.865316114433514
cadd,all_1_50,23.5,0.6999999999999993,61,42,6.225527859674202,3.8800475535311167,9.375561817498522,9.375561817498522,4.472715592876616,8.739496406817569
cadd,all_1_50,23.6,0.7999999999999972,70,45,6.667778472656521,4.0064338851283425,10.66428707559871,10.66428707559871,4.878505844132323,9.22642760234798
cadd,all_1_50,23.7,0.8000000000000007,68,43,6.778538912401647,3.924669928288989,12.015429831006614,12.015429831006614,4.959517976211742,9.455457909090617
cadd,all_1_50,23.8,0.8000000000000007,68,39,7.47377367264797,4.073718927074531,13.238205463102972,13.238205463102972,5.418460616485652,10.561682465539738
cadd,all_1_50,23.9,0.7999999999999972,69,36,8.215655618094644,3.9729315085139674,17.765158095324832,17.765158095324832,5.907576683470534,11.767115193969191
cadd,all_1_50,24.0,0.8999999999999986,74,37,8.57285803627267,4.201869684402896,18.156260940521314,18.156260940521314,6.223180189061045,12.098361141302872
cadd,all_1_50,24.1,0.8999999999999986,75,35,9.185205038863575,4.747397413082786,19.684999335768904,19.684999335768904,6.645615889291911,13.155998850075628
cadd,all_1_50,24.2,0.8999999999999986,78,32,10.448170731707318,5.145737836067293,21.898556852673373,21.898556852673373,7.517567378453798,15.131496014481014
cadd,all_1_50,24.3,0.9000000000000021,73,32,9.778416197623516,4.945400397088021,20.19924246644015,20.19924246644015,7.024249645034102,14.221255281643028
cadd,all_1_50,24.4,0.9000000000000021,73,32,9.778416197623516,4.998021965959416,18.404758373113214,18.404758373113214,7.0482385337273765,14.205663051664144
cadd,all_1_50,24.5,0.8999999999999986,76,32,10.180268918073798,4.96645369301348,20.46023352530075,20.46023352530075,7.353519486850453,14.745904371557518
cadd,all_1_50,24.6,0.9000000000000021,75,29,11.085592288283625,4.869501360136816,22.640121213175878,22.640121213175878,7.892615478282183,16.387312030169703
cadd,all_1_50,24.7,0.9000000000000021,79,22,15.392176928762295,7.058517064331017,30.29673158658251,30.29673158658251,10.658467908803527,23.816625538020084
cadd,all_1_50,24.8,0.9000000000000021,79,22,15.392176928762295,6.743297681908616,32.17701863354038,32.17701863354038,10.621249256610213,23.83350278330593
cadd,all_1_50,24.9,0.9000000000000021,82,20,17.574358974358972,7.6884567517112625,40.409224011713036,40.409224011713036,12.028910682302724,27.81165274770468
cadd,all_1_50,25.0,0.8999999999999986,83,18,19.765200472517545,8.752053342503428,54.67364217625619,54.67364217625619,13.409047732305641,31.83146770602287
cadd,all_1_50,25.1,0.9000000000000021,81,20,17.360037523452156,7.449378577852894,46.27470703486991,46.27470703486991,11.920250020198537,27.33477825348189
cadd,all_1_50,25.2,1.0,91,21,18.574525745257453,8.848278135791391,45.89939045266198,45.89939045266198,12.89900323296484,28.815698311327974
cadd,all_1_50,25.3,1.0,87,20,18.64596622889306,9.505107041120068,38.2976851646114,38.2976851646114,12.806679132039271,29.323551407959286
cadd,all_1_50,25.4,1.0,85,20,18.217323327079427,9.456128406343005,37.010670505388276,37.010670505388276,12.567872174191068,28.653552611063617
cadd,all_1_50,25.5,1.0,87,18,20.717740254325623,11.371088094698324,39.004584527220636,39.004584527220636,14.012230697965347,33.47007511759562
cadd,all_1_50,25.6,1.0,88,18,20.95587519977764,11.851110496910673,37.59966063348416,37.59966063348416,14.211221477690081,33.74777297837781
cadd,all_1_50,25.7,1.0,88,17,22.188573740941028,13.292972658983444,36.95112893642305,36.95112893642305,14.923596871332853,36.213277083574425
cadd,all_1_50,25.8,1.0,89,15,25.43281217427559,14.224567661899762,48.29187392795883,48.29187392795883,16.70516847447246,43.500411264463956
cadd,all_1_50,25.9,1.0,91,15,26.004336043360432,13.983298272454899,50.51753254162235,50.51753254162235,17.158068573354637,44.59500224908695
cadd,all_1_50,26.0,1.0,91,14,27.861788617886177,15.722057398998722,50.51753254162235,50.51753254162235,18.209760980113735,48.69856573343179
cadd,all_1_50,26.1,1.0,90,14,27.555615116590722,17.092839922461724,43.103453343130056,43.103453343130056,17.96697216018732,48.3301362724612
cadd,all_1_50,26.2,1.0,89,16,23.843261413383367,14.391647350656743,36.2090103238265,36.2090103238265,15.89636558994871,39.888418163860166
cadd,all_1_50,26.3,1.0,96,13,31.6536296723914,19.141113721724587,47.95082697201018,47.95082697201018,20.606635903279614,57.07788333453889
cadd,all_1_50,26.4,1.0,98,10,42.00700437773608,25.351842613293353,69.18163186326505,69.18163186326505,26.108623548922058,83.78209189557103
cadd,all_1_50,26.5,1.0,92,9,43.81682996317143,30.037932401540576,61.87314486589482,61.87314486589482,26.84684832938807,91.0863374659528
cadd,all_1_50,26.6,1.0999999999999979,101,9,48.10325898130776,33.12535804549283,70.16455424274972,70.16455424274972,29.311176056840782,99.79809401165346
cadd,all_1_50,26.7,1.0999999999999979,100,9,47.626989090403725,33.580661075481004,64.41569648363868,64.41569648363868,29.043986976296843,98.28075365927445
cadd,all_1_50,26.8,1.0,92,8,49.29393370856786,35.049311479206466,62.7852159798472,62.7852159798472,29.510872754979975,107.33012395994574
cadd,all_1_50,26.9,1.0,93,8,49.8297373358349,33.06848930261407,65.41836734693877,65.41836734693877,29.780343574108823,108.40514748853089
cadd,all_1_50,27.0,1.1000000000000014,107,8,57.33098811757349,38.69370749686252,77.31261595547309,77.31261595547309,34.46104462831761,124.5131217417007
cadd,all_1_50,27.1,1.0,98,6,70.01167396289347,44.063733552631575,88.09527295985652,88.09527295985652,39.542727129865135,189.9744435294842
cadd,all_1_50,27.2,1.0,101,6,72.15488847196163,34.49343107387662,141.93475177304964,141.93475177304964,40.54462251954318,200.2817485841422
cadd,all_1_50,27.3,1.0,102,6,72.8692933083177,34.49343107387662,145.55514974433893,145.55514974433893,40.998243895442634,203.08200470327927
cadd,all_1_50,27.4,0.9000000000000021,96,5,82.29943714821763,35.41251833420025,243.27652556349642,243.27652556349642,45.032767186587456,228.06236640647168
cadd,all_1_50,27.5,0.8999999999999986,96,4,102.87429643527206,37.83843977932763,440.0688576988363,440.0688576988363,53.29209915940225,405.7235812809211
cadd,all_1_50,27.6,0.8999999999999986,98,5,84.01400875547216,34.54279512554654,216.5095430036976,216.5095430036976,46.07638367478975,234.20193611482776
cadd,all_1_50,27.7,0.8999999999999986,104,5,89.15772357723579,39.216778329201674,223.99414138299977,223.99414138299977,49.12754690535052,248.36137972715224
cadd,all_1_50,27.8,0.8000000000000007,97,5,83.1567229518449,36.280525380412215,212.07921525408,212.07921525408,45.54259874579112,233.08979697858226
cadd,all_1_50,27.9,0.7999999999999972,111,5,95.15872420262664,41.35863483774711,242.05970149253733,242.05970149253733,52.53999851178333,265.2748037127206
cadd,all_1_50,28.0,0.6999999999999993,102,2,218.6078799249531,84.74790555978674,552.5726807731276,552.5726807731276,93.9944087375738,485.9368953687822
cadd,all_1_50,28.1,0.6999999999999993,106,3,151.45382530748384,48.87032227706213,569.549672489083,569.549672489083,73.16444049024247,483.0571967316153
cadd,all_1_50,28.2,0.6000000000000014,100,3,142.88096727121115,47.728566129713904,528.055326341486,528.055326341486,69.24212201182362,456.27050361253487
cadd,all_1_50,28.3,0.5999999999999979,110,3,157.1690639983323,54.853874448356166,569.1477434348272,569.1477434348272,75.83008084105674,501.32929447505046
cadd,all_1_50,28.4,0.5,100,3,142.88096727121115,49.037165441767606,513.0588624225176,513.0588624225176,68.60653543322621,456.88824958488294
cadd,all_1_50,28.5,0.5,99,3,141.45215759849904,50.219397993311034,503.9933605454657,503.9933605454657,67.95258051347437,452.33955389434243
cadd,all_1_50,28.6,0.5,102,3,145.7385866166354,52.214234076280135,518.9489361702127,518.9489361702127,69.97216953439806,465.75136875710973
cadd,all_1_50,28.7,0.5999999999999979,112,3,160.0266833437565,56.173225998807396,564.3327217125382,564.3327217125382,76.9183521755255,510.2325530004832
cadd,all_1_50,28.8,0.6000000000000014,105,3,150.02501563477173,52.0780770542107,524.763516009446,524.763516009446,72.0615839126686,477.3586238009848
cadd,all_1_50,28.9,0.6000000000000014,104,2,222.89430894308947,90.06443914081146,525.6600973844452,525.6600973844452,97.06613184079603,494.0579431325113
cadd,all_1_50,29.0,0.6000000000000014,110,3,157.1690639983323,78.91360381861575,462.7125365640198,462.7125365640198,75.37741557327593,501.6775838810486
cadd,all_1_50,29.1,0.5999999999999979,110,4,117.87679799874923,54.20095681420643,442.07754379804805,442.07754379804805,61.377400169714164,464.0137189151859
cadd,all_1_50,29.2,0.5999999999999979,107,3,152.88263498019595,58.43629671971575,602.3113415272437,602.3113415272437,72.84314162609135,484.545648559146
cadd,all_1_50,29.3,0.6000000000000014,101,3,144.30977694392325,53.723562398475785,573.5296442687746,573.5296442687746,68.82062521881595,459.23949397524603
cadd,all_1_50,29.4,0.6999999999999993,108,3,154.31144465290808,56.2706402695872,623.1754161331626,623.1754161331626,74.00523401654493,491.49570202555464
cadd,all_1_50,29.5,0.8000000000000007,108,3,154.31144465290808,56.2706402695872,623.1754161331626,623.1754161331626,74.00523401654493,491.49570202555464
cadd,all_1_50,29.6,0.9000000000000021,108,3,154.31144465290808,56.2706402695872,623.1754161331626,623.1754161331626,74.00523401654493,491.49570202555464
cadd,all_1_50,29.7,1.0,108,3,154.31144465290808,56.2706402695872,623.1754161331626,623.1754161331626,74.00523401654493,491.49570202555464
cadd,all_1_50,29.8,1.1000000000000014,108,3,154.31144465290808,56.2706402695872,623.1754161331626,623.1754161331626,74.00523401654493,491.49570202555464
cadd,all_1_50,29.9,1.1000000000000014,142,5,121.73458411507193,40.100328947368425,755.2038523274477,755.2038523274477,66.67682005308521,336.6662235154059
cadd,all_1_50,30.0,1.0,117,4,125.3780487804878,39.08822414416093,724.4584980237153,724.4584980237153,64.27689896231517,498.45224262758245
cadd,all_1_50,31.0,1.0,155,5,132.8792995622264,46.842660056300275,890.7623646740739,890.7623646740739,73.07565565265872,367.585260321797
cadd,all_1_50,32.0,0.0,98,3,140.02334792578694,46.424799674076475,561.7802797703354,561.7802797703354,67.43419839865054,448.45645645645646
cadd,all_1_50,33.0,0.0,102,4,109.30393996247655,56.87014581941927,311.9423419780935,311.9423419780935,56.23401673131313,433.1955862906308
cadd,all_1_50,34.0,0.0,136,20,29.147717323327083,18.424857195544487,273.33999699770516,273.33999699770516,20.443738789510444,45.8296256656305
cadd,all_1_50,35.0,0.0,106,2,227.1807379612258,117.2808901106103,441.6093117200332,441.6093117200332,97.0191750763909,504.85262785875847
cadd,all_1_50,36.0,1.0,118,2,252.89931207004378,134.83382617272116,465.11835722138056,465.11835722138056,108.23981210433766,559.3919393618012
