tool,stratum,score,eps,n_damaging_in_window,n_normal_in_window,local_lr,lr_lo_gene_boot,lr_hi_gene_boot,lr_hi_bootstrap_only,lr_lo_variant_boot,lr_hi_variant_boot
avi_splice_site_usage,s3_50,0.0078125,0.0,39,1703,0.19637044505257095,0.04015058615784569,0.24759448541583057,0.24759448541583057,0.1460532804419744,0.24738419280077392
avi_splice_site_usage,s3_50,0.0087890625,0.0009765625,39,1728,0.19352943745632428,0.038797620862187195,0.24461207752911956,0.24461207752911956,0.14407335042601493,0.24374232216199493
avi_splice_site_usage,s3_50,0.0089111328125,0.0010986328125,39,1728,0.19352943745632428,0.038797620862187195,0.24461207752911956,0.24461207752911956,0.14407335042601493,0.24374232216199493
avi_splice_site_usage,s3_50,0.00968170166015625,0.00186920166015625,39,1736,0.1926375967307191,0.03866011925111322,0.24322036673215455,0.24322036673215455,0.14332260804773375,0.2426538634613402
avi_splice_site_usage,s3_50,0.009765625,0.001953125,61,2307,0.22672969605766424,0.04018975452723583,0.29816680536474316,0.29816680536474316,0.18067583314956115,0.2730914533580126
avi_splice_site_usage,s3_50,0.0103759765625,0.0013427734375,22,594,0.3175867691590962,0.02425643833188803,0.49039569727237803,0.49039569727237803,0.20786419503920964,0.4353624762946667
avi_splice_site_usage,s3_50,0.010402679443359375,0.001316070556640625,22,594,0.3175867691590962,0.02425643833188803,0.49039569727237803,0.49039569727237803,0.20786419503920964,0.4353624762946667
avi_splice_site_usage,s3_50,0.010498046875,0.001220703125,22,594,0.3175867691590962,0.02425643833188803,0.49039569727237803,0.49039569727237803,0.20786419503920964,0.4353624762946667
avi_splice_site_usage,s3_50,0.010522842407226562,0.0011959075927734375,22,594,0.3175867691590962,0.02425643833188803,0.49039569727237803,0.49039569727237803,0.20786419503920964,0.4353624762946667
avi_splice_site_usage,s3_50,0.010572433471679688,0.0011463165283203125,22,594,0.3175867691590962,0.02425643833188803,0.49039569727237803,0.49039569727237803,0.20786419503920964,0.4353624762946667
avi_splice_site_usage,s3_50,0.0106201171875,0.0010986328125,22,594,0.3175867691590962,0.02425643833188803,0.49039569727237803,0.49039569727237803,0.20786419503920964,0.4353624762946667
avi_splice_site_usage,s3_50,0.0107421875,0.0009765625,22,593,0.3181223286349126,0.02425643833188803,0.49183380782156394,0.49183380782156394,0.20838031845939084,0.43613931337178413
avi_splice_site_usage,s3_50,0.01171875,0.0,22,571,0.3303792309641036,0.025245481472171167,0.5124133252094214,0.5124133252094214,0.21642653110849286,0.4536271786949363
avi_splice_site_usage,s3_50,0.011988639831542969,0.00026988983154296875,22,573,0.32922607483508404,0.025245481472171167,0.5088576806302745,0.5088576806302745,0.21571520780880332,0.451241236195662
avi_splice_site_usage,s3_50,0.01220703125,0.00048828125,22,573,0.32922607483508404,0.025245481472171167,0.5088576806302745,0.5088576806302745,0.21571520780880332,0.451241236195662
avi_splice_site_usage,s3_50,0.01318359375,0.00146484375,24,606,0.33959773335824145,0.045980003977508996,0.5208029521166371,0.5208029521166371,0.22822282649617648,0.4608469805109569
avi_splice_site_usage,s3_50,0.013427734375,0.001708984375,24,606,0.33959773335824145,0.045980003977508996,0.5208029521166371,0.5208029521166371,0.22822282649617648,0.4608469805109569
avi_splice_site_usage,s3_50,0.013671875,0.001953125,58,2061,0.24131047088944427,0.0670665452938176,0.4287417802738383,0.4287417802738383,0.1930407983689636,0.29315727847187323
avi_splice_site_usage,s3_50,0.013916015625,0.001708984375,36,1489,0.20731654776537373,0.06747753960517916,0.38729508196721313,0.38729508196721313,0.15388395490427426,0.264857371353924
avi_splice_site_usage,s3_50,0.0140380859375,0.0015869140625,36,1488,0.20745587340231283,0.06747753960517916,0.3880903490759754,0.3880903490759754,0.15398435991502102,0.26495118327166794
avi_splice_site_usage,s3_50,0.01416015625,0.00146484375,36,1488,0.20745587340231283,0.06747753960517916,0.3880903490759754,0.3880903490759754,0.15398435991502102,0.26495118327166794
avi_splice_site_usage,s3_50,0.014404296875,0.001220703125,36,1488,0.20745587340231283,0.06747753960517916,0.3880903490759754,0.3880903490759754,0.15398435991502102,0.26495118327166794
avi_splice_site_usage,s3_50,0.0145263671875,0.0010986328125,35,1486,0.2019646681395329,0.06747753960517916,0.3750315374196859,0.3750315374196859,0.14916268614503914,0.2585562968427363
avi_splice_site_usage,s3_50,0.0146484375,0.0009765625,35,1484,0.20223685771923577,0.06747753960517916,0.3765885464336542,0.3765885464336542,0.14944681296666593,0.25902947325631254
avi_splice_site_usage,s3_50,0.015625,0.0,34,1455,0.2003743327065638,0.055918286043114517,0.38408851422550055,0.38408851422550055,0.14718511061861517,0.25732390633833374
avi_splice_site_usage,s3_50,0.01577901840209961,0.00015401840209960938,35,1455,0.20626769543322743,0.055918286043114517,0.3983269196282679,0.3983269196282679,0.15239425571070722,0.2638858205578597
avi_splice_site_usage,s3_50,0.016357421875,0.000732421875,35,1458,0.2058432763068216,0.05579135614738903,0.39589039592226655,0.39589039592226655,0.15213560885731803,0.26339813345665664
avi_splice_site_usage,s3_50,0.0166015625,0.0009765625,35,1465,0.20485972481593578,0.05549530354657053,0.39305691817502453,0.39305691817502453,0.15132060845400028,0.2620968976417894
avi_splice_site_usage,s3_50,0.017578125,0.001953125,49,1703,0.24672184121989682,0.07003011886999651,0.452101856566527,0.452101856566527,0.19344401978078632,0.3042894884019919
avi_splice_site_usage,s3_50,0.017822265625,0.001708984375,14,248,0.4840637046053966,0.0982401451946044,0.7283441646357974,0.7283441646357974,0.2867192517338807,0.7147612440068981
avi_splice_site_usage,s3_50,0.0181884765625,0.0013427734375,14,245,0.48999101527403416,0.10040766399220422,0.7356110547667342,0.7356110547667342,0.290206128533076,0.7257609846397571
avi_splice_site_usage,s3_50,0.0185546875,0.0009765625,14,245,0.48999101527403416,0.10040766399220422,0.7356110547667342,0.7356110547667342,0.290206128533076,0.7257609846397571
avi_splice_site_usage,s3_50,0.0186767578125,0.0008544921875,14,238,0.5044025157232704,0.10388538476440613,0.7686979365679907,0.7686979365679907,0.2982621908795002,0.7477912687520124
avi_splice_site_usage,s3_50,0.019287109375,0.000244140625,14,234,0.5130247809493093,0.10388538476440613,0.7962226357339834,0.7962226357339834,0.30331941575574023,0.7609148936170212
avi_splice_site_usage,s3_50,0.01953125,0.0,14,232,0.517447408371286,0.10388538476440613,0.8106620682064172,0.8106620682064172,0.3059893072953384,0.7673944336861307
avi_splice_site_usage,s3_50,0.019775390625,0.000244140625,15,234,0.5496694081599742,0.10388538476440613,0.8568141234513356,0.8568141234513356,0.33076666762747,0.8065628331710931
avi_splice_site_usage,s3_50,0.02001953125,0.00048828125,15,238,0.5404312668463612,0.10388538476440613,0.8276306778987828,0.8276306778987828,0.32421604920449426,0.792645128624134
avi_splice_site_usage,s3_50,0.020334243774414062,0.0008029937744140625,16,239,0.5740480513670693,0.10388538476440613,0.8794875814681883,0.8794875814681883,0.3513472688059734,0.8345168370071709
avi_splice_site_usage,s3_50,0.0205078125,0.0009765625,16,255,0.5380293501048218,0.09601816340022398,0.8552371719843387,0.8552371719843387,0.32964710033890204,0.7828194292396452
avi_splice_site_usage,s3_50,0.020751953125,0.001220703125,16,257,0.5338423512713213,0.09601816340022398,0.8421989134751225,0.8421989134751225,0.3277477348272105,0.7762657645878775
avi_splice_site_usage,s3_50,0.02099609375,0.00146484375,16,259,0.5297200165124692,0.09601816340022398,0.827109324529647,0.827109324529647,0.3246254637998043,0.7706952574618784
avi_splice_site_usage,s3_50,0.02114105224609375,0.00160980224609375,16,260,0.5276826318335752,0.09601816340022398,0.8196130404115245,0.8196130404115245,0.3236494039529577,0.7677814049946161
avi_splice_site_usage,s3_50,0.021484375,0.001953125,29,811,0.30662199784410893,0.10585215543294069,0.5044641373655626,0.5044641373655626,0.2177759383225119,0.40534994276299763
avi_splice_site_usage,s3_50,0.02197265625,0.00146484375,14,576,0.20841631726065687,0.08006709856407881,0.3318268483864134,0.3318268483864134,0.11940333873172247,0.30531232649258006
avi_splice_site_usage,s3_50,0.022216796875,0.001220703125,14,572,0.20987377402471744,0.08006709856407881,0.3386569035847615,0.3386569035847615,0.12022643488437224,0.3075458207316701
avi_splice_site_usage,s3_50,0.022705078125,0.000732421875,13,556,0.2004909280123071,0.08284456807870866,0.3092297394128041,0.3092297394128041,0.11284715220769043,0.2973325219028194
avi_splice_site_usage,s3_50,0.0233154296875,0.0001220703125,13,551,0.20231026492711934,0.08284456807870866,0.3186035451445707,0.3186035451445707,0.11400691496999779,0.29969418753067434
avi_splice_site_usage,s3_50,0.0234375,0.0,13,550,0.20267810177244142,0.08284456807870866,0.3198242483826724,0.3198242483826724,0.11430913804107325,0.300182750831903
avi_splice_site_usage,s3_50,0.0244140625,0.0009765625,16,560,0.24499550763701705,0.08176783687526906,0.42251916240801923,0.42251916240801923,0.14782573671392488,0.35133061655087783
avi_splice_site_usage,s3_50,0.024658203125,0.001220703125,16,560,0.24499550763701705,0.08176783687526906,0.42251916240801923,0.42251916240801923,0.14782573671392488,0.35133061655087783
avi_splice_site_usage,s3_50,0.02532958984375,0.00189208984375,18,566,0.2726981798786586,0.08166109035193321,0.48449585328998723,0.48449585328998723,0.1709623847788443,0.38457253659059104
avi_splice_site_usage,s3_50,0.025390625,0.001953125,23,726,0.27165479841294593,0.11154567204788376,0.4445073790868183,0.4445073790868183,0.18083453414010278,0.3684333394445752
avi_splice_site_usage,s3_50,0.026123046875,0.001220703125,7,172,0.3489761591341231,0.11085355876738477,0.5416051565903565,0.5416051565903565,0.1471197274727008,0.5902815453809187
avi_splice_site_usage,s3_50,0.0263671875,0.0009765625,7,171,0.3510169553863695,0.11085355876738477,0.5468708454775656,0.5468708454775656,0.14831188011509294,0.5940339770831758
avi_splice_site_usage,s3_50,0.02685546875,0.00048828125,6,165,0.31181246426529446,0.11874125874125874,0.4695124827178135,0.4695124827178135,0.10840898232202581,0.5463760122145215
avi_splice_site_usage,s3_50,0.02734375,0.0,5,160,0.26796383647798744,0.1134648862285097,0.4069256536303128,0.4069256536303128,0.09676802017118916,0.4909571733043068
avi_splice_site_usage,s3_50,0.02752685546875,0.00018310546875,5,161,0.26629946482284467,0.11342409271534099,0.4035750283228119,0.4035750283228119,0.09620873958186187,0.48678960463729437
avi_splice_site_usage,s3_50,0.0279541015625,0.0006103515625,5,163,0.26303198672685885,0.11342409271534099,0.39698874596074896,0.39698874596074896,0.09507263407278901,0.4803910225827313
avi_splice_site_usage,s3_50,0.0283203125,0.0009765625,5,188,0.2280543289174361,0.09059946499831899,0.3687702061552673,0.3687702061552673,0.08291469541042774,0.41642165452629654
avi_splice_site_usage,s3_50,0.02911376953125,0.00177001953125,5,190,0.22565375703409468,0.09059946499831899,0.3658360399013937,0.3658360399013937,0.08210417456107111,0.41189500567903714
avi_splice_site_usage,s3_50,0.029296875,0.001953125,9,464,0.1663223812621991,0.04650244583153751,0.2892724461136939,0.2892724461136939,0.07857282569926248,0.26494198616580517
avi_splice_site_usage,s3_50,0.0294189453125,0.0018310546875,4,303,0.11319924445274715,0.0,0.24340125028941884,0.24340125028941884,0.02795642471765012,0.2128083861134619
avi_splice_site_usage,s3_50,0.029541015625,0.001708984375,4,303,0.11319924445274715,0.0,0.24340125028941884,0.24340125028941884,0.02795642471765012,0.2128083861134619
avi_splice_site_usage,s3_50,0.03125,0.0,4,274,0.12518018638387732,0.0,0.27408672875625245,0.27408672875625245,0.03087282135076253,0.23559908400922838
avi_splice_site_usage,s3_50,0.03173828125,0.00048828125,4,279,0.12293681386803725,0.0,0.25863071021736606,0.25863071021736606,0.030302376263357248,0.23168543864181257
avi_splice_site_usage,s3_50,0.03216552734375,0.00091552734375,4,279,0.12293681386803725,0.0,0.25863071021736606,0.25863071021736606,0.030302376263357248,0.23168543864181257
avi_splice_site_usage,s3_50,0.0322265625,0.0009765625,4,280,0.12249775381850853,0.0,0.25622672648040584,0.25622672648040584,0.03023592361978761,0.23090166526864464
avi_splice_site_usage,s3_50,0.033203125,0.001953125,10,370,0.23175250722420535,0.056252334303956875,0.3951268167569108,0.3951268167569108,0.11640053174564048,0.3604152208956273
avi_splice_site_usage,s3_50,0.03326416015625,0.00189208984375,6,96,0.5359276729559749,0.17848155249913175,0.7992976790866078,0.7992976790866078,0.18824144669841184,0.9449632805337176
avi_splice_site_usage,s3_50,0.033660888671875,0.001495361328125,6,95,0.5415690168818272,0.17855347273085884,0.8136324124856578,0.8136324124856578,0.1910387859886997,0.9514358300134855
avi_splice_site_usage,s3_50,0.03448486328125,0.00225830078125,6,94,0.5473303894018466,0.17976112878796474,0.8350894481503943,0.8350894481503943,0.19332952604836137,0.9657009148194821
avi_splice_site_usage,s3_50,0.03466796875,0.00244140625,7,105,0.5716561844863731,0.3260720018344416,0.7800791958574474,0.7800791958574474,0.23761449028525328,0.9783758901529892
avi_splice_site_usage,s3_50,0.03485107421875,0.00225830078125,7,103,0.5827563045734871,0.3260720018344416,0.8132359550561797,0.8132359550561797,0.2429135929691034,0.9999133348488458
avi_splice_site_usage,s3_50,0.0350341796875,0.0020751953125,7,103,0.5827563045734871,0.3260720018344416,0.8132359550561797,0.8132359550561797,0.2429135929691034,0.9999133348488458
avi_splice_site_usage,s3_50,0.03515625,0.001953125,7,103,0.5827563045734871,0.3260720018344416,0.8132359550561797,0.8132359550561797,0.2429135929691034,0.9999133348488458
avi_splice_site_usage,s3_50,0.035888671875,0.001220703125,7,99,0.6063020138491837,0.33616712621152733,0.8877441732082811,0.8877441732082811,0.2525432512613321,1.040191720986794
avi_splice_site_usage,s3_50,0.037109375,0.001953125,18,302,0.5110833437460952,0.23059547466824057,0.7380006755065079,0.7380006755065079,0.3201189473043434,0.7271000269592758
avi_splice_site_usage,s3_50,0.03721332550048828,0.0018491744995117188,13,217,0.5137002579485842,0.22496440102073906,0.7607252410441705,0.7607252410441705,0.2906867350509694,0.7742176084037242
avi_splice_site_usage,s3_50,0.0380859375,0.0009765625,13,216,0.5160784998835314,0.22496440102073906,0.7690645828545162,0.7690645828545162,0.29191036773303286,0.7781593422762302
avi_splice_site_usage,s3_50,0.03857421875,0.00048828125,12,204,0.5044025157232704,0.19472765683843116,0.782095824965225,0.782095824965225,0.2777770244365231,0.7704237894026281
avi_splice_site_usage,s3_50,0.0390625,0.0,12,201,0.5119309114803342,0.19472765683843116,0.8106332138590202,0.8106332138590202,0.28154284500794347,0.7825443890166904
avi_splice_site_usage,s3_50,0.0400390625,0.0009765625,12,205,0.5019420156465716,0.19260558718390047,0.7782884980191125,0.7782884980191125,0.27645763606099677,0.7660396030678612
avi_splice_site_usage,s3_50,0.04052734375,0.00146484375,12,206,0.49950540392013193,0.19260558718390047,0.7704529029440168,0.7704529029440168,0.2749139736857292,0.762840966030552
avi_splice_site_usage,s3_50,0.041015625,0.001953125,17,261,0.5585146630039278,0.2733329669341331,0.8302312219646233,0.8302312219646233,0.34412189378164226,0.7975337027076652
avi_splice_site_usage,s3_50,0.0419921875,0.0029296875,18,265,0.582442150231399,0.27473188237836377,0.8820130475302889,0.8820130475302889,0.3630693605641242,0.8275069113783515
avi_splice_site_usage,s3_50,0.04296875,0.00390625,25,398,0.5386207768401757,0.26097916321160125,0.8399207150490262,0.8399207150490262,0.36595516545623513,0.7331473590520633
avi_splice_site_usage,s3_50,0.04302978515625,0.00384521484375,13,197,0.5658525684002171,0.24008831557384053,0.944527108836428,0.944527108836428,0.3192288726971805,0.8576234805933369
avi_splice_site_usage,s3_50,0.044921875,0.001953125,13,192,0.5805883123689727,0.2430965317923828,0.9929623205376468,0.9929623205376468,0.32792984994366486,0.878674675236091
avi_splice_site_usage,s3_50,0.04541015625,0.00146484375,7,137,0.4381306523435706,0.08937653652658908,0.8318424519797517,0.8318424519797517,0.18608989581023225,0.7477655508907838
avi_splice_site_usage,s3_50,0.04638671875,0.00048828125,7,132,0.4547265103868878,0.08952979379846675,0.8684788577704557,0.8684788577704557,0.19271786550790831,0.7760849690832041
avi_splice_site_usage,s3_50,0.046875,0.0,6,132,0.38976558033161807,0.08952979379846675,0.690059758147996,0.690059758147996,0.14143277199271792,0.6892259874765649
avi_splice_site_usage,s3_50,0.04833984375,0.00146484375,6,135,0.38110412299091545,0.08831706457533377,0.668747737965979,0.668747737965979,0.1382344553735164,0.6720790520187903
avi_splice_site_usage,s3_50,0.048828125,0.001953125,7,200,0.3001194968553459,0.12970733938101364,0.4746994640111178,0.4746994640111178,0.1268191582893733,0.5078482891123568
avi_splice_site_usage,s3_50,0.05078125,0.00390625,15,310,0.41491174680462567,0.11842022820782368,0.7828911605213263,0.7828911605213263,0.24704849491828634,0.6036141949774492
avi_splice_site_usage,s3_50,0.0517578125,0.0029296875,9,177,0.4360089542692676,0.07638574277595826,0.8558433121870774,0.8558433121870774,0.20909467399746667,0.6937372904382187
avi_splice_site_usage,s3_50,0.052734375,0.001953125,9,175,0.4409919137466307,0.07681593455852982,0.8619617021590207,0.8619617021590207,0.21153402120006365,0.702719763649836
avi_splice_site_usage,s3_50,0.05419921875,0.00048828125,8,103,0.6660072052268425,0.09342471325052165,1.4963425537419155,1.4963425537419155,0.30251666944340216,1.1010473873088764
avi_splice_site_usage,s3_50,0.0546875,0.0,8,102,0.6725366876310273,0.09342471325052165,1.5521414434140475,1.5521414434140475,0.30596064193260314,1.1136830143196148
avi_splice_site_usage,s3_50,0.0556640625,0.0009765625,9,106,0.7280526877892488,0.08761070853462158,1.7579750346740635,1.7579750346740635,0.3469499539026233,1.184430995569162
avi_splice_site_usage,s3_50,0.05615234375,0.00146484375,9,106,0.7280526877892488,0.08761070853462158,1.7579750346740635,1.7579750346740635,0.3469499539026233,1.184430995569162
avi_splice_site_usage,s3_50,0.056640625,0.001953125,10,158,0.5427115675503543,0.08157709932125314,1.1915169483594097,1.1915169483594097,0.2760591710276739,0.8552406813344411
avi_splice_site_usage,s3_50,0.05859375,0.00390625,16,210,0.6533213536987121,0.20318062040589893,1.1752120617181403,1.1752120617181403,0.39667045655258637,0.9413074647035394
avi_splice_site_usage,s3_50,0.060546875,0.001953125,7,104,0.5771528785679729,0.2661804051471525,0.9156018698870277,0.9156018698870277,0.23651855722779638,0.9704318194081637
avi_splice_site_usage,s3_50,0.0625,0.00390625,7,146,0.4111225984319807,0.19679770163268165,0.6445964834841463,0.6445964834841463,0.16994291387441052,0.689672991679889
avi_splice_site_usage,s3_50,0.06396484375,0.00341796875,6,94,0.5473303894018466,0.31399183856000895,0.8021773381071128,0.8021773381071128,0.1923271081262288,0.9577727559114451
avi_splice_site_usage,s3_50,0.064453125,0.003662109375,5,95,0.45130751406818936,0.2357207838709142,0.7336605145555964,0.7336605145555964,0.16033173375461318,0.821006699677891
avi_splice_site_usage,s3_50,0.0660400390625,0.0035400390625,5,97,0.44200220449977307,0.23134504078246151,0.7255102040816326,0.7255102040816326,0.15689024221510306,0.806155422446406
avi_splice_site_usage,s3_50,0.06640625,0.00390625,15,146,0.8809769966399585,0.19446538773002708,1.5579510250030115,1.5579510250030115,0.5162769696548734,1.2963285132162436
avi_splice_site_usage,s3_50,0.068115234375,0.002197265625,10,92,0.9320481268799563,0.0,2.050307045895281,2.050307045895281,0.4713458723089413,1.4922676605282896
avi_splice_site_usage,s3_50,0.068359375,0.001953125,10,91,0.9422904139885273,0.0,2.106224279835391,2.106224279835391,0.4760264865692696,1.5104034863700313
avi_splice_site_usage,s3_50,0.0693359375,0.0029296875,10,94,0.9122173156697444,0.0,2.030655023711612,2.030655023711612,0.4592600832512542,1.4616179001198057
avi_splice_site_usage,s3_50,0.06982421875,0.00341796875,10,95,0.9026150281363787,0.0,1.9811204191069265,1.9811204191069265,0.4548851130125963,1.4478524335133038
avi_splice_site_usage,s3_50,0.0703125,0.00390625,11,132,0.7145702306079665,0.0,1.5219170817308276,1.5219170817308276,0.37593526216463624,1.1088639890222893
avi_splice_site_usage,s3_50,0.0712890625,0.0029296875,11,92,1.025252939567952,0.0,2.317828737467874,2.317828737467874,0.5385691884833939,1.6066461254172477
avi_splice_site_usage,s3_50,0.072265625,0.001953125,11,89,1.0598120274185572,0.0,2.5086109738012854,2.5086109738012854,0.5560591810840014,1.661282429053047
avi_splice_site_usage,s3_50,0.07275390625,0.00244140625,11,90,1.0480363382250175,0.0,2.4230901451489686,2.4230901451489686,0.5484929307349719,1.6429105854002686
avi_splice_site_usage,s3_50,0.07421875,0.00390625,15,136,0.9457547169811321,0.17575643793610565,2.0744157879737815,2.0744157879737815,0.557209841444526,1.4093293038552088
avi_splice_site_usage,s3_50,0.07470703125,0.00439453125,15,136,0.9457547169811321,0.17575643793610565,2.0744157879737815,2.0744157879737815,0.557209841444526,1.4093293038552088
avi_splice_site_usage,s3_50,0.076171875,0.005859375,21,162,1.1115536920568367,0.2544000376563627,2.169238923044308,2.169238923044308,0.7178170089326751,1.5650953652389954
avi_splice_site_usage,s3_50,0.078125,0.00390625,11,110,0.8574842767295598,0.3965154082588558,1.3593582121624526,1.3593582121624526,0.44813240931550813,1.352549440236491
avi_splice_site_usage,s3_50,0.080078125,0.005859375,13,151,0.7382314965221375,0.2752766484206699,1.3226904059869664,1.3226904059869664,0.41334782304659395,1.1214520414339422
avi_splice_site_usage,s3_50,0.08203125,0.00390625,12,109,0.9440193872252034,0.3718366768244907,1.7357142857142858,1.7357142857142858,0.5102618541061826,1.4652686016881553
avi_splice_site_usage,s3_50,0.083984375,0.005859375,15,128,1.004864386792453,0.32444805127244725,1.9200578392894028,1.9200578392894028,0.5940972222222223,1.5015708893322286
avi_splice_site_usage,s3_50,0.0849609375,0.0068359375,15,129,0.997074740383209,0.32444805127244725,1.880056634304207,1.880056634304207,0.5912151248501003,1.4927533687001717
avi_splice_site_usage,s3_50,0.0859375,0.0078125,18,148,1.0428862825089238,0.28916646866353896,1.9053550092327745,1.9053550092327745,0.6522585828395889,1.5128927849638774
avi_splice_site_usage,s3_50,0.08642578125,0.00732421875,14,106,1.1325264032277205,0.1180326938628644,2.0965599801126666,2.0965599801126666,0.6541099525321802,1.7182693293971247
avi_splice_site_usage,s3_50,0.0869140625,0.0068359375,14,106,1.1325264032277205,0.1180326938628644,2.0965599801126666,2.0965599801126666,0.6541099525321802,1.7182693293971247
avi_splice_site_usage,s3_50,0.087890625,0.005859375,14,105,1.1433123689727462,0.11901754718329999,2.1070052288518015,2.1070052288518015,0.6600950280625406,1.732292326082223
avi_splice_site_usage,s3_50,0.08837890625,0.00634765625,14,105,1.1433123689727462,0.11901754718329999,2.1070052288518015,2.1070052288518015,0.6600950280625406,1.732292326082223
avi_splice_site_usage,s3_50,0.08984375,0.0078125,17,128,1.1388463050314466,0.2916326530612245,1.9133152183147364,1.9133152183147364,0.6974095064615976,1.652010578323874
avi_splice_site_usage,s3_50,0.09116840362548828,0.006487846374511719,11,99,0.9527603074772887,0.20760527766071254,1.7344023704589064,1.7344023704589064,0.5034778126708405,1.5049515014723325
avi_splice_site_usage,s3_50,0.09375,0.0078125,14,124,0.9681274092107932,0.368454068876576,1.4806895531222257,1.4806895531222257,0.5658484339575288,1.4527343639107912
avi_splice_site_usage,s3_50,0.0966796875,0.0087890625,13,103,1.082261708493619,0.4919890086662439,1.582920691614579,1.582920691614579,0.614951604902987,1.6583345802709182
avi_splice_site_usage,s3_50,0.09765625,0.0078125,13,101,1.103692633414285,0.49587348889485067,1.642626640893313,1.642626640893313,0.6293994859630669,1.6938326221216593
avi_splice_site_usage,s3_50,0.09912109375,0.00927734375,15,102,1.2610062893081762,0.566144103610383,1.8424346737599748,1.8424346737599748,0.7454065603529153,1.9085362842229368
avi_splice_site_usage,s3_50,0.1015625,0.0078125,17,105,1.3883078766097634,0.8546793358211019,1.9245667152204569,1.9245667152204569,0.8573416557387535,2.053874092009685
avi_splice_site_usage,s3_50,0.103515625,0.0068359375,14,86,1.3959046365364924,0.7892146814635835,2.1793310785419013,2.1793310785419013,0.806232609110158,2.1383087234577314
avi_splice_site_usage,s3_50,0.10546875,0.0078125,14,99,1.2126040276983674,0.7325398384648285,1.8085809723663127,1.8085809723663127,0.6964413061261288,1.851794756216663
avi_splice_site_usage,s3_50,0.10595703125,0.00830078125,14,100,1.2004779874213836,0.728501926741849,1.7868932676675535,1.7868932676675535,0.6917972417858019,1.8300425594839573
avi_splice_site_usage,s3_50,0.10617828369140625,0.00852203369140625,14,100,1.2004779874213836,0.728501926741849,1.7868932676675535,1.7868932676675535,0.6917972417858019,1.8300425594839573
avi_splice_site_usage,s3_50,0.10723876953125,0.00958251953125,14,100,1.2004779874213836,0.728501926741849,1.7868932676675535,1.7868932676675535,0.6917972417858019,1.8300425594839573
avi_splice_site_usage,s3_50,0.10888671875,0.00830078125,14,93,1.290836545614391,1.014438202247191,1.688005242342632,1.688005242342632,0.7457219280359224,1.9746525261840457
avi_splice_site_usage,s3_50,0.109375,0.0078125,14,93,1.290836545614391,1.014438202247191,1.688005242342632,1.688005242342632,0.7457219280359224,1.9746525261840457
avi_splice_site_usage,s3_50,0.11083984375,0.00927734375,14,94,1.2771042419376422,1.014438202247191,1.642469949499657,1.642469949499657,0.7378216448957073,1.9485473083614153
avi_splice_site_usage,s3_50,0.11328125,0.01171875,18,120,1.2862264150943394,0.9745649257272582,1.594578940451498,1.594578940451498,0.8003196587962921,1.8731607125225989
avi_splice_site_usage,s3_50,0.11376953125,0.01123046875,14,96,1.2504979035639412,0.9051590106007067,1.5374180467071075,1.5374180467071075,0.7271753749238836,1.8977968796208917
avi_splice_site_usage,s3_50,0.1171875,0.01171875,18,110,1.403156089193825,0.9669110040056482,1.7528057275541793,1.7528057275541793,0.8686885468382732,2.0473909758800013
avi_splice_site_usage,s3_50,0.119140625,0.009765625,14,93,1.290836545614391,0.9370327402108561,1.7513597513597514,1.7513597513597514,0.742270657556745,1.971317906789171
avi_splice_site_usage,s3_50,0.12109375,0.01171875,20,102,1.6813417190775684,1.187738266814875,2.323569110917143,2.323569110917143,1.0771359594338843,2.434662611335074
avi_splice_site_usage,s3_50,0.12255859375,0.01171875,17,83,1.7562930969159656,1.0331234497432573,2.680484786068036,2.680484786068036,1.0662766325095439,2.6239578986263257
avi_splice_site_usage,s3_50,0.125,0.01171875,18,90,1.7149685534591195,1.0190505922263176,2.51579605880513,2.51579605880513,1.0497187065329798,2.536839467161717
avi_splice_site_usage,s3_50,0.1259765625,0.0126953125,18,91,1.6961227451793488,1.0087058823529411,2.5125889266934736,2.5125889266934736,1.0393586916685378,2.5079628325310437
avi_splice_site_usage,s3_50,0.126953125,0.013671875,21,98,1.837466307277628,1.1831924643355411,2.454950989023889,2.454950989023889,1.172174202553185,2.6711430361401542
avi_splice_site_usage,s3_50,0.12841796875,0.01220703125,21,84,2.1437106918238995,1.3320260534738049,2.9104542739543264,2.9104542739543264,1.3679837761325266,3.1325142079564556
avi_splice_site_usage,s3_50,0.12890625,0.01171875,21,84,2.1437106918238995,1.3320260534738049,2.9104542739543264,2.9104542739543264,1.3679837761325266,3.1325142079564556
avi_splice_site_usage,s3_50,0.1328125,0.015625,25,102,2.10167714884696,1.271764252696456,2.8412696244518267,2.8412696244518267,1.4039433627522644,2.97269943553089
avi_splice_site_usage,s3_50,0.1337890625,0.0146484375,22,86,2.1935644288430596,1.171828024859336,3.08558494964585,3.08558494964585,1.4132780930409017,3.1779556166536995
avi_splice_site_usage,s3_50,0.1357421875,0.0146484375,22,85,2.21937106918239,1.1858917678885017,3.1530268548020026,3.1530268548020026,1.432662976721089,3.2197956944935626
avi_splice_site_usage,s3_50,0.13671875,0.015625,25,95,2.2565375703409467,1.1126976387824754,3.2663125300225406,3.2663125300225406,1.4949974691401315,3.2010480090639506
avi_splice_site_usage,s3_50,0.138671875,0.013671875,21,86,2.093856954804739,1.1440058851077615,3.0317355844899128,3.0317355844899128,1.334623262227887,3.046822461900222
avi_splice_site_usage,s3_50,0.140625,0.015625,24,95,2.166276067527309,1.3819238536866358,3.0022182951255982,3.0022182951255982,1.4271666062811446,3.088259022123298
avi_splice_site_usage,s3_50,0.14453125,0.015625,26,80,2.7868238993710692,1.655543332797906,4.178744980701834,4.178744980701834,1.8619388966642683,3.9713871808817127
avi_splice_site_usage,s3_50,0.146484375,0.017578125,26,88,2.5334762721555175,1.5280030880913704,3.6455853198381116,3.6455853198381116,1.7059049373976747,3.5922391302774037
avi_splice_site_usage,s3_50,0.1484375,0.015625,22,78,2.4185453959038865,1.3822739065974794,3.706302794022092,3.706302794022092,1.5598127689375512,3.5199149144519004
avi_splice_site_usage,s3_50,0.15185546875,0.01611328125,18,82,1.8822825586746432,0.9144486692015209,3.235576037767134,3.235576037767134,1.1616209744408623,2.7868310372703773
avi_splice_site_usage,s3_50,0.15234375,0.0166015625,18,82,1.8822825586746432,0.9144486692015209,3.235576037767134,3.235576037767134,1.1616209744408623,2.7868310372703773
avi_splice_site_usage,s3_50,0.154296875,0.017578125,20,87,1.971228222366804,0.9513468633127753,3.304395151636554,3.304395151636554,1.249891794987729,2.8823753551786075
avi_splice_site_usage,s3_50,0.15625,0.017578125,19,82,1.986853811934346,1.0458491589799241,3.154049889746225,3.154049889746225,1.2508533257628263,2.940167960219522
avi_splice_site_usage,s3_50,0.16015625,0.01953125,20,92,1.8640962537599126,0.987479562790006,2.84076141217461,2.84076141217461,1.19478474321023,2.7217485079637065
avi_splice_site_usage,s3_50,0.162109375,0.017578125,17,85,1.7149685534591192,0.8865395821193707,2.6068471886857534,2.6068471886857534,1.0463145614574765,2.558079726961622
avi_splice_site_usage,s3_50,0.16357421875,0.01904296875,18,85,1.8158490566037733,0.8865395821193707,2.7918836805555554,2.7918836805555554,1.124328789756299,2.69127179203939
avi_splice_site_usage,s3_50,0.1640625,0.01953125,20,91,1.8845808279770546,0.9045265363251541,2.921927754501708,2.921927754501708,1.1987926606775996,2.751993483659824
avi_splice_site_usage,s3_50,0.166015625,0.01806640625,18,82,1.8822825586746432,0.9754119138149556,2.8120495036039714,2.8120495036039714,1.1692770084453514,2.7895452129405505
avi_splice_site_usage,s3_50,0.16650390625,0.01806640625,18,82,1.8822825586746432,0.9754119138149556,2.8120495036039714,2.8120495036039714,1.1692770084453514,2.7895452129405505
avi_splice_site_usage,s3_50,0.16796875,0.01953125,21,89,2.0232775068899724,0.9018759018759019,3.1458435159025826,3.1458435159025826,1.304981765472107,2.9203961142446153
avi_splice_site_usage,s3_50,0.17081356048583984,0.018958091735839844,19,81,2.0113828713409427,0.8496463257768722,3.032429558745348,3.032429558745348,1.2613713034752154,2.9548269285026536
avi_splice_site_usage,s3_50,0.171875,0.01953125,19,87,1.872666811248464,0.7963304548087294,2.7908813838718833,2.7908813838718833,1.1827206656281808,2.7381319454362045
avi_splice_site_usage,s3_50,0.17333984375,0.02099609375,20,90,1.9055206149545774,0.7721377135066835,2.8766433776575764,2.8766433776575764,1.223085599140286,2.77396504728228
avi_splice_site_usage,s3_50,0.173828125,0.021484375,20,96,1.7864255765199162,0.7267224301122607,2.6187961985216472,2.6187961985216472,1.1440868328031109,2.584620898674848
avi_splice_site_usage,s3_50,0.17578125,0.01953125,17,84,1.735384845762204,0.6804545979000808,2.5652214091624663,2.5652214091624663,1.059926221870716,2.5867762888435277
avi_splice_site_usage,s3_50,0.1796875,0.01953125,18,84,1.8374663072776278,0.5831094193163159,2.784891325668598,2.784891325668598,1.143826536059065,2.7046659110577083
avi_splice_site_usage,s3_50,0.18212890625,0.02099609375,16,87,1.576982577893443,0.5454464918497519,2.3337927226328756,2.3337927226328756,0.9529407786908158,2.3534397886533904
avi_splice_site_usage,s3_50,0.18359375,0.01953125,16,84,1.6333033842467803,0.5454464918497519,2.505443425076453,2.505443425076453,0.9818776456634264,2.4335992572412
avi_splice_site_usage,s3_50,0.18408203125,0.02001953125,16,84,1.6333033842467803,0.5454464918497519,2.505443425076453,2.505443425076453,0.9818776456634264,2.4335992572412
avi_splice_site_usage,s3_50,0.1856689453125,0.0213623046875,20,85,2.0176100628930818,0.5643362337305605,3.225179131062442,3.225179131062442,1.291579812446718,2.9190062187911643
avi_splice_site_usage,s3_50,0.18701171875,0.02001953125,20,83,2.0662271728423125,0.5643362337305605,3.3787147382712326,3.3787147382712326,1.3227018775426211,2.9915255590696
avi_splice_site_usage,s3_50,0.1875,0.01953125,20,83,2.0662271728423125,0.5643362337305605,3.3787147382712326,3.3787147382712326,1.3227018775426211,2.9915255590696
avi_splice_site_usage,s3_50,0.19140625,0.021484375,19,82,1.986853811934346,0.3833213169911079,3.323208405427535,3.323208405427535,1.2478473406613735,2.895423970806762
avi_splice_site_usage,s3_50,0.1923828125,0.0205078125,18,82,1.8822825586746432,0.3833213169911079,3.237668408632024,3.237668408632024,1.1583391325836891,2.7679919049484267
avi_splice_site_usage,s3_50,0.19287109375,0.02099609375,18,82,1.8822825586746432,0.3833213169911079,3.237668408632024,3.237668408632024,1.1583391325836891,2.7679919049484267
avi_splice_site_usage,s3_50,0.193359375,0.021484375,19,86,1.8944420067280971,0.3741511819382127,3.1050143088216995,3.1050143088216995,1.1823422381090716,2.775700559390117
avi_splice_site_usage,s3_50,0.19482421875,0.02294921875,20,86,1.994149480766418,0.3741511819382127,3.282443697897225,3.282443697897225,1.2601153603527506,2.896282257241875
avi_splice_site_usage,s3_50,0.1953125,0.0234375,22,93,2.0284574288226147,0.5042334167334168,3.2548412958299933,3.2548412958299933,1.3139609064955562,2.9071232299986276
avi_splice_site_usage,s3_50,0.19921875,0.01953125,20,80,2.1437106918238995,0.405858651390378,3.6300896523801254,3.6300896523801254,1.3575817220730162,3.1507859354465837
avi_splice_site_usage,s3_50,0.201171875,0.021484375,20,85,2.0176100628930818,0.39010601402760986,3.425329900225298,3.425329900225298,1.2768173101352773,2.9495960027869232
avi_splice_site_usage,s3_50,0.203125,0.0234375,23,89,2.215970602784256,0.8018568984092781,3.4266512623985568,3.4266512623985568,1.4489032978661585,3.1743523557477378
avi_splice_site_usage,s3_50,0.205078125,0.021484375,22,83,2.272849890126544,0.8721952228311447,3.4547431630618366,3.4547431630618366,1.4623184748199503,3.2906819298491428
avi_splice_site_usage,s3_50,0.2069082260131836,0.023314476013183594,22,83,2.272849890126544,0.8721952228311447,3.4547431630618366,3.4547431630618366,1.4623184748199503,3.2906819298491428
avi_splice_site_usage,s3_50,0.20703125,0.0234375,22,89,2.1196240548371144,0.815002093465168,3.3142643489461783,3.3142643489461783,1.366638374280204,3.0626592643358426
avi_splice_site_usage,s3_50,0.208984375,0.02197265625,19,82,1.986853811934346,0.7642199384791233,3.05211313067055,3.05211313067055,1.2334743808742261,2.926443783448614
avi_splice_site_usage,s3_50,0.2109375,0.0234375,20,82,2.0914250651940485,0.7642199384791233,3.260736788951602,3.260736788951602,1.3265635713940798,3.0521094031400593
avi_splice_site_usage,s3_50,0.212890625,0.025390625,25,86,2.4926868509580222,0.9312657771018209,3.8896664354476846,3.8896664354476846,1.6533874606429357,3.5294139751714195
avi_splice_site_usage,s3_50,0.21484375,0.0234375,25,79,2.7135578377517713,1.0692013001274627,4.217589809167815,4.217589809167815,1.7945046552248007,3.880876674994322
avi_splice_site_usage,s3_50,0.216796875,0.025390625,26,81,2.7524186660455006,1.043437862950058,4.257125366897638,4.257125366897638,1.8451954401903616,3.895807087829172
avi_splice_site_usage,s3_50,0.21875,0.02587890625,25,75,2.8582809224318657,1.1605825888094627,4.346455302451606,4.346455302451606,1.8964202083253598,4.06574384707288
avi_splice_site_usage,s3_50,0.220703125,0.025390625,24,76,2.7078450844091364,1.091891330320503,4.162507551466146,4.162507551466146,1.784862442132738,3.8648570867677705
avi_splice_site_usage,s3_50,0.22265625,0.02734375,25,79,2.7135578377517713,1.2554595827900914,4.087383751535357,4.087383751535357,1.8030801522441646,3.8581889554978406
avi_splice_site_usage,s3_50,0.2265625,0.02734375,25,76,2.8206719629261836,1.324381254754354,4.282240971964635,4.282240971964635,1.871491975411145,4.031686863251892
avi_splice_site_usage,s3_50,0.23046875,0.03125,28,80,3.001194968553459,1.34562710720114,4.648226005344182,4.648226005344182,2.0297941264225736,4.219234390701089
avi_splice_site_usage,s3_50,0.234375,0.03125,25,80,2.679638364779874,1.094248303876237,4.200890073479967,4.200890073479967,1.7772567697341275,3.8262705383593367
avi_splice_site_usage,s3_50,0.23617935180664062,0.033054351806640625,25,81,2.646556409659135,1.0814475803034156,4.143960149439601,4.143960149439601,1.755365614903768,3.761585437175389
avi_splice_site_usage,s3_50,0.236328125,0.033203125,25,83,2.5827839660528906,1.03638726445744,4.133285680084533,4.133285680084533,1.7106678950838197,3.6671307597041825
avi_splice_site_usage,s3_50,0.23828125,0.033203125,25,75,2.8582809224318657,1.1678899237154714,4.492422696193489,4.492422696193489,1.880565763658467,4.073228549138404
avi_splice_site_usage,s3_50,0.23974609375,0.03369140625,28,75,3.201274633123689,1.6603842940685047,4.641460336876471,4.641460336876471,2.1640938630649766,4.502813126046849
avi_splice_site_usage,s3_50,0.2421875,0.03515625,28,80,3.001194968553459,1.5745238066838656,4.315117704703406,4.315117704703406,2.029145478971444,4.209307904823659
avi_splice_site_usage,s3_50,0.244140625,0.03515625,24,77,2.6726782651310956,1.4842887069129689,3.8883956880152186,3.8883956880152186,1.7582128021046277,3.819409000685647
avi_splice_site_usage,s3_50,0.24609375,0.03515625,25,78,2.748347040799871,1.468025078369906,4.034391799819716,4.034391799819716,1.8210359459816472,3.9055190395371984
avi_splice_site_usage,s3_50,0.25,0.037109375,27,75,3.086943396226415,1.7893313666580695,4.253759398496241,4.253759398496241,2.08143657262278,4.3700242820358
avi_splice_site_usage,s3_50,0.25390625,0.0390625,29,79,3.1477270917920546,1.9225435481143245,4.212284013358501,4.212284013358501,2.152759395993932,4.377971371171457
avi_splice_site_usage,s3_50,0.255859375,0.037109375,27,75,3.086943396226415,1.9839494218396798,4.107889941818019,4.107889941818019,2.0792177333243007,4.341339238287247
avi_splice_site_usage,s3_50,0.2578125,0.0390625,28,78,3.0781486856958558,1.9200897791957243,4.187985702639625,4.187985702639625,2.0904804031471005,4.311451141971648
avi_splice_site_usage,s3_50,0.26171875,0.041015625,26,74,3.012782593914669,1.8914783846290695,3.9955425464418752,3.9955425464418752,2.011564829720335,4.2663112808648505
avi_splice_site_usage,s3_50,0.263671875,0.041015625,26,74,3.012782593914669,1.9564665209409846,3.9472129425130587,3.9472129425130587,2.0048178606792972,4.271409398343434
avi_splice_site_usage,s3_50,0.265625,0.04296875,27,79,2.930642464771913,1.7607890132556017,4.003819295573882,4.003819295573882,1.975273442648245,4.1336011751923785
avi_splice_site_usage,s3_50,0.267578125,0.041015625,27,76,3.046325719960278,1.8288340267989818,4.2217835696038275,4.2217835696038275,2.0550624341808335,4.297460922204866
avi_splice_site_usage,s3_50,0.26953125,0.04296875,28,77,3.1181246426529445,1.8151683308367936,4.367379204852377,4.367379204852377,2.1074048012641753,4.376587325472196
avi_splice_site_usage,s3_50,0.271484375,0.044921875,29,78,3.1880825673278506,1.8865156376693029,4.432002870835552,4.432002870835552,2.17214153598703,4.4498373874981585
avi_splice_site_usage,s3_50,0.2734375,0.04296875,26,74,3.012782593914669,1.3768573551263001,4.547384992549151,4.547384992549151,2.01086315652562,4.273407584683753
avi_splice_site_usage,s3_50,0.27490234375,0.04443359375,26,74,3.012782593914669,1.3768573551263001,4.547384992549151,4.547384992549151,2.01086315652562,4.273407584683753
avi_splice_site_usage,s3_50,0.275390625,0.044921875,28,77,3.1181246426529445,1.324300076232556,4.834918013645698,4.834918013645698,2.117552761276478,4.379503997953454
avi_splice_site_usage,s3_50,0.277099609375,0.045166015625,28,73,3.2889807874558454,1.455440718218596,5.022121431526397,5.022121431526397,2.228850469324892,4.633501288200034
avi_splice_site_usage,s3_50,0.27734375,0.044921875,28,73,3.2889807874558454,1.455440718218596,5.022121431526397,5.022121431526397,2.228850469324892,4.633501288200034
avi_splice_site_usage,s3_50,0.279296875,0.044921875,28,73,3.2889807874558454,1.455440718218596,5.022121431526397,5.022121431526397,2.228850469324892,4.633501288200034
avi_splice_site_usage,s3_50,0.28125,0.046875,28,77,3.1181246426529445,1.378653553864961,4.705797401706277,4.705797401706277,2.1151166981684835,4.37236851833315
avi_splice_site_usage,s3_50,0.28271484375,0.04638671875,25,76,2.8206719629261836,1.372826863538938,4.14685171956322,4.14685171956322,1.8773537424212399,4.0270229848364645
avi_splice_site_usage,s3_50,0.283203125,0.046875,25,76,2.8206719629261836,1.372826863538938,4.14685171956322,4.14685171956322,1.8773537424212399,4.0270229848364645
avi_splice_site_usage,s3_50,0.28515625,0.046875,24,76,2.7078450844091364,1.3684090909090907,3.936243568662812,3.936243568662812,1.7897281352364964,3.8797103751168494
avi_splice_site_usage,s3_50,0.287109375,0.048828125,25,77,2.784039859511558,1.366959895378422,4.05688912336235,4.05688912336235,1.8583427051830559,3.9713734809349854
avi_splice_site_usage,s3_50,0.28839111328125,0.05010986328125,25,78,2.748347040799871,1.360691201000834,3.9788720248361504,3.9788720248361504,1.8314029756244528,3.914155391178594
avi_splice_site_usage,s3_50,0.2890625,0.05078125,25,82,2.61428133149256,1.2729386892177588,3.808743557846099,3.808743557846099,1.749277010615798,3.7101930898114373
avi_splice_site_usage,s3_50,0.29296875,0.048828125,20,82,2.0914250651940485,0.9105477855477857,3.3143757286945728,3.3143757286945728,1.3188302719195166,3.0241045513498372
avi_splice_site_usage,s3_50,0.296875,0.046875,23,79,2.49647321073163,1.2987240470527737,3.9487394957983195,3.9487394957983195,1.6137493083291545,3.5744452895658823
avi_splice_site_usage,s3_50,0.30078125,0.046875,24,79,2.6050155242417006,1.5104149122642347,3.9112727844858943,3.9112727844858943,1.6998507282033033,3.708822560476933
avi_splice_site_usage,s3_50,0.3009033203125,0.0467529296875,24,77,2.6726782651310956,1.548368840532052,4.082202111613876,4.082202111613876,1.7416987839881424,3.80212740220261
avi_splice_site_usage,s3_50,0.3046875,0.046875,24,77,2.6726782651310956,1.538714984922492,4.028986685323051,4.028986685323051,1.744218860323014,3.799043529783816
avi_splice_site_usage,s3_50,0.30615234375,0.04833984375,24,77,2.6726782651310956,1.538714984922492,4.028986685323051,4.028986685323051,1.744218860323014,3.799043529783816
avi_splice_site_usage,s3_50,0.306640625,0.048828125,25,78,2.748347040799871,1.5234826275666047,4.268102342057056,4.268102342057056,1.8166457938146683,3.8929283039422606
avi_splice_site_usage,s3_50,0.30859375,0.046875,24,76,2.7078450844091364,1.566396917377361,4.072843146013878,4.072843146013878,1.7654877698708782,3.8728422757885994
avi_splice_site_usage,s3_50,0.310546875,0.048828125,25,79,2.7135578377517713,1.5628140383170108,4.073226599546272,4.073226599546272,1.7856752503945335,3.8458343974593974
avi_splice_site_usage,s3_50,0.3125,0.046875,23,77,2.5613166707506334,1.454520292756441,3.996979299242781,3.996979299242781,1.6662467479526555,3.6770789343181605
avi_splice_site_usage,s3_50,0.31640625,0.05078125,26,82,2.7188525847522627,1.596188524590164,4.1908231448405795,4.1908231448405795,1.8160534067191454,3.8284814023666223
avi_splice_site_usage,s3_50,0.3203125,0.048828125,27,74,3.128658847526772,1.9022545933254806,4.987143943593204,4.987143943593204,2.103826409516662,4.43010825737066
avi_splice_site_usage,s3_50,0.322265625,0.048828125,28,73,3.2889807874558454,1.9157706093189963,5.329636421615329,5.329636421615329,2.22743301275726,4.6435189880245975
avi_splice_site_usage,s3_50,0.328125,0.05078125,27,73,3.171517187903851,1.4865589043364735,5.801851851851852,5.801851851851852,2.136768958907941,4.461899635501851
avi_splice_site_usage,s3_50,0.33203125,0.05078125,27,76,3.046325719960278,1.4513429752066118,5.3342007011658295,5.3342007011658295,2.054535176647391,4.264058361990308
avi_splice_site_usage,s3_50,0.333984375,0.05078125,27,75,3.086943396226415,1.5886152325414644,5.52636346300534,5.52636346300534,2.0749464507687216,4.358434766520704
avi_splice_site_usage,s3_50,0.3359375,0.05078125,26,76,2.933498841443231,1.574448947960679,5.199464113519621,5.199464113519621,1.9485602489813225,4.1769851515950975
avi_splice_site_usage,s3_50,0.33740234375,0.05126953125,24,76,2.7078450844091364,1.3264788285883768,5.152960526315789,5.152960526315789,1.7796227092586028,3.87066211031915
avi_splice_site_usage,s3_50,0.33984375,0.05078125,25,75,2.8582809224318657,1.3245780436791672,5.511126583324877,5.511126583324877,1.8976017715890448,4.056130789897722
avi_splice_site_usage,s3_50,0.341796875,0.052734375,26,78,2.8582809224318657,1.295871029391366,5.474242749731471,5.474242749731471,1.9131871528179287,4.039309844193013
avi_splice_site_usage,s3_50,0.34375,0.05078125,26,75,2.9726121593291404,1.3275333985011406,5.765405831775612,5.765405831775612,1.9834206329529431,4.229659119340625
avi_splice_site_usage,s3_50,0.34765625,0.0546875,27,76,3.046325719960278,1.4133258697934392,5.853527435610302,5.853527435610302,2.070670306339096,4.306052846137207
avi_splice_site_usage,s3_50,0.349609375,0.056640625,27,78,2.968214804063861,1.3662589891443373,5.614607948442535,5.614607948442535,2.0147564100436295,4.185530878307956
avi_splice_site_usage,s3_50,0.35546875,0.05859375,26,74,3.012782593914669,1.2697227614354687,6.071705426356589,6.071705426356589,2.0148325546062438,4.267288390890503
avi_splice_site_usage,s3_50,0.357421875,0.060546875,27,77,3.0067630482724823,1.344401913875598,5.882314481856816,5.882314481856816,2.0253296938710386,4.233520602117617
avi_splice_site_usage,s3_50,0.359375,0.05859375,26,74,3.012782593914669,1.4034965034965037,5.791827399977957,5.791827399977957,2.0135288083563947,4.249011905742692
avi_splice_site_usage,s3_50,0.361328125,0.05859375,27,73,3.171517187903851,1.5016138600091917,5.979796257619027,5.979796257619027,2.1322081575246132,4.490326229018556
avi_splice_site_usage,s3_50,0.36328125,0.05859375,29,73,3.40644438700784,1.5016138600091917,6.6470688175733095,6.6470688175733095,2.3229614993222003,4.784004533897007
avi_splice_site_usage,s3_50,0.365234375,0.05908203125,29,71,3.5024005669235536,1.5425810598563712,7.023920303448562,7.023920303448562,2.3911708689496063,4.917155006660195
avi_splice_site_usage,s3_50,0.3671875,0.060546875,30,73,3.523907986559834,1.5735791240722543,6.582634081816409,6.582634081816409,2.421213023418944,4.924770016050257
avi_splice_site_usage,s3_50,0.369140625,0.060546875,30,74,3.4762876083630796,1.6044534876964875,6.066526774332889,6.066526774332889,2.3811937708361874,4.851623165275546
avi_splice_site_usage,s3_50,0.37109375,0.060546875,31,71,3.7439454336079367,1.7539662129867548,6.271857506361322,6.271857506361322,2.572483970891667,5.249467183755573
avi_splice_site_usage,s3_50,0.373046875,0.05859375,30,70,3.674932614555256,1.8088579791638713,6.039655817433596,6.039655817433596,2.521878238007415,5.162656529289741
avi_splice_site_usage,s3_50,0.375,0.05859375,31,70,3.7974303683737642,2.013294502466433,6.124616148779477,6.124616148779477,2.620886855928371,5.322279496037545
avi_splice_site_usage,s3_50,0.376953125,0.05859375,32,69,3.9767386746878133,2.0349223106059027,6.273858447912795,6.273858447912795,2.758689462439068,5.587031527043189
avi_splice_site_usage,s3_50,0.380859375,0.060546875,34,69,4.225284841855801,2.241339959538703,6.723061691218426,6.723061691218426,2.9565072617847252,5.886336063796983
avi_splice_site_usage,s3_50,0.3828125,0.060546875,33,67,4.223430019712757,2.5215215215215214,6.534370598886728,6.534370598886728,2.9491107310858684,5.885145958789978
avi_splice_site_usage,s3_50,0.38405609130859375,0.06179046630859375,33,67,4.223430019712757,2.5215215215215214,6.534370598886728,6.534370598886728,2.9491107310858684,5.885145958789978
avi_splice_site_usage,s3_50,0.384765625,0.0625,33,69,4.101011758271808,2.4613393619576005,6.224309509871747,6.224309509871747,2.8622043839815645,5.706741726779205
avi_splice_site_usage,s3_50,0.38671875,0.060546875,33,67,4.223430019712757,2.5492123711340207,6.3624134778633925,6.3624134778633925,2.9512763376805347,5.888047109612995
avi_splice_site_usage,s3_50,0.388671875,0.060546875,34,67,4.351412747582841,2.5613415958875647,6.467078593663531,6.467078593663531,3.0455169087826324,6.070584711711675
avi_splice_site_usage,s3_50,0.3896484375,0.0615234375,34,69,4.225284841855801,2.5613415958875647,6.09197589597209,6.09197589597209,2.9738212372038135,5.867873467593254
avi_splice_site_usage,s3_50,0.390625,0.0625,34,72,4.049231306778476,2.439514311689354,5.9675654163764795,5.9675654163764795,2.8520883047860095,5.612967090791118
avi_splice_site_usage,s3_50,0.392578125,0.060546875,34,68,4.287421383647799,2.5775664486386645,6.450691865867973,6.450691865867973,3.005294117647059,5.966812824817095
avi_splice_site_usage,s3_50,0.39453125,0.05859375,34,66,4.417343243758338,2.6801135213088636,6.596240249179966,6.596240249179966,3.0832384206622256,6.170445554427958
avi_splice_site_usage,s3_50,0.3984375,0.05859375,35,66,4.547265103868877,2.948937679972777,6.7101114147572,6.7101114147572,3.175967737168258,6.351801394052006
avi_splice_site_usage,s3_50,0.40234375,0.060546875,38,64,5.091312893081762,3.1904633126771684,7.446642614040572,7.446642614040572,3.5972036630220963,7.070527999052015
avi_splice_site_usage,s3_50,0.404296875,0.0625,39,65,5.1449056603773595,3.1808646713247817,7.483993222176236,7.483993222176236,3.659503725732717,7.110324962894386
avi_splice_site_usage,s3_50,0.40625,0.0625,39,61,5.482276523352923,3.4238244514106584,7.809904508105706,7.809904508105706,3.88936413298883,7.60737919671155
avi_splice_site_usage,s3_50,0.416015625,0.068359375,39,66,5.066952544311035,2.573099415204678,7.272370583748326,7.272370583748326,3.5933901051223955,7.002588523927469
avi_splice_site_usage,s3_50,0.41796875,0.068359375,37,63,5.036018768094239,2.472289199255532,7.136450099282048,7.136450099282048,3.5329358511797953,7.0272188434683684
avi_splice_site_usage,s3_50,0.419921875,0.068359375,37,63,5.036018768094239,2.4771567196766355,7.16502601258259,7.16502601258259,3.5441604926000574,7.021405392471653
avi_splice_site_usage,s3_50,0.421875,0.06640625,37,63,5.036018768094239,2.4771567196766355,7.16502601258259,7.16502601258259,3.5441604926000574,7.021405392471653
avi_splice_site_usage,s3_50,0.42578125,0.0673828125,37,63,5.036018768094239,2.5127430766350263,6.85743684049214,6.85743684049214,3.544114615543187,7.017524726216025
avi_splice_site_usage,s3_50,0.427734375,0.068359375,37,63,5.036018768094239,2.5127430766350263,6.85743684049214,6.85743684049214,3.544114615543187,7.017524726216025
avi_splice_site_usage,s3_50,0.4296875,0.068359375,37,64,4.957330974842767,2.409724438876025,7.007622203811102,7.007622203811102,3.5057376698579064,6.90288501062678
avi_splice_site_usage,s3_50,0.431640625,0.068359375,37,66,4.807108824089956,2.14794713350935,6.898103626796023,6.898103626796023,3.391629182662306,6.6722120537258105
avi_splice_site_usage,s3_50,0.4326171875,0.0673828125,36,64,4.8233490566037736,1.9820980949197864,6.970525676086295,6.970525676086295,3.3833785138196504,6.7248297033525875
avi_splice_site_usage,s3_50,0.435546875,0.06640625,37,64,4.957330974842767,2.2371215132171276,7.288140417457305,7.288140417457305,3.4935542309490417,6.9076817597507665
avi_splice_site_usage,s3_50,0.4375,0.06640625,37,63,5.036018768094239,2.5184134084919862,7.235204081632652,7.235204081632652,3.5543250590083098,7.015830530864378
avi_splice_site_usage,s3_50,0.443359375,0.068359375,38,62,5.255548792858592,2.8066573475449936,7.615247068563984,7.615247068563984,3.710869021639419,7.2953502662610425
avi_splice_site_usage,s3_50,0.447265625,0.072265625,40,63,5.444344614155935,2.809522055177341,7.954011563374916,7.954011563374916,3.8817652183230154,7.505689952874934
avi_splice_site_usage,s3_50,0.44921875,0.0703125,39,61,5.482276523352923,2.897180740231451,8.1523598820059,8.1523598820059,3.888729169686185,7.600725799463924
avi_splice_site_usage,s3_50,0.451171875,0.0703125,39,61,5.482276523352923,2.897180740231451,8.1523598820059,8.1523598820059,3.888729169686185,7.600725799463924
avi_splice_site_usage,s3_50,0.453125,0.072265625,41,61,5.763418909165893,3.1381345926800472,8.568885423772862,8.568885423772862,4.13617118633637,7.9500683110831
avi_splice_site_usage,s3_50,0.455078125,0.072265625,42,59,6.104125359769747,3.5399071516718577,9.045119487119194,9.045119487119194,4.385911313207467,8.442322268339685
avi_splice_site_usage,s3_50,0.45703125,0.07421875,42,60,6.002389937106918,3.5399071516718577,8.811051924992421,8.811051924992421,4.309443074393752,8.292306503411579
avi_splice_site_usage,s3_50,0.4598388671875,0.07578277587890625,43,57,6.468741034977381,3.7121559633027523,10.291676816394139,10.291676816394139,4.651249880036308,8.982501345044758
avi_splice_site_usage,s3_50,0.4609375,0.07688140869140625,43,57,6.468741034977381,3.7121559633027523,10.291676816394139,10.291676816394139,4.651249880036308,8.982501345044758
avi_splice_site_usage,s3_50,0.462890625,0.076171875,42,58,6.209368900455433,3.372159327570295,9.728699106315426,9.728699106315426,4.4389392120484565,8.642629415214918
avi_splice_site_usage,s3_50,0.46484375,0.076171875,42,58,6.209368900455433,3.482466063348416,9.672507517927365,9.672507517927365,4.447928284751167,8.630249824684432
avi_splice_site_usage,s3_50,0.466796875,0.078125,42,58,6.209368900455433,3.482466063348416,9.672507517927365,9.672507517927365,4.447928284751167,8.630249824684432
avi_splice_site_usage,s3_50,0.470703125,0.080078125,44,57,6.619176873000111,3.733068475981512,10.725528169014085,10.725528169014085,4.762714287712541,9.149519727891153
avi_splice_site_usage,s3_50,0.4715576171875,0.0809326171875,44,57,6.619176873000111,3.733068475981512,10.725528169014085,10.725528169014085,4.762714287712541,9.149519727891153
avi_splice_site_usage,s3_50,0.47265625,0.0814208984375,42,58,6.209368900455433,3.733068475981512,9.847382136934376,9.847382136934376,4.449270688613993,8.59905580169825
avi_splice_site_usage,s3_50,0.474609375,0.08203125,43,58,6.3572110171329435,3.733068475981512,10.035061780547048,10.035061780547048,4.568708837381666,8.784061696658098
avi_splice_site_usage,s3_50,0.4765625,0.083984375,43,58,6.3572110171329435,3.733068475981512,10.035061780547048,10.035061780547048,4.568708837381666,8.784061696658098
avi_splice_site_usage,s3_50,0.478515625,0.0859375,43,58,6.3572110171329435,3.733068475981512,10.035061780547048,10.035061780547048,4.568708837381666,8.784061696658098
avi_splice_site_usage,s3_50,0.48046875,0.087890625,44,58,6.505053133810454,4.0927079750395805,10.114213008707914,10.114213008707914,4.683092037173479,8.977598680078664
avi_splice_site_usage,s3_50,0.484375,0.08984375,45,57,6.76961271102284,4.573419078242229,10.754771241830065,10.754771241830065,4.8811103738111035,9.35184046613911
avi_splice_site_usage,s3_50,0.48828125,0.0889892578125,45,55,7.015780445969126,4.73091011027547,10.527938818305167,10.527938818305167,5.059333036814557,9.701508263262017
avi_splice_site_usage,s3_50,0.490234375,0.087890625,45,55,7.015780445969126,4.73091011027547,10.527938818305167,10.527938818305167,5.059333036814557,9.701508263262017
avi_splice_site_usage,s3_50,0.4921875,0.087890625,45,56,6.890498652291106,4.73091011027547,10.366079443447038,10.366079443447038,4.985536146043745,9.51424870783734
avi_splice_site_usage,s3_50,0.4931640625,0.0869140625,45,55,7.015780445969126,4.844036970781157,10.919432828791727,10.919432828791727,5.080520409045229,9.728313630798946
avi_splice_site_usage,s3_50,0.4970703125,0.0888671875,45,55,7.015780445969126,4.890986085904416,10.826567894721414,10.826567894721414,5.075653144491862,9.737862948585562
avi_splice_site_usage,s3_50,0.498046875,0.087890625,45,55,7.015780445969126,4.890986085904416,10.826567894721414,10.826567894721414,5.075653144491862,9.737862948585562
avi_splice_site_usage,s3_50,0.5,0.0859375,45,55,7.015780445969126,4.890986085904416,10.826567894721414,10.826567894721414,5.075653144491862,9.737862948585562
avi_splice_site_usage,s3_50,0.5010986328125,0.0850830078125,45,55,7.015780445969126,4.890986085904416,10.826567894721414,10.826567894721414,5.075653144491862,9.737862948585562
avi_splice_site_usage,s3_50,0.501953125,0.0859375,46,55,7.171686678101773,5.1748944795415825,10.980898215636138,10.980898215636138,5.191827439928164,9.94333987296007
avi_splice_site_usage,s3_50,0.50390625,0.0859375,48,54,7.6220824598183095,5.781522999613451,12.229889774859288,12.229889774859288,5.543495732173346,10.541500270399728
avi_splice_site_usage,s3_50,0.505859375,0.0859375,47,53,7.604105850243266,5.460705751012955,13.100501187021894,13.100501187021894,5.518925264550265,10.577057563063592
avi_splice_site_usage,s3_50,0.5078125,0.087890625,47,54,7.4632890752387615,5.410188950011959,13.100501187021894,13.100501187021894,5.423193689513456,10.354092575443126
avi_splice_site_usage,s3_50,0.509765625,0.0889892578125,47,53,7.604105850243266,5.595597821918859,12.837589285714282,12.837589285714282,5.506237682509164,10.515660562004493
avi_splice_site_usage,s3_50,0.51171875,0.087890625,48,53,7.765895336418654,5.5979513486114545,13.467191428224181,13.467191428224181,5.638002894400452,10.752240379546652
avi_splice_site_usage,s3_50,0.517578125,0.087890625,47,53,7.604105850243266,5.771699759750541,11.596370463078847,11.596370463078847,5.499587551956855,10.528370376020517
avi_splice_site_usage,s3_50,0.51953125,0.08984375,48,53,7.765895336418654,5.871704011704383,11.60924369747899,11.60924369747899,5.62298325103547,10.717880337728138
avi_splice_site_usage,s3_50,0.525390625,0.08984375,48,52,7.915239477503628,5.437783005460868,12.23505306294,12.23505306294,5.712096192882345,11.007973057232665
avi_splice_site_usage,s3_50,0.52734375,0.091796875,48,53,7.765895336418654,5.236730977087797,12.23505306294,12.23505306294,5.6194285304152025,10.752422651540083
avi_splice_site_usage,s3_50,0.529296875,0.091796875,48,53,7.765895336418654,5.236730977087797,12.23505306294,12.23505306294,5.59958273150377,10.745343511443632
avi_splice_site_usage,s3_50,0.53515625,0.091796875,46,55,7.171686678101773,4.6721377059685665,11.730894847921194,11.730894847921194,5.1748154342341826,9.957670471494929
avi_splice_site_usage,s3_50,0.5390625,0.091796875,46,55,7.171686678101773,4.704927462850216,11.735941489717867,11.735941489717867,5.16405100142657,9.915024354471187
avi_splice_site_usage,s3_50,0.541015625,0.091796875,47,53,7.604105850243266,5.113997113997114,12.29054054054054,12.29054054054054,5.491909385113268,10.495190423763788
avi_splice_site_usage,s3_50,0.5458984375,0.0927734375,47,53,7.604105850243266,4.869649856284296,12.8945520995161,12.8945520995161,5.491898310802233,10.55701120411883
avi_splice_site_usage,s3_50,0.548828125,0.09375,50,50,8.574842767295598,6.029500570872444,14.269058295964127,14.269058295964127,6.2183034871277165,11.948149704265553
avi_splice_site_usage,s3_50,0.55078125,0.09375,50,50,8.574842767295598,6.2430845625845635,13.157295409629896,13.157295409629896,6.19384005379984,11.924493827160495
avi_splice_site_usage,s3_50,0.5540771484375,0.0953369140625,49,51,8.238574423480085,5.833766233766234,12.578435554031694,12.578435554031694,5.935851221286487,11.438290986705868
avi_splice_site_usage,s3_50,0.556640625,0.095703125,50,50,8.574842767295598,6.096018602540835,13.115275707898657,13.115275707898657,6.215935043177902,11.912520112999413
avi_splice_site_usage,s3_50,0.568359375,0.095703125,52,48,9.289412997903563,7.054544088678174,14.707161125319693,14.707161125319693,6.717974657696586,12.954435931910858
avi_splice_site_usage,s3_50,0.572265625,0.09765625,51,49,8.924836349634193,6.7224817233885235,14.081741589310635,14.081741589310635,6.469271843963799,12.417301923071538
avi_splice_site_usage,s3_50,0.57421875,0.09765625,50,50,8.574842767295598,6.588741003677121,13.103864734299517,13.103864734299517,6.208790911835193,11.941516655330064
avi_splice_site_usage,s3_50,0.5772705078125,0.0965576171875,50,50,8.574842767295598,6.48003108003108,13.270434782608696,13.270434782608696,6.206257256352731,11.95947371835266
avi_splice_site_usage,s3_50,0.5792236328125,0.0948486328125,50,50,8.574842767295598,6.48003108003108,13.270434782608696,13.270434782608696,6.206257256352731,11.95947371835266
avi_splice_site_usage,s3_50,0.580078125,0.095703125,50,50,8.574842767295598,6.48003108003108,13.270434782608696,13.270434782608696,6.206257256352731,11.95947371835266
avi_splice_site_usage,s3_50,0.5859375,0.09765625,53,48,9.468055555555555,7.464812054975988,13.323975658248576,13.323975658248576,6.899547225420949,13.266595346621639
avi_splice_site_usage,s3_50,0.587890625,0.09765625,53,47,9.66950354609929,7.50751109598847,14.40832185717096,14.40832185717096,7.033693489880044,13.558349691419705
avi_splice_site_usage,s3_50,0.5888671875,0.0986328125,53,49,9.27482993197279,7.340338671051868,13.047545938684449,13.047545938684449,6.756125785775882,12.949040159779742
avi_splice_site_usage,s3_50,0.58984375,0.09765625,52,49,9.09983314080349,7.290628246940661,12.811589050835407,12.811589050835407,6.612500029880901,12.740125579817821
avi_splice_site_usage,s3_50,0.5934543609619141,0.09638404846191406,54,46,10.066119770303528,7.561133714211246,15.462409393466181,15.462409393466181,7.302829279668019,14.130809727235945
avi_splice_site_usage,s3_50,0.59765625,0.09765625,55,45,10.480363382250175,8.061875629105053,16.46702613600838,16.46702613600838,7.603013555710959,14.734637567008061
avi_splice_site_usage,s3_50,0.5987548828125,0.0987548828125,55,45,10.480363382250175,8.061875629105053,16.46702613600838,16.46702613600838,7.603013555710959,14.734637567008061
avi_splice_site_usage,s3_50,0.599609375,0.099609375,55,46,10.252529395679518,7.930209252502009,15.921616871704744,15.921616871704744,7.453265113089934,14.35084676744575
avi_splice_site_usage,s3_50,0.6015625,0.1004638671875,55,45,10.480363382250175,7.928675478823847,16.87380021329541,16.87380021329541,7.622804788963763,14.72504464114495
avi_splice_site_usage,s3_50,0.6025390625,0.10101318359375,55,45,10.480363382250175,7.928675478823847,16.87380021329541,16.87380021329541,7.636767289191094,14.703322765770352
avi_splice_site_usage,s3_50,0.6048583984375,0.1029052734375,58,45,11.052019566736547,8.315378604681715,17.921462063086103,17.921462063086103,8.10434883412211,15.376228630296106
avi_splice_site_usage,s3_50,0.607421875,0.103515625,59,44,11.498084619782734,8.406451612903226,18.78862958226769,18.78862958226769,8.410813869502046,16.145118161950982
avi_splice_site_usage,s3_50,0.6123046875,0.1025390625,58,43,11.566066988445224,7.96626838917045,20.024036299226214,20.024036299226214,8.42857394203897,16.36877658408446
avi_splice_site_usage,s3_50,0.61328125,0.1015625,57,43,11.366652040368582,7.753587860832641,19.908641432895003,19.908641432895003,8.279412735395235,16.04435805483338
avi_splice_site_usage,s3_50,0.615234375,0.1015625,59,41,12.339407884644883,8.270335985853226,21.74472152846754,21.74472152846754,8.995899441125383,17.51830805771136
avi_splice_site_usage,s3_50,0.6171875,0.099609375,59,41,12.339407884644883,8.270335985853226,21.74472152846754,21.74472152846754,8.995899441125383,17.51830805771136
avi_splice_site_usage,s3_50,0.62109375,0.099609375,59,41,12.339407884644883,8.367858793412838,20.19811003092753,20.19811003092753,8.960080410364542,17.462895101055427
avi_splice_site_usage,s3_50,0.6220703125,0.0986328125,59,41,12.339407884644883,8.367858793412838,20.19811003092753,20.19811003092753,8.960080410364542,17.462895101055427
avi_splice_site_usage,s3_50,0.626953125,0.099609375,59,41,12.339407884644883,8.207087486157254,20.35153019023987,20.35153019023987,8.953370711723357,17.481819473662313
avi_splice_site_usage,s3_50,0.6280517578125,0.1007080078125,59,41,12.339407884644883,8.207087486157254,20.35153019023987,20.35153019023987,8.953370711723357,17.481819473662313
avi_splice_site_usage,s3_50,0.630859375,0.0986328125,59,41,12.339407884644883,8.091563769358988,20.812020460358056,20.812020460358056,9.005564965884094,17.498131041700386
avi_splice_site_usage,s3_50,0.6318359375,0.09765625,59,41,12.339407884644883,8.091563769358988,20.812020460358056,20.812020460358056,9.005564965884094,17.498131041700386
avi_splice_site_usage,s3_50,0.6337890625,0.0966796875,59,41,12.339407884644883,8.138032343968526,20.76038097633043,20.76038097633043,8.98248934519692,17.49729349534106
avi_splice_site_usage,s3_50,0.6354751586914062,0.09641265869140625,59,41,12.339407884644883,8.138032343968526,20.76038097633043,20.76038097633043,8.98248934519692,17.49729349534106
avi_splice_site_usage,s3_50,0.63671875,0.09765625,60,42,12.249775381850853,8.11773957926305,20.193351338874194,20.193351338874194,8.931098226210246,17.331562247576453
avi_splice_site_usage,s3_50,0.640625,0.09765625,61,40,13.076635220125786,8.624510497078678,21.4037558685446,21.4037558685446,9.500144058374635,18.594734752515233
avi_splice_site_usage,s3_50,0.6416015625,0.0966796875,61,40,13.076635220125786,8.624510497078678,21.4037558685446,21.4037558685446,9.500144058374635,18.594734752515233
avi_splice_site_usage,s3_50,0.6435546875,0.0947265625,61,39,13.411933559103371,8.8598,22.478966215010345,22.478966215010345,9.72023717217029,19.235370607269303
avi_splice_site_usage,s3_50,0.64453125,0.095703125,62,39,13.63180132236736,9.211017052204017,22.54528951486698,22.54528951486698,9.886066621644133,19.440640737231437
avi_splice_site_usage,s3_50,0.6494140625,0.091796875,62,38,13.99053293611387,9.183150183150182,23.97307341701143,23.97307341701143,10.118934930378245,19.981079711052015
avi_splice_site_usage,s3_50,0.65087890625,0.09033203125,62,38,13.99053293611387,9.183150183150182,23.97307341701143,23.97307341701143,10.118934930378245,19.981079711052015
avi_splice_site_usage,s3_50,0.6567840576171875,0.0854034423828125,61,41,12.757692897683693,8.883250103699472,19.350706415069812,19.350706415069812,9.283961473610537,18.10937222106197
avi_splice_site_usage,s3_50,0.658203125,0.083984375,60,41,12.548550391164289,8.596367606192933,19.350706415069812,19.350706415069812,9.11855060324492,17.785299969117233
avi_splice_site_usage,s3_50,0.658935546875,0.083251953125,59,41,12.339407884644883,8.39172094369663,19.2296221149943,19.2296221149943,8.950326797385621,17.540202002681035
avi_splice_site_usage,s3_50,0.6600661277770996,0.08279561996459961,59,41,12.339407884644883,8.39172094369663,19.2296221149943,19.2296221149943,8.950326797385621,17.540202002681035
avi_splice_site_usage,s3_50,0.6601478457450867,0.08287733793258667,59,41,12.339407884644883,8.39172094369663,19.2296221149943,19.2296221149943,8.950326797385621,17.540202002681035
avi_splice_site_usage,s3_50,0.66015625,0.0828857421875,59,41,12.339407884644883,8.39172094369663,19.2296221149943,19.2296221149943,8.950326797385621,17.540202002681035
avi_splice_site_usage,s3_50,0.66162109375,0.0823974609375,58,42,11.841449535789158,7.996825396825396,18.15274457928753,18.15274457928753,8.598991172761664,16.748768472906406
avi_splice_site_usage,s3_50,0.6669921875,0.0830078125,60,40,12.862264150943396,8.99174139665438,19.39636389106261,19.39636389106261,9.333614697802199,18.23065463650412
avi_splice_site_usage,s3_50,0.671875,0.0830078125,61,39,13.411933559103371,8.963431530531835,20.303129509711063,20.303129509711063,9.690773559897226,19.094612365426727
avi_splice_site_usage,s3_50,0.67236328125,0.08349609375,61,39,13.411933559103371,8.963431530531835,20.303129509711063,20.303129509711063,9.690773559897226,19.094612365426727
avi_splice_site_usage,s3_50,0.6728515625,0.083984375,61,39,13.411933559103371,8.963431530531835,20.303129509711063,20.303129509711063,9.690773559897226,19.094612365426727
avi_splice_site_usage,s3_50,0.673828125,0.0849609375,61,39,13.411933559103371,8.963431530531835,20.303129509711063,20.303129509711063,9.690773559897226,19.094612365426727
avi_splice_site_usage,s3_50,0.677734375,0.08447265625,60,40,12.862264150943396,8.592255286937597,19.365461606645432,19.365461606645432,9.363245859271428,18.20641974231078
avi_splice_site_usage,s3_50,0.6787109375,0.0849609375,61,39,13.411933559103371,8.852678571428571,20.685566894707147,20.685566894707147,9.729724661670055,19.04478918650793
avi_splice_site_usage,s3_50,0.67889404296875,0.08477783203125,61,39,13.411933559103371,8.852678571428571,20.685566894707147,20.685566894707147,9.729724661670055,19.04478918650793
avi_splice_site_usage,s3_50,0.68359375,0.083984375,63,38,14.216186693147964,9.25989254018182,21.939816023811552,21.939816023811552,10.329002113401348,20.19350347468488
avi_splice_site_usage,s3_50,0.6875,0.0849609375,62,39,13.63180132236736,9.308251996450755,20.00695410292072,20.00695410292072,9.938085997159435,19.375251497286165
avi_splice_site_usage,s3_50,0.689453125,0.08447265625,62,38,13.99053293611387,9.312742390000277,21.436170761440362,21.436170761440362,10.132948298279507,19.881869087312122
avi_splice_site_usage,s3_50,0.6904296875,0.08349609375,62,38,13.99053293611387,9.312742390000277,21.436170761440362,21.436170761440362,10.132948298279507,19.881869087312122
avi_splice_site_usage,s3_50,0.69140625,0.0830078125,63,38,14.216186693147964,9.314271378759273,21.856594399277324,21.856594399277324,10.326452588849447,20.22791047491508
avi_splice_site_usage,s3_50,0.6953125,0.0810546875,64,36,15.244164919636617,10.29294110724876,22.561933965627894,22.561933965627894,11.03016966495383,21.84953187242834
avi_splice_site_usage,s3_50,0.6982421875,0.0810546875,64,36,15.244164919636617,10.546875,22.186206896551727,22.186206896551727,11.048844959011134,21.831651043619548
avi_splice_site_usage,s3_50,0.700927734375,0.081298828125,64,36,15.244164919636617,10.546875,22.186206896551727,22.186206896551727,11.022047990213043,21.748905152286117
avi_splice_site_usage,s3_50,0.701171875,0.0810546875,64,36,15.244164919636617,10.546875,22.186206896551727,22.186206896551727,11.022047990213043,21.748905152286117
avi_splice_site_usage,s3_50,0.70355224609375,0.08111572265625,65,35,15.92470799640611,11.33589415279556,22.901234984531587,22.901234984531587,11.486842505548282,22.73879697583098
avi_splice_site_usage,s3_50,0.7041015625,0.08056640625,65,35,15.92470799640611,11.33589415279556,22.901234984531587,22.901234984531587,11.486842505548282,22.73879697583098
avi_splice_site_usage,s3_50,0.707000732421875,0.078948974609375,66,34,16.645283018867925,11.62079078523487,23.845318401576588,23.845318401576588,11.99642968363448,23.93258296095334
avi_splice_site_usage,s3_50,0.7086181640625,0.0780029296875,66,34,16.645283018867925,11.908353647000611,23.728736842105263,23.728736842105263,12.038790687906879,23.876935563752525
avi_splice_site_usage,s3_50,0.7106761932373047,0.07753181457519531,66,34,16.645283018867925,12.043713622769152,23.438204357625846,23.438204357625846,11.993828040409946,23.83572542594627
avi_splice_site_usage,s3_50,0.7109375,0.0772705078125,66,34,16.645283018867925,12.043713622769152,23.438204357625846,23.438204357625846,11.993828040409946,23.83572542594627
avi_splice_site_usage,s3_50,0.7119140625,0.076904296875,66,34,16.645283018867925,11.923454273449211,23.374114797522306,23.374114797522306,12.005069413378193,23.940812212734848
avi_splice_site_usage,s3_50,0.712890625,0.07741546630859375,66,34,16.645283018867925,11.923454273449211,23.374114797522306,23.374114797522306,12.005069413378193,23.940812212734848
avi_splice_site_usage,s3_50,0.71484375,0.076171875,67,33,17.409529254812274,12.976407716636905,23.530429142795374,23.530429142795374,12.518390169082766,25.16989253817343
avi_splice_site_usage,s3_50,0.7158203125,0.0751953125,67,33,17.409529254812274,12.976407716636905,23.530429142795374,23.530429142795374,12.518390169082766,25.16989253817343
avi_splice_site_usage,s3_50,0.716796875,0.07615292072296143,66,34,16.645283018867925,12.311229000884172,22.717574550627738,22.717574550627738,11.97487051601765,23.924341263141315
avi_splice_site_usage,s3_50,0.71875,0.0771484375,66,34,16.645283018867925,12.311229000884172,22.717574550627738,22.717574550627738,11.97487051601765,23.924341263141315
avi_splice_site_usage,s3_50,0.720703125,0.0791015625,66,35,16.169703504043127,11.736425339366514,22.71375786013841,22.71375786013841,11.649858186418253,23.13249375909966
avi_splice_site_usage,s3_50,0.72265625,0.08056640625,65,36,15.482354996505938,11.067836382059625,22.157316772124673,22.157316772124673,11.195280114289865,22.07885114238846
avi_splice_site_usage,s3_50,0.7236328125,0.07958984375,65,35,15.92470799640611,11.129495100953957,23.679702048417134,23.679702048417134,11.46313008536922,22.827135692597658
avi_splice_site_usage,s3_50,0.7294921875,0.07861328125,66,34,16.645283018867925,11.719833564493758,24.357653871702695,24.357653871702695,12.012284427289737,23.90172842746933
avi_splice_site_usage,s3_50,0.73046875,0.0791015625,66,34,16.645283018867925,11.564138256676314,24.593662236379988,24.593662236379988,12.012253200243832,23.81906375535492
avi_splice_site_usage,s3_50,0.734375,0.0775909423828125,66,34,16.645283018867925,11.564138256676314,24.593662236379988,24.593662236379988,12.012253200243832,23.81906375535492
avi_splice_site_usage,s3_50,0.73583984375,0.07763671875,67,33,17.409529254812274,12.0234375,25.930651822839323,25.930651822839323,12.53001873373463,25.206028139765493
avi_splice_site_usage,s3_50,0.73828125,0.078125,65,35,15.92470799640611,10.6654399079931,24.497603207957926,24.497603207957926,11.510631688096908,22.831923767902886
avi_splice_site_usage,s3_50,0.740234375,0.07814788818359375,66,34,16.645283018867925,11.488946507697483,24.57974899476057,24.57974899476057,12.024257664887608,23.985230446239914
avi_splice_site_usage,s3_50,0.7404327392578125,0.07794952392578125,66,34,16.645283018867925,11.488946507697483,24.57974899476057,24.57974899476057,12.024257664887608,23.985230446239914
avi_splice_site_usage,s3_50,0.7408599853515625,0.07752227783203125,66,34,16.645283018867925,11.488946507697483,24.57974899476057,24.57974899476057,12.024257664887608,23.985230446239914
avi_splice_site_usage,s3_50,0.7412109375,0.07717132568359375,66,34,16.645283018867925,11.488946507697483,24.57974899476057,24.57974899476057,12.024257664887608,23.985230446239914
avi_splice_site_usage,s3_50,0.7421875,0.07619476318359375,66,34,16.645283018867925,11.488946507697483,24.57974899476057,24.57974899476057,12.024257664887608,23.985230446239914
avi_splice_site_usage,s3_50,0.7431640625,0.076171875,66,34,16.645283018867925,11.488946507697483,24.57974899476057,24.57974899476057,12.024257664887608,23.985230446239914
avi_splice_site_usage,s3_50,0.74609375,0.073974609375,68,32,18.221540880503145,12.281888462670933,26.975720434131734,26.975720434131734,13.1384350132626,26.418263158144367
avi_splice_site_usage,s3_50,0.75,0.072509765625,70,30,20.00796645702306,14.356774288662834,28.286219081272083,28.286219081272083,14.3545724677374,29.35256945154234
avi_splice_site_usage,s3_50,0.751953125,0.07177734375,69,31,19.08594035301278,13.171773597305512,27.705665905631655,27.705665905631655,13.679803695216766,27.949919739236346
avi_splice_site_usage,s3_50,0.75244140625,0.0712890625,69,31,19.08594035301278,13.171773597305512,27.705665905631655,27.705665905631655,13.679803695216766,27.949919739236346
avi_splice_site_usage,s3_50,0.7593994140625,0.0699462890625,72,28,22.049595687331536,14.227447380462134,36.68183644372668,36.68183644372668,15.712599082261306,32.56179133860198
avi_splice_site_usage,s3_50,0.76171875,0.0712890625,71,29,20.99358056820646,13.660199497060908,35.79627746930476,35.79627746930476,14.942810457516337,30.910632344468283
avi_splice_site_usage,s3_50,0.76220703125,0.071044921875,70,30,20.00796645702306,12.879006215539704,34.76698564593301,34.76698564593301,14.250420129799481,29.191670083127367
avi_splice_site_usage,s3_50,0.763671875,0.070556640625,70,30,20.00796645702306,12.980401308456436,34.16437244138491,34.16437244138491,14.2343778288207,29.36983854732394
avi_splice_site_usage,s3_50,0.7638702392578125,0.0703582763671875,70,30,20.00796645702306,12.980401308456436,34.16437244138491,34.16437244138491,14.2343778288207,29.36983854732394
avi_splice_site_usage,s3_50,0.7640380859375,0.0701904296875,70,30,20.00796645702306,12.980401308456436,34.16437244138491,34.16437244138491,14.2343778288207,29.36983854732394
avi_splice_site_usage,s3_50,0.767578125,0.0693359375,71,29,20.99358056820646,14.133500124210848,34.76698564593301,34.76698564593301,14.944386286739228,30.966182223007053
avi_splice_site_usage,s3_50,0.77001953125,0.0687255859375,73,27,23.18383414861402,15.536783134306354,39.6352384504032,39.6352384504032,16.38843847916226,34.76279097933774
avi_splice_site_usage,s3_50,0.77197265625,0.06787109375,74,26,24.40532172230285,16.733779687591998,39.95967657769519,39.95967657769519,17.221934339606754,36.81701717996439
avi_splice_site_usage,s3_50,0.7724609375,0.068359375,75,26,24.73512336719884,16.86685856848915,40.72514619883041,40.72514619883041,17.465504122270875,37.30562155767224
avi_splice_site_usage,s3_50,0.77392578125,0.06787109375,74,26,24.40532172230285,16.701194728082406,39.95169322709163,39.95169322709163,17.16939938822855,36.70218261359854
avi_splice_site_usage,s3_50,0.7744140625,0.067413330078125,74,26,24.40532172230285,16.701194728082406,39.95169322709163,39.95169322709163,17.16939938822855,36.70218261359854
avi_splice_site_usage,s3_50,0.7763671875,0.06591796875,73,27,23.18383414861402,15.932115293747046,38.297062901833655,38.297062901833655,16.383228685162706,34.68796605714543
avi_splice_site_usage,s3_50,0.77685546875,0.06591796875,72,28,22.049595687331536,15.151802852384781,36.3160606060606,36.3160606060606,15.67700265809103,32.80408732988316
avi_splice_site_usage,s3_50,0.779296875,0.06689453125,74,26,24.40532172230285,17.120299186652904,39.20062451209993,39.20062451209993,17.2768850281138,36.870178323653484
avi_splice_site_usage,s3_50,0.7822265625,0.06591796875,74,26,24.40532172230285,17.537487399193548,38.25374390038701,38.25374390038701,17.24990472771457,36.89886832061068
avi_splice_site_usage,s3_50,0.7841796875,0.0654296875,75,26,24.73512336719884,17.959030193625836,38.35736842105263,38.35736842105263,17.49363208891684,37.38102672494541
avi_splice_site_usage,s3_50,0.78466796875,0.06496429443359375,74,26,24.40532172230285,17.48517460123645,38.31274491399508,38.31274491399508,17.246266184227736,36.897851167504335
avi_splice_site_usage,s3_50,0.785614013671875,0.064910888671875,74,26,24.40532172230285,17.48517460123645,38.31274491399508,38.31274491399508,17.246266184227736,36.897851167504335
avi_splice_site_usage,s3_50,0.78662109375,0.064697265625,74,26,24.40532172230285,16.976828981416137,39.60563768146448,39.60563768146448,17.275205015475304,36.79596408724381
avi_splice_site_usage,s3_50,0.78759765625,0.06396484375,74,26,24.40532172230285,17.341377576671693,39.02802566678845,39.02802566678845,17.293392958374405,36.780407724858875
avi_splice_site_usage,s3_50,0.7882080078125,0.0645751953125,74,26,24.40532172230285,17.341377576671693,39.02802566678845,39.02802566678845,17.293392958374405,36.780407724858875
avi_splice_site_usage,s3_50,0.788818359375,0.064056396484375,74,26,24.40532172230285,16.937692590393805,39.60563768146448,39.60563768146448,17.264299836478635,36.68766322451698
avi_splice_site_usage,s3_50,0.79052734375,0.062347412109375,74,26,24.40532172230285,16.937692590393805,39.60563768146448,39.60563768146448,17.264299836478635,36.68766322451698
avi_splice_site_usage,s3_50,0.791015625,0.061859130859375,74,26,24.40532172230285,16.937692590393805,39.60563768146448,39.60563768146448,17.264299836478635,36.68766322451698
avi_splice_site_usage,s3_50,0.7929497957229614,0.060932040214538574,75,25,25.724528301886796,17.30739218586689,44.34656995474435,44.34656995474435,18.16378467646421,39.026320336973214
avi_splice_site_usage,s3_50,0.79638671875,0.059539794921875,76,24,27.153668763102726,18.180331781583703,46.93768996960486,46.93768996960486,19.114193548387096,41.4719526442193
avi_splice_site_usage,s3_50,0.80322265625,0.05767822265625,81,19,36.55590863952334,24.45707911533485,61.098233215547694,61.098233215547694,25.041980475841363,59.07945198272733
avi_splice_site_usage,s3_50,0.80517578125,0.05682373046875,81,19,36.55590863952334,24.15406162464986,61.098233215547694,61.098233215547694,25.08241737328694,59.009053294937054
avi_splice_site_usage,s3_50,0.8056640625,0.05633544921875,81,19,36.55590863952334,24.15406162464986,61.098233215547694,61.098233215547694,25.08241737328694,59.009053294937054
avi_splice_site_usage,s3_50,0.8095703125,0.05322265625,80,20,34.29937106918239,24.15406162464986,52.06734006734007,52.06734006734007,23.692141287284144,54.77099227681998
avi_splice_site_usage,s3_50,0.81201171875,0.050933837890625,80,20,34.29937106918239,24.608594521293607,50.866749740004806,50.866749740004806,23.651436274509802,54.833789954337895
avi_splice_site_usage,s3_50,0.814453125,0.05078125,82,18,39.063172606568834,26.54972122182206,62.800172699677056,62.800172699677056,26.689659275914703,64.29207120339312
avi_splice_site_usage,s3_50,0.81494140625,0.05126953125,82,18,39.063172606568834,26.54972122182206,62.800172699677056,62.800172699677056,26.689659275914703,64.29207120339312
avi_splice_site_usage,s3_50,0.8154296875,0.05161762237548828,82,18,39.063172606568834,26.092527236458494,63.84915254237289,63.84915254237289,26.748172198386605,64.10157056058695
avi_splice_site_usage,s3_50,0.816253662109375,0.052215576171875,82,18,39.063172606568834,25.381614134946005,64.95,64.95,26.68577038795811,64.13709389017554
avi_splice_site_usage,s3_50,0.8163442611694336,0.052306175231933594,82,18,39.063172606568834,25.381614134946005,64.95,64.95,26.68577038795811,64.13709389017554
avi_splice_site_usage,s3_50,0.8183822631835938,0.05080413818359375,82,18,39.063172606568834,25.817037868166867,64.23980287302086,64.23980287302086,26.65327407680421,64.04644408464985
avi_splice_site_usage,s3_50,0.81982421875,0.05010223388671875,82,18,39.063172606568834,25.27983447868174,65.40306513409962,65.40306513409962,26.61065986713746,64.14327296248383
avi_splice_site_usage,s3_50,0.820068359375,0.050048828125,83,18,39.53955276030748,25.828912258672105,65.72599809885932,65.72599809885932,26.922953767783614,64.71736520220372
avi_splice_site_usage,s3_50,0.8201723098754883,0.04994487762451172,82,18,39.063172606568834,25.817037868166867,64.23980287302086,64.23980287302086,26.618466047874936,64.0245389088895
avi_splice_site_usage,s3_50,0.822265625,0.048397064208984375,84,16,45.01792452830189,26.398429584599796,94.68227424749165,94.68227424749165,30.51968614051125,76.2089552238806
avi_splice_site_usage,s3_50,0.822509765625,0.04822731018066406,84,16,45.01792452830189,26.398429584599796,94.68227424749165,94.68227424749165,30.397444793031397,76.01782007896217
avi_splice_site_usage,s3_50,0.82275390625,0.04807853698730469,84,16,45.01792452830189,25.607253086419753,96.10782544936035,96.10782544936035,30.38870319384128,75.91217893217892
avi_splice_site_usage,s3_50,0.82373046875,0.04736328125,84,16,45.01792452830189,25.607253086419753,96.10782544936035,96.10782544936035,30.38870319384128,75.91217893217892
avi_splice_site_usage,s3_50,0.82421875,0.04736328125,84,16,45.01792452830189,25.995241769547327,94.69803791955503,94.69803791955503,30.368861751374254,75.89164490236554
avi_splice_site_usage,s3_50,0.8261947631835938,0.04611968994140625,83,17,41.86540880503145,25.607253086419753,75.20318725099601,75.20318725099601,28.519009497294952,69.33906254419075
avi_splice_site_usage,s3_50,0.8287353515625,0.0445556640625,84,16,45.01792452830189,26.970976933117292,83.01117659148936,83.01117659148936,30.379710979278073,76.19618541468431
avi_splice_site_usage,s3_50,0.82958984375,0.045166015625,84,16,45.01792452830189,27.408860645933014,82.07666080291916,82.07666080291916,30.481679959075493,76.1044885998559
avi_splice_site_usage,s3_50,0.83154296875,0.0439453125,85,15,48.59077568134172,28.713592233009706,94.7308472624741,94.7308472624741,32.43377886811495,84.00292724955833
avi_splice_site_usage,s3_50,0.833251953125,0.04443359375,85,15,48.59077568134172,27.54211208292841,98.29166666666666,98.29166666666666,32.492796497227296,84.17148017698084
avi_splice_site_usage,s3_50,0.834228515625,0.044284820556640625,85,15,48.59077568134172,31.25224014336918,84.46391067538126,84.46391067538126,32.40511918737097,84.05837604637604
avi_splice_site_usage,s3_50,0.83544921875,0.04443359375,84,16,45.01792452830189,29.0162703379224,70.68599464763604,70.68599464763604,30.46473247302329,76.02831323528542
avi_splice_site_usage,s3_50,0.8379135131835938,0.04250335693359375,84,16,45.01792452830189,32.51368421052632,65.97572622363708,65.97572622363708,30.351186414271247,76.20504691951564
avi_splice_site_usage,s3_50,0.8385009765625,0.0421142578125,84,16,45.01792452830189,32.51368421052632,65.97572622363708,65.97572622363708,30.351186414271247,76.20504691951564
avi_splice_site_usage,s3_50,0.8387451171875,0.0423583984375,84,16,45.01792452830189,32.51368421052632,65.97572622363708,65.97572622363708,30.351186414271247,76.20504691951564
avi_splice_site_usage,s3_50,0.8396129608154297,0.04309701919555664,85,15,48.59077568134172,34.903838892385146,69.82087542087541,69.82087542087541,32.550941161805035,83.71352262937987
avi_splice_site_usage,s3_50,0.8408203125,0.04188966751098633,85,15,48.59077568134172,34.903838892385146,69.82087542087541,69.82087542087541,32.550941161805035,83.71352262937987
avi_splice_site_usage,s3_50,0.841796875,0.04091310501098633,85,15,48.59077568134172,34.903838892385146,69.82087542087541,69.82087542087541,32.550941161805035,83.71352262937987
avi_splice_site_usage,s3_50,0.842041015625,0.04066896438598633,85,15,48.59077568134172,34.903838892385146,69.82087542087541,69.82087542087541,32.550941161805035,83.71352262937987
avi_splice_site_usage,s3_50,0.84228515625,0.04042482376098633,85,15,48.59077568134172,34.903838892385146,69.82087542087541,69.82087542087541,32.550941161805035,83.71352262937987
avi_splice_site_usage,s3_50,0.8427734375,0.03993654251098633,85,15,48.59077568134172,34.903838892385146,69.82087542087541,69.82087542087541,32.550941161805035,83.71352262937987
avi_splice_site_usage,s3_50,0.8447265625,0.039306640625,86,14,52.67403414195867,36.5631388589912,76.20991253644316,76.20991253644316,34.87326999147005,92.19367243771842
avi_splice_site_usage,s3_50,0.8458251953125,0.0384521484375,86,14,52.67403414195867,37.781961345740875,75.77504655493482,75.77504655493482,34.857238053469565,92.14420856779812
avi_splice_site_usage,s3_50,0.84619140625,0.0380859375,86,14,52.67403414195867,37.781961345740875,75.77504655493482,75.77504655493482,34.857238053469565,92.14420856779812
avi_splice_site_usage,s3_50,0.8466796875,0.03759765625,86,14,52.67403414195867,37.781961345740875,75.77504655493482,75.77504655493482,34.857238053469565,92.14420856779812
avi_splice_site_usage,s3_50,0.84716796875,0.0372314453125,86,14,52.67403414195867,37.781961345740875,75.77504655493482,75.77504655493482,34.77693806272719,91.98278608283624
avi_splice_site_usage,s3_50,0.84814453125,0.0362548828125,86,14,52.67403414195867,37.781961345740875,75.77504655493482,75.77504655493482,34.77693806272719,91.98278608283624
avi_splice_site_usage,s3_50,0.8482666015625,0.0362548828125,86,14,52.67403414195867,37.781961345740875,75.77504655493482,75.77504655493482,34.77693806272719,91.98278608283624
avi_splice_site_usage,s3_50,0.8486328125,0.0361328125,85,15,48.59077568134172,36.2254995242626,64.05713234253639,64.05713234253639,32.53961469659564,82.78207040298972
avi_splice_site_usage,s3_50,0.8496322631835938,0.03517913818359375,85,15,48.59077568134172,36.2254995242626,64.05713234253639,64.05713234253639,32.53961469659564,82.78207040298972
avi_splice_site_usage,s3_50,0.851318359375,0.035888671875,84,16,45.01792452830189,34.76752299397399,59.40890606515607,59.40890606515607,30.090149611188124,75.5132592871448
avi_splice_site_usage,s3_50,0.8513717651367188,0.03594207763671875,84,16,45.01792452830189,34.76752299397399,59.40890606515607,59.40890606515607,30.090149611188124,75.5132592871448
avi_splice_site_usage,s3_50,0.852874755859375,0.03662109375,85,15,48.59077568134172,37.862400906002264,62.508700948269215,62.508700948269215,32.414553395605786,83.3217515200774
avi_splice_site_usage,s3_50,0.8535385131835938,0.03699016571044922,86,14,52.67403414195867,46.0709022999366,62.31818181818182,62.31818181818182,34.825914249684736,92.18056169167586
avi_splice_site_usage,s3_50,0.8538818359375,0.03664684295654297,86,14,52.67403414195867,46.0709022999366,62.31818181818182,62.31818181818182,34.825914249684736,92.18056169167586
avi_splice_site_usage,s3_50,0.854736328125,0.03635406494140625,86,14,52.67403414195867,46.0709022999366,62.31818181818182,62.31818181818182,34.825914249684736,92.18056169167586
avi_splice_site_usage,s3_50,0.855712890625,0.037109375,85,15,48.59077568134172,41.53121217561432,59.608753082071146,59.608753082071146,32.4291138553928,83.16532432573658
avi_splice_site_usage,s3_50,0.855926513671875,0.036895751953125,85,15,48.59077568134172,41.53121217561432,59.608753082071146,59.608753082071146,32.4291138553928,83.16532432573658
avi_splice_site_usage,s3_50,0.856689453125,0.03662109375,85,15,48.59077568134172,40.30599228840358,60.27446203816484,60.27446203816484,32.31476918110916,83.3718286767712
avi_splice_site_usage,s3_50,0.85791015625,0.036376953125,83,19,37.45852366765972,25.11011378919405,53.732788014722786,53.732788014722786,25.869785082174467,60.04082315931323
avi_splice_site_usage,s3_50,0.858642578125,0.035888671875,81,19,36.55590863952334,24.637208590513296,52.31899455817569,52.31899455817569,25.2615101023743,58.65021870690502
avi_splice_site_usage,s3_50,0.858673095703125,0.035919189453125,81,19,36.55590863952334,24.637208590513296,52.31899455817569,52.31899455817569,25.2615101023743,58.65021870690502
avi_splice_site_usage,s3_50,0.8590793609619141,0.03632545471191406,81,19,36.55590863952334,24.637208590513296,52.31899455817569,52.31899455817569,25.2615101023743,58.65021870690502
avi_splice_site_usage,s3_50,0.8591136932373047,0.03635978698730469,81,19,36.55590863952334,24.637208590513296,52.31899455817569,52.31899455817569,25.2615101023743,58.65021870690502
avi_splice_site_usage,s3_50,0.8599090576171875,0.0371551513671875,81,19,36.55590863952334,24.637208590513296,52.31899455817569,52.31899455817569,25.2615101023743,58.65021870690502
avi_splice_site_usage,s3_50,0.8600006103515625,0.0372467041015625,81,19,36.55590863952334,24.637208590513296,52.31899455817569,52.31899455817569,25.2615101023743,58.65021870690502
avi_splice_site_usage,s3_50,0.8603057861328125,0.0375518798828125,82,19,37.00721615359153,24.836756756756756,53.115023260056546,53.115023260056546,25.48591184006133,59.26131414444423
avi_splice_site_usage,s3_50,0.86090087890625,0.03709220886230469,82,18,39.063172606568834,25.546466165413538,59.2346705466639,59.2346705466639,26.689769284995258,63.610755441741354
avi_splice_site_usage,s3_50,0.86199951171875,0.03619384765625,81,19,36.55590863952334,21.884661261866732,59.2346705466639,59.2346705466639,25.252110196520462,58.230381500426205
avi_splice_site_usage,s3_50,0.8621139526367188,0.03607940673828125,81,19,36.55590863952334,21.884661261866732,59.2346705466639,59.2346705466639,25.252110196520462,58.230381500426205
avi_splice_site_usage,s3_50,0.86273193359375,0.03653717041015625,81,19,36.55590863952334,21.884661261866732,59.2346705466639,59.2346705466639,25.252110196520462,58.230381500426205
avi_splice_site_usage,s3_50,0.86279296875,0.03659820556640625,81,19,36.55590863952334,21.884661261866732,59.2346705466639,59.2346705466639,25.252110196520462,58.230381500426205
avi_splice_site_usage,s3_50,0.862945556640625,0.03675079345703125,81,19,36.55590863952334,21.884661261866732,59.2346705466639,59.2346705466639,25.252110196520462,58.230381500426205
avi_splice_site_usage,s3_50,0.8631324768066406,0.036937713623046875,81,19,36.55590863952334,21.884661261866732,59.2346705466639,59.2346705466639,25.252110196520462,58.230381500426205
avi_splice_site_usage,s3_50,0.863525390625,0.03694915771484375,81,19,36.55590863952334,22.0234109065235,59.38407496100924,59.38407496100924,25.225928241249495,58.062463689291576
avi_splice_site_usage,s3_50,0.8670473098754883,0.03499126434326172,82,18,39.063172606568834,22.97178501486908,65.79277864992152,65.79277864992152,26.757064760496778,63.00336121719227
avi_splice_site_usage,s3_50,0.8671474456787109,0.03489112854003906,82,18,39.063172606568834,22.97178501486908,65.79277864992152,65.79277864992152,26.757064760496778,63.00336121719227
avi_splice_site_usage,s3_50,0.86871337890625,0.033451080322265625,82,18,39.063172606568834,21.149900592100447,76.48538011695905,76.48538011695905,26.884750977685762,63.501846614957536
avi_splice_site_usage,s3_50,0.8699264526367188,0.03247833251953125,81,19,36.55590863952334,19.255570044052863,67.88211708326973,67.88211708326973,25.139851687885493,58.45491921949753
avi_splice_site_usage,s3_50,0.8701171875,0.03228759765625,81,19,36.55590863952334,19.255570044052863,67.88211708326973,67.88211708326973,25.139851687885493,58.45491921949753
avi_splice_site_usage,s3_50,0.8704872131347656,0.032344818115234375,81,19,36.55590863952334,19.5998445998446,68.0398773006135,68.0398773006135,25.087986592155623,58.56076002905349
avi_splice_site_usage,s3_50,0.8705215454101562,0.03231048583984375,81,19,36.55590863952334,19.5998445998446,68.0398773006135,68.0398773006135,25.087986592155623,58.56076002905349
avi_splice_site_usage,s3_50,0.8706626892089844,0.032169342041015625,81,19,36.55590863952334,19.5998445998446,68.0398773006135,68.0398773006135,25.087986592155623,58.56076002905349
avi_splice_site_usage,s3_50,0.8707370758056641,0.03223609924316406,81,19,36.55590863952334,19.5998445998446,68.0398773006135,68.0398773006135,25.087986592155623,58.56076002905349
avi_splice_site_usage,s3_50,0.8708152770996094,0.032314300537109375,81,19,36.55590863952334,19.5998445998446,68.0398773006135,68.0398773006135,25.087986592155623,58.56076002905349
avi_splice_site_usage,s3_50,0.8708324432373047,0.03233146667480469,81,19,36.55590863952334,19.5998445998446,68.0398773006135,68.0398773006135,25.087986592155623,58.56076002905349
avi_splice_site_usage,s3_50,0.87158203125,0.0330810546875,81,19,36.55590863952334,19.5998445998446,68.0398773006135,68.0398773006135,25.087986592155623,58.56076002905349
avi_splice_site_usage,s3_50,0.8720703125,0.03321075439453125,80,20,34.29937106918239,19.188282398832527,58.7005550930576,58.7005550930576,23.555523970671178,54.27949057962822
avi_splice_site_usage,s3_50,0.872314453125,0.03296661376953125,80,20,34.29937106918239,19.188282398832527,58.7005550930576,58.7005550930576,23.555523970671178,54.27949057962822
avi_splice_site_usage,s3_50,0.873046875,0.03294181823730469,80,20,34.29937106918239,18.57959416230589,60.08695897058233,60.08695897058233,23.554815147348673,54.2067763275523
avi_splice_site_usage,s3_50,0.8740234375,0.032470703125,81,20,34.728113207547175,18.920136393497227,59.99271318108298,59.99271318108298,23.915606428217462,54.896219280205656
avi_splice_site_usage,s3_50,0.874755859375,0.03271484375,80,20,34.29937106918239,18.142895490678917,59.99271318108298,59.99271318108298,23.605794257853436,54.214234450409954
avi_splice_site_usage,s3_50,0.8747692108154297,0.03272819519042969,80,20,34.29937106918239,18.142895490678917,59.99271318108298,59.99271318108298,23.605794257853436,54.214234450409954
avi_splice_site_usage,s3_50,0.8749724626541138,0.03293144702911377,80,20,34.29937106918239,18.142895490678917,59.99271318108298,59.99271318108298,23.605794257853436,54.214234450409954
avi_splice_site_usage,s3_50,0.875,0.032958984375,80,20,34.29937106918239,18.142895490678917,59.99271318108298,59.99271318108298,23.605794257853436,54.214234450409954
avi_splice_site_usage,s3_50,0.876220703125,0.03391122817993164,81,19,36.55590863952334,18.715580789528197,72.18929879644165,72.18929879644165,25.04163030808212,58.98843552392009
avi_splice_site_usage,s3_50,0.87744140625,0.033203125,82,18,39.063172606568834,21.69557473626524,72.18929879644165,72.18929879644165,26.522222222222222,64.31246301419155
avi_splice_site_usage,s3_50,0.8785133361816406,0.032688140869140625,82,18,39.063172606568834,21.83468826387863,72.06893213462021,72.06893213462021,26.582034867712945,64.42905986875205
avi_splice_site_usage,s3_50,0.87890625,0.0329742431640625,82,18,39.063172606568834,22.010241520580543,72.19496730731127,72.19496730731127,26.639650669015342,64.34098105378776
avi_splice_site_usage,s3_50,0.88037109375,0.03275299072265625,82,18,39.063172606568834,21.264207480285762,72.76720759183328,72.76720759183328,26.580087319452787,64.13112393297688
avi_splice_site_usage,s3_50,0.8804168701171875,0.03270721435546875,82,18,39.063172606568834,21.264207480285762,72.76720759183328,72.76720759183328,26.580087319452787,64.13112393297688
avi_splice_site_usage,s3_50,0.8827099800109863,0.031267642974853516,81,19,36.55590863952334,18.77587166736825,72.31109944278722,72.31109944278722,25.01422926905783,58.67276101840465
avi_splice_site_usage,s3_50,0.8827543258666992,0.031223297119140625,81,19,36.55590863952334,18.77587166736825,72.31109944278722,72.31109944278722,25.01422926905783,58.67276101840465
avi_splice_site_usage,s3_50,0.8828125,0.031165122985839844,81,19,36.55590863952334,18.77587166736825,72.31109944278722,72.31109944278722,25.01422926905783,58.67276101840465
avi_splice_site_usage,s3_50,0.884033203125,0.03049468994140625,82,19,37.00721615359153,19.15497029118233,74.32696371961958,74.32696371961958,25.399514085325446,59.2746772316179
avi_splice_site_usage,s3_50,0.88427734375,0.03073883056640625,82,19,37.00721615359153,19.15497029118233,74.32696371961958,74.32696371961958,25.399514085325446,59.2746772316179
avi_splice_site_usage,s3_50,0.8843994140625,0.03076171875,81,19,36.55590863952334,18.46349535985463,75.08986801242236,75.08986801242236,25.13278936924257,58.78258310268285
avi_splice_site_usage,s3_50,0.884765625,0.0306396484375,81,19,36.55590863952334,18.62714920488305,76.20769811907698,76.20769811907698,25.088560885608857,58.64398068117576
avi_splice_site_usage,s3_50,0.88623046875,0.030517578125,81,19,36.55590863952334,18.549806406195003,76.56818181818181,76.56818181818181,25.088560885608857,58.59870228666039
avi_splice_site_usage,s3_50,0.88720703125,0.030517578125,82,18,39.063172606568834,19.213378176382662,88.62992264416313,88.62992264416313,26.50009800632508,63.71606928069664
avi_splice_site_usage,s3_50,0.8876953125,0.030104637145996094,83,18,39.53955276030748,18.884235357642943,90.89621848739496,90.89621848739496,26.845183115631215,64.53042446279557
avi_splice_site_usage,s3_50,0.89013671875,0.0301361083984375,82,18,39.063172606568834,18.630998067172747,91.2172555834414,91.2172555834414,26.503483284305563,63.97780775919337
avi_splice_site_usage,s3_50,0.890528678894043,0.03030872344970703,82,18,39.063172606568834,18.76654753989362,91.71292624900873,91.71292624900873,26.501285668768723,64.13415681279542
avi_splice_site_usage,s3_50,0.89111328125,0.03021240234375,82,18,39.063172606568834,18.400000000000002,92.56212001057362,92.56212001057362,26.405876602864634,63.94117234195893
avi_splice_site_usage,s3_50,0.892822265625,0.03009033203125,82,18,39.063172606568834,17.517652527545224,97.88823529411765,97.88823529411765,26.50633725113734,63.93987203995138
avi_splice_site_usage,s3_50,0.8931884765625,0.030120849609375,82,18,39.063172606568834,16.192284251584592,100.3458133081047,100.3458133081047,26.499987772570275,64.01902457420923
avi_splice_site_usage,s3_50,0.8942699432373047,0.029558181762695312,82,18,39.063172606568834,16.556663825263474,99.4573562552772,99.4573562552772,26.52092738242629,63.715995238602524
avi_splice_site_usage,s3_50,0.894287109375,0.029541015625,82,18,39.063172606568834,16.556663825263474,99.4573562552772,99.4573562552772,26.52092738242629,63.715995238602524
avi_splice_site_usage,s3_50,0.89727783203125,0.02716064453125,82,18,39.063172606568834,16.16813666239573,103.95546964490264,103.95546964490264,26.54595738787468,63.74058842032412
avi_splice_site_usage,s3_50,0.89794921875,0.027116775512695312,81,19,36.55590863952334,14.404847497279798,97.16039121169068,97.16039121169068,25.03135855789344,58.88311040178344
avi_splice_site_usage,s3_50,0.8979930877685547,0.02716064453125,81,19,36.55590863952334,14.404847497279798,97.16039121169068,97.16039121169068,25.03135855789344,58.88311040178344
avi_splice_site_usage,s3_50,0.898193359375,0.02700042724609375,81,19,36.55590863952334,13.863360492539954,96.22383146877412,96.22383146877412,25.031354704683555,58.9487597275549
avi_splice_site_usage,s3_50,0.9004745483398438,0.02529197931289673,82,18,39.063172606568834,13.405186342642793,110.46357615894038,110.46357615894038,26.626899644974753,63.8895585760564
avi_splice_site_usage,s3_50,0.902008056640625,0.02447509765625,82,18,39.063172606568834,13.054148562834223,111.38410596026489,111.38410596026489,26.623677541970228,63.974028552966445
avi_splice_site_usage,s3_50,0.90203857421875,0.024444580078125,82,18,39.063172606568834,13.054148562834223,111.38410596026489,111.38410596026489,26.623677541970228,63.974028552966445
avi_splice_site_usage,s3_50,0.902099609375,0.024383544921875,82,18,39.063172606568834,13.054148562834223,111.38410596026489,111.38410596026489,26.623677541970228,63.974028552966445
avi_splice_site_usage,s3_50,0.9021644592285156,0.024318695068359375,82,18,39.063172606568834,13.054148562834223,111.38410596026489,111.38410596026489,26.623677541970228,63.974028552966445
avi_splice_site_usage,s3_50,0.90240478515625,0.024078369140625,82,18,39.063172606568834,13.054148562834223,111.38410596026489,111.38410596026489,26.623677541970228,63.974028552966445
avi_splice_site_usage,s3_50,0.90283203125,0.02423095703125,83,17,41.86540880503145,14.071183236707023,120.90097852509466,120.90097852509466,28.30155911135098,69.57478617739486
avi_splice_site_usage,s3_50,0.9052734375,0.02327728271484375,85,15,48.59077568134172,14.930819653259936,143.64756671899528,143.64756671899528,32.290802410891935,83.17544337606836
avi_splice_site_usage,s3_50,0.9052810668945312,0.0232696533203125,85,15,48.59077568134172,14.930819653259936,143.64756671899528,143.64756671899528,32.290802410891935,83.17544337606836
avi_splice_site_usage,s3_50,0.9059886932373047,0.022871017456054688,84,16,45.01792452830189,14.461304898428462,125.38210339659395,125.38210339659395,30.00071972000392,76.5085538389072
avi_splice_site_usage,s3_50,0.906494140625,0.02243804931640625,84,16,45.01792452830189,14.461304898428462,125.38210339659395,125.38210339659395,30.023298941050633,76.40308823432133
avi_splice_site_usage,s3_50,0.908203125,0.021026611328125,85,15,48.59077568134172,14.461304898428462,145.61960609732537,145.61960609732537,32.30170254905557,83.72803503010398
avi_splice_site_usage,s3_50,0.9101319313049316,0.01921987533569336,89,14,54.5115004492363,14.738513513513515,172.4864512647967,172.4864512647967,35.839755046944035,95.1278760316248
avi_splice_site_usage,s3_50,0.91064453125,0.018707275390625,88,14,53.89901168014376,14.738513513513515,170.82457544538588,170.82457544538588,35.399622370050984,94.03291232487116
avi_splice_site_usage,s3_50,0.91082763671875,0.018524169921875,88,14,53.89901168014376,14.738513513513515,170.82457544538588,170.82457544538588,35.399622370050984,94.03291232487116
avi_splice_site_usage,s3_50,0.9118804931640625,0.0175933837890625,89,13,58.70469279148524,17.581532424367477,163.41289746637764,163.41289746637764,38.169287390660976,104.12853549341355
avi_splice_site_usage,s3_50,0.9124755859375,0.01700878143310547,90,11,70.15780445969126,23.36677208435431,149.30940427693074,149.30940427693074,44.95489688945084,130.05344099241813
avi_splice_site_usage,s3_50,0.9127349853515625,0.01674938201904297,90,11,70.15780445969126,23.36677208435431,149.30940427693074,149.30940427693074,44.95489688945084,130.05344099241813
avi_splice_site_usage,s3_50,0.9131240844726562,0.01636028289794922,90,11,70.15780445969126,23.36677208435431,149.30940427693074,149.30940427693074,44.95489688945084,130.05344099241813
avi_splice_site_usage,s3_50,0.913726806640625,0.015777587890625,89,11,69.37827329902802,23.36677208435431,147.98197492163007,147.98197492163007,44.539286539829305,128.55192470219976
avi_splice_site_usage,s3_50,0.9138593673706055,0.015705108642578125,89,11,69.37827329902802,23.63243952898594,146.86987979632576,146.86987979632576,44.44873519540593,128.83373558061024
avi_splice_site_usage,s3_50,0.9139041900634766,0.015703678131103516,90,10,77.17358490566038,29.182795698924732,149.12029780564262,149.12029780564262,48.61992063492064,150.94767461098226
avi_splice_site_usage,s3_50,0.9139223098754883,0.015685558319091797,90,10,77.17358490566038,29.182795698924732,149.12029780564262,149.12029780564262,48.61992063492064,150.94767461098226
avi_splice_site_usage,s3_50,0.9139776229858398,0.015630245208740234,90,10,77.17358490566038,29.182795698924732,149.12029780564262,149.12029780564262,48.61992063492064,150.94767461098226
avi_splice_site_usage,s3_50,0.9140110015869141,0.015596866607666016,90,10,77.17358490566038,29.182795698924732,149.12029780564262,149.12029780564262,48.61992063492064,150.94767461098226
avi_splice_site_usage,s3_50,0.9140172004699707,0.015590667724609375,90,10,77.17358490566038,29.182795698924732,149.12029780564262,149.12029780564262,48.61992063492064,150.94767461098226
avi_splice_site_usage,s3_50,0.9151611328125,0.01445627212524414,90,10,77.17358490566038,29.723796987645738,148.74853787274918,148.74853787274918,48.66219512195123,150.95686200651255
avi_splice_site_usage,s3_50,0.9154052734375,0.01421213150024414,90,10,77.17358490566038,29.723796987645738,148.74853787274918,148.74853787274918,48.66219512195123,150.95686200651255
avi_splice_site_usage,s3_50,0.916015625,0.013851165771484375,91,9,86.70118798043326,37.96969910903956,149.22400805604164,149.22400805604164,53.61457505160466,179.7133157453256
avi_splice_site_usage,s3_50,0.9175758361816406,0.014743804931640625,92,8,98.61069182389939,39.30595684803003,191.7018788188021,191.7018788188021,59.79254842236486,214.2149068318193
avi_splice_site_usage,s3_50,0.9176902770996094,0.014858245849609375,92,8,98.61069182389939,39.30595684803003,191.7018788188021,191.7018788188021,59.79254842236486,214.2149068318193
avi_splice_site_usage,s3_50,0.9177999496459961,0.014967918395996094,92,8,98.61069182389939,39.30595684803003,191.7018788188021,191.7018788188021,59.79254842236486,214.2149068318193
avi_splice_site_usage,s3_50,0.9179286956787109,0.014955520629882812,92,8,98.61069182389939,39.353911980440095,190.62626262626262,190.62626262626262,59.79127003551204,213.7222689584122
avi_splice_site_usage,s3_50,0.917933464050293,0.014950752258300781,92,8,98.61069182389939,39.353911980440095,190.62626262626262,190.62626262626262,59.79127003551204,213.7222689584122
avi_splice_site_usage,s3_50,0.9189453125,0.01393890380859375,92,8,98.61069182389939,39.353911980440095,190.62626262626262,190.62626262626262,59.79127003551204,213.7222689584122
avi_splice_site_usage,s3_50,0.91949462890625,0.013820648193359375,93,7,113.92291105121295,44.900303889160476,237.8602860824321,237.8602860824321,67.07437077470043,268.7808976701392
avi_splice_site_usage,s3_50,0.91998291015625,0.01348876953125,93,7,113.92291105121295,45.521977398447746,237.96371552975327,237.96371552975327,66.98914769498211,269.1013467662742
avi_splice_site_usage,s3_50,0.92083740234375,0.01300048828125,94,7,115.14788858939804,47.591181952718145,240.7889687315179,240.7889687315179,67.69293924466338,271.7210674077196
avi_splice_site_usage,s3_50,0.9210205078125,0.0128173828125,94,7,115.14788858939804,47.591181952718145,240.7889687315179,240.7889687315179,67.69293924466338,271.7210674077196
avi_splice_site_usage,s3_50,0.921630859375,0.01220703125,93,7,113.92291105121295,46.85907642632663,236.53241609873334,236.53241609873334,67.0599425111925,268.351153501153
avi_splice_site_usage,s3_50,0.921875,0.011962890625,93,7,113.92291105121295,46.85907642632663,236.53241609873334,236.53241609873334,67.0599425111925,268.351153501153
avi_splice_site_usage,s3_50,0.9228515625,0.01165771484375,93,7,113.92291105121295,45.784673159279144,239.5218446601942,239.5218446601942,66.99610001534523,268.9100067187105
avi_splice_site_usage,s3_50,0.9232330322265625,0.0113525390625,93,7,113.92291105121295,45.784673159279144,239.5218446601942,239.5218446601942,66.99610001534523,268.9100067187105
avi_splice_site_usage,s3_50,0.92327880859375,0.0113983154296875,93,7,113.92291105121295,45.784673159279144,239.5218446601942,239.5218446601942,66.99610001534523,268.9100067187105
avi_splice_site_usage,s3_50,0.923309326171875,0.011383056640625,93,7,113.92291105121295,47.38230695829993,236.06170798898071,236.06170798898071,67.10650371498569,268.89078677651423
avi_splice_site_usage,s3_50,0.92333984375,0.0113525390625,93,7,113.92291105121295,47.38230695829993,236.06170798898071,236.06170798898071,67.10650371498569,268.89078677651423
avi_splice_site_usage,s3_50,0.923828125,0.0110931396484375,93,7,113.92291105121295,47.53077728504558,235.26464640774535,235.26464640774535,66.9328552803129,268.92957582975805
avi_splice_site_usage,s3_50,0.9239501953125,0.0112152099609375,93,7,113.92291105121295,47.53077728504558,235.26464640774535,235.26464640774535,66.9328552803129,268.92957582975805
avi_splice_site_usage,s3_50,0.9239730834960938,0.01123809814453125,93,7,113.92291105121295,47.53077728504558,235.26464640774535,235.26464640774535,66.9328552803129,268.92957582975805
avi_splice_site_usage,s3_50,0.9243240356445312,0.01119232177734375,93,7,113.92291105121295,47.8353372976435,231.652413810879,231.652413810879,66.94559743558233,268.23159375488433
avi_splice_site_usage,s3_50,0.9243698120117188,0.01114654541015625,93,7,113.92291105121295,47.8353372976435,231.652413810879,231.652413810879,66.94559743558233,268.23159375488433
avi_splice_site_usage,s3_50,0.924713134765625,0.010986328125,93,7,113.92291105121295,47.8353372976435,231.652413810879,231.652413810879,66.94559743558233,268.23159375488433
avi_splice_site_usage,s3_50,0.9248046875,0.011077880859375,93,7,113.92291105121295,47.8353372976435,231.652413810879,231.652413810879,66.94559743558233,268.23159375488433
avi_splice_site_usage,s3_50,0.9249267578125,0.0111083984375,94,7,115.14788858939804,51.547794117647065,228.47826086956522,228.47826086956522,67.74129353233832,270.541828090563
avi_splice_site_usage,s3_50,0.9249763488769531,0.011116981506347656,94,7,115.14788858939804,51.547794117647065,228.47826086956522,228.47826086956522,67.74129353233832,270.541828090563
avi_splice_site_usage,s3_50,0.9250259399414062,0.011166572570800781,94,7,115.14788858939804,51.547794117647065,228.47826086956522,228.47826086956522,67.74129353233832,270.541828090563
avi_splice_site_usage,s3_50,0.925048828125,0.011189460754394531,94,7,115.14788858939804,51.547794117647065,228.47826086956522,228.47826086956522,67.74129353233832,270.541828090563
avi_splice_site_usage,s3_50,0.9251937866210938,0.011289596557617188,94,6,134.3392033542977,70.08420320111344,235.4479588242594,235.4479588242594,75.9313997113997,372.90854223106606
avi_splice_site_usage,s3_50,0.92529296875,0.011388778686523438,94,6,134.3392033542977,70.08420320111344,235.4479588242594,235.4479588242594,75.9313997113997,372.90854223106606
avi_splice_site_usage,s3_50,0.9255905151367188,0.011612892150878906,95,5,162.92201257861635,95.02009397271577,271.22995594713655,271.22995594713655,89.11385677722417,454.91697877652933
avi_splice_site_usage,s3_50,0.9256324768066406,0.011654853820800781,95,5,162.92201257861635,95.02009397271577,271.22995594713655,271.22995594713655,89.11385677722417,454.91697877652933
avi_splice_site_usage,s3_50,0.9256725311279297,0.011694908142089844,95,5,162.92201257861635,95.02009397271577,271.22995594713655,271.22995594713655,89.11385677722417,454.91697877652933
avi_splice_site_usage,s3_50,0.9256787300109863,0.011701107025146484,95,5,162.92201257861635,95.02009397271577,271.22995594713655,271.22995594713655,89.11385677722417,454.91697877652933
avi_splice_site_usage,s3_50,0.9257149696350098,0.01171875,95,5,162.92201257861635,97.65163204097011,270.25027822193795,270.25027822193795,89.24142756310084,455.5567960866753
avi_splice_site_usage,s3_50,0.9257537126541138,0.011742711067199707,95,5,162.92201257861635,97.65163204097011,270.25027822193795,270.25027822193795,89.24142756310084,455.5567960866753
avi_splice_site_usage,s3_50,0.9257645606994629,0.011753559112548828,95,5,162.92201257861635,97.65163204097011,270.25027822193795,270.25027822193795,89.24142756310084,455.5567960866753
avi_splice_site_usage,s3_50,0.9257665276527405,0.011755526065826416,95,5,162.92201257861635,97.65163204097011,270.25027822193795,270.25027822193795,89.24142756310084,455.5567960866753
avi_splice_site_usage,s3_50,0.9263153076171875,0.012304306030273438,95,5,162.92201257861635,97.65163204097011,270.25027822193795,270.25027822193795,89.24142756310084,455.5567960866753
avi_splice_site_usage,s3_50,0.926483154296875,0.012465953826904297,95,5,162.92201257861635,97.99539669645274,265.94654547100356,265.94654547100356,89.15161979068839,456.9761679130134
avi_splice_site_usage,s3_50,0.92706298828125,0.01253509521484375,94,6,134.3392033542977,66.97403627642034,257.31598887109806,257.31598887109806,76.52867665002444,376.17873249415476
avi_splice_site_usage,s3_50,0.9278793334960938,0.01271820068359375,94,6,134.3392033542977,66.97403627642034,257.31598887109806,257.31598887109806,76.52867665002444,376.17873249415476
avi_splice_site_usage,s3_50,0.9280929565429688,0.01270294189453125,94,6,134.3392033542977,67.64519120719714,258.70959595959596,258.70959595959596,76.74440442132641,375.4715762273902
avi_splice_site_usage,s3_50,0.9285507202148438,0.012302398681640625,94,6,134.3392033542977,69.52177744209467,258.70959595959596,258.70959595959596,76.41245665390065,375.19318828692514
avi_splice_site_usage,s3_50,0.9285888671875,0.012264251708984375,94,6,134.3392033542977,69.52177744209467,258.70959595959596,258.70959595959596,76.41245665390065,375.19318828692514
avi_splice_site_usage,s3_50,0.9287185668945312,0.012134552001953125,94,6,134.3392033542977,69.52177744209467,258.70959595959596,258.70959595959596,76.41245665390065,375.19318828692514
avi_splice_site_usage,s3_50,0.9288597106933594,0.011993408203125,94,6,134.3392033542977,69.52177744209467,258.70959595959596,258.70959595959596,76.41245665390065,375.19318828692514
avi_splice_site_usage,s3_50,0.9289321899414062,0.011920928955078125,94,6,134.3392033542977,69.52177744209467,258.70959595959596,258.70959595959596,76.41245665390065,375.19318828692514
avi_splice_site_usage,s3_50,0.928955078125,0.011898040771484375,94,6,134.3392033542977,69.52177744209467,258.70959595959596,258.70959595959596,76.41245665390065,375.19318828692514
avi_splice_site_usage,s3_50,0.9290618896484375,0.011791229248046875,94,6,134.3392033542977,69.52177744209467,258.70959595959596,258.70959595959596,76.41245665390065,375.19318828692514
avi_splice_site_usage,s3_50,0.929168701171875,0.011684417724609375,94,6,134.3392033542977,69.52177744209467,258.70959595959596,258.70959595959596,76.41245665390065,375.19318828692514
avi_splice_site_usage,s3_50,0.929229736328125,0.011653900146484375,94,6,134.3392033542977,69.52177744209467,258.70959595959596,258.70959595959596,76.41245665390065,375.19318828692514
avi_splice_site_usage,s3_50,0.9292831420898438,0.01163482666015625,94,6,134.3392033542977,71.15775177075616,253.91862955032119,253.91862955032119,76.01380712059442,374.82828766050727
avi_splice_site_usage,s3_50,0.9293079376220703,0.011617660522460938,94,6,134.3392033542977,71.15775177075616,253.91862955032119,253.91862955032119,76.01380712059442,374.82828766050727
avi_splice_site_usage,s3_50,0.9293308258056641,0.011640548706054688,94,6,134.3392033542977,71.15775177075616,253.91862955032119,253.91862955032119,76.01380712059442,374.82828766050727
avi_splice_site_usage,s3_50,0.929351806640625,0.011661529541015625,94,6,134.3392033542977,71.15775177075616,253.91862955032119,253.91862955032119,76.01380712059442,374.82828766050727
avi_splice_site_usage,s3_50,0.9294414520263672,0.011669158935546875,94,6,134.3392033542977,71.9957368468586,257.1400881057269,257.1400881057269,76.11480238140997,377.02336968438044
avi_splice_site_usage,s3_50,0.9294567108154297,0.011656761169433594,94,6,134.3392033542977,71.9957368468586,257.1400881057269,257.1400881057269,76.11480238140997,377.02336968438044
avi_splice_site_usage,s3_50,0.9294843673706055,0.011684417724609375,94,6,134.3392033542977,71.9957368468586,257.1400881057269,257.1400881057269,76.11480238140997,377.02336968438044
avi_splice_site_usage,s3_50,0.9295387268066406,0.011738777160644531,95,6,135.76834381551362,71.9957368468586,260.6625550660793,260.6625550660793,76.92381121954506,382.0600314355571
avi_splice_site_usage,s3_50,0.9295644760131836,0.011739253997802734,94,6,134.3392033542977,74.06497325082229,251.85638766519824,251.85638766519824,76.20877531982943,377.9374450096056
avi_splice_site_usage,s3_50,0.9296078681945801,0.01169586181640625,94,6,134.3392033542977,74.06497325082229,251.85638766519824,251.85638766519824,76.20877531982943,377.9374450096056
avi_splice_site_usage,s3_50,0.9296174049377441,0.011688709259033203,94,6,134.3392033542977,74.06497325082229,251.85638766519824,251.85638766519824,76.20877531982943,377.9374450096056
avi_splice_site_usage,s3_50,0.9296293258666992,0.01169586181640625,94,6,134.3392033542977,72.14103307935866,254.09978315762885,254.09978315762885,76.59623502432365,378.9175
avi_splice_site_usage,s3_50,0.9296326637268066,0.011698722839355469,94,6,134.3392033542977,74.06497325082229,251.85638766519824,251.85638766519824,76.62882595612503,378.89153182308513
avi_splice_site_usage,s3_50,0.9296391010284424,0.011692285537719727,94,6,134.3392033542977,74.06497325082229,251.85638766519824,251.85638766519824,76.62882595612503,378.89153182308513
avi_splice_site_usage,s3_50,0.929649829864502,0.011681556701660156,94,6,134.3392033542977,74.06497325082229,251.85638766519824,251.85638766519824,76.62882595612503,378.89153182308513
avi_splice_site_usage,s3_50,0.93170166015625,0.01031494140625,94,6,134.3392033542977,74.24044354069765,249.56952006873075,249.56952006873075,76.67359452403267,377.6235768519997
avi_splice_site_usage,s3_50,0.9320068359375,0.01031494140625,95,5,162.92201257861635,108.98409776029129,261.8222094251228,261.8222094251228,89.5948389879692,456.38964148877943
avi_splice_site_usage,s3_50,0.9328842163085938,0.01003265380859375,95,5,162.92201257861635,108.9107234473862,266.92240896358544,266.92240896358544,89.63245507826794,454.19259155880377
avi_splice_site_usage,s3_50,0.93310546875,0.010009765625,95,5,162.92201257861635,110.33891107309019,260.395256916996,260.395256916996,89.73859398710266,454.00650324063406
avi_splice_site_usage,s3_50,0.9333152770996094,0.010036468505859375,95,5,162.92201257861635,113.10052015933158,260.63105590062116,260.63105590062116,89.76052948255114,453.84238559919476
avi_splice_site_usage,s3_50,0.933349609375,0.01007080078125,95,5,162.92201257861635,113.10052015933158,260.63105590062116,260.63105590062116,89.76052948255114,453.84238559919476
avi_splice_site_usage,s3_50,0.9335848093032837,0.010244965553283691,95,5,162.92201257861635,113.03347547974413,260.64876864231326,260.64876864231326,89.57826974143956,452.7800029062087
avi_splice_site_usage,s3_50,0.933837890625,0.0101318359375,94,6,134.3392033542977,75.07699158216259,250.93646955768213,250.93646955768213,76.84962406015038,369.8389697635441
avi_splice_site_usage,s3_50,0.9339599609375,0.0101318359375,94,6,134.3392033542977,75.07699158216259,250.93646955768213,250.93646955768213,76.84962406015038,369.8389697635441
avi_splice_site_usage,s3_50,0.9341278076171875,0.0102996826171875,94,6,134.3392033542977,75.07699158216259,250.93646955768213,250.93646955768213,76.84962406015038,369.8389697635441
avi_splice_site_usage,s3_50,0.93450927734375,0.010557174682617188,94,6,134.3392033542977,73.74048857054338,257.184331797235,257.184331797235,76.91009451927184,369.328362611511
avi_splice_site_usage,s3_50,0.9346923828125,0.0103759765625,94,6,134.3392033542977,73.25928328554193,255.45202493093072,255.45202493093072,76.67850464100464,369.61013806118706
avi_splice_site_usage,s3_50,0.934722900390625,0.010386466979980469,94,6,134.3392033542977,73.25928328554193,255.45202493093072,255.45202493093072,76.8477088948787,369.81522526574537
avi_splice_site_usage,s3_50,0.9353790283203125,0.01018524169921875,95,5,162.92201257861635,80.67069630412654,395.4257274119449,395.4257274119449,90.06857218823416,456.59507846048217
avi_splice_site_usage,s3_50,0.935516357421875,0.01032257080078125,95,5,162.92201257861635,80.67069630412654,395.4257274119449,395.4257274119449,90.06857218823416,456.59507846048217
avi_splice_site_usage,s3_50,0.93603515625,0.01044464111328125,95,5,162.92201257861635,80.15159289867452,394.60448590639726,394.60448590639726,90.13802507748046,455.94757733784434
avi_splice_site_usage,s3_50,0.93634033203125,0.010667800903320312,95,5,162.92201257861635,79.83670033670033,398.6406926406927,398.6406926406927,89.87842952875053,455.3073809523808
avi_splice_site_usage,s3_50,0.936798095703125,0.01104438304901123,95,5,162.92201257861635,81.5032541727344,398.6406926406927,398.6406926406927,89.30714443870397,454.1322982569115
avi_splice_site_usage,s3_50,0.93707275390625,0.01104736328125,95,5,162.92201257861635,82.7223382045929,397.9895896656534,397.9895896656534,89.79226069240234,454.8898636161769
avi_splice_site_usage,s3_50,0.9374337196350098,0.010950565338134766,95,5,162.92201257861635,82.7223382045929,397.9895896656534,397.9895896656534,89.71820661453395,454.1121491859973
avi_splice_site_usage,s3_50,0.938629150390625,0.010274887084960938,95,5,162.92201257861635,81.15505617977527,413.2251082251082,413.2251082251082,89.75846764862209,454.917715021799
avi_splice_site_usage,s3_50,0.9395980834960938,0.01024627685546875,99,4,212.22735849056605,86.7168188961627,684.3870967741934,684.3870967741934,110.55654598699239,836.7862394713574
avi_splice_site_usage,s3_50,0.9407958984375,0.011339187622070312,97,4,207.93993710691825,83.02757751128453,693.3652329595042,693.3652329595042,108.16574648214437,823.4226891646605
avi_splice_site_usage,s3_50,0.9408187866210938,0.011362075805664062,97,4,207.93993710691825,83.02757751128453,693.3652329595042,693.3652329595042,108.16574648214437,823.4226891646605
avi_splice_site_usage,s3_50,0.9408531188964844,0.011396408081054688,97,4,207.93993710691825,83.02757751128453,693.3652329595042,693.3652329595042,108.16574648214437,823.4226891646605
avi_splice_site_usage,s3_50,0.94091796875,0.011461257934570312,97,4,207.93993710691825,83.02757751128453,693.3652329595042,693.3652329595042,108.16574648214437,823.4226891646605
avi_splice_site_usage,s3_50,0.9411106109619141,0.011571884155273438,97,3,277.253249475891,94.88604407135362,1278.3606010016695,1278.3606010016695,134.85521800049014,887.4404551411952
avi_splice_site_usage,s3_50,0.9411897659301758,0.011651039123535156,97,3,277.253249475891,94.88604407135362,1278.3606010016695,1278.3606010016695,134.85521800049014,887.4404551411952
avi_splice_site_usage,s3_50,0.9413037300109863,0.01171255111694336,95,5,162.92201257861635,67.23442972894412,678.3813829072174,678.3813829072174,88.59040540129095,451.2793739554317
avi_splice_site_usage,s3_50,0.9413213729858398,0.011713504791259766,95,5,162.92201257861635,67.23442972894412,678.3813829072174,678.3813829072174,88.59040540129095,451.2793739554317
avi_splice_site_usage,s3_50,0.9413313865661621,0.011723518371582031,95,5,162.92201257861635,67.23442972894412,678.3813829072174,678.3813829072174,88.59040540129095,451.2793739554317
avi_splice_site_usage,s3_50,0.9413399696350098,0.011732101440429688,95,5,162.92201257861635,67.23442972894412,678.3813829072174,678.3813829072174,88.59040540129095,451.2793739554317
avi_splice_site_usage,s3_50,0.9413609504699707,0.011753082275390625,95,5,162.92201257861635,67.23442972894412,678.3813829072174,678.3813829072174,88.59040540129095,451.2793739554317
avi_splice_site_usage,s3_50,0.9413731098175049,0.011765241622924805,95,5,162.92201257861635,67.23442972894412,678.3813829072174,678.3813829072174,88.59040540129095,451.2793739554317
avi_splice_site_usage,s3_50,0.9413803815841675,0.011772513389587402,95,5,162.92201257861635,67.23442972894412,678.3813829072174,678.3813829072174,88.59040540129095,451.2793739554317
avi_splice_site_usage,s3_50,0.9420166015625,0.012387275695800781,95,5,162.92201257861635,69.64478114478115,665.5524012894023,665.5524012894023,88.44545977701715,450.3246035834547
avi_splice_site_usage,s3_50,0.94232177734375,0.012692451477050781,95,5,162.92201257861635,69.64478114478115,665.5524012894023,665.5524012894023,88.44545977701715,450.3246035834547
avi_splice_site_usage,s3_50,0.9423370361328125,0.012707710266113281,95,5,162.92201257861635,69.64478114478115,665.5524012894023,665.5524012894023,88.44545977701715,450.3246035834547
avi_splice_site_usage,s3_50,0.943115234375,0.0134429931640625,95,5,162.92201257861635,72.84962569429509,644.3571428571428,644.3571428571428,88.78405486945243,452.09812553556105
avi_splice_site_usage,s3_50,0.9432373046875,0.0133209228515625,95,5,162.92201257861635,72.84962569429509,644.3571428571428,644.3571428571428,88.78405486945243,452.09812553556105
avi_splice_site_usage,s3_50,0.9434814453125,0.0130767822265625,95,5,162.92201257861635,72.84962569429509,644.3571428571428,644.3571428571428,88.78405486945243,452.09812553556105
avi_splice_site_usage,s3_50,0.9438095092773438,0.01274871826171875,95,5,162.92201257861635,72.84962569429509,644.3571428571428,644.3571428571428,88.78405486945243,452.09812553556105
avi_splice_site_usage,s3_50,0.9439697265625,0.0125885009765625,95,5,162.92201257861635,72.84962569429509,644.3571428571428,644.3571428571428,88.78405486945243,452.09812553556105
avi_splice_site_usage,s3_50,0.944610595703125,0.012217521667480469,95,5,162.92201257861635,75.74349409361399,615.6296802677256,615.6296802677256,88.59467637681858,452.39068322981365
avi_splice_site_usage,s3_50,0.9450664520263672,0.011960983276367188,95,5,162.92201257861635,75.72735421055181,615.5911989795918,615.5911989795918,88.68043409993535,453.36075949367086
avi_splice_site_usage,s3_50,0.945068359375,0.011962890625,95,5,162.92201257861635,75.72735421055181,615.5911989795918,615.5911989795918,88.68043409993535,453.36075949367086
avi_splice_site_usage,s3_50,0.9451093673706055,0.012003898620605469,95,5,162.92201257861635,75.72735421055181,615.5911989795918,615.5911989795918,88.68043409993535,453.36075949367086
avi_splice_site_usage,s3_50,0.9451894760131836,0.012084007263183594,95,5,162.92201257861635,75.72735421055181,615.5911989795918,615.5911989795918,88.68043409993535,453.36075949367086
avi_splice_site_usage,s3_50,0.9452099800109863,0.012104511260986328,95,5,162.92201257861635,75.72735421055181,615.5911989795918,615.5911989795918,88.68043409993535,453.36075949367086
avi_splice_site_usage,s3_50,0.9452223777770996,0.01211690902709961,95,5,162.92201257861635,75.72735421055181,615.5911989795918,615.5911989795918,88.68043409993535,453.36075949367086
avi_splice_site_usage,s3_50,0.9452672004699707,0.012161731719970703,95,5,162.92201257861635,75.72735421055181,615.5911989795918,615.5911989795918,88.68043409993535,453.36075949367086
avi_splice_site_usage,s3_50,0.945277214050293,0.012171745300292969,95,5,162.92201257861635,75.72735421055181,615.5911989795918,615.5911989795918,88.68043409993535,453.36075949367086
avi_splice_site_usage,s3_50,0.9452849626541138,0.01217949390411377,95,5,162.92201257861635,75.72735421055181,615.5911989795918,615.5911989795918,88.68043409993535,453.36075949367086
avi_splice_site_usage,s3_50,0.9452897310256958,0.0121842622756958,95,5,162.92201257861635,75.72735421055181,615.5911989795918,615.5911989795918,88.68043409993535,453.36075949367086
avi_splice_site_usage,s3_50,0.9458465576171875,0.0127410888671875,95,5,162.92201257861635,75.72735421055181,615.5911989795918,615.5911989795918,88.68043409993535,453.36075949367086
avi_splice_site_usage,s3_50,0.946136474609375,0.013031005859375,95,5,162.92201257861635,75.72735421055181,615.5911989795918,615.5911989795918,88.68043409993535,453.36075949367086
avi_splice_site_usage,s3_50,0.946502685546875,0.013153076171875,94,6,134.3392033542977,57.17040665257546,591.9595959595961,591.9595959595961,76.31208299235955,372.5299199560135
avi_splice_site_usage,s3_50,0.947021484375,0.013436675071716309,94,6,134.3392033542977,58.86672269962202,586.2676767676768,586.2676767676768,76.3849962283128,373.9789669585985
avi_splice_site_usage,s3_50,0.9474105834960938,0.013430595397949219,94,6,134.3392033542977,57.4867694624235,564.5976551226546,564.5976551226546,76.45486137401501,375.27146855482425
avi_splice_site_usage,s3_50,0.9474639892578125,0.013377189636230469,94,6,134.3392033542977,57.4867694624235,564.5976551226546,564.5976551226546,76.45486137401501,375.27146855482425
avi_splice_site_usage,s3_50,0.9478912353515625,0.0133819580078125,94,6,134.3392033542977,57.4867694624235,564.5976551226546,564.5976551226546,76.36416145194002,374.35272970012744
avi_splice_site_usage,s3_50,0.9480819702148438,0.01338958740234375,94,6,134.3392033542977,58.97796334957086,549.2957885139426,549.2957885139426,76.20670557029179,373.441394826681
avi_splice_site_usage,s3_50,0.9481201171875,0.013427734375,94,6,134.3392033542977,58.97796334957086,549.2957885139426,549.2957885139426,76.20670557029179,373.441394826681
avi_splice_site_usage,s3_50,0.9483642578125,0.013671875,94,6,134.3392033542977,58.97796334957086,549.2957885139426,549.2957885139426,76.20670557029179,373.441394826681
avi_splice_site_usage,s3_50,0.9483909606933594,0.013698577880859375,94,6,134.3392033542977,58.97796334957086,549.2957885139426,549.2957885139426,76.20670557029179,373.441394826681
avi_splice_site_usage,s3_50,0.94873046875,0.014007568359375,94,6,134.3392033542977,58.97796334957086,549.2957885139426,549.2957885139426,76.32741992089518,374.4037800687284
avi_splice_site_usage,s3_50,0.9488391876220703,0.014116287231445312,94,6,134.3392033542977,58.97796334957086,549.2957885139426,549.2957885139426,76.32741992089518,374.4037800687284
avi_splice_site_usage,s3_50,0.9489040374755859,0.014131546020507812,94,6,134.3392033542977,60.57590761701851,536.80421582024,536.80421582024,76.2066063414993,374.06737271437567
avi_splice_site_usage,s3_50,0.948974609375,0.01406097412109375,94,6,134.3392033542977,60.57590761701851,536.80421582024,536.80421582024,76.2066063414993,374.06737271437567
avi_splice_site_usage,s3_50,0.9490156173706055,0.014019966125488281,94,6,134.3392033542977,60.57590761701851,536.80421582024,536.80421582024,76.2066063414993,374.06737271437567
avi_splice_site_usage,s3_50,0.9490394592285156,0.013996124267578125,94,6,134.3392033542977,60.57590761701851,536.80421582024,536.80421582024,76.2066063414993,374.06737271437567
avi_splice_site_usage,s3_50,0.9490604400634766,0.013975143432617188,94,6,134.3392033542977,60.57590761701851,536.80421582024,536.80421582024,76.2066063414993,374.06737271437567
avi_splice_site_usage,s3_50,0.9491100311279297,0.013925552368164062,94,6,134.3392033542977,60.57590761701851,536.80421582024,536.80421582024,76.2066063414993,374.06737271437567
avi_splice_site_usage,s3_50,0.9491338729858398,0.013901710510253906,94,6,134.3392033542977,60.57590761701851,536.80421582024,536.80421582024,76.2066063414993,374.06737271437567
avi_splice_site_usage,s3_50,0.9491391181945801,0.013896465301513672,94,6,134.3392033542977,60.57590761701851,536.80421582024,536.80421582024,76.2066063414993,374.06737271437567
avi_splice_site_usage,s3_50,0.9491786956787109,0.013856887817382812,94,6,134.3392033542977,60.57590761701851,536.80421582024,536.80421582024,76.2066063414993,374.06737271437567
avi_splice_site_usage,s3_50,0.9491856098175049,0.013849973678588867,94,6,134.3392033542977,60.57590761701851,536.80421582024,536.80421582024,76.2066063414993,374.06737271437567
avi_splice_site_usage,s3_50,0.9491875171661377,0.013848066329956055,94,6,134.3392033542977,60.57590761701851,536.80421582024,536.80421582024,76.2066063414993,374.06737271437567
avi_splice_site_usage,s3_50,0.9492040276527405,0.013831555843353271,94,6,134.3392033542977,60.57590761701851,536.80421582024,536.80421582024,76.2066063414993,374.06737271437567
avi_splice_site_usage,s3_50,0.949462890625,0.01367950439453125,94,6,134.3392033542977,60.57590761701851,536.80421582024,536.80421582024,76.31496886833988,374.31519367747103
avi_splice_site_usage,s3_50,0.9497528076171875,0.0137176513671875,95,6,135.76834381551362,62.36179857124492,536.80421582024,536.80421582024,77.2564832553691,378.2832560469154
avi_splice_site_usage,s3_50,0.9514236450195312,0.013340473175048828,93,7,113.92291105121295,46.65301494505418,538.2432373498149,538.2432373498149,66.82572510429893,273.4610723119452
avi_splice_site_usage,s3_50,0.9515762329101562,0.013187885284423828,93,7,113.92291105121295,46.65301494505418,538.2432373498149,538.2432373498149,66.82572510429893,273.4610723119452
avi_splice_site_usage,s3_50,0.9519195556640625,0.01285409927368164,93,7,113.92291105121295,46.48309178743962,543.9881844963028,543.9881844963028,66.88322777830088,273.2674000464723
avi_splice_site_usage,s3_50,0.952423095703125,0.012369155883789062,94,6,134.3392033542977,57.44081164348592,556.6164691097221,556.6164691097221,76.01380712059442,378.39042283580096
avi_splice_site_usage,s3_50,0.9526214599609375,0.012170791625976562,94,6,134.3392033542977,57.44081164348592,556.6164691097221,556.6164691097221,76.01380712059442,378.39042283580096
avi_splice_site_usage,s3_50,0.952667236328125,0.012125015258789062,94,6,134.3392033542977,57.44081164348592,556.6164691097221,556.6164691097221,76.01380712059442,378.39042283580096
avi_splice_site_usage,s3_50,0.9529933929443359,0.012174606323242188,94,6,134.3392033542977,58.052283464566926,546.470783199643,546.470783199643,76.01430224758724,378.44303388021837
avi_splice_site_usage,s3_50,0.9530162811279297,0.012197494506835938,94,6,134.3392033542977,58.052283464566926,546.470783199643,546.470783199643,76.01430224758724,378.44303388021837
avi_splice_site_usage,s3_50,0.95343017578125,0.012577056884765625,94,6,134.3392033542977,57.44081164348592,556.6164691097221,556.6164691097221,76.12635923278253,378.49901433691724
avi_splice_site_usage,s3_50,0.9542236328125,0.013370513916015625,94,6,134.3392033542977,57.44081164348592,556.6164691097221,556.6164691097221,76.12635923278253,378.49901433691724
avi_splice_site_usage,s3_50,0.9552764892578125,0.014086723327636719,94,6,134.3392033542977,58.21201577360241,571.8175287356321,571.8175287356321,75.98167999210872,381.0674062518336
avi_splice_site_usage,s3_50,0.95574951171875,0.014559745788574219,94,6,134.3392033542977,58.21201577360241,571.8175287356321,571.8175287356321,75.98167999210872,381.0674062518336
avi_splice_site_usage,s3_50,0.9560623168945312,0.014872550964355469,94,6,134.3392033542977,58.21201577360241,571.8175287356321,571.8175287356321,75.98167999210872,381.0674062518336
avi_splice_site_usage,s3_50,0.9565582275390625,0.015236854553222656,94,6,134.3392033542977,59.24522727272728,554.3311688311688,554.3311688311688,76.13898301570715,379.3923484541649
avi_splice_site_usage,s3_50,0.956787109375,0.015465736389160156,94,6,134.3392033542977,59.24522727272728,554.3311688311688,554.3311688311688,76.13898301570715,379.3923484541649
avi_splice_site_usage,s3_50,0.9568281173706055,0.015506744384765625,94,6,134.3392033542977,59.24522727272728,554.3311688311688,554.3311688311688,76.13898301570715,379.3923484541649
avi_splice_site_usage,s3_50,0.9570069313049316,0.01567554473876953,94,6,134.3392033542977,61.056215267453005,544.6060606060606,544.6060606060606,76.18942408376964,378.19898473956346
avi_splice_site_usage,s3_50,0.95928955078125,0.01790916919708252,94,6,134.3392033542977,66.18988902589396,513.3836206896551,513.3836206896551,75.78450213504763,379.95949367088605
avi_splice_site_usage,s3_50,0.9594345092773438,0.01805412769317627,94,6,134.3392033542977,66.18988902589396,513.3836206896551,513.3836206896551,75.78450213504763,379.95949367088605
avi_splice_site_usage,s3_50,0.96038818359375,0.01900780200958252,94,6,134.3392033542977,66.18988902589396,513.3836206896551,513.3836206896551,75.78450213504763,379.95949367088605
avi_splice_site_usage,s3_50,0.9607343673706055,0.01935398578643799,94,6,134.3392033542977,66.18988902589396,513.3836206896551,513.3836206896551,75.78450213504763,379.95949367088605
avi_splice_site_usage,s3_50,0.9607973098754883,0.0194169282913208,94,6,134.3392033542977,66.18988902589396,513.3836206896551,513.3836206896551,75.78450213504763,379.95949367088605
avi_splice_site_usage,s3_50,0.960841178894043,0.01946079730987549,94,6,134.3392033542977,66.18988902589396,513.3836206896551,513.3836206896551,75.78450213504763,379.95949367088605
avi_splice_site_usage,s3_50,0.9609043598175049,0.019468069076538086,94,6,134.3392033542977,67.13545886912101,509.2097701149425,509.2097701149425,75.93191295191295,379.3924927715819
avi_splice_site_usage,s3_50,0.96142578125,0.0194091796875,94,6,134.3392033542977,67.13545886912101,509.2097701149425,509.2097701149425,75.93191295191295,379.3924927715819
avi_splice_site_usage,s3_50,0.96221923828125,0.02020263671875,94,6,134.3392033542977,67.13545886912101,509.2097701149425,509.2097701149425,75.93191295191295,379.3924927715819
avi_splice_site_usage,s3_50,0.9630355834960938,0.02101898193359375,94,6,134.3392033542977,67.13545886912101,509.2097701149425,509.2097701149425,75.93191295191295,379.3924927715819
avi_splice_site_usage,s3_50,0.9630889892578125,0.0210723876953125,94,6,134.3392033542977,67.13545886912101,509.2097701149425,509.2097701149425,75.93191295191295,379.3924927715819
avi_splice_site_usage,s3_50,0.9631423950195312,0.02112579345703125,94,6,134.3392033542977,67.13545886912101,509.2097701149425,509.2097701149425,75.93191295191295,379.3924927715819
avi_splice_site_usage,s3_50,0.96331787109375,0.021011829376220703,94,6,134.3392033542977,67.5,495.3355061249923,495.3355061249923,75.93191295191295,380.5341959972393
avi_splice_site_usage,s3_50,0.96405029296875,0.021728515625,94,6,134.3392033542977,67.5,495.3355061249923,495.3355061249923,75.93191295191295,380.5341959972393
avi_splice_site_usage,s3_50,0.964111328125,0.02178955078125,94,6,134.3392033542977,67.5,495.3355061249923,495.3355061249923,75.93191295191295,380.5341959972393
avi_splice_site_usage,s3_50,0.9647207260131836,0.022398948669433594,94,6,134.3392033542977,67.5,495.3355061249923,495.3355061249923,75.93191295191295,380.5341959972393
avi_splice_site_usage,s3_50,0.9647350311279297,0.022413253784179688,94,6,134.3392033542977,67.5,495.3355061249923,495.3355061249923,75.93191295191295,380.5341959972393
avi_splice_site_usage,s3_50,0.9647641181945801,0.022442340850830078,94,6,134.3392033542977,67.5,495.3355061249923,495.3355061249923,75.93191295191295,380.5341959972393
avi_splice_site_usage,s3_50,0.9647736549377441,0.02245187759399414,94,6,134.3392033542977,67.5,495.3355061249923,495.3355061249923,75.93191295191295,380.5341959972393
avi_splice_site_usage,s3_50,0.9647922515869141,0.022470474243164062,94,6,134.3392033542977,67.5,495.3355061249923,495.3355061249923,75.93191295191295,380.5341959972393
avi_splice_site_usage,s3_50,0.96514892578125,0.0228271484375,94,6,134.3392033542977,67.5,495.3355061249923,495.3355061249923,75.93191295191295,380.5341959972393
avi_splice_site_usage,s3_50,0.9653778076171875,0.0230560302734375,94,6,134.3392033542977,67.5,495.3355061249923,495.3355061249923,75.93191295191295,380.5341959972393
avi_splice_site_usage,s3_50,0.96826171875,0.02593994140625,94,6,134.3392033542977,67.5,495.3355061249923,495.3355061249923,75.93191295191295,380.5341959972393
avi_splice_site_usage,s3_50,0.9683055877685547,0.025983810424804688,94,6,134.3392033542977,67.5,495.3355061249923,495.3355061249923,75.93191295191295,380.5341959972393
avi_splice_site_usage,s3_50,0.968414306640625,0.026092529296875,94,6,134.3392033542977,67.5,495.3355061249923,495.3355061249923,75.93191295191295,380.5341959972393
avi_splice_site_usage,s3_50,0.9709548950195312,0.02863311767578125,94,6,134.3392033542977,67.5,495.3355061249923,495.3355061249923,75.93191295191295,380.5341959972393
avi_splice_site_usage,s3_50,0.9717445373535156,0.029422760009765625,94,6,134.3392033542977,67.5,495.3355061249923,495.3355061249923,75.93191295191295,380.5341959972393
avi_splice_site_usage,s3_50,0.9723606109619141,0.030038833618164062,94,6,134.3392033542977,67.5,495.3355061249923,495.3355061249923,75.93191295191295,380.5341959972393
avi_splice_site_usage,s3_50,0.9747543334960938,0.03243255615234375,94,6,134.3392033542977,67.5,495.3355061249923,495.3355061249923,75.93191295191295,380.5341959972393
avi_splice_site_usage,s3_50,0.9748611450195312,0.03253936767578125,94,6,134.3392033542977,67.5,495.3355061249923,495.3355061249923,75.93191295191295,380.5341959972393
avi_splice_site_usage,s3_50,0.9752349853515625,0.0329132080078125,94,6,134.3392033542977,67.5,495.3355061249923,495.3355061249923,75.93191295191295,380.5341959972393
avi_splice_site_usage,s3_50,0.9770965576171875,0.0347747802734375,94,6,134.3392033542977,67.5,495.3355061249923,495.3355061249923,75.93191295191295,380.5341959972393
avi_splice_site_usage,s3_50,0.980372428894043,0.03805065155029297,94,6,134.3392033542977,67.5,495.3355061249923,495.3355061249923,75.93191295191295,380.5341959972393
avi_splice_site_usage,s3_50,0.9843297004699707,0.0420079231262207,94,6,134.3392033542977,67.5,495.3355061249923,495.3355061249923,75.93191295191295,380.5341959972393
