tool,stratum,score,eps,n_damaging_in_window,n_normal_in_window,local_lr,lr_lo_gene_boot,lr_hi_gene_boot,lr_hi_bootstrap_only,lr_lo_variant_boot,lr_hi_variant_boot
avi_splice_site_usage,s3_10,0.0078125,0.0,7,249,0.12354681885436482,0.04158347676419966,0.2301080096423386,0.2301080096423386,0.05168206929386365,0.20600456994270053
avi_splice_site_usage,s3_10,0.0087890625,0.0009765625,7,256,0.12016858552631579,0.038684926809404406,0.21659831458305162,0.21659831458305162,0.05033967111430567,0.2001055868568712
avi_splice_site_usage,s3_10,0.009765625,0.001953125,11,401,0.12055387846174039,0.03361938508936514,0.1783331164041824,0.1783331164041824,0.06347989302130026,0.18317514057722725
avi_splice_site_usage,s3_10,0.010498046875,0.001220703125,4,148,0.11877667140825036,0.0,0.15835225550202378,0.15835225550202378,0.029298734353944058,0.22649828526998275
avi_splice_site_usage,s3_10,0.0107421875,0.0009765625,4,148,0.11877667140825036,0.0,0.15835225550202378,0.15835225550202378,0.029298734353944058,0.22649828526998275
avi_splice_site_usage,s3_10,0.01171875,0.0,4,142,0.12379540400296517,0.0,0.16292624103972667,0.16292624103972667,0.03061816378172139,0.23542711799915478
avi_splice_site_usage,s3_10,0.011988639831542969,0.00026988983154296875,4,143,0.1229297018770703,0.0,0.1613671382546575,0.1613671382546575,0.030427930658261607,0.2344882516925527
avi_splice_site_usage,s3_10,0.013671875,0.001953125,20,642,0.13690768978521067,0.04477078430788478,0.2281991011689049,0.2281991011689049,0.08858662918437527,0.1892601147084395
avi_splice_site_usage,s3_10,0.013916015625,0.001708984375,16,499,0.1409134057588862,0.050034672692153906,0.27087436617357413,0.27087436617357413,0.08524439782346752,0.20213732532628426
avi_splice_site_usage,s3_10,0.0145263671875,0.0010986328125,16,499,0.1409134057588862,0.050034672692153906,0.27087436617357413,0.27087436617357413,0.08524439782346752,0.20213732532628426
avi_splice_site_usage,s3_10,0.015625,0.0,16,491,0.14320934719691286,0.05074732315788191,0.2753983639384773,0.2753983639384773,0.08651283324569697,0.20568931217865283
avi_splice_site_usage,s3_10,0.017578125,0.001953125,24,603,0.17491489918826916,0.055647269457541775,0.30540225064354753,0.30540225064354753,0.1186378111696091,0.23657198395587856
avi_splice_site_usage,s3_10,0.01953125,0.0,8,108,0.3255360623781676,0.05315060132184891,0.5644503092068647,0.5644503092068647,0.15106440990128023,0.5391720812553976
avi_splice_site_usage,s3_10,0.019775390625,0.000244140625,8,109,0.32254949299855146,0.05315060132184891,0.5590265987549519,0.5590265987549519,0.14971918081391847,0.5347623135117012
avi_splice_site_usage,s3_10,0.0205078125,0.0009765625,8,115,0.30572082379862703,0.04975033457481914,0.5377728665131379,0.5377728665131379,0.14257149310928427,0.5047567972670071
avi_splice_site_usage,s3_10,0.021484375,0.001953125,14,367,0.16764663702853863,0.07089112881672582,0.2518226381042752,0.2518226381042752,0.09877221493836777,0.24536263936671618
avi_splice_site_usage,s3_10,0.022216796875,0.001220703125,6,257,0.10260086012697112,0.0488146880423188,0.1610081279206254,0.1610081279206254,0.03632427959578511,0.1790278488390177
avi_splice_site_usage,s3_10,0.0234375,0.0,6,251,0.10505347032920948,0.04964027211771689,0.16586954309555305,0.16586954309555305,0.037162389799888826,0.18354272880283948
avi_splice_site_usage,s3_10,0.0244140625,0.0009765625,7,255,0.12063983488132095,0.05268252662183914,0.19442628309905194,0.19442628309905194,0.051633654146545846,0.20337143390299875
avi_splice_site_usage,s3_10,0.024658203125,0.001220703125,7,255,0.12063983488132095,0.05268252662183914,0.19442628309905194,0.19442628309905194,0.051633654146545846,0.20337143390299875
avi_splice_site_usage,s3_10,0.025390625,0.001953125,9,315,0.1255639097744361,0.053902691205690696,0.19386413922921963,0.19386413922921963,0.06010858554899655,0.19971829506411215
avi_splice_site_usage,s3_10,0.02685546875,0.00341796875,9,322,0.12283425956194835,0.05379350422611009,0.18997099178859359,0.18997099178859359,0.058718320598751046,0.19549061085144903
avi_splice_site_usage,s3_10,0.02734375,0.00390625,12,459,0.11489508083935328,0.041103026136971636,0.19540521704472552,0.19540521704472552,0.06334219492773825,0.17277556407080308
avi_splice_site_usage,s3_10,0.029296875,0.001953125,4,204,0.08617131062951497,0.0,0.17380938444760086,0.17380938444760086,0.021584394074440034,0.1648152304009575
avi_splice_site_usage,s3_10,0.03125,0.0,3,137,0.09623511333077218,0.0,0.21903242573914333,0.21903242573914333,0.026723558933997933,0.19929619737997278
avi_splice_site_usage,s3_10,0.0322265625,0.0009765625,3,139,0.09485043544112078,0.0,0.21071415294248855,0.21071415294248855,0.026272711740875455,0.19615019884854487
avi_splice_site_usage,s3_10,0.033203125,0.001953125,6,185,0.14253200568990043,0.03184916146850444,0.2625746362901596,0.2625746362901596,0.05120781840241981,0.2446737829858746
avi_splice_site_usage,s3_10,0.03326416015625,0.00201416015625,6,185,0.14253200568990043,0.03184916146850444,0.2625746362901596,0.2625746362901596,0.05120781840241981,0.2446737829858746
avi_splice_site_usage,s3_10,0.03448486328125,0.00323486328125,6,188,0.1402575587905935,0.031342957340735486,0.2601336369382756,0.2601336369382756,0.050285168264206155,0.24054657209204927
avi_splice_site_usage,s3_10,0.03515625,0.00390625,14,294,0.20927318295739347,0.06296,0.37981094630094875,0.37981094630094875,0.12112299987370788,0.3078585455935692
avi_splice_site_usage,s3_10,0.037109375,0.001953125,11,153,0.3159614723082216,0.11401326232422525,0.5558019216555802,0.5558019216555802,0.1674263790061908,0.49214108560090697
avi_splice_site_usage,s3_10,0.0390625,0.0,8,106,0.3316782522343595,0.11116680590364802,0.6472483783218247,0.6472483783218247,0.14929152025615372,0.5521329519386785
avi_splice_site_usage,s3_10,0.0400390625,0.0009765625,8,109,0.32254949299855146,0.11029147672330433,0.6156555772994129,0.6156555772994129,0.14458274294083406,0.5371834220691094
avi_splice_site_usage,s3_10,0.041015625,0.001953125,12,129,0.408812729498164,0.13875551200391967,0.7492034229433484,0.7492034229433484,0.21938226568882627,0.6279897562411179
avi_splice_site_usage,s3_10,0.04296875,0.00390625,19,201,0.4154228855721393,0.16044662749489466,0.7483436101522467,0.7483436101522467,0.26427822636468096,0.5902246928484776
avi_splice_site_usage,s3_10,0.04302978515625,0.00384521484375,11,95,0.5088642659279778,0.1915545230140445,0.8707133687878233,0.8707133687878233,0.2680804134852553,0.8047781812839926
avi_splice_site_usage,s3_10,0.044921875,0.001953125,11,92,0.5254576659038902,0.1968187374480948,0.9064961099708845,0.9064961099708845,0.2776548672566372,0.8295930648173504
avi_splice_site_usage,s3_10,0.04541015625,0.00244140625,11,92,0.5254576659038902,0.1968187374480948,0.9064961099708845,0.9064961099708845,0.2776548672566372,0.8295930648173504
avi_splice_site_usage,s3_10,0.046875,0.00390625,12,136,0.3877708978328173,0.14841861040117502,0.6622100340507743,0.6622100340507743,0.2117124318982482,0.5948132586939828
avi_splice_site_usage,s3_10,0.048828125,0.001953125,7,114,0.2698522622345337,0.11288360146005137,0.448936170212766,0.448936170212766,0.11394860470485466,0.4520115981271432
avi_splice_site_usage,s3_10,0.05078125,0.00390625,12,170,0.31021671826625385,0.10007843137254901,0.5787139406371463,0.5787139406371463,0.17048676458495587,0.46941989034803006
avi_splice_site_usage,s3_10,0.052734375,0.001953125,6,98,0.2690655209452202,0.0637780157803889,0.5166966642261434,0.5166966642261434,0.095346455797019,0.4736540664375715
avi_splice_site_usage,s3_10,0.05419921875,0.00341796875,7,100,0.3076315789473684,0.06329493573638029,0.6420620579190864,0.6420620579190864,0.1302943400111002,0.5272121658532636
avi_splice_site_usage,s3_10,0.0546875,0.00390625,8,117,0.3004948268106163,0.05850780759822358,0.5874232046161311,0.5874232046161311,0.13548126803929128,0.49849884181980886
avi_splice_site_usage,s3_10,0.0556640625,0.0048828125,9,117,0.33805668016194335,0.05850780759822358,0.7016781292984868,0.7016781292984868,0.16290096224407516,0.5520009259009134
avi_splice_site_usage,s3_10,0.05615234375,0.00537109375,9,117,0.33805668016194335,0.05850780759822358,0.7016781292984868,0.7016781292984868,0.16290096224407516,0.5520009259009134
avi_splice_site_usage,s3_10,0.056640625,0.005859375,12,143,0.36878910563121087,0.09541374955875641,0.6484184100418411,0.6484184100418411,0.19959763215805001,0.5651910366933943
avi_splice_site_usage,s3_10,0.05859375,0.00390625,11,98,0.4932867883995704,0.1331514725628256,0.925248499200461,0.925248499200461,0.25685483523600433,0.7738745235397136
avi_splice_site_usage,s3_10,0.060546875,0.005859375,11,119,0.4062361786819991,0.11020619527351473,0.7125264287378889,0.7125264287378889,0.21175661640754256,0.6333189557347211
avi_splice_site_usage,s3_10,0.0625,0.0078125,18,156,0.507085020242915,0.0828519557682786,1.0658196846777896,1.0658196846777896,0.3132330398886042,0.7248671754308227
avi_splice_site_usage,s3_10,0.064453125,0.005859375,12,101,0.522146951537259,0.05573753169907016,0.9913132488677798,0.9913132488677798,0.2823728113151116,0.8078924454560992
avi_splice_site_usage,s3_10,0.0660400390625,0.0074462890625,12,102,0.5170278637770898,0.05453887510339124,0.9860224543831201,0.9860224543831201,0.28052365022692977,0.7980599704445379
avi_splice_site_usage,s3_10,0.06640625,0.0078125,12,125,0.42189473684210527,0.045694733194733196,0.7951594437668356,0.7951594437668356,0.22918995348655177,0.6497366135034145
avi_splice_site_usage,s3_10,0.068115234375,0.006103515625,10,108,0.4069200779727095,0.0522898493259318,0.7695852534562212,0.7695852534562212,0.20503184808368805,0.6503389791539247
avi_splice_site_usage,s3_10,0.068359375,0.005859375,10,108,0.4069200779727095,0.0522898493259318,0.7695852534562212,0.7695852534562212,0.20503184808368805,0.6503389791539247
avi_splice_site_usage,s3_10,0.0703125,0.0078125,13,132,0.4328149920255184,0.12576435342881767,0.7793045544647444,0.7793045544647444,0.243903629750775,0.6551234461610675
avi_splice_site_usage,s3_10,0.072265625,0.005859375,10,104,0.4225708502024291,0.08466658857631167,0.9058189458299077,0.9058189458299077,0.21534142074062224,0.6750335731385981
avi_splice_site_usage,s3_10,0.07421875,0.0078125,14,120,0.512719298245614,0.10087793565528672,1.0490645949162725,1.0490645949162725,0.29488513274511396,0.7702269972554051
avi_splice_site_usage,s3_10,0.076171875,0.005859375,14,99,0.6214779372674109,0.120348120173352,1.387450995689571,1.387450995689571,0.3550107339463943,0.944371767408409
avi_splice_site_usage,s3_10,0.078125,0.0078125,15,125,0.5273684210526316,0.09029216778386147,1.2540282143340518,1.2540282143340518,0.3120396121021812,0.7842567185363316
avi_splice_site_usage,s3_10,0.080078125,0.009765625,18,134,0.5903377847604085,0.08444980864918578,1.462595515864281,1.462595515864281,0.36839393802942483,0.8552257915159677
avi_splice_site_usage,s3_10,0.08203125,0.0078125,11,98,0.4932867883995704,0.10305690072639226,1.0986866948181668,1.0986866948181668,0.26145761486629876,0.7795046279198548
avi_splice_site_usage,s3_10,0.083984375,0.009765625,12,111,0.47510668563300146,0.09179182356547629,1.088177787773313,1.088177787773313,0.26079339839719895,0.7340120632035616
avi_splice_site_usage,s3_10,0.0849609375,0.0087890625,12,88,0.5992822966507177,0.11290513488901065,1.448068137429026,1.448068137429026,0.3260244014869595,0.9371103024548185
avi_splice_site_usage,s3_10,0.0859375,0.009765625,12,88,0.5992822966507177,0.11290513488901065,1.448068137429026,1.448068137429026,0.3260244014869595,0.9371103024548185
avi_splice_site_usage,s3_10,0.08642578125,0.01025390625,12,89,0.592548787699586,0.11191102286773454,1.4154461655211612,1.4154461655211612,0.32224947789916975,0.9252273668310105
avi_splice_site_usage,s3_10,0.08984375,0.01171875,16,121,0.5811222270552414,0.22014781816340995,1.132614990533467,1.132614990533467,0.34866576600159865,0.862929729613395
avi_splice_site_usage,s3_10,0.09375,0.01171875,13,107,0.5339399901623217,0.1548932107851886,1.0831396388342571,1.0831396388342571,0.29967456566963263,0.8177702137500916
avi_splice_site_usage,s3_10,0.0966796875,0.0126953125,13,109,0.5241429261226461,0.19015059719577634,1.076337064676617,1.076337064676617,0.2966211499153124,0.7939131995433598
avi_splice_site_usage,s3_10,0.09765625,0.01171875,12,106,0.4975173783515392,0.1942525992274999,0.9680399468407674,0.9680399468407674,0.27400647013270835,0.7676984775914142
avi_splice_site_usage,s3_10,0.09912109375,0.01318359375,12,106,0.4975173783515392,0.1942525992274999,0.9680399468407674,0.9680399468407674,0.27400647013270835,0.7676984775914142
avi_splice_site_usage,s3_10,0.1015625,0.01171875,11,91,0.5312319259687681,0.22200532386867788,0.9631578947368421,0.9631578947368421,0.28177598166223977,0.839786049269882
avi_splice_site_usage,s3_10,0.10546875,0.01171875,12,93,0.5670628183361629,0.3832150575542646,0.7808510638297872,0.7808510638297872,0.30895744990215596,0.8822345156312263
avi_splice_site_usage,s3_10,0.10888671875,0.01220703125,13,87,0.6566848154869933,0.4258831082029255,0.9279975530179445,0.9279975530179445,0.37000771837878854,1.0089901975070277
avi_splice_site_usage,s3_10,0.109375,0.0126953125,13,87,0.6566848154869933,0.4258831082029255,0.9279975530179445,0.9279975530179445,0.37000771837878854,1.0089901975070277
avi_splice_site_usage,s3_10,0.11328125,0.015625,15,108,0.6103801169590642,0.43732288331308494,0.8026925746009715,0.8026925746009715,0.359416419278638,0.9096184488327971
avi_splice_site_usage,s3_10,0.11376953125,0.01513671875,13,92,0.6209954233409611,0.5201198199421807,0.7197232370787753,0.7197232370787753,0.3518921545165653,0.9522800317650084
avi_splice_site_usage,s3_10,0.1171875,0.015625,17,97,0.7702116115029842,0.6588810464097881,0.879520697167756,0.879520697167756,0.47235840220010544,1.1268753513419023
avi_splice_site_usage,s3_10,0.119140625,0.017578125,18,104,0.7606275303643725,0.6009431481049446,0.9493264766996395,0.9493264766996395,0.47068052880309225,1.1034330985915493
avi_splice_site_usage,s3_10,0.12109375,0.015625,16,87,0.808227465214761,0.5660556687033265,1.0702658896906012,1.0702658896906012,0.4839242924813683,1.198935865187163
avi_splice_site_usage,s3_10,0.125,0.015625,18,84,0.9417293233082707,0.6140350877192982,1.3308380120607193,1.3308380120607193,0.5791857566494938,1.3770436037877898
avi_splice_site_usage,s3_10,0.1259765625,0.0166015625,18,84,0.9417293233082707,0.6140350877192982,1.3308380120607193,1.3308380120607193,0.5791857566494938,1.3770436037877898
avi_splice_site_usage,s3_10,0.126953125,0.017578125,18,90,0.8789473684210527,0.5595689387978924,1.2685344827586207,1.2685344827586207,0.5420682191245911,1.279530086873475
avi_splice_site_usage,s3_10,0.12890625,0.01953125,19,97,0.8608247422680412,0.6075810089673763,1.223428028572777,1.223428028572777,0.5388540276571039,1.2446639648115434
avi_splice_site_usage,s3_10,0.1328125,0.01953125,19,88,0.9488636363636364,0.4705315870570108,1.6828823716613255,1.6828823716613255,0.5950018010597763,1.3709759488146855
avi_splice_site_usage,s3_10,0.1357421875,0.0185546875,20,80,1.098684210526316,0.57860740132035,1.9485306325751288,1.9485306325751288,0.6990426991889589,1.588575641284202
avi_splice_site_usage,s3_10,0.13671875,0.01953125,21,87,1.0607985480943738,0.5847790825766134,1.8577388826701944,1.8577388826701944,0.6824587643517644,1.5236143340584964
avi_splice_site_usage,s3_10,0.138671875,0.021484375,21,92,1.0031464530892449,0.5551046009084839,1.7451486473568494,1.7451486473568494,0.6445771078782107,1.4378466066794764
avi_splice_site_usage,s3_10,0.140625,0.021484375,18,84,0.9417293233082707,0.47807881773399014,1.7678796154978982,1.7678796154978982,0.5849425600847751,1.3822020935302186
avi_splice_site_usage,s3_10,0.14453125,0.0234375,20,97,0.9061313076505696,0.41471339780200195,1.669992131294964,1.669992131294964,0.5794841111317193,1.3014272800181184
avi_splice_site_usage,s3_10,0.146484375,0.021484375,18,91,0.8692886061307113,0.36758563074352546,1.6950247729149464,1.6950247729149464,0.5377520860224968,1.2720364741641337
avi_splice_site_usage,s3_10,0.1484375,0.0234375,19,95,0.8789473684210526,0.36804320984188127,1.6169478002347637,1.6169478002347637,0.5510940602920037,1.2753523254859203
avi_splice_site_usage,s3_10,0.15185546875,0.02294921875,19,82,1.0182926829268293,0.4442920696514488,1.7812886564378567,1.7812886564378567,0.6381098934282708,1.487270574304322
avi_splice_site_usage,s3_10,0.15234375,0.0234375,19,83,1.006024096385542,0.4336665432555843,1.7565485362095532,1.7565485362095532,0.6308442386277732,1.469137325954936
avi_splice_site_usage,s3_10,0.154296875,0.025390625,19,89,0.9382022471910112,0.4177912455915155,1.580893682588598,1.580893682588598,0.586997582881452,1.3675950204930336
avi_splice_site_usage,s3_10,0.15625,0.02734375,19,94,0.8882978723404256,0.39615985988238,1.495166066393375,1.495166066393375,0.557048247020182,1.2926075496727667
avi_splice_site_usage,s3_10,0.16015625,0.02734375,19,93,0.8978494623655914,0.37020833333333336,1.7005037313432836,1.7005037313432836,0.5617096337994468,1.3006715090041967
avi_splice_site_usage,s3_10,0.162109375,0.025390625,15,86,0.7665238678090576,0.28067675917090373,1.499889880369282,1.499889880369282,0.4504916488726254,1.154960582752341
avi_splice_site_usage,s3_10,0.1640625,0.02734375,16,88,0.799043062200957,0.2729411764705882,1.6256781932369924,1.6256781932369924,0.4789777662094465,1.193766083608824
avi_splice_site_usage,s3_10,0.166015625,0.02734375,15,85,0.7755417956656346,0.291603493666188,1.4546219813752828,1.4546219813752828,0.4555118729844847,1.170043272412248
avi_splice_site_usage,s3_10,0.16650390625,0.02783203125,15,85,0.7755417956656346,0.291603493666188,1.4546219813752828,1.4546219813752828,0.4555118729844847,1.170043272412248
avi_splice_site_usage,s3_10,0.16796875,0.02734375,15,87,0.7577132486388384,0.2830746492406554,1.4541194259692662,1.4541194259692662,0.4443039226737992,1.1447179331794375
avi_splice_site_usage,s3_10,0.171875,0.02734375,14,88,0.6991626794258373,0.3070128729629504,1.2295012354363362,1.2295012354363362,0.40458452745823875,1.0641126765391469
avi_splice_site_usage,s3_10,0.17333984375,0.02880859375,14,88,0.6991626794258373,0.3070128729629504,1.2295012354363362,1.2295012354363362,0.40458452745823875,1.0641126765391469
avi_splice_site_usage,s3_10,0.173828125,0.029296875,14,93,0.6615732880588567,0.2916347479699709,1.1567701585883403,1.1567701585883403,0.38392130451724943,1.0067306331435224
avi_splice_site_usage,s3_10,0.17578125,0.02734375,14,86,0.715422276621787,0.3219853924370134,1.1965849856475879,1.1965849856475879,0.4145594182768904,1.0901401760627207
avi_splice_site_usage,s3_10,0.1796875,0.029296875,15,85,0.7755417956656346,0.2870748739958516,1.3374813862190331,1.3374813862190331,0.4605600866953176,1.177825084805974
avi_splice_site_usage,s3_10,0.18359375,0.03125,16,95,0.7401662049861495,0.2743688178208817,1.2657223494328773,1.2657223494328773,0.44440340061648603,1.1033001134165223
avi_splice_site_usage,s3_10,0.1856689453125,0.0311279296875,14,86,0.715422276621787,0.23135802469135802,1.262718866756872,1.262718866756872,0.41186467392492343,1.0931678213254064
avi_splice_site_usage,s3_10,0.18701171875,0.03076171875,14,86,0.715422276621787,0.23135802469135802,1.262718866756872,1.262718866756872,0.41186467392492343,1.0931678213254064
avi_splice_site_usage,s3_10,0.1875,0.03125,15,91,0.7244071717755928,0.30122721959562704,1.2268286050938093,1.2268286050938093,0.4264042966871768,1.0897344073864705
avi_splice_site_usage,s3_10,0.19140625,0.03125,14,89,0.6913069189828503,0.26643656950057637,1.2089561260472115,1.2089561260472115,0.39758188216210927,1.0475665020158929
avi_splice_site_usage,s3_10,0.1923828125,0.0322265625,14,89,0.6913069189828503,0.26643656950057637,1.2089561260472115,1.2089561260472115,0.39758188216210927,1.0475665020158929
avi_splice_site_usage,s3_10,0.19287109375,0.03271484375,14,89,0.6913069189828503,0.26643656950057637,1.2089561260472115,1.2089561260472115,0.39758188216210927,1.0475665020158929
avi_splice_site_usage,s3_10,0.193359375,0.033203125,17,90,0.8301169590643275,0.403073716596381,1.2854363314158654,1.2854363314158654,0.5051255892583553,1.2290693003376196
avi_splice_site_usage,s3_10,0.1953125,0.03125,17,83,0.9001268230818008,0.4392411817804538,1.3736961306580753,1.3736961306580753,0.5441302380431892,1.3390149783859928
avi_splice_site_usage,s3_10,0.19921875,0.03271484375,17,83,0.9001268230818008,0.4487373737373737,1.3821777949545861,1.3821777949545861,0.547881305403165,1.3410590580246502
avi_splice_site_usage,s3_10,0.203125,0.03515625,23,84,1.2033208020050126,0.5520509754329112,1.938109187749667,1.938109187749667,0.7849099974432993,1.725043650194838
avi_splice_site_usage,s3_10,0.205078125,0.037109375,23,86,1.1753365973072216,0.5388340473086236,1.8818332807952438,1.8818332807952438,0.7680974588369659,1.6804812834224598
avi_splice_site_usage,s3_10,0.20703125,0.037109375,21,79,1.1682211858760825,0.49515738498789347,1.910619317207068,1.910619317207068,0.7402445829045781,1.6977090172198286
avi_splice_site_usage,s3_10,0.208984375,0.037109375,21,82,1.1254813863928113,0.48669354441766527,1.7981321589504122,1.7981321589504122,0.7158117628527122,1.633211233211233
avi_splice_site_usage,s3_10,0.2109375,0.0390625,22,84,1.1510025062656644,0.5509426775852219,1.8128702375756065,1.8128702375756065,0.7403997906978305,1.6565556992027581
avi_splice_site_usage,s3_10,0.212890625,0.0390625,21,79,1.1682211858760825,0.5001045879235811,1.9921322761079354,1.9921322761079354,0.7415584276787813,1.7004771976108777
avi_splice_site_usage,s3_10,0.21484375,0.0390625,21,79,1.1682211858760825,0.4929439879986742,2.005790954452494,2.005790954452494,0.7422779192343656,1.6976415585871227
avi_splice_site_usage,s3_10,0.216796875,0.0390625,21,79,1.1682211858760825,0.4912129721895099,2.001295277326354,2.001295277326354,0.7410950805759762,1.6930807038024496
avi_splice_site_usage,s3_10,0.21875,0.0390625,21,79,1.1682211858760825,0.4912129721895099,2.001295277326354,2.001295277326354,0.7410950805759762,1.6930807038024496
avi_splice_site_usage,s3_10,0.220703125,0.041015625,23,80,1.2634868421052632,0.5320696509708915,2.127752981634594,2.127752981634594,0.8157396279141078,1.8167669341749904
avi_splice_site_usage,s3_10,0.22265625,0.04296875,23,85,1.1891640866873066,0.5116706718211264,1.9496182141487397,1.9496182141487397,0.7689273340402447,1.7068763094868367
avi_splice_site_usage,s3_10,0.2265625,0.04296875,23,82,1.2326700898587934,0.5258973534769099,2.0797914491367755,2.0797914491367755,0.7999332368033707,1.7668174737289153
avi_splice_site_usage,s3_10,0.23046875,0.04296875,23,79,1.2794803464357096,0.7368104984071093,1.904090267983075,1.904090267983075,0.8391974068838791,1.8342490301397425
avi_splice_site_usage,s3_10,0.234375,0.04296875,23,78,1.2958839406207827,0.7723588795677521,1.8969050068587106,1.8969050068587106,0.8495708545044884,1.8639068822814395
avi_splice_site_usage,s3_10,0.236328125,0.044921875,23,81,1.2478882391163093,0.7358398095638171,1.8276445433909252,1.8276445433909252,0.8203169192501344,1.7975885827279785
avi_splice_site_usage,s3_10,0.23828125,0.044921875,23,78,1.2958839406207827,0.7690208439582482,1.8988913525498892,1.8988913525498892,0.8441369376612066,1.8710566258026853
avi_splice_site_usage,s3_10,0.23974609375,0.04443359375,23,77,1.3127136021872865,0.7723333657388122,1.9281221922731357,1.9281221922731357,0.8534963414281519,1.8988604991206168
avi_splice_site_usage,s3_10,0.2421875,0.044921875,24,76,1.3878116343490303,0.8174137186441335,2.0658075236199935,2.0658075236199935,0.9100298137396735,2.0001715288522357
avi_splice_site_usage,s3_10,0.244140625,0.044921875,25,77,1.4268626110731373,0.8007047954664507,2.163161960346751,2.163161960346751,0.9462429753857239,2.038045222347634
avi_splice_site_usage,s3_10,0.24609375,0.046875,25,81,1.3564002599090317,0.7818646826319461,2.006560962274467,2.006560962274467,0.9021464473461622,1.9318311603189129
avi_splice_site_usage,s3_10,0.25,0.046875,24,76,1.3878116343490303,0.7220862565943329,2.149760436335824,2.149760436335824,0.9114932055058288,1.9945997234600434
avi_splice_site_usage,s3_10,0.25390625,0.05078125,24,78,1.3522267206477732,0.6951431888544891,2.128443810524735,2.128443810524735,0.8888742220118969,1.9457541150222004
avi_splice_site_usage,s3_10,0.255859375,0.052734375,24,81,1.3021442495126705,0.6525095482770721,2.0996143335814788,2.0996143335814788,0.8569562636676039,1.8724363442340133
avi_splice_site_usage,s3_10,0.26171875,0.0546875,25,76,1.4456371191135733,0.7794653045207484,2.2305782718009786,2.2305782718009786,0.9550506497558243,2.069498529458097
avi_splice_site_usage,s3_10,0.265625,0.056640625,25,76,1.4456371191135733,0.7247515114872719,2.3961384318809245,2.3961384318809245,0.958120067643558,2.0729394545153568
avi_splice_site_usage,s3_10,0.267578125,0.056640625,25,75,1.4649122807017543,0.7532985736230173,2.4184805078728573,2.4184805078728573,0.9694978109118041,2.107836909467344
avi_splice_site_usage,s3_10,0.26953125,0.05859375,25,78,1.4085695006747638,0.7246131332312412,2.2974393661223305,2.2974393661223305,0.9337939742723937,2.014109580203016
avi_splice_site_usage,s3_10,0.271484375,0.060546875,25,78,1.4085695006747638,0.7246131332312412,2.2974393661223305,2.2974393661223305,0.9337939742723937,2.014109580203016
avi_splice_site_usage,s3_10,0.2734375,0.0625,26,79,1.44636908727515,0.7168891613775864,2.420767679444556,2.420767679444556,0.9627404721274175,2.054320760015413
avi_splice_site_usage,s3_10,0.275390625,0.0625,25,75,1.4649122807017543,0.7561696154451859,2.4138070896484827,2.4138070896484827,0.9661569332028112,2.101506150309346
avi_splice_site_usage,s3_10,0.277099609375,0.064208984375,25,77,1.4268626110731373,0.7294357687801466,2.3498940067827103,2.3498940067827103,0.9433075581127043,2.0352637020463558
avi_splice_site_usage,s3_10,0.27734375,0.064453125,25,81,1.3564002599090317,0.678258659301596,2.287286091385401,2.287286091385401,0.8990072546773579,1.9360441275709293
avi_splice_site_usage,s3_10,0.279296875,0.064453125,26,79,1.44636908727515,0.8104776579352851,2.3379214043486933,2.3379214043486933,0.9600254683175404,2.060569957561199
avi_splice_site_usage,s3_10,0.28125,0.0625,24,76,1.3878116343490303,0.8359062321326473,2.1207266308733903,2.1207266308733903,0.9080883822060294,2.0062261214093673
avi_splice_site_usage,s3_10,0.28271484375,0.06396484375,24,76,1.3878116343490303,0.8359062321326473,2.1207266308733903,2.1207266308733903,0.9080883822060294,2.0062261214093673
avi_splice_site_usage,s3_10,0.283203125,0.064453125,26,78,1.4649122807017545,0.9182558986521098,2.1672916154413575,2.1672916154413575,0.9735707887721351,2.08752008223222
avi_splice_site_usage,s3_10,0.28515625,0.06640625,26,79,1.44636908727515,0.9061231867252404,2.154003648686945,2.154003648686945,0.9608267047066146,2.0600546138656575
avi_splice_site_usage,s3_10,0.287109375,0.068359375,26,80,1.4282894736842107,0.8974949268336438,2.1207400194741965,2.1207400194741965,0.9499872953133822,2.0305998560454603
avi_splice_site_usage,s3_10,0.28839111328125,0.06768798828125,25,75,1.4649122807017543,0.8996852022614195,2.214449917898194,2.214449917898194,0.9620416862134329,2.1050345294557298
avi_splice_site_usage,s3_10,0.2890625,0.068359375,25,76,1.4456371191135733,0.8771248178727539,2.2043562069133493,2.2043562069133493,0.9490420712354477,2.0736789966192166
avi_splice_site_usage,s3_10,0.29296875,0.0703125,27,77,1.5410116199589885,0.9646219141241823,2.315863769210887,2.315863769210887,1.0330881555251796,2.1920675962529135
avi_splice_site_usage,s3_10,0.296875,0.0703125,28,75,1.640701754385965,0.9623574144486692,2.622162978368524,2.622162978368524,1.108214210633122,2.323727275687552
avi_splice_site_usage,s3_10,0.30078125,0.0703125,27,76,1.5612880886426592,0.6950319847259054,2.7450163067600686,2.7450163067600686,1.0476722916382273,2.2228441106335373
avi_splice_site_usage,s3_10,0.306640625,0.068359375,26,75,1.5235087719298246,0.7435115957902757,2.504633745285715,2.504633745285715,1.01265322491493,2.174753145847649
avi_splice_site_usage,s3_10,0.30859375,0.0703125,26,76,1.5034626038781165,0.7284660129515641,2.49727401493933,2.49727401493933,1.0004336989301779,2.1417525773195876
avi_splice_site_usage,s3_10,0.310546875,0.07080078125,23,77,1.3127136021872865,0.5895946557909257,2.3814347088660703,2.3814347088660703,0.8535452818619191,1.8913336204518074
avi_splice_site_usage,s3_10,0.31640625,0.0703125,24,79,1.3351099267155229,0.5998613037447988,2.4685714285714284,2.4685714285714284,0.8745634035097344,1.9143661646838956
avi_splice_site_usage,s3_10,0.3203125,0.0703125,25,78,1.4085695006747638,0.6059224985540775,2.7293625115406726,2.7293625115406726,0.9339717492929218,2.0133806322723964
avi_splice_site_usage,s3_10,0.322265625,0.068359375,24,76,1.3878116343490303,0.5651049353122201,2.7079619150763206,2.7079619150763206,0.9104063675652243,1.9958754299701205
avi_splice_site_usage,s3_10,0.328125,0.072265625,24,76,1.3878116343490303,0.5653548765438697,2.674633096206838,2.674633096206838,0.909745261574559,1.9951573646627754
avi_splice_site_usage,s3_10,0.333984375,0.072265625,24,78,1.3522267206477732,0.5562124711316396,2.638562091503268,2.638562091503268,0.8892193021669107,1.9439400216032965
avi_splice_site_usage,s3_10,0.3359375,0.07421875,24,78,1.3522267206477732,0.5562124711316396,2.638562091503268,2.638562091503268,0.8892193021669107,1.9439400216032965
avi_splice_site_usage,s3_10,0.33984375,0.076171875,22,78,1.2395411605937923,0.47988904299583907,2.515043862345588,2.515043862345588,0.7951802270131424,1.8020654172062982
avi_splice_site_usage,s3_10,0.341796875,0.076171875,22,79,1.2238507661558962,0.47986580403501927,2.462477062713949,2.462477062713949,0.7860959343588869,1.7754976510879896
avi_splice_site_usage,s3_10,0.34375,0.078125,23,79,1.2794803464357096,0.5148741463115719,2.5582514629989186,2.5582514629989186,0.8308281742087202,1.8489999760064768
avi_splice_site_usage,s3_10,0.34765625,0.080078125,24,76,1.3878116343490303,0.5742651374744555,2.7172027028748693,2.7172027028748693,0.9054758332269187,1.9993574438613682
avi_splice_site_usage,s3_10,0.349609375,0.080078125,24,76,1.3878116343490303,0.58293648637284,2.638562091503268,2.638562091503268,0.9063166646809119,1.9948632546043512
avi_splice_site_usage,s3_10,0.35546875,0.08203125,29,74,1.7222617354196301,0.8643695474800728,2.9978501228501226,2.9978501228501226,1.1643318034711674,2.427057092367686
avi_splice_site_usage,s3_10,0.357421875,0.08203125,27,73,1.6254506128334536,0.7606384346755868,2.8578141783029,2.8578141783029,1.0882320301390846,2.3159340659340657
avi_splice_site_usage,s3_10,0.359375,0.083984375,28,74,1.662873399715505,0.7995330479388101,2.864388470064313,2.864388470064313,1.1184599634599635,2.350842514774939
avi_splice_site_usage,s3_10,0.361328125,0.0859375,28,76,1.6191135734072022,0.783176452318796,2.7497062279670974,2.7497062279670974,1.0901771448387905,2.288555731142014
avi_splice_site_usage,s3_10,0.36328125,0.0859375,29,72,1.7701023391812865,0.8359062321326473,3.0463557415430493,3.0463557415430493,1.1975430363479809,2.5053516673550686
avi_splice_site_usage,s3_10,0.365234375,0.0859375,29,73,1.7458543619322278,0.8539675027407516,2.9044671292388493,2.9044671292388493,1.1818724753076502,2.469252227030009
avi_splice_site_usage,s3_10,0.3671875,0.0859375,29,75,1.699298245614035,0.8314091087767209,2.910074118792271,2.910074118792271,1.1533574387033294,2.393066280883061
avi_splice_site_usage,s3_10,0.369140625,0.083984375,28,72,1.70906432748538,0.8352272727272726,2.889981096408318,2.889981096408318,1.1537263665012922,2.407867381579637
avi_splice_site_usage,s3_10,0.37109375,0.083984375,28,73,1.6856524873828407,0.8459150981177413,2.853687341439944,2.853687341439944,1.1401313746413717,2.3667620908954685
avi_splice_site_usage,s3_10,0.373046875,0.08465576171875,29,71,1.7950333580429947,0.9457762289860071,3.0057565789473686,3.0057565789473686,1.2206362171165415,2.5256269639522126
avi_splice_site_usage,s3_10,0.375,0.0859375,28,72,1.70906432748538,0.9148580097243606,2.822494116388532,2.822494116388532,1.1520683752337981,2.408956537449156
avi_splice_site_usage,s3_10,0.376953125,0.0859375,29,71,1.7950333580429947,0.9674288992705516,2.9093448450990356,2.9093448450990356,1.2199756097560976,2.5148549437537007
avi_splice_site_usage,s3_10,0.380859375,0.087890625,29,72,1.7701023391812865,0.9507640067911715,2.8445596715645474,2.8445596715645474,1.2015079615827833,2.4751229968429747
avi_splice_site_usage,s3_10,0.3828125,0.08984375,30,72,1.8311403508771928,0.9702362621864641,2.9154214394343105,2.9154214394343105,1.2506784518672769,2.5506979300626145
avi_splice_site_usage,s3_10,0.38405609130859375,0.09108734130859375,31,72,1.8921783625730995,0.9924222813346765,3.0899174994987177,3.0899174994987177,1.296821773369233,2.6291558418625427
avi_splice_site_usage,s3_10,0.384765625,0.091796875,31,72,1.8921783625730995,0.9924222813346765,3.0899174994987177,3.0899174994987177,1.296821773369233,2.6291558418625427
avi_splice_site_usage,s3_10,0.38671875,0.091796875,31,69,1.9744469870327996,0.9929656779857221,3.3478415388003557,3.3478415388003557,1.35500652857277,2.750193531757172
avi_splice_site_usage,s3_10,0.388671875,0.091796875,32,69,2.03813882532418,0.9941084346334551,3.544460028050491,3.544460028050491,1.4062912785793233,2.8431956986315114
avi_splice_site_usage,s3_10,0.3896484375,0.0927734375,32,69,2.03813882532418,0.9941084346334551,3.544460028050491,3.544460028050491,1.4062912785793233,2.8431956986315114
avi_splice_site_usage,s3_10,0.390625,0.09375,32,72,1.9532163742690059,0.9598674523560156,3.3346352970443984,3.3346352970443984,1.3495633231448734,2.7058142126415397
avi_splice_site_usage,s3_10,0.392578125,0.091796875,31,71,1.91882876204596,0.9563502551487182,3.2901917979104947,3.2901917979104947,1.3152190210319068,2.675604709697277
avi_splice_site_usage,s3_10,0.40234375,0.091796875,31,69,1.9744469870327996,0.9996360401164672,3.237844809007612,3.237844809007612,1.3492988753592567,2.7583897444873093
avi_splice_site_usage,s3_10,0.404296875,0.0927734375,31,69,1.9744469870327996,0.9990283594846765,3.237798886341304,3.237798886341304,1.3526837547361588,2.7577482102293946
avi_splice_site_usage,s3_10,0.40625,0.0908203125,31,69,1.9744469870327996,0.9990283594846765,3.237798886341304,3.237798886341304,1.3526837547361588,2.7577482102293946
avi_splice_site_usage,s3_10,0.416015625,0.087890625,31,71,1.91882876204596,0.8781848207214291,3.1389219147422667,3.1389219147422667,1.3139483863352417,2.665468323283904
avi_splice_site_usage,s3_10,0.41796875,0.087890625,31,69,1.9744469870327996,0.8807724234348377,3.288845693775675,3.288845693775675,1.353517249219576,2.7526559330515448
avi_splice_site_usage,s3_10,0.419921875,0.0859375,31,69,1.9744469870327996,0.8807724234348377,3.288845693775675,3.288845693775675,1.353517249219576,2.7526559330515448
avi_splice_site_usage,s3_10,0.42578125,0.0859375,31,69,1.9744469870327996,0.949969834297678,3.1846952274346187,3.1846952274346187,1.3548371717987933,2.7521872997222814
avi_splice_site_usage,s3_10,0.427734375,0.087890625,31,69,1.9744469870327996,0.949969834297678,3.1846952274346187,3.1846952274346187,1.3548371717987933,2.7521872997222814
avi_splice_site_usage,s3_10,0.4296875,0.08984375,33,69,2.101830663615561,0.9667601121345616,3.4500864963875038,3.4500864963875038,1.462516845856223,2.906320566680241
avi_splice_site_usage,s3_10,0.431640625,0.08984375,33,67,2.164571877454831,0.9979448032883148,3.524353572998393,3.524353572998393,1.5068127264716136,2.996614127262113
avi_splice_site_usage,s3_10,0.4326171875,0.0908203125,33,67,2.164571877454831,0.9979448032883148,3.524353572998393,3.524353572998393,1.5068127264716136,2.996614127262113
avi_splice_site_usage,s3_10,0.435546875,0.09375,35,68,2.261996904024768,1.0804896494237048,3.5480371851409847,3.5480371851409847,1.5921551003903132,3.1157591507851388
avi_splice_site_usage,s3_10,0.4375,0.095703125,35,68,2.261996904024768,1.0804896494237048,3.5480371851409847,3.5480371851409847,1.5921551003903132,3.1157591507851388
avi_splice_site_usage,s3_10,0.443359375,0.095703125,35,66,2.330542264752791,1.0381905821282906,3.873104673104673,3.873104673104673,1.6386180253471134,3.2079323355216207
avi_splice_site_usage,s3_10,0.447265625,0.099609375,35,68,2.261996904024768,1.024998673106523,3.6357984293193715,3.6357984293193715,1.5924691858385083,3.112805475163999
avi_splice_site_usage,s3_10,0.44921875,0.099609375,34,66,2.2639553429027113,1.0375814130223995,3.6357984293193715,3.6357984293193715,1.5786806125084951,3.129109875477343
avi_splice_site_usage,s3_10,0.451171875,0.099609375,35,65,2.366396761133603,1.1000056636370013,3.856643742546052,3.856643742546052,1.6551345084742084,3.266793331503348
avi_splice_site_usage,s3_10,0.453125,0.09765625,35,65,2.366396761133603,1.1000056636370013,3.856643742546052,3.856643742546052,1.6551345084742084,3.266793331503348
avi_splice_site_usage,s3_10,0.455078125,0.0989990234375,35,65,2.366396761133603,1.1000056636370013,3.856643742546052,3.856643742546052,1.6587884155078527,3.277309767050835
avi_splice_site_usage,s3_10,0.45703125,0.099609375,36,65,2.434008097165992,1.1046983165512905,3.9848501726634735,3.9848501726634735,1.70888982623406,3.3554443377712087
avi_splice_site_usage,s3_10,0.4609375,0.1015625,36,64,2.4720394736842106,1.1343318649045522,3.9848501726634735,3.9848501726634735,1.7325999725992687,3.412452059857275
avi_splice_site_usage,s3_10,0.462890625,0.103515625,36,64,2.4720394736842106,1.1343318649045522,3.9848501726634735,3.9848501726634735,1.7325999725992687,3.412452059857275
avi_splice_site_usage,s3_10,0.46484375,0.10546875,37,64,2.5407072368421053,1.2150802538260543,4.1043144196446075,4.1043144196446075,1.7925054899659818,3.5042120233702327
avi_splice_site_usage,s3_10,0.47265625,0.107421875,37,63,2.581035923141186,1.2131308182263596,4.009175875148899,4.009175875148899,1.8237215655863062,3.5656445299483264
avi_splice_site_usage,s3_10,0.474609375,0.109375,37,63,2.581035923141186,1.2131308182263596,4.009175875148899,4.009175875148899,1.8237215655863062,3.5656445299483264
avi_splice_site_usage,s3_10,0.478515625,0.111328125,39,63,2.7205513784461157,1.3351037549407114,4.287958906481612,4.287958906481612,1.9337858208812748,3.7378207503547163
avi_splice_site_usage,s3_10,0.48046875,0.111328125,38,63,2.650793650793651,1.3302780830723926,4.146467550677352,4.146467550677352,1.8699956324813976,3.6638720605504296
avi_splice_site_usage,s3_10,0.484375,0.1143798828125,38,62,2.693548387096774,1.3408702650078763,4.2256699576868835,4.2256699576868835,1.9014731949660748,3.7058922890328887
avi_splice_site_usage,s3_10,0.48828125,0.115234375,39,63,2.7205513784461157,1.3688474580405932,4.335980996214089,4.335980996214089,1.933769679547262,3.739921192264463
avi_splice_site_usage,s3_10,0.4921875,0.119140625,40,64,2.7467105263157894,1.360307474244996,4.407875505570817,4.407875505570817,1.9653771654920247,3.7696178746977864
avi_splice_site_usage,s3_10,0.4931640625,0.1201171875,40,64,2.7467105263157894,1.360307474244996,4.407875505570817,4.407875505570817,1.9653771654920247,3.7696178746977864
avi_splice_site_usage,s3_10,0.4970703125,0.1201171875,40,60,2.9298245614035086,1.4153633457184827,5.1636065788869425,5.1636065788869425,2.0909337086318507,4.0486955519347365
avi_splice_site_usage,s3_10,0.498046875,0.12109375,40,60,2.9298245614035086,1.4153633457184827,5.1636065788869425,5.1636065788869425,2.0909337086318507,4.0486955519347365
avi_splice_site_usage,s3_10,0.5,0.12109375,42,59,3.1284567350579833,1.5292356185973208,5.366260583784583,5.366260583784583,2.240756255967569,4.320069204152249
avi_splice_site_usage,s3_10,0.5010986328125,0.1202392578125,42,59,3.1284567350579833,1.5292356185973208,5.366260583784583,5.366260583784583,2.240756255967569,4.320069204152249
avi_splice_site_usage,s3_10,0.501953125,0.1201171875,42,58,3.182395644283121,1.5698221242836476,5.688545688545689,5.688545688545689,2.2787926982220568,4.401771211408726
avi_splice_site_usage,s3_10,0.50390625,0.12109375,42,58,3.182395644283121,1.5698221242836476,5.688545688545689,5.688545688545689,2.2787926982220568,4.401771211408726
avi_splice_site_usage,s3_10,0.505859375,0.123046875,42,60,3.076315789473684,1.5044308111792777,5.5588965236783405,5.5588965236783405,2.2082706567951305,4.238500851788756
avi_splice_site_usage,s3_10,0.509765625,0.1240234375,43,57,3.3153277931671283,1.6018355640535373,6.212238429714769,6.212238429714769,2.382485144224892,4.58076225045372
avi_splice_site_usage,s3_10,0.51171875,0.12375640869140625,44,56,3.4530075187969924,1.6685787125557683,6.30952380952381,6.30952380952381,2.4905275317674245,4.769315426552358
avi_splice_site_usage,s3_10,0.517578125,0.125,45,55,3.595693779904306,1.7364423622941514,7.028087774294671,7.028087774294671,2.587595978516623,4.9689440993788825
avi_splice_site_usage,s3_10,0.51953125,0.1240234375,45,55,3.595693779904306,1.7364423622941514,7.028087774294671,7.028087774294671,2.584606701145937,4.960699684101815
avi_splice_site_usage,s3_10,0.525390625,0.12109375,46,54,3.7436647173489277,1.8976474411519055,7.130081646497983,7.130081646497983,2.698000381513304,5.202279202279202
avi_splice_site_usage,s3_10,0.52734375,0.123046875,46,54,3.7436647173489277,1.8976474411519055,7.130081646497983,7.130081646497983,2.698000381513304,5.202279202279202
avi_splice_site_usage,s3_10,0.529296875,0.123046875,47,53,3.897219463753724,1.9432702237521517,7.564545454545454,7.564545454545454,2.809219899672078,5.400690558109719
avi_splice_site_usage,s3_10,0.53515625,0.1216278076171875,47,53,3.897219463753724,1.9717025889381483,7.292584189275709,7.292584189275709,2.813816255848683,5.3935870646087425
avi_splice_site_usage,s3_10,0.5390625,0.119140625,49,51,4.222394220846233,2.1077220200472455,8.03108721804511,8.03108721804511,3.060324106668127,5.843339925313202
avi_splice_site_usage,s3_10,0.541015625,0.117919921875,49,51,4.222394220846233,2.146921017402945,7.989631549713016,7.989631549713016,3.060315182975765,5.831580442649718
avi_splice_site_usage,s3_10,0.5458984375,0.11572265625,51,49,4.5741138560687435,2.379409282700422,8.673909630741928,8.673909630741928,3.3259403084600123,6.332927407471396
avi_splice_site_usage,s3_10,0.548828125,0.1171875,51,49,4.5741138560687435,2.379409282700422,8.673909630741928,8.673909630741928,3.3259403084600123,6.332927407471396
avi_splice_site_usage,s3_10,0.55078125,0.119140625,51,50,4.482631578947369,2.3325231657299104,8.591229622691118,8.591229622691118,3.2682997573964205,6.192592592592592
avi_splice_site_usage,s3_10,0.5540771484375,0.1185302734375,49,51,4.222394220846233,2.238970588235294,7.88484375,7.88484375,3.0626945470607136,5.838439313960032
avi_splice_site_usage,s3_10,0.556640625,0.119140625,48,52,4.056680161943319,2.135022037961156,7.521734831910785,7.521734831910785,2.936142497260465,5.6207483638906925
avi_splice_site_usage,s3_10,0.568359375,0.119140625,49,51,4.222394220846233,2.2831319025643118,7.203023130617659,7.203023130617659,3.0630336746886284,5.8414913721053185
avi_splice_site_usage,s3_10,0.57421875,0.12109375,51,50,4.482631578947369,2.415935601272992,7.943180473372781,7.943180473372781,3.255369829603247,6.207757093061707
avi_splice_site_usage,s3_10,0.5772705078125,0.1236572265625,52,48,4.760964912280702,2.6804550013033546,7.8549216300940445,7.8549216300940445,3.473108425888121,6.617049891328141
avi_splice_site_usage,s3_10,0.5792236328125,0.1241455078125,52,49,4.6638023630504835,2.5755006324070155,7.8549216300940445,7.8549216300940445,3.4032680326500424,6.465794467740238
avi_splice_site_usage,s3_10,0.580078125,0.1240234375,53,48,4.852521929824562,2.7374231502478623,8.099711005500081,8.099711005500081,3.541567193682886,6.732124271372863
avi_splice_site_usage,s3_10,0.5888671875,0.12180900573730469,54,46,5.159038901601831,2.914349680827764,8.877692038254407,8.877692038254407,3.749176395392648,7.223454293108898
avi_splice_site_usage,s3_10,0.58984375,0.12083244323730469,54,46,5.159038901601831,2.914349680827764,8.877692038254407,8.877692038254407,3.749176395392648,7.223454293108898
avi_splice_site_usage,s3_10,0.59765625,0.115234375,53,47,4.955767077267637,2.895571550300544,8.609875352486533,8.609875352486533,3.592916097197343,6.920280710976782
avi_splice_site_usage,s3_10,0.5987548828125,0.1143798828125,53,47,4.955767077267637,2.895571550300544,8.609875352486533,8.609875352486533,3.592916097197343,6.920280710976782
avi_splice_site_usage,s3_10,0.599609375,0.115234375,54,47,5.049272116461366,2.938047559449312,8.819561128526646,8.819561128526646,3.671310356744281,7.055292285147095
avi_splice_site_usage,s3_10,0.6015625,0.115234375,56,44,5.5933014354066986,3.2511953639461924,9.683810637054354,9.683810637054354,4.059969808995687,7.885406572190384
avi_splice_site_usage,s3_10,0.6025390625,0.1142578125,56,44,5.5933014354066986,3.2511953639461924,9.683810637054354,9.683810637054354,4.059969808995687,7.885406572190384
avi_splice_site_usage,s3_10,0.6048583984375,0.1158447265625,56,44,5.5933014354066986,3.2511953639461924,9.683810637054354,9.683810637054354,4.069141066904772,7.888559060224545
avi_splice_site_usage,s3_10,0.607421875,0.115234375,57,44,5.693181818181818,3.289151570259495,9.839712935251175,9.839712935251175,4.147387859785644,8.025693015368567
avi_splice_site_usage,s3_10,0.615234375,0.1171875,59,41,6.3241335044929405,3.5929049864977247,11.465366242038217,11.465366242038217,4.597933791572184,8.99455598799583
avi_splice_site_usage,s3_10,0.6171875,0.1171875,59,42,6.173558897243108,3.5525410276756832,10.952996632996634,10.952996632996634,4.491071428571429,8.769869842404237
avi_splice_site_usage,s3_10,0.62109375,0.119140625,60,42,6.2781954887218046,3.5753455871183353,11.495419681438047,11.495419681438047,4.587306663877142,8.85598526462614
avi_splice_site_usage,s3_10,0.6220703125,0.1183624267578125,60,40,6.592105263157895,3.669383203288833,12.008024368279033,12.008024368279033,4.787112879480307,9.349525088043023
avi_splice_site_usage,s3_10,0.626953125,0.115234375,61,41,6.538510911424904,3.7562054986324727,10.934905610204302,10.934905610204302,4.767641824565506,9.271788004257061
avi_splice_site_usage,s3_10,0.6280517578125,0.1141357421875,61,40,6.701973684210527,3.8306850459482042,11.04389590218204,11.04389590218204,4.883035752188347,9.540359591709521
avi_splice_site_usage,s3_10,0.630859375,0.111328125,60,40,6.592105263157895,3.738692127160231,10.85778535980149,10.85778535980149,4.7815361483416625,9.38888888888889
avi_splice_site_usage,s3_10,0.6318359375,0.111328125,59,41,6.3241335044929405,3.594931123349414,10.395514223194748,10.395514223194748,4.601045251832819,9.004690898106569
avi_splice_site_usage,s3_10,0.6337890625,0.109375,59,41,6.3241335044929405,3.594931123349414,10.395514223194748,10.395514223194748,4.601045251832819,9.004690898106569
avi_splice_site_usage,s3_10,0.6354751586914062,0.11008453369140625,59,41,6.3241335044929405,3.594931123349414,10.395514223194748,10.395514223194748,4.601045251832819,9.004690898106569
avi_splice_site_usage,s3_10,0.63671875,0.109375,59,41,6.3241335044929405,3.594931123349414,10.395514223194748,10.395514223194748,4.597328685808371,8.996186150391557
avi_splice_site_usage,s3_10,0.640625,0.111328125,60,41,6.431322207958922,3.6505838752534783,10.563374416345765,10.563374416345765,4.670083971088435,9.128907629837862
avi_splice_site_usage,s3_10,0.6416015625,0.1103515625,60,40,6.592105263157895,3.7603810663021187,10.947633904257462,10.947633904257462,4.780459673859168,9.37476478388021
avi_splice_site_usage,s3_10,0.6435546875,0.1083984375,60,40,6.592105263157895,3.7603810663021187,10.947633904257462,10.947633904257462,4.780459673859168,9.37476478388021
avi_splice_site_usage,s3_10,0.64453125,0.109375,60,40,6.592105263157895,3.7603810663021187,10.947633904257462,10.947633904257462,4.780459673859168,9.37476478388021
avi_splice_site_usage,s3_10,0.65087890625,0.11181640625,60,42,6.2781954887218046,3.6476746632996635,10.287370955278664,10.287370955278664,4.57350942272709,8.843464978906377
avi_splice_site_usage,s3_10,0.6567840576171875,0.1079559326171875,63,37,7.482930298719772,4.439716312056738,11.887937280444964,11.887937280444964,5.417932989664439,10.697525880570495
avi_splice_site_usage,s3_10,0.658203125,0.109375,64,37,7.601706970128023,4.5245619670373785,12.074269005028194,12.074269005028194,5.517415620974725,10.840278232632725
avi_splice_site_usage,s3_10,0.658935546875,0.108642578125,63,37,7.482930298719772,4.503764544832307,11.801050092237832,11.801050092237832,5.423876245471015,10.686121494521762
avi_splice_site_usage,s3_10,0.6600661277770996,0.10928487777709961,63,37,7.482930298719772,4.503764544832307,11.801050092237832,11.801050092237832,5.423876245471015,10.686121494521762
avi_splice_site_usage,s3_10,0.6601478457450867,0.10936659574508667,63,37,7.482930298719772,4.503764544832307,11.801050092237832,11.801050092237832,5.423876245471015,10.686121494521762
avi_splice_site_usage,s3_10,0.66015625,0.109375,63,37,7.482930298719772,4.503764544832307,11.801050092237832,11.801050092237832,5.423876245471015,10.686121494521762
avi_splice_site_usage,s3_10,0.66162109375,0.1083984375,63,37,7.482930298719772,4.439716312056738,11.887937280444964,11.887937280444964,5.445010387288092,10.690289614785419
avi_splice_site_usage,s3_10,0.6669921875,0.10498046875,62,38,7.170360110803324,4.376138186699051,11.188728175050754,11.188728175050754,5.228312340100719,10.224212660846336
avi_splice_site_usage,s3_10,0.671875,0.1005859375,62,38,7.170360110803324,4.411385964238875,11.233862144420131,11.233862144420131,5.245241083979169,10.230937964874897
avi_splice_site_usage,s3_10,0.67236328125,0.10009765625,62,38,7.170360110803324,4.411385964238875,11.233862144420131,11.233862144420131,5.245241083979169,10.230937964874897
avi_splice_site_usage,s3_10,0.6728515625,0.099609375,62,38,7.170360110803324,4.411385964238875,11.233862144420131,11.233862144420131,5.245241083979169,10.230937964874897
avi_splice_site_usage,s3_10,0.673828125,0.099609375,62,38,7.170360110803324,4.411385964238875,11.233862144420131,11.233862144420131,5.245241083979169,10.230937964874897
avi_splice_site_usage,s3_10,0.677734375,0.0985107421875,62,38,7.170360110803324,4.3228307667535715,11.421844660194175,11.421844660194175,5.242154226953381,10.195637858828732
avi_splice_site_usage,s3_10,0.6787109375,0.09814453125,64,36,7.812865497076023,4.759474295824487,12.56353513434943,12.56353513434943,5.6941610193235315,11.213115031422504
avi_splice_site_usage,s3_10,0.67889404296875,0.09796142578125,64,36,7.812865497076023,4.759474295824487,12.56353513434943,12.56353513434943,5.6941610193235315,11.213115031422504
avi_splice_site_usage,s3_10,0.68359375,0.0947265625,64,36,7.812865497076023,4.759474295824487,12.56353513434943,12.56353513434943,5.6941610193235315,11.213115031422504
avi_splice_site_usage,s3_10,0.6875,0.0966796875,65,35,8.161654135338345,5.445899595687332,12.370654113456629,12.370654113456629,5.932193224940066,11.753832482465238
avi_splice_site_usage,s3_10,0.689453125,0.0947265625,65,35,8.161654135338345,5.445899595687332,12.370654113456629,12.370654113456629,5.932193224940066,11.753832482465238
avi_splice_site_usage,s3_10,0.6904296875,0.09375,65,35,8.161654135338345,5.445899595687332,12.370654113456629,12.370654113456629,5.932193224940066,11.753832482465238
avi_splice_site_usage,s3_10,0.6953125,0.0928955078125,67,33,8.922647527910687,6.215859030837004,12.68104050218149,12.68104050218149,6.479035412398782,12.91388527340082
avi_splice_site_usage,s3_10,0.6982421875,0.09228515625,67,33,8.922647527910687,6.33901996370236,12.648984995586938,12.648984995586938,6.465443880238885,12.905469348659
avi_splice_site_usage,s3_10,0.700927734375,0.09202206134796143,66,34,8.530959752321982,5.962406015037593,12.032585111553416,12.032585111553416,6.2036120098886665,12.270534305815051
avi_splice_site_usage,s3_10,0.701171875,0.09177792072296143,66,34,8.530959752321982,5.962406015037593,12.032585111553416,12.032585111553416,6.2036120098886665,12.270534305815051
avi_splice_site_usage,s3_10,0.7041015625,0.0888671875,66,34,8.530959752321982,5.962406015037593,12.032585111553416,12.032585111553416,6.2036120098886665,12.270534305815051
avi_splice_site_usage,s3_10,0.707000732421875,0.091766357421875,66,35,8.287218045112782,5.762353889200826,11.991950358347387,11.991950358347387,6.048096885813149,11.880191069433115
avi_splice_site_usage,s3_10,0.7086181640625,0.0933837890625,66,35,8.287218045112782,5.762353889200826,11.991950358347387,11.991950358347387,6.048096885813149,11.880191069433115
avi_splice_site_usage,s3_10,0.7106761932373047,0.09348869323730469,65,35,8.161654135338345,5.617857142857143,11.941176470588236,11.941176470588236,5.927865358813345,11.729729729729728
avi_splice_site_usage,s3_10,0.7109375,0.09375,65,35,8.161654135338345,5.617857142857143,11.941176470588236,11.941176470588236,5.927865358813345,11.729729729729728
avi_splice_site_usage,s3_10,0.7119140625,0.09326171875,66,34,8.530959752321982,5.8593422706325935,12.363040935672513,12.363040935672513,6.18960244648318,12.308359452826421
avi_splice_site_usage,s3_10,0.712890625,0.09228515625,66,34,8.530959752321982,5.8593422706325935,12.363040935672513,12.363040935672513,6.18960244648318,12.308359452826421
avi_splice_site_usage,s3_10,0.71484375,0.09375,67,34,8.660216718266254,6.063607543551457,12.363040935672513,12.363040935672513,6.296340646965418,12.466108472099425
avi_splice_site_usage,s3_10,0.7158203125,0.09375,66,34,8.530959752321982,5.821157147926368,12.471853722238455,12.471853722238455,6.2052838857893,12.306047792737216
avi_splice_site_usage,s3_10,0.716796875,0.0947265625,66,34,8.530959752321982,5.821157147926368,12.471853722238455,12.471853722238455,6.2052838857893,12.306047792737216
avi_splice_site_usage,s3_10,0.720703125,0.09375,68,33,9.055821371610845,6.281167108753316,12.99971842004437,12.99971842004437,6.581535641376999,13.038069523738447
avi_splice_site_usage,s3_10,0.72265625,0.09228515625,69,31,9.781833616298812,6.819988642816581,14.009142857142855,14.009142857142855,7.088871834237828,14.235126517897408
avi_splice_site_usage,s3_10,0.7236328125,0.091796875,68,32,9.338815789473685,6.565053765675882,13.163640365875334,13.163640365875334,6.774647266121104,13.55166618933058
avi_splice_site_usage,s3_10,0.7294921875,0.08889007568359375,69,31,9.781833616298812,6.766833889584203,14.375283446712018,14.375283446712018,7.06354546666505,14.23248518339954
avi_splice_site_usage,s3_10,0.734375,0.087890625,70,30,10.254385964912279,7.038901601830664,15.403061559687274,15.403061559687274,7.378136725050846,15.024198779215423
avi_splice_site_usage,s3_10,0.73583984375,0.08642578125,70,30,10.254385964912279,7.038901601830664,15.403061559687274,15.403061559687274,7.378136725050846,15.024198779215423
avi_splice_site_usage,s3_10,0.73828125,0.084228515625,70,30,10.254385964912279,7.160261974276019,15.093085917113354,15.093085917113354,7.357775332065102,15.026167619681946
avi_splice_site_usage,s3_10,0.740234375,0.08251953125,71,30,10.400877192982456,7.083629183147599,15.431066884600964,15.431066884600964,7.474281695800683,15.243162919478864
avi_splice_site_usage,s3_10,0.7404327392578125,0.0823211669921875,71,30,10.400877192982456,7.083629183147599,15.431066884600964,15.431066884600964,7.474281695800683,15.243162919478864
avi_splice_site_usage,s3_10,0.7408599853515625,0.0826568603515625,71,30,10.400877192982456,7.083629183147599,15.431066884600964,15.431066884600964,7.474281695800683,15.243162919478864
avi_splice_site_usage,s3_10,0.7412109375,0.08251953125,70,30,10.254385964912279,6.686915693688453,15.600316516272175,15.600316516272175,7.363736981128286,15.003229173674745
avi_splice_site_usage,s3_10,0.7421875,0.08212137222290039,70,30,10.254385964912279,6.8919965535524925,15.431066884600964,15.431066884600964,7.367478504279079,15.03166496694735
avi_splice_site_usage,s3_10,0.7431640625,0.08303070068359375,70,30,10.254385964912279,6.8919965535524925,15.431066884600964,15.431066884600964,7.376439418325226,15.056034482758621
avi_splice_site_usage,s3_10,0.74609375,0.08447265625,71,29,10.759528130671505,7.318419452887538,15.639610302232374,15.639610302232374,7.743070904769362,15.819215630426651
avi_splice_site_usage,s3_10,0.75,0.0830078125,70,30,10.254385964912279,6.8919965535524925,15.431066884600964,15.431066884600964,7.388004652798875,15.033329528230324
avi_splice_site_usage,s3_10,0.751953125,0.081298828125,70,30,10.254385964912279,6.8919965535524925,15.431066884600964,15.431066884600964,7.417628343204943,15.011363699250863
avi_splice_site_usage,s3_10,0.7593994140625,0.08050537109375,73,27,11.882066276803119,8.32166807551423,18.320064119690088,18.320064119690088,8.543151790442224,17.59977075174324
avi_splice_site_usage,s3_10,0.76171875,0.0791015625,73,27,11.882066276803119,8.285312873000716,18.35930954188812,18.35930954188812,8.536500602633915,17.567350255675613
avi_splice_site_usage,s3_10,0.76220703125,0.07861328125,73,27,11.882066276803119,8.285312873000716,18.35930954188812,18.35930954188812,8.536500602633915,17.567350255675613
avi_splice_site_usage,s3_10,0.763671875,0.078125,74,26,12.508097165991902,8.710209115969434,19.420326893813854,19.420326893813854,8.94306049822064,18.615267503584338
avi_splice_site_usage,s3_10,0.7638702392578125,0.0779266357421875,74,26,12.508097165991902,8.710209115969434,19.420326893813854,19.420326893813854,8.94306049822064,18.615267503584338
avi_splice_site_usage,s3_10,0.7640380859375,0.0777587890625,74,26,12.508097165991902,8.710209115969434,19.420326893813854,19.420326893813854,8.94306049822064,18.615267503584338
avi_splice_site_usage,s3_10,0.767578125,0.0771484375,74,27,12.0448343079922,8.057769580396547,20.425769452225335,20.425769452225335,8.604788250963752,17.810388123982637
avi_splice_site_usage,s3_10,0.77001953125,0.07470703125,73,27,11.882066276803119,8.05703969168509,20.053163934296496,20.053163934296496,8.506254396605494,17.59080340997158
avi_splice_site_usage,s3_10,0.77197265625,0.0738525390625,74,26,12.508097165991902,8.694280078895465,20.14250204812314,20.14250204812314,8.94306049822064,18.562568356737778
avi_splice_site_usage,s3_10,0.7724609375,0.07373046875,75,25,13.18421052631579,8.784,22.681704260651628,22.681704260651628,9.384220717204446,19.662693446251037
avi_splice_site_usage,s3_10,0.77392578125,0.07275390625,75,25,13.18421052631579,8.869441141498218,22.41944170722426,22.41944170722426,9.389127702362995,19.67215158116919
avi_splice_site_usage,s3_10,0.7744140625,0.07275390625,76,24,13.916666666666666,9.38262578251797,23.991935483870964,23.991935483870964,9.855128485695385,20.92786161870271
avi_splice_site_usage,s3_10,0.7763671875,0.0718994140625,76,24,13.916666666666666,9.227885293871442,24.31985294117647,24.31985294117647,9.867624606792473,20.906964121456337
avi_splice_site_usage,s3_10,0.77685546875,0.0714111328125,76,24,13.916666666666666,9.227885293871442,24.31985294117647,24.31985294117647,9.867624606792473,20.906964121456337
avi_splice_site_usage,s3_10,0.779296875,0.07033538818359375,76,24,13.916666666666666,9.189145271368217,24.541379310344826,24.541379310344826,9.839041365145967,20.855635278304867
avi_splice_site_usage,s3_10,0.7841796875,0.06935882568359375,77,23,14.712814645308926,9.622012756179045,27.259463276836158,27.259463276836158,10.378802840700473,22.26063829787234
avi_splice_site_usage,s3_10,0.78466796875,0.0692138671875,77,23,14.712814645308926,9.721182266009853,26.835282651072124,26.835282651072124,10.383986979515331,22.217419306129287
avi_splice_site_usage,s3_10,0.785614013671875,0.069122314453125,77,23,14.712814645308926,9.64576189228312,27.092496846602014,27.092496846602014,10.369781275180324,22.27367410306152
avi_splice_site_usage,s3_10,0.78759765625,0.068115234375,76,24,13.916666666666666,9.16844256312947,26.437628968253957,26.437628968253957,9.8795491837943,20.873995227963682
avi_splice_site_usage,s3_10,0.7882080078125,0.0675048828125,76,24,13.916666666666666,9.16844256312947,26.437628968253957,26.437628968253957,9.8795491837943,20.873995227963682
avi_splice_site_usage,s3_10,0.788818359375,0.067108154296875,77,23,14.712814645308926,9.80306486385327,26.915050772863193,26.915050772863193,10.37541995330037,22.267953124659204
avi_splice_site_usage,s3_10,0.79052734375,0.06689453125,77,23,14.712814645308926,9.721182266009853,27.377409573316005,27.377409573316005,10.353610570801125,22.28257080175509
avi_splice_site_usage,s3_10,0.7929497957229614,0.06496036052703857,77,23,14.712814645308926,9.721182266009853,27.377409573316005,27.377409573316005,10.341379982246856,22.265515966567612
avi_splice_site_usage,s3_10,0.79638671875,0.062255859375,77,23,14.712814645308926,9.80306486385327,26.915050772863193,26.915050772863193,10.331189340457222,22.28257080175509
avi_splice_site_usage,s3_10,0.80322265625,0.059909820556640625,83,17,21.456656346749227,14.456639999999998,35.32563025210084,35.32563025210084,14.559139918229812,34.895016934830906
avi_splice_site_usage,s3_10,0.80517578125,0.058349609375,83,17,21.456656346749227,14.27607480239059,35.67993951612903,35.67993951612903,14.575416958582016,34.856449711219405
avi_splice_site_usage,s3_10,0.8056640625,0.057861328125,83,17,21.456656346749227,14.27607480239059,35.67993951612903,35.67993951612903,14.575416958582016,34.856449711219405
avi_splice_site_usage,s3_10,0.8095703125,0.05757713317871094,83,17,21.456656346749227,13.9799849652321,36.532928333276615,36.532928333276615,14.552875673402907,34.97237569060774
avi_splice_site_usage,s3_10,0.81201171875,0.05513572692871094,83,17,21.456656346749227,13.9799849652321,36.532928333276615,36.532928333276615,14.552875673402907,34.97237569060774
avi_splice_site_usage,s3_10,0.814453125,0.05426025390625,83,17,21.456656346749227,14.098395722257528,36.082769854897634,36.082769854897634,14.571118012422362,35.09359648779929
avi_splice_site_usage,s3_10,0.81494140625,0.05377197265625,83,17,21.456656346749227,14.098395722257528,36.082769854897634,36.082769854897634,14.571118012422362,35.09359648779929
avi_splice_site_usage,s3_10,0.8154296875,0.0537109375,83,17,21.456656346749227,14.098395722257528,36.082769854897634,36.082769854897634,14.571118012422362,35.09359648779929
avi_splice_site_usage,s3_10,0.816253662109375,0.053863525390625,85,15,24.903508771929822,14.922753926704862,47.16014064560055,47.16014064560055,16.64386711694195,41.95727940354875
avi_splice_site_usage,s3_10,0.8163442611694336,0.053772926330566406,85,15,24.903508771929822,14.922753926704862,47.16014064560055,47.16014064560055,16.64386711694195,41.95727940354875
avi_splice_site_usage,s3_10,0.8183822631835938,0.052280426025390625,85,15,24.903508771929822,14.590148448043186,47.21407624633431,47.21407624633431,16.54115676209607,42.08389891195567
avi_splice_site_usage,s3_10,0.81982421875,0.05091285705566406,85,15,24.903508771929822,14.390283400809718,48.29192360968476,48.29192360968476,16.52288908848219,42.29699362583017
avi_splice_site_usage,s3_10,0.820068359375,0.05066871643066406,85,15,24.903508771929822,14.390283400809718,48.29192360968476,48.29192360968476,16.52288908848219,42.29699362583017
avi_splice_site_usage,s3_10,0.8201723098754883,0.05056476593017578,85,15,24.903508771929822,14.390283400809718,48.29192360968476,48.29192360968476,16.52288908848219,42.29699362583017
avi_splice_site_usage,s3_10,0.822265625,0.0498046875,88,13,29.748987854251013,15.67233956631862,76.01507897281844,76.01507897281844,19.449959698038636,52.699775960274955
avi_splice_site_usage,s3_10,0.822509765625,0.049560546875,87,13,29.410931174089068,15.178070175438595,74.135724852071,74.135724852071,19.23446344339623,52.10196752948842
avi_splice_site_usage,s3_10,0.82275390625,0.04931640625,87,13,29.410931174089068,15.178070175438595,74.135724852071,74.135724852071,19.23446344339623,52.10196752948842
avi_splice_site_usage,s3_10,0.82373046875,0.04931640625,87,14,27.31015037593985,15.542963540908724,55.28148442466623,55.28148442466623,17.95988810946215,46.8442168855425
avi_splice_site_usage,s3_10,0.82421875,0.048828125,86,14,26.996240601503757,15.352885358522972,54.64892572211658,54.64892572211658,17.717071668859923,46.216410399088474
avi_splice_site_usage,s3_10,0.8261947631835938,0.04856109619140625,86,14,26.996240601503757,15.569279123876765,53.18715216114048,53.18715216114048,17.72240650931032,46.290640813841
avi_splice_site_usage,s3_10,0.8287353515625,0.04603385925292969,86,14,26.996240601503757,15.166442675488472,54.49696356275304,54.49696356275304,17.763891727273805,46.33136080731916
avi_splice_site_usage,s3_10,0.82958984375,0.04541015625,88,14,27.62406015037594,15.6853663684815,55.68168016194332,55.68168016194332,18.135122222680717,47.477096038777965
avi_splice_site_usage,s3_10,0.83154296875,0.0458984375,86,14,26.996240601503757,16.047563017418373,52.37011453131708,52.37011453131708,17.71409084085314,46.43870153876898
avi_splice_site_usage,s3_10,0.833251953125,0.045261383056640625,85,15,24.903508771929822,15.799488491048596,43.13699275362317,43.13699275362317,16.61197862287787,42.43271211823682
avi_splice_site_usage,s3_10,0.834228515625,0.04541015625,84,16,23.07236842105263,14.742240215924426,37.45210964019009,37.45210964019009,15.479228813460212,38.56486912707761
avi_splice_site_usage,s3_10,0.83544921875,0.044921875,85,15,24.903508771929822,17.02110861443634,37.81031468531469,37.81031468531469,16.53928523310384,42.42490923398365
avi_splice_site_usage,s3_10,0.8379135131835938,0.04479646682739258,85,15,24.903508771929822,19.3037856071964,33.03310439560439,33.03310439560439,16.51532444848771,42.35978831360539
avi_splice_site_usage,s3_10,0.8385009765625,0.04420900344848633,85,15,24.903508771929822,19.3037856071964,33.03310439560439,33.03310439560439,16.51532444848771,42.35978831360539
avi_splice_site_usage,s3_10,0.8387451171875,0.04396486282348633,85,15,24.903508771929822,19.3037856071964,33.03310439560439,33.03310439560439,16.51532444848771,42.35978831360539
avi_splice_site_usage,s3_10,0.8396129608154297,0.04314136505126953,86,14,26.996240601503757,20.007326007326007,35.845729127134724,35.845729127134724,17.848548474035773,47.45427713632628
avi_splice_site_usage,s3_10,0.8408203125,0.04193401336669922,86,14,26.996240601503757,20.007326007326007,35.845729127134724,35.845729127134724,17.848548474035773,47.45427713632628
avi_splice_site_usage,s3_10,0.841796875,0.04095745086669922,86,14,26.996240601503757,20.007326007326007,35.845729127134724,35.845729127134724,17.848548474035773,47.45427713632628
avi_splice_site_usage,s3_10,0.842041015625,0.04071331024169922,86,14,26.996240601503757,20.007326007326007,35.845729127134724,35.845729127134724,17.848548474035773,47.45427713632628
avi_splice_site_usage,s3_10,0.84228515625,0.04046916961669922,86,14,26.996240601503757,20.007326007326007,35.845729127134724,35.845729127134724,17.848548474035773,47.45427713632628
avi_splice_site_usage,s3_10,0.8427734375,0.03998088836669922,86,14,26.996240601503757,20.007326007326007,35.845729127134724,35.845729127134724,17.848548474035773,47.45427713632628
avi_splice_site_usage,s3_10,0.8447265625,0.039306640625,86,14,26.996240601503757,20.188944830200917,35.58417582417582,35.58417582417582,17.788280466845166,47.592693496760525
avi_splice_site_usage,s3_10,0.8458251953125,0.0384521484375,86,14,26.996240601503757,20.824844575105967,35.23531135531135,35.23531135531135,17.76991150442478,47.50837655874624
avi_splice_site_usage,s3_10,0.84619140625,0.0380859375,86,14,26.996240601503757,20.824844575105967,35.23531135531135,35.23531135531135,17.76991150442478,47.50837655874624
avi_splice_site_usage,s3_10,0.8466796875,0.03759765625,86,14,26.996240601503757,20.824844575105967,35.23531135531135,35.23531135531135,17.76991150442478,47.50837655874624
avi_splice_site_usage,s3_10,0.84716796875,0.0372314453125,86,14,26.996240601503757,20.824844575105967,35.23531135531135,35.23531135531135,17.73886987369406,47.40739653411129
avi_splice_site_usage,s3_10,0.84814453125,0.0362548828125,86,14,26.996240601503757,20.824844575105967,35.23531135531135,35.23531135531135,17.73886987369406,47.40739653411129
avi_splice_site_usage,s3_10,0.8482666015625,0.0362548828125,86,14,26.996240601503757,20.824844575105967,35.23531135531135,35.23531135531135,17.73886987369406,47.40739653411129
avi_splice_site_usage,s3_10,0.8486328125,0.0361328125,85,15,24.903508771929822,18.03790761779633,33.48293545534924,33.48293545534924,16.541371979328414,42.48258133824432
avi_splice_site_usage,s3_10,0.8496322631835938,0.03517913818359375,85,15,24.903508771929822,18.03790761779633,33.48293545534924,33.48293545534924,16.541371979328414,42.48258133824432
avi_splice_site_usage,s3_10,0.851318359375,0.035888671875,84,16,23.07236842105263,17.827793763718816,30.947366847270494,30.947366847270494,15.494645653771988,38.670710449593365
avi_splice_site_usage,s3_10,0.8513717651367188,0.03594207763671875,84,16,23.07236842105263,17.827793763718816,30.947366847270494,30.947366847270494,15.494645653771988,38.670710449593365
avi_splice_site_usage,s3_10,0.852874755859375,0.03662109375,85,15,24.903508771929822,19.4398,32.535655737704914,32.535655737704914,16.556943992457093,42.677086274935725
avi_splice_site_usage,s3_10,0.8535385131835938,0.03699016571044922,86,14,26.996240601503757,21.767316341829083,34.03907147782119,34.03907147782119,17.83679700609361,47.26456314708037
avi_splice_site_usage,s3_10,0.8538818359375,0.03664684295654297,86,14,26.996240601503757,21.767316341829083,34.03907147782119,34.03907147782119,17.83679700609361,47.26456314708037
avi_splice_site_usage,s3_10,0.854736328125,0.03635406494140625,86,14,26.996240601503757,21.767316341829083,34.03907147782119,34.03907147782119,17.83679700609361,47.26456314708037
avi_splice_site_usage,s3_10,0.855712890625,0.037109375,85,15,24.903508771929822,19.3965862694527,31.871466890014265,31.871466890014265,16.643864148671838,42.58922256280002
avi_splice_site_usage,s3_10,0.855926513671875,0.036895751953125,85,15,24.903508771929822,19.3965862694527,31.871466890014265,31.871466890014265,16.643864148671838,42.58922256280002
avi_splice_site_usage,s3_10,0.856689453125,0.03662109375,85,15,24.903508771929822,18.94816493886231,32.32676056338028,32.32676056338028,16.644433662146696,42.57523083426531
avi_splice_site_usage,s3_10,0.85791015625,0.036376953125,83,18,20.264619883040936,13.902048899383045,29.277420082304527,29.277420082304527,13.883512560483089,32.974768387664085
avi_splice_site_usage,s3_10,0.858642578125,0.0361328125,82,18,20.02046783625731,13.791977401129945,29.01578158289276,29.01578158289276,13.698337710963093,32.56818539915967
avi_splice_site_usage,s3_10,0.858673095703125,0.036163330078125,82,18,20.02046783625731,13.791977401129945,29.01578158289276,29.01578158289276,13.698337710963093,32.56818539915967
avi_splice_site_usage,s3_10,0.8590793609619141,0.03656959533691406,82,18,20.02046783625731,13.791977401129945,29.01578158289276,29.01578158289276,13.698337710963093,32.56818539915967
avi_splice_site_usage,s3_10,0.8591136932373047,0.03660392761230469,82,18,20.02046783625731,13.791977401129945,29.01578158289276,29.01578158289276,13.698337710963093,32.56818539915967
avi_splice_site_usage,s3_10,0.8599090576171875,0.0373687744140625,82,18,20.02046783625731,13.947804473902234,29.16587611607143,29.16587611607143,13.687106727226372,32.62162154964561
avi_splice_site_usage,s3_10,0.8600006103515625,0.0372772216796875,82,18,20.02046783625731,13.947804473902234,29.16587611607143,29.16587611607143,13.687106727226372,32.62162154964561
avi_splice_site_usage,s3_10,0.8603057861328125,0.0375518798828125,82,18,20.02046783625731,13.947804473902234,29.16587611607143,29.16587611607143,13.687106727226372,32.62162154964561
avi_splice_site_usage,s3_10,0.86090087890625,0.03717041015625,83,17,21.456656346749227,15.507697368421052,29.790561414366476,29.790561414366476,14.593024454099819,35.46351298075518
avi_splice_site_usage,s3_10,0.86199951171875,0.03778076171875,82,18,20.02046783625731,13.691983122362869,29.5796618852459,29.5796618852459,13.727837738415976,32.64088397790055
avi_splice_site_usage,s3_10,0.8621139526367188,0.03789520263671875,82,18,20.02046783625731,13.691983122362869,29.5796618852459,29.5796618852459,13.727837738415976,32.64088397790055
avi_splice_site_usage,s3_10,0.86273193359375,0.03774261474609375,82,18,20.02046783625731,13.305545349494562,29.664628820960697,29.664628820960697,13.703216398678473,32.60479386061895
avi_splice_site_usage,s3_10,0.86279296875,0.03768157958984375,82,18,20.02046783625731,13.305545349494562,29.664628820960697,29.664628820960697,13.703216398678473,32.60479386061895
avi_splice_site_usage,s3_10,0.862945556640625,0.03752899169921875,82,18,20.02046783625731,13.305545349494562,29.664628820960697,29.664628820960697,13.703216398678473,32.60479386061895
avi_splice_site_usage,s3_10,0.8631324768066406,0.037342071533203125,82,18,20.02046783625731,13.305545349494562,29.664628820960697,29.664628820960697,13.703216398678473,32.60479386061895
avi_splice_site_usage,s3_10,0.863525390625,0.03733062744140625,82,18,20.02046783625731,13.305545349494562,29.664628820960697,29.664628820960697,13.703216398678473,32.60479386061895
avi_splice_site_usage,s3_10,0.8670473098754883,0.03505229949951172,82,18,20.02046783625731,12.318739077981666,31.87414651473859,31.87414651473859,13.678095051740039,32.843681492790786
avi_splice_site_usage,s3_10,0.8671474456787109,0.03495216369628906,82,18,20.02046783625731,12.318739077981666,31.87414651473859,31.87414651473859,13.678095051740039,32.843681492790786
avi_splice_site_usage,s3_10,0.86871337890625,0.03369140625,82,18,20.02046783625731,12.134099616858236,33.19634211941904,33.19634211941904,13.67011260634639,32.85016536399785
avi_splice_site_usage,s3_10,0.8699264526367188,0.03290557861328125,82,18,20.02046783625731,11.822968857451615,33.42776982895204,33.42776982895204,13.71366797880842,32.875141613548685
avi_splice_site_usage,s3_10,0.8701171875,0.03271484375,82,18,20.02046783625731,11.822968857451615,33.42776982895204,33.42776982895204,13.71366797880842,32.875141613548685
avi_splice_site_usage,s3_10,0.8704872131347656,0.032573699951171875,82,18,20.02046783625731,11.822968857451615,33.42776982895204,33.42776982895204,13.71366797880842,32.875141613548685
avi_splice_site_usage,s3_10,0.8705215454101562,0.0326080322265625,82,18,20.02046783625731,11.822968857451615,33.42776982895204,33.42776982895204,13.71366797880842,32.875141613548685
avi_splice_site_usage,s3_10,0.8706626892089844,0.032749176025390625,82,18,20.02046783625731,11.822968857451615,33.42776982895204,33.42776982895204,13.71366797880842,32.875141613548685
avi_splice_site_usage,s3_10,0.8707370758056641,0.03282356262207031,82,18,20.02046783625731,11.822968857451615,33.42776982895204,33.42776982895204,13.71366797880842,32.875141613548685
avi_splice_site_usage,s3_10,0.8708152770996094,0.032901763916015625,82,18,20.02046783625731,11.822968857451615,33.42776982895204,33.42776982895204,13.71366797880842,32.875141613548685
avi_splice_site_usage,s3_10,0.8708324432373047,0.03291893005371094,82,18,20.02046783625731,11.822968857451615,33.42776982895204,33.42776982895204,13.71366797880842,32.875141613548685
avi_splice_site_usage,s3_10,0.87158203125,0.03366851806640625,82,18,20.02046783625731,11.822968857451615,33.42776982895204,33.42776982895204,13.71366797880842,32.875141613548685
avi_splice_site_usage,s3_10,0.8720703125,0.0333251953125,81,19,18.735457063711912,11.521548124868348,28.82140267316559,28.82140267316559,12.842331910053643,30.13819804046668
avi_splice_site_usage,s3_10,0.872314453125,0.0335693359375,81,19,18.735457063711912,11.521548124868348,28.82140267316559,28.82140267316559,12.842331910053643,30.13819804046668
avi_splice_site_usage,s3_10,0.873046875,0.03343391418457031,81,19,18.735457063711912,11.761419116849302,28.62994593382205,28.62994593382205,12.884078028674473,30.156281323542224
avi_splice_site_usage,s3_10,0.8740234375,0.033203125,81,19,18.735457063711912,11.38910433979686,28.998748320487085,28.998748320487085,12.862301872184686,30.174084582490554
avi_splice_site_usage,s3_10,0.874755859375,0.033447265625,81,19,18.735457063711912,11.263032042085127,29.205324074074074,29.205324074074074,12.850401552336146,30.168888706230476
avi_splice_site_usage,s3_10,0.8747692108154297,0.03343391418457031,81,19,18.735457063711912,11.263032042085127,29.205324074074074,29.205324074074074,12.850401552336146,30.168888706230476
avi_splice_site_usage,s3_10,0.8749724626541138,0.03323066234588623,81,19,18.735457063711912,11.263032042085127,29.205324074074074,29.205324074074074,12.850401552336146,30.168888706230476
avi_splice_site_usage,s3_10,0.875,0.033203125,81,19,18.735457063711912,11.263032042085127,29.205324074074074,29.205324074074074,12.850401552336146,30.168888706230476
avi_splice_site_usage,s3_10,0.876220703125,0.034423828125,82,19,18.966759002770083,11.691935483870967,29.205324074074074,29.205324074074074,12.98634071872277,30.554208462996126
avi_splice_site_usage,s3_10,0.87744140625,0.03466796875,82,18,20.02046783625731,11.87804002460896,31.880202313805555,31.880202313805555,13.561319886878186,32.861111111111114
avi_splice_site_usage,s3_10,0.8785133361816406,0.033962249755859375,83,17,21.456656346749227,13.38560207020428,32.33252427184466,32.33252427184466,14.49340552829963,35.71283370763638
avi_splice_site_usage,s3_10,0.87890625,0.0341796875,83,17,21.456656346749227,13.38560207020428,32.33252427184466,32.33252427184466,14.49340552829963,35.71283370763638
avi_splice_site_usage,s3_10,0.88037109375,0.03348827362060547,82,18,20.02046783625731,11.290352852852852,32.45279605263158,32.45279605263158,13.621567563733675,32.80615318820962
avi_splice_site_usage,s3_10,0.8804168701171875,0.03344249725341797,82,18,20.02046783625731,11.290352852852852,32.45279605263158,32.45279605263158,13.621567563733675,32.80615318820962
avi_splice_site_usage,s3_10,0.8827099800109863,0.03139162063598633,81,19,18.735457063711912,10.667912772585671,29.98313725490196,29.98313725490196,12.859941327199024,30.20759134785636
avi_splice_site_usage,s3_10,0.8827543258666992,0.03143596649169922,81,19,18.735457063711912,10.667912772585671,29.98313725490196,29.98313725490196,12.859941327199024,30.20759134785636
avi_splice_site_usage,s3_10,0.8828125,0.031494140625,81,19,18.735457063711912,10.667912772585671,29.98313725490196,29.98313725490196,12.859941327199024,30.20759134785636
avi_splice_site_usage,s3_10,0.884033203125,0.0313720703125,82,18,20.02046783625731,11.85234923710298,31.125867144692695,31.125867144692695,13.57902378846269,32.73676423200001
avi_splice_site_usage,s3_10,0.88427734375,0.031402587890625,82,18,20.02046783625731,11.85234923710298,31.125867144692695,31.125867144692695,13.57902378846269,32.73676423200001
avi_splice_site_usage,s3_10,0.8843994140625,0.031524658203125,82,18,20.02046783625731,11.85234923710298,31.125867144692695,31.125867144692695,13.57902378846269,32.73676423200001
avi_splice_site_usage,s3_10,0.884765625,0.03125,82,18,20.02046783625731,11.85234923710298,31.125867144692695,31.125867144692695,13.591446477521178,32.796535111006236
avi_splice_site_usage,s3_10,0.88623046875,0.031569480895996094,82,18,20.02046783625731,11.527339080098155,31.86813400857032,31.86813400857032,13.656335438554175,32.737058094251694
avi_splice_site_usage,s3_10,0.88720703125,0.03173828125,82,18,20.02046783625731,11.5560077104305,32.23043112543228,32.23043112543228,13.680193553638736,32.71282050068619
avi_splice_site_usage,s3_10,0.8876953125,0.03179931640625,83,17,21.456656346749227,11.816711590200924,38.13983360093417,38.13983360093417,14.515732991681519,35.72584483579248
avi_splice_site_usage,s3_10,0.89013671875,0.031494140625,83,18,20.264619883040936,10.631196495434715,38.45039738702619,38.45039738702619,13.762168129595276,33.02957435583735
avi_splice_site_usage,s3_10,0.890528678894043,0.031449317932128906,82,18,20.02046783625731,10.253067593446342,38.14132729145002,38.14132729145002,13.651420569719667,32.64118379249625
avi_splice_site_usage,s3_10,0.89111328125,0.03199958801269531,82,18,20.02046783625731,10.111506746626686,38.16297123955179,38.16297123955179,13.605528428295196,32.68564082973558
avi_splice_site_usage,s3_10,0.892822265625,0.031005859375,82,18,20.02046783625731,10.120950337331335,39.906563098822886,39.906563098822886,13.6081066922257,32.713765808102075
avi_splice_site_usage,s3_10,0.8931884765625,0.03078460693359375,83,17,21.456656346749227,10.51551401869159,42.46985653766459,42.46985653766459,14.557345953282443,35.59767035775128
avi_splice_site_usage,s3_10,0.894287109375,0.0306396484375,82,18,20.02046783625731,9.361637739207834,41.31815306767868,41.31815306767868,13.623437802726995,32.58707501002201
avi_splice_site_usage,s3_10,0.89727783203125,0.02777099609375,82,18,20.02046783625731,9.479614082565163,40.959560394335035,40.959560394335035,13.621261543675338,32.55404645070838
avi_splice_site_usage,s3_10,0.89794921875,0.027462005615234375,82,18,20.02046783625731,9.643896139206088,41.23507025761124,41.23507025761124,13.606056524820557,32.48718702144224
avi_splice_site_usage,s3_10,0.8979930877685547,0.027505874633789062,82,18,20.02046783625731,9.643896139206088,41.23507025761124,41.23507025761124,13.606056524820557,32.48718702144224
avi_splice_site_usage,s3_10,0.898193359375,0.027479171752929688,82,18,20.02046783625731,9.143925233644861,42.42488931056293,42.42488931056293,13.634961512189996,32.47763682134855
avi_splice_site_usage,s3_10,0.9004745483398438,0.02658843994140625,83,17,21.456656346749227,8.419065529008716,49.09884422977402,49.09884422977402,14.4617441614624,35.553167924354355
avi_splice_site_usage,s3_10,0.902008056640625,0.02671051025390625,82,18,20.02046783625731,7.820073746374153,44.20696721311475,44.20696721311475,13.603182559255847,32.66154685794479
avi_splice_site_usage,s3_10,0.90203857421875,0.02667999267578125,82,18,20.02046783625731,7.820073746374153,44.20696721311475,44.20696721311475,13.603182559255847,32.66154685794479
avi_splice_site_usage,s3_10,0.902099609375,0.02661895751953125,82,18,20.02046783625731,7.820073746374153,44.20696721311475,44.20696721311475,13.603182559255847,32.66154685794479
avi_splice_site_usage,s3_10,0.9021644592285156,0.026554107666015625,82,18,20.02046783625731,7.820073746374153,44.20696721311475,44.20696721311475,13.603182559255847,32.66154685794479
avi_splice_site_usage,s3_10,0.90240478515625,0.02631378173828125,82,18,20.02046783625731,7.820073746374153,44.20696721311475,44.20696721311475,13.603182559255847,32.66154685794479
avi_splice_site_usage,s3_10,0.90283203125,0.026027679443359375,82,18,20.02046783625731,7.820073746374153,44.20696721311475,44.20696721311475,13.639687563195146,32.719967035620414
avi_splice_site_usage,s3_10,0.9052734375,0.02400970458984375,85,15,24.903508771929822,8.96218052050259,63.64330985915493,63.64330985915493,16.62021423840719,42.99556409640483
avi_splice_site_usage,s3_10,0.9052810668945312,0.0240020751953125,85,15,24.903508771929822,8.96218052050259,63.64330985915493,63.64330985915493,16.62021423840719,42.99556409640483
avi_splice_site_usage,s3_10,0.9059886932373047,0.023294448852539062,85,15,24.903508771929822,8.96218052050259,63.64330985915493,63.64330985915493,16.62021423840719,42.99556409640483
avi_splice_site_usage,s3_10,0.906494140625,0.022857666015625,88,15,25.782456140350877,8.66161616161616,65.15862676056338,65.15862676056338,17.213268691513612,44.4136509983546
avi_splice_site_usage,s3_10,0.908203125,0.021253585815429688,86,15,25.196491228070172,8.166666666666666,63.532304768723755,63.532304768723755,16.78451658014269,43.20957103653681
avi_splice_site_usage,s3_10,0.91064453125,0.018963336944580078,85,15,24.903508771929822,8.544877970456007,53.811616358081814,53.811616358081814,16.55004479057502,42.536584561916264
avi_splice_site_usage,s3_10,0.91082763671875,0.018780231475830078,85,15,24.903508771929822,8.544877970456007,53.811616358081814,53.811616358081814,16.55004479057502,42.536584561916264
avi_splice_site_usage,s3_10,0.9118804931640625,0.01774883270263672,86,14,26.996240601503757,9.55772196519057,58.27294117647059,58.27294117647059,17.762242196823355,47.24454835766422
avi_splice_site_usage,s3_10,0.9124755859375,0.017174243927001953,89,11,35.557416267942585,13.369085173501576,65.8834319526627,65.8834319526627,22.62323775901385,66.9271758436945
avi_splice_site_usage,s3_10,0.9131240844726562,0.016525745391845703,89,11,35.557416267942585,13.369085173501576,65.8834319526627,65.8834319526627,22.62323775901385,66.9271758436945
avi_splice_site_usage,s3_10,0.913726806640625,0.016448974609375,89,11,35.557416267942585,13.369085173501576,65.8834319526627,65.8834319526627,22.62323775901385,66.9271758436945
avi_splice_site_usage,s3_10,0.9138593673706055,0.01658153533935547,89,11,35.557416267942585,13.369085173501576,65.8834319526627,65.8834319526627,22.62323775901385,66.9271758436945
avi_splice_site_usage,s3_10,0.9139041900634766,0.016626358032226562,89,11,35.557416267942585,13.369085173501576,65.8834319526627,65.8834319526627,22.62323775901385,66.9271758436945
avi_splice_site_usage,s3_10,0.9139223098754883,0.01664447784423828,89,11,35.557416267942585,13.369085173501576,65.8834319526627,65.8834319526627,22.62323775901385,66.9271758436945
avi_splice_site_usage,s3_10,0.9139776229858398,0.016699790954589844,89,11,35.557416267942585,13.369085173501576,65.8834319526627,65.8834319526627,22.62323775901385,66.9271758436945
avi_splice_site_usage,s3_10,0.9140110015869141,0.016733169555664062,89,11,35.557416267942585,13.369085173501576,65.8834319526627,65.8834319526627,22.62323775901385,66.9271758436945
avi_splice_site_usage,s3_10,0.9140172004699707,0.016739368438720703,89,11,35.557416267942585,13.369085173501576,65.8834319526627,65.8834319526627,22.62323775901385,66.9271758436945
avi_splice_site_usage,s3_10,0.9151611328125,0.017168045043945312,89,11,35.557416267942585,13.46774193548387,65.37619827264818,65.37619827264818,22.62920139936841,67.07206563252342
avi_splice_site_usage,s3_10,0.9154052734375,0.017412185668945312,89,11,35.557416267942585,13.46774193548387,65.37619827264818,65.37619827264818,22.62920139936841,67.07206563252342
avi_splice_site_usage,s3_10,0.916015625,0.01708984375,90,10,39.55263157894737,16.723837209302328,66.3380489011525,66.3380489011525,24.80441929291314,77.7981956044308
avi_splice_site_usage,s3_10,0.9175758361816406,0.01573944091796875,90,10,39.55263157894737,17.301237964236588,65.27843137254902,65.27843137254902,24.700668893815916,77.64534685239643
avi_splice_site_usage,s3_10,0.9176902770996094,0.015682220458984375,91,10,39.992105263157896,17.60428987005833,65.66723594199584,65.66723594199584,25.053978247455664,78.5977765763715
avi_splice_site_usage,s3_10,0.9177999496459961,0.015784859657287598,90,10,39.55263157894737,18.26834045031056,63.944760699978914,63.944760699978914,24.877875523703093,77.57970595018449
avi_splice_site_usage,s3_10,0.9189453125,0.01556396484375,92,8,50.53947368421053,24.57429906542056,82.87939573450285,82.87939573450285,30.313805674954814,110.82239279267166
avi_splice_site_usage,s3_10,0.91949462890625,0.0150146484375,92,8,50.53947368421053,24.57429906542056,82.87939573450285,82.87939573450285,30.313805674954814,110.82239279267166
avi_splice_site_usage,s3_10,0.91998291015625,0.01470947265625,92,8,50.53947368421053,24.57429906542056,82.87939573450285,82.87939573450285,30.313805674954814,110.82239279267166
avi_splice_site_usage,s3_10,0.92083740234375,0.014678955078125,93,7,58.38721804511278,26.67896239885769,110.08371824480369,110.08371824480369,34.17923557738865,139.2639543099387
avi_splice_site_usage,s3_10,0.9210205078125,0.0145263671875,93,7,58.38721804511278,26.67896239885769,110.08371824480369,110.08371824480369,34.17923557738865,139.2639543099387
avi_splice_site_usage,s3_10,0.921630859375,0.014404296875,94,7,59.015037593984964,29.037916063675837,108.8735632183908,108.8735632183908,34.560017389913256,140.82210708117444
avi_splice_site_usage,s3_10,0.921875,0.01416015625,94,7,59.015037593984964,29.037916063675837,108.8735632183908,108.8735632183908,34.560017389913256,140.82210708117444
avi_splice_site_usage,s3_10,0.9228515625,0.01318359375,93,7,58.38721804511278,28.6284212434294,106.65369819624819,106.65369819624819,34.227890738771855,139.09114817591202
avi_splice_site_usage,s3_10,0.9232330322265625,0.0128021240234375,93,7,58.38721804511278,28.6284212434294,106.65369819624819,106.65369819624819,34.227890738771855,139.09114817591202
avi_splice_site_usage,s3_10,0.92327880859375,0.01275634765625,93,7,58.38721804511278,28.6284212434294,106.65369819624819,106.65369819624819,34.227890738771855,139.09114817591202
avi_splice_site_usage,s3_10,0.923309326171875,0.012725830078125,93,7,58.38721804511278,28.6284212434294,106.65369819624819,106.65369819624819,34.227890738771855,139.09114817591202
avi_splice_site_usage,s3_10,0.92333984375,0.0126953125,93,7,58.38721804511278,28.6284212434294,106.65369819624819,106.65369819624819,34.227890738771855,139.09114817591202
avi_splice_site_usage,s3_10,0.923828125,0.012969970703125,93,7,58.38721804511278,27.822346501665876,108.92494226327945,108.92494226327945,34.12884691891394,139.63431199439717
avi_splice_site_usage,s3_10,0.9239501953125,0.012847900390625,93,7,58.38721804511278,27.822346501665876,108.92494226327945,108.92494226327945,34.12884691891394,139.63431199439717
avi_splice_site_usage,s3_10,0.9239730834960938,0.01282501220703125,93,7,58.38721804511278,27.822346501665876,108.92494226327945,108.92494226327945,34.12884691891394,139.63431199439717
avi_splice_site_usage,s3_10,0.9243240356445312,0.01247406005859375,93,7,58.38721804511278,27.822346501665876,108.92494226327945,108.92494226327945,34.12884691891394,139.63431199439717
avi_splice_site_usage,s3_10,0.9243698120117188,0.01248931884765625,93,7,58.38721804511278,27.822346501665876,108.92494226327945,108.92494226327945,34.12884691891394,139.63431199439717
avi_splice_site_usage,s3_10,0.924713134765625,0.012359619140625,93,7,58.38721804511278,27.822346501665876,108.92494226327945,108.92494226327945,34.18469707380163,140.04149547619625
avi_splice_site_usage,s3_10,0.9248046875,0.0123291015625,93,7,58.38721804511278,27.822346501665876,108.92494226327945,108.92494226327945,34.18469707380163,140.04149547619625
avi_splice_site_usage,s3_10,0.9249267578125,0.012451171875,93,7,58.38721804511278,27.822346501665876,108.92494226327945,108.92494226327945,34.18469707380163,140.04149547619625
avi_splice_site_usage,s3_10,0.9249763488769531,0.01245737075805664,93,7,58.38721804511278,29.113648722131597,107.30985169491525,107.30985169491525,34.163805980451706,139.47105293768064
avi_splice_site_usage,s3_10,0.9250259399414062,0.012407779693603516,93,7,58.38721804511278,29.113648722131597,107.30985169491525,107.30985169491525,34.163805980451706,139.47105293768064
avi_splice_site_usage,s3_10,0.925048828125,0.012384891510009766,93,7,58.38721804511278,29.113648722131597,107.30985169491525,107.30985169491525,34.163805980451706,139.47105293768064
avi_splice_site_usage,s3_10,0.9251937866210938,0.012239933013916016,93,7,58.38721804511278,29.113648722131597,107.30985169491525,107.30985169491525,34.163805980451706,139.47105293768064
avi_splice_site_usage,s3_10,0.92529296875,0.01216888427734375,93,7,58.38721804511278,29.113648722131597,107.30985169491525,107.30985169491525,34.163805980451706,139.47105293768064
avi_splice_site_usage,s3_10,0.9255905151367188,0.0124664306640625,93,7,58.38721804511278,29.113648722131597,107.30985169491525,107.30985169491525,34.163805980451706,139.47105293768064
avi_splice_site_usage,s3_10,0.9256324768066406,0.012508392333984375,93,7,58.38721804511278,29.113648722131597,107.30985169491525,107.30985169491525,34.163805980451706,139.47105293768064
avi_splice_site_usage,s3_10,0.9256725311279297,0.012548446655273438,93,7,58.38721804511278,29.113648722131597,107.30985169491525,107.30985169491525,34.163805980451706,139.47105293768064
avi_splice_site_usage,s3_10,0.9256787300109863,0.012554645538330078,93,7,58.38721804511278,29.113648722131597,107.30985169491525,107.30985169491525,34.163805980451706,139.47105293768064
avi_splice_site_usage,s3_10,0.9257149696350098,0.012590885162353516,93,7,58.38721804511278,29.113648722131597,107.30985169491525,107.30985169491525,34.163805980451706,139.47105293768064
avi_splice_site_usage,s3_10,0.9257645606994629,0.01264047622680664,93,7,58.38721804511278,29.113648722131597,107.30985169491525,107.30985169491525,34.163805980451706,139.47105293768064
avi_splice_site_usage,s3_10,0.9257665276527405,0.012642443180084229,93,7,58.38721804511278,29.113648722131597,107.30985169491525,107.30985169491525,34.163805980451706,139.47105293768064
avi_splice_site_usage,s3_10,0.9263153076171875,0.0125885009765625,93,7,58.38721804511278,29.625947924187948,105.68959222150397,105.68959222150397,34.20621854996261,139.47514542580683
avi_splice_site_usage,s3_10,0.926483154296875,0.01275634765625,93,7,58.38721804511278,29.625947924187948,105.68959222150397,105.68959222150397,34.20621854996261,139.47514542580683
avi_splice_site_usage,s3_10,0.92706298828125,0.013336181640625,93,7,58.38721804511278,29.625947924187948,105.68959222150397,105.68959222150397,34.20621854996261,139.47514542580683
avi_splice_site_usage,s3_10,0.9278793334960938,0.013493776321411133,95,5,83.5,53.5126183289889,158.32490974729242,158.32490974729242,45.30368006113245,227.89490459853633
avi_splice_site_usage,s3_10,0.9280929565429688,0.013280153274536133,95,5,83.5,53.5126183289889,158.32490974729242,158.32490974729242,45.30368006113245,227.89490459853633
avi_splice_site_usage,s3_10,0.9285507202148438,0.01314544677734375,95,5,83.5,52.63291139240506,159.6237144585602,159.6237144585602,45.309020979020985,228.04292245157885
avi_splice_site_usage,s3_10,0.9285888671875,0.01318359375,95,5,83.5,52.63291139240506,159.6237144585602,159.6237144585602,45.309020979020985,228.04292245157885
avi_splice_site_usage,s3_10,0.9287185668945312,0.01331329345703125,95,5,83.5,52.63291139240506,159.6237144585602,159.6237144585602,45.309020979020985,228.04292245157885
avi_splice_site_usage,s3_10,0.9288597106933594,0.013454437255859375,95,5,83.5,52.63291139240506,159.6237144585602,159.6237144585602,45.309020979020985,228.04292245157885
avi_splice_site_usage,s3_10,0.9289321899414062,0.01338958740234375,95,5,83.5,53.0880767368225,159.51783146661376,159.51783146661376,45.35859930350126,228.20413212764404
avi_splice_site_usage,s3_10,0.928955078125,0.01336669921875,95,5,83.5,53.0880767368225,159.51783146661376,159.51783146661376,45.35859930350126,228.20413212764404
avi_splice_site_usage,s3_10,0.929168701171875,0.013153076171875,95,5,83.5,53.0880767368225,159.51783146661376,159.51783146661376,45.35859930350126,228.20413212764404
avi_splice_site_usage,s3_10,0.929229736328125,0.0131072998046875,95,5,83.5,52.07228034908978,163.09027777777777,163.09027777777777,45.11768047900932,227.9213857922201
avi_splice_site_usage,s3_10,0.9292831420898438,0.01305389404296875,95,5,83.5,52.07228034908978,163.09027777777777,163.09027777777777,45.11768047900932,227.9213857922201
avi_splice_site_usage,s3_10,0.9293079376220703,0.013029098510742188,95,5,83.5,52.07228034908978,163.09027777777777,163.09027777777777,45.11768047900932,227.9213857922201
avi_splice_site_usage,s3_10,0.9293308258056641,0.013006210327148438,95,5,83.5,52.07228034908978,163.09027777777777,163.09027777777777,45.11768047900932,227.9213857922201
avi_splice_site_usage,s3_10,0.929351806640625,0.0129852294921875,95,5,83.5,52.07228034908978,163.09027777777777,163.09027777777777,45.11768047900932,227.9213857922201
avi_splice_site_usage,s3_10,0.9294414520263672,0.012895584106445312,95,5,83.5,52.07228034908978,163.09027777777777,163.09027777777777,45.11768047900932,227.9213857922201
avi_splice_site_usage,s3_10,0.9294567108154297,0.012880325317382812,95,5,83.5,52.07228034908978,163.09027777777777,163.09027777777777,45.11768047900932,227.9213857922201
avi_splice_site_usage,s3_10,0.9294843673706055,0.012852668762207031,95,5,83.5,52.07228034908978,163.09027777777777,163.09027777777777,45.11768047900932,227.9213857922201
avi_splice_site_usage,s3_10,0.9295387268066406,0.012798309326171875,95,5,83.5,52.07228034908978,163.09027777777777,163.09027777777777,45.11768047900932,227.9213857922201
avi_splice_site_usage,s3_10,0.9296078681945801,0.012729167938232422,95,5,83.5,52.07228034908978,163.09027777777777,163.09027777777777,45.11768047900932,227.9213857922201
avi_splice_site_usage,s3_10,0.9296174049377441,0.01271963119506836,95,5,83.5,52.07228034908978,163.09027777777777,163.09027777777777,45.11768047900932,227.9213857922201
avi_splice_site_usage,s3_10,0.9296293258666992,0.012707710266113281,95,5,83.5,52.07228034908978,163.09027777777777,163.09027777777777,45.11768047900932,227.9213857922201
avi_splice_site_usage,s3_10,0.9296326637268066,0.01270437240600586,95,5,83.5,52.07228034908978,163.09027777777777,163.09027777777777,45.11768047900932,227.9213857922201
avi_splice_site_usage,s3_10,0.9296391010284424,0.012697935104370117,95,5,83.5,52.07228034908978,163.09027777777777,163.09027777777777,45.11768047900932,227.9213857922201
avi_splice_site_usage,s3_10,0.929649829864502,0.012687206268310547,95,5,83.5,52.07228034908978,163.09027777777777,163.09027777777777,45.11768047900932,227.9213857922201
avi_splice_site_usage,s3_10,0.93170166015625,0.01220703125,95,5,83.5,54.86355140186916,155.30492424242422,155.30492424242422,45.41036688862776,228.96366782006922
avi_splice_site_usage,s3_10,0.9320068359375,0.01202392578125,94,6,68.85087719298247,39.265636616456796,145.61527777777778,145.61527777777778,39.26137668194864,192.21362309067894
avi_splice_site_usage,s3_10,0.9328842163085938,0.01204681396484375,94,6,68.85087719298247,39.18825100133512,143.64405845580168,143.64405845580168,39.307149726838155,192.40498260044268
avi_splice_site_usage,s3_10,0.93310546875,0.011962890625,94,6,68.85087719298247,39.286724846695435,142.2313296903461,142.2313296903461,39.25338813354828,192.6554699302125
avi_splice_site_usage,s3_10,0.9333152770996094,0.011753082275390625,94,6,68.85087719298247,39.286724846695435,142.2313296903461,142.2313296903461,39.25338813354828,192.6554699302125
avi_splice_site_usage,s3_10,0.933349609375,0.01171875,94,6,68.85087719298247,39.286724846695435,142.2313296903461,142.2313296903461,39.25338813354828,192.6554699302125
avi_splice_site_usage,s3_10,0.9335848093032837,0.011604666709899902,95,5,83.5,55.4688370100664,155.85108303249098,155.85108303249098,45.636260880077366,232.29310344827587
avi_splice_site_usage,s3_10,0.933837890625,0.011351585388183594,95,5,83.5,55.4688370100664,155.85108303249098,155.85108303249098,45.636260880077366,232.29310344827587
avi_splice_site_usage,s3_10,0.9339599609375,0.011229515075683594,95,5,83.5,55.4688370100664,155.85108303249098,155.85108303249098,45.636260880077366,232.29310344827587
avi_splice_site_usage,s3_10,0.9341278076171875,0.011082172393798828,95,5,83.5,55.422153028619064,154.53320251058682,154.53320251058682,45.70350619825025,232.90209700574223
avi_splice_site_usage,s3_10,0.93450927734375,0.01077568531036377,95,5,83.5,55.953056768558945,150.43859649122805,150.43859649122805,45.61099163679809,231.4895985148971
avi_splice_site_usage,s3_10,0.934722900390625,0.010772705078125,95,5,83.5,56.21417837441234,149.30792349726772,149.30792349726772,45.59522058823529,230.82533080127413
avi_splice_site_usage,s3_10,0.9353790283203125,0.0111236572265625,96,5,84.37894736842105,56.80268378855823,149.92914109121907,149.92914109121907,46.079085289361345,233.6079070894423
avi_splice_site_usage,s3_10,0.935516357421875,0.01114654541015625,95,5,83.5,56.80268378855823,148.27226307189542,148.27226307189542,45.60526702436471,231.15213310075674
avi_splice_site_usage,s3_10,0.93603515625,0.011322021484375,95,5,83.5,58.26444585801672,146.14035087719296,146.14035087719296,45.53507359432951,231.31722483761388
avi_splice_site_usage,s3_10,0.93634033203125,0.01141357421875,96,4,105.47368421052632,67.60858303992894,276.89685502914585,276.89685502914585,55.623409082192715,415.1279253276365
avi_splice_site_usage,s3_10,0.936798095703125,0.011749267578125,96,4,105.47368421052632,69.6260162601626,260.64890282131665,260.64890282131665,55.40793234580078,415.5210017035775
avi_splice_site_usage,s3_10,0.93707275390625,0.01177978515625,96,4,105.47368421052632,68.98367310750582,264.98090692124106,264.98090692124106,55.24693331724582,416.625
avi_splice_site_usage,s3_10,0.9374337196350098,0.011700153350830078,96,4,105.47368421052632,68.40837696335079,271.4190948826786,271.4190948826786,55.047845513405875,416.5051225919438
avi_splice_site_usage,s3_10,0.938629150390625,0.011566162109375,96,4,105.47368421052632,68.03964285714285,276.860741381287,276.860741381287,54.915959997528205,414.68279569892445
avi_splice_site_usage,s3_10,0.9407958984375,0.01207733154296875,96,4,105.47368421052632,68.31334880851445,186.9153976311337,186.9153976311337,54.588735432160355,412.27807486631013
avi_splice_site_usage,s3_10,0.9408531188964844,0.012134552001953125,96,4,105.47368421052632,68.31334880851445,186.9153976311337,186.9153976311337,54.588735432160355,412.27807486631013
avi_splice_site_usage,s3_10,0.94091796875,0.012098312377929688,95,5,83.5,50.869565217391305,164.7162066525124,164.7162066525124,45.411055607187116,230.43868123336284
avi_splice_site_usage,s3_10,0.9411106109619141,0.012250900268554688,95,5,83.5,50.869565217391305,164.7162066525124,164.7162066525124,45.411055607187116,230.43868123336284
avi_splice_site_usage,s3_10,0.9411897659301758,0.012257575988769531,95,5,83.5,50.968322881492206,162.96390658174099,162.96390658174099,45.30601586989794,230.44069159316203
avi_splice_site_usage,s3_10,0.9413313865661621,0.01239919662475586,95,5,83.5,50.968322881492206,162.96390658174099,162.96390658174099,45.30601586989794,230.44069159316203
avi_splice_site_usage,s3_10,0.9413399696350098,0.012407779693603516,95,5,83.5,50.968322881492206,162.96390658174099,162.96390658174099,45.30601586989794,230.44069159316203
avi_splice_site_usage,s3_10,0.9413731098175049,0.012440919876098633,95,5,83.5,50.968322881492206,162.96390658174099,162.96390658174099,45.30601586989794,230.44069159316203
avi_splice_site_usage,s3_10,0.9413803815841675,0.01244819164276123,95,5,83.5,50.968322881492206,162.96390658174099,162.96390658174099,45.30601586989794,230.44069159316203
avi_splice_site_usage,s3_10,0.94232177734375,0.013153076171875,95,5,83.5,52.609708737864075,158.21735875706202,158.21735875706202,45.305400071956946,230.43868123336284
avi_splice_site_usage,s3_10,0.9423370361328125,0.0131683349609375,95,5,83.5,52.609708737864075,158.21735875706202,158.21735875706202,45.305400071956946,230.43868123336284
avi_splice_site_usage,s3_10,0.943115234375,0.013784408569335938,95,5,83.5,54.68259373635286,159.12219101123597,159.12219101123597,45.310613148564954,230.81803289768067
avi_splice_site_usage,s3_10,0.9432373046875,0.013885498046875,95,5,83.5,54.95238095238095,157.95509669034897,157.95509669034897,45.372673061011426,230.56630903732608
avi_splice_site_usage,s3_10,0.9434814453125,0.014129638671875,95,5,83.5,54.95238095238095,157.95509669034897,157.95509669034897,45.372673061011426,230.56630903732608
avi_splice_site_usage,s3_10,0.9438095092773438,0.01445770263671875,95,5,83.5,54.95238095238095,157.95509669034897,157.95509669034897,45.372673061011426,230.56630903732608
avi_splice_site_usage,s3_10,0.9439697265625,0.014617919921875,95,5,83.5,54.95238095238095,157.95509669034897,157.95509669034897,45.372673061011426,230.56630903732608
avi_splice_site_usage,s3_10,0.944610595703125,0.0152587890625,95,6,69.58333333333333,43.061791035729414,145.12293577981652,145.12293577981652,39.46848493013117,193.36990072202164
avi_splice_site_usage,s3_10,0.9450664520263672,0.015714645385742188,97,6,71.0482456140351,43.85683840592074,146.46666666666667,146.46666666666667,40.33153617469008,198.0524140999377
avi_splice_site_usage,s3_10,0.945068359375,0.015716552734375,97,6,71.0482456140351,43.85683840592074,146.46666666666667,146.46666666666667,40.33153617469008,198.0524140999377
avi_splice_site_usage,s3_10,0.9451093673706055,0.015687942504882812,94,6,68.85087719298247,42.774956291179485,140.96206123973113,140.96206123973113,39.04685220490716,191.28883098701093
avi_splice_site_usage,s3_10,0.9451894760131836,0.015732765197753906,95,6,69.58333333333333,43.49406094903765,141.0873786407767,141.0873786407767,39.481818181818184,193.07936096545646
avi_splice_site_usage,s3_10,0.9452099800109863,0.01575326919555664,95,6,69.58333333333333,43.49406094903765,141.0873786407767,141.0873786407767,39.481818181818184,193.07936096545646
avi_splice_site_usage,s3_10,0.9452223777770996,0.015765666961669922,95,6,69.58333333333333,43.49406094903765,141.0873786407767,141.0873786407767,39.481818181818184,193.07936096545646
avi_splice_site_usage,s3_10,0.9452672004699707,0.015810489654541016,95,6,69.58333333333333,43.49406094903765,141.0873786407767,141.0873786407767,39.481818181818184,193.07936096545646
avi_splice_site_usage,s3_10,0.945277214050293,0.01582050323486328,95,6,69.58333333333333,43.49406094903765,141.0873786407767,141.0873786407767,39.481818181818184,193.07936096545646
avi_splice_site_usage,s3_10,0.9452849626541138,0.015828251838684082,95,6,69.58333333333333,43.49406094903765,141.0873786407767,141.0873786407767,39.481818181818184,193.07936096545646
avi_splice_site_usage,s3_10,0.9452897310256958,0.015833020210266113,95,6,69.58333333333333,43.49406094903765,141.0873786407767,141.0873786407767,39.481818181818184,193.07936096545646
avi_splice_site_usage,s3_10,0.946136474609375,0.01665210723876953,95,5,83.5,45.1491344873502,269.14772159090904,269.14772159090904,45.77025168119295,232.8740915715475
avi_splice_site_usage,s3_10,0.946502685546875,0.016894817352294922,96,4,105.47368421052632,51.07853403141361,374.4235311059907,374.4235311059907,54.81327408934895,413.23490593229155
avi_splice_site_usage,s3_10,0.947021484375,0.01739215850830078,95,5,83.5,39.13100137174211,363.1650853889943,363.1650853889943,45.67025515276369,233.61336965082694
avi_splice_site_usage,s3_10,0.9474105834960938,0.01736307144165039,95,5,83.5,38.47662128215979,349.9814927261226,349.9814927261226,45.83408387151665,232.1532738263373
avi_splice_site_usage,s3_10,0.9474639892578125,0.01730966567993164,95,5,83.5,38.47662128215979,349.9814927261226,349.9814927261226,45.83408387151665,232.1532738263373
avi_splice_site_usage,s3_10,0.9480819702148438,0.01669168472290039,95,5,83.5,38.47662128215979,349.9814927261226,349.9814927261226,45.83408387151665,232.1532738263373
avi_splice_site_usage,s3_10,0.9481201171875,0.01665353775024414,95,5,83.5,38.47662128215979,349.9814927261226,349.9814927261226,45.83408387151665,232.1532738263373
avi_splice_site_usage,s3_10,0.9483642578125,0.016427993774414062,95,5,83.5,38.47662128215979,349.9814927261226,349.9814927261226,45.79117478506828,233.31076326438847
avi_splice_site_usage,s3_10,0.94873046875,0.01641845703125,95,5,83.5,39.43608783689429,345.55134724857675,345.55134724857675,45.608856907404316,233.4366435035549
avi_splice_site_usage,s3_10,0.9488391876220703,0.016309738159179688,95,5,83.5,39.43608783689429,345.55134724857675,345.55134724857675,45.608856907404316,233.4366435035549
avi_splice_site_usage,s3_10,0.9489040374755859,0.016244888305664062,95,5,83.5,39.43608783689429,345.55134724857675,345.55134724857675,45.608856907404316,233.4366435035549
avi_splice_site_usage,s3_10,0.948974609375,0.01617431640625,95,5,83.5,39.43608783689429,345.55134724857675,345.55134724857675,45.608856907404316,233.4366435035549
avi_splice_site_usage,s3_10,0.9490394592285156,0.016155242919921875,95,5,83.5,39.43608783689429,345.55134724857675,345.55134724857675,45.608856907404316,233.4366435035549
avi_splice_site_usage,s3_10,0.9490604400634766,0.016176223754882812,95,5,83.5,39.43608783689429,345.55134724857675,345.55134724857675,45.608856907404316,233.4366435035549
avi_splice_site_usage,s3_10,0.9491100311279297,0.016225814819335938,95,5,83.5,39.43608783689429,345.55134724857675,345.55134724857675,45.608856907404316,233.4366435035549
avi_splice_site_usage,s3_10,0.9491338729858398,0.016243934631347656,95,5,83.5,39.43608783689429,345.55134724857675,345.55134724857675,45.69413849657363,233.62422129917843
avi_splice_site_usage,s3_10,0.9491391181945801,0.016238689422607422,95,5,83.5,39.43608783689429,345.55134724857675,345.55134724857675,45.69413849657363,233.62422129917843
avi_splice_site_usage,s3_10,0.9491856098175049,0.016192197799682617,95,5,83.5,39.43608783689429,345.55134724857675,345.55134724857675,45.69413849657363,233.62422129917843
avi_splice_site_usage,s3_10,0.949462890625,0.016357421875,95,5,83.5,39.43608783689429,345.55134724857675,345.55134724857675,45.69413849657363,233.62422129917843
avi_splice_site_usage,s3_10,0.9497528076171875,0.0166473388671875,95,5,83.5,39.43608783689429,345.55134724857675,345.55134724857675,45.69413849657363,233.62422129917843
avi_splice_site_usage,s3_10,0.9514236450195312,0.018108367919921875,95,5,83.5,40.36709956709957,341.1100752677055,341.1100752677055,45.70609840588083,233.32899650867535
avi_splice_site_usage,s3_10,0.9515762329101562,0.018260955810546875,95,5,83.5,40.36709956709957,341.1100752677055,341.1100752677055,45.70609840588083,233.32899650867535
avi_splice_site_usage,s3_10,0.9519195556640625,0.018604278564453125,95,5,83.5,40.36709956709957,341.1100752677055,341.1100752677055,45.70609840588083,233.32899650867535
avi_splice_site_usage,s3_10,0.952423095703125,0.019073486328125,95,5,83.5,41.09000620732464,332.34366482663427,332.34366482663427,45.76631136244624,233.32899650867535
avi_splice_site_usage,s3_10,0.9526214599609375,0.0192718505859375,95,5,83.5,41.09000620732464,332.34366482663427,332.34366482663427,45.76631136244624,233.32899650867535
avi_splice_site_usage,s3_10,0.9530162811279297,0.019431471824645996,95,5,83.5,41.2863976083707,332.34366482663427,332.34366482663427,45.7086103179148,233.9004312491108
avi_splice_site_usage,s3_10,0.95343017578125,0.01984536647796631,95,5,83.5,41.2863976083707,332.34366482663427,332.34366482663427,45.7086103179148,233.9004312491108
avi_splice_site_usage,s3_10,0.9542236328125,0.02053070068359375,95,5,83.5,41.66517189835576,323.3055028462998,323.3055028462998,45.65816523275465,233.79801094702503
avi_splice_site_usage,s3_10,0.9552764892578125,0.0214385986328125,96,5,84.37894736842105,42.746363113458024,323.3055028462998,323.3055028462998,46.10051023193423,235.7326370745922
avi_splice_site_usage,s3_10,0.95574951171875,0.02178955078125,95,5,83.5,42.75179856115108,314.44781783681213,314.44781783681213,45.60884922991765,233.69677376349813
avi_splice_site_usage,s3_10,0.9560623168945312,0.02210235595703125,95,5,83.5,42.75179856115108,314.44781783681213,314.44781783681213,45.60884922991765,233.69677376349813
avi_splice_site_usage,s3_10,0.9565582275390625,0.0225982666015625,95,5,83.5,42.75179856115108,314.44781783681213,314.44781783681213,45.60884922991765,233.69677376349813
avi_splice_site_usage,s3_10,0.956787109375,0.0228271484375,95,5,83.5,42.75179856115108,314.44781783681213,314.44781783681213,45.60884922991765,233.69677376349813
avi_splice_site_usage,s3_10,0.9570069313049316,0.02304697036743164,95,5,83.5,42.75179856115108,314.44781783681213,314.44781783681213,45.60884922991765,233.69677376349813
avi_splice_site_usage,s3_10,0.95928955078125,0.025040149688720703,95,5,83.5,43.951949231812556,302.4770642201835,302.4770642201835,45.40862505163156,234.1106206293706
avi_splice_site_usage,s3_10,0.9607343673706055,0.02622509002685547,95,5,83.5,43.951949231812556,302.4770642201835,302.4770642201835,45.40862505163156,234.1106206293706
avi_splice_site_usage,s3_10,0.9607973098754883,0.02628803253173828,95,5,83.5,43.951949231812556,302.4770642201835,302.4770642201835,45.40862505163156,234.1106206293706
avi_splice_site_usage,s3_10,0.960841178894043,0.02633190155029297,95,5,83.5,43.951949231812556,302.4770642201835,302.4770642201835,45.40862505163156,234.1106206293706
avi_splice_site_usage,s3_10,0.9609043598175049,0.026395082473754883,95,5,83.5,43.951949231812556,302.4770642201835,302.4770642201835,45.40862505163156,234.1106206293706
avi_splice_site_usage,s3_10,0.96142578125,0.02691650390625,95,5,83.5,43.951949231812556,302.4770642201835,302.4770642201835,45.40862505163156,234.1106206293706
avi_splice_site_usage,s3_10,0.9630889892578125,0.0285797119140625,95,5,83.5,43.951949231812556,302.4770642201835,302.4770642201835,45.40862505163156,234.1106206293706
avi_splice_site_usage,s3_10,0.9631423950195312,0.02863311767578125,95,5,83.5,43.951949231812556,302.4770642201835,302.4770642201835,45.40862505163156,234.1106206293706
avi_splice_site_usage,s3_10,0.96331787109375,0.02880859375,95,5,83.5,43.951949231812556,302.4770642201835,302.4770642201835,45.40862505163156,234.1106206293706
avi_splice_site_usage,s3_10,0.96405029296875,0.029541015625,95,5,83.5,43.951949231812556,302.4770642201835,302.4770642201835,45.40862505163156,234.1106206293706
avi_splice_site_usage,s3_10,0.964111328125,0.02960205078125,95,5,83.5,43.951949231812556,302.4770642201835,302.4770642201835,45.40862505163156,234.1106206293706
avi_splice_site_usage,s3_10,0.9647207260131836,0.030211448669433594,95,5,83.5,43.951949231812556,302.4770642201835,302.4770642201835,45.40862505163156,234.1106206293706
avi_splice_site_usage,s3_10,0.9647350311279297,0.030225753784179688,95,5,83.5,43.951949231812556,302.4770642201835,302.4770642201835,45.40862505163156,234.1106206293706
avi_splice_site_usage,s3_10,0.9647641181945801,0.030254840850830078,95,5,83.5,43.951949231812556,302.4770642201835,302.4770642201835,45.40862505163156,234.1106206293706
avi_splice_site_usage,s3_10,0.9647736549377441,0.03026437759399414,95,5,83.5,43.951949231812556,302.4770642201835,302.4770642201835,45.40862505163156,234.1106206293706
avi_splice_site_usage,s3_10,0.9647922515869141,0.030282974243164062,95,5,83.5,43.951949231812556,302.4770642201835,302.4770642201835,45.40862505163156,234.1106206293706
avi_splice_site_usage,s3_10,0.96514892578125,0.0306396484375,95,5,83.5,43.951949231812556,302.4770642201835,302.4770642201835,45.40862505163156,234.1106206293706
avi_splice_site_usage,s3_10,0.9653778076171875,0.0308685302734375,95,5,83.5,43.951949231812556,302.4770642201835,302.4770642201835,45.40862505163156,234.1106206293706
avi_splice_site_usage,s3_10,0.968414306640625,0.033905029296875,95,5,83.5,43.951949231812556,302.4770642201835,302.4770642201835,45.40862505163156,234.1106206293706
avi_splice_site_usage,s3_10,0.9709548950195312,0.03644561767578125,95,5,83.5,43.951949231812556,302.4770642201835,302.4770642201835,45.40862505163156,234.1106206293706
avi_splice_site_usage,s3_10,0.9723606109619141,0.03785133361816406,95,5,83.5,43.951949231812556,302.4770642201835,302.4770642201835,45.40862505163156,234.1106206293706
avi_splice_site_usage,s3_10,0.9747543334960938,0.04024505615234375,95,5,83.5,43.951949231812556,302.4770642201835,302.4770642201835,45.40862505163156,234.1106206293706
avi_splice_site_usage,s3_10,0.9748611450195312,0.04035186767578125,95,5,83.5,43.951949231812556,302.4770642201835,302.4770642201835,45.40862505163156,234.1106206293706
avi_splice_site_usage,s3_10,0.9770965576171875,0.0425872802734375,95,5,83.5,43.951949231812556,302.4770642201835,302.4770642201835,45.40862505163156,234.1106206293706
avi_splice_site_usage,s3_10,0.980372428894043,0.04586315155029297,95,5,83.5,43.951949231812556,302.4770642201835,302.4770642201835,45.40862505163156,234.1106206293706
avi_splice_site_usage,s3_10,0.9843297004699707,0.0498204231262207,95,5,83.5,43.951949231812556,302.4770642201835,302.4770642201835,45.40862505163156,234.1106206293706
