tool,stratum,score,eps,n_damaging_in_window,n_normal_in_window,local_lr,lr_lo_gene_boot,lr_hi_gene_boot,lr_hi_bootstrap_only,lr_lo_variant_boot,lr_hi_variant_boot
spliceai_walker,pm12,0.0666157603263855,0.7911341190338135,89,11,0.3723428312980551,0.1268357810413885,0.6868625050999592,0.6868625050999592,0.2494962082419885,0.6349104686070358
spliceai_walker,pm12,0.31447792053222656,0.5432719588279724,89,11,0.3723428312980551,0.1268357810413885,0.6868625050999592,0.6868625050999592,0.2494962082419885,0.6349104686070358
spliceai_walker,pm12,0.43009695410728455,0.42765292525291443,89,11,0.3723428312980551,0.1268357810413885,0.6868625050999592,0.6868625050999592,0.2494962082419885,0.6349104686070358
spliceai_walker,pm12,0.4359545111656189,0.4217953681945801,89,11,0.3723428312980551,0.1268357810413885,0.6868625050999592,0.6868625050999592,0.2494962082419885,0.6349104686070358
spliceai_walker,pm12,0.4395616948604584,0.4181881844997406,89,11,0.3723428312980551,0.1268357810413885,0.6868625050999592,0.6868625050999592,0.2494962082419885,0.6349104686070358
spliceai_walker,pm12,0.43971869349479675,0.4180311858654022,89,11,0.3723428312980551,0.1268357810413885,0.6868625050999592,0.6868625050999592,0.2494962082419885,0.6349104686070358
spliceai_walker,pm12,0.44024649262428284,0.41750338673591614,89,11,0.3723428312980551,0.1268357810413885,0.6868625050999592,0.6868625050999592,0.2494962082419885,0.6349104686070358
spliceai_walker,pm12,0.4429982900619507,0.4147515892982483,89,11,0.3723428312980551,0.1268357810413885,0.6868625050999592,0.6868625050999592,0.2494962082419885,0.6349104686070358
spliceai_walker,pm12,0.44302472472190857,0.4147251546382904,89,11,0.3723428312980551,0.1268357810413885,0.6868625050999592,0.6868625050999592,0.2494962082419885,0.6349104686070358
spliceai_walker,pm12,0.44302546977996826,0.4147244095802307,89,11,0.3723428312980551,0.1268357810413885,0.6868625050999592,0.6868625050999592,0.2494962082419885,0.6349104686070358
spliceai_walker,pm12,0.44302788376808167,0.4147219955921173,89,11,0.3723428312980551,0.1268357810413885,0.6868625050999592,0.6868625050999592,0.2494962082419885,0.6349104686070358
spliceai_walker,pm12,0.44302791357040405,0.4147219657897949,89,11,0.3723428312980551,0.1268357810413885,0.6868625050999592,0.6868625050999592,0.2494962082419885,0.6349104686070358
spliceai_walker,pm12,0.4430284798145294,0.41472139954566956,89,11,0.3723428312980551,0.1268357810413885,0.6868625050999592,0.6868625050999592,0.2494962082419885,0.6349104686070358
spliceai_walker,pm12,0.5349547266960144,0.32287687063217163,90,10,0.4141791044776119,0.14797507788161993,0.6995503203308733,0.6995503203308733,0.2715302300695559,0.7419328044605945
spliceai_walker,pm12,0.5589526295661926,0.2988789677619934,90,10,0.4141791044776119,0.14797507788161993,0.6995503203308733,0.6995503203308733,0.2715302300695559,0.7419328044605945
spliceai_walker,pm12,0.5808268785476685,0.2770047187805176,90,10,0.4141791044776119,0.14797507788161993,0.6995503203308733,0.6995503203308733,0.2715302300695559,0.7419328044605945
spliceai_walker,pm12,0.5812679529190063,0.2765636444091797,90,10,0.4141791044776119,0.14797507788161993,0.6995503203308733,0.6995503203308733,0.2715302300695559,0.7419328044605945
spliceai_walker,pm12,0.5813718438148499,0.2764597535133362,90,10,0.4141791044776119,0.14797507788161993,0.6995503203308733,0.6995503203308733,0.2715302300695559,0.7419328044605945
spliceai_walker,pm12,0.581503689289093,0.276327908039093,90,10,0.4141791044776119,0.14797507788161993,0.6995503203308733,0.6995503203308733,0.2715302300695559,0.7419328044605945
spliceai_walker,pm12,0.5815413594245911,0.27629023790359497,90,10,0.4141791044776119,0.14797507788161993,0.6995503203308733,0.6995503203308733,0.2715302300695559,0.7419328044605945
spliceai_walker,pm12,0.5815460085868835,0.2762855887413025,90,10,0.4141791044776119,0.14797507788161993,0.6995503203308733,0.6995503203308733,0.2715302300695559,0.7419328044605945
spliceai_walker,pm12,0.6057328581809998,0.2525399327278137,91,9,0.4653123272526257,0.17757009345794394,0.7647058823529411,0.7647058823529411,0.2973593570608496,0.8802040066012324
spliceai_walker,pm12,0.6270201802253723,0.23125261068344116,91,9,0.4653123272526257,0.17757009345794394,0.7647058823529411,0.7647058823529411,0.2973593570608496,0.8802040066012324
spliceai_walker,pm12,0.654789924621582,0.21570461988449097,91,9,0.4653123272526257,0.1855211566965909,0.7635038734337632,0.7635038734337632,0.2977327111749223,0.8801210737512106
spliceai_walker,pm12,0.6548879146575928,0.21560662984848022,91,9,0.4653123272526257,0.1855211566965909,0.7635038734337632,0.7635038734337632,0.2977327111749223,0.8801210737512106
spliceai_walker,pm12,0.654891848564148,0.21560269594192505,91,9,0.4653123272526257,0.1855211566965909,0.7635038734337632,0.7635038734337632,0.2977327111749223,0.8801210737512106
spliceai_walker,pm12,0.6548923254013062,0.21560221910476685,91,9,0.4653123272526257,0.1855211566965909,0.7635038734337632,0.7635038734337632,0.2977327111749223,0.8801210737512106
spliceai_walker,pm12,0.6548925042152405,0.21560204029083252,91,9,0.4653123272526257,0.1855211566965909,0.7635038734337632,0.7635038734337632,0.2977327111749223,0.8801210737512106
spliceai_walker,pm12,0.6565234661102295,0.21407246589660645,91,9,0.4653123272526257,0.19911527371881851,0.7631663780616633,0.7631663780616633,0.2977381693681128,0.8802016358409053
spliceai_walker,pm12,0.6589730978012085,0.21594762802124023,91,9,0.4653123272526257,0.195218893129771,0.7666790186463116,0.7666790186463116,0.29733836209435877,0.880246913580247
spliceai_walker,pm12,0.6590546369552612,0.21602916717529297,91,9,0.4653123272526257,0.195218893129771,0.7666790186463116,0.7666790186463116,0.29733836209435877,0.880246913580247
spliceai_walker,pm12,0.6590555906295776,0.21603012084960938,91,9,0.4653123272526257,0.195218893129771,0.7666790186463116,0.7666790186463116,0.29733836209435877,0.880246913580247
spliceai_walker,pm12,0.6590576171875,0.21603214740753174,91,9,0.4653123272526257,0.195218893129771,0.7666790186463116,0.7666790186463116,0.29733836209435877,0.880246913580247
spliceai_walker,pm12,0.6590602993965149,0.21603482961654663,91,9,0.4653123272526257,0.195218893129771,0.7666790186463116,0.7666790186463116,0.29733836209435877,0.880246913580247
spliceai_walker,pm12,0.6601606607437134,0.21628254652023315,91,9,0.4653123272526257,0.19367588932806326,0.7871584015487187,0.7871584015487187,0.2973593570608496,0.8836409032902393
spliceai_walker,pm12,0.6692282557487488,0.20721495151519775,91,9,0.4653123272526257,0.19367588932806326,0.7871584015487187,0.7871584015487187,0.2973593570608496,0.8836409032902393
spliceai_walker,pm12,0.6693395376205444,0.2071036696434021,91,9,0.4653123272526257,0.19367588932806326,0.7871584015487187,0.7871584015487187,0.2973593570608496,0.8836409032902393
spliceai_walker,pm12,0.6693395972251892,0.20710361003875732,91,9,0.4653123272526257,0.19367588932806326,0.7871584015487187,0.7871584015487187,0.2973593570608496,0.8836409032902393
spliceai_walker,pm12,0.6693422198295593,0.2071009874343872,91,9,0.4653123272526257,0.19367588932806326,0.7871584015487187,0.7871584015487187,0.2973593570608496,0.8836409032902393
spliceai_walker,pm12,0.6693422794342041,0.20710092782974243,91,9,0.4653123272526257,0.19367588932806326,0.7871584015487187,0.7871584015487187,0.2973593570608496,0.8836409032902393
spliceai_walker,pm12,0.6693435907363892,0.20709961652755737,91,9,0.4653123272526257,0.19367588932806326,0.7871584015487187,0.7871584015487187,0.2973593570608496,0.8836409032902393
spliceai_walker,pm12,0.6778675317764282,0.1985756754875183,91,9,0.4653123272526257,0.19367588932806326,0.7871584015487187,0.7871584015487187,0.2973593570608496,0.8836409032902393
spliceai_walker,pm12,0.6781492829322815,0.19829392433166504,91,9,0.4653123272526257,0.19367588932806326,0.7871584015487187,0.7871584015487187,0.2973593570608496,0.8836409032902393
spliceai_walker,pm12,0.6782065033912659,0.19823670387268066,91,9,0.4653123272526257,0.19367588932806326,0.7871584015487187,0.7871584015487187,0.2973593570608496,0.8836409032902393
spliceai_walker,pm12,0.6782470941543579,0.19819611310958862,91,9,0.4653123272526257,0.19367588932806326,0.7871584015487187,0.7871584015487187,0.2973593570608496,0.8836409032902393
spliceai_walker,pm12,0.6782944202423096,0.19814878702163696,91,9,0.4653123272526257,0.19367588932806326,0.7871584015487187,0.7871584015487187,0.2973593570608496,0.8836409032902393
spliceai_walker,pm12,0.6782981753349304,0.1981450319290161,91,9,0.4653123272526257,0.19367588932806326,0.7871584015487187,0.7871584015487187,0.2973593570608496,0.8836409032902393
spliceai_walker,pm12,0.7191838026046753,0.1572931408882141,93,7,0.6114072494669509,0.20683332826588008,1.5535714285714286,1.5535714285714286,0.3691158156911582,1.3316793803376201
spliceai_walker,pm12,0.726428210735321,0.15004873275756836,93,7,0.6114072494669509,0.20683332826588008,1.5535714285714286,1.5535714285714286,0.3691158156911582,1.3316793803376201
spliceai_walker,pm12,0.726443886756897,0.15003305673599243,93,7,0.6114072494669509,0.20683332826588008,1.5535714285714286,1.5535714285714286,0.3691158156911582,1.3316793803376201
spliceai_walker,pm12,0.7264444828033447,0.15003246068954468,93,7,0.6114072494669509,0.20683332826588008,1.5535714285714286,1.5535714285714286,0.3691158156911582,1.3316793803376201
spliceai_walker,pm12,0.7264456748962402,0.15003126859664917,93,7,0.6114072494669509,0.20683332826588008,1.5535714285714286,1.5535714285714286,0.3691158156911582,1.3316793803376201
spliceai_walker,pm12,0.7264470458030701,0.15002989768981934,93,7,0.6114072494669509,0.20683332826588008,1.5535714285714286,1.5535714285714286,0.3691158156911582,1.3316793803376201
spliceai_walker,pm12,0.7370265126228333,0.14067959785461426,93,7,0.6114072494669509,0.21121349095966618,1.5520438263801095,1.5520438263801095,0.37023370233702335,1.3316852080758137
spliceai_walker,pm12,0.737110435962677,0.1405956745147705,93,7,0.6114072494669509,0.21121349095966618,1.5520438263801095,1.5520438263801095,0.37023370233702335,1.3316852080758137
spliceai_walker,pm12,0.737167477607727,0.14053863286972046,93,7,0.6114072494669509,0.21121349095966618,1.5520438263801095,1.5520438263801095,0.37023370233702335,1.3316852080758137
spliceai_walker,pm12,0.7372150421142578,0.1404910683631897,93,7,0.6114072494669509,0.21121349095966618,1.5520438263801095,1.5520438263801095,0.37023370233702335,1.3316852080758137
spliceai_walker,pm12,0.7372508645057678,0.1404552459716797,93,7,0.6114072494669509,0.21121349095966618,1.5520438263801095,1.5520438263801095,0.37023370233702335,1.3316852080758137
spliceai_walker,pm12,0.7372751235961914,0.1404309868812561,93,7,0.6114072494669509,0.21121349095966618,1.5520438263801095,1.5520438263801095,0.37023370233702335,1.3316852080758137
spliceai_walker,pm12,0.7373363971710205,0.140369713306427,93,7,0.6114072494669509,0.21121349095966618,1.5520438263801095,1.5520438263801095,0.37023370233702335,1.3316852080758137
spliceai_walker,pm12,0.7373594045639038,0.1403467059135437,93,7,0.6114072494669509,0.21121349095966618,1.5520438263801095,1.5520438263801095,0.37023370233702335,1.3316852080758137
spliceai_walker,pm12,0.7374452948570251,0.14026081562042236,93,7,0.6114072494669509,0.21121349095966618,1.5520438263801095,1.5520438263801095,0.37023370233702335,1.3316852080758137
spliceai_walker,pm12,0.7374456524848938,0.1402604579925537,93,7,0.6114072494669509,0.21121349095966618,1.5520438263801095,1.5520438263801095,0.37023370233702335,1.3316852080758137
spliceai_walker,pm12,0.7374545335769653,0.14025157690048218,93,7,0.6114072494669509,0.21121349095966618,1.5520438263801095,1.5520438263801095,0.37023370233702335,1.3316852080758137
spliceai_walker,pm12,0.7395161986351013,0.1381899118423462,93,7,0.6114072494669509,0.21121349095966618,1.5520438263801095,1.5520438263801095,0.37023370233702335,1.3316852080758137
spliceai_walker,pm12,0.7472190856933594,0.14148622751235962,93,7,0.6114072494669509,0.21121349095966618,1.5520438263801095,1.5520438263801095,0.37023370233702335,1.3316852080758137
spliceai_walker,pm12,0.7519447207450867,0.1392619013786316,94,6,0.7209784411276948,0.22465437788018433,3.049990293146961,3.049990293146961,0.421879548751335,1.7478470220774212
spliceai_walker,pm12,0.772209107875824,0.12397032976150513,94,6,0.7209784411276948,0.22465437788018433,3.032528856243442,3.032528856243442,0.42097711254205294,1.74228373015873
spliceai_walker,pm12,0.7722572088241577,0.12392222881317139,94,6,0.7209784411276948,0.22465437788018433,3.032528856243442,3.032528856243442,0.42097711254205294,1.74228373015873
spliceai_walker,pm12,0.7722727656364441,0.12390667200088501,94,6,0.7209784411276948,0.22465437788018433,3.032528856243442,3.032528856243442,0.42097711254205294,1.74228373015873
spliceai_walker,pm12,0.7722731232643127,0.12390631437301636,94,6,0.7209784411276948,0.22465437788018433,3.032528856243442,3.032528856243442,0.42097711254205294,1.74228373015873
spliceai_walker,pm12,0.7722758054733276,0.12390363216400146,94,6,0.7209784411276948,0.22465437788018433,3.032528856243442,3.032528856243442,0.42097711254205294,1.74228373015873
spliceai_walker,pm12,0.7722771763801575,0.12390226125717163,94,6,0.7209784411276948,0.22465437788018433,3.032528856243442,3.032528856243442,0.42097711254205294,1.74228373015873
spliceai_walker,pm12,0.7941096425056458,0.11078071594238281,93,7,0.6114072494669509,0.22867802376358282,1.804503021730744,1.804503021730744,0.37077268420872894,1.3358817900414013
spliceai_walker,pm12,0.7946231961250305,0.11026716232299805,93,7,0.6114072494669509,0.22867802376358282,1.804503021730744,1.804503021730744,0.37077268420872894,1.3358817900414013
spliceai_walker,pm12,0.7946954369544983,0.11019492149353027,93,7,0.6114072494669509,0.22867802376358282,1.804503021730744,1.804503021730744,0.37077268420872894,1.3358817900414013
spliceai_walker,pm12,0.7947153449058533,0.11017501354217529,93,7,0.6114072494669509,0.22867802376358282,1.804503021730744,1.804503021730744,0.37077268420872894,1.3358817900414013
spliceai_walker,pm12,0.7947165369987488,0.11017382144927979,93,7,0.6114072494669509,0.22867802376358282,1.804503021730744,1.804503021730744,0.37077268420872894,1.3358817900414013
spliceai_walker,pm12,0.7947201728820801,0.11017018556594849,93,7,0.6114072494669509,0.22867802376358282,1.804503021730744,1.804503021730744,0.37077268420872894,1.3358817900414013
spliceai_walker,pm12,0.8069994449615479,0.09789091348648071,93,7,0.6114072494669509,0.22867802376358282,1.804503021730744,1.804503021730744,0.37077268420872894,1.3358817900414013
spliceai_walker,pm12,0.8183001279830933,0.0899651050567627,93,7,0.6114072494669509,0.19629567736185383,1.9248318179015953,1.9248318179015953,0.371080532370855,1.3348235673484394
spliceai_walker,pm12,0.8242318034172058,0.08532291650772095,91,9,0.4653123272526257,0.18986042692939242,1.1912499999999995,1.1912499999999995,0.29724656862745097,0.8912666199667909
spliceai_walker,pm12,0.8271652460098267,0.08255088329315186,91,9,0.4653123272526257,0.1960385521989951,0.8335690711928335,0.8335690711928335,0.298207484222775,0.8696482681761301
spliceai_walker,pm12,0.8325384855270386,0.08173847198486328,92,8,0.529228855721393,0.23242759700324275,0.9797148541114057,0.9797148541114057,0.3314775579770631,1.0700359808102333
spliceai_walker,pm12,0.8326648473739624,0.08161211013793945,92,8,0.529228855721393,0.23242759700324275,0.9797148541114057,0.9797148541114057,0.3314775579770631,1.0700359808102333
spliceai_walker,pm12,0.8326732516288757,0.08160370588302612,92,8,0.529228855721393,0.23242759700324275,0.9797148541114057,0.9797148541114057,0.3314775579770631,1.0700359808102333
spliceai_walker,pm12,0.8326861262321472,0.08159083127975464,92,8,0.529228855721393,0.23242759700324275,0.9797148541114057,0.9797148541114057,0.3314775579770631,1.0700359808102333
spliceai_walker,pm12,0.8326975107192993,0.08157944679260254,92,8,0.529228855721393,0.23242759700324275,0.9797148541114057,0.9797148541114057,0.3314775579770631,1.0700359808102333
spliceai_walker,pm12,0.8327152729034424,0.08156168460845947,92,8,0.529228855721393,0.23242759700324275,0.9797148541114057,0.9797148541114057,0.3314775579770631,1.0700359808102333
spliceai_walker,pm12,0.8422264456748962,0.07403558492660522,92,8,0.529228855721393,0.23218462224771372,0.9788867562380037,0.9788867562380037,0.33034527807253494,1.0732919254658386
spliceai_walker,pm12,0.8422794342041016,0.0739825963973999,92,8,0.529228855721393,0.23218462224771372,0.9788867562380037,0.9788867562380037,0.33034527807253494,1.0732919254658386
spliceai_walker,pm12,0.8422926664352417,0.07396936416625977,92,8,0.529228855721393,0.23218462224771372,0.9788867562380037,0.9788867562380037,0.33034527807253494,1.0732919254658386
spliceai_walker,pm12,0.8423041701316833,0.07395786046981812,92,8,0.529228855721393,0.23218462224771372,0.9788867562380037,0.9788867562380037,0.33034527807253494,1.0732919254658386
spliceai_walker,pm12,0.8423053622245789,0.07395666837692261,92,8,0.529228855721393,0.23218462224771372,0.9788867562380037,0.9788867562380037,0.33034527807253494,1.0732919254658386
spliceai_walker,pm12,0.8423082828521729,0.07395374774932861,92,8,0.529228855721393,0.23218462224771372,0.9788867562380037,0.9788867562380037,0.33034527807253494,1.0732919254658386
spliceai_walker,pm12,0.8516159653663635,0.06817489862442017,92,8,0.529228855721393,0.24117142348045742,1.0496141124586549,1.0496141124586549,0.33039917238751415,1.0723608888422487
spliceai_walker,pm12,0.8564786314964294,0.06331223249435425,92,8,0.529228855721393,0.24117142348045742,1.0496141124586549,1.0496141124586549,0.33039917238751415,1.0723608888422487
spliceai_walker,pm12,0.857104480266571,0.06271034479141235,92,8,0.529228855721393,0.24120720902134515,1.0413797983648434,1.0413797983648434,0.33110507528572825,1.0710163111668758
spliceai_walker,pm12,0.8574764132499695,0.06278097629547119,92,8,0.529228855721393,0.2457226554745105,1.0582232893157264,1.0582232893157264,0.33124215809284824,1.0710457425221118
spliceai_walker,pm12,0.857749879360199,0.0630333423614502,92,8,0.529228855721393,0.2461074973248857,1.029095340335403,1.029095340335403,0.33111988513998564,1.0718749811567636
spliceai_walker,pm12,0.857831597328186,0.06311506032943726,92,8,0.529228855721393,0.2461074973248857,1.029095340335403,1.029095340335403,0.33111988513998564,1.0718749811567636
spliceai_walker,pm12,0.8582727909088135,0.06277263164520264,92,8,0.529228855721393,0.24903824988897685,1.031314789821186,1.031314789821186,0.3312577833125778,1.0680088914141335
spliceai_walker,pm12,0.8685521483421326,0.05617213249206543,93,7,0.6114072494669509,0.269649705994478,1.542726066563265,1.542726066563265,0.3733194544557671,1.323978492968262
spliceai_walker,pm12,0.870494544506073,0.054229736328125,93,7,0.6114072494669509,0.269649705994478,1.542726066563265,1.542726066563265,0.3733194544557671,1.323978492968262
spliceai_walker,pm12,0.8705359697341919,0.054188311100006104,93,7,0.6114072494669509,0.269649705994478,1.542726066563265,1.542726066563265,0.3733194544557671,1.323978492968262
spliceai_walker,pm12,0.8705593347549438,0.05416494607925415,93,7,0.6114072494669509,0.269649705994478,1.542726066563265,1.542726066563265,0.3733194544557671,1.323978492968262
spliceai_walker,pm12,0.8705959320068359,0.05412834882736206,93,7,0.6114072494669509,0.269649705994478,1.542726066563265,1.542726066563265,0.3733194544557671,1.323978492968262
spliceai_walker,pm12,0.8707066178321838,0.05401766300201416,93,7,0.6114072494669509,0.269649705994478,1.542726066563265,1.542726066563265,0.3733194544557671,1.323978492968262
spliceai_walker,pm12,0.8731653690338135,0.053589701652526855,93,7,0.6114072494669509,0.2661458333333333,1.4969844843639633,1.4969844843639633,0.37401843439579285,1.3251246882793017
spliceai_walker,pm12,0.8762485980987549,0.05100458860397339,93,7,0.6114072494669509,0.26317153493699885,1.508023106546855,1.508023106546855,0.37268990929705215,1.3316793803376201
spliceai_walker,pm12,0.8764199614524841,0.05083322525024414,93,7,0.6114072494669509,0.26317153493699885,1.508023106546855,1.508023106546855,0.37268990929705215,1.3316793803376201
spliceai_walker,pm12,0.8764312863349915,0.050821900367736816,93,7,0.6114072494669509,0.26317153493699885,1.508023106546855,1.508023106546855,0.37268990929705215,1.3316793803376201
spliceai_walker,pm12,0.8764432072639465,0.05080997943878174,93,7,0.6114072494669509,0.26317153493699885,1.508023106546855,1.508023106546855,0.37268990929705215,1.3316793803376201
spliceai_walker,pm12,0.8764602541923523,0.05079293251037598,93,7,0.6114072494669509,0.26317153493699885,1.508023106546855,1.508023106546855,0.37268990929705215,1.3316793803376201
spliceai_walker,pm12,0.8764769434928894,0.05077624320983887,93,7,0.6114072494669509,0.26317153493699885,1.508023106546855,1.508023106546855,0.37268990929705215,1.3316793803376201
spliceai_walker,pm12,0.8764789700508118,0.050774216651916504,93,7,0.6114072494669509,0.26317153493699885,1.508023106546855,1.508023106546855,0.37268990929705215,1.3316793803376201
spliceai_walker,pm12,0.8775961399078369,0.04975062608718872,93,7,0.6114072494669509,0.2697916666666667,1.5276391676158447,1.5276391676158447,0.3731465196352131,1.326736876064024
spliceai_walker,pm12,0.877685546875,0.049661219120025635,93,7,0.6114072494669509,0.2697916666666667,1.5276391676158447,1.5276391676158447,0.3731465196352131,1.326736876064024
spliceai_walker,pm12,0.8776930570602417,0.049653708934783936,93,7,0.6114072494669509,0.2697916666666667,1.5276391676158447,1.5276391676158447,0.3731465196352131,1.326736876064024
spliceai_walker,pm12,0.877701997756958,0.04964476823806763,93,7,0.6114072494669509,0.2697916666666667,1.5276391676158447,1.5276391676158447,0.3731465196352131,1.326736876064024
spliceai_walker,pm12,0.8777061104774475,0.049640655517578125,93,7,0.6114072494669509,0.2697916666666667,1.5276391676158447,1.5276391676158447,0.3731465196352131,1.326736876064024
spliceai_walker,pm12,0.8912066221237183,0.039590656757354736,93,7,0.6114072494669509,0.2490729295426452,1.6949720670391062,1.6949720670391062,0.3745183139781188,1.3214526140933727
spliceai_walker,pm12,0.8961794376373291,0.036741435527801514,92,8,0.529228855721393,0.27733559701211163,1.3319332159838422,1.3319332159838422,0.3310023661638568,1.0639336969583464
spliceai_walker,pm12,0.8968136310577393,0.03610724210739136,92,8,0.529228855721393,0.27733559701211163,1.3319332159838422,1.3319332159838422,0.3310023661638568,1.0639336969583464
spliceai_walker,pm12,0.89783775806427,0.035083115100860596,92,8,0.529228855721393,0.27733559701211163,1.3319332159838422,1.3319332159838422,0.3310023661638568,1.0639336969583464
spliceai_walker,pm12,0.8987452983856201,0.0341755747795105,92,8,0.529228855721393,0.27733559701211163,1.3319332159838422,1.3319332159838422,0.3310023661638568,1.0639336969583464
spliceai_walker,pm12,0.8987863063812256,0.03413456678390503,92,8,0.529228855721393,0.27733559701211163,1.3319332159838422,1.3319332159838422,0.3310023661638568,1.0639336969583464
spliceai_walker,pm12,0.89879310131073,0.034127771854400635,92,8,0.529228855721393,0.27733559701211163,1.3319332159838422,1.3319332159838422,0.3310023661638568,1.0639336969583464
spliceai_walker,pm12,0.8988210558891296,0.03409981727600098,92,8,0.529228855721393,0.27733559701211163,1.3319332159838422,1.3319332159838422,0.3310023661638568,1.0639336969583464
spliceai_walker,pm12,0.898834228515625,0.034086644649505615,92,8,0.529228855721393,0.27733559701211163,1.3319332159838422,1.3319332159838422,0.3310023661638568,1.0639336969583464
spliceai_walker,pm12,0.8996239304542542,0.033296942710876465,92,8,0.529228855721393,0.27733559701211163,1.3319332159838422,1.3319332159838422,0.3310023661638568,1.0639336969583464
spliceai_walker,pm12,0.8996288180351257,0.03329205513000488,92,8,0.529228855721393,0.27733559701211163,1.3319332159838422,1.3319332159838422,0.3310023661638568,1.0639336969583464
spliceai_walker,pm12,0.8996409177780151,0.03327995538711548,92,8,0.529228855721393,0.27733559701211163,1.3319332159838422,1.3319332159838422,0.3310023661638568,1.0639336969583464
spliceai_walker,pm12,0.8996492624282837,0.033271610736846924,92,8,0.529228855721393,0.27733559701211163,1.3319332159838422,1.3319332159838422,0.3310023661638568,1.0639336969583464
spliceai_walker,pm12,0.8996493816375732,0.03327149152755737,92,8,0.529228855721393,0.27733559701211163,1.3319332159838422,1.3319332159838422,0.3310023661638568,1.0639336969583464
spliceai_walker,pm12,0.9002278447151184,0.03269302845001221,92,8,0.529228855721393,0.27733559701211163,1.3319332159838422,1.3319332159838422,0.3310023661638568,1.0639336969583464
spliceai_walker,pm12,0.9041934609413147,0.03000396490097046,92,8,0.529228855721393,0.2890114813791215,1.2820512820512822,1.2820512820512822,0.33154248562901595,1.060419235511714
spliceai_walker,pm12,0.9045025706291199,0.029694855213165283,92,8,0.529228855721393,0.2890114813791215,1.2820512820512822,1.2820512820512822,0.33154248562901595,1.060419235511714
spliceai_walker,pm12,0.9046958684921265,0.02950155735015869,92,8,0.529228855721393,0.2890114813791215,1.2820512820512822,1.2820512820512822,0.33154248562901595,1.060419235511714
spliceai_walker,pm12,0.9046967625617981,0.02950066328048706,92,8,0.529228855721393,0.2890114813791215,1.2820512820512822,1.2820512820512822,0.33154248562901595,1.060419235511714
spliceai_walker,pm12,0.9046972393989563,0.029500186443328857,92,8,0.529228855721393,0.2890114813791215,1.2820512820512822,1.2820512820512822,0.33154248562901595,1.060419235511714
spliceai_walker,pm12,0.9046974182128906,0.02950000762939453,92,8,0.529228855721393,0.2890114813791215,1.2820512820512822,1.2820512820512822,0.33154248562901595,1.060419235511714
spliceai_walker,pm12,0.9046974778175354,0.029499948024749756,92,8,0.529228855721393,0.2890114813791215,1.2820512820512822,1.2820512820512822,0.33154248562901595,1.060419235511714
spliceai_walker,pm12,0.9048635363578796,0.029333889484405518,92,8,0.529228855721393,0.2890114813791215,1.2820512820512822,1.2820512820512822,0.33154248562901595,1.060419235511714
spliceai_walker,pm12,0.9048818945884705,0.029315531253814697,92,8,0.529228855721393,0.2890114813791215,1.2820512820512822,1.2820512820512822,0.33154248562901595,1.060419235511714
spliceai_walker,pm12,0.904885470867157,0.029311954975128174,92,8,0.529228855721393,0.2890114813791215,1.2820512820512822,1.2820512820512822,0.33154248562901595,1.060419235511714
spliceai_walker,pm12,0.9048903584480286,0.029307067394256592,92,8,0.529228855721393,0.2890114813791215,1.2820512820512822,1.2820512820512822,0.33154248562901595,1.060419235511714
spliceai_walker,pm12,0.904891312122345,0.029306113719940186,92,8,0.529228855721393,0.2890114813791215,1.2820512820512822,1.2820512820512822,0.33154248562901595,1.060419235511714
spliceai_walker,pm12,0.9057947397232056,0.02933448553085327,92,8,0.529228855721393,0.2818352059925094,1.275183662917206,1.275183662917206,0.3321421841349605,1.063816604708798
spliceai_walker,pm12,0.9080389142036438,0.0303458571434021,92,8,0.529228855721393,0.27297460502602794,1.2812702281945183,1.2812702281945183,0.3323657802691399,1.063816604708798
spliceai_walker,pm12,0.9082099795341492,0.03051692247390747,92,8,0.529228855721393,0.27297460502602794,1.2812702281945183,1.2812702281945183,0.3323657802691399,1.063816604708798
spliceai_walker,pm12,0.9082462787628174,0.030553221702575684,92,8,0.529228855721393,0.27297460502602794,1.2812702281945183,1.2812702281945183,0.3323657802691399,1.063816604708798
spliceai_walker,pm12,0.908265233039856,0.030572175979614258,92,8,0.529228855721393,0.27297460502602794,1.2812702281945183,1.2812702281945183,0.3323657802691399,1.063816604708798
spliceai_walker,pm12,0.9082790017127991,0.030585944652557373,92,8,0.529228855721393,0.27297460502602794,1.2812702281945183,1.2812702281945183,0.3323657802691399,1.063816604708798
spliceai_walker,pm12,0.9082857370376587,0.030592679977416992,92,8,0.529228855721393,0.27297460502602794,1.2812702281945183,1.2812702281945183,0.3323657802691399,1.063816604708798
spliceai_walker,pm12,0.9086454510688782,0.030943453311920166,92,8,0.529228855721393,0.26837725381414707,1.3046703085327382,1.3046703085327382,0.33229400392085784,1.061881188118812
spliceai_walker,pm12,0.9087629318237305,0.03106093406677246,92,8,0.529228855721393,0.26837725381414707,1.3046703085327382,1.3046703085327382,0.33229400392085784,1.061881188118812
spliceai_walker,pm12,0.9087868332862854,0.031084835529327393,92,8,0.529228855721393,0.26837725381414707,1.3046703085327382,1.3046703085327382,0.33229400392085784,1.061881188118812
spliceai_walker,pm12,0.908863365650177,0.031161367893218994,92,8,0.529228855721393,0.26837725381414707,1.3046703085327382,1.3046703085327382,0.33229400392085784,1.061881188118812
spliceai_walker,pm12,0.9090253114700317,0.03131920099258423,92,8,0.529228855721393,0.2679121545929799,1.324766355140187,1.324766355140187,0.33140936468646864,1.062197041415563
spliceai_walker,pm12,0.9092167019844055,0.0313105583190918,92,8,0.529228855721393,0.2652565880721221,1.3865546218487395,1.3865546218487395,0.331690759110114,1.0654013501597615
spliceai_walker,pm12,0.9093894362449646,0.031137824058532715,92,8,0.529228855721393,0.2652565880721221,1.3865546218487395,1.3865546218487395,0.331690759110114,1.0654013501597615
spliceai_walker,pm12,0.9094986319541931,0.0310286283493042,92,8,0.529228855721393,0.2652565880721221,1.3865546218487395,1.3865546218487395,0.331690759110114,1.0654013501597615
spliceai_walker,pm12,0.9095547199249268,0.030972540378570557,92,8,0.529228855721393,0.2652565880721221,1.3865546218487395,1.3865546218487395,0.331690759110114,1.0654013501597615
spliceai_walker,pm12,0.9097161293029785,0.0308111310005188,92,8,0.529228855721393,0.2652565880721221,1.3865546218487395,1.3865546218487395,0.331690759110114,1.0654013501597615
spliceai_walker,pm12,0.9142769575119019,0.02625030279159546,92,8,0.529228855721393,0.2652565880721221,1.3865546218487395,1.3865546218487395,0.331690759110114,1.0654013501597615
spliceai_walker,pm12,0.9162620306015015,0.025055408477783203,92,8,0.529228855721393,0.2652565880721221,1.3865546218487395,1.3865546218487395,0.331690759110114,1.0654013501597615
spliceai_walker,pm12,0.9173575043678284,0.02398580312728882,92,8,0.529228855721393,0.26945153061224486,1.3792835448922898,1.3792835448922898,0.3328376703841388,1.063820563555244
spliceai_walker,pm12,0.9180535078048706,0.023289799690246582,92,8,0.529228855721393,0.26945153061224486,1.3792835448922898,1.3792835448922898,0.3328376703841388,1.063820563555244
spliceai_walker,pm12,0.9189484119415283,0.022601544857025146,92,8,0.529228855721393,0.2731629392971246,1.3841236314051575,1.3841236314051575,0.33125700205159136,1.0621469146977118
spliceai_walker,pm12,0.9194175004959106,0.022142350673675537,93,7,0.6114072494669509,0.36363636363636365,1.4126088960234642,1.4126088960234642,0.3712744036245394,1.345292737271262
spliceai_walker,pm12,0.9195929169654846,0.021966934204101562,93,7,0.6114072494669509,0.36363636363636365,1.4126088960234642,1.4126088960234642,0.3712744036245394,1.345292737271262
spliceai_walker,pm12,0.9197908639907837,0.02184838056564331,93,7,0.6114072494669509,0.3686868686868687,1.4036361706080631,1.4036361706080631,0.37151081167478783,1.3408053134080533
spliceai_walker,pm12,0.9198148250579834,0.021824419498443604,93,7,0.6114072494669509,0.3686868686868687,1.4036361706080631,1.4036361706080631,0.37151081167478783,1.3408053134080533
spliceai_walker,pm12,0.9198193550109863,0.021819889545440674,93,7,0.6114072494669509,0.3686868686868687,1.4036361706080631,1.4036361706080631,0.37151081167478783,1.3408053134080533
spliceai_walker,pm12,0.9204071164131165,0.021572887897491455,93,7,0.6114072494669509,0.3579364815430662,1.4981801452698815,1.4981801452698815,0.37211221122112215,1.339552140793275
spliceai_walker,pm12,0.9204859137535095,0.02165168523788452,93,7,0.6114072494669509,0.3579364815430662,1.4981801452698815,1.4981801452698815,0.37211221122112215,1.339552140793275
spliceai_walker,pm12,0.9210434556007385,0.021287262439727783,94,6,0.7209784411276948,0.3744292237442922,1.6199770378874856,1.6199770378874856,0.42312138626373796,1.7767983164631571
spliceai_walker,pm12,0.9210454225540161,0.021285295486450195,94,6,0.7209784411276948,0.3744292237442922,1.6199770378874856,1.6199770378874856,0.42312138626373796,1.7767983164631571
spliceai_walker,pm12,0.924724280834198,0.019603431224822998,94,6,0.7209784411276948,0.32641934336849593,1.752717391304348,1.752717391304348,0.4213086255192623,1.7695264992020696
spliceai_walker,pm12,0.9267550706863403,0.018545091152191162,94,6,0.7209784411276948,0.3323351700134573,1.7446808510638299,1.7446808510638299,0.42121588089330025,1.756188118811881
spliceai_walker,pm12,0.9272531867027283,0.0190432071685791,94,6,0.7209784411276948,0.3323351700134573,1.7446808510638299,1.7446808510638299,0.42121588089330025,1.756188118811881
spliceai_walker,pm12,0.9273467659950256,0.019136786460876465,94,6,0.7209784411276948,0.3323351700134573,1.7446808510638299,1.7446808510638299,0.42121588089330025,1.756188118811881
spliceai_walker,pm12,0.9274044036865234,0.019118666648864746,94,6,0.7209784411276948,0.3531694695989651,1.6302015503875966,1.6302015503875966,0.42218555045321343,1.7595833333333335
spliceai_walker,pm12,0.9275450706481934,0.019259333610534668,94,6,0.7209784411276948,0.3531694695989651,1.6302015503875966,1.6302015503875966,0.42218555045321343,1.7595833333333335
spliceai_walker,pm12,0.9275539517402649,0.0192682147026062,94,6,0.7209784411276948,0.3531694695989651,1.6302015503875966,1.6302015503875966,0.42218555045321343,1.7595833333333335
spliceai_walker,pm12,0.9275822639465332,0.01929652690887451,94,6,0.7209784411276948,0.3531694695989651,1.6302015503875966,1.6302015503875966,0.42218555045321343,1.7595833333333335
spliceai_walker,pm12,0.9279847741127014,0.019121408462524414,95,5,0.8743781094527363,0.6953937592867756,1.6337182688306278,1.6337182688306278,0.4898577612863327,2.5157035175879394
spliceai_walker,pm12,0.9279971718788147,0.019133806228637695,95,5,0.8743781094527363,0.6953937592867756,1.6337182688306278,1.6337182688306278,0.4898577612863327,2.5157035175879394
spliceai_walker,pm12,0.928280770778656,0.019255459308624268,96,4,1.1044776119402984,0.7753623188405798,2.9835017775520565,2.9835017775520565,0.5774625935162095,3.962318934575322
spliceai_walker,pm12,0.9291118383407593,0.019613206386566162,95,5,0.8743781094527363,0.6022339492247646,2.8230088495575223,2.8230088495575223,0.4893882646691635,2.5554171855541723
spliceai_walker,pm12,0.9296868443489075,0.020132124423980713,95,5,0.8743781094527363,0.6125237153615148,2.7514299777479256,2.7514299777479256,0.4900915468431265,2.54955958378987
spliceai_walker,pm12,0.9297213554382324,0.020166635513305664,95,5,0.8743781094527363,0.6125237153615148,2.7514299777479256,2.7514299777479256,0.4900915468431265,2.54955958378987
spliceai_walker,pm12,0.9301993250846863,0.02064460515975952,95,5,0.8743781094527363,0.6125237153615148,2.7514299777479256,2.7514299777479256,0.4900915468431265,2.54955958378987
spliceai_walker,pm12,0.9306281805038452,0.021073460578918457,95,5,0.8743781094527363,0.6125237153615148,2.7514299777479256,2.7514299777479256,0.4900915468431265,2.54955958378987
spliceai_walker,pm12,0.9308788776397705,0.021060824394226074,96,4,1.1044776119402984,0.6216361312711057,3.7672090112640806,3.7672090112640806,0.5871916767643387,3.964578891257992
spliceai_walker,pm12,0.9327324032783508,0.019207298755645752,96,4,1.1044776119402984,0.6216361312711057,3.7672090112640806,3.7672090112640806,0.5871916767643387,3.964578891257992
spliceai_walker,pm12,0.9328929781913757,0.01904672384262085,96,4,1.1044776119402984,0.6216361312711057,3.7672090112640806,3.7672090112640806,0.5871916767643387,3.964578891257992
spliceai_walker,pm12,0.9329158663749695,0.0190238356590271,96,4,1.1044776119402984,0.6216361312711057,3.7672090112640806,3.7672090112640806,0.5871916767643387,3.964578891257992
spliceai_walker,pm12,0.9329190850257874,0.01902061700820923,96,4,1.1044776119402984,0.6216361312711057,3.7672090112640806,3.7672090112640806,0.5871916767643387,3.964578891257992
spliceai_walker,pm12,0.9329206347465515,0.01901906728744507,96,4,1.1044776119402984,0.6216361312711057,3.7672090112640806,3.7672090112640806,0.5871916767643387,3.964578891257992
spliceai_walker,pm12,0.9329208731651306,0.019018828868865967,96,4,1.1044776119402984,0.6216361312711057,3.7672090112640806,3.7672090112640806,0.5871916767643387,3.964578891257992
spliceai_walker,pm12,0.9332040548324585,0.01892709732055664,96,4,1.1044776119402984,0.6216361312711057,3.7672090112640806,3.7672090112640806,0.5871916767643387,3.964578891257992
spliceai_walker,pm12,0.9332190155982971,0.018942058086395264,96,4,1.1044776119402984,0.6216361312711057,3.7672090112640806,3.7672090112640806,0.5871916767643387,3.964578891257992
spliceai_walker,pm12,0.9332212805747986,0.01894432306289673,96,4,1.1044776119402984,0.6216361312711057,3.7672090112640806,3.7672090112640806,0.5871916767643387,3.964578891257992
spliceai_walker,pm12,0.9332222938537598,0.01894533634185791,96,4,1.1044776119402984,0.6216361312711057,3.7672090112640806,3.7672090112640806,0.5871916767643387,3.964578891257992
spliceai_walker,pm12,0.9332253932952881,0.01894843578338623,96,4,1.1044776119402984,0.6216361312711057,3.7672090112640806,3.7672090112640806,0.5871916767643387,3.964578891257992
spliceai_walker,pm12,0.9332264065742493,0.018949449062347412,96,4,1.1044776119402984,0.6216361312711057,3.7672090112640806,3.7672090112640806,0.5871916767643387,3.964578891257992
spliceai_walker,pm12,0.9341974258422852,0.01872628927230835,96,4,1.1044776119402984,0.6086956521739131,3.8610424408592405,3.8610424408592405,0.5887666370896185,3.9616336633663365
spliceai_walker,pm12,0.9342502355575562,0.018673479557037354,96,4,1.1044776119402984,0.6086956521739131,3.8610424408592405,3.8610424408592405,0.5887666370896185,3.9616336633663365
spliceai_walker,pm12,0.9342532753944397,0.01867043972015381,96,4,1.1044776119402984,0.6086956521739131,3.8610424408592405,3.8610424408592405,0.5887666370896185,3.9616336633663365
spliceai_walker,pm12,0.9342552423477173,0.01866847276687622,96,4,1.1044776119402984,0.6086956521739131,3.8610424408592405,3.8610424408592405,0.5887666370896185,3.9616336633663365
spliceai_walker,pm12,0.9342561364173889,0.01866757869720459,96,4,1.1044776119402984,0.6086956521739131,3.8610424408592405,3.8610424408592405,0.5887666370896185,3.9616336633663365
spliceai_walker,pm12,0.9353327751159668,0.019070744514465332,96,4,1.1044776119402984,0.6086956521739131,3.8610424408592405,3.8610424408592405,0.5887666370896185,3.9616336633663365
spliceai_walker,pm12,0.9353404641151428,0.019078433513641357,96,4,1.1044776119402984,0.6086956521739131,3.8610424408592405,3.8610424408592405,0.5887666370896185,3.9616336633663365
spliceai_walker,pm12,0.9363058805465698,0.018948376178741455,96,4,1.1044776119402984,0.6036570563526268,3.899103139013453,3.899103139013453,0.5881515744529444,3.9616336633663365
spliceai_walker,pm12,0.9382386207580566,0.018859565258026123,96,4,1.1044776119402984,0.6015304027201273,3.933943089430895,3.933943089430895,0.5864857770997846,3.980124223602485
spliceai_walker,pm12,0.938357949256897,0.018765032291412354,96,4,1.1044776119402984,0.592391304347826,3.9675399962356477,3.9675399962356477,0.5862017069879725,3.980738904952033
spliceai_walker,pm12,0.9393594861030579,0.018316030502319336,96,4,1.1044776119402984,0.5706521739130436,4.190673271675736,4.190673271675736,0.5851101634683724,3.9648383829487326
spliceai_walker,pm12,0.9401440024375916,0.017656266689300537,96,4,1.1044776119402984,0.5496494549962195,4.31413612565445,4.31413612565445,0.583445308816596,3.96041129902953
spliceai_walker,pm12,0.9405272603034973,0.017273008823394775,96,4,1.1044776119402984,0.5496494549962195,4.31413612565445,4.31413612565445,0.583445308816596,3.96041129902953
spliceai_walker,pm12,0.9413433074951172,0.016557633876800537,96,4,1.1044776119402984,0.5448877805486284,4.3462897526501765,4.3462897526501765,0.5845708812843539,3.960346964064436
spliceai_walker,pm12,0.9415499567985535,0.016350984573364258,96,4,1.1044776119402984,0.5448877805486284,4.3462897526501765,4.3462897526501765,0.5845708812843539,3.960346964064436
spliceai_walker,pm12,0.9415598511695862,0.016341090202331543,96,4,1.1044776119402984,0.5448877805486284,4.3462897526501765,4.3462897526501765,0.5845708812843539,3.960346964064436
spliceai_walker,pm12,0.941639244556427,0.016261696815490723,96,4,1.1044776119402984,0.5448877805486284,4.3462897526501765,4.3462897526501765,0.5845708812843539,3.960346964064436
spliceai_walker,pm12,0.9416974782943726,0.016203463077545166,96,4,1.1044776119402984,0.5448877805486284,4.3462897526501765,4.3462897526501765,0.5845708812843539,3.960346964064436
spliceai_walker,pm12,0.9417223334312439,0.016178607940673828,96,4,1.1044776119402984,0.5448877805486284,4.3462897526501765,4.3462897526501765,0.5845708812843539,3.960346964064436
spliceai_walker,pm12,0.9417794942855835,0.01612144708633423,96,4,1.1044776119402984,0.5448877805486284,4.3462897526501765,4.3462897526501765,0.5845708812843539,3.960346964064436
spliceai_walker,pm12,0.941887378692627,0.01601356267929077,96,4,1.1044776119402984,0.5448877805486284,4.3462897526501765,4.3462897526501765,0.5845708812843539,3.960346964064436
spliceai_walker,pm12,0.9422032833099365,0.0156976580619812,96,4,1.1044776119402984,0.5448877805486284,4.3462897526501765,4.3462897526501765,0.5845708812843539,3.960346964064436
spliceai_walker,pm12,0.9422226548194885,0.0156782865524292,96,4,1.1044776119402984,0.5448877805486284,4.3462897526501765,4.3462897526501765,0.5845708812843539,3.960346964064436
spliceai_walker,pm12,0.9422488808631897,0.015652060508728027,96,4,1.1044776119402984,0.5448877805486284,4.3462897526501765,4.3462897526501765,0.5845708812843539,3.960346964064436
spliceai_walker,pm12,0.9422515630722046,0.015649378299713135,96,4,1.1044776119402984,0.5448877805486284,4.3462897526501765,4.3462897526501765,0.5845708812843539,3.960346964064436
spliceai_walker,pm12,0.9422537088394165,0.01564723253250122,96,4,1.1044776119402984,0.5448877805486284,4.3462897526501765,4.3462897526501765,0.5845708812843539,3.960346964064436
spliceai_walker,pm12,0.9423307180404663,0.015575647354125977,96,4,1.1044776119402984,0.5448877805486284,4.3462897526501765,4.3462897526501765,0.5845708812843539,3.960346964064436
spliceai_walker,pm12,0.9424976110458374,0.01548612117767334,96,4,1.1044776119402984,0.5412850670558804,4.3992932862190814,4.3992932862190814,0.5856152257179654,3.9516129032258065
spliceai_walker,pm12,0.9425411224365234,0.015442609786987305,96,4,1.1044776119402984,0.5412850670558804,4.3992932862190814,4.3992932862190814,0.5856152257179654,3.9516129032258065
spliceai_walker,pm12,0.942729651927948,0.015325367450714111,96,4,1.1044776119402984,0.535992054954512,4.3992932862190814,4.3992932862190814,0.5854670702890398,3.951804535292236
spliceai_walker,pm12,0.9427726864814758,0.015296399593353271,96,4,1.1044776119402984,0.5391705069124424,4.412349435961699,4.412349435961699,0.5851050962120614,3.960346964064436
spliceai_walker,pm12,0.9428282976150513,0.015247762203216553,96,4,1.1044776119402984,0.532608695652174,4.47029702970297,4.47029702970297,0.5853960396039604,3.9516923565866824
spliceai_walker,pm12,0.9428387880325317,0.015246450901031494,96,4,1.1044776119402984,0.5271739130434783,4.496077107710769,4.496077107710769,0.5859821428571428,3.9567854485299083
spliceai_walker,pm12,0.942884624004364,0.015200614929199219,96,4,1.1044776119402984,0.5271739130434783,4.496077107710769,4.496077107710769,0.5859821428571428,3.9567854485299083
spliceai_walker,pm12,0.943166971206665,0.01501476764678955,96,4,1.1044776119402984,0.5108695652173914,4.623406720741599,4.623406720741599,0.5849109614051194,3.9581431060919723
spliceai_walker,pm12,0.9440028667449951,0.014382719993591309,96,4,1.1044776119402984,0.5108695652173914,4.535341830822712,4.535341830822712,0.5855823782927744,3.9555624227441277
spliceai_walker,pm12,0.9440075755119324,0.014378011226654053,96,4,1.1044776119402984,0.5108695652173914,4.535341830822712,4.535341830822712,0.5855823782927744,3.9555624227441277
spliceai_walker,pm12,0.944208562374115,0.01452171802520752,96,4,1.1044776119402984,0.5108695652173914,4.535341830822712,4.535341830822712,0.5855823782927744,3.9555624227441277
spliceai_walker,pm12,0.9442885518074036,0.01459801197052002,96,4,1.1044776119402984,0.5222773661400811,4.391359491196158,4.391359491196158,0.5859888814016172,3.9419753086419753
spliceai_walker,pm12,0.944327712059021,0.014606356620788574,96,4,1.1044776119402984,0.5222773661400811,4.391359491196158,4.391359491196158,0.5859888814016172,3.9419753086419753
spliceai_walker,pm12,0.9443356990814209,0.014614343643188477,96,4,1.1044776119402984,0.5222773661400811,4.391359491196158,4.391359491196158,0.5859888814016172,3.9419753086419753
spliceai_walker,pm12,0.9443439841270447,0.014622628688812256,96,4,1.1044776119402984,0.5222773661400811,4.391359491196158,4.391359491196158,0.5859888814016172,3.9419753086419753
spliceai_walker,pm12,0.9464966654777527,0.014159858226776123,96,4,1.1044776119402984,0.5434782608695652,4.2408547514511685,4.2408547514511685,0.5862093262793202,3.9390563714171343
spliceai_walker,pm12,0.9465078711509705,0.01414865255355835,96,4,1.1044776119402984,0.5434782608695652,4.2408547514511685,4.2408547514511685,0.5862093262793202,3.9390563714171343
spliceai_walker,pm12,0.9465165138244629,0.014140009880065918,96,4,1.1044776119402984,0.5434782608695652,4.2408547514511685,4.2408547514511685,0.5862093262793202,3.9390563714171343
spliceai_walker,pm12,0.9465184211730957,0.014138102531433105,96,4,1.1044776119402984,0.5434782608695652,4.2408547514511685,4.2408547514511685,0.5862093262793202,3.9390563714171343
spliceai_walker,pm12,0.9469524621963501,0.014036595821380615,97,3,1.4879767827529022,0.7311786085150571,4.2408547514511685,4.2408547514511685,0.7345709388185655,4.789950687422946
spliceai_walker,pm12,0.9470276236534119,0.014111757278442383,97,3,1.4879767827529022,0.7311786085150571,4.2408547514511685,4.2408547514511685,0.7345709388185655,4.789950687422946
spliceai_walker,pm12,0.9470353722572327,0.014119505882263184,97,3,1.4879767827529022,0.7311786085150571,4.2408547514511685,4.2408547514511685,0.7345709388185655,4.789950687422946
spliceai_walker,pm12,0.9470710158348083,0.014155149459838867,97,3,1.4879767827529022,0.7311786085150571,4.2408547514511685,4.2408547514511685,0.7345709388185655,4.789950687422946
spliceai_walker,pm12,0.9473084211349487,0.014392554759979248,97,3,1.4879767827529022,0.7311786085150571,4.2408547514511685,4.2408547514511685,0.7345709388185655,4.789950687422946
spliceai_walker,pm12,0.9476884007453918,0.014772534370422363,97,3,1.4879767827529022,0.7311786085150571,4.2408547514511685,4.2408547514511685,0.7345709388185655,4.789950687422946
spliceai_walker,pm12,0.948030948638916,0.015111863613128662,97,3,1.4879767827529022,0.7144477268816968,4.324942791762014,4.324942791762014,0.7341573546596553,4.794007490636704
spliceai_walker,pm12,0.9485098123550415,0.015305757522583008,98,2,2.2549751243781095,1.0264440974636138,4.5757924807544486,4.5757924807544486,0.9838407750302747,5.349127182044888
spliceai_walker,pm12,0.9497013688087463,0.015445232391357422,98,2,2.2549751243781095,0.9401947148817803,5.004398826979472,5.004398826979472,0.9791075479964325,5.343320848938826
spliceai_walker,pm12,0.951760470867157,0.01369863748550415,98,2,2.2549751243781095,0.9390055152734431,4.948588405759809,4.948588405759809,0.9789759092852105,5.347447073474472
spliceai_walker,pm12,0.9519397020339966,0.01358175277709961,98,2,2.2549751243781095,0.9318181818181818,4.99009900990099,4.99009900990099,0.980183093686253,5.342508508200365
spliceai_walker,pm12,0.9529237151145935,0.012767493724822998,98,2,2.2549751243781095,0.9359557185194799,4.961248073959937,4.961248073959937,0.9848208614037047,5.334586466165414
spliceai_walker,pm12,0.9544693231582642,0.01232147216796875,98,2,2.2549751243781095,0.9667077681874229,4.836871508379888,4.836871508379888,0.9862284990983493,5.343320848938826
spliceai_walker,pm12,0.9558066129684448,0.011908173561096191,98,2,2.2549751243781095,0.9525600604753213,4.784522042548759,4.784522042548759,0.9843088418430884,5.381132075471698
spliceai_walker,pm12,0.9569798111915588,0.011033892631530762,98,2,2.2549751243781095,0.9393346379647749,4.805456499285333,4.805456499285333,0.9880856374807988,5.377751474666978
spliceai_walker,pm12,0.9570981860160828,0.010915517807006836,98,2,2.2549751243781095,0.9393346379647749,4.805456499285333,4.805456499285333,0.9880856374807988,5.377751474666978
spliceai_walker,pm12,0.9571079611778259,0.010905742645263672,98,2,2.2549751243781095,0.9393346379647749,4.805456499285333,4.805456499285333,0.9880856374807988,5.377751474666978
spliceai_walker,pm12,0.9572626352310181,0.01076596975326538,98,2,2.2549751243781095,0.9393346379647749,4.805456499285333,4.805456499285333,0.9880856374807988,5.377751474666978
spliceai_walker,pm12,0.9573400020599365,0.010843336582183838,98,2,2.2549751243781095,0.9393346379647749,4.805456499285333,4.805456499285333,0.9880856374807988,5.377751474666978
spliceai_walker,pm12,0.9573471546173096,0.010850489139556885,98,2,2.2549751243781095,0.9393346379647749,4.805456499285333,4.805456499285333,0.9880856374807988,5.377751474666978
spliceai_walker,pm12,0.9573796391487122,0.010882973670959473,98,2,2.2549751243781095,0.9393346379647749,4.805456499285333,4.805456499285333,0.9880856374807988,5.377751474666978
spliceai_walker,pm12,0.9575180411338806,0.011010169982910156,98,2,2.2549751243781095,0.9344166519875522,4.8322679579513945,4.8322679579513945,0.987289872898729,5.361702127659575
spliceai_walker,pm12,0.9576146006584167,0.011106729507446289,98,2,2.2549751243781095,0.9344166519875522,4.8322679579513945,4.8322679579513945,0.987289872898729,5.361702127659575
spliceai_walker,pm12,0.9576835632324219,0.011167049407958984,98,2,2.2549751243781095,0.9425998320826993,4.830284552845528,4.830284552845528,0.9880856374807988,5.361925102084673
spliceai_walker,pm12,0.9578002691268921,0.011281847953796387,98,2,2.2549751243781095,0.9425998320826993,4.830284552845528,4.830284552845528,0.9880856374807988,5.38125
spliceai_walker,pm12,0.9579009413719177,0.011382520198822021,98,2,2.2549751243781095,0.9425998320826993,4.830284552845528,4.830284552845528,0.9880856374807988,5.38125
spliceai_walker,pm12,0.9579837322235107,0.011465311050415039,98,2,2.2549751243781095,0.9425998320826993,4.830284552845528,4.830284552845528,0.9880856374807988,5.38125
spliceai_walker,pm12,0.9579847455024719,0.01146632432937622,98,2,2.2549751243781095,0.9425998320826993,4.830284552845528,4.830284552845528,0.9880856374807988,5.38125
spliceai_walker,pm12,0.9580550193786621,0.011536598205566406,98,2,2.2549751243781095,0.9425998320826993,4.830284552845528,4.830284552845528,0.9880856374807988,5.38125
spliceai_walker,pm12,0.9580690860748291,0.011550664901733398,98,2,2.2549751243781095,0.9425998320826993,4.830284552845528,4.830284552845528,0.9880856374807988,5.38125
spliceai_walker,pm12,0.9580751061439514,0.011556684970855713,98,2,2.2549751243781095,0.9425998320826993,4.830284552845528,4.830284552845528,0.9880856374807988,5.38125
spliceai_walker,pm12,0.9580760598182678,0.01155763864517212,98,2,2.2549751243781095,0.9425998320826993,4.830284552845528,4.830284552845528,0.9880856374807988,5.38125
spliceai_walker,pm12,0.9580852389335632,0.01156681776046753,98,2,2.2549751243781095,0.9425998320826993,4.830284552845528,4.830284552845528,0.9880856374807988,5.38125
spliceai_walker,pm12,0.958112895488739,0.01159447431564331,98,2,2.2549751243781095,0.9425998320826993,4.830284552845528,4.830284552845528,0.9880856374807988,5.38125
spliceai_walker,pm12,0.9581817388534546,0.011663317680358887,98,2,2.2549751243781095,0.9425998320826993,4.830284552845528,4.830284552845528,0.9880856374807988,5.38125
spliceai_walker,pm12,0.9582582712173462,0.011739850044250488,98,2,2.2549751243781095,0.9425998320826993,4.830284552845528,4.830284552845528,0.9880856374807988,5.38125
spliceai_walker,pm12,0.9583855867385864,0.011867165565490723,98,2,2.2549751243781095,0.9425998320826993,4.830284552845528,4.830284552845528,0.9880856374807988,5.38125
spliceai_walker,pm12,0.9588865637779236,0.011858940124511719,98,2,2.2549751243781095,0.9416800171420104,4.852941176470589,4.852941176470589,0.9838509316770186,5.386740939249886
spliceai_walker,pm12,0.9592519998550415,0.012216627597808838,98,2,2.2549751243781095,0.9491624888324462,4.902273862541069,4.902273862541069,0.9821428571428572,5.381273857947433
spliceai_walker,pm12,0.9606336355209351,0.011161625385284424,100,0,4.726368159203981,1.7986577181208054,7.276608393445575,7.276608393445575,3.3886838868388685,6.2428035043804755
spliceai_walker,pm12,0.9606500267982483,0.011145234107971191,100,0,4.726368159203981,1.7986577181208054,7.276608393445575,7.276608393445575,3.3886838868388685,6.2428035043804755
spliceai_walker,pm12,0.9606565237045288,0.011138737201690674,100,0,4.726368159203981,1.7986577181208054,7.276608393445575,7.276608393445575,3.3886838868388685,6.2428035043804755
spliceai_walker,pm12,0.9606573581695557,0.011137902736663818,100,0,4.726368159203981,1.7986577181208054,7.276608393445575,7.276608393445575,3.3886838868388685,6.2428035043804755
spliceai_walker,pm12,0.9606578946113586,0.01113736629486084,100,0,4.726368159203981,1.7986577181208054,7.276608393445575,7.276608393445575,3.3886838868388685,6.2428035043804755
spliceai_walker,pm12,0.9628961086273193,0.009803354740142822,100,0,4.726368159203981,1.9328859060402686,6.854214123006834,6.854214123006834,3.399014778325123,6.241206030150754
spliceai_walker,pm12,0.9633442163467407,0.009355247020721436,100,0,4.726368159203981,1.9328859060402686,6.854214123006834,6.854214123006834,3.399014778325123,6.241206030150754
spliceai_walker,pm12,0.9634373188018799,0.009262144565582275,100,0,4.726368159203981,1.9328859060402686,6.854214123006834,6.854214123006834,3.399014778325123,6.241206030150754
spliceai_walker,pm12,0.9635891914367676,0.009119868278503418,100,0,4.726368159203981,1.9328859060402686,6.854214123006834,6.854214123006834,3.399014778325123,6.241206030150754
spliceai_walker,pm12,0.9639541506767273,0.008858919143676758,100,0,4.726368159203981,1.9937172774869112,6.818843465426495,6.818843465426495,3.397530864197531,6.240857503152586
spliceai_walker,pm12,0.9639676213264465,0.00884544849395752,100,0,4.726368159203981,1.9937172774869112,6.818843465426495,6.818843465426495,3.397530864197531,6.240857503152586
spliceai_walker,pm12,0.9640775918960571,0.008735477924346924,100,0,4.726368159203981,1.9937172774869112,6.818843465426495,6.818843465426495,3.397530864197531,6.240857503152586
spliceai_walker,pm12,0.9641059637069702,0.008707106113433838,100,0,4.726368159203981,1.9937172774869112,6.818843465426495,6.818843465426495,3.397530864197531,6.240857503152586
spliceai_walker,pm12,0.964430570602417,0.008471548557281494,100,0,4.726368159203981,1.9630814696380947,6.89935064935065,6.89935064935065,3.3989405826187435,6.240857503152586
spliceai_walker,pm12,0.9644346237182617,0.008467495441436768,100,0,4.726368159203981,1.9630814696380947,6.89935064935065,6.89935064935065,3.3989405826187435,6.240857503152586
spliceai_walker,pm12,0.9644351005554199,0.008467018604278564,100,0,4.726368159203981,1.9630814696380947,6.89935064935065,6.89935064935065,3.3989405826187435,6.240857503152586
spliceai_walker,pm12,0.9644396901130676,0.00846242904663086,100,0,4.726368159203981,1.9630814696380947,6.89935064935065,6.89935064935065,3.3989405826187435,6.240857503152586
spliceai_walker,pm12,0.9644404053688049,0.008461713790893555,100,0,4.726368159203981,1.9630814696380947,6.89935064935065,6.89935064935065,3.3989405826187435,6.240857503152586
spliceai_walker,pm12,0.9647076725959778,0.008194446563720703,100,0,4.726368159203981,1.9630814696380947,6.89935064935065,6.89935064935065,3.3989405826187435,6.240857503152586
spliceai_walker,pm12,0.9652960896492004,0.00807344913482666,100,0,4.726368159203981,2.061370428973277,6.7928730512249444,6.7928730512249444,3.399014778325123,6.230576441102756
spliceai_walker,pm12,0.9653033018112183,0.008066236972808838,100,0,4.726368159203981,2.061370428973277,6.7928730512249444,6.7928730512249444,3.399014778325123,6.230576441102756
spliceai_walker,pm12,0.9654271602630615,0.008087158203125,100,0,4.726368159203981,2.0479430379746835,6.835393521616919,6.835393521616919,3.401972872996301,6.230576441102756
spliceai_walker,pm12,0.9654591083526611,0.008107483386993408,100,0,4.726368159203981,2.0479430379746835,6.835393521616919,6.835393521616919,3.401972872996301,6.230576441102756
spliceai_walker,pm12,0.9654651284217834,0.008101463317871094,100,0,4.726368159203981,2.0479430379746835,6.835393521616919,6.835393521616919,3.401972872996301,6.230576441102756
spliceai_walker,pm12,0.9655651450157166,0.008157074451446533,100,0,4.726368159203981,2.0479430379746835,6.835393521616919,6.835393521616919,3.401972872996301,6.236040609137056
spliceai_walker,pm12,0.9656339883804321,0.008115947246551514,100,0,4.726368159203981,2.0479430379746835,6.835393521616919,6.835393521616919,3.401972872996301,6.236040609137056
spliceai_walker,pm12,0.9656912088394165,0.008076608180999756,100,0,4.726368159203981,2.0690874413145544,6.877877653897097,6.877877653897097,3.397530864197531,6.230576441102756
spliceai_walker,pm12,0.965702474117279,0.008067846298217773,100,0,4.726368159203981,2.028169014084507,6.882334812394408,6.882334812394408,3.3828996282527886,6.230576441102756
spliceai_walker,pm12,0.9657923579216003,0.008108794689178467,100,0,4.726368159203981,2.028169014084507,6.882334812394408,6.882334812394408,3.3828996282527886,6.230576441102756
spliceai_walker,pm12,0.9658129215240479,0.008129358291625977,100,0,4.726368159203981,2.028169014084507,6.882334812394408,6.882334812394408,3.3828996282527886,6.230576441102756
spliceai_walker,pm12,0.9658625721931458,0.008179008960723877,100,0,4.726368159203981,2.028169014084507,6.882334812394408,6.882334812394408,3.3828996282527886,6.230576441102756
spliceai_walker,pm12,0.9660046696662903,0.008217334747314453,100,0,4.726368159203981,2.035283439932517,6.850655903128154,6.850655903128154,3.397530864197531,6.23109049420524
spliceai_walker,pm12,0.9661781191825867,0.00837785005569458,100,0,4.726368159203981,2.035283439932517,6.850655903128154,6.850655903128154,3.397530864197531,6.23109049420524
spliceai_walker,pm12,0.9665246605873108,0.00847095251083374,100,0,4.726368159203981,1.9879937629937632,7.007662835249042,7.007662835249042,3.399014778325123,6.236040609137056
spliceai_walker,pm12,0.9667373299598694,0.008479058742523193,100,0,4.726368159203981,1.9442508710801394,7.084708470847085,7.084708470847085,3.371007371007371,6.210790464240903
spliceai_walker,pm12,0.9667907953262329,0.008465826511383057,100,0,4.726368159203981,1.9233449477351916,7.18288770053476,7.18288770053476,3.371007371007371,6.230576441102756
spliceai_walker,pm12,0.966913640499115,0.008350133895874023,100,0,4.726368159203981,1.902439024390244,7.273620515944608,7.273620515944608,3.371007371007371,6.240857503152586
spliceai_walker,pm12,0.9670327305793762,0.008231043815612793,100,0,4.726368159203981,1.902439024390244,7.273620515944608,7.273620515944608,3.371007371007371,6.240857503152586
spliceai_walker,pm12,0.9671184420585632,0.00816267728805542,100,0,4.726368159203981,1.902439024390244,7.178727771810478,7.178727771810478,3.3791411042944786,6.240874929502494
spliceai_walker,pm12,0.9672056436538696,0.008075475692749023,100,0,4.726368159203981,1.902439024390244,7.178727771810478,7.178727771810478,3.3791411042944786,6.240874929502494
spliceai_walker,pm12,0.967313289642334,0.007973551750183105,100,0,4.726368159203981,1.902439024390244,7.314619883040936,7.314619883040936,3.3828996282527886,6.240857503152586
spliceai_walker,pm12,0.96734619140625,0.00794064998626709,100,0,4.726368159203981,1.902439024390244,7.314619883040936,7.314619883040936,3.3828996282527886,6.240857503152586
spliceai_walker,pm12,0.9673872590065002,0.007899582386016846,100,0,4.726368159203981,1.902439024390244,7.314619883040936,7.314619883040936,3.3828996282527886,6.240857503152586
spliceai_walker,pm12,0.9674050807952881,0.007881760597229004,100,0,4.726368159203981,1.902439024390244,7.314619883040936,7.314619883040936,3.3828996282527886,6.240857503152586
spliceai_walker,pm12,0.9674084186553955,0.007878422737121582,100,0,4.726368159203981,1.902439024390244,7.314619883040936,7.314619883040936,3.3828996282527886,6.240857503152586
spliceai_walker,pm12,0.9674227237701416,0.007864117622375488,100,0,4.726368159203981,1.902439024390244,7.314619883040936,7.314619883040936,3.3828996282527886,6.240857503152586
spliceai_walker,pm12,0.9674338102340698,0.007853031158447266,100,0,4.726368159203981,1.902439024390244,7.314619883040936,7.314619883040936,3.3828996282527886,6.240857503152586
spliceai_walker,pm12,0.9676127433776855,0.007674098014831543,100,0,4.726368159203981,1.902439024390244,7.314619883040936,7.314619883040936,3.3828996282527886,6.240857503152586
spliceai_walker,pm12,0.9676609039306641,0.007625937461853027,100,0,4.726368159203981,1.902439024390244,7.314619883040936,7.314619883040936,3.3828996282527886,6.240857503152586
spliceai_walker,pm12,0.967714786529541,0.007572054862976074,100,0,4.726368159203981,1.902439024390244,7.314619883040936,7.314619883040936,3.3828996282527886,6.240857503152586
spliceai_walker,pm12,0.9677155613899231,0.007571280002593994,100,0,4.726368159203981,1.902439024390244,7.314619883040936,7.314619883040936,3.3828996282527886,6.240857503152586
spliceai_walker,pm12,0.9677355289459229,0.007551312446594238,100,0,4.726368159203981,1.902439024390244,7.314619883040936,7.314619883040936,3.3828996282527886,6.240857503152586
spliceai_walker,pm12,0.9677746295928955,0.007512211799621582,100,0,4.726368159203981,1.902439024390244,7.314619883040936,7.314619883040936,3.3828996282527886,6.240857503152586
spliceai_walker,pm12,0.9678336977958679,0.00745314359664917,100,0,4.726368159203981,1.902439024390244,7.314619883040936,7.314619883040936,3.3828996282527886,6.240857503152586
spliceai_walker,pm12,0.96784508228302,0.00744175910949707,100,0,4.726368159203981,1.902439024390244,7.314619883040936,7.314619883040936,3.3828996282527886,6.240857503152586
spliceai_walker,pm12,0.9678541421890259,0.007432699203491211,100,0,4.726368159203981,1.902439024390244,7.314619883040936,7.314619883040936,3.3828996282527886,6.240857503152586
spliceai_walker,pm12,0.9680137038230896,0.007380068302154541,100,0,4.726368159203981,1.902439024390244,7.314619883040936,7.314619883040936,3.3828996282527886,6.240857503152586
spliceai_walker,pm12,0.9683313965797424,0.007614195346832275,100,0,4.726368159203981,1.9223831300813008,7.280013903570168,7.280013903570168,3.3663366336633667,6.230576441102756
spliceai_walker,pm12,0.9688370823860168,0.007108509540557861,100,0,4.726368159203981,1.9223831300813008,7.280013903570168,7.280013903570168,3.3663366336633667,6.230576441102756
spliceai_walker,pm12,0.9689526557922363,0.006992936134338379,100,0,4.726368159203981,1.9223831300813008,7.280013903570168,7.280013903570168,3.3663366336633667,6.230576441102756
spliceai_walker,pm12,0.9705588817596436,0.006124258041381836,100,0,4.726368159203981,1.8450262459528028,7.33718689788054,7.33718689788054,3.3791411042944786,6.23076831730198
spliceai_walker,pm12,0.9706577658653259,0.006222665309906006,100,0,4.726368159203981,1.8607015620718008,7.362314760264659,7.362314760264659,3.3856613102595796,6.216844156522315
spliceai_walker,pm12,0.9714432954788208,0.006302237510681152,100,0,4.726368159203981,1.7133858267716535,7.485185395995646,7.485185395995646,3.3885327580099043,6.226700251889169
spliceai_walker,pm12,0.9715697169303894,0.006273627281188965,100,0,4.726368159203981,1.7133858267716535,7.485185395995646,7.485185395995646,3.3885327580099043,6.226700251889169
spliceai_walker,pm12,0.9717350602149963,0.006431758403778076,100,0,4.726368159203981,1.6944444444444446,7.493949462515705,7.493949462515705,3.3942480901235816,6.220166016406397
spliceai_walker,pm12,0.9717382788658142,0.006434977054595947,100,0,4.726368159203981,1.6944444444444446,7.493949462515705,7.493949462515705,3.3942480901235816,6.220166016406397
spliceai_walker,pm12,0.9717652201652527,0.006461918354034424,100,0,4.726368159203981,1.6944444444444446,7.493949462515705,7.493949462515705,3.3942480901235816,6.220166016406397
spliceai_walker,pm12,0.9717797040939331,0.006452500820159912,100,0,4.726368159203981,1.6944444444444446,7.493949462515705,7.493949462515705,3.3886838868388685,6.193756373235742
spliceai_walker,pm12,0.9717952609062195,0.006436944007873535,100,0,4.726368159203981,1.6944444444444446,7.493949462515705,7.493949462515705,3.3886838868388685,6.193756373235742
spliceai_walker,pm12,0.9718512892723083,0.006413519382476807,100,0,4.726368159203981,1.6944444444444446,7.624548736462094,7.624548736462094,3.397530864197531,6.2075471698113205
spliceai_walker,pm12,0.9719616770744324,0.00639653205871582,100,0,4.726368159203981,1.6918931660947079,7.723880597014926,7.723880597014926,3.4054054054054057,6.210790464240903
spliceai_walker,pm12,0.9725790023803711,0.00688779354095459,100,0,4.726368159203981,1.7228718365923816,7.776850886339937,7.776850886339937,3.399014778325123,6.19350811485643
spliceai_walker,pm12,0.9726994633674622,0.007008254528045654,100,0,4.726368159203981,1.7228718365923816,7.776850886339937,7.776850886339937,3.399014778325123,6.19350811485643
spliceai_walker,pm12,0.972813069820404,0.007020711898803711,99,1,4.555970149253731,1.5422535211267605,6.857565789473685,6.857565789473685,1.5644615342722736,5.827500000000001
spliceai_walker,pm12,0.9729021191596985,0.0071097612380981445,99,1,4.555970149253731,1.5422535211267605,6.857565789473685,6.857565789473685,1.5644615342722736,5.827500000000001
spliceai_walker,pm12,0.973079264163971,0.007266342639923096,99,1,4.555970149253731,1.5395075339948547,6.963038230598838,6.963038230598838,1.5632366625310172,5.827500000000001
spliceai_walker,pm12,0.9731308221817017,0.007317900657653809,99,1,4.555970149253731,1.5395075339948547,6.963038230598838,6.963038230598838,1.5632366625310172,5.827500000000001
spliceai_walker,pm12,0.9733695387840271,0.007364869117736816,99,1,4.555970149253731,1.509502453066992,7.028935555642296,7.028935555642296,1.5632444946112178,5.835216266449979
spliceai_walker,pm12,0.9734903573989868,0.007485687732696533,99,1,4.555970149253731,1.509502453066992,7.028935555642296,7.028935555642296,1.5632444946112178,5.835216266449979
spliceai_walker,pm12,0.9735476970672607,0.007543027400970459,99,1,4.555970149253731,1.509502453066992,7.028935555642296,7.028935555642296,1.5632444946112178,5.835216266449979
spliceai_walker,pm12,0.9735665917396545,0.007561922073364258,99,1,4.555970149253731,1.509502453066992,7.028935555642296,7.028935555642296,1.5632444946112178,5.835216266449979
spliceai_walker,pm12,0.9737222194671631,0.007544100284576416,99,1,4.555970149253731,1.509502453066992,7.028935555642296,7.028935555642296,1.5560334060681629,5.835475068609881
spliceai_walker,pm12,0.9737592339515686,0.007527709007263184,99,1,4.555970149253731,1.509502453066992,7.028935555642296,7.028935555642296,1.5624108240938432,5.834824390837674
spliceai_walker,pm12,0.9737703204154968,0.007516622543334961,99,1,4.555970149253731,1.509502453066992,7.028935555642296,7.028935555642296,1.5624108240938432,5.834824390837674
spliceai_walker,pm12,0.9742220044136047,0.007189273834228516,99,1,4.555970149253731,1.5395075339948547,6.957639753970726,6.957639753970726,1.5640306058830131,5.835216266449979
spliceai_walker,pm12,0.9745711088180542,0.00736004114151001,99,1,4.555970149253731,1.5395075339948547,6.859627680012292,6.859627680012292,1.5632711717334713,5.842696629213482
spliceai_walker,pm12,0.9745948910713196,0.007336258888244629,99,1,4.555970149253731,1.5395075339948547,6.859627680012292,6.859627680012292,1.5632711717334713,5.842696629213482
spliceai_walker,pm12,0.9749704003334045,0.00729447603225708,99,1,4.555970149253731,1.5887186880519013,6.659770054154679,6.659770054154679,1.5493366500829189,5.827864674593237
spliceai_walker,pm12,0.9749956130981445,0.007280826568603516,99,1,4.555970149253731,1.5887186880519013,6.659770054154679,6.659770054154679,1.5493366500829189,5.827864674593237
spliceai_walker,pm12,0.9750093221664429,0.0072945356369018555,99,1,4.555970149253731,1.5887186880519013,6.659770054154679,6.659770054154679,1.5493366500829189,5.827864674593237
spliceai_walker,pm12,0.9750217199325562,0.007306933403015137,99,1,4.555970149253731,1.5887186880519013,6.659770054154679,6.659770054154679,1.5493366500829189,5.827864674593237
spliceai_walker,pm12,0.9750269055366516,0.007312119007110596,99,1,4.555970149253731,1.5887186880519013,6.659770054154679,6.659770054154679,1.5493366500829189,5.827864674593237
spliceai_walker,pm12,0.9750941395759583,0.007379353046417236,99,1,4.555970149253731,1.5887186880519013,6.659770054154679,6.659770054154679,1.5493366500829189,5.827864674593237
spliceai_walker,pm12,0.9750946760177612,0.007379889488220215,99,1,4.555970149253731,1.5887186880519013,6.659770054154679,6.659770054154679,1.5493366500829189,5.827864674593237
spliceai_walker,pm12,0.9751060605049133,0.007390499114990234,99,1,4.555970149253731,1.5803098806197613,6.611842105263158,6.611842105263158,1.5631901840490796,5.81226533166458
spliceai_walker,pm12,0.975151002407074,0.007435441017150879,99,1,4.555970149253731,1.5803098806197613,6.611842105263158,6.611842105263158,1.5631901840490796,5.81226533166458
spliceai_walker,pm12,0.975256621837616,0.007447957992553711,99,1,4.555970149253731,1.580252350910606,6.726627218934912,6.726627218934912,1.5560334060681629,5.820782070376789
spliceai_walker,pm12,0.975263774394989,0.007440805435180664,99,1,4.555970149253731,1.580252350910606,6.726627218934912,6.726627218934912,1.5560334060681629,5.820782070376789
spliceai_walker,pm12,0.9752811193466187,0.007447421550750732,99,1,4.555970149253731,1.580252350910606,6.726627218934912,6.726627218934912,1.5560334060681629,5.820782070376789
spliceai_walker,pm12,0.9752868413925171,0.00745314359664917,99,1,4.555970149253731,1.580252350910606,6.726627218934912,6.726627218934912,1.5560334060681629,5.820782070376789
spliceai_walker,pm12,0.9754598140716553,0.007364451885223389,99,1,4.555970149253731,1.6539600425419003,6.5131578947368425,6.5131578947368425,1.5479975314947227,5.834793491864831
spliceai_walker,pm12,0.9754912853240967,0.007332980632781982,99,1,4.555970149253731,1.6539600425419003,6.5131578947368425,6.5131578947368425,1.5479975314947227,5.834793491864831
spliceai_walker,pm12,0.9756109714508057,0.00721585750579834,99,1,4.555970149253731,1.6437730554931684,6.529808773903262,6.529808773903262,1.5493098506639673,5.81555834378921
spliceai_walker,pm12,0.9756661653518677,0.007160663604736328,99,1,4.555970149253731,1.6437730554931684,6.529808773903262,6.529808773903262,1.5493098506639673,5.81555834378921
spliceai_walker,pm12,0.9759455919265747,0.006963193416595459,99,1,4.555970149253731,1.6860218835854095,6.501046511627907,6.501046511627907,1.5545462321578507,5.819548872180451
spliceai_walker,pm12,0.975967526435852,0.006941258907318115,99,1,4.555970149253731,1.6860218835854095,6.501046511627907,6.501046511627907,1.5545462321578507,5.819548872180451
spliceai_walker,pm12,0.9760507941246033,0.0068579912185668945,99,1,4.555970149253731,1.6860218835854095,6.501046511627907,6.501046511627907,1.5545462321578507,5.819548872180451
spliceai_walker,pm12,0.9761801958084106,0.0067285895347595215,99,1,4.555970149253731,1.6860218835854095,6.501046511627907,6.501046511627907,1.5545462321578507,5.819548872180451
spliceai_walker,pm12,0.9764552116394043,0.006453573703765869,99,1,4.555970149253731,1.6860218835854095,6.501046511627907,6.501046511627907,1.5545462321578507,5.819548872180451
spliceai_walker,pm12,0.976594090461731,0.006314694881439209,99,1,4.555970149253731,1.6860218835854095,6.501046511627907,6.501046511627907,1.5545462321578507,5.819548872180451
spliceai_walker,pm12,0.976629376411438,0.006279408931732178,99,1,4.555970149253731,1.6860218835854095,6.501046511627907,6.501046511627907,1.5545462321578507,5.819548872180451
spliceai_walker,pm12,0.9766407012939453,0.0062680840492248535,99,1,4.555970149253731,1.6860218835854095,6.501046511627907,6.501046511627907,1.5545462321578507,5.819548872180451
spliceai_walker,pm12,0.9766462445259094,0.006262540817260742,99,1,4.555970149253731,1.6860218835854095,6.501046511627907,6.501046511627907,1.5545462321578507,5.819548872180451
spliceai_walker,pm12,0.9766589403152466,0.006249845027923584,99,1,4.555970149253731,1.6860218835854095,6.501046511627907,6.501046511627907,1.5545462321578507,5.819548872180451
spliceai_walker,pm12,0.9768336415290833,0.0060926079750061035,99,1,4.555970149253731,1.7251656984057957,6.340586774628879,6.340586774628879,1.5534918670438473,5.812429982270809
spliceai_walker,pm12,0.9775143265724182,0.005743622779846191,99,1,4.555970149253731,1.6842610364683301,6.481001707217444,6.481001707217444,1.5518968131188118,5.823096105527634
spliceai_walker,pm12,0.9775168299674988,0.005741119384765625,99,1,4.555970149253731,1.6842610364683301,6.481001707217444,6.481001707217444,1.5518968131188118,5.823096105527634
spliceai_walker,pm12,0.9775492548942566,0.005715072154998779,99,1,4.555970149253731,1.66153326198389,6.533333333333334,6.533333333333334,1.5502950310559007,5.81226533166458
spliceai_walker,pm12,0.977745532989502,0.00578385591506958,99,1,4.555970149253731,1.6454965357967666,6.655260186882962,6.655260186882962,1.5616438356164384,5.828144458281444
spliceai_walker,pm12,0.9778973460197449,0.005700290203094482,99,1,4.555970149253731,1.6842610364683301,6.611292830604102,6.611292830604102,1.5588556834249434,5.834814116897057
spliceai_walker,pm12,0.978232204914093,0.005532741546630859,99,1,4.555970149253731,1.6635511479418559,6.7472793228536885,6.7472793228536885,1.551896813118812,5.842499999999999
spliceai_walker,pm12,0.9782648086547852,0.005565345287322998,99,1,4.555970149253731,1.6635511479418559,6.7472793228536885,6.7472793228536885,1.551896813118812,5.842499999999999
spliceai_walker,pm12,0.9782671332359314,0.005567669868469238,99,1,4.555970149253731,1.6635511479418559,6.7472793228536885,6.7472793228536885,1.551896813118812,5.842499999999999
spliceai_walker,pm12,0.9782721400260925,0.005572676658630371,99,1,4.555970149253731,1.6635511479418559,6.7472793228536885,6.7472793228536885,1.551896813118812,5.842499999999999
spliceai_walker,pm12,0.9786309599876404,0.0057288408279418945,99,1,4.555970149253731,1.6175563407181055,6.91168071748879,6.91168071748879,1.5585116653511242,5.836683417085427
spliceai_walker,pm12,0.9794359803199768,0.005807399749755859,99,1,4.555970149253731,1.5579610828896895,6.84304932735426,6.84304932735426,1.5589583629885897,5.819548872180451
spliceai_walker,pm12,0.9797289371490479,0.005911767482757568,99,1,4.555970149253731,1.5242494226327945,7.056451612903226,7.056451612903226,1.5624571917808219,5.819548872180451
spliceai_walker,pm12,0.9797365069389343,0.005904197692871094,99,1,4.555970149253731,1.5242494226327945,7.056451612903226,7.056451612903226,1.5624571917808219,5.819548872180451
spliceai_walker,pm12,0.9801950454711914,0.005511462688446045,99,1,4.555970149253731,1.4663693000299705,7.441521336312605,7.441521336312605,1.5561097256857854,5.803672706589744
spliceai_walker,pm12,0.9807122945785522,0.005333364009857178,99,1,4.555970149253731,1.4192139737991267,7.530917372027406,7.530917372027406,1.5585116653511242,5.828476909960608
spliceai_walker,pm12,0.9807132482528687,0.0053324103355407715,99,1,4.555970149253731,1.4192139737991267,7.530917372027406,7.530917372027406,1.5585116653511242,5.828476909960608
spliceai_walker,pm12,0.98123699426651,0.005038321018218994,99,1,4.555970149253731,1.363058650500856,7.35930735930736,7.35930735930736,1.5545833333333334,5.82286432160804
spliceai_walker,pm12,0.9812869429588318,0.004988372325897217,99,1,4.555970149253731,1.363058650500856,7.35930735930736,7.35930735930736,1.5545833333333334,5.82286432160804
spliceai_walker,pm12,0.9813109040260315,0.00496441125869751,99,1,4.555970149253731,1.363058650500856,7.35930735930736,7.35930735930736,1.5545833333333334,5.82286432160804
spliceai_walker,pm12,0.9813115000724792,0.004963815212249756,99,1,4.555970149253731,1.363058650500856,7.35930735930736,7.35930735930736,1.5545833333333334,5.82286432160804
spliceai_walker,pm12,0.981316089630127,0.004959225654602051,99,1,4.555970149253731,1.363058650500856,7.35930735930736,7.35930735930736,1.5545833333333334,5.82286432160804
spliceai_walker,pm12,0.9813164472579956,0.0049588680267333984,99,1,4.555970149253731,1.363058650500856,7.35930735930736,7.35930735930736,1.5545833333333334,5.82286432160804
spliceai_walker,pm12,0.9814248085021973,0.004860520362854004,99,1,4.555970149253731,1.4066416393812804,7.244708299418462,7.244708299418462,1.5493098506639673,5.835475068609882
spliceai_walker,pm12,0.9815885424613953,0.0048362016677856445,99,1,4.555970149253731,1.4510548573470725,6.995786280818967,6.995786280818967,1.5458696554586966,5.842696629213482
spliceai_walker,pm12,0.9819311499595642,0.004540920257568359,99,1,4.555970149253731,1.4843110504774897,6.9926650366748175,6.9926650366748175,1.5534711383078939,5.836683417085427
spliceai_walker,pm12,0.9819555878639221,0.004516482353210449,99,1,4.555970149253731,1.4843110504774897,6.9926650366748175,6.9926650366748175,1.5534711383078939,5.836683417085427
spliceai_walker,pm12,0.9819981455802917,0.0044825077056884766,99,1,4.555970149253731,1.4510548573470725,6.995786280818967,6.995786280818967,1.5535546202585733,5.8445315714659785
spliceai_walker,pm12,0.9820296168327332,0.004493355751037598,99,1,4.555970149253731,1.4406548431105048,7.059902200488998,7.059902200488998,1.5518719630265612,5.835205992509363
spliceai_walker,pm12,0.9820349812507629,0.0044879913330078125,99,1,4.555970149253731,1.4406548431105048,7.059902200488998,7.059902200488998,1.5518719630265612,5.835205992509363
spliceai_walker,pm12,0.9820600152015686,0.004510760307312012,99,1,4.555970149253731,1.4406548431105048,7.059902200488998,7.059902200488998,1.5518719630265612,5.835205992509363
spliceai_walker,pm12,0.9820794463157654,0.004496753215789795,99,1,4.555970149253731,1.4707758844390626,7.033231943174621,7.033231943174621,1.5493366500829189,5.835216266449979
spliceai_walker,pm12,0.9821029901504517,0.004473209381103516,99,1,4.555970149253731,1.4707758844390626,7.033231943174621,7.033231943174621,1.5493366500829189,5.835216266449979
spliceai_walker,pm12,0.9821059703826904,0.004470229148864746,99,1,4.555970149253731,1.4707758844390626,7.033231943174621,7.033231943174621,1.5493366500829189,5.835216266449979
spliceai_walker,pm12,0.9822648763656616,0.004367530345916748,99,1,4.555970149253731,1.4707758844390626,7.033231943174621,7.033231943174621,1.5587224627402991,5.836683417085427
spliceai_walker,pm12,0.9824853539466858,0.004220545291900635,99,1,4.555970149253731,1.4659947236398236,7.163953488372092,7.163953488372092,1.5615100467840195,5.835205992509363
spliceai_walker,pm12,0.9826187491416931,0.004232943058013916,99,1,4.555970149253731,1.523799828521343,6.854637001198073,6.854637001198073,1.5624227441285539,5.842509831460673
spliceai_walker,pm12,0.982664942741394,0.004186749458312988,99,1,4.555970149253731,1.523799828521343,6.854637001198073,6.854637001198073,1.5624227441285539,5.842509831460673
spliceai_walker,pm12,0.9827045798301697,0.0041471123695373535,99,1,4.555970149253731,1.523799828521343,6.854637001198073,6.854637001198073,1.5624227441285539,5.842509831460673
spliceai_walker,pm12,0.9827785491943359,0.004115641117095947,99,1,4.555970149253731,1.5365853658536586,6.823238566131026,6.823238566131026,1.5545148390467185,5.836974246231152
spliceai_walker,pm12,0.9828107953071594,0.004083395004272461,99,1,4.555970149253731,1.5365853658536586,6.823238566131026,6.823238566131026,1.5545148390467185,5.836974246231152
spliceai_walker,pm12,0.9828214049339294,0.004072785377502441,99,1,4.555970149253731,1.5365853658536586,6.823238566131026,6.823238566131026,1.5545148390467185,5.836974246231152
spliceai_walker,pm12,0.9828242659568787,0.004069924354553223,99,1,4.555970149253731,1.5365853658536586,6.823238566131026,6.823238566131026,1.5545148390467185,5.836974246231152
spliceai_walker,pm12,0.982826828956604,0.004067361354827881,99,1,4.555970149253731,1.5365853658536586,6.823238566131026,6.823238566131026,1.5545148390467185,5.836974246231152
spliceai_walker,pm12,0.9829076528549194,0.003986537456512451,99,1,4.555970149253731,1.5365853658536586,6.823238566131026,6.823238566131026,1.5545148390467185,5.836974246231152
spliceai_walker,pm12,0.9829087853431702,0.003985404968261719,99,1,4.555970149253731,1.5365853658536586,6.823238566131026,6.823238566131026,1.5545148390467185,5.836974246231152
spliceai_walker,pm12,0.9829213619232178,0.003972828388214111,99,1,4.555970149253731,1.5365853658536586,6.823238566131026,6.823238566131026,1.5545148390467185,5.836974246231152
spliceai_walker,pm12,0.9829262495040894,0.003967940807342529,99,1,4.555970149253731,1.5365853658536586,6.823238566131026,6.823238566131026,1.5545148390467185,5.836974246231152
spliceai_walker,pm12,0.9829272627830505,0.003966927528381348,99,1,4.555970149253731,1.5365853658536586,6.823238566131026,6.823238566131026,1.5545148390467185,5.836974246231152
spliceai_walker,pm12,0.9829829335212708,0.003911256790161133,99,1,4.555970149253731,1.5365853658536586,6.823238566131026,6.823238566131026,1.5545148390467185,5.836974246231152
spliceai_walker,pm12,0.9832245707511902,0.0036876797676086426,99,1,4.555970149253731,1.5503105590062112,6.739300053195957,6.739300053195957,1.5587224627402991,5.836683417085427
spliceai_walker,pm12,0.9832576513290405,0.0036545991897583008,99,1,4.555970149253731,1.5503105590062112,6.739300053195957,6.739300053195957,1.5587224627402991,5.836683417085427
spliceai_walker,pm12,0.9832579493522644,0.003654301166534424,99,1,4.555970149253731,1.5503105590062112,6.739300053195957,6.739300053195957,1.5587224627402991,5.836683417085427
spliceai_walker,pm12,0.9832628965377808,0.0036493539810180664,99,1,4.555970149253731,1.5503105590062112,6.739300053195957,6.739300053195957,1.5587224627402991,5.836683417085427
spliceai_walker,pm12,0.9832643270492554,0.003647923469543457,99,1,4.555970149253731,1.5503105590062112,6.739300053195957,6.739300053195957,1.5587224627402991,5.836683417085427
spliceai_walker,pm12,0.9832985401153564,0.003613710403442383,99,1,4.555970149253731,1.5503105590062112,6.739300053195957,6.739300053195957,1.5587224627402991,5.836683417085427
spliceai_walker,pm12,0.9835976362228394,0.0033466219902038574,100,0,4.726368159203981,1.7677793904208998,7.703446610128311,7.703446610128311,3.377450980392157,6.2075471698113205
spliceai_walker,pm12,0.9836639761924744,0.0032802820205688477,100,0,4.726368159203981,1.7677793904208998,7.703446610128311,7.703446610128311,3.377450980392157,6.2075471698113205
spliceai_walker,pm12,0.9839949607849121,0.002973616123199463,100,0,4.726368159203981,1.8204724409448818,7.6436903499469775,7.6436903499469775,3.371007371007371,6.187341772151898
spliceai_walker,pm12,0.9842010736465454,0.002884984016418457,100,0,4.726368159203981,1.7900728619792945,7.721331689272503,7.721331689272503,3.370773834140171,6.210790464240903
spliceai_walker,pm12,0.9844330549240112,0.002806425094604492,100,0,4.726368159203981,1.7511935135665573,7.879049676025918,7.879049676025918,3.371007371007371,6.210790464240903
spliceai_walker,pm12,0.9844648241996765,0.002774655818939209,100,0,4.726368159203981,1.7511935135665573,7.879049676025918,7.879049676025918,3.371007371007371,6.210790464240903
spliceai_walker,pm12,0.9844856262207031,0.0027538537979125977,100,0,4.726368159203981,1.7511935135665573,7.879049676025918,7.879049676025918,3.371007371007371,6.210790464240903
spliceai_walker,pm12,0.9847850799560547,0.002725064754486084,100,0,4.726368159203981,1.724890829694323,7.973262032085562,7.973262032085562,3.3620689655172415,6.210790464240903
spliceai_walker,pm12,0.9850265383720398,0.002541184425354004,100,0,4.726368159203981,1.68717132893156,8.322731690078626,8.322731690078626,3.3637484586929713,6.207709334532797
spliceai_walker,pm12,0.9851312637329102,0.0025289058685302734,100,0,4.726368159203981,1.68717132893156,8.322731690078626,8.322731690078626,3.3620689655172415,6.210790464240903
spliceai_walker,pm12,0.9852433800697327,0.0024399161338806152,100,0,4.726368159203981,1.642857142857143,8.415224913494809,8.415224913494809,3.3828996282527886,6.193582709113607
spliceai_walker,pm12,0.9853764772415161,0.00255507230758667,100,0,4.726368159203981,1.642857142857143,8.428877005347593,8.428877005347593,3.3965728274173808,6.1896333754740835
spliceai_walker,pm12,0.9854191541671753,0.002592325210571289,100,0,4.726368159203981,1.6191901408450706,8.451407588739288,8.451407588739288,3.3853352999613247,6.188986232790989
spliceai_walker,pm12,0.9856407046318054,0.002731919288635254,100,0,4.726368159203981,1.5422535211267605,8.653333333333334,8.653333333333334,3.377450980392157,6.2075471698113205
spliceai_walker,pm12,0.9856471419334412,0.002738356590270996,100,0,4.726368159203981,1.5422535211267605,8.653333333333334,8.653333333333334,3.377450980392157,6.2075471698113205
spliceai_walker,pm12,0.9857037663459778,0.002794981002807617,100,0,4.726368159203981,1.5422535211267605,8.653333333333334,8.653333333333334,3.377450980392157,6.2075471698113205
spliceai_walker,pm12,0.9857065081596375,0.002797722816467285,100,0,4.726368159203981,1.5422535211267605,8.653333333333334,8.653333333333334,3.377450980392157,6.2075471698113205
spliceai_walker,pm12,0.9857099652290344,0.002801179885864258,100,0,4.726368159203981,1.5422535211267605,8.653333333333334,8.653333333333334,3.377450980392157,6.2075471698113205
spliceai_walker,pm12,0.9857130646705627,0.002804279327392578,100,0,4.726368159203981,1.5422535211267605,8.653333333333334,8.653333333333334,3.377450980392157,6.2075471698113205
spliceai_walker,pm12,0.9857199788093567,0.0028111934661865234,100,0,4.726368159203981,1.5422535211267605,8.653333333333334,8.653333333333334,3.377450980392157,6.2075471698113205
spliceai_walker,pm12,0.9858001470565796,0.0028787851333618164,100,0,4.726368159203981,1.520866528180428,8.781190019193858,8.781190019193858,3.3856613102595796,6.189018589925143
spliceai_walker,pm12,0.9858097434043884,0.0028883814811706543,100,0,4.726368159203981,1.520866528180428,8.781190019193858,8.781190019193858,3.3856613102595796,6.189018589925143
spliceai_walker,pm12,0.9858118295669556,0.002890467643737793,100,0,4.726368159203981,1.520866528180428,8.781190019193858,8.781190019193858,3.3856613102595796,6.189018589925143
spliceai_walker,pm12,0.985837996006012,0.0029117465019226074,100,0,4.726368159203981,1.4724409448818898,8.740354535974975,8.740354535974975,3.3886838868388685,6.210790464240903
spliceai_walker,pm12,0.9859641194343567,0.0028477907180786133,100,0,4.726368159203981,1.4256692913385827,8.913669064748202,8.913669064748202,3.3974829623585237,6.183417085427136
spliceai_walker,pm12,0.9860197305679321,0.0027951598167419434,100,0,4.726368159203981,1.4256692913385827,8.913669064748202,8.913669064748202,3.3974829623585237,6.183417085427136
spliceai_walker,pm12,0.9860202670097351,0.002795696258544922,100,0,4.726368159203981,1.4256692913385827,8.913669064748202,8.913669064748202,3.3974829623585237,6.183417085427136
spliceai_walker,pm12,0.986038327217102,0.0028137564659118652,100,0,4.726368159203981,1.4256692913385827,8.913669064748202,8.913669064748202,3.3974829623585237,6.183417085427136
spliceai_walker,pm12,0.9860386252403259,0.002814054489135742,100,0,4.726368159203981,1.4256692913385827,8.913669064748202,8.913669064748202,3.3974829623585237,6.183417085427136
spliceai_walker,pm12,0.9860456585884094,0.0028210878372192383,100,0,4.726368159203981,1.4256692913385827,8.913669064748202,8.913669064748202,3.3974829623585237,6.183417085427136
spliceai_walker,pm12,0.9860584139823914,0.002833843231201172,100,0,4.726368159203981,1.4256692913385827,8.913669064748202,8.913669064748202,3.3974829623585237,6.183417085427136
spliceai_walker,pm12,0.9861407279968262,0.00287783145904541,99,1,4.555970149253731,1.3568676606412458,6.978260869565218,6.978260869565218,1.5655752260008606,5.8602015113350125
spliceai_walker,pm12,0.9861735105514526,0.0029091835021972656,99,1,4.555970149253731,1.3207547169811322,6.995525727069351,6.995525727069351,1.564676616915423,5.860390428211584
spliceai_walker,pm12,0.9861747026443481,0.0029103755950927734,99,1,4.555970149253731,1.3207547169811322,6.995525727069351,6.995525727069351,1.564676616915423,5.860390428211584
spliceai_walker,pm12,0.9861963391304016,0.0029320120811462402,99,1,4.555970149253731,1.3207547169811322,6.995525727069351,6.995525727069351,1.564676616915423,5.860390428211584
spliceai_walker,pm12,0.9861978888511658,0.0029335618019104004,99,1,4.555970149253731,1.3207547169811322,6.995525727069351,6.995525727069351,1.564676616915423,5.860390428211584
spliceai_walker,pm12,0.9862141013145447,0.0029497742652893066,99,1,4.555970149253731,1.3207547169811322,6.995525727069351,6.995525727069351,1.564676616915423,5.860390428211584
spliceai_walker,pm12,0.986275315284729,0.003010988235473633,99,1,4.555970149253731,1.3207547169811322,6.995525727069351,6.995525727069351,1.564676616915423,5.860390428211584
spliceai_walker,pm12,0.9862853288650513,0.0030210018157958984,99,1,4.555970149253731,1.3207547169811322,6.995525727069351,6.995525727069351,1.564676616915423,5.860390428211584
spliceai_walker,pm12,0.9863686561584473,0.0030701160430908203,99,1,4.555970149253731,1.3026960691190663,7.105865194291071,7.105865194291071,1.5647107781939242,5.853198754812029
spliceai_walker,pm12,0.9863715767860413,0.0030730366706848145,99,1,4.555970149253731,1.3026960691190663,7.105865194291071,7.105865194291071,1.5647107781939242,5.853198754812029
spliceai_walker,pm12,0.9864081144332886,0.003109574317932129,99,1,4.555970149253731,1.3026960691190663,7.105865194291071,7.105865194291071,1.5647107781939242,5.853198754812029
spliceai_walker,pm12,0.9864182472229004,0.0031197071075439453,99,1,4.555970149253731,1.3026960691190663,7.105865194291071,7.105865194291071,1.5647107781939242,5.853198754812029
spliceai_walker,pm12,0.9864247441291809,0.003126204013824463,99,1,4.555970149253731,1.3026960691190663,7.105865194291071,7.105865194291071,1.5647107781939242,5.853198754812029
spliceai_walker,pm12,0.9864720702171326,0.003123044967651367,99,1,4.555970149253731,1.3026960691190663,7.262777372642983,7.262777372642983,1.5645756181498525,5.853198754812029
spliceai_walker,pm12,0.9864806532859802,0.003114461898803711,99,1,4.555970149253731,1.3026960691190663,7.262777372642983,7.262777372642983,1.5645756181498525,5.853198754812029
spliceai_walker,pm12,0.9865229725837708,0.0030721426010131836,99,1,4.555970149253731,1.3026960691190663,7.262777372642983,7.262777372642983,1.5645756181498525,5.853198754812029
spliceai_walker,pm12,0.9865761995315552,0.0030189156532287598,99,1,4.555970149253731,1.3026960691190663,7.262777372642983,7.262777372642983,1.5645756181498525,5.853198754812029
spliceai_walker,pm12,0.9865828156471252,0.0030122995376586914,99,1,4.555970149253731,1.3026960691190663,7.262777372642983,7.262777372642983,1.5645756181498525,5.853198754812029
spliceai_walker,pm12,0.986644983291626,0.002990901470184326,99,1,4.555970149253731,1.329434086784359,7.1953781512605035,7.1953781512605035,1.564676616915423,5.8602015113350125
spliceai_walker,pm12,0.9866899251937866,0.003025949001312256,99,1,4.555970149253731,1.329434086784359,7.1953781512605035,7.1953781512605035,1.564676616915423,5.8602015113350125
spliceai_walker,pm12,0.9868314862251282,0.0028974413871765137,99,1,4.555970149253731,1.329434086784359,7.352941176470589,7.352941176470589,1.5646527400637964,5.871212121212121
spliceai_walker,pm12,0.9868417382240295,0.0028871893882751465,99,1,4.555970149253731,1.329434086784359,7.352941176470589,7.352941176470589,1.5646527400637964,5.871212121212121
spliceai_walker,pm12,0.986851692199707,0.0028772354125976562,99,1,4.555970149253731,1.329434086784359,7.352941176470589,7.352941176470589,1.5646527400637964,5.871212121212121
spliceai_walker,pm12,0.9868941903114319,0.0028992295265197754,99,1,4.555970149253731,1.329434086784359,7.352941176470589,7.352941176470589,1.5646527400637964,5.871212121212121
spliceai_walker,pm12,0.9869122505187988,0.0028970837593078613,99,1,4.555970149253731,1.3378697732473477,7.353558533583954,7.353558533583954,1.5640306058830131,5.867399479962948
spliceai_walker,pm12,0.9869123101234436,0.002897024154663086,99,1,4.555970149253731,1.3378697732473477,7.353558533583954,7.353558533583954,1.5640306058830131,5.867399479962948
spliceai_walker,pm12,0.9869416356086731,0.0028676986694335938,99,1,4.555970149253731,1.3378697732473477,7.353558533583954,7.353558533583954,1.5640306058830131,5.867399479962948
spliceai_walker,pm12,0.9869442582130432,0.0028650760650634766,99,1,4.555970149253731,1.3378697732473477,7.353558533583954,7.353558533583954,1.5640306058830131,5.867399479962948
spliceai_walker,pm12,0.9869625568389893,0.0028467774391174316,99,1,4.555970149253731,1.3378697732473477,7.353558533583954,7.353558533583954,1.5640306058830131,5.867399479962948
spliceai_walker,pm12,0.9869685769081116,0.002840757369995117,99,1,4.555970149253731,1.3378697732473477,7.353558533583954,7.353558533583954,1.5640306058830131,5.867399479962948
spliceai_walker,pm12,0.9869861602783203,0.002823173999786377,99,1,4.555970149253731,1.3378697732473477,7.353558533583954,7.353558533583954,1.5640306058830131,5.867399479962948
spliceai_walker,pm12,0.9869862198829651,0.0028231143951416016,99,1,4.555970149253731,1.3378697732473477,7.353558533583954,7.353558533583954,1.5640306058830131,5.867399479962948
spliceai_walker,pm12,0.9870428442955017,0.002838313579559326,99,1,4.555970149253731,1.3548281664135322,7.351041991935592,7.351041991935592,1.5631938543118393,5.872020075282308
spliceai_walker,pm12,0.9870582818984985,0.0028228759765625,99,1,4.555970149253731,1.3548281664135322,7.351041991935592,7.351041991935592,1.5631938543118393,5.872020075282308
spliceai_walker,pm12,0.9871008396148682,0.002780318260192871,99,1,4.555970149253731,1.3548281664135322,7.351041991935592,7.351041991935592,1.5631938543118393,5.872020075282308
spliceai_walker,pm12,0.987151026725769,0.002730131149291992,99,1,4.555970149253731,1.3548281664135322,7.351041991935592,7.351041991935592,1.5631938543118393,5.872020075282308
spliceai_walker,pm12,0.9871814846992493,0.002740919589996338,99,1,4.555970149253731,1.3645445026178011,7.352941176470589,7.352941176470589,1.5647107781939242,5.8734335839598995
spliceai_walker,pm12,0.9872394800186157,0.002774655818939209,99,1,4.555970149253731,1.3645445026178011,7.352941176470589,7.352941176470589,1.5647107781939242,5.8734335839598995
spliceai_walker,pm12,0.9872686862945557,0.0028038620948791504,99,1,4.555970149253731,1.3645445026178011,7.352941176470589,7.352941176470589,1.5647107781939242,5.8734335839598995
spliceai_walker,pm12,0.9872729778289795,0.0028081536293029785,99,1,4.555970149253731,1.3645445026178011,7.352941176470589,7.352941176470589,1.5647107781939242,5.8734335839598995
spliceai_walker,pm12,0.9874094724655151,0.0028700828552246094,99,1,4.555970149253731,1.3694715319282793,7.239130434782609,7.239130434782609,1.565217391304348,5.872020075282308
spliceai_walker,pm12,0.9874804615974426,0.002799093723297119,99,1,4.555970149253731,1.3694715319282793,7.239130434782609,7.239130434782609,1.565217391304348,5.872020075282308
spliceai_walker,pm12,0.9874840378761292,0.0027955174446105957,99,1,4.555970149253731,1.3694715319282793,7.239130434782609,7.239130434782609,1.565217391304348,5.872020075282308
spliceai_walker,pm12,0.987510621547699,0.0027689337730407715,99,1,4.555970149253731,1.3694715319282793,7.239130434782609,7.239130434782609,1.565217391304348,5.872020075282308
spliceai_walker,pm12,0.9875386357307434,0.002747654914855957,99,1,4.555970149253731,1.3645445026178011,7.304347826086957,7.304347826086957,1.5767678412555144,5.86614130494977
spliceai_walker,pm12,0.9875553846359253,0.0027309060096740723,99,1,4.555970149253731,1.3645445026178011,7.304347826086957,7.304347826086957,1.5767678412555144,5.86614130494977
spliceai_walker,pm12,0.9875614643096924,0.0027248263359069824,99,1,4.555970149253731,1.3645445026178011,7.304347826086957,7.304347826086957,1.5767678412555144,5.86614130494977
spliceai_walker,pm12,0.9875643849372864,0.0027219057083129883,99,1,4.555970149253731,1.3645445026178011,7.304347826086957,7.304347826086957,1.5767678412555144,5.86614130494977
spliceai_walker,pm12,0.9876601696014404,0.0026274919509887695,99,1,4.555970149253731,1.350785340314136,7.329453038641375,7.329453038641375,1.5716635046919625,5.870168424471704
spliceai_walker,pm12,0.9876620173454285,0.0026256442070007324,99,1,4.555970149253731,1.350785340314136,7.329453038641375,7.329453038641375,1.5716635046919625,5.870168424471704
spliceai_walker,pm12,0.987662672996521,0.002624988555908203,99,1,4.555970149253731,1.350785340314136,7.329453038641375,7.329453038641375,1.5716635046919625,5.870168424471704
spliceai_walker,pm12,0.9876633882522583,0.0026242733001708984,99,1,4.555970149253731,1.350785340314136,7.329453038641375,7.329453038641375,1.5716635046919625,5.870168424471704
spliceai_walker,pm12,0.9876832962036133,0.002604365348815918,99,1,4.555970149253731,1.350785340314136,7.329453038641375,7.329453038641375,1.5716635046919625,5.870168424471704
spliceai_walker,pm12,0.987690806388855,0.0025968551635742188,99,1,4.555970149253731,1.350785340314136,7.329453038641375,7.329453038641375,1.5716635046919625,5.870168424471704
spliceai_walker,pm12,0.9879794120788574,0.0024549365043640137,99,1,4.555970149253731,1.3520193591455274,7.21058434399118,7.21058434399118,1.5631128666274476,5.870113493064314
spliceai_walker,pm12,0.987987220287323,0.0024471282958984375,99,1,4.555970149253731,1.3520193591455274,7.21058434399118,7.21058434399118,1.5631128666274476,5.870113493064314
spliceai_walker,pm12,0.9880308508872986,0.0024034976959228516,99,1,4.555970149253731,1.3520193591455274,7.21058434399118,7.21058434399118,1.5631128666274476,5.870113493064314
spliceai_walker,pm12,0.9882182478904724,0.002514481544494629,99,1,4.555970149253731,1.3688251001335114,7.409040793825799,7.409040793825799,1.558762753689792,5.866082603254068
spliceai_walker,pm12,0.9886400103569031,0.0026197433471679688,98,2,2.2549751243781095,0.8115604182827872,5.985104270109235,5.985104270109235,0.9801980198019802,5.374531835205992
spliceai_walker,pm12,0.9887425303459167,0.0027222633361816406,98,2,2.2549751243781095,0.8115604182827872,5.985104270109235,5.985104270109235,0.9801980198019802,5.374531835205992
spliceai_walker,pm12,0.9887886643409729,0.002768397331237793,98,2,2.2549751243781095,0.8115604182827872,5.985104270109235,5.985104270109235,0.9801980198019802,5.374531835205992
spliceai_walker,pm12,0.9888047575950623,0.0027844905853271484,98,2,2.2549751243781095,0.8115604182827872,5.985104270109235,5.985104270109235,0.9801980198019802,5.374531835205992
spliceai_walker,pm12,0.9888119101524353,0.0027846097946166992,98,2,2.2549751243781095,0.8115604182827872,5.985104270109235,5.985104270109235,0.9795539033457249,5.361702127659575
spliceai_walker,pm12,0.9888967871665955,0.002858459949493408,98,2,2.2549751243781095,0.8115604182827872,5.985104270109235,5.985104270109235,0.9795539033457249,5.361702127659575
spliceai_walker,pm12,0.9889345169067383,0.0028961896896362305,98,2,2.2549751243781095,0.8115604182827872,5.985104270109235,5.985104270109235,0.9795539033457249,5.361702127659575
spliceai_walker,pm12,0.9889468550682068,0.0029082298278808594,98,2,2.2549751243781095,0.800395256916996,6.033763654419067,6.033763654419067,0.9787538582906337,5.374531835205992
spliceai_walker,pm12,0.9890210032463074,0.0029753446578979492,98,2,2.2549751243781095,0.8102766798418973,5.985444548709492,5.985444548709492,0.9789652038775628,5.387183565150289
spliceai_walker,pm12,0.9894300103187561,0.003122270107269287,97,3,1.4879767827529022,0.7471264367816092,4.877948717948717,4.877948717948717,0.7256122872561229,4.745785275028268
spliceai_walker,pm12,0.9895951151847839,0.003095269203186035,96,4,1.1044776119402984,0.6832298136645962,2.1434540389972145,2.1434540389972145,0.5905836901763596,3.8575239276852127
spliceai_walker,pm12,0.9896358847618103,0.0030655264854431152,96,4,1.1044776119402984,0.6809954751131222,2.16991643454039,2.16991643454039,0.5921042417253227,3.8654320987654325
spliceai_walker,pm12,0.9897289276123047,0.003039836883544922,96,4,1.1044776119402984,0.6935270805812418,2.146084337349398,2.146084337349398,0.5904728647268769,3.8654320987654325
spliceai_walker,pm12,0.9898093342781067,0.0029664039611816406,96,4,1.1044776119402984,0.6990407673860912,2.1297709923664123,2.1297709923664123,0.5893300248138957,3.8656716417910446
spliceai_walker,pm12,0.989881157875061,0.002968907356262207,96,4,1.1044776119402984,0.703763440860215,2.1158361964996,2.1158361964996,0.5893727512406948,3.86614578528863
spliceai_walker,pm12,0.9899224042892456,0.002965867519378662,96,4,1.1044776119402984,0.7120211360634082,2.099184782608696,2.099184782608696,0.5915317559153176,3.8799753862372532
spliceai_walker,pm12,0.990271270275116,0.00286179780960083,95,5,0.8743781094527363,0.598076146076146,1.848447204968944,1.848447204968944,0.4950386767301265,2.4371186466898203
spliceai_walker,pm12,0.9902795553207397,0.0028700828552246094,95,5,0.8743781094527363,0.598076146076146,1.848447204968944,1.848447204968944,0.4950386767301265,2.4371186466898203
spliceai_walker,pm12,0.9902862906455994,0.0028768181800842285,95,5,0.8743781094527363,0.598076146076146,1.848447204968944,1.848447204968944,0.4950386767301265,2.4371186466898203
spliceai_walker,pm12,0.9902876615524292,0.0028781890869140625,95,5,0.8743781094527363,0.598076146076146,1.848447204968944,1.848447204968944,0.4950386767301265,2.4371186466898203
spliceai_walker,pm12,0.9902995228767395,0.002868831157684326,95,5,0.8743781094527363,0.5881931818181818,1.8695371669004206,1.8695371669004206,0.49698398360132784,2.441605512988795
spliceai_walker,pm12,0.9903243184089661,0.0028440356254577637,95,5,0.8743781094527363,0.5881931818181818,1.8695371669004206,1.8695371669004206,0.49698398360132784,2.441605512988795
spliceai_walker,pm12,0.9903260469436646,0.002842545509338379,95,5,0.8743781094527363,0.5717713727400526,1.916166418831004,1.916166418831004,0.4951978331098223,2.4469413233458175
spliceai_walker,pm12,0.9904343485832214,0.002827942371368408,95,5,0.8743781094527363,0.572463768115942,1.9125897481167606,1.9125897481167606,0.49382716049382713,2.4373564630264815
spliceai_walker,pm12,0.9905493855476379,0.002866089344024658,95,5,0.8743781094527363,0.5670012938736112,1.9062452972159516,1.9062452972159516,0.4921383276221986,2.4600386052303853
spliceai_walker,pm12,0.9906385540962219,0.0027917027473449707,95,5,0.8743781094527363,0.5758683729433273,1.8738019169329074,1.8738019169329074,0.4942471436478286,2.459193678017416
spliceai_walker,pm12,0.990766167640686,0.002778947353363037,95,5,0.8743781094527363,0.5652173913043479,1.900958466453674,1.900958466453674,0.49382716049382713,2.4565572960946116
spliceai_walker,pm12,0.9907993078231812,0.002772688865661621,95,5,0.8743781094527363,0.5725312096427034,1.862211981566819,1.862211981566819,0.49424581019339087,2.4521666666666606
spliceai_walker,pm12,0.9908051490783691,0.0027742981910705566,95,5,0.8743781094527363,0.5725312096427034,1.862211981566819,1.862211981566819,0.49424581019339087,2.4521666666666606
spliceai_walker,pm12,0.9908108115196228,0.0027799606323242188,95,5,0.8743781094527363,0.5725312096427034,1.862211981566819,1.862211981566819,0.49424581019339087,2.4521666666666606
spliceai_walker,pm12,0.9910848140716553,0.0026469826698303223,95,5,0.8743781094527363,0.5485027743923828,1.915091210613598,1.915091210613598,0.494236120720139,2.4557356608478806
spliceai_walker,pm12,0.991145670413971,0.0025861263275146484,95,5,0.8743781094527363,0.5485027743923828,1.915091210613598,1.915091210613598,0.494236120720139,2.4557356608478806
spliceai_walker,pm12,0.9911481738090515,0.002583622932434082,95,5,0.8743781094527363,0.5485027743923828,1.915091210613598,1.915091210613598,0.494236120720139,2.4557356608478806
spliceai_walker,pm12,0.991148829460144,0.0025829672813415527,95,5,0.8743781094527363,0.5485027743923828,1.915091210613598,1.915091210613598,0.494236120720139,2.4557356608478806
spliceai_walker,pm12,0.9911501407623291,0.002581655979156494,95,5,0.8743781094527363,0.5485027743923828,1.915091210613598,1.915091210613598,0.494236120720139,2.4557356608478806
spliceai_walker,pm12,0.9911513328552246,0.0025804638862609863,95,5,0.8743781094527363,0.5485027743923828,1.915091210613598,1.915091210613598,0.494236120720139,2.4557356608478806
spliceai_walker,pm12,0.991188108921051,0.0025480985641479492,95,5,0.8743781094527363,0.5485027743923828,1.915091210613598,1.915091210613598,0.494236120720139,2.4557356608478806
spliceai_walker,pm12,0.991596519947052,0.002521038055419922,96,4,1.1044776119402984,0.6902240850294062,2.1057579318448885,2.1057579318448885,0.5881337670315734,3.9292416225749465
spliceai_walker,pm12,0.9918328523635864,0.002353489398956299,96,4,1.1044776119402984,0.7051282051282052,2.0681551116333723,2.0681551116333723,0.588183950030664,3.928571428571429
spliceai_walker,pm12,0.9919078350067139,0.0023099184036254883,96,4,1.1044776119402984,0.7220430107526882,2.0355837677260245,2.0355837677260245,0.588183950030664,3.9241186043135756
spliceai_walker,pm12,0.9920002222061157,0.002271294593811035,96,4,1.1044776119402984,0.7222222222222221,1.9929494712103408,1.9929494712103408,0.5895459215721464,3.9390563714171343
spliceai_walker,pm12,0.992006778717041,0.002277851104736328,96,4,1.1044776119402984,0.7222222222222221,1.9929494712103408,1.9929494712103408,0.5895459215721464,3.9390563714171343
spliceai_walker,pm12,0.9920510649681091,0.0023221373558044434,96,4,1.1044776119402984,0.7222222222222221,1.9929494712103408,1.9929494712103408,0.5895459215721464,3.9390563714171343
spliceai_walker,pm12,0.9920807480812073,0.0022945404052734375,96,4,1.1044776119402984,0.7382450159001956,1.9553466509988249,1.9553466509988249,0.5898389095415117,3.9207920792079207
spliceai_walker,pm12,0.9921020865440369,0.0022776126861572266,96,4,1.1044776119402984,0.7371794871794872,1.9177438307873091,1.9177438307873091,0.5898389095415117,3.920806729254923
spliceai_walker,pm12,0.9923633933067322,0.0020867586135864258,96,4,1.1044776119402984,0.7402843601895734,1.9275965159655166,1.9275965159655166,0.5877551020408163,3.9207920792079207
spliceai_walker,pm12,0.9923716187477112,0.0020920634269714355,96,4,1.1044776119402984,0.7402843601895734,1.9275965159655166,1.9275965159655166,0.5877551020408163,3.9207920792079207
spliceai_walker,pm12,0.9924510717391968,0.002163410186767578,96,4,1.1044776119402984,0.7418546365914788,1.9275965159655166,1.9275965159655166,0.5896197007481297,3.9214193691044477
spliceai_walker,pm12,0.992458164691925,0.002158641815185547,96,4,1.1044776119402984,0.7334851936218679,1.9275965159655166,1.9275965159655166,0.5913572906066984,3.921175104747531
spliceai_walker,pm12,0.9925522804260254,0.00222623348236084,96,4,1.1044776119402984,0.7051214732472073,1.9255346805392564,1.9255346805392564,0.5892624223602485,3.9207920792079207
spliceai_walker,pm12,0.9926369190216064,0.0022025704383850098,96,4,1.1044776119402984,0.6981757112750264,1.9255346805392564,1.9255346805392564,0.5904874717966987,3.9211410182114053
spliceai_walker,pm12,0.9926581382751465,0.002223789691925049,96,4,1.1044776119402984,0.6981757112750264,1.9255346805392564,1.9255346805392564,0.5904874717966987,3.9211410182114053
spliceai_walker,pm12,0.9926697015762329,0.002233564853668213,96,4,1.1044776119402984,0.7015449438202248,1.9572748267898383,1.9572748267898383,0.5914744933612858,3.9207920792079207
spliceai_walker,pm12,0.9926736354827881,0.002229630947113037,96,4,1.1044776119402984,0.7015449438202248,1.9572748267898383,1.9572748267898383,0.5914744933612858,3.9207920792079207
spliceai_walker,pm12,0.9926773309707642,0.002225935459136963,96,4,1.1044776119402984,0.7015449438202248,1.9572748267898383,1.9572748267898383,0.5914744933612858,3.9207920792079207
spliceai_walker,pm12,0.9926887154579163,0.0022145509719848633,96,4,1.1044776119402984,0.7015449438202248,1.9572748267898383,1.9572748267898383,0.5914744933612858,3.9207920792079207
spliceai_walker,pm12,0.99269038438797,0.0022128820419311523,96,4,1.1044776119402984,0.7015449438202248,1.9572748267898383,1.9572748267898383,0.5914744933612858,3.9207920792079207
spliceai_walker,pm12,0.9927014112472534,0.002201855182647705,96,4,1.1044776119402984,0.7015449438202248,1.9572748267898383,1.9572748267898383,0.5914744933612858,3.9207920792079207
spliceai_walker,pm12,0.9927240610122681,0.0021792054176330566,96,4,1.1044776119402984,0.7015449438202248,1.9572748267898383,1.9572748267898383,0.5914744933612858,3.9207920792079207
spliceai_walker,pm12,0.9927400350570679,0.0021906495094299316,96,4,1.1044776119402984,0.7015449438202248,1.9572748267898383,1.9572748267898383,0.5914744933612858,3.9207920792079207
spliceai_walker,pm12,0.9927687644958496,0.0021881461143493652,96,4,1.1044776119402984,0.7015449438202248,1.9572748267898383,1.9572748267898383,0.5922212596259626,3.9286689117334266
spliceai_walker,pm12,0.9927694797515869,0.0021874308586120605,96,4,1.1044776119402984,0.7015449438202248,1.9572748267898383,1.9572748267898383,0.5922212596259626,3.9286689117334266
spliceai_walker,pm12,0.9927727580070496,0.002184152603149414,96,4,1.1044776119402984,0.7015449438202248,1.9572748267898383,1.9572748267898383,0.5922212596259626,3.9286689117334266
spliceai_walker,pm12,0.9927757382392883,0.0021811723709106445,96,4,1.1044776119402984,0.7015449438202248,1.9572748267898383,1.9572748267898383,0.5922212596259626,3.9286689117334266
spliceai_walker,pm12,0.9928113222122192,0.0021727681159973145,96,4,1.1044776119402984,0.7015449438202248,1.9572748267898383,1.9572748267898383,0.5922212596259626,3.9286689117334266
spliceai_walker,pm12,0.9928202033042908,0.0021816492080688477,96,4,1.1044776119402984,0.7015449438202248,1.9572748267898383,1.9572748267898383,0.5922212596259626,3.9286689117334266
spliceai_walker,pm12,0.9928544163703918,0.002174973487854004,96,4,1.1044776119402984,0.7104452910771919,1.9207792207792207,1.9207792207792207,0.5904874717966987,3.9422123548579524
spliceai_walker,pm12,0.9928613901138306,0.002167999744415283,96,4,1.1044776119402984,0.7104452910771919,1.9207792207792207,1.9207792207792207,0.5904874717966987,3.9422123548579524
spliceai_walker,pm12,0.9928786754608154,0.00215071439743042,96,4,1.1044776119402984,0.7104452910771919,1.9207792207792207,1.9207792207792207,0.5904874717966987,3.9422123548579524
spliceai_walker,pm12,0.9928882718086243,0.002141118049621582,96,4,1.1044776119402984,0.7104452910771919,1.9207792207792207,1.9207792207792207,0.5904874717966987,3.9422123548579524
spliceai_walker,pm12,0.9928939342498779,0.00213545560836792,96,4,1.1044776119402984,0.7104452910771919,1.9207792207792207,1.9207792207792207,0.5904874717966987,3.9422123548579524
spliceai_walker,pm12,0.9929576516151428,0.002191483974456787,96,4,1.1044776119402984,0.7104452910771919,1.9207792207792207,1.9207792207792207,0.5904874717966987,3.9422123548579524
spliceai_walker,pm12,0.9929623603820801,0.002196192741394043,96,4,1.1044776119402984,0.7104452910771919,1.9207792207792207,1.9207792207792207,0.5904874717966987,3.9422123548579524
spliceai_walker,pm12,0.9930201768875122,0.0022208690643310547,96,4,1.1044776119402984,0.7067024169826915,1.964935064935065,1.964935064935065,0.5916754059064776,3.9278108877423943
spliceai_walker,pm12,0.9930213689804077,0.0022220611572265625,96,4,1.1044776119402984,0.7067024169826915,1.964935064935065,1.964935064935065,0.5916754059064776,3.9278108877423943
spliceai_walker,pm12,0.9930393695831299,0.002234220504760742,96,4,1.1044776119402984,0.7030625832223701,1.987012987012987,1.987012987012987,0.5893300248138957,3.951807288966862
spliceai_walker,pm12,0.993051290512085,0.002243638038635254,96,4,1.1044776119402984,0.68416447944007,2.0090909090909093,2.0090909090909093,0.5898389095415117,3.935732305804765
spliceai_walker,pm12,0.9930983185768127,0.0022122859954833984,96,4,1.1044776119402984,0.6678526048284625,2.0090909090909093,2.0090909090909093,0.5898389095415117,3.9231298364962206
spliceai_walker,pm12,0.9931058287620544,0.0022047758102416992,96,4,1.1044776119402984,0.6678526048284625,2.0090909090909093,2.0090909090909093,0.5898389095415117,3.9231298364962206
spliceai_walker,pm12,0.993107259273529,0.00220334529876709,96,4,1.1044776119402984,0.6678526048284625,2.0090909090909093,2.0090909090909093,0.5898389095415117,3.9231298364962206
spliceai_walker,pm12,0.993108868598938,0.0022017359733581543,96,4,1.1044776119402984,0.6678526048284625,2.0090909090909093,2.0090909090909093,0.5898389095415117,3.9231298364962206
spliceai_walker,pm12,0.9931106567382812,0.0021999478340148926,96,4,1.1044776119402984,0.6678526048284625,2.0090909090909093,2.0090909090909093,0.5898389095415117,3.9231298364962206
spliceai_walker,pm12,0.9931683540344238,0.0021422505378723145,96,4,1.1044776119402984,0.6678526048284625,2.0090909090909093,2.0090909090909093,0.5898389095415117,3.9231298364962206
spliceai_walker,pm12,0.9931685924530029,0.002142012119293213,96,4,1.1044776119402984,0.6678526048284625,2.0090909090909093,2.0090909090909093,0.5898389095415117,3.9231298364962206
spliceai_walker,pm12,0.9931763410568237,0.002134263515472412,96,4,1.1044776119402984,0.6678526048284625,2.0090909090909093,2.0090909090909093,0.5898389095415117,3.9231298364962206
spliceai_walker,pm12,0.9931908249855042,0.002119779586791992,96,4,1.1044776119402984,0.6678526048284625,2.0090909090909093,2.0090909090909093,0.5898389095415117,3.9231298364962206
spliceai_walker,pm12,0.9931989312171936,0.00211411714553833,96,4,1.1044776119402984,0.6678526048284625,2.0090909090909093,2.0090909090909093,0.5898389095415117,3.9231298364962206
spliceai_walker,pm12,0.9932023286819458,0.0021175146102905273,96,4,1.1044776119402984,0.6678526048284625,2.0090909090909093,2.0090909090909093,0.5898389095415117,3.9231298364962206
spliceai_walker,pm12,0.9932538866996765,0.0021025538444519043,96,4,1.1044776119402984,0.6625185901128261,1.9721689059500962,1.9721689059500962,0.5888156779825714,3.9163541304228384
spliceai_walker,pm12,0.9932622909545898,0.0021109580993652344,96,4,1.1044776119402984,0.6625185901128261,1.9721689059500962,1.9721689059500962,0.5888156779825714,3.9163541304228384
spliceai_walker,pm12,0.9932827353477478,0.0021129250526428223,96,4,1.1044776119402984,0.6709451575262544,1.9453658520602515,1.9453658520602515,0.5888198757763975,3.9390563714171343
spliceai_walker,pm12,0.9932894110679626,0.0021062493324279785,96,4,1.1044776119402984,0.6709451575262544,1.9453658520602515,1.9453658520602515,0.5888198757763975,3.9390563714171343
spliceai_walker,pm12,0.9933029413223267,0.0020952224731445312,97,3,1.4879767827529022,0.7931034482758621,2.218257445583627,2.218257445583627,0.7256122872561229,4.771051838595905
spliceai_walker,pm12,0.9933790564537048,0.0020191073417663574,97,3,1.4879767827529022,0.7931034482758621,2.218257445583627,2.218257445583627,0.7256122872561229,4.771051838595905
spliceai_walker,pm12,0.9934236407279968,0.0019745230674743652,97,3,1.4879767827529022,0.7931034482758621,2.218257445583627,2.218257445583627,0.7256122872561229,4.771051838595905
spliceai_walker,pm12,0.9934302568435669,0.001967906951904297,97,3,1.4879767827529022,0.7931034482758621,2.218257445583627,2.218257445583627,0.7256122872561229,4.771051838595905
spliceai_walker,pm12,0.9934331774711609,0.0019649863243103027,97,3,1.4879767827529022,0.7931034482758621,2.218257445583627,2.218257445583627,0.7256122872561229,4.771051838595905
spliceai_walker,pm12,0.9935719966888428,0.0018290877342224121,97,3,1.4879767827529022,0.7816091954022989,2.2268238454835902,2.2268238454835902,0.7248214285714285,4.770899683737444
spliceai_walker,pm12,0.993596613407135,0.0018044710159301758,97,3,1.4879767827529022,0.7816091954022989,2.2268238454835902,2.2268238454835902,0.7248214285714285,4.770899683737444
spliceai_walker,pm12,0.9937317967414856,0.0016855597496032715,97,3,1.4879767827529022,0.8397564402810305,2.142122939678267,2.142122939678267,0.7248214285714285,4.779156327543425
spliceai_walker,pm12,0.9937392473220825,0.0016881823539733887,97,3,1.4879767827529022,0.8397564402810305,2.142122939678267,2.142122939678267,0.7248214285714285,4.779156327543425
spliceai_walker,pm12,0.993757963180542,0.0016772150993347168,97,3,1.4879767827529022,0.8348857121015214,2.1130653266331656,2.1130653266331656,0.7246592317224287,4.779576587795766
spliceai_walker,pm12,0.9937637448310852,0.0016829967498779297,97,3,1.4879767827529022,0.8348857121015214,2.1130653266331656,2.1130653266331656,0.7246592317224287,4.779576587795766
spliceai_walker,pm12,0.9938069581985474,0.0016428828239440918,98,2,2.2549751243781095,1.3727089132118118,3.6055155875299763,3.6055155875299763,0.968789013732834,5.347531078902991
spliceai_walker,pm12,0.9938104152679443,0.0016394257545471191,98,2,2.2549751243781095,1.3727089132118118,3.6055155875299763,3.6055155875299763,0.968789013732834,5.347531078902991
spliceai_walker,pm12,0.9939185976982117,0.0015430450439453125,98,2,2.2549751243781095,1.3660598279693366,3.637636623748212,3.637636623748212,0.9690210656753407,5.349127182044888
spliceai_walker,pm12,0.9939595460891724,0.0015063285827636719,98,2,2.2549751243781095,1.358885017421603,3.5683453237410077,3.5683453237410077,0.9671694562232643,5.343320848938826
spliceai_walker,pm12,0.9940246939659119,0.0014580488204956055,98,2,2.2549751243781095,1.358885017421603,3.566617862371889,3.566617862371889,0.9699876237623761,5.343320848938826
spliceai_walker,pm12,0.9941175580024719,0.0014478564262390137,99,1,4.555970149253731,1.367517605633803,7.709241952232606,7.709241952232606,1.5497915557513786,5.834814116897057
spliceai_walker,pm12,0.9941863417625427,0.0014849305152893066,99,1,4.555970149253731,1.3318777292576418,7.814964610717897,7.814964610717897,1.5616438356164384,5.819548872180451
spliceai_walker,pm12,0.9942177534103394,0.001493692398071289,99,1,4.555970149253731,1.3081019962570182,7.900665934947336,7.900665934947336,1.5632711717334713,5.827500000000001
spliceai_walker,pm12,0.9942516088485718,0.0014868378639221191,99,1,4.555970149253731,1.303325748408481,8.072041834952996,8.072041834952996,1.5624571917808219,5.819548872180451
spliceai_walker,pm12,0.9943752884864807,0.0015208721160888672,99,1,4.555970149253731,1.191637630662021,8.435898845519512,8.435898845519512,1.5589626547804987,5.842499999999999
spliceai_walker,pm12,0.9943796992301941,0.001525282859802246,99,1,4.555970149253731,1.191637630662021,8.435898845519512,8.435898845519512,1.5589626547804987,5.842499999999999
spliceai_walker,pm12,0.994379997253418,0.001525580883026123,99,1,4.555970149253731,1.191637630662021,8.435898845519512,8.435898845519512,1.5589626547804987,5.842499999999999
spliceai_walker,pm12,0.9943931102752686,0.001538693904876709,99,1,4.555970149253731,1.191637630662021,8.435898845519512,8.435898845519512,1.5589626547804987,5.842499999999999
spliceai_walker,pm12,0.9944501519203186,0.0015732049942016602,98,2,2.2549751243781095,1.1428571428571428,3.546891464699684,3.546891464699684,0.972972972972973,5.328014392991238
spliceai_walker,pm12,0.9944698810577393,0.0015816092491149902,98,2,2.2549751243781095,1.1224210936821348,3.6164383561643834,3.6164383561643834,0.9758003647200651,5.323345817727841
spliceai_walker,pm12,0.9944983720779419,0.0015957951545715332,98,2,2.2549751243781095,1.0314136018814695,3.7207586933614327,3.7207586933614327,0.9777221526908637,5.343320848938826
spliceai_walker,pm12,0.9946165680885315,0.00159454345703125,97,3,1.4879767827529022,0.7754775747508306,2.8187390710382503,2.8187390710382503,0.7237144382845307,4.747164777713514
spliceai_walker,pm12,0.9946507811546326,0.0015994906425476074,96,4,1.1044776119402984,0.5883817859202619,2.781582054309327,2.781582054309327,0.5804668304668306,4.002475247524752
spliceai_walker,pm12,0.9947299957275391,0.0015801191329956055,96,4,1.1044776119402984,0.5155934926426062,4.333452225230428,4.333452225230428,0.5813664596273291,3.9555624227441277
spliceai_walker,pm12,0.9948201775550842,0.0015578866004943848,95,5,0.8743781094527363,0.41730246233964813,4.477011494252873,4.477011494252873,0.4950433705080545,2.4851021455223874
spliceai_walker,pm12,0.9949032664299011,0.0015875697135925293,94,6,0.7209784411276948,0.3403361344537815,4.445682451253482,4.445682451253482,0.4257530616827267,1.7511967035744633
spliceai_walker,pm12,0.994956910610199,0.001534879207611084,94,6,0.7209784411276948,0.3316192447181776,4.512665862484922,4.512665862484922,0.42459332781913434,1.7484663115648522
spliceai_walker,pm12,0.9950293898582458,0.0014843344688415527,94,6,0.7209784411276948,0.3374606918238994,4.393708565879621,4.393708565879621,0.42410064935064934,1.748849580030023
spliceai_walker,pm12,0.9952365756034851,0.0014296174049377441,94,6,0.7209784411276948,0.34526012597484096,4.301689760054072,4.301689760054072,0.42323187333332435,1.75
spliceai_walker,pm12,0.9952530264854431,0.001446068286895752,94,6,0.7209784411276948,0.34526012597484096,4.301689760054072,4.301689760054072,0.42323187333332435,1.75
spliceai_walker,pm12,0.9952949285507202,0.001476883888244629,94,6,0.7209784411276948,0.3459748291201042,4.357056694813028,4.357056694813028,0.42346057746998267,1.7507017812165442
spliceai_walker,pm12,0.9953106045722961,0.0014612078666687012,94,6,0.7209784411276948,0.3459748291201042,4.357056694813028,4.357056694813028,0.42346057746998267,1.7507017812165442
spliceai_walker,pm12,0.995323896408081,0.001447916030883789,94,6,0.7209784411276948,0.3459748291201042,4.357056694813028,4.357056694813028,0.42346057746998267,1.7507017812165442
spliceai_walker,pm12,0.9953358173370361,0.001435995101928711,94,6,0.7209784411276948,0.3459748291201042,4.357056694813028,4.357056694813028,0.42346057746998267,1.7507017812165442
spliceai_walker,pm12,0.995339035987854,0.0014327764511108398,94,6,0.7209784411276948,0.3459748291201042,4.357056694813028,4.357056694813028,0.42346057746998267,1.7507017812165442
spliceai_walker,pm12,0.9953445792198181,0.0014272332191467285,94,6,0.7209784411276948,0.3459748291201042,4.357056694813028,4.357056694813028,0.42346057746998267,1.7507017812165442
spliceai_walker,pm12,0.9953562021255493,0.0014246702194213867,94,6,0.7209784411276948,0.3414823773984355,4.402389022171412,4.402389022171412,0.42312138626373796,1.7602125776373818
spliceai_walker,pm12,0.9953956604003906,0.001396775245666504,94,6,0.7209784411276948,0.3414823773984355,4.402389022171412,4.402389022171412,0.42484472049689437,1.7604270315091182
spliceai_walker,pm12,0.9953981637954712,0.0013942718505859375,94,6,0.7209784411276948,0.3414823773984355,4.402389022171412,4.402389022171412,0.42484472049689437,1.7604270315091182
spliceai_walker,pm12,0.9954010844230652,0.0013913512229919434,94,6,0.7209784411276948,0.3414823773984355,4.402389022171412,4.402389022171412,0.42484472049689437,1.7604270315091182
spliceai_walker,pm12,0.9954032897949219,0.001389145851135254,94,6,0.7209784411276948,0.3414823773984355,4.402389022171412,4.402389022171412,0.42484472049689437,1.7604270315091182
spliceai_walker,pm12,0.9954054355621338,0.0013870000839233398,94,6,0.7209784411276948,0.3414823773984355,4.402389022171412,4.402389022171412,0.42484472049689437,1.7604270315091182
spliceai_walker,pm12,0.9954122304916382,0.001385331153869629,94,6,0.7209784411276948,0.34152407464160456,4.445034958483141,4.445034958483141,0.42511891398331103,1.7679401221455113
spliceai_walker,pm12,0.9954173564910889,0.0013802051544189453,94,6,0.7209784411276948,0.34152407464160456,4.445034958483141,4.445034958483141,0.42511891398331103,1.7679401221455113
spliceai_walker,pm12,0.9954289197921753,0.0013686418533325195,94,6,0.7209784411276948,0.34152407464160456,4.445034958483141,4.445034958483141,0.42511891398331103,1.7679401221455113
spliceai_walker,pm12,0.9954475164413452,0.0013500452041625977,94,6,0.7209784411276948,0.34152407464160456,4.445034958483141,4.445034958483141,0.42511891398331103,1.7679401221455113
spliceai_walker,pm12,0.9954498410224915,0.0013477206230163574,94,6,0.7209784411276948,0.34152407464160456,4.445034958483141,4.445034958483141,0.42511891398331103,1.7679401221455113
spliceai_walker,pm12,0.9954513311386108,0.0013462305068969727,94,6,0.7209784411276948,0.34152407464160456,4.445034958483141,4.445034958483141,0.42511891398331103,1.7679401221455113
spliceai_walker,pm12,0.995461642742157,0.0013370513916015625,94,6,0.7209784411276948,0.34588088139318,4.357056694813028,4.357056694813028,0.4245839488798084,1.7606739450893654
spliceai_walker,pm12,0.995465874671936,0.0013328194618225098,94,6,0.7209784411276948,0.34588088139318,4.357056694813028,4.357056694813028,0.4245839488798084,1.7606739450893654
spliceai_walker,pm12,0.9954668283462524,0.0013318657875061035,94,6,0.7209784411276948,0.34588088139318,4.357056694813028,4.357056694813028,0.4245839488798084,1.7606739450893654
spliceai_walker,pm12,0.9954827427864075,0.0013159513473510742,94,6,0.7209784411276948,0.34588088139318,4.357056694813028,4.357056694813028,0.4245839488798084,1.7606739450893654
spliceai_walker,pm12,0.9954890608787537,0.0013096332550048828,94,6,0.7209784411276948,0.34588088139318,4.357056694813028,4.357056694813028,0.4245839488798084,1.7606739450893654
spliceai_walker,pm12,0.9955644607543945,0.0012671947479248047,94,6,0.7209784411276948,0.3584967902617432,4.141229616678794,4.141229616678794,0.4259028642590287,1.7606739450893654
spliceai_walker,pm12,0.9955937266349792,0.0012379288673400879,94,6,0.7209784411276948,0.3584967902617432,4.141229616678794,4.141229616678794,0.4259028642590287,1.7606739450893654
spliceai_walker,pm12,0.9956052303314209,0.0012299418449401855,94,6,0.7209784411276948,0.3584967902617432,4.141229616678794,4.141229616678794,0.4259028642590287,1.7606739450893654
spliceai_walker,pm12,0.9956414103507996,0.0012614130973815918,94,6,0.7209784411276948,0.3638490779267478,4.138579828132064,4.138579828132064,0.42594630600364913,1.769724779032174
spliceai_walker,pm12,0.9956632852554321,0.0012701749801635742,94,6,0.7209784411276948,0.3560900331225535,4.164037812432483,4.164037812432483,0.42540073982737364,1.7697541405284207
spliceai_walker,pm12,0.9956669807434082,0.0012738704681396484,94,6,0.7209784411276948,0.3560900331225535,4.164037812432483,4.164037812432483,0.42540073982737364,1.7697541405284207
spliceai_walker,pm12,0.995690643787384,0.001273036003112793,94,6,0.7209784411276948,0.36031323177309443,4.162256666480432,4.162256666480432,0.42540073982737364,1.7666864581466204
spliceai_walker,pm12,0.9957277178764343,0.0012775659561157227,94,6,0.7209784411276948,0.36031323177309443,4.162256666480432,4.162256666480432,0.42540073982737364,1.7666864581466204
spliceai_walker,pm12,0.9957384467124939,0.00127410888671875,94,6,0.7209784411276948,0.3651604731334831,4.153203342618385,4.153203342618385,0.42459332781913434,1.773677736777368
spliceai_walker,pm12,0.9957848787307739,0.0012442469596862793,94,6,0.7209784411276948,0.37655677655677655,3.835342918155638,3.835342918155638,0.42540073982737364,1.76814817255315
spliceai_walker,pm12,0.9957932233810425,0.0012359023094177246,94,6,0.7209784411276948,0.37655677655677655,3.835342918155638,3.835342918155638,0.42540073982737364,1.76814817255315
spliceai_walker,pm12,0.995836079120636,0.0012195110321044922,94,6,0.7209784411276948,0.37655677655677655,3.835342918155638,3.835342918155638,0.42540073982737364,1.76814817255315
spliceai_walker,pm12,0.995861828327179,0.001209557056427002,94,6,0.7209784411276948,0.38384998086490624,3.719322882213703,3.719322882213703,0.4253994528360049,1.7695264992020696
spliceai_walker,pm12,0.9958676695823669,0.0012037158012390137,94,6,0.7209784411276948,0.38384998086490624,3.719322882213703,3.719322882213703,0.4253994528360049,1.7695264992020696
spliceai_walker,pm12,0.995884358882904,0.0011870265007019043,94,6,0.7209784411276948,0.38384998086490624,3.719322882213703,3.719322882213703,0.4253994528360049,1.7695264992020696
spliceai_walker,pm12,0.9960172772407532,0.0010896921157836914,93,7,0.6114072494669509,0.3323449905539458,3.5790108564535585,3.5790108564535585,0.374631820203624,1.3453162016832916
spliceai_walker,pm12,0.9960233569145203,0.0010836124420166016,93,7,0.6114072494669509,0.3323449905539458,3.5790108564535585,3.5790108564535585,0.374631820203624,1.3453162016832916
spliceai_walker,pm12,0.9960391521453857,0.0010821819305419922,93,7,0.6114072494669509,0.3345290050596327,3.5790108564535585,3.5790108564535585,0.3738363074352805,1.3461538461538463
spliceai_walker,pm12,0.9960770010948181,0.0010476112365722656,93,7,0.6114072494669509,0.3345290050596327,3.5790108564535585,3.5790108564535585,0.3738363074352805,1.3461538461538463
spliceai_walker,pm12,0.9960941672325134,0.0010368824005126953,93,7,0.6114072494669509,0.33930857874519843,3.4458204334365328,3.4458204334365328,0.37453183520599254,1.3448702101359702
spliceai_walker,pm12,0.9961217641830444,0.0010092854499816895,93,7,0.6114072494669509,0.33930857874519843,3.4458204334365328,3.4458204334365328,0.37453183520599254,1.3448702101359702
spliceai_walker,pm12,0.9961251616477966,0.0010058879852294922,93,7,0.6114072494669509,0.33930857874519843,3.4458204334365328,3.4458204334365328,0.37453183520599254,1.3448702101359702
spliceai_walker,pm12,0.9961481094360352,0.0009829401969909668,93,7,0.6114072494669509,0.33930857874519843,3.4458204334365328,3.4458204334365328,0.37453183520599254,1.3448702101359702
spliceai_walker,pm12,0.9962111115455627,0.0009580850601196289,93,7,0.6114072494669509,0.33930857874519843,3.4458204334365328,3.4458204334365328,0.3742112482853223,1.3461538461538463
spliceai_walker,pm12,0.9962157607078552,0.0009621977806091309,93,7,0.6114072494669509,0.33622740703787557,3.3847352024922115,3.3847352024922115,0.3734491315136476,1.3482032218091695
spliceai_walker,pm12,0.9962920546531677,0.000925600528717041,93,7,0.6114072494669509,0.34532239515671553,3.4458204334365328,3.4458204334365328,0.3727242527327417,1.3581721317831208
spliceai_walker,pm12,0.9962935447692871,0.0009241104125976562,93,7,0.6114072494669509,0.34532239515671553,3.4458204334365328,3.4458204334365328,0.3727242527327417,1.3581721317831208
spliceai_walker,pm12,0.9962978959083557,0.0009197592735290527,93,7,0.6114072494669509,0.34532239515671553,3.4458204334365328,3.4458204334365328,0.3727242527327417,1.3581721317831208
spliceai_walker,pm12,0.9962990283966064,0.0009186267852783203,93,7,0.6114072494669509,0.34532239515671553,3.4458204334365328,3.4458204334365328,0.3727242527327417,1.3581721317831208
spliceai_walker,pm12,0.9963060617446899,0.0009115934371948242,93,7,0.6114072494669509,0.34532239515671553,3.4458204334365328,3.4458204334365328,0.3727242527327417,1.3581721317831208
spliceai_walker,pm12,0.9963101148605347,0.000914454460144043,93,7,0.6114072494669509,0.34532239515671553,3.4458204334365328,3.4458204334365328,0.3727242527327417,1.3581721317831208
spliceai_walker,pm12,0.9963192343711853,0.0009227395057678223,93,7,0.6114072494669509,0.34532239515671553,3.4458204334365328,3.4458204334365328,0.3723428312980551,1.3603936039360394
spliceai_walker,pm12,0.9963420629501343,0.0009409785270690918,93,7,0.6114072494669509,0.34437543133195303,3.4234016887816647,3.4234016887816647,0.3723428312980551,1.3606702356174196
spliceai_walker,pm12,0.9963542222976685,0.000950932502746582,93,7,0.6114072494669509,0.34437543133195303,3.4234016887816647,3.4234016887816647,0.37199419568822556,1.3558628967724722
spliceai_walker,pm12,0.9963660836219788,0.0009627938270568848,93,7,0.6114072494669509,0.34437543133195303,3.4234016887816647,3.4234016887816647,0.37199419568822556,1.3558628967724722
spliceai_walker,pm12,0.9963676333427429,0.0009643435478210449,93,7,0.6114072494669509,0.34437543133195303,3.4234016887816647,3.4234016887816647,0.37199419568822556,1.3558628967724722
spliceai_walker,pm12,0.9963695406913757,0.0009643435478210449,93,7,0.6114072494669509,0.34437543133195303,3.4234016887816647,3.4234016887816647,0.37233650152010184,1.3568474842278957
spliceai_walker,pm12,0.9963700771331787,0.0009646415710449219,93,7,0.6114072494669509,0.34437543133195303,3.4234016887816647,3.4234016887816647,0.37233650152010184,1.3568474842278957
spliceai_walker,pm12,0.9964188933372498,0.0010015368461608887,93,7,0.6114072494669509,0.3534928463987127,3.2226362973359746,3.2226362973359746,0.37233650152010184,1.3525721455457969
spliceai_walker,pm12,0.9964489340782166,0.0010014176368713379,93,7,0.6114072494669509,0.34924965893587995,3.275862068965518,3.275862068965518,0.3723428312980551,1.3527696252250259
spliceai_walker,pm12,0.9964897036552429,0.00103837251663208,93,7,0.6114072494669509,0.34563390573620756,3.239058739638113,3.239058739638113,0.3720204050254788,1.3471177944862154
spliceai_walker,pm12,0.9964908361434937,0.0010395050048828125,93,7,0.6114072494669509,0.34563390573620756,3.239058739638113,3.239058739638113,0.3720204050254788,1.3471177944862154
spliceai_walker,pm12,0.9964917898178101,0.0010404586791992188,93,7,0.6114072494669509,0.34563390573620756,3.239058739638113,3.239058739638113,0.3720204050254788,1.3471177944862154
spliceai_walker,pm12,0.9964976906776428,0.0010463595390319824,93,7,0.6114072494669509,0.34563390573620756,3.239058739638113,3.239058739638113,0.3720204050254788,1.3471177944862154
spliceai_walker,pm12,0.996508777141571,0.001057446002960205,93,7,0.6114072494669509,0.34563390573620756,3.239058739638113,3.239058739638113,0.3720204050254788,1.3471177944862154
spliceai_walker,pm12,0.9965137243270874,0.0010623931884765625,93,7,0.6114072494669509,0.34563390573620756,3.239058739638113,3.239058739638113,0.3720204050254788,1.3471177944862154
spliceai_walker,pm12,0.9965156316757202,0.001064300537109375,93,7,0.6114072494669509,0.34563390573620756,3.239058739638113,3.239058739638113,0.3720204050254788,1.3471177944862154
spliceai_walker,pm12,0.9965373277664185,0.0010756850242614746,93,7,0.6114072494669509,0.3516483516483517,3.1812599681020712,3.1812599681020712,0.3718091259836738,1.3461538461538463
spliceai_walker,pm12,0.9965604543685913,0.0010945796966552734,93,7,0.6114072494669509,0.347791484281735,3.125880381498649,3.125880381498649,0.3715196508119131,1.3471177944862154
spliceai_walker,pm12,0.9965754151344299,0.0011095404624938965,93,7,0.6114072494669509,0.347791484281735,3.125880381498649,3.125880381498649,0.3715196508119131,1.3471177944862154
spliceai_walker,pm12,0.9965938329696655,0.0011147856712341309,93,7,0.6114072494669509,0.3560133070427188,3.100125353781667,3.100125353781667,0.3716550636290735,1.3477938244567949
spliceai_walker,pm12,0.9966370463371277,0.0010826587677001953,93,7,0.6114072494669509,0.3621690867520308,2.972903225806452,2.972903225806452,0.37075275338299224,1.3523285536962346
spliceai_walker,pm12,0.9967637658119202,0.0010933876037597656,91,9,0.4653123272526257,0.2737382333787224,2.972903225806452,2.972903225806452,0.29816207184628235,0.8854658385093167
spliceai_walker,pm12,0.9967718124389648,0.0010853409767150879,91,9,0.4653123272526257,0.2737382333787224,2.972903225806452,2.972903225806452,0.29816207184628235,0.8854658385093167
spliceai_walker,pm12,0.9967808723449707,0.0010793209075927734,91,9,0.4653123272526257,0.2737382333787224,2.972903225806452,2.972903225806452,0.2984169842201539,0.8856872763320323
spliceai_walker,pm12,0.9967924356460571,0.0010677576065063477,91,9,0.4653123272526257,0.2737382333787224,2.972903225806452,2.972903225806452,0.2984169842201539,0.8856872763320323
spliceai_walker,pm12,0.9967975616455078,0.0010698437690734863,91,9,0.4653123272526257,0.2737382333787224,2.972903225806452,2.972903225806452,0.2984169842201539,0.8856872763320323
spliceai_walker,pm12,0.9967986941337585,0.0010709762573242188,91,9,0.4653123272526257,0.2737382333787224,2.972903225806452,2.972903225806452,0.2984169842201539,0.8856872763320323
spliceai_walker,pm12,0.9968097805976868,0.001071333885192871,91,9,0.4653123272526257,0.2737382333787224,2.972903225806452,2.972903225806452,0.29775817973819896,0.8858856197565871
spliceai_walker,pm12,0.996811032295227,0.0010725855827331543,91,9,0.4653123272526257,0.2737382333787224,2.972903225806452,2.972903225806452,0.29775817973819896,0.8858856197565871
spliceai_walker,pm12,0.9968316555023193,0.0010800361633300781,90,10,0.4141791044776119,0.2429113924050633,2.972903225806452,2.972903225806452,0.27264975259217433,0.7493098796180983
spliceai_walker,pm12,0.9968753457069397,0.0010904669761657715,90,10,0.4141791044776119,0.2429113924050633,2.972903225806452,2.972903225806452,0.27264975259217433,0.7493098796180983
spliceai_walker,pm12,0.9968820810317993,0.0010972023010253906,90,10,0.4141791044776119,0.2429113924050633,2.972903225806452,2.972903225806452,0.27264975259217433,0.7493098796180983
spliceai_walker,pm12,0.996919572353363,0.0011038780212402344,90,10,0.4141791044776119,0.2414725397500988,3.099476439790576,3.099476439790576,0.2732709038389225,0.7515511948908116
spliceai_walker,pm12,0.9969636797904968,0.001101851463317871,90,10,0.4141791044776119,0.24615384615384617,2.9541884816753927,2.9541884816753927,0.2727355665557913,0.7516666666666667
spliceai_walker,pm12,0.9970125555992126,0.0011281967163085938,90,10,0.4141791044776119,0.2420779220779221,3.0532882508731674,3.0532882508731674,0.2732883002740666,0.7516583747927031
spliceai_walker,pm12,0.9970216751098633,0.0011230111122131348,90,10,0.4141791044776119,0.24019768146828097,3.2170555617723875,3.2170555617723875,0.2728322672352523,0.7515507802971134
spliceai_walker,pm12,0.9970291256904602,0.001115560531616211,90,10,0.4141791044776119,0.24019768146828097,3.2170555617723875,3.2170555617723875,0.2728322672352523,0.7515507802971134
spliceai_walker,pm12,0.9970622062683105,0.0010824799537658691,90,10,0.4141791044776119,0.24019768146828097,3.2170555617723875,3.2170555617723875,0.2728322672352523,0.7515507802971134
spliceai_walker,pm12,0.997071385383606,0.001073300838470459,90,10,0.4141791044776119,0.24019768146828097,3.2170555617723875,3.2170555617723875,0.2728322672352523,0.7515507802971134
spliceai_walker,pm12,0.9970807433128357,0.0010639429092407227,90,10,0.4141791044776119,0.24019768146828097,3.2170555617723875,3.2170555617723875,0.2728322672352523,0.7515507802971134
spliceai_walker,pm12,0.9970872402191162,0.0010699629783630371,90,10,0.4141791044776119,0.24019768146828097,3.2170555617723875,3.2170555617723875,0.2728322672352523,0.7515507802971134
spliceai_walker,pm12,0.9971069693565369,0.0010607242584228516,91,9,0.4653123272526257,0.2682986557986558,3.2170555617723875,3.2170555617723875,0.299625468164794,0.8888993316624894
spliceai_walker,pm12,0.9971213340759277,0.0010463595390319824,91,9,0.4653123272526257,0.2682986557986558,3.2170555617723875,3.2170555617723875,0.299625468164794,0.8888993316624894
spliceai_walker,pm12,0.9971310496330261,0.0010540485382080078,91,9,0.4653123272526257,0.2682986557986558,3.2170555617723875,3.2170555617723875,0.299625468164794,0.8888993316624894
spliceai_walker,pm12,0.9971418976783752,0.0010606050491333008,91,9,0.4653123272526257,0.2682986557986558,3.2170555617723875,3.2170555617723875,0.29963095081012464,0.8847723164208436
spliceai_walker,pm12,0.9971779584884644,0.0010837912559509277,91,9,0.4653123272526257,0.2682986557986558,3.2170555617723875,3.2170555617723875,0.29963095081012464,0.8847723164208436
spliceai_walker,pm12,0.9971870183944702,0.0010928511619567871,91,9,0.4653123272526257,0.2682986557986558,3.2170555617723875,3.2170555617723875,0.29963095081012464,0.8847723164208436
spliceai_walker,pm12,0.997188925743103,0.0010947585105895996,91,9,0.4653123272526257,0.2682986557986558,3.2170555617723875,3.2170555617723875,0.29963095081012464,0.8847723164208436
spliceai_walker,pm12,0.9971961975097656,0.0010946393013000488,91,9,0.4653123272526257,0.27365229235936617,3.1585234010866268,3.1585234010866268,0.29961944228130677,0.8883044554455445
spliceai_walker,pm12,0.9972061514854431,0.0010846853256225586,91,9,0.4653123272526257,0.27365229235936617,3.1585234010866268,3.1585234010866268,0.29961944228130677,0.8883044554455445
spliceai_walker,pm12,0.9972081780433655,0.001086413860321045,91,9,0.4653123272526257,0.27365229235936617,3.1585234010866268,3.1585234010866268,0.29961944228130677,0.8883044554455445
spliceai_walker,pm12,0.9972102642059326,0.0010885000228881836,91,9,0.4653123272526257,0.27365229235936617,3.1585234010866268,3.1585234010866268,0.29961944228130677,0.8883044554455445
spliceai_walker,pm12,0.9972176551818848,0.001095890998840332,91,9,0.4653123272526257,0.27365229235936617,3.1585234010866268,3.1585234010866268,0.29961944228130677,0.8883044554455445
spliceai_walker,pm12,0.9972419738769531,0.0011202096939086914,91,9,0.4653123272526257,0.27365229235936617,3.1585234010866268,3.1585234010866268,0.29961944228130677,0.8883044554455445
spliceai_walker,pm12,0.9972732067108154,0.0011480450630187988,91,9,0.4653123272526257,0.27257383966244725,3.099825262876584,3.099825262876584,0.29944061549423145,0.8848651369074185
spliceai_walker,pm12,0.9972915649414062,0.0011574029922485352,91,9,0.4653123272526257,0.2696376047208463,3.2546125461254616,3.2546125461254616,0.2984960245234218,0.8822805085775279
spliceai_walker,pm12,0.9973338842391968,0.0011227726936340332,91,9,0.4653123272526257,0.2725285953942352,3.281795511221945,3.281795511221945,0.2992499951020317,0.8847632496010347
spliceai_walker,pm12,0.9973413944244385,0.0011273026466369629,92,8,0.529228855721393,0.30994152046783624,3.281795511221945,3.281795511221945,0.3312577833125779,1.0725220901307853
spliceai_walker,pm12,0.997342586517334,0.0011268258094787598,92,8,0.529228855721393,0.30994152046783624,3.281795511221945,3.281795511221945,0.3312577833125779,1.0725220901307853
spliceai_walker,pm12,0.997438371181488,0.0011282563209533691,94,6,0.7209784411276948,0.4057971014492754,3.603448275862069,3.603448275862069,0.4197548262246985,1.7987654320987654
spliceai_walker,pm12,0.997441291809082,0.001127004623413086,94,6,0.7209784411276948,0.4057567316620242,3.590125391849529,3.590125391849529,0.42098765432098767,1.7971164894267193
spliceai_walker,pm12,0.9974892735481262,0.0011292695999145508,95,5,0.8743781094527363,0.48690807799442903,3.589838996961546,3.589838996961546,0.4900915468431265,2.5519475502330855
spliceai_walker,pm12,0.9974985718727112,0.0011309385299682617,95,5,0.8743781094527363,0.48690807799442903,3.589838996961546,3.589838996961546,0.4897222222222222,2.5595238095238093
spliceai_walker,pm12,0.9976006746292114,0.0012311339378356934,95,5,0.8743781094527363,0.48690807799442903,3.562677296153791,3.562677296153791,0.4899420572249,2.5530481166486765
spliceai_walker,pm12,0.9976365566253662,0.0012670159339904785,95,5,0.8743781094527363,0.48690807799442903,3.562677296153791,3.562677296153791,0.4899420572249,2.5530481166486765
spliceai_walker,pm12,0.9976882934570312,0.001318216323852539,95,5,0.8743781094527363,0.48953909006499535,3.5018379676582394,3.5018379676582394,0.4900990099009901,2.5542920673732405
spliceai_walker,pm12,0.9977086186408997,0.0013248324394226074,95,5,0.8743781094527363,0.48953909006499535,3.5018379676582394,3.5018379676582394,0.4909495962127541,2.553045595470782
spliceai_walker,pm12,0.9977142810821533,0.0013191699981689453,95,5,0.8743781094527363,0.48953909006499535,3.5018379676582394,3.5018379676582394,0.4909495962127541,2.553045595470782
spliceai_walker,pm12,0.9977197051048279,0.0013137459754943848,95,5,0.8743781094527363,0.48953909006499535,3.5018379676582394,3.5018379676582394,0.4909495962127541,2.553045595470782
spliceai_walker,pm12,0.9977487921714783,0.0013298988342285156,95,5,0.8743781094527363,0.48953909006499535,3.5018379676582394,3.5018379676582394,0.4909495962127541,2.553045595470782
spliceai_walker,pm12,0.9977618455886841,0.0013429522514343262,95,5,0.8743781094527363,0.48953909006499535,3.5018379676582394,3.5018379676582394,0.4909495962127541,2.553045595470782
spliceai_walker,pm12,0.9977927207946777,0.0013738274574279785,95,5,0.8743781094527363,0.48953909006499535,3.5018379676582394,3.5018379676582394,0.4909495962127541,2.553045595470782
spliceai_walker,pm12,0.9978204369544983,0.0014015436172485352,95,5,0.8743781094527363,0.48953909006499535,3.5018379676582394,3.5018379676582394,0.4909495962127541,2.553045595470782
spliceai_walker,pm12,0.9978272914886475,0.001408398151397705,95,5,0.8743781094527363,0.48953909006499535,3.5018379676582394,3.5018379676582394,0.4909495962127541,2.553045595470782
spliceai_walker,pm12,0.9978571534156799,0.0014382600784301758,95,5,0.8743781094527363,0.48953909006499535,3.5018379676582394,3.5018379676582394,0.4909495962127541,2.553045595470782
spliceai_walker,pm12,0.9978601932525635,0.0014412999153137207,95,5,0.8743781094527363,0.48953909006499535,3.5018379676582394,3.5018379676582394,0.4909495962127541,2.553045595470782
spliceai_walker,pm12,0.9978774189949036,0.0014585256576538086,95,5,0.8743781094527363,0.48953909006499535,3.5018379676582394,3.5018379676582394,0.4909495962127541,2.553045595470782
spliceai_walker,pm12,0.9979116916656494,0.0014927983283996582,95,5,0.8743781094527363,0.48953909006499535,3.5018379676582394,3.5018379676582394,0.4909495962127541,2.553045595470782
spliceai_walker,pm12,0.997980535030365,0.0015616416931152344,95,5,0.8743781094527363,0.48953909006499535,3.5018379676582394,3.5018379676582394,0.4909495962127541,2.553045595470782
spliceai_walker,pm12,0.9980234503746033,0.0016045570373535156,95,5,0.8743781094527363,0.48953909006499535,3.5018379676582394,3.5018379676582394,0.4909495962127541,2.553045595470782
spliceai_walker,pm12,0.9980335831642151,0.001614689826965332,95,5,0.8743781094527363,0.48953909006499535,3.5018379676582394,3.5018379676582394,0.4909495962127541,2.553045595470782
spliceai_walker,pm12,0.9981318116188049,0.0017129182815551758,95,5,0.8743781094527363,0.48953909006499535,3.5018379676582394,3.5018379676582394,0.4909495962127541,2.553045595470782
spliceai_walker,pm12,0.9981328845024109,0.0017139911651611328,95,5,0.8743781094527363,0.48953909006499535,3.5018379676582394,3.5018379676582394,0.4909495962127541,2.553045595470782
spliceai_walker,pm12,0.9981446862220764,0.0017257928848266602,95,5,0.8743781094527363,0.48953909006499535,3.5018379676582394,3.5018379676582394,0.4909495962127541,2.553045595470782
spliceai_walker,pm12,0.9981610774993896,0.0017421841621398926,95,5,0.8743781094527363,0.48953909006499535,3.5018379676582394,3.5018379676582394,0.4909495962127541,2.553045595470782
spliceai_walker,pm12,0.9981650114059448,0.0017461180686950684,95,5,0.8743781094527363,0.48953909006499535,3.5018379676582394,3.5018379676582394,0.4909495962127541,2.553045595470782
spliceai_walker,pm12,0.9981676936149597,0.001748800277709961,95,5,0.8743781094527363,0.48953909006499535,3.5018379676582394,3.5018379676582394,0.4909495962127541,2.553045595470782
spliceai_walker,pm12,0.9982025027275085,0.001783609390258789,95,5,0.8743781094527363,0.48953909006499535,3.5018379676582394,3.5018379676582394,0.4909495962127541,2.553045595470782
spliceai_walker,pm12,0.9982908368110657,0.001871943473815918,95,5,0.8743781094527363,0.48953909006499535,3.5018379676582394,3.5018379676582394,0.4909495962127541,2.553045595470782
spliceai_walker,pm12,0.9984023571014404,0.001983463764190674,95,5,0.8743781094527363,0.48953909006499535,3.5018379676582394,3.5018379676582394,0.4909495962127541,2.553045595470782
spliceai_walker,pm12,0.9984489679336548,0.0020300745964050293,95,5,0.8743781094527363,0.48953909006499535,3.5018379676582394,3.5018379676582394,0.4909495962127541,2.553045595470782
spliceai_walker,pm12,0.9984551668167114,0.00203627347946167,95,5,0.8743781094527363,0.48953909006499535,3.5018379676582394,3.5018379676582394,0.4909495962127541,2.553045595470782
spliceai_walker,pm12,0.9984686970710754,0.0020498037338256836,95,5,0.8743781094527363,0.48953909006499535,3.5018379676582394,3.5018379676582394,0.4909495962127541,2.553045595470782
spliceai_walker,pm12,0.9984742403030396,0.002055346965789795,95,5,0.8743781094527363,0.48953909006499535,3.5018379676582394,3.5018379676582394,0.4909495962127541,2.553045595470782
spliceai_walker,pm12,0.998477041721344,0.0020581483840942383,95,5,0.8743781094527363,0.48953909006499535,3.5018379676582394,3.5018379676582394,0.4909495962127541,2.553045595470782
spliceai_walker,pm12,0.9984778761863708,0.0020589828491210938,95,5,0.8743781094527363,0.48953909006499535,3.5018379676582394,3.5018379676582394,0.4909495962127541,2.553045595470782
spliceai_walker,pm12,0.9984824061393738,0.0020635128021240234,95,5,0.8743781094527363,0.48953909006499535,3.5018379676582394,3.5018379676582394,0.4909495962127541,2.553045595470782
spliceai_walker,pm12,0.9985045790672302,0.0020856857299804688,95,5,0.8743781094527363,0.48953909006499535,3.5018379676582394,3.5018379676582394,0.4909495962127541,2.553045595470782
spliceai_walker,pm12,0.9985367059707642,0.0021178126335144043,95,5,0.8743781094527363,0.48953909006499535,3.5018379676582394,3.5018379676582394,0.4909495962127541,2.553045595470782
spliceai_walker,pm12,0.9985682964324951,0.0021494030952453613,95,5,0.8743781094527363,0.48953909006499535,3.5018379676582394,3.5018379676582394,0.4909495962127541,2.553045595470782
spliceai_walker,pm12,0.9985927939414978,0.002173900604248047,95,5,0.8743781094527363,0.48953909006499535,3.5018379676582394,3.5018379676582394,0.4909495962127541,2.553045595470782
spliceai_walker,pm12,0.9986056685447693,0.0021867752075195312,95,5,0.8743781094527363,0.48953909006499535,3.5018379676582394,3.5018379676582394,0.4909495962127541,2.553045595470782
spliceai_walker,pm12,0.9986185431480408,0.0021996498107910156,95,5,0.8743781094527363,0.48953909006499535,3.5018379676582394,3.5018379676582394,0.4909495962127541,2.553045595470782
spliceai_walker,pm12,0.9986268877983093,0.0022079944610595703,95,5,0.8743781094527363,0.48953909006499535,3.5018379676582394,3.5018379676582394,0.4909495962127541,2.553045595470782
spliceai_walker,pm12,0.9987560510635376,0.002337157726287842,95,5,0.8743781094527363,0.48953909006499535,3.5018379676582394,3.5018379676582394,0.4909495962127541,2.553045595470782
spliceai_walker,pm12,0.9989342093467712,0.0025153160095214844,95,5,0.8743781094527363,0.48953909006499535,3.5018379676582394,3.5018379676582394,0.4909495962127541,2.553045595470782
spliceai_walker,pm12,0.9990334510803223,0.0026145577430725098,95,5,0.8743781094527363,0.48953909006499535,3.5018379676582394,3.5018379676582394,0.4909495962127541,2.553045595470782
