tool,stratum,score,eps,n_damaging_in_window,n_normal_in_window,local_lr,lr_lo_gene_boot,lr_hi_gene_boot,lr_hi_bootstrap_only,lr_lo_variant_boot,lr_hi_variant_boot
avi_splice_sites,s11_50,0.00390625,0.001953125,1,162,0.11829903978052125,0.0,0.3293197616683217,0.3293197616683217,0.0,0.3566420301868957
avi_splice_sites,s11_50,0.00439453125,0.00146484375,1,162,0.11829903978052125,0.0,0.3293197616683217,0.3293197616683217,0.0,0.3566420301868957
avi_splice_sites,s11_50,0.0048828125,0.0009765625,1,162,0.11829903978052125,0.0,0.3293197616683217,0.3293197616683217,0.0,0.3566420301868957
avi_splice_sites,s11_50,0.00537109375,0.00048828125,0,146,0.0,0.0,0.39378995433789954,0.0,0.0,0.39378995433789954
avi_splice_sites,s11_50,0.00543212890625,0.00042724609375,0,108,0.0,0.0,0.5323456790123458,0.0,0.0,0.5323456790123458
avi_splice_sites,s11_50,0.005859375,0.0,0,101,0.0,0.0,0.5692409240924093,0.0,0.0,0.5692409240924093
avi_splice_sites,s11_50,0.00592041015625,6.103515625e-05,0,103,0.0,0.0,0.5581877022653722,0.0,0.0,0.5581877022653722
avi_splice_sites,s11_50,0.0059814453125,0.0001220703125,0,106,0.0,0.0,0.5423899371069183,0.0,0.0,0.5423899371069183
avi_splice_sites,s11_50,0.00604248046875,0.00018310546875,0,106,0.0,0.0,0.5423899371069183,0.0,0.0,0.5423899371069183
avi_splice_sites,s11_50,0.006103515625,0.000244140625,0,110,0.0,0.0,0.5226666666666667,0.0,0.0,0.5226666666666667
avi_splice_sites,s11_50,0.00634765625,0.00048828125,0,194,0.0,0.0,0.2963573883161512,0.0,0.0,0.2963573883161512
avi_splice_sites,s11_50,0.0068359375,0.00091552734375,0,100,0.0,0.0,0.5749333333333334,0.0,0.0,0.5749333333333334
avi_splice_sites,s11_50,0.0069580078125,0.0008544921875,6,771,0.14913964548205794,0.08029270248596633,0.24152889301414118,0.24152889301414118,0.05254955702539164,0.2575425909968494
avi_splice_sites,s11_50,0.00714111328125,0.00067138671875,6,765,0.15030936819172114,0.08029270248596633,0.24554434392638985,0.24554434392638985,0.05298851794306513,0.25966579740240336
avi_splice_sites,s11_50,0.0072021484375,0.0006103515625,6,765,0.15030936819172114,0.08029270248596633,0.24554434392638985,0.24554434392638985,0.05298851794306513,0.25966579740240336
avi_splice_sites,s11_50,0.00732421875,0.00048828125,6,765,0.15030936819172114,0.08029270248596633,0.24554434392638985,0.24554434392638985,0.05298851794306513,0.25966579740240336
avi_splice_sites,s11_50,0.00738525390625,0.00042724609375,6,681,0.1688497307880568,0.09374264878852036,0.2751527832245002,0.2751527832245002,0.059637374072904675,0.2913634396609993
avi_splice_sites,s11_50,0.0074462890625,0.0003662109375,6,680,0.16909803921568628,0.09394338251183623,0.27558985101653993,0.27558985101653993,0.059754150800091894,0.29166193442378957
avi_splice_sites,s11_50,0.0078125,0.0,6,674,0.17060336300692383,0.09455077507118001,0.27969806050990437,0.27969806050990437,0.06030860683323553,0.2940983875206266
avi_splice_sites,s11_50,0.008056640625,0.000244140625,6,686,0.16761904761904764,0.09354277107255336,0.27192617394252694,0.27192617394252694,0.0592185705143819,0.2883596296518487
avi_splice_sites,s11_50,0.00811767578125,0.00030517578125,6,687,0.16737506065016985,0.09334374390005856,0.2712861089187055,0.2712861089187055,0.05913283182393044,0.2880012082047523
avi_splice_sites,s11_50,0.008209228515625,0.000396728515625,6,689,0.1668892114175133,0.092948219561499,0.2710994094288267,0.2710994094288267,0.05897196601426119,0.28721092010005966
avi_splice_sites,s11_50,0.00823974609375,0.00042724609375,6,689,0.1668892114175133,0.092948219561499,0.2710994094288267,0.2710994094288267,0.05897196601426119,0.28721092010005966
avi_splice_sites,s11_50,0.00830078125,0.00048828125,6,787,0.14610758153324863,0.08184992468848419,0.23714173358018498,0.23714173358018498,0.05160933173965647,0.2518922617131612
avi_splice_sites,s11_50,0.00836181640625,0.00042724609375,0,113,0.0,0.0,0.5087905604719765,0.0,0.0,0.5087905604719765
avi_splice_sites,s11_50,0.008544921875,0.000244140625,0,107,0.0,0.0,0.5373208722741434,0.0,0.0,0.5373208722741434
avi_splice_sites,s11_50,0.0087890625,0.0001220703125,0,100,0.0,0.0,0.5749333333333334,0.0,0.0,0.5749333333333334
avi_splice_sites,s11_50,0.0089111328125,0.0001220703125,0,102,0.0,0.0,0.5636601307189543,0.0,0.0,0.5636601307189543
avi_splice_sites,s11_50,0.00897216796875,0.00018310546875,0,102,0.0,0.0,0.5636601307189543,0.0,0.0,0.5636601307189543
avi_splice_sites,s11_50,0.009033203125,0.000244140625,0,103,0.0,0.0,0.5581877022653722,0.0,0.0,0.5581877022653722
avi_splice_sites,s11_50,0.00927734375,0.00048828125,4,372,0.20606929510155314,0.14872117400419288,0.3543011744450594,0.3543011744450594,0.05189565678888506,0.39267619030137535
avi_splice_sites,s11_50,0.0093994140625,0.0003662109375,4,271,0.282870028700287,0.18739913932221627,0.5093257148166214,0.5093257148166214,0.0712569999672042,0.53987494346459
avi_splice_sites,s11_50,0.009521484375,0.000244140625,4,270,0.2839176954732511,0.18969913309535952,0.5095424836601308,0.5095424836601308,0.07147289996967741,0.5418490117330934
avi_splice_sites,s11_50,0.0096435546875,0.0001220703125,4,268,0.2860364842454395,0.18969913309535952,0.5164281928987811,0.5164281928987811,0.07198859657779846,0.5475704545454544
avi_splice_sites,s11_50,0.009765625,0.0,4,265,0.28927463312368973,0.19141483516483518,0.5252145922746781,0.5252145922746781,0.0727805451799447,0.5527330367950988
avi_splice_sites,s11_50,0.009939789772033691,0.0001741647720336914,4,267,0.28710778193924263,0.1900572831423895,0.5208204714289979,0.5208204714289979,0.07214237967914439,0.549672965116279
avi_splice_sites,s11_50,0.01007080078125,0.00030517578125,4,272,0.28183006535947713,0.18609775641025642,0.5098958333333333,0.5098958333333333,0.07083315142296634,0.5398143734063018
avi_splice_sites,s11_50,0.01025390625,0.00048828125,6,329,0.3495035460992908,0.2654964107794297,0.6686588921282799,0.6686588921282799,0.12657856093979444,0.6074061040206874
avi_splice_sites,s11_50,0.010498046875,0.000732421875,6,340,0.33819607843137256,0.2577308322709889,0.6332610820689363,0.6332610820689363,0.122523851791141,0.5880443267858093
avi_splice_sites,s11_50,0.01055908203125,0.00079345703125,6,342,0.3362183235867447,0.25736434108527134,0.625840053763441,0.625840053763441,0.12187020783711512,0.5843499447035448
avi_splice_sites,s11_50,0.0106201171875,0.0008544921875,6,344,0.3342635658914729,0.2559594863447278,0.6234048784569685,0.6234048784569685,0.12123344697674682,0.5806071394856441
avi_splice_sites,s11_50,0.0107421875,0.0009765625,16,986,0.31098489970700927,0.18870422639765236,0.3728516058308429,0.3728516058308429,0.19206202237905673,0.43977853707137543
avi_splice_sites,s11_50,0.01092529296875,0.00079345703125,12,719,0.31985164580435793,0.13516138673042438,0.4104815386098524,0.4104815386098524,0.17926356509111468,0.47596429693074843
avi_splice_sites,s11_50,0.010986328125,0.000732421875,12,719,0.31985164580435793,0.13516138673042438,0.4104815386098524,0.4104815386098524,0.17926356509111468,0.47596429693074843
avi_splice_sites,s11_50,0.01104736328125,0.00067138671875,12,714,0.32209150326797387,0.13611055377207062,0.41323029891304347,0.41323029891304347,0.18063861622479546,0.47991312377421075
avi_splice_sites,s11_50,0.0111083984375,0.0006103515625,12,714,0.32209150326797387,0.13611055377207062,0.41323029891304347,0.41323029891304347,0.18063861622479546,0.47991312377421075
avi_splice_sites,s11_50,0.01123046875,0.00048828125,12,709,0.32436295251527975,0.13749073235027595,0.41515799650368174,0.41515799650368174,0.18181099981920637,0.4833479020515934
avi_splice_sites,s11_50,0.01129150390625,0.00042724609375,10,657,0.2916962624725182,0.09534591194968554,0.37556325476138025,0.37556325476138025,0.1525816095652444,0.45055659858120983
avi_splice_sites,s11_50,0.0113525390625,0.0003662109375,10,656,0.2921409214092141,0.09552786979691776,0.37598241017964074,0.37598241017964074,0.1527881232315697,0.45128787518149444
avi_splice_sites,s11_50,0.011474609375,0.000244140625,10,651,0.2943847072879331,0.09626269956458636,0.37851712305725627,0.37851712305725627,0.15356110948800747,0.4549340608456008
avi_splice_sites,s11_50,0.0115966796875,0.0001220703125,10,644,0.29758454106280197,0.09719728888074738,0.38239508292201524,0.38239508292201524,0.15550894744586272,0.4594157487956621
avi_splice_sites,s11_50,0.01165008544921875,6.866455078125e-05,10,642,0.2985115957078574,0.09757622567950275,0.38329708873439955,0.38329708873439955,0.15605854327613505,0.4614622615192678
avi_splice_sites,s11_50,0.01171875,0.0,10,639,0.29991305859850464,0.0979500320307495,0.3848339034146907,0.3848339034146907,0.15672993448310485,0.46353954887488324
avi_splice_sites,s11_50,0.011962890625,0.000244140625,10,646,0.29666322669418643,0.09663437021927587,0.3815178250520477,0.3815178250520477,0.1552647431394706,0.4582907793108626
avi_splice_sites,s11_50,0.0120849609375,0.0003662109375,10,652,0.29393319700068166,0.09571052346765756,0.37851712305725627,0.37851712305725627,0.15331798606776423,0.45403146214704937
avi_splice_sites,s11_50,0.012187957763671875,0.000469207763671875,10,654,0.2930343187223921,0.09534591194968554,0.37766842995623107,0.37766842995623107,0.1530165967362443,0.45301083552860477
avi_splice_sites,s11_50,0.01220703125,0.00048828125,10,714,0.2684095860566449,0.08633540372670807,0.3395970156461271,0.3395970156461271,0.14008699237771022,0.415403404712338
avi_splice_sites,s11_50,0.01226806640625,0.00054931640625,10,714,0.2684095860566449,0.08633540372670807,0.3395970156461271,0.3395970156461271,0.14008699237771022,0.415403404712338
avi_splice_sites,s11_50,0.0123291015625,0.0006103515625,10,717,0.26728653339532005,0.08599550056242969,0.3385731050461891,0.3385731050461891,0.13959657586890248,0.41378799332246563
avi_splice_sites,s11_50,0.01239013671875,0.00067138671875,10,717,0.26728653339532005,0.08599550056242969,0.3385731050461891,0.3385731050461891,0.13959657586890248,0.41378799332246563
avi_splice_sites,s11_50,0.012451171875,0.000732421875,10,718,0.2669142680284742,0.08565826330532213,0.3382331722097973,0.3382331722097973,0.13940310606413647,0.41328439248567855
avi_splice_sites,s11_50,0.0125732421875,0.0008544921875,10,720,0.2661728395061729,0.0849916620344636,0.33810295400722923,0.33810295400722923,0.13904586512600256,0.41178522040222476
avi_splice_sites,s11_50,0.0126953125,0.0009765625,13,850,0.2931032679738562,0.12951971326164877,0.3861336531906588,0.3861336531906588,0.1675787033709848,0.4287370715989509
avi_splice_sites,s11_50,0.012939453125,0.000732421875,3,207,0.2777455716586152,0.0,1.0420506912442395,1.0420506912442395,0.06702569169960795,0.5715966432716791
avi_splice_sites,s11_50,0.01318359375,0.00048828125,3,196,0.29333333333333333,0.0,1.147115694489204,1.147115694489204,0.07081893182805377,0.6034018457052626
avi_splice_sites,s11_50,0.013427734375,0.000244140625,3,133,0.432280701754386,0.0,1.592948717948718,1.592948717948718,0.09762343096234777,0.8938916306198964
avi_splice_sites,s11_50,0.013671875,0.0,3,130,0.44225641025641027,0.0,1.6685534591194968,1.6685534591194968,0.10108935158822993,0.9171635144283652
avi_splice_sites,s11_50,0.01373291015625,6.103515625e-05,3,134,0.4290547263681592,0.0,1.6322805578342905,1.6322805578342905,0.09868813501782765,0.8897904734754609
avi_splice_sites,s11_50,0.0137939453125,0.0001220703125,3,139,0.41362110311750605,0.0,1.5642688679245282,1.5642688679245282,0.09462450592885828,0.8564495921933556
avi_splice_sites,s11_50,0.01390838623046875,0.00023651123046875,3,139,0.41362110311750605,0.0,1.5642688679245282,1.5642688679245282,0.09462450592885828,0.8564495921933556
avi_splice_sites,s11_50,0.013916015625,0.000244140625,5,148,0.6474474474474474,0.0,1.430188679245283,1.430188679245283,0.2280680100206531,1.1778290611866566
avi_splice_sites,s11_50,0.01416015625,0.00048828125,5,174,0.5507024265644955,0.0,1.218137254901961,1.218137254901961,0.19613772541547098,0.9961230939491803
avi_splice_sites,s11_50,0.0142822265625,0.0006103515625,5,179,0.5353196772191186,0.0,1.152870785648004,1.152870785648004,0.19041209968014425,0.9678909058041181
avi_splice_sites,s11_50,0.01434326171875,0.00067138671875,6,180,0.6388148148148148,0.0,1.1399691000471068,1.1399691000471068,0.22738393438553522,1.1003836763167074
avi_splice_sites,s11_50,0.014404296875,0.000732421875,6,188,0.611631205673759,0.0,1.0865436787845903,1.0865436787845903,0.21774361126948305,1.057650477962259
avi_splice_sites,s11_50,0.0146484375,0.0009765625,14,474,0.5660384435067979,0.19680542065958734,0.7383653286794647,0.7383653286794647,0.3322914306088964,0.8251291530689802
avi_splice_sites,s11_50,0.0147705078125,0.0008544921875,11,339,0.621855129465749,0.23123385588313886,0.9433422986336792,0.9433422986336792,0.33584337674789944,0.9497829911476549
avi_splice_sites,s11_50,0.014892578125,0.000732421875,11,335,0.629280265339967,0.23336230277755854,0.9561071468037667,0.9561071468037667,0.3400563073079806,0.9603062668199711
avi_splice_sites,s11_50,0.0150146484375,0.0006103515625,9,324,0.5323456790123456,0.2403874328439109,0.7591750618456851,0.7591750618456851,0.2625098837283828,0.8413789661735164
avi_splice_sites,s11_50,0.01513671875,0.00048828125,9,322,0.5356521739130435,0.24288877533639924,0.7637074502746145,0.7637074502746145,0.2646301123458484,0.8460742008403015
avi_splice_sites,s11_50,0.0152587890625,0.0003662109375,9,298,0.5787919463087249,0.26624346527259146,0.8415855126381443,0.8415855126381443,0.2862543890565461,0.9177465364609991
avi_splice_sites,s11_50,0.01531982421875,0.00030517578125,9,295,0.584677966101695,0.26882835328494675,0.8531117538141365,0.8531117538141365,0.2885526393769028,0.9263098960087843
avi_splice_sites,s11_50,0.015380859375,0.000244140625,8,294,0.5214814814814815,0.2703598484848485,0.7283433608251193,0.7283433608251193,0.24633023381913788,0.845583362279957
avi_splice_sites,s11_50,0.0155029296875,0.0001220703125,8,282,0.543672182821119,0.2771451271186441,0.7657242833299172,0.7657242833299172,0.25744853016092856,0.8818384687198126
avi_splice_sites,s11_50,0.01556396484375,6.103515625e-05,7,281,0.47740608936338474,0.20056465273856577,0.7244556113902848,0.7244556113902848,0.2048534098954267,0.7947860463193352
avi_splice_sites,s11_50,0.015625,0.0,7,278,0.4825579536370903,0.20727028789122898,0.7283757888740096,0.7283757888740096,0.2068200754273485,0.8031194349069344
avi_splice_sites,s11_50,0.01568603515625,6.103515625e-05,7,280,0.47911111111111115,0.20508222151351116,0.7181529707845498,0.7181529707845498,0.20531498332505466,0.7973578374645218
avi_splice_sites,s11_50,0.0157470703125,0.0001220703125,7,281,0.47740608936338474,0.20288357887172118,0.7156419464111773,0.7156419464111773,0.20459340582275842,0.7940579092343493
avi_splice_sites,s11_50,0.01580810546875,0.00018310546875,7,284,0.47236306729264477,0.20070203501288544,0.7033456930364147,0.7033456930364147,0.20244131455399064,0.7867364901056572
avi_splice_sites,s11_50,0.015988647937774658,0.0003636479377746582,7,289,0.4641906958861976,0.1944300964187328,0.6933158584534731,0.6933158584534731,0.1980234428866927,0.7733981979291458
avi_splice_sites,s11_50,0.0159912109375,0.0003662109375,7,293,0.45785362153962833,0.1914388641661369,0.6808236808236807,0.6808236808236807,0.1958169343371941,0.7626610040456924
avi_splice_sites,s11_50,0.01611328125,0.00048828125,7,313,0.42859779907703227,0.1775112443778111,0.6279593122693312,0.6279593122693312,0.18335657604378536,0.7117848258198084
avi_splice_sites,s11_50,0.0162353515625,0.0006103515625,7,314,0.42723283793347483,0.17649689440993788,0.6261444009621945,0.6261444009621945,0.18281701283939134,0.7089159041357022
avi_splice_sites,s11_50,0.016357421875,0.000732421875,7,321,0.41791623399100036,0.17221261884183234,0.6068514362266646,0.6068514362266646,0.17853089406187814,0.6944597271480754
avi_splice_sites,s11_50,0.0166015625,0.0009765625,9,375,0.45994666666666667,0.14292126114169817,0.6895560156429721,0.6895560156429721,0.2207058374555262,0.72205899780999
avi_splice_sites,s11_50,0.016845703125,0.00103759765625,2,98,0.3911111111111111,0.0,0.6327272727272728,0.6327272727272728,0.0,0.9108218656616985
avi_splice_sites,s11_50,0.01690673828125,0.00103759765625,2,98,0.3911111111111111,0.0,0.6327272727272728,0.6327272727272728,0.0,0.9132275440112708
avi_splice_sites,s11_50,0.01708984375,0.0009765625,2,102,0.37577342047930284,0.0,0.6373764600179695,0.6373764600179695,0.0,0.8750293706465543
avi_splice_sites,s11_50,0.0172119140625,0.0009765625,2,99,0.38716049382716045,0.0,0.6373764600179695,0.6373764600179695,0.0,0.8999582289055973
avi_splice_sites,s11_50,0.017333984375,0.00103759765625,2,98,0.3911111111111111,0.0,0.6224683544303798,0.6224683544303798,0.0,0.9095106199422367
avi_splice_sites,s11_50,0.01734018325805664,0.0010313987731933594,2,98,0.3911111111111111,0.0,0.6224683544303798,0.6224683544303798,0.0,0.9095106199422367
avi_splice_sites,s11_50,0.017378807067871094,0.0010213851928710938,2,98,0.3911111111111111,0.0,0.6224683544303798,0.6224683544303798,0.0,0.9095106199422367
avi_splice_sites,s11_50,0.017429351806640625,0.001064300537109375,2,98,0.3911111111111111,0.0,0.6466138000182299,0.6466138000182299,0.0,0.9102292020373514
avi_splice_sites,s11_50,0.017433881759643555,0.0010597705841064453,2,98,0.3911111111111111,0.0,0.6466138000182299,0.6466138000182299,0.0,0.9102292020373514
avi_splice_sites,s11_50,0.01743459701538086,0.0010590553283691406,2,98,0.3911111111111111,0.0,0.6466138000182299,0.6466138000182299,0.0,0.9102292020373514
avi_splice_sites,s11_50,0.0174560546875,0.00103759765625,2,98,0.3911111111111111,0.0,0.6466138000182299,0.6466138000182299,0.0,0.9102292020373514
avi_splice_sites,s11_50,0.017578125,0.0009765625,2,116,0.3304214559386973,0.0,0.5311506731239819,0.5311506731239819,0.0,0.7694273743469284
avi_splice_sites,s11_50,0.0177001953125,0.0010986328125,2,116,0.3304214559386973,0.0,0.5311506731239819,0.5311506731239819,0.0,0.7694273743469284
avi_splice_sites,s11_50,0.017822265625,0.001220703125,3,120,0.47911111111111115,0.0,0.7607341637953883,0.7607341637953883,0.13344115053951844,0.9965024407409582
avi_splice_sites,s11_50,0.0179443359375,0.0010986328125,3,100,0.5749333333333334,0.0,0.8889988250572011,0.8889988250572011,0.15905535572826243,1.1971644617740227
avi_splice_sites,s11_50,0.01800537109375,0.00103759765625,3,98,0.5866666666666667,0.0,0.9066027621870467,0.9066027621870467,0.16220568735610585,1.2243172441014267
avi_splice_sites,s11_50,0.01806640625,0.0009765625,3,98,0.5866666666666667,0.0,0.9066027621870467,0.9066027621870467,0.16220568735610585,1.2243172441014267
avi_splice_sites,s11_50,0.01837158203125,0.00115966796875,4,162,0.473196159122085,0.0,0.7448982631751423,0.7448982631751423,0.11934375827625701,0.9045426372610097
avi_splice_sites,s11_50,0.0184326171875,0.0010986328125,4,160,0.4791111111111111,0.0,0.748622754491018,0.748622754491018,0.12096116512030196,0.9168117045205177
avi_splice_sites,s11_50,0.01849365234375,0.00103759765625,4,152,0.504327485380117,0.0,0.7845592070944184,0.7845592070944184,0.127508373437219,0.9667181627108052
avi_splice_sites,s11_50,0.018524169921875,0.001007080078125,4,151,0.5076674025018396,0.0,0.7845592070944184,0.7845592070944184,0.12824745397943754,0.9725158325678808
avi_splice_sites,s11_50,0.0185546875,0.0009765625,4,151,0.5076674025018396,0.0,0.7845592070944184,0.7845592070944184,0.12824745397943754,0.9725158325678808
avi_splice_sites,s11_50,0.0189208984375,0.00067138671875,2,98,0.3911111111111111,0.0,0.6198405253283302,0.6198405253283302,0.0,0.9200031175555057
avi_splice_sites,s11_50,0.01904296875,0.0006103515625,2,98,0.3911111111111111,0.0,0.6198405253283302,0.6198405253283302,0.0,0.9216604643929837
avi_splice_sites,s11_50,0.01922607421875,0.000701904296875,2,98,0.3911111111111111,0.0,0.6194103008822863,0.6194103008822863,0.0,0.9269502801201734
avi_splice_sites,s11_50,0.0194091796875,0.0008544921875,2,103,0.37212513484358145,0.0,0.5751709082552996,0.5751709082552996,0.0,0.8797331873306321
avi_splice_sites,s11_50,0.01953125,0.0009765625,2,123,0.311616982836495,0.0,0.4642921066762127,0.4642921066762127,0.0,0.7307119149224413
avi_splice_sites,s11_50,0.01959228515625,0.00091552734375,2,106,0.36159329140461216,0.0,0.5568436038234696,0.5568436038234696,0.0,0.8533451195112421
avi_splice_sites,s11_50,0.0196533203125,0.0008544921875,2,106,0.36159329140461216,0.0,0.5568436038234696,0.5568436038234696,0.0,0.8533451195112421
avi_splice_sites,s11_50,0.01971435546875,0.00079345703125,2,106,0.36159329140461216,0.0,0.5568436038234696,0.5568436038234696,0.0,0.8533451195112421
avi_splice_sites,s11_50,0.019775390625,0.000732421875,2,105,0.365037037037037,0.0,0.5568436038234696,0.5568436038234696,0.0,0.8604141776184786
avi_splice_sites,s11_50,0.01995849609375,0.00054931640625,1,101,0.18974697469746976,0.0,0.28664970276398843,0.28664970276398843,0.0,0.5696105993976263
avi_splice_sites,s11_50,0.02001953125,0.00048828125,1,99,0.19358024691358022,0.0,0.28664970276398843,0.28664970276398843,0.0,0.5816669427573057
avi_splice_sites,s11_50,0.0201416015625,0.0006103515625,1,99,0.19358024691358022,0.0,0.28664970276398843,0.28664970276398843,0.0,0.5816669427573057
avi_splice_sites,s11_50,0.0203857421875,0.0008544921875,1,106,0.18079664570230608,0.0,0.2696141319356891,0.2696141319356891,0.0,0.5413523830911787
avi_splice_sites,s11_50,0.02044677734375,0.00091552734375,1,107,0.17910695742471444,0.0,0.26703935599284434,0.26703935599284434,0.0,0.5382543103448276
avi_splice_sites,s11_50,0.0205078125,0.0009765625,3,134,0.4290547263681592,0.0,0.6007293199411426,0.6007293199411426,0.0,0.8959207224424606
avi_splice_sites,s11_50,0.02081298828125,0.00128173828125,3,142,0.4048826291079813,0.0,0.5815499172642029,0.5815499172642029,0.0,0.8453493657004786
avi_splice_sites,s11_50,0.0208740234375,0.0013427734375,4,142,0.5398435054773083,0.0,0.7753998896856039,0.7753998896856039,0.1331321422967531,1.0501360409528497
avi_splice_sites,s11_50,0.02099609375,0.00146484375,4,153,0.5010312273057371,0.0,0.7206165703275529,0.7206165703275529,0.12401316997007683,0.9727837380011294
avi_splice_sites,s11_50,0.02111576497554779,0.0015845149755477905,4,157,0.4882661004953998,0.0,0.7084717607973421,0.7084717607973421,0.1209795321637427,0.9456895129329653
avi_splice_sites,s11_50,0.021237671375274658,0.0017064213752746582,4,159,0.4821243885394829,0.0,0.7084717607973421,0.7084717607973421,0.11924319066056766,0.9342302381216214
avi_splice_sites,s11_50,0.0213623046875,0.0018310546875,4,164,0.46742547425474257,0.0,0.6874730686365035,0.6874730686365035,0.1161036517535583,0.9049759965431114
avi_splice_sites,s11_50,0.021484375,0.0018310546875,4,96,0.7985185185185185,0.0,1.2093441150044923,1.2093441150044923,0.20000553053907352,1.550979640081625
avi_splice_sites,s11_50,0.021728515625,0.001708984375,6,149,0.7717225950782999,0.25217742992256564,1.2341530054644807,1.2341530054644807,0.28054361769016584,1.3485185185185184
avi_splice_sites,s11_50,0.02197265625,0.00146484375,6,142,0.8097652582159626,0.26478337236533955,1.2759887005649717,1.2759887005649717,0.2934716210075197,1.4155974494222567
avi_splice_sites,s11_50,0.0220947265625,0.0013427734375,6,124,0.9273118279569893,0.28918888129414444,1.6418786692759295,1.6418786692759295,0.336688532681639,1.6259260511072162
avi_splice_sites,s11_50,0.022216796875,0.001220703125,6,122,0.9425136612021858,0.29360397871848254,1.6418786692759295,1.6418786692759295,0.3420017087526106,1.6509150895446203
avi_splice_sites,s11_50,0.0224609375,0.0009765625,6,116,0.991264367816092,0.31058962039304777,1.6866883116883118,1.6866883116883118,0.3592332432016258,1.7343970447502732
avi_splice_sites,s11_50,0.0225830078125,0.0010986328125,6,118,0.9744632768361582,0.3076969696969697,1.6492063492063491,1.6492063492063491,0.35338149288853515,1.7059376788181413
avi_splice_sites,s11_50,0.022810935974121094,0.0013265609741210938,6,122,0.9425136612021858,0.3028513481269387,1.550420168067227,1.550420168067227,0.3411610121517282,1.650993883792049
avi_splice_sites,s11_50,0.02281874418258667,0.00133436918258667,6,122,0.9425136612021858,0.3028513481269387,1.550420168067227,1.550420168067227,0.3411610121517282,1.650993883792049
avi_splice_sites,s11_50,0.02294921875,0.001220703125,4,96,0.7985185185185185,0.3296282798833819,2.1456236141906864,2.1456236141906864,0.1998051891620071,1.546194267078854
avi_splice_sites,s11_50,0.023193359375,0.001220703125,5,105,0.9125925925925926,0.3344532279314888,1.94548188298188,1.94548188298188,0.32637428409579755,1.6822209160967896
avi_splice_sites,s11_50,0.02325439453125,0.00115966796875,5,101,0.9487348734873489,0.3528634973589102,2.0885972222222215,2.0885972222222215,0.33893766980352014,1.756365020130346
avi_splice_sites,s11_50,0.0234375,0.0009765625,4,99,0.7743209876543209,0.3442263041004665,2.1206572769953054,2.1206572769953054,0.19142593067274197,1.4998432219387339
avi_splice_sites,s11_50,0.023553431034088135,0.0010924935340881348,4,100,0.7665777777777778,0.3382681620880379,2.1206572769953054,2.1206572769953054,0.1891464994695948,1.4811126373626373
avi_splice_sites,s11_50,0.023681640625,0.001220703125,4,106,0.7231865828092243,0.3224138620372989,1.9811403508771932,1.9811403508771932,0.17860877141444495,1.3960891936997784
avi_splice_sites,s11_50,0.02392578125,0.0013427734375,4,100,0.7665777777777778,0.3207717569786535,2.314979166666667,2.314979166666667,0.1900147629848686,1.4866611076012082
avi_splice_sites,s11_50,0.0240478515625,0.0012369155883789062,4,96,0.7985185185185185,0.33020622041920217,2.509444444444444,2.509444444444444,0.19740462215700658,1.542876305451757
avi_splice_sites,s11_50,0.024169921875,0.001220703125,5,127,0.7545056867891514,0.29333692737610645,1.6646825396825395,1.6646825396825395,0.26683967565749256,1.3616317918058731
avi_splice_sites,s11_50,0.024322509765625,0.001068115234375,5,122,0.7854280510018216,0.3098738240925741,1.7822209436133485,1.7822209436133485,0.27577137725319134,1.4210188024699926
avi_splice_sites,s11_50,0.0244140625,0.0009765625,4,122,0.6283424408014572,0.0,1.0557979464046001,1.0557979464046001,0.1578781512160529,1.198008384902587
avi_splice_sites,s11_50,0.024444580078125,0.001007080078125,4,122,0.6283424408014572,0.0,1.0557979464046001,1.0557979464046001,0.1578781512160529,1.198008384902587
avi_splice_sites,s11_50,0.024658203125,0.001220703125,4,126,0.6083950617283951,0.0,1.0339014707605765,1.0339014707605765,0.1526852145703304,1.1593842658483065
avi_splice_sites,s11_50,0.024769842624664307,0.0013323426246643066,4,127,0.6036045494313211,0.0,1.0289689570460803,1.0289689570460803,0.15139078887368904,1.1495466420912992
avi_splice_sites,s11_50,0.0247802734375,0.0013427734375,4,131,0.5851738761662426,0.0,1.011570827489481,1.011570827489481,0.14697052401746724,1.1107126603204185
avi_splice_sites,s11_50,0.02490234375,0.00146484375,4,144,0.5323456790123456,0.0,0.9197658402203857,0.9197658402203857,0.13360238386597986,1.013297907782516
avi_splice_sites,s11_50,0.02510833740234375,0.00167083740234375,4,146,0.5250532724505327,0.0,0.908947700063012,0.908947700063012,0.13165834205386887,0.9971576125724662
avi_splice_sites,s11_50,0.025146484375,0.001708984375,4,153,0.5010312273057371,0.0,0.8648747122879634,0.8648747122879634,0.12607772527821529,0.950903344391903
avi_splice_sites,s11_50,0.02520751953125,0.00177001953125,4,153,0.5010312273057371,0.0,0.8648747122879634,0.8648747122879634,0.12607772527821529,0.950903344391903
avi_splice_sites,s11_50,0.0252685546875,0.0018310546875,4,155,0.49456630824372755,0.0,0.8467129505110271,0.8467129505110271,0.12439575438938007,0.9404068756078614
avi_splice_sites,s11_50,0.025299072265625,0.001861572265625,4,155,0.49456630824372755,0.0,0.8467129505110271,0.8467129505110271,0.12439575438938007,0.9404068756078614
avi_splice_sites,s11_50,0.025390625,0.001953125,6,200,0.5749333333333334,0.2973967479698343,0.7923852183650616,0.7923852183650616,0.20730072647875786,1.0001214896126602
avi_splice_sites,s11_50,0.025508970022201538,0.001834779977798462,4,140,0.5475555555555556,0.0,0.6491893883566692,0.6491893883566692,0.1365507315820679,1.0663324963327376
avi_splice_sites,s11_50,0.025510430335998535,0.0018333196640014648,4,140,0.5475555555555556,0.0,0.6491893883566692,0.6491893883566692,0.1365507315820679,1.0663324963327376
avi_splice_sites,s11_50,0.02587890625,0.00146484375,4,133,0.576374269005848,0.0,0.6906794425087107,0.6906794425087107,0.14375571872764503,1.1238419243190525
avi_splice_sites,s11_50,0.02599334716796875,0.00135040283203125,3,122,0.4712568306010929,0.0,0.5360406091370559,0.5360406091370559,0.0,0.989036557636445
avi_splice_sites,s11_50,0.026123046875,0.001220703125,3,118,0.4872316384180791,0.0,0.5534791465699641,0.5534791465699641,0.0,1.0251440020513878
avi_splice_sites,s11_50,0.0263671875,0.0009765625,3,110,0.5226666666666667,0.0,0.6161386311920183,0.6161386311920183,0.0,1.1002184553351275
avi_splice_sites,s11_50,0.02660972625017166,0.0012191012501716614,3,111,0.517957957957958,0.0,0.6075139888089529,0.6075139888089529,0.0,1.09017151829885
avi_splice_sites,s11_50,0.026611328125,0.001220703125,3,113,0.5087905604719765,0.0,0.5956006768189509,0.5956006768189509,0.0,1.0652089280713728
avi_splice_sites,s11_50,0.026839256286621094,0.0014486312866210938,3,119,0.48313725490196086,0.0,0.5631975867269985,0.5631975867269985,0.0,1.0114204062624852
avi_splice_sites,s11_50,0.026843249797821045,0.001452624797821045,3,119,0.48313725490196086,0.0,0.5631975867269985,0.5631975867269985,0.0,1.0114204062624852
avi_splice_sites,s11_50,0.02684563398361206,0.0014550089836120605,3,119,0.48313725490196086,0.0,0.5631975867269985,0.5631975867269985,0.0,1.0114204062624852
avi_splice_sites,s11_50,0.026845932006835938,0.0014553070068359375,3,119,0.48313725490196086,0.0,0.5631975867269985,0.5631975867269985,0.0,1.0114204062624852
avi_splice_sites,s11_50,0.026850968599319458,0.001460343599319458,3,119,0.48313725490196086,0.0,0.5631975867269985,0.5631975867269985,0.0,1.0114204062624852
avi_splice_sites,s11_50,0.026851743459701538,0.001461118459701538,3,119,0.48313725490196086,0.0,0.5631975867269985,0.5631975867269985,0.0,1.0114204062624852
avi_splice_sites,s11_50,0.02685546875,0.00146484375,4,129,0.5942463393626184,0.0,0.7006892895015906,0.7006892895015906,0.14862189943635193,1.1498531785243742
avi_splice_sites,s11_50,0.027099609375,0.0013232231140136719,3,97,0.5927147766323024,0.0,0.6902958152958153,0.6902958152958153,0.15771650558972847,1.2364243553481096
avi_splice_sites,s11_50,0.0271759033203125,0.0012575387954711914,3,97,0.5927147766323024,0.0,0.7260301917584658,0.7260301917584658,0.15787831760854446,1.2434201673937613
avi_splice_sites,s11_50,0.02734375,0.001220703125,3,99,0.5807407407407408,0.0,0.715941776344461,0.715941776344461,0.1550163620152827,1.2176400431813446
avi_splice_sites,s11_50,0.0277099609375,0.0013427734375,3,97,0.5927147766323024,0.0,0.7060385216033316,0.7060385216033316,0.15777285440474179,1.240087929853084
avi_splice_sites,s11_50,0.02783203125,0.00146484375,4,129,0.5942463393626184,0.0,0.7381307019177061,0.7381307019177061,0.14901921340363053,1.1441609644472859
avi_splice_sites,s11_50,0.0279541015625,0.0013427734375,4,115,0.6665893719806764,0.0,0.8264540337711069,0.8264540337711069,0.1672443988677058,1.2920977129411126
avi_splice_sites,s11_50,0.028049468994140625,0.001247406005859375,4,114,0.6724366471734893,0.0,0.8408271474019088,0.8408271474019088,0.16835695413934323,1.3029202379635956
avi_splice_sites,s11_50,0.028063595294952393,0.0012332797050476074,4,114,0.6724366471734893,0.0,0.8408271474019088,0.8408271474019088,0.16835695413934323,1.3029202379635956
avi_splice_sites,s11_50,0.028076171875,0.001220703125,4,108,0.7097942386831276,0.0,0.8575746839684655,0.8575746839684655,0.17726558707887513,1.3753327998728957
avi_splice_sites,s11_50,0.028182029724121094,0.0011148452758789062,4,107,0.7164278296988578,0.0,0.857703488372093,0.857703488372093,0.1787688084572872,1.3918342529742704
avi_splice_sites,s11_50,0.0281982421875,0.0010986328125,4,107,0.7164278296988578,0.0,0.857703488372093,0.857703488372093,0.1787688084572872,1.3918342529742704
avi_splice_sites,s11_50,0.0283203125,0.0009765625,4,104,0.7370940170940171,0.0,0.9105133614627285,0.9105133614627285,0.1837922828488866,1.42837656999456
avi_splice_sites,s11_50,0.028394699096679688,0.0010509490966796875,4,104,0.7370940170940171,0.0,0.9105133614627285,0.9105133614627285,0.1837922828488866,1.42837656999456
avi_splice_sites,s11_50,0.028422832489013672,0.0010790824890136719,4,104,0.7370940170940171,0.0,0.9105133614627285,0.9105133614627285,0.1837922828488866,1.42837656999456
avi_splice_sites,s11_50,0.028428733348846436,0.0010849833488464355,4,104,0.7370940170940171,0.0,0.9105133614627285,0.9105133614627285,0.1837922828488866,1.42837656999456
avi_splice_sites,s11_50,0.02843344211578369,0.0010896921157836914,4,104,0.7370940170940171,0.0,0.9105133614627285,0.9105133614627285,0.1837922828488866,1.42837656999456
avi_splice_sites,s11_50,0.028439298272132874,0.0010955482721328735,4,104,0.7370940170940171,0.0,0.9105133614627285,0.9105133614627285,0.1837922828488866,1.42837656999456
avi_splice_sites,s11_50,0.028564453125,0.001220703125,4,107,0.7164278296988578,0.0,0.8842338006792887,0.8842338006792887,0.17916201746787055,1.389287915079438
avi_splice_sites,s11_50,0.02880859375,0.00146484375,5,128,0.7486111111111111,0.0,1.0102135341263805,1.0102135341263805,0.2721774436090226,1.3678379233934788
avi_splice_sites,s11_50,0.02886962890625,0.00152587890625,5,129,0.742807924203273,0.0,1.005861430498548,1.005861430498548,0.27065356770954424,1.3560368937152139
avi_splice_sites,s11_50,0.0291748046875,0.0018310546875,5,133,0.7204678362573099,0.0,0.9644835451287065,0.9644835451287065,0.2624809159125748,1.3165179979667072
avi_splice_sites,s11_50,0.029296875,0.001953125,5,186,0.5151732377538829,0.0,0.6677232430290723,0.6677232430290723,0.18868947380056716,0.9337853649230448
avi_splice_sites,s11_50,0.029541015625,0.001708984375,3,141,0.40775413711583924,0.0,0.6144518272425249,0.6144518272425249,0.11233815784202945,0.8413636426836817
avi_splice_sites,s11_50,0.02978515625,0.00146484375,3,133,0.432280701754386,0.0,0.6581695938127646,0.6581695938127646,0.11882628550697451,0.8921385312568565
avi_splice_sites,s11_50,0.029857397079467773,0.0013926029205322266,2,118,0.32482109227871936,0.0,0.48203648548026806,0.48203648548026806,0.0,0.762062389770723
avi_splice_sites,s11_50,0.02988576889038086,0.0013642311096191406,2,118,0.32482109227871936,0.0,0.48203648548026806,0.48203648548026806,0.0,0.762062389770723
avi_splice_sites,s11_50,0.029887676239013672,0.0013623237609863281,2,118,0.32482109227871936,0.0,0.48203648548026806,0.48203648548026806,0.0,0.762062389770723
avi_splice_sites,s11_50,0.029895365238189697,0.0013546347618103027,2,118,0.32482109227871936,0.0,0.48203648548026806,0.48203648548026806,0.0,0.762062389770723
avi_splice_sites,s11_50,0.029896795749664307,0.0013532042503356934,2,118,0.32482109227871936,0.0,0.48203648548026806,0.48203648548026806,0.0,0.762062389770723
avi_splice_sites,s11_50,0.02989882230758667,0.00135117769241333,2,118,0.32482109227871936,0.0,0.48203648548026806,0.48203648548026806,0.0,0.762062389770723
avi_splice_sites,s11_50,0.0299072265625,0.0013427734375,2,118,0.32482109227871936,0.0,0.48203648548026806,0.48203648548026806,0.0,0.762062389770723
avi_splice_sites,s11_50,0.0301513671875,0.0010986328125,2,114,0.33621832358674464,0.0,0.508498023715415,0.508498023715415,0.0,0.7883285560653843
avi_splice_sites,s11_50,0.030266255140304565,0.0009837448596954346,2,112,0.3422222222222222,0.0,0.517914653784219,0.517914653784219,0.0,0.8029733606412405
avi_splice_sites,s11_50,0.0302734375,0.0009765625,2,112,0.3422222222222222,0.0,0.517914653784219,0.517914653784219,0.0,0.8029733606412405
avi_splice_sites,s11_50,0.0303955078125,0.0010986328125,2,112,0.3422222222222222,0.0,0.517914653784219,0.517914653784219,0.0,0.8029733606412405
avi_splice_sites,s11_50,0.03076171875,0.00146484375,2,128,0.29944444444444446,0.0,0.4426067907995619,0.4426067907995619,0.0,0.6987722450153634
avi_splice_sites,s11_50,0.0308837890625,0.0015869140625,2,128,0.29944444444444446,0.0,0.4426067907995619,0.4426067907995619,0.0,0.6987722450153634
avi_splice_sites,s11_50,0.031005859375,0.001708984375,2,129,0.2971231696813092,0.0,0.4426067907995619,0.4426067907995619,0.0,0.6951772792251903
avi_splice_sites,s11_50,0.031158447265625,0.001617431640625,1,99,0.19358024691358022,0.0,0.2978826728826729,0.2978826728826729,0.0,0.5828548259138582
avi_splice_sites,s11_50,0.03125,0.001708984375,2,100,0.3832888888888889,0.0,0.5845244901848676,0.5845244901848676,0.0,0.883916505702045
avi_splice_sites,s11_50,0.0316162109375,0.0015869140625,2,108,0.3548971193415638,0.0,0.5157073170731707,0.5157073170731707,0.0,0.8138366193261819
avi_splice_sites,s11_50,0.03173828125,0.00146484375,2,106,0.36159329140461216,0.0,0.5245077503142019,0.5245077503142019,0.0,0.8321163415273867
avi_splice_sites,s11_50,0.0322265625,0.001953125,3,114,0.504327485380117,0.0,0.7220123626373627,0.7220123626373627,0.1349919000944091,1.046422982805976
avi_splice_sites,s11_50,0.03271484375,0.001708984375,2,99,0.38716049382716045,0.0,0.5345283199352135,0.5345283199352135,0.0,0.9044668871505103
avi_splice_sites,s11_50,0.032958984375,0.001708984375,2,101,0.3794939493949395,0.0,0.5371951219512195,0.5371951219512195,0.0,0.8897744084193846
avi_splice_sites,s11_50,0.033203125,0.001953125,7,132,1.0162962962962963,0.6079983117020155,2.3133002351711522,2.3133002351711522,0.42382735514387077,1.7051775459099578
avi_splice_sites,s11_50,0.0335693359375,0.0023193359375,7,135,0.9937119341563786,0.5973053892215568,2.2791288566243195,2.2791288566243195,0.4149386980763812,1.6688805458624127
avi_splice_sites,s11_50,0.0341796875,0.00244140625,7,95,1.4121169590643274,0.8416666666666667,3.1126373626373627,3.1126373626373627,0.5916532645436756,2.406828647876837
avi_splice_sites,s11_50,0.0345458984375,0.0025634765625,7,107,1.2537487019730011,0.7173414820473644,3.004306220095694,3.004306220095694,0.519887730553328,2.1160342717258263
avi_splice_sites,s11_50,0.03466317057609558,0.002446204423904419,7,107,1.2537487019730011,0.7173414820473644,3.004306220095694,3.004306220095694,0.519887730553328,2.1160342717258263
avi_splice_sites,s11_50,0.03466796875,0.00244140625,7,107,1.2537487019730011,0.7173414820473644,3.004306220095694,3.004306220095694,0.519887730553328,2.1160342717258263
avi_splice_sites,s11_50,0.0347900390625,0.0023193359375,7,98,1.3688888888888888,0.7691329669428266,3.3719291563511713,3.3719291563511713,0.5687933263315184,2.319634703196347
avi_splice_sites,s11_50,0.035131216049194336,0.001978158950805664,6,96,1.1977777777777778,0.5220011380860505,3.430065865943433,3.430065865943433,0.43828282828282833,2.0941528218399443
avi_splice_sites,s11_50,0.03515625,0.001953125,6,96,1.1977777777777778,0.5220011380860505,3.430065865943433,3.430065865943433,0.43828282828282833,2.0941528218399443
avi_splice_sites,s11_50,0.0355224609375,0.0023193359375,6,100,1.1498666666666668,0.4990818363273453,3.2731034482758616,3.2731034482758616,0.42105720329371205,2.0118181449985126
avi_splice_sites,s11_50,0.03583550453186035,0.0026323795318603516,6,110,1.0453333333333334,0.45368488614825353,2.9755485893416926,2.9755485893416926,0.38155346174229593,1.8241311046831197
avi_splice_sites,s11_50,0.035888671875,0.002685546875,6,111,1.035915915915916,0.44669616098187526,2.9755485893416926,2.9755485893416926,0.37647206350591006,1.8034599000367804
avi_splice_sites,s11_50,0.0361328125,0.002685546875,6,94,1.223262411347518,0.5224752475247525,3.6719298245614036,3.6719298245614036,0.4424780886088989,2.139470487678846
avi_splice_sites,s11_50,0.03619384765625,0.00262451171875,6,94,1.223262411347518,0.5224752475247525,3.6719298245614036,3.6719298245614036,0.4424780886088989,2.139470487678846
avi_splice_sites,s11_50,0.03662109375,0.00244140625,8,129,1.1884926787252368,0.7538571428571429,2.4147738268021284,2.4147738268021284,0.5498073866434909,1.946105754827503
avi_splice_sites,s11_50,0.037109375,0.001953125,7,115,1.1665314009661836,0.6784655623365301,2.7539473684210525,2.7539473684210525,0.4910233323309105,1.9600784276695395
avi_splice_sites,s11_50,0.03759765625,0.00244140625,7,128,1.0480555555555555,0.599208343804976,2.542105263157895,2.542105263157895,0.444308402411081,1.7655921218044734
avi_splice_sites,s11_50,0.03778076171875,0.00225830078125,2,99,0.38716049382716045,0.0,0.49271940181031093,0.49271940181031093,0.0,0.9040630992367559
avi_splice_sites,s11_50,0.0379638671875,0.0021283626556396484,2,98,0.3911111111111111,0.0,0.49271940181031093,0.49271940181031093,0.0,0.9171089104783283
avi_splice_sites,s11_50,0.038059234619140625,0.0022237300872802734,2,98,0.3911111111111111,0.0,0.49271940181031093,0.49271940181031093,0.0,0.9171089104783283
avi_splice_sites,s11_50,0.0380859375,0.0022504329681396484,2,98,0.3911111111111111,0.0,0.49271940181031093,0.49271940181031093,0.0,0.9171089104783283
avi_splice_sites,s11_50,0.0384521484375,0.0023193359375,2,101,0.3794939493949395,0.0,0.47540540540540543,0.47540540540540543,0.0,0.8862630769993547
avi_splice_sites,s11_50,0.03857421875,0.00244140625,3,109,0.5274617737003059,0.0,0.6591786591786591,0.6591786591786591,0.14054497713747036,1.1087469237079575
avi_splice_sites,s11_50,0.038818359375,0.002197265625,3,97,0.5927147766323024,0.0,0.7576503330357537,0.7576503330357537,0.15496625901704772,1.2371148074442213
avi_splice_sites,s11_50,0.0389404296875,0.0023193359375,3,97,0.5927147766323024,0.0,0.7576503330357537,0.7576503330357537,0.15496625901704772,1.2371148074442213
avi_splice_sites,s11_50,0.0390625,0.00244140625,3,100,0.5749333333333334,0.0,0.7420860389610389,0.7420860389610389,0.15038569424964937,1.2024443900203594
avi_splice_sites,s11_50,0.039306640625,0.002197265625,3,99,0.5807407407407408,0.0,0.7438953488372093,0.7438953488372093,0.15213577318460472,1.2148085585585586
avi_splice_sites,s11_50,0.03955078125,0.00244140625,3,106,0.5423899371069183,0.0,0.6934689389090392,0.6934689389090392,0.14430487687817675,1.1322539952432176
avi_splice_sites,s11_50,0.04001951217651367,0.002910137176513672,3,107,0.5373208722741434,0.0,0.6934689389090392,0.6934689389090392,0.14295794349037969,1.1196713385015231
avi_splice_sites,s11_50,0.0400390625,0.0029296875,5,131,0.7314673452078033,0.0,1.2183066621268868,1.2183066621268868,0.26090921491944336,1.3280235461305296
avi_splice_sites,s11_50,0.04052734375,0.00244140625,5,106,0.9039832285115305,0.0,1.4020765490728169,1.4020765490728169,0.32177763634276374,1.645533359231811
avi_splice_sites,s11_50,0.041015625,0.001953125,5,95,1.008654970760234,0.0,1.5709006029955264,1.5709006029955264,0.3570617881237563,1.8440386680988183
avi_splice_sites,s11_50,0.04150390625,0.00244140625,5,99,0.9679012345679012,0.0,1.5391652372784448,1.5391652372784448,0.34238039671225157,1.7660454545454547
avi_splice_sites,s11_50,0.0419921875,0.0029296875,6,113,1.017581120943953,0.0,2.2821505376344087,2.2821505376344087,0.3775789966810168,1.7820571872623425
avi_splice_sites,s11_50,0.042724609375,0.003662109375,6,122,0.9425136612021858,0.0,2.0826656612310304,2.0826656612310304,0.3487119701670897,1.6430745814307457
avi_splice_sites,s11_50,0.04296875,0.00390625,9,144,1.1977777777777778,0.43261191043007297,1.9970986460348163,1.9970986460348163,0.5878663081048837,1.9176062956064224
avi_splice_sites,s11_50,0.04315185546875,0.00372314453125,7,108,1.2421399176954733,0.5927352779306548,2.860983102918587,2.860983102918587,0.533241251647046,2.107720246268326
avi_splice_sites,s11_50,0.04392385482788086,0.0033173561096191406,7,93,1.442485065710872,0.6745758357014183,3.081058726220017,3.081058726220017,0.6166325110124539,2.4518518518518517
avi_splice_sites,s11_50,0.0439453125,0.0032958984375,7,93,1.442485065710872,0.6745758357014183,3.081058726220017,3.081058726220017,0.6166325110124539,2.4518518518518517
avi_splice_sites,s11_50,0.04473876953125,0.00360107421875,6,94,1.223262411347518,0.6382635658914729,3.2301422129725985,3.2301422129725985,0.461374306444729,2.145804291446102
avi_splice_sites,s11_50,0.044921875,0.00341796875,6,94,1.223262411347518,0.6382635658914729,3.2301422129725985,3.2301422129725985,0.461374306444729,2.145804291446102
avi_splice_sites,s11_50,0.045166015625,0.003662109375,7,105,1.2776296296296294,0.66956544178365,3.4897058823529408,3.4897058823529408,0.5479289439097809,2.1771669411118952
avi_splice_sites,s11_50,0.0452880859375,0.0035400390625,7,102,1.3152069716775598,0.6843434343434344,3.69727047146402,3.69727047146402,0.563657954437299,2.248112086453352
avi_splice_sites,s11_50,0.04541015625,0.00341796875,7,102,1.3152069716775598,0.6843434343434344,3.69727047146402,3.69727047146402,0.563657954437299,2.248112086453352
avi_splice_sites,s11_50,0.04563760757446289,0.0031905174255371094,7,95,1.4121169590643274,0.7331317811934901,3.895485636114911,3.895485636114911,0.6031412685915112,2.4231417505162263
avi_splice_sites,s11_50,0.0458984375,0.0029296875,7,94,1.4271394799054373,0.7391508205261786,3.971428571428571,3.971428571428571,0.6092486918725473,2.4510606331625406
avi_splice_sites,s11_50,0.046875,0.00390625,9,131,1.316641221374046,0.8113902847571189,2.9669454400637196,2.9669454400637196,0.6540985138213284,2.112260902206554
avi_splice_sites,s11_50,0.0472412109375,0.0035400390625,7,106,1.2655765199161426,0.8166931321953156,2.3817923186344236,2.3817923186344236,0.5446056988528853,2.134478924768275
avi_splice_sites,s11_50,0.0478515625,0.0029296875,7,102,1.3152069716775598,0.8606362655886043,2.427500814597589,2.427500814597589,0.5634252244837258,2.222696297295138
avi_splice_sites,s11_50,0.048095703125,0.003173828125,7,103,1.302437971952535,0.8606362655886043,2.3817923186344236,2.3817923186344236,0.5581572570004395,2.198743011999289
avi_splice_sites,s11_50,0.04833984375,0.00341796875,7,108,1.2421399176954733,0.8374441012401457,2.076923076923077,2.076923076923077,0.5341944293968943,2.091733540943027
avi_splice_sites,s11_50,0.048561811447143555,0.0032737255096435547,6,94,1.223262411347518,0.0,1.8503310453744761,1.8503310453744761,0.46522394487510765,2.1369930726008963
avi_splice_sites,s11_50,0.048828125,0.0031905174255371094,6,94,1.223262411347518,0.0,1.7969561113732895,1.7969561113732895,0.4671538878904788,2.1440677966101696
avi_splice_sites,s11_50,0.0498046875,0.0029296875,9,96,1.7966666666666669,0.0,2.0135304484089347,2.0135304484089347,0.8715701207543297,2.918926772568772
avi_splice_sites,s11_50,0.0501708984375,0.0032958984375,9,98,1.76,0.0,2.0022641509433963,2.0022641509433963,0.8547168970270002,2.8498025198402956
avi_splice_sites,s11_50,0.05029296875,0.00341796875,9,106,1.6271698113207549,0.0,1.8032365301386188,1.8032365301386188,0.7926245210727969,2.629924234422914
avi_splice_sites,s11_50,0.05033111572265625,0.00345611572265625,9,106,1.6271698113207549,0.0,1.8032365301386188,1.8032365301386188,0.7926245210727969,2.629924234422914
avi_splice_sites,s11_50,0.050537109375,0.003662109375,9,110,1.568,0.0,1.7325796657862909,1.7325796657862909,0.7620451368796874,2.53409604591111
avi_splice_sites,s11_50,0.0506591796875,0.0037841796875,9,110,1.568,0.0,1.7325796657862909,1.7325796657862909,0.7620451368796874,2.53409604591111
avi_splice_sites,s11_50,0.05078125,0.00390625,12,127,1.8108136482939634,0.0,2.023304741867616,2.023304741867616,0.9933536413442778,2.7610426139414983
avi_splice_sites,s11_50,0.051025390625,0.003662109375,9,104,1.6584615384615384,0.0,1.9692402597858043,1.9692402597858043,0.8080257977531001,2.6875213349191927
avi_splice_sites,s11_50,0.051513671875,0.003173828125,9,96,1.7966666666666669,0.0,2.1536509180474694,2.1536509180474694,0.875882595083488,2.9220245526425304
avi_splice_sites,s11_50,0.0517578125,0.0029296875,9,94,1.8348936170212768,0.0,2.2193548387096773,2.2193548387096773,0.8924637319699048,2.9939166189348803
avi_splice_sites,s11_50,0.052001953125,0.003173828125,10,95,2.017309941520468,0.0,2.4967741935483874,2.4967741935483874,1.0338491574679074,3.2263021539146957
avi_splice_sites,s11_50,0.052490234375,0.003662109375,10,100,1.9164444444444446,0.0,2.370457137196905,2.370457137196905,0.9825492682601107,3.0500261801291577
avi_splice_sites,s11_50,0.052734375,0.0037841796875,9,91,1.8953846153846154,0.0,2.7110781855482107,2.7110781855482107,0.9204291489386435,3.0779614711818777
avi_splice_sites,s11_50,0.052978515625,0.0035400390625,9,91,1.8953846153846154,0.0,2.7110781855482107,2.7110781855482107,0.9204291489386435,3.0779614711818777
avi_splice_sites,s11_50,0.05322265625,0.00341796875,9,101,1.707722772277228,0.0,2.4135529818272876,2.4135529818272876,0.8293314020466929,2.7583538332345383
avi_splice_sites,s11_50,0.0537109375,0.0030517578125,9,91,1.8953846153846154,0.0,2.7258902157077887,2.7258902157077887,0.9242252207837068,3.075417747084563
avi_splice_sites,s11_50,0.053955078125,0.0032958984375,9,91,1.8953846153846154,0.0,2.7258902157077887,2.7258902157077887,0.9242252207837068,3.075417747084563
avi_splice_sites,s11_50,0.05418539047241211,0.0034041404724121094,9,91,1.8953846153846154,0.0,2.6679454319008276,2.6679454319008276,0.9221155495295843,3.0696086264283498
avi_splice_sites,s11_50,0.05419921875,0.00341796875,9,95,1.8155789473684212,0.0,2.5671271314483053,2.5671271314483053,0.8812224345343668,2.938453170484969
avi_splice_sites,s11_50,0.0546875,0.00390625,9,105,1.6426666666666667,0.0,2.3812233285917497,2.3812233285917497,0.7994195211828892,2.6543020727352524
avi_splice_sites,s11_50,0.054931640625,0.004150390625,9,106,1.6271698113207549,0.0,2.3812233285917497,2.3812233285917497,0.7904141929354473,2.630587886379412
avi_splice_sites,s11_50,0.05512094497680664,0.004339694976806641,10,106,1.807966457023061,0.0,2.6458036984352775,2.6458036984352775,0.9266251860555735,2.870403205743886
avi_splice_sites,s11_50,0.055419921875,0.004638671875,11,113,1.865565388397247,0.0,2.4604356730590204,2.4604356730590204,0.9975332256256393,2.914502511189459
avi_splice_sites,s11_50,0.0556640625,0.0048828125,11,121,1.7422222222222223,0.0,2.215750232991612,2.215750232991612,0.9331693859758377,2.7155535989350366
avi_splice_sites,s11_50,0.05615234375,0.00439453125,9,93,1.8546236559139784,0.0,2.3849529780564263,2.3849529780564263,0.9013842345516119,3.0038770558734402
avi_splice_sites,s11_50,0.0565185546875,0.0047607421875,9,93,1.8546236559139784,0.0,2.3849529780564263,2.3849529780564263,0.9013842345516119,3.0038770558734402
avi_splice_sites,s11_50,0.056640625,0.0048828125,9,97,1.7781443298969073,0.0,2.3110142712334616,2.3110142712334616,0.8634975896452727,2.873639596515014
avi_splice_sites,s11_50,0.057373046875,0.004638671875,9,91,1.8953846153846154,0.0,2.383364541243717,2.383364541243717,0.919018078942637,3.0687778475397365
avi_splice_sites,s11_50,0.0576171875,0.0048828125,10,108,1.774485596707819,0.0,2.219767441860465,2.219767441860465,0.9030388451662033,2.8118102437337784
avi_splice_sites,s11_50,0.0584716796875,0.0045166015625,7,93,1.442485065710872,0.0,1.6883795898057312,1.6883795898057312,0.6079334232279655,2.462573465270123
avi_splice_sites,s11_50,0.05859375,0.004638671875,7,94,1.4271394799054373,0.0,1.6676069497513755,1.6676069497513755,0.6023587669042774,2.4354849553488527
avi_splice_sites,s11_50,0.058837890625,0.004638671875,7,96,1.3974074074074074,0.0,1.6357031741303414,1.6357031741303414,0.5887074829931973,2.3790739263349945
avi_splice_sites,s11_50,0.0594482421875,0.0047607421875,7,98,1.3688888888888888,0.0,1.6150216238034827,1.6150216238034827,0.5776149701953186,2.3269095063343497
avi_splice_sites,s11_50,0.0595703125,0.0048828125,9,108,1.597037037037037,0.0,2.4149210189637014,2.4149210189637014,0.7747060767781675,2.5674972964085963
avi_splice_sites,s11_50,0.06005859375,0.00537109375,9,111,1.5538738738738738,0.0,2.3881422924901186,2.3881422924901186,0.7523805382842732,2.4919288432446325
avi_splice_sites,s11_50,0.060546875,0.005126953125,5,95,1.008654970760234,0.0,2.958625525946704,2.958625525946704,0.3484220214520977,1.8502165986586934
avi_splice_sites,s11_50,0.0615234375,0.0048828125,5,100,0.9582222222222223,0.0,2.8878809869375908,2.8878809869375908,0.33172741192660843,1.75373477921435
avi_splice_sites,s11_50,0.06201171875,0.00537109375,6,104,1.1056410256410256,0.0,3.5754716981132075,3.5754716981132075,0.40007392953106863,1.9436983094205316
avi_splice_sites,s11_50,0.06224822998046875,0.00513458251953125,6,94,1.223262411347518,0.0,3.745341614906832,3.745341614906832,0.44131455399061037,2.163454278214174
avi_splice_sites,s11_50,0.0625,0.005126953125,6,94,1.223262411347518,0.0,3.745341614906832,3.745341614906832,0.44131455399061037,2.163454278214174
avi_splice_sites,s11_50,0.06298828125,0.00537109375,7,101,1.3282288228822883,0.0,3.601449275362319,3.601449275362319,0.5541391326134454,2.278072033898305
avi_splice_sites,s11_50,0.063232421875,0.005126953125,7,97,1.3830011454753723,0.0,3.7778568885724457,3.7778568885724457,0.5761624364664308,2.364003439497004
avi_splice_sites,s11_50,0.0634622573852539,0.004897117614746094,7,96,1.3974074074074074,0.0,3.7778568885724457,3.7778568885724457,0.5827162591501694,2.39238692653325
avi_splice_sites,s11_50,0.0634765625,0.0048828125,7,96,1.3974074074074074,0.0,3.7778568885724457,3.7778568885724457,0.5827162591501694,2.39238692653325
avi_splice_sites,s11_50,0.063720703125,0.005126953125,7,100,1.341511111111111,0.0,3.589285714285714,3.589285714285714,0.5610250711285429,2.2883832960643637
avi_splice_sites,s11_50,0.06393647193908691,0.005342721939086914,7,101,1.3282288228822883,0.0,3.492277992277992,3.492277992277992,0.5554094466129592,2.2626445878134716
avi_splice_sites,s11_50,0.06396484375,0.00537109375,7,105,1.2776296296296294,0.0,3.2712477396021695,3.2712477396021695,0.5355965296721732,2.1707709694016333
avi_splice_sites,s11_50,0.0643310546875,0.0050048828125,7,95,1.4121169590643274,0.0,4.0045283018867925,4.0045283018867925,0.5905654731358149,2.4095199697251974
avi_splice_sites,s11_50,0.064453125,0.0048828125,6,95,1.2103859649122808,0.0,4.0045283018867925,4.0045283018867925,0.4375348154149998,2.135704674393836
avi_splice_sites,s11_50,0.06494140625,0.00537109375,11,109,1.9340265035677882,0.0,5.55346106195002,5.55346106195002,1.0308579623394438,3.0153034705131705
avi_splice_sites,s11_50,0.0654296875,0.0048828125,10,102,1.8788671023965142,0.0,4.9519230769230775,4.9519230769230775,0.9527803787226143,2.976152848387693
avi_splice_sites,s11_50,0.065673828125,0.004638671875,10,94,2.0387706855791965,0.0,5.233066255778116,5.233066255778116,1.032767316017316,3.23748440766327
avi_splice_sites,s11_50,0.06640625,0.00415802001953125,10,90,2.129382716049383,0.0,5.7021309189875105,5.7021309189875105,1.0766088341229463,3.3869262715467876
avi_splice_sites,s11_50,0.06689453125,0.00439453125,11,93,2.266762246117085,0.0,6.799660441426146,6.799660441426146,1.1941185561078893,3.529811599077455
avi_splice_sites,s11_50,0.0673828125,0.0048828125,11,100,2.108088888888889,0.0,6.361480075901329,6.361480075901329,1.1108287747040695,3.2735893788525368
avi_splice_sites,s11_50,0.068359375,0.005859375,12,114,2.017309941520468,0.0,6.460714285714286,6.460714285714286,1.106093189964158,3.0690048262548264
avi_splice_sites,s11_50,0.06861114501953125,0.00560760498046875,11,96,2.195925925925926,0.0,7.504343352319469,7.504343352319469,1.1570443243366775,3.421197474567484
avi_splice_sites,s11_50,0.0687255859375,0.0054931640625,11,96,2.195925925925926,0.0,7.504343352319469,7.504343352319469,1.1570443243366775,3.421197474567484
avi_splice_sites,s11_50,0.06884765625,0.00537109375,11,94,2.242647754137116,0.0,7.8120430391514715,7.8120430391514715,1.180005878188841,3.4951802273446457
avi_splice_sites,s11_50,0.0692138671875,0.0052490234375,11,89,2.368639200998752,0.0,8.436871976907462,8.436871976907462,1.2479256964025771,3.706773044818795
avi_splice_sites,s11_50,0.0693359375,0.00537109375,11,89,2.368639200998752,0.0,8.436871976907462,8.436871976907462,1.2479256964025771,3.706773044818795
avi_splice_sites,s11_50,0.06982421875,0.0054931640625,11,89,2.368639200998752,0.0,8.584746903783955,8.584746903783955,1.2487077372695221,3.7027955125122736
avi_splice_sites,s11_50,0.0703125,0.005859375,11,90,2.342320987654321,0.0,8.584746903783955,8.584746903783955,1.2338819337648579,3.66178726604278
avi_splice_sites,s11_50,0.0704345703125,0.0059814453125,11,91,2.316581196581197,0.0,8.291985458612967,8.291985458612967,1.2193764508968286,3.625710858953849
avi_splice_sites,s11_50,0.07080078125,0.00634765625,11,92,2.291400966183575,0.0,8.291985458612967,8.291985458612967,1.205267694868654,3.579590960772946
avi_splice_sites,s11_50,0.07128363847732544,0.0068305134773254395,11,93,2.266762246117085,0.0,8.05324074074074,8.05324074074074,1.1956178600472447,3.539221346597179
avi_splice_sites,s11_50,0.0712890625,0.0068359375,15,107,2.6866043613707165,0.0,7.012568434398103,7.012568434398103,1.6000036828050381,3.9622374506423133
avi_splice_sites,s11_50,0.07177734375,0.00634765625,13,97,2.5684306987399768,0.0,5.197310042726021,5.197310042726021,1.4515799647936756,3.912021473132584
avi_splice_sites,s11_50,0.072265625,0.005859375,13,93,2.678900836320191,0.0,5.300811471673112,5.300811471673112,1.5113546482836377,4.09134154023976
avi_splice_sites,s11_50,0.072418212890625,0.006011962890625,13,93,2.678900836320191,0.0,5.300811471673112,5.300811471673112,1.5113546482836377,4.09134154023976
avi_splice_sites,s11_50,0.0731201171875,0.0064697265625,14,86,3.1197932816537466,0.0,6.716216216216217,6.716216216216217,1.8091758128852602,4.711425086769001
avi_splice_sites,s11_50,0.0732421875,0.00634765625,14,86,3.1197932816537466,0.0,6.716216216216217,6.716216216216217,1.8091758128852602,4.711425086769001
avi_splice_sites,s11_50,0.0740966796875,0.0059814453125,13,88,2.8311111111111114,0.0,5.600527309599693,5.600527309599693,1.597190646777856,4.298953662182361
avi_splice_sites,s11_50,0.07421875,0.005859375,13,88,2.8311111111111114,0.0,5.600527309599693,5.600527309599693,1.597190646777856,4.298953662182361
avi_splice_sites,s11_50,0.074951171875,0.006591796875,14,94,2.8542789598108746,0.0,6.2124999999999995,6.2124999999999995,1.6577729898418265,4.268628292219356
avi_splice_sites,s11_50,0.0751953125,0.0068359375,17,98,3.3244444444444445,0.0,6.060975609756098,6.060975609756098,2.0328163809824025,4.8506479821233865
avi_splice_sites,s11_50,0.076171875,0.00634765625,16,84,3.6503703703703705,0.0,7.728516236817375,7.728516236817375,2.1838623263963757,5.402079945705158
avi_splice_sites,s11_50,0.076416015625,0.006591796875,16,88,3.4844444444444447,0.0,7.671336206896552,7.671336206896552,2.085963065735132,5.13938967059692
avi_splice_sites,s11_50,0.0770711898803711,0.006758689880371094,14,88,3.048888888888889,0.0,4.813387423935091,4.813387423935091,1.7718367346938775,4.590999089472237
avi_splice_sites,s11_50,0.07811200618743896,0.007799506187438965,15,99,2.9037037037037035,1.3391771019677996,5.173515981735159,5.173515981735159,1.7417914640166816,4.315368222631267
avi_splice_sites,s11_50,0.078125,0.0078125,16,109,2.8131294597349643,1.807261036618835,5.740382548893187,5.740382548893187,1.714290395728884,4.115581912087912
avi_splice_sites,s11_50,0.07861328125,0.00732421875,12,94,2.446524822695036,1.572237191301535,5.245837438423646,5.245837438423646,1.345161079799549,3.750963875315448
avi_splice_sites,s11_50,0.078857421875,0.007080078125,12,91,2.5271794871794873,1.6501120238984317,5.383393829401089,5.383393829401089,1.38831467909615,3.8902070158826922
avi_splice_sites,s11_50,0.0791015625,0.0068359375,12,90,2.5552592592592593,1.6501120238984317,5.647176931547348,5.647176931547348,1.402646126672145,3.9400926166818406
avi_splice_sites,s11_50,0.07958984375,0.00732421875,13,90,2.7681975308641973,1.8361994309043672,6.250718390804598,6.250718390804598,1.5809246731763191,4.216610427986358
avi_splice_sites,s11_50,0.080078125,0.0078125,13,97,2.5684306987399768,1.6929137641124188,6.070454545454545,6.070454545454545,1.464390888332402,3.9043400814464655
avi_splice_sites,s11_50,0.080322265625,0.007568359375,13,90,2.7681975308641973,1.8131206586056083,6.568702461475484,6.568702461475484,1.5787448010444538,4.222606720282373
avi_splice_sites,s11_50,0.08056640625,0.00732421875,13,89,2.7993008739076153,1.814682065578123,6.899212054945592,6.899212054945592,1.591493692406521,4.268673359569735
avi_splice_sites,s11_50,0.0809326171875,0.0069580078125,13,88,2.8311111111111114,1.8305928114975625,6.9026054871825355,6.9026054871825355,1.608753598464655,4.3272793843332495
avi_splice_sites,s11_50,0.0810546875,0.0068359375,13,87,2.8636526181353763,1.8416873133854266,7.146169871794872,7.146169871794872,1.6250600632905141,4.379083621382822
avi_splice_sites,s11_50,0.081298828125,0.007080078125,14,88,3.048888888888889,1.8294529904377264,7.935234699940582,7.935234699940582,1.7699843397262367,4.597414021164019
avi_splice_sites,s11_50,0.08203125,0.0078125,14,99,2.7101234567901233,1.6277810072398666,7.0592646347363335,7.0592646347363335,1.574616748357493,4.064356725146197
avi_splice_sites,s11_50,0.082275390625,0.007568359375,13,89,2.7993008739076153,1.85276710330706,6.320257611241217,6.320257611241217,1.579389549290503,4.275989463294729
avi_splice_sites,s11_50,0.08251811563968658,0.0073256343603134155,13,88,2.8311111111111114,1.8869239085860265,6.320257611241217,6.320257611241217,1.599559950397263,4.324683673283281
avi_splice_sites,s11_50,0.08251953125,0.00732421875,13,88,2.8311111111111114,1.8869239085860265,6.320257611241217,6.320257611241217,1.599559950397263,4.324683673283281
avi_splice_sites,s11_50,0.0830078125,0.0068359375,13,87,2.8636526181353763,1.8893289626997951,6.458333333333333,6.458333333333333,1.6138339663501584,4.375023812539738
avi_splice_sites,s11_50,0.083251953125,0.007080078125,13,87,2.8636526181353763,1.8893289626997951,6.458333333333333,6.458333333333333,1.6138339663501584,4.375023812539738
avi_splice_sites,s11_50,0.083984375,0.007568359375,13,87,2.8636526181353763,1.8893289626997951,6.458333333333333,6.458333333333333,1.6182547037367914,4.384602955859659
avi_splice_sites,s11_50,0.08447265625,0.00732421875,13,87,2.8636526181353763,1.8844775296388199,6.597938144329897,6.597938144329897,1.6205992509363294,4.384655631982657
avi_splice_sites,s11_50,0.0849609375,0.006848931312561035,13,87,2.8636526181353763,1.8844775296388199,6.597938144329897,6.597938144329897,1.6205992509363294,4.384655631982657
avi_splice_sites,s11_50,0.08543658256530762,0.007311582565307617,13,87,2.8636526181353763,1.8844775296388199,6.728619528619529,6.728619528619529,1.6182058718049361,4.394234265778382
avi_splice_sites,s11_50,0.0859375,0.0078125,13,97,2.5684306987399768,1.6120120559846736,6.466021538941782,6.466021538941782,1.4526257196459178,3.9260236276402876
avi_splice_sites,s11_50,0.0869140625,0.0087890625,14,102,2.6304139433551197,1.7693997590532207,5.960470085470085,5.960470085470085,1.5453441174966767,3.9524528508063046
avi_splice_sites,s11_50,0.087158203125,0.009033203125,14,102,2.6304139433551197,1.7693997590532207,5.960470085470085,5.960470085470085,1.5453441174966767,3.9524528508063046
avi_splice_sites,s11_50,0.087890625,0.009033203125,9,91,1.8953846153846154,1.051160277556592,5.776601830663616,5.776601830663616,0.9002784254538502,3.060751454981809
avi_splice_sites,s11_50,0.08837890625,0.00927734375,11,94,2.242647754137116,1.0782769024472008,7.821754563894523,7.821754563894523,1.179270798513925,3.5052996358017876
avi_splice_sites,s11_50,0.0888671875,0.0087890625,11,92,2.291400966183575,1.0897479333242988,8.31061422413793,8.31061422413793,1.2022400943203595,3.587923924151971
avi_splice_sites,s11_50,0.0889892578125,0.0089111328125,11,93,2.266762246117085,1.0725446428571428,8.31061422413793,8.31061422413793,1.1923542751201184,3.5475294392619725
avi_splice_sites,s11_50,0.089508056640625,0.009185791015625,12,88,2.6133333333333337,1.3734476746254847,8.31061422413793,8.31061422413793,1.4332715831787264,4.068341236504846
avi_splice_sites,s11_50,0.0897216796875,0.0093994140625,12,88,2.6133333333333337,1.3734476746254847,8.31061422413793,8.31061422413793,1.4332715831787264,4.068341236504846
avi_splice_sites,s11_50,0.08984375,0.009521484375,12,88,2.6133333333333337,1.3734476746254847,8.31061422413793,8.31061422413793,1.4332715831787264,4.068341236504846
avi_splice_sites,s11_50,0.0908203125,0.009521484375,11,90,2.342320987654321,1.3155046826222685,7.3313746438746445,7.3313746438746445,1.2262559152290495,3.674662198741225
avi_splice_sites,s11_50,0.091796875,0.009765625,13,101,2.4667106710671067,1.5775191461134896,6.479876160990711,6.479876160990711,1.3930424162222546,3.751173708920188
avi_splice_sites,s11_50,0.09223675727844238,0.009325742721557617,10,94,2.0387706855791965,1.0597064341684141,7.338192419825072,7.338192419825072,1.0407974870533747,3.2331293327300177
avi_splice_sites,s11_50,0.0927734375,0.009521484375,10,90,2.129382716049383,1.0999484506558224,7.368289637952559,7.368289637952559,1.0819350975546835,3.396698694021277
avi_splice_sites,s11_50,0.09375,0.009765625,10,90,2.129382716049383,1.086126150064769,7.597096188747732,7.597096188747732,1.081859410430839,3.3999061151719583
avi_splice_sites,s11_50,0.093994140625,0.010009765625,10,91,2.105982905982906,1.0689767898005884,7.597096188747732,7.597096188747732,1.070872309656514,3.364813965316702
avi_splice_sites,s11_50,0.0941925048828125,0.0102081298828125,10,91,2.105982905982906,1.0689767898005884,7.597096188747732,7.597096188747732,1.070872309656514,3.364813965316702
avi_splice_sites,s11_50,0.095703125,0.009765625,14,91,2.9483760683760685,1.3899527923755233,11.437873033098208,11.437873033098208,1.7120587952076582,4.448896921297667
avi_splice_sites,s11_50,0.09642791748046875,0.01049041748046875,14,92,2.9163285024154586,1.3718996415770608,11.437873033098208,11.437873033098208,1.6942045734929843,4.391016920071798
avi_splice_sites,s11_50,0.0966796875,0.0107421875,14,95,2.824233918128655,1.3202419939501513,11.015789473684212,11.015789473684212,1.6430470897735412,4.252680344688505
avi_splice_sites,s11_50,0.09711480140686035,0.011177301406860352,14,95,2.824233918128655,1.3202419939501513,11.015789473684212,11.015789473684212,1.6430470897735412,4.252680344688505
avi_splice_sites,s11_50,0.0975341796875,0.0115966796875,14,96,2.794814814814815,1.3167269450643213,10.97312661498708,10.97312661498708,1.6247756731661585,4.212031432501594
avi_splice_sites,s11_50,0.09765625,0.01171875,17,106,3.0735429769392035,1.5749886877828057,10.986574074074074,10.986574074074074,1.8796651912142144,4.465516290941364
avi_splice_sites,s11_50,0.097900390625,0.011474609375,16,96,3.194074074074074,1.6800763764689666,10.946502057613168,10.946502057613168,1.8984772178567493,4.692263080646055
avi_splice_sites,s11_50,0.09814453125,0.01123046875,16,96,3.194074074074074,1.6800763764689666,10.946502057613168,10.946502057613168,1.8984772178567493,4.692263080646055
avi_splice_sites,s11_50,0.0986328125,0.0107421875,15,95,3.0259649122807017,1.6681761976187879,9.292298014667523,9.292298014667523,1.7698833841604453,4.52269258630195
avi_splice_sites,s11_50,0.099609375,0.010101318359375,14,86,3.1197932816537466,1.7621899875211644,9.700564971751414,9.700564971751414,1.7864259793467088,4.7378678036109685
avi_splice_sites,s11_50,0.10009023547172546,0.010261327028274536,14,86,3.1197932816537466,1.7456771170006464,9.821240716809525,9.821240716809525,1.7797349938668847,4.730972843682926
avi_splice_sites,s11_50,0.1002197265625,0.0103759765625,14,86,3.1197932816537466,1.7456771170006464,9.821240716809525,9.821240716809525,1.7797349938668847,4.730972843682926
avi_splice_sites,s11_50,0.1005859375,0.0107421875,14,91,2.9483760683760685,1.6639727491317124,8.596811594202899,8.596811594202899,1.69090869184206,4.471348084472215
avi_splice_sites,s11_50,0.1014404296875,0.0106201171875,14,86,3.1197932816537466,1.8443838260833658,8.282669138090824,8.282669138090824,1.7711747650237684,4.746888686953761
avi_splice_sites,s11_50,0.1015625,0.0107421875,14,88,3.048888888888889,1.8110642628671125,8.033575317604356,8.033575317604356,1.7377391060387104,4.629737207542479
avi_splice_sites,s11_50,0.103515625,0.0107421875,14,89,3.0146317103620475,1.7719061166429586,7.956850736278446,7.956850736278446,1.7105861343999005,4.567339705586798
avi_splice_sites,s11_50,0.10394573211669922,0.010312080383300781,14,87,3.0839335887611745,1.8123116138126545,8.282669138090824,8.282669138090824,1.7499790328760287,4.660345570556836
avi_splice_sites,s11_50,0.1044921875,0.0107421875,15,93,3.0910394265232974,1.7668646121684797,8.186440677966102,8.186440677966102,1.8060172522617293,4.6440798219465
avi_splice_sites,s11_50,0.10498046875,0.010986328125,15,85,3.3819607843137254,2.034074717596323,8.186440677966102,8.186440677966102,1.9710150274915794,5.1073005822329085
avi_splice_sites,s11_50,0.10546875,0.0107421875,15,85,3.3819607843137254,2.0346804650423813,8.101424971516158,8.101424971516158,1.9827152029349981,5.107314472990391
avi_splice_sites,s11_50,0.10641217231750488,0.010709047317504883,16,85,3.6074248366013073,2.2763623496107575,8.101424971516158,8.101424971516158,2.159839258488109,5.389342298443628
avi_splice_sites,s11_50,0.107421875,0.0107421875,16,84,3.6503703703703705,2.280642366646278,7.923894907908993,7.923894907908993,2.1910709405308872,5.451116902792931
avi_splice_sites,s11_50,0.1083984375,0.0107421875,15,85,3.3819607843137254,2.0809327702862808,7.853679106051023,7.853679106051023,1.9892913637826426,5.087522246941044
avi_splice_sites,s11_50,0.109375,0.011474609375,15,85,3.3819607843137254,2.151218644369329,7.14900947459087,7.14900947459087,2.0069881927085307,5.063286352982476
avi_splice_sites,s11_50,0.1103515625,0.0107421875,15,87,3.3042145593869727,2.124505928853755,6.946308724832214,6.946308724832214,1.9333780460541024,4.954640630387311
avi_splice_sites,s11_50,0.11083984375,0.01123046875,15,88,3.266666666666667,2.1008586250313015,6.946308724832214,6.946308724832214,1.9072076879208986,4.896412460317901
avi_splice_sites,s11_50,0.11131143569946289,0.01161336898803711,15,85,3.3819607843137254,2.181451143545217,6.946308724832214,6.946308724832214,1.983045316013546,5.056669694359615
avi_splice_sites,s11_50,0.11132572591304779,0.01159907877445221,15,85,3.3819607843137254,2.181451143545217,6.946308724832214,6.946308724832214,1.983045316013546,5.056669694359615
avi_splice_sites,s11_50,0.111328125,0.0115966796875,15,85,3.3819607843137254,2.181451143545217,6.946308724832214,6.946308724832214,1.983045316013546,5.056669694359615
avi_splice_sites,s11_50,0.1118130087852478,0.011593282222747803,15,85,3.3819607843137254,2.1552187602742188,7.1703831998268015,7.1703831998268015,1.9816816775131258,5.065412928636381
avi_splice_sites,s11_50,0.11181640625,0.0115966796875,15,85,3.3819607843137254,2.1552187602742188,7.1703831998268015,7.1703831998268015,1.9816816775131258,5.065412928636381
avi_splice_sites,s11_50,0.11229604482650757,0.012076318264007568,15,85,3.3819607843137254,2.1552187602742188,7.1703831998268015,7.1703831998268015,1.9816816775131258,5.065412928636381
avi_splice_sites,s11_50,0.1123046875,0.0120849609375,15,85,3.3819607843137254,2.1552187602742188,7.1703831998268015,7.1703831998268015,1.9816816775131258,5.065412928636381
avi_splice_sites,s11_50,0.11328125,0.01171875,18,86,4.011162790697674,2.7440974212034384,7.152457757296467,7.152457757296467,2.494189942289406,5.861356393794127
avi_splice_sites,s11_50,0.11424309015274048,0.012680590152740479,18,87,3.965057471264368,2.6902915894151356,7.152457757296467,7.152457757296467,2.4580131308338244,5.795827473042662
avi_splice_sites,s11_50,0.1142578125,0.0126953125,18,90,3.8328888888888892,2.5887711520787153,7.145376955903271,7.145376955903271,2.383234727827296,5.583037589173047
avi_splice_sites,s11_50,0.1143798828125,0.0128173828125,18,90,3.8328888888888892,2.5887711520787153,7.145376955903271,7.145376955903271,2.383234727827296,5.583037589173047
avi_splice_sites,s11_50,0.11474609375,0.01318359375,18,91,3.790769230769231,2.579687873214483,6.788773464552579,6.788773464552579,2.3581981129886356,5.531450577663671
avi_splice_sites,s11_50,0.115234375,0.013671875,18,96,3.5933333333333337,2.47175574707855,6.568943315965666,6.568943315965666,2.2335887794715825,5.212544062347004
avi_splice_sites,s11_50,0.1162109375,0.0126953125,16,87,3.5244955300127714,2.329366438356164,6.905821282906934,6.905821282906934,2.109618637882028,5.219902677060883
avi_splice_sites,s11_50,0.116943359375,0.012451171875,16,86,3.5654780361757106,2.4098602782618967,6.788773464552579,6.788773464552579,2.1264750946991726,5.278447704558813
avi_splice_sites,s11_50,0.1171875,0.0126953125,16,87,3.5244955300127714,2.3822452232084554,6.675627240143369,6.675627240143369,2.097008339699516,5.214885663181067
avi_splice_sites,s11_50,0.1181640625,0.0126953125,12,90,2.5552592592592593,1.9085090994794973,3.854256854256854,3.854256854256854,1.3854064153610148,3.956280276199445
avi_splice_sites,s11_50,0.11884689331054688,0.013378143310546875,12,90,2.5552592592592593,1.9085090994794973,3.854256854256854,3.854256854256854,1.3854064153610148,3.956280276199445
avi_splice_sites,s11_50,0.119140625,0.013671875,12,93,2.472831541218638,1.8147380642675608,3.854256854256854,3.854256854256854,1.3414755907235107,3.819734274945317
avi_splice_sites,s11_50,0.1192626953125,0.0137939453125,12,93,2.472831541218638,1.8147380642675608,3.854256854256854,3.854256854256854,1.3414755907235107,3.819734274945317
avi_splice_sites,s11_50,0.1201171875,0.0146484375,12,101,2.2769636963696374,1.655843505275776,3.6626783248964565,3.6626783248964565,1.2330061598226392,3.490988765775529
avi_splice_sites,s11_50,0.12109375,0.013671875,11,91,2.316581196581197,1.122162147050601,2.939668174962293,2.939668174962293,1.2138865543275172,3.6333756470276932
avi_splice_sites,s11_50,0.1219482421875,0.0145263671875,11,91,2.316581196581197,1.122162147050601,2.939668174962293,2.939668174962293,1.2138865543275172,3.6333756470276932
avi_splice_sites,s11_50,0.1229248046875,0.0137939453125,12,89,2.583970037453184,1.1844444444444444,3.009479740727822,3.009479740727822,1.3922092009663976,4.010636888304433
avi_splice_sites,s11_50,0.123046875,0.013671875,12,89,2.583970037453184,1.1844444444444444,3.009479740727822,3.009479740727822,1.3922092009663976,4.010636888304433
avi_splice_sites,s11_50,0.1244659423828125,0.0150909423828125,13,99,2.516543209876543,1.0319823545629998,2.9208155523944996,2.9208155523944996,1.3878406708595388,3.835476112222858
avi_splice_sites,s11_50,0.12451171875,0.01508021354675293,10,90,2.129382716049383,0.0,2.715677107682718,2.715677107682718,1.0514171473457863,3.407966097342066
avi_splice_sites,s11_50,0.1249772310256958,0.0146256685256958,10,90,2.129382716049383,0.0,2.715677107682718,2.715677107682718,1.0514171473457863,3.407966097342066
avi_splice_sites,s11_50,0.125,0.014633238315582275,10,90,2.129382716049383,0.0,2.715677107682718,2.715677107682718,1.0528752436647173,3.4073563644962332
avi_splice_sites,s11_50,0.125244140625,0.014404296875,10,90,2.129382716049383,0.0,2.715677107682718,2.715677107682718,1.0528752436647173,3.4073563644962332
avi_splice_sites,s11_50,0.126953125,0.01513671875,11,89,2.368639200998752,1.291570783630532,3.2706322484100263,3.2706322484100263,1.2393248785793034,3.754801142128862
avi_splice_sites,s11_50,0.1275634765625,0.0150146484375,11,92,2.291400966183575,1.2589473684210526,3.4430742180595533,3.4430742180595533,1.2046961951447246,3.6141939792663473
avi_splice_sites,s11_50,0.12890625,0.0146484375,11,89,2.368639200998752,1.2868498981829575,3.4430742180595533,3.4430742180595533,1.2433999157825013,3.73723968914778
avi_splice_sites,s11_50,0.129150390625,0.014892578125,11,91,2.316581196581197,1.2428978246622304,3.2331951788049325,3.2331951788049325,1.2137769447047797,3.6591335912328384
avi_splice_sites,s11_50,0.12985849380493164,0.01467275619506836,12,92,2.4997101449275365,0.9571084337349398,2.7476312419974387,2.7476312419974387,1.3632412856496152,3.871866731273327
avi_splice_sites,s11_50,0.13016510009765625,0.01493072509765625,12,92,2.4997101449275365,0.9571084337349398,2.7476312419974387,2.7476312419974387,1.3632412856496152,3.871866731273327
avi_splice_sites,s11_50,0.130859375,0.015625,12,96,2.3955555555555557,0.9202965708989805,2.6471080139372827,2.6471080139372827,1.3093080326856847,3.702496377441535
avi_splice_sites,s11_50,0.1328125,0.015625,10,94,2.0387706855791965,0.9202965708989805,2.2902060623182514,2.2902060623182514,1.0408043526852404,3.270460781596452
avi_splice_sites,s11_50,0.13330078125,0.01513671875,10,91,2.105982905982906,0.9202965708989805,2.357561893919754,2.357561893919754,1.076024211272598,3.3880916234789424
avi_splice_sites,s11_50,0.13427734375,0.01513671875,10,90,2.129382716049383,0.9571084337349398,2.4289629629629625,2.4289629629629625,1.081699346405229,3.429332723982045
avi_splice_sites,s11_50,0.13465309143066406,0.015512466430664062,10,90,2.129382716049383,0.9571084337349398,2.4289629629629625,2.4289629629629625,1.081699346405229,3.429332723982045
avi_splice_sites,s11_50,0.1347188949584961,0.015578269958496094,10,90,2.129382716049383,0.9571084337349398,2.4289629629629625,2.4289629629629625,1.081699346405229,3.429332723982045
avi_splice_sites,s11_50,0.134765625,0.015625,10,91,2.105982905982906,0.9202965708989805,2.4101199746085484,2.4101199746085484,1.0696714691670004,3.3885999734754955
avi_splice_sites,s11_50,0.13671875,0.0166015625,10,91,2.105982905982906,0.9571084337349398,2.408739739256398,2.408739739256398,1.0727508965648382,3.3978522659063626
avi_splice_sites,s11_50,0.136871337890625,0.016754150390625,10,91,2.105982905982906,0.9571084337349398,2.408739739256398,2.408739739256398,1.0727508965648382,3.3978522659063626
avi_splice_sites,s11_50,0.1376190185546875,0.0166168212890625,9,91,1.8953846153846154,0.0,2.2675202156334233,2.2675202156334233,0.9101828459371734,3.112872597314787
avi_splice_sites,s11_50,0.1376495361328125,0.0165863037109375,9,91,1.8953846153846154,0.0,2.2675202156334233,2.2675202156334233,0.9101828459371734,3.112872597314787
avi_splice_sites,s11_50,0.1376800537109375,0.0165863037109375,9,91,1.8953846153846154,0.0,2.2675202156334233,2.2675202156334233,0.9101828459371734,3.112872597314787
avi_splice_sites,s11_50,0.138671875,0.0167236328125,8,92,1.6664734299516908,0.0,2.0345978690496644,2.0345978690496644,0.7636748918202644,2.7683039636790427
avi_splice_sites,s11_50,0.1386871337890625,0.0167388916015625,8,92,1.6664734299516908,0.0,2.0345978690496644,2.0345978690496644,0.7636748918202644,2.7683039636790427
avi_splice_sites,s11_50,0.13939476013183594,0.0165863037109375,8,92,1.6664734299516908,0.0,2.0345978690496644,2.0345978690496644,0.7670967819446087,2.7702921633056286
avi_splice_sites,s11_50,0.13959193229675293,0.016585588455200195,8,92,1.6664734299516908,0.0,2.0134943181818183,2.0134943181818183,0.7666918925028628,2.77075660905837
avi_splice_sites,s11_50,0.13962006568908691,0.016566038131713867,8,92,1.6664734299516908,0.0,2.0134943181818183,2.0134943181818183,0.7665710751846767,2.7747138554216866
avi_splice_sites,s11_50,0.13963323831558228,0.016552865505218506,8,92,1.6664734299516908,0.0,2.0134943181818183,2.0134943181818183,0.7665710751846767,2.7747138554216866
avi_splice_sites,s11_50,0.140625,0.015625,7,94,1.4271394799054373,0.0,2.5511845251032383,2.5511845251032383,0.5988512465031453,2.437839362286954
avi_splice_sites,s11_50,0.14111328125,0.01611328125,7,94,1.4271394799054373,0.0,2.5511845251032383,2.5511845251032383,0.5988512465031453,2.437839362286954
avi_splice_sites,s11_50,0.142578125,0.017578125,7,101,1.3282288228822883,0.0,2.5265993265993267,2.5265993265993267,0.5580253295425174,2.270088286935222
avi_splice_sites,s11_50,0.14383697509765625,0.01688385009765625,6,95,1.2103859649122808,0.0,2.64404609475032,2.64404609475032,0.44154119127908187,2.149524782811839
avi_splice_sites,s11_50,0.14404296875,0.01708984375,6,95,1.2103859649122808,0.0,2.64404609475032,2.64404609475032,0.44154119127908187,2.149524782811839
avi_splice_sites,s11_50,0.14449810981750488,0.017544984817504883,6,96,1.1977777777777778,0.0,2.64404609475032,2.64404609475032,0.4359607151850919,2.1281644724017177
avi_splice_sites,s11_50,0.14452406764030457,0.017570942640304565,6,96,1.1977777777777778,0.0,2.64404609475032,2.64404609475032,0.4359607151850919,2.1281644724017177
avi_splice_sites,s11_50,0.14453125,0.017578125,6,98,1.1733333333333333,0.0,2.5094444444444446,2.5094444444444446,0.4252784955103536,2.08125
avi_splice_sites,s11_50,0.146484375,0.017578125,6,95,1.2103859649122808,0.0,2.6094602789569437,2.6094602789569437,0.44236392603328095,2.1435793496427977
avi_splice_sites,s11_50,0.14697265625,0.01801156997680664,6,94,1.223262411347518,0.0,2.7725515463917527,2.7725515463917527,0.44709512506578547,2.1671889160285627
avi_splice_sites,s11_50,0.1473388671875,0.01767587661743164,6,94,1.223262411347518,0.0,2.8165603010963833,2.8165603010963833,0.447345678975629,2.169964235229553
avi_splice_sites,s11_50,0.1484375,0.01857900619506836,6,94,1.223262411347518,0.0,2.8165603010963833,2.8165603010963833,0.447345678975629,2.169964235229553
avi_splice_sites,s11_50,0.14892578125,0.01904296875,10,95,2.017309941520468,0.0,3.010152119619863,3.010152119619863,1.0451226298882352,3.2219242574274967
avi_splice_sites,s11_50,0.150390625,0.017578125,10,90,2.129382716049383,0.0,3.1020084566596196,3.1020084566596196,1.103330985915493,3.4133804780449686
avi_splice_sites,s11_50,0.15087890625,0.01806640625,10,90,2.129382716049383,0.0,3.1020084566596196,3.1020084566596196,1.103330985915493,3.4133804780449686
avi_splice_sites,s11_50,0.15234375,0.01806640625,11,89,2.368639200998752,0.0,3.235745386688783,3.235745386688783,1.2720577404625129,3.752160332035799
avi_splice_sites,s11_50,0.15240478515625,0.01812744140625,11,89,2.368639200998752,0.0,3.235745386688783,3.235745386688783,1.2720577404625129,3.752160332035799
avi_splice_sites,s11_50,0.1539306640625,0.0191650390625,11,89,2.368639200998752,0.0,3.298125,3.298125,1.2722682038550412,3.7481404847211492
avi_splice_sites,s11_50,0.1541748046875,0.0194091796875,11,89,2.368639200998752,0.0,3.298125,3.298125,1.2722682038550412,3.7481404847211492
avi_splice_sites,s11_50,0.15423583984375,0.01947021484375,11,89,2.368639200998752,0.0,3.298125,3.298125,1.2722682038550412,3.7481404847211492
avi_splice_sites,s11_50,0.154296875,0.01953125,11,90,2.342320987654321,0.0,3.2358962264150946,3.2358962264150946,1.2630894445376741,3.7038282023236895
avi_splice_sites,s11_50,0.15478515625,0.02001953125,11,90,2.342320987654321,0.0,3.2358962264150946,3.2358962264150946,1.2630894445376741,3.7038282023236895
avi_splice_sites,s11_50,0.1552734375,0.0205078125,11,97,2.1732875143184422,0.0,3.0671544290567025,3.0671544290567025,1.170732311377781,3.4280315129440924
avi_splice_sites,s11_50,0.15598106384277344,0.019800186157226562,11,93,2.266762246117085,0.0,3.1468348623853215,3.1468348623853215,1.218312900769521,3.5772216320376136
avi_splice_sites,s11_50,0.15617752075195312,0.019603729248046875,11,93,2.266762246117085,0.0,3.1468348623853215,3.1468348623853215,1.218312900769521,3.5772216320376136
avi_splice_sites,s11_50,0.15618610382080078,0.01959514617919922,11,93,2.266762246117085,0.0,3.1468348623853215,3.1468348623853215,1.218312900769521,3.5772216320376136
avi_splice_sites,s11_50,0.15620017051696777,0.019581079483032227,11,93,2.266762246117085,0.0,3.1468348623853215,3.1468348623853215,1.218312900769521,3.5772216320376136
avi_splice_sites,s11_50,0.15625,0.01953125,11,93,2.266762246117085,0.0,3.1468348623853215,3.1468348623853215,1.218312900769521,3.5772216320376136
avi_splice_sites,s11_50,0.15819388628005981,0.020517051219940186,10,90,2.129382716049383,0.0,3.1064745818844184,3.1064745818844184,1.1114829014076417,3.421295408694977
avi_splice_sites,s11_50,0.16015625,0.020761489868164062,9,91,1.8953846153846154,0.0,3.3522727272727275,3.3522727272727275,0.9303709170150707,3.089612679651299
avi_splice_sites,s11_50,0.16162109375,0.021987855434417725,9,91,1.8953846153846154,0.0,3.13111518762927,3.13111518762927,0.9299233327489171,3.0807652807391603
avi_splice_sites,s11_50,0.162109375,0.0224609375,9,91,1.8953846153846154,0.0,3.13111518762927,3.13111518762927,0.9297979877319598,3.071280776515149
avi_splice_sites,s11_50,0.16259765625,0.02197265625,9,91,1.8953846153846154,0.0,3.13111518762927,3.13111518762927,0.9297979877319598,3.071280776515149
avi_splice_sites,s11_50,0.16455078125,0.02392578125,12,92,2.4997101449275365,0.0,3.5330370370370368,3.5330370370370368,1.385656761564756,3.8706744048970942
avi_splice_sites,s11_50,0.16482925415039062,0.024204254150390625,12,92,2.4997101449275365,0.0,3.5330370370370368,3.5330370370370368,1.385656761564756,3.8706744048970942
avi_splice_sites,s11_50,0.1649641990661621,0.02433919906616211,12,92,2.4997101449275365,0.0,3.5330370370370368,3.5330370370370368,1.385656761564756,3.8706744048970942
avi_splice_sites,s11_50,0.16498422622680664,0.02435922622680664,12,92,2.4997101449275365,0.0,3.5330370370370368,3.5330370370370368,1.385656761564756,3.8706744048970942
avi_splice_sites,s11_50,0.16501474380493164,0.02438974380493164,12,92,2.4997101449275365,0.0,3.5330370370370368,3.5330370370370368,1.385656761564756,3.8706744048970942
avi_splice_sites,s11_50,0.16796875,0.025390625,11,90,2.342320987654321,0.0,2.778350515463918,2.778350515463918,1.2374435597213376,3.6658708553351396
avi_splice_sites,s11_50,0.169921875,0.02734375,12,98,2.3466666666666667,0.0,2.724285925706675,2.724285925706675,1.2940519589261974,3.5953671775286593
avi_splice_sites,s11_50,0.17185425758361816,0.027323007583618164,12,88,2.6133333333333337,0.0,3.128882845366082,3.128882845366082,1.434061102886404,4.0366647333557175
avi_splice_sites,s11_50,0.171875,0.02734375,12,89,2.583970037453184,0.0,3.0681278386599447,3.0681278386599447,1.4229367741077001,3.984664936581542
avi_splice_sites,s11_50,0.17236328125,0.02783203125,13,90,2.7681975308641973,0.0,3.27236711786068,3.27236711786068,1.5599629095404905,4.214727303111327
avi_splice_sites,s11_50,0.173828125,0.02734375,11,89,2.368639200998752,0.0,2.8325983459471993,2.8325983459471993,1.2615142290078216,3.694496481570598
avi_splice_sites,s11_50,0.17578125,0.029296875,11,92,2.291400966183575,0.0,2.730669175845464,2.730669175845464,1.2182584269662922,3.5738660008322927
avi_splice_sites,s11_50,0.176849365234375,0.029876708984375,11,89,2.368639200998752,0.0,2.8598330363607154,2.8598330363607154,1.259461568474444,3.7102281149193277
avi_splice_sites,s11_50,0.1787109375,0.0313720703125,12,88,2.6133333333333337,0.0,3.0982075233526887,3.0982075233526887,1.43763813690177,4.041135377850989
avi_splice_sites,s11_50,0.1796875,0.03125,12,88,2.6133333333333337,0.0,3.082827357085576,3.082827357085576,1.4357481149162787,4.03542286506563
avi_splice_sites,s11_50,0.1806640625,0.03173828125,12,88,2.6133333333333337,0.0,3.128882845366082,3.128882845366082,1.43865343669861,4.04018691588785
avi_splice_sites,s11_50,0.181640625,0.03125,12,89,2.583970037453184,0.0,3.0127630989699954,3.0127630989699954,1.420821950313635,3.9940471634292427
avi_splice_sites,s11_50,0.18359375,0.03125,14,91,2.9483760683760685,0.0,3.439954652198558,3.439954652198558,1.707722247936176,4.438886383441349
avi_splice_sites,s11_50,0.1845703125,0.03033447265625,14,86,3.1197932816537466,0.0,3.5805124718480417,3.5805124718480417,1.8070535547676807,4.722334834737124
avi_splice_sites,s11_50,0.185546875,0.03125,14,87,3.0839335887611745,0.0,3.5401475061460896,3.5401475061460896,1.7938919710179382,4.6500701355177645
avi_splice_sites,s11_50,0.1865234375,0.0322265625,14,90,2.9811358024691357,0.0,3.408797732609926,3.408797732609926,1.7321357756414466,4.488541666666666
avi_splice_sites,s11_50,0.1875,0.0322265625,14,87,3.0839335887611745,0.0,3.5789473684210527,3.5789473684210527,1.7856259527070204,4.647749985238543
avi_splice_sites,s11_50,0.19140625,0.03515625,15,86,3.3426356589147286,0.0,3.813178490280232,3.813178490280232,1.9849830201633527,5.015677621646732
avi_splice_sites,s11_50,0.1915283203125,0.0352783203125,15,86,3.3426356589147286,0.0,3.813178490280232,3.813178490280232,1.9849830201633527,5.015677621646732
avi_splice_sites,s11_50,0.193359375,0.03515625,14,86,3.1197932816537466,0.0,3.5367637282276294,3.5367637282276294,1.8132177613525444,4.73488930454446
avi_splice_sites,s11_50,0.1953125,0.03515625,15,86,3.3426356589147286,0.0,4.000303053261611,4.000303053261611,1.997832276930198,5.030713003663003
avi_splice_sites,s11_50,0.1962890625,0.0361328125,15,89,3.2299625468164797,0.0,3.7826703586141686,3.7826703586141686,1.9345232656054212,4.855758627235532
avi_splice_sites,s11_50,0.197265625,0.037109375,16,90,3.4070123456790125,0.0,3.9384992334603117,3.9384992334603117,2.0735250259300892,5.055870225730283
avi_splice_sites,s11_50,0.19921875,0.037109375,16,87,3.5244955300127714,0.0,3.973607355327204,3.973607355327204,2.1349646129218343,5.2330386648568465
avi_splice_sites,s11_50,0.2001953125,0.0361328125,16,84,3.6503703703703705,0.0,4.080804099329917,4.080804099329917,2.2085838461378517,5.437233404344514
avi_splice_sites,s11_50,0.201171875,0.03662109375,16,84,3.6503703703703705,0.0,4.080804099329917,4.080804099329917,2.2085838461378517,5.437233404344514
avi_splice_sites,s11_50,0.203125,0.0372314453125,18,82,4.206829268292683,0.0,4.616272094424661,4.616272094424661,2.6418975812010457,6.156564035578777
avi_splice_sites,s11_50,0.205078125,0.037109375,18,87,3.965057471264368,0.0,4.332650343202541,4.332650343202541,2.495542437406723,5.800350576038829
avi_splice_sites,s11_50,0.20556640625,0.03745746612548828,14,86,3.1197932816537466,0.0,3.4641732283464566,3.4641732283464566,1.8178737623083727,4.751873380481249
avi_splice_sites,s11_50,0.20703125,0.037109375,14,88,3.048888888888889,0.0,3.4094601051122795,3.4094601051122795,1.7812672173274597,4.639978938531713
avi_splice_sites,s11_50,0.2109375,0.037109375,16,86,3.5654780361757106,0.0,3.927933707564822,3.927933707564822,2.161189727115165,5.265957879058021
avi_splice_sites,s11_50,0.21127700805664062,0.036769866943359375,16,85,3.6074248366013073,0.0,3.9624746450304262,3.9624746450304262,2.1917502533559277,5.34175508113645
avi_splice_sites,s11_50,0.21175575256347656,0.03629112243652344,16,85,3.6074248366013073,0.0,3.9624746450304262,3.9624746450304262,2.1917502533559277,5.34175508113645
avi_splice_sites,s11_50,0.212890625,0.037109375,16,91,3.3695726495726497,0.0,3.674518629657414,3.674518629657414,2.04759012866375,4.957118367319355
avi_splice_sites,s11_50,0.21337890625,0.03662109375,16,84,3.6503703703703705,0.0,4.0142578124999995,4.0142578124999995,2.2172225176818565,5.412165186833015
avi_splice_sites,s11_50,0.21484375,0.0361328125,16,84,3.6503703703703705,0.0,4.02103280855109,4.02103280855109,2.21717574652382,5.41679878335613
avi_splice_sites,s11_50,0.216552734375,0.036865234375,16,86,3.5654780361757106,0.0,3.973607355327204,3.973607355327204,2.1618433773767323,5.2755454758632725
avi_splice_sites,s11_50,0.2166118621826172,0.03692436218261719,16,86,3.5654780361757106,0.0,3.973607355327204,3.973607355327204,2.1618433773767323,5.2755454758632725
avi_splice_sites,s11_50,0.21868896484375,0.03704833984375,16,84,3.6503703703703705,0.0,4.080442321368611,4.080442321368611,2.213186752535762,5.380265887605036
avi_splice_sites,s11_50,0.21875,0.037109375,16,84,3.6503703703703705,0.0,4.080442321368611,4.080442321368611,2.213186752535762,5.380265887605036
avi_splice_sites,s11_50,0.2197265625,0.037109375,16,84,3.6503703703703705,0.0,4.068217054263566,4.068217054263566,2.2136445883259546,5.380015865802398
avi_splice_sites,s11_50,0.220703125,0.037109375,16,85,3.6074248366013073,0.0,4.010335125066214,4.010335125066214,2.1882469792895445,5.3178539161456895
avi_splice_sites,s11_50,0.22265625,0.0380859375,16,84,3.6503703703703705,0.0,4.03778677462888,4.03778677462888,2.2089071117238928,5.3877087413288205
avi_splice_sites,s11_50,0.224609375,0.037109375,16,86,3.5654780361757106,0.7628687102371313,4.291282863857159,4.291282863857159,2.156930174040679,5.256234886371234
avi_splice_sites,s11_50,0.2265397310256958,0.0351790189743042,14,86,3.1197932816537466,0.7628687102371313,3.8416461641690893,3.8416461641690893,1.8043406359207994,4.692559581688937
avi_splice_sites,s11_50,0.22750139236450195,0.03609514236450195,14,86,3.1197932816537466,0.7628687102371313,3.8416461641690893,3.8416461641690893,1.8043406359207994,4.692559581688937
avi_splice_sites,s11_50,0.2275390625,0.0361328125,14,86,3.1197932816537466,0.7628687102371313,3.8416461641690893,3.8416461641690893,1.8043406359207994,4.692559581688937
avi_splice_sites,s11_50,0.228515625,0.037109375,14,86,3.1197932816537466,0.7628687102371313,3.8416461641690893,3.8416461641690893,1.8043406359207994,4.692559581688937
avi_splice_sites,s11_50,0.23046875,0.039015769958496094,14,86,3.1197932816537466,0.7628687102371313,3.8416461641690893,3.8416461641690893,1.8006677596494531,4.689293285394647
avi_splice_sites,s11_50,0.23095703125,0.03857421875,14,86,3.1197932816537466,0.7782600831976849,3.875225225225225,3.875225225225225,1.796619170787746,4.688101108697739
avi_splice_sites,s11_50,0.2314453125,0.0380859375,14,86,3.1197932816537466,0.7782600831976849,3.875225225225225,3.875225225225225,1.796619170787746,4.688101108697739
avi_splice_sites,s11_50,0.232421875,0.0390625,14,88,3.048888888888889,0.7628687102371313,3.8183688402358458,3.8183688402358458,1.7641422102080955,4.575169629542177
avi_splice_sites,s11_50,0.234375,0.0390625,15,88,3.266666666666667,0.7628687102371313,4.000303053261611,4.000303053261611,1.9406444935236407,4.866572057736807
avi_splice_sites,s11_50,0.2362051010131836,0.039916038513183594,14,86,3.1197932816537466,0.7628687102371313,3.8416461641690893,3.8416461641690893,1.8049215310113618,4.712652212467308
avi_splice_sites,s11_50,0.2362060546875,0.0399169921875,14,86,3.1197932816537466,0.7628687102371313,3.8416461641690893,3.8416461641690893,1.8049215310113618,4.712652212467308
avi_splice_sites,s11_50,0.236328125,0.0400390625,14,86,3.1197932816537466,0.7628687102371313,3.8416461641690893,3.8416461641690893,1.8049215310113618,4.712652212467308
avi_splice_sites,s11_50,0.23828125,0.04150390625,14,86,3.1197932816537466,0.7393470790378007,3.848496680983991,3.848496680983991,1.8045370452597425,4.702785368548429
avi_splice_sites,s11_50,0.23909950256347656,0.04183387756347656,14,86,3.1197932816537466,0.7393470790378007,3.848496680983991,3.848496680983991,1.8045370452597425,4.702785368548429
avi_splice_sites,s11_50,0.240234375,0.04296875,14,87,3.0839335887611745,0.7393470790378007,3.8039340545417124,3.8039340545417124,1.7838437523693986,4.642161419446477
avi_splice_sites,s11_50,0.2403564453125,0.0430908203125,14,87,3.0839335887611745,0.7393470790378007,3.8039340545417124,3.8039340545417124,1.7838437523693986,4.642161419446477
avi_splice_sites,s11_50,0.2415771484375,0.0443115234375,15,87,3.3042145593869727,0.7393470790378007,4.038854460100855,4.038854460100855,1.9566514083504127,4.929223744292237
avi_splice_sites,s11_50,0.24202442169189453,0.04475879669189453,15,87,3.3042145593869727,0.7393470790378007,4.038854460100855,4.038854460100855,1.9566514083504127,4.929223744292237
avi_splice_sites,s11_50,0.2421875,0.044921875,15,87,3.3042145593869727,0.7393470790378007,4.038854460100855,4.038854460100855,1.9566514083504127,4.929223744292237
avi_splice_sites,s11_50,0.24302387237548828,0.04575824737548828,15,87,3.3042145593869727,0.7393470790378007,4.038854460100855,4.038854460100855,1.9566514083504127,4.929223744292237
avi_splice_sites,s11_50,0.243408203125,0.046142578125,16,88,3.4844444444444447,0.7393470790378007,4.187647058823529,4.187647058823529,2.107859160526381,5.1365291739065855
avi_splice_sites,s11_50,0.24350738525390625,0.04624176025390625,16,88,3.4844444444444447,0.7393470790378007,4.187647058823529,4.187647058823529,2.107859160526381,5.1365291739065855
avi_splice_sites,s11_50,0.24609375,0.046875,16,84,3.6503703703703705,0.7921575846833578,4.360941674648385,4.360941674648385,2.2011744668854765,5.395851808459504
avi_splice_sites,s11_50,0.24688720703125,0.04766845703125,16,84,3.6503703703703705,0.7921575846833578,4.360941674648385,4.360941674648385,2.2011744668854765,5.395851808459504
avi_splice_sites,s11_50,0.248046875,0.0478515625,16,85,3.6074248366013073,0.8214967544864452,4.266989923479051,4.266989923479051,2.1736062727886507,5.3220478820549
avi_splice_sites,s11_50,0.249114990234375,0.047943115234375,16,84,3.6503703703703705,0.8530927835051546,4.390479826905944,4.390479826905944,2.2367424715983084,5.39807712146574
avi_splice_sites,s11_50,0.24970626831054688,0.048534393310546875,16,85,3.6074248366013073,0.8530927835051546,4.336937389992457,4.336937389992457,2.2149659863945574,5.332312521102155
avi_splice_sites,s11_50,0.25,0.048828125,16,85,3.6074248366013073,0.8530927835051546,4.336937389992457,4.336937389992457,2.2149659863945574,5.332312521102155
avi_splice_sites,s11_50,0.2504425048828125,0.0492706298828125,16,85,3.6074248366013073,0.8530927835051546,4.336937389992457,4.336937389992457,2.2149659863945574,5.332312521102155
avi_splice_sites,s11_50,0.251953125,0.048828125,17,86,3.7883204134366926,0.8530927835051546,4.508174752077191,4.508174752077191,2.3659880963627775,5.560315229926729
avi_splice_sites,s11_50,0.2529296875,0.0478515625,17,84,3.8785185185185185,0.8530927835051546,4.638735177865612,4.638735177865612,2.422049731007981,5.699761288426163
avi_splice_sites,s11_50,0.25321197509765625,0.04764556884765625,17,83,3.9252476572958503,0.8872164948453608,4.652941176470589,4.652941176470589,2.4492922684756637,5.771129546965165
avi_splice_sites,s11_50,0.2538337707519531,0.048267364501953125,17,83,3.9252476572958503,0.8872164948453608,4.652941176470589,4.652941176470589,2.4492922684756637,5.771129546965165
avi_splice_sites,s11_50,0.25383615493774414,0.04826974868774414,17,83,3.9252476572958503,0.8872164948453608,4.652941176470589,4.652941176470589,2.4492922684756637,5.771129546965165
avi_splice_sites,s11_50,0.25383806228637695,0.04827165603637695,17,83,3.9252476572958503,0.8872164948453608,4.652941176470589,4.652941176470589,2.4492922684756637,5.771129546965165
avi_splice_sites,s11_50,0.2538595199584961,0.048293113708496094,17,83,3.9252476572958503,0.8872164948453608,4.652941176470589,4.652941176470589,2.4492922684756637,5.771129546965165
avi_splice_sites,s11_50,0.25388407707214355,0.048317670822143555,17,83,3.9252476572958503,0.8872164948453608,4.652941176470589,4.652941176470589,2.4492922684756637,5.771129546965165
avi_splice_sites,s11_50,0.2568359375,0.049744606018066406,17,83,3.9252476572958503,1.4433962264150941,5.179487179487179,5.179487179487179,2.4529424989692847,5.786298248694535
avi_splice_sites,s11_50,0.2578125,0.048768043518066406,17,83,3.9252476572958503,1.4433962264150941,5.179487179487179,5.179487179487179,2.4529424989692847,5.786298248694535
avi_splice_sites,s11_50,0.2603759765625,0.049098968505859375,17,83,3.9252476572958503,1.4433962264150941,5.179487179487179,5.179487179487179,2.4458361536671256,5.78272670670177
avi_splice_sites,s11_50,0.26144981384277344,0.049694061279296875,17,83,3.9252476572958503,1.4433962264150941,5.682471264367817,5.682471264367817,2.459404032823795,5.7856102207585245
avi_splice_sites,s11_50,0.26167869567871094,0.049922943115234375,17,83,3.9252476572958503,1.4433962264150941,5.682471264367817,5.682471264367817,2.459404032823795,5.7856102207585245
avi_splice_sites,s11_50,0.26168107986450195,0.04992532730102539,17,83,3.9252476572958503,1.4433962264150941,5.682471264367817,5.682471264367817,2.459404032823795,5.7856102207585245
avi_splice_sites,s11_50,0.2616865634918213,0.04993081092834473,17,83,3.9252476572958503,1.4433962264150941,5.682471264367817,5.682471264367817,2.459404032823795,5.7856102207585245
avi_splice_sites,s11_50,0.26171875,0.04996299743652344,17,83,3.9252476572958503,1.4433962264150941,5.682471264367817,5.682471264367817,2.459404032823795,5.7856102207585245
avi_splice_sites,s11_50,0.2694845199584961,0.054640769958496094,20,81,4.73196159122085,2.873376623376623,7.03756201275691,7.03756201275691,3.0587867213000903,6.8177526663211045
avi_splice_sites,s11_50,0.26953125,0.0546875,20,83,4.617938420348059,2.873376623376623,7.03756201275691,7.03756201275691,2.989151042864811,6.664872955793242
avi_splice_sites,s11_50,0.271484375,0.0566178560256958,18,82,4.206829268292683,2.7524880510416225,6.646586345381525,6.646586345381525,2.6256564871189334,6.157387333291475
avi_splice_sites,s11_50,0.2734375,0.056884765625,18,82,4.206829268292683,2.7524880510416225,6.646586345381525,6.646586345381525,2.6256564871189334,6.157387333291475
avi_splice_sites,s11_50,0.27978515625,0.06109619140625,18,82,4.206829268292683,2.7159688617715125,6.646586345381525,6.646586345381525,2.615150837006364,6.157875937611621
avi_splice_sites,s11_50,0.2812298536300659,0.06254088878631592,18,82,4.206829268292683,2.7159688617715125,6.646586345381525,6.646586345381525,2.615150837006364,6.157875937611621
avi_splice_sites,s11_50,0.28515625,0.06646728515625,18,82,4.206829268292683,2.7159688617715125,6.646586345381525,6.646586345381525,2.615150837006364,6.157875937611621
avi_splice_sites,s11_50,0.2890625,0.0703125,18,84,4.1066666666666665,2.6913573301076137,6.646586345381525,6.646586345381525,2.5542650939709763,6.0122133603036465
avi_splice_sites,s11_50,0.29296875,0.072265625,18,82,4.206829268292683,2.7524880510416225,6.646586345381525,6.646586345381525,2.6141737813029633,6.158013324663385
avi_splice_sites,s11_50,0.29483699798583984,0.07296085357666016,18,82,4.206829268292683,2.7780801583374566,6.2967660114140775,6.2967660114140775,2.6094100196052876,6.163544103755601
avi_splice_sites,s11_50,0.294921875,0.0728759765625,18,82,4.206829268292683,2.7780801583374566,6.2967660114140775,6.2967660114140775,2.6094100196052876,6.163544103755601
avi_splice_sites,s11_50,0.296875,0.0734710693359375,17,83,3.9252476572958503,2.6968246757951966,5.961538461538461,5.961538461538461,2.4136763919050765,5.802462768720722
avi_splice_sites,s11_50,0.2978515625,0.0732421875,18,83,4.156144578313254,2.9166257683280628,6.2031511900771035,6.2031511900771035,2.5819377990430623,6.092365501758755
avi_splice_sites,s11_50,0.3006124496459961,0.07407271862030029,18,82,4.206829268292683,2.929273876321246,6.370803924944053,6.370803924944053,2.609076848612312,6.195237176845684
avi_splice_sites,s11_50,0.3006758689880371,0.07413613796234131,18,82,4.206829268292683,2.929273876321246,6.370803924944053,6.370803924944053,2.609076848612312,6.195237176845684
avi_splice_sites,s11_50,0.30078125,0.0742415189743042,18,82,4.206829268292683,2.929273876321246,6.370803924944053,6.370803924944053,2.609076848612312,6.195237176845684
avi_splice_sites,s11_50,0.3046875,0.07718610763549805,18,82,4.206829268292683,2.868695042347737,6.554252199413491,6.554252199413491,2.6052750241349503,6.178784983572886
avi_splice_sites,s11_50,0.3065805435180664,0.07907915115356445,18,82,4.206829268292683,2.868695042347737,6.554252199413491,6.554252199413491,2.6052750241349503,6.178784983572886
avi_splice_sites,s11_50,0.306640625,0.07913923263549805,18,82,4.206829268292683,2.868695042347737,6.554252199413491,6.554252199413491,2.6052750241349503,6.178784983572886
avi_splice_sites,s11_50,0.310546875,0.080078125,20,80,4.791111111111111,3.2359472780639087,8.771186440677967,8.771186440677967,3.0670439377752237,6.921045933532505
avi_splice_sites,s11_50,0.31494140625,0.08349609375,20,80,4.791111111111111,3.3630080488092644,6.82422969187675,6.82422969187675,3.100497101714762,6.923898948978263
avi_splice_sites,s11_50,0.31640625,0.0849609375,20,81,4.73196159122085,3.3015774575821952,6.82422969187675,6.82422969187675,3.0657230604012784,6.847706786647904
avi_splice_sites,s11_50,0.31832170486450195,0.08402204513549805,21,79,5.094345991561181,3.513459633959692,8.286206896551723,8.286206896551723,3.3034138856923665,7.35284033373707
avi_splice_sites,s11_50,0.32421875,0.0880136489868164,21,79,5.094345991561181,3.3244000193152736,10.096519308361744,10.096519308361744,3.3201005992506762,7.345980844721192
avi_splice_sites,s11_50,0.32801246643066406,0.09180736541748047,21,79,5.094345991561181,3.3244000193152736,10.096519308361744,10.096519308361744,3.3201005992506762,7.345980844721192
avi_splice_sites,s11_50,0.3281022310256958,0.09189713001251221,21,79,5.094345991561181,3.3244000193152736,10.096519308361744,10.096519308361744,3.3201005992506762,7.345980844721192
avi_splice_sites,s11_50,0.33203125,0.0958251953125,22,78,5.405356125356126,3.5143657347047177,10.159269256524151,10.159269256524151,3.5719561165644618,7.735107729751717
avi_splice_sites,s11_50,0.3359375,0.0997314453125,22,78,5.405356125356126,3.5143657347047177,10.159269256524151,10.159269256524151,3.5719561165644618,7.735107729751717
avi_splice_sites,s11_50,0.35543346405029297,0.1163339614868164,23,77,5.724444444444445,3.427232699959973,13.805555555555555,13.805555555555555,3.796032881856836,8.169962575049144
avi_splice_sites,s11_50,0.35791015625,0.11767578125,23,77,5.724444444444445,3.4513359484864186,13.459821428571429,13.459821428571429,3.7907209348622395,8.166662675025409
avi_splice_sites,s11_50,0.359375,0.119140625,23,77,5.724444444444445,3.4513359484864186,13.459821428571429,13.459821428571429,3.7907209348622395,8.166662675025409
avi_splice_sites,s11_50,0.3623046875,0.1219482421875,23,77,5.724444444444445,3.4513359484864186,13.459821428571429,13.459821428571429,3.78541361634539,8.166614437825904
avi_splice_sites,s11_50,0.3677978515625,0.12744140625,23,77,5.724444444444445,3.4513359484864186,13.459821428571429,13.459821428571429,3.78541361634539,8.166614437825904
avi_splice_sites,s11_50,0.3703460693359375,0.1299896240234375,23,77,5.724444444444445,3.4513359484864186,13.459821428571429,13.459821428571429,3.78541361634539,8.166614437825904
avi_splice_sites,s11_50,0.37109375,0.1307373046875,23,77,5.724444444444445,3.4513359484864186,13.459821428571429,13.459821428571429,3.78541361634539,8.166614437825904
avi_splice_sites,s11_50,0.373046875,0.1326904296875,23,77,5.724444444444445,3.4513359484864186,13.459821428571429,13.459821428571429,3.78541361634539,8.166614437825904
avi_splice_sites,s11_50,0.38134765625,0.13932323455810547,23,77,5.724444444444445,3.4513359484864186,13.459821428571429,13.459821428571429,3.797385620915032,8.15918765394323
avi_splice_sites,s11_50,0.38671875,0.14453125,24,78,5.896752136752137,3.5533918168786562,13.941973490427097,13.941973490427097,3.952205617431928,8.35304139714136
avi_splice_sites,s11_50,0.38866037130355835,0.14647287130355835,24,78,5.896752136752137,3.5533918168786562,13.941973490427097,13.941973490427097,3.952205617431928,8.35304139714136
avi_splice_sites,s11_50,0.390625,0.1484375,24,78,5.896752136752137,3.5533918168786562,13.941973490427097,13.941973490427097,3.952205617431928,8.35304139714136
avi_splice_sites,s11_50,0.39453125,0.151123046875,26,74,6.7334534534534525,4.056864537082468,15.568885448916408,15.568885448916408,4.550216655025154,9.44956140350877
avi_splice_sites,s11_50,0.4013671875,0.1552734375,27,74,6.992432432432432,4.184460491238967,16.50927481725146,16.50927481725146,4.751033532584551,9.771996107291056
avi_splice_sites,s11_50,0.40234375,0.15625,27,74,6.992432432432432,4.184460491238967,16.50927481725146,16.50927481725146,4.751033532584551,9.771996107291056
avi_splice_sites,s11_50,0.40283203125,0.15673828125,27,74,6.992432432432432,4.184460491238967,16.50927481725146,16.50927481725146,4.751033532584551,9.771996107291056
avi_splice_sites,s11_50,0.40624386072158813,0.16015011072158813,27,74,6.992432432432432,4.184460491238967,16.50927481725146,16.50927481725146,4.751033532584551,9.771996107291056
avi_splice_sites,s11_50,0.4257622957229614,0.17966854572296143,28,75,7.154725925925925,4.320786966021312,16.50927481725146,16.50927481725146,4.894711279007017,9.938937464377315
avi_splice_sites,s11_50,0.44132137298583984,0.18936824798583984,26,74,6.7334534534534525,3.74777358490566,21.31818181818182,21.31818181818182,4.582680299081192,9.446884098022338
avi_splice_sites,s11_50,0.453125,0.19929122924804688,28,72,7.45283950617284,4.171447563532238,24.256802721088434,24.256802721088434,5.125659485778872,10.40245611916264
avi_splice_sites,s11_50,0.4608755111694336,0.2070159912109375,29,71,7.827730829420971,4.49912795306802,22.57411764705882,22.57411764705882,5.41556097500993,10.90176737252038
avi_splice_sites,s11_50,0.4683570861816406,0.21447300910949707,29,71,7.827730829420971,4.568367172980081,21.705882352941174,21.705882352941174,5.412143178406222,10.90889036143068
avi_splice_sites,s11_50,0.4687434732913971,0.21485939621925354,29,71,7.827730829420971,4.568367172980081,21.705882352941174,21.705882352941174,5.412143178406222,10.90889036143068
avi_splice_sites,s11_50,0.4725923538208008,0.21870827674865723,29,71,7.827730829420971,4.568367172980081,21.705882352941174,21.705882352941174,5.412143178406222,10.90889036143068
avi_splice_sites,s11_50,0.4822368621826172,0.2254009246826172,30,70,8.213333333333335,4.849603500136724,21.705882352941174,21.705882352941174,5.718408461331855,11.42253881569219
avi_splice_sites,s11_50,0.5078125,0.24613380432128906,32,68,9.018562091503268,5.313086854460093,22.77149021929082,22.77149021929082,6.346459574745052,12.44043768645587
avi_splice_sites,s11_50,0.51904296875,0.2495584487915039,32,68,9.018562091503268,5.345798663502498,22.76995492331108,22.76995492331108,6.328036492920547,12.442527085535957
avi_splice_sites,s11_50,0.5234043598175049,0.2538731098175049,32,68,9.018562091503268,5.411876091008609,21.34075342465753,21.34075342465753,6.314194069901955,12.424874797953688
avi_splice_sites,s11_50,0.5234375,0.25390082597732544,33,67,9.439203980099503,5.579084890244505,23.28082191780822,23.28082191780822,6.65786951144094,13.020613250663986
avi_splice_sites,s11_50,0.52392578125,0.25341254472732544,33,67,9.439203980099503,5.579084890244505,23.28082191780822,23.28082191780822,6.65786951144094,13.020613250663986
avi_splice_sites,s11_50,0.5428938865661621,0.2539811134338379,35,65,10.319316239316239,5.50124865276938,33.77191558441558,33.77191558441558,7.376923953527413,14.174342105263156
avi_splice_sites,s11_50,0.5429155826568604,0.25395941734313965,35,65,10.319316239316239,5.50124865276938,33.77191558441558,33.77191558441558,7.376923953527413,14.174342105263156
avi_splice_sites,s11_50,0.5468361377716064,0.25394511222839355,35,65,10.319316239316239,5.295186455013669,37.311494252873565,37.311494252873565,7.4028514582319564,14.140654205607476
avi_splice_sites,s11_50,0.5505781173706055,0.25760936737060547,35,65,10.319316239316239,5.295186455013669,37.311494252873565,37.311494252873565,7.4028514582319564,14.140654205607476
avi_splice_sites,s11_50,0.5546875,0.26171875,35,65,10.319316239316239,5.295186455013669,37.311494252873565,37.311494252873565,7.4028514582319564,14.140654205607476
avi_splice_sites,s11_50,0.56640625,0.2734375,35,65,10.319316239316239,5.295186455013669,37.311494252873565,37.311494252873565,7.4028514582319564,14.140654205607476
avi_splice_sites,s11_50,0.5858249664306641,0.28797340393066406,34,66,9.872592592592593,5.0297876169906415,36.606978879706155,36.606978879706155,7.042702021825722,13.541745271033692
avi_splice_sites,s11_50,0.6093598008155823,0.3027191758155823,38,62,11.74594982078853,5.927295638834099,48.83596459096457,48.83596459096457,8.47935011330356,16.058876800295664
avi_splice_sites,s11_50,0.61767578125,0.306640625,39,61,12.252677595628416,6.1653412485065715,51.29985754985755,51.29985754985755,8.838087226224696,16.75364766129251
avi_splice_sites,s11_50,0.6215362548828125,0.3065948486328125,39,61,12.252677595628416,6.1653412485065715,51.29985754985755,51.29985754985755,8.838087226224696,16.75364766129251
avi_splice_sites,s11_50,0.622344970703125,0.307403564453125,39,61,12.252677595628416,6.1653412485065715,51.29985754985755,51.29985754985755,8.838087226224696,16.75364766129251
avi_splice_sites,s11_50,0.6243133544921875,0.3093719482421875,39,61,12.252677595628416,6.1653412485065715,51.29985754985755,51.29985754985755,8.838087226224696,16.75364766129251
avi_splice_sites,s11_50,0.6244316101074219,0.3094902038574219,39,61,12.252677595628416,6.1653412485065715,51.29985754985755,51.29985754985755,8.838087226224696,16.75364766129251
avi_splice_sites,s11_50,0.6246852874755859,0.30974388122558594,39,61,12.252677595628416,6.1653412485065715,51.29985754985755,51.29985754985755,8.838087226224696,16.75364766129251
avi_splice_sites,s11_50,0.6247310638427734,0.30978965759277344,39,61,12.252677595628416,6.1653412485065715,51.29985754985755,51.29985754985755,8.838087226224696,16.75364766129251
avi_splice_sites,s11_50,0.6259765625,0.31103515625,39,61,12.252677595628416,6.1653412485065715,51.29985754985755,51.29985754985755,8.838087226224696,16.75364766129251
avi_splice_sites,s11_50,0.6288480758666992,0.3124418258666992,38,62,11.74594982078853,5.819526627218935,49.06324943985824,49.06324943985824,8.433552038542139,16.03304106764476
avi_splice_sites,s11_50,0.6288884878158569,0.31248223781585693,38,62,11.74594982078853,5.819526627218935,49.06324943985824,49.06324943985824,8.433552038542139,16.03304106764476
avi_splice_sites,s11_50,0.64013671875,0.31591796875,39,61,12.252677595628416,6.043517121948494,51.73326864144751,51.73326864144751,8.869332784403454,16.803709426733175
avi_splice_sites,s11_50,0.6443576812744141,0.3197917938232422,39,61,12.252677595628416,6.043517121948494,51.73326864144751,51.73326864144751,8.866953724401862,16.816077068435348
avi_splice_sites,s11_50,0.6473464965820312,0.31924426555633545,40,60,12.776296296296296,6.304484550177741,53.35185185185185,53.35185185185185,9.288287244487467,17.494626180946934
avi_splice_sites,s11_50,0.6558704376220703,0.3199329376220703,42,58,13.877701149425288,6.501055742988038,63.84662386400519,63.84662386400519,10.101419878296145,19.028868285895292
avi_splice_sites,s11_50,0.6576690673828125,0.3217315673828125,42,58,13.877701149425288,6.501055742988038,63.84662386400519,63.84662386400519,10.101419878296145,19.028868285895292
avi_splice_sites,s11_50,0.6668701171875,0.32137107849121094,43,57,14.45738791423002,6.542599640988195,73.38095238095238,73.38095238095238,10.53342189883227,19.775720628528006
avi_splice_sites,s11_50,0.6679643988609314,0.32027679681777954,43,57,14.45738791423002,6.542599640988195,73.38095238095238,73.38095238095238,10.53342189883227,19.775720628528006
avi_splice_sites,s11_50,0.6913442611694336,0.30460548400878906,50,50,19.164444444444445,8.256922322960058,106.91589147286821,106.91589147286821,14.040678283489605,26.43880561784492
avi_splice_sites,s11_50,0.71875,0.31250613927841187,54,46,22.497391304347826,9.862911968382846,129.07692307692307,129.07692307692307,16.555436314363142,31.214456480098065
avi_splice_sites,s11_50,0.7421875,0.33594363927841187,54,46,22.497391304347826,9.862911968382846,129.07692307692307,129.07692307692307,16.555436314363142,31.214456480098065
avi_splice_sites,s11_50,0.7460548877716064,0.3398110270500183,54,46,22.497391304347826,9.862911968382846,129.07692307692307,129.07692307692307,16.555436314363142,31.214456480098065
avi_splice_sites,s11_50,0.749992847442627,0.3437489867210388,54,46,22.497391304347826,9.862911968382846,129.07692307692307,129.07692307692307,16.555436314363142,31.214456480098065
avi_splice_sites,s11_50,0.7576589584350586,0.35141509771347046,54,46,22.497391304347826,9.862911968382846,129.07692307692307,129.07692307692307,16.555436314363142,31.214456480098065
avi_splice_sites,s11_50,0.7616972923278809,0.3554534316062927,54,46,22.497391304347826,9.862911968382846,129.07692307692307,129.07692307692307,16.555436314363142,31.214456480098065
avi_splice_sites,s11_50,0.7654275894165039,0.35918372869491577,54,46,22.497391304347826,9.862911968382846,129.07692307692307,129.07692307692307,16.555436314363142,31.214456480098065
avi_splice_sites,s11_50,0.7655611038208008,0.35931724309921265,54,46,22.497391304347826,9.862911968382846,129.07692307692307,129.07692307692307,16.555436314363142,31.214456480098065
avi_splice_sites,s11_50,0.7762451171875,0.37000125646591187,54,46,22.497391304347826,9.862911968382846,129.07692307692307,129.07692307692307,16.555436314363142,31.214456480098065
avi_splice_sites,s11_50,0.7773383259773254,0.3710944652557373,54,46,22.497391304347826,9.862911968382846,129.07692307692307,129.07692307692307,16.555436314363142,31.214456480098065
avi_splice_sites,s11_50,0.783203125,0.37695926427841187,54,46,22.497391304347826,9.862911968382846,129.07692307692307,129.07692307692307,16.555436314363142,31.214456480098065
avi_splice_sites,s11_50,0.791015625,0.38477176427841187,54,46,22.497391304347826,9.862911968382846,129.07692307692307,129.07692307692307,16.555436314363142,31.214456480098065
avi_splice_sites,s11_50,0.7929601073265076,0.38671624660491943,54,46,22.497391304347826,9.862911968382846,129.07692307692307,129.07692307692307,16.555436314363142,31.214456480098065
avi_splice_sites,s11_50,0.7950668334960938,0.3888229727745056,54,46,22.497391304347826,9.862911968382846,129.07692307692307,129.07692307692307,16.555436314363142,31.214456480098065
avi_splice_sites,s11_50,0.7965831756591797,0.39033931493759155,54,46,22.497391304347826,9.862911968382846,129.07692307692307,129.07692307692307,16.555436314363142,31.214456480098065
avi_splice_sites,s11_50,0.7966289520263672,0.39038509130477905,54,46,22.497391304347826,9.862911968382846,129.07692307692307,129.07692307692307,16.555436314363142,31.214456480098065
avi_splice_sites,s11_50,0.796875,0.39063113927841187,54,46,22.497391304347826,9.862911968382846,129.07692307692307,129.07692307692307,16.555436314363142,31.214456480098065
avi_splice_sites,s11_50,0.7978515625,0.39160770177841187,54,46,22.497391304347826,9.862911968382846,129.07692307692307,129.07692307692307,16.555436314363142,31.214456480098065
avi_splice_sites,s11_50,0.80078125,0.39453738927841187,54,46,22.497391304347826,9.862911968382846,129.07692307692307,129.07692307692307,16.555436314363142,31.214456480098065
avi_splice_sites,s11_50,0.8435468673706055,0.43730300664901733,54,46,22.497391304347826,9.862911968382846,129.07692307692307,129.07692307692307,16.555436314363142,31.214456480098065
avi_splice_sites,s11_50,0.8475713729858398,0.4413275122642517,54,46,22.497391304347826,9.862911968382846,129.07692307692307,129.07692307692307,16.555436314363142,31.214456480098065
avi_splice_sites,s11_50,0.8525390625,0.44629520177841187,54,46,22.497391304347826,9.862911968382846,129.07692307692307,129.07692307692307,16.555436314363142,31.214456480098065
avi_splice_sites,s11_50,0.8632620573043823,0.4570181965827942,54,46,22.497391304347826,9.862911968382846,129.07692307692307,129.07692307692307,16.555436314363142,31.214456480098065
avi_splice_sites,s11_50,0.8788442611694336,0.47260040044784546,54,46,22.497391304347826,9.862911968382846,129.07692307692307,129.07692307692307,16.555436314363142,31.214456480098065
avi_splice_sites,s11_50,0.8827276229858398,0.4764837622642517,54,46,22.497391304347826,9.862911968382846,129.07692307692307,129.07692307692307,16.555436314363142,31.214456480098065
avi_splice_sites,s11_50,0.8827986717224121,0.476554811000824,54,46,22.497391304347826,9.862911968382846,129.07692307692307,129.07692307692307,16.555436314363142,31.214456480098065
avi_splice_sites,s11_50,0.888671875,0.48242801427841187,54,46,22.497391304347826,9.862911968382846,129.07692307692307,129.07692307692307,16.555436314363142,31.214456480098065
avi_splice_sites,s11_50,0.8944563865661621,0.488212525844574,54,46,22.497391304347826,9.862911968382846,129.07692307692307,129.07692307692307,16.555436314363142,31.214456480098065
avi_splice_sites,s11_50,0.9021806716918945,0.4959368109703064,54,46,22.497391304347826,9.862911968382846,129.07692307692307,129.07692307692307,16.555436314363142,31.214456480098065
avi_splice_sites,s11_50,0.9101312160491943,0.5038873553276062,54,46,22.497391304347826,9.862911968382846,129.07692307692307,129.07692307692307,16.555436314363142,31.214456480098065
avi_splice_sites,s11_50,0.9216375350952148,0.5153936743736267,54,46,22.497391304347826,9.862911968382846,129.07692307692307,129.07692307692307,16.555436314363142,31.214456480098065
avi_splice_sites,s11_50,0.92431640625,0.5180725455284119,54,46,22.497391304347826,9.862911968382846,129.07692307692307,129.07692307692307,16.555436314363142,31.214456480098065
avi_splice_sites,s11_50,0.9373149871826172,0.531071126461029,54,46,22.497391304347826,9.862911968382846,129.07692307692307,129.07692307692307,16.555436314363142,31.214456480098065
avi_splice_sites,s11_50,0.945068359375,0.5388244986534119,54,46,22.497391304347826,9.862911968382846,129.07692307692307,129.07692307692307,16.555436314363142,31.214456480098065
avi_splice_sites,s11_50,0.9453065395355225,0.5390626788139343,54,46,22.497391304347826,9.862911968382846,129.07692307692307,129.07692307692307,16.555436314363142,31.214456480098065
avi_splice_sites,s11_50,0.9489517211914062,0.5427078604698181,54,46,22.497391304347826,9.862911968382846,129.07692307692307,129.07692307692307,16.555436314363142,31.214456480098065
avi_splice_sites,s11_50,0.9512939453125,0.5450500845909119,54,46,22.497391304347826,9.862911968382846,129.07692307692307,129.07692307692307,16.555436314363142,31.214456480098065
avi_splice_sites,s11_50,0.9607639312744141,0.5545200705528259,54,46,22.497391304347826,9.862911968382846,129.07692307692307,129.07692307692307,16.555436314363142,31.214456480098065
avi_splice_sites,s11_50,0.9641494750976562,0.5579056143760681,54,46,22.497391304347826,9.862911968382846,129.07692307692307,129.07692307692307,16.555436314363142,31.214456480098065
avi_splice_sites,s11_50,0.9648106098175049,0.5585667490959167,54,46,22.497391304347826,9.862911968382846,129.07692307692307,129.07692307692307,16.555436314363142,31.214456480098065
avi_splice_sites,s11_50,0.9697265625,0.5634827017784119,54,46,22.497391304347826,9.862911968382846,129.07692307692307,129.07692307692307,16.555436314363142,31.214456480098065
avi_splice_sites,s11_50,0.9747314453125,0.5684875845909119,54,46,22.497391304347826,9.862911968382846,129.07692307692307,129.07692307692307,16.555436314363142,31.214456480098065
avi_splice_sites,s11_50,0.9882411956787109,0.5819973349571228,54,46,22.497391304347826,9.862911968382846,129.07692307692307,129.07692307692307,16.555436314363142,31.214456480098065
avi_splice_sites,s11_50,0.9882760047912598,0.5820321440696716,54,46,22.497391304347826,9.862911968382846,129.07692307692307,129.07692307692307,16.555436314363142,31.214456480098065
avi_splice_sites,s11_50,0.992091178894043,0.5858473181724548,54,46,22.497391304347826,9.862911968382846,129.07692307692307,129.07692307692307,16.555436314363142,31.214456480098065
avi_splice_sites,s11_50,0.9921274185180664,0.5858835577964783,54,46,22.497391304347826,9.862911968382846,129.07692307692307,129.07692307692307,16.555436314363142,31.214456480098065
avi_splice_sites,s11_50,0.9921422004699707,0.5858983397483826,54,46,22.497391304347826,9.862911968382846,129.07692307692307,129.07692307692307,16.555436314363142,31.214456480098065
avi_splice_sites,s11_50,0.9921448230743408,0.5859009623527527,54,46,22.497391304347826,9.862911968382846,129.07692307692307,129.07692307692307,16.555436314363142,31.214456480098065
avi_splice_sites,s11_50,0.9921667575836182,0.58592289686203,54,46,22.497391304347826,9.862911968382846,129.07692307692307,129.07692307692307,16.555436314363142,31.214456480098065
avi_splice_sites,s11_50,0.9921801090240479,0.5859362483024597,54,46,22.497391304347826,9.862911968382846,129.07692307692307,129.07692307692307,16.555436314363142,31.214456480098065
avi_splice_sites,s11_50,0.9921828508377075,0.5859389901161194,54,46,22.497391304347826,9.862911968382846,129.07692307692307,129.07692307692307,16.555436314363142,31.214456480098065
avi_splice_sites,s11_50,0.9957771301269531,0.589533269405365,54,46,22.497391304347826,9.862911968382846,129.07692307692307,129.07692307692307,16.555436314363142,31.214456480098065
avi_splice_sites,s11_50,0.9959497451782227,0.5897058844566345,54,46,22.497391304347826,9.862911968382846,129.07692307692307,129.07692307692307,16.555436314363142,31.214456480098065
avi_splice_sites,s11_50,0.995997428894043,0.5897535681724548,54,46,22.497391304347826,9.862911968382846,129.07692307692307,129.07692307692307,16.555436314363142,31.214456480098065
avi_splice_sites,s11_50,0.9960117340087891,0.5897678732872009,54,46,22.497391304347826,9.862911968382846,129.07692307692307,129.07692307692307,16.555436314363142,31.214456480098065
avi_splice_sites,s11_50,0.9960336685180664,0.5897898077964783,54,46,22.497391304347826,9.862911968382846,129.07692307692307,129.07692307692307,16.555436314363142,31.214456480098065
avi_splice_sites,s11_50,0.996058464050293,0.5898146033287048,54,46,22.497391304347826,9.862911968382846,129.07692307692307,129.07692307692307,16.555436314363142,31.214456480098065
avi_splice_sites,s11_50,0.9960634708404541,0.589819610118866,54,46,22.497391304347826,9.862911968382846,129.07692307692307,129.07692307692307,16.555436314363142,31.214456480098065
avi_splice_sites,s11_50,0.9960715770721436,0.5898277163505554,54,46,22.497391304347826,9.862911968382846,129.07692307692307,129.07692307692307,16.555436314363142,31.214456480098065
avi_splice_sites,s11_50,0.9999299049377441,0.593686044216156,54,46,22.497391304347826,9.862911968382846,129.07692307692307,129.07692307692307,16.555436314363142,31.214456480098065
