tool,main_table,stratum,scope,side,threshold_kind,threshold_source,status,note,in_sample_reached,threshold,threshold_fold_min,threshold_fold_max,folds_total,folds_excluded,folds_used,folds_with_band_lr,tier_by_interval_rule,tier_by_band_lr,n_scored,n,n_pos,n_neg,prevalence,n_scored_in_band,coverage,coverage_labelled,n_pos_above,n_neg_above,n_pos_below,n_neg_below,sensitivity,sensitivity_lo,sensitivity_hi,specificity,specificity_lo,specificity_hi,ppv_observed,band_lr_plus,bp4_n_neg_at_or_below,bp4_n_pos_at_or_below,bp4_n_neg_above,bp4_n_pos_above,bp4_sensitivity,bp4_sensitivity_lo,bp4_sensitivity_hi,bp4_specificity,bp4_specificity_lo,bp4_specificity_hi,bp4_npv_observed,bp4_band_lr,posterior_at_prior_0.10
spliceai_walker,True,s3_10,in_scope,pp3,walker_pp3,published,ok,,,0.2,,,,,,,below supporting,Moderate,3290.0,3075.0,570.0,2505.0,0.18536585365853658,900.0,0.2735562310030395,0.2731707317073171,453.0,387.0,117.0,2118.0,0.7947368421052632,0.7596589090423977,0.8258686697604933,0.8455089820359282,0.8308276875752494,0.8591322116101197,0.5392857142857143,5.144226846185231,,,,,,,,,,,,,0.363697988029134
spliceai_walker,True,s3_10,in_scope,bp4,walker_bp4,published,ok,,,0.1,,,,,,,below supporting,Moderate,3290.0,3075.0,570.0,2505.0,0.18536585365853658,1983.0,0.6027355623100304,0.6055284552845528,,,,,,,,,,,,,1792.0,70.0,713.0,500.0,0.7153692614770459,0.6973793912398296,0.7326995984892364,0.8771929824561403,0.8476953510975501,0.9016405384418641,0.9624060150375939,0.17166940789473684,0.018717356705745217
spliceai_walker,True,s3_10,in_scope,pp3,supporting,in_sample,ok,,True,0.4195183515548706,,,,,,,Supporting,Moderate,3290.0,3075.0,570.0,2505.0,0.18536585365853658,539.0,0.16382978723404254,0.16520325203252031,381.0,127.0,189.0,2378.0,0.6684210526315789,0.6287584817221759,0.7058287061651904,0.9493013972055888,0.940001487359388,0.9572253948279403,0.75,13.18421052631579,,,,,,,,,,,,,0.5943060498220639
spliceai_walker,True,s3_10,in_scope,pp3,supporting,logo,ok,,True,,0.4024987816810608,0.4728921055793762,7.0,,7.0,7.0,Supporting,Moderate,3290.0,3075.0,570.0,2505.0,0.18536585365853658,497.0,0.15106382978723404,0.1521951219512195,350.0,118.0,220.0,2387.0,0.6140350877192983,0.5734332587141402,0.6531101497512641,0.9528942115768463,0.9438814883954172,0.9605200201265944,0.7478632478632479,13.035236396074932,,,,,,,,,,,,,0.5915632653887416
spliceai_walker,True,s3_10,in_scope,pp3,moderate,in_sample,ok,,True,0.5386447906494141,,,,,,,Moderate,Moderate,3290.0,3075.0,570.0,2505.0,0.18536585365853658,431.0,0.1310030395136778,0.1313821138211382,325.0,79.0,245.0,2426.0,0.5701754385964912,0.5291985592160261,0.6102127690703766,0.9684630738522955,0.9608697331304169,0.9746218228418887,0.8044554455445545,18.079613590939374,,,,,,,,,,,,,0.6676466608441071
spliceai_walker,True,s3_10,in_scope,pp3,moderate,logo,ok,,True,,0.46150460839271545,0.5718735456466675,7.0,,7.0,6.0,Moderate,Moderate,3290.0,3075.0,570.0,2505.0,0.18536585365853658,432.0,0.13130699088145897,0.13203252032520324,320.0,86.0,250.0,2419.0,0.5614035087719298,0.5203907273526173,0.601594184897985,0.9656686626746507,0.957795285500786,0.9721160055445438,0.7881773399014779,16.35250917992656,,,,,,,,,,,,,0.6450055520687491
spliceai_walker,True,s3_10,in_scope,pp3,strong,in_sample,ok,,True,0.9594634771347046,,,,,,,Strong,Strong,3290.0,3075.0,570.0,2505.0,0.18536585365853658,53.0,0.016109422492401215,0.016260162601626018,44.0,6.0,526.0,2499.0,0.07719298245614035,0.058003532664797984,0.10204321440962599,0.9976047904191617,0.9947839414190697,0.9989018059345555,0.88,32.228070175438596,,,,,,,,,,,,,0.7817021276595745
spliceai_walker,True,s3_10,in_scope,pp3,strong,logo,ok,,True,,0.8221615552902222,0.9594634771347046,7.0,,7.0,6.0,Strong,Strong,3290.0,3075.0,570.0,2505.0,0.18536585365853658,141.0,0.04285714285714286,0.04390243902439024,119.0,16.0,451.0,2489.0,0.20877192982456141,0.1774107668000318,0.24403222081139722,0.9936127744510979,0.9896493711083724,0.9960645692067159,0.8814814814814815,32.6858552631579,,,,,,,,,,,,,0.7840994278950485
spliceai_walker,True,s3_10,in_scope,pp3,very_strong,in_sample,not reached,,False,,,,,,,,,,3290.0,3075.0,570.0,2505.0,0.18536585365853658,,,,,,,,,,,,,,,,,,,,,,,,,,,,
spliceai_walker,True,s3_10,in_scope,pp3,very_strong,logo,not reached,,False,,,,7.0,,0.0,0.0,,,,,,,,,,,,,,,,,,,,,,,,,,,,,,,,,,,
spliceai_walker,True,s3_10,in_scope,bp4,bp4_supporting,in_sample,ok,,True,0.026346683502197266,,,,,,,Supporting,Moderate,3290.0,3075.0,570.0,2505.0,0.18536585365853658,1125.0,0.34194528875379937,0.34764227642276424,,,,,,,,,,,,,1049.0,20.0,1456.0,550.0,0.4187624750499002,0.3995813569672008,0.4381923697985734,0.9649122807017544,0.9464269411513032,0.9771731087461143,0.9812909260991581,0.08378907229943304,0.009224022226027207
spliceai_walker,True,s3_10,in_scope,bp4,bp4_supporting,logo,no held-out threshold,no held-out threshold: E3 writes per-fold thresholds for the PP3 side only,True,,,,,,,,,,,,,,,,,,,,,,,,,,,,,,,,,,,,,,,,,,
spliceai_walker,True,s3_10,in_scope,bp4,bp4_moderate,in_sample,ok,,True,0.0028290152549743652,,,,,,,Moderate,Strong,3290.0,3075.0,570.0,2505.0,0.18536585365853658,145.0,0.044072948328267476,0.04552845528455285,,,,,,,,,,,,,139.0,1.0,2366.0,569.0,0.055489021956087826,0.04718567031434277,0.06515361594457314,0.9982456140350877,0.9901301901936886,0.9996902406397702,0.9928571428571429,0.03161681181370693,0.0035006812703070956
spliceai_walker,True,s3_10,in_scope,bp4,bp4_moderate,logo,no held-out threshold,no held-out threshold: E3 writes per-fold thresholds for the PP3 side only,True,,,,,,,,,,,,,,,,,,,,,,,,,,,,,,,,,,,,,,,,,,
spliceai_walker,True,s11_50,in_scope,pp3,walker_pp3,published,ok,,,0.2,,,,,,,below supporting,Moderate,4707.0,4537.0,225.0,4312.0,0.049592241569318934,309.0,0.06564690885914595,0.06303724928366762,100.0,186.0,125.0,4126.0,0.4444444444444444,0.3809899424201255,0.5097641188027211,0.9568645640074211,0.9503831037060095,0.9625327291838777,0.34965034965034963,10.303464755077657,,,,,,,,,,,,,0.5337624559014669
spliceai_walker,True,s11_50,in_scope,bp4,walker_bp4,published,ok,,,0.1,,,,,,,below supporting,Supporting,4707.0,4537.0,225.0,4312.0,0.049592241569318934,4039.0,0.858083705120034,0.8620233634560283,,,,,,,,,,,,,3816.0,95.0,496.0,130.0,0.8849721706864564,0.8751045606374497,0.8941544660616432,0.5777777777777777,0.5124659533421185,0.6404783609458959,0.9757095372027614,0.4771022594921966,0.050342630735500875
spliceai_walker,True,s11_50,in_scope,pp3,supporting,in_sample,ok,,True,0.24022004008293152,,,,,,,Supporting,Moderate,4707.0,4537.0,225.0,4312.0,0.049592241569318934,249.0,0.05289993626513703,0.05135552126956138,92.0,141.0,133.0,4171.0,0.4088888888888889,0.34670312130678965,0.474133539098679,0.9673005565862709,0.9615623546345665,0.9722068856055973,0.3948497854077253,12.504460204885737,,,,,,,,,,,,,0.5814821709426012
spliceai_walker,True,s11_50,in_scope,pp3,supporting,logo,ok,,True,,0.23516064882278442,0.2674357295036316,6.0,,6.0,4.0,Supporting,Moderate,4707.0,4537.0,225.0,4312.0,0.049592241569318934,243.0,0.05162523900573614,0.05003306149437955,91.0,136.0,134.0,4176.0,0.40444444444444444,0.342440827983946,0.46965615731935034,0.9684601113172542,0.9628123138900702,0.9732739716112355,0.4008810572687225,12.823267973856208,,,,,,,,,,,,,0.5875961377195295
spliceai_walker,True,s11_50,in_scope,pp3,moderate,in_sample,ok,,True,0.2920072078704834,,,,,,,Moderate,Moderate,4707.0,4537.0,225.0,4312.0,0.049592241569318934,201.0,0.042702358189929894,0.04187789288075821,84.0,106.0,141.0,4206.0,0.37333333333333335,0.31275533964560015,0.4381639199424903,0.975417439703154,0.9703551283209121,0.9796334287472447,0.4421052631578947,15.186918238993712,,,,,,,,,,,,,0.6278980268974341
spliceai_walker,True,s11_50,in_scope,pp3,moderate,logo,ok,,True,,0.29005610942840576,0.3187180757522583,6.0,,6.0,4.0,Moderate,Moderate,4707.0,4537.0,225.0,4312.0,0.049592241569318934,186.0,0.039515615041427664,0.039012563367864225,79.0,98.0,146.0,4214.0,0.3511111111111111,0.29171729377704514,0.4155035903001839,0.9772727272727273,0.9723813858952177,0.9813144435907659,0.4463276836158192,15.448888888888888,,,,,,,,,,,,,0.631885111797855
spliceai_walker,True,s11_50,in_scope,pp3,strong,in_sample,not reached,,False,,,,,,,,,,4707.0,4537.0,225.0,4312.0,0.049592241569318934,,,,,,,,,,,,,,,,,,,,,,,,,,,,
spliceai_walker,True,s11_50,in_scope,pp3,strong,logo,ok,,False,,0.6346065402030945,0.6346065402030945,6.0,,1.0,1.0,Strong,Moderate,1500.0,1453.0,137.0,1316.0,0.09428768066070199,30.0,0.02,0.02064693737095664,15.0,15.0,122.0,1301.0,0.10948905109489052,0.06748288586903367,0.17279763312060442,0.9886018237082067,0.981278951147078,0.9930805004411968,0.5,9.605839416058394,,,,,,,,,,,,,0.516280894468419
spliceai_walker,True,s11_50,in_scope,pp3,very_strong,in_sample,not reached,,False,,,,,,,,,,4707.0,4537.0,225.0,4312.0,0.049592241569318934,,,,,,,,,,,,,,,,,,,,,,,,,,,,
spliceai_walker,True,s11_50,in_scope,pp3,very_strong,logo,not reached,,False,,,,6.0,,0.0,0.0,,,,,,,,,,,,,,,,,,,,,,,,,,,,,,,,,,,
spliceai_walker,True,s11_50,in_scope,bp4,bp4_supporting,in_sample,ok,,True,0.0012704133987426758,,,,,,,Supporting,Supporting,4707.0,4537.0,225.0,4312.0,0.049592241569318934,53.0,0.011259825791374549,0.011681728014106238,,,,,,,,,,,,,52.0,1.0,4260.0,224.0,0.012059369202226345,0.0092084032149401,0.015778950896571182,0.9955555555555555,0.9752587587701537,0.9992150151220537,0.9811320754716981,0.36854700854700856,0.03933875853008795
spliceai_walker,True,s11_50,in_scope,bp4,bp4_supporting,logo,no held-out threshold,no held-out threshold: E3 writes per-fold thresholds for the PP3 side only,True,,,,,,,,,,,,,,,,,,,,,,,,,,,,,,,,,,,,,,,,,,
spliceai_walker,True,s11_50,in_scope,bp4,bp4_moderate,in_sample,not reached,,False,,,,,,,,,,4707.0,4537.0,225.0,4312.0,0.049592241569318934,,,,,,,,,,,,,,,,,,,,,,,,,,,,
spliceai_walker,True,s11_50,in_scope,bp4,bp4_moderate,logo,no held-out threshold,no held-out threshold: E3 writes per-fold thresholds for the PP3 side only,False,,,,,,,,,,,,,,,,,,,,,,,,,,,,,,,,,,,,,,,,,,
spliceai_walker,True,s3_50,in_scope,pp3,walker_pp3,published,ok,,,0.2,,,,,,,below supporting,Moderate,7997.0,7612.0,795.0,6817.0,0.10444035733053074,1209.0,0.1511816931349256,0.14792433000525487,553.0,573.0,242.0,6244.0,0.6955974842767295,0.6627334707408622,0.7265803243382264,0.9159454305412938,0.9091221767043114,0.922300168212719,0.4911190053285968,8.275546335627338,,,,,,,,,,,,,0.4790323949732744
spliceai_walker,True,s3_50,in_scope,bp4,walker_bp4,published,ok,,,0.1,,,,,,,below supporting,Supporting,7997.0,7612.0,795.0,6817.0,0.10444035733053074,6022.0,0.7530323871451794,0.7584077771939044,,,,,,,,,,,,,5608.0,165.0,1209.0,630.0,0.8226492592049288,0.8134010334844023,0.8315340564979669,0.7924528301886793,0.7628882634363804,0.8192047099133827,0.9714186731335528,0.25229120124888976,0.027267970253123365
spliceai_walker,True,s3_50,in_scope,pp3,supporting,in_sample,ok,,True,0.31584545969963074,,,,,,,Supporting,Moderate,7997.0,7612.0,795.0,6817.0,0.10444035733053074,859.0,0.10741528073027386,0.10654230162900682,504.0,307.0,291.0,6510.0,0.6339622641509434,0.5999067840624777,0.6667293521170912,0.9549655273580754,0.9497811500825941,0.9596374366781781,0.6214549938347719,14.07726630200971,,,,,,,,,,,,,0.6100058004176939
spliceai_walker,True,s3_50,in_scope,pp3,supporting,logo,ok,,True,,0.30944734811782837,0.38691866397857666,7.0,,7.0,7.0,Supporting,Moderate,7997.0,7612.0,795.0,6817.0,0.10444035733053074,816.0,0.10203826434913092,0.10181292695743563,488.0,287.0,307.0,6530.0,0.6138364779874214,0.5795225007883853,0.6470556243219525,0.9578993692239989,0.9528687375646113,0.9624142282821565,0.6296774193548387,14.580220454495649,,,,,,,,,,,,,0.6183241790564294
spliceai_walker,True,s3_50,in_scope,pp3,moderate,in_sample,ok,,True,0.42631080746650696,,,,,,,Moderate,Strong,7997.0,7612.0,795.0,6817.0,0.10444035733053074,651.0,0.08140552707265225,0.08079348397267472,437.0,178.0,358.0,6639.0,0.549685534591195,0.5149446837520488,0.5839485310751151,0.9738888073932815,0.9698281154104952,0.977415716454949,0.7105691056910569,21.051720726450426,,,,,,,,,,,,,0.7005163171212846
spliceai_walker,True,s3_50,in_scope,pp3,moderate,logo,ok,,True,,0.42135316133499146,0.4361940026283264,7.0,,7.0,7.0,Moderate,Strong,7997.0,7612.0,795.0,6817.0,0.10444035733053074,642.0,0.08028010503938977,0.07974251182343668,433.0,174.0,362.0,6643.0,0.5446540880503145,0.5099045283628736,0.5789741836969826,0.9744755757664662,0.9704560614665749,0.9779606462160682,0.71334431630972,21.338545507120653,,,,,,,,,,,,,0.7033476770371986
spliceai_walker,True,s3_50,in_scope,pp3,strong,in_sample,ok,,True,0.8773123025894165,,,,,,,Strong,Strong,7997.0,7612.0,795.0,6817.0,0.10444035733053074,188.0,0.023508815805927223,0.023646873357856018,161.0,19.0,634.0,6798.0,0.20251572327044026,0.1760414137300149,0.2318511101529145,0.9972128502273727,0.9956507357776374,0.9982149098214719,0.8944444444444445,72.6605097649785,,,,,,,,,,,,,0.8897876093854633
spliceai_walker,True,s3_50,in_scope,pp3,strong,logo,ok,,True,,0.802905261516571,0.896651029586792,7.0,,7.0,6.0,Strong,Strong,7997.0,7612.0,795.0,6817.0,0.10444035733053074,187.0,0.023383768913342505,0.023778244876510774,154.0,27.0,641.0,6790.0,0.19371069182389938,0.1677383758200267,0.22262876822011413,0.9960393134810034,0.9942434224225779,0.9972764715421331,0.850828729281768,48.908362450500825,,,,,,,,,,,,,0.8445820323844753
spliceai_walker,True,s3_50,in_scope,pp3,very_strong,in_sample,not reached,,False,,,,,,,,,,7997.0,7612.0,795.0,6817.0,0.10444035733053074,,,,,,,,,,,,,,,,,,,,,,,,,,,,
spliceai_walker,True,s3_50,in_scope,pp3,very_strong,logo,not reached,,False,,,,7.0,,0.0,0.0,,,,,,,,,,,,,,,,,,,,,,,,,,,,,,,,,,,
spliceai_walker,True,s3_50,in_scope,bp4,bp4_supporting,in_sample,ok,,True,0.0034060925245285034,,,,,,,Supporting,Moderate,7997.0,7612.0,795.0,6817.0,0.10444035733053074,706.0,0.0882831061648118,0.09038360483447189,,,,,,,,,,,,,680.0,8.0,6137.0,787.0,0.09975062344139651,0.09286085329339648,0.10709122989964971,0.989937106918239,0.9802698710237044,0.9948923359428875,0.9883720930232558,0.10088050314465408,0.01108469703670942
spliceai_walker,True,s3_50,in_scope,bp4,bp4_supporting,logo,no held-out threshold,no held-out threshold: E3 writes per-fold thresholds for the PP3 side only,True,,,,,,,,,,,,,,,,,,,,,,,,,,,,,,,,,,,,,,,,,,
spliceai_walker,True,s3_50,in_scope,bp4,bp4_moderate,in_sample,not reached,,False,,,,,,,,,,7997.0,7612.0,795.0,6817.0,0.10444035733053074,,,,,,,,,,,,,,,,,,,,,,,,,,,,
spliceai_walker,True,s3_50,in_scope,bp4,bp4_moderate,logo,no held-out threshold,no held-out threshold: E3 writes per-fold thresholds for the PP3 side only,False,,,,,,,,,,,,,,,,,,,,,,,,,,,,,,,,,,,,,,,,,,
spliceai_walker,True,pm12,out_of_scope_incl_pm12,pp3,walker_pp3,published,ok,,,0.2,,,,,,,below supporting,below supporting,856.0,841.0,804.0,37.0,0.9560047562425684,855.0,0.9988317757009346,0.9988109393579072,804.0,36.0,0.0,1.0,1.0,0.9952447862402334,1.0,0.02702702702702703,0.004786974451940429,0.13824069863730518,0.9571428571428572,1.0277777777777777,,,,,,,,,,,,,0.10249307479224376
spliceai_walker,True,pm12,out_of_scope_incl_pm12,bp4,walker_bp4,published,ok,,,0.1,,,,,,,below supporting,not evaluable,856.0,841.0,804.0,37.0,0.9560047562425684,1.0,0.0011682242990654205,0.0011890606420927466,,,,,,,,,,,,,1.0,0.0,36.0,804.0,0.02702702702702703,0.004786974451940429,0.13824069863730518,1.0,0.9952447862402334,1.0,1.0,,
spliceai_walker,True,pm12,out_of_scope_incl_pm12,pp3,supporting,in_sample,not reached,,False,,,,,,,,,,856.0,841.0,804.0,37.0,0.9560047562425684,,,,,,,,,,,,,,,,,,,,,,,,,,,,
spliceai_walker,True,pm12,out_of_scope_incl_pm12,pp3,supporting,logo,not reached,,False,,,,7.0,,0.0,0.0,,,,,,,,,,,,,,,,,,,,,,,,,,,,,,,,,,,
spliceai_walker,True,pm12,out_of_scope_incl_pm12,pp3,moderate,in_sample,not reached,,False,,,,,,,,,,856.0,841.0,804.0,37.0,0.9560047562425684,,,,,,,,,,,,,,,,,,,,,,,,,,,,
spliceai_walker,True,pm12,out_of_scope_incl_pm12,pp3,moderate,logo,not reached,,False,,,,7.0,,0.0,0.0,,,,,,,,,,,,,,,,,,,,,,,,,,,,,,,,,,,
spliceai_walker,True,pm12,out_of_scope_incl_pm12,pp3,strong,in_sample,not reached,,False,,,,,,,,,,856.0,841.0,804.0,37.0,0.9560047562425684,,,,,,,,,,,,,,,,,,,,,,,,,,,,
spliceai_walker,True,pm12,out_of_scope_incl_pm12,pp3,strong,logo,not reached,,False,,,,7.0,,0.0,0.0,,,,,,,,,,,,,,,,,,,,,,,,,,,,,,,,,,,
spliceai_walker,True,pm12,out_of_scope_incl_pm12,pp3,very_strong,in_sample,not reached,,False,,,,,,,,,,856.0,841.0,804.0,37.0,0.9560047562425684,,,,,,,,,,,,,,,,,,,,,,,,,,,,
spliceai_walker,True,pm12,out_of_scope_incl_pm12,pp3,very_strong,logo,not reached,,False,,,,7.0,,0.0,0.0,,,,,,,,,,,,,,,,,,,,,,,,,,,,,,,,,,,
spliceai_walker,True,pm12,out_of_scope_incl_pm12,bp4,bp4_supporting,in_sample,not reached,,False,,,,,,,,,,856.0,841.0,804.0,37.0,0.9560047562425684,,,,,,,,,,,,,,,,,,,,,,,,,,,,
spliceai_walker,True,pm12,out_of_scope_incl_pm12,bp4,bp4_supporting,logo,no held-out threshold,no held-out threshold: E3 writes per-fold thresholds for the PP3 side only,False,,,,,,,,,,,,,,,,,,,,,,,,,,,,,,,,,,,,,,,,,,
spliceai_walker,True,pm12,out_of_scope_incl_pm12,bp4,bp4_moderate,in_sample,not reached,,False,,,,,,,,,,856.0,841.0,804.0,37.0,0.9560047562425684,,,,,,,,,,,,,,,,,,,,,,,,,,,,
spliceai_walker,True,pm12,out_of_scope_incl_pm12,bp4,bp4_moderate,logo,no held-out threshold,no held-out threshold: E3 writes per-fold thresholds for the PP3 side only,False,,,,,,,,,,,,,,,,,,,,,,,,,,,,,,,,,,,,,,,,,,
spliceai,False,s3_10,in_scope,pp3,supporting,in_sample,ok,,True,0.37547463178634644,,,,,,,Supporting,Moderate,3290.0,3075.0,570.0,2505.0,0.18536585365853658,532.0,0.16170212765957448,0.16357723577235772,368.0,135.0,202.0,2370.0,0.6456140350877193,0.6054910762456502,0.6837874299486353,0.9461077844311377,0.9365625764887291,0.9542868600677699,0.731610337972167,11.97972709551657,,,,,,,,,,,,,0.5710144388902311
spliceai,False,s3_10,in_scope,pp3,supporting,logo,ok,,True,,0.36053788661956787,0.407998263835907,7.0,,7.0,7.0,Supporting,Moderate,3290.0,3075.0,570.0,2505.0,0.18536585365853658,520.0,0.1580547112462006,0.15967479674796747,359.0,132.0,211.0,2373.0,0.6298245614035087,0.5894396779101427,0.6684712794197021,0.9473053892215569,0.9378511231710087,0.9553898554970515,0.7311608961303462,11.952352472089315,,,,,,,,,,,,,0.5704539615783516
spliceai,False,s3_10,in_scope,pp3,moderate,in_sample,ok,,True,0.5556567311286926,,,,,,,Moderate,Moderate,3290.0,3075.0,570.0,2505.0,0.18536585365853658,394.0,0.11975683890577507,0.12065040650406504,300.0,71.0,270.0,2434.0,0.5263157894736842,0.48528663650082215,0.5669926116065789,0.9716566866267465,0.9644007511318448,0.9774682504712905,0.8086253369272237,18.569310600444773,,,,,,,,,,,,,0.6735500524320399
spliceai,False,s3_10,in_scope,pp3,moderate,logo,ok,,True,,0.4302749037742615,0.5881946086883545,7.0,,7.0,6.0,Moderate,Moderate,3290.0,3075.0,570.0,2505.0,0.18536585365853658,406.0,0.12340425531914893,0.12422764227642276,296.0,86.0,274.0,2419.0,0.519298245614035,0.4782900278305309,0.5600480874482296,0.9656686626746507,0.957795285500786,0.9721160055445438,0.774869109947644,15.126070991432067,,,,,,,,,,,,,0.6269595657247222
spliceai,False,s3_10,in_scope,pp3,strong,in_sample,ok,,True,0.8605267405509949,,,,,,,Strong,Strong,3290.0,3075.0,570.0,2505.0,0.18536585365853658,158.0,0.04802431610942249,0.04943089430894309,136.0,16.0,434.0,2489.0,0.23859649122807017,0.20542934073113917,0.2752634614020109,0.9936127744510979,0.9896493711083724,0.9960645692067159,0.8947368421052632,37.35526315789474,,,,,,,,,,,,,0.8058472892421232
spliceai,False,s3_10,in_scope,pp3,strong,logo,ok,,True,,0.8332176208496094,0.9091305136680603,7.0,,6.0,6.0,Strong,Strong,3207.0,3005.0,560.0,2445.0,0.18635607321131448,127.0,0.039600873090115375,0.04026622296173045,105.0,16.0,455.0,2429.0,0.1875,0.15734202912526146,0.22191610359161162,0.9934560327198364,0.9893960108365342,0.9959679012731725,0.8677685950413223,28.65234375,,,,,,,,,,,,,0.7609710550887021
spliceai,False,s3_10,in_scope,pp3,very_strong,in_sample,not reached,,False,,,,,,,,,,3290.0,3075.0,570.0,2505.0,0.18536585365853658,,,,,,,,,,,,,,,,,,,,,,,,,,,,
spliceai,False,s3_10,in_scope,pp3,very_strong,logo,not reached,,False,,,,7.0,,0.0,0.0,,,,,,,,,,,,,,,,,,,,,,,,,,,,,,,,,,,
spliceai,False,s3_10,in_scope,bp4,bp4_supporting,in_sample,ok,,True,0.00685274600982666,,,,,,,Supporting,Moderate,3290.0,3075.0,570.0,2505.0,0.18536585365853658,848.0,0.25775075987841944,0.2634146341463415,,,,,,,,,,,,,794.0,16.0,1711.0,554.0,0.31696606786427145,0.2990371410075945,0.3354555062754886,0.9719298245614035,0.9548919792137719,0.9826492035122859,0.980246913580247,0.08855892880816651,0.009744001166946249
spliceai,False,s3_10,in_scope,bp4,bp4_supporting,logo,no held-out threshold,no held-out threshold: E3 writes per-fold thresholds for the PP3 side only,True,,,,,,,,,,,,,,,,,,,,,,,,,,,,,,,,,,,,,,,,,,
spliceai,False,s3_10,in_scope,bp4,bp4_moderate,in_sample,ok,,True,0.000978877767920494,,,,,,,Moderate,Strong,3290.0,3075.0,570.0,2505.0,0.18536585365853658,277.0,0.08419452887537994,0.08845528455284553,,,,,,,,,,,,,270.0,2.0,2235.0,568.0,0.10778443113772455,0.0962355573752436,0.12053440108850576,0.9964912280701754,0.9872979074074675,0.9990372402188312,0.9926470588235294,0.032553606237816765,0.003604031335649697
spliceai,False,s3_10,in_scope,bp4,bp4_moderate,logo,no held-out threshold,no held-out threshold: E3 writes per-fold thresholds for the PP3 side only,True,,,,,,,,,,,,,,,,,,,,,,,,,,,,,,,,,,,,,,,,,,
spliceai,False,s11_50,in_scope,pp3,supporting,in_sample,ok,,True,0.23516064882278442,,,,,,,Supporting,Moderate,4707.0,4537.0,225.0,4312.0,0.049592241569318934,225.0,0.04780114722753346,0.04650650209389465,87.0,124.0,138.0,4188.0,0.38666666666666666,0.3254451118116143,0.45169317308299295,0.9712430426716141,0.9658200024391251,0.9758271916889211,0.41232227488151657,13.446021505376343,,,,,,,,,,,,,0.5990380746162838
spliceai,False,s11_50,in_scope,pp3,supporting,logo,ok,,True,,0.21477490663528442,0.24251067638397217,6.0,,6.0,4.0,Supporting,Moderate,4707.0,4537.0,225.0,4312.0,0.049592241569318934,232.0,0.04928829403016784,0.04804937183160679,89.0,129.0,136.0,4183.0,0.39555555555555555,0.33393221931239936,0.4606854157865524,0.9700834879406308,0.9645654040601831,0.9747647448067213,0.40825688073394495,13.22198105081826,,,,,,,,,,,,,0.5949956046034609
spliceai,False,s11_50,in_scope,pp3,moderate,in_sample,ok,,True,0.29005610942840576,,,,,,,Moderate,Moderate,4707.0,4537.0,225.0,4312.0,0.049592241569318934,182.0,0.038665816868493734,0.037910513555212695,77.0,95.0,148.0,4217.0,0.3422222222222222,0.2833421472448422,0.4063993866280424,0.9779684601113172,0.9731431574622689,0.9819428991803998,0.4476744186046512,15.533286549707602,,,,,,,,,,,,,0.6331514743544515
spliceai,False,s11_50,in_scope,pp3,moderate,logo,ok,,True,,0.2728308439254761,0.3262026906013489,6.0,,6.0,4.0,Moderate,Moderate,4707.0,4537.0,225.0,4312.0,0.049592241569318934,176.0,0.03739111960909284,0.036808463742561165,78.0,89.0,147.0,4223.0,0.3466666666666667,0.2875268099076677,0.41095439906738923,0.9793599257884972,0.974670128914554,0.983196382041485,0.46706586826347307,16.795805243445695,,,,,,,,,,,,,0.6511060649177929
spliceai,False,s11_50,in_scope,pp3,strong,in_sample,not reached,,False,,,,,,,,,,4707.0,4537.0,225.0,4312.0,0.049592241569318934,,,,,,,,,,,,,,,,,,,,,,,,,,,,
spliceai,False,s11_50,in_scope,pp3,strong,logo,ok,,False,,0.6014209985733032,0.6014209985733032,6.0,,1.0,1.0,Strong,Moderate,1500.0,1453.0,137.0,1316.0,0.09428768066070199,31.0,0.020666666666666667,0.02064693737095664,15.0,15.0,122.0,1301.0,0.10948905109489052,0.06748288586903367,0.17279763312060442,0.9886018237082067,0.981278951147078,0.9930805004411968,0.5,9.605839416058394,,,,,,,,,,,,,0.516280894468419
spliceai,False,s11_50,in_scope,pp3,very_strong,in_sample,not reached,,False,,,,,,,,,,4707.0,4537.0,225.0,4312.0,0.049592241569318934,,,,,,,,,,,,,,,,,,,,,,,,,,,,
spliceai,False,s11_50,in_scope,pp3,very_strong,logo,not reached,,False,,,,6.0,,0.0,0.0,,,,,,,,,,,,,,,,,,,,,,,,,,,,,,,,,,,
spliceai,False,s11_50,in_scope,bp4,bp4_supporting,in_sample,not reached,,False,,,,,,,,,,4707.0,4537.0,225.0,4312.0,0.049592241569318934,,,,,,,,,,,,,,,,,,,,,,,,,,,,
spliceai,False,s11_50,in_scope,bp4,bp4_supporting,logo,no held-out threshold,no held-out threshold: E3 writes per-fold thresholds for the PP3 side only,False,,,,,,,,,,,,,,,,,,,,,,,,,,,,,,,,,,,,,,,,,,
spliceai,False,s11_50,in_scope,bp4,bp4_moderate,in_sample,not reached,,False,,,,,,,,,,4707.0,4537.0,225.0,4312.0,0.049592241569318934,,,,,,,,,,,,,,,,,,,,,,,,,,,,
spliceai,False,s11_50,in_scope,bp4,bp4_moderate,logo,no held-out threshold,no held-out threshold: E3 writes per-fold thresholds for the PP3 side only,False,,,,,,,,,,,,,,,,,,,,,,,,,,,,,,,,,,,,,,,,,,
spliceai,False,s3_50,in_scope,pp3,supporting,in_sample,ok,,True,0.3301774859428406,,,,,,,Supporting,Moderate,7997.0,7612.0,795.0,6817.0,0.10444035733053074,759.0,0.09491059147180192,0.09406200735680505,461.0,255.0,334.0,6562.0,0.579874213836478,0.5452605251451245,0.613719706285886,0.9625935162094763,0.9578222272305854,0.9668437451537755,0.6438547486033519,15.501970649895178,,,,,,,,,,,,,0.6326826062850376
spliceai,False,s3_50,in_scope,pp3,supporting,logo,ok,,True,,0.32680821418762207,0.3360421359539032,7.0,,7.0,7.0,Supporting,Moderate,7997.0,7612.0,795.0,6817.0,0.10444035733053074,754.0,0.09428535700887833,0.09340514976353127,459.0,252.0,336.0,6565.0,0.5773584905660377,0.5427292592737334,0.6112437207736232,0.9630335924893648,0.9582875431289362,0.967258086118324,0.6455696202531646,15.618463611859836,,,,,,,,,,,,,0.6344207282023769
spliceai,False,s3_50,in_scope,pp3,moderate,in_sample,ok,,True,0.3818904459476471,,,,,,,Moderate,Strong,7997.0,7612.0,795.0,6817.0,0.10444035733053074,656.0,0.08203076153557584,0.08158171308460326,428.0,193.0,367.0,6624.0,0.5383647798742138,0.503609305898817,0.5727512777019045,0.971688425993839,0.9674776423888976,0.9753679051620499,0.6892109500805152,19.01571349431355,,,,,,,,,,,,,0.6787517118981546
spliceai,False,s3_50,in_scope,pp3,moderate,logo,ok,,True,,0.36843645572662354,0.3818904459476471,7.0,,7.0,7.0,Moderate,Strong,7997.0,7612.0,795.0,6817.0,0.10444035733053074,665.0,0.08315618356883832,0.08236994219653179,431.0,196.0,364.0,6621.0,0.5421383647798742,0.507385777351292,0.5764856833249103,0.9712483497139505,0.9670083214066448,0.9749575692814031,0.6874003189792663,18.85590424849185,,,,,,,,,,,,,0.6769087113556089
spliceai,False,s3_50,in_scope,pp3,strong,in_sample,ok,,True,0.8814790844917297,,,,,,,Strong,Strong,7997.0,7612.0,795.0,6817.0,0.10444035733053074,177.0,0.02213329998749531,0.022201786652653703,151.0,18.0,644.0,6799.0,0.189937106918239,0.16418647375335726,0.21866979321130275,0.9973595423206689,0.9958297820576838,0.9983290824957252,0.893491124260355,71.93340321453529,,,,,,,,,,,,,0.8887974601025597
spliceai,False,s3_50,in_scope,pp3,strong,logo,ok,,True,,0.8085200786590576,0.9002442955970764,7.0,,7.0,6.0,Strong,Strong,7997.0,7612.0,795.0,6817.0,0.10444035733053074,176.0,0.02200825309491059,0.02233315817130846,146.0,24.0,649.0,6793.0,0.18364779874213835,0.15827568969719255,0.21206244880833272,0.9964793897608919,0.9947666002424397,0.9976329505851708,0.8588235294117647,52.163626834381546,,,,,,,,,,,,,0.8528537226157282
spliceai,False,s3_50,in_scope,pp3,very_strong,in_sample,not reached,,False,,,,,,,,,,7997.0,7612.0,795.0,6817.0,0.10444035733053074,,,,,,,,,,,,,,,,,,,,,,,,,,,,
spliceai,False,s3_50,in_scope,pp3,very_strong,logo,not reached,,False,,,,7.0,,0.0,0.0,,,,,,,,,,,,,,,,,,,,,,,,,,,,,,,,,,,
spliceai,False,s3_50,in_scope,bp4,bp4_supporting,in_sample,ok,,True,0.0003459453582763672,,,,,,,Supporting,Moderate,7997.0,7612.0,795.0,6817.0,0.10444035733053074,386.0,0.04826810053770164,0.05018392012611666,,,,,,,,,,,,,378.0,4.0,6439.0,791.0,0.05544961126595276,0.050263072564321505,0.06113688643019068,0.9949685534591195,0.9871350287328678,0.9980416810010319,0.9895287958115183,0.09073907690259891,0.009981485128436399
spliceai,False,s3_50,in_scope,bp4,bp4_supporting,logo,no held-out threshold,no held-out threshold: E3 writes per-fold thresholds for the PP3 side only,True,,,,,,,,,,,,,,,,,,,,,,,,,,,,,,,,,,,,,,,,,,
spliceai,False,s3_50,in_scope,bp4,bp4_moderate,in_sample,not reached,,False,,,,,,,,,,7997.0,7612.0,795.0,6817.0,0.10444035733053074,,,,,,,,,,,,,,,,,,,,,,,,,,,,
spliceai,False,s3_50,in_scope,bp4,bp4_moderate,logo,no held-out threshold,no held-out threshold: E3 writes per-fold thresholds for the PP3 side only,False,,,,,,,,,,,,,,,,,,,,,,,,,,,,,,,,,,,,,,,,,,
spliceai,False,pm12,out_of_scope_incl_pm12,pp3,supporting,in_sample,not reached,,False,,,,,,,,,,856.0,841.0,804.0,37.0,0.9560047562425684,,,,,,,,,,,,,,,,,,,,,,,,,,,,
spliceai,False,pm12,out_of_scope_incl_pm12,pp3,supporting,logo,not reached,,False,,,,7.0,,0.0,0.0,,,,,,,,,,,,,,,,,,,,,,,,,,,,,,,,,,,
spliceai,False,pm12,out_of_scope_incl_pm12,pp3,moderate,in_sample,not reached,,False,,,,,,,,,,856.0,841.0,804.0,37.0,0.9560047562425684,,,,,,,,,,,,,,,,,,,,,,,,,,,,
spliceai,False,pm12,out_of_scope_incl_pm12,pp3,moderate,logo,not reached,,False,,,,7.0,,0.0,0.0,,,,,,,,,,,,,,,,,,,,,,,,,,,,,,,,,,,
spliceai,False,pm12,out_of_scope_incl_pm12,pp3,strong,in_sample,not reached,,False,,,,,,,,,,856.0,841.0,804.0,37.0,0.9560047562425684,,,,,,,,,,,,,,,,,,,,,,,,,,,,
spliceai,False,pm12,out_of_scope_incl_pm12,pp3,strong,logo,not reached,,False,,,,7.0,,0.0,0.0,,,,,,,,,,,,,,,,,,,,,,,,,,,,,,,,,,,
spliceai,False,pm12,out_of_scope_incl_pm12,pp3,very_strong,in_sample,not reached,,False,,,,,,,,,,856.0,841.0,804.0,37.0,0.9560047562425684,,,,,,,,,,,,,,,,,,,,,,,,,,,,
spliceai,False,pm12,out_of_scope_incl_pm12,pp3,very_strong,logo,not reached,,False,,,,7.0,,0.0,0.0,,,,,,,,,,,,,,,,,,,,,,,,,,,,,,,,,,,
spliceai,False,pm12,out_of_scope_incl_pm12,bp4,bp4_supporting,in_sample,not reached,,False,,,,,,,,,,856.0,841.0,804.0,37.0,0.9560047562425684,,,,,,,,,,,,,,,,,,,,,,,,,,,,
spliceai,False,pm12,out_of_scope_incl_pm12,bp4,bp4_supporting,logo,no held-out threshold,no held-out threshold: E3 writes per-fold thresholds for the PP3 side only,False,,,,,,,,,,,,,,,,,,,,,,,,,,,,,,,,,,,,,,,,,,
spliceai,False,pm12,out_of_scope_incl_pm12,bp4,bp4_moderate,in_sample,not reached,,False,,,,,,,,,,856.0,841.0,804.0,37.0,0.9560047562425684,,,,,,,,,,,,,,,,,,,,,,,,,,,,
spliceai,False,pm12,out_of_scope_incl_pm12,bp4,bp4_moderate,logo,no held-out threshold,no held-out threshold: E3 writes per-fold thresholds for the PP3 side only,False,,,,,,,,,,,,,,,,,,,,,,,,,,,,,,,,,,,,,,,,,,
pangolin,True,s3_10,in_scope,pp3,supporting,in_sample,ok,,True,0.3927895128726959,,,,,,,Supporting,Moderate,3290.0,3075.0,570.0,2505.0,0.18536585365853658,569.0,0.1729483282674772,0.17268292682926828,395.0,136.0,175.0,2369.0,0.6929824561403509,0.6539290838836003,0.7294520689040072,0.9457085828343313,0.9361333308063053,0.95391892504634,0.743879472693032,12.764125386996906,,,,,,,,,,,,,0.5864754572045842
pangolin,True,s3_10,in_scope,pp3,supporting,logo,ok,,True,,0.3873639404773712,0.4619028568267822,7.0,,7.0,6.0,Supporting,Moderate,3290.0,3075.0,570.0,2505.0,0.18536585365853658,538.0,0.1635258358662614,0.16390243902439025,382.0,122.0,188.0,2383.0,0.6701754385964912,0.6305524091408389,0.7075200619536876,0.9512974051896208,0.9421555035790329,0.9590572821275641,0.7579365079365079,13.760569456427953,,,,,,,,,,,,,0.6045793134820598
pangolin,True,s3_10,in_scope,pp3,moderate,in_sample,ok,,True,0.5108555555343628,,,,,,,Moderate,Moderate,3290.0,3075.0,570.0,2505.0,0.18536585365853658,441.0,0.13404255319148936,0.13528455284552846,331.0,85.0,239.0,2420.0,0.5807017543859649,0.5397849737464231,0.6205380537829399,0.9660678642714571,0.9582336945685159,0.9724747771806674,0.7956730769230769,17.11362229102167,,,,,,,,,,,,,0.6553522946874222
pangolin,True,s3_10,in_scope,pp3,moderate,logo,ok,,True,,0.5108555555343628,0.584811270236969,7.0,,7.0,6.0,Moderate,Strong,3290.0,3075.0,570.0,2505.0,0.18536585365853658,400.0,0.12158054711246201,0.1232520325203252,310.0,69.0,260.0,2436.0,0.543859649122807,0.5028133701532916,0.58431871002571,0.9724550898203593,0.9652867233990797,0.9781766396117629,0.8179419525065963,19.744469870327997,,,,,,,,,,,,,0.6868962955100308
pangolin,True,s3_10,in_scope,pp3,strong,in_sample,ok,,True,0.6972330212593079,,,,,,,Strong,Strong,3290.0,3075.0,570.0,2505.0,0.18536585365853658,246.0,0.07477203647416414,0.07739837398373983,220.0,18.0,350.0,2487.0,0.38596491228070173,0.34688985024873586,0.4265667412858597,0.9928143712574851,0.9886696947186685,0.9954498841887122,0.9243697478991597,53.71345029239766,,,,,,,,,,,,,0.8564901156284968
pangolin,True,s3_10,in_scope,pp3,strong,logo,ok,,True,,0.6972330212593079,0.7079978585243225,7.0,,7.0,6.0,Strong,Strong,3290.0,3075.0,570.0,2505.0,0.18536585365853658,241.0,0.07325227963525836,0.07577235772357724,215.0,18.0,355.0,2487.0,0.37719298245614036,0.3383504051238362,0.41767977037495907,0.9928143712574851,0.9886696947186685,0.9954498841887122,0.9227467811158798,52.49269005847953,,,,,,,,,,,,,0.8536411402486864
pangolin,True,s3_10,in_scope,pp3,very_strong,in_sample,not reached,,False,,,,,,,,,,3290.0,3075.0,570.0,2505.0,0.18536585365853658,,,,,,,,,,,,,,,,,,,,,,,,,,,,
pangolin,True,s3_10,in_scope,pp3,very_strong,logo,not reached,,False,,,,7.0,,0.0,0.0,,,,,,,,,,,,,,,,,,,,,,,,,,,,,,,,,,,
pangolin,True,s3_10,in_scope,bp4,bp4_supporting,in_sample,ok,,True,0.00377848488278687,,,,,,,Supporting,Moderate,3290.0,3075.0,570.0,2505.0,0.18536585365853658,844.0,0.25653495440729485,0.2591869918699187,,,,,,,,,,,,,787.0,10.0,1718.0,560.0,0.3141716566866267,0.2962903305451883,0.332622051810919,0.9824561403508771,0.9680097499817767,0.9904431319872414,0.9874529485570891,0.05584163712967297,0.0061663663486249375
pangolin,True,s3_10,in_scope,bp4,bp4_supporting,logo,no held-out threshold,no held-out threshold: E3 writes per-fold thresholds for the PP3 side only,True,,,,,,,,,,,,,,,,,,,,,,,,,,,,,,,,,,,,,,,,,,
pangolin,True,s3_10,in_scope,bp4,bp4_moderate,in_sample,ok,,True,0.0015617124736309052,,,,,,,Moderate,Strong,3290.0,3075.0,570.0,2505.0,0.18536585365853658,385.0,0.11702127659574468,0.12,,,,,,,,,,,,,367.0,2.0,2138.0,568.0,0.14650698602794412,0.1332007029165486,0.16089578382100875,0.9964912280701754,0.9872979074074675,0.9990372402188312,0.994579945799458,0.02394951957550552,0.0026539952959125294
pangolin,True,s3_10,in_scope,bp4,bp4_moderate,logo,no held-out threshold,no held-out threshold: E3 writes per-fold thresholds for the PP3 side only,True,,,,,,,,,,,,,,,,,,,,,,,,,,,,,,,,,,,,,,,,,,
pangolin,True,s11_50,in_scope,pp3,supporting,in_sample,ok,,True,0.20214825868606567,,,,,,,Supporting,Moderate,4707.0,4537.0,225.0,4312.0,0.049592241569318934,242.0,0.051412789462502655,0.05003306149437955,88.0,139.0,137.0,4173.0,0.39111111111111113,0.3296859623320065,0.4561919976647731,0.9677643784786641,0.9620621213848747,0.9726339369597458,0.3876651982378855,12.132885691446843,,,,,,,,,,,,,0.5741234712852024
pangolin,True,s11_50,in_scope,pp3,supporting,logo,ok,,True,,0.15677422285079956,0.1961333304643631,6.0,,6.0,4.0,Supporting,Moderate,4707.0,4537.0,225.0,4312.0,0.049592241569318934,272.0,0.057786275759507115,0.056645360370288736,92.0,165.0,133.0,4147.0,0.4088888888888889,0.34670312130678965,0.474133539098679,0.9617346938775511,0.9555856865659729,0.9670617364207101,0.35797665369649806,10.68562962962963,,,,,,,,,,,,,0.5428137088156053
pangolin,True,s11_50,in_scope,pp3,moderate,in_sample,ok,,True,0.4146675169467926,,,,,,,Moderate,Strong,4707.0,4537.0,225.0,4312.0,0.049592241569318934,92.0,0.01954535797748035,0.019175666740136654,59.0,28.0,166.0,4284.0,0.26222222222222225,0.20908675346132213,0.3233406285724618,0.9935064935064936,0.9906310085858652,0.9955034545561046,0.6781609195402298,40.382222222222225,,,,,,,,,,,,,0.817748177481775
pangolin,True,s11_50,in_scope,pp3,moderate,logo,ok,,True,,0.3399258553981781,0.43816468119621277,6.0,,6.0,4.0,Moderate,Strong,4707.0,4537.0,225.0,4312.0,0.049592241569318934,108.0,0.022944550669216062,0.022261406215560945,60.0,41.0,165.0,4271.0,0.26666666666666666,0.21315491971385658,0.32801213742209956,0.990491651205937,0.9871270438952319,0.9929831015677689,0.594059405940594,28.045528455284554,,,,,,,,,,,,,0.7570556994250098
pangolin,True,s11_50,in_scope,pp3,strong,in_sample,not reached,,False,,,,,,,,,,4707.0,4537.0,225.0,4312.0,0.049592241569318934,,,,,,,,,,,,,,,,,,,,,,,,,,,,
pangolin,True,s11_50,in_scope,pp3,strong,logo,not reached,,False,,,,6.0,,0.0,0.0,,,,,,,,,,,,,,,,,,,,,,,,,,,,,,,,,,,
pangolin,True,s11_50,in_scope,pp3,very_strong,in_sample,not reached,,False,,,,,,,,,,4707.0,4537.0,225.0,4312.0,0.049592241569318934,,,,,,,,,,,,,,,,,,,,,,,,,,,,
pangolin,True,s11_50,in_scope,pp3,very_strong,logo,not reached,,False,,,,6.0,,0.0,0.0,,,,,,,,,,,,,,,,,,,,,,,,,,,,,,,,,,,
pangolin,True,s11_50,in_scope,bp4,bp4_supporting,in_sample,not reached,,False,,,,,,,,,,4707.0,4537.0,225.0,4312.0,0.049592241569318934,,,,,,,,,,,,,,,,,,,,,,,,,,,,
pangolin,True,s11_50,in_scope,bp4,bp4_supporting,logo,no held-out threshold,no held-out threshold: E3 writes per-fold thresholds for the PP3 side only,False,,,,,,,,,,,,,,,,,,,,,,,,,,,,,,,,,,,,,,,,,,
pangolin,True,s11_50,in_scope,bp4,bp4_moderate,in_sample,not reached,,False,,,,,,,,,,4707.0,4537.0,225.0,4312.0,0.049592241569318934,,,,,,,,,,,,,,,,,,,,,,,,,,,,
pangolin,True,s11_50,in_scope,bp4,bp4_moderate,logo,no held-out threshold,no held-out threshold: E3 writes per-fold thresholds for the PP3 side only,False,,,,,,,,,,,,,,,,,,,,,,,,,,,,,,,,,,,,,,,,,,
pangolin,True,s3_50,in_scope,pp3,supporting,in_sample,ok,,True,0.35940226912498474,,,,,,,Supporting,Strong,7997.0,7612.0,795.0,6817.0,0.10444035733053074,730.0,0.09128423158684507,0.09012086179716237,478.0,208.0,317.0,6609.0,0.6012578616352201,0.5668131848812044,0.6347286833108641,0.9694880445943964,0.9651334298661424,0.9733138333703083,0.6967930029154519,19.705648282535073,,,,,,,,,,,,,0.6864728533068619
pangolin,True,s3_50,in_scope,pp3,supporting,logo,ok,,True,,0.3580588400363922,0.38681676983833313,7.0,,7.0,7.0,Supporting,Strong,7997.0,7612.0,795.0,6817.0,0.10444035733053074,695.0,0.08690759034637989,0.08565423016290068,466.0,186.0,329.0,6631.0,0.5861635220125786,0.5515926669176463,0.6199056929724989,0.9727152706469121,0.9685737068015455,0.9763243734295001,0.7147239263803681,21.483208223439508,,,,,,,,,,,,,0.7047554859045441
pangolin,True,s3_50,in_scope,pp3,moderate,in_sample,ok,,True,0.4146675169467926,,,,,,,Moderate,Strong,7997.0,7612.0,795.0,6817.0,0.10444035733053074,640.0,0.08003001125422034,0.07869153967419863,448.0,151.0,347.0,6666.0,0.5635220125786163,0.5288234316207059,0.5976096658165544,0.9778494939122782,0.9740773536336755,0.9810833899978626,0.7479131886477463,25.44059311091674,,,,,,,,,,,,,0.7386804585212777
pangolin,True,s3_50,in_scope,pp3,moderate,logo,ok,,True,,0.4071638584136963,0.4359506666660309,7.0,,7.0,7.0,Moderate,Strong,7997.0,7612.0,795.0,6817.0,0.10444035733053074,624.0,0.07802926097286482,0.07685233841303206,440.0,145.0,355.0,6672.0,0.5534591194968553,0.5187271270084762,0.5876769648941685,0.9787296464720552,0.9750253190631968,0.9818947382941401,0.7521367521367521,26.020212535241814,,,,,,,,,,,,,0.7430055574065106
pangolin,True,s3_50,in_scope,pp3,strong,in_sample,ok,,True,0.6798364520072937,,,,,,,Strong,Strong,7997.0,7612.0,795.0,6817.0,0.10444035733053074,304.0,0.03801425534575466,0.03836048344718865,266.0,26.0,529.0,6791.0,0.33459119496855344,0.3026564903070033,0.3681167312177544,0.9961860055742996,0.9944172884931882,0.9973958244258226,0.910958904109589,87.72723754233188,,,,,,,,,,,,,0.9069548533724928
pangolin,True,s3_50,in_scope,pp3,strong,logo,ok,,True,,0.6670093536376953,0.6848793029785156,7.0,,7.0,6.0,Strong,Strong,7997.0,7612.0,795.0,6817.0,0.10444035733053074,309.0,0.038639489808678255,0.03901734104046243,270.0,27.0,525.0,6790.0,0.33962264150943394,0.30754412352519567,0.3732436007668698,0.9960393134810034,0.9942434224225779,0.9972764715421331,0.9090909090909091,85.74842767295597,,,,,,,,,,,,,0.9050116163292401
pangolin,True,s3_50,in_scope,pp3,very_strong,in_sample,not reached,,False,,,,,,,,,,7997.0,7612.0,795.0,6817.0,0.10444035733053074,,,,,,,,,,,,,,,,,,,,,,,,,,,,
pangolin,True,s3_50,in_scope,pp3,very_strong,logo,not reached,,False,,,,7.0,,0.0,0.0,,,,,,,,,,,,,,,,,,,,,,,,,,,,,,,,,,,
pangolin,True,s3_50,in_scope,bp4,bp4_supporting,in_sample,ok,,True,0.0007956239278428257,,,,,,,Supporting,Moderate,7997.0,7612.0,795.0,6817.0,0.10444035733053074,342.0,0.04276603726397399,0.04322122963741461,,,,,,,,,,,,,325.0,4.0,6492.0,791.0,0.047674930321255686,0.042866569483107665,0.052992784933516106,0.9949685534591195,0.9871350287328678,0.9980416810010319,0.9878419452887538,0.10553652636671504,0.011590368789484846
pangolin,True,s3_50,in_scope,bp4,bp4_supporting,logo,no held-out threshold,no held-out threshold: E3 writes per-fold thresholds for the PP3 side only,True,,,,,,,,,,,,,,,,,,,,,,,,,,,,,,,,,,,,,,,,,,
pangolin,True,s3_50,in_scope,bp4,bp4_moderate,in_sample,not reached,,False,,,,,,,,,,7997.0,7612.0,795.0,6817.0,0.10444035733053074,,,,,,,,,,,,,,,,,,,,,,,,,,,,
pangolin,True,s3_50,in_scope,bp4,bp4_moderate,logo,no held-out threshold,no held-out threshold: E3 writes per-fold thresholds for the PP3 side only,False,,,,,,,,,,,,,,,,,,,,,,,,,,,,,,,,,,,,,,,,,,
pangolin,True,pm12,out_of_scope_incl_pm12,pp3,supporting,in_sample,not reached,,False,,,,,,,,,,856.0,841.0,804.0,37.0,0.9560047562425684,,,,,,,,,,,,,,,,,,,,,,,,,,,,
pangolin,True,pm12,out_of_scope_incl_pm12,pp3,supporting,logo,not reached,,False,,,,7.0,,0.0,0.0,,,,,,,,,,,,,,,,,,,,,,,,,,,,,,,,,,,
pangolin,True,pm12,out_of_scope_incl_pm12,pp3,moderate,in_sample,not reached,,False,,,,,,,,,,856.0,841.0,804.0,37.0,0.9560047562425684,,,,,,,,,,,,,,,,,,,,,,,,,,,,
pangolin,True,pm12,out_of_scope_incl_pm12,pp3,moderate,logo,not reached,,False,,,,7.0,,0.0,0.0,,,,,,,,,,,,,,,,,,,,,,,,,,,,,,,,,,,
pangolin,True,pm12,out_of_scope_incl_pm12,pp3,strong,in_sample,not reached,,False,,,,,,,,,,856.0,841.0,804.0,37.0,0.9560047562425684,,,,,,,,,,,,,,,,,,,,,,,,,,,,
pangolin,True,pm12,out_of_scope_incl_pm12,pp3,strong,logo,not reached,,False,,,,7.0,,0.0,0.0,,,,,,,,,,,,,,,,,,,,,,,,,,,,,,,,,,,
pangolin,True,pm12,out_of_scope_incl_pm12,pp3,very_strong,in_sample,not reached,,False,,,,,,,,,,856.0,841.0,804.0,37.0,0.9560047562425684,,,,,,,,,,,,,,,,,,,,,,,,,,,,
pangolin,True,pm12,out_of_scope_incl_pm12,pp3,very_strong,logo,not reached,,False,,,,7.0,,0.0,0.0,,,,,,,,,,,,,,,,,,,,,,,,,,,,,,,,,,,
pangolin,True,pm12,out_of_scope_incl_pm12,bp4,bp4_supporting,in_sample,not reached,,False,,,,,,,,,,856.0,841.0,804.0,37.0,0.9560047562425684,,,,,,,,,,,,,,,,,,,,,,,,,,,,
pangolin,True,pm12,out_of_scope_incl_pm12,bp4,bp4_supporting,logo,no held-out threshold,no held-out threshold: E3 writes per-fold thresholds for the PP3 side only,False,,,,,,,,,,,,,,,,,,,,,,,,,,,,,,,,,,,,,,,,,,
pangolin,True,pm12,out_of_scope_incl_pm12,bp4,bp4_moderate,in_sample,not reached,,False,,,,,,,,,,856.0,841.0,804.0,37.0,0.9560047562425684,,,,,,,,,,,,,,,,,,,,,,,,,,,,
pangolin,True,pm12,out_of_scope_incl_pm12,bp4,bp4_moderate,logo,no held-out threshold,no held-out threshold: E3 writes per-fold thresholds for the PP3 side only,False,,,,,,,,,,,,,,,,,,,,,,,,,,,,,,,,,,,,,,,,,,
alphagenome,True,s3_10,in_scope,pp3,supporting,in_sample,ok,,True,2.199000597000122,,,,,,,Supporting,Moderate,3290.0,3075.0,570.0,2505.0,0.18536585365853658,541.0,0.16443768996960487,0.1648780487804878,388.0,119.0,182.0,2386.0,0.6807017543859649,0.641328680712619,0.7176554896248678,0.9524950099800399,0.9434497539755824,0.9601545738425754,0.7652859960552268,14.32905793896506,,,,,,,,,,,,,0.6142150264470017
alphagenome,True,s3_10,in_scope,pp3,supporting,logo,ok,,True,,2.1988352060317995,2.1991865158081056,7.0,,7.0,7.0,Supporting,Moderate,3290.0,3075.0,570.0,2505.0,0.18536585365853658,531.0,0.16139817629179332,0.16227642276422763,381.0,118.0,189.0,2387.0,0.6684210526315789,0.6287584817221759,0.7058287061651904,0.9528942115768463,0.9438814883954172,0.9605200201265944,0.7635270541082164,14.18978590544157,,,,,,,,,,,,,0.6118980987276766
alphagenome,True,s3_10,in_scope,pp3,moderate,in_sample,ok,,True,2.1995164155960083,,,,,,,Moderate,Strong,3290.0,3075.0,570.0,2505.0,0.18536585365853658,427.0,0.12978723404255318,0.13235772357723577,337.0,70.0,233.0,2435.0,0.5912280701754385,0.5503901232272971,0.6308446035450263,0.9720558882235529,0.96484356663271,0.9778226156742789,0.828009828009828,21.15751879699248,,,,,,,,,,,,,0.7015669604457797
alphagenome,True,s3_10,in_scope,pp3,moderate,logo,ok,,True,,2.199286437034607,2.199571061134338,7.0,,7.0,6.0,Moderate,Strong,3290.0,3075.0,570.0,2505.0,0.18536585365853658,429.0,0.1303951367781155,0.13235772357723577,334.0,73.0,236.0,2432.0,0.5859649122807018,0.5450851942178297,0.6256936829330136,0.9708582834331337,0.9635161166262735,0.9767585235691544,0.8206388206388207,20.107426099495314,,,,,,,,,,,,,0.690800554839988
alphagenome,True,s3_10,in_scope,pp3,strong,in_sample,ok,,True,2.1998827695846557,,,,,,,Strong,Strong,3290.0,3075.0,570.0,2505.0,0.18536585365853658,268.0,0.08145896656534954,0.08422764227642277,234.0,25.0,336.0,2480.0,0.4105263157894737,0.37087184518738375,0.4513787112474527,0.9900199600798403,0.9853083982877946,0.9932309156926102,0.9034749034749034,41.13473684210526,,,,,,,,,,,,,0.8204837490551776
alphagenome,True,s3_10,in_scope,pp3,strong,logo,ok,,True,,2.199852538108826,2.199893927574158,7.0,,7.0,6.0,Strong,Strong,3290.0,3075.0,570.0,2505.0,0.18536585365853658,257.0,0.07811550151975684,0.08065040650406505,223.0,25.0,347.0,2480.0,0.3912280701754386,0.35202002936804877,0.43189241178802695,0.9900199600798403,0.9853083982877946,0.9932309156926102,0.8991935483870968,39.201052631578946,,,,,,,,,,,,,0.8132820859994322
alphagenome,True,s3_10,in_scope,pp3,very_strong,in_sample,not reached,,False,,,,,,,,,,3290.0,3075.0,570.0,2505.0,0.18536585365853658,,,,,,,,,,,,,,,,,,,,,,,,,,,,
alphagenome,True,s3_10,in_scope,pp3,very_strong,logo,not reached,,False,,,,7.0,,0.0,0.0,,,,,,,,,,,,,,,,,,,,,,,,,,,,,,,,,,,
alphagenome,True,s3_10,in_scope,bp4,bp4_supporting,in_sample,ok,,True,2.1432563066482544,,,,,,,Supporting,Moderate,3290.0,3075.0,570.0,2505.0,0.18536585365853658,1198.0,0.3641337386018237,0.368130081300813,,,,,,,,,,,,,1103.0,29.0,1402.0,541.0,0.4403193612774451,0.42098532673272787,0.45983615804114547,0.9491228070175438,0.9278872138818092,0.9643452871511676,0.9743816254416962,0.1155461182421148,0.01267572087764252
alphagenome,True,s3_10,in_scope,bp4,bp4_supporting,logo,no held-out threshold,no held-out threshold: E3 writes per-fold thresholds for the PP3 side only,True,,,,,,,,,,,,,,,,,,,,,,,,,,,,,,,,,,,,,,,,,,
alphagenome,True,s3_10,in_scope,bp4,bp4_moderate,in_sample,ok,,True,1.2451963983476162,,,,,,,Moderate,Moderate,3290.0,3075.0,570.0,2505.0,0.18536585365853658,66.0,0.02006079027355623,0.02113821138211382,,,,,,,,,,,,,64.0,1.0,2441.0,569.0,0.02554890219560878,0.02005861852254868,0.032492114947340445,0.9982456140350877,0.9901301901936886,0.9996902406397702,0.9846153846153847,0.06866776315789475,0.007571979143051463
alphagenome,True,s3_10,in_scope,bp4,bp4_moderate,logo,no held-out threshold,no held-out threshold: E3 writes per-fold thresholds for the PP3 side only,True,,,,,,,,,,,,,,,,,,,,,,,,,,,,,,,,,,,,,,,,,,
alphagenome,True,s11_50,in_scope,pp3,supporting,in_sample,ok,,True,2.1972027897834776,,,,,,,Supporting,Moderate,4707.0,4537.0,225.0,4312.0,0.049592241569318934,251.0,0.053324835351604,0.052016751157152305,93.0,143.0,132.0,4169.0,0.41333333333333333,0.350970704275392,0.47860563123224886,0.9668367346938775,0.9610628702769364,0.9717795518587706,0.3940677966101695,12.463589743589743,,,,,,,,,,,,,0.5806852391647156
alphagenome,True,s11_50,in_scope,pp3,supporting,logo,ok,,True,,2.196884644031525,2.198853147029877,6.0,,6.0,3.0,Supporting,Moderate,4707.0,4537.0,225.0,4312.0,0.049592241569318934,207.0,0.04397705544933078,0.042759532730879436,83.0,111.0,142.0,4201.0,0.3688888888888889,0.30853646425172665,0.4336431202341915,0.9742578849721707,0.96909223373426,0.9785792780727549,0.42783505154639173,14.330170170170168,,,,,,,,,,,,,0.6142334181725193
alphagenome,True,s11_50,in_scope,pp3,moderate,in_sample,ok,,True,2.1989681839942934,,,,,,,Moderate,Strong,4707.0,4537.0,225.0,4312.0,0.049592241569318934,125.0,0.026556192904185257,0.025787965616045846,70.0,47.0,155.0,4265.0,0.3111111111111111,0.2542172379357702,0.37434657022190854,0.989100185528757,0.9855366643870377,0.9917930267625928,0.5982905982905983,28.54278959810875,,,,,,,,,,,,,0.7602735413019659
alphagenome,True,s11_50,in_scope,pp3,moderate,logo,ok,,True,,2.1981048703193666,2.1989681839942934,6.0,,6.0,3.0,Moderate,Moderate,4707.0,4537.0,225.0,4312.0,0.049592241569318934,176.0,0.03739111960909284,0.03636764381750055,80.0,85.0,145.0,4227.0,0.35555555555555557,0.2959135483884876,0.4200470107909138,0.9802875695732839,0.9756908300894818,0.9840293170754708,0.48484848484848486,18.037124183006537,,,,,,,,,,,,,0.6671243605983541
alphagenome,True,s11_50,in_scope,pp3,strong,in_sample,ok,,True,2.1996044516563416,,,,,,,Strong,Strong,4707.0,4537.0,225.0,4312.0,0.049592241569318934,79.0,0.01678351391544508,0.016089927264712364,56.0,17.0,169.0,4295.0,0.24888888888888888,0.1969267772747361,0.309281579452531,0.9960575139146568,0.9936949770221405,0.9975369856943411,0.7671232876712328,63.12993464052287,,,,,,,,,,,,,0.8752251746122647
alphagenome,True,s11_50,in_scope,pp3,strong,logo,ok,,True,,2.1996062994003296,2.1996062994003296,6.0,,1.0,0.0,Strong,not evaluable,80.0,75.0,13.0,62.0,0.17333333333333334,5.0,0.0625,0.06666666666666667,5.0,0.0,8.0,62.0,0.38461538461538464,0.17709707797762575,0.6447710848733431,1.0,0.9416559278986275,1.0,1.0,,,,,,,,,,,,,,
alphagenome,True,s11_50,in_scope,pp3,very_strong,in_sample,not reached,,False,,,,,,,,,,4707.0,4537.0,225.0,4312.0,0.049592241569318934,,,,,,,,,,,,,,,,,,,,,,,,,,,,
alphagenome,True,s11_50,in_scope,pp3,very_strong,logo,not reached,,False,,,,6.0,,0.0,0.0,,,,,,,,,,,,,,,,,,,,,,,,,,,,,,,,,,,
alphagenome,True,s11_50,in_scope,bp4,bp4_supporting,in_sample,not reached,,False,,,,,,,,,,4707.0,4537.0,225.0,4312.0,0.049592241569318934,,,,,,,,,,,,,,,,,,,,,,,,,,,,
alphagenome,True,s11_50,in_scope,bp4,bp4_supporting,logo,no held-out threshold,no held-out threshold: E3 writes per-fold thresholds for the PP3 side only,False,,,,,,,,,,,,,,,,,,,,,,,,,,,,,,,,,,,,,,,,,,
alphagenome,True,s11_50,in_scope,bp4,bp4_moderate,in_sample,not reached,,False,,,,,,,,,,4707.0,4537.0,225.0,4312.0,0.049592241569318934,,,,,,,,,,,,,,,,,,,,,,,,,,,,
alphagenome,True,s11_50,in_scope,bp4,bp4_moderate,logo,no held-out threshold,no held-out threshold: E3 writes per-fold thresholds for the PP3 side only,False,,,,,,,,,,,,,,,,,,,,,,,,,,,,,,,,,,,,,,,,,,
alphagenome,True,s3_50,in_scope,pp3,supporting,in_sample,ok,,True,2.1988352060317995,,,,,,,Supporting,Strong,7997.0,7612.0,795.0,6817.0,0.10444035733053074,700.0,0.0875328248093035,0.08644245927482921,472.0,186.0,323.0,6631.0,0.5937106918238994,0.5591987791930462,0.6273213348480606,0.9727152706469121,0.9685737068015455,0.9763243734295001,0.7173252279635258,21.75981605464259,,,,,,,,,,,,,0.7074104739764324
alphagenome,True,s3_50,in_scope,pp3,supporting,logo,ok,,True,,2.19851016998291,2.198985993862152,7.0,,7.0,7.0,Supporting,Strong,7997.0,7612.0,795.0,6817.0,0.10444035733053074,698.0,0.08728273102413404,0.0861797162375197,465.0,191.0,330.0,6626.0,0.5849056603773585,0.5503257828852834,0.6186689513130348,0.9719818101804313,0.9677906615747299,0.9756413238848168,0.7088414634146342,20.87592610886101,,,,,,,,,,,,,0.6987541083343805
alphagenome,True,s3_50,in_scope,pp3,moderate,in_sample,ok,,True,2.199358892440796,,,,,,,Moderate,Strong,7997.0,7612.0,795.0,6817.0,0.10444035733053074,575.0,0.07190196323621358,0.07133473462953231,425.0,118.0,370.0,6699.0,0.5345911949685535,0.49983481732913326,0.5690148891961074,0.9826903329910518,0.97931141842341,0.9855255507000209,0.7826887661141805,30.883967594073127,,,,,,,,,,,,,0.774345418901167
alphagenome,True,s3_50,in_scope,pp3,moderate,logo,ok,,True,,2.19926518201828,2.1993730783462526,7.0,,7.0,7.0,Moderate,Strong,7997.0,7612.0,795.0,6817.0,0.10444035733053074,589.0,0.07365261973239964,0.07304256437204414,433.0,123.0,362.0,6694.0,0.5446540880503145,0.5099045283628736,0.5789741836969826,0.981956872524571,0.9785149304749884,0.9848559438769436,0.7787769784172662,30.186235107634097,,,,,,,,,,,,,0.7703275148715
alphagenome,True,s3_50,in_scope,pp3,strong,in_sample,ok,,True,2.1998709440231323,,,,,,,Strong,Strong,7997.0,7612.0,795.0,6817.0,0.10444035733053074,326.0,0.040765286982618484,0.040987913820283765,275.0,37.0,520.0,6780.0,0.34591194968553457,0.31365943811423724,0.3796464146369629,0.9945723925480416,0.9925281254382763,0.9960595789834368,0.8814102564102564,63.73193948665646,,,,,,,,,,,,,0.8762579402732529
alphagenome,True,s3_50,in_scope,pp3,strong,logo,ok,,True,,2.1998100161552427,2.1998827695846557,7.0,,7.0,6.0,Strong,Strong,7997.0,7612.0,795.0,6817.0,0.10444035733053074,331.0,0.041390521445542075,0.041776142932212296,280.0,38.0,515.0,6779.0,0.3522012578616352,0.3197810894668005,0.38604289174353434,0.9944257004547455,0.99235854146477,0.9959359440026436,0.8805031446540881,63.18305196954651,,,,,,,,,,,,,0.8753169926398092
alphagenome,True,s3_50,in_scope,pp3,very_strong,in_sample,not reached,,False,,,,,,,,,,7997.0,7612.0,795.0,6817.0,0.10444035733053074,,,,,,,,,,,,,,,,,,,,,,,,,,,,
alphagenome,True,s3_50,in_scope,pp3,very_strong,logo,not reached,,False,,,,7.0,,0.0,0.0,,,,,,,,,,,,,,,,,,,,,,,,,,,,,,,,,,,
alphagenome,True,s3_50,in_scope,bp4,bp4_supporting,in_sample,ok,,True,1.245150625705719,,,,,,,Supporting,Moderate,7997.0,7612.0,795.0,6817.0,0.10444035733053074,295.0,0.03688883331249219,0.03796636889122438,,,,,,,,,,,,,287.0,2.0,6530.0,793.0,0.04210063077600117,0.037585771717843434,0.04713126243538864,0.9974842767295597,0.9908741344944895,0.9993098266230641,0.9930795847750865,0.05975500186268709,0.006595653177199765
alphagenome,True,s3_50,in_scope,bp4,bp4_supporting,logo,no held-out threshold,no held-out threshold: E3 writes per-fold thresholds for the PP3 side only,True,,,,,,,,,,,,,,,,,,,,,,,,,,,,,,,,,,,,,,,,,,
alphagenome,True,s3_50,in_scope,bp4,bp4_moderate,in_sample,not reached,,False,,,,,,,,,,7997.0,7612.0,795.0,6817.0,0.10444035733053074,,,,,,,,,,,,,,,,,,,,,,,,,,,,
alphagenome,True,s3_50,in_scope,bp4,bp4_moderate,logo,no held-out threshold,no held-out threshold: E3 writes per-fold thresholds for the PP3 side only,False,,,,,,,,,,,,,,,,,,,,,,,,,,,,,,,,,,,,,,,,,,
alphagenome,True,pm12,out_of_scope_incl_pm12,pp3,supporting,in_sample,not reached,,False,,,,,,,,,,856.0,841.0,804.0,37.0,0.9560047562425684,,,,,,,,,,,,,,,,,,,,,,,,,,,,
alphagenome,True,pm12,out_of_scope_incl_pm12,pp3,supporting,logo,not reached,,False,,,,7.0,,0.0,0.0,,,,,,,,,,,,,,,,,,,,,,,,,,,,,,,,,,,
alphagenome,True,pm12,out_of_scope_incl_pm12,pp3,moderate,in_sample,not reached,,False,,,,,,,,,,856.0,841.0,804.0,37.0,0.9560047562425684,,,,,,,,,,,,,,,,,,,,,,,,,,,,
alphagenome,True,pm12,out_of_scope_incl_pm12,pp3,moderate,logo,not reached,,False,,,,7.0,,0.0,0.0,,,,,,,,,,,,,,,,,,,,,,,,,,,,,,,,,,,
alphagenome,True,pm12,out_of_scope_incl_pm12,pp3,strong,in_sample,not reached,,False,,,,,,,,,,856.0,841.0,804.0,37.0,0.9560047562425684,,,,,,,,,,,,,,,,,,,,,,,,,,,,
alphagenome,True,pm12,out_of_scope_incl_pm12,pp3,strong,logo,not reached,,False,,,,7.0,,0.0,0.0,,,,,,,,,,,,,,,,,,,,,,,,,,,,,,,,,,,
alphagenome,True,pm12,out_of_scope_incl_pm12,pp3,very_strong,in_sample,not reached,,False,,,,,,,,,,856.0,841.0,804.0,37.0,0.9560047562425684,,,,,,,,,,,,,,,,,,,,,,,,,,,,
alphagenome,True,pm12,out_of_scope_incl_pm12,pp3,very_strong,logo,not reached,,False,,,,7.0,,0.0,0.0,,,,,,,,,,,,,,,,,,,,,,,,,,,,,,,,,,,
alphagenome,True,pm12,out_of_scope_incl_pm12,bp4,bp4_supporting,in_sample,not reached,,False,,,,,,,,,,856.0,841.0,804.0,37.0,0.9560047562425684,,,,,,,,,,,,,,,,,,,,,,,,,,,,
alphagenome,True,pm12,out_of_scope_incl_pm12,bp4,bp4_supporting,logo,no held-out threshold,no held-out threshold: E3 writes per-fold thresholds for the PP3 side only,False,,,,,,,,,,,,,,,,,,,,,,,,,,,,,,,,,,,,,,,,,,
alphagenome,True,pm12,out_of_scope_incl_pm12,bp4,bp4_moderate,in_sample,not reached,,False,,,,,,,,,,856.0,841.0,804.0,37.0,0.9560047562425684,,,,,,,,,,,,,,,,,,,,,,,,,,,,
alphagenome,True,pm12,out_of_scope_incl_pm12,bp4,bp4_moderate,logo,no held-out threshold,no held-out threshold: E3 writes per-fold thresholds for the PP3 side only,False,,,,,,,,,,,,,,,,,,,,,,,,,,,,,,,,,,,,,,,,,,
avi,True,s3_10,in_scope,pp3,supporting,in_sample,ok,,True,0.8246464729309082,,,,,,,Supporting,Moderate,3290.0,3075.0,570.0,2505.0,0.18536585365853658,544.0,0.16534954407294833,0.16682926829268294,390.0,123.0,180.0,2382.0,0.6842105263157895,0.6449256733385851,0.7210290634132219,0.9508982035928144,0.9417243982560095,0.9586912067467337,0.7602339181286549,13.934531450577664,,,,,,,,,,,,,0.607578640994067
avi,True,s3_10,in_scope,pp3,supporting,logo,ok,,True,,0.8091649413108826,0.8591103553771973,7.0,BRCA1; RAD51C,5.0,4.0,Supporting,Moderate,2376.0,2206.0,378.0,1828.0,0.17135086128739802,340.0,0.14309764309764308,0.14505893019038985,232.0,88.0,146.0,1740.0,0.6137566137566137,0.5637633272160782,0.6614610375388867,0.9518599562363238,0.94106403294858,0.96076073580817,0.725,12.749398749398749,,,,,,,,,,,,,0.5861954574606896
avi,True,s3_10,in_scope,pp3,moderate,in_sample,ok,,True,1.0710335969924927,,,,,,,Moderate,Strong,3290.0,3075.0,570.0,2505.0,0.18536585365853658,359.0,0.10911854103343466,0.11089430894308944,295.0,46.0,275.0,2459.0,0.5175438596491229,0.4765421297074473,0.5583107023641536,0.9816367265469061,0.9755940925956672,0.9862044266038101,0.8651026392961877,28.18363844393593,,,,,,,,,,,,,0.7579580596027509
avi,True,s3_10,in_scope,pp3,moderate,logo,ok,,True,,1.0345228910446167,1.074555516242981,7.0,BRCA1; RAD51C,5.0,4.0,Moderate,Strong,2376.0,2206.0,378.0,1828.0,0.17135086128739802,221.0,0.09301346801346802,0.09474161378059837,174.0,35.0,204.0,1793.0,0.4603174603174603,0.41072263222804317,0.5107107289039456,0.9808533916849015,0.9734889667581286,0.9862010716646112,0.8325358851674641,24.04172335600907,,,,,,,,,,,,,0.7276171129747313
avi,True,s3_10,in_scope,pp3,strong,in_sample,ok,,True,1.3645528554916382,,,,,,,Strong,Strong,3290.0,3075.0,570.0,2505.0,0.18536585365853658,165.0,0.05015197568389058,0.05268292682926829,156.0,6.0,414.0,2499.0,0.2736842105263158,0.23868905312100577,0.31170941315534556,0.9976047904191617,0.9947839414190697,0.9989018059345555,0.9629629629629629,114.26315789473685,,,,,,,,,,,,,0.9269854824935952
avi,True,s3_10,in_scope,pp3,strong,logo,ok,,True,,1.202707290649414,1.4338535070419312,7.0,BRCA1; RAD51C,5.0,3.0,Strong,Strong,2376.0,2206.0,378.0,1828.0,0.17135086128739802,99.0,0.041666666666666664,0.044424297370806894,91.0,7.0,287.0,1821.0,0.24074074074074073,0.2003875973150888,0.28631036208057214,0.9961706783369803,0.9921165248274831,0.9981438447395533,0.9285714285714286,62.86772486772487,,,,,,,,,,,,,0.874769933004491
avi,True,s3_10,in_scope,pp3,very_strong,in_sample,not reached,,False,,,,,,,,,,3290.0,3075.0,570.0,2505.0,0.18536585365853658,,,,,,,,,,,,,,,,,,,,,,,,,,,,
avi,True,s3_10,in_scope,pp3,very_strong,logo,not reached,,False,,,,7.0,BRCA1; RAD51C,0.0,0.0,,,,,,,,,,,,,,,,,,,,,,,,,,,,,,,,,,,
avi,True,s3_10,in_scope,bp4,bp4_supporting,in_sample,ok,,True,0.04166500270366669,,,,,,,Supporting,Moderate,3290.0,3075.0,570.0,2505.0,0.18536585365853658,686.0,0.20851063829787234,0.21170731707317073,,,,,,,,,,,,,639.0,12.0,1866.0,558.0,0.25508982035928146,0.23840340875690164,0.27252622942885946,0.9789473684210527,0.9635655622628917,0.9879167532918064,0.9815668202764977,0.0825302693353101,0.009086704573278561
avi,True,s3_10,in_scope,bp4,bp4_supporting,logo,no held-out threshold,no held-out threshold: E3 writes per-fold thresholds for the PP3 side only,True,,,,,,,,,,,,,,,,,,,,,,,,,,,,,,,,,,,,,,,,,,
avi,True,s3_10,in_scope,bp4,bp4_moderate,in_sample,ok,,True,-0.09308166056871414,,,,,,,Moderate,Moderate,3290.0,3075.0,570.0,2505.0,0.18536585365853658,83.0,0.025227963525835867,0.025040650406504064,,,,,,,,,,,,,76.0,1.0,2429.0,569.0,0.03033932135728543,0.024308461560966953,0.037808440355166464,0.9982456140350877,0.9901301901936886,0.9996902406397702,0.987012987012987,0.05782548476454294,0.006384036087006385
avi,True,s3_10,in_scope,bp4,bp4_moderate,logo,no held-out threshold,no held-out threshold: E3 writes per-fold thresholds for the PP3 side only,True,,,,,,,,,,,,,,,,,,,,,,,,,,,,,,,,,,,,,,,,,,
avi,True,s11_50,in_scope,pp3,supporting,in_sample,ok,,True,0.5888686776161194,,,,,,,Supporting,Moderate,4707.0,4537.0,225.0,4312.0,0.049592241569318934,197.0,0.041852560016995964,0.04077584306810668,78.0,107.0,147.0,4205.0,0.3466666666666667,0.2875268099076677,0.41095439906738923,0.9751855287569573,0.9701023418690944,0.979422806146834,0.42162162162162165,13.970342679127727,,,,,,,,,,,,,0.6081904338250053
avi,True,s11_50,in_scope,pp3,supporting,logo,ok,,True,,0.5284529328346252,0.6346190571784973,6.0,BRCA1; RAD51C,4.0,3.0,Supporting,Moderate,3578.0,3427.0,186.0,3241.0,0.05427487598482638,167.0,0.04667411961989938,0.044937262912168076,67.0,87.0,119.0,3154.0,0.3602150537634409,0.29469609971838845,0.4313911294726062,0.9731564331996297,0.9670070124518212,0.97818554592811,0.43506493506493504,13.419045853417378,,,,,,,,,,,,,0.598555618341442
avi,True,s11_50,in_scope,pp3,moderate,in_sample,ok,,True,0.6985705494880676,,,,,,,Moderate,Strong,4707.0,4537.0,225.0,4312.0,0.049592241569318934,127.0,0.02698109199065222,0.02666960546616707,64.0,57.0,161.0,4255.0,0.28444444444444444,0.2294987498485252,0.3466270076961199,0.9867810760667903,0.9829129583302106,0.9897826422971362,0.5289256198347108,21.517972709551657,,,,,,,,,,,,,0.7050918130881236
avi,True,s11_50,in_scope,pp3,moderate,logo,ok,,True,,0.6562227606773376,0.7345619797706604,6.0,BRCA1; RAD51C,4.0,3.0,Moderate,Strong,3578.0,3427.0,186.0,3241.0,0.05427487598482638,108.0,0.03018446059250978,0.03005544207761891,54.0,49.0,132.0,3192.0,0.2903225806451613,0.22985726200936735,0.3592735817771247,0.9848812095032398,0.9800695413433069,0.9885448085060977,0.5242718446601942,19.202764976958527,,,,,,,,,,,,,0.6808823529411765
avi,True,s11_50,in_scope,pp3,strong,in_sample,ok,,True,1.1270228624343872,,,,,,,Strong,Strong,4707.0,4537.0,225.0,4312.0,0.049592241569318934,30.0,0.006373486297004461,0.006171478950848578,25.0,3.0,200.0,4309.0,0.1111111111111111,0.0764015240621393,0.15887690449778757,0.99930426716141,0.9979563289736977,0.9997633604739811,0.8928571428571429,159.7037037037037,,,,,,,,,,,,,0.9466520307354556
avi,True,s11_50,in_scope,pp3,strong,logo,ok,,True,,1.1504069566726685,1.1504069566726685,6.0,BRCA1; RAD51C,1.0,0.0,Strong,not evaluable,540.0,464.0,15.0,449.0,0.032327586206896554,3.0,0.005555555555555556,0.004310344827586207,2.0,0.0,13.0,449.0,0.13333333333333333,0.03736125910306537,0.37881982832322364,1.0,0.9915169895647404,1.0,1.0,,,,,,,,,,,,,,
avi,True,s11_50,in_scope,pp3,very_strong,in_sample,not reached,,False,,,,,,,,,,4707.0,4537.0,225.0,4312.0,0.049592241569318934,,,,,,,,,,,,,,,,,,,,,,,,,,,,
avi,True,s11_50,in_scope,pp3,very_strong,logo,not reached,,False,,,,6.0,BRCA1; RAD51C,0.0,0.0,,,,,,,,,,,,,,,,,,,,,,,,,,,,,,,,,,,
avi,True,s11_50,in_scope,bp4,bp4_supporting,in_sample,not reached,,False,,,,,,,,,,4707.0,4537.0,225.0,4312.0,0.049592241569318934,,,,,,,,,,,,,,,,,,,,,,,,,,,,
avi,True,s11_50,in_scope,bp4,bp4_supporting,logo,no held-out threshold,no held-out threshold: E3 writes per-fold thresholds for the PP3 side only,False,,,,,,,,,,,,,,,,,,,,,,,,,,,,,,,,,,,,,,,,,,
avi,True,s11_50,in_scope,bp4,bp4_moderate,in_sample,not reached,,False,,,,,,,,,,4707.0,4537.0,225.0,4312.0,0.049592241569318934,,,,,,,,,,,,,,,,,,,,,,,,,,,,
avi,True,s11_50,in_scope,bp4,bp4_moderate,logo,no held-out threshold,no held-out threshold: E3 writes per-fold thresholds for the PP3 side only,False,,,,,,,,,,,,,,,,,,,,,,,,,,,,,,,,,,,,,,,,,,
avi,True,s3_50,in_scope,pp3,supporting,in_sample,ok,,True,0.7119490504264832,,,,,,,Supporting,Moderate,7997.0,7612.0,795.0,6817.0,0.10444035733053074,780.0,0.09753657621608103,0.09668943772990016,492.0,244.0,303.0,6573.0,0.6188679245283019,0.5846128246754707,0.6519798032021749,0.9642071292357342,0.959529225215277,0.9683621556663813,0.6684782608695652,17.290256727497678,,,,,,,,,,,,,0.6576678541679413
avi,True,s3_50,in_scope,pp3,supporting,logo,ok,,True,,0.7137672901153564,0.7194889187812805,7.0,BRCA1; RAD51C,5.0,5.0,Supporting,Moderate,5954.0,5633.0,564.0,5069.0,0.10012426770814842,512.0,0.08599261001007726,0.0857447186224037,312.0,171.0,252.0,4898.0,0.5531914893617021,0.511938568031078,0.5937247277145503,0.9662655356086013,0.9609316232981513,0.9708932796427157,0.6459627329192547,16.398407365932563,,,,,,,,,,,,,0.6456470726557486
avi,True,s3_50,in_scope,pp3,moderate,in_sample,ok,,True,0.8246464729309082,,,,,,,Moderate,Strong,7997.0,7612.0,795.0,6817.0,0.10444035733053074,627.0,0.07840440165061899,0.07764056752496058,440.0,151.0,355.0,6666.0,0.5534591194968553,0.5187271270084762,0.5876769648941685,0.9778494939122782,0.9740773536336755,0.9810833899978626,0.7445008460236887,24.986296805364656,,,,,,,,,,,,,0.7351873888602253
avi,True,s3_50,in_scope,pp3,moderate,logo,ok,,True,,0.8048641681671143,0.848881721496582,7.0,BRCA1; RAD51C,5.0,5.0,Moderate,Strong,5954.0,5633.0,564.0,5069.0,0.10012426770814842,404.0,0.06785354383607659,0.06745961299485177,273.0,107.0,291.0,4962.0,0.48404255319148937,0.4430464425047041,0.5252545687716074,0.9788913000591832,0.9745563931999406,0.9825009166748022,0.718421052631579,22.93095048717439,,,,,,,,,,,,,0.7181418071593264
avi,True,s3_50,in_scope,pp3,strong,in_sample,ok,,True,1.171376347541809,,,,,,,Strong,Strong,7997.0,7612.0,795.0,6817.0,0.10444035733053074,315.0,0.03938977116418657,0.03928008407777194,276.0,23.0,519.0,6794.0,0.3471698113207547,0.3148832640276518,0.3809262144153753,0.9966260818541881,0.9949421090159758,0.9977506607659343,0.9230769230769231,102.89811320754717,,,,,,,,,,,,,0.9195696894074799
avi,True,s3_50,in_scope,pp3,strong,logo,ok,,True,,1.1241847276687622,1.1815255880355835,7.0,BRCA1; RAD51C,5.0,5.0,Strong,Strong,5954.0,5633.0,564.0,5069.0,0.10012426770814842,183.0,0.03073563990594558,0.031066927037102787,160.0,15.0,404.0,5054.0,0.28368794326241137,0.24804530192471644,0.3222572953763953,0.9970408364568949,0.9951230541585484,0.998205840683641,0.9142857142857143,95.86761229314422,,,,,,,,,,,,,0.9141775062557768
avi,True,s3_50,in_scope,pp3,very_strong,in_sample,not reached,,False,,,,,,,,,,7997.0,7612.0,795.0,6817.0,0.10444035733053074,,,,,,,,,,,,,,,,,,,,,,,,,,,,
avi,True,s3_50,in_scope,pp3,very_strong,logo,not reached,,False,,,,7.0,BRCA1; RAD51C,0.0,0.0,,,,,,,,,,,,,,,,,,,,,,,,,,,,,,,,,,,
avi,True,s3_50,in_scope,bp4,bp4_supporting,in_sample,ok,,True,-0.06695366650819778,,,,,,,Supporting,Moderate,7997.0,7612.0,795.0,6817.0,0.10444035733053074,371.0,0.04639239714893085,0.04689963215974777,,,,,,,,,,,,,352.0,5.0,6465.0,790.0,0.05163561684025231,0.04663046834448354,0.05714579783823432,0.9937106918238994,0.9853624043996293,0.9973106796424435,0.9859943977591037,0.12180174385363066,0.013352816392408661
avi,True,s3_50,in_scope,bp4,bp4_supporting,logo,no held-out threshold,no held-out threshold: E3 writes per-fold thresholds for the PP3 side only,True,,,,,,,,,,,,,,,,,,,,,,,,,,,,,,,,,,,,,,,,,,
avi,True,s3_50,in_scope,bp4,bp4_moderate,in_sample,not reached,,False,,,,,,,,,,7997.0,7612.0,795.0,6817.0,0.10444035733053074,,,,,,,,,,,,,,,,,,,,,,,,,,,,
avi,True,s3_50,in_scope,bp4,bp4_moderate,logo,no held-out threshold,no held-out threshold: E3 writes per-fold thresholds for the PP3 side only,False,,,,,,,,,,,,,,,,,,,,,,,,,,,,,,,,,,,,,,,,,,
avi,True,pm12,out_of_scope_incl_pm12,pp3,supporting,in_sample,ok,,True,1.8928370475769043,,,,,,,Supporting,Moderate,856.0,841.0,804.0,37.0,0.9560047562425684,106.0,0.12383177570093458,0.1248513674197384,105.0,0.0,699.0,37.0,0.13059701492537312,0.10905125753634337,0.15565595262945436,1.0,0.9059421741627975,1.0,1.0,4.962686567164179,,,,,,,,,,,,,0.3554249064671299
avi,True,pm12,out_of_scope_incl_pm12,pp3,supporting,logo,ok,,True,,1.82476806640625,1.880843997001648,7.0,BRCA1; RAD51C,3.0,0.0,Supporting,not evaluable,287.0,284.0,282.0,2.0,0.9929577464788732,66.0,0.22996515679442509,0.22887323943661972,65.0,0.0,217.0,2.0,0.23049645390070922,0.1851613594395122,0.28307533153207876,1.0,0.34238022750665303,1.0,1.0,,,,,,,,,,,,,,
avi,True,pm12,out_of_scope_incl_pm12,pp3,moderate,in_sample,not reached,,False,,,,,,,,,,856.0,841.0,804.0,37.0,0.9560047562425684,,,,,,,,,,,,,,,,,,,,,,,,,,,,
avi,True,pm12,out_of_scope_incl_pm12,pp3,moderate,logo,not reached,,False,,,,7.0,BRCA1; RAD51C,0.0,0.0,,,,,,,,,,,,,,,,,,,,,,,,,,,,,,,,,,,
avi,True,pm12,out_of_scope_incl_pm12,pp3,strong,in_sample,not reached,,False,,,,,,,,,,856.0,841.0,804.0,37.0,0.9560047562425684,,,,,,,,,,,,,,,,,,,,,,,,,,,,
avi,True,pm12,out_of_scope_incl_pm12,pp3,strong,logo,not reached,,False,,,,7.0,BRCA1; RAD51C,0.0,0.0,,,,,,,,,,,,,,,,,,,,,,,,,,,,,,,,,,,
avi,True,pm12,out_of_scope_incl_pm12,pp3,very_strong,in_sample,not reached,,False,,,,,,,,,,856.0,841.0,804.0,37.0,0.9560047562425684,,,,,,,,,,,,,,,,,,,,,,,,,,,,
avi,True,pm12,out_of_scope_incl_pm12,pp3,very_strong,logo,not reached,,False,,,,7.0,BRCA1; RAD51C,0.0,0.0,,,,,,,,,,,,,,,,,,,,,,,,,,,,,,,,,,,
avi,True,pm12,out_of_scope_incl_pm12,bp4,bp4_supporting,in_sample,ok,,True,1.1784663200378418,,,,,,,Supporting,Strong,856.0,841.0,804.0,37.0,0.9560047562425684,20.0,0.02336448598130841,0.022592152199762187,,,,,,,,,,,,,13.0,6.0,24.0,798.0,0.35135135135135137,0.2182560713392713,0.5124097687744917,0.9925373134328358,0.9838149603874842,0.9965754260581188,0.6842105263157895,0.021239954075774968,0.0023544384346166083
avi,True,pm12,out_of_scope_incl_pm12,bp4,bp4_supporting,logo,no held-out threshold,no held-out threshold: E3 writes per-fold thresholds for the PP3 side only,True,,,,,,,,,,,,,,,,,,,,,,,,,,,,,,,,,,,,,,,,,,
avi,True,pm12,out_of_scope_incl_pm12,bp4,bp4_moderate,in_sample,not reached,,False,,,,,,,,,,856.0,841.0,804.0,37.0,0.9560047562425684,,,,,,,,,,,,,,,,,,,,,,,,,,,,
avi,True,pm12,out_of_scope_incl_pm12,bp4,bp4_moderate,logo,no held-out threshold,no held-out threshold: E3 writes per-fold thresholds for the PP3 side only,False,,,,,,,,,,,,,,,,,,,,,,,,,,,,,,,,,,,,,,,,,,
avi_splice_sites,False,s3_10,in_scope,pp3,supporting,in_sample,ok,,True,0.3272552490234375,,,,,,,Supporting,Moderate,3290.0,3075.0,570.0,2505.0,0.18536585365853658,504.0,0.15319148936170213,0.15577235772357723,363.0,116.0,207.0,2389.0,0.6368421052631579,0.5965680083905166,0.6752840817679685,0.9536926147704591,0.9447454451336127,0.9612504247961063,0.7578288100208769,13.752495462794917,,,,,,,,,,,,,0.6044389937483176
avi_splice_sites,False,s3_10,in_scope,pp3,supporting,logo,ok,,True,,0.3212890625,0.4139223098754883,7.0,,7.0,7.0,Supporting,Moderate,3290.0,3075.0,570.0,2505.0,0.18536585365853658,458.0,0.139209726443769,0.14146341463414633,342.0,93.0,228.0,2412.0,0.6,0.5592422094408123,0.6394189333673115,0.962874251497006,0.9547333100163901,0.9695977161019639,0.7862068965517242,16.161290322580644,,,,,,,,,,,,,0.6423076923076924
avi_splice_sites,False,s3_10,in_scope,pp3,moderate,in_sample,ok,,True,0.46484375,,,,,,,Moderate,Strong,3290.0,3075.0,570.0,2505.0,0.18536585365853658,403.0,0.12249240121580547,0.12552845528455284,323.0,63.0,247.0,2442.0,0.5666666666666667,0.5256738856650941,0.6067668762069883,0.9748502994011976,0.9679532486423796,0.980293198591585,0.8367875647668394,22.53174603174603,,,,,,,,,,,,,0.714573370249182
avi_splice_sites,False,s3_10,in_scope,pp3,moderate,logo,ok,,True,,0.447021484375,0.4609375,7.0,,7.0,6.0,Moderate,Strong,3290.0,3075.0,570.0,2505.0,0.18536585365853658,412.0,0.12522796352583587,0.1278048780487805,327.0,66.0,243.0,2439.0,0.5736842105263158,0.5327252941281024,0.6136566005726203,0.9736526946107784,0.9666183138864961,0.9792365912359073,0.8320610687022901,21.773923444976077,,,,,,,,,,,,,0.707544602946321
avi_splice_sites,False,s3_10,in_scope,pp3,strong,in_sample,not reached,,False,,,,,,,,,,3290.0,3075.0,570.0,2505.0,0.18536585365853658,,,,,,,,,,,,,,,,,,,,,,,,,,,,
avi_splice_sites,False,s3_10,in_scope,pp3,strong,logo,ok,,False,,0.8669338226318359,0.8669338226318359,7.0,,1.0,1.0,Strong,Moderate,768.0,737.0,146.0,591.0,0.19810040705563092,20.0,0.026041666666666668,0.027137042062415198,15.0,5.0,131.0,586.0,0.10273972602739725,0.06325495379785748,0.1625934801872259,0.9915397631133672,0.9803498101694088,0.9963810336286418,0.75,12.143835616438356,,,,,,,,,,,,,0.5743440233236152
avi_splice_sites,False,s3_10,in_scope,pp3,very_strong,in_sample,not reached,,False,,,,,,,,,,3290.0,3075.0,570.0,2505.0,0.18536585365853658,,,,,,,,,,,,,,,,,,,,,,,,,,,,
avi_splice_sites,False,s3_10,in_scope,pp3,very_strong,logo,not reached,,False,,,,7.0,,0.0,0.0,,,,,,,,,,,,,,,,,,,,,,,,,,,,,,,,,,,
avi_splice_sites,False,s3_10,in_scope,bp4,bp4_supporting,in_sample,ok,,True,0.01519775390625,,,,,,,Supporting,Moderate,3290.0,3075.0,570.0,2505.0,0.18536585365853658,1007.0,0.3060790273556231,0.3102439024390244,,,,,,,,,,,,,932.0,22.0,1573.0,548.0,0.3720558882235529,0.3533370962550536,0.3911664881598388,0.9614035087719298,0.9422541058258589,0.9743753776572386,0.9769392033542977,0.10373842331149763,0.011395145432326979
avi_splice_sites,False,s3_10,in_scope,bp4,bp4_supporting,logo,no held-out threshold,no held-out threshold: E3 writes per-fold thresholds for the PP3 side only,True,,,,,,,,,,,,,,,,,,,,,,,,,,,,,,,,,,,,,,,,,,
avi_splice_sites,False,s3_10,in_scope,bp4,bp4_moderate,in_sample,not reached,,False,,,,,,,,,,3290.0,3075.0,570.0,2505.0,0.18536585365853658,,,,,,,,,,,,,,,,,,,,,,,,,,,,
avi_splice_sites,False,s3_10,in_scope,bp4,bp4_moderate,logo,no held-out threshold,no held-out threshold: E3 writes per-fold thresholds for the PP3 side only,False,,,,,,,,,,,,,,,,,,,,,,,,,,,,,,,,,,,,,,,,,,
avi_splice_sites,False,s11_50,in_scope,pp3,supporting,in_sample,ok,,True,0.2694845199584961,,,,,,,Supporting,Moderate,4707.0,4537.0,225.0,4312.0,0.049592241569318934,161.0,0.03420437646059061,0.03350231430460657,68.0,84.0,157.0,4228.0,0.3022222222222222,0.24595165389844442,0.3651328040548898,0.9805194805194806,0.9759463664325952,0.9842371897845857,0.4473684210526316,15.514074074074074,,,,,,,,,,,,,0.6328639632561794
avi_splice_sites,False,s11_50,in_scope,pp3,supporting,logo,ok,,True,,0.24609375,0.294921875,6.0,,6.0,4.0,Supporting,Moderate,4707.0,4537.0,225.0,4312.0,0.049592241569318934,162.0,0.03441682600382409,0.03394313422966718,68.0,86.0,157.0,4226.0,0.3022222222222222,0.24595165389844442,0.3651328040548898,0.9800556586270872,0.9754354406062998,0.9838212975064243,0.44155844155844154,15.15328165374677,,,,,,,,,,,,,0.6273798265171193
avi_splice_sites,False,s11_50,in_scope,pp3,moderate,in_sample,ok,,True,0.4608755111694336,,,,,,,Moderate,Strong,4707.0,4537.0,225.0,4312.0,0.049592241569318934,103.0,0.02188230295304865,0.02115935640290941,51.0,45.0,174.0,4267.0,0.22666666666666666,0.17681650614505576,0.2856934750713499,0.9895640074211502,0.9860652748231942,0.992191234430893,0.53125,21.719703703703704,,,,,,,,,,,,,0.7070284242710674
avi_splice_sites,False,s11_50,in_scope,pp3,moderate,logo,ok,,True,,0.4687434732913971,0.5078125,6.0,,6.0,3.0,Moderate,Strong,4707.0,4537.0,225.0,4312.0,0.049592241569318934,98.0,0.02082005523688124,0.020277716552788184,50.0,42.0,175.0,4270.0,0.2222222222222222,0.172819247810579,0.2809510583036544,0.9902597402597403,0.9868610010008326,0.9927857354099398,0.5434782608695652,22.814814814814813,,,,,,,,,,,,,0.7171129220023282
avi_splice_sites,False,s11_50,in_scope,pp3,strong,in_sample,not reached,,False,,,,,,,,,,4707.0,4537.0,225.0,4312.0,0.049592241569318934,,,,,,,,,,,,,,,,,,,,,,,,,,,,
avi_splice_sites,False,s11_50,in_scope,pp3,strong,logo,not reached,,False,,,,6.0,,0.0,0.0,,,,,,,,,,,,,,,,,,,,,,,,,,,,,,,,,,,
avi_splice_sites,False,s11_50,in_scope,pp3,very_strong,in_sample,not reached,,False,,,,,,,,,,4707.0,4537.0,225.0,4312.0,0.049592241569318934,,,,,,,,,,,,,,,,,,,,,,,,,,,,
avi_splice_sites,False,s11_50,in_scope,pp3,very_strong,logo,not reached,,False,,,,6.0,,0.0,0.0,,,,,,,,,,,,,,,,,,,,,,,,,,,,,,,,,,,
avi_splice_sites,False,s11_50,in_scope,bp4,bp4_supporting,in_sample,ok,,True,0.00537109375,,,,,,,Supporting,Supporting,4707.0,4537.0,225.0,4312.0,0.049592241569318934,69.0,0.014659018483110261,0.013445007714348688,,,,,,,,,,,,,60.0,1.0,4252.0,224.0,0.013914656771799629,0.010825941271614608,0.017868685257723626,0.9955555555555555,0.9752587587701537,0.9992150151220537,0.9836065573770492,0.3194074074074074,0.03427336025180428
avi_splice_sites,False,s11_50,in_scope,bp4,bp4_supporting,logo,no held-out threshold,no held-out threshold: E3 writes per-fold thresholds for the PP3 side only,True,,,,,,,,,,,,,,,,,,,,,,,,,,,,,,,,,,,,,,,,,,
avi_splice_sites,False,s11_50,in_scope,bp4,bp4_moderate,in_sample,not reached,,False,,,,,,,,,,4707.0,4537.0,225.0,4312.0,0.049592241569318934,,,,,,,,,,,,,,,,,,,,,,,,,,,,
avi_splice_sites,False,s11_50,in_scope,bp4,bp4_moderate,logo,no held-out threshold,no held-out threshold: E3 writes per-fold thresholds for the PP3 side only,False,,,,,,,,,,,,,,,,,,,,,,,,,,,,,,,,,,,,,,,,,,
avi_splice_sites,False,s3_50,in_scope,pp3,supporting,in_sample,ok,,True,0.296875,,,,,,,Supporting,Moderate,7997.0,7612.0,795.0,6817.0,0.10444035733053074,674.0,0.08428160560210078,0.08394640042038885,438.0,201.0,357.0,6616.0,0.5509433962264151,0.5162052763005323,0.5851915642184586,0.9705148892474695,0.9662266603820282,0.9742731355345207,0.6854460093896714,18.685478269032195,,,,,,,,,,,,,0.6749198293580856
avi_splice_sites,False,s3_50,in_scope,pp3,supporting,logo,ok,,True,,0.2890625,0.32421875,7.0,,7.0,7.0,Supporting,Strong,7997.0,7612.0,795.0,6817.0,0.10444035733053074,644.0,0.08053019882455921,0.0802679978980557,423.0,188.0,372.0,6629.0,0.5320754716981132,0.49731959158622624,0.5665228635553606,0.9724218864603198,0.9682604023748517,0.9760512399475946,0.6923076923076923,19.293396226415094,,,,,,,,,,,,,0.6819045713714115
avi_splice_sites,False,s3_50,in_scope,pp3,moderate,in_sample,ok,,True,0.42951393127441406,,,,,,,Moderate,Strong,7997.0,7612.0,795.0,6817.0,0.10444035733053074,527.0,0.06589971239214705,0.06581713084603258,383.0,118.0,412.0,6699.0,0.4817610062893082,0.4471989681109855,0.5164984593575239,0.9826903329910518,0.97931141842341,0.9855255507000209,0.7644710578842315,27.831904914188254,,,,,,,,,,,,,0.7556466324245681
avi_splice_sites,False,s3_50,in_scope,pp3,moderate,logo,ok,,True,,0.390625,0.4608755111694336,7.0,,7.0,7.0,Moderate,Strong,7997.0,7612.0,795.0,6817.0,0.10444035733053074,527.0,0.06589971239214705,0.06581713084603258,382.0,119.0,413.0,6698.0,0.48050314465408805,0.445950433345566,0.5152433684311164,0.9825436408977556,0.9791520098650933,0.9853917403040376,0.7624750499001997,27.52596585804133,,,,,,,,,,,,,0.7535999449000576
avi_splice_sites,False,s3_50,in_scope,pp3,strong,in_sample,ok,,True,0.8475713729858398,,,,,,,Strong,Strong,7997.0,7612.0,795.0,6817.0,0.10444035733053074,229.0,0.02863573840190071,0.028770362585391486,192.0,27.0,603.0,6790.0,0.24150943396226415,0.21304671253659346,0.272458207792971,0.9960393134810034,0.9942434224225779,0.9972764715421331,0.8767123287671232,60.976659678546476,,,,,,,,,,,,,0.8713856871513513
avi_splice_sites,False,s3_50,in_scope,pp3,strong,logo,ok,,True,,0.7264270782470703,0.9648106098175049,7.0,,7.0,6.0,Strong,Strong,7997.0,7612.0,795.0,6817.0,0.10444035733053074,222.0,0.027760410153807678,0.027982133473462952,182.0,31.0,613.0,6786.0,0.2289308176100629,0.2010700809254264,0.25939858248586867,0.9954525451078187,0.9935526095846302,0.9967944085628816,0.8544600938967136,50.34262527896125,,,,,,,,,,,,,0.8483383578381933
avi_splice_sites,False,s3_50,in_scope,pp3,very_strong,in_sample,not reached,,False,,,,,,,,,,7997.0,7612.0,795.0,6817.0,0.10444035733053074,,,,,,,,,,,,,,,,,,,,,,,,,,,,
avi_splice_sites,False,s3_50,in_scope,pp3,very_strong,logo,not reached,,False,,,,7.0,,0.0,0.0,,,,,,,,,,,,,,,,,,,,,,,,,,,,,,,,,,,
avi_splice_sites,False,s3_50,in_scope,bp4,bp4_supporting,in_sample,not reached,,False,,,,,,,,,,7997.0,7612.0,795.0,6817.0,0.10444035733053074,,,,,,,,,,,,,,,,,,,,,,,,,,,,
avi_splice_sites,False,s3_50,in_scope,bp4,bp4_supporting,logo,no held-out threshold,no held-out threshold: E3 writes per-fold thresholds for the PP3 side only,False,,,,,,,,,,,,,,,,,,,,,,,,,,,,,,,,,,,,,,,,,,
avi_splice_sites,False,s3_50,in_scope,bp4,bp4_moderate,in_sample,not reached,,False,,,,,,,,,,7997.0,7612.0,795.0,6817.0,0.10444035733053074,,,,,,,,,,,,,,,,,,,,,,,,,,,,
avi_splice_sites,False,s3_50,in_scope,bp4,bp4_moderate,logo,no held-out threshold,no held-out threshold: E3 writes per-fold thresholds for the PP3 side only,False,,,,,,,,,,,,,,,,,,,,,,,,,,,,,,,,,,,,,,,,,,
avi_splice_sites,False,pm12,out_of_scope_incl_pm12,pp3,supporting,in_sample,not reached,,False,,,,,,,,,,856.0,841.0,804.0,37.0,0.9560047562425684,,,,,,,,,,,,,,,,,,,,,,,,,,,,
avi_splice_sites,False,pm12,out_of_scope_incl_pm12,pp3,supporting,logo,not reached,,False,,,,7.0,,0.0,0.0,,,,,,,,,,,,,,,,,,,,,,,,,,,,,,,,,,,
avi_splice_sites,False,pm12,out_of_scope_incl_pm12,pp3,moderate,in_sample,not reached,,False,,,,,,,,,,856.0,841.0,804.0,37.0,0.9560047562425684,,,,,,,,,,,,,,,,,,,,,,,,,,,,
avi_splice_sites,False,pm12,out_of_scope_incl_pm12,pp3,moderate,logo,not reached,,False,,,,7.0,,0.0,0.0,,,,,,,,,,,,,,,,,,,,,,,,,,,,,,,,,,,
avi_splice_sites,False,pm12,out_of_scope_incl_pm12,pp3,strong,in_sample,not reached,,False,,,,,,,,,,856.0,841.0,804.0,37.0,0.9560047562425684,,,,,,,,,,,,,,,,,,,,,,,,,,,,
avi_splice_sites,False,pm12,out_of_scope_incl_pm12,pp3,strong,logo,not reached,,False,,,,7.0,,0.0,0.0,,,,,,,,,,,,,,,,,,,,,,,,,,,,,,,,,,,
avi_splice_sites,False,pm12,out_of_scope_incl_pm12,pp3,very_strong,in_sample,not reached,,False,,,,,,,,,,856.0,841.0,804.0,37.0,0.9560047562425684,,,,,,,,,,,,,,,,,,,,,,,,,,,,
avi_splice_sites,False,pm12,out_of_scope_incl_pm12,pp3,very_strong,logo,not reached,,False,,,,7.0,,0.0,0.0,,,,,,,,,,,,,,,,,,,,,,,,,,,,,,,,,,,
avi_splice_sites,False,pm12,out_of_scope_incl_pm12,bp4,bp4_supporting,in_sample,ok,,True,0.4296875,,,,,,,Supporting,not evaluable,856.0,841.0,804.0,37.0,0.9560047562425684,8.0,0.009345794392523364,0.009512485136741973,,,,,,,,,,,,,8.0,0.0,29.0,804.0,0.21621621621621623,0.11386511993385592,0.3719514839196916,1.0,0.9952447862402334,1.0,1.0,,
avi_splice_sites,False,pm12,out_of_scope_incl_pm12,bp4,bp4_supporting,logo,no held-out threshold,no held-out threshold: E3 writes per-fold thresholds for the PP3 side only,True,,,,,,,,,,,,,,,,,,,,,,,,,,,,,,,,,,,,,,,,,,
avi_splice_sites,False,pm12,out_of_scope_incl_pm12,bp4,bp4_moderate,in_sample,not reached,,False,,,,,,,,,,856.0,841.0,804.0,37.0,0.9560047562425684,,,,,,,,,,,,,,,,,,,,,,,,,,,,
avi_splice_sites,False,pm12,out_of_scope_incl_pm12,bp4,bp4_moderate,logo,no held-out threshold,no held-out threshold: E3 writes per-fold thresholds for the PP3 side only,False,,,,,,,,,,,,,,,,,,,,,,,,,,,,,,,,,,,,,,,,,,
avi_splice_site_usage,False,s3_10,in_scope,pp3,supporting,in_sample,ok,,True,0.5390625,,,,,,,Supporting,Strong,3290.0,3075.0,570.0,2505.0,0.18536585365853658,478.0,0.1452887537993921,0.1469918699186992,369.0,83.0,201.0,2422.0,0.6473684210526316,0.6072773950455596,0.6854863943558861,0.9668662674650699,0.9591112921213866,0.9731915410355042,0.8163716814159292,19.538046924540264,,,,,,,,,,,,,0.6846315368463153
avi_splice_site_usage,False,s3_10,in_scope,pp3,supporting,logo,ok,,True,,0.44921875,0.5888671875,7.0,,7.0,7.0,Supporting,Moderate,3290.0,3075.0,570.0,2505.0,0.18536585365853658,476.0,0.14468085106382977,0.14666666666666667,365.0,86.0,205.0,2419.0,0.6403508771929824,0.6001355376668754,0.6786871189059299,0.9656686626746507,0.957795285500786,0.9721160055445438,0.8093126385809313,18.652080783353735,,,,,,,,,,,,,0.6745272057277547
avi_splice_site_usage,False,s3_10,in_scope,pp3,moderate,in_sample,ok,,True,0.6787109375,,,,,,,Moderate,Strong,3290.0,3075.0,570.0,2505.0,0.18536585365853658,413.0,0.125531914893617,0.12878048780487805,338.0,58.0,232.0,2447.0,0.5929824561403508,0.5521594838678814,0.6325605261116021,0.9768463073852296,0.9701862136269631,0.98204613712627,0.8535353535353535,25.61070780399274,,,,,,,,,,,,,0.739964867203272
avi_splice_site_usage,False,s3_10,in_scope,pp3,moderate,logo,ok,,True,,0.548828125,0.677734375,7.0,,7.0,6.0,Moderate,Strong,3290.0,3075.0,570.0,2505.0,0.18536585365853658,426.0,0.12948328267477205,0.13235772357723577,340.0,67.0,230.0,2438.0,0.5964912280701754,0.5556997878695489,0.6359907885242546,0.973253493013972,0.9661740895030406,0.9788836349155092,0.8353808353808354,22.30164964650432,,,,,,,,,,,,,0.7124752177077321
avi_splice_site_usage,False,s3_10,in_scope,pp3,strong,in_sample,ok,,True,0.9189453125,,,,,,,Strong,Strong,3290.0,3075.0,570.0,2505.0,0.18536585365853658,180.0,0.0547112462006079,0.056910569105691054,165.0,10.0,405.0,2495.0,0.2894736842105263,0.25375002994310986,0.3280159851976821,0.9960079840319361,0.9926668761288322,0.9978301484093781,0.9428571428571428,72.51315789473685,,,,,,,,,,,,,0.889588377723971
avi_splice_site_usage,False,s3_10,in_scope,pp3,strong,logo,ok,,True,,0.908203125,0.923828125,7.0,,7.0,5.0,Strong,Strong,3290.0,3075.0,570.0,2505.0,0.18536585365853658,173.0,0.052583586626139815,0.05495934959349594,158.0,11.0,412.0,2494.0,0.2771929824561403,0.2420311134232241,0.3153379192674473,0.9956087824351297,0.9921536211626439,0.9975462226717126,0.9349112426035503,63.124401913875595,,,,,,,,,,,,,0.8752156030250763
avi_splice_site_usage,False,s3_10,in_scope,pp3,very_strong,in_sample,not reached,,False,,,,,,,,,,3290.0,3075.0,570.0,2505.0,0.18536585365853658,,,,,,,,,,,,,,,,,,,,,,,,,,,,
avi_splice_site_usage,False,s3_10,in_scope,pp3,very_strong,logo,not reached,,False,,,,7.0,,0.0,0.0,,,,,,,,,,,,,,,,,,,,,,,,,,,,,,,,,,,
avi_splice_site_usage,False,s3_10,in_scope,bp4,bp4_supporting,in_sample,ok,,True,0.017578125,,,,,,,Supporting,Moderate,3290.0,3075.0,570.0,2505.0,0.18536585365853658,997.0,0.30303951367781157,0.30308943089430895,,,,,,,,,,,,,905.0,27.0,1600.0,543.0,0.36127744510978044,0.34269167464331823,0.38028803076752443,0.9526315789473684,0.9319590137786745,0.9672440536686225,0.971030042918455,0.13111369584181448,0.014359003754549885
avi_splice_site_usage,False,s3_10,in_scope,bp4,bp4_supporting,logo,no held-out threshold,no held-out threshold: E3 writes per-fold thresholds for the PP3 side only,True,,,,,,,,,,,,,,,,,,,,,,,,,,,,,,,,,,,,,,,,,,
avi_splice_site_usage,False,s3_10,in_scope,bp4,bp4_moderate,in_sample,ok,,True,0.013671875,,,,,,,Moderate,Moderate,3290.0,3075.0,570.0,2505.0,0.18536585365853658,448.0,0.13617021276595745,0.13626016260162602,,,,,,,,,,,,,408.0,11.0,2097.0,559.0,0.162874251497006,0.14893238775635276,0.17784850783920586,0.980701754385965,0.9657769591665976,0.9891906395952607,0.9737470167064439,0.11848555211558308,0.012993994610003327
avi_splice_site_usage,False,s3_10,in_scope,bp4,bp4_moderate,logo,no held-out threshold,no held-out threshold: E3 writes per-fold thresholds for the PP3 side only,True,,,,,,,,,,,,,,,,,,,,,,,,,,,,,,,,,,,,,,,,,,
avi_splice_site_usage,False,s11_50,in_scope,pp3,supporting,in_sample,ok,,True,0.1328125,,,,,,,Supporting,Moderate,4707.0,4537.0,225.0,4312.0,0.049592241569318934,230.0,0.04886339494370087,0.04782896186907648,96.0,121.0,129.0,4191.0,0.4266666666666667,0.3638049444281039,0.49199041638605373,0.9719387755102041,0.9665737734294502,0.9764636478552811,0.4423963133640553,15.204848484848485,,,,,,,,,,,,,0.6281736691872402
avi_splice_site_usage,False,s11_50,in_scope,pp3,supporting,logo,ok,,True,,0.11328125,0.19140625,6.0,,6.0,5.0,Supporting,Moderate,4707.0,4537.0,225.0,4312.0,0.049592241569318934,210.0,0.04461440407903123,0.04364117258100066,84.0,114.0,141.0,4198.0,0.37333333333333335,0.31275533964560015,0.4381639199424903,0.9735621521335807,0.9683357045098734,0.9779455801404563,0.42424242424242425,14.121169590643277,,,,,,,,,,,,,0.6107463350970731
avi_splice_site_usage,False,s11_50,in_scope,pp3,moderate,in_sample,ok,,True,0.25390625,,,,,,,Moderate,Strong,4707.0,4537.0,225.0,4312.0,0.049592241569318934,143.0,0.03038028468238793,0.029534934979061053,74.0,60.0,151.0,4252.0,0.3288888888888889,0.2708236255122145,0.39269888305415335,0.9860853432282004,0.9821313147422764,0.9891740587283854,0.5522388059701493,23.63614814814815,,,,,,,,,,,,,0.7242321624737851
avi_splice_site_usage,False,s11_50,in_scope,pp3,moderate,logo,ok,,True,,0.2109375,0.28125,6.0,,6.0,4.0,Moderate,Strong,4707.0,4537.0,225.0,4312.0,0.049592241569318934,149.0,0.031654981941788826,0.030636984791712587,75.0,64.0,150.0,4248.0,0.3333333333333333,0.2749904987675916,0.3972716849009485,0.9851576994434137,0.9810925116157715,0.9883592256459767,0.539568345323741,22.458333333333332,,,,,,,,,,,,,0.7139072847682119
avi_splice_site_usage,False,s11_50,in_scope,pp3,strong,in_sample,ok,,True,0.6875,,,,,,,Strong,Strong,4707.0,4537.0,225.0,4312.0,0.049592241569318934,53.0,0.011259825791374549,0.01102049812651532,41.0,9.0,184.0,4303.0,0.18222222222222223,0.13725808643991305,0.23785514375477002,0.99791280148423,0.9960377254031175,0.998901509731191,0.82,87.3046913580247,,,,,,,,,,,,,0.9065466087571854
avi_splice_site_usage,False,s11_50,in_scope,pp3,strong,logo,ok,,True,,0.6416015625,0.6494140625,6.0,,2.0,0.0,Strong,not evaluable,901.0,809.0,18.0,791.0,0.022249690976514216,10.0,0.011098779134295227,0.00865265760197775,4.0,3.0,14.0,788.0,0.2222222222222222,0.09000928108601694,0.45214584316212625,0.9962073324905183,0.9889090069255616,0.9987093304026194,0.5714285714285714,,,,,,,,,,,,,,
avi_splice_site_usage,False,s11_50,in_scope,pp3,very_strong,in_sample,not reached,,False,,,,,,,,,,4707.0,4537.0,225.0,4312.0,0.049592241569318934,,,,,,,,,,,,,,,,,,,,,,,,,,,,
avi_splice_site_usage,False,s11_50,in_scope,pp3,very_strong,logo,not reached,,False,,,,6.0,,0.0,0.0,,,,,,,,,,,,,,,,,,,,,,,,,,,,,,,,,,,
avi_splice_site_usage,False,s11_50,in_scope,bp4,bp4_supporting,in_sample,ok,,True,0.00968170166015625,,,,,,,Supporting,Supporting,4707.0,4537.0,225.0,4312.0,0.049592241569318934,1528.0,0.32462290206076055,0.3290720740577474,,,,,,,,,,,,,1461.0,32.0,2851.0,193.0,0.33882189239332094,0.3248437927001828,0.35308691600110054,0.8577777777777778,0.8061216586857428,0.8974221870391245,0.9785666443402545,0.41975511445737324,0.04456114934592473
avi_splice_site_usage,False,s11_50,in_scope,bp4,bp4_supporting,logo,no held-out threshold,no held-out threshold: E3 writes per-fold thresholds for the PP3 side only,True,,,,,,,,,,,,,,,,,,,,,,,,,,,,,,,,,,,,,,,,,,
avi_splice_site_usage,False,s11_50,in_scope,bp4,bp4_moderate,in_sample,not reached,,False,,,,,,,,,,4707.0,4537.0,225.0,4312.0,0.049592241569318934,,,,,,,,,,,,,,,,,,,,,,,,,,,,
avi_splice_site_usage,False,s11_50,in_scope,bp4,bp4_moderate,logo,no held-out threshold,no held-out threshold: E3 writes per-fold thresholds for the PP3 side only,False,,,,,,,,,,,,,,,,,,,,,,,,,,,,,,,,,,,,,,,,,,
avi_splice_site_usage,False,s3_50,in_scope,pp3,supporting,in_sample,ok,,True,0.435546875,,,,,,,Supporting,Strong,7997.0,7612.0,795.0,6817.0,0.10444035733053074,612.0,0.07652869826184819,0.07593273778244876,445.0,133.0,350.0,6684.0,0.559748427672956,0.525035644931376,0.5938865754304035,0.9804899515916092,0.9769258941506269,0.9835127906583072,0.7698961937716263,28.69026339433489,,,,,,,,,,,,,0.7612115387510726
avi_splice_site_usage,False,s3_50,in_scope,pp3,supporting,logo,ok,,True,,0.369140625,0.421875,7.0,,7.0,7.0,Supporting,Strong,7997.0,7612.0,795.0,6817.0,0.10444035733053074,646.0,0.08078029260972865,0.0800052548607462,453.0,156.0,342.0,6661.0,0.569811320754717,0.5351408875369074,0.6038103383594876,0.9771160334457972,0.9732884774151965,0.9804061714448425,0.7438423645320197,24.90002418964683,,,,,,,,,,,,,0.7345134637765649
avi_splice_site_usage,False,s3_50,in_scope,pp3,moderate,in_sample,ok,,True,0.484375,,,,,,,Moderate,Strong,7997.0,7612.0,795.0,6817.0,0.10444035733053074,578.0,0.07227710391396774,0.07186022070415134,430.0,117.0,365.0,6700.0,0.5408805031446541,0.5061267329970203,0.5752411019873551,0.982837025084348,0.9794708838386178,0.985659304239113,0.7861060329067642,31.514379401171855,,,,,,,,,,,,,0.7778566490953165
avi_splice_site_usage,False,s3_50,in_scope,pp3,moderate,logo,ok,,True,,0.484375,0.52734375,7.0,,7.0,7.0,Moderate,Strong,7997.0,7612.0,795.0,6817.0,0.10444035733053074,564.0,0.07052644741778166,0.07002101944298476,423.0,110.0,372.0,6707.0,0.5320754716981132,0.49731959158622624,0.5665228635553606,0.9838638697374211,0.9805887954915992,0.98659392526623,0.7936210131332082,32.97416809605489,,,,,,,,,,,,,0.785582409175945
avi_splice_site_usage,False,s3_50,in_scope,pp3,strong,in_sample,ok,,True,0.9124755859375,,,,,,,Strong,Strong,7997.0,7612.0,795.0,6817.0,0.10444035733053074,231.0,0.02888583218707015,0.02955859169732002,211.0,14.0,584.0,6803.0,0.26540880503144654,0.2358966147181119,0.2971771937561643,0.9979463106938536,0.9965555109748602,0.9987762293957482,0.9377777777777778,129.2351302785265,,,,,,,,,,,,,0.9348935398558519
avi_splice_site_usage,False,s3_50,in_scope,pp3,strong,logo,ok,,True,,0.7763671875,0.9175758361816406,7.0,,7.0,5.0,Strong,Strong,7997.0,7612.0,795.0,6817.0,0.10444035733053074,245.0,0.030636488683256222,0.03152916447714135,216.0,24.0,579.0,6793.0,0.27169811320754716,0.24192916212433607,0.30366277480907483,0.9964793897608919,0.9947666002424397,0.9976329505851708,0.9,77.17358490566038,,,,,,,,,,,,,0.8955596426694694
avi_splice_site_usage,False,s3_50,in_scope,pp3,very_strong,in_sample,not reached,,False,,,,,,,,,,7997.0,7612.0,795.0,6817.0,0.10444035733053074,,,,,,,,,,,,,,,,,,,,,,,,,,,,
avi_splice_site_usage,False,s3_50,in_scope,pp3,very_strong,logo,not reached,,False,,,,7.0,,0.0,0.0,,,,,,,,,,,,,,,,,,,,,,,,,,,,,,,,,,,
avi_splice_site_usage,False,s3_50,in_scope,bp4,bp4_supporting,in_sample,ok,,True,0.009765625,,,,,,,Supporting,Moderate,7997.0,7612.0,795.0,6817.0,0.10444035733053074,1820.0,0.22758534450418907,0.23213347346295324,,,,,,,,,,,,,1728.0,39.0,5089.0,756.0,0.25348393721578405,0.24329841256445509,0.26394713473476206,0.9509433962264151,0.9336410839752397,0.9639087265447174,0.9779286926994907,0.19352943745632428,0.021050613779278898
avi_splice_site_usage,False,s3_50,in_scope,bp4,bp4_supporting,logo,no held-out threshold,no held-out threshold: E3 writes per-fold thresholds for the PP3 side only,True,,,,,,,,,,,,,,,,,,,,,,,,,,,,,,,,,,,,,,,,,,
avi_splice_site_usage,False,s3_50,in_scope,bp4,bp4_moderate,in_sample,not reached,,False,,,,,,,,,,7997.0,7612.0,795.0,6817.0,0.10444035733053074,,,,,,,,,,,,,,,,,,,,,,,,,,,,
avi_splice_site_usage,False,s3_50,in_scope,bp4,bp4_moderate,logo,no held-out threshold,no held-out threshold: E3 writes per-fold thresholds for the PP3 side only,False,,,,,,,,,,,,,,,,,,,,,,,,,,,,,,,,,,,,,,,,,,
avi_splice_site_usage,False,pm12,out_of_scope_incl_pm12,pp3,supporting,in_sample,not reached,,False,,,,,,,,,,856.0,841.0,804.0,37.0,0.9560047562425684,,,,,,,,,,,,,,,,,,,,,,,,,,,,
avi_splice_site_usage,False,pm12,out_of_scope_incl_pm12,pp3,supporting,logo,not reached,,False,,,,7.0,,0.0,0.0,,,,,,,,,,,,,,,,,,,,,,,,,,,,,,,,,,,
avi_splice_site_usage,False,pm12,out_of_scope_incl_pm12,pp3,moderate,in_sample,not reached,,False,,,,,,,,,,856.0,841.0,804.0,37.0,0.9560047562425684,,,,,,,,,,,,,,,,,,,,,,,,,,,,
avi_splice_site_usage,False,pm12,out_of_scope_incl_pm12,pp3,moderate,logo,not reached,,False,,,,7.0,,0.0,0.0,,,,,,,,,,,,,,,,,,,,,,,,,,,,,,,,,,,
avi_splice_site_usage,False,pm12,out_of_scope_incl_pm12,pp3,strong,in_sample,not reached,,False,,,,,,,,,,856.0,841.0,804.0,37.0,0.9560047562425684,,,,,,,,,,,,,,,,,,,,,,,,,,,,
avi_splice_site_usage,False,pm12,out_of_scope_incl_pm12,pp3,strong,logo,not reached,,False,,,,7.0,,0.0,0.0,,,,,,,,,,,,,,,,,,,,,,,,,,,,,,,,,,,
avi_splice_site_usage,False,pm12,out_of_scope_incl_pm12,pp3,very_strong,in_sample,not reached,,False,,,,,,,,,,856.0,841.0,804.0,37.0,0.9560047562425684,,,,,,,,,,,,,,,,,,,,,,,,,,,,
avi_splice_site_usage,False,pm12,out_of_scope_incl_pm12,pp3,very_strong,logo,not reached,,False,,,,7.0,,0.0,0.0,,,,,,,,,,,,,,,,,,,,,,,,,,,,,,,,,,,
avi_splice_site_usage,False,pm12,out_of_scope_incl_pm12,bp4,bp4_supporting,in_sample,ok,,True,0.4609375,,,,,,,Supporting,not evaluable,856.0,841.0,804.0,37.0,0.9560047562425684,6.0,0.007009345794392523,0.007134363852556481,,,,,,,,,,,,,5.0,1.0,32.0,803.0,0.13513513513513514,0.059132944257320186,0.2797741178400979,0.9987562189054726,0.9929886445960295,0.9997804083450986,0.8333333333333334,,
avi_splice_site_usage,False,pm12,out_of_scope_incl_pm12,bp4,bp4_supporting,logo,no held-out threshold,no held-out threshold: E3 writes per-fold thresholds for the PP3 side only,True,,,,,,,,,,,,,,,,,,,,,,,,,,,,,,,,,,,,,,,,,,
avi_splice_site_usage,False,pm12,out_of_scope_incl_pm12,bp4,bp4_moderate,in_sample,not reached,,False,,,,,,,,,,856.0,841.0,804.0,37.0,0.9560047562425684,,,,,,,,,,,,,,,,,,,,,,,,,,,,
avi_splice_site_usage,False,pm12,out_of_scope_incl_pm12,bp4,bp4_moderate,logo,no held-out threshold,no held-out threshold: E3 writes per-fold thresholds for the PP3 side only,False,,,,,,,,,,,,,,,,,,,,,,,,,,,,,,,,,,,,,,,,,,
avi_splice_junctions,False,s3_10,in_scope,pp3,supporting,in_sample,ok,,True,3.46484375,,,,,,,Supporting,Moderate,3290.0,3075.0,570.0,2505.0,0.18536585365853658,536.0,0.16291793313069908,0.16455284552845528,373.0,133.0,197.0,2372.0,0.6543859649122807,0.614428417915921,0.692276504314165,0.9469061876247505,0.9374214712516323,0.955022326712574,0.7371541501976284,12.325089038385437,,,,,,,,,,,,,0.5779619028178553
avi_splice_junctions,False,s3_10,in_scope,pp3,supporting,logo,ok,,True,,3.19140625,3.583984375,7.0,,7.0,6.0,Supporting,Moderate,3290.0,3075.0,570.0,2505.0,0.18536585365853658,540.0,0.1641337386018237,0.16585365853658537,369.0,141.0,201.0,2364.0,0.6473684210526316,0.6072773950455596,0.6854863943558861,0.9437125748502994,0.9339890648709572,0.9520772874624195,0.7235294117647059,11.501119820828666,,,,,,,,,,,,,0.5609995903318312
avi_splice_junctions,False,s3_10,in_scope,pp3,moderate,in_sample,ok,,True,5.41796875,,,,,,,Moderate,Strong,3290.0,3075.0,570.0,2505.0,0.18536585365853658,283.0,0.08601823708206686,0.08845528455284553,232.0,40.0,338.0,2465.0,0.4070175438596491,0.3674394738883978,0.4478405161321185,0.9840319361277445,0.9783300901178086,0.988251513304791,0.8529411764705882,25.489473684210527,,,,,,,,,,,,,0.7390508164199604
avi_splice_junctions,False,s3_10,in_scope,pp3,moderate,logo,ok,,True,,3.65625,6.0078125,7.0,,7.0,6.0,Moderate,Moderate,3290.0,3075.0,570.0,2505.0,0.18536585365853658,310.0,0.09422492401215805,0.0975609756097561,227.0,73.0,343.0,2432.0,0.39824561403508774,0.3588677911182721,0.438985782866444,0.9708582834331337,0.9635161166262735,0.9767585235691544,0.7566666666666667,13.665825522710888,,,,,,,,,,,,,0.6029264413518887
avi_splice_junctions,False,s3_10,in_scope,pp3,strong,in_sample,ok,,True,6.83984375,,,,,,,Strong,Strong,3290.0,3075.0,570.0,2505.0,0.18536585365853658,116.0,0.03525835866261398,0.03609756097560975,106.0,5.0,464.0,2500.0,0.18596491228070175,0.1561639623688214,0.21997034354952671,0.998003992015968,0.9953357953585033,0.9991471326989753,0.954954954954955,93.16842105263159,,,,,,,,,,,,,0.9119101586647435
avi_splice_junctions,False,s3_10,in_scope,pp3,strong,logo,ok,,True,,6.3359375,6.9453125,7.0,,7.0,5.0,Strong,Strong,3290.0,3075.0,570.0,2505.0,0.18536585365853658,125.0,0.037993920972644375,0.03934959349593496,112.0,9.0,458.0,2496.0,0.19649122807017544,0.16594942109207744,0.23109658406923106,0.9964071856287425,0.9931855654407316,0.9981086398013324,0.9256198347107438,54.69005847953216,,,,,,,,,,,,,0.8586906620145074
avi_splice_junctions,False,s3_10,in_scope,pp3,very_strong,in_sample,not reached,,False,,,,,,,,,,3290.0,3075.0,570.0,2505.0,0.18536585365853658,,,,,,,,,,,,,,,,,,,,,,,,,,,,
avi_splice_junctions,False,s3_10,in_scope,pp3,very_strong,logo,not reached,,False,,,,7.0,,0.0,0.0,,,,,,,,,,,,,,,,,,,,,,,,,,,,,,,,,,,
avi_splice_junctions,False,s3_10,in_scope,bp4,bp4_supporting,in_sample,ok,,True,0.38671875,,,,,,,Supporting,Moderate,3290.0,3075.0,570.0,2505.0,0.18536585365853658,1257.0,0.3820668693009118,0.38666666666666666,,,,,,,,,,,,,1160.0,29.0,1345.0,541.0,0.4630738522954092,0.44361866539297484,0.48264211950055896,0.9491228070175438,0.9278872138818092,0.9643452871511676,0.975609756097561,0.10986842105263157,0.012060374088250163
avi_splice_junctions,False,s3_10,in_scope,bp4,bp4_supporting,logo,no held-out threshold,no held-out threshold: E3 writes per-fold thresholds for the PP3 side only,True,,,,,,,,,,,,,,,,,,,,,,,,,,,,,,,,,,,,,,,,,,
avi_splice_junctions,False,s3_10,in_scope,bp4,bp4_moderate,in_sample,ok,,True,0.062286376953125,,,,,,,Moderate,Strong,3290.0,3075.0,570.0,2505.0,0.18536585365853658,120.0,0.0364741641337386,0.03804878048780488,,,,,,,,,,,,,116.0,1.0,2389.0,569.0,0.04630738522954092,0.038749575203893674,0.05525455486638736,0.9982456140350877,0.9901301901936886,0.9996902406397702,0.9914529914529915,0.03788566243194192,0.004191872285950953
avi_splice_junctions,False,s3_10,in_scope,bp4,bp4_moderate,logo,no held-out threshold,no held-out threshold: E3 writes per-fold thresholds for the PP3 side only,True,,,,,,,,,,,,,,,,,,,,,,,,,,,,,,,,,,,,,,,,,,
avi_splice_junctions,False,s11_50,in_scope,pp3,supporting,in_sample,ok,,True,3.302734375,,,,,,,Supporting,Moderate,4707.0,4537.0,225.0,4312.0,0.049592241569318934,102.0,0.021669853409815167,0.021600176327970025,48.0,50.0,177.0,4262.0,0.21333333333333335,0.1648508907150646,0.2714400651948244,0.988404452690167,0.984746331848536,0.9911931321444095,0.4897959183673469,18.39786666666667,,,,,,,,,,,,,0.6715072706390764
avi_splice_junctions,False,s11_50,in_scope,pp3,supporting,logo,ok,,True,,1.9765625,3.875,6.0,,6.0,2.0,Supporting,Moderate,4707.0,4537.0,225.0,4312.0,0.049592241569318934,222.0,0.04716379859783301,0.04760855190654618,68.0,148.0,157.0,4164.0,0.3022222222222222,0.24595165389844442,0.3651328040548898,0.9656771799628943,0.9598153581399265,0.9707100187346387,0.3148148148148148,8.805285285285285,,,,,,,,,,,,,0.4945321091014579
avi_splice_junctions,False,s11_50,in_scope,pp3,moderate,in_sample,ok,,True,4.44140625,,,,,,,Moderate,Strong,4707.0,4537.0,225.0,4312.0,0.049592241569318934,60.0,0.012746972594008922,0.012563367864227463,38.0,19.0,187.0,4293.0,0.1688888888888889,0.12558868225598258,0.22330552263218373,0.9955936920222634,0.9931279027743505,0.9971772418376743,0.6666666666666666,38.32888888888889,,,,,,,,,,,,,0.8098412996525497
avi_splice_junctions,False,s11_50,in_scope,pp3,moderate,logo,ok,,True,,2.88671875,4.44140625,6.0,,6.0,2.0,Moderate,Moderate,4707.0,4537.0,225.0,4312.0,0.049592241569318934,98.0,0.02082005523688124,0.020938946440379105,38.0,57.0,187.0,4255.0,0.1688888888888889,0.12558868225598258,0.22330552263218373,0.9867810760667903,0.9829129583302106,0.9897826422971362,0.4,12.776296296296296,,,,,,,,,,,,,0.5867065786788217
avi_splice_junctions,False,s11_50,in_scope,pp3,strong,in_sample,not reached,,False,,,,,,,,,,4707.0,4537.0,225.0,4312.0,0.049592241569318934,,,,,,,,,,,,,,,,,,,,,,,,,,,,
avi_splice_junctions,False,s11_50,in_scope,pp3,strong,logo,not reached,,False,,,,6.0,,0.0,0.0,,,,,,,,,,,,,,,,,,,,,,,,,,,,,,,,,,,
avi_splice_junctions,False,s11_50,in_scope,pp3,very_strong,in_sample,not reached,,False,,,,,,,,,,4707.0,4537.0,225.0,4312.0,0.049592241569318934,,,,,,,,,,,,,,,,,,,,,,,,,,,,
avi_splice_junctions,False,s11_50,in_scope,pp3,very_strong,logo,not reached,,False,,,,6.0,,0.0,0.0,,,,,,,,,,,,,,,,,,,,,,,,,,,,,,,,,,,
avi_splice_junctions,False,s11_50,in_scope,bp4,bp4_supporting,in_sample,not reached,,False,,,,,,,,,,4707.0,4537.0,225.0,4312.0,0.049592241569318934,,,,,,,,,,,,,,,,,,,,,,,,,,,,
avi_splice_junctions,False,s11_50,in_scope,bp4,bp4_supporting,logo,no held-out threshold,no held-out threshold: E3 writes per-fold thresholds for the PP3 side only,False,,,,,,,,,,,,,,,,,,,,,,,,,,,,,,,,,,,,,,,,,,
avi_splice_junctions,False,s11_50,in_scope,bp4,bp4_moderate,in_sample,not reached,,False,,,,,,,,,,4707.0,4537.0,225.0,4312.0,0.049592241569318934,,,,,,,,,,,,,,,,,,,,,,,,,,,,
avi_splice_junctions,False,s11_50,in_scope,bp4,bp4_moderate,logo,no held-out threshold,no held-out threshold: E3 writes per-fold thresholds for the PP3 side only,False,,,,,,,,,,,,,,,,,,,,,,,,,,,,,,,,,,,,,,,,,,
avi_splice_junctions,False,s3_50,in_scope,pp3,supporting,in_sample,ok,,True,3.19140625,,,,,,,Supporting,Moderate,7997.0,7612.0,795.0,6817.0,0.10444035733053074,690.0,0.0862823558834563,0.08578560168155544,436.0,217.0,359.0,6600.0,0.5484276729559748,0.5136843128466833,0.5827052762886538,0.9681678157547308,0.9637296346945934,0.9720786579531591,0.667687595712098,17.228716343506363,,,,,,,,,,,,,0.6568646409480807
avi_splice_junctions,False,s3_50,in_scope,pp3,supporting,logo,ok,,True,,3.125,3.232421875,7.0,,7.0,7.0,Supporting,Moderate,7997.0,7612.0,795.0,6817.0,0.10444035733053074,683.0,0.08540702763536326,0.08486600105097215,434.0,212.0,361.0,6605.0,0.5459119496855346,0.5111642353103206,0.5802181024413625,0.9689012762212117,0.9645092789622881,0.9727651084569634,0.6718266253869969,17.554159250029667,,,,,,,,,,,,,0.6610700449877756
avi_splice_junctions,False,s3_50,in_scope,pp3,moderate,in_sample,ok,,True,3.857421875,,,,,,,Moderate,Strong,7997.0,7612.0,795.0,6817.0,0.10444035733053074,559.0,0.06990121295485807,0.06936416184971098,392.0,136.0,403.0,6681.0,0.4930817610062893,0.4584456217502094,0.5277844369447424,0.9800498753117207,0.9764501393142315,0.9831088886318033,0.7424242424242424,24.715723270440254,,,,,,,,,,,,,0.7330622295179825
avi_splice_junctions,False,s3_50,in_scope,pp3,moderate,logo,ok,,True,,3.2890625,4.01171875,7.0,,7.0,7.0,Moderate,Strong,7997.0,7612.0,795.0,6817.0,0.10444035733053074,573.0,0.07165186945104414,0.07146610614818708,384.0,160.0,411.0,6657.0,0.4830188679245283,0.448447721694883,0.5177533314654533,0.9765292650726126,0.9726580597722656,0.9798637132705745,0.7058823529411765,20.579622641509435,,,,,,,,,,,,,0.695736483555737
avi_splice_junctions,False,s3_50,in_scope,pp3,strong,in_sample,ok,,True,6.08203125,,,,,,,Strong,Strong,7997.0,7612.0,795.0,6817.0,0.10444035733053074,231.0,0.02888583218707015,0.029164477141355755,197.0,25.0,598.0,6792.0,0.24779874213836478,0.2190481716943107,0.27897487709438845,0.9963326976675957,0.9945916710902843,0.9975146607830262,0.8873873873873874,67.56976100628931,,,,,,,,,,,,,0.8824601267952142
avi_splice_junctions,False,s3_50,in_scope,pp3,strong,logo,ok,,True,,5.59765625,6.32421875,7.0,,7.0,5.0,Strong,Strong,7997.0,7612.0,795.0,6817.0,0.10444035733053074,217.0,0.02713517569088408,0.027588018917498687,182.0,28.0,613.0,6789.0,0.2289308176100629,0.2010700809254264,0.25939858248586867,0.9958926213877072,0.9940700455105725,0.9971566294998385,0.8666666666666667,55.73647798742139,,,,,,,,,,,,,0.8609748277972623
avi_splice_junctions,False,s3_50,in_scope,pp3,very_strong,in_sample,not reached,,False,,,,,,,,,,7997.0,7612.0,795.0,6817.0,0.10444035733053074,,,,,,,,,,,,,,,,,,,,,,,,,,,,
avi_splice_junctions,False,s3_50,in_scope,pp3,very_strong,logo,not reached,,False,,,,7.0,,0.0,0.0,,,,,,,,,,,,,,,,,,,,,,,,,,,,,,,,,,,
avi_splice_junctions,False,s3_50,in_scope,bp4,bp4_supporting,in_sample,ok,,True,0.075927734375,,,,,,,Supporting,Moderate,7997.0,7612.0,795.0,6817.0,0.10444035733053074,790.0,0.09878704514192822,0.10036784025223332,,,,,,,,,,,,,757.0,7.0,6060.0,788.0,0.1110459146252017,0.10380551089184267,0.1187244317822867,0.9911949685534591,0.9819374107352539,0.995728421923165,0.9908376963350786,0.07929180894460922,0.008733259224744118
avi_splice_junctions,False,s3_50,in_scope,bp4,bp4_supporting,logo,no held-out threshold,no held-out threshold: E3 writes per-fold thresholds for the PP3 side only,True,,,,,,,,,,,,,,,,,,,,,,,,,,,,,,,,,,,,,,,,,,
avi_splice_junctions,False,s3_50,in_scope,bp4,bp4_moderate,in_sample,not reached,,False,,,,,,,,,,7997.0,7612.0,795.0,6817.0,0.10444035733053074,,,,,,,,,,,,,,,,,,,,,,,,,,,,
avi_splice_junctions,False,s3_50,in_scope,bp4,bp4_moderate,logo,no held-out threshold,no held-out threshold: E3 writes per-fold thresholds for the PP3 side only,False,,,,,,,,,,,,,,,,,,,,,,,,,,,,,,,,,,,,,,,,,,
avi_splice_junctions,False,pm12,out_of_scope_incl_pm12,pp3,supporting,in_sample,not reached,,False,,,,,,,,,,856.0,841.0,804.0,37.0,0.9560047562425684,,,,,,,,,,,,,,,,,,,,,,,,,,,,
avi_splice_junctions,False,pm12,out_of_scope_incl_pm12,pp3,supporting,logo,not reached,,False,,,,7.0,,0.0,0.0,,,,,,,,,,,,,,,,,,,,,,,,,,,,,,,,,,,
avi_splice_junctions,False,pm12,out_of_scope_incl_pm12,pp3,moderate,in_sample,not reached,,False,,,,,,,,,,856.0,841.0,804.0,37.0,0.9560047562425684,,,,,,,,,,,,,,,,,,,,,,,,,,,,
avi_splice_junctions,False,pm12,out_of_scope_incl_pm12,pp3,moderate,logo,not reached,,False,,,,7.0,,0.0,0.0,,,,,,,,,,,,,,,,,,,,,,,,,,,,,,,,,,,
avi_splice_junctions,False,pm12,out_of_scope_incl_pm12,pp3,strong,in_sample,not reached,,False,,,,,,,,,,856.0,841.0,804.0,37.0,0.9560047562425684,,,,,,,,,,,,,,,,,,,,,,,,,,,,
avi_splice_junctions,False,pm12,out_of_scope_incl_pm12,pp3,strong,logo,not reached,,False,,,,7.0,,0.0,0.0,,,,,,,,,,,,,,,,,,,,,,,,,,,,,,,,,,,
avi_splice_junctions,False,pm12,out_of_scope_incl_pm12,pp3,very_strong,in_sample,not reached,,False,,,,,,,,,,856.0,841.0,804.0,37.0,0.9560047562425684,,,,,,,,,,,,,,,,,,,,,,,,,,,,
avi_splice_junctions,False,pm12,out_of_scope_incl_pm12,pp3,very_strong,logo,not reached,,False,,,,7.0,,0.0,0.0,,,,,,,,,,,,,,,,,,,,,,,,,,,,,,,,,,,
avi_splice_junctions,False,pm12,out_of_scope_incl_pm12,bp4,bp4_supporting,in_sample,not reached,,False,,,,,,,,,,856.0,841.0,804.0,37.0,0.9560047562425684,,,,,,,,,,,,,,,,,,,,,,,,,,,,
avi_splice_junctions,False,pm12,out_of_scope_incl_pm12,bp4,bp4_supporting,logo,no held-out threshold,no held-out threshold: E3 writes per-fold thresholds for the PP3 side only,False,,,,,,,,,,,,,,,,,,,,,,,,,,,,,,,,,,,,,,,,,,
avi_splice_junctions,False,pm12,out_of_scope_incl_pm12,bp4,bp4_moderate,in_sample,not reached,,False,,,,,,,,,,856.0,841.0,804.0,37.0,0.9560047562425684,,,,,,,,,,,,,,,,,,,,,,,,,,,,
avi_splice_junctions,False,pm12,out_of_scope_incl_pm12,bp4,bp4_moderate,logo,no held-out threshold,no held-out threshold: E3 writes per-fold thresholds for the PP3 side only,False,,,,,,,,,,,,,,,,,,,,,,,,,,,,,,,,,,,,,,,,,,
cadd,False,s3_10,in_scope,pp3,supporting,in_sample,ok,,True,19.3,,,,,,,Supporting,Moderate,3290.0,3075.0,570.0,2505.0,0.18536585365853658,406.0,0.12340425531914893,0.12422764227642276,201.0,181.0,369.0,2324.0,0.3526315789473684,0.31451360564411385,0.3927226049544405,0.9277445109780439,0.9169372090686216,0.9372419151106075,0.5261780104712042,4.8803431230008725,,,,,,,,,,,,,0.35160104327059044
cadd,False,s3_10,in_scope,pp3,supporting,logo,ok,,True,,19.22,22.0,7.0,,7.0,6.0,Supporting,Moderate,3290.0,3075.0,570.0,2505.0,0.18536585365853658,325.0,0.09878419452887538,0.09951219512195122,158.0,148.0,412.0,2357.0,0.2771929824561403,0.2420311134232241,0.3153379192674473,0.9409181636726547,0.9309923553182267,0.9494937320881742,0.5163398692810458,4.691678520625889,,,,,,,,,,,,,0.3426664242487208
cadd,False,s3_10,in_scope,pp3,moderate,in_sample,not reached,,False,,,,,,,,,,3290.0,3075.0,570.0,2505.0,0.18536585365853658,,,,,,,,,,,,,,,,,,,,,,,,,,,,
cadd,False,s3_10,in_scope,pp3,moderate,logo,ok,,False,,25.8,25.8,7.0,,1.0,0.0,Moderate,not evaluable,384.0,379.0,88.0,291.0,0.23218997361477572,3.0,0.0078125,0.0079155672823219,1.0,2.0,87.0,289.0,0.011363636363636364,0.0020087853177044694,0.061594938922985634,0.993127147766323,0.975291302347375,0.9981131881470813,0.3333333333333333,,,,,,,,,,,,,,
cadd,False,s3_10,in_scope,pp3,strong,in_sample,not reached,,False,,,,,,,,,,3290.0,3075.0,570.0,2505.0,0.18536585365853658,,,,,,,,,,,,,,,,,,,,,,,,,,,,
cadd,False,s3_10,in_scope,pp3,strong,logo,not reached,,False,,,,7.0,,0.0,0.0,,,,,,,,,,,,,,,,,,,,,,,,,,,,,,,,,,,
cadd,False,s3_10,in_scope,pp3,very_strong,in_sample,not reached,,False,,,,,,,,,,3290.0,3075.0,570.0,2505.0,0.18536585365853658,,,,,,,,,,,,,,,,,,,,,,,,,,,,
cadd,False,s3_10,in_scope,pp3,very_strong,logo,not reached,,False,,,,7.0,,0.0,0.0,,,,,,,,,,,,,,,,,,,,,,,,,,,,,,,,,,,
cadd,False,s3_10,in_scope,bp4,bp4_supporting,in_sample,ok,,True,0.707,,,,,,,Supporting,Moderate,3290.0,3075.0,570.0,2505.0,0.18536585365853658,174.0,0.05288753799392097,0.05268292682926829,,,,,,,,,,,,,157.0,5.0,2348.0,565.0,0.0626746506986028,0.053836418257556015,0.07285212067072631,0.9912280701754386,0.9796317962771101,0.9962475017277085,0.9691358024691358,0.13995977204156887,0.015312952740743457
cadd,False,s3_10,in_scope,bp4,bp4_supporting,logo,no held-out threshold,no held-out threshold: E3 writes per-fold thresholds for the PP3 side only,True,,,,,,,,,,,,,,,,,,,,,,,,,,,,,,,,,,,,,,,,,,
cadd,False,s3_10,in_scope,bp4,bp4_moderate,in_sample,ok,,True,0.343,,,,,,,Moderate,Moderate,3290.0,3075.0,570.0,2505.0,0.18536585365853658,93.0,0.028267477203647418,0.028943089430894308,,,,,,,,,,,,,89.0,0.0,2416.0,570.0,0.035528942115768465,0.028961817112791836,0.04351843395343956,1.0,0.993305714040619,1.0,1.0,0.0,0.0
cadd,False,s3_10,in_scope,bp4,bp4_moderate,logo,no held-out threshold,no held-out threshold: E3 writes per-fold thresholds for the PP3 side only,True,,,,,,,,,,,,,,,,,,,,,,,,,,,,,,,,,,,,,,,,,,
cadd,False,s11_50,in_scope,pp3,supporting,in_sample,ok,,True,22.6,,,,,,,Supporting,Moderate,4707.0,4537.0,225.0,4312.0,0.049592241569318934,27.0,0.0057361376673040155,0.0057306590257879654,10.0,16.0,215.0,4296.0,0.044444444444444446,0.024317740906788954,0.07986556112055393,0.9962894248608535,0.9939807098139802,0.9977146619547298,0.38461538461538464,11.977777777777778,,,,,,,,,,,,,0.5709745762711864
cadd,False,s11_50,in_scope,pp3,supporting,logo,ok,,True,,17.13,23.6,6.0,,3.0,2.0,Supporting,below supporting,1388.0,1304.0,64.0,1240.0,0.049079754601226995,99.0,0.07132564841498559,0.0736196319018405,6.0,90.0,58.0,1150.0,0.09375,0.04367825258519838,0.18982879599645597,0.9274193548387096,0.9116207195779538,0.9405779207576102,0.0625,1.2916666666666665,,,,,,,,,,,,,0.12550607287449392
cadd,False,s11_50,in_scope,pp3,moderate,in_sample,not reached,,False,,,,,,,,,,4707.0,4537.0,225.0,4312.0,0.049592241569318934,,,,,,,,,,,,,,,,,,,,,,,,,,,,
cadd,False,s11_50,in_scope,pp3,moderate,logo,ok,,False,,21.9,21.9,6.0,,1.0,0.0,Moderate,not evaluable,768.0,765.0,36.0,729.0,0.047058823529411764,3.0,0.00390625,0.00392156862745098,1.0,2.0,35.0,727.0,0.027777777777777776,0.004920407139810443,0.14169718653273855,0.9972565157750343,0.9900526096821289,0.9992473149791847,0.3333333333333333,,,,,,,,,,,,,,
cadd,False,s11_50,in_scope,pp3,strong,in_sample,not reached,,False,,,,,,,,,,4707.0,4537.0,225.0,4312.0,0.049592241569318934,,,,,,,,,,,,,,,,,,,,,,,,,,,,
cadd,False,s11_50,in_scope,pp3,strong,logo,not reached,,False,,,,6.0,,0.0,0.0,,,,,,,,,,,,,,,,,,,,,,,,,,,,,,,,,,,
cadd,False,s11_50,in_scope,pp3,very_strong,in_sample,not reached,,False,,,,,,,,,,4707.0,4537.0,225.0,4312.0,0.049592241569318934,,,,,,,,,,,,,,,,,,,,,,,,,,,,
cadd,False,s11_50,in_scope,pp3,very_strong,logo,not reached,,False,,,,6.0,,0.0,0.0,,,,,,,,,,,,,,,,,,,,,,,,,,,,,,,,,,,
cadd,False,s11_50,in_scope,bp4,bp4_supporting,in_sample,not reached,,False,,,,,,,,,,4707.0,4537.0,225.0,4312.0,0.049592241569318934,,,,,,,,,,,,,,,,,,,,,,,,,,,,
cadd,False,s11_50,in_scope,bp4,bp4_supporting,logo,no held-out threshold,no held-out threshold: E3 writes per-fold thresholds for the PP3 side only,False,,,,,,,,,,,,,,,,,,,,,,,,,,,,,,,,,,,,,,,,,,
cadd,False,s11_50,in_scope,bp4,bp4_moderate,in_sample,not reached,,False,,,,,,,,,,4707.0,4537.0,225.0,4312.0,0.049592241569318934,,,,,,,,,,,,,,,,,,,,,,,,,,,,
cadd,False,s11_50,in_scope,bp4,bp4_moderate,logo,no held-out threshold,no held-out threshold: E3 writes per-fold thresholds for the PP3 side only,False,,,,,,,,,,,,,,,,,,,,,,,,,,,,,,,,,,,,,,,,,,
cadd,False,s3_50,in_scope,pp3,supporting,in_sample,ok,,True,19.27,,,,,,,Supporting,Moderate,7997.0,7612.0,795.0,6817.0,0.10444035733053074,520.0,0.06502438414405402,0.06410930110352075,230.0,258.0,565.0,6559.0,0.2893081761006289,0.25886095587689706,0.321781740742091,0.9621534399295878,0.9573570785708878,0.9664292369505736,0.4713114754098361,7.644239676271269,,,,,,,,,,,,,0.45927238642022317
cadd,False,s3_50,in_scope,pp3,supporting,logo,ok,,True,,17.05,19.48,7.0,,7.0,6.0,Supporting,Moderate,7997.0,7612.0,795.0,6817.0,0.10444035733053074,632.0,0.07902963611354258,0.07869153967419863,253.0,346.0,542.0,6471.0,0.3182389937106918,0.28680062168534093,0.3514254658456666,0.9492445357195247,0.9437763203008389,0.9542067272422419,0.42237061769616024,6.27004398880285,,,,,,,,,,,,,0.4106107352015829
cadd,False,s3_50,in_scope,pp3,moderate,in_sample,ok,,True,22.6,,,,,,,Moderate,Moderate,7997.0,7612.0,795.0,6817.0,0.10444035733053074,167.0,0.020882831061648118,0.021019442984760904,87.0,73.0,708.0,6744.0,0.10943396226415095,0.08958233743060698,0.13304188525712907,0.9892914771893795,0.9865577953909364,0.9914740266759847,0.54375,10.21933316102352,,,,,,,,,,,,,0.53172152620509
cadd,False,s3_50,in_scope,pp3,moderate,logo,ok,,True,,20.4,22.9,7.0,,7.0,6.0,Moderate,Moderate,7997.0,7612.0,795.0,6817.0,0.10444035733053074,222.0,0.027760410153807678,0.027325275880189175,95.0,113.0,700.0,6704.0,0.11949685534591195,0.09875858522746678,0.14389464299488477,0.9834237934575326,0.9801093285323126,0.9861937353626171,0.4567307692307692,7.2089386096732895,,,,,,,,,,,,,0.44475081208408584
cadd,False,s3_50,in_scope,pp3,strong,in_sample,not reached,,False,,,,,,,,,,7997.0,7612.0,795.0,6817.0,0.10444035733053074,,,,,,,,,,,,,,,,,,,,,,,,,,,,
cadd,False,s3_50,in_scope,pp3,strong,logo,not reached,,False,,,,7.0,,0.0,0.0,,,,,,,,,,,,,,,,,,,,,,,,,,,,,,,,,,,
cadd,False,s3_50,in_scope,pp3,very_strong,in_sample,not reached,,False,,,,,,,,,,7997.0,7612.0,795.0,6817.0,0.10444035733053074,,,,,,,,,,,,,,,,,,,,,,,,,,,,
cadd,False,s3_50,in_scope,pp3,very_strong,logo,not reached,,False,,,,7.0,,0.0,0.0,,,,,,,,,,,,,,,,,,,,,,,,,,,,,,,,,,,
cadd,False,s3_50,in_scope,bp4,bp4_supporting,in_sample,ok,,True,0.286,,,,,,,Supporting,Moderate,7997.0,7612.0,795.0,6817.0,0.10444035733053074,287.0,0.03588845817181443,0.03704676826064109,,,,,,,,,,,,,282.0,0.0,6535.0,795.0,0.041367170309520314,0.0368925308897661,0.04635840849196707,1.0,0.9951912125012075,1.0,1.0,0.0,0.0
cadd,False,s3_50,in_scope,bp4,bp4_supporting,logo,no held-out threshold,no held-out threshold: E3 writes per-fold thresholds for the PP3 side only,True,,,,,,,,,,,,,,,,,,,,,,,,,,,,,,,,,,,,,,,,,,
cadd,False,s3_50,in_scope,bp4,bp4_moderate,in_sample,not reached,,False,,,,,,,,,,7997.0,7612.0,795.0,6817.0,0.10444035733053074,,,,,,,,,,,,,,,,,,,,,,,,,,,,
cadd,False,s3_50,in_scope,bp4,bp4_moderate,logo,no held-out threshold,no held-out threshold: E3 writes per-fold thresholds for the PP3 side only,False,,,,,,,,,,,,,,,,,,,,,,,,,,,,,,,,,,,,,,,,,,
cadd,False,pm12,out_of_scope_incl_pm12,pp3,supporting,in_sample,not reached,,False,,,,,,,,,,856.0,841.0,804.0,37.0,0.9560047562425684,,,,,,,,,,,,,,,,,,,,,,,,,,,,
cadd,False,pm12,out_of_scope_incl_pm12,pp3,supporting,logo,not reached,,False,,,,7.0,,0.0,0.0,,,,,,,,,,,,,,,,,,,,,,,,,,,,,,,,,,,
cadd,False,pm12,out_of_scope_incl_pm12,pp3,moderate,in_sample,not reached,,False,,,,,,,,,,856.0,841.0,804.0,37.0,0.9560047562425684,,,,,,,,,,,,,,,,,,,,,,,,,,,,
cadd,False,pm12,out_of_scope_incl_pm12,pp3,moderate,logo,not reached,,False,,,,7.0,,0.0,0.0,,,,,,,,,,,,,,,,,,,,,,,,,,,,,,,,,,,
cadd,False,pm12,out_of_scope_incl_pm12,pp3,strong,in_sample,not reached,,False,,,,,,,,,,856.0,841.0,804.0,37.0,0.9560047562425684,,,,,,,,,,,,,,,,,,,,,,,,,,,,
cadd,False,pm12,out_of_scope_incl_pm12,pp3,strong,logo,not reached,,False,,,,7.0,,0.0,0.0,,,,,,,,,,,,,,,,,,,,,,,,,,,,,,,,,,,
cadd,False,pm12,out_of_scope_incl_pm12,pp3,very_strong,in_sample,not reached,,False,,,,,,,,,,856.0,841.0,804.0,37.0,0.9560047562425684,,,,,,,,,,,,,,,,,,,,,,,,,,,,
cadd,False,pm12,out_of_scope_incl_pm12,pp3,very_strong,logo,not reached,,False,,,,7.0,,0.0,0.0,,,,,,,,,,,,,,,,,,,,,,,,,,,,,,,,,,,
cadd,False,pm12,out_of_scope_incl_pm12,bp4,bp4_supporting,in_sample,not reached,,False,,,,,,,,,,856.0,841.0,804.0,37.0,0.9560047562425684,,,,,,,,,,,,,,,,,,,,,,,,,,,,
cadd,False,pm12,out_of_scope_incl_pm12,bp4,bp4_supporting,logo,no held-out threshold,no held-out threshold: E3 writes per-fold thresholds for the PP3 side only,False,,,,,,,,,,,,,,,,,,,,,,,,,,,,,,,,,,,,,,,,,,
cadd,False,pm12,out_of_scope_incl_pm12,bp4,bp4_moderate,in_sample,not reached,,False,,,,,,,,,,856.0,841.0,804.0,37.0,0.9560047562425684,,,,,,,,,,,,,,,,,,,,,,,,,,,,
cadd,False,pm12,out_of_scope_incl_pm12,bp4,bp4_moderate,logo,no held-out threshold,no held-out threshold: E3 writes per-fold thresholds for the PP3 side only,False,,,,,,,,,,,,,,,,,,,,,,,,,,,,,,,,,,,,,,,,,,
phylop,False,s3_10,in_scope,pp3,supporting,in_sample,ok,,True,4.48364,,,,,,,Supporting,Moderate,3290.0,3075.0,570.0,2505.0,0.18536585365853658,162.0,0.049240121580547115,0.05008130081300813,96.0,58.0,474.0,2447.0,0.16842105263157894,0.13994060814128265,0.2013408657054648,0.9768463073852296,0.9701862136269631,0.98204613712627,0.6233766233766234,7.274047186932849,,,,,,,,,,,,,0.44697223151555704
phylop,False,s3_10,in_scope,pp3,supporting,logo,ok,,True,,3.12172,4.69967,7.0,,7.0,5.0,Supporting,Moderate,3290.0,3075.0,570.0,2505.0,0.18536585365853658,210.0,0.06382978723404255,0.06504065040650407,101.0,99.0,469.0,2406.0,0.17719298245614035,0.14803833551311013,0.21066955436943763,0.9604790419161676,0.9521176776667722,0.9674302642284595,0.505,4.483519404572036,,,,,,,,,,,,,0.3325184820108428
phylop,False,s3_10,in_scope,pp3,moderate,in_sample,ok,,True,5.34067,,,,,,,Moderate,Moderate,3290.0,3075.0,570.0,2505.0,0.18536585365853658,72.0,0.02188449848024316,0.022113821138211382,49.0,19.0,521.0,2486.0,0.08596491228070176,0.06563495154221953,0.11183821156800479,0.9924151696606787,0.9881835509410699,0.9951388472624572,0.7205882352941176,11.333795013850416,,,,,,,,,,,,,0.5573870989714597
phylop,False,s3_10,in_scope,pp3,moderate,logo,ok,,True,,4.88528,5.85882,7.0,,7.0,2.0,Moderate,Moderate,3290.0,3075.0,570.0,2505.0,0.18536585365853658,74.0,0.022492401215805473,0.023089430894308944,37.0,34.0,533.0,2471.0,0.06491228070175438,0.04745781217199746,0.08819195245230604,0.9864271457085828,0.9810937732096885,0.9902709144360331,0.5211267605633803,4.78250773993808,,,,,,,,,,,,,0.3469983714269669
phylop,False,s3_10,in_scope,pp3,strong,in_sample,not reached,,False,,,,,,,,,,3290.0,3075.0,570.0,2505.0,0.18536585365853658,,,,,,,,,,,,,,,,,,,,,,,,,,,,
phylop,False,s3_10,in_scope,pp3,strong,logo,not reached,,False,,,,7.0,,0.0,0.0,,,,,,,,,,,,,,,,,,,,,,,,,,,,,,,,,,,
phylop,False,s3_10,in_scope,pp3,very_strong,in_sample,not reached,,False,,,,,,,,,,3290.0,3075.0,570.0,2505.0,0.18536585365853658,,,,,,,,,,,,,,,,,,,,,,,,,,,,
phylop,False,s3_10,in_scope,pp3,very_strong,logo,not reached,,False,,,,7.0,,0.0,0.0,,,,,,,,,,,,,,,,,,,,,,,,,,,,,,,,,,,
phylop,False,s3_10,in_scope,bp4,bp4_supporting,in_sample,ok,,True,-0.850937,,,,,,,Supporting,Moderate,3290.0,3075.0,570.0,2505.0,0.18536585365853658,210.0,0.06382978723404255,0.0624390243902439,,,,,,,,,,,,,188.0,4.0,2317.0,566.0,0.0750499001996008,0.06537036601990932,0.08603077472783742,0.9929824561403509,0.982096852477564,0.9972677287344145,0.9791666666666666,0.093505039193729,0.010282618065390062
phylop,False,s3_10,in_scope,bp4,bp4_supporting,logo,no held-out threshold,no held-out threshold: E3 writes per-fold thresholds for the PP3 side only,True,,,,,,,,,,,,,,,,,,,,,,,,,,,,,,,,,,,,,,,,,,
phylop,False,s3_10,in_scope,bp4,bp4_moderate,in_sample,ok,,True,-1.32707,,,,,,,Moderate,Strong,3290.0,3075.0,570.0,2505.0,0.18536585365853658,111.0,0.033738601823708206,0.033170731707317075,,,,,,,,,,,,,101.0,1.0,2404.0,569.0,0.04031936127744511,0.03329391546768866,0.04875250404478701,0.9982456140350877,0.9901301901936886,0.9996902406397702,0.9901960784313726,0.04351224596143825,0.004811432193379239
phylop,False,s3_10,in_scope,bp4,bp4_moderate,logo,no held-out threshold,no held-out threshold: E3 writes per-fold thresholds for the PP3 side only,True,,,,,,,,,,,,,,,,,,,,,,,,,,,,,,,,,,,,,,,,,,
phylop,False,s11_50,in_scope,pp3,supporting,in_sample,not reached,,False,,,,,,,,,,4707.0,4537.0,225.0,4312.0,0.049592241569318934,,,,,,,,,,,,,,,,,,,,,,,,,,,,
phylop,False,s11_50,in_scope,pp3,supporting,logo,ok,,False,,3.30777,3.4169,6.0,,2.0,2.0,Supporting,below supporting,2958.0,2888.0,158.0,2730.0,0.054709141274238225,81.0,0.02738336713995943,0.027700831024930747,7.0,73.0,151.0,2657.0,0.04430379746835443,0.021623955563445332,0.08861639292761016,0.9732600732600732,0.9665113939422459,0.9786787492764718,0.0875,1.6568406450494193,,,,,,,,,,,,,0.15547202967880508
phylop,False,s11_50,in_scope,pp3,moderate,in_sample,not reached,,False,,,,,,,,,,4707.0,4537.0,225.0,4312.0,0.049592241569318934,,,,,,,,,,,,,,,,,,,,,,,,,,,,
phylop,False,s11_50,in_scope,pp3,moderate,logo,not reached,,False,,,,6.0,,0.0,0.0,,,,,,,,,,,,,,,,,,,,,,,,,,,,,,,,,,,
phylop,False,s11_50,in_scope,pp3,strong,in_sample,not reached,,False,,,,,,,,,,4707.0,4537.0,225.0,4312.0,0.049592241569318934,,,,,,,,,,,,,,,,,,,,,,,,,,,,
phylop,False,s11_50,in_scope,pp3,strong,logo,not reached,,False,,,,6.0,,0.0,0.0,,,,,,,,,,,,,,,,,,,,,,,,,,,,,,,,,,,
phylop,False,s11_50,in_scope,pp3,very_strong,in_sample,not reached,,False,,,,,,,,,,4707.0,4537.0,225.0,4312.0,0.049592241569318934,,,,,,,,,,,,,,,,,,,,,,,,,,,,
phylop,False,s11_50,in_scope,pp3,very_strong,logo,not reached,,False,,,,6.0,,0.0,0.0,,,,,,,,,,,,,,,,,,,,,,,,,,,,,,,,,,,
phylop,False,s11_50,in_scope,bp4,bp4_supporting,in_sample,not reached,,False,,,,,,,,,,4707.0,4537.0,225.0,4312.0,0.049592241569318934,,,,,,,,,,,,,,,,,,,,,,,,,,,,
phylop,False,s11_50,in_scope,bp4,bp4_supporting,logo,no held-out threshold,no held-out threshold: E3 writes per-fold thresholds for the PP3 side only,False,,,,,,,,,,,,,,,,,,,,,,,,,,,,,,,,,,,,,,,,,,
phylop,False,s11_50,in_scope,bp4,bp4_moderate,in_sample,not reached,,False,,,,,,,,,,4707.0,4537.0,225.0,4312.0,0.049592241569318934,,,,,,,,,,,,,,,,,,,,,,,,,,,,
phylop,False,s11_50,in_scope,bp4,bp4_moderate,logo,no held-out threshold,no held-out threshold: E3 writes per-fold thresholds for the PP3 side only,False,,,,,,,,,,,,,,,,,,,,,,,,,,,,,,,,,,,,,,,,,,
phylop,False,s3_50,in_scope,pp3,supporting,in_sample,ok,,True,4.15258,,,,,,,Supporting,Moderate,7997.0,7612.0,795.0,6817.0,0.10444035733053074,276.0,0.034512942353382516,0.03441933788754598,132.0,130.0,663.0,6687.0,0.1660377358490566,0.141789326640556,0.1934980521793922,0.9809300278714977,0.977402078703155,0.9839162629686786,0.5038167938931297,8.70676342525399,,,,,,,,,,,,,0.4917196449824426
phylop,False,s3_50,in_scope,pp3,supporting,logo,ok,,True,,3.15828,4.50791,7.0,,7.0,5.0,Supporting,Moderate,7997.0,7612.0,795.0,6817.0,0.10444035733053074,339.0,0.042390896586219834,0.042958486600105095,127.0,200.0,668.0,6617.0,0.15974842767295597,0.135925731990918,0.1868435183698955,0.9706615813407657,0.9663829394449833,0.9744100754258654,0.38837920489296635,5.445025157232704,,,,,,,,,,,,,0.37694812559785335
phylop,False,s3_50,in_scope,pp3,moderate,in_sample,ok,,True,5.58181,,,,,,,Moderate,Moderate,7997.0,7612.0,795.0,6817.0,0.10444035733053074,54.0,0.0067525321995748405,0.006962690488702049,33.0,20.0,762.0,6797.0,0.04150943396226415,0.02970759715049829,0.05772083817858315,0.9970661581340766,0.9954724993622831,0.9980999272825265,0.6226415094339622,14.148490566037735,,,,,,,,,,,,,0.6112057512205856
phylop,False,s3_50,in_scope,pp3,moderate,logo,ok,,True,,4.69966,5.58181,7.0,,7.0,3.0,Moderate,Moderate,7997.0,7612.0,795.0,6817.0,0.10444035733053074,81.0,0.01012879829936226,0.010115606936416185,45.0,32.0,750.0,6785.0,0.05660377358490566,0.04257012836156594,0.07490181526943875,0.9953058530145226,0.9933809586208546,0.9966728405723575,0.5844155844155844,12.058372641509436,,,,,,,,,,,,,0.5726165476690466
phylop,False,s3_50,in_scope,pp3,strong,in_sample,not reached,,False,,,,,,,,,,7997.0,7612.0,795.0,6817.0,0.10444035733053074,,,,,,,,,,,,,,,,,,,,,,,,,,,,
phylop,False,s3_50,in_scope,pp3,strong,logo,not reached,,False,,,,7.0,,0.0,0.0,,,,,,,,,,,,,,,,,,,,,,,,,,,,,,,,,,,
phylop,False,s3_50,in_scope,pp3,very_strong,in_sample,not reached,,False,,,,,,,,,,7997.0,7612.0,795.0,6817.0,0.10444035733053074,,,,,,,,,,,,,,,,,,,,,,,,,,,,
phylop,False,s3_50,in_scope,pp3,very_strong,logo,not reached,,False,,,,7.0,,0.0,0.0,,,,,,,,,,,,,,,,,,,,,,,,,,,,,,,,,,,
phylop,False,s3_50,in_scope,bp4,bp4_supporting,in_sample,ok,,True,-1.49783,,,,,,,Supporting,Moderate,7997.0,7612.0,795.0,6817.0,0.10444035733053074,218.0,0.0272602225834688,0.027588018917498687,,,,,,,,,,,,,208.0,2.0,6609.0,793.0,0.030511955405603638,0.02668616662969166,0.034866570133857674,0.9974842767295597,0.9908741344944895,0.9993098266230641,0.9904761904761905,0.08245041122399613,0.009077991895458607
phylop,False,s3_50,in_scope,bp4,bp4_supporting,logo,no held-out threshold,no held-out threshold: E3 writes per-fold thresholds for the PP3 side only,True,,,,,,,,,,,,,,,,,,,,,,,,,,,,,,,,,,,,,,,,,,
phylop,False,s3_50,in_scope,bp4,bp4_moderate,in_sample,not reached,,False,,,,,,,,,,7997.0,7612.0,795.0,6817.0,0.10444035733053074,,,,,,,,,,,,,,,,,,,,,,,,,,,,
phylop,False,s3_50,in_scope,bp4,bp4_moderate,logo,no held-out threshold,no held-out threshold: E3 writes per-fold thresholds for the PP3 side only,False,,,,,,,,,,,,,,,,,,,,,,,,,,,,,,,,,,,,,,,,,,
phylop,False,pm12,out_of_scope_incl_pm12,pp3,supporting,in_sample,not reached,,False,,,,,,,,,,856.0,841.0,804.0,37.0,0.9560047562425684,,,,,,,,,,,,,,,,,,,,,,,,,,,,
phylop,False,pm12,out_of_scope_incl_pm12,pp3,supporting,logo,not reached,,False,,,,7.0,,0.0,0.0,,,,,,,,,,,,,,,,,,,,,,,,,,,,,,,,,,,
phylop,False,pm12,out_of_scope_incl_pm12,pp3,moderate,in_sample,not reached,,False,,,,,,,,,,856.0,841.0,804.0,37.0,0.9560047562425684,,,,,,,,,,,,,,,,,,,,,,,,,,,,
phylop,False,pm12,out_of_scope_incl_pm12,pp3,moderate,logo,not reached,,False,,,,7.0,,0.0,0.0,,,,,,,,,,,,,,,,,,,,,,,,,,,,,,,,,,,
phylop,False,pm12,out_of_scope_incl_pm12,pp3,strong,in_sample,not reached,,False,,,,,,,,,,856.0,841.0,804.0,37.0,0.9560047562425684,,,,,,,,,,,,,,,,,,,,,,,,,,,,
phylop,False,pm12,out_of_scope_incl_pm12,pp3,strong,logo,not reached,,False,,,,7.0,,0.0,0.0,,,,,,,,,,,,,,,,,,,,,,,,,,,,,,,,,,,
phylop,False,pm12,out_of_scope_incl_pm12,pp3,very_strong,in_sample,not reached,,False,,,,,,,,,,856.0,841.0,804.0,37.0,0.9560047562425684,,,,,,,,,,,,,,,,,,,,,,,,,,,,
phylop,False,pm12,out_of_scope_incl_pm12,pp3,very_strong,logo,not reached,,False,,,,7.0,,0.0,0.0,,,,,,,,,,,,,,,,,,,,,,,,,,,,,,,,,,,
phylop,False,pm12,out_of_scope_incl_pm12,bp4,bp4_supporting,in_sample,not reached,,False,,,,,,,,,,856.0,841.0,804.0,37.0,0.9560047562425684,,,,,,,,,,,,,,,,,,,,,,,,,,,,
phylop,False,pm12,out_of_scope_incl_pm12,bp4,bp4_supporting,logo,no held-out threshold,no held-out threshold: E3 writes per-fold thresholds for the PP3 side only,False,,,,,,,,,,,,,,,,,,,,,,,,,,,,,,,,,,,,,,,,,,
phylop,False,pm12,out_of_scope_incl_pm12,bp4,bp4_moderate,in_sample,not reached,,False,,,,,,,,,,856.0,841.0,804.0,37.0,0.9560047562425684,,,,,,,,,,,,,,,,,,,,,,,,,,,,
phylop,False,pm12,out_of_scope_incl_pm12,bp4,bp4_moderate,logo,no held-out threshold,no held-out threshold: E3 writes per-fold thresholds for the PP3 side only,False,,,,,,,,,,,,,,,,,,,,,,,,,,,,,,,,,,,,,,,,,,
phastcons,False,s3_10,in_scope,pp3,supporting,in_sample,ok,,True,1.0,,,,,,,Supporting,Supporting,3290.0,3075.0,570.0,2505.0,0.18536585365853658,540.0,0.1641337386018237,0.16520325203252031,243.0,265.0,327.0,2240.0,0.4263157894736842,0.38634339942737955,0.4672747058718975,0.8942115768463074,0.8815577180167282,0.905658227038791,0.47834645669291337,4.029890764647467,,,,,,,,,,,,,0.30928047191165375
phastcons,False,s3_10,in_scope,pp3,supporting,logo,ok,,True,,1.0,1.0,7.0,,7.0,6.0,Supporting,Supporting,3290.0,3075.0,570.0,2505.0,0.18536585365853658,540.0,0.1641337386018237,0.16520325203252031,243.0,265.0,327.0,2240.0,0.4263157894736842,0.38634339942737955,0.4672747058718975,0.8942115768463074,0.8815577180167282,0.905658227038791,0.47834645669291337,4.029890764647467,,,,,,,,,,,,,0.30928047191165375
phastcons,False,s3_10,in_scope,pp3,moderate,in_sample,not reached,,False,,,,,,,,,,3290.0,3075.0,570.0,2505.0,0.18536585365853658,,,,,,,,,,,,,,,,,,,,,,,,,,,,
phastcons,False,s3_10,in_scope,pp3,moderate,logo,not reached,,False,,,,7.0,,0.0,0.0,,,,,,,,,,,,,,,,,,,,,,,,,,,,,,,,,,,
phastcons,False,s3_10,in_scope,pp3,strong,in_sample,not reached,,False,,,,,,,,,,3290.0,3075.0,570.0,2505.0,0.18536585365853658,,,,,,,,,,,,,,,,,,,,,,,,,,,,
phastcons,False,s3_10,in_scope,pp3,strong,logo,not reached,,False,,,,7.0,,0.0,0.0,,,,,,,,,,,,,,,,,,,,,,,,,,,,,,,,,,,
phastcons,False,s3_10,in_scope,pp3,very_strong,in_sample,not reached,,False,,,,,,,,,,3290.0,3075.0,570.0,2505.0,0.18536585365853658,,,,,,,,,,,,,,,,,,,,,,,,,,,,
phastcons,False,s3_10,in_scope,pp3,very_strong,logo,not reached,,False,,,,7.0,,0.0,0.0,,,,,,,,,,,,,,,,,,,,,,,,,,,,,,,,,,,
phastcons,False,s3_10,in_scope,bp4,bp4_supporting,in_sample,ok,,True,0.0,,,,,,,Supporting,Supporting,3290.0,3075.0,570.0,2505.0,0.18536585365853658,1072.0,0.32583586626139815,0.3278048780487805,,,,,,,,,,,,,944.0,64.0,1561.0,506.0,0.37684630738522956,0.358071630667994,0.3959981221931426,0.887719298245614,0.8591626465530907,0.9110849422292838,0.9365079365079365,0.29794826048171275,0.0320445169337043
phastcons,False,s3_10,in_scope,bp4,bp4_supporting,logo,no held-out threshold,no held-out threshold: E3 writes per-fold thresholds for the PP3 side only,True,,,,,,,,,,,,,,,,,,,,,,,,,,,,,,,,,,,,,,,,,,
phastcons,False,s3_10,in_scope,bp4,bp4_moderate,in_sample,not reached,,False,,,,,,,,,,3290.0,3075.0,570.0,2505.0,0.18536585365853658,,,,,,,,,,,,,,,,,,,,,,,,,,,,
phastcons,False,s3_10,in_scope,bp4,bp4_moderate,logo,no held-out threshold,no held-out threshold: E3 writes per-fold thresholds for the PP3 side only,False,,,,,,,,,,,,,,,,,,,,,,,,,,,,,,,,,,,,,,,,,,
phastcons,False,s11_50,in_scope,pp3,supporting,in_sample,not reached,,False,,,,,,,,,,4707.0,4537.0,225.0,4312.0,0.049592241569318934,,,,,,,,,,,,,,,,,,,,,,,,,,,,
phastcons,False,s11_50,in_scope,pp3,supporting,logo,ok,,False,,0.968504,0.968504,6.0,,1.0,1.0,Supporting,below supporting,1458.0,1435.0,21.0,1414.0,0.014634146341463415,144.0,0.09876543209876543,0.0975609756097561,2.0,138.0,19.0,1276.0,0.09523809523809523,0.02651876743807452,0.2891413907391826,0.9024045261669024,0.8858286368786094,0.9167998889838974,0.014285714285714285,0.9758454106280193,,,,,,,,,,,,,0.09782082324455207
phastcons,False,s11_50,in_scope,pp3,moderate,in_sample,not reached,,False,,,,,,,,,,4707.0,4537.0,225.0,4312.0,0.049592241569318934,,,,,,,,,,,,,,,,,,,,,,,,,,,,
phastcons,False,s11_50,in_scope,pp3,moderate,logo,not reached,,False,,,,6.0,,0.0,0.0,,,,,,,,,,,,,,,,,,,,,,,,,,,,,,,,,,,
phastcons,False,s11_50,in_scope,pp3,strong,in_sample,not reached,,False,,,,,,,,,,4707.0,4537.0,225.0,4312.0,0.049592241569318934,,,,,,,,,,,,,,,,,,,,,,,,,,,,
phastcons,False,s11_50,in_scope,pp3,strong,logo,not reached,,False,,,,6.0,,0.0,0.0,,,,,,,,,,,,,,,,,,,,,,,,,,,,,,,,,,,
phastcons,False,s11_50,in_scope,pp3,very_strong,in_sample,not reached,,False,,,,,,,,,,4707.0,4537.0,225.0,4312.0,0.049592241569318934,,,,,,,,,,,,,,,,,,,,,,,,,,,,
phastcons,False,s11_50,in_scope,pp3,very_strong,logo,not reached,,False,,,,6.0,,0.0,0.0,,,,,,,,,,,,,,,,,,,,,,,,,,,,,,,,,,,
phastcons,False,s11_50,in_scope,bp4,bp4_supporting,in_sample,not reached,,False,,,,,,,,,,4707.0,4537.0,225.0,4312.0,0.049592241569318934,,,,,,,,,,,,,,,,,,,,,,,,,,,,
phastcons,False,s11_50,in_scope,bp4,bp4_supporting,logo,no held-out threshold,no held-out threshold: E3 writes per-fold thresholds for the PP3 side only,False,,,,,,,,,,,,,,,,,,,,,,,,,,,,,,,,,,,,,,,,,,
phastcons,False,s11_50,in_scope,bp4,bp4_moderate,in_sample,not reached,,False,,,,,,,,,,4707.0,4537.0,225.0,4312.0,0.049592241569318934,,,,,,,,,,,,,,,,,,,,,,,,,,,,
phastcons,False,s11_50,in_scope,bp4,bp4_moderate,logo,no held-out threshold,no held-out threshold: E3 writes per-fold thresholds for the PP3 side only,False,,,,,,,,,,,,,,,,,,,,,,,,,,,,,,,,,,,,,,,,,,
phastcons,False,s3_50,in_scope,pp3,supporting,in_sample,ok,,True,0.992126,,,,,,,Supporting,Moderate,7997.0,7612.0,795.0,6817.0,0.10444035733053074,1049.0,0.1311741903213705,0.12966368891224384,339.0,648.0,456.0,6169.0,0.42641509433962266,0.3924719550389594,0.46106594198916484,0.9049435235440809,0.8977513822959126,0.9116795410486341,0.3434650455927052,4.485913114372234,,,,,,,,,,,,,0.3326369580115045
phastcons,False,s3_50,in_scope,pp3,supporting,logo,ok,,True,,0.992126,1.0,7.0,,7.0,6.0,Supporting,Moderate,7997.0,7612.0,795.0,6817.0,0.10444035733053074,774.0,0.09678629486057272,0.09721492380451918,263.0,477.0,532.0,6340.0,0.33081761006289306,0.29899348898574013,0.36426885546353677,0.9300278714977263,0.9237268785353494,0.9358444859944599,0.3554054054054054,4.727848318236356,,,,,,,,,,,,,0.34439835061083723
phastcons,False,s3_50,in_scope,pp3,moderate,in_sample,not reached,,False,,,,,,,,,,7997.0,7612.0,795.0,6817.0,0.10444035733053074,,,,,,,,,,,,,,,,,,,,,,,,,,,,
phastcons,False,s3_50,in_scope,pp3,moderate,logo,ok,,False,,1.0,1.0,7.0,,2.0,2.0,Moderate,Supporting,4199.0,4084.0,370.0,3714.0,0.09059745347698335,344.0,0.08192426768278162,0.08153770812928501,93.0,240.0,277.0,3474.0,0.25135135135135134,0.2098594203697099,0.2979533284344507,0.9353796445880452,0.9270141899500624,0.9428453873934617,0.27927927927927926,3.889662162162162,,,,,,,,,,,,,0.30176602871565833
phastcons,False,s3_50,in_scope,pp3,strong,in_sample,not reached,,False,,,,,,,,,,7997.0,7612.0,795.0,6817.0,0.10444035733053074,,,,,,,,,,,,,,,,,,,,,,,,,,,,
phastcons,False,s3_50,in_scope,pp3,strong,logo,not reached,,False,,,,7.0,,0.0,0.0,,,,,,,,,,,,,,,,,,,,,,,,,,,,,,,,,,,
phastcons,False,s3_50,in_scope,pp3,very_strong,in_sample,not reached,,False,,,,,,,,,,7997.0,7612.0,795.0,6817.0,0.10444035733053074,,,,,,,,,,,,,,,,,,,,,,,,,,,,
phastcons,False,s3_50,in_scope,pp3,very_strong,logo,not reached,,False,,,,7.0,,0.0,0.0,,,,,,,,,,,,,,,,,,,,,,,,,,,,,,,,,,,
phastcons,False,s3_50,in_scope,bp4,bp4_supporting,in_sample,not reached,,False,,,,,,,,,,7997.0,7612.0,795.0,6817.0,0.10444035733053074,,,,,,,,,,,,,,,,,,,,,,,,,,,,
phastcons,False,s3_50,in_scope,bp4,bp4_supporting,logo,no held-out threshold,no held-out threshold: E3 writes per-fold thresholds for the PP3 side only,False,,,,,,,,,,,,,,,,,,,,,,,,,,,,,,,,,,,,,,,,,,
phastcons,False,s3_50,in_scope,bp4,bp4_moderate,in_sample,not reached,,False,,,,,,,,,,7997.0,7612.0,795.0,6817.0,0.10444035733053074,,,,,,,,,,,,,,,,,,,,,,,,,,,,
phastcons,False,s3_50,in_scope,bp4,bp4_moderate,logo,no held-out threshold,no held-out threshold: E3 writes per-fold thresholds for the PP3 side only,False,,,,,,,,,,,,,,,,,,,,,,,,,,,,,,,,,,,,,,,,,,
phastcons,False,pm12,out_of_scope_incl_pm12,pp3,supporting,in_sample,not reached,,False,,,,,,,,,,856.0,841.0,804.0,37.0,0.9560047562425684,,,,,,,,,,,,,,,,,,,,,,,,,,,,
phastcons,False,pm12,out_of_scope_incl_pm12,pp3,supporting,logo,not reached,,False,,,,7.0,,0.0,0.0,,,,,,,,,,,,,,,,,,,,,,,,,,,,,,,,,,,
phastcons,False,pm12,out_of_scope_incl_pm12,pp3,moderate,in_sample,not reached,,False,,,,,,,,,,856.0,841.0,804.0,37.0,0.9560047562425684,,,,,,,,,,,,,,,,,,,,,,,,,,,,
phastcons,False,pm12,out_of_scope_incl_pm12,pp3,moderate,logo,not reached,,False,,,,7.0,,0.0,0.0,,,,,,,,,,,,,,,,,,,,,,,,,,,,,,,,,,,
phastcons,False,pm12,out_of_scope_incl_pm12,pp3,strong,in_sample,not reached,,False,,,,,,,,,,856.0,841.0,804.0,37.0,0.9560047562425684,,,,,,,,,,,,,,,,,,,,,,,,,,,,
phastcons,False,pm12,out_of_scope_incl_pm12,pp3,strong,logo,not reached,,False,,,,7.0,,0.0,0.0,,,,,,,,,,,,,,,,,,,,,,,,,,,,,,,,,,,
phastcons,False,pm12,out_of_scope_incl_pm12,pp3,very_strong,in_sample,not reached,,False,,,,,,,,,,856.0,841.0,804.0,37.0,0.9560047562425684,,,,,,,,,,,,,,,,,,,,,,,,,,,,
phastcons,False,pm12,out_of_scope_incl_pm12,pp3,very_strong,logo,not reached,,False,,,,7.0,,0.0,0.0,,,,,,,,,,,,,,,,,,,,,,,,,,,,,,,,,,,
phastcons,False,pm12,out_of_scope_incl_pm12,bp4,bp4_supporting,in_sample,not reached,,False,,,,,,,,,,856.0,841.0,804.0,37.0,0.9560047562425684,,,,,,,,,,,,,,,,,,,,,,,,,,,,
phastcons,False,pm12,out_of_scope_incl_pm12,bp4,bp4_supporting,logo,no held-out threshold,no held-out threshold: E3 writes per-fold thresholds for the PP3 side only,False,,,,,,,,,,,,,,,,,,,,,,,,,,,,,,,,,,,,,,,,,,
phastcons,False,pm12,out_of_scope_incl_pm12,bp4,bp4_moderate,in_sample,not reached,,False,,,,,,,,,,856.0,841.0,804.0,37.0,0.9560047562425684,,,,,,,,,,,,,,,,,,,,,,,,,,,,
phastcons,False,pm12,out_of_scope_incl_pm12,bp4,bp4_moderate,logo,no held-out threshold,no held-out threshold: E3 writes per-fold thresholds for the PP3 side only,False,,,,,,,,,,,,,,,,,,,,,,,,,,,,,,,,,,,,,,,,,,
gpn_msa,False,s3_10,in_scope,pp3,supporting,in_sample,ok,,True,7.52,,,,,,,Supporting,Moderate,3290.0,3075.0,570.0,2505.0,0.18536585365853658,361.0,0.10972644376899696,0.11056910569105691,200.0,140.0,370.0,2365.0,0.3508771929824561,0.3128152140377613,0.3909357133536329,0.9441117764471058,0.934417660796334,0.9524458722408963,0.5882352941176471,6.2781954887218046,,,,,,,,,,,,,0.4109251968503937
gpn_msa,False,s3_10,in_scope,pp3,supporting,logo,ok,,True,,7.07,7.58,7.0,,7.0,6.0,Supporting,Moderate,3290.0,3075.0,570.0,2505.0,0.18536585365853658,381.0,0.11580547112462006,0.11707317073170732,207.0,153.0,363.0,2352.0,0.3631578947368421,0.32471591823203144,0.40343199160948334,0.9389221556886228,0.9288554068636782,0.9476447770234545,0.575,5.945820433436533,,,,,,,,,,,,,0.39782496116002075
gpn_msa,False,s3_10,in_scope,pp3,moderate,in_sample,ok,,True,9.01,,,,,,,Moderate,Moderate,3290.0,3075.0,570.0,2505.0,0.18536585365853658,156.0,0.04741641337386018,0.049105691056910566,102.0,49.0,468.0,2456.0,0.17894736842105263,0.14966128005827148,0.21253189303143635,0.9804391217564871,0.974234824404123,0.9851721526837933,0.6754966887417219,9.148227712137487,,,,,,,,,,,,,0.5040838068181819
gpn_msa,False,s3_10,in_scope,pp3,moderate,logo,ok,,True,,8.79,9.84,7.0,,7.0,5.0,Moderate,Moderate,3290.0,3075.0,570.0,2505.0,0.18536585365853658,147.0,0.04468085106382979,0.04617886178861789,95.0,47.0,475.0,2458.0,0.16666666666666666,0.13832455753567516,0.19947163310391222,0.9812375249500997,0.9751404036084251,0.9858609348871984,0.6690140845070423,8.882978723404255,,,,,,,,,,,,,0.4967281380130874
gpn_msa,False,s3_10,in_scope,pp3,strong,in_sample,not reached,,False,,,,,,,,,,3290.0,3075.0,570.0,2505.0,0.18536585365853658,,,,,,,,,,,,,,,,,,,,,,,,,,,,
gpn_msa,False,s3_10,in_scope,pp3,strong,logo,not reached,,False,,,,7.0,,0.0,0.0,,,,,,,,,,,,,,,,,,,,,,,,,,,,,,,,,,,
gpn_msa,False,s3_10,in_scope,pp3,very_strong,in_sample,not reached,,False,,,,,,,,,,3290.0,3075.0,570.0,2505.0,0.18536585365853658,,,,,,,,,,,,,,,,,,,,,,,,,,,,
gpn_msa,False,s3_10,in_scope,pp3,very_strong,logo,not reached,,False,,,,7.0,,0.0,0.0,,,,,,,,,,,,,,,,,,,,,,,,,,,,,,,,,,,
gpn_msa,False,s3_10,in_scope,bp4,bp4_supporting,in_sample,ok,,True,1.64,,,,,,,Supporting,Moderate,3290.0,3075.0,570.0,2505.0,0.18536585365853658,405.0,0.12310030395136778,0.1232520325203252,,,,,,,,,,,,,365.0,14.0,2140.0,556.0,0.14570858283433133,0.13243475193394338,0.16006737339590654,0.9754385964912281,0.9591978362216755,0.9853139129187025,0.9630606860158312,0.16856524873828407,0.018385128334172118
gpn_msa,False,s3_10,in_scope,bp4,bp4_supporting,logo,no held-out threshold,no held-out threshold: E3 writes per-fold thresholds for the PP3 side only,True,,,,,,,,,,,,,,,,,,,,,,,,,,,,,,,,,,,,,,,,,,
gpn_msa,False,s3_10,in_scope,bp4,bp4_moderate,in_sample,ok,,True,-3.25,,,,,,,Moderate,below supporting,3290.0,3075.0,570.0,2505.0,0.18536585365853658,23.0,0.006990881458966565,0.006178861788617886,,,,,,,,,,,,,19.0,0.0,2486.0,570.0,0.007584830339321357,0.004861152737542916,0.011816449058930156,1.0,0.993305714040619,1.0,1.0,0.0,0.0
gpn_msa,False,s3_10,in_scope,bp4,bp4_moderate,logo,no held-out threshold,no held-out threshold: E3 writes per-fold thresholds for the PP3 side only,True,,,,,,,,,,,,,,,,,,,,,,,,,,,,,,,,,,,,,,,,,,
gpn_msa,False,s11_50,in_scope,pp3,supporting,in_sample,ok,,True,6.63,,,,,,,Supporting,Moderate,4707.0,4537.0,225.0,4312.0,0.049592241569318934,208.0,0.044189504992564264,0.04297994269340974,43.0,152.0,182.0,4160.0,0.19111111111111112,0.14509199715413276,0.24750058324489485,0.9647495361781077,0.9588185377696052,0.9698532028960467,0.2205128205128205,5.421520467836258,,,,,,,,,,,,,0.37593265425290345
gpn_msa,False,s11_50,in_scope,pp3,supporting,logo,ok,,True,,6.26,6.73,6.0,,6.0,5.0,Supporting,Moderate,4707.0,4537.0,225.0,4312.0,0.049592241569318934,233.0,0.04950074357340132,0.04804937183160679,42.0,176.0,183.0,4136.0,0.18666666666666668,0.14116980948032726,0.24268309581652808,0.9591836734693877,0.9528576882333457,0.9646922351788252,0.1926605504587156,4.573333333333334,,,,,,,,,,,,,0.33693516699410614
gpn_msa,False,s11_50,in_scope,pp3,moderate,in_sample,not reached,,False,,,,,,,,,,4707.0,4537.0,225.0,4312.0,0.049592241569318934,,,,,,,,,,,,,,,,,,,,,,,,,,,,
gpn_msa,False,s11_50,in_scope,pp3,moderate,logo,ok,,False,,7.07,7.07,6.0,,1.0,1.0,Moderate,Supporting,1500.0,1453.0,137.0,1316.0,0.09428768066070199,62.0,0.04133333333333333,0.042670337233310394,16.0,46.0,121.0,1270.0,0.11678832116788321,0.07317902765189392,0.18130185546877897,0.9650455927051672,0.9536914401173144,0.9736926724363779,0.25806451612903225,3.3411615360203113,,,,,,,,,,,,,0.2707331498958521
gpn_msa,False,s11_50,in_scope,pp3,strong,in_sample,not reached,,False,,,,,,,,,,4707.0,4537.0,225.0,4312.0,0.049592241569318934,,,,,,,,,,,,,,,,,,,,,,,,,,,,
gpn_msa,False,s11_50,in_scope,pp3,strong,logo,not reached,,False,,,,6.0,,0.0,0.0,,,,,,,,,,,,,,,,,,,,,,,,,,,,,,,,,,,
gpn_msa,False,s11_50,in_scope,pp3,very_strong,in_sample,not reached,,False,,,,,,,,,,4707.0,4537.0,225.0,4312.0,0.049592241569318934,,,,,,,,,,,,,,,,,,,,,,,,,,,,
gpn_msa,False,s11_50,in_scope,pp3,very_strong,logo,not reached,,False,,,,6.0,,0.0,0.0,,,,,,,,,,,,,,,,,,,,,,,,,,,,,,,,,,,
gpn_msa,False,s11_50,in_scope,bp4,bp4_supporting,in_sample,not reached,,False,,,,,,,,,,4707.0,4537.0,225.0,4312.0,0.049592241569318934,,,,,,,,,,,,,,,,,,,,,,,,,,,,
gpn_msa,False,s11_50,in_scope,bp4,bp4_supporting,logo,no held-out threshold,no held-out threshold: E3 writes per-fold thresholds for the PP3 side only,False,,,,,,,,,,,,,,,,,,,,,,,,,,,,,,,,,,,,,,,,,,
gpn_msa,False,s11_50,in_scope,bp4,bp4_moderate,in_sample,not reached,,False,,,,,,,,,,4707.0,4537.0,225.0,4312.0,0.049592241569318934,,,,,,,,,,,,,,,,,,,,,,,,,,,,
gpn_msa,False,s11_50,in_scope,bp4,bp4_moderate,logo,no held-out threshold,no held-out threshold: E3 writes per-fold thresholds for the PP3 side only,False,,,,,,,,,,,,,,,,,,,,,,,,,,,,,,,,,,,,,,,,,,
gpn_msa,False,s3_50,in_scope,pp3,supporting,in_sample,ok,,True,6.84,,,,,,,Supporting,Moderate,7997.0,7612.0,795.0,6817.0,0.10444035733053074,720.0,0.09003376266099787,0.08959537572254335,313.0,369.0,482.0,6448.0,0.3937106918238994,0.36033772912149786,0.42810589991912595,0.9458706175737128,0.9402437954717937,0.950995216122392,0.45894428152492667,7.273511615619301,,,,,,,,,,,,,0.44695403103029047
gpn_msa,False,s3_50,in_scope,pp3,supporting,logo,ok,,True,,6.53,7.18,7.0,,7.0,7.0,Supporting,Moderate,7997.0,7612.0,795.0,6817.0,0.10444035733053074,718.0,0.08978366887582843,0.08906988964792432,301.0,377.0,494.0,6440.0,0.3786163522012579,0.3455595347606348,0.4128405859780659,0.9446970808273434,0.9390164796896983,0.9498767802700891,0.443952802359882,6.846227249220092,,,,,,,,,,,,,0.4320414658673436
gpn_msa,False,s3_50,in_scope,pp3,moderate,in_sample,ok,,True,8.24,,,,,,,Moderate,Moderate,7997.0,7612.0,795.0,6817.0,0.10444035733053074,261.0,0.03263723896461173,0.03271150814503416,146.0,103.0,649.0,6714.0,0.18364779874213835,0.15827568969719255,0.21206244880833272,0.9848907143904944,0.9817097979696421,0.9875254554682855,0.5863453815261044,12.154631495389875,,,,,,,,,,,,,0.5745612490597473
gpn_msa,False,s3_50,in_scope,pp3,moderate,logo,ok,,True,,7.61,8.43,7.0,,7.0,6.0,Moderate,Moderate,7997.0,7612.0,795.0,6817.0,0.10444035733053074,315.0,0.03938977116418657,0.0396741986337362,165.0,137.0,630.0,6680.0,0.20754716981132076,0.1807952900866174,0.23711173656361975,0.9799031832184245,0.9762916474606675,0.9829741615310674,0.5463576158940397,10.32736537666988,,,,,,,,,,,,,0.5343390149355831
gpn_msa,False,s3_50,in_scope,pp3,strong,in_sample,not reached,,False,,,,,,,,,,7997.0,7612.0,795.0,6817.0,0.10444035733053074,,,,,,,,,,,,,,,,,,,,,,,,,,,,
gpn_msa,False,s3_50,in_scope,pp3,strong,logo,not reached,,False,,,,7.0,,0.0,0.0,,,,,,,,,,,,,,,,,,,,,,,,,,,,,,,,,,,
gpn_msa,False,s3_50,in_scope,pp3,very_strong,in_sample,not reached,,False,,,,,,,,,,7997.0,7612.0,795.0,6817.0,0.10444035733053074,,,,,,,,,,,,,,,,,,,,,,,,,,,,
gpn_msa,False,s3_50,in_scope,pp3,very_strong,logo,not reached,,False,,,,7.0,,0.0,0.0,,,,,,,,,,,,,,,,,,,,,,,,,,,,,,,,,,,
gpn_msa,False,s3_50,in_scope,bp4,bp4_supporting,in_sample,ok,,True,-2.59,,,,,,,Supporting,Supporting,7997.0,7612.0,795.0,6817.0,0.10444035733053074,65.0,0.008128048018006753,0.007356805044666317,,,,,,,,,,,,,56.0,0.0,6761.0,795.0,0.008214757224585595,0.006331817830687706,0.010651637879294858,1.0,0.9951912125012075,1.0,1.0,0.0,0.0
gpn_msa,False,s3_50,in_scope,bp4,bp4_supporting,logo,no held-out threshold,no held-out threshold: E3 writes per-fold thresholds for the PP3 side only,True,,,,,,,,,,,,,,,,,,,,,,,,,,,,,,,,,,,,,,,,,,
gpn_msa,False,s3_50,in_scope,bp4,bp4_moderate,in_sample,not reached,,False,,,,,,,,,,7997.0,7612.0,795.0,6817.0,0.10444035733053074,,,,,,,,,,,,,,,,,,,,,,,,,,,,
gpn_msa,False,s3_50,in_scope,bp4,bp4_moderate,logo,no held-out threshold,no held-out threshold: E3 writes per-fold thresholds for the PP3 side only,False,,,,,,,,,,,,,,,,,,,,,,,,,,,,,,,,,,,,,,,,,,
gpn_msa,False,pm12,out_of_scope_incl_pm12,pp3,supporting,in_sample,not reached,,False,,,,,,,,,,856.0,841.0,804.0,37.0,0.9560047562425684,,,,,,,,,,,,,,,,,,,,,,,,,,,,
gpn_msa,False,pm12,out_of_scope_incl_pm12,pp3,supporting,logo,not reached,,False,,,,7.0,,0.0,0.0,,,,,,,,,,,,,,,,,,,,,,,,,,,,,,,,,,,
gpn_msa,False,pm12,out_of_scope_incl_pm12,pp3,moderate,in_sample,not reached,,False,,,,,,,,,,856.0,841.0,804.0,37.0,0.9560047562425684,,,,,,,,,,,,,,,,,,,,,,,,,,,,
gpn_msa,False,pm12,out_of_scope_incl_pm12,pp3,moderate,logo,not reached,,False,,,,7.0,,0.0,0.0,,,,,,,,,,,,,,,,,,,,,,,,,,,,,,,,,,,
gpn_msa,False,pm12,out_of_scope_incl_pm12,pp3,strong,in_sample,not reached,,False,,,,,,,,,,856.0,841.0,804.0,37.0,0.9560047562425684,,,,,,,,,,,,,,,,,,,,,,,,,,,,
gpn_msa,False,pm12,out_of_scope_incl_pm12,pp3,strong,logo,not reached,,False,,,,7.0,,0.0,0.0,,,,,,,,,,,,,,,,,,,,,,,,,,,,,,,,,,,
gpn_msa,False,pm12,out_of_scope_incl_pm12,pp3,very_strong,in_sample,not reached,,False,,,,,,,,,,856.0,841.0,804.0,37.0,0.9560047562425684,,,,,,,,,,,,,,,,,,,,,,,,,,,,
gpn_msa,False,pm12,out_of_scope_incl_pm12,pp3,very_strong,logo,not reached,,False,,,,7.0,,0.0,0.0,,,,,,,,,,,,,,,,,,,,,,,,,,,,,,,,,,,
gpn_msa,False,pm12,out_of_scope_incl_pm12,bp4,bp4_supporting,in_sample,not reached,,False,,,,,,,,,,856.0,841.0,804.0,37.0,0.9560047562425684,,,,,,,,,,,,,,,,,,,,,,,,,,,,
gpn_msa,False,pm12,out_of_scope_incl_pm12,bp4,bp4_supporting,logo,no held-out threshold,no held-out threshold: E3 writes per-fold thresholds for the PP3 side only,False,,,,,,,,,,,,,,,,,,,,,,,,,,,,,,,,,,,,,,,,,,
gpn_msa,False,pm12,out_of_scope_incl_pm12,bp4,bp4_moderate,in_sample,not reached,,False,,,,,,,,,,856.0,841.0,804.0,37.0,0.9560047562425684,,,,,,,,,,,,,,,,,,,,,,,,,,,,
gpn_msa,False,pm12,out_of_scope_incl_pm12,bp4,bp4_moderate,logo,no held-out threshold,no held-out threshold: E3 writes per-fold thresholds for the PP3 side only,False,,,,,,,,,,,,,,,,,,,,,,,,,,,,,,,,,,,,,,,,,,
nt,False,s3_10,in_scope,pp3,supporting,in_sample,ok,,True,3.268993377685547,,,,,,,Supporting,Moderate,3290.0,3075.0,570.0,2505.0,0.18536585365853658,253.0,0.07689969604863221,0.0783739837398374,126.0,115.0,444.0,2390.0,0.22105263157894736,0.18891755618429212,0.2569224138772573,0.9540918163672655,0.9451776714160202,0.9616153792175527,0.5228215767634855,4.815102974828375,,,,,,,,,,,,,0.34853905784138345
nt,False,s3_10,in_scope,pp3,supporting,logo,ok,,True,,3.1377859115600586,3.729435443878174,7.0,,7.0,6.0,Supporting,Moderate,3290.0,3075.0,570.0,2505.0,0.18536585365853658,181.0,0.05501519756838906,0.05658536585365854,90.0,84.0,480.0,2421.0,0.15789473684210525,0.13026259204807483,0.19010718255571218,0.9664670658682635,0.958672361971435,0.9728332904816022,0.5172413793103449,4.708646616541354,,,,,,,,,,,,,0.3434800493624024
nt,False,s3_10,in_scope,pp3,moderate,in_sample,not reached,,False,,,,,,,,,,3290.0,3075.0,570.0,2505.0,0.18536585365853658,,,,,,,,,,,,,,,,,,,,,,,,,,,,
nt,False,s3_10,in_scope,pp3,moderate,logo,ok,,False,,4.438237190246582,5.249199390411377,7.0,,5.0,0.0,Moderate,Moderate,2439.0,2268.0,414.0,1854.0,0.18253968253968253,18.0,0.007380073800738007,0.007936507936507936,9.0,9.0,405.0,1845.0,0.021739130434782608,0.011478344259612092,0.04079377560694913,0.9951456310679612,0.9907996435620073,0.9974439933118525,0.5,4.478260869565218,,,,,,,,,,,,,0.3322580645161291
nt,False,s3_10,in_scope,pp3,strong,in_sample,not reached,,False,,,,,,,,,,3290.0,3075.0,570.0,2505.0,0.18536585365853658,,,,,,,,,,,,,,,,,,,,,,,,,,,,
nt,False,s3_10,in_scope,pp3,strong,logo,not reached,,False,,,,7.0,,0.0,0.0,,,,,,,,,,,,,,,,,,,,,,,,,,,,,,,,,,,
nt,False,s3_10,in_scope,pp3,very_strong,in_sample,not reached,,False,,,,,,,,,,3290.0,3075.0,570.0,2505.0,0.18536585365853658,,,,,,,,,,,,,,,,,,,,,,,,,,,,
nt,False,s3_10,in_scope,pp3,very_strong,logo,not reached,,False,,,,7.0,,0.0,0.0,,,,,,,,,,,,,,,,,,,,,,,,,,,,,,,,,,,
nt,False,s3_10,in_scope,bp4,bp4_supporting,in_sample,ok,,True,-1.2647771835327148,,,,,,,Supporting,Moderate,3290.0,3075.0,570.0,2505.0,0.18536585365853658,126.0,0.03829787234042553,0.03772357723577236,,,,,,,,,,,,,113.0,3.0,2392.0,567.0,0.045109780439121755,0.03765521799646759,0.05395736996225237,0.9947368421052631,0.9846413937619931,0.9982084706571455,0.9741379310344828,0.11667442943642292,0.012797915549084223
nt,False,s3_10,in_scope,bp4,bp4_supporting,logo,no held-out threshold,no held-out threshold: E3 writes per-fold thresholds for the PP3 side only,True,,,,,,,,,,,,,,,,,,,,,,,,,,,,,,,,,,,,,,,,,,
nt,False,s3_10,in_scope,bp4,bp4_moderate,in_sample,not reached,,False,,,,,,,,,,3290.0,3075.0,570.0,2505.0,0.18536585365853658,,,,,,,,,,,,,,,,,,,,,,,,,,,,
nt,False,s3_10,in_scope,bp4,bp4_moderate,logo,no held-out threshold,no held-out threshold: E3 writes per-fold thresholds for the PP3 side only,False,,,,,,,,,,,,,,,,,,,,,,,,,,,,,,,,,,,,,,,,,,
nt,False,s11_50,in_scope,pp3,supporting,in_sample,not reached,,False,,,,,,,,,,4707.0,4537.0,225.0,4312.0,0.049592241569318934,,,,,,,,,,,,,,,,,,,,,,,,,,,,
nt,False,s11_50,in_scope,pp3,supporting,logo,not reached,,False,,,,6.0,,0.0,0.0,,,,,,,,,,,,,,,,,,,,,,,,,,,,,,,,,,,
nt,False,s11_50,in_scope,pp3,moderate,in_sample,not reached,,False,,,,,,,,,,4707.0,4537.0,225.0,4312.0,0.049592241569318934,,,,,,,,,,,,,,,,,,,,,,,,,,,,
nt,False,s11_50,in_scope,pp3,moderate,logo,not reached,,False,,,,6.0,,0.0,0.0,,,,,,,,,,,,,,,,,,,,,,,,,,,,,,,,,,,
nt,False,s11_50,in_scope,pp3,strong,in_sample,not reached,,False,,,,,,,,,,4707.0,4537.0,225.0,4312.0,0.049592241569318934,,,,,,,,,,,,,,,,,,,,,,,,,,,,
nt,False,s11_50,in_scope,pp3,strong,logo,not reached,,False,,,,6.0,,0.0,0.0,,,,,,,,,,,,,,,,,,,,,,,,,,,,,,,,,,,
nt,False,s11_50,in_scope,pp3,very_strong,in_sample,not reached,,False,,,,,,,,,,4707.0,4537.0,225.0,4312.0,0.049592241569318934,,,,,,,,,,,,,,,,,,,,,,,,,,,,
nt,False,s11_50,in_scope,pp3,very_strong,logo,not reached,,False,,,,6.0,,0.0,0.0,,,,,,,,,,,,,,,,,,,,,,,,,,,,,,,,,,,
nt,False,s11_50,in_scope,bp4,bp4_supporting,in_sample,ok,,True,-2.141326427459717,,,,,,,Supporting,below supporting,4707.0,4537.0,225.0,4312.0,0.049592241569318934,41.0,0.008710431272572764,0.008595988538681949,,,,,,,,,,,,,39.0,0.0,4273.0,225.0,0.009044526901669759,0.00662345371069647,0.01233958272184601,1.0,0.9832134489943798,1.0,1.0,0.0,0.0
nt,False,s11_50,in_scope,bp4,bp4_supporting,logo,no held-out threshold,no held-out threshold: E3 writes per-fold thresholds for the PP3 side only,True,,,,,,,,,,,,,,,,,,,,,,,,,,,,,,,,,,,,,,,,,,
nt,False,s11_50,in_scope,bp4,bp4_moderate,in_sample,not reached,,False,,,,,,,,,,4707.0,4537.0,225.0,4312.0,0.049592241569318934,,,,,,,,,,,,,,,,,,,,,,,,,,,,
nt,False,s11_50,in_scope,bp4,bp4_moderate,logo,no held-out threshold,no held-out threshold: E3 writes per-fold thresholds for the PP3 side only,False,,,,,,,,,,,,,,,,,,,,,,,,,,,,,,,,,,,,,,,,,,
nt,False,s3_50,in_scope,pp3,supporting,in_sample,not reached,,False,,,,,,,,,,7997.0,7612.0,795.0,6817.0,0.10444035733053074,,,,,,,,,,,,,,,,,,,,,,,,,,,,
nt,False,s3_50,in_scope,pp3,supporting,logo,not reached,,False,,,,7.0,,0.0,0.0,,,,,,,,,,,,,,,,,,,,,,,,,,,,,,,,,,,
nt,False,s3_50,in_scope,pp3,moderate,in_sample,not reached,,False,,,,,,,,,,7997.0,7612.0,795.0,6817.0,0.10444035733053074,,,,,,,,,,,,,,,,,,,,,,,,,,,,
nt,False,s3_50,in_scope,pp3,moderate,logo,not reached,,False,,,,7.0,,0.0,0.0,,,,,,,,,,,,,,,,,,,,,,,,,,,,,,,,,,,
nt,False,s3_50,in_scope,pp3,strong,in_sample,not reached,,False,,,,,,,,,,7997.0,7612.0,795.0,6817.0,0.10444035733053074,,,,,,,,,,,,,,,,,,,,,,,,,,,,
nt,False,s3_50,in_scope,pp3,strong,logo,not reached,,False,,,,7.0,,0.0,0.0,,,,,,,,,,,,,,,,,,,,,,,,,,,,,,,,,,,
nt,False,s3_50,in_scope,pp3,very_strong,in_sample,not reached,,False,,,,,,,,,,7997.0,7612.0,795.0,6817.0,0.10444035733053074,,,,,,,,,,,,,,,,,,,,,,,,,,,,
nt,False,s3_50,in_scope,pp3,very_strong,logo,not reached,,False,,,,7.0,,0.0,0.0,,,,,,,,,,,,,,,,,,,,,,,,,,,,,,,,,,,
nt,False,s3_50,in_scope,bp4,bp4_supporting,in_sample,ok,,True,-1.7628707885742188,,,,,,,Supporting,Moderate,7997.0,7612.0,795.0,6817.0,0.10444035733053074,138.0,0.017256471176691258,0.01720966894377299,,,,,,,,,,,,,129.0,2.0,6688.0,793.0,0.018923280035206103,0.015949344245217337,0.02243909512864927,0.9974842767295597,0.9908741344944895,0.9993098266230641,0.9847328244274809,0.1329432987177612,0.014556457252551436
nt,False,s3_50,in_scope,bp4,bp4_supporting,logo,no held-out threshold,no held-out threshold: E3 writes per-fold thresholds for the PP3 side only,True,,,,,,,,,,,,,,,,,,,,,,,,,,,,,,,,,,,,,,,,,,
nt,False,s3_50,in_scope,bp4,bp4_moderate,in_sample,not reached,,False,,,,,,,,,,7997.0,7612.0,795.0,6817.0,0.10444035733053074,,,,,,,,,,,,,,,,,,,,,,,,,,,,
nt,False,s3_50,in_scope,bp4,bp4_moderate,logo,no held-out threshold,no held-out threshold: E3 writes per-fold thresholds for the PP3 side only,False,,,,,,,,,,,,,,,,,,,,,,,,,,,,,,,,,,,,,,,,,,
nt,False,pm12,out_of_scope_incl_pm12,pp3,supporting,in_sample,not reached,,False,,,,,,,,,,856.0,841.0,804.0,37.0,0.9560047562425684,,,,,,,,,,,,,,,,,,,,,,,,,,,,
nt,False,pm12,out_of_scope_incl_pm12,pp3,supporting,logo,not reached,,False,,,,7.0,,0.0,0.0,,,,,,,,,,,,,,,,,,,,,,,,,,,,,,,,,,,
nt,False,pm12,out_of_scope_incl_pm12,pp3,moderate,in_sample,not reached,,False,,,,,,,,,,856.0,841.0,804.0,37.0,0.9560047562425684,,,,,,,,,,,,,,,,,,,,,,,,,,,,
nt,False,pm12,out_of_scope_incl_pm12,pp3,moderate,logo,not reached,,False,,,,7.0,,0.0,0.0,,,,,,,,,,,,,,,,,,,,,,,,,,,,,,,,,,,
nt,False,pm12,out_of_scope_incl_pm12,pp3,strong,in_sample,not reached,,False,,,,,,,,,,856.0,841.0,804.0,37.0,0.9560047562425684,,,,,,,,,,,,,,,,,,,,,,,,,,,,
nt,False,pm12,out_of_scope_incl_pm12,pp3,strong,logo,not reached,,False,,,,7.0,,0.0,0.0,,,,,,,,,,,,,,,,,,,,,,,,,,,,,,,,,,,
nt,False,pm12,out_of_scope_incl_pm12,pp3,very_strong,in_sample,not reached,,False,,,,,,,,,,856.0,841.0,804.0,37.0,0.9560047562425684,,,,,,,,,,,,,,,,,,,,,,,,,,,,
nt,False,pm12,out_of_scope_incl_pm12,pp3,very_strong,logo,not reached,,False,,,,7.0,,0.0,0.0,,,,,,,,,,,,,,,,,,,,,,,,,,,,,,,,,,,
nt,False,pm12,out_of_scope_incl_pm12,bp4,bp4_supporting,in_sample,not reached,,False,,,,,,,,,,856.0,841.0,804.0,37.0,0.9560047562425684,,,,,,,,,,,,,,,,,,,,,,,,,,,,
nt,False,pm12,out_of_scope_incl_pm12,bp4,bp4_supporting,logo,no held-out threshold,no held-out threshold: E3 writes per-fold thresholds for the PP3 side only,False,,,,,,,,,,,,,,,,,,,,,,,,,,,,,,,,,,,,,,,,,,
nt,False,pm12,out_of_scope_incl_pm12,bp4,bp4_moderate,in_sample,not reached,,False,,,,,,,,,,856.0,841.0,804.0,37.0,0.9560047562425684,,,,,,,,,,,,,,,,,,,,,,,,,,,,
nt,False,pm12,out_of_scope_incl_pm12,bp4,bp4_moderate,logo,no held-out threshold,no held-out threshold: E3 writes per-fold thresholds for the PP3 side only,False,,,,,,,,,,,,,,,,,,,,,,,,,,,,,,,,,,,,,,,,,,
fusion_enet,False,s3_10,in_scope,pp3,supporting,in_sample,ok,,True,0.6563120169882428,,,,,,,Supporting,Moderate,3290.0,3075.0,570.0,2505.0,0.18536585365853658,605.0,0.1838905775075988,0.18764227642276424,356.0,221.0,214.0,2284.0,0.624561403508772,0.5840992645673517,0.6633558431410131,0.9117764471057884,0.9000299703947657,0.9222619256303158,0.6169844020797227,7.07930459633246,,,,,,,,,,,,,0.4402743012870832
fusion_enet,False,s3_10,in_scope,pp3,supporting,logo,ok,adapted from E3: fusion out-of-fold scores in the training folds were produced by models trained on the held-out gene; held-out values are optimistic,True,,0.6524609533575039,0.7296401163900885,7.0,,7.0,4.0,Supporting,Moderate,3290.0,3075.0,570.0,2505.0,0.18536585365853658,256.0,0.07781155015197569,0.07902439024390244,134.0,109.0,436.0,2396.0,0.23508771929824562,0.2021203439061848,0.2716018918126452,0.9564870259481038,0.9477746316557905,0.9638015032009044,0.551440329218107,5.4027040077257364,,,,,,,,,,,,,0.3751173394126325
fusion_enet,False,s3_10,in_scope,pp3,moderate,in_sample,ok,,True,0.7437235681372876,,,,,,,Moderate,Strong,3290.0,3075.0,570.0,2505.0,0.18536585365853658,73.0,0.022188449848024316,0.023089430894308944,60.0,11.0,510.0,2494.0,0.10526315789473684,0.08265748136709736,0.13315379702188768,0.9956087824351297,0.9921536211626439,0.9975462226717126,0.8450704225352113,23.971291866028707,,,,,,,,,,,,,0.7270352633870266
fusion_enet,False,s3_10,in_scope,pp3,moderate,logo,ok,adapted from E3: fusion out-of-fold scores in the training folds were produced by models trained on the held-out gene; held-out values are optimistic,True,,0.7043976714450962,0.744434241005326,7.0,,7.0,2.0,Moderate,Moderate,3290.0,3075.0,570.0,2505.0,0.18536585365853658,135.0,0.041033434650455926,0.0416260162601626,71.0,57.0,499.0,2448.0,0.12456140350877193,0.09993983338043744,0.15420956028730837,0.9772455089820359,0.9706341062784893,0.9823954251785973,0.5546875,5.474145891043397,,,,,,,,,,,,,0.378201652259896
fusion_enet,False,s3_10,in_scope,pp3,strong,in_sample,not reached,,False,,,,,,,,,,3290.0,3075.0,570.0,2505.0,0.18536585365853658,,,,,,,,,,,,,,,,,,,,,,,,,,,,
fusion_enet,False,s3_10,in_scope,pp3,strong,logo,ok,adapted from E3: fusion out-of-fold scores in the training folds were produced by models trained on the held-out gene; held-out values are optimistic,False,,0.744434241005326,0.744434241005326,7.0,,1.0,1.0,Strong,Strong,473.0,459.0,66.0,393.0,0.1437908496732026,49.0,0.10359408033826638,0.10239651416122005,37.0,10.0,29.0,383.0,0.5606060606060606,0.4408263537999137,0.6737187908045056,0.9745547073791349,0.9538009209229013,0.9861210345815854,0.7872340425531915,22.03181818181818,,,,,,,,,,,,,0.7099750988721254
fusion_enet,False,s3_10,in_scope,pp3,very_strong,in_sample,not reached,,False,,,,,,,,,,3290.0,3075.0,570.0,2505.0,0.18536585365853658,,,,,,,,,,,,,,,,,,,,,,,,,,,,
fusion_enet,False,s3_10,in_scope,pp3,very_strong,logo,not reached,adapted from E3: fusion out-of-fold scores in the training folds were produced by models trained on the held-out gene; held-out values are optimistic,False,,,,7.0,,0.0,0.0,,,,,,,,,,,,,,,,,,,,,,,,,,,,,,,,,,,
fusion_enet,False,s3_10,in_scope,bp4,bp4_supporting,in_sample,ok,,True,0.43891306292061205,,,,,,,Supporting,Moderate,3290.0,3075.0,570.0,2505.0,0.18536585365853658,1034.0,0.3142857142857143,0.31447154471544714,,,,,,,,,,,,,951.0,16.0,1554.0,554.0,0.37964071856287424,0.3608343528521356,0.39881566493597687,0.9719298245614035,0.9548919792137719,0.9826492035122859,0.983453981385729,0.07393879019314849,0.008148477954585655
fusion_enet,False,s3_10,in_scope,bp4,bp4_supporting,logo,no held-out threshold,no held-out threshold: E3 writes per-fold thresholds for the PP3 side only,True,,,,,,,,,,,,,,,,,,,,,,,,,,,,,,,,,,,,,,,,,,
fusion_enet,False,s3_10,in_scope,bp4,bp4_moderate,in_sample,ok,,True,0.3304362454119894,,,,,,,Moderate,Strong,3290.0,3075.0,570.0,2505.0,0.18536585365853658,246.0,0.07477203647416414,0.07512195121951219,,,,,,,,,,,,,229.0,2.0,2276.0,568.0,0.09141716566866268,0.08074807076237764,0.10333747884337041,0.9964912280701754,0.9872979074074675,0.9990372402188312,0.9913419913419913,0.03838198115375776,0.004246554442353659
fusion_enet,False,s3_10,in_scope,bp4,bp4_moderate,logo,no held-out threshold,no held-out threshold: E3 writes per-fold thresholds for the PP3 side only,True,,,,,,,,,,,,,,,,,,,,,,,,,,,,,,,,,,,,,,,,,,
fusion_enet,False,s11_50,in_scope,pp3,supporting,in_sample,ok,,True,0.6221391564540957,,,,,,,Supporting,Moderate,4707.0,4537.0,225.0,4312.0,0.049592241569318934,341.0,0.07244529424261738,0.07163323782234957,97.0,228.0,128.0,4084.0,0.4311111111111111,0.3680934465164687,0.49644158939986116,0.9471243042671614,0.9400380055439084,0.9534146471523874,0.29846153846153844,8.153294346978557,,,,,,,,,,,,,0.4753194448863817
fusion_enet,False,s11_50,in_scope,pp3,supporting,logo,ok,adapted from E3: fusion out-of-fold scores in the training folds were produced by models trained on the held-out gene; held-out values are optimistic,True,,0.6185884539697968,0.6375097670600851,6.0,,6.0,4.0,Supporting,Moderate,4707.0,4537.0,225.0,4312.0,0.049592241569318934,353.0,0.07499468876141917,0.07449856733524356,95.0,243.0,130.0,4069.0,0.4222222222222222,0.35952163905410406,0.48753404665788136,0.9436456400742115,0.9363595123913806,0.9501420045214894,0.28106508875739644,7.492272519433014,,,,,,,,,,,,,0.45428988094908035
fusion_enet,False,s11_50,in_scope,pp3,moderate,in_sample,ok,,True,0.6493064232045906,,,,,,,Moderate,Moderate,4707.0,4537.0,225.0,4312.0,0.049592241569318934,202.0,0.042914807733163376,0.042759532730879436,73.0,121.0,152.0,4191.0,0.3244444444444444,0.2666627987673898,0.3881200346968057,0.9719387755102041,0.9665737734294502,0.9764636478552811,0.37628865979381443,11.562020202020202,,,,,,,,,,,,,0.5622998172564894
fusion_enet,False,s11_50,in_scope,pp3,moderate,logo,ok,adapted from E3: fusion out-of-fold scores in the training folds were produced by models trained on the held-out gene; held-out values are optimistic,True,,0.6348703538623774,0.6505768659802442,6.0,,6.0,4.0,Moderate,Moderate,4707.0,4537.0,225.0,4312.0,0.049592241569318934,216.0,0.045889101338432124,0.045845272206303724,73.0,135.0,152.0,4177.0,0.3244444444444444,0.2666627987673898,0.3881200346968057,0.9686920222634509,0.9630625257467788,0.9734871688067553,0.35096153846153844,10.362995884773662,,,,,,,,,,,,,0.5351958935715487
fusion_enet,False,s11_50,in_scope,pp3,strong,in_sample,not reached,,False,,,,,,,,,,4707.0,4537.0,225.0,4312.0,0.049592241569318934,,,,,,,,,,,,,,,,,,,,,,,,,,,,
fusion_enet,False,s11_50,in_scope,pp3,strong,logo,not reached,adapted from E3: fusion out-of-fold scores in the training folds were produced by models trained on the held-out gene; held-out values are optimistic,False,,,,6.0,,0.0,0.0,,,,,,,,,,,,,,,,,,,,,,,,,,,,,,,,,,,
fusion_enet,False,s11_50,in_scope,pp3,very_strong,in_sample,not reached,,False,,,,,,,,,,4707.0,4537.0,225.0,4312.0,0.049592241569318934,,,,,,,,,,,,,,,,,,,,,,,,,,,,
fusion_enet,False,s11_50,in_scope,pp3,very_strong,logo,not reached,adapted from E3: fusion out-of-fold scores in the training folds were produced by models trained on the held-out gene; held-out values are optimistic,False,,,,6.0,,0.0,0.0,,,,,,,,,,,,,,,,,,,,,,,,,,,,,,,,,,,
fusion_enet,False,s11_50,in_scope,bp4,bp4_supporting,in_sample,not reached,,False,,,,,,,,,,4707.0,4537.0,225.0,4312.0,0.049592241569318934,,,,,,,,,,,,,,,,,,,,,,,,,,,,
fusion_enet,False,s11_50,in_scope,bp4,bp4_supporting,logo,no held-out threshold,no held-out threshold: E3 writes per-fold thresholds for the PP3 side only,False,,,,,,,,,,,,,,,,,,,,,,,,,,,,,,,,,,,,,,,,,,
fusion_enet,False,s11_50,in_scope,bp4,bp4_moderate,in_sample,not reached,,False,,,,,,,,,,4707.0,4537.0,225.0,4312.0,0.049592241569318934,,,,,,,,,,,,,,,,,,,,,,,,,,,,
fusion_enet,False,s11_50,in_scope,bp4,bp4_moderate,logo,no held-out threshold,no held-out threshold: E3 writes per-fold thresholds for the PP3 side only,False,,,,,,,,,,,,,,,,,,,,,,,,,,,,,,,,,,,,,,,,,,
fusion_enet,False,s3_50,in_scope,pp3,supporting,in_sample,ok,,True,0.6393995761802537,,,,,,,Supporting,Moderate,7997.0,7612.0,795.0,6817.0,0.10444035733053074,983.0,0.12292109541077904,0.12283236994219653,485.0,450.0,310.0,6367.0,0.610062893081761,0.5757072420648538,0.6433600059700032,0.9339885580167229,0.9278464367336438,0.9396418395622596,0.5187165775401069,9.2417749825297,,,,,,,,,,,,,0.5066269588009185
fusion_enet,False,s3_50,in_scope,pp3,supporting,logo,ok,adapted from E3: fusion out-of-fold scores in the training folds were produced by models trained on the held-out gene; held-out values are optimistic,True,,0.6168433904218151,0.646414409122422,7.0,,7.0,7.0,Supporting,Moderate,7997.0,7612.0,795.0,6817.0,0.10444035733053074,1127.0,0.1409278479429786,0.1416184971098266,508.0,570.0,287.0,6247.0,0.6389937106918239,0.6050125374538937,0.6716381014929829,0.9163855068211824,0.9095776692150894,0.9227243325648402,0.4712430426716141,7.642140571554672,,,,,,,,,,,,,0.4592041834219864
fusion_enet,False,s3_50,in_scope,pp3,moderate,in_sample,ok,,True,0.7374493805138544,,,,,,,Moderate,Strong,7997.0,7612.0,795.0,6817.0,0.10444035733053074,99.0,0.012379642365887207,0.012743037309511297,74.0,23.0,721.0,6794.0,0.0930817610062893,0.07479564325428302,0.11528144543970283,0.9966260818541881,0.9949421090159758,0.9977506607659343,0.7628865979381443,27.588624555646703,,,,,,,,,,,,,0.7540219095606578
fusion_enet,False,s3_50,in_scope,pp3,moderate,logo,ok,adapted from E3: fusion out-of-fold scores in the training folds were produced by models trained on the held-out gene; held-out values are optimistic,True,,0.659639624222099,0.739592317749532,7.0,,7.0,2.0,Moderate,Moderate,7997.0,7612.0,795.0,6817.0,0.10444035733053074,267.0,0.033387520320120045,0.0337624802942722,103.0,154.0,692.0,6663.0,0.12955974842767295,0.10798561279070154,0.1546966209662655,0.9774094176323896,0.9736039118693832,0.9806771748992557,0.40077821011673154,5.735122110593809,,,,,,,,,,,,,0.3892144271047843
fusion_enet,False,s3_50,in_scope,pp3,strong,in_sample,not reached,,False,,,,,,,,,,7997.0,7612.0,795.0,6817.0,0.10444035733053074,,,,,,,,,,,,,,,,,,,,,,,,,,,,
fusion_enet,False,s3_50,in_scope,pp3,strong,logo,ok,adapted from E3: fusion out-of-fold scores in the training folds were produced by models trained on the held-out gene; held-out values are optimistic,False,,0.7184313452194024,0.7184313452194024,7.0,,1.0,1.0,Strong,Moderate,1931.0,1894.0,87.0,1807.0,0.04593453009503696,102.0,0.05282237182806836,0.05174234424498416,45.0,53.0,42.0,1754.0,0.5172413793103449,0.4137512133636875,0.6192733553623774,0.9706696181516326,0.9618358203602032,0.9775064902072673,0.45918367346938777,17.63500325309044,,,,,,,,,,,,,0.6620987835263082
fusion_enet,False,s3_50,in_scope,pp3,very_strong,in_sample,not reached,,False,,,,,,,,,,7997.0,7612.0,795.0,6817.0,0.10444035733053074,,,,,,,,,,,,,,,,,,,,,,,,,,,,
fusion_enet,False,s3_50,in_scope,pp3,very_strong,logo,not reached,adapted from E3: fusion out-of-fold scores in the training folds were produced by models trained on the held-out gene; held-out values are optimistic,False,,,,7.0,,0.0,0.0,,,,,,,,,,,,,,,,,,,,,,,,,,,,,,,,,,,
fusion_enet,False,s3_50,in_scope,bp4,bp4_supporting,in_sample,ok,,True,0.29976426228171055,,,,,,,Supporting,Moderate,7997.0,7612.0,795.0,6817.0,0.10444035733053074,477.0,0.05964736776291109,0.06056227009984235,,,,,,,,,,,,,458.0,3.0,6359.0,792.0,0.06718497872964647,0.06148269233716839,0.07337478300132631,0.9962264150943396,0.9889645069755377,0.9987158284501889,0.9934924078091106,0.05616709236219824,0.00620208216007504
fusion_enet,False,s3_50,in_scope,bp4,bp4_supporting,logo,no held-out threshold,no held-out threshold: E3 writes per-fold thresholds for the PP3 side only,True,,,,,,,,,,,,,,,,,,,,,,,,,,,,,,,,,,,,,,,,,,
fusion_enet,False,s3_50,in_scope,bp4,bp4_moderate,in_sample,not reached,,False,,,,,,,,,,7997.0,7612.0,795.0,6817.0,0.10444035733053074,,,,,,,,,,,,,,,,,,,,,,,,,,,,
fusion_enet,False,s3_50,in_scope,bp4,bp4_moderate,logo,no held-out threshold,no held-out threshold: E3 writes per-fold thresholds for the PP3 side only,False,,,,,,,,,,,,,,,,,,,,,,,,,,,,,,,,,,,,,,,,,,
fusion_enet,False,pm12,out_of_scope_incl_pm12,pp3,supporting,in_sample,not reached,,False,,,,,,,,,,856.0,841.0,804.0,37.0,0.9560047562425684,,,,,,,,,,,,,,,,,,,,,,,,,,,,
fusion_enet,False,pm12,out_of_scope_incl_pm12,pp3,supporting,logo,not reached,adapted from E3: fusion out-of-fold scores in the training folds were produced by models trained on the held-out gene; held-out values are optimistic,False,,,,7.0,,0.0,0.0,,,,,,,,,,,,,,,,,,,,,,,,,,,,,,,,,,,
fusion_enet,False,pm12,out_of_scope_incl_pm12,pp3,moderate,in_sample,not reached,,False,,,,,,,,,,856.0,841.0,804.0,37.0,0.9560047562425684,,,,,,,,,,,,,,,,,,,,,,,,,,,,
fusion_enet,False,pm12,out_of_scope_incl_pm12,pp3,moderate,logo,not reached,adapted from E3: fusion out-of-fold scores in the training folds were produced by models trained on the held-out gene; held-out values are optimistic,False,,,,7.0,,0.0,0.0,,,,,,,,,,,,,,,,,,,,,,,,,,,,,,,,,,,
fusion_enet,False,pm12,out_of_scope_incl_pm12,pp3,strong,in_sample,not reached,,False,,,,,,,,,,856.0,841.0,804.0,37.0,0.9560047562425684,,,,,,,,,,,,,,,,,,,,,,,,,,,,
fusion_enet,False,pm12,out_of_scope_incl_pm12,pp3,strong,logo,not reached,adapted from E3: fusion out-of-fold scores in the training folds were produced by models trained on the held-out gene; held-out values are optimistic,False,,,,7.0,,0.0,0.0,,,,,,,,,,,,,,,,,,,,,,,,,,,,,,,,,,,
fusion_enet,False,pm12,out_of_scope_incl_pm12,pp3,very_strong,in_sample,not reached,,False,,,,,,,,,,856.0,841.0,804.0,37.0,0.9560047562425684,,,,,,,,,,,,,,,,,,,,,,,,,,,,
fusion_enet,False,pm12,out_of_scope_incl_pm12,pp3,very_strong,logo,not reached,adapted from E3: fusion out-of-fold scores in the training folds were produced by models trained on the held-out gene; held-out values are optimistic,False,,,,7.0,,0.0,0.0,,,,,,,,,,,,,,,,,,,,,,,,,,,,,,,,,,,
fusion_enet,False,pm12,out_of_scope_incl_pm12,bp4,bp4_supporting,in_sample,ok,,True,0.6389414297866349,,,,,,,Supporting,Moderate,856.0,841.0,804.0,37.0,0.9560047562425684,17.0,0.01985981308411215,0.0178359096313912,,,,,,,,,,,,,6.0,9.0,31.0,795.0,0.16216216216216217,0.07651207234011151,0.3113648370093497,0.9888059701492538,0.9788633996320355,0.9940997869162524,0.4,0.06902985074626865,0.007611602550915449
fusion_enet,False,pm12,out_of_scope_incl_pm12,bp4,bp4_supporting,logo,no held-out threshold,no held-out threshold: E3 writes per-fold thresholds for the PP3 side only,True,,,,,,,,,,,,,,,,,,,,,,,,,,,,,,,,,,,,,,,,,,
fusion_enet,False,pm12,out_of_scope_incl_pm12,bp4,bp4_moderate,in_sample,not reached,,False,,,,,,,,,,856.0,841.0,804.0,37.0,0.9560047562425684,,,,,,,,,,,,,,,,,,,,,,,,,,,,
fusion_enet,False,pm12,out_of_scope_incl_pm12,bp4,bp4_moderate,logo,no held-out threshold,no held-out threshold: E3 writes per-fold thresholds for the PP3 side only,False,,,,,,,,,,,,,,,,,,,,,,,,,,,,,,,,,,,,,,,,,,
