tool,stratum,scope,tier,heldout_gene,threshold_from_6_genes,e3_heldout_lr,counted_in_logo_row,status,note,n_scored,n,n_pos,n_neg,prevalence,n_scored_in_band,coverage,coverage_labelled,n_pos_above,n_neg_above,n_pos_below,n_neg_below,sensitivity,sensitivity_lo,sensitivity_hi,specificity,specificity_lo,specificity_hi,ppv_observed,band_lr_plus,posterior_at_prior_0.10,tier_by_band_lr
spliceai_walker,s3_10,in_scope,supporting,BAP1,0.4728921055793762,8.623883263847528,True,ok,,768,737,146,591,0.19810040705563092,72.0,0.09375,0.09769335142469471,49.0,23.0,97.0,568.0,0.3356164383561644,0.2641061533710246,0.4155552675883203,0.961082910321489,0.9422808983046043,0.9739296178226549,0.6805555555555556,8.623883263847528,0.48932934556698937,Moderate
spliceai_walker,s3_10,in_scope,supporting,BARD1,0.4024987816810608,9.593434343434343,True,ok,,473,459,66,393,0.1437908496732026,100.0,0.21141649048625794,0.2047930283224401,58.0,36.0,8.0,357.0,0.8787878787878788,0.7786256097735968,0.9372815440040234,0.9083969465648855,0.8757883114595422,0.9330989478352036,0.6170212765957447,9.593434343434343,0.5159581692245009,Moderate
spliceai_walker,s3_10,in_scope,supporting,BRCA1,0.42590275406837463,30.367132867132867,True,ok,,530,490,104,386,0.21224489795918366,111.0,0.20943396226415095,0.20612244897959184,90.0,11.0,14.0,375.0,0.8653846153846154,0.786649411801308,0.9180888292342079,0.9715025906735751,0.9496985124252865,0.9840143899969781,0.8910891089108911,30.367132867132867,0.7713828936850519,Strong
spliceai_walker,s3_10,in_scope,supporting,BRCA2,0.42590275406837463,17.916666666666668,True,ok,,551,529,69,460,0.13043478260869565,62.0,0.11252268602540835,0.11153119092627599,43.0,16.0,26.0,444.0,0.6231884057971014,0.5052188643395578,0.7281647097298064,0.9652173913043478,0.9442505450774492,0.9784785293959275,0.7288135593220338,17.916666666666668,0.6656346749226006,Moderate
spliceai_walker,s3_10,in_scope,supporting,PALB2,0.4695175290107727,14.524137931034485,True,ok,,501,411,87,324,0.2116788321167883,57.0,0.11377245508982035,0.1192214111922141,39.0,10.0,48.0,314.0,0.4482758620689655,0.3481717712815222,0.5527545225402833,0.9691358024691358,0.9441270806915557,0.9831503938949221,0.7959183673469388,14.524137931034485,0.6174142480211082,Moderate
spliceai_walker,s3_10,in_scope,supporting,RAD51C,0.46773600578308105,10.79066985645933,True,ok,,384,379,88,291,0.23218997361477572,82.0,0.21354166666666666,0.21372031662269128,62.0,19.0,26.0,272.0,0.7045454545454546,0.6022884358332854,0.7896914005310769,0.9347079037800687,0.9002827201745677,0.9578055589024269,0.7654320987654321,10.79066985645933,0.5452402538531278,Moderate
spliceai_walker,s3_10,in_scope,supporting,VHL,0.4195183515548706,18.0,True,ok,,83,70,10,60,0.14285714285714285,13.0,0.1566265060240964,0.17142857142857143,9.0,3.0,1.0,57.0,0.9,0.5958499732047615,0.9821237869049271,0.95,0.8629948352365147,0.9828504978356043,0.75,18.0,0.6666666666666666,Moderate
spliceai_walker,s3_10,in_scope,moderate,BAP1,0.5581712126731873,9.445205479452055,True,ok,,768,737,146,591,0.19810040705563092,60.0,0.078125,0.0814111261872456,42.0,18.0,104.0,573.0,0.2876712328767123,0.22043015285749784,0.3657991825483226,0.9695431472081218,0.952372499928468,0.9806492183295668,0.7,9.445205479452055,0.5120683252877831,Moderate
spliceai_walker,s3_10,in_scope,moderate,BARD1,0.46150460839271545,13.054195804195805,True,ok,,473,459,66,393,0.1437908496732026,89.0,0.18816067653276955,0.18082788671023964,57.0,26.0,9.0,367.0,0.8636363636363636,0.7607040702832047,0.9265667973433106,0.9338422391857506,0.904829683087842,0.9544555362875733,0.6867469879518072,13.054195804195805,0.5919143876337692,Moderate
spliceai_walker,s3_10,in_scope,moderate,BRCA1,0.5537148118019104,38.50721153846154,True,ok,,530,490,104,386,0.21224489795918366,100.0,0.18867924528301888,0.18571428571428572,83.0,8.0,21.0,378.0,0.7980769230769231,0.7109532914424467,0.8639647472970532,0.9792746113989638,0.9596422469578337,0.9894615274823803,0.9120879120879121,38.50721153846154,0.8105550776703941,Strong
spliceai_walker,s3_10,in_scope,moderate,BRCA2,0.5718735456466675,28.148148148148145,True,ok,,551,529,69,460,0.13043478260869565,50.0,0.09074410163339383,0.0888468809073724,38.0,9.0,31.0,451.0,0.5507246376811594,0.43378767502688115,0.6623114437075628,0.9804347826086957,0.9632385955550486,0.9896732056534385,0.8085106382978723,28.148148148148145,0.7577268195413759,Strong
spliceai_walker,s3_10,in_scope,moderate,PALB2,0.5511174201965332,14.896551724137932,True,ok,,501,411,87,324,0.2116788321167883,52.0,0.10379241516966067,0.10948905109489052,36.0,9.0,51.0,315.0,0.41379310344827586,0.3160931236316698,0.5187840327380061,0.9722222222222222,0.9480594582865873,0.9853185260011172,0.8,14.896551724137932,0.6233766233766235,Moderate
spliceai_walker,s3_10,in_scope,moderate,RAD51C,0.5549852848052979,11.780539772727273,True,ok,,384,379,88,291,0.23218997361477572,73.0,0.19010416666666666,0.19261213720316622,57.0,16.0,31.0,275.0,0.6477272727272727,0.5436598679108756,0.7394366805744971,0.9450171821305842,0.9125621038338164,0.965876094905083,0.7808219178082192,11.780539772727273,0.5669024915410643,Moderate
spliceai_walker,s3_10,in_scope,moderate,VHL,0.532296895980835,,True,ok,,83,70,10,60,0.14285714285714285,8.0,0.0963855421686747,0.1,7.0,0.0,3.0,60.0,0.7,0.39677814746114537,0.8922087325936989,1.0,0.93982814785791,1.0,1.0,,,not evaluable
spliceai_walker,s3_10,in_scope,strong,BAP1,0.8605267405509949,14.167808219178083,True,ok,,768,737,146,591,0.19810040705563092,18.0,0.0234375,0.024423337856173677,14.0,4.0,132.0,587.0,0.0958904109589041,0.057981179774590684,0.15451981341713203,0.9932318104906938,0.9827281568280388,0.9973649273961669,0.7777777777777778,14.167808219178083,0.6115299334811531,Moderate
spliceai_walker,s3_10,in_scope,strong,BARD1,0.9002442955970764,89.31818181818181,True,ok,,473,459,66,393,0.1437908496732026,34.0,0.07188160676532769,0.06971677559912855,30.0,2.0,36.0,391.0,0.45454545454545453,0.34024125498057733,0.5738498865661081,0.9949109414758269,0.9816370381658616,0.9986032854031607,0.9375,89.31818181818181,0.9084604715672676,Strong
spliceai_walker,s3_10,in_scope,strong,BRCA1,0.893125057220459,70.51923076923076,True,ok,,530,490,104,386,0.21224489795918366,22.0,0.04150943396226415,0.04081632653061224,19.0,1.0,85.0,385.0,0.18269230769230768,0.12019423299439573,0.26779624189581414,0.9974093264248705,0.9854732731250875,0.9995425360236752,0.95,70.51923076923076,0.886819830713422,Strong
spliceai_walker,s3_10,in_scope,strong,BRCA2,0.89483243227005,33.333333333333336,True,ok,,551,529,69,460,0.13043478260869565,19.0,0.034482758620689655,0.034026465028355386,15.0,3.0,54.0,457.0,0.21739130434782608,0.13640766010620264,0.32818296408760916,0.9934782608695653,0.981003117848234,0.9977795919903479,0.8333333333333334,33.333333333333336,0.7874015748031495,Strong
spliceai_walker,s3_10,in_scope,strong,PALB2,0.8221615552902222,14.151724137931035,True,ok,,501,411,87,324,0.2116788321167883,25.0,0.0499001996007984,0.058394160583941604,19.0,5.0,68.0,319.0,0.21839080459770116,0.14450813844415483,0.31609057236345317,0.9845679012345679,0.9643892377068493,0.9933907853857626,0.7916666666666666,14.151724137931035,0.611260053619303,Moderate
spliceai_walker,s3_10,in_scope,strong,RAD51C,0.8972726464271545,72.75,True,ok,,384,379,88,291,0.23218997361477572,23.0,0.059895833333333336,0.06068601583113457,22.0,1.0,66.0,290.0,0.25,0.17128323377232502,0.34963029956012115,0.9965635738831615,0.9807946684190737,0.9993931286293506,0.9565217391304348,72.75,0.8899082568807339,Strong
spliceai_walker,s3_10,in_scope,strong,VHL,0.9594634771347046,,True,ok,,83,70,10,60,0.14285714285714285,0.0,0.0,0.0,0.0,0.0,10.0,60.0,0.0,0.0,0.2775327998628892,1.0,0.93982814785791,1.0,,,,not evaluable
spliceai_walker,s3_10,in_scope,very_strong,BAP1,,,False,not reached in this fold,,768,737,146,591,0.19810040705563092,,,,,,,,,,,,,,,,,
spliceai_walker,s3_10,in_scope,very_strong,BARD1,,,False,not reached in this fold,,473,459,66,393,0.1437908496732026,,,,,,,,,,,,,,,,,
spliceai_walker,s3_10,in_scope,very_strong,BRCA1,,,False,not reached in this fold,,530,490,104,386,0.21224489795918366,,,,,,,,,,,,,,,,,
spliceai_walker,s3_10,in_scope,very_strong,BRCA2,,,False,not reached in this fold,,551,529,69,460,0.13043478260869565,,,,,,,,,,,,,,,,,
spliceai_walker,s3_10,in_scope,very_strong,PALB2,,,False,not reached in this fold,,501,411,87,324,0.2116788321167883,,,,,,,,,,,,,,,,,
spliceai_walker,s3_10,in_scope,very_strong,RAD51C,,,False,not reached in this fold,,384,379,88,291,0.23218997361477572,,,,,,,,,,,,,,,,,
spliceai_walker,s3_10,in_scope,very_strong,VHL,,,False,not reached in this fold,,83,70,10,60,0.14285714285714285,,,,,,,,,,,,,,,,,
spliceai_walker,s11_50,in_scope,supporting,BAP1,0.25952205061912537,6.298911092497307,True,ok,,1500,1453,137,1316,0.09428768066070199,104.0,0.06933333333333333,0.06951135581555402,40.0,61.0,97.0,1255.0,0.291970802919708,0.22234142971834625,0.3729481925471618,0.9536474164133738,0.940907721405835,0.9637463883891884,0.39603960396039606,6.298911092497307,0.41172283794670445,Moderate
spliceai_walker,s11_50,in_scope,supporting,BARD1,0.23516064882278442,34.686868686868685,True,ok,,1458,1435,21,1414,0.014634146341463415,52.0,0.03566529492455418,0.03484320557491289,17.0,33.0,4.0,1381.0,0.8095238095238095,0.5999943530979508,0.9233243494723822,0.9766619519094767,0.9674066047850756,0.9833343907005654,0.34,34.686868686868685,0.7939884393063584,Strong
spliceai_walker,s11_50,in_scope,supporting,BRCA1,0.23924380540847778,,True,ok,,361,345,3,342,0.008695652173913044,15.0,0.04155124653739612,0.034782608695652174,2.0,10.0,1.0,332.0,0.6666666666666666,0.2076596008020477,0.9385080552796037,0.9707602339181286,0.9470209985326522,0.984041463145619,0.16666666666666666,,,not evaluable
spliceai_walker,s11_50,in_scope,supporting,PALB2,0.248490571975708,19.24285714285714,True,ok,,540,464,15,449,0.032327586206896554,30.0,0.05555555555555555,0.04956896551724138,9.0,14.0,6.0,435.0,0.6,0.357468301206246,0.8017550385865841,0.9688195991091314,0.948347965790714,0.9813372293245549,0.391304347826087,19.24285714285714,0.6813353566009105,Strong
spliceai_walker,s11_50,in_scope,supporting,RAD51C,0.25803783535957336,19.058823529411764,True,ok,,768,765,36,729,0.047058823529411764,33.0,0.04296875,0.043137254901960784,16.0,17.0,20.0,712.0,0.4444444444444444,0.2954126874008022,0.6041893824430271,0.9766803840877915,0.9629731511635192,0.9853902248911194,0.48484848484848486,19.058823529411764,0.679245283018868,Strong
spliceai_walker,s11_50,in_scope,supporting,VHL,0.2674357295036316,,True,ok,,80,75,13,62,0.17333333333333334,9.0,0.1125,0.10666666666666667,7.0,1.0,6.0,61.0,0.5384615384615384,0.29143795714506004,0.7679393219046169,0.9838709677419355,0.9141327973931,0.9971471328313782,0.875,,,not evaluable
spliceai_walker,s11_50,in_scope,moderate,BAP1,0.3117328882217407,6.147737226277372,True,ok,,1500,1453,137,1316,0.09428768066070199,83.0,0.05533333333333333,0.056434962147281484,32.0,50.0,105.0,1266.0,0.23357664233576642,0.17058990287581238,0.31109680634141734,0.9620060790273556,0.9502599591096016,0.9710628193751122,0.3902439024390244,6.147737226277372,0.4058518532796207,Moderate
spliceai_walker,s11_50,in_scope,moderate,BARD1,0.31530946493148804,52.03030303030303,True,ok,,1458,1435,21,1414,0.014634146341463415,40.0,0.027434842249657063,0.027177700348432057,17.0,22.0,4.0,1392.0,0.8095238095238095,0.5999943530979508,0.9233243494723822,0.9844413012729845,0.9765544895558501,0.9897030503665,0.4358974358974359,52.03030303030303,0.85253227408143,Strong
spliceai_walker,s11_50,in_scope,moderate,BRCA1,0.2904297113418579,,True,ok,,361,345,3,342,0.008695652173913044,9.0,0.024930747922437674,0.017391304347826087,2.0,4.0,1.0,338.0,0.6666666666666666,0.2076596008020477,0.9385080552796037,0.9883040935672515,0.9703178936359643,0.9954425479806278,0.3333333333333333,,,not evaluable
spliceai_walker,s11_50,in_scope,moderate,PALB2,0.3187180757522583,29.933333333333334,True,ok,,540,464,15,449,0.032327586206896554,20.0,0.037037037037037035,0.034482758620689655,8.0,8.0,7.0,441.0,0.5333333333333333,0.30116980025498397,0.7519046463426261,0.9821826280623608,0.9652399141854918,0.990944621408122,0.5,29.933333333333334,0.7688356164383562,Strong
spliceai_walker,s11_50,in_scope,moderate,RAD51C,0.3144303560256958,20.25,True,ok,,768,765,36,729,0.047058823529411764,26.0,0.033854166666666664,0.03398692810457516,13.0,13.0,23.0,716.0,0.3611111111111111,0.22475592946515371,0.5242492451444196,0.9821673525377229,0.9697304287406084,0.9895493602758102,0.5,20.25,0.6923076923076923,Strong
spliceai_walker,s11_50,in_scope,moderate,VHL,0.29005610942840576,,True,ok,,80,75,13,62,0.17333333333333334,8.0,0.1,0.10666666666666667,7.0,1.0,6.0,61.0,0.5384615384615384,0.29143795714506004,0.7679393219046169,0.9838709677419355,0.9141327973931,0.9971471328313782,0.875,,,not evaluable
spliceai_walker,s11_50,in_scope,strong,BAP1,0.6346065402030945,9.605839416058394,True,ok,,1500,1453,137,1316,0.09428768066070199,30.0,0.02,0.02064693737095664,15.0,15.0,122.0,1301.0,0.10948905109489052,0.06748288586903367,0.17279763312060442,0.9886018237082067,0.981278951147078,0.9930805004411968,0.5,9.605839416058394,0.516280894468419,Moderate
spliceai_walker,s11_50,in_scope,strong,BARD1,,,False,not reached in this fold,,1458,1435,21,1414,0.014634146341463415,,,,,,,,,,,,,,,,,
spliceai_walker,s11_50,in_scope,strong,BRCA1,,,False,not reached in this fold,,361,345,3,342,0.008695652173913044,,,,,,,,,,,,,,,,,
spliceai_walker,s11_50,in_scope,strong,PALB2,,,False,not reached in this fold,,540,464,15,449,0.032327586206896554,,,,,,,,,,,,,,,,,
spliceai_walker,s11_50,in_scope,strong,RAD51C,,,False,not reached in this fold,,768,765,36,729,0.047058823529411764,,,,,,,,,,,,,,,,,
spliceai_walker,s11_50,in_scope,strong,VHL,,,False,not reached in this fold,,80,75,13,62,0.17333333333333334,,,,,,,,,,,,,,,,,
spliceai_walker,s11_50,in_scope,very_strong,BAP1,,,False,not reached in this fold,,1500,1453,137,1316,0.09428768066070199,,,,,,,,,,,,,,,,,
spliceai_walker,s11_50,in_scope,very_strong,BARD1,,,False,not reached in this fold,,1458,1435,21,1414,0.014634146341463415,,,,,,,,,,,,,,,,,
spliceai_walker,s11_50,in_scope,very_strong,BRCA1,,,False,not reached in this fold,,361,345,3,342,0.008695652173913044,,,,,,,,,,,,,,,,,
spliceai_walker,s11_50,in_scope,very_strong,PALB2,,,False,not reached in this fold,,540,464,15,449,0.032327586206896554,,,,,,,,,,,,,,,,,
spliceai_walker,s11_50,in_scope,very_strong,RAD51C,,,False,not reached in this fold,,768,765,36,729,0.047058823529411764,,,,,,,,,,,,,,,,,
spliceai_walker,s11_50,in_scope,very_strong,VHL,,,False,not reached in this fold,,80,75,13,62,0.17333333333333334,,,,,,,,,,,,,,,,,
spliceai_walker,s3_50,in_scope,supporting,BAP1,0.34113407135009766,7.701161029782939,True,ok,,2268,2190,283,1907,0.12922374429223743,181.0,0.07980599647266313,0.0821917808219178,96.0,84.0,187.0,1823.0,0.3392226148409894,0.2865440249200928,0.3962075536901509,0.955951756685894,0.9457889472466614,0.964281321520299,0.5333333333333333,7.701161029782939,0.4611153090524407,Moderate
spliceai_walker,s3_50,in_scope,supporting,BARD1,0.3335808515548706,23.519100743745774,True,ok,,1931,1894,87,1807,0.04593453009503696,152.0,0.07871569135163128,0.07655755015839494,77.0,68.0,10.0,1739.0,0.8850574712643678,0.8011941795053155,0.9363545220434655,0.9623685666851135,0.952567961480522,0.97020746530269,0.5310344827586206,23.519100743745774,0.7232395793807145,Strong
spliceai_walker,s3_50,in_scope,supporting,BRCA1,0.3335808515548706,29.689039932030585,True,ok,,891,835,107,728,0.1281437125748503,133.0,0.14927048260381592,0.14131736526946106,96.0,22.0,11.0,706.0,0.897196261682243,0.825240244677948,0.9416208279239807,0.9697802197802198,0.9546687129761464,0.9799599443046436,0.8135593220338984,29.689039932030585,0.7673759799723301,Strong
spliceai_walker,s3_50,in_scope,supporting,BRCA2,0.30944734811782837,10.88888888888889,True,ok,,551,529,69,460,0.13043478260869565,82.0,0.14882032667876588,0.14933837429111532,49.0,30.0,20.0,430.0,0.7101449275362319,0.5942855002638685,0.8038394202073997,0.9347826086956522,0.9084252668927401,0.9539383541104159,0.620253164556962,10.88888888888889,0.5474860335195532,Moderate
spliceai_walker,s3_50,in_scope,supporting,PALB2,0.38691866397857666,17.770114942528735,True,ok,,1041,875,102,773,0.11657142857142858,110.0,0.10566762728146013,0.11085714285714286,68.0,29.0,34.0,744.0,0.6666666666666666,0.5706063272058552,0.7506288520786568,0.96248382923674,0.9466400624797263,0.973753657347516,0.7010309278350515,17.770114942528735,0.6638042078145127,Moderate
spliceai_walker,s3_50,in_scope,supporting,RAD51C,0.3144303560256958,14.605003291639237,True,ok,,1152,1144,124,1020,0.10839160839160839,137.0,0.1189236111111111,0.11888111888111888,87.0,49.0,37.0,971.0,0.7016129032258065,0.6160094665398644,0.7750999627582494,0.9519607843137254,0.9370566847331594,0.9634733651653866,0.6397058823529411,14.605003291639237,0.6187248995983936,Moderate
spliceai_walker,s3_50,in_scope,supporting,VHL,0.3208850920200348,15.913043478260871,True,ok,,163,145,23,122,0.15862068965517243,21.0,0.12883435582822086,0.13793103448275862,15.0,5.0,8.0,117.0,0.6521739130434783,0.44890335377263,0.8118872406120227,0.9590163934426229,0.9076394737210987,0.9823692805447255,0.75,15.913043478260871,0.6387434554973821,Moderate
spliceai_walker,s3_50,in_scope,moderate,BAP1,0.4353603720664978,9.14512872286724,True,ok,,2268,2190,283,1907,0.12922374429223743,133.0,0.05864197530864197,0.06027397260273973,76.0,56.0,207.0,1851.0,0.26855123674911663,0.22026729082811655,0.3230344322261903,0.9706345044572627,0.9620597019681315,0.9773170274376731,0.5757575757575758,9.14512872286724,0.5039991097633918,Moderate
spliceai_walker,s3_50,in_scope,moderate,BARD1,0.4246741533279419,33.69374201787995,True,ok,,1931,1894,87,1807,0.04593453009503696,125.0,0.0647332988089073,0.06230200633579725,73.0,45.0,14.0,1762.0,0.8390804597701149,0.7478296289321998,0.9016535560137414,0.9750968456004427,0.9668413091027956,0.9813366728162796,0.6186440677966102,33.69374201787995,0.7891962715230995,Strong
spliceai_walker,s3_50,in_scope,moderate,BRCA1,0.4361940026283264,48.149532710280376,True,ok,,891,835,107,728,0.1281437125748503,116.0,0.13019079685746351,0.12574850299401197,92.0,13.0,15.0,715.0,0.8598130841121495,0.7815182005609461,0.9131677122666834,0.9821428571428571,0.9696891829942456,0.9895349652676177,0.8761904761904762,48.149532710280376,0.8425183973834833,Strong
spliceai_walker,s3_50,in_scope,moderate,BRCA2,0.42135316133499146,17.916666666666668,True,ok,,551,529,69,460,0.13043478260869565,62.0,0.11252268602540835,0.11153119092627599,43.0,16.0,26.0,444.0,0.6231884057971014,0.5052188643395578,0.7281647097298064,0.9652173913043478,0.9442505450774492,0.9784785293959275,0.7288135593220338,17.916666666666668,0.6656346749226006,Moderate
spliceai_walker,s3_50,in_scope,moderate,PALB2,0.4277547001838684,25.855824682814298,True,ok,,1041,875,102,773,0.11657142857142858,86.0,0.08261287223823247,0.08571428571428572,58.0,17.0,44.0,756.0,0.5686274509803921,0.4717497773240239,0.6605235317931281,0.9780077619663649,0.9650635474289467,0.9862245070498393,0.7733333333333333,25.855824682814298,0.7417935142289874,Strong
spliceai_walker,s3_50,in_scope,moderate,RAD51C,0.4302749037742615,26.391129032258064,True,ok,,1152,1144,124,1020,0.10839160839160839,102.0,0.08854166666666667,0.08828671328671328,77.0,24.0,47.0,996.0,0.6209677419354839,0.5331564711030891,0.7015091864757793,0.9764705882352941,0.9652276475886014,0.9841380883131198,0.7623762376237624,26.391129032258064,0.7456989859861001,Strong
spliceai_walker,s3_50,in_scope,moderate,VHL,0.42583805322647095,24.7536231884058,True,ok,,163,145,23,122,0.15862068965517243,18.0,0.11042944785276074,0.11724137931034483,14.0,3.0,9.0,119.0,0.6086956521739131,0.4078552239138171,0.7784237720752205,0.9754098360655737,0.93019240156411,0.9916023796397794,0.8235294117647058,24.7536231884058,0.7333619579218549,Strong
spliceai_walker,s3_50,in_scope,strong,BAP1,0.802905261516571,15.161660777385158,True,ok,,2268,2190,283,1907,0.12922374429223743,39.0,0.017195767195767195,0.01780821917808219,27.0,12.0,256.0,1895.0,0.09540636042402827,0.06639855104121976,0.13525102590104182,0.9937073938122706,0.9890330441970886,0.9963966947840422,0.6923076923076923,15.161660777385158,0.6275090490292861,Moderate
spliceai_walker,s3_50,in_scope,strong,BARD1,0.896651029586792,283.8582375478927,True,ok,,1931,1894,87,1807,0.04593453009503696,46.0,0.023821853961677887,0.023231256599788808,41.0,3.0,46.0,1804.0,0.47126436781609193,0.36982264609147514,0.5751364060317501,0.9983397897066962,0.9951300349172987,0.9994352215977012,0.9318181818181818,283.8582375478927,0.9692684075566487,Strong
spliceai_walker,s3_50,in_scope,strong,BRCA1,0.8964378833770752,57.83177570093457,True,ok,,891,835,107,728,0.1281437125748503,21.0,0.02356902356902357,0.022754491017964073,17.0,2.0,90.0,726.0,0.1588785046728972,0.10162676845186588,0.23977489860765425,0.9972527472527473,0.9900390232784716,0.9992462806269261,0.8947368421052632,57.83177570093457,0.8653335197874422,Strong
spliceai_walker,s3_50,in_scope,strong,BRCA2,0.893125057220459,33.333333333333336,True,ok,,551,529,69,460,0.13043478260869565,19.0,0.034482758620689655,0.034026465028355386,15.0,3.0,54.0,457.0,0.21739130434782608,0.13640766010620264,0.32818296408760916,0.9934782608695653,0.981003117848234,0.9977795919903479,0.8333333333333334,33.333333333333336,0.7874015748031495,Strong
spliceai_walker,s3_50,in_scope,strong,PALB2,0.8415428400039673,27.787581699346404,True,ok,,1041,875,102,773,0.11657142857142858,29.0,0.027857829010566763,0.032,22.0,6.0,80.0,767.0,0.21568627450980393,0.14697200198252877,0.3050385745321267,0.9922380336351876,0.9831699548777185,0.9964379063649825,0.7857142857142857,27.787581699346404,0.7553522252820466,Strong
spliceai_walker,s3_50,in_scope,strong,RAD51C,0.8951824903488159,213.8709677419355,True,ok,,1152,1144,124,1020,0.10839160839160839,27.0,0.0234375,0.0236013986013986,26.0,1.0,98.0,1019.0,0.20967741935483872,0.14729885722962444,0.28950356458109167,0.9990196078431373,0.9944676512822519,0.99982691574239,0.9629629629629629,213.8709677419355,0.9596178897090751,Strong
spliceai_walker,s3_50,in_scope,strong,VHL,0.8794773817062378,,True,ok,,163,145,23,122,0.15862068965517243,6.0,0.03680981595092025,0.041379310344827586,6.0,0.0,17.0,122.0,0.2608695652173913,0.12548616044986347,0.4647000483742537,1.0,0.969473821610987,1.0,1.0,,,not evaluable
spliceai_walker,s3_50,in_scope,very_strong,BAP1,,,False,not reached in this fold,,2268,2190,283,1907,0.12922374429223743,,,,,,,,,,,,,,,,,
spliceai_walker,s3_50,in_scope,very_strong,BARD1,,,False,not reached in this fold,,1931,1894,87,1807,0.04593453009503696,,,,,,,,,,,,,,,,,
spliceai_walker,s3_50,in_scope,very_strong,BRCA1,,,False,not reached in this fold,,891,835,107,728,0.1281437125748503,,,,,,,,,,,,,,,,,
spliceai_walker,s3_50,in_scope,very_strong,BRCA2,,,False,not reached in this fold,,551,529,69,460,0.13043478260869565,,,,,,,,,,,,,,,,,
spliceai_walker,s3_50,in_scope,very_strong,PALB2,,,False,not reached in this fold,,1041,875,102,773,0.11657142857142858,,,,,,,,,,,,,,,,,
spliceai_walker,s3_50,in_scope,very_strong,RAD51C,,,False,not reached in this fold,,1152,1144,124,1020,0.10839160839160839,,,,,,,,,,,,,,,,,
spliceai_walker,s3_50,in_scope,very_strong,VHL,,,False,not reached in this fold,,163,145,23,122,0.15862068965517243,,,,,,,,,,,,,,,,,
spliceai_walker,pm12,out_of_scope_incl_pm12,supporting,BAP1,,,False,not reached in this fold,,192,192,177,15,0.921875,,,,,,,,,,,,,,,,,
spliceai_walker,pm12,out_of_scope_incl_pm12,supporting,BARD1,,,False,not reached in this fold,,119,119,119,0,1.0,,,,,,,,,,,,,,,,,
spliceai_walker,pm12,out_of_scope_incl_pm12,supporting,BRCA1,,,False,not reached in this fold,,143,135,128,7,0.9481481481481482,,,,,,,,,,,,,,,,,
spliceai_walker,pm12,out_of_scope_incl_pm12,supporting,BRCA2,,,False,not reached in this fold,,138,134,121,13,0.9029850746268657,,,,,,,,,,,,,,,,,
spliceai_walker,pm12,out_of_scope_incl_pm12,supporting,PALB2,,,False,not reached in this fold,,144,141,139,2,0.9858156028368794,,,,,,,,,,,,,,,,,
spliceai_walker,pm12,out_of_scope_incl_pm12,supporting,RAD51C,,,False,not reached in this fold,,96,96,96,0,1.0,,,,,,,,,,,,,,,,,
spliceai_walker,pm12,out_of_scope_incl_pm12,supporting,VHL,,,False,not reached in this fold,,24,24,24,0,1.0,,,,,,,,,,,,,,,,,
spliceai_walker,pm12,out_of_scope_incl_pm12,moderate,BAP1,,,False,not reached in this fold,,192,192,177,15,0.921875,,,,,,,,,,,,,,,,,
spliceai_walker,pm12,out_of_scope_incl_pm12,moderate,BARD1,,,False,not reached in this fold,,119,119,119,0,1.0,,,,,,,,,,,,,,,,,
spliceai_walker,pm12,out_of_scope_incl_pm12,moderate,BRCA1,,,False,not reached in this fold,,143,135,128,7,0.9481481481481482,,,,,,,,,,,,,,,,,
spliceai_walker,pm12,out_of_scope_incl_pm12,moderate,BRCA2,,,False,not reached in this fold,,138,134,121,13,0.9029850746268657,,,,,,,,,,,,,,,,,
spliceai_walker,pm12,out_of_scope_incl_pm12,moderate,PALB2,,,False,not reached in this fold,,144,141,139,2,0.9858156028368794,,,,,,,,,,,,,,,,,
spliceai_walker,pm12,out_of_scope_incl_pm12,moderate,RAD51C,,,False,not reached in this fold,,96,96,96,0,1.0,,,,,,,,,,,,,,,,,
spliceai_walker,pm12,out_of_scope_incl_pm12,moderate,VHL,,,False,not reached in this fold,,24,24,24,0,1.0,,,,,,,,,,,,,,,,,
spliceai_walker,pm12,out_of_scope_incl_pm12,strong,BAP1,,,False,not reached in this fold,,192,192,177,15,0.921875,,,,,,,,,,,,,,,,,
spliceai_walker,pm12,out_of_scope_incl_pm12,strong,BARD1,,,False,not reached in this fold,,119,119,119,0,1.0,,,,,,,,,,,,,,,,,
spliceai_walker,pm12,out_of_scope_incl_pm12,strong,BRCA1,,,False,not reached in this fold,,143,135,128,7,0.9481481481481482,,,,,,,,,,,,,,,,,
spliceai_walker,pm12,out_of_scope_incl_pm12,strong,BRCA2,,,False,not reached in this fold,,138,134,121,13,0.9029850746268657,,,,,,,,,,,,,,,,,
spliceai_walker,pm12,out_of_scope_incl_pm12,strong,PALB2,,,False,not reached in this fold,,144,141,139,2,0.9858156028368794,,,,,,,,,,,,,,,,,
spliceai_walker,pm12,out_of_scope_incl_pm12,strong,RAD51C,,,False,not reached in this fold,,96,96,96,0,1.0,,,,,,,,,,,,,,,,,
spliceai_walker,pm12,out_of_scope_incl_pm12,strong,VHL,,,False,not reached in this fold,,24,24,24,0,1.0,,,,,,,,,,,,,,,,,
spliceai_walker,pm12,out_of_scope_incl_pm12,very_strong,BAP1,,,False,not reached in this fold,,192,192,177,15,0.921875,,,,,,,,,,,,,,,,,
spliceai_walker,pm12,out_of_scope_incl_pm12,very_strong,BARD1,,,False,not reached in this fold,,119,119,119,0,1.0,,,,,,,,,,,,,,,,,
spliceai_walker,pm12,out_of_scope_incl_pm12,very_strong,BRCA1,,,False,not reached in this fold,,143,135,128,7,0.9481481481481482,,,,,,,,,,,,,,,,,
spliceai_walker,pm12,out_of_scope_incl_pm12,very_strong,BRCA2,,,False,not reached in this fold,,138,134,121,13,0.9029850746268657,,,,,,,,,,,,,,,,,
spliceai_walker,pm12,out_of_scope_incl_pm12,very_strong,PALB2,,,False,not reached in this fold,,144,141,139,2,0.9858156028368794,,,,,,,,,,,,,,,,,
spliceai_walker,pm12,out_of_scope_incl_pm12,very_strong,RAD51C,,,False,not reached in this fold,,96,96,96,0,1.0,,,,,,,,,,,,,,,,,
spliceai_walker,pm12,out_of_scope_incl_pm12,very_strong,VHL,,,False,not reached in this fold,,24,24,24,0,1.0,,,,,,,,,,,,,,,,,
spliceai,s3_10,in_scope,supporting,BAP1,0.397732138633728,7.61013698630137,True,ok,,768,737,146,591,0.19810040705563092,72.0,0.09375,0.09769335142469471,47.0,25.0,99.0,566.0,0.3219178082191781,0.25153647806039703,0.4014300613122267,0.9576988155668359,0.9383003886545804,0.9711856466203685,0.6527777777777778,7.61013698630137,0.458162204958187,Moderate
spliceai,s3_10,in_scope,supporting,BARD1,0.36217308044433594,9.867532467532467,True,ok,,473,459,66,393,0.1437908496732026,99.0,0.20930232558139536,0.20261437908496732,58.0,35.0,8.0,358.0,0.8787878787878788,0.7786256097735968,0.9372815440040234,0.910941475826972,0.878659088399439,0.9352679669033739,0.6236559139784946,9.867532467532467,0.5229900881057268,Moderate
spliceai,s3_10,in_scope,supporting,BRCA1,0.407998263835907,32.29038461538462,True,ok,,530,490,104,386,0.21224489795918366,104.0,0.19622641509433963,0.19795918367346937,87.0,10.0,17.0,376.0,0.8365384615384616,0.7537363724335733,0.8953646390465073,0.9740932642487047,0.9529749150041149,0.9858682780907995,0.8969072164948454,32.29038461538462,0.7820315774765962,Strong
spliceai,s3_10,in_scope,supporting,BRCA2,0.4035568833351135,17.916666666666668,True,ok,,551,529,69,460,0.13043478260869565,62.0,0.11252268602540835,0.11153119092627599,43.0,16.0,26.0,444.0,0.6231884057971014,0.5052188643395578,0.7281647097298064,0.9652173913043478,0.9442505450774492,0.9784785293959275,0.7288135593220338,17.916666666666668,0.6656346749226006,Moderate
spliceai,s3_10,in_scope,supporting,PALB2,0.3986382782459259,9.638945233265721,True,ok,,501,411,87,324,0.2116788321167883,72.0,0.1437125748502994,0.14841849148418493,44.0,17.0,43.0,307.0,0.5057471264367817,0.40269096786899555,0.6083172217063595,0.9475308641975309,0.9175878897314207,0.9669860169464692,0.7213114754098361,9.638945233265721,0.5171400587659158,Moderate
spliceai,s3_10,in_scope,supporting,RAD51C,0.36053788661956787,9.391363636363636,True,ok,,384,379,88,291,0.23218997361477572,97.0,0.2526041666666667,0.2532981530343008,71.0,25.0,17.0,266.0,0.8068181818181818,0.7122293318676104,0.8757404226789328,0.9140893470790378,0.8762555578162776,0.9411328819369069,0.7395833333333334,9.391363636363636,0.5106398754356047,Moderate
spliceai,s3_10,in_scope,supporting,VHL,0.3694680333137512,13.5,True,ok,,83,70,10,60,0.14285714285714285,14.0,0.1686746987951807,0.18571428571428572,9.0,4.0,1.0,56.0,0.9,0.5958499732047615,0.9821237869049271,0.9333333333333333,0.8407464268680283,0.9737713012754938,0.6923076923076923,13.5,0.6000000000000001,Moderate
spliceai,s3_10,in_scope,moderate,BAP1,0.5639702081680298,7.842893835616438,True,ok,,768,737,146,591,0.19810040705563092,47.0,0.061197916666666664,0.06377204884667571,31.0,16.0,115.0,575.0,0.21232876712328766,0.15380968218954816,0.28559780448930533,0.9729272419627749,0.9564779825997154,0.9832682165106292,0.6595744680851063,7.842893835616438,0.4656500190621426,Moderate
spliceai,s3_10,in_scope,moderate,BARD1,0.4302749037742615,11.115151515151515,True,ok,,473,459,66,393,0.1437908496732026,92.0,0.1945031712473573,0.18736383442265794,56.0,30.0,10.0,363.0,0.8484848484848485,0.7430709513021234,0.9155636301732872,0.9236641221374046,0.8931178037711223,0.9460082315720253,0.6511627906976745,11.115151515151515,0.5525760771316661,Moderate
spliceai,s3_10,in_scope,moderate,BRCA1,0.5881946086883545,39.76648351648352,True,ok,,530,490,104,386,0.21224489795918366,89.0,0.16792452830188678,0.1673469387755102,75.0,7.0,29.0,379.0,0.7211538461538461,0.6282749133758253,0.7982771798825133,0.9818652849740933,0.9630456807626845,0.9911883843501793,0.9146341463414634,39.76648351648352,0.8154470170694609,Strong
spliceai,s3_10,in_scope,moderate,BRCA2,0.5849548578262329,28.148148148148145,True,ok,,551,529,69,460,0.13043478260869565,50.0,0.09074410163339383,0.0888468809073724,38.0,9.0,31.0,451.0,0.5507246376811594,0.43378767502688115,0.6623114437075628,0.9804347826086957,0.9632385955550486,0.9896732056534385,0.8085106382978723,28.148148148148145,0.7577268195413759,Strong
spliceai,s3_10,in_scope,moderate,PALB2,0.5849548578262329,15.362068965517242,True,ok,,501,411,87,324,0.2116788321167883,48.0,0.09580838323353294,0.09975669099756691,33.0,8.0,54.0,316.0,0.3793103448275862,0.2845042271336969,0.4843237917838494,0.9753086419753086,0.9520419676612581,0.9874365263276732,0.8048780487804879,15.362068965517242,0.6305732484076434,Moderate
spliceai,s3_10,in_scope,moderate,RAD51C,0.5624926686286926,11.573863636363637,True,ok,,384,379,88,291,0.23218997361477572,72.0,0.1875,0.18997361477572558,56.0,16.0,32.0,275.0,0.6363636363636364,0.5321128870350564,0.7292070038745184,0.9450171821305842,0.9125621038338164,0.965876094905083,0.7777777777777778,11.573863636363637,0.5625517812758907,Moderate
spliceai,s3_10,in_scope,moderate,VHL,0.5556567311286926,,True,ok,,83,70,10,60,0.14285714285714285,8.0,0.0963855421686747,0.1,7.0,0.0,3.0,60.0,0.7,0.39677814746114537,0.8922087325936989,1.0,0.93982814785791,1.0,1.0,,,not evaluable
spliceai,s3_10,in_scope,strong,BAP1,0.8589727878570557,13.155821917808218,True,ok,,768,737,146,591,0.19810040705563092,17.0,0.022135416666666668,0.023066485753052916,13.0,4.0,133.0,587.0,0.08904109589041095,0.05277427149060861,0.14637928090775348,0.9932318104906938,0.9827281568280388,0.9973649273961669,0.7647058823529411,13.155821917808218,0.5937862276837468,Moderate
spliceai,s3_10,in_scope,strong,BARD1,0.9091305136680603,83.36363636363636,True,ok,,473,459,66,393,0.1437908496732026,32.0,0.06765327695560254,0.06535947712418301,28.0,2.0,38.0,391.0,0.42424242424242425,0.3124251014854188,0.5443934677590571,0.9949109414758269,0.9816370381658616,0.9986032854031607,0.9333333333333333,83.36363636363636,0.9025590551181102,Strong
spliceai,s3_10,in_scope,strong,BRCA1,0.8964378833770752,55.67307692307691,True,ok,,530,490,104,386,0.21224489795918366,18.0,0.033962264150943396,0.0326530612244898,15.0,1.0,89.0,385.0,0.14423076923076922,0.08939607699457373,0.22441142515505547,0.9974093264248705,0.9854732731250875,0.9995425360236752,0.9375,55.67307692307691,0.8608385370205174,Strong
spliceai,s3_10,in_scope,strong,BRCA2,0.9021759033203125,26.666666666666668,True,ok,,551,529,69,460,0.13043478260869565,16.0,0.029038112522686024,0.02835538752362949,12.0,3.0,57.0,457.0,0.17391304347826086,0.10238368967996812,0.2798362613128917,0.9934782608695653,0.981003117848234,0.9977795919903479,0.8,26.666666666666668,0.7476635514018692,Strong
spliceai,s3_10,in_scope,strong,PALB2,0.8332176208496094,12.662068965517243,True,ok,,501,411,87,324,0.2116788321167883,23.0,0.04590818363273453,0.0535279805352798,17.0,5.0,70.0,319.0,0.19540229885057472,0.1257338159889031,0.2908321365172852,0.9845679012345679,0.9643892377068493,0.9933907853857626,0.7727272727272727,12.662068965517243,0.5845272206303725,Moderate
spliceai,s3_10,in_scope,strong,RAD51C,0.903536856174469,66.13636363636364,True,ok,,384,379,88,291,0.23218997361477572,21.0,0.0546875,0.055408970976253295,20.0,1.0,68.0,290.0,0.22727272727272727,0.15221745302401474,0.32514276515683554,0.9965635738831615,0.9807946684190737,0.9993931286293506,0.9523809523809523,66.13636363636364,0.8802177858439201,Strong
spliceai,s3_10,in_scope,strong,VHL,,,False,not reached in this fold,,83,70,10,60,0.14285714285714285,,,,,,,,,,,,,,,,,
spliceai,s3_10,in_scope,very_strong,BAP1,,,False,not reached in this fold,,768,737,146,591,0.19810040705563092,,,,,,,,,,,,,,,,,
spliceai,s3_10,in_scope,very_strong,BARD1,,,False,not reached in this fold,,473,459,66,393,0.1437908496732026,,,,,,,,,,,,,,,,,
spliceai,s3_10,in_scope,very_strong,BRCA1,,,False,not reached in this fold,,530,490,104,386,0.21224489795918366,,,,,,,,,,,,,,,,,
spliceai,s3_10,in_scope,very_strong,BRCA2,,,False,not reached in this fold,,551,529,69,460,0.13043478260869565,,,,,,,,,,,,,,,,,
spliceai,s3_10,in_scope,very_strong,PALB2,,,False,not reached in this fold,,501,411,87,324,0.2116788321167883,,,,,,,,,,,,,,,,,
spliceai,s3_10,in_scope,very_strong,RAD51C,,,False,not reached in this fold,,384,379,88,291,0.23218997361477572,,,,,,,,,,,,,,,,,
spliceai,s3_10,in_scope,very_strong,VHL,,,False,not reached in this fold,,83,70,10,60,0.14285714285714285,,,,,,,,,,,,,,,,,
spliceai,s11_50,in_scope,supporting,BAP1,0.21477490663528442,5.367969085444397,True,ok,,1500,1453,137,1316,0.09428768066070199,107.0,0.07133333333333333,0.0729525120440468,38.0,68.0,99.0,1248.0,0.2773722627737226,0.2092568534120377,0.35763204059140086,0.9483282674772037,0.9350098708488959,0.9590369043254154,0.3584905660377358,5.367969085444397,0.37360667005349196,Moderate
spliceai,s11_50,in_scope,supporting,BARD1,0.2335781455039978,44.02564102564103,True,ok,,1458,1435,21,1414,0.014634146341463415,45.0,0.030864197530864196,0.029965156794425088,17.0,26.0,4.0,1388.0,0.8095238095238095,0.5999943530979508,0.9233243494723822,0.9816124469589816,0.9731938370103218,0.9874213231168613,0.3953488372093023,44.02564102564103,0.8302707930367504,Strong
spliceai,s11_50,in_scope,supporting,BRCA1,0.24022004008293152,,True,ok,,361,345,3,342,0.008695652173913044,13.0,0.036011080332409975,0.028985507246376812,2.0,8.0,1.0,334.0,0.6666666666666666,0.2076596008020477,0.9385080552796037,0.9766081871345029,0.9545280891121224,0.9881003658789227,0.2,,,not evaluable
spliceai,s11_50,in_scope,supporting,PALB2,0.24022004008293152,19.24285714285714,True,ok,,540,464,15,449,0.032327586206896554,30.0,0.05555555555555555,0.04956896551724138,9.0,14.0,6.0,435.0,0.6,0.357468301206246,0.8017550385865841,0.9688195991091314,0.948347965790714,0.9813372293245549,0.391304347826087,19.24285714285714,0.6813353566009105,Strong
spliceai,s11_50,in_scope,supporting,RAD51C,0.23924380540847778,26.999999999999996,True,ok,,768,765,36,729,0.047058823529411764,28.0,0.036458333333333336,0.036601307189542485,16.0,12.0,20.0,717.0,0.4444444444444444,0.2954126874008022,0.6041893824430271,0.9835390946502057,0.9714498657554926,0.9905590265013711,0.5714285714285714,26.999999999999996,0.75,Strong
spliceai,s11_50,in_scope,supporting,VHL,0.24251067638397217,,True,ok,,80,75,13,62,0.17333333333333334,9.0,0.1125,0.10666666666666667,7.0,1.0,6.0,61.0,0.5384615384615384,0.29143795714506004,0.7679393219046169,0.9838709677419355,0.9141327973931,0.9971471328313782,0.875,,,not evaluable
spliceai,s11_50,in_scope,moderate,BAP1,0.2728308439254761,6.665276329509907,True,ok,,1500,1453,137,1316,0.09428768066070199,84.0,0.056,0.05712319339298004,34.0,49.0,103.0,1267.0,0.24817518248175183,0.18337592153203014,0.32671151594726916,0.9627659574468085,0.9511161234280079,0.9717219885739505,0.40963855421686746,6.665276329509907,0.42548092924182923,Moderate
spliceai,s11_50,in_scope,moderate,BARD1,0.3262026906013489,63.37254901960784,True,ok,,1458,1435,21,1414,0.014634146341463415,34.0,0.023319615912208505,0.022996515679442508,16.0,17.0,5.0,1397.0,0.7619047619047619,0.5490882631704924,0.8937198697736354,0.987977369165488,0.9808303000740539,0.9924802145922549,0.48484848484848486,63.37254901960784,0.8756434570577079,Strong
spliceai,s11_50,in_scope,moderate,BRCA1,0.3111262619495392,,True,ok,,361,345,3,342,0.008695652173913044,9.0,0.024930747922437674,0.017391304347826087,2.0,4.0,1.0,338.0,0.6666666666666666,0.2076596008020477,0.9385080552796037,0.9883040935672515,0.9703178936359643,0.9954425479806278,0.3333333333333333,,,not evaluable
spliceai,s11_50,in_scope,moderate,PALB2,0.3141079246997833,26.19166666666667,True,ok,,540,464,15,449,0.032327586206896554,19.0,0.03518518518518519,0.032327586206896554,7.0,8.0,8.0,441.0,0.4666666666666667,0.24809535365737387,0.698830199745016,0.9821826280623608,0.9652399141854918,0.990944621408122,0.4666666666666667,26.19166666666667,0.7442576367511249,Strong
spliceai,s11_50,in_scope,moderate,RAD51C,0.3111262619495392,24.3,True,ok,,768,765,36,729,0.047058823529411764,22.0,0.028645833333333332,0.02875816993464052,12.0,10.0,24.0,719.0,0.3333333333333333,0.2021461882430531,0.4966600212884348,0.9862825788751715,0.9749349060687326,0.9925321926690213,0.5454545454545454,24.3,0.7297297297297297,Strong
spliceai,s11_50,in_scope,moderate,VHL,0.3111262619495392,,True,ok,,80,75,13,62,0.17333333333333334,8.0,0.1,0.10666666666666667,7.0,1.0,6.0,61.0,0.5384615384615384,0.29143795714506004,0.7679393219046169,0.9838709677419355,0.9141327973931,0.9971471328313782,0.875,,,not evaluable
spliceai,s11_50,in_scope,strong,BAP1,0.6014209985733032,9.605839416058394,True,ok,,1500,1453,137,1316,0.09428768066070199,31.0,0.020666666666666667,0.02064693737095664,15.0,15.0,122.0,1301.0,0.10948905109489052,0.06748288586903367,0.17279763312060442,0.9886018237082067,0.981278951147078,0.9930805004411968,0.5,9.605839416058394,0.516280894468419,Moderate
spliceai,s11_50,in_scope,strong,BARD1,,,False,not reached in this fold,,1458,1435,21,1414,0.014634146341463415,,,,,,,,,,,,,,,,,
spliceai,s11_50,in_scope,strong,BRCA1,,,False,not reached in this fold,,361,345,3,342,0.008695652173913044,,,,,,,,,,,,,,,,,
spliceai,s11_50,in_scope,strong,PALB2,,,False,not reached in this fold,,540,464,15,449,0.032327586206896554,,,,,,,,,,,,,,,,,
spliceai,s11_50,in_scope,strong,RAD51C,,,False,not reached in this fold,,768,765,36,729,0.047058823529411764,,,,,,,,,,,,,,,,,
spliceai,s11_50,in_scope,strong,VHL,,,False,not reached in this fold,,80,75,13,62,0.17333333333333334,,,,,,,,,,,,,,,,,
spliceai,s11_50,in_scope,very_strong,BAP1,,,False,not reached in this fold,,1500,1453,137,1316,0.09428768066070199,,,,,,,,,,,,,,,,,
spliceai,s11_50,in_scope,very_strong,BARD1,,,False,not reached in this fold,,1458,1435,21,1414,0.014634146341463415,,,,,,,,,,,,,,,,,
spliceai,s11_50,in_scope,very_strong,BRCA1,,,False,not reached in this fold,,361,345,3,342,0.008695652173913044,,,,,,,,,,,,,,,,,
spliceai,s11_50,in_scope,very_strong,PALB2,,,False,not reached in this fold,,540,464,15,449,0.032327586206896554,,,,,,,,,,,,,,,,,
spliceai,s11_50,in_scope,very_strong,RAD51C,,,False,not reached in this fold,,768,765,36,729,0.047058823529411764,,,,,,,,,,,,,,,,,
spliceai,s11_50,in_scope,very_strong,VHL,,,False,not reached in this fold,,80,75,13,62,0.17333333333333334,,,,,,,,,,,,,,,,,
spliceai,s3_50,in_scope,supporting,BAP1,0.3360421359539032,7.877419997013885,True,ok,,2268,2190,283,1907,0.12922374429223743,155.0,0.068342151675485,0.07031963470319634,83.0,71.0,200.0,1836.0,0.29328621908127206,0.24329596422506827,0.34881320827381646,0.9627687467226009,0.9532987094557659,0.9703781303220864,0.538961038961039,7.877419997013885,0.46674313955614266,Moderate
spliceai,s3_50,in_scope,supporting,BARD1,0.3360421359539032,27.329098608590442,True,ok,,1931,1894,87,1807,0.04593453009503696,139.0,0.07198342827550493,0.06969376979936642,75.0,57.0,12.0,1750.0,0.8620689655172413,0.7742137261595751,0.9193022170877859,0.9684560044272275,0.9593509400517536,0.9755735348399147,0.5681818181818182,27.329098608590442,0.7522647039232665,Strong
spliceai,s3_50,in_scope,supporting,BRCA1,0.3314278721809387,35.530633437175496,True,ok,,891,835,107,728,0.1281437125748503,125.0,0.14029180695847362,0.1341317365269461,94.0,18.0,13.0,710.0,0.8785046728971962,0.8031678343823965,0.9276056583323826,0.9752747252747253,0.9612561704526676,0.9843038161530437,0.8392857142857143,35.530633437175496,0.7978919385304201,Strong
spliceai,s3_50,in_scope,supporting,BRCA2,0.32680821418762207,13.333333333333334,True,ok,,551,529,69,460,0.13043478260869565,75.0,0.13611615245009073,0.13610586011342155,48.0,24.0,21.0,436.0,0.6956521739130435,0.5791642983213836,0.7915037310829005,0.9478260869565217,0.9235428385274057,0.9646916911058446,0.6666666666666666,13.333333333333334,0.5970149253731344,Moderate
spliceai,s3_50,in_scope,supporting,PALB2,0.3335808515548706,12.084525702172762,True,ok,,1041,875,102,773,0.11657142857142858,113.0,0.10854947166186359,0.10971428571428571,59.0,37.0,43.0,736.0,0.5784313725490197,0.4814653869221886,0.6697041092116998,0.9521345407503234,0.934721045596446,0.965076451129767,0.6145833333333334,12.084525702172762,0.5731466703530093,Moderate
spliceai,s3_50,in_scope,supporting,RAD51C,0.33111053705215454,17.47983870967742,True,ok,,1152,1144,124,1020,0.10839160839160839,126.0,0.109375,0.10926573426573427,85.0,40.0,39.0,980.0,0.6854838709677419,0.5992293760058301,0.7605912989484346,0.9607843137254902,0.9470406096776876,0.9710702871820016,0.68,17.47983870967742,0.6601187756966651,Moderate
spliceai,s3_50,in_scope,supporting,VHL,0.3335808515548706,15.913043478260871,True,ok,,163,145,23,122,0.15862068965517243,21.0,0.12883435582822086,0.13793103448275862,15.0,5.0,8.0,117.0,0.6521739130434783,0.44890335377263,0.8118872406120227,0.9590163934426229,0.9076394737210987,0.9823692805447255,0.75,15.913043478260871,0.6387434554973821,Moderate
spliceai,s3_50,in_scope,moderate,BAP1,0.3770623207092285,8.565910043720429,True,ok,,2268,2190,283,1907,0.12922374429223743,135.0,0.05952380952380952,0.06118721461187215,75.0,59.0,208.0,1848.0,0.26501766784452296,0.21699339032924028,0.3193358399472698,0.9690613529103304,0.9602977371573629,0.9759390143228512,0.5597014925373134,8.565910043720429,0.48764396620502015,Moderate
spliceai,s3_50,in_scope,moderate,BARD1,0.37314295768737793,32.96126936531734,True,ok,,1931,1894,87,1807,0.04593453009503696,126.0,0.06525116519937856,0.06282998944033791,73.0,46.0,14.0,1761.0,0.8390804597701149,0.7478296289321998,0.9016535560137414,0.9745434421693414,0.9662127340532279,0.9808607889468967,0.6134453781512605,32.96126936531734,0.7855164980438162,Strong
spliceai,s3_50,in_scope,moderate,BRCA1,0.36843645572662354,43.73831775700934,True,ok,,891,835,107,728,0.1281437125748503,116.0,0.13019079685746351,0.12455089820359282,90.0,14.0,17.0,714.0,0.8411214953271028,0.7602251013923458,0.8983732315481341,0.9807692307692307,0.9679806629821682,0.9885106529484647,0.8653846153846154,43.73831775700934,0.8293460925039873,Strong
spliceai,s3_50,in_scope,moderate,BRCA2,0.3791576027870178,16.666666666666664,True,ok,,551,529,69,460,0.13043478260869565,66.0,0.11978221415607986,0.11909262759924386,45.0,18.0,24.0,442.0,0.6521739130434783,0.5344787754895757,0.7538185807137565,0.9608695652173913,0.9389983822674208,0.9751070559959243,0.7142857142857143,16.666666666666664,0.6493506493506493,Moderate
spliceai,s3_50,in_scope,moderate,PALB2,0.38023096323013306,15.739819004524888,True,ok,,1041,875,102,773,0.11657142857142858,93.0,0.0893371757925072,0.09142857142857143,54.0,26.0,48.0,747.0,0.5294117647058824,0.43324770610972513,0.623440854940483,0.9663648124191462,0.9511726498530997,0.9769446536370285,0.675,15.739819004524888,0.6362139917695474,Moderate
spliceai,s3_50,in_scope,moderate,RAD51C,0.3818904459476471,22.408231368186875,True,ok,,1152,1144,124,1020,0.10839160839160839,109.0,0.09461805555555555,0.0944055944055944,79.0,29.0,45.0,991.0,0.6370967741935484,0.5495245537453526,0.7164298581773647,0.9715686274509804,0.9594662319501509,0.9801323667509351,0.7314814814814815,22.408231368186875,0.7134509137271569,Strong
spliceai,s3_50,in_scope,moderate,VHL,0.3818904459476471,19.891304347826086,True,ok,,163,145,23,122,0.15862068965517243,20.0,0.12269938650306748,0.1310344827586207,15.0,4.0,8.0,118.0,0.6521739130434783,0.44890335377263,0.8118872406120227,0.9672131147540983,0.9187243662061949,0.987177401528662,0.7894736842105263,19.891304347826086,0.6884875846501128,Strong
spliceai,s3_50,in_scope,strong,BAP1,0.8085200786590576,14.038574793875148,True,ok,,2268,2190,283,1907,0.12922374429223743,37.0,0.016313932980599646,0.016894977168949773,25.0,12.0,258.0,1895.0,0.08833922261484099,0.06055145469896995,0.12715313668769798,0.9937073938122706,0.9890330441970886,0.9963966947840422,0.6756756756756757,14.038574793875148,0.6093508352611869,Moderate
spliceai,s3_50,in_scope,strong,BARD1,0.9002442955970764,283.8582375478927,True,ok,,1931,1894,87,1807,0.04593453009503696,46.0,0.023821853961677887,0.023231256599788808,41.0,3.0,46.0,1804.0,0.47126436781609193,0.36982264609147514,0.5751364060317501,0.9983397897066962,0.9951300349172987,0.9994352215977012,0.9318181818181818,283.8582375478927,0.9692684075566487,Strong
spliceai,s3_50,in_scope,strong,BRCA1,0.8969249129295349,51.02803738317756,True,ok,,891,835,107,728,0.1281437125748503,19.0,0.02132435465768799,0.02035928143712575,15.0,2.0,92.0,726.0,0.14018691588785046,0.08683228773331665,0.21848179943905388,0.9972527472527473,0.9900390232784716,0.9992462806269261,0.8823529411764706,51.02803738317756,0.8500700607192901,Strong
spliceai,s3_50,in_scope,strong,BRCA2,0.883614718914032,35.55555555555556,True,ok,,551,529,69,460,0.13043478260869565,20.0,0.036297640653357534,0.035916824196597356,16.0,3.0,53.0,457.0,0.2318840579710145,0.1480790448607033,0.3439684704000926,0.9934782608695653,0.981003117848234,0.9977795919903479,0.8421052631578947,35.55555555555556,0.7980049875311721,Strong
spliceai,s3_50,in_scope,strong,PALB2,0.8605267405509949,42.94444444444444,True,ok,,1041,875,102,773,0.11657142857142858,21.0,0.020172910662824207,0.022857142857142857,17.0,3.0,85.0,770.0,0.16666666666666666,0.10674216558718021,0.2507874758437952,0.9961190168175937,0.9886521884803086,0.9986792564252784,0.85,42.94444444444444,0.8267379679144384,Strong
spliceai,s3_50,in_scope,strong,RAD51C,0.89483243227005,213.8709677419355,True,ok,,1152,1144,124,1020,0.10839160839160839,27.0,0.0234375,0.0236013986013986,26.0,1.0,98.0,1019.0,0.20967741935483872,0.14729885722962444,0.28950356458109167,0.9990196078431373,0.9944676512822519,0.99982691574239,0.9629629629629629,213.8709677419355,0.9596178897090751,Strong
spliceai,s3_50,in_scope,strong,VHL,0.8784627914428711,,True,ok,,163,145,23,122,0.15862068965517243,6.0,0.03680981595092025,0.041379310344827586,6.0,0.0,17.0,122.0,0.2608695652173913,0.12548616044986347,0.4647000483742537,1.0,0.969473821610987,1.0,1.0,,,not evaluable
spliceai,s3_50,in_scope,very_strong,BAP1,,,False,not reached in this fold,,2268,2190,283,1907,0.12922374429223743,,,,,,,,,,,,,,,,,
spliceai,s3_50,in_scope,very_strong,BARD1,,,False,not reached in this fold,,1931,1894,87,1807,0.04593453009503696,,,,,,,,,,,,,,,,,
spliceai,s3_50,in_scope,very_strong,BRCA1,,,False,not reached in this fold,,891,835,107,728,0.1281437125748503,,,,,,,,,,,,,,,,,
spliceai,s3_50,in_scope,very_strong,BRCA2,,,False,not reached in this fold,,551,529,69,460,0.13043478260869565,,,,,,,,,,,,,,,,,
spliceai,s3_50,in_scope,very_strong,PALB2,,,False,not reached in this fold,,1041,875,102,773,0.11657142857142858,,,,,,,,,,,,,,,,,
spliceai,s3_50,in_scope,very_strong,RAD51C,,,False,not reached in this fold,,1152,1144,124,1020,0.10839160839160839,,,,,,,,,,,,,,,,,
spliceai,s3_50,in_scope,very_strong,VHL,,,False,not reached in this fold,,163,145,23,122,0.15862068965517243,,,,,,,,,,,,,,,,,
spliceai,pm12,out_of_scope_incl_pm12,supporting,BAP1,,,False,not reached in this fold,,192,192,177,15,0.921875,,,,,,,,,,,,,,,,,
spliceai,pm12,out_of_scope_incl_pm12,supporting,BARD1,,,False,not reached in this fold,,119,119,119,0,1.0,,,,,,,,,,,,,,,,,
spliceai,pm12,out_of_scope_incl_pm12,supporting,BRCA1,,,False,not reached in this fold,,143,135,128,7,0.9481481481481482,,,,,,,,,,,,,,,,,
spliceai,pm12,out_of_scope_incl_pm12,supporting,BRCA2,,,False,not reached in this fold,,138,134,121,13,0.9029850746268657,,,,,,,,,,,,,,,,,
spliceai,pm12,out_of_scope_incl_pm12,supporting,PALB2,,,False,not reached in this fold,,144,141,139,2,0.9858156028368794,,,,,,,,,,,,,,,,,
spliceai,pm12,out_of_scope_incl_pm12,supporting,RAD51C,,,False,not reached in this fold,,96,96,96,0,1.0,,,,,,,,,,,,,,,,,
spliceai,pm12,out_of_scope_incl_pm12,supporting,VHL,,,False,not reached in this fold,,24,24,24,0,1.0,,,,,,,,,,,,,,,,,
spliceai,pm12,out_of_scope_incl_pm12,moderate,BAP1,,,False,not reached in this fold,,192,192,177,15,0.921875,,,,,,,,,,,,,,,,,
spliceai,pm12,out_of_scope_incl_pm12,moderate,BARD1,,,False,not reached in this fold,,119,119,119,0,1.0,,,,,,,,,,,,,,,,,
spliceai,pm12,out_of_scope_incl_pm12,moderate,BRCA1,,,False,not reached in this fold,,143,135,128,7,0.9481481481481482,,,,,,,,,,,,,,,,,
spliceai,pm12,out_of_scope_incl_pm12,moderate,BRCA2,,,False,not reached in this fold,,138,134,121,13,0.9029850746268657,,,,,,,,,,,,,,,,,
spliceai,pm12,out_of_scope_incl_pm12,moderate,PALB2,,,False,not reached in this fold,,144,141,139,2,0.9858156028368794,,,,,,,,,,,,,,,,,
spliceai,pm12,out_of_scope_incl_pm12,moderate,RAD51C,,,False,not reached in this fold,,96,96,96,0,1.0,,,,,,,,,,,,,,,,,
spliceai,pm12,out_of_scope_incl_pm12,moderate,VHL,,,False,not reached in this fold,,24,24,24,0,1.0,,,,,,,,,,,,,,,,,
spliceai,pm12,out_of_scope_incl_pm12,strong,BAP1,,,False,not reached in this fold,,192,192,177,15,0.921875,,,,,,,,,,,,,,,,,
spliceai,pm12,out_of_scope_incl_pm12,strong,BARD1,,,False,not reached in this fold,,119,119,119,0,1.0,,,,,,,,,,,,,,,,,
spliceai,pm12,out_of_scope_incl_pm12,strong,BRCA1,,,False,not reached in this fold,,143,135,128,7,0.9481481481481482,,,,,,,,,,,,,,,,,
spliceai,pm12,out_of_scope_incl_pm12,strong,BRCA2,,,False,not reached in this fold,,138,134,121,13,0.9029850746268657,,,,,,,,,,,,,,,,,
spliceai,pm12,out_of_scope_incl_pm12,strong,PALB2,,,False,not reached in this fold,,144,141,139,2,0.9858156028368794,,,,,,,,,,,,,,,,,
spliceai,pm12,out_of_scope_incl_pm12,strong,RAD51C,,,False,not reached in this fold,,96,96,96,0,1.0,,,,,,,,,,,,,,,,,
spliceai,pm12,out_of_scope_incl_pm12,strong,VHL,,,False,not reached in this fold,,24,24,24,0,1.0,,,,,,,,,,,,,,,,,
spliceai,pm12,out_of_scope_incl_pm12,very_strong,BAP1,,,False,not reached in this fold,,192,192,177,15,0.921875,,,,,,,,,,,,,,,,,
spliceai,pm12,out_of_scope_incl_pm12,very_strong,BARD1,,,False,not reached in this fold,,119,119,119,0,1.0,,,,,,,,,,,,,,,,,
spliceai,pm12,out_of_scope_incl_pm12,very_strong,BRCA1,,,False,not reached in this fold,,143,135,128,7,0.9481481481481482,,,,,,,,,,,,,,,,,
spliceai,pm12,out_of_scope_incl_pm12,very_strong,BRCA2,,,False,not reached in this fold,,138,134,121,13,0.9029850746268657,,,,,,,,,,,,,,,,,
spliceai,pm12,out_of_scope_incl_pm12,very_strong,PALB2,,,False,not reached in this fold,,144,141,139,2,0.9858156028368794,,,,,,,,,,,,,,,,,
spliceai,pm12,out_of_scope_incl_pm12,very_strong,RAD51C,,,False,not reached in this fold,,96,96,96,0,1.0,,,,,,,,,,,,,,,,,
spliceai,pm12,out_of_scope_incl_pm12,very_strong,VHL,,,False,not reached in this fold,,24,24,24,0,1.0,,,,,,,,,,,,,,,,,
pangolin,s3_10,in_scope,supporting,BAP1,0.4237273037433624,9.652792413066384,True,ok,,768,737,146,591,0.19810040705563092,88.0,0.11458333333333333,0.11940298507462686,62.0,26.0,84.0,565.0,0.4246575342465753,0.3474221047314316,0.5057560465416014,0.9560067681895094,0.9363203389162396,0.9698034559325546,0.7045454545454546,9.652792413066384,0.5174985170748242,Moderate
pangolin,s3_10,in_scope,supporting,BARD1,0.3873639404773712,13.893939393939394,True,ok,,473,459,66,393,0.1437908496732026,86.0,0.18181818181818182,0.17429193899782136,56.0,24.0,10.0,369.0,0.8484848484848485,0.7430709513021234,0.9155636301732872,0.9389312977099237,0.910742846354402,0.9586219650371474,0.7,13.893939393939394,0.6068828590337525,Moderate
pangolin,s3_10,in_scope,supporting,BRCA1,0.4281759262084961,24.39010989010989,True,ok,,530,490,104,386,0.21224489795918366,117.0,0.22075471698113208,0.2163265306122449,92.0,14.0,12.0,372.0,0.8846153846153846,0.8090795037039419,0.9327502237018642,0.9637305699481865,0.9400478352354852,0.97827419516883,0.8679245283018868,24.39010989010989,0.7304591081125555,Strong
pangolin,s3_10,in_scope,supporting,BRCA2,0.4059005677700043,17.40740740740741,True,ok,,551,529,69,460,0.13043478260869565,68.0,0.12341197822141561,0.12287334593572778,47.0,18.0,22.0,442.0,0.6811594202898551,0.5641587428411312,0.779052395496169,0.9608695652173913,0.9389983822674208,0.9751070559959243,0.7230769230769231,17.40740740740741,0.6591865357643759,Moderate
pangolin,s3_10,in_scope,supporting,PALB2,0.4619028568267822,12.103448275862071,True,ok,,501,411,87,324,0.2116788321167883,80.0,0.1596806387225549,0.1654501216545012,52.0,16.0,35.0,308.0,0.5977011494252874,0.49264741201064083,0.6944918107703932,0.9506172839506173,0.9212967651434294,0.9693776512356873,0.7647058823529411,12.103448275862071,0.573529411764706,Moderate
pangolin,s3_10,in_scope,supporting,RAD51C,0.40685799717903137,9.920454545454547,True,ok,,384,379,88,291,0.23218997361477572,89.0,0.23177083333333334,0.23218997361477572,66.0,22.0,22.0,269.0,0.75,0.6503697004398789,0.828716766227675,0.9243986254295533,0.8881916683093452,0.9495466911057444,0.75,9.920454545454547,0.5243243243243244,Moderate
pangolin,s3_10,in_scope,supporting,VHL,0.4059005677700043,,True,ok,,83,70,10,60,0.14285714285714285,10.0,0.12048192771084337,0.12857142857142856,7.0,2.0,3.0,58.0,0.7,0.39677814746114537,0.8922087325936989,0.9666666666666667,0.886362257256914,0.9908106807438021,0.7777777777777778,,,not evaluable
pangolin,s3_10,in_scope,moderate,BAP1,0.584811270236969,16.19178082191781,True,ok,,768,737,146,591,0.19810040705563092,60.0,0.078125,0.0814111261872456,48.0,12.0,98.0,579.0,0.3287671232876712,0.25781253486628486,0.40850144529969945,0.9796954314720813,0.9648476784528697,0.9883474823620955,0.8,16.19178082191781,0.6427406199021208,Moderate
pangolin,s3_10,in_scope,moderate,BARD1,0.516849935054779,25.650349650349654,True,ok,,473,459,66,393,0.1437908496732026,74.0,0.15644820295983086,0.1503267973856209,56.0,13.0,10.0,380.0,0.8484848484848485,0.7430709513021234,0.9155636301732872,0.9669211195928753,0.9442341925279327,0.980568374952353,0.8115942028985508,25.650349650349654,0.7402623612512614,Strong
pangolin,s3_10,in_scope,moderate,BRCA1,0.584811270236969,47.50769230769232,True,ok,,530,490,104,386,0.21224489795918366,74.0,0.13962264150943396,0.14081632653061224,64.0,5.0,40.0,381.0,0.6153846153846154,0.5193615482827892,0.7031873699389527,0.9870466321243523,0.9700399002187525,0.9944547462394107,0.927536231884058,47.50769230769232,0.8407296487884565,Strong
pangolin,s3_10,in_scope,moderate,BRCA2,0.5797222256660461,27.333333333333332,True,ok,,551,529,69,460,0.13043478260869565,53.0,0.09618874773139746,0.09640831758034027,41.0,10.0,28.0,450.0,0.5942028985507246,0.476358878348368,0.7021109135870279,0.9782608695652174,0.9604502784405959,0.9881497046628755,0.803921568627451,27.333333333333332,0.7522935779816514,Strong
pangolin,s3_10,in_scope,moderate,PALB2,0.547325074672699,12.865203761755486,True,ok,,501,411,87,324,0.2116788321167883,57.0,0.11377245508982035,0.1192214111922141,38.0,11.0,49.0,313.0,0.4367816091954023,0.337425457881576,0.5414844567895197,0.9660493827160493,0.9402383146151442,0.9809386502701066,0.7755102040816326,12.865203761755486,0.5883870967741937,Moderate
pangolin,s3_10,in_scope,moderate,RAD51C,0.5411291122436523,11.780539772727273,True,ok,,384,379,88,291,0.23218997361477572,74.0,0.19270833333333334,0.19261213720316622,57.0,16.0,31.0,275.0,0.6477272727272727,0.5436598679108756,0.7394366805744971,0.9450171821305842,0.9125621038338164,0.965876094905083,0.7808219178082192,11.780539772727273,0.5669024915410643,Moderate
pangolin,s3_10,in_scope,moderate,VHL,0.5108555555343628,,True,ok,,83,70,10,60,0.14285714285714285,8.0,0.0963855421686747,0.11428571428571428,6.0,2.0,4.0,58.0,0.6,0.31267376973365824,0.8318196702937638,0.9666666666666667,0.886362257256914,0.9908106807438021,0.75,,,not evaluable
pangolin,s3_10,in_scope,strong,BAP1,0.7043490409851074,32.38356164383562,True,ok,,768,737,146,591,0.19810040705563092,27.0,0.03515625,0.036635006784260515,24.0,3.0,122.0,588.0,0.1643835616438356,0.11302482647674397,0.23295057464858507,0.9949238578680203,0.9851831413206559,0.9982721833297049,0.8888888888888888,32.38356164383562,0.7825223435948361,Strong
pangolin,s3_10,in_scope,strong,BARD1,0.7039144039154053,64.01136363636363,True,ok,,473,459,66,393,0.1437908496732026,48.0,0.1014799154334038,0.10239651416122005,43.0,4.0,23.0,389.0,0.6515151515151515,0.5311216021303434,0.7552412593807046,0.989821882951654,0.9741257221024165,0.9960350094504719,0.9148936170212766,64.01136363636363,0.8767315175097276,Strong
pangolin,s3_10,in_scope,strong,BRCA1,0.7079978585243225,185.57692307692307,True,ok,,530,490,104,386,0.21224489795918366,54.0,0.1018867924528302,0.10408163265306122,50.0,1.0,54.0,385.0,0.4807692307692308,0.38715349183388725,0.5757550217958225,0.9974093264248705,0.9854732731250875,0.9995425360236752,0.9803921568627451,185.57692307692307,0.9537457995651314,Strong
pangolin,s3_10,in_scope,strong,BRCA2,0.7064163088798523,55.0,True,ok,,551,529,69,460,0.13043478260869565,39.0,0.07078039927404718,0.06994328922495274,33.0,4.0,36.0,456.0,0.4782608695652174,0.36468721213563554,0.5941274512638886,0.991304347826087,0.9778575089261213,0.9966133828074449,0.8918918918918919,55.0,0.859375,Strong
pangolin,s3_10,in_scope,strong,PALB2,0.7014550566673279,78.20689655172414,True,ok,,501,411,87,324,0.2116788321167883,24.0,0.04790419161676647,0.0535279805352798,21.0,1.0,66.0,323.0,0.2413793103448276,0.16364163157594577,0.340989837533082,0.9969135802469136,0.9827270986957413,0.9994549632017777,0.9545454545454546,78.20689655172414,0.8967971530249111,Strong
pangolin,s3_10,in_scope,strong,RAD51C,0.7039144039154053,27.11590909090909,True,ok,,384,379,88,291,0.23218997361477572,46.0,0.11979166666666667,0.12137203166226913,41.0,5.0,47.0,286.0,0.4659090909090909,0.36530468030457786,0.5693653469680284,0.9828178694158075,0.9604155138680641,0.992639056964487,0.8913043478260869,27.11590909090909,0.7508023409477063,Strong
pangolin,s3_10,in_scope,strong,VHL,0.6972330212593079,,True,ok,,83,70,10,60,0.14285714285714285,3.0,0.03614457831325301,0.04285714285714286,3.0,0.0,7.0,60.0,0.3,0.10779126740630099,0.6032218525388546,1.0,0.93982814785791,1.0,1.0,,,not evaluable
pangolin,s3_10,in_scope,very_strong,BAP1,,,False,not reached in this fold,,768,737,146,591,0.19810040705563092,,,,,,,,,,,,,,,,,
pangolin,s3_10,in_scope,very_strong,BARD1,,,False,not reached in this fold,,473,459,66,393,0.1437908496732026,,,,,,,,,,,,,,,,,
pangolin,s3_10,in_scope,very_strong,BRCA1,,,False,not reached in this fold,,530,490,104,386,0.21224489795918366,,,,,,,,,,,,,,,,,
pangolin,s3_10,in_scope,very_strong,BRCA2,,,False,not reached in this fold,,551,529,69,460,0.13043478260869565,,,,,,,,,,,,,,,,,
pangolin,s3_10,in_scope,very_strong,PALB2,,,False,not reached in this fold,,501,411,87,324,0.2116788321167883,,,,,,,,,,,,,,,,,
pangolin,s3_10,in_scope,very_strong,RAD51C,,,False,not reached in this fold,,384,379,88,291,0.23218997361477572,,,,,,,,,,,,,,,,,
pangolin,s3_10,in_scope,very_strong,VHL,,,False,not reached in this fold,,83,70,10,60,0.14285714285714285,,,,,,,,,,,,,,,,,
pangolin,s11_50,in_scope,supporting,BAP1,0.15677422285079956,5.8702351987023516,True,ok,,1500,1453,137,1316,0.09428768066070199,117.0,0.078,0.07983482450103235,44.0,72.0,93.0,1244.0,0.32116788321167883,0.24877798989522748,0.40331308889441986,0.9452887537993921,0.9316554969539941,0.9563299441513389,0.3793103448275862,5.8702351987023516,0.3947641123534224,Moderate
pangolin,s11_50,in_scope,supporting,BARD1,0.1961333304643631,35.91111111111111,True,ok,,1458,1435,21,1414,0.014634146341463415,48.0,0.03292181069958848,0.03205574912891986,16.0,30.0,5.0,1384.0,0.7619047619047619,0.5490882631704924,0.8937198697736354,0.9787835926449788,0.9698741452895145,0.9850986350425015,0.34782608695652173,35.91111111111111,0.7996041563582384,Strong
pangolin,s11_50,in_scope,supporting,BRCA1,0.18852393329143524,,True,ok,,361,345,3,342,0.008695652173913044,18.0,0.04986149584487535,0.04057971014492753,2.0,12.0,1.0,330.0,0.6666666666666666,0.2076596008020477,0.9385080552796037,0.9649122807017544,0.9396800586026204,0.9798164097628774,0.14285714285714285,,,not evaluable
pangolin,s11_50,in_scope,supporting,PALB2,0.19547562301158905,8.163636363636364,True,ok,,540,464,15,449,0.032327586206896554,35.0,0.06481481481481481,0.0603448275862069,6.0,22.0,9.0,427.0,0.4,0.1982449614134158,0.6425316987937539,0.9510022271714922,0.9269298908692544,0.967422850274888,0.21428571428571427,8.163636363636364,0.475635593220339,Moderate
pangolin,s11_50,in_scope,supporting,RAD51C,0.19446353614330292,11.172413793103447,True,ok,,768,765,36,729,0.047058823529411764,45.0,0.05859375,0.058823529411764705,16.0,29.0,20.0,700.0,0.4444444444444444,0.2954126874008022,0.6041893824430271,0.9602194787379973,0.9434526687741035,0.9721614683951952,0.35555555555555557,11.172413793103447,0.5538461538461538,Moderate
pangolin,s11_50,in_scope,supporting,VHL,0.19020886719226837,,True,ok,,80,75,13,62,0.17333333333333334,9.0,0.1125,0.10666666666666667,8.0,0.0,5.0,62.0,0.6153846153846154,0.355228915126657,0.8229029220223743,1.0,0.9416559278986275,1.0,1.0,,,not evaluable
pangolin,s11_50,in_scope,moderate,BAP1,0.4013124406337738,20.012165450121657,True,ok,,1500,1453,137,1316,0.09428768066070199,37.0,0.024666666666666667,0.025464556090846524,25.0,12.0,112.0,1304.0,0.18248175182481752,0.1267685353952011,0.255515624904785,0.9908814589665653,0.9841292683387579,0.9947761838012505,0.6756756756756757,20.012165450121657,0.6897853069439787,Strong
pangolin,s11_50,in_scope,moderate,BARD1,0.3481931686401367,104.74074074074073,True,ok,,1458,1435,21,1414,0.014634146341463415,23.0,0.01577503429355281,0.01602787456445993,14.0,9.0,7.0,1405.0,0.6666666666666666,0.4537345197425524,0.8280524739491653,0.9936350777934936,0.9879474737067664,0.9966478005498765,0.6086956521739131,104.74074074074073,0.9208726799088246,Strong
pangolin,s11_50,in_scope,moderate,BRCA1,0.3433511257171631,,True,ok,,361,345,3,342,0.008695652173913044,12.0,0.0332409972299169,0.02608695652173913,2.0,7.0,1.0,335.0,0.6666666666666666,0.2076596008020477,0.9385080552796037,0.97953216374269,0.9583606767533254,0.9900507748941064,0.2222222222222222,,,not evaluable
pangolin,s11_50,in_scope,moderate,PALB2,0.3399258553981781,24.944444444444443,True,ok,,540,464,15,449,0.032327586206896554,15.0,0.027777777777777776,0.023706896551724137,5.0,6.0,10.0,443.0,0.3333333333333333,0.1517632443971473,0.5828645226148023,0.9866369710467706,0.9711560499116886,0.993861599174707,0.45454545454545453,24.944444444444443,0.734860883797054,Strong
pangolin,s11_50,in_scope,moderate,RAD51C,0.35604557394981384,28.928571428571427,True,ok,,768,765,36,729,0.047058823529411764,17.0,0.022135416666666668,0.022222222222222223,10.0,7.0,26.0,722.0,0.2777777777777778,0.1584833794013461,0.43992489997397105,0.99039780521262,0.9803133421276994,0.9953410663313894,0.5882352941176471,28.928571428571427,0.7627118644067796,Strong
pangolin,s11_50,in_scope,moderate,VHL,0.43816468119621277,,True,ok,,80,75,13,62,0.17333333333333334,4.0,0.05,0.05333333333333334,4.0,0.0,9.0,62.0,0.3076923076923077,0.12680703655710515,0.5763065681945096,1.0,0.9416559278986275,1.0,1.0,,,not evaluable
pangolin,s11_50,in_scope,strong,BAP1,,,False,not reached in this fold,,1500,1453,137,1316,0.09428768066070199,,,,,,,,,,,,,,,,,
pangolin,s11_50,in_scope,strong,BARD1,,,False,not reached in this fold,,1458,1435,21,1414,0.014634146341463415,,,,,,,,,,,,,,,,,
pangolin,s11_50,in_scope,strong,BRCA1,,,False,not reached in this fold,,361,345,3,342,0.008695652173913044,,,,,,,,,,,,,,,,,
pangolin,s11_50,in_scope,strong,PALB2,,,False,not reached in this fold,,540,464,15,449,0.032327586206896554,,,,,,,,,,,,,,,,,
pangolin,s11_50,in_scope,strong,RAD51C,,,False,not reached in this fold,,768,765,36,729,0.047058823529411764,,,,,,,,,,,,,,,,,
pangolin,s11_50,in_scope,strong,VHL,,,False,not reached in this fold,,80,75,13,62,0.17333333333333334,,,,,,,,,,,,,,,,,
pangolin,s11_50,in_scope,very_strong,BAP1,,,False,not reached in this fold,,1500,1453,137,1316,0.09428768066070199,,,,,,,,,,,,,,,,,
pangolin,s11_50,in_scope,very_strong,BARD1,,,False,not reached in this fold,,1458,1435,21,1414,0.014634146341463415,,,,,,,,,,,,,,,,,
pangolin,s11_50,in_scope,very_strong,BRCA1,,,False,not reached in this fold,,361,345,3,342,0.008695652173913044,,,,,,,,,,,,,,,,,
pangolin,s11_50,in_scope,very_strong,PALB2,,,False,not reached in this fold,,540,464,15,449,0.032327586206896554,,,,,,,,,,,,,,,,,
pangolin,s11_50,in_scope,very_strong,RAD51C,,,False,not reached in this fold,,768,765,36,729,0.047058823529411764,,,,,,,,,,,,,,,,,
pangolin,s11_50,in_scope,very_strong,VHL,,,False,not reached in this fold,,80,75,13,62,0.17333333333333334,,,,,,,,,,,,,,,,,
pangolin,s3_50,in_scope,supporting,BAP1,0.38681676983833313,14.730709179061549,True,ok,,2268,2190,283,1907,0.12922374429223743,137.0,0.06040564373897707,0.06255707762557078,94.0,43.0,189.0,1864.0,0.3321554770318021,0.2798520684295404,0.38895452462510954,0.9774514944939696,0.9697663590229749,0.9832169413937216,0.6861313868613139,14.730709179061549,0.6207445832280049,Moderate
pangolin,s3_50,in_scope,supporting,BARD1,0.3615992069244385,40.386334610472545,True,ok,,1931,1894,87,1807,0.04593453009503696,112.0,0.05800103573278094,0.0559662090813094,70.0,36.0,17.0,1771.0,0.8045977011494253,0.7091678634827149,0.8742661840110969,0.9800774764803541,0.9725430624305201,0.9855750497591104,0.660377358490566,40.386334610472545,0.8177633535473693,Strong
pangolin,s3_50,in_scope,supporting,BRCA1,0.3580588400363922,27.498442367601246,True,ok,,891,835,107,728,0.1281437125748503,135.0,0.15151515151515152,0.14491017964071856,97.0,24.0,10.0,704.0,0.9065420560747663,0.8364631287640076,0.9484417337814959,0.967032967032967,0.9514152545897837,0.9777477380285456,0.8016528925619835,27.498442367601246,0.7534141345169,Strong
pangolin,s3_50,in_scope,supporting,BRCA2,0.3580588400363922,14.202898550724639,True,ok,,551,529,69,460,0.13043478260869565,76.0,0.13793103448275862,0.13610586011342155,49.0,23.0,20.0,437.0,0.7101449275362319,0.5942855002638685,0.8038394202073997,0.95,0.9260920828254774,0.9664542649127889,0.6805555555555556,14.202898550724639,0.6121174266083697,Moderate
pangolin,s3_50,in_scope,supporting,PALB2,0.38217052817344666,19.70392156862745,True,ok,,1041,875,102,773,0.11657142857142858,107.0,0.10278578290105668,0.10285714285714286,65.0,25.0,37.0,748.0,0.6372549019607843,0.5405417236816313,0.7240048945526728,0.9676584734799483,0.9526927131293328,0.977999118248424,0.7222222222222222,19.70392156862745,0.6864539927590684,Strong
pangolin,s3_50,in_scope,supporting,RAD51C,0.38248518109321594,19.69208211143695,True,ok,,1152,1144,124,1020,0.10839160839160839,113.0,0.09809027777777778,0.0979020979020979,79.0,33.0,45.0,987.0,0.6370967741935484,0.5495245537453526,0.7164298581773647,0.9676470588235294,0.9549133819568533,0.9768715069837249,0.7053571428571429,19.69208211143695,0.6863246116107932,Strong
pangolin,s3_50,in_scope,supporting,VHL,0.3767528235912323,31.82608695652174,True,ok,,163,145,23,122,0.15862068965517243,15.0,0.09202453987730061,0.09655172413793103,12.0,2.0,11.0,120.0,0.5217391304347826,0.32962737336427406,0.7076284258335335,0.9836065573770492,0.9421950412865174,0.9954927533864046,0.8571428571428571,31.82608695652174,0.779552715654952,Strong
pangolin,s3_50,in_scope,moderate,BAP1,0.4281759262084961,16.557496214033314,True,ok,,2268,2190,283,1907,0.12922374429223743,121.0,0.05335097001763668,0.055251141552511415,86.0,35.0,197.0,1872.0,0.303886925795053,0.25322266341401256,0.3598039874182627,0.9816465652857892,0.9745826173701058,0.9867739575148318,0.7107438016528925,16.557496214033314,0.647852828593663,Moderate
pangolin,s3_50,in_scope,moderate,BARD1,0.41063788533210754,51.92528735632184,True,ok,,1931,1894,87,1807,0.04593453009503696,104.0,0.05385810460901087,0.05174234424498416,70.0,28.0,17.0,1779.0,0.8045977011494253,0.7091678634827149,0.8742661840110969,0.9845047039291643,0.9776960393854685,0.9892577441557667,0.7142857142857143,51.92528735632184,0.8522780869729271,Strong
pangolin,s3_50,in_scope,moderate,BRCA1,0.4359506666660309,42.183177570093456,True,ok,,891,835,107,728,0.1281437125748503,121.0,0.13580246913580246,0.12934131736526946,93.0,15.0,14.0,713.0,0.8691588785046729,0.7922948277257333,0.920434875045471,0.9793956043956044,0.9662841122012479,0.9874743713981547,0.8611111111111112,42.183177570093456,0.8241609757878975,Strong
pangolin,s3_50,in_scope,moderate,BRCA2,0.4071638584136963,17.40740740740741,True,ok,,551,529,69,460,0.13043478260869565,68.0,0.12341197822141561,0.12287334593572778,47.0,18.0,22.0,442.0,0.6811594202898551,0.5641587428411312,0.779052395496169,0.9608695652173913,0.9389983822674208,0.9751070559959243,0.7230769230769231,17.40740740740741,0.6591865357643759,Moderate
pangolin,s3_50,in_scope,moderate,PALB2,0.4304703176021576,21.977450980392156,True,ok,,1041,875,102,773,0.11657142857142858,93.0,0.0893371757925072,0.08914285714285715,58.0,20.0,44.0,753.0,0.5686274509803921,0.4717497773240239,0.6605235317931281,0.9741267787839586,0.9603748280365306,0.9831896427793695,0.7435897435897436,21.977450980392156,0.7094660885527108,Strong
pangolin,s3_50,in_scope,moderate,RAD51C,0.4304703176021576,22.8494623655914,True,ok,,1152,1144,124,1020,0.10839160839160839,103.0,0.08940972222222222,0.08916083916083917,75.0,27.0,49.0,993.0,0.6048387096774194,0.5168839177124075,0.6864929855226117,0.9735294117647059,0.9617604596476078,0.9817449939337323,0.7352941176470589,22.8494623655914,0.7174206617150575,Strong
pangolin,s3_50,in_scope,moderate,VHL,0.42059406638145447,29.17391304347826,True,ok,,163,145,23,122,0.15862068965517243,14.0,0.08588957055214724,0.0896551724137931,11.0,2.0,12.0,120.0,0.4782608695652174,0.29237157416646653,0.6703726266357259,0.9836065573770492,0.9421950412865174,0.9954927533864046,0.8461538461538461,29.17391304347826,0.764236902050114,Strong
pangolin,s3_50,in_scope,strong,BAP1,0.6720130443572998,44.92343934040047,True,ok,,2268,2190,283,1907,0.12922374429223743,46.0,0.020282186948853614,0.021004566210045664,40.0,6.0,243.0,1901.0,0.1413427561837456,0.10554520451900487,0.18674677853461571,0.9968536969061353,0.9931524470606576,0.9985572477716542,0.8695652173913043,44.92343934040047,0.8330966995041611,Strong
pangolin,s3_50,in_scope,strong,BARD1,0.6848793029785156,190.3927203065134,True,ok,,1931,1894,87,1807,0.04593453009503696,62.0,0.03210771620921802,0.032206969376979935,55.0,6.0,32.0,1801.0,0.632183908045977,0.5272752508445968,0.7259131093885667,0.9966795794133924,0.99277451961071,0.998477360147438,0.9016393442622951,190.3927203065134,0.9548629459181616,Strong
pangolin,s3_50,in_scope,strong,BRCA1,0.6837670207023621,180.29906542056074,True,ok,,891,835,107,728,0.1281437125748503,59.0,0.06621773288439955,0.0658682634730539,53.0,2.0,54.0,726.0,0.4953271028037383,0.402410704021837,0.5885674010063757,0.9972527472527473,0.9900390232784716,0.9992462806269261,0.9636363636363636,180.29906542056074,0.952456183658356,Strong
pangolin,s3_50,in_scope,strong,BRCA2,0.6691827774047852,41.111111111111114,True,ok,,551,529,69,460,0.13043478260869565,45.0,0.08166969147005444,0.08128544423440454,37.0,6.0,32.0,454.0,0.5362318840579711,0.4197840683642111,0.648858159303249,0.9869565217391304,0.9718385399558049,0.9940087155677295,0.8604651162790697,41.111111111111114,0.8203991130820398,Strong
pangolin,s3_50,in_scope,strong,PALB2,0.6740013957023621,227.35294117647058,True,ok,,1041,875,102,773,0.11657142857142858,36.0,0.0345821325648415,0.03542857142857143,30.0,1.0,72.0,772.0,0.29411764705882354,0.21446358193820547,0.3887164907103381,0.9987063389391979,0.9927089001363772,0.9997716005444673,0.967741935483871,227.35294117647058,0.9619213539074165,Strong
pangolin,s3_50,in_scope,strong,RAD51C,0.6670093536376953,65.80645161290323,True,ok,,1152,1144,124,1020,0.10839160839160839,54.0,0.046875,0.0472027972027972,48.0,6.0,76.0,1014.0,0.3870967741935484,0.30598711359063113,0.47499160600242507,0.9941176470588236,0.9872260708178522,0.997301359006155,0.8888888888888888,65.80645161290323,0.8796895213454076,Strong
pangolin,s3_50,in_scope,strong,VHL,0.6828820109367371,,True,ok,,163,145,23,122,0.15862068965517243,7.0,0.04294478527607362,0.04827586206896552,7.0,0.0,16.0,122.0,0.30434782608695654,0.15604024453214022,0.508657562687592,1.0,0.969473821610987,1.0,1.0,,,not evaluable
pangolin,s3_50,in_scope,very_strong,BAP1,,,False,not reached in this fold,,2268,2190,283,1907,0.12922374429223743,,,,,,,,,,,,,,,,,
pangolin,s3_50,in_scope,very_strong,BARD1,,,False,not reached in this fold,,1931,1894,87,1807,0.04593453009503696,,,,,,,,,,,,,,,,,
pangolin,s3_50,in_scope,very_strong,BRCA1,,,False,not reached in this fold,,891,835,107,728,0.1281437125748503,,,,,,,,,,,,,,,,,
pangolin,s3_50,in_scope,very_strong,BRCA2,,,False,not reached in this fold,,551,529,69,460,0.13043478260869565,,,,,,,,,,,,,,,,,
pangolin,s3_50,in_scope,very_strong,PALB2,,,False,not reached in this fold,,1041,875,102,773,0.11657142857142858,,,,,,,,,,,,,,,,,
pangolin,s3_50,in_scope,very_strong,RAD51C,,,False,not reached in this fold,,1152,1144,124,1020,0.10839160839160839,,,,,,,,,,,,,,,,,
pangolin,s3_50,in_scope,very_strong,VHL,,,False,not reached in this fold,,163,145,23,122,0.15862068965517243,,,,,,,,,,,,,,,,,
pangolin,pm12,out_of_scope_incl_pm12,supporting,BAP1,,,False,not reached in this fold,,192,192,177,15,0.921875,,,,,,,,,,,,,,,,,
pangolin,pm12,out_of_scope_incl_pm12,supporting,BARD1,,,False,not reached in this fold,,119,119,119,0,1.0,,,,,,,,,,,,,,,,,
pangolin,pm12,out_of_scope_incl_pm12,supporting,BRCA1,,,False,not reached in this fold,,143,135,128,7,0.9481481481481482,,,,,,,,,,,,,,,,,
pangolin,pm12,out_of_scope_incl_pm12,supporting,BRCA2,,,False,not reached in this fold,,138,134,121,13,0.9029850746268657,,,,,,,,,,,,,,,,,
pangolin,pm12,out_of_scope_incl_pm12,supporting,PALB2,,,False,not reached in this fold,,144,141,139,2,0.9858156028368794,,,,,,,,,,,,,,,,,
pangolin,pm12,out_of_scope_incl_pm12,supporting,RAD51C,,,False,not reached in this fold,,96,96,96,0,1.0,,,,,,,,,,,,,,,,,
pangolin,pm12,out_of_scope_incl_pm12,supporting,VHL,,,False,not reached in this fold,,24,24,24,0,1.0,,,,,,,,,,,,,,,,,
pangolin,pm12,out_of_scope_incl_pm12,moderate,BAP1,,,False,not reached in this fold,,192,192,177,15,0.921875,,,,,,,,,,,,,,,,,
pangolin,pm12,out_of_scope_incl_pm12,moderate,BARD1,,,False,not reached in this fold,,119,119,119,0,1.0,,,,,,,,,,,,,,,,,
pangolin,pm12,out_of_scope_incl_pm12,moderate,BRCA1,,,False,not reached in this fold,,143,135,128,7,0.9481481481481482,,,,,,,,,,,,,,,,,
pangolin,pm12,out_of_scope_incl_pm12,moderate,BRCA2,,,False,not reached in this fold,,138,134,121,13,0.9029850746268657,,,,,,,,,,,,,,,,,
pangolin,pm12,out_of_scope_incl_pm12,moderate,PALB2,,,False,not reached in this fold,,144,141,139,2,0.9858156028368794,,,,,,,,,,,,,,,,,
pangolin,pm12,out_of_scope_incl_pm12,moderate,RAD51C,,,False,not reached in this fold,,96,96,96,0,1.0,,,,,,,,,,,,,,,,,
pangolin,pm12,out_of_scope_incl_pm12,moderate,VHL,,,False,not reached in this fold,,24,24,24,0,1.0,,,,,,,,,,,,,,,,,
pangolin,pm12,out_of_scope_incl_pm12,strong,BAP1,,,False,not reached in this fold,,192,192,177,15,0.921875,,,,,,,,,,,,,,,,,
pangolin,pm12,out_of_scope_incl_pm12,strong,BARD1,,,False,not reached in this fold,,119,119,119,0,1.0,,,,,,,,,,,,,,,,,
pangolin,pm12,out_of_scope_incl_pm12,strong,BRCA1,,,False,not reached in this fold,,143,135,128,7,0.9481481481481482,,,,,,,,,,,,,,,,,
pangolin,pm12,out_of_scope_incl_pm12,strong,BRCA2,,,False,not reached in this fold,,138,134,121,13,0.9029850746268657,,,,,,,,,,,,,,,,,
pangolin,pm12,out_of_scope_incl_pm12,strong,PALB2,,,False,not reached in this fold,,144,141,139,2,0.9858156028368794,,,,,,,,,,,,,,,,,
pangolin,pm12,out_of_scope_incl_pm12,strong,RAD51C,,,False,not reached in this fold,,96,96,96,0,1.0,,,,,,,,,,,,,,,,,
pangolin,pm12,out_of_scope_incl_pm12,strong,VHL,,,False,not reached in this fold,,24,24,24,0,1.0,,,,,,,,,,,,,,,,,
pangolin,pm12,out_of_scope_incl_pm12,very_strong,BAP1,,,False,not reached in this fold,,192,192,177,15,0.921875,,,,,,,,,,,,,,,,,
pangolin,pm12,out_of_scope_incl_pm12,very_strong,BARD1,,,False,not reached in this fold,,119,119,119,0,1.0,,,,,,,,,,,,,,,,,
pangolin,pm12,out_of_scope_incl_pm12,very_strong,BRCA1,,,False,not reached in this fold,,143,135,128,7,0.9481481481481482,,,,,,,,,,,,,,,,,
pangolin,pm12,out_of_scope_incl_pm12,very_strong,BRCA2,,,False,not reached in this fold,,138,134,121,13,0.9029850746268657,,,,,,,,,,,,,,,,,
pangolin,pm12,out_of_scope_incl_pm12,very_strong,PALB2,,,False,not reached in this fold,,144,141,139,2,0.9858156028368794,,,,,,,,,,,,,,,,,
pangolin,pm12,out_of_scope_incl_pm12,very_strong,RAD51C,,,False,not reached in this fold,,96,96,96,0,1.0,,,,,,,,,,,,,,,,,
pangolin,pm12,out_of_scope_incl_pm12,very_strong,VHL,,,False,not reached in this fold,,24,24,24,0,1.0,,,,,,,,,,,,,,,,,
alphagenome,s3_10,in_scope,supporting,BAP1,2.199106752872467,11.087849910661108,True,ok,,768,737,146,591,0.19810040705563092,88.0,0.11458333333333333,0.11668928086838534,63.0,23.0,83.0,568.0,0.4315068493150685,0.3539405510644247,0.5125850410019691,0.961082910321489,0.9422808983046043,0.9739296178226549,0.7325581395348837,11.087849910661108,0.5519679786524349,Moderate
alphagenome,s3_10,in_scope,supporting,BARD1,2.1988352060317995,11.710606060606061,True,ok,,473,459,66,393,0.1437908496732026,95.0,0.20084566596194503,0.19389978213507625,59.0,30.0,7.0,363.0,0.8939393939393939,0.7968769124835199,0.9476665274452051,0.9236641221374046,0.8931178037711223,0.9460082315720253,0.6629213483146067,11.710606060606061,0.5654400468212744,Moderate
alphagenome,s3_10,in_scope,supporting,BRCA1,2.1990426182746887,21.774358974358975,True,ok,,530,490,104,386,0.21224489795918366,111.0,0.20943396226415095,0.21020408163265306,88.0,15.0,16.0,371.0,0.8461538461538461,0.7646197658147564,0.9030269888504692,0.961139896373057,0.9368806141259898,0.9763111256056756,0.8543689320388349,21.774358974358975,0.707548741876354,Strong
alphagenome,s3_10,in_scope,supporting,BRCA2,2.1991482853889464,21.428571428571427,True,ok,,551,529,69,460,0.13043478260869565,62.0,0.11252268602540835,0.11153119092627599,45.0,14.0,24.0,446.0,0.6521739130434783,0.5344787754895757,0.7538185807137565,0.9695652173913043,0.9495671078140197,0.9817856028693884,0.7627118644067796,21.428571428571427,0.7042253521126761,Strong
alphagenome,s3_10,in_scope,supporting,PALB2,2.1991865158081056,13.832512315270938,True,ok,,501,411,87,324,0.2116788321167883,76.0,0.15169660678642716,0.16058394160583941,52.0,14.0,35.0,310.0,0.5977011494252874,0.49264741201064083,0.6944918107703932,0.9567901234567902,0.9287864630387842,0.9740889727427863,0.7878787878787878,13.832512315270938,0.6058252427184467,Moderate
alphagenome,s3_10,in_scope,supporting,RAD51C,2.1990930080413817,10.74715909090909,True,ok,,384,379,88,291,0.23218997361477572,86.0,0.22395833333333334,0.22427440633245382,65.0,20.0,23.0,271.0,0.7386363636363636,0.6382422002911137,0.8190676088006423,0.9312714776632303,0.8962333353733791,0.955071637149647,0.7647058823529411,10.74715909090909,0.5442382391022874,Moderate
alphagenome,s3_10,in_scope,supporting,VHL,2.1990775227546693,27.0,True,ok,,83,70,10,60,0.14285714285714285,13.0,0.1566265060240964,0.15714285714285714,9.0,2.0,1.0,58.0,0.9,0.5958499732047615,0.9821237869049271,0.9666666666666667,0.886362257256914,0.9908106807438021,0.8181818181818182,27.0,0.75,Strong
alphagenome,s3_10,in_scope,moderate,BAP1,2.1995542287826537,14.167808219178083,True,ok,,768,737,146,591,0.19810040705563092,54.0,0.0703125,0.07327001356852103,42.0,12.0,104.0,579.0,0.2876712328767123,0.22043015285749784,0.3657991825483226,0.9796954314720813,0.9648476784528697,0.9883474823620955,0.7777777777777778,14.167808219178083,0.6115299334811531,Moderate
alphagenome,s3_10,in_scope,moderate,BARD1,2.199286437034607,15.698347107438016,True,ok,,473,459,66,393,0.1437908496732026,86.0,0.18181818181818182,0.17429193899782136,58.0,22.0,8.0,371.0,0.8787878787878788,0.7786256097735968,0.9372815440040234,0.9440203562340967,0.916699883610221,0.9627445197974623,0.725,15.698347107438016,0.6356031453906642,Moderate
alphagenome,s3_10,in_scope,moderate,BRCA1,2.199561524391174,38.043269230769226,True,ok,,530,490,104,386,0.21224489795918366,96.0,0.1811320754716981,0.1836734693877551,82.0,8.0,22.0,378.0,0.7884615384615384,0.7004245425871797,0.855947752967175,0.9792746113989638,0.9596422469578337,0.9894615274823803,0.9111111111111111,38.043269230769226,0.8086867654573325,Strong
alphagenome,s3_10,in_scope,moderate,BRCA2,2.199571061134338,27.333333333333332,True,ok,,551,529,69,460,0.13043478260869565,54.0,0.09800362976406533,0.09640831758034027,41.0,10.0,28.0,450.0,0.5942028985507246,0.476358878348368,0.7021109135870279,0.9782608695652174,0.9604502784405959,0.9881497046628755,0.803921568627451,27.333333333333332,0.7522935779816514,Strong
alphagenome,s3_10,in_scope,moderate,PALB2,2.1995164155960083,19.862068965517242,True,ok,,501,411,87,324,0.2116788321167883,62.0,0.12375249500998003,0.1386861313868613,48.0,9.0,39.0,315.0,0.5517241379310345,0.4472454774597166,0.6518282287184777,0.9722222222222222,0.9480594582865873,0.9853185260011172,0.8421052631578947,19.862068965517242,0.6881720430107527,Strong
alphagenome,s3_10,in_scope,moderate,RAD51C,2.199536609649658,15.15625,True,ok,,384,379,88,291,0.23218997361477572,68.0,0.17708333333333334,0.17678100263852242,55.0,12.0,33.0,279.0,0.625,0.5206224626520304,0.7189207706817466,0.9587628865979382,0.9293156239256497,0.9762558010291233,0.8208955223880597,15.15625,0.6274256144890038,Moderate
alphagenome,s3_10,in_scope,moderate,VHL,2.199508845806122,,True,ok,,83,70,10,60,0.14285714285714285,9.0,0.10843373493975904,0.11428571428571428,8.0,0.0,2.0,60.0,0.8,0.49016247153664183,0.9433178485456247,1.0,0.93982814785791,1.0,1.0,,,not evaluable
alphagenome,s3_10,in_scope,strong,BAP1,2.199876630306244,16.866438356164384,True,ok,,768,737,146,591,0.19810040705563092,31.0,0.040364583333333336,0.04206241519674356,25.0,6.0,121.0,585.0,0.17123287671232876,0.11875807430501018,0.2405647676136795,0.9898477157360406,0.978029559640078,0.9953390437318174,0.8064516129032258,16.866438356164384,0.652058784588905,Moderate
alphagenome,s3_10,in_scope,strong,BARD1,2.199890339374542,62.522727272727266,True,ok,,473,459,66,393,0.1437908496732026,48.0,0.1014799154334038,0.10021786492374728,42.0,4.0,24.0,389.0,0.6363636363636364,0.5157964063076522,0.7419301690522909,0.989821882951654,0.9741257221024165,0.9960350094504719,0.9130434782608695,62.522727272727266,0.8741658722592945,Strong
alphagenome,s3_10,in_scope,strong,BRCA1,2.199893927574158,48.25,True,ok,,530,490,104,386,0.21224489795918366,60.0,0.11320754716981132,0.11428571428571428,52.0,4.0,52.0,382.0,0.5,0.40563189843430686,0.5943681015656932,0.9896373056994818,0.9736619599110974,0.9959629772197158,0.9285714285714286,48.25,0.8427947598253275,Strong
alphagenome,s3_10,in_scope,strong,BRCA2,2.1998838901519777,35.0,True,ok,,551,529,69,460,0.13043478260869565,27.0,0.04900181488203267,0.04725897920604915,21.0,4.0,48.0,456.0,0.30434782608695654,0.20849626891709952,0.4208357016786164,0.991304347826087,0.9778575089261213,0.9966133828074449,0.84,35.0,0.7954545454545454,Strong
alphagenome,s3_10,in_scope,strong,PALB2,2.1998827695846557,65.17241379310346,True,ok,,501,411,87,324,0.2116788321167883,38.0,0.07584830339321358,0.09002433090024331,35.0,2.0,52.0,322.0,0.40229885057471265,0.3055081892296068,0.5073525879893592,0.9938271604938271,0.977776002888613,0.9983055493076792,0.9459459459459459,65.17241379310346,0.8786610878661087,Strong
alphagenome,s3_10,in_scope,strong,RAD51C,2.199852538108826,28.438636363636363,True,ok,,384,379,88,291,0.23218997361477572,48.0,0.125,0.1266490765171504,43.0,5.0,45.0,286.0,0.48863636363636365,0.3868786464057155,0.5913446960184866,0.9828178694158075,0.9604155138680641,0.992639056964487,0.8958333333333334,28.438636363636363,0.7596066290293206,Strong
alphagenome,s3_10,in_scope,strong,VHL,2.1998827695846557,,True,ok,,83,70,10,60,0.14285714285714285,5.0,0.060240963855421686,0.07142857142857142,5.0,0.0,5.0,60.0,0.5,0.236593090512564,0.7634069094874361,1.0,0.93982814785791,1.0,1.0,,,not evaluable
alphagenome,s3_10,in_scope,very_strong,BAP1,,,False,not reached in this fold,,768,737,146,591,0.19810040705563092,,,,,,,,,,,,,,,,,
alphagenome,s3_10,in_scope,very_strong,BARD1,,,False,not reached in this fold,,473,459,66,393,0.1437908496732026,,,,,,,,,,,,,,,,,
alphagenome,s3_10,in_scope,very_strong,BRCA1,,,False,not reached in this fold,,530,490,104,386,0.21224489795918366,,,,,,,,,,,,,,,,,
alphagenome,s3_10,in_scope,very_strong,BRCA2,,,False,not reached in this fold,,551,529,69,460,0.13043478260869565,,,,,,,,,,,,,,,,,
alphagenome,s3_10,in_scope,very_strong,PALB2,,,False,not reached in this fold,,501,411,87,324,0.2116788321167883,,,,,,,,,,,,,,,,,
alphagenome,s3_10,in_scope,very_strong,RAD51C,,,False,not reached in this fold,,384,379,88,291,0.23218997361477572,,,,,,,,,,,,,,,,,
alphagenome,s3_10,in_scope,very_strong,VHL,,,False,not reached in this fold,,83,70,10,60,0.14285714285714285,,,,,,,,,,,,,,,,,
alphagenome,s11_50,in_scope,supporting,BAP1,2.198007953166962,8.429614181439,True,ok,,1500,1453,137,1316,0.09428768066070199,95.0,0.06333333333333334,0.06331727460426703,43.0,49.0,94.0,1267.0,0.31386861313868614,0.24213652873085828,0.3957541859277543,0.9627659574468085,0.9511161234280079,0.9717219885739505,0.4673913043478261,8.429614181439,0.4836374513909662,Moderate
alphagenome,s11_50,in_scope,supporting,BARD1,2.196884644031525,27.918699186991873,True,ok,,1458,1435,21,1414,0.014634146341463415,61.0,0.04183813443072702,0.04041811846689895,17.0,41.0,4.0,1373.0,0.8095238095238095,0.5999943530979508,0.9233243494723822,0.9710042432814711,0.9609014056640013,0.9785548302313056,0.29310344827586204,27.918699186991873,0.7562210966747414,Strong
alphagenome,s11_50,in_scope,supporting,BRCA1,2.197174644470215,,True,ok,,361,345,3,342,0.008695652173913044,9.0,0.024930747922437674,0.020289855072463767,2.0,5.0,1.0,337.0,0.6666666666666666,0.2076596008020477,0.9385080552796037,0.9853801169590644,0.9662379264623404,0.993739518497865,0.2857142857142857,,,not evaluable
alphagenome,s11_50,in_scope,supporting,PALB2,2.1981048703193666,,True,ok,,540,464,15,449,0.032327586206896554,13.0,0.024074074074074074,0.01939655172413793,4.0,5.0,11.0,444.0,0.26666666666666666,0.10897453325692374,0.5195043405598057,0.9888641425389755,0.9741998990447701,0.9952343067880162,0.4444444444444444,,,not evaluable
alphagenome,s11_50,in_scope,supporting,RAD51C,2.198853147029877,27.0,True,ok,,768,765,36,729,0.047058823529411764,21.0,0.02734375,0.027450980392156862,12.0,9.0,24.0,720.0,0.3333333333333333,0.2021461882430531,0.4966600212884348,0.9876543209876543,0.9767046662070991,0.9934915357710996,0.5714285714285714,27.0,0.75,Strong
alphagenome,s11_50,in_scope,supporting,VHL,2.198853147029877,,True,ok,,80,75,13,62,0.17333333333333334,8.0,0.1,0.09333333333333334,5.0,2.0,8.0,60.0,0.38461538461538464,0.17709707797762575,0.6447710848733431,0.967741935483871,0.8897953040501456,0.9911086285001833,0.7142857142857143,,,not evaluable
alphagenome,s11_50,in_scope,moderate,BAP1,2.1981048703193666,8.037539103232534,True,ok,,1500,1453,137,1316,0.09428768066070199,93.0,0.062,0.06194081211286993,41.0,49.0,96.0,1267.0,0.29927007299270075,0.22891783003063493,0.380572156365908,0.9627659574468085,0.9511161234280079,0.9717219885739505,0.45555555555555555,8.037539103232534,0.47175469734989905,Moderate
alphagenome,s11_50,in_scope,moderate,BARD1,2.198365581035614,51.301587301587304,True,ok,,1458,1435,21,1414,0.014634146341463415,39.0,0.026748971193415638,0.02578397212543554,16.0,21.0,5.0,1393.0,0.7619047619047619,0.5490882631704924,0.8937198697736354,0.9851485148514851,0.9774022433252672,0.9902658915458746,0.43243243243243246,51.301587301587304,0.8507501974203737,Strong
alphagenome,s11_50,in_scope,moderate,BRCA1,2.1989681839942934,,True,ok,,361,345,3,342,0.008695652173913044,5.0,0.013850415512465374,0.008695652173913044,2.0,1.0,1.0,341.0,0.6666666666666666,0.2076596008020477,0.9385080552796037,0.9970760233918129,0.9836257718616302,0.9994836597241225,0.6666666666666666,,,not evaluable
alphagenome,s11_50,in_scope,moderate,PALB2,2.198897933959961,,True,ok,,540,464,15,449,0.032327586206896554,11.0,0.020370370370370372,0.017241379310344827,4.0,4.0,11.0,445.0,0.26666666666666666,0.10897453325692374,0.5195043405598057,0.9910913140311804,0.9773204752417136,0.9965302873374636,0.5,,,not evaluable
alphagenome,s11_50,in_scope,moderate,RAD51C,2.198879027366638,27.0,True,ok,,768,765,36,729,0.047058823529411764,21.0,0.02734375,0.027450980392156862,12.0,9.0,24.0,720.0,0.3333333333333333,0.2021461882430531,0.4966600212884348,0.9876543209876543,0.9767046662070991,0.9934915357710996,0.5714285714285714,27.0,0.75,Strong
alphagenome,s11_50,in_scope,moderate,VHL,2.198897933959961,,True,ok,,80,75,13,62,0.17333333333333334,7.0,0.0875,0.08,5.0,1.0,8.0,61.0,0.38461538461538464,0.17709707797762575,0.6447710848733431,0.9838709677419355,0.9141327973931,0.9971471328313782,0.8333333333333334,,,not evaluable
alphagenome,s11_50,in_scope,strong,BAP1,,,False,not reached in this fold,,1500,1453,137,1316,0.09428768066070199,,,,,,,,,,,,,,,,,
alphagenome,s11_50,in_scope,strong,BARD1,,,False,not reached in this fold,,1458,1435,21,1414,0.014634146341463415,,,,,,,,,,,,,,,,,
alphagenome,s11_50,in_scope,strong,BRCA1,,,False,not reached in this fold,,361,345,3,342,0.008695652173913044,,,,,,,,,,,,,,,,,
alphagenome,s11_50,in_scope,strong,PALB2,,,False,not reached in this fold,,540,464,15,449,0.032327586206896554,,,,,,,,,,,,,,,,,
alphagenome,s11_50,in_scope,strong,RAD51C,,,False,not reached in this fold,,768,765,36,729,0.047058823529411764,,,,,,,,,,,,,,,,,
alphagenome,s11_50,in_scope,strong,VHL,2.1996062994003296,,True,ok,,80,75,13,62,0.17333333333333334,5.0,0.0625,0.06666666666666667,5.0,0.0,8.0,62.0,0.38461538461538464,0.17709707797762575,0.6447710848733431,1.0,0.9416559278986275,1.0,1.0,,,not evaluable
alphagenome,s11_50,in_scope,very_strong,BAP1,,,False,not reached in this fold,,1500,1453,137,1316,0.09428768066070199,,,,,,,,,,,,,,,,,
alphagenome,s11_50,in_scope,very_strong,BARD1,,,False,not reached in this fold,,1458,1435,21,1414,0.014634146341463415,,,,,,,,,,,,,,,,,
alphagenome,s11_50,in_scope,very_strong,BRCA1,,,False,not reached in this fold,,361,345,3,342,0.008695652173913044,,,,,,,,,,,,,,,,,
alphagenome,s11_50,in_scope,very_strong,PALB2,,,False,not reached in this fold,,540,464,15,449,0.032327586206896554,,,,,,,,,,,,,,,,,
alphagenome,s11_50,in_scope,very_strong,RAD51C,,,False,not reached in this fold,,768,765,36,729,0.047058823529411764,,,,,,,,,,,,,,,,,
alphagenome,s11_50,in_scope,very_strong,VHL,,,False,not reached in this fold,,80,75,13,62,0.17333333333333334,,,,,,,,,,,,,,,,,
alphagenome,s3_50,in_scope,supporting,BAP1,2.1989070773124695,13.889594000144227,True,ok,,2268,2190,283,1907,0.12922374429223743,152.0,0.06701940035273368,0.0684931506849315,101.0,49.0,182.0,1858.0,0.3568904593639576,0.3033321359064116,0.4142819065928163,0.9743051914001049,0.9661936376099572,0.9805097069555583,0.6733333333333333,13.889594000144227,0.6068082291043131,Moderate
alphagenome,s3_50,in_scope,supporting,BARD1,2.19851016998291,28.322884012539184,True,ok,,1931,1894,87,1807,0.04593453009503696,138.0,0.07146556188503367,0.06863780359028511,75.0,55.0,12.0,1752.0,0.8620689655172413,0.7742137261595751,0.9193022170877859,0.96956281128943,0.9605920237949275,0.976541368934642,0.5769230769230769,28.322884012539184,0.7588610784478415,Strong
alphagenome,s3_50,in_scope,supporting,BRCA1,2.1988683700561524,34.77466251298027,True,ok,,891,835,107,728,0.1281437125748503,120.0,0.13468013468013468,0.1317365269461078,92.0,18.0,15.0,710.0,0.8598130841121495,0.7815182005609461,0.9131677122666834,0.9752747252747253,0.9612561704526676,0.9843038161530437,0.8363636363636363,34.77466251298027,0.794401613094532,Strong
alphagenome,s3_50,in_scope,supporting,BRCA2,2.1988022208213804,20.88888888888889,True,ok,,551,529,69,460,0.13043478260869565,65.0,0.11796733212341198,0.11720226843100189,47.0,15.0,22.0,445.0,0.6811594202898551,0.5641587428411312,0.779052395496169,0.967391304347826,0.9469000640211956,0.9801408285571968,0.7580645161290323,20.88888888888889,0.6988847583643123,Strong
alphagenome,s3_50,in_scope,supporting,PALB2,2.198985993862152,24.419389978213506,True,ok,,1041,875,102,773,0.11657142857142858,91.0,0.08741594620557157,0.08685714285714285,58.0,18.0,44.0,755.0,0.5686274509803921,0.4717497773240239,0.6605235317931281,0.9767141009055628,0.963492886491474,0.9852206400996835,0.7631578947368421,24.419389978213506,0.7306952638612733,Strong
alphagenome,s3_50,in_scope,supporting,RAD51C,2.1989727139472963,20.69719042663892,True,ok,,1152,1144,124,1020,0.10839160839160839,110.0,0.0954861111111111,0.09527972027972027,78.0,31.0,46.0,989.0,0.6290322580645161,0.5413284242837406,0.7089816104670523,0.9696078431372549,0.9571842388785466,0.9785075049422854,0.7155963302752294,20.69719042663892,0.696941028066856,Strong
alphagenome,s3_50,in_scope,supporting,VHL,2.1987544536590575,14.85217391304348,True,ok,,163,145,23,122,0.15862068965517243,22.0,0.13496932515337423,0.1310344827586207,14.0,5.0,9.0,117.0,0.6086956521739131,0.4078552239138171,0.7784237720752205,0.9590163934426229,0.9076394737210987,0.9823692805447255,0.7368421052631579,14.85217391304348,0.6226759022967554,Moderate
alphagenome,s3_50,in_scope,moderate,BAP1,2.19926518201828,16.557496214033314,True,ok,,2268,2190,283,1907,0.12922374429223743,122.0,0.053791887125220456,0.055251141552511415,86.0,35.0,197.0,1872.0,0.303886925795053,0.25322266341401256,0.3598039874182627,0.9816465652857892,0.9745826173701058,0.9867739575148318,0.7107438016528925,16.557496214033314,0.647852828593663,Moderate
alphagenome,s3_50,in_scope,moderate,BARD1,2.1993082761764526,54.89244663382594,True,ok,,1931,1894,87,1807,0.04593453009503696,110.0,0.05696530295183842,0.05385427666314678,74.0,28.0,13.0,1779.0,0.8505747126436781,0.7609539966071731,0.9105455674894781,0.9845047039291643,0.9776960393854685,0.9892577441557667,0.7254901960784313,54.89244663382594,0.8591382788707418,Strong
alphagenome,s3_50,in_scope,moderate,BRCA1,2.1993707418441772,50.46105919003115,True,ok,,891,835,107,728,0.1281437125748503,110.0,0.12345679012345678,0.12095808383233533,89.0,12.0,18.0,716.0,0.8317757009345794,0.749696651648759,0.8908578913481461,0.9835164835164835,0.9714109560934503,0.9905460244996434,0.8811881188118812,50.46105919003115,0.8486404358987792,Strong
alphagenome,s3_50,in_scope,moderate,BRCA2,2.1993492960929872,22.564102564102562,True,ok,,551,529,69,460,0.13043478260869565,60.0,0.1088929219600726,0.10775047258979206,44.0,13.0,25.0,447.0,0.6376811594202898,0.5197977087380359,0.7410427563983122,0.9717391304347827,0.9522534013051508,0.9834111274832734,0.7719298245614035,22.564102564102562,0.7148659626320065,Strong
alphagenome,s3_50,in_scope,moderate,PALB2,2.1993388295173646,32.645550527903474,True,ok,,1041,875,102,773,0.11657142857142858,79.0,0.07588856868395773,0.07885714285714286,56.0,13.0,46.0,760.0,0.5490196078431373,0.4524271345292306,0.6420538005544496,0.9831824062095731,0.9714403939534018,0.9901457720758988,0.8115942028985508,32.645550527903474,0.7838904784325088,Strong
alphagenome,s3_50,in_scope,moderate,RAD51C,2.1993730783462526,27.811059907834103,True,ok,,1152,1144,124,1020,0.10839160839160839,93.0,0.08072916666666667,0.08041958041958042,71.0,21.0,53.0,999.0,0.5725806451612904,0.4846173228363051,0.6561820717110161,0.9794117647058823,0.9687308747107496,0.9864951435113524,0.7717391304347826,27.811059907834103,0.7555082623935905,Strong
alphagenome,s3_50,in_scope,moderate,VHL,2.199358892440796,68.95652173913042,True,ok,,163,145,23,122,0.15862068965517243,15.0,0.09202453987730061,0.09655172413793103,13.0,1.0,10.0,121.0,0.5652173913043478,0.3681137508501646,0.743653646743258,0.9918032786885246,0.9550291990931754,0.9985516090487794,0.9285714285714286,68.95652173913042,0.8845510317902955,Strong
alphagenome,s3_50,in_scope,strong,BAP1,2.1998100161552427,19.317078916372203,True,ok,,2268,2190,283,1907,0.12922374429223743,58.0,0.025573192239858905,0.026484018264840183,43.0,15.0,240.0,1892.0,0.1519434628975265,0.11480268917246489,0.19840677221454622,0.9921342422653382,0.9870623106593831,0.9952274503961572,0.7413793103448276,19.317078916372203,0.6821706071244363,Strong
alphagenome,s3_50,in_scope,strong,BARD1,2.1998806834220885,240.93333333333334,True,ok,,1931,1894,87,1807,0.04593453009503696,65.0,0.033661315380631794,0.03326293558606125,58.0,5.0,29.0,1802.0,0.6666666666666666,0.5624236002445081,0.7568138974407851,0.9972329828444937,0.9935388043270202,0.9988175343500784,0.9206349206349206,240.93333333333334,0.963990397439317,Strong
alphagenome,s3_50,in_scope,strong,BRCA1,2.1998827695846557,83.0056074766355,True,ok,,891,835,107,728,0.1281437125748503,72.0,0.08080808080808081,0.07904191616766468,61.0,5.0,46.0,723.0,0.5700934579439252,0.4754691120338291,0.6598593125429819,0.9931318681318682,0.9840239260122381,0.9970628808994684,0.9242424242424242,83.0056074766355,0.9021798752615648,Strong
alphagenome,s3_50,in_scope,strong,BRCA2,2.1998730063438416,38.33333333333333,True,ok,,551,529,69,460,0.13043478260869565,29.0,0.05263157894736842,0.05103969754253308,23.0,4.0,46.0,456.0,0.3333333333333333,0.2335105070168671,0.4507352457128168,0.991304347826087,0.9778575089261213,0.9966133828074449,0.8518518518518519,38.33333333333333,0.8098591549295775,Strong
alphagenome,s3_50,in_scope,strong,PALB2,2.199876403808594,143.99019607843135,True,ok,,1041,875,102,773,0.11657142857142858,43.0,0.04130643611911623,0.045714285714285714,38.0,2.0,64.0,771.0,0.37254901960784315,0.2849497607818803,0.4693998080005515,0.9974126778783958,0.990615796827719,0.9992901759654965,0.95,143.99019607843135,0.9411727010573535,Strong
alphagenome,s3_50,in_scope,strong,RAD51C,2.199858105182648,57.58064516129032,True,ok,,1152,1144,124,1020,0.10839160839160839,56.0,0.04861111111111111,0.04895104895104895,49.0,7.0,75.0,1013.0,0.3951612903225806,0.31350701447738827,0.4831160822875925,0.9931372549019608,0.9859022275507012,0.9966717748331788,0.875,57.58064516129032,0.8648255813953488,Strong
alphagenome,s3_50,in_scope,strong,VHL,2.199870467185974,,True,ok,,163,145,23,122,0.15862068965517243,8.0,0.049079754601226995,0.05517241379310345,8.0,0.0,15.0,122.0,0.34782608695652173,0.1881127593879773,0.55109664622737,1.0,0.969473821610987,1.0,1.0,,,not evaluable
alphagenome,s3_50,in_scope,very_strong,BAP1,,,False,not reached in this fold,,2268,2190,283,1907,0.12922374429223743,,,,,,,,,,,,,,,,,
alphagenome,s3_50,in_scope,very_strong,BARD1,,,False,not reached in this fold,,1931,1894,87,1807,0.04593453009503696,,,,,,,,,,,,,,,,,
alphagenome,s3_50,in_scope,very_strong,BRCA1,,,False,not reached in this fold,,891,835,107,728,0.1281437125748503,,,,,,,,,,,,,,,,,
alphagenome,s3_50,in_scope,very_strong,BRCA2,,,False,not reached in this fold,,551,529,69,460,0.13043478260869565,,,,,,,,,,,,,,,,,
alphagenome,s3_50,in_scope,very_strong,PALB2,,,False,not reached in this fold,,1041,875,102,773,0.11657142857142858,,,,,,,,,,,,,,,,,
alphagenome,s3_50,in_scope,very_strong,RAD51C,,,False,not reached in this fold,,1152,1144,124,1020,0.10839160839160839,,,,,,,,,,,,,,,,,
alphagenome,s3_50,in_scope,very_strong,VHL,,,False,not reached in this fold,,163,145,23,122,0.15862068965517243,,,,,,,,,,,,,,,,,
alphagenome,pm12,out_of_scope_incl_pm12,supporting,BAP1,,,False,not reached in this fold,,192,192,177,15,0.921875,,,,,,,,,,,,,,,,,
alphagenome,pm12,out_of_scope_incl_pm12,supporting,BARD1,,,False,not reached in this fold,,119,119,119,0,1.0,,,,,,,,,,,,,,,,,
alphagenome,pm12,out_of_scope_incl_pm12,supporting,BRCA1,,,False,not reached in this fold,,143,135,128,7,0.9481481481481482,,,,,,,,,,,,,,,,,
alphagenome,pm12,out_of_scope_incl_pm12,supporting,BRCA2,,,False,not reached in this fold,,138,134,121,13,0.9029850746268657,,,,,,,,,,,,,,,,,
alphagenome,pm12,out_of_scope_incl_pm12,supporting,PALB2,,,False,not reached in this fold,,144,141,139,2,0.9858156028368794,,,,,,,,,,,,,,,,,
alphagenome,pm12,out_of_scope_incl_pm12,supporting,RAD51C,,,False,not reached in this fold,,96,96,96,0,1.0,,,,,,,,,,,,,,,,,
alphagenome,pm12,out_of_scope_incl_pm12,supporting,VHL,,,False,not reached in this fold,,24,24,24,0,1.0,,,,,,,,,,,,,,,,,
alphagenome,pm12,out_of_scope_incl_pm12,moderate,BAP1,,,False,not reached in this fold,,192,192,177,15,0.921875,,,,,,,,,,,,,,,,,
alphagenome,pm12,out_of_scope_incl_pm12,moderate,BARD1,,,False,not reached in this fold,,119,119,119,0,1.0,,,,,,,,,,,,,,,,,
alphagenome,pm12,out_of_scope_incl_pm12,moderate,BRCA1,,,False,not reached in this fold,,143,135,128,7,0.9481481481481482,,,,,,,,,,,,,,,,,
alphagenome,pm12,out_of_scope_incl_pm12,moderate,BRCA2,,,False,not reached in this fold,,138,134,121,13,0.9029850746268657,,,,,,,,,,,,,,,,,
alphagenome,pm12,out_of_scope_incl_pm12,moderate,PALB2,,,False,not reached in this fold,,144,141,139,2,0.9858156028368794,,,,,,,,,,,,,,,,,
alphagenome,pm12,out_of_scope_incl_pm12,moderate,RAD51C,,,False,not reached in this fold,,96,96,96,0,1.0,,,,,,,,,,,,,,,,,
alphagenome,pm12,out_of_scope_incl_pm12,moderate,VHL,,,False,not reached in this fold,,24,24,24,0,1.0,,,,,,,,,,,,,,,,,
alphagenome,pm12,out_of_scope_incl_pm12,strong,BAP1,,,False,not reached in this fold,,192,192,177,15,0.921875,,,,,,,,,,,,,,,,,
alphagenome,pm12,out_of_scope_incl_pm12,strong,BARD1,,,False,not reached in this fold,,119,119,119,0,1.0,,,,,,,,,,,,,,,,,
alphagenome,pm12,out_of_scope_incl_pm12,strong,BRCA1,,,False,not reached in this fold,,143,135,128,7,0.9481481481481482,,,,,,,,,,,,,,,,,
alphagenome,pm12,out_of_scope_incl_pm12,strong,BRCA2,,,False,not reached in this fold,,138,134,121,13,0.9029850746268657,,,,,,,,,,,,,,,,,
alphagenome,pm12,out_of_scope_incl_pm12,strong,PALB2,,,False,not reached in this fold,,144,141,139,2,0.9858156028368794,,,,,,,,,,,,,,,,,
alphagenome,pm12,out_of_scope_incl_pm12,strong,RAD51C,,,False,not reached in this fold,,96,96,96,0,1.0,,,,,,,,,,,,,,,,,
alphagenome,pm12,out_of_scope_incl_pm12,strong,VHL,,,False,not reached in this fold,,24,24,24,0,1.0,,,,,,,,,,,,,,,,,
alphagenome,pm12,out_of_scope_incl_pm12,very_strong,BAP1,,,False,not reached in this fold,,192,192,177,15,0.921875,,,,,,,,,,,,,,,,,
alphagenome,pm12,out_of_scope_incl_pm12,very_strong,BARD1,,,False,not reached in this fold,,119,119,119,0,1.0,,,,,,,,,,,,,,,,,
alphagenome,pm12,out_of_scope_incl_pm12,very_strong,BRCA1,,,False,not reached in this fold,,143,135,128,7,0.9481481481481482,,,,,,,,,,,,,,,,,
alphagenome,pm12,out_of_scope_incl_pm12,very_strong,BRCA2,,,False,not reached in this fold,,138,134,121,13,0.9029850746268657,,,,,,,,,,,,,,,,,
alphagenome,pm12,out_of_scope_incl_pm12,very_strong,PALB2,,,False,not reached in this fold,,144,141,139,2,0.9858156028368794,,,,,,,,,,,,,,,,,
alphagenome,pm12,out_of_scope_incl_pm12,very_strong,RAD51C,,,False,not reached in this fold,,96,96,96,0,1.0,,,,,,,,,,,,,,,,,
alphagenome,pm12,out_of_scope_incl_pm12,very_strong,VHL,,,False,not reached in this fold,,24,24,24,0,1.0,,,,,,,,,,,,,,,,,
avi,s3_10,in_scope,supporting,BAP1,0.8591103553771973,9.595129375951293,True,ok,,768,737,146,591,0.19810040705563092,92.0,0.11979166666666667,0.12347354138398914,64.0,27.0,82.0,564.0,0.4383561643835616,0.36047404684832196,0.5193989860114324,0.9543147208121827,0.9343466122789948,0.968414942143644,0.7032967032967034,9.595129375951293,0.5160022918883522,Moderate
avi,s3_10,in_scope,supporting,BARD1,0.8091649413108826,11.006887052341597,True,ok,,473,459,66,393,0.1437908496732026,99.0,0.20930232558139536,0.2047930283224401,61.0,33.0,5.0,360.0,0.9242424242424242,0.8346080497938948,0.9672079624370398,0.916030534351145,0.8844207763937607,0.939585870925186,0.648936170212766,11.006887052341597,0.5501549053356282,Moderate
avi,s3_10,in_scope,supporting,BRCA1,0.84681636095047,33.40384615384615,False,ok,the combined Atlas score's model was selected on this assay; left out of the held-out counts,530,490,104,386,0.21224489795918366,98.0,0.18490566037735848,0.1836734693877551,81.0,9.0,23.0,377.0,0.7788461538461539,0.6899559717776981,0.8478705805915115,0.9766839378238342,0.9562876706720201,0.987685813095544,0.9,33.40384615384615,0.7877551020408164,Strong
avi,s3_10,in_scope,supporting,BRCA2,0.844028890132904,31.851851851851848,True,ok,,551,529,69,460,0.13043478260869565,54.0,0.09800362976406533,0.09829867674858223,43.0,9.0,26.0,451.0,0.6231884057971014,0.5052188643395578,0.7281647097298064,0.9804347826086957,0.9632385955550486,0.9896732056534385,0.8269230769230769,31.851851851851848,0.7796917497733453,Strong
avi,s3_10,in_scope,supporting,PALB2,0.8176642060279846,11.586206896551724,True,ok,,501,411,87,324,0.2116788321167883,85.0,0.16966067864271456,0.18004866180048662,56.0,18.0,31.0,306.0,0.6436781609195402,0.5389320425142164,0.736272696869657,0.9444444444444444,0.9139004801441407,0.9645729168325224,0.7567567567567568,11.586206896551724,0.5628140703517588,Moderate
avi,s3_10,in_scope,supporting,RAD51C,0.844028890132904,11.180194805194805,False,ok,the combined Atlas score's model was selected on this assay; left out of the held-out counts,384,379,88,291,0.23218997361477572,93.0,0.2421875,0.24274406332453827,71.0,21.0,17.0,270.0,0.8068181818181818,0.7122293318676104,0.8757404226789328,0.9278350515463918,0.892203389210453,0.952318276758605,0.7717391304347826,11.180194805194805,0.5540181803555626,Moderate
avi,s3_10,in_scope,supporting,VHL,0.8407955169677734,,True,ok,,83,70,10,60,0.14285714285714285,10.0,0.12048192771084337,0.12857142857142856,8.0,1.0,2.0,59.0,0.8,0.49016247153664183,0.9433178485456247,0.9833333333333333,0.9114487027240993,0.9970518402052136,0.8888888888888888,,,not evaluable
avi,s3_10,in_scope,moderate,BAP1,1.0568383932113647,11.131849315068493,True,ok,,768,737,146,591,0.19810040705563092,60.0,0.078125,0.0814111261872456,44.0,16.0,102.0,575.0,0.3013698630136986,0.2328165854317148,0.38010763156082694,0.9729272419627749,0.9564779825997154,0.9832682165106292,0.7333333333333333,11.131849315068493,0.5529471804031642,Moderate
avi,s3_10,in_scope,moderate,BARD1,1.0345228910446167,25.803030303030305,True,ok,,473,459,66,393,0.1437908496732026,69.0,0.14587737843551796,0.1394335511982571,52.0,12.0,14.0,381.0,0.7878787878787878,0.6748692879502294,0.8692201489207618,0.9694656488549618,0.9473940004486273,0.9824483630397253,0.8125,25.803030303030305,0.7414018284719199,Strong
avi,s3_10,in_scope,moderate,BRCA1,1.0704280138015747,44.53846153846154,False,ok,the combined Atlas score's model was selected on this assay; left out of the held-out counts,530,490,104,386,0.21224489795918366,84.0,0.15849056603773584,0.15918367346938775,72.0,6.0,32.0,380.0,0.6923076923076923,0.5980794776445407,0.7728353860583624,0.9844559585492227,0.9665072948735048,0.9928570609120085,0.9230769230769231,44.53846153846154,0.8318965517241379,Strong
avi,s3_10,in_scope,moderate,BRCA2,1.074555516242981,46.66666666666667,True,ok,,551,529,69,460,0.13043478260869565,33.0,0.05989110707803993,0.06049149338374291,28.0,4.0,41.0,456.0,0.4057971014492754,0.29788908641297196,0.523641121651632,0.991304347826087,0.9778575089261213,0.9966133828074449,0.875,46.66666666666667,0.8383233532934131,Strong
avi,s3_10,in_scope,moderate,PALB2,1.0689042806625366,54.62068965517242,True,ok,,501,411,87,324,0.2116788321167883,53.0,0.10578842315369262,0.11435523114355231,44.0,3.0,43.0,321.0,0.5057471264367817,0.40269096786899555,0.6083172217063595,0.9907407407407407,0.9731349254795066,0.9968461170155588,0.9361702127659575,54.62068965517242,0.8585365853658538,Strong
avi,s3_10,in_scope,moderate,RAD51C,1.05744206905365,18.518181818181816,False,ok,the combined Atlas score's model was selected on this assay; left out of the held-out counts,384,379,88,291,0.23218997361477572,66.0,0.171875,0.1741424802110818,56.0,10.0,32.0,281.0,0.6363636363636364,0.5321128870350564,0.7292070038745184,0.9656357388316151,0.9379092029643143,0.9812288350983953,0.8484848484848485,18.518181818181816,0.6729435084241823,Moderate
avi,s3_10,in_scope,moderate,VHL,1.074555516242981,,True,ok,,83,70,10,60,0.14285714285714285,6.0,0.07228915662650602,0.08571428571428572,6.0,0.0,4.0,60.0,0.6,0.31267376973365824,0.8318196702937638,1.0,0.93982814785791,1.0,1.0,,,not evaluable
avi,s3_10,in_scope,strong,BAP1,1.202707290649414,24.28767123287671,True,ok,,768,737,146,591,0.19810040705563092,42.0,0.0546875,0.05698778833107191,36.0,6.0,110.0,585.0,0.2465753424657534,0.18375484505601197,0.32238984558964473,0.9898477157360406,0.978029559640078,0.9953390437318174,0.8571428571428571,24.28767123287671,0.7296296296296296,Strong
avi,s3_10,in_scope,strong,BARD1,1.4338535070419312,148.86363636363635,True,ok,,473,459,66,393,0.1437908496732026,26.0,0.05496828752642706,0.05664488017429194,25.0,1.0,41.0,392.0,0.3787878787878788,0.2714944699373794,0.499415240853782,0.9974554707379135,0.9857294327759314,0.9995506868011581,0.9615384615384616,148.86363636363635,0.9429887705154045,Strong
avi,s3_10,in_scope,strong,BRCA1,1.4141607284545898,130.2403846153846,False,ok,the combined Atlas score's model was selected on this assay; left out of the held-out counts,530,490,104,386,0.21224489795918366,36.0,0.06792452830188679,0.07142857142857142,35.0,0.0,69.0,386.0,0.33653846153846156,0.2529886385885921,0.4317337272639403,1.0,0.9901460998214123,1.0,1.0,130.2403846153846,0.9353635798632691,Strong
avi,s3_10,in_scope,strong,BRCA2,1.3609780073165894,,True,ok,,551,529,69,460,0.13043478260869565,7.0,0.012704174228675136,0.013232514177693762,7.0,0.0,62.0,460.0,0.10144927536231885,0.050016638108459924,0.19491885754947985,1.0,0.9917181641536291,1.0,1.0,,,not evaluable
avi,s3_10,in_scope,strong,PALB2,1.400549054145813,67.24137931034483,True,ok,,501,411,87,324,0.2116788321167883,19.0,0.03792415169660679,0.043795620437956206,18.0,0.0,69.0,324.0,0.20689655172413793,0.13507359604160085,0.30350873561529723,1.0,0.9882825715987459,1.0,1.0,67.24137931034483,0.881953867028494,Strong
avi,s3_10,in_scope,strong,RAD51C,1.2306066751480103,28.438636363636363,False,ok,the combined Atlas score's model was selected on this assay; left out of the held-out counts,384,379,88,291,0.23218997361477572,48.0,0.125,0.1266490765171504,43.0,5.0,45.0,286.0,0.48863636363636365,0.3868786464057155,0.5913446960184866,0.9828178694158075,0.9604155138680641,0.992639056964487,0.8958333333333334,28.438636363636363,0.7596066290293206,Strong
avi,s3_10,in_scope,strong,VHL,1.3679836988449097,,True,ok,,83,70,10,60,0.14285714285714285,5.0,0.060240963855421686,0.07142857142857142,5.0,0.0,5.0,60.0,0.5,0.236593090512564,0.7634069094874361,1.0,0.93982814785791,1.0,1.0,,,not evaluable
avi,s3_10,in_scope,very_strong,BAP1,,,False,not reached in this fold,,768,737,146,591,0.19810040705563092,,,,,,,,,,,,,,,,,
avi,s3_10,in_scope,very_strong,BARD1,,,False,not reached in this fold,,473,459,66,393,0.1437908496732026,,,,,,,,,,,,,,,,,
avi,s3_10,in_scope,very_strong,BRCA1,,,False,not reached in this fold,the combined Atlas score's model was selected on this assay; left out of the held-out counts,530,490,104,386,0.21224489795918366,,,,,,,,,,,,,,,,,
avi,s3_10,in_scope,very_strong,BRCA2,,,False,not reached in this fold,,551,529,69,460,0.13043478260869565,,,,,,,,,,,,,,,,,
avi,s3_10,in_scope,very_strong,PALB2,,,False,not reached in this fold,,501,411,87,324,0.2116788321167883,,,,,,,,,,,,,,,,,
avi,s3_10,in_scope,very_strong,RAD51C,,,False,not reached in this fold,the combined Atlas score's model was selected on this assay; left out of the held-out counts,384,379,88,291,0.23218997361477572,,,,,,,,,,,,,,,,,
avi,s3_10,in_scope,very_strong,VHL,,,False,not reached in this fold,,83,70,10,60,0.14285714285714285,,,,,,,,,,,,,,,,,
avi,s11_50,in_scope,supporting,BAP1,0.5284529328346252,7.841501564129301,True,ok,,1500,1453,137,1316,0.09428768066070199,95.0,0.06333333333333334,0.06125258086717137,40.0,49.0,97.0,1267.0,0.291970802919708,0.22234142971834625,0.3729481925471618,0.9627659574468085,0.9511161234280079,0.9717219885739505,0.449438202247191,7.841501564129301,0.4656058448393288,Moderate
avi,s11_50,in_scope,supporting,BARD1,0.6346190571784973,51.301587301587304,True,ok,,1458,1435,21,1414,0.014634146341463415,37.0,0.025377229080932786,0.02578397212543554,16.0,21.0,5.0,1393.0,0.7619047619047619,0.5490882631704924,0.8937198697736354,0.9851485148514851,0.9774022433252672,0.9902658915458746,0.43243243243243246,51.301587301587304,0.8507501974203737,Strong
avi,s11_50,in_scope,supporting,BRCA1,0.5880549550056458,,False,ok,the combined Atlas score's model was selected on this assay; left out of the held-out counts,361,345,3,342,0.008695652173913044,8.0,0.0221606648199446,0.017391304347826087,1.0,5.0,2.0,337.0,0.3333333333333333,0.06149194472039621,0.7923403991979522,0.9853801169590644,0.9662379264623404,0.993739518497865,0.16666666666666666,,,not evaluable
avi,s11_50,in_scope,supporting,PALB2,0.6060509085655212,7.483333333333333,True,ok,,540,464,15,449,0.032327586206896554,25.0,0.046296296296296294,0.04310344827586207,4.0,16.0,11.0,433.0,0.26666666666666666,0.10897453325692374,0.5195043405598057,0.9643652561247216,0.9429036180869969,0.9779484635354904,0.2,7.483333333333333,0.4539939332659252,Moderate
avi,s11_50,in_scope,supporting,RAD51C,0.5223972797393799,8.933823529411764,False,ok,the combined Atlas score's model was selected on this assay; left out of the held-out counts,768,765,36,729,0.047058823529411764,49.0,0.06380208333333333,0.06405228758169934,15.0,34.0,21.0,695.0,0.4166666666666667,0.2714056205144606,0.5779974842512834,0.953360768175583,0.9355336768134145,0.9664349441536592,0.30612244897959184,8.933823529411764,0.4981549815498155,Moderate
avi,s11_50,in_scope,supporting,VHL,0.5921810269355774,,True,ok,,80,75,13,62,0.17333333333333334,10.0,0.125,0.10666666666666667,7.0,1.0,6.0,61.0,0.5384615384615384,0.29143795714506004,0.7679393219046169,0.9838709677419355,0.9141327973931,0.9971471328313782,0.875,,,not evaluable
avi,s11_50,in_scope,moderate,BAP1,0.6562227606773376,13.26520681265207,True,ok,,1500,1453,137,1316,0.09428768066070199,52.0,0.034666666666666665,0.034411562284927734,29.0,21.0,108.0,1295.0,0.2116788321167883,0.15162185767120318,0.28746375915292216,0.9840425531914894,0.9757280368646095,0.9895394136201976,0.58,13.26520681265207,0.5957818817615562,Moderate
avi,s11_50,in_scope,moderate,BARD1,0.6842817664146423,58.916666666666664,True,ok,,1458,1435,21,1414,0.014634146341463415,30.0,0.0205761316872428,0.020905923344947737,14.0,16.0,7.0,1398.0,0.6666666666666666,0.4537345197425524,0.8280524739491653,0.9886845827439887,0.9816980631850811,0.9930230464300196,0.4666666666666667,58.916666666666664,0.8674846625766871,Strong
avi,s11_50,in_scope,moderate,BRCA1,0.6985705494880676,,False,ok,the combined Atlas score's model was selected on this assay; left out of the held-out counts,361,345,3,342,0.008695652173913044,8.0,0.0221606648199446,0.017391304347826087,1.0,5.0,2.0,337.0,0.3333333333333333,0.06149194472039621,0.7923403991979522,0.9853801169590644,0.9662379264623404,0.993739518497865,0.16666666666666666,,,not evaluable
avi,s11_50,in_scope,moderate,PALB2,0.6703903079032898,9.977777777777778,True,ok,,540,464,15,449,0.032327586206896554,19.0,0.03518518518518519,0.034482758620689655,4.0,12.0,11.0,437.0,0.26666666666666666,0.10897453325692374,0.5195043405598057,0.9732739420935412,0.953871604596664,0.9846467040113867,0.25,9.977777777777778,0.5257611241217799,Moderate
avi,s11_50,in_scope,moderate,RAD51C,0.7926048636436462,60.74999999999999,False,ok,the combined Atlas score's model was selected on this assay; left out of the held-out counts,768,765,36,729,0.047058823529411764,12.0,0.015625,0.01568627450980392,9.0,3.0,27.0,726.0,0.25,0.13750477662994837,0.4107045376672835,0.9958847736625515,0.9879713357176906,0.9985994857031782,0.75,60.74999999999999,0.8709677419354838,Strong
avi,s11_50,in_scope,moderate,VHL,0.7345619797706604,,True,ok,,80,75,13,62,0.17333333333333334,7.0,0.0875,0.09333333333333334,7.0,0.0,6.0,62.0,0.5384615384615384,0.29143795714506004,0.7679393219046169,1.0,0.9416559278986275,1.0,1.0,,,not evaluable
avi,s11_50,in_scope,strong,BAP1,,,False,not reached in this fold,,1500,1453,137,1316,0.09428768066070199,,,,,,,,,,,,,,,,,
avi,s11_50,in_scope,strong,BARD1,,,False,not reached in this fold,,1458,1435,21,1414,0.014634146341463415,,,,,,,,,,,,,,,,,
avi,s11_50,in_scope,strong,BRCA1,1.2341934442520142,,False,ok,the combined Atlas score's model was selected on this assay; left out of the held-out counts,361,345,3,342,0.008695652173913044,1.0,0.002770083102493075,0.0,0.0,0.0,3.0,342.0,0.0,0.0,0.5614970317550454,1.0,0.9888924282421392,1.0,,,,not evaluable
avi,s11_50,in_scope,strong,PALB2,1.1504069566726685,,True,ok,,540,464,15,449,0.032327586206896554,3.0,0.005555555555555556,0.004310344827586207,2.0,0.0,13.0,449.0,0.13333333333333333,0.03736125910306537,0.37881982832322364,1.0,0.9915169895647404,1.0,1.0,,,not evaluable
avi,s11_50,in_scope,strong,RAD51C,,,False,not reached in this fold,the combined Atlas score's model was selected on this assay; left out of the held-out counts,768,765,36,729,0.047058823529411764,,,,,,,,,,,,,,,,,
avi,s11_50,in_scope,strong,VHL,,,False,not reached in this fold,,80,75,13,62,0.17333333333333334,,,,,,,,,,,,,,,,,
avi,s11_50,in_scope,very_strong,BAP1,,,False,not reached in this fold,,1500,1453,137,1316,0.09428768066070199,,,,,,,,,,,,,,,,,
avi,s11_50,in_scope,very_strong,BARD1,,,False,not reached in this fold,,1458,1435,21,1414,0.014634146341463415,,,,,,,,,,,,,,,,,
avi,s11_50,in_scope,very_strong,BRCA1,,,False,not reached in this fold,the combined Atlas score's model was selected on this assay; left out of the held-out counts,361,345,3,342,0.008695652173913044,,,,,,,,,,,,,,,,,
avi,s11_50,in_scope,very_strong,PALB2,,,False,not reached in this fold,,540,464,15,449,0.032327586206896554,,,,,,,,,,,,,,,,,
avi,s11_50,in_scope,very_strong,RAD51C,,,False,not reached in this fold,the combined Atlas score's model was selected on this assay; left out of the held-out counts,768,765,36,729,0.047058823529411764,,,,,,,,,,,,,,,,,
avi,s11_50,in_scope,very_strong,VHL,,,False,not reached in this fold,,80,75,13,62,0.17333333333333334,,,,,,,,,,,,,,,,,
avi,s3_50,in_scope,supporting,BAP1,0.7137672901153564,11.551741544674407,True,ok,,2268,2190,283,1907,0.12922374429223743,175.0,0.07716049382716049,0.07808219178082192,108.0,63.0,175.0,1844.0,0.38162544169611307,0.3269708892716972,0.4394506026721086,0.9669638175144205,0.9579565092913722,0.9740936049547213,0.631578947368421,11.551741544674407,0.5620809078181417,Moderate
avi,s3_50,in_scope,supporting,BARD1,0.7188851237297058,26.218013943847748,True,ok,,1931,1894,87,1807,0.04593453009503696,144.0,0.07457276022786122,0.07286166842661035,77.0,61.0,10.0,1746.0,0.8850574712643678,0.8011941795053155,0.9363545220434655,0.9662423907028224,0.9568763827088279,0.9736302565070379,0.5579710144927537,26.218013943847748,0.7444489625579181,Strong
avi,s3_50,in_scope,supporting,BRCA1,0.7155988216400146,23.43509865005192,False,ok,the combined Atlas score's model was selected on this assay; left out of the held-out counts,891,835,107,728,0.1281437125748503,133.0,0.14927048260381592,0.1437125748502994,93.0,27.0,14.0,701.0,0.8691588785046729,0.7922948277257333,0.920434875045471,0.9629120879120879,0.9465768665852786,0.9743876290393595,0.775,23.43509865005192,0.7225228109492556,Strong
avi,s3_50,in_scope,supporting,BRCA2,0.7175173759460449,25.0,True,ok,,551,529,69,460,0.13043478260869565,60.0,0.1088929219600726,0.10775047258979206,45.0,12.0,24.0,448.0,0.6521739130434783,0.5344787754895757,0.7538185807137565,0.9739130434782609,0.9549609826096739,0.985015364283766,0.7894736842105263,25.0,0.7352941176470588,Strong
avi,s3_50,in_scope,supporting,PALB2,0.7155988216400146,15.15686274509804,True,ok,,1041,875,102,773,0.11657142857142858,114.0,0.10951008645533142,0.11314285714285714,66.0,33.0,36.0,740.0,0.6470588235294118,0.5505227800497734,0.7329200252012669,0.9573091849935317,0.9406531361874502,0.9694424720892774,0.6666666666666666,15.15686274509804,0.627435064935065,Moderate
avi,s3_50,in_scope,supporting,RAD51C,0.6963065266609192,14.909274193548388,False,ok,the combined Atlas score's model was selected on this assay; left out of the held-out counts,1152,1144,124,1020,0.10839160839160839,136.0,0.11805555555555555,0.11800699300699301,87.0,48.0,37.0,972.0,0.7016129032258065,0.6160094665398644,0.7750999627582494,0.9529411764705882,0.9381595326011483,0.9643239447375247,0.6444444444444445,14.909274193548388,0.6235770301037188,Moderate
avi,s3_50,in_scope,supporting,VHL,0.7194889187812805,42.43478260869565,True,ok,,163,145,23,122,0.15862068965517243,19.0,0.1165644171779141,0.12413793103448276,16.0,2.0,7.0,120.0,0.6956521739130435,0.49134243731240795,0.8439597554678597,0.9836065573770492,0.9421950412865174,0.9954927533864046,0.8888888888888888,42.43478260869565,0.8250211327134404,Strong
avi,s3_50,in_scope,moderate,BAP1,0.845728874206543,17.24267304094783,True,ok,,2268,2190,283,1907,0.12922374429223743,122.0,0.053791887125220456,0.055251141552511415,87.0,34.0,196.0,1873.0,0.30742049469964666,0.2565389112118026,0.3634602323982695,0.9821709491347667,0.9751896968609196,0.987213537332548,0.71900826446281,17.24267304094783,0.6570471313666553,Moderate
avi,s3_50,in_scope,moderate,BARD1,0.848881721496582,38.807320024198425,True,ok,,1931,1894,87,1807,0.04593453009503696,114.0,0.059036768513723456,0.05755015839493136,71.0,38.0,16.0,1769.0,0.8160919540229885,0.7219450963009358,0.8835053303435857,0.9789706696181516,0.9712684034019476,0.9846407909497816,0.6513761467889908,38.807320024198425,0.8117443103808265,Strong
avi,s3_50,in_scope,moderate,BRCA1,0.8518355488777161,42.91588785046729,False,ok,the combined Atlas score's model was selected on this assay; left out of the held-out counts,891,835,107,728,0.1281437125748503,104.0,0.11672278338945005,0.11377245508982035,82.0,13.0,25.0,715.0,0.7663551401869159,0.6778096733434972,0.8364383400483845,0.9821428571428571,0.9696891829942456,0.9895349652676177,0.8631578947368421,42.91588785046729,0.8266426642664267,Strong
avi,s3_50,in_scope,moderate,BRCA2,0.820452868938446,31.851851851851848,True,ok,,551,529,69,460,0.13043478260869565,55.0,0.0998185117967332,0.09829867674858223,43.0,9.0,26.0,451.0,0.6231884057971014,0.5052188643395578,0.7281647097298064,0.9804347826086957,0.9632385955550486,0.9896732056534385,0.8269230769230769,31.851851851851848,0.7796917497733453,Strong
avi,s3_50,in_scope,moderate,PALB2,0.8048641681671143,18.188235294117646,True,ok,,1041,875,102,773,0.11657142857142858,99.0,0.09510086455331412,0.09714285714285714,60.0,25.0,42.0,748.0,0.5882352941176471,0.49121758750151573,0.6788480956491085,0.9676584734799483,0.9526927131293328,0.977999118248424,0.7058823529411765,18.188235294117646,0.6689744699264388,Moderate
avi,s3_50,in_scope,moderate,RAD51C,0.8546542525291443,28.253856942496494,False,ok,the combined Atlas score's model was selected on this assay; left out of the held-out counts,1152,1144,124,1020,0.10839160839160839,103.0,0.08940972222222222,0.08916083916083917,79.0,23.0,45.0,997.0,0.6370967741935484,0.5495245537453526,0.7164298581773647,0.9774509803921568,0.9663910641270929,0.9849280992147552,0.7745098039215687,28.253856942496494,0.7584142760334313,Strong
avi,s3_50,in_scope,moderate,VHL,0.8261372447013855,63.65217391304348,True,ok,,163,145,23,122,0.15862068965517243,14.0,0.08588957055214724,0.0896551724137931,12.0,1.0,11.0,121.0,0.5217391304347826,0.32962737336427406,0.7076284258335335,0.9918032786885246,0.9550291990931754,0.9985516090487794,0.9230769230769231,63.65217391304348,0.8761220825852784,Strong
avi,s3_50,in_scope,strong,BAP1,1.1241847276687622,36.687475461327054,True,ok,,2268,2190,283,1907,0.12922374429223743,58.0,0.025573192239858905,0.026484018264840183,49.0,9.0,234.0,1898.0,0.17314487632508835,0.13351680702437557,0.2215276110294166,0.995280545359203,0.991054631246378,0.9975150856603433,0.8448275862068966,36.687475461327054,0.8030094701201382,Strong
avi,s3_50,in_scope,strong,BARD1,1.1815255880355835,304.6283524904215,True,ok,,1931,1894,87,1807,0.04593453009503696,49.0,0.025375453133091662,0.02481520591341077,44.0,3.0,43.0,1804.0,0.5057471264367817,0.40269096786899555,0.6083172217063595,0.9983397897066962,0.9951300349172987,0.9994352215977012,0.9361702127659575,304.6283524904215,0.9713036148405146,Strong
avi,s3_50,in_scope,strong,BRCA1,1.1815255880355835,217.71962616822427,False,ok,the combined Atlas score's model was selected on this assay; left out of the held-out counts,891,835,107,728,0.1281437125748503,73.0,0.0819304152637486,0.07904191616766468,64.0,2.0,43.0,726.0,0.5981308411214953,0.5033945894801657,0.6860652049273694,0.9972527472527473,0.9900390232784716,0.9992462806269261,0.9696969696969697,217.71962616822427,0.9603033925553404,Strong
avi,s3_50,in_scope,strong,BRCA2,1.1815255880355835,46.66666666666667,True,ok,,551,529,69,460,0.13043478260869565,25.0,0.045372050816696916,0.045368620037807186,21.0,3.0,48.0,457.0,0.30434782608695654,0.20849626891709952,0.4208357016786164,0.9934782608695653,0.981003117848234,0.9977795919903479,0.875,46.66666666666667,0.8383233532934131,Strong
avi,s3_50,in_scope,strong,PALB2,1.1788309812545776,273.1764705882353,True,ok,,1041,875,102,773,0.11657142857142858,41.0,0.0393852065321806,0.04114285714285714,36.0,0.0,66.0,773.0,0.35294117647058826,0.26707997479873313,0.4494772199502266,1.0,0.995055028568473,1.0,1.0,273.1764705882353,0.9681050656660414,Strong
avi,s3_50,in_scope,strong,RAD51C,1.183138370513916,69.91935483870968,False,ok,the combined Atlas score's model was selected on this assay; left out of the held-out counts,1152,1144,124,1020,0.10839160839160839,57.0,0.049479166666666664,0.049825174825174824,51.0,6.0,73.0,1014.0,0.4112903225806452,0.3286166351047516,0.49929521600407833,0.9941176470588236,0.9872260708178522,0.997301359006155,0.8947368421052632,69.91935483870968,0.8859595340282035,Strong
avi,s3_50,in_scope,strong,VHL,1.171376347541809,53.47826086956521,True,ok,,163,145,23,122,0.15862068965517243,10.0,0.06134969325153374,0.06896551724137931,10.0,0.0,13.0,122.0,0.43478260869565216,0.25634635325674215,0.6318862491498354,1.0,0.969473821610987,1.0,1.0,53.47826086956521,0.8559498956158663,Strong
avi,s3_50,in_scope,very_strong,BAP1,,,False,not reached in this fold,,2268,2190,283,1907,0.12922374429223743,,,,,,,,,,,,,,,,,
avi,s3_50,in_scope,very_strong,BARD1,,,False,not reached in this fold,,1931,1894,87,1807,0.04593453009503696,,,,,,,,,,,,,,,,,
avi,s3_50,in_scope,very_strong,BRCA1,,,False,not reached in this fold,the combined Atlas score's model was selected on this assay; left out of the held-out counts,891,835,107,728,0.1281437125748503,,,,,,,,,,,,,,,,,
avi,s3_50,in_scope,very_strong,BRCA2,,,False,not reached in this fold,,551,529,69,460,0.13043478260869565,,,,,,,,,,,,,,,,,
avi,s3_50,in_scope,very_strong,PALB2,,,False,not reached in this fold,,1041,875,102,773,0.11657142857142858,,,,,,,,,,,,,,,,,
avi,s3_50,in_scope,very_strong,RAD51C,,,False,not reached in this fold,the combined Atlas score's model was selected on this assay; left out of the held-out counts,1152,1144,124,1020,0.10839160839160839,,,,,,,,,,,,,,,,,
avi,s3_50,in_scope,very_strong,VHL,,,False,not reached in this fold,,163,145,23,122,0.15862068965517243,,,,,,,,,,,,,,,,,
avi,pm12,out_of_scope_incl_pm12,supporting,BAP1,,,False,not reached in this fold,,192,192,177,15,0.921875,,,,,,,,,,,,,,,,,
avi,pm12,out_of_scope_incl_pm12,supporting,BARD1,1.82476806640625,,True,ok,,119,119,119,0,1.0,27.0,0.226890756302521,0.226890756302521,27.0,0.0,92.0,0.0,0.226890756302521,0.1608770056348957,0.3099856768501973,,,,1.0,,,not evaluable
avi,pm12,out_of_scope_incl_pm12,supporting,BRCA1,,,False,not reached in this fold,the combined Atlas score's model was selected on this assay; left out of the held-out counts,143,135,128,7,0.9481481481481482,,,,,,,,,,,,,,,,,
avi,pm12,out_of_scope_incl_pm12,supporting,BRCA2,,,False,not reached in this fold,,138,134,121,13,0.9029850746268657,,,,,,,,,,,,,,,,,
avi,pm12,out_of_scope_incl_pm12,supporting,PALB2,1.82476806640625,,True,ok,,144,141,139,2,0.9858156028368794,32.0,0.2222222222222222,0.2198581560283688,31.0,0.0,108.0,2.0,0.22302158273381295,0.16180009480995902,0.2991407228229911,1.0,0.34238022750665303,1.0,1.0,,,not evaluable
avi,pm12,out_of_scope_incl_pm12,supporting,RAD51C,1.8261752128601074,,False,ok,the combined Atlas score's model was selected on this assay; left out of the held-out counts,96,96,96,0,1.0,50.0,0.5208333333333334,0.5208333333333334,50.0,0.0,46.0,0.0,0.5208333333333334,0.4220376770680893,0.6180258401045079,,,,1.0,,,not evaluable
avi,pm12,out_of_scope_incl_pm12,supporting,VHL,1.880843997001648,,True,ok,,24,24,24,0,1.0,7.0,0.2916666666666667,0.2916666666666667,7.0,0.0,17.0,0.0,0.2916666666666667,0.14914648196960875,0.49167693664496637,,,,1.0,,,not evaluable
avi,pm12,out_of_scope_incl_pm12,moderate,BAP1,,,False,not reached in this fold,,192,192,177,15,0.921875,,,,,,,,,,,,,,,,,
avi,pm12,out_of_scope_incl_pm12,moderate,BARD1,,,False,not reached in this fold,,119,119,119,0,1.0,,,,,,,,,,,,,,,,,
avi,pm12,out_of_scope_incl_pm12,moderate,BRCA1,,,False,not reached in this fold,the combined Atlas score's model was selected on this assay; left out of the held-out counts,143,135,128,7,0.9481481481481482,,,,,,,,,,,,,,,,,
avi,pm12,out_of_scope_incl_pm12,moderate,BRCA2,,,False,not reached in this fold,,138,134,121,13,0.9029850746268657,,,,,,,,,,,,,,,,,
avi,pm12,out_of_scope_incl_pm12,moderate,PALB2,,,False,not reached in this fold,,144,141,139,2,0.9858156028368794,,,,,,,,,,,,,,,,,
avi,pm12,out_of_scope_incl_pm12,moderate,RAD51C,,,False,not reached in this fold,the combined Atlas score's model was selected on this assay; left out of the held-out counts,96,96,96,0,1.0,,,,,,,,,,,,,,,,,
avi,pm12,out_of_scope_incl_pm12,moderate,VHL,,,False,not reached in this fold,,24,24,24,0,1.0,,,,,,,,,,,,,,,,,
avi,pm12,out_of_scope_incl_pm12,strong,BAP1,,,False,not reached in this fold,,192,192,177,15,0.921875,,,,,,,,,,,,,,,,,
avi,pm12,out_of_scope_incl_pm12,strong,BARD1,,,False,not reached in this fold,,119,119,119,0,1.0,,,,,,,,,,,,,,,,,
avi,pm12,out_of_scope_incl_pm12,strong,BRCA1,,,False,not reached in this fold,the combined Atlas score's model was selected on this assay; left out of the held-out counts,143,135,128,7,0.9481481481481482,,,,,,,,,,,,,,,,,
avi,pm12,out_of_scope_incl_pm12,strong,BRCA2,,,False,not reached in this fold,,138,134,121,13,0.9029850746268657,,,,,,,,,,,,,,,,,
avi,pm12,out_of_scope_incl_pm12,strong,PALB2,,,False,not reached in this fold,,144,141,139,2,0.9858156028368794,,,,,,,,,,,,,,,,,
avi,pm12,out_of_scope_incl_pm12,strong,RAD51C,,,False,not reached in this fold,the combined Atlas score's model was selected on this assay; left out of the held-out counts,96,96,96,0,1.0,,,,,,,,,,,,,,,,,
avi,pm12,out_of_scope_incl_pm12,strong,VHL,,,False,not reached in this fold,,24,24,24,0,1.0,,,,,,,,,,,,,,,,,
avi,pm12,out_of_scope_incl_pm12,very_strong,BAP1,,,False,not reached in this fold,,192,192,177,15,0.921875,,,,,,,,,,,,,,,,,
avi,pm12,out_of_scope_incl_pm12,very_strong,BARD1,,,False,not reached in this fold,,119,119,119,0,1.0,,,,,,,,,,,,,,,,,
avi,pm12,out_of_scope_incl_pm12,very_strong,BRCA1,,,False,not reached in this fold,the combined Atlas score's model was selected on this assay; left out of the held-out counts,143,135,128,7,0.9481481481481482,,,,,,,,,,,,,,,,,
avi,pm12,out_of_scope_incl_pm12,very_strong,BRCA2,,,False,not reached in this fold,,138,134,121,13,0.9029850746268657,,,,,,,,,,,,,,,,,
avi,pm12,out_of_scope_incl_pm12,very_strong,PALB2,,,False,not reached in this fold,,144,141,139,2,0.9858156028368794,,,,,,,,,,,,,,,,,
avi,pm12,out_of_scope_incl_pm12,very_strong,RAD51C,,,False,not reached in this fold,the combined Atlas score's model was selected on this assay; left out of the held-out counts,96,96,96,0,1.0,,,,,,,,,,,,,,,,,
avi,pm12,out_of_scope_incl_pm12,very_strong,VHL,,,False,not reached in this fold,,24,24,24,0,1.0,,,,,,,,,,,,,,,,,
avi_splice_sites,s3_10,in_scope,supporting,BAP1,0.39453125,10.439437635183852,True,ok,,768,737,146,591,0.19810040705563092,68.0,0.08854166666666667,0.09226594301221167,49.0,19.0,97.0,572.0,0.3356164383561644,0.2641061533710246,0.4155552675883203,0.9678510998307953,0.9503359432581288,0.9793235345737509,0.7205882352941176,10.439437635183852,0.5370236439499305,Moderate
avi_splice_sites,s3_10,in_scope,supporting,BARD1,0.3212890625,16.2396694214876,True,ok,,473,459,66,393,0.1437908496732026,87.0,0.1839323467230444,0.1786492374727669,60.0,22.0,6.0,371.0,0.9090909090909091,0.8155127011503411,0.9576670249294885,0.9440203562340967,0.916699883610221,0.9627445197974623,0.7317073170731707,16.2396694214876,0.643418467583497,Moderate
avi_splice_sites,s3_10,in_scope,supporting,BRCA1,0.40625,37.57932692307692,True,ok,,530,490,104,386,0.21224489795918366,96.0,0.1811320754716981,0.1816326530612245,81.0,8.0,23.0,378.0,0.7788461538461539,0.6899559717776981,0.8478705805915115,0.9792746113989638,0.9596422469578337,0.9894615274823803,0.9101123595505618,37.57932692307692,0.8067812354853692,Strong
avi_splice_sites,s3_10,in_scope,supporting,BRCA2,0.331787109375,19.166666666666664,True,ok,,551,529,69,460,0.13043478260869565,65.0,0.11796733212341198,0.11720226843100189,46.0,16.0,23.0,444.0,0.6666666666666666,0.5492647542871832,0.7664894929831328,0.9652173913043478,0.9442505450774492,0.9784785293959275,0.7419354838709677,19.166666666666664,0.6804733727810651,Strong
avi_splice_sites,s3_10,in_scope,supporting,PALB2,0.33984375,16.758620689655174,True,ok,,501,411,87,324,0.2116788321167883,73.0,0.14570858283433133,0.16058394160583941,54.0,12.0,33.0,312.0,0.6206896551724138,0.5156762082161506,0.7154957728663032,0.9629629629629629,0.9363879724272884,0.9786884827567356,0.8181818181818182,16.758620689655174,0.6506024096385542,Moderate
avi_splice_sites,s3_10,in_scope,supporting,RAD51C,0.4139223098754883,12.676136363636363,True,ok,,384,379,88,291,0.23218997361477572,58.0,0.15104166666666666,0.15303430079155672,46.0,12.0,42.0,279.0,0.5227272727272727,0.41961959494387296,0.6239337202077226,0.9587628865979382,0.9293156239256497,0.9762558010291233,0.7931034482758621,12.676136363636363,0.5847968545216251,Moderate
avi_splice_sites,s3_10,in_scope,supporting,VHL,0.32421875,9.0,True,ok,,83,70,10,60,0.14285714285714285,11.0,0.13253012048192772,0.14285714285714285,6.0,4.0,4.0,56.0,0.6,0.31267376973365824,0.8318196702937638,0.9333333333333333,0.8407464268680283,0.9737713012754938,0.6,9.0,0.5,Moderate
avi_splice_sites,s3_10,in_scope,moderate,BAP1,0.447021484375,10.953263497179694,True,ok,,768,737,146,591,0.19810040705563092,63.0,0.08203125,0.08548168249660787,46.0,17.0,100.0,574.0,0.3150684931506849,0.24527826405551967,0.39434083452374336,0.9712351945854484,0.954419559458728,0.9819643992254615,0.7301587301587301,10.953263497179694,0.54894596559244,Moderate
avi_splice_sites,s3_10,in_scope,moderate,BARD1,0.4609375,25.192307692307697,True,ok,,473,459,66,393,0.1437908496732026,72.0,0.1522198731501057,0.14814814814814814,55.0,13.0,11.0,380.0,0.8333333333333334,0.7256941288004796,0.9043041665238262,0.9669211195928753,0.9442341925279327,0.980568374952353,0.8088235294117647,25.192307692307697,0.736782902137233,Strong
avi_splice_sites,s3_10,in_scope,moderate,BRCA1,0.455810546875,48.868589743589745,True,ok,,530,490,104,386,0.21224489795918366,92.0,0.17358490566037735,0.17346938775510204,79.0,6.0,25.0,380.0,0.7596153846153846,0.6691888609329077,0.8315462050660114,0.9844559585492227,0.9665072948735048,0.9928570609120085,0.9294117647058824,48.868589743589745,0.8444752146219885,Strong
avi_splice_sites,s3_10,in_scope,moderate,BRCA2,0.455810546875,30.666666666666664,True,ok,,551,529,69,460,0.13043478260869565,59.0,0.10707803992740472,0.10586011342155009,46.0,10.0,23.0,450.0,0.6666666666666666,0.5492647542871832,0.7664894929831328,0.9782608695652174,0.9604502784405959,0.9881497046628755,0.8214285714285714,30.666666666666664,0.7731092436974789,Strong
avi_splice_sites,s3_10,in_scope,moderate,PALB2,0.453125,20.275862068965516,True,ok,,501,411,87,324,0.2116788321167883,62.0,0.12375249500998003,0.1411192214111922,49.0,9.0,38.0,315.0,0.5632183908045977,0.4585155432104803,0.662574542118424,0.9722222222222222,0.9480594582865873,0.9853185260011172,0.8448275862068966,20.275862068965516,0.6925795053003534,Strong
avi_splice_sites,s3_10,in_scope,moderate,RAD51C,0.453125,15.211363636363634,True,ok,,384,379,88,291,0.23218997361477572,56.0,0.14583333333333334,0.14775725593667546,46.0,10.0,42.0,281.0,0.5227272727272727,0.41961959494387296,0.6239337202077226,0.9656357388316151,0.9379092029643143,0.9812288350983953,0.8214285714285714,15.211363636363634,0.6282737257110673,Moderate
avi_splice_sites,s3_10,in_scope,moderate,VHL,0.4609375,,True,ok,,83,70,10,60,0.14285714285714285,8.0,0.0963855421686747,0.1,6.0,1.0,4.0,59.0,0.6,0.31267376973365824,0.8318196702937638,0.9833333333333333,0.9114487027240993,0.9970518402052136,0.8571428571428571,,,not evaluable
avi_splice_sites,s3_10,in_scope,strong,BAP1,0.8669338226318359,12.143835616438356,True,ok,,768,737,146,591,0.19810040705563092,20.0,0.026041666666666668,0.027137042062415198,15.0,5.0,131.0,586.0,0.10273972602739725,0.06325495379785748,0.1625934801872259,0.9915397631133672,0.9803498101694088,0.9963810336286418,0.75,12.143835616438356,0.5743440233236152,Moderate
avi_splice_sites,s3_10,in_scope,strong,BARD1,,,False,not reached in this fold,,473,459,66,393,0.1437908496732026,,,,,,,,,,,,,,,,,
avi_splice_sites,s3_10,in_scope,strong,BRCA1,,,False,not reached in this fold,,530,490,104,386,0.21224489795918366,,,,,,,,,,,,,,,,,
avi_splice_sites,s3_10,in_scope,strong,BRCA2,,,False,not reached in this fold,,551,529,69,460,0.13043478260869565,,,,,,,,,,,,,,,,,
avi_splice_sites,s3_10,in_scope,strong,PALB2,,,False,not reached in this fold,,501,411,87,324,0.2116788321167883,,,,,,,,,,,,,,,,,
avi_splice_sites,s3_10,in_scope,strong,RAD51C,,,False,not reached in this fold,,384,379,88,291,0.23218997361477572,,,,,,,,,,,,,,,,,
avi_splice_sites,s3_10,in_scope,strong,VHL,,,False,not reached in this fold,,83,70,10,60,0.14285714285714285,,,,,,,,,,,,,,,,,
avi_splice_sites,s3_10,in_scope,very_strong,BAP1,,,False,not reached in this fold,,768,737,146,591,0.19810040705563092,,,,,,,,,,,,,,,,,
avi_splice_sites,s3_10,in_scope,very_strong,BARD1,,,False,not reached in this fold,,473,459,66,393,0.1437908496732026,,,,,,,,,,,,,,,,,
avi_splice_sites,s3_10,in_scope,very_strong,BRCA1,,,False,not reached in this fold,,530,490,104,386,0.21224489795918366,,,,,,,,,,,,,,,,,
avi_splice_sites,s3_10,in_scope,very_strong,BRCA2,,,False,not reached in this fold,,551,529,69,460,0.13043478260869565,,,,,,,,,,,,,,,,,
avi_splice_sites,s3_10,in_scope,very_strong,PALB2,,,False,not reached in this fold,,501,411,87,324,0.2116788321167883,,,,,,,,,,,,,,,,,
avi_splice_sites,s3_10,in_scope,very_strong,RAD51C,,,False,not reached in this fold,,384,379,88,291,0.23218997361477572,,,,,,,,,,,,,,,,,
avi_splice_sites,s3_10,in_scope,very_strong,VHL,,,False,not reached in this fold,,83,70,10,60,0.14285714285714285,,,,,,,,,,,,,,,,,
avi_splice_sites,s11_50,in_scope,supporting,BAP1,0.271484375,5.870235198702352,True,ok,,1500,1453,137,1316,0.09428768066070199,89.0,0.059333333333333335,0.05987611837577426,33.0,54.0,104.0,1262.0,0.24087591240875914,0.17696942956750517,0.3189176437807593,0.958966565349544,0.9468458461500575,0.9684155982656779,0.3793103448275862,5.870235198702352,0.39476411235342246,Moderate
avi_splice_sites,s11_50,in_scope,supporting,BARD1,0.24609375,84.16666666666667,True,ok,,1458,1435,21,1414,0.014634146341463415,27.0,0.018518518518518517,0.018815331010452963,15.0,12.0,6.0,1402.0,0.7142857142857143,0.5004361928391441,0.8618613704787788,0.9915134370579916,0.9852247778781755,0.9951387115320922,0.5555555555555556,84.16666666666667,0.9033989266547405,Strong
avi_splice_sites,s11_50,in_scope,supporting,BRCA1,0.2694845199584961,,True,ok,,361,345,3,342,0.008695652173913044,5.0,0.013850415512465374,0.008695652173913044,2.0,1.0,1.0,341.0,0.6666666666666666,0.2076596008020477,0.9385080552796037,0.9970760233918129,0.9836257718616302,0.9994836597241225,0.6666666666666666,,,not evaluable
avi_splice_sites,s11_50,in_scope,supporting,PALB2,0.29483699798583984,,True,ok,,540,464,15,449,0.032327586206896554,11.0,0.020370370370370372,0.017241379310344827,3.0,5.0,12.0,444.0,0.2,0.07047549346981563,0.45185448715169363,0.9888641425389755,0.9741998990447701,0.9952343067880162,0.375,,,not evaluable
avi_splice_sites,s11_50,in_scope,supporting,RAD51C,0.294921875,22.78125,True,ok,,768,765,36,729,0.047058823529411764,17.0,0.022135416666666668,0.022222222222222223,9.0,8.0,27.0,721.0,0.25,0.13750477662994837,0.4107045376672835,0.9890260631001372,0.9784962389017317,0.9944290663169121,0.5294117647058824,22.78125,0.7168141592920354,Strong
avi_splice_sites,s11_50,in_scope,supporting,VHL,0.25321197509765625,4.76923076923077,True,ok,,80,75,13,62,0.17333333333333334,13.0,0.1625,0.16,6.0,6.0,7.0,56.0,0.46153846153846156,0.23206067809538303,0.7085620428549398,0.9032258064516129,0.8045118138769257,0.9548881279768061,0.5,4.76923076923077,0.34636871508379896,Moderate
avi_splice_sites,s11_50,in_scope,moderate,BAP1,0.4687434732913971,7.547445255474453,True,ok,,1500,1453,137,1316,0.09428768066070199,51.0,0.034,0.034411562284927734,22.0,28.0,115.0,1288.0,0.16058394160583941,0.108504010631574,0.2311790572753077,0.9787234042553191,0.969421181143437,0.985238934720658,0.44,7.547445255474453,0.45610939567710634,Moderate
avi_splice_sites,s11_50,in_scope,moderate,BARD1,0.5078125,291.77777777777777,True,ok,,1458,1435,21,1414,0.014634146341463415,16.0,0.010973936899862825,0.011149825783972125,13.0,3.0,8.0,1411.0,0.6190476190476191,0.4087865377511576,0.7924898863143551,0.9978783592644979,0.9937806498355874,0.9992781941138058,0.8125,291.77777777777777,0.9700775766531214,Strong
avi_splice_sites,s11_50,in_scope,moderate,BRCA1,0.4822368621826172,,True,ok,,361,345,3,342,0.008695652173913044,4.0,0.0110803324099723,0.005797101449275362,1.0,1.0,2.0,341.0,0.3333333333333333,0.06149194472039621,0.7923403991979522,0.9970760233918129,0.9836257718616302,0.9994836597241225,0.5,,,not evaluable
avi_splice_sites,s11_50,in_scope,moderate,PALB2,0.5078125,,True,ok,,540,464,15,449,0.032327586206896554,7.0,0.012962962962962963,0.010775862068965518,3.0,2.0,12.0,447.0,0.2,0.07047549346981563,0.45185448715169363,0.9955456570155902,0.9839062687040169,0.9987776073679419,0.6,,,not evaluable
avi_splice_sites,s11_50,in_scope,moderate,RAD51C,0.5078125,20.25,True,ok,,768,765,36,729,0.047058823529411764,14.0,0.018229166666666668,0.018300653594771243,7.0,7.0,29.0,722.0,0.19444444444444445,0.09753095418928728,0.3502804299517739,0.99039780521262,0.9803133421276994,0.9953410663313894,0.5,20.25,0.6923076923076923,Strong
avi_splice_sites,s11_50,in_scope,moderate,VHL,0.5078125,,True,ok,,80,75,13,62,0.17333333333333334,6.0,0.075,0.06666666666666667,4.0,1.0,9.0,61.0,0.3076923076923077,0.12680703655710515,0.5763065681945096,0.9838709677419355,0.9141327973931,0.9971471328313782,0.8,,,not evaluable
avi_splice_sites,s11_50,in_scope,strong,BAP1,,,False,not reached in this fold,,1500,1453,137,1316,0.09428768066070199,,,,,,,,,,,,,,,,,
avi_splice_sites,s11_50,in_scope,strong,BARD1,,,False,not reached in this fold,,1458,1435,21,1414,0.014634146341463415,,,,,,,,,,,,,,,,,
avi_splice_sites,s11_50,in_scope,strong,BRCA1,,,False,not reached in this fold,,361,345,3,342,0.008695652173913044,,,,,,,,,,,,,,,,,
avi_splice_sites,s11_50,in_scope,strong,PALB2,,,False,not reached in this fold,,540,464,15,449,0.032327586206896554,,,,,,,,,,,,,,,,,
avi_splice_sites,s11_50,in_scope,strong,RAD51C,,,False,not reached in this fold,,768,765,36,729,0.047058823529411764,,,,,,,,,,,,,,,,,
avi_splice_sites,s11_50,in_scope,strong,VHL,,,False,not reached in this fold,,80,75,13,62,0.17333333333333334,,,,,,,,,,,,,,,,,
avi_splice_sites,s11_50,in_scope,very_strong,BAP1,,,False,not reached in this fold,,1500,1453,137,1316,0.09428768066070199,,,,,,,,,,,,,,,,,
avi_splice_sites,s11_50,in_scope,very_strong,BARD1,,,False,not reached in this fold,,1458,1435,21,1414,0.014634146341463415,,,,,,,,,,,,,,,,,
avi_splice_sites,s11_50,in_scope,very_strong,BRCA1,,,False,not reached in this fold,,361,345,3,342,0.008695652173913044,,,,,,,,,,,,,,,,,
avi_splice_sites,s11_50,in_scope,very_strong,PALB2,,,False,not reached in this fold,,540,464,15,449,0.032327586206896554,,,,,,,,,,,,,,,,,
avi_splice_sites,s11_50,in_scope,very_strong,RAD51C,,,False,not reached in this fold,,768,765,36,729,0.047058823529411764,,,,,,,,,,,,,,,,,
avi_splice_sites,s11_50,in_scope,very_strong,VHL,,,False,not reached in this fold,,80,75,13,62,0.17333333333333334,,,,,,,,,,,,,,,,,
avi_splice_sites,s3_50,in_scope,supporting,BAP1,0.3212890625,7.17047204856392,True,ok,,2268,2190,283,1907,0.12922374429223743,163.0,0.0718694885361552,0.07351598173515982,83.0,78.0,200.0,1829.0,0.29328621908127206,0.24329596422506827,0.34881320827381646,0.9590980597797588,0.9492467435841048,0.9671034810340366,0.515527950310559,7.17047204856392,0.4434299769993864,Moderate
avi_splice_sites,s3_50,in_scope,supporting,BARD1,0.2978515625,51.92528735632183,True,ok,,1931,1894,87,1807,0.04593453009503696,110.0,0.05696530295183842,0.05543822597676874,75.0,30.0,12.0,1777.0,0.8620689655172413,0.7742137261595751,0.9193022170877859,0.9833978970669618,0.9763986556794715,0.9883462100238625,0.7142857142857143,51.92528735632183,0.8522780869729272,Strong
avi_splice_sites,s3_50,in_scope,supporting,BRCA1,0.29483699798583984,44.22429906542056,True,ok,,891,835,107,728,0.1281437125748503,115.0,0.12906846240179573,0.12574850299401197,91.0,14.0,16.0,714.0,0.8504672897196262,0.7708304349721777,0.9058116879118769,0.9807692307692307,0.9679806629821682,0.9885106529484647,0.8666666666666667,44.22429906542056,0.8309043020193151,Strong
avi_splice_sites,s3_50,in_scope,supporting,BRCA2,0.2890625,18.03921568627451,True,ok,,551,529,69,460,0.13043478260869565,66.0,0.11978221415607986,0.11909262759924386,46.0,17.0,23.0,443.0,0.6666666666666666,0.5492647542871832,0.7664894929831328,0.9630434782608696,0.9416170757062352,0.9768001806621258,0.7301587301587301,18.03921568627451,0.6671501087744742,Moderate
avi_splice_sites,s3_50,in_scope,supporting,PALB2,0.32421875,26.99816176470588,True,ok,,1041,875,102,773,0.11657142857142858,84.0,0.08069164265129683,0.08342857142857144,57.0,16.0,45.0,757.0,0.5588235294117647,0.4620704483428018,0.6513066737576143,0.9793014230271668,0.9666428113505171,0.9872197710158975,0.7808219178082192,26.99816176470588,0.7499872338252566,Strong
avi_splice_sites,s3_50,in_scope,supporting,RAD51C,0.32421875,20.221774193548388,True,ok,,1152,1144,124,1020,0.10839160839160839,83.0,0.0720486111111111,0.07255244755244755,59.0,24.0,65.0,996.0,0.47580645161290325,0.38995922301558095,0.5631076454686454,0.9764705882352941,0.9652276475886014,0.9841380883131198,0.7108433734939759,20.221774193548388,0.6920104870981096,Strong
avi_splice_sites,s3_50,in_scope,supporting,VHL,0.296875,7.072463768115942,True,ok,,163,145,23,122,0.15862068965517243,23.0,0.1411042944785276,0.14482758620689656,12.0,9.0,11.0,113.0,0.5217391304347826,0.32962737336427406,0.7076284258335335,0.9262295081967213,0.865730505922926,0.960706194466768,0.5714285714285714,7.072463768115942,0.44003606853020744,Moderate
avi_splice_sites,s3_50,in_scope,moderate,BAP1,0.439453125,9.827002355712603,True,ok,,2268,2190,283,1907,0.12922374429223743,119.0,0.05246913580246913,0.053881278538812784,70.0,48.0,213.0,1859.0,0.24734982332155478,0.2006868102508525,0.30077995613667335,0.9748295752490823,0.9667870615432534,0.9809629423307922,0.5932203389830508,9.827002355712603,0.521963197860377,Moderate
avi_splice_sites,s3_50,in_scope,moderate,BARD1,0.4608755111694336,89.57112068965519,True,ok,,1931,1894,87,1807,0.04593453009503696,89.0,0.046090108751942,0.04487856388595565,69.0,16.0,18.0,1791.0,0.7931034482758621,0.6964912643847028,0.864926403958399,0.9911455451023796,0.9856648635611946,0.9945424270074474,0.8117647058823529,89.57112068965519,0.9086953669895272,Strong
avi_splice_sites,s3_50,in_scope,moderate,BRCA1,0.455810546875,77.75700934579439,True,ok,,891,835,107,728,0.1281437125748503,96.0,0.10774410774410774,0.10419161676646707,80.0,7.0,27.0,721.0,0.7476635514018691,0.6577647569908553,0.8203956765138767,0.9903846153846154,0.9802864859663866,0.9953346562828592,0.9195402298850575,77.75700934579439,0.8962619842723258,Strong
avi_splice_sites,s3_50,in_scope,moderate,BRCA2,0.390625,21.9047619047619,True,ok,,551,529,69,460,0.13043478260869565,63.0,0.11433756805807622,0.11342155009451796,46.0,14.0,23.0,446.0,0.6666666666666666,0.5492647542871832,0.7664894929831328,0.9695652173913043,0.9495671078140197,0.9817856028693884,0.7666666666666667,21.9047619047619,0.7087827426810478,Strong
avi_splice_sites,s3_50,in_scope,moderate,PALB2,0.439453125,33.47140522875817,True,ok,,1041,875,102,773,0.11657142857142858,72.0,0.069164265129683,0.07428571428571429,53.0,12.0,49.0,761.0,0.5196078431372549,0.42371127251096535,0.6140811015225066,0.9844760672703752,0.9730629649270506,0.9910977289898786,0.8153846153846154,33.47140522875817,0.7880927190535731,Strong
avi_splice_sites,s3_50,in_scope,moderate,RAD51C,0.4608755111694336,25.64516129032258,True,ok,,1152,1144,124,1020,0.10839160839160839,70.0,0.06076388888888889,0.06118881118881119,53.0,17.0,71.0,1003.0,0.4274193548387097,0.34381792828898405,0.515382677163695,0.9833333333333333,0.9734712695250722,0.9895684584575377,0.7571428571428571,25.64516129032258,0.7402234636871508,Strong
avi_splice_sites,s3_50,in_scope,moderate,VHL,0.399169921875,11.669565217391305,True,ok,,163,145,23,122,0.15862068965517243,18.0,0.11042944785276074,0.1103448275862069,11.0,5.0,12.0,117.0,0.4782608695652174,0.29237157416646653,0.6703726266357259,0.9590163934426229,0.9076394737210987,0.9823692805447255,0.6875,11.669565217391305,0.5645771981489274,Moderate
avi_splice_sites,s3_50,in_scope,strong,BAP1,0.7264270782470703,13.102669807616804,True,ok,,2268,2190,283,1907,0.12922374429223743,53.0,0.023368606701940034,0.024200913242009132,35.0,18.0,248.0,1889.0,0.12367491166077739,0.09028499457888764,0.16714452458574872,0.9905610907184059,0.9851286588310237,0.9940211242989263,0.660377358490566,13.102669807616804,0.5928093719746693,Moderate
avi_splice_sites,s3_50,in_scope,strong,BARD1,0.9648106098175049,602.3333333333334,True,ok,,1931,1894,87,1807,0.04593453009503696,31.0,0.01605385810460901,0.01583949313621964,29.0,1.0,58.0,1806.0,0.3333333333333333,0.24318610255921488,0.4375763997554918,0.9994465965688988,0.9968718703276985,0.9999023040252023,0.9666666666666667,602.3333333333334,0.9852780806979281,Very strong
avi_splice_sites,s3_50,in_scope,strong,BRCA1,0.8632620573043823,97.52024922118379,True,ok,,891,835,107,728,0.1281437125748503,52.0,0.058361391694725026,0.055089820359281436,43.0,3.0,64.0,725.0,0.40186915887850466,0.3139347950726305,0.49660541051983426,0.9958791208791209,0.9879549109850303,0.9985975605891371,0.9347826086956522,97.52024922118379,0.9155090223145089,Strong
avi_splice_sites,s3_50,in_scope,strong,BRCA2,0.8583984375,44.44444444444445,True,ok,,551,529,69,460,0.13043478260869565,25.0,0.045372050816696916,0.043478260869565216,20.0,3.0,49.0,457.0,0.2898550724637681,0.19616057979260038,0.4057144997361315,0.9934782608695653,0.981003117848234,0.9977795919903479,0.8695652173913043,44.44444444444445,0.8316008316008318,Strong
avi_splice_sites,s3_50,in_scope,strong,PALB2,0.8583984375,189.46078431372547,True,ok,,1041,875,102,773,0.11657142857142858,26.0,0.024975984630163303,0.029714285714285714,25.0,1.0,77.0,772.0,0.24509803921568626,0.17188155492783067,0.3368175826370329,0.9987063389391979,0.9927089001363772,0.9997716005444673,0.9615384615384616,189.46078431372547,0.9546509904658401,Strong
avi_splice_sites,s3_50,in_scope,strong,RAD51C,0.8466796875,44.41935483870968,True,ok,,1152,1144,124,1020,0.10839160839160839,32.0,0.027777777777777776,0.027972027972027972,27.0,5.0,97.0,1015.0,0.21774193548387097,0.15418086030874278,0.29826593867389783,0.9950980392156863,0.9885764450008869,0.9979044122632472,0.84375,44.41935483870968,0.8315217391304347,Strong
avi_splice_sites,s3_50,in_scope,strong,VHL,0.8525390625,,True,ok,,163,145,23,122,0.15862068965517243,3.0,0.018404907975460124,0.020689655172413793,3.0,0.0,20.0,122.0,0.13043478260869565,0.04537659093631238,0.32127482270095964,1.0,0.969473821610987,1.0,1.0,,,not evaluable
avi_splice_sites,s3_50,in_scope,very_strong,BAP1,,,False,not reached in this fold,,2268,2190,283,1907,0.12922374429223743,,,,,,,,,,,,,,,,,
avi_splice_sites,s3_50,in_scope,very_strong,BARD1,,,False,not reached in this fold,,1931,1894,87,1807,0.04593453009503696,,,,,,,,,,,,,,,,,
avi_splice_sites,s3_50,in_scope,very_strong,BRCA1,,,False,not reached in this fold,,891,835,107,728,0.1281437125748503,,,,,,,,,,,,,,,,,
avi_splice_sites,s3_50,in_scope,very_strong,BRCA2,,,False,not reached in this fold,,551,529,69,460,0.13043478260869565,,,,,,,,,,,,,,,,,
avi_splice_sites,s3_50,in_scope,very_strong,PALB2,,,False,not reached in this fold,,1041,875,102,773,0.11657142857142858,,,,,,,,,,,,,,,,,
avi_splice_sites,s3_50,in_scope,very_strong,RAD51C,,,False,not reached in this fold,,1152,1144,124,1020,0.10839160839160839,,,,,,,,,,,,,,,,,
avi_splice_sites,s3_50,in_scope,very_strong,VHL,,,False,not reached in this fold,,163,145,23,122,0.15862068965517243,,,,,,,,,,,,,,,,,
avi_splice_sites,pm12,out_of_scope_incl_pm12,supporting,BAP1,,,False,not reached in this fold,,192,192,177,15,0.921875,,,,,,,,,,,,,,,,,
avi_splice_sites,pm12,out_of_scope_incl_pm12,supporting,BARD1,,,False,not reached in this fold,,119,119,119,0,1.0,,,,,,,,,,,,,,,,,
avi_splice_sites,pm12,out_of_scope_incl_pm12,supporting,BRCA1,,,False,not reached in this fold,,143,135,128,7,0.9481481481481482,,,,,,,,,,,,,,,,,
avi_splice_sites,pm12,out_of_scope_incl_pm12,supporting,BRCA2,,,False,not reached in this fold,,138,134,121,13,0.9029850746268657,,,,,,,,,,,,,,,,,
avi_splice_sites,pm12,out_of_scope_incl_pm12,supporting,PALB2,,,False,not reached in this fold,,144,141,139,2,0.9858156028368794,,,,,,,,,,,,,,,,,
avi_splice_sites,pm12,out_of_scope_incl_pm12,supporting,RAD51C,,,False,not reached in this fold,,96,96,96,0,1.0,,,,,,,,,,,,,,,,,
avi_splice_sites,pm12,out_of_scope_incl_pm12,supporting,VHL,,,False,not reached in this fold,,24,24,24,0,1.0,,,,,,,,,,,,,,,,,
avi_splice_sites,pm12,out_of_scope_incl_pm12,moderate,BAP1,,,False,not reached in this fold,,192,192,177,15,0.921875,,,,,,,,,,,,,,,,,
avi_splice_sites,pm12,out_of_scope_incl_pm12,moderate,BARD1,,,False,not reached in this fold,,119,119,119,0,1.0,,,,,,,,,,,,,,,,,
avi_splice_sites,pm12,out_of_scope_incl_pm12,moderate,BRCA1,,,False,not reached in this fold,,143,135,128,7,0.9481481481481482,,,,,,,,,,,,,,,,,
avi_splice_sites,pm12,out_of_scope_incl_pm12,moderate,BRCA2,,,False,not reached in this fold,,138,134,121,13,0.9029850746268657,,,,,,,,,,,,,,,,,
avi_splice_sites,pm12,out_of_scope_incl_pm12,moderate,PALB2,,,False,not reached in this fold,,144,141,139,2,0.9858156028368794,,,,,,,,,,,,,,,,,
avi_splice_sites,pm12,out_of_scope_incl_pm12,moderate,RAD51C,,,False,not reached in this fold,,96,96,96,0,1.0,,,,,,,,,,,,,,,,,
avi_splice_sites,pm12,out_of_scope_incl_pm12,moderate,VHL,,,False,not reached in this fold,,24,24,24,0,1.0,,,,,,,,,,,,,,,,,
avi_splice_sites,pm12,out_of_scope_incl_pm12,strong,BAP1,,,False,not reached in this fold,,192,192,177,15,0.921875,,,,,,,,,,,,,,,,,
avi_splice_sites,pm12,out_of_scope_incl_pm12,strong,BARD1,,,False,not reached in this fold,,119,119,119,0,1.0,,,,,,,,,,,,,,,,,
avi_splice_sites,pm12,out_of_scope_incl_pm12,strong,BRCA1,,,False,not reached in this fold,,143,135,128,7,0.9481481481481482,,,,,,,,,,,,,,,,,
avi_splice_sites,pm12,out_of_scope_incl_pm12,strong,BRCA2,,,False,not reached in this fold,,138,134,121,13,0.9029850746268657,,,,,,,,,,,,,,,,,
avi_splice_sites,pm12,out_of_scope_incl_pm12,strong,PALB2,,,False,not reached in this fold,,144,141,139,2,0.9858156028368794,,,,,,,,,,,,,,,,,
avi_splice_sites,pm12,out_of_scope_incl_pm12,strong,RAD51C,,,False,not reached in this fold,,96,96,96,0,1.0,,,,,,,,,,,,,,,,,
avi_splice_sites,pm12,out_of_scope_incl_pm12,strong,VHL,,,False,not reached in this fold,,24,24,24,0,1.0,,,,,,,,,,,,,,,,,
avi_splice_sites,pm12,out_of_scope_incl_pm12,very_strong,BAP1,,,False,not reached in this fold,,192,192,177,15,0.921875,,,,,,,,,,,,,,,,,
avi_splice_sites,pm12,out_of_scope_incl_pm12,very_strong,BARD1,,,False,not reached in this fold,,119,119,119,0,1.0,,,,,,,,,,,,,,,,,
avi_splice_sites,pm12,out_of_scope_incl_pm12,very_strong,BRCA1,,,False,not reached in this fold,,143,135,128,7,0.9481481481481482,,,,,,,,,,,,,,,,,
avi_splice_sites,pm12,out_of_scope_incl_pm12,very_strong,BRCA2,,,False,not reached in this fold,,138,134,121,13,0.9029850746268657,,,,,,,,,,,,,,,,,
avi_splice_sites,pm12,out_of_scope_incl_pm12,very_strong,PALB2,,,False,not reached in this fold,,144,141,139,2,0.9858156028368794,,,,,,,,,,,,,,,,,
avi_splice_sites,pm12,out_of_scope_incl_pm12,very_strong,RAD51C,,,False,not reached in this fold,,96,96,96,0,1.0,,,,,,,,,,,,,,,,,
avi_splice_sites,pm12,out_of_scope_incl_pm12,very_strong,VHL,,,False,not reached in this fold,,24,24,24,0,1.0,,,,,,,,,,,,,,,,,
avi_splice_site_usage,s3_10,in_scope,supporting,BAP1,0.568359375,10.794520547945204,True,ok,,768,737,146,591,0.19810040705563092,66.0,0.0859375,0.08955223880597014,48.0,18.0,98.0,573.0,0.3287671232876712,0.25781253486628486,0.40850144529969945,0.9695431472081218,0.952372499928468,0.9806492183295668,0.7272727272727273,10.794520547945204,0.5453287197231834,Moderate
avi_splice_site_usage,s3_10,in_scope,supporting,BARD1,0.44921875,14.290909090909091,True,ok,,473,459,66,393,0.1437908496732026,91.0,0.19238900634249473,0.18518518518518517,60.0,25.0,6.0,368.0,0.9090909090909091,0.8155127011503411,0.9576670249294885,0.9363867684478372,0.9077810806987878,0.9565439346846947,0.7058823529411765,14.290909090909091,0.6135831381733021,Moderate
avi_splice_site_usage,s3_10,in_scope,supporting,BRCA1,0.5888671875,41.29086538461538,True,ok,,530,490,104,386,0.21224489795918366,103.0,0.19433962264150945,0.19795918367346937,89.0,8.0,15.0,378.0,0.8557692307692307,0.7755885748449445,0.9106039230054261,0.9792746113989638,0.9596422469578337,0.9894615274823803,0.9175257731958762,41.29086538461538,0.8210410592227906,Strong
avi_splice_site_usage,s3_10,in_scope,supporting,BRCA2,0.5792236328125,27.878787878787875,True,ok,,551,529,69,460,0.13043478260869565,60.0,0.1088929219600726,0.10775047258979206,46.0,11.0,23.0,449.0,0.6666666666666666,0.5492647542871832,0.7664894929831328,0.9760869565217392,0.9576922893985758,0.9865958755998798,0.8070175438596491,27.878787878787875,0.7559572719802794,Strong
avi_splice_site_usage,s3_10,in_scope,supporting,PALB2,0.55078125,14.630541871921183,True,ok,,501,411,87,324,0.2116788321167883,78.0,0.15568862275449102,0.1678832116788321,55.0,14.0,32.0,310.0,0.632183908045977,0.5272752508445968,0.7259131093885667,0.9567901234567902,0.9287864630387842,0.9740889727427863,0.7971014492753623,14.630541871921183,0.6191369606003752,Moderate
avi_splice_site_usage,s3_10,in_scope,supporting,RAD51C,0.5888671875,21.31060606060606,True,ok,,384,379,88,291,0.23218997361477572,67.0,0.17447916666666666,0.17678100263852242,58.0,9.0,30.0,282.0,0.6590909090909091,0.5552645553272387,0.7496086507339318,0.9690721649484536,0.9422762975794085,0.9836450470372694,0.8656716417910447,21.31060606060606,0.7030742314421394,Strong
avi_splice_site_usage,s3_10,in_scope,supporting,VHL,0.548828125,54.0,True,ok,,83,70,10,60,0.14285714285714285,11.0,0.13253012048192772,0.14285714285714285,9.0,1.0,1.0,59.0,0.9,0.5958499732047615,0.9821237869049271,0.9833333333333333,0.9114487027240993,0.9970518402052136,0.9,54.0,0.8571428571428571,Strong
avi_splice_site_usage,s3_10,in_scope,moderate,BAP1,0.6669921875,10.625856164383562,True,ok,,768,737,146,591,0.19810040705563092,58.0,0.07552083333333333,0.07869742198100407,42.0,16.0,104.0,575.0,0.2876712328767123,0.22043015285749784,0.3657991825483226,0.9729272419627749,0.9564779825997154,0.9832682165106292,0.7241379310344828,10.625856164383562,0.541421279937181,Moderate
avi_splice_site_usage,s3_10,in_scope,moderate,BARD1,0.548828125,22.329545454545453,True,ok,,473,459,66,393,0.1437908496732026,81.0,0.17124735729386892,0.1655773420479303,60.0,16.0,6.0,377.0,0.9090909090909091,0.8155127011503411,0.9576670249294885,0.9592875318066157,0.9348961205469507,0.9747870589091342,0.7894736842105263,22.329545454545453,0.7127312295973884,Strong
avi_splice_site_usage,s3_10,in_scope,moderate,BRCA1,0.671875,38.97115384615385,True,ok,,530,490,104,386,0.21224489795918366,98.0,0.18490566037735848,0.18775510204081633,84.0,8.0,20.0,378.0,0.8076923076923077,0.7215452338276328,0.8719185480970123,0.9792746113989638,0.9596422469578337,0.9894615274823803,0.9130434782608695,38.97115384615385,0.8123872519542995,Strong
avi_splice_site_usage,s3_10,in_scope,moderate,BRCA2,0.6669921875,27.333333333333332,True,ok,,551,529,69,460,0.13043478260869565,53.0,0.09618874773139746,0.09640831758034027,41.0,10.0,28.0,450.0,0.5942028985507246,0.476358878348368,0.7021109135870279,0.9782608695652174,0.9604502784405959,0.9881497046628755,0.803921568627451,27.333333333333332,0.7522935779816514,Strong
avi_splice_site_usage,s3_10,in_scope,moderate,PALB2,0.6728515625,18.620689655172413,True,ok,,501,411,87,324,0.2116788321167883,66.0,0.1317365269461078,0.145985401459854,50.0,10.0,37.0,314.0,0.5747126436781609,0.4698388741794012,0.6732675903002129,0.9691358024691358,0.9441270806915557,0.9831503938949221,0.8333333333333334,18.620689655172413,0.6741573033707865,Moderate
avi_splice_site_usage,s3_10,in_scope,moderate,RAD51C,0.6669921875,25.50974025974026,True,ok,,384,379,88,291,0.23218997361477572,61.0,0.15885416666666666,0.16094986807387862,54.0,7.0,34.0,284.0,0.6136363636363636,0.5091875700661254,0.7085790056918536,0.9759450171821306,0.9511880179340683,0.9882999397905462,0.8852459016393442,25.50974025974026,0.7392040643522438,Strong
avi_splice_site_usage,s3_10,in_scope,moderate,VHL,0.677734375,,True,ok,,83,70,10,60,0.14285714285714285,9.0,0.10843373493975904,0.12857142857142856,9.0,0.0,1.0,60.0,0.9,0.5958499732047615,0.9821237869049271,1.0,0.93982814785791,1.0,1.0,,,not evaluable
avi_splice_site_usage,s3_10,in_scope,strong,BAP1,0.908203125,21.04931506849315,True,ok,,768,737,146,591,0.19810040705563092,31.0,0.040364583333333336,0.04206241519674356,26.0,5.0,120.0,586.0,0.1780821917808219,0.12452458190809185,0.24814570080395848,0.9915397631133672,0.9803498101694088,0.9963810336286418,0.8387096774193549,21.04931506849315,0.7004923413566739,Strong
avi_splice_site_usage,s3_10,in_scope,strong,BARD1,0.923828125,122.06818181818181,True,ok,,473,459,66,393,0.1437908496732026,43.0,0.09090909090909091,0.09368191721132897,41.0,2.0,25.0,391.0,0.6212121212121212,0.5005847591462179,0.7285055300626205,0.9949109414758269,0.9816370381658616,0.9986032854031607,0.9534883720930233,122.06818181818181,0.9313334489335876,Strong
avi_splice_site_usage,s3_10,in_scope,strong,BRCA1,0.92333984375,126.1923076923077,True,ok,,530,490,104,386,0.21224489795918366,38.0,0.07169811320754717,0.07142857142857142,34.0,1.0,70.0,385.0,0.3269230769230769,0.2443398527182713,0.4218367699491159,0.9974093264248705,0.9854732731250875,0.9995425360236752,0.9714285714285714,126.1923076923077,0.9334281650071123,Strong
avi_splice_site_usage,s3_10,in_scope,strong,BRCA2,0.9189453125,,True,ok,,551,529,69,460,0.13043478260869565,3.0,0.0054446460980036296,0.005671077504725898,3.0,0.0,66.0,460.0,0.043478260869565216,0.014895903896212308,0.12021202749379145,1.0,0.9917181641536291,1.0,1.0,,,not evaluable
avi_splice_site_usage,s3_10,in_scope,strong,PALB2,0.91998291015625,59.770114942528735,True,ok,,501,411,87,324,0.2116788321167883,17.0,0.033932135728542916,0.038929440389294405,16.0,0.0,71.0,324.0,0.1839080459770115,0.11649466965641427,0.2780549036990641,1.0,0.9882825715987459,1.0,1.0,59.770114942528735,0.8691291993982952,Strong
avi_splice_site_usage,s3_10,in_scope,strong,RAD51C,0.91949462890625,36.375,True,ok,,384,379,88,291,0.23218997361477572,36.0,0.09375,0.09498680738786279,33.0,3.0,55.0,288.0,0.375,0.28107922931825335,0.47937753734796973,0.9896907216494846,0.9701333446370154,0.9964878393034725,0.9166666666666666,36.375,0.8016528925619836,Strong
avi_splice_site_usage,s3_10,in_scope,strong,VHL,0.9189453125,,True,ok,,83,70,10,60,0.14285714285714285,5.0,0.060240963855421686,0.07142857142857142,5.0,0.0,5.0,60.0,0.5,0.236593090512564,0.7634069094874361,1.0,0.93982814785791,1.0,1.0,,,not evaluable
avi_splice_site_usage,s3_10,in_scope,very_strong,BAP1,,,False,not reached in this fold,,768,737,146,591,0.19810040705563092,,,,,,,,,,,,,,,,,
avi_splice_site_usage,s3_10,in_scope,very_strong,BARD1,,,False,not reached in this fold,,473,459,66,393,0.1437908496732026,,,,,,,,,,,,,,,,,
avi_splice_site_usage,s3_10,in_scope,very_strong,BRCA1,,,False,not reached in this fold,,530,490,104,386,0.21224489795918366,,,,,,,,,,,,,,,,,
avi_splice_site_usage,s3_10,in_scope,very_strong,BRCA2,,,False,not reached in this fold,,551,529,69,460,0.13043478260869565,,,,,,,,,,,,,,,,,
avi_splice_site_usage,s3_10,in_scope,very_strong,PALB2,,,False,not reached in this fold,,501,411,87,324,0.2116788321167883,,,,,,,,,,,,,,,,,
avi_splice_site_usage,s3_10,in_scope,very_strong,RAD51C,,,False,not reached in this fold,,384,379,88,291,0.23218997361477572,,,,,,,,,,,,,,,,,
avi_splice_site_usage,s3_10,in_scope,very_strong,VHL,,,False,not reached in this fold,,83,70,10,60,0.14285714285714285,,,,,,,,,,,,,,,,,
avi_splice_site_usage,s11_50,in_scope,supporting,BAP1,0.18359375,11.924490309589732,True,ok,,1500,1453,137,1316,0.09428768066070199,65.0,0.043333333333333335,0.044735030970406056,36.0,29.0,101.0,1287.0,0.26277372262773724,0.19626675526812928,0.3422214104732396,0.9779635258358662,0.9685312444429948,0.9846135379038556,0.5538461538461539,11.924490309589732,0.5698819963191513,Moderate
avi_splice_site_usage,s11_50,in_scope,supporting,BARD1,0.11328125,26.62015503875969,True,ok,,1458,1435,21,1414,0.014634146341463415,64.0,0.0438957475994513,0.041811846689895474,17.0,43.0,4.0,1371.0,0.8095238095238095,0.5999943530979508,0.9233243494723822,0.9695898161244696,0.9592894758155196,0.9773455701822037,0.2833333333333333,26.62015503875969,0.7473340587595213,Strong
avi_splice_site_usage,s11_50,in_scope,supporting,BRCA1,0.1328125,,True,ok,,361,345,3,342,0.008695652173913044,13.0,0.036011080332409975,0.028985507246376812,2.0,8.0,1.0,334.0,0.6666666666666666,0.2076596008020477,0.9385080552796037,0.9766081871345029,0.9545280891121224,0.9881003658789227,0.2,,,not evaluable
avi_splice_site_usage,s11_50,in_scope,supporting,PALB2,0.16796875,7.87719298245614,True,ok,,540,464,15,449,0.032327586206896554,28.0,0.05185185185185185,0.05172413793103448,5.0,19.0,10.0,430.0,0.3333333333333333,0.1517632443971473,0.5828645226148023,0.9576837416481069,0.9348577870287844,0.9727446243545304,0.20833333333333334,7.87719298245614,0.4667359667359668,Moderate
avi_splice_site_usage,s11_50,in_scope,supporting,RAD51C,0.19140625,21.807692307692307,True,ok,,768,765,36,729,0.047058823529411764,27.0,0.03515625,0.03529411764705882,14.0,13.0,22.0,716.0,0.3888888888888889,0.24784873065371,0.5513554090339485,0.9821673525377229,0.9697304287406084,0.9895493602758102,0.5185185185185185,21.807692307692307,0.7078651685393258,Strong
avi_splice_site_usage,s11_50,in_scope,supporting,VHL,0.140625,23.846153846153847,True,ok,,80,75,13,62,0.17333333333333334,13.0,0.1625,0.16,10.0,2.0,3.0,60.0,0.7692307692307693,0.49743624053272495,0.9182047128150143,0.967741935483871,0.8897953040501456,0.9911086285001833,0.8333333333333334,23.846153846153847,0.7259953161592505,Strong
avi_splice_site_usage,s11_50,in_scope,moderate,BAP1,0.23617935180664062,14.88905109489051,True,ok,,1500,1453,137,1316,0.09428768066070199,51.0,0.034,0.03509979353062629,31.0,20.0,106.0,1296.0,0.22627737226277372,0.16423818021187592,0.303248164874319,0.9848024316109423,0.9766421689303291,0.9901406150717227,0.6078431372549019,14.88905109489051,0.623258372036177,Moderate
avi_splice_site_usage,s11_50,in_scope,moderate,BARD1,0.21875,63.59259259259259,True,ok,,1458,1435,21,1414,0.014634146341463415,37.0,0.025377229080932786,0.024390243902439025,17.0,18.0,4.0,1396.0,0.8095238095238095,0.5999943530979508,0.9233243494723822,0.9872701555869873,0.9799671728895117,0.9919327468280054,0.4857142857142857,63.59259259259259,0.8760204081632652,Strong
avi_splice_site_usage,s11_50,in_scope,moderate,BRCA1,0.2578125,,True,ok,,361,345,3,342,0.008695652173913044,10.0,0.027700831024930747,0.020289855072463767,2.0,5.0,1.0,337.0,0.6666666666666666,0.2076596008020477,0.9385080552796037,0.9853801169590644,0.9662379264623404,0.993739518497865,0.2857142857142857,,,not evaluable
avi_splice_site_usage,s11_50,in_scope,moderate,PALB2,0.2109375,9.354166666666666,True,ok,,540,464,15,449,0.032327586206896554,25.0,0.046296296296296294,0.04525862068965517,5.0,16.0,10.0,433.0,0.3333333333333333,0.1517632443971473,0.5828645226148023,0.9643652561247216,0.9429036180869969,0.9779484635354904,0.23809523809523808,9.354166666666666,0.5096481271282634,Moderate
avi_splice_site_usage,s11_50,in_scope,moderate,RAD51C,0.28125,44.550000000000004,True,ok,,768,765,36,729,0.047058823529411764,16.0,0.020833333333333332,0.02091503267973856,11.0,5.0,25.0,724.0,0.3055555555555556,0.1800445159482992,0.4685627285051034,0.9931412894375857,0.9840457003133195,0.9970669146266592,0.6875,44.550000000000004,0.8319327731092439,Strong
avi_splice_site_usage,s11_50,in_scope,moderate,VHL,0.2578125,,True,ok,,80,75,13,62,0.17333333333333334,10.0,0.125,0.12,9.0,0.0,4.0,62.0,0.6923076923076923,0.42369343180549035,0.8731929634428948,1.0,0.9416559278986275,1.0,1.0,,,not evaluable
avi_splice_site_usage,s11_50,in_scope,strong,BAP1,,,False,not reached in this fold,,1500,1453,137,1316,0.09428768066070199,,,,,,,,,,,,,,,,,
avi_splice_site_usage,s11_50,in_scope,strong,BARD1,,,False,not reached in this fold,,1458,1435,21,1414,0.014634146341463415,,,,,,,,,,,,,,,,,
avi_splice_site_usage,s11_50,in_scope,strong,BRCA1,0.6494140625,,True,ok,,361,345,3,342,0.008695652173913044,3.0,0.008310249307479225,0.005797101449275362,1.0,1.0,2.0,341.0,0.3333333333333333,0.06149194472039621,0.7923403991979522,0.9970760233918129,0.9836257718616302,0.9994836597241225,0.5,,,not evaluable
avi_splice_site_usage,s11_50,in_scope,strong,PALB2,0.6416015625,,True,ok,,540,464,15,449,0.032327586206896554,7.0,0.012962962962962963,0.010775862068965518,3.0,2.0,12.0,447.0,0.2,0.07047549346981563,0.45185448715169363,0.9955456570155902,0.9839062687040169,0.9987776073679419,0.6,,,not evaluable
avi_splice_site_usage,s11_50,in_scope,strong,RAD51C,,,False,not reached in this fold,,768,765,36,729,0.047058823529411764,,,,,,,,,,,,,,,,,
avi_splice_site_usage,s11_50,in_scope,strong,VHL,,,False,not reached in this fold,,80,75,13,62,0.17333333333333334,,,,,,,,,,,,,,,,,
avi_splice_site_usage,s11_50,in_scope,very_strong,BAP1,,,False,not reached in this fold,,1500,1453,137,1316,0.09428768066070199,,,,,,,,,,,,,,,,,
avi_splice_site_usage,s11_50,in_scope,very_strong,BARD1,,,False,not reached in this fold,,1458,1435,21,1414,0.014634146341463415,,,,,,,,,,,,,,,,,
avi_splice_site_usage,s11_50,in_scope,very_strong,BRCA1,,,False,not reached in this fold,,361,345,3,342,0.008695652173913044,,,,,,,,,,,,,,,,,
avi_splice_site_usage,s11_50,in_scope,very_strong,PALB2,,,False,not reached in this fold,,540,464,15,449,0.032327586206896554,,,,,,,,,,,,,,,,,
avi_splice_site_usage,s11_50,in_scope,very_strong,RAD51C,,,False,not reached in this fold,,768,765,36,729,0.047058823529411764,,,,,,,,,,,,,,,,,
avi_splice_site_usage,s11_50,in_scope,very_strong,VHL,,,False,not reached in this fold,,80,75,13,62,0.17333333333333334,,,,,,,,,,,,,,,,,
avi_splice_site_usage,s3_50,in_scope,supporting,BAP1,0.41796875,13.64981426112168,True,ok,,2268,2190,283,1907,0.12922374429223743,118.0,0.05202821869488536,0.053881278538812784,79.0,39.0,204.0,1868.0,0.2791519434628975,0.23011322706669995,0.33410597432099737,0.9795490298898794,0.9721660752571016,0.9850038623937153,0.6694915254237288,13.64981426112168,0.602645748161897,Moderate
avi_splice_site_usage,s3_50,in_scope,supporting,BARD1,0.380859375,42.66293880086984,True,ok,,1931,1894,87,1807,0.04593453009503696,121.0,0.06266183324702226,0.05966209081309398,76.0,37.0,11.0,1770.0,0.8735632183908046,0.7876218511925265,0.9279104712055445,0.9795240730492529,0.9719051352907324,0.9851085179799475,0.672566371681416,42.66293880086984,0.8257938822510718,Strong
avi_splice_site_usage,s3_50,in_scope,supporting,BRCA1,0.369140625,42.183177570093456,True,ok,,891,835,107,728,0.1281437125748503,119.0,0.1335578002244669,0.12934131736526946,93.0,15.0,14.0,713.0,0.8691588785046729,0.7922948277257333,0.920434875045471,0.9793956043956044,0.9662841122012479,0.9874743713981547,0.8611111111111112,42.183177570093456,0.8241609757878975,Strong
avi_splice_site_usage,s3_50,in_scope,supporting,BRCA2,0.373046875,20.416666666666668,True,ok,,551,529,69,460,0.13043478260869565,68.0,0.12341197822141561,0.12287334593572778,49.0,16.0,20.0,444.0,0.7101449275362319,0.5942855002638685,0.8038394202073997,0.9652173913043478,0.9442505450774492,0.9784785293959275,0.7538461538461538,20.416666666666668,0.6940509915014165,Strong
avi_splice_site_usage,s3_50,in_scope,supporting,PALB2,0.3828125,14.697563874034461,True,ok,,1041,875,102,773,0.11657142857142858,111.0,0.10662824207492795,0.11085714285714286,64.0,33.0,38.0,740.0,0.6274509803921569,0.5306001919994485,0.7150502392181197,0.9573091849935317,0.9406531361874502,0.9694424720892774,0.6597938144329897,14.697563874034461,0.6202141263194846,Moderate
avi_splice_site_usage,s3_50,in_scope,supporting,RAD51C,0.421875,48.72208436724566,True,ok,,1152,1144,124,1020,0.10839160839160839,90.0,0.078125,0.07867132867132867,77.0,13.0,47.0,1007.0,0.6209677419354839,0.5331564711030891,0.7015091864757793,0.9872549019607844,0.9783166931818277,0.9925367445612905,0.8555555555555555,48.72208436724566,0.8440804745937581,Strong
avi_splice_site_usage,s3_50,in_scope,supporting,VHL,0.38671875,26.521739130434785,True,ok,,163,145,23,122,0.15862068965517243,19.0,0.1165644171779141,0.12413793103448276,15.0,3.0,8.0,119.0,0.6521739130434783,0.44890335377263,0.8118872406120227,0.9754098360655737,0.93019240156411,0.9916023796397794,0.8333333333333334,26.521739130434785,0.7466340269277845,Strong
avi_splice_site_usage,s3_50,in_scope,moderate,BAP1,0.517578125,17.789681978798587,True,ok,,2268,2190,283,1907,0.12922374429223743,91.0,0.040123456790123455,0.041552511415525115,66.0,25.0,217.0,1882.0,0.2332155477031802,0.18772056266402448,0.28585623261231397,0.9868904037755637,0.9807185642166112,0.9911046037536277,0.7252747252747253,17.789681978798587,0.6640497633707404,Moderate
avi_splice_site_usage,s3_50,in_scope,moderate,BARD1,0.48828125,62.310344827586206,True,ok,,1931,1894,87,1807,0.04593453009503696,106.0,0.05489383738995339,0.05279831045406547,75.0,25.0,12.0,1782.0,0.8620689655172413,0.7742137261595751,0.9193022170877859,0.9861649142224682,0.9796557255811587,0.9906114347169284,0.75,62.310344827586206,0.8737911025145068,Strong
avi_splice_site_usage,s3_50,in_scope,moderate,BRCA1,0.484375,61.91401869158879,True,ok,,891,835,107,728,0.1281437125748503,111.0,0.12457912457912458,0.12095808383233533,91.0,10.0,16.0,718.0,0.8504672897196262,0.7708304349721777,0.9058116879118769,0.9862637362637363,0.9749007334140805,0.9925219118414743,0.900990099009901,61.91401869158879,0.8730857429030813,Strong
avi_splice_site_usage,s3_50,in_scope,moderate,BRCA2,0.4921875,24.102564102564102,True,ok,,551,529,69,460,0.13043478260869565,63.0,0.11433756805807622,0.11342155009451796,47.0,13.0,22.0,447.0,0.6811594202898551,0.5641587428411312,0.779052395496169,0.9717391304347827,0.9522534013051508,0.9834111274832734,0.7833333333333333,24.102564102564102,0.7281177381874516,Strong
avi_splice_site_usage,s3_50,in_scope,moderate,PALB2,0.484375,19.261846405228756,True,ok,,1041,875,102,773,0.11657142857142858,96.0,0.09221902017291066,0.09714285714285714,61.0,24.0,41.0,749.0,0.5980392156862745,0.5010067361944007,0.6879551339729594,0.9689521345407504,0.9542178038546509,0.9790485554107347,0.7176470588235294,19.261846405228756,0.6815494688154947,Strong
avi_splice_site_usage,s3_50,in_scope,moderate,RAD51C,0.52734375,50.85043988269794,True,ok,,1152,1144,124,1020,0.10839160839160839,79.0,0.0685763888888889,0.06905594405594405,68.0,11.0,56.0,1009.0,0.5483870967741935,0.46065500744902865,0.6332112555825186,0.9892156862745098,0.9807926089747336,0.9939676836486384,0.8607594936708861,50.85043988269794,0.84962516536822,Strong
avi_splice_site_usage,s3_50,in_scope,moderate,VHL,0.4921875,39.78260869565217,True,ok,,163,145,23,122,0.15862068965517243,18.0,0.11042944785276074,0.11724137931034483,15.0,2.0,8.0,120.0,0.6521739130434783,0.44890335377263,0.8118872406120227,0.9836065573770492,0.9421950412865174,0.9954927533864046,0.8823529411764706,39.78260869565217,0.8155080213903744,Strong
avi_splice_site_usage,s3_50,in_scope,strong,BAP1,0.7763671875,20.636704946996467,True,ok,,2268,2190,283,1907,0.12922374429223743,65.0,0.028659611992945325,0.02968036529680365,49.0,16.0,234.0,1891.0,0.17314487632508835,0.13351680702437557,0.2215276110294166,0.9916098584163607,0.9864141348361923,0.9948289669108179,0.7538461538461538,20.636704946996467,0.6963225157420171,Strong
avi_splice_site_usage,s3_50,in_scope,strong,BARD1,0.916015625,550.4080459770115,True,ok,,1931,1894,87,1807,0.04593453009503696,55.0,0.02848265147591921,0.02903907074973601,53.0,2.0,34.0,1805.0,0.6091954022988506,0.5041338955116828,0.7050217064200612,0.9988931931377975,0.9959732942893083,0.999696421144642,0.9636363636363636,550.4080459770115,0.9839115649752921,Very strong
avi_splice_site_usage,s3_50,in_scope,strong,BRCA1,0.9175758361816406,142.87850467289718,True,ok,,891,835,107,728,0.1281437125748503,48.0,0.05387205387205387,0.05269461077844311,42.0,2.0,65.0,726.0,0.3925233644859813,0.3052655153343434,0.4872309003145466,0.9972527472527473,0.9900390232784716,0.9992462806269261,0.9545454545454546,142.87850467289718,0.9407421081779582,Strong
avi_splice_site_usage,s3_50,in_scope,strong,BRCA2,0.9124755859375,,True,ok,,551,529,69,460,0.13043478260869565,4.0,0.007259528130671506,0.007561436672967864,3.0,1.0,66.0,459.0,0.043478260869565216,0.014895903896212308,0.12021202749379145,0.9978260869565218,0.9877901982102204,0.9996161478383929,0.75,,,not evaluable
avi_splice_site_usage,s3_50,in_scope,strong,PALB2,0.913726806640625,166.94117647058823,True,ok,,1041,875,102,773,0.11657142857142858,23.0,0.022094140249759846,0.025142857142857144,22.0,0.0,80.0,773.0,0.21568627450980393,0.14697200198252877,0.3050385745321267,1.0,0.995055028568473,1.0,1.0,166.94117647058823,0.9488465396188567,Strong
avi_splice_site_usage,s3_50,in_scope,strong,RAD51C,0.913726806640625,106.93548387096774,True,ok,,1152,1144,124,1020,0.10839160839160839,42.0,0.036458333333333336,0.03671328671328671,39.0,3.0,85.0,1017.0,0.31451612903225806,0.2394087010515654,0.40077062399416985,0.9970588235294118,0.9913884707804093,0.9989992413639788,0.9285714285714286,106.93548387096774,0.9223706176961604,Strong
avi_splice_site_usage,s3_50,in_scope,strong,VHL,0.9124755859375,,True,ok,,163,145,23,122,0.15862068965517243,8.0,0.049079754601226995,0.05517241379310345,8.0,0.0,15.0,122.0,0.34782608695652173,0.1881127593879773,0.55109664622737,1.0,0.969473821610987,1.0,1.0,,,not evaluable
avi_splice_site_usage,s3_50,in_scope,very_strong,BAP1,,,False,not reached in this fold,,2268,2190,283,1907,0.12922374429223743,,,,,,,,,,,,,,,,,
avi_splice_site_usage,s3_50,in_scope,very_strong,BARD1,,,False,not reached in this fold,,1931,1894,87,1807,0.04593453009503696,,,,,,,,,,,,,,,,,
avi_splice_site_usage,s3_50,in_scope,very_strong,BRCA1,,,False,not reached in this fold,,891,835,107,728,0.1281437125748503,,,,,,,,,,,,,,,,,
avi_splice_site_usage,s3_50,in_scope,very_strong,BRCA2,,,False,not reached in this fold,,551,529,69,460,0.13043478260869565,,,,,,,,,,,,,,,,,
avi_splice_site_usage,s3_50,in_scope,very_strong,PALB2,,,False,not reached in this fold,,1041,875,102,773,0.11657142857142858,,,,,,,,,,,,,,,,,
avi_splice_site_usage,s3_50,in_scope,very_strong,RAD51C,,,False,not reached in this fold,,1152,1144,124,1020,0.10839160839160839,,,,,,,,,,,,,,,,,
avi_splice_site_usage,s3_50,in_scope,very_strong,VHL,,,False,not reached in this fold,,163,145,23,122,0.15862068965517243,,,,,,,,,,,,,,,,,
avi_splice_site_usage,pm12,out_of_scope_incl_pm12,supporting,BAP1,,,False,not reached in this fold,,192,192,177,15,0.921875,,,,,,,,,,,,,,,,,
avi_splice_site_usage,pm12,out_of_scope_incl_pm12,supporting,BARD1,,,False,not reached in this fold,,119,119,119,0,1.0,,,,,,,,,,,,,,,,,
avi_splice_site_usage,pm12,out_of_scope_incl_pm12,supporting,BRCA1,,,False,not reached in this fold,,143,135,128,7,0.9481481481481482,,,,,,,,,,,,,,,,,
avi_splice_site_usage,pm12,out_of_scope_incl_pm12,supporting,BRCA2,,,False,not reached in this fold,,138,134,121,13,0.9029850746268657,,,,,,,,,,,,,,,,,
avi_splice_site_usage,pm12,out_of_scope_incl_pm12,supporting,PALB2,,,False,not reached in this fold,,144,141,139,2,0.9858156028368794,,,,,,,,,,,,,,,,,
avi_splice_site_usage,pm12,out_of_scope_incl_pm12,supporting,RAD51C,,,False,not reached in this fold,,96,96,96,0,1.0,,,,,,,,,,,,,,,,,
avi_splice_site_usage,pm12,out_of_scope_incl_pm12,supporting,VHL,,,False,not reached in this fold,,24,24,24,0,1.0,,,,,,,,,,,,,,,,,
avi_splice_site_usage,pm12,out_of_scope_incl_pm12,moderate,BAP1,,,False,not reached in this fold,,192,192,177,15,0.921875,,,,,,,,,,,,,,,,,
avi_splice_site_usage,pm12,out_of_scope_incl_pm12,moderate,BARD1,,,False,not reached in this fold,,119,119,119,0,1.0,,,,,,,,,,,,,,,,,
avi_splice_site_usage,pm12,out_of_scope_incl_pm12,moderate,BRCA1,,,False,not reached in this fold,,143,135,128,7,0.9481481481481482,,,,,,,,,,,,,,,,,
avi_splice_site_usage,pm12,out_of_scope_incl_pm12,moderate,BRCA2,,,False,not reached in this fold,,138,134,121,13,0.9029850746268657,,,,,,,,,,,,,,,,,
avi_splice_site_usage,pm12,out_of_scope_incl_pm12,moderate,PALB2,,,False,not reached in this fold,,144,141,139,2,0.9858156028368794,,,,,,,,,,,,,,,,,
avi_splice_site_usage,pm12,out_of_scope_incl_pm12,moderate,RAD51C,,,False,not reached in this fold,,96,96,96,0,1.0,,,,,,,,,,,,,,,,,
avi_splice_site_usage,pm12,out_of_scope_incl_pm12,moderate,VHL,,,False,not reached in this fold,,24,24,24,0,1.0,,,,,,,,,,,,,,,,,
avi_splice_site_usage,pm12,out_of_scope_incl_pm12,strong,BAP1,,,False,not reached in this fold,,192,192,177,15,0.921875,,,,,,,,,,,,,,,,,
avi_splice_site_usage,pm12,out_of_scope_incl_pm12,strong,BARD1,,,False,not reached in this fold,,119,119,119,0,1.0,,,,,,,,,,,,,,,,,
avi_splice_site_usage,pm12,out_of_scope_incl_pm12,strong,BRCA1,,,False,not reached in this fold,,143,135,128,7,0.9481481481481482,,,,,,,,,,,,,,,,,
avi_splice_site_usage,pm12,out_of_scope_incl_pm12,strong,BRCA2,,,False,not reached in this fold,,138,134,121,13,0.9029850746268657,,,,,,,,,,,,,,,,,
avi_splice_site_usage,pm12,out_of_scope_incl_pm12,strong,PALB2,,,False,not reached in this fold,,144,141,139,2,0.9858156028368794,,,,,,,,,,,,,,,,,
avi_splice_site_usage,pm12,out_of_scope_incl_pm12,strong,RAD51C,,,False,not reached in this fold,,96,96,96,0,1.0,,,,,,,,,,,,,,,,,
avi_splice_site_usage,pm12,out_of_scope_incl_pm12,strong,VHL,,,False,not reached in this fold,,24,24,24,0,1.0,,,,,,,,,,,,,,,,,
avi_splice_site_usage,pm12,out_of_scope_incl_pm12,very_strong,BAP1,,,False,not reached in this fold,,192,192,177,15,0.921875,,,,,,,,,,,,,,,,,
avi_splice_site_usage,pm12,out_of_scope_incl_pm12,very_strong,BARD1,,,False,not reached in this fold,,119,119,119,0,1.0,,,,,,,,,,,,,,,,,
avi_splice_site_usage,pm12,out_of_scope_incl_pm12,very_strong,BRCA1,,,False,not reached in this fold,,143,135,128,7,0.9481481481481482,,,,,,,,,,,,,,,,,
avi_splice_site_usage,pm12,out_of_scope_incl_pm12,very_strong,BRCA2,,,False,not reached in this fold,,138,134,121,13,0.9029850746268657,,,,,,,,,,,,,,,,,
avi_splice_site_usage,pm12,out_of_scope_incl_pm12,very_strong,PALB2,,,False,not reached in this fold,,144,141,139,2,0.9858156028368794,,,,,,,,,,,,,,,,,
avi_splice_site_usage,pm12,out_of_scope_incl_pm12,very_strong,RAD51C,,,False,not reached in this fold,,96,96,96,0,1.0,,,,,,,,,,,,,,,,,
avi_splice_site_usage,pm12,out_of_scope_incl_pm12,very_strong,VHL,,,False,not reached in this fold,,24,24,24,0,1.0,,,,,,,,,,,,,,,,,
avi_splice_junctions,s3_10,in_scope,supporting,BAP1,3.509765625,9.145357686453577,True,ok,,768,737,146,591,0.19810040705563092,89.0,0.11588541666666667,0.11940298507462686,61.0,27.0,85.0,564.0,0.4178082191780822,0.3409187965919966,0.4989119138876759,0.9543147208121827,0.9343466122789948,0.968414942143644,0.6931818181818182,9.145357686453577,0.5040053684519565,Moderate
avi_splice_junctions,s3_10,in_scope,supporting,BARD1,3.19140625,5.8553030303030305,True,ok,,473,459,66,393,0.1437908496732026,124.0,0.26215644820295986,0.25925925925925924,59.0,60.0,7.0,333.0,0.8939393939393939,0.7968769124835199,0.9476665274452051,0.8473282442748091,0.8084196318280614,0.8795125232730776,0.4957983193277311,5.8553030303030305,0.39415574481105614,Moderate
avi_splice_junctions,s3_10,in_scope,supporting,BRCA1,3.509765625,20.784615384615385,True,ok,,530,490,104,386,0.21224489795918366,109.0,0.20566037735849058,0.20204081632653062,84.0,15.0,20.0,371.0,0.8076923076923077,0.7215452338276328,0.8719185480970123,0.961139896373057,0.9368806141259898,0.9763111256056756,0.8484848484848485,20.784615384615385,0.6978305785123967,Strong
avi_splice_junctions,s3_10,in_scope,supporting,BRCA2,3.509765625,21.428571428571427,True,ok,,551,529,69,460,0.13043478260869565,62.0,0.11252268602540835,0.11153119092627599,45.0,14.0,24.0,446.0,0.6521739130434783,0.5344787754895757,0.7538185807137565,0.9695652173913043,0.9495671078140197,0.9817856028693884,0.7627118644067796,21.428571428571427,0.7042253521126761,Strong
avi_splice_junctions,s3_10,in_scope,supporting,PALB2,3.521484375,13.90344827586207,True,ok,,501,411,87,324,0.2116788321167883,81.0,0.16167664670658682,0.17274939172749393,56.0,15.0,31.0,309.0,0.6436781609195402,0.5389320425142164,0.736272696869657,0.9537037037037037,0.9250289220694385,0.9717460040109052,0.7887323943661971,13.90344827586207,0.6070460704607047,Moderate
avi_splice_junctions,s3_10,in_scope,supporting,RAD51C,3.541015625,20.575757575757574,True,ok,,384,379,88,291,0.23218997361477572,66.0,0.171875,0.17150395778364116,56.0,9.0,32.0,282.0,0.6363636363636364,0.5321128870350564,0.7292070038745184,0.9690721649484536,0.9422762975794085,0.9836450470372694,0.8615384615384616,20.575757575757574,0.6956967213114754,Strong
avi_splice_junctions,s3_10,in_scope,supporting,VHL,3.583984375,,True,ok,,83,70,10,60,0.14285714285714285,9.0,0.10843373493975904,0.12857142857142856,8.0,1.0,2.0,59.0,0.8,0.49016247153664183,0.9433178485456247,0.9833333333333333,0.9114487027240993,0.9970518402052136,0.8888888888888888,,,not evaluable
avi_splice_junctions,s3_10,in_scope,moderate,BAP1,4.734375,9.445205479452055,True,ok,,768,737,146,591,0.19810040705563092,60.0,0.078125,0.0814111261872456,42.0,18.0,104.0,573.0,0.2876712328767123,0.22043015285749784,0.3657991825483226,0.9695431472081218,0.952372499928468,0.9806492183295668,0.7,9.445205479452055,0.5120683252877831,Moderate
avi_splice_junctions,s3_10,in_scope,moderate,BARD1,3.65625,7.410101010101011,True,ok,,473,459,66,393,0.1437908496732026,106.0,0.22410147991543342,0.22004357298474944,56.0,45.0,10.0,348.0,0.8484848484848485,0.7430709513021234,0.9155636301732872,0.8854961832061069,0.8502143506398486,0.9133147445822948,0.5544554455445545,7.410101010101011,0.4515573064138865,Moderate
avi_splice_junctions,s3_10,in_scope,moderate,BRCA1,5.671875,39.89903846153846,True,ok,,530,490,104,386,0.21224489795918366,50.0,0.09433962264150944,0.09591836734693877,43.0,4.0,61.0,382.0,0.41346153846153844,0.32354912261944113,0.5095391887142524,0.9896373056994818,0.9736619599110974,0.9959629772197158,0.9148936170212766,39.89903846153846,0.8159473011503294,Strong
avi_splice_junctions,s3_10,in_scope,moderate,BRCA2,5.71875,70.0,True,ok,,551,529,69,460,0.13043478260869565,24.0,0.043557168784029036,0.043478260869565216,21.0,2.0,48.0,458.0,0.30434782608695654,0.20849626891709952,0.4208357016786164,0.9956521739130435,0.9842876695531518,0.9988068583904458,0.9130434782608695,70.0,0.8860759493670886,Strong
avi_splice_junctions,s3_10,in_scope,moderate,PALB2,6.0078125,82.18390804597702,True,ok,,501,411,87,324,0.2116788321167883,23.0,0.04590818363273453,0.0535279805352798,22.0,0.0,65.0,324.0,0.25287356321839083,0.17333211159075584,0.3533157366689819,1.0,0.9882825715987459,1.0,1.0,82.18390804597702,0.9012983738812554,Strong
avi_splice_junctions,s3_10,in_scope,moderate,RAD51C,5.375,31.414772727272727,True,ok,,384,379,88,291,0.23218997361477572,42.0,0.109375,0.11081794195250659,38.0,4.0,50.0,287.0,0.4318181818181818,0.33332677056322896,0.5360132839819837,0.9862542955326461,0.9651959509258117,0.994641926460708,0.9047619047619048,31.414772727272727,0.777309152256432,Strong
avi_splice_junctions,s3_10,in_scope,moderate,VHL,4.9453125,,True,ok,,83,70,10,60,0.14285714285714285,5.0,0.060240963855421686,0.07142857142857142,5.0,0.0,5.0,60.0,0.5,0.236593090512564,0.7634069094874361,1.0,0.93982814785791,1.0,1.0,,,not evaluable
avi_splice_junctions,s3_10,in_scope,strong,BAP1,6.76953125,52.71232876712328,True,ok,,768,737,146,591,0.19810040705563092,13.0,0.016927083333333332,0.017639077340569877,13.0,0.0,133.0,591.0,0.08904109589041095,0.05277427149060861,0.14637928090775348,1.0,0.993542045928826,1.0,1.0,52.71232876712328,0.8541620421753607,Strong
avi_splice_junctions,s3_10,in_scope,strong,BARD1,6.3359375,33.17532467532468,True,ok,,473,459,66,393,0.1437908496732026,49.0,0.10359408033826638,0.10021786492374728,39.0,7.0,27.0,386.0,0.5909090909090909,0.4704918970000326,0.7013258199065963,0.9821882951653944,0.9636955337289287,0.9913458097997588,0.8478260869565217,33.17532467532468,0.7866050808314088,Strong
avi_splice_junctions,s3_10,in_scope,strong,BRCA1,6.9453125,48.375,True,ok,,530,490,104,386,0.21224489795918366,14.0,0.026415094339622643,0.026530612244897958,13.0,0.0,91.0,386.0,0.125,0.07452602523780914,0.2021899905415298,1.0,0.9901460998214123,1.0,1.0,48.375,0.8431372549019609,Strong
avi_splice_junctions,s3_10,in_scope,strong,BRCA2,6.83984375,,True,ok,,551,529,69,460,0.13043478260869565,0.0,0.0,0.0,0.0,0.0,69.0,460.0,0.0,0.0,0.05273725818905173,1.0,0.9917181641536291,1.0,,,,not evaluable
avi_splice_junctions,s3_10,in_scope,strong,PALB2,6.83984375,52.298850574712645,True,ok,,501,411,87,324,0.2116788321167883,14.0,0.027944111776447105,0.0340632603406326,14.0,0.0,73.0,324.0,0.16091954022988506,0.09834644398625851,0.2521703710678001,1.0,0.9882825715987459,1.0,1.0,52.298850574712645,0.8531783236452278,Strong
avi_splice_junctions,s3_10,in_scope,strong,RAD51C,6.83984375,49.60227272727273,True,ok,,384,379,88,291,0.23218997361477572,32.0,0.08333333333333333,0.08443271767810026,30.0,2.0,58.0,289.0,0.3409090909090909,0.2503913492660681,0.44473544467276116,0.993127147766323,0.975291302347375,0.9981131881470813,0.9375,49.60227272727273,0.8464223385689356,Strong
avi_splice_junctions,s3_10,in_scope,strong,VHL,6.83984375,,True,ok,,83,70,10,60,0.14285714285714285,3.0,0.03614457831325301,0.04285714285714286,3.0,0.0,7.0,60.0,0.3,0.10779126740630099,0.6032218525388546,1.0,0.93982814785791,1.0,1.0,,,not evaluable
avi_splice_junctions,s3_10,in_scope,very_strong,BAP1,,,False,not reached in this fold,,768,737,146,591,0.19810040705563092,,,,,,,,,,,,,,,,,
avi_splice_junctions,s3_10,in_scope,very_strong,BARD1,,,False,not reached in this fold,,473,459,66,393,0.1437908496732026,,,,,,,,,,,,,,,,,
avi_splice_junctions,s3_10,in_scope,very_strong,BRCA1,,,False,not reached in this fold,,530,490,104,386,0.21224489795918366,,,,,,,,,,,,,,,,,
avi_splice_junctions,s3_10,in_scope,very_strong,BRCA2,,,False,not reached in this fold,,551,529,69,460,0.13043478260869565,,,,,,,,,,,,,,,,,
avi_splice_junctions,s3_10,in_scope,very_strong,PALB2,,,False,not reached in this fold,,501,411,87,324,0.2116788321167883,,,,,,,,,,,,,,,,,
avi_splice_junctions,s3_10,in_scope,very_strong,RAD51C,,,False,not reached in this fold,,384,379,88,291,0.23218997361477572,,,,,,,,,,,,,,,,,
avi_splice_junctions,s3_10,in_scope,very_strong,VHL,,,False,not reached in this fold,,83,70,10,60,0.14285714285714285,,,,,,,,,,,,,,,,,
avi_splice_junctions,s11_50,in_scope,supporting,BAP1,1.9765625,4.802919708029197,True,ok,,1500,1453,137,1316,0.09428768066070199,102.0,0.068,0.07019958706125258,34.0,68.0,103.0,1248.0,0.24817518248175183,0.18337592153203014,0.32671151594726916,0.9483282674772037,0.9350098708488959,0.9590369043254154,0.3333333333333333,4.802919708029197,0.34796404019037547,Moderate
avi_splice_junctions,s11_50,in_scope,supporting,BARD1,1.9912109375,15.680365296803654,True,ok,,1458,1435,21,1414,0.014634146341463415,92.0,0.06310013717421124,0.0627177700348432,17.0,73.0,4.0,1341.0,0.8095238095238095,0.5999943530979508,0.9233243494723822,0.9483734087694484,0.9355771453785559,0.9587400521554149,0.18888888888888888,15.680365296803654,0.6353376503237743,Moderate
avi_splice_junctions,s11_50,in_scope,supporting,BRCA1,3.466796875,,True,ok,,361,345,3,342,0.008695652173913044,7.0,0.019390581717451522,0.017391304347826087,1.0,5.0,2.0,337.0,0.3333333333333333,0.06149194472039621,0.7923403991979522,0.9853801169590644,0.9662379264623404,0.993739518497865,0.16666666666666666,,,not evaluable
avi_splice_junctions,s11_50,in_scope,supporting,PALB2,3.875,,True,ok,,540,464,15,449,0.032327586206896554,9.0,0.016666666666666666,0.01293103448275862,5.0,1.0,10.0,448.0,0.3333333333333333,0.1517632443971473,0.5828645226148023,0.9977728285077951,0.9874936915203592,0.9996067412979905,0.8333333333333334,,,not evaluable
avi_splice_junctions,s11_50,in_scope,supporting,RAD51C,3.875,,True,ok,,768,765,36,729,0.047058823529411764,8.0,0.010416666666666666,0.01045751633986928,7.0,1.0,29.0,728.0,0.19444444444444445,0.09753095418928728,0.3502804299517739,0.9986282578875172,0.9922712151215554,0.9997578127802034,0.875,,,not evaluable
avi_splice_junctions,s11_50,in_scope,supporting,VHL,3.2890625,,True,ok,,80,75,13,62,0.17333333333333334,4.0,0.05,0.05333333333333334,4.0,0.0,9.0,62.0,0.3076923076923077,0.12680703655710515,0.5763065681945096,1.0,0.9416559278986275,1.0,1.0,,,not evaluable
avi_splice_junctions,s11_50,in_scope,moderate,BAP1,4.16015625,13.722627737226277,True,ok,,1500,1453,137,1316,0.09428768066070199,17.0,0.011333333333333334,0.01169993117687543,10.0,7.0,127.0,1309.0,0.072992700729927,0.04012862258262597,0.12915007575183807,0.9946808510638298,0.9890610747623882,0.9974210449638432,0.5882352941176471,13.722627737226277,0.6039190491487312,Moderate
avi_splice_junctions,s11_50,in_scope,moderate,BARD1,2.88671875,23.48837209302326,True,ok,,1458,1435,21,1414,0.014634146341463415,58.0,0.039780521262002745,0.04041811846689895,15.0,43.0,6.0,1371.0,0.7142857142857143,0.5004361928391441,0.8618613704787788,0.9695898161244696,0.9592894758155196,0.9773455701822037,0.25862068965517243,23.48837209302326,0.7229778095919828,Strong
avi_splice_junctions,s11_50,in_scope,moderate,BRCA1,4.44140625,,True,ok,,361,345,3,342,0.008695652173913044,7.0,0.019390581717451522,0.017391304347826087,1.0,5.0,2.0,337.0,0.3333333333333333,0.06149194472039621,0.7923403991979522,0.9853801169590644,0.9662379264623404,0.993739518497865,0.16666666666666666,,,not evaluable
avi_splice_junctions,s11_50,in_scope,moderate,PALB2,4.44140625,,True,ok,,540,464,15,449,0.032327586206896554,6.0,0.011111111111111112,0.008620689655172414,3.0,1.0,12.0,448.0,0.2,0.07047549346981563,0.45185448715169363,0.9977728285077951,0.9874936915203592,0.9996067412979905,0.75,,,not evaluable
avi_splice_junctions,s11_50,in_scope,moderate,RAD51C,4.28515625,,True,ok,,768,765,36,729,0.047058823529411764,6.0,0.0078125,0.00784313725490196,5.0,1.0,31.0,728.0,0.1388888888888889,0.06081815009132838,0.286595303893562,0.9986282578875172,0.9922712151215554,0.9997578127802034,0.8333333333333334,,,not evaluable
avi_splice_junctions,s11_50,in_scope,moderate,VHL,4.44140625,,True,ok,,80,75,13,62,0.17333333333333334,4.0,0.05,0.05333333333333334,4.0,0.0,9.0,62.0,0.3076923076923077,0.12680703655710515,0.5763065681945096,1.0,0.9416559278986275,1.0,1.0,,,not evaluable
avi_splice_junctions,s11_50,in_scope,strong,BAP1,,,False,not reached in this fold,,1500,1453,137,1316,0.09428768066070199,,,,,,,,,,,,,,,,,
avi_splice_junctions,s11_50,in_scope,strong,BARD1,,,False,not reached in this fold,,1458,1435,21,1414,0.014634146341463415,,,,,,,,,,,,,,,,,
avi_splice_junctions,s11_50,in_scope,strong,BRCA1,,,False,not reached in this fold,,361,345,3,342,0.008695652173913044,,,,,,,,,,,,,,,,,
avi_splice_junctions,s11_50,in_scope,strong,PALB2,,,False,not reached in this fold,,540,464,15,449,0.032327586206896554,,,,,,,,,,,,,,,,,
avi_splice_junctions,s11_50,in_scope,strong,RAD51C,,,False,not reached in this fold,,768,765,36,729,0.047058823529411764,,,,,,,,,,,,,,,,,
avi_splice_junctions,s11_50,in_scope,strong,VHL,,,False,not reached in this fold,,80,75,13,62,0.17333333333333334,,,,,,,,,,,,,,,,,
avi_splice_junctions,s11_50,in_scope,very_strong,BAP1,,,False,not reached in this fold,,1500,1453,137,1316,0.09428768066070199,,,,,,,,,,,,,,,,,
avi_splice_junctions,s11_50,in_scope,very_strong,BARD1,,,False,not reached in this fold,,1458,1435,21,1414,0.014634146341463415,,,,,,,,,,,,,,,,,
avi_splice_junctions,s11_50,in_scope,very_strong,BRCA1,,,False,not reached in this fold,,361,345,3,342,0.008695652173913044,,,,,,,,,,,,,,,,,
avi_splice_junctions,s11_50,in_scope,very_strong,PALB2,,,False,not reached in this fold,,540,464,15,449,0.032327586206896554,,,,,,,,,,,,,,,,,
avi_splice_junctions,s11_50,in_scope,very_strong,RAD51C,,,False,not reached in this fold,,768,765,36,729,0.047058823529411764,,,,,,,,,,,,,,,,,
avi_splice_junctions,s11_50,in_scope,very_strong,VHL,,,False,not reached in this fold,,80,75,13,62,0.17333333333333334,,,,,,,,,,,,,,,,,
avi_splice_junctions,s3_50,in_scope,supporting,BAP1,3.220703125,13.14010600706714,True,ok,,2268,2190,283,1907,0.12922374429223743,119.0,0.05246913580246913,0.053881278538812784,78.0,40.0,205.0,1867.0,0.2756183745583039,0.22682725745641752,0.33041945115348303,0.9790246460409019,0.9715646639951853,0.9845586143471016,0.6610169491525424,13.14010600706714,0.5934978813052119,Moderate
avi_splice_junctions,s3_50,in_scope,supporting,BARD1,3.125,16.350941550501343,True,ok,,1931,1894,87,1807,0.04593453009503696,173.0,0.08959088555152771,0.08870116156282999,74.0,94.0,13.0,1713.0,0.8505747126436781,0.7609539966071731,0.9105455674894781,0.9479800774764804,0.9367576547574923,0.9573018401330045,0.44047619047619047,16.350941550501343,0.6449836002315261,Moderate
avi_splice_junctions,s3_50,in_scope,supporting,BRCA1,3.2109375,24.663551401869157,True,ok,,891,835,107,728,0.1281437125748503,123.0,0.13804713804713806,0.13293413173652693,87.0,24.0,20.0,704.0,0.8130841121495327,0.7288517015069753,0.8756152616027801,0.967032967032967,0.9514152545897837,0.9777477380285456,0.7837837837837838,24.663551401869157,0.7326485285952249,Strong
avi_splice_junctions,s3_50,in_scope,supporting,BRCA2,3.232421875,19.583333333333332,True,ok,,551,529,69,460,0.13043478260869565,67.0,0.12159709618874773,0.11909262759924386,47.0,16.0,22.0,444.0,0.6811594202898551,0.5641587428411312,0.779052395496169,0.9652173913043478,0.9442505450774492,0.9784785293959275,0.746031746031746,19.583333333333332,0.6851311953352769,Strong
avi_splice_junctions,s3_50,in_scope,supporting,PALB2,3.232421875,27.787581699346404,True,ok,,1041,875,102,773,0.11657142857142858,98.0,0.0941402497598463,0.096,66.0,18.0,36.0,755.0,0.6470588235294118,0.5505227800497734,0.7329200252012669,0.9767141009055628,0.963492886491474,0.9852206400996835,0.7857142857142857,27.787581699346404,0.7553522252820466,Strong
avi_splice_junctions,s3_50,in_scope,supporting,RAD51C,3.212890625,29.872665534804753,True,ok,,1152,1144,124,1020,0.10839160839160839,89.0,0.07725694444444445,0.07692307692307693,69.0,19.0,55.0,1001.0,0.5564516129032258,0.4686201195166233,0.6408905206868485,0.9813725490196078,0.9710899712906933,0.9880429018116628,0.7840909090909091,29.872665534804753,0.7684748427672956,Strong
avi_splice_junctions,s3_50,in_scope,supporting,VHL,3.19140625,68.95652173913042,True,ok,,163,145,23,122,0.15862068965517243,14.0,0.08588957055214724,0.09655172413793103,13.0,1.0,10.0,121.0,0.5652173913043478,0.3681137508501646,0.743653646743258,0.9918032786885246,0.9550291990931754,0.9985516090487794,0.9285714285714286,68.95652173913042,0.8845510317902955,Strong
avi_splice_junctions,s3_50,in_scope,moderate,BAP1,3.955078125,13.477031802120141,True,ok,,2268,2190,283,1907,0.12922374429223743,97.0,0.0427689594356261,0.043835616438356165,64.0,32.0,219.0,1875.0,0.22614840989399293,0.18126521818637828,0.2783665915343665,0.9832197168327216,0.9764077406973818,0.9880888121131463,0.6666666666666666,13.477031802120141,0.5995912592359692,Moderate
avi_splice_junctions,s3_50,in_scope,moderate,BARD1,3.2890625,17.87195936915263,True,ok,,1931,1894,87,1807,0.04593453009503696,165.0,0.08544795442775764,0.08447729672650475,74.0,86.0,13.0,1721.0,0.8505747126436781,0.7609539966071731,0.9105455674894781,0.9524073049252906,0.9415947869166997,0.9613003793254017,0.4625,17.87195936915263,0.6650783861212797,Moderate
avi_splice_junctions,s3_50,in_scope,moderate,BRCA1,4.01171875,32.742990654205606,True,ok,,891,835,107,728,0.1281437125748503,101.0,0.11335578002244669,0.11137724550898204,77.0,16.0,30.0,712.0,0.719626168224299,0.6280470858860803,0.7959819777879273,0.978021978021978,0.9645984444733229,0.9864272067948494,0.8279569892473119,32.742990654205606,0.7843949401097056,Strong
avi_splice_junctions,s3_50,in_scope,moderate,BRCA2,3.7890625,36.666666666666664,True,ok,,551,529,69,460,0.13043478260869565,55.0,0.0998185117967332,0.09829867674858223,44.0,8.0,25.0,452.0,0.6376811594202898,0.5197977087380359,0.7410427563983122,0.9826086956521739,0.9660618247033006,0.9911617946102023,0.8461538461538461,36.666666666666664,0.8029197080291971,Strong
avi_splice_junctions,s3_50,in_scope,moderate,PALB2,3.99609375,43.95490196078431,True,ok,,1041,875,102,773,0.11657142857142858,79.0,0.07588856868395773,0.07771428571428571,58.0,10.0,44.0,763.0,0.5686274509803921,0.4717497773240239,0.6605235317931281,0.9870633893919794,0.9763515898286829,0.9929581598635037,0.8529411764705882,43.95490196078431,0.830044062650424,Strong
avi_splice_junctions,s3_50,in_scope,moderate,RAD51C,3.99609375,64.63133640552995,True,ok,,1152,1144,124,1020,0.10839160839160839,63.0,0.0546875,0.05419580419580419,55.0,7.0,69.0,1013.0,0.4435483870967742,0.3591094793131515,0.5313798804833766,0.9931372549019608,0.9859022275507012,0.9966717748331788,0.8870967741935484,64.63133640552995,0.8777694329703343,Strong
avi_splice_junctions,s3_50,in_scope,moderate,VHL,3.857421875,63.65217391304348,True,ok,,163,145,23,122,0.15862068965517243,13.0,0.07975460122699386,0.0896551724137931,12.0,1.0,11.0,121.0,0.5217391304347826,0.32962737336427406,0.7076284258335335,0.9918032786885246,0.9550291990931754,0.9985516090487794,0.9230769230769231,63.65217391304348,0.8761220825852784,Strong
avi_splice_junctions,s3_50,in_scope,strong,BAP1,5.59765625,20.733895080184833,True,ok,,2268,2190,283,1907,0.12922374429223743,53.0,0.023368606701940034,0.024200913242009132,40.0,13.0,243.0,1894.0,0.1413427561837456,0.10554520451900487,0.18674677853461571,0.9931830099632931,0.9883713146308201,0.9960117650417807,0.7547169811320755,20.733895080184833,0.6973151356144472,Strong
avi_splice_junctions,s3_50,in_scope,strong,BARD1,6.1484375,124.62068965517243,True,ok,,1931,1894,87,1807,0.04593453009503696,59.0,0.030554117037804248,0.029567053854276663,48.0,8.0,39.0,1799.0,0.5517241379310345,0.4472454774597166,0.6518282287184777,0.9955727725511898,0.9912879987037865,0.9977549632164603,0.8571428571428571,124.62068965517243,0.9326451612903226,Strong
avi_splice_junctions,s3_50,in_scope,strong,BRCA1,6.30078125,42.523364485981304,True,ok,,891,835,107,728,0.1281437125748503,32.0,0.03591470258136925,0.03473053892215569,25.0,4.0,82.0,724.0,0.2336448598130841,0.16356165995161556,0.32219032665650293,0.9945054945054945,0.9859583581170847,0.9978612811258522,0.8620689655172413,42.523364485981304,0.8253219662615636,Strong
avi_splice_junctions,s3_50,in_scope,strong,BRCA2,6.1953125,,True,ok,,551,529,69,460,0.13043478260869565,6.0,0.010889292196007259,0.00945179584120983,5.0,0.0,64.0,460.0,0.07246376811594203,0.03134777142998149,0.1586739420939903,1.0,0.9917181641536291,1.0,1.0,,,not evaluable
avi_splice_junctions,s3_50,in_scope,strong,PALB2,6.32421875,151.76470588235293,True,ok,,1041,875,102,773,0.11657142857142858,20.0,0.01921229586935639,0.022857142857142857,20.0,0.0,82.0,773.0,0.19607843137254902,0.13067067683868222,0.28354752564250124,1.0,0.995055028568473,1.0,1.0,151.76470588235293,0.9440175631174532,Strong
avi_splice_junctions,s3_50,in_scope,strong,RAD51C,6.32421875,104.19354838709678,True,ok,,1152,1144,124,1020,0.10839160839160839,41.0,0.035590277777777776,0.03583916083916084,38.0,3.0,86.0,1017.0,0.3064516129032258,0.23214052745767877,0.39239442041613193,0.9970588235294118,0.9913884707804093,0.9989992413639788,0.926829268292683,104.19354838709678,0.9204901681390711,Strong
avi_splice_junctions,s3_50,in_scope,strong,VHL,6.24609375,,True,ok,,163,145,23,122,0.15862068965517243,6.0,0.03680981595092025,0.041379310344827586,6.0,0.0,17.0,122.0,0.2608695652173913,0.12548616044986347,0.4647000483742537,1.0,0.969473821610987,1.0,1.0,,,not evaluable
avi_splice_junctions,s3_50,in_scope,very_strong,BAP1,,,False,not reached in this fold,,2268,2190,283,1907,0.12922374429223743,,,,,,,,,,,,,,,,,
avi_splice_junctions,s3_50,in_scope,very_strong,BARD1,,,False,not reached in this fold,,1931,1894,87,1807,0.04593453009503696,,,,,,,,,,,,,,,,,
avi_splice_junctions,s3_50,in_scope,very_strong,BRCA1,,,False,not reached in this fold,,891,835,107,728,0.1281437125748503,,,,,,,,,,,,,,,,,
avi_splice_junctions,s3_50,in_scope,very_strong,BRCA2,,,False,not reached in this fold,,551,529,69,460,0.13043478260869565,,,,,,,,,,,,,,,,,
avi_splice_junctions,s3_50,in_scope,very_strong,PALB2,,,False,not reached in this fold,,1041,875,102,773,0.11657142857142858,,,,,,,,,,,,,,,,,
avi_splice_junctions,s3_50,in_scope,very_strong,RAD51C,,,False,not reached in this fold,,1152,1144,124,1020,0.10839160839160839,,,,,,,,,,,,,,,,,
avi_splice_junctions,s3_50,in_scope,very_strong,VHL,,,False,not reached in this fold,,163,145,23,122,0.15862068965517243,,,,,,,,,,,,,,,,,
avi_splice_junctions,pm12,out_of_scope_incl_pm12,supporting,BAP1,,,False,not reached in this fold,,192,192,177,15,0.921875,,,,,,,,,,,,,,,,,
avi_splice_junctions,pm12,out_of_scope_incl_pm12,supporting,BARD1,,,False,not reached in this fold,,119,119,119,0,1.0,,,,,,,,,,,,,,,,,
avi_splice_junctions,pm12,out_of_scope_incl_pm12,supporting,BRCA1,,,False,not reached in this fold,,143,135,128,7,0.9481481481481482,,,,,,,,,,,,,,,,,
avi_splice_junctions,pm12,out_of_scope_incl_pm12,supporting,BRCA2,,,False,not reached in this fold,,138,134,121,13,0.9029850746268657,,,,,,,,,,,,,,,,,
avi_splice_junctions,pm12,out_of_scope_incl_pm12,supporting,PALB2,,,False,not reached in this fold,,144,141,139,2,0.9858156028368794,,,,,,,,,,,,,,,,,
avi_splice_junctions,pm12,out_of_scope_incl_pm12,supporting,RAD51C,,,False,not reached in this fold,,96,96,96,0,1.0,,,,,,,,,,,,,,,,,
avi_splice_junctions,pm12,out_of_scope_incl_pm12,supporting,VHL,,,False,not reached in this fold,,24,24,24,0,1.0,,,,,,,,,,,,,,,,,
avi_splice_junctions,pm12,out_of_scope_incl_pm12,moderate,BAP1,,,False,not reached in this fold,,192,192,177,15,0.921875,,,,,,,,,,,,,,,,,
avi_splice_junctions,pm12,out_of_scope_incl_pm12,moderate,BARD1,,,False,not reached in this fold,,119,119,119,0,1.0,,,,,,,,,,,,,,,,,
avi_splice_junctions,pm12,out_of_scope_incl_pm12,moderate,BRCA1,,,False,not reached in this fold,,143,135,128,7,0.9481481481481482,,,,,,,,,,,,,,,,,
avi_splice_junctions,pm12,out_of_scope_incl_pm12,moderate,BRCA2,,,False,not reached in this fold,,138,134,121,13,0.9029850746268657,,,,,,,,,,,,,,,,,
avi_splice_junctions,pm12,out_of_scope_incl_pm12,moderate,PALB2,,,False,not reached in this fold,,144,141,139,2,0.9858156028368794,,,,,,,,,,,,,,,,,
avi_splice_junctions,pm12,out_of_scope_incl_pm12,moderate,RAD51C,,,False,not reached in this fold,,96,96,96,0,1.0,,,,,,,,,,,,,,,,,
avi_splice_junctions,pm12,out_of_scope_incl_pm12,moderate,VHL,,,False,not reached in this fold,,24,24,24,0,1.0,,,,,,,,,,,,,,,,,
avi_splice_junctions,pm12,out_of_scope_incl_pm12,strong,BAP1,,,False,not reached in this fold,,192,192,177,15,0.921875,,,,,,,,,,,,,,,,,
avi_splice_junctions,pm12,out_of_scope_incl_pm12,strong,BARD1,,,False,not reached in this fold,,119,119,119,0,1.0,,,,,,,,,,,,,,,,,
avi_splice_junctions,pm12,out_of_scope_incl_pm12,strong,BRCA1,,,False,not reached in this fold,,143,135,128,7,0.9481481481481482,,,,,,,,,,,,,,,,,
avi_splice_junctions,pm12,out_of_scope_incl_pm12,strong,BRCA2,,,False,not reached in this fold,,138,134,121,13,0.9029850746268657,,,,,,,,,,,,,,,,,
avi_splice_junctions,pm12,out_of_scope_incl_pm12,strong,PALB2,,,False,not reached in this fold,,144,141,139,2,0.9858156028368794,,,,,,,,,,,,,,,,,
avi_splice_junctions,pm12,out_of_scope_incl_pm12,strong,RAD51C,,,False,not reached in this fold,,96,96,96,0,1.0,,,,,,,,,,,,,,,,,
avi_splice_junctions,pm12,out_of_scope_incl_pm12,strong,VHL,,,False,not reached in this fold,,24,24,24,0,1.0,,,,,,,,,,,,,,,,,
avi_splice_junctions,pm12,out_of_scope_incl_pm12,very_strong,BAP1,,,False,not reached in this fold,,192,192,177,15,0.921875,,,,,,,,,,,,,,,,,
avi_splice_junctions,pm12,out_of_scope_incl_pm12,very_strong,BARD1,,,False,not reached in this fold,,119,119,119,0,1.0,,,,,,,,,,,,,,,,,
avi_splice_junctions,pm12,out_of_scope_incl_pm12,very_strong,BRCA1,,,False,not reached in this fold,,143,135,128,7,0.9481481481481482,,,,,,,,,,,,,,,,,
avi_splice_junctions,pm12,out_of_scope_incl_pm12,very_strong,BRCA2,,,False,not reached in this fold,,138,134,121,13,0.9029850746268657,,,,,,,,,,,,,,,,,
avi_splice_junctions,pm12,out_of_scope_incl_pm12,very_strong,PALB2,,,False,not reached in this fold,,144,141,139,2,0.9858156028368794,,,,,,,,,,,,,,,,,
avi_splice_junctions,pm12,out_of_scope_incl_pm12,very_strong,RAD51C,,,False,not reached in this fold,,96,96,96,0,1.0,,,,,,,,,,,,,,,,,
avi_splice_junctions,pm12,out_of_scope_incl_pm12,very_strong,VHL,,,False,not reached in this fold,,24,24,24,0,1.0,,,,,,,,,,,,,,,,,
cadd,s3_10,in_scope,supporting,BAP1,19.53,4.904241306638567,True,ok,,768,737,146,591,0.19810040705563092,117.0,0.15234375,0.1560379918588874,63.0,52.0,83.0,539.0,0.4315068493150685,0.3539405510644247,0.5125850410019691,0.9120135363790186,0.8864334089660533,0.9322721348027085,0.5478260869565217,4.904241306638567,0.35271549151675335,Moderate
cadd,s3_10,in_scope,supporting,BARD1,20.9,4.2032085561497325,True,ok,,473,459,66,393,0.1437908496732026,31.0,0.06553911205073996,0.06318082788671024,12.0,17.0,54.0,376.0,0.18181818181818182,0.1071860640560806,0.29145192677071835,0.9567430025445293,0.9318237329540346,0.9728196504939832,0.41379310344827586,4.2032085561497325,0.31834750911300125,Supporting
cadd,s3_10,in_scope,supporting,BRCA1,19.41,3.125506072874494,True,ok,,530,490,104,386,0.21224489795918366,75.0,0.14150943396226415,0.14285714285714285,32.0,38.0,72.0,348.0,0.3076923076923077,0.22716461394163762,0.40192052235545933,0.9015544041450777,0.8677607959347993,0.9274342583259205,0.45714285714285713,3.125506072874494,0.257762938230384,Supporting
cadd,s3_10,in_scope,supporting,BRCA2,22.0,13.333333333333334,True,ok,,551,529,69,460,0.13043478260869565,14.0,0.025408348457350273,0.022684310018903593,8.0,4.0,61.0,456.0,0.11594202898550725,0.059934981421761596,0.21245740530316223,0.991304347826087,0.9778575089261213,0.9966133828074449,0.6666666666666666,13.333333333333334,0.5970149253731344,Moderate
cadd,s3_10,in_scope,supporting,PALB2,19.43,3.8673740053050403,True,ok,,501,411,87,324,0.2116788321167883,60.0,0.11976047904191617,0.12895377128953772,27.0,26.0,60.0,298.0,0.3103448275862069,0.2228915514337647,0.41383819257952226,0.9197530864197531,0.8850181672845745,0.944651152082274,0.5094339622641509,3.8673740053050403,0.300556586270872,Supporting
cadd,s3_10,in_scope,supporting,RAD51C,22.0,3.6074380165289255,True,ok,,384,379,88,291,0.23218997361477572,23.0,0.059895833333333336,0.06068601583113457,12.0,11.0,76.0,280.0,0.13636363636363635,0.07975945381735222,0.22338750375711486,0.9621993127147767,0.9335909052461102,0.978763826262631,0.5217391304347826,3.6074380165289255,0.2861356932153392,Supporting
cadd,s3_10,in_scope,supporting,VHL,19.22,,True,ok,,83,70,10,60,0.14285714285714285,5.0,0.060240963855421686,0.05714285714285714,4.0,0.0,6.0,60.0,0.4,0.16818032970623614,0.6873262302663417,1.0,0.93982814785791,1.0,1.0,,,not evaluable
cadd,s3_10,in_scope,moderate,BAP1,,,False,not reached in this fold,,768,737,146,591,0.19810040705563092,,,,,,,,,,,,,,,,,
cadd,s3_10,in_scope,moderate,BARD1,,,False,not reached in this fold,,473,459,66,393,0.1437908496732026,,,,,,,,,,,,,,,,,
cadd,s3_10,in_scope,moderate,BRCA1,,,False,not reached in this fold,,530,490,104,386,0.21224489795918366,,,,,,,,,,,,,,,,,
cadd,s3_10,in_scope,moderate,BRCA2,,,False,not reached in this fold,,551,529,69,460,0.13043478260869565,,,,,,,,,,,,,,,,,
cadd,s3_10,in_scope,moderate,PALB2,,,False,not reached in this fold,,501,411,87,324,0.2116788321167883,,,,,,,,,,,,,,,,,
cadd,s3_10,in_scope,moderate,RAD51C,25.8,,True,ok,,384,379,88,291,0.23218997361477572,3.0,0.0078125,0.0079155672823219,1.0,2.0,87.0,289.0,0.011363636363636364,0.0020087853177044694,0.061594938922985634,0.993127147766323,0.975291302347375,0.9981131881470813,0.3333333333333333,,,not evaluable
cadd,s3_10,in_scope,moderate,VHL,,,False,not reached in this fold,,83,70,10,60,0.14285714285714285,,,,,,,,,,,,,,,,,
cadd,s3_10,in_scope,strong,BAP1,,,False,not reached in this fold,,768,737,146,591,0.19810040705563092,,,,,,,,,,,,,,,,,
cadd,s3_10,in_scope,strong,BARD1,,,False,not reached in this fold,,473,459,66,393,0.1437908496732026,,,,,,,,,,,,,,,,,
cadd,s3_10,in_scope,strong,BRCA1,,,False,not reached in this fold,,530,490,104,386,0.21224489795918366,,,,,,,,,,,,,,,,,
cadd,s3_10,in_scope,strong,BRCA2,,,False,not reached in this fold,,551,529,69,460,0.13043478260869565,,,,,,,,,,,,,,,,,
cadd,s3_10,in_scope,strong,PALB2,,,False,not reached in this fold,,501,411,87,324,0.2116788321167883,,,,,,,,,,,,,,,,,
cadd,s3_10,in_scope,strong,RAD51C,,,False,not reached in this fold,,384,379,88,291,0.23218997361477572,,,,,,,,,,,,,,,,,
cadd,s3_10,in_scope,strong,VHL,,,False,not reached in this fold,,83,70,10,60,0.14285714285714285,,,,,,,,,,,,,,,,,
cadd,s3_10,in_scope,very_strong,BAP1,,,False,not reached in this fold,,768,737,146,591,0.19810040705563092,,,,,,,,,,,,,,,,,
cadd,s3_10,in_scope,very_strong,BARD1,,,False,not reached in this fold,,473,459,66,393,0.1437908496732026,,,,,,,,,,,,,,,,,
cadd,s3_10,in_scope,very_strong,BRCA1,,,False,not reached in this fold,,530,490,104,386,0.21224489795918366,,,,,,,,,,,,,,,,,
cadd,s3_10,in_scope,very_strong,BRCA2,,,False,not reached in this fold,,551,529,69,460,0.13043478260869565,,,,,,,,,,,,,,,,,
cadd,s3_10,in_scope,very_strong,PALB2,,,False,not reached in this fold,,501,411,87,324,0.2116788321167883,,,,,,,,,,,,,,,,,
cadd,s3_10,in_scope,very_strong,RAD51C,,,False,not reached in this fold,,384,379,88,291,0.23218997361477572,,,,,,,,,,,,,,,,,
cadd,s3_10,in_scope,very_strong,VHL,,,False,not reached in this fold,,83,70,10,60,0.14285714285714285,,,,,,,,,,,,,,,,,
cadd,s11_50,in_scope,supporting,BAP1,,,False,not reached in this fold,,1500,1453,137,1316,0.09428768066070199,,,,,,,,,,,,,,,,,
cadd,s11_50,in_scope,supporting,BARD1,,,False,not reached in this fold,,1458,1435,21,1414,0.014634146341463415,,,,,,,,,,,,,,,,,
cadd,s11_50,in_scope,supporting,BRCA1,,,False,not reached in this fold,,361,345,3,342,0.008695652173913044,,,,,,,,,,,,,,,,,
cadd,s11_50,in_scope,supporting,PALB2,21.1,0.0,True,ok,,540,464,15,449,0.032327586206896554,21.0,0.03888888888888889,0.03879310344827586,0.0,18.0,15.0,431.0,0.0,0.0,0.20388330103584862,0.9599109131403119,0.9375253300674634,0.9744936380622423,0.0,0.0,0.0,below supporting
cadd,s11_50,in_scope,supporting,RAD51C,17.13,1.6875,True,ok,,768,765,36,729,0.047058823529411764,78.0,0.1015625,0.10196078431372549,6.0,72.0,30.0,657.0,0.16666666666666666,0.07870447595018114,0.31890794311279463,0.9012345679012346,0.8774286628269019,0.9208340350032616,0.07692307692307693,1.6875,0.15789473684210525,below supporting
cadd,s11_50,in_scope,supporting,VHL,23.6,,True,ok,,80,75,13,62,0.17333333333333334,0.0,0.0,0.0,0.0,0.0,13.0,62.0,0.0,0.0,0.22809537235419838,1.0,0.9416559278986275,1.0,,,,not evaluable
cadd,s11_50,in_scope,moderate,BAP1,,,False,not reached in this fold,,1500,1453,137,1316,0.09428768066070199,,,,,,,,,,,,,,,,,
cadd,s11_50,in_scope,moderate,BARD1,,,False,not reached in this fold,,1458,1435,21,1414,0.014634146341463415,,,,,,,,,,,,,,,,,
cadd,s11_50,in_scope,moderate,BRCA1,,,False,not reached in this fold,,361,345,3,342,0.008695652173913044,,,,,,,,,,,,,,,,,
cadd,s11_50,in_scope,moderate,PALB2,,,False,not reached in this fold,,540,464,15,449,0.032327586206896554,,,,,,,,,,,,,,,,,
cadd,s11_50,in_scope,moderate,RAD51C,21.9,,True,ok,,768,765,36,729,0.047058823529411764,3.0,0.00390625,0.00392156862745098,1.0,2.0,35.0,727.0,0.027777777777777776,0.004920407139810443,0.14169718653273855,0.9972565157750343,0.9900526096821289,0.9992473149791847,0.3333333333333333,,,not evaluable
cadd,s11_50,in_scope,moderate,VHL,,,False,not reached in this fold,,80,75,13,62,0.17333333333333334,,,,,,,,,,,,,,,,,
cadd,s11_50,in_scope,strong,BAP1,,,False,not reached in this fold,,1500,1453,137,1316,0.09428768066070199,,,,,,,,,,,,,,,,,
cadd,s11_50,in_scope,strong,BARD1,,,False,not reached in this fold,,1458,1435,21,1414,0.014634146341463415,,,,,,,,,,,,,,,,,
cadd,s11_50,in_scope,strong,BRCA1,,,False,not reached in this fold,,361,345,3,342,0.008695652173913044,,,,,,,,,,,,,,,,,
cadd,s11_50,in_scope,strong,PALB2,,,False,not reached in this fold,,540,464,15,449,0.032327586206896554,,,,,,,,,,,,,,,,,
cadd,s11_50,in_scope,strong,RAD51C,,,False,not reached in this fold,,768,765,36,729,0.047058823529411764,,,,,,,,,,,,,,,,,
cadd,s11_50,in_scope,strong,VHL,,,False,not reached in this fold,,80,75,13,62,0.17333333333333334,,,,,,,,,,,,,,,,,
cadd,s11_50,in_scope,very_strong,BAP1,,,False,not reached in this fold,,1500,1453,137,1316,0.09428768066070199,,,,,,,,,,,,,,,,,
cadd,s11_50,in_scope,very_strong,BARD1,,,False,not reached in this fold,,1458,1435,21,1414,0.014634146341463415,,,,,,,,,,,,,,,,,
cadd,s11_50,in_scope,very_strong,BRCA1,,,False,not reached in this fold,,361,345,3,342,0.008695652173913044,,,,,,,,,,,,,,,,,
cadd,s11_50,in_scope,very_strong,PALB2,,,False,not reached in this fold,,540,464,15,449,0.032327586206896554,,,,,,,,,,,,,,,,,
cadd,s11_50,in_scope,very_strong,RAD51C,,,False,not reached in this fold,,768,765,36,729,0.047058823529411764,,,,,,,,,,,,,,,,,
cadd,s11_50,in_scope,very_strong,VHL,,,False,not reached in this fold,,80,75,13,62,0.17333333333333334,,,,,,,,,,,,,,,,,
cadd,s3_50,in_scope,supporting,BAP1,19.48,8.167898061890995,True,ok,,2268,2190,283,1907,0.12922374429223743,148.0,0.06525573192239859,0.06666666666666667,80.0,66.0,203.0,1841.0,0.2826855123674912,0.2334031259800244,0.33778856818546976,0.9653906659674882,0.9562061781866756,0.9727039581338276,0.547945205479452,8.167898061890995,0.47576575958485884,Moderate
cadd,s3_50,in_scope,supporting,BARD1,19.11,15.000638569604089,True,ok,,1931,1894,87,1807,0.04593453009503696,66.0,0.03417918177110305,0.03273495248152059,26.0,36.0,61.0,1771.0,0.2988505747126437,0.21284090636446729,0.4018724584981098,0.9800774764803541,0.9725430624305201,0.9855750497591104,0.41935483870967744,15.000638569604089,0.6250099773845951,Moderate
cadd,s3_50,in_scope,supporting,BRCA1,19.29,5.507788161993769,True,ok,,891,835,107,728,0.1281437125748503,85.0,0.09539842873176206,0.09101796407185629,34.0,42.0,73.0,686.0,0.3177570093457944,0.23716419886300422,0.4109818972372874,0.9423076923076923,0.9229346687746574,0.957037341881525,0.4473684210526316,5.507788161993769,0.3796435473480782,Moderate
cadd,s3_50,in_scope,supporting,BRCA2,18.76,8.333333333333334,True,ok,,551,529,69,460,0.13043478260869565,48.0,0.08711433756805807,0.08506616257088846,25.0,20.0,44.0,440.0,0.36231884057971014,0.2589572436016878,0.4802022912619641,0.9565217391304348,0.933801024790199,0.9716807772631147,0.5555555555555556,8.333333333333334,0.48076923076923084,Moderate
cadd,s3_50,in_scope,supporting,PALB2,19.19,4.4658613445378155,True,ok,,1041,875,102,773,0.11657142857142858,102.0,0.09798270893371758,0.10171428571428572,33.0,56.0,69.0,717.0,0.3235294117647059,0.24057906530881729,0.4192895683899344,0.9275549805950841,0.907089820821595,0.9437916460396738,0.3707865168539326,4.4658613445378155,0.3316431998127853,Moderate
cadd,s3_50,in_scope,supporting,RAD51C,17.05,3.264208909370199,True,ok,,1152,1144,124,1020,0.10839160839160839,177.0,0.15364583333333334,0.15384615384615385,50.0,126.0,74.0,894.0,0.4032258064516129,0.32105026463452474,0.4912172093023806,0.8764705882352941,0.8548535031339501,0.8952626338748171,0.2840909090909091,3.264208909370199,0.26615731462925846,Supporting
cadd,s3_50,in_scope,supporting,VHL,19.28,,True,ok,,163,145,23,122,0.15862068965517243,6.0,0.03680981595092025,0.034482758620689655,5.0,0.0,18.0,122.0,0.21739130434782608,0.09663978026586204,0.4190348301626401,1.0,0.969473821610987,1.0,1.0,,,not evaluable
cadd,s3_50,in_scope,moderate,BAP1,22.9,8.034384343571622,True,ok,,2268,2190,283,1907,0.12922374429223743,57.0,0.02513227513227513,0.026027397260273973,31.0,26.0,252.0,1881.0,0.10954063604240283,0.07825065604598666,0.15128889200746232,0.9863660199265862,0.9800975650118899,0.9906789436498189,0.543859649122807,8.034384343571622,0.4716568665778409,Moderate
cadd,s3_50,in_scope,moderate,BARD1,22.5,12.462068965517242,True,ok,,1931,1894,87,1807,0.04593453009503696,18.0,0.009321595028482652,0.008447729672650475,6.0,10.0,81.0,1797.0,0.06896551724137931,0.031988839442576765,0.14239694240580283,0.9944659656889873,0.9898428044983361,0.9969912395840095,0.375,12.462068965517242,0.580655526992288,Moderate
cadd,s3_50,in_scope,moderate,BRCA1,21.0,3.887850467289719,True,ok,,891,835,107,728,0.1281437125748503,48.0,0.05387205387205387,0.05269461077844311,16.0,28.0,91.0,700.0,0.14953271028037382,0.09418831208812307,0.22916956502782226,0.9615384615384616,0.9449740453200437,0.9732576179733641,0.36363636363636365,3.887850467289719,0.3016678752719362,Supporting
cadd,s3_50,in_scope,moderate,BRCA2,22.7,15.555555555555557,True,ok,,551,529,69,460,0.13043478260869565,11.0,0.019963702359346643,0.01890359168241966,7.0,3.0,62.0,457.0,0.10144927536231885,0.050016638108459924,0.19491885754947985,0.9934782608695653,0.981003117848234,0.9977795919903479,0.7,15.555555555555557,0.6334841628959277,Moderate
cadd,s3_50,in_scope,moderate,PALB2,20.4,5.196638655462185,True,ok,,1041,875,102,773,0.11657142857142858,66.0,0.06340057636887608,0.06742857142857143,24.0,35.0,78.0,738.0,0.23529411764705882,0.16352093227112996,0.32628201827699754,0.9547218628719275,0.9376807949694473,0.9672657575320228,0.4067796610169492,5.196638655462185,0.36604711731975853,Moderate
cadd,s3_50,in_scope,moderate,RAD51C,22.7,5.9824046920821115,True,ok,,1152,1144,124,1020,0.10839160839160839,19.0,0.016493055555555556,0.016608391608391608,8.0,11.0,116.0,1009.0,0.06451612903225806,0.033050909778555196,0.12215272293751893,0.9892156862745098,0.9807926089747336,0.9939676836486384,0.42105263157894735,5.9824046920821115,0.3992953611274222,Moderate
cadd,s3_50,in_scope,moderate,VHL,22.6,,True,ok,,163,145,23,122,0.15862068965517243,3.0,0.018404907975460124,0.020689655172413793,3.0,0.0,20.0,122.0,0.13043478260869565,0.04537659093631238,0.32127482270095964,1.0,0.969473821610987,1.0,1.0,,,not evaluable
cadd,s3_50,in_scope,strong,BAP1,,,False,not reached in this fold,,2268,2190,283,1907,0.12922374429223743,,,,,,,,,,,,,,,,,
cadd,s3_50,in_scope,strong,BARD1,,,False,not reached in this fold,,1931,1894,87,1807,0.04593453009503696,,,,,,,,,,,,,,,,,
cadd,s3_50,in_scope,strong,BRCA1,,,False,not reached in this fold,,891,835,107,728,0.1281437125748503,,,,,,,,,,,,,,,,,
cadd,s3_50,in_scope,strong,BRCA2,,,False,not reached in this fold,,551,529,69,460,0.13043478260869565,,,,,,,,,,,,,,,,,
cadd,s3_50,in_scope,strong,PALB2,,,False,not reached in this fold,,1041,875,102,773,0.11657142857142858,,,,,,,,,,,,,,,,,
cadd,s3_50,in_scope,strong,RAD51C,,,False,not reached in this fold,,1152,1144,124,1020,0.10839160839160839,,,,,,,,,,,,,,,,,
cadd,s3_50,in_scope,strong,VHL,,,False,not reached in this fold,,163,145,23,122,0.15862068965517243,,,,,,,,,,,,,,,,,
cadd,s3_50,in_scope,very_strong,BAP1,,,False,not reached in this fold,,2268,2190,283,1907,0.12922374429223743,,,,,,,,,,,,,,,,,
cadd,s3_50,in_scope,very_strong,BARD1,,,False,not reached in this fold,,1931,1894,87,1807,0.04593453009503696,,,,,,,,,,,,,,,,,
cadd,s3_50,in_scope,very_strong,BRCA1,,,False,not reached in this fold,,891,835,107,728,0.1281437125748503,,,,,,,,,,,,,,,,,
cadd,s3_50,in_scope,very_strong,BRCA2,,,False,not reached in this fold,,551,529,69,460,0.13043478260869565,,,,,,,,,,,,,,,,,
cadd,s3_50,in_scope,very_strong,PALB2,,,False,not reached in this fold,,1041,875,102,773,0.11657142857142858,,,,,,,,,,,,,,,,,
cadd,s3_50,in_scope,very_strong,RAD51C,,,False,not reached in this fold,,1152,1144,124,1020,0.10839160839160839,,,,,,,,,,,,,,,,,
cadd,s3_50,in_scope,very_strong,VHL,,,False,not reached in this fold,,163,145,23,122,0.15862068965517243,,,,,,,,,,,,,,,,,
cadd,pm12,out_of_scope_incl_pm12,supporting,BAP1,,,False,not reached in this fold,,192,192,177,15,0.921875,,,,,,,,,,,,,,,,,
cadd,pm12,out_of_scope_incl_pm12,supporting,BARD1,,,False,not reached in this fold,,119,119,119,0,1.0,,,,,,,,,,,,,,,,,
cadd,pm12,out_of_scope_incl_pm12,supporting,BRCA1,,,False,not reached in this fold,,143,135,128,7,0.9481481481481482,,,,,,,,,,,,,,,,,
cadd,pm12,out_of_scope_incl_pm12,supporting,BRCA2,,,False,not reached in this fold,,138,134,121,13,0.9029850746268657,,,,,,,,,,,,,,,,,
cadd,pm12,out_of_scope_incl_pm12,supporting,PALB2,,,False,not reached in this fold,,144,141,139,2,0.9858156028368794,,,,,,,,,,,,,,,,,
cadd,pm12,out_of_scope_incl_pm12,supporting,RAD51C,,,False,not reached in this fold,,96,96,96,0,1.0,,,,,,,,,,,,,,,,,
cadd,pm12,out_of_scope_incl_pm12,supporting,VHL,,,False,not reached in this fold,,24,24,24,0,1.0,,,,,,,,,,,,,,,,,
cadd,pm12,out_of_scope_incl_pm12,moderate,BAP1,,,False,not reached in this fold,,192,192,177,15,0.921875,,,,,,,,,,,,,,,,,
cadd,pm12,out_of_scope_incl_pm12,moderate,BARD1,,,False,not reached in this fold,,119,119,119,0,1.0,,,,,,,,,,,,,,,,,
cadd,pm12,out_of_scope_incl_pm12,moderate,BRCA1,,,False,not reached in this fold,,143,135,128,7,0.9481481481481482,,,,,,,,,,,,,,,,,
cadd,pm12,out_of_scope_incl_pm12,moderate,BRCA2,,,False,not reached in this fold,,138,134,121,13,0.9029850746268657,,,,,,,,,,,,,,,,,
cadd,pm12,out_of_scope_incl_pm12,moderate,PALB2,,,False,not reached in this fold,,144,141,139,2,0.9858156028368794,,,,,,,,,,,,,,,,,
cadd,pm12,out_of_scope_incl_pm12,moderate,RAD51C,,,False,not reached in this fold,,96,96,96,0,1.0,,,,,,,,,,,,,,,,,
cadd,pm12,out_of_scope_incl_pm12,moderate,VHL,,,False,not reached in this fold,,24,24,24,0,1.0,,,,,,,,,,,,,,,,,
cadd,pm12,out_of_scope_incl_pm12,strong,BAP1,,,False,not reached in this fold,,192,192,177,15,0.921875,,,,,,,,,,,,,,,,,
cadd,pm12,out_of_scope_incl_pm12,strong,BARD1,,,False,not reached in this fold,,119,119,119,0,1.0,,,,,,,,,,,,,,,,,
cadd,pm12,out_of_scope_incl_pm12,strong,BRCA1,,,False,not reached in this fold,,143,135,128,7,0.9481481481481482,,,,,,,,,,,,,,,,,
cadd,pm12,out_of_scope_incl_pm12,strong,BRCA2,,,False,not reached in this fold,,138,134,121,13,0.9029850746268657,,,,,,,,,,,,,,,,,
cadd,pm12,out_of_scope_incl_pm12,strong,PALB2,,,False,not reached in this fold,,144,141,139,2,0.9858156028368794,,,,,,,,,,,,,,,,,
cadd,pm12,out_of_scope_incl_pm12,strong,RAD51C,,,False,not reached in this fold,,96,96,96,0,1.0,,,,,,,,,,,,,,,,,
cadd,pm12,out_of_scope_incl_pm12,strong,VHL,,,False,not reached in this fold,,24,24,24,0,1.0,,,,,,,,,,,,,,,,,
cadd,pm12,out_of_scope_incl_pm12,very_strong,BAP1,,,False,not reached in this fold,,192,192,177,15,0.921875,,,,,,,,,,,,,,,,,
cadd,pm12,out_of_scope_incl_pm12,very_strong,BARD1,,,False,not reached in this fold,,119,119,119,0,1.0,,,,,,,,,,,,,,,,,
cadd,pm12,out_of_scope_incl_pm12,very_strong,BRCA1,,,False,not reached in this fold,,143,135,128,7,0.9481481481481482,,,,,,,,,,,,,,,,,
cadd,pm12,out_of_scope_incl_pm12,very_strong,BRCA2,,,False,not reached in this fold,,138,134,121,13,0.9029850746268657,,,,,,,,,,,,,,,,,
cadd,pm12,out_of_scope_incl_pm12,very_strong,PALB2,,,False,not reached in this fold,,144,141,139,2,0.9858156028368794,,,,,,,,,,,,,,,,,
cadd,pm12,out_of_scope_incl_pm12,very_strong,RAD51C,,,False,not reached in this fold,,96,96,96,0,1.0,,,,,,,,,,,,,,,,,
cadd,pm12,out_of_scope_incl_pm12,very_strong,VHL,,,False,not reached in this fold,,24,24,24,0,1.0,,,,,,,,,,,,,,,,,
phylop,s3_10,in_scope,supporting,BAP1,4.37428,4.8069349315068495,True,ok,,768,737,146,591,0.19810040705563092,36.0,0.046875,0.04748982360922659,19.0,16.0,127.0,575.0,0.13013698630136986,0.08491961639625936,0.19431858076226652,0.9729272419627749,0.9564779825997154,0.9832682165106292,0.5428571428571428,4.8069349315068495,0.3481536601246396,Moderate
phylop,s3_10,in_scope,supporting,BARD1,3.12172,2.6566433566433565,True,ok,,473,459,66,393,0.1437908496732026,98.0,0.20718816067653276,0.2047930283224401,29.0,65.0,37.0,328.0,0.4393939393939394,0.3262812091954944,0.5591736462000862,0.8346055979643766,0.7946688863867408,0.8680642886740635,0.30851063829787234,2.6566433566433565,0.22790809286699862,Supporting
phylop,s3_10,in_scope,supporting,BRCA1,4.58587,11.134615384615385,True,ok,,530,490,104,386,0.21224489795918366,31.0,0.05849056603773585,0.05714285714285714,21.0,7.0,83.0,379.0,0.20192307692307693,0.13603525270294686,0.2890467085575533,0.9818652849740933,0.9630456807626845,0.9911883843501793,0.75,11.134615384615385,0.5530085959885386,Moderate
phylop,s3_10,in_scope,supporting,BRCA2,4.69966,,True,ok,,551,529,69,460,0.13043478260869565,6.0,0.010889292196007259,0.00945179584120983,1.0,4.0,68.0,456.0,0.014492753623188406,0.002562924644588474,0.07763122461144727,0.991304347826087,0.9778575089261213,0.9966133828074449,0.2,,,not evaluable
phylop,s3_10,in_scope,supporting,PALB2,4.69967,16.758620689655174,True,ok,,501,411,87,324,0.2116788321167883,12.0,0.023952095808383235,0.0267639902676399,9.0,2.0,78.0,322.0,0.10344827586206896,0.05538511033788457,0.18504980896262468,0.9938271604938271,0.977776002888613,0.9983055493076792,0.8181818181818182,16.758620689655174,0.6506024096385542,Moderate
phylop,s3_10,in_scope,supporting,RAD51C,4.48364,14.549999999999999,True,ok,,384,379,88,291,0.23218997361477572,27.0,0.0703125,0.0712401055408971,22.0,5.0,66.0,286.0,0.25,0.17128323377232502,0.34963029956012115,0.9828178694158075,0.9604155138680641,0.992639056964487,0.8148148148148148,14.549999999999999,0.6178343949044587,Moderate
phylop,s3_10,in_scope,supporting,VHL,4.60711,,True,ok,,83,70,10,60,0.14285714285714285,0.0,0.0,0.0,0.0,0.0,10.0,60.0,0.0,0.0,0.2775327998628892,1.0,0.93982814785791,1.0,,,,not evaluable
phylop,s3_10,in_scope,moderate,BAP1,4.88528,5.059931506849315,True,ok,,768,737,146,591,0.19810040705563092,27.0,0.03515625,0.036635006784260515,15.0,12.0,131.0,579.0,0.10273972602739725,0.06325495379785748,0.1625934801872259,0.9796954314720813,0.9648476784528697,0.9883474823620955,0.5555555555555556,5.059931506849315,0.35988308366824995,Moderate
phylop,s3_10,in_scope,moderate,BARD1,4.88528,4.962121212121212,True,ok,,473,459,66,393,0.1437908496732026,35.0,0.07399577167019028,0.0718954248366013,15.0,18.0,51.0,375.0,0.22727272727272727,0.14285229563373036,0.34169455364638307,0.9541984732824428,0.9287688017763351,0.9708347856636159,0.45454545454545453,4.962121212121212,0.3553988062940857,Moderate
phylop,s3_10,in_scope,moderate,BRCA1,5.85882,,True,ok,,530,490,104,386,0.21224489795918366,0.0,0.0,0.0,0.0,0.0,104.0,386.0,0.0,0.0,0.03562135437245191,1.0,0.9901460998214123,1.0,,,,not evaluable
phylop,s3_10,in_scope,moderate,BRCA2,5.2416,,True,ok,,551,529,69,460,0.13043478260869565,6.0,0.010889292196007259,0.00945179584120983,1.0,4.0,68.0,456.0,0.014492753623188406,0.002562924644588474,0.07763122461144727,0.991304347826087,0.9778575089261213,0.9966133828074449,0.2,,,not evaluable
phylop,s3_10,in_scope,moderate,PALB2,5.58181,,True,ok,,501,411,87,324,0.2116788321167883,0.0,0.0,0.0,0.0,0.0,87.0,324.0,0.0,0.0,0.04228750694412034,1.0,0.9882825715987459,1.0,,,,not evaluable
phylop,s3_10,in_scope,moderate,RAD51C,5.63076,,True,ok,,384,379,88,291,0.23218997361477572,6.0,0.015625,0.0158311345646438,6.0,0.0,82.0,291.0,0.06818181818181818,0.03162092817146724,0.14086608394821237,1.0,0.9869711036023928,1.0,1.0,,,not evaluable
phylop,s3_10,in_scope,moderate,VHL,5.34067,,True,ok,,83,70,10,60,0.14285714285714285,0.0,0.0,0.0,0.0,0.0,10.0,60.0,0.0,0.0,0.2775327998628892,1.0,0.93982814785791,1.0,,,,not evaluable
phylop,s3_10,in_scope,strong,BAP1,,,False,not reached in this fold,,768,737,146,591,0.19810040705563092,,,,,,,,,,,,,,,,,
phylop,s3_10,in_scope,strong,BARD1,,,False,not reached in this fold,,473,459,66,393,0.1437908496732026,,,,,,,,,,,,,,,,,
phylop,s3_10,in_scope,strong,BRCA1,,,False,not reached in this fold,,530,490,104,386,0.21224489795918366,,,,,,,,,,,,,,,,,
phylop,s3_10,in_scope,strong,BRCA2,,,False,not reached in this fold,,551,529,69,460,0.13043478260869565,,,,,,,,,,,,,,,,,
phylop,s3_10,in_scope,strong,PALB2,,,False,not reached in this fold,,501,411,87,324,0.2116788321167883,,,,,,,,,,,,,,,,,
phylop,s3_10,in_scope,strong,RAD51C,,,False,not reached in this fold,,384,379,88,291,0.23218997361477572,,,,,,,,,,,,,,,,,
phylop,s3_10,in_scope,strong,VHL,,,False,not reached in this fold,,83,70,10,60,0.14285714285714285,,,,,,,,,,,,,,,,,
phylop,s3_10,in_scope,very_strong,BAP1,,,False,not reached in this fold,,768,737,146,591,0.19810040705563092,,,,,,,,,,,,,,,,,
phylop,s3_10,in_scope,very_strong,BARD1,,,False,not reached in this fold,,473,459,66,393,0.1437908496732026,,,,,,,,,,,,,,,,,
phylop,s3_10,in_scope,very_strong,BRCA1,,,False,not reached in this fold,,530,490,104,386,0.21224489795918366,,,,,,,,,,,,,,,,,
phylop,s3_10,in_scope,very_strong,BRCA2,,,False,not reached in this fold,,551,529,69,460,0.13043478260869565,,,,,,,,,,,,,,,,,
phylop,s3_10,in_scope,very_strong,PALB2,,,False,not reached in this fold,,501,411,87,324,0.2116788321167883,,,,,,,,,,,,,,,,,
phylop,s3_10,in_scope,very_strong,RAD51C,,,False,not reached in this fold,,384,379,88,291,0.23218997361477572,,,,,,,,,,,,,,,,,
phylop,s3_10,in_scope,very_strong,VHL,,,False,not reached in this fold,,83,70,10,60,0.14285714285714285,,,,,,,,,,,,,,,,,
phylop,s11_50,in_scope,supporting,BAP1,3.4169,3.842335766423358,True,ok,,1500,1453,137,1316,0.09428768066070199,21.0,0.014,0.014452856159669649,6.0,15.0,131.0,1301.0,0.043795620437956206,0.020224162577653616,0.09225307923267126,0.9886018237082067,0.981278951147078,0.9930805004411968,0.2857142857142857,3.842335766423358,0.29919290667272935,Supporting
phylop,s11_50,in_scope,supporting,BARD1,3.30777,1.1609195402298849,True,ok,,1458,1435,21,1414,0.014634146341463415,60.0,0.0411522633744856,0.04111498257839721,1.0,58.0,20.0,1356.0,0.047619047619047616,0.008455987809826399,0.22669360074122563,0.958981612446959,0.947339891836004,0.9681362299298432,0.01694915254237288,1.1609195402298849,0.11425339366515837,below supporting
phylop,s11_50,in_scope,supporting,BRCA1,,,False,not reached in this fold,,361,345,3,342,0.008695652173913044,,,,,,,,,,,,,,,,,
phylop,s11_50,in_scope,supporting,PALB2,,,False,not reached in this fold,,540,464,15,449,0.032327586206896554,,,,,,,,,,,,,,,,,
phylop,s11_50,in_scope,supporting,RAD51C,,,False,not reached in this fold,,768,765,36,729,0.047058823529411764,,,,,,,,,,,,,,,,,
phylop,s11_50,in_scope,supporting,VHL,,,False,not reached in this fold,,80,75,13,62,0.17333333333333334,,,,,,,,,,,,,,,,,
phylop,s11_50,in_scope,moderate,BAP1,,,False,not reached in this fold,,1500,1453,137,1316,0.09428768066070199,,,,,,,,,,,,,,,,,
phylop,s11_50,in_scope,moderate,BARD1,,,False,not reached in this fold,,1458,1435,21,1414,0.014634146341463415,,,,,,,,,,,,,,,,,
phylop,s11_50,in_scope,moderate,BRCA1,,,False,not reached in this fold,,361,345,3,342,0.008695652173913044,,,,,,,,,,,,,,,,,
phylop,s11_50,in_scope,moderate,PALB2,,,False,not reached in this fold,,540,464,15,449,0.032327586206896554,,,,,,,,,,,,,,,,,
phylop,s11_50,in_scope,moderate,RAD51C,,,False,not reached in this fold,,768,765,36,729,0.047058823529411764,,,,,,,,,,,,,,,,,
phylop,s11_50,in_scope,moderate,VHL,,,False,not reached in this fold,,80,75,13,62,0.17333333333333334,,,,,,,,,,,,,,,,,
phylop,s11_50,in_scope,strong,BAP1,,,False,not reached in this fold,,1500,1453,137,1316,0.09428768066070199,,,,,,,,,,,,,,,,,
phylop,s11_50,in_scope,strong,BARD1,,,False,not reached in this fold,,1458,1435,21,1414,0.014634146341463415,,,,,,,,,,,,,,,,,
phylop,s11_50,in_scope,strong,BRCA1,,,False,not reached in this fold,,361,345,3,342,0.008695652173913044,,,,,,,,,,,,,,,,,
phylop,s11_50,in_scope,strong,PALB2,,,False,not reached in this fold,,540,464,15,449,0.032327586206896554,,,,,,,,,,,,,,,,,
phylop,s11_50,in_scope,strong,RAD51C,,,False,not reached in this fold,,768,765,36,729,0.047058823529411764,,,,,,,,,,,,,,,,,
phylop,s11_50,in_scope,strong,VHL,,,False,not reached in this fold,,80,75,13,62,0.17333333333333334,,,,,,,,,,,,,,,,,
phylop,s11_50,in_scope,very_strong,BAP1,,,False,not reached in this fold,,1500,1453,137,1316,0.09428768066070199,,,,,,,,,,,,,,,,,
phylop,s11_50,in_scope,very_strong,BARD1,,,False,not reached in this fold,,1458,1435,21,1414,0.014634146341463415,,,,,,,,,,,,,,,,,
phylop,s11_50,in_scope,very_strong,BRCA1,,,False,not reached in this fold,,361,345,3,342,0.008695652173913044,,,,,,,,,,,,,,,,,
phylop,s11_50,in_scope,very_strong,PALB2,,,False,not reached in this fold,,540,464,15,449,0.032327586206896554,,,,,,,,,,,,,,,,,
phylop,s11_50,in_scope,very_strong,RAD51C,,,False,not reached in this fold,,768,765,36,729,0.047058823529411764,,,,,,,,,,,,,,,,,
phylop,s11_50,in_scope,very_strong,VHL,,,False,not reached in this fold,,80,75,13,62,0.17333333333333334,,,,,,,,,,,,,,,,,
phylop,s3_50,in_scope,supporting,BAP1,4.08529,5.053886925795053,True,ok,,2268,2190,283,1907,0.12922374429223743,57.0,0.02513227513227513,0.025570776255707764,24.0,32.0,259.0,1875.0,0.08480565371024736,0.05764998030525412,0.12308211830361698,0.9832197168327216,0.9764077406973818,0.9880888121131463,0.42857142857142855,5.053886925795053,0.3596077691872525,Moderate
phylop,s3_50,in_scope,supporting,BARD1,3.15828,4.615581098339719,True,ok,,1931,1894,87,1807,0.04593453009503696,170.0,0.08803728638011393,0.08711721224920803,30.0,135.0,57.0,1672.0,0.3448275862068966,0.25342661173559033,0.44935226972982634,0.9252905368013282,0.9122450405230255,0.9365316386904975,0.18181818181818182,4.615581098339719,0.33899258981333835,Moderate
phylop,s3_50,in_scope,supporting,BRCA1,4.48364,14.287850467289719,True,ok,,891,835,107,728,0.1281437125748503,34.0,0.038159371492704826,0.037125748502994015,21.0,10.0,86.0,718.0,0.19626168224299065,0.13210407800680707,0.28147274882701223,0.9862637362637363,0.9749007334140805,0.9925219118414743,0.6774193548387096,14.287850467289719,0.613532386226824,Moderate
phylop,s3_50,in_scope,supporting,BRCA2,4.50791,,True,ok,,551,529,69,460,0.13043478260869565,6.0,0.010889292196007259,0.00945179584120983,1.0,4.0,68.0,456.0,0.014492753623188406,0.002562924644588474,0.07763122461144727,0.991304347826087,0.9778575089261213,0.9966133828074449,0.2,,,not evaluable
phylop,s3_50,in_scope,supporting,PALB2,4.15258,20.209150326797385,True,ok,,1041,875,102,773,0.11657142857142858,24.0,0.023054755043227664,0.025142857142857144,16.0,6.0,86.0,767.0,0.1568627450980392,0.09892289243814952,0.23971056197608992,0.9922380336351876,0.9831699548777185,0.9964379063649825,0.7272727272727273,20.209150326797385,0.6918773774893712,Strong
phylop,s3_50,in_scope,supporting,RAD51C,4.08075,20.248138957816376,True,ok,,1152,1144,124,1020,0.10839160839160839,45.0,0.0390625,0.039335664335664336,32.0,13.0,92.0,1007.0,0.25806451612903225,0.18913607952853181,0.34153260531373153,0.9872549019607844,0.9783166931818277,0.9925367445612905,0.7111111111111111,20.248138957816376,0.6922881140239247,Strong
phylop,s3_50,in_scope,supporting,VHL,3.96343,,True,ok,,163,145,23,122,0.15862068965517243,3.0,0.018404907975460124,0.020689655172413793,3.0,0.0,20.0,122.0,0.13043478260869565,0.04537659093631238,0.32127482270095964,1.0,0.969473821610987,1.0,1.0,,,not evaluable
phylop,s3_50,in_scope,moderate,BAP1,4.69966,7.159673144876325,True,ok,,2268,2190,283,1907,0.12922374429223743,33.0,0.01455026455026455,0.015068493150684932,17.0,16.0,266.0,1891.0,0.06007067137809187,0.03783993982585929,0.09408470933843388,0.9916098584163607,0.9864141348361923,0.9948289669108179,0.5151515151515151,7.159673144876325,0.4430580421205122,Moderate
phylop,s3_50,in_scope,moderate,BARD1,5.25,19.039272030651343,True,ok,,1931,1894,87,1807,0.04593453009503696,24.0,0.012428793371310202,0.012143611404435059,11.0,12.0,76.0,1795.0,0.12643678160919541,0.07208952879445547,0.21237814880747352,0.9933591588267847,0.9884280466566546,0.9961970795877899,0.4782608695652174,19.039272030651343,0.6790216240221365,Strong
phylop,s3_50,in_scope,moderate,BRCA1,5.2416,22.679127725856695,True,ok,,891,835,107,728,0.1281437125748503,15.0,0.016835016835016835,0.015568862275449102,10.0,3.0,97.0,725.0,0.09345794392523364,0.0515582662185042,0.16353687123599236,0.9958791208791209,0.9879549109850303,0.9985975605891371,0.7692307692307693,22.679127725856695,0.7159012685613138,Strong
phylop,s3_50,in_scope,moderate,BRCA2,5.58181,,True,ok,,551,529,69,460,0.13043478260869565,0.0,0.0,0.0,0.0,0.0,69.0,460.0,0.0,0.0,0.05273725818905173,1.0,0.9917181641536291,1.0,,,,not evaluable
phylop,s3_50,in_scope,moderate,PALB2,5.19946,,True,ok,,1041,875,102,773,0.11657142857142858,3.0,0.002881844380403458,0.002285714285714286,1.0,1.0,101.0,772.0,0.00980392156862745,0.0017327343974216647,0.053457914765777534,0.9987063389391979,0.9927089001363772,0.9997716005444673,0.5,,,not evaluable
phylop,s3_50,in_scope,moderate,RAD51C,5.48841,,True,ok,,1152,1144,124,1020,0.10839160839160839,6.0,0.005208333333333333,0.005244755244755245,6.0,0.0,118.0,1020.0,0.04838709677419355,0.02236241053438482,0.1015524678378402,1.0,0.996247994464769,1.0,1.0,,,not evaluable
phylop,s3_50,in_scope,moderate,VHL,5.58181,,True,ok,,163,145,23,122,0.15862068965517243,0.0,0.0,0.0,0.0,0.0,23.0,122.0,0.0,0.0,0.14311661845042686,1.0,0.969473821610987,1.0,,,,not evaluable
phylop,s3_50,in_scope,strong,BAP1,,,False,not reached in this fold,,2268,2190,283,1907,0.12922374429223743,,,,,,,,,,,,,,,,,
phylop,s3_50,in_scope,strong,BARD1,,,False,not reached in this fold,,1931,1894,87,1807,0.04593453009503696,,,,,,,,,,,,,,,,,
phylop,s3_50,in_scope,strong,BRCA1,,,False,not reached in this fold,,891,835,107,728,0.1281437125748503,,,,,,,,,,,,,,,,,
phylop,s3_50,in_scope,strong,BRCA2,,,False,not reached in this fold,,551,529,69,460,0.13043478260869565,,,,,,,,,,,,,,,,,
phylop,s3_50,in_scope,strong,PALB2,,,False,not reached in this fold,,1041,875,102,773,0.11657142857142858,,,,,,,,,,,,,,,,,
phylop,s3_50,in_scope,strong,RAD51C,,,False,not reached in this fold,,1152,1144,124,1020,0.10839160839160839,,,,,,,,,,,,,,,,,
phylop,s3_50,in_scope,strong,VHL,,,False,not reached in this fold,,163,145,23,122,0.15862068965517243,,,,,,,,,,,,,,,,,
phylop,s3_50,in_scope,very_strong,BAP1,,,False,not reached in this fold,,2268,2190,283,1907,0.12922374429223743,,,,,,,,,,,,,,,,,
phylop,s3_50,in_scope,very_strong,BARD1,,,False,not reached in this fold,,1931,1894,87,1807,0.04593453009503696,,,,,,,,,,,,,,,,,
phylop,s3_50,in_scope,very_strong,BRCA1,,,False,not reached in this fold,,891,835,107,728,0.1281437125748503,,,,,,,,,,,,,,,,,
phylop,s3_50,in_scope,very_strong,BRCA2,,,False,not reached in this fold,,551,529,69,460,0.13043478260869565,,,,,,,,,,,,,,,,,
phylop,s3_50,in_scope,very_strong,PALB2,,,False,not reached in this fold,,1041,875,102,773,0.11657142857142858,,,,,,,,,,,,,,,,,
phylop,s3_50,in_scope,very_strong,RAD51C,,,False,not reached in this fold,,1152,1144,124,1020,0.10839160839160839,,,,,,,,,,,,,,,,,
phylop,s3_50,in_scope,very_strong,VHL,,,False,not reached in this fold,,163,145,23,122,0.15862068965517243,,,,,,,,,,,,,,,,,
phylop,pm12,out_of_scope_incl_pm12,supporting,BAP1,,,False,not reached in this fold,,192,192,177,15,0.921875,,,,,,,,,,,,,,,,,
phylop,pm12,out_of_scope_incl_pm12,supporting,BARD1,,,False,not reached in this fold,,119,119,119,0,1.0,,,,,,,,,,,,,,,,,
phylop,pm12,out_of_scope_incl_pm12,supporting,BRCA1,,,False,not reached in this fold,,143,135,128,7,0.9481481481481482,,,,,,,,,,,,,,,,,
phylop,pm12,out_of_scope_incl_pm12,supporting,BRCA2,,,False,not reached in this fold,,138,134,121,13,0.9029850746268657,,,,,,,,,,,,,,,,,
phylop,pm12,out_of_scope_incl_pm12,supporting,PALB2,,,False,not reached in this fold,,144,141,139,2,0.9858156028368794,,,,,,,,,,,,,,,,,
phylop,pm12,out_of_scope_incl_pm12,supporting,RAD51C,,,False,not reached in this fold,,96,96,96,0,1.0,,,,,,,,,,,,,,,,,
phylop,pm12,out_of_scope_incl_pm12,supporting,VHL,,,False,not reached in this fold,,24,24,24,0,1.0,,,,,,,,,,,,,,,,,
phylop,pm12,out_of_scope_incl_pm12,moderate,BAP1,,,False,not reached in this fold,,192,192,177,15,0.921875,,,,,,,,,,,,,,,,,
phylop,pm12,out_of_scope_incl_pm12,moderate,BARD1,,,False,not reached in this fold,,119,119,119,0,1.0,,,,,,,,,,,,,,,,,
phylop,pm12,out_of_scope_incl_pm12,moderate,BRCA1,,,False,not reached in this fold,,143,135,128,7,0.9481481481481482,,,,,,,,,,,,,,,,,
phylop,pm12,out_of_scope_incl_pm12,moderate,BRCA2,,,False,not reached in this fold,,138,134,121,13,0.9029850746268657,,,,,,,,,,,,,,,,,
phylop,pm12,out_of_scope_incl_pm12,moderate,PALB2,,,False,not reached in this fold,,144,141,139,2,0.9858156028368794,,,,,,,,,,,,,,,,,
phylop,pm12,out_of_scope_incl_pm12,moderate,RAD51C,,,False,not reached in this fold,,96,96,96,0,1.0,,,,,,,,,,,,,,,,,
phylop,pm12,out_of_scope_incl_pm12,moderate,VHL,,,False,not reached in this fold,,24,24,24,0,1.0,,,,,,,,,,,,,,,,,
phylop,pm12,out_of_scope_incl_pm12,strong,BAP1,,,False,not reached in this fold,,192,192,177,15,0.921875,,,,,,,,,,,,,,,,,
phylop,pm12,out_of_scope_incl_pm12,strong,BARD1,,,False,not reached in this fold,,119,119,119,0,1.0,,,,,,,,,,,,,,,,,
phylop,pm12,out_of_scope_incl_pm12,strong,BRCA1,,,False,not reached in this fold,,143,135,128,7,0.9481481481481482,,,,,,,,,,,,,,,,,
phylop,pm12,out_of_scope_incl_pm12,strong,BRCA2,,,False,not reached in this fold,,138,134,121,13,0.9029850746268657,,,,,,,,,,,,,,,,,
phylop,pm12,out_of_scope_incl_pm12,strong,PALB2,,,False,not reached in this fold,,144,141,139,2,0.9858156028368794,,,,,,,,,,,,,,,,,
phylop,pm12,out_of_scope_incl_pm12,strong,RAD51C,,,False,not reached in this fold,,96,96,96,0,1.0,,,,,,,,,,,,,,,,,
phylop,pm12,out_of_scope_incl_pm12,strong,VHL,,,False,not reached in this fold,,24,24,24,0,1.0,,,,,,,,,,,,,,,,,
phylop,pm12,out_of_scope_incl_pm12,very_strong,BAP1,,,False,not reached in this fold,,192,192,177,15,0.921875,,,,,,,,,,,,,,,,,
phylop,pm12,out_of_scope_incl_pm12,very_strong,BARD1,,,False,not reached in this fold,,119,119,119,0,1.0,,,,,,,,,,,,,,,,,
phylop,pm12,out_of_scope_incl_pm12,very_strong,BRCA1,,,False,not reached in this fold,,143,135,128,7,0.9481481481481482,,,,,,,,,,,,,,,,,
phylop,pm12,out_of_scope_incl_pm12,very_strong,BRCA2,,,False,not reached in this fold,,138,134,121,13,0.9029850746268657,,,,,,,,,,,,,,,,,
phylop,pm12,out_of_scope_incl_pm12,very_strong,PALB2,,,False,not reached in this fold,,144,141,139,2,0.9858156028368794,,,,,,,,,,,,,,,,,
phylop,pm12,out_of_scope_incl_pm12,very_strong,RAD51C,,,False,not reached in this fold,,96,96,96,0,1.0,,,,,,,,,,,,,,,,,
phylop,pm12,out_of_scope_incl_pm12,very_strong,VHL,,,False,not reached in this fold,,24,24,24,0,1.0,,,,,,,,,,,,,,,,,
phastcons,s3_10,in_scope,supporting,BAP1,1.0,4.351541095890411,True,ok,,768,737,146,591,0.19810040705563092,87.0,0.11328125,0.11261872455902307,43.0,40.0,103.0,551.0,0.2945205479452055,0.22661378353881867,0.3729629926603625,0.9323181049069373,0.9091473436443713,0.9499050852382513,0.5180722891566265,4.351541095890411,0.32592051094609675,Moderate
phastcons,s3_10,in_scope,supporting,BARD1,1.0,3.2627646326276465,True,ok,,473,459,66,393,0.1437908496732026,119.0,0.25158562367864695,0.24618736383442266,40.0,73.0,26.0,320.0,0.6060606060606061,0.4854840080039292,0.7149699950538045,0.8142493638676844,0.7728232854861355,0.849591521510133,0.35398230088495575,3.2627646326276465,0.2660708845333604,Supporting
phastcons,s3_10,in_scope,supporting,BRCA1,1.0,5.216216216216217,True,ok,,530,490,104,386,0.21224489795918366,94.0,0.17735849056603772,0.1816326530612245,52.0,37.0,52.0,349.0,0.5,0.40563189843430686,0.5943681015656932,0.9041450777202072,0.870669196653346,0.9296561482800236,0.5842696629213483,5.216216216216217,0.3669201520912548,Moderate
phastcons,s3_10,in_scope,supporting,BRCA2,1.0,7.777777777777779,True,ok,,551,529,69,460,0.13043478260869565,27.0,0.04900181488203267,0.04914933837429111,14.0,12.0,55.0,448.0,0.2028985507246377,0.12489333067903491,0.31224040244779294,0.9739130434782609,0.9549609826096739,0.985015364283766,0.5384615384615384,7.777777777777779,0.46357615894039733,Moderate
phastcons,s3_10,in_scope,supporting,PALB2,1.0,2.5080928923293455,True,ok,,501,411,87,324,0.2116788321167883,96.0,0.19161676646706588,0.19951338199513383,33.0,49.0,54.0,275.0,0.3793103448275862,0.2845042271336969,0.4843237917838494,0.8487654320987654,0.8056816057598238,0.8836759904788077,0.4024390243902439,2.5080928923293455,0.2179416620803522,Supporting
phastcons,s3_10,in_scope,supporting,RAD51C,1.0,3.5517676767676765,True,ok,,384,379,88,291,0.23218997361477572,114.0,0.296875,0.2955145118733509,58.0,54.0,30.0,237.0,0.6590909090909091,0.5552645553272387,0.7496086507339318,0.8144329896907216,0.7657732310208588,0.8548993186672439,0.5178571428571429,3.5517676767676765,0.28296952016899707,Supporting
phastcons,s3_10,in_scope,supporting,VHL,1.0,,True,ok,,83,70,10,60,0.14285714285714285,3.0,0.03614457831325301,0.04285714285714286,3.0,0.0,7.0,60.0,0.3,0.10779126740630099,0.6032218525388546,1.0,0.93982814785791,1.0,1.0,,,not evaluable
phastcons,s3_10,in_scope,moderate,BAP1,,,False,not reached in this fold,,768,737,146,591,0.19810040705563092,,,,,,,,,,,,,,,,,
phastcons,s3_10,in_scope,moderate,BARD1,,,False,not reached in this fold,,473,459,66,393,0.1437908496732026,,,,,,,,,,,,,,,,,
phastcons,s3_10,in_scope,moderate,BRCA1,,,False,not reached in this fold,,530,490,104,386,0.21224489795918366,,,,,,,,,,,,,,,,,
phastcons,s3_10,in_scope,moderate,BRCA2,,,False,not reached in this fold,,551,529,69,460,0.13043478260869565,,,,,,,,,,,,,,,,,
phastcons,s3_10,in_scope,moderate,PALB2,,,False,not reached in this fold,,501,411,87,324,0.2116788321167883,,,,,,,,,,,,,,,,,
phastcons,s3_10,in_scope,moderate,RAD51C,,,False,not reached in this fold,,384,379,88,291,0.23218997361477572,,,,,,,,,,,,,,,,,
phastcons,s3_10,in_scope,moderate,VHL,,,False,not reached in this fold,,83,70,10,60,0.14285714285714285,,,,,,,,,,,,,,,,,
phastcons,s3_10,in_scope,strong,BAP1,,,False,not reached in this fold,,768,737,146,591,0.19810040705563092,,,,,,,,,,,,,,,,,
phastcons,s3_10,in_scope,strong,BARD1,,,False,not reached in this fold,,473,459,66,393,0.1437908496732026,,,,,,,,,,,,,,,,,
phastcons,s3_10,in_scope,strong,BRCA1,,,False,not reached in this fold,,530,490,104,386,0.21224489795918366,,,,,,,,,,,,,,,,,
phastcons,s3_10,in_scope,strong,BRCA2,,,False,not reached in this fold,,551,529,69,460,0.13043478260869565,,,,,,,,,,,,,,,,,
phastcons,s3_10,in_scope,strong,PALB2,,,False,not reached in this fold,,501,411,87,324,0.2116788321167883,,,,,,,,,,,,,,,,,
phastcons,s3_10,in_scope,strong,RAD51C,,,False,not reached in this fold,,384,379,88,291,0.23218997361477572,,,,,,,,,,,,,,,,,
phastcons,s3_10,in_scope,strong,VHL,,,False,not reached in this fold,,83,70,10,60,0.14285714285714285,,,,,,,,,,,,,,,,,
phastcons,s3_10,in_scope,very_strong,BAP1,,,False,not reached in this fold,,768,737,146,591,0.19810040705563092,,,,,,,,,,,,,,,,,
phastcons,s3_10,in_scope,very_strong,BARD1,,,False,not reached in this fold,,473,459,66,393,0.1437908496732026,,,,,,,,,,,,,,,,,
phastcons,s3_10,in_scope,very_strong,BRCA1,,,False,not reached in this fold,,530,490,104,386,0.21224489795918366,,,,,,,,,,,,,,,,,
phastcons,s3_10,in_scope,very_strong,BRCA2,,,False,not reached in this fold,,551,529,69,460,0.13043478260869565,,,,,,,,,,,,,,,,,
phastcons,s3_10,in_scope,very_strong,PALB2,,,False,not reached in this fold,,501,411,87,324,0.2116788321167883,,,,,,,,,,,,,,,,,
phastcons,s3_10,in_scope,very_strong,RAD51C,,,False,not reached in this fold,,384,379,88,291,0.23218997361477572,,,,,,,,,,,,,,,,,
phastcons,s3_10,in_scope,very_strong,VHL,,,False,not reached in this fold,,83,70,10,60,0.14285714285714285,,,,,,,,,,,,,,,,,
phastcons,s11_50,in_scope,supporting,BAP1,,,False,not reached in this fold,,1500,1453,137,1316,0.09428768066070199,,,,,,,,,,,,,,,,,
phastcons,s11_50,in_scope,supporting,BARD1,0.968504,0.9758454106280193,True,ok,,1458,1435,21,1414,0.014634146341463415,144.0,0.09876543209876543,0.0975609756097561,2.0,138.0,19.0,1276.0,0.09523809523809523,0.02651876743807452,0.2891413907391826,0.9024045261669024,0.8858286368786094,0.9167998889838974,0.014285714285714285,0.9758454106280193,0.09782082324455207,below supporting
phastcons,s11_50,in_scope,supporting,BRCA1,,,False,not reached in this fold,,361,345,3,342,0.008695652173913044,,,,,,,,,,,,,,,,,
phastcons,s11_50,in_scope,supporting,PALB2,,,False,not reached in this fold,,540,464,15,449,0.032327586206896554,,,,,,,,,,,,,,,,,
phastcons,s11_50,in_scope,supporting,RAD51C,,,False,not reached in this fold,,768,765,36,729,0.047058823529411764,,,,,,,,,,,,,,,,,
phastcons,s11_50,in_scope,supporting,VHL,,,False,not reached in this fold,,80,75,13,62,0.17333333333333334,,,,,,,,,,,,,,,,,
phastcons,s11_50,in_scope,moderate,BAP1,,,False,not reached in this fold,,1500,1453,137,1316,0.09428768066070199,,,,,,,,,,,,,,,,,
phastcons,s11_50,in_scope,moderate,BARD1,,,False,not reached in this fold,,1458,1435,21,1414,0.014634146341463415,,,,,,,,,,,,,,,,,
phastcons,s11_50,in_scope,moderate,BRCA1,,,False,not reached in this fold,,361,345,3,342,0.008695652173913044,,,,,,,,,,,,,,,,,
phastcons,s11_50,in_scope,moderate,PALB2,,,False,not reached in this fold,,540,464,15,449,0.032327586206896554,,,,,,,,,,,,,,,,,
phastcons,s11_50,in_scope,moderate,RAD51C,,,False,not reached in this fold,,768,765,36,729,0.047058823529411764,,,,,,,,,,,,,,,,,
phastcons,s11_50,in_scope,moderate,VHL,,,False,not reached in this fold,,80,75,13,62,0.17333333333333334,,,,,,,,,,,,,,,,,
phastcons,s11_50,in_scope,strong,BAP1,,,False,not reached in this fold,,1500,1453,137,1316,0.09428768066070199,,,,,,,,,,,,,,,,,
phastcons,s11_50,in_scope,strong,BARD1,,,False,not reached in this fold,,1458,1435,21,1414,0.014634146341463415,,,,,,,,,,,,,,,,,
phastcons,s11_50,in_scope,strong,BRCA1,,,False,not reached in this fold,,361,345,3,342,0.008695652173913044,,,,,,,,,,,,,,,,,
phastcons,s11_50,in_scope,strong,PALB2,,,False,not reached in this fold,,540,464,15,449,0.032327586206896554,,,,,,,,,,,,,,,,,
phastcons,s11_50,in_scope,strong,RAD51C,,,False,not reached in this fold,,768,765,36,729,0.047058823529411764,,,,,,,,,,,,,,,,,
phastcons,s11_50,in_scope,strong,VHL,,,False,not reached in this fold,,80,75,13,62,0.17333333333333334,,,,,,,,,,,,,,,,,
phastcons,s11_50,in_scope,very_strong,BAP1,,,False,not reached in this fold,,1500,1453,137,1316,0.09428768066070199,,,,,,,,,,,,,,,,,
phastcons,s11_50,in_scope,very_strong,BARD1,,,False,not reached in this fold,,1458,1435,21,1414,0.014634146341463415,,,,,,,,,,,,,,,,,
phastcons,s11_50,in_scope,very_strong,BRCA1,,,False,not reached in this fold,,361,345,3,342,0.008695652173913044,,,,,,,,,,,,,,,,,
phastcons,s11_50,in_scope,very_strong,PALB2,,,False,not reached in this fold,,540,464,15,449,0.032327586206896554,,,,,,,,,,,,,,,,,
phastcons,s11_50,in_scope,very_strong,RAD51C,,,False,not reached in this fold,,768,765,36,729,0.047058823529411764,,,,,,,,,,,,,,,,,
phastcons,s11_50,in_scope,very_strong,VHL,,,False,not reached in this fold,,80,75,13,62,0.17333333333333334,,,,,,,,,,,,,,,,,
phastcons,s3_50,in_scope,supporting,BAP1,1.0,4.610563511251628,True,ok,,2268,2190,283,1907,0.12922374429223743,132.0,0.0582010582010582,0.058447488584474884,52.0,76.0,231.0,1831.0,0.18374558303886926,0.14296369188218963,0.23299820450499306,0.9601468274777137,0.9504023873873628,0.968041155847839,0.40625,4.610563511251628,0.33874890686488857,Moderate
phastcons,s3_50,in_scope,supporting,BARD1,1.0,5.192528735632184,True,ok,,1931,1894,87,1807,0.04593453009503696,212.0,0.10978767477990678,0.10823653643083421,41.0,164.0,46.0,1643.0,0.47126436781609193,0.36982264609147514,0.5751364060317501,0.9092418372993912,0.8951143020647586,0.9216330684991972,0.2,5.192528735632184,0.3658635351285685,Moderate
phastcons,s3_50,in_scope,supporting,BRCA1,1.0,9.56201060873958,True,ok,,891,835,107,728,0.1281437125748503,94.0,0.10549943883277217,0.10658682634730539,52.0,37.0,55.0,691.0,0.48598130841121495,0.39342020925846743,0.5795141058261705,0.9491758241758241,0.9307315119890357,0.9629046603232986,0.5842696629213483,9.56201060873958,0.5151387320206295,Moderate
phastcons,s3_50,in_scope,supporting,BRCA2,1.0,7.777777777777779,True,ok,,551,529,69,460,0.13043478260869565,27.0,0.04900181488203267,0.04914933837429111,14.0,12.0,55.0,448.0,0.2028985507246377,0.12489333067903491,0.31224040244779294,0.9739130434782609,0.9549609826096739,0.985015364283766,0.5384615384615384,7.777777777777779,0.46357615894039733,Moderate
phastcons,s3_50,in_scope,supporting,PALB2,1.0,4.1681372549019615,True,ok,,1041,875,102,773,0.11657142857142858,108.0,0.1037463976945245,0.10628571428571429,33.0,60.0,69.0,713.0,0.3235294117647059,0.24057906530881729,0.4192895683899344,0.9223803363518758,0.9013603018395314,0.9392230534712226,0.3548387096774194,4.1681372549019615,0.316532032907717,Supporting
phastcons,s3_50,in_scope,supporting,RAD51C,0.992126,4.474838709677419,True,ok,,1152,1144,124,1020,0.10839160839160839,195.0,0.16927083333333334,0.1687062937062937,68.0,125.0,56.0,895.0,0.5483870967741935,0.46065500744902865,0.6332112555825186,0.8774509803921569,0.8558987047954555,0.8961708596534387,0.35233160621761656,4.474838709677419,0.33208848032174665,Moderate
phastcons,s3_50,in_scope,supporting,VHL,1.0,,True,ok,,163,145,23,122,0.15862068965517243,6.0,0.03680981595092025,0.041379310344827586,3.0,3.0,20.0,119.0,0.13043478260869565,0.04537659093631238,0.32127482270095964,0.9754098360655737,0.93019240156411,0.9916023796397794,0.5,,,not evaluable
phastcons,s3_50,in_scope,moderate,BAP1,1.0,4.610563511251628,True,ok,,2268,2190,283,1907,0.12922374429223743,132.0,0.0582010582010582,0.058447488584474884,52.0,76.0,231.0,1831.0,0.18374558303886926,0.14296369188218963,0.23299820450499306,0.9601468274777137,0.9504023873873628,0.968041155847839,0.40625,4.610563511251628,0.33874890686488857,Moderate
phastcons,s3_50,in_scope,moderate,BARD1,1.0,5.192528735632184,True,ok,,1931,1894,87,1807,0.04593453009503696,212.0,0.10978767477990678,0.10823653643083421,41.0,164.0,46.0,1643.0,0.47126436781609193,0.36982264609147514,0.5751364060317501,0.9092418372993912,0.8951143020647586,0.9216330684991972,0.2,5.192528735632184,0.3658635351285685,Moderate
phastcons,s3_50,in_scope,moderate,BRCA1,,,False,not reached in this fold,,891,835,107,728,0.1281437125748503,,,,,,,,,,,,,,,,,
phastcons,s3_50,in_scope,moderate,BRCA2,,,False,not reached in this fold,,551,529,69,460,0.13043478260869565,,,,,,,,,,,,,,,,,
phastcons,s3_50,in_scope,moderate,PALB2,,,False,not reached in this fold,,1041,875,102,773,0.11657142857142858,,,,,,,,,,,,,,,,,
phastcons,s3_50,in_scope,moderate,RAD51C,,,False,not reached in this fold,,1152,1144,124,1020,0.10839160839160839,,,,,,,,,,,,,,,,,
phastcons,s3_50,in_scope,moderate,VHL,,,False,not reached in this fold,,163,145,23,122,0.15862068965517243,,,,,,,,,,,,,,,,,
phastcons,s3_50,in_scope,strong,BAP1,,,False,not reached in this fold,,2268,2190,283,1907,0.12922374429223743,,,,,,,,,,,,,,,,,
phastcons,s3_50,in_scope,strong,BARD1,,,False,not reached in this fold,,1931,1894,87,1807,0.04593453009503696,,,,,,,,,,,,,,,,,
phastcons,s3_50,in_scope,strong,BRCA1,,,False,not reached in this fold,,891,835,107,728,0.1281437125748503,,,,,,,,,,,,,,,,,
phastcons,s3_50,in_scope,strong,BRCA2,,,False,not reached in this fold,,551,529,69,460,0.13043478260869565,,,,,,,,,,,,,,,,,
phastcons,s3_50,in_scope,strong,PALB2,,,False,not reached in this fold,,1041,875,102,773,0.11657142857142858,,,,,,,,,,,,,,,,,
phastcons,s3_50,in_scope,strong,RAD51C,,,False,not reached in this fold,,1152,1144,124,1020,0.10839160839160839,,,,,,,,,,,,,,,,,
phastcons,s3_50,in_scope,strong,VHL,,,False,not reached in this fold,,163,145,23,122,0.15862068965517243,,,,,,,,,,,,,,,,,
phastcons,s3_50,in_scope,very_strong,BAP1,,,False,not reached in this fold,,2268,2190,283,1907,0.12922374429223743,,,,,,,,,,,,,,,,,
phastcons,s3_50,in_scope,very_strong,BARD1,,,False,not reached in this fold,,1931,1894,87,1807,0.04593453009503696,,,,,,,,,,,,,,,,,
phastcons,s3_50,in_scope,very_strong,BRCA1,,,False,not reached in this fold,,891,835,107,728,0.1281437125748503,,,,,,,,,,,,,,,,,
phastcons,s3_50,in_scope,very_strong,BRCA2,,,False,not reached in this fold,,551,529,69,460,0.13043478260869565,,,,,,,,,,,,,,,,,
phastcons,s3_50,in_scope,very_strong,PALB2,,,False,not reached in this fold,,1041,875,102,773,0.11657142857142858,,,,,,,,,,,,,,,,,
phastcons,s3_50,in_scope,very_strong,RAD51C,,,False,not reached in this fold,,1152,1144,124,1020,0.10839160839160839,,,,,,,,,,,,,,,,,
phastcons,s3_50,in_scope,very_strong,VHL,,,False,not reached in this fold,,163,145,23,122,0.15862068965517243,,,,,,,,,,,,,,,,,
phastcons,pm12,out_of_scope_incl_pm12,supporting,BAP1,,,False,not reached in this fold,,192,192,177,15,0.921875,,,,,,,,,,,,,,,,,
phastcons,pm12,out_of_scope_incl_pm12,supporting,BARD1,,,False,not reached in this fold,,119,119,119,0,1.0,,,,,,,,,,,,,,,,,
phastcons,pm12,out_of_scope_incl_pm12,supporting,BRCA1,,,False,not reached in this fold,,143,135,128,7,0.9481481481481482,,,,,,,,,,,,,,,,,
phastcons,pm12,out_of_scope_incl_pm12,supporting,BRCA2,,,False,not reached in this fold,,138,134,121,13,0.9029850746268657,,,,,,,,,,,,,,,,,
phastcons,pm12,out_of_scope_incl_pm12,supporting,PALB2,,,False,not reached in this fold,,144,141,139,2,0.9858156028368794,,,,,,,,,,,,,,,,,
phastcons,pm12,out_of_scope_incl_pm12,supporting,RAD51C,,,False,not reached in this fold,,96,96,96,0,1.0,,,,,,,,,,,,,,,,,
phastcons,pm12,out_of_scope_incl_pm12,supporting,VHL,,,False,not reached in this fold,,24,24,24,0,1.0,,,,,,,,,,,,,,,,,
phastcons,pm12,out_of_scope_incl_pm12,moderate,BAP1,,,False,not reached in this fold,,192,192,177,15,0.921875,,,,,,,,,,,,,,,,,
phastcons,pm12,out_of_scope_incl_pm12,moderate,BARD1,,,False,not reached in this fold,,119,119,119,0,1.0,,,,,,,,,,,,,,,,,
phastcons,pm12,out_of_scope_incl_pm12,moderate,BRCA1,,,False,not reached in this fold,,143,135,128,7,0.9481481481481482,,,,,,,,,,,,,,,,,
phastcons,pm12,out_of_scope_incl_pm12,moderate,BRCA2,,,False,not reached in this fold,,138,134,121,13,0.9029850746268657,,,,,,,,,,,,,,,,,
phastcons,pm12,out_of_scope_incl_pm12,moderate,PALB2,,,False,not reached in this fold,,144,141,139,2,0.9858156028368794,,,,,,,,,,,,,,,,,
phastcons,pm12,out_of_scope_incl_pm12,moderate,RAD51C,,,False,not reached in this fold,,96,96,96,0,1.0,,,,,,,,,,,,,,,,,
phastcons,pm12,out_of_scope_incl_pm12,moderate,VHL,,,False,not reached in this fold,,24,24,24,0,1.0,,,,,,,,,,,,,,,,,
phastcons,pm12,out_of_scope_incl_pm12,strong,BAP1,,,False,not reached in this fold,,192,192,177,15,0.921875,,,,,,,,,,,,,,,,,
phastcons,pm12,out_of_scope_incl_pm12,strong,BARD1,,,False,not reached in this fold,,119,119,119,0,1.0,,,,,,,,,,,,,,,,,
phastcons,pm12,out_of_scope_incl_pm12,strong,BRCA1,,,False,not reached in this fold,,143,135,128,7,0.9481481481481482,,,,,,,,,,,,,,,,,
phastcons,pm12,out_of_scope_incl_pm12,strong,BRCA2,,,False,not reached in this fold,,138,134,121,13,0.9029850746268657,,,,,,,,,,,,,,,,,
phastcons,pm12,out_of_scope_incl_pm12,strong,PALB2,,,False,not reached in this fold,,144,141,139,2,0.9858156028368794,,,,,,,,,,,,,,,,,
phastcons,pm12,out_of_scope_incl_pm12,strong,RAD51C,,,False,not reached in this fold,,96,96,96,0,1.0,,,,,,,,,,,,,,,,,
phastcons,pm12,out_of_scope_incl_pm12,strong,VHL,,,False,not reached in this fold,,24,24,24,0,1.0,,,,,,,,,,,,,,,,,
phastcons,pm12,out_of_scope_incl_pm12,very_strong,BAP1,,,False,not reached in this fold,,192,192,177,15,0.921875,,,,,,,,,,,,,,,,,
phastcons,pm12,out_of_scope_incl_pm12,very_strong,BARD1,,,False,not reached in this fold,,119,119,119,0,1.0,,,,,,,,,,,,,,,,,
phastcons,pm12,out_of_scope_incl_pm12,very_strong,BRCA1,,,False,not reached in this fold,,143,135,128,7,0.9481481481481482,,,,,,,,,,,,,,,,,
phastcons,pm12,out_of_scope_incl_pm12,very_strong,BRCA2,,,False,not reached in this fold,,138,134,121,13,0.9029850746268657,,,,,,,,,,,,,,,,,
phastcons,pm12,out_of_scope_incl_pm12,very_strong,PALB2,,,False,not reached in this fold,,144,141,139,2,0.9858156028368794,,,,,,,,,,,,,,,,,
phastcons,pm12,out_of_scope_incl_pm12,very_strong,RAD51C,,,False,not reached in this fold,,96,96,96,0,1.0,,,,,,,,,,,,,,,,,
phastcons,pm12,out_of_scope_incl_pm12,very_strong,VHL,,,False,not reached in this fold,,24,24,24,0,1.0,,,,,,,,,,,,,,,,,
gpn_msa,s3_10,in_scope,supporting,BAP1,7.48,4.938493150684931,True,ok,,768,737,146,591,0.19810040705563092,112.0,0.14583333333333334,0.15061058344640435,61.0,50.0,85.0,541.0,0.4178082191780822,0.3409187965919966,0.4989119138876759,0.9153976311336718,0.8901909927496638,0.9352390318714083,0.5495495495495496,4.938493150684931,0.35430610018574754,Moderate
gpn_msa,s3_10,in_scope,supporting,BARD1,7.47,5.749216300940439,True,ok,,473,459,66,393,0.1437908496732026,60.0,0.12684989429175475,0.12418300653594772,28.0,29.0,38.0,364.0,0.42424242424242425,0.3124251014854188,0.5443934677590571,0.926208651399491,0.8960326078066574,0.948133223544557,0.49122807017543857,5.749216300940439,0.389798087141339,Moderate
gpn_msa,s3_10,in_scope,supporting,BRCA1,7.07,6.748251748251748,True,ok,,530,490,104,386,0.21224489795918366,71.0,0.1339622641509434,0.12653061224489795,40.0,22.0,64.0,364.0,0.38461538461538464,0.2968126300610473,0.48063845171721087,0.9430051813471503,0.9152161925063752,0.9620635125167415,0.6451612903225806,6.748251748251748,0.4285079928952043,Moderate
gpn_msa,s3_10,in_scope,supporting,BRCA2,7.58,6.969696969696969,True,ok,,551,529,69,460,0.13043478260869565,47.0,0.0852994555353902,0.08506616257088846,23.0,22.0,46.0,438.0,0.3333333333333333,0.2335105070168671,0.4507352457128168,0.9521739130434783,0.9286511097100126,0.9682070561332695,0.5111111111111111,6.969696969696969,0.43643263757115747,Moderate
gpn_msa,s3_10,in_scope,supporting,PALB2,7.46,4.600405679513185,True,ok,,501,411,87,324,0.2116788321167883,43.0,0.08582834331337326,0.09245742092457421,21.0,17.0,66.0,307.0,0.2413793103448276,0.16364163157594577,0.340989837533082,0.9475308641975309,0.9175878897314207,0.9669860169464692,0.5526315789473685,4.600405679513185,0.33825503355704695,Moderate
gpn_msa,s3_10,in_scope,supporting,RAD51C,7.45,11.390151515151516,True,ok,,384,379,88,291,0.23218997361477572,40.0,0.10416666666666667,0.10554089709762533,31.0,9.0,57.0,282.0,0.3522727272727273,0.2605633194255029,0.4563401320891244,0.9690721649484536,0.9422762975794085,0.9836450470372694,0.775,11.390151515151516,0.5586104402749397,Moderate
gpn_msa,s3_10,in_scope,supporting,VHL,7.54,,True,ok,,83,70,10,60,0.14285714285714285,8.0,0.0963855421686747,0.1,3.0,4.0,7.0,56.0,0.3,0.10779126740630099,0.6032218525388546,0.9333333333333333,0.8407464268680283,0.9737713012754938,0.42857142857142855,,,not evaluable
gpn_msa,s3_10,in_scope,moderate,BAP1,9.18,6.817591925018025,True,ok,,768,737,146,591,0.19810040705563092,51.0,0.06640625,0.06919945725915876,32.0,19.0,114.0,572.0,0.2191780821917808,0.15974944798088236,0.2930054794913317,0.9678510998307953,0.9503359432581288,0.9793235345737509,0.6274509803921569,6.817591925018025,0.43101326405032137,Moderate
gpn_msa,s3_10,in_scope,moderate,BARD1,8.79,7.6558441558441555,True,ok,,473,459,66,393,0.1437908496732026,32.0,0.06765327695560254,0.06971677559912855,18.0,14.0,48.0,379.0,0.2727272727272727,0.18003344995588672,0.3904222577775411,0.9643765903307888,0.9410994746101755,0.9786632968620432,0.5625,7.6558441558441555,0.45964912280701753,Moderate
gpn_msa,s3_10,in_scope,moderate,BRCA1,9.13,6.80448717948718,True,ok,,530,490,104,386,0.21224489795918366,20.0,0.03773584905660377,0.03469387755102041,11.0,6.0,93.0,380.0,0.10576923076923077,0.06009334538596818,0.17953118402308044,0.9844559585492227,0.9665072948735048,0.9928570609120085,0.6470588235294118,6.80448717948718,0.4305414723179883,Moderate
gpn_msa,s3_10,in_scope,moderate,BRCA2,9.84,,True,ok,,551,529,69,460,0.13043478260869565,8.0,0.014519056261343012,0.015122873345935728,5.0,3.0,64.0,457.0,0.07246376811594203,0.03134777142998149,0.1586739420939903,0.9934782608695653,0.981003117848234,0.9977795919903479,0.625,,,not evaluable
gpn_msa,s3_10,in_scope,moderate,PALB2,9.04,11.172413793103448,True,ok,,501,411,87,324,0.2116788321167883,13.0,0.02594810379241517,0.029197080291970802,9.0,3.0,78.0,321.0,0.10344827586206896,0.05538511033788457,0.18504980896262468,0.9907407407407407,0.9731349254795066,0.9968461170155588,0.75,11.172413793103448,0.5538461538461538,Moderate
gpn_msa,s3_10,in_scope,moderate,RAD51C,9.13,56.409090909090914,True,ok,,384,379,88,291,0.23218997361477572,17.0,0.044270833333333336,0.044854881266490766,17.0,0.0,71.0,291.0,0.19318181818181818,0.12425957732106706,0.2877706681323895,1.0,0.9869711036023928,1.0,1.0,56.409090909090914,0.862404447533009,Strong
gpn_msa,s3_10,in_scope,moderate,VHL,9.01,,True,ok,,83,70,10,60,0.14285714285714285,6.0,0.07228915662650602,0.07142857142857142,3.0,2.0,7.0,58.0,0.3,0.10779126740630099,0.6032218525388546,0.9666666666666667,0.886362257256914,0.9908106807438021,0.6,,,not evaluable
gpn_msa,s3_10,in_scope,strong,BAP1,,,False,not reached in this fold,,768,737,146,591,0.19810040705563092,,,,,,,,,,,,,,,,,
gpn_msa,s3_10,in_scope,strong,BARD1,,,False,not reached in this fold,,473,459,66,393,0.1437908496732026,,,,,,,,,,,,,,,,,
gpn_msa,s3_10,in_scope,strong,BRCA1,,,False,not reached in this fold,,530,490,104,386,0.21224489795918366,,,,,,,,,,,,,,,,,
gpn_msa,s3_10,in_scope,strong,BRCA2,,,False,not reached in this fold,,551,529,69,460,0.13043478260869565,,,,,,,,,,,,,,,,,
gpn_msa,s3_10,in_scope,strong,PALB2,,,False,not reached in this fold,,501,411,87,324,0.2116788321167883,,,,,,,,,,,,,,,,,
gpn_msa,s3_10,in_scope,strong,RAD51C,,,False,not reached in this fold,,384,379,88,291,0.23218997361477572,,,,,,,,,,,,,,,,,
gpn_msa,s3_10,in_scope,strong,VHL,,,False,not reached in this fold,,83,70,10,60,0.14285714285714285,,,,,,,,,,,,,,,,,
gpn_msa,s3_10,in_scope,very_strong,BAP1,,,False,not reached in this fold,,768,737,146,591,0.19810040705563092,,,,,,,,,,,,,,,,,
gpn_msa,s3_10,in_scope,very_strong,BARD1,,,False,not reached in this fold,,473,459,66,393,0.1437908496732026,,,,,,,,,,,,,,,,,
gpn_msa,s3_10,in_scope,very_strong,BRCA1,,,False,not reached in this fold,,530,490,104,386,0.21224489795918366,,,,,,,,,,,,,,,,,
gpn_msa,s3_10,in_scope,very_strong,BRCA2,,,False,not reached in this fold,,551,529,69,460,0.13043478260869565,,,,,,,,,,,,,,,,,
gpn_msa,s3_10,in_scope,very_strong,PALB2,,,False,not reached in this fold,,501,411,87,324,0.2116788321167883,,,,,,,,,,,,,,,,,
gpn_msa,s3_10,in_scope,very_strong,RAD51C,,,False,not reached in this fold,,384,379,88,291,0.23218997361477572,,,,,,,,,,,,,,,,,
gpn_msa,s3_10,in_scope,very_strong,VHL,,,False,not reached in this fold,,83,70,10,60,0.14285714285714285,,,,,,,,,,,,,,,,,
gpn_msa,s11_50,in_scope,supporting,BAP1,6.49,3.107771575783598,True,ok,,1500,1453,137,1316,0.09428768066070199,94.0,0.06266666666666666,0.06194081211286993,22.0,68.0,115.0,1248.0,0.16058394160583941,0.108504010631574,0.2311790572753077,0.9483282674772037,0.9350098708488959,0.9590369043254154,0.24444444444444444,3.107771575783598,0.25667576864427816,Supporting
gpn_msa,s11_50,in_scope,supporting,BARD1,6.26,2.927536231884058,True,ok,,1458,1435,21,1414,0.014634146341463415,49.0,0.033607681755829906,0.033449477351916376,2.0,46.0,19.0,1368.0,0.09523809523809523,0.02651876743807452,0.2891413907391826,0.9674681753889675,0.9568808181699192,0.9755224429814288,0.041666666666666664,2.927536231884058,0.24544349939246657,Supporting
gpn_msa,s11_50,in_scope,supporting,BRCA1,6.62,,True,ok,,361,345,3,342,0.008695652173913044,5.0,0.013850415512465374,0.014492753623188406,0.0,5.0,3.0,337.0,0.0,0.0,0.5614970317550454,0.9853801169590644,0.9662379264623404,0.993739518497865,0.0,,,not evaluable
gpn_msa,s11_50,in_scope,supporting,PALB2,6.73,6.651851851851851,True,ok,,540,464,15,449,0.032327586206896554,32.0,0.05925925925925926,0.04741379310344827,4.0,18.0,11.0,431.0,0.26666666666666666,0.10897453325692374,0.5195043405598057,0.9599109131403119,0.9375253300674634,0.9744936380622423,0.18181818181818182,6.651851851851851,0.42498816848083293,Moderate
gpn_msa,s11_50,in_scope,supporting,RAD51C,6.69,5.451923076923077,True,ok,,768,765,36,729,0.047058823529411764,33.0,0.04296875,0.043137254901960784,7.0,26.0,29.0,703.0,0.19444444444444445,0.09753095418928728,0.3502804299517739,0.9643347050754458,0.9482548691796481,0.9755465777109856,0.21212121212121213,5.451923076923077,0.3772455089820359,Moderate
gpn_msa,s11_50,in_scope,supporting,VHL,6.55,2.5680473372781063,True,ok,,80,75,13,62,0.17333333333333334,20.0,0.25,0.26666666666666666,7.0,13.0,6.0,49.0,0.5384615384615384,0.29143795714506004,0.7679393219046169,0.7903225806451613,0.6736078510298068,0.8731601071048801,0.35,2.5680473372781063,0.22199488491048594,Supporting
gpn_msa,s11_50,in_scope,moderate,BAP1,7.07,3.3411615360203113,True,ok,,1500,1453,137,1316,0.09428768066070199,62.0,0.04133333333333333,0.042670337233310394,16.0,46.0,121.0,1270.0,0.11678832116788321,0.07317902765189392,0.18130185546877897,0.9650455927051672,0.9536914401173144,0.9736926724363779,0.25806451612903225,3.3411615360203113,0.2707331498958521,Supporting
gpn_msa,s11_50,in_scope,moderate,BARD1,,,False,not reached in this fold,,1458,1435,21,1414,0.014634146341463415,,,,,,,,,,,,,,,,,
gpn_msa,s11_50,in_scope,moderate,BRCA1,,,False,not reached in this fold,,361,345,3,342,0.008695652173913044,,,,,,,,,,,,,,,,,
gpn_msa,s11_50,in_scope,moderate,PALB2,,,False,not reached in this fold,,540,464,15,449,0.032327586206896554,,,,,,,,,,,,,,,,,
gpn_msa,s11_50,in_scope,moderate,RAD51C,,,False,not reached in this fold,,768,765,36,729,0.047058823529411764,,,,,,,,,,,,,,,,,
gpn_msa,s11_50,in_scope,moderate,VHL,,,False,not reached in this fold,,80,75,13,62,0.17333333333333334,,,,,,,,,,,,,,,,,
gpn_msa,s11_50,in_scope,strong,BAP1,,,False,not reached in this fold,,1500,1453,137,1316,0.09428768066070199,,,,,,,,,,,,,,,,,
gpn_msa,s11_50,in_scope,strong,BARD1,,,False,not reached in this fold,,1458,1435,21,1414,0.014634146341463415,,,,,,,,,,,,,,,,,
gpn_msa,s11_50,in_scope,strong,BRCA1,,,False,not reached in this fold,,361,345,3,342,0.008695652173913044,,,,,,,,,,,,,,,,,
gpn_msa,s11_50,in_scope,strong,PALB2,,,False,not reached in this fold,,540,464,15,449,0.032327586206896554,,,,,,,,,,,,,,,,,
gpn_msa,s11_50,in_scope,strong,RAD51C,,,False,not reached in this fold,,768,765,36,729,0.047058823529411764,,,,,,,,,,,,,,,,,
gpn_msa,s11_50,in_scope,strong,VHL,,,False,not reached in this fold,,80,75,13,62,0.17333333333333334,,,,,,,,,,,,,,,,,
gpn_msa,s11_50,in_scope,very_strong,BAP1,,,False,not reached in this fold,,1500,1453,137,1316,0.09428768066070199,,,,,,,,,,,,,,,,,
gpn_msa,s11_50,in_scope,very_strong,BARD1,,,False,not reached in this fold,,1458,1435,21,1414,0.014634146341463415,,,,,,,,,,,,,,,,,
gpn_msa,s11_50,in_scope,very_strong,BRCA1,,,False,not reached in this fold,,361,345,3,342,0.008695652173913044,,,,,,,,,,,,,,,,,
gpn_msa,s11_50,in_scope,very_strong,PALB2,,,False,not reached in this fold,,540,464,15,449,0.032327586206896554,,,,,,,,,,,,,,,,,
gpn_msa,s11_50,in_scope,very_strong,RAD51C,,,False,not reached in this fold,,768,765,36,729,0.047058823529411764,,,,,,,,,,,,,,,,,
gpn_msa,s11_50,in_scope,very_strong,VHL,,,False,not reached in this fold,,80,75,13,62,0.17333333333333334,,,,,,,,,,,,,,,,,
gpn_msa,s3_50,in_scope,supporting,BAP1,6.88,5.092466215304938,True,ok,,2268,2190,283,1907,0.12922374429223743,233.0,0.1027336860670194,0.1050228310502283,99.0,131.0,184.0,1776.0,0.3498233215547703,0.2966070302102469,0.4070620267333873,0.9313057157839538,0.9190647811370987,0.941812500128945,0.43043478260869567,5.092466215304938,0.3613608957795004,Moderate
gpn_msa,s3_50,in_scope,supporting,BARD1,6.9,13.025326319890901,True,ok,,1931,1894,87,1807,0.04593453009503696,99.0,0.05126877265665458,0.050686378035902854,37.0,59.0,50.0,1748.0,0.42528735632183906,0.32673240969978695,0.5301611258205987,0.9673491975650249,0.9581124342757156,0.9746031227780515,0.3854166666666667,13.025326319890901,0.5913794933484291,Moderate
gpn_msa,s3_50,in_scope,supporting,BRCA1,7.18,10.353514831369361,True,ok,,891,835,107,728,0.1281437125748503,67.0,0.07519640852974187,0.06946107784431138,35.0,23.0,72.0,705.0,0.32710280373831774,0.245549576747442,0.42064030929642443,0.9684065934065934,0.9530389771811426,0.9788568477684171,0.603448275862069,10.353514831369361,0.5349681916479456,Moderate
gpn_msa,s3_50,in_scope,supporting,BRCA2,6.53,4.920634920634921,True,ok,,551,529,69,460,0.13043478260869565,76.0,0.13793103448275862,0.13799621928166353,31.0,42.0,38.0,418.0,0.4492753623188406,0.33768855629243716,0.5662123249731188,0.908695652173913,0.8788801855757583,0.9317416181672081,0.4246575342465753,4.920634920634921,0.35347776510832385,Moderate
gpn_msa,s3_50,in_scope,supporting,PALB2,6.54,5.093699774991965,True,ok,,1041,875,102,773,0.11657142857142858,122.0,0.11719500480307397,0.11657142857142858,41.0,61.0,61.0,712.0,0.4019607843137255,0.31204486602704057,0.4989932638055992,0.9210866752910737,0.8999317614165981,0.9380770660065271,0.4019607843137255,5.093699774991965,0.3614167930574404,Moderate
gpn_msa,s3_50,in_scope,supporting,RAD51C,6.89,8.990997749437359,True,ok,,1152,1144,124,1020,0.10839160839160839,90.0,0.078125,0.07867132867132867,47.0,43.0,77.0,977.0,0.3790322580645161,0.2984908135242208,0.46684352889691094,0.957843137254902,0.9436972883627842,0.9685533261765239,0.5222222222222223,8.990997749437359,0.49974981235926946,Moderate
gpn_msa,s3_50,in_scope,supporting,VHL,6.83,3.241545893719807,True,ok,,163,145,23,122,0.15862068965517243,31.0,0.1901840490797546,0.2,11.0,18.0,12.0,104.0,0.4782608695652174,0.29237157416646653,0.6703726266357259,0.8524590163934426,0.7788100522620708,0.9045895269063299,0.3793103448275862,3.241545893719807,0.2647987371744278,Supporting
gpn_msa,s3_50,in_scope,moderate,BAP1,7.61,6.38385716942533,True,ok,,2268,2190,283,1907,0.12922374429223743,149.0,0.06569664902998236,0.06757990867579909,72.0,76.0,211.0,1831.0,0.254416961130742,0.20719663676647307,0.30821511517664635,0.9601468274777137,0.9504023873873628,0.968041155847839,0.4864864864864865,6.38385716942533,0.41497116744641493,Moderate
gpn_msa,s3_50,in_scope,moderate,BARD1,8.39,26.8789722785666,True,ok,,1931,1894,87,1807,0.04593453009503696,40.0,0.020714655618850338,0.020591341077085535,22.0,17.0,65.0,1790.0,0.25287356321839083,0.17333211159075584,0.3533157366689819,0.9905921416712784,0.9849849214987186,0.9941179101509731,0.5641025641025641,26.8789722785666,0.7491566946198059,Strong
gpn_msa,s3_50,in_scope,moderate,BRCA1,8.38,17.495327102803735,True,ok,,891,835,107,728,0.1281437125748503,30.0,0.03367003367003367,0.029940119760479042,18.0,7.0,89.0,721.0,0.16822429906542055,0.10914210865185389,0.250303348351241,0.9903846153846154,0.9802864859663866,0.9953346562828592,0.72,17.495327102803735,0.6603174603174602,Moderate
gpn_msa,s3_50,in_scope,moderate,BRCA2,7.84,5.964912280701755,True,ok,,551,529,69,460,0.13043478260869565,38.0,0.06896551724137931,0.06805293005671077,17.0,19.0,52.0,441.0,0.2463768115942029,0.15989777817017553,0.3596066281576044,0.9586956521739131,0.936393356058436,0.9734002640998934,0.4722222222222222,5.964912280701755,0.3985932004689332,Moderate
gpn_msa,s3_50,in_scope,moderate,PALB2,8.31,6.495798319327732,True,ok,,1041,875,102,773,0.11657142857142858,29.0,0.027857829010566763,0.029714285714285714,12.0,14.0,90.0,759.0,0.11764705882352941,0.06859446738989401,0.19445423895740133,0.981888745148771,0.9698302861606422,0.9891813519810296,0.46153846153846156,6.495798319327732,0.41919739696312364,Moderate
gpn_msa,s3_50,in_scope,moderate,RAD51C,8.43,156.44354838709677,True,ok,,1152,1144,124,1020,0.10839160839160839,19.0,0.016493055555555556,0.016608391608391608,19.0,0.0,105.0,1020.0,0.1532258064516129,0.10034252876653711,0.2269492528407071,1.0,0.996247994464769,1.0,1.0,156.44354838709677,0.9456007799171336,Strong
gpn_msa,s3_50,in_scope,moderate,VHL,8.23,,True,ok,,163,145,23,122,0.15862068965517243,10.0,0.06134969325153374,0.06206896551724138,5.0,4.0,18.0,118.0,0.21739130434782608,0.09663978026586204,0.4190348301626401,0.9672131147540983,0.9187243662061949,0.987177401528662,0.5555555555555556,,,not evaluable
gpn_msa,s3_50,in_scope,strong,BAP1,,,False,not reached in this fold,,2268,2190,283,1907,0.12922374429223743,,,,,,,,,,,,,,,,,
gpn_msa,s3_50,in_scope,strong,BARD1,,,False,not reached in this fold,,1931,1894,87,1807,0.04593453009503696,,,,,,,,,,,,,,,,,
gpn_msa,s3_50,in_scope,strong,BRCA1,,,False,not reached in this fold,,891,835,107,728,0.1281437125748503,,,,,,,,,,,,,,,,,
gpn_msa,s3_50,in_scope,strong,BRCA2,,,False,not reached in this fold,,551,529,69,460,0.13043478260869565,,,,,,,,,,,,,,,,,
gpn_msa,s3_50,in_scope,strong,PALB2,,,False,not reached in this fold,,1041,875,102,773,0.11657142857142858,,,,,,,,,,,,,,,,,
gpn_msa,s3_50,in_scope,strong,RAD51C,,,False,not reached in this fold,,1152,1144,124,1020,0.10839160839160839,,,,,,,,,,,,,,,,,
gpn_msa,s3_50,in_scope,strong,VHL,,,False,not reached in this fold,,163,145,23,122,0.15862068965517243,,,,,,,,,,,,,,,,,
gpn_msa,s3_50,in_scope,very_strong,BAP1,,,False,not reached in this fold,,2268,2190,283,1907,0.12922374429223743,,,,,,,,,,,,,,,,,
gpn_msa,s3_50,in_scope,very_strong,BARD1,,,False,not reached in this fold,,1931,1894,87,1807,0.04593453009503696,,,,,,,,,,,,,,,,,
gpn_msa,s3_50,in_scope,very_strong,BRCA1,,,False,not reached in this fold,,891,835,107,728,0.1281437125748503,,,,,,,,,,,,,,,,,
gpn_msa,s3_50,in_scope,very_strong,BRCA2,,,False,not reached in this fold,,551,529,69,460,0.13043478260869565,,,,,,,,,,,,,,,,,
gpn_msa,s3_50,in_scope,very_strong,PALB2,,,False,not reached in this fold,,1041,875,102,773,0.11657142857142858,,,,,,,,,,,,,,,,,
gpn_msa,s3_50,in_scope,very_strong,RAD51C,,,False,not reached in this fold,,1152,1144,124,1020,0.10839160839160839,,,,,,,,,,,,,,,,,
gpn_msa,s3_50,in_scope,very_strong,VHL,,,False,not reached in this fold,,163,145,23,122,0.15862068965517243,,,,,,,,,,,,,,,,,
gpn_msa,pm12,out_of_scope_incl_pm12,supporting,BAP1,,,False,not reached in this fold,,192,192,177,15,0.921875,,,,,,,,,,,,,,,,,
gpn_msa,pm12,out_of_scope_incl_pm12,supporting,BARD1,,,False,not reached in this fold,,119,119,119,0,1.0,,,,,,,,,,,,,,,,,
gpn_msa,pm12,out_of_scope_incl_pm12,supporting,BRCA1,,,False,not reached in this fold,,143,135,128,7,0.9481481481481482,,,,,,,,,,,,,,,,,
gpn_msa,pm12,out_of_scope_incl_pm12,supporting,BRCA2,,,False,not reached in this fold,,138,134,121,13,0.9029850746268657,,,,,,,,,,,,,,,,,
gpn_msa,pm12,out_of_scope_incl_pm12,supporting,PALB2,,,False,not reached in this fold,,144,141,139,2,0.9858156028368794,,,,,,,,,,,,,,,,,
gpn_msa,pm12,out_of_scope_incl_pm12,supporting,RAD51C,,,False,not reached in this fold,,96,96,96,0,1.0,,,,,,,,,,,,,,,,,
gpn_msa,pm12,out_of_scope_incl_pm12,supporting,VHL,,,False,not reached in this fold,,24,24,24,0,1.0,,,,,,,,,,,,,,,,,
gpn_msa,pm12,out_of_scope_incl_pm12,moderate,BAP1,,,False,not reached in this fold,,192,192,177,15,0.921875,,,,,,,,,,,,,,,,,
gpn_msa,pm12,out_of_scope_incl_pm12,moderate,BARD1,,,False,not reached in this fold,,119,119,119,0,1.0,,,,,,,,,,,,,,,,,
gpn_msa,pm12,out_of_scope_incl_pm12,moderate,BRCA1,,,False,not reached in this fold,,143,135,128,7,0.9481481481481482,,,,,,,,,,,,,,,,,
gpn_msa,pm12,out_of_scope_incl_pm12,moderate,BRCA2,,,False,not reached in this fold,,138,134,121,13,0.9029850746268657,,,,,,,,,,,,,,,,,
gpn_msa,pm12,out_of_scope_incl_pm12,moderate,PALB2,,,False,not reached in this fold,,144,141,139,2,0.9858156028368794,,,,,,,,,,,,,,,,,
gpn_msa,pm12,out_of_scope_incl_pm12,moderate,RAD51C,,,False,not reached in this fold,,96,96,96,0,1.0,,,,,,,,,,,,,,,,,
gpn_msa,pm12,out_of_scope_incl_pm12,moderate,VHL,,,False,not reached in this fold,,24,24,24,0,1.0,,,,,,,,,,,,,,,,,
gpn_msa,pm12,out_of_scope_incl_pm12,strong,BAP1,,,False,not reached in this fold,,192,192,177,15,0.921875,,,,,,,,,,,,,,,,,
gpn_msa,pm12,out_of_scope_incl_pm12,strong,BARD1,,,False,not reached in this fold,,119,119,119,0,1.0,,,,,,,,,,,,,,,,,
gpn_msa,pm12,out_of_scope_incl_pm12,strong,BRCA1,,,False,not reached in this fold,,143,135,128,7,0.9481481481481482,,,,,,,,,,,,,,,,,
gpn_msa,pm12,out_of_scope_incl_pm12,strong,BRCA2,,,False,not reached in this fold,,138,134,121,13,0.9029850746268657,,,,,,,,,,,,,,,,,
gpn_msa,pm12,out_of_scope_incl_pm12,strong,PALB2,,,False,not reached in this fold,,144,141,139,2,0.9858156028368794,,,,,,,,,,,,,,,,,
gpn_msa,pm12,out_of_scope_incl_pm12,strong,RAD51C,,,False,not reached in this fold,,96,96,96,0,1.0,,,,,,,,,,,,,,,,,
gpn_msa,pm12,out_of_scope_incl_pm12,strong,VHL,,,False,not reached in this fold,,24,24,24,0,1.0,,,,,,,,,,,,,,,,,
gpn_msa,pm12,out_of_scope_incl_pm12,very_strong,BAP1,,,False,not reached in this fold,,192,192,177,15,0.921875,,,,,,,,,,,,,,,,,
gpn_msa,pm12,out_of_scope_incl_pm12,very_strong,BARD1,,,False,not reached in this fold,,119,119,119,0,1.0,,,,,,,,,,,,,,,,,
gpn_msa,pm12,out_of_scope_incl_pm12,very_strong,BRCA1,,,False,not reached in this fold,,143,135,128,7,0.9481481481481482,,,,,,,,,,,,,,,,,
gpn_msa,pm12,out_of_scope_incl_pm12,very_strong,BRCA2,,,False,not reached in this fold,,138,134,121,13,0.9029850746268657,,,,,,,,,,,,,,,,,
gpn_msa,pm12,out_of_scope_incl_pm12,very_strong,PALB2,,,False,not reached in this fold,,144,141,139,2,0.9858156028368794,,,,,,,,,,,,,,,,,
gpn_msa,pm12,out_of_scope_incl_pm12,very_strong,RAD51C,,,False,not reached in this fold,,96,96,96,0,1.0,,,,,,,,,,,,,,,,,
gpn_msa,pm12,out_of_scope_incl_pm12,very_strong,VHL,,,False,not reached in this fold,,24,24,24,0,1.0,,,,,,,,,,,,,,,,,
nt,s3_10,in_scope,supporting,BAP1,3.6364574432373047,5.765255292652553,True,ok,,768,737,146,591,0.19810040705563092,82.0,0.10677083333333333,0.10854816824966079,47.0,33.0,99.0,558.0,0.3219178082191781,0.25153647806039703,0.4014300613122267,0.9441624365482234,0.9226208344090233,0.9599672774566851,0.5875,5.765255292652553,0.3904609286045629,Moderate
nt,s3_10,in_scope,supporting,BARD1,3.6899900436401367,2.977272727272727,True,ok,,473,459,66,393,0.1437908496732026,12.0,0.02536997885835095,0.026143790849673203,4.0,8.0,62.0,385.0,0.06060606060606061,0.023818614832318334,0.14572908678564217,0.9796437659033079,0.9603516699234181,0.9896498775972026,0.3333333333333333,2.977272727272727,0.24857685009487665,Supporting
nt,s3_10,in_scope,supporting,BRCA1,3.1377859115600586,1.3918269230769231,True,ok,,530,490,104,386,0.21224489795918366,24.0,0.045283018867924525,0.044897959183673466,6.0,16.0,98.0,370.0,0.057692307692307696,0.026706545635334457,0.12018926784798839,0.9585492227979274,0.9337344686666403,0.9743269803923752,0.2727272727272727,1.3918269230769231,0.1339347675225538,below supporting
nt,s3_10,in_scope,supporting,BRCA2,3.7176108360290527,3.3333333333333335,True,ok,,551,529,69,460,0.13043478260869565,18.0,0.032667876588021776,0.034026465028355386,6.0,12.0,63.0,448.0,0.08695652173913043,0.040463621201533975,0.1770149833894218,0.9739130434782609,0.9549609826096739,0.985015364283766,0.3333333333333333,3.3333333333333335,0.2702702702702703,Supporting
nt,s3_10,in_scope,supporting,PALB2,3.5688390731811523,6.206896551724138,True,ok,,501,411,87,324,0.2116788321167883,18.0,0.03592814371257485,0.038929440389294405,10.0,6.0,77.0,318.0,0.11494252873563218,0.06364547795653458,0.19880582049468454,0.9814814814814815,0.9601936661009267,0.9914858472904584,0.625,6.206896551724138,0.40816326530612246,Moderate
nt,s3_10,in_scope,supporting,RAD51C,3.729435443878174,8.267045454545453,True,ok,,384,379,88,291,0.23218997361477572,22.0,0.057291666666666664,0.055408970976253295,15.0,6.0,73.0,285.0,0.17045454545454544,0.1061082211563272,0.26236870914553356,0.979381443298969,0.9557543695802868,0.9905168946982961,0.7142857142857143,8.267045454545453,0.4787759131293189,Moderate
nt,s3_10,in_scope,supporting,VHL,3.250295639038086,,True,ok,,83,70,10,60,0.14285714285714285,5.0,0.060240963855421686,0.07142857142857142,2.0,3.0,8.0,57.0,0.2,0.05668215145437519,0.5098375284633583,0.95,0.8629948352365147,0.9828504978356043,0.4,,,not evaluable
nt,s3_10,in_scope,moderate,BAP1,,,False,not reached in this fold,,768,737,146,591,0.19810040705563092,,,,,,,,,,,,,,,,,
nt,s3_10,in_scope,moderate,BARD1,4.507055282592773,,True,ok,,473,459,66,393,0.1437908496732026,7.0,0.014799154334038054,0.015250544662309368,2.0,5.0,64.0,388.0,0.030303030303030304,0.008349910198653748,0.10392521911709715,0.9872773536895675,0.9705672017827518,0.9945537337620698,0.2857142857142857,,,not evaluable
nt,s3_10,in_scope,moderate,BRCA1,4.438237190246582,,True,ok,,530,490,104,386,0.21224489795918366,1.0,0.0018867924528301887,0.0020408163265306124,1.0,0.0,103.0,386.0,0.009615384615384616,0.0016993728496512567,0.05246772470794581,1.0,0.9901460998214123,1.0,1.0,,,not evaluable
nt,s3_10,in_scope,moderate,BRCA2,4.4537434577941895,,True,ok,,551,529,69,460,0.13043478260869565,5.0,0.009074410163339383,0.00945179584120983,3.0,2.0,66.0,458.0,0.043478260869565216,0.014895903896212308,0.12021202749379145,0.9956521739130435,0.9842876695531518,0.9988068583904458,0.6,,,not evaluable
nt,s3_10,in_scope,moderate,PALB2,4.765555381774902,,True,ok,,501,411,87,324,0.2116788321167883,3.0,0.005988023952095809,0.0072992700729927005,2.0,1.0,85.0,323.0,0.022988505747126436,0.006327085105926007,0.0799931801396141,0.9969135802469136,0.9827270986957413,0.9994549632017777,0.6666666666666666,,,not evaluable
nt,s3_10,in_scope,moderate,RAD51C,5.249199390411377,,True,ok,,384,379,88,291,0.23218997361477572,2.0,0.005208333333333333,0.005277044854881266,1.0,1.0,87.0,290.0,0.011363636363636364,0.0020087853177044694,0.061594938922985634,0.9965635738831615,0.9807946684190737,0.9993931286293506,0.5,,,not evaluable
nt,s3_10,in_scope,moderate,VHL,,,False,not reached in this fold,,83,70,10,60,0.14285714285714285,,,,,,,,,,,,,,,,,
nt,s3_10,in_scope,strong,BAP1,,,False,not reached in this fold,,768,737,146,591,0.19810040705563092,,,,,,,,,,,,,,,,,
nt,s3_10,in_scope,strong,BARD1,,,False,not reached in this fold,,473,459,66,393,0.1437908496732026,,,,,,,,,,,,,,,,,
nt,s3_10,in_scope,strong,BRCA1,,,False,not reached in this fold,,530,490,104,386,0.21224489795918366,,,,,,,,,,,,,,,,,
nt,s3_10,in_scope,strong,BRCA2,,,False,not reached in this fold,,551,529,69,460,0.13043478260869565,,,,,,,,,,,,,,,,,
nt,s3_10,in_scope,strong,PALB2,,,False,not reached in this fold,,501,411,87,324,0.2116788321167883,,,,,,,,,,,,,,,,,
nt,s3_10,in_scope,strong,RAD51C,,,False,not reached in this fold,,384,379,88,291,0.23218997361477572,,,,,,,,,,,,,,,,,
nt,s3_10,in_scope,strong,VHL,,,False,not reached in this fold,,83,70,10,60,0.14285714285714285,,,,,,,,,,,,,,,,,
nt,s3_10,in_scope,very_strong,BAP1,,,False,not reached in this fold,,768,737,146,591,0.19810040705563092,,,,,,,,,,,,,,,,,
nt,s3_10,in_scope,very_strong,BARD1,,,False,not reached in this fold,,473,459,66,393,0.1437908496732026,,,,,,,,,,,,,,,,,
nt,s3_10,in_scope,very_strong,BRCA1,,,False,not reached in this fold,,530,490,104,386,0.21224489795918366,,,,,,,,,,,,,,,,,
nt,s3_10,in_scope,very_strong,BRCA2,,,False,not reached in this fold,,551,529,69,460,0.13043478260869565,,,,,,,,,,,,,,,,,
nt,s3_10,in_scope,very_strong,PALB2,,,False,not reached in this fold,,501,411,87,324,0.2116788321167883,,,,,,,,,,,,,,,,,
nt,s3_10,in_scope,very_strong,RAD51C,,,False,not reached in this fold,,384,379,88,291,0.23218997361477572,,,,,,,,,,,,,,,,,
nt,s3_10,in_scope,very_strong,VHL,,,False,not reached in this fold,,83,70,10,60,0.14285714285714285,,,,,,,,,,,,,,,,,
nt,s11_50,in_scope,supporting,BAP1,,,False,not reached in this fold,,1500,1453,137,1316,0.09428768066070199,,,,,,,,,,,,,,,,,
nt,s11_50,in_scope,supporting,BARD1,,,False,not reached in this fold,,1458,1435,21,1414,0.014634146341463415,,,,,,,,,,,,,,,,,
nt,s11_50,in_scope,supporting,BRCA1,,,False,not reached in this fold,,361,345,3,342,0.008695652173913044,,,,,,,,,,,,,,,,,
nt,s11_50,in_scope,supporting,PALB2,,,False,not reached in this fold,,540,464,15,449,0.032327586206896554,,,,,,,,,,,,,,,,,
nt,s11_50,in_scope,supporting,RAD51C,,,False,not reached in this fold,,768,765,36,729,0.047058823529411764,,,,,,,,,,,,,,,,,
nt,s11_50,in_scope,supporting,VHL,,,False,not reached in this fold,,80,75,13,62,0.17333333333333334,,,,,,,,,,,,,,,,,
nt,s11_50,in_scope,moderate,BAP1,,,False,not reached in this fold,,1500,1453,137,1316,0.09428768066070199,,,,,,,,,,,,,,,,,
nt,s11_50,in_scope,moderate,BARD1,,,False,not reached in this fold,,1458,1435,21,1414,0.014634146341463415,,,,,,,,,,,,,,,,,
nt,s11_50,in_scope,moderate,BRCA1,,,False,not reached in this fold,,361,345,3,342,0.008695652173913044,,,,,,,,,,,,,,,,,
nt,s11_50,in_scope,moderate,PALB2,,,False,not reached in this fold,,540,464,15,449,0.032327586206896554,,,,,,,,,,,,,,,,,
nt,s11_50,in_scope,moderate,RAD51C,,,False,not reached in this fold,,768,765,36,729,0.047058823529411764,,,,,,,,,,,,,,,,,
nt,s11_50,in_scope,moderate,VHL,,,False,not reached in this fold,,80,75,13,62,0.17333333333333334,,,,,,,,,,,,,,,,,
nt,s11_50,in_scope,strong,BAP1,,,False,not reached in this fold,,1500,1453,137,1316,0.09428768066070199,,,,,,,,,,,,,,,,,
nt,s11_50,in_scope,strong,BARD1,,,False,not reached in this fold,,1458,1435,21,1414,0.014634146341463415,,,,,,,,,,,,,,,,,
nt,s11_50,in_scope,strong,BRCA1,,,False,not reached in this fold,,361,345,3,342,0.008695652173913044,,,,,,,,,,,,,,,,,
nt,s11_50,in_scope,strong,PALB2,,,False,not reached in this fold,,540,464,15,449,0.032327586206896554,,,,,,,,,,,,,,,,,
nt,s11_50,in_scope,strong,RAD51C,,,False,not reached in this fold,,768,765,36,729,0.047058823529411764,,,,,,,,,,,,,,,,,
nt,s11_50,in_scope,strong,VHL,,,False,not reached in this fold,,80,75,13,62,0.17333333333333334,,,,,,,,,,,,,,,,,
nt,s11_50,in_scope,very_strong,BAP1,,,False,not reached in this fold,,1500,1453,137,1316,0.09428768066070199,,,,,,,,,,,,,,,,,
nt,s11_50,in_scope,very_strong,BARD1,,,False,not reached in this fold,,1458,1435,21,1414,0.014634146341463415,,,,,,,,,,,,,,,,,
nt,s11_50,in_scope,very_strong,BRCA1,,,False,not reached in this fold,,361,345,3,342,0.008695652173913044,,,,,,,,,,,,,,,,,
nt,s11_50,in_scope,very_strong,PALB2,,,False,not reached in this fold,,540,464,15,449,0.032327586206896554,,,,,,,,,,,,,,,,,
nt,s11_50,in_scope,very_strong,RAD51C,,,False,not reached in this fold,,768,765,36,729,0.047058823529411764,,,,,,,,,,,,,,,,,
nt,s11_50,in_scope,very_strong,VHL,,,False,not reached in this fold,,80,75,13,62,0.17333333333333334,,,,,,,,,,,,,,,,,
nt,s3_50,in_scope,supporting,BAP1,,,False,not reached in this fold,,2268,2190,283,1907,0.12922374429223743,,,,,,,,,,,,,,,,,
nt,s3_50,in_scope,supporting,BARD1,,,False,not reached in this fold,,1931,1894,87,1807,0.04593453009503696,,,,,,,,,,,,,,,,,
nt,s3_50,in_scope,supporting,BRCA1,,,False,not reached in this fold,,891,835,107,728,0.1281437125748503,,,,,,,,,,,,,,,,,
nt,s3_50,in_scope,supporting,BRCA2,,,False,not reached in this fold,,551,529,69,460,0.13043478260869565,,,,,,,,,,,,,,,,,
nt,s3_50,in_scope,supporting,PALB2,,,False,not reached in this fold,,1041,875,102,773,0.11657142857142858,,,,,,,,,,,,,,,,,
nt,s3_50,in_scope,supporting,RAD51C,,,False,not reached in this fold,,1152,1144,124,1020,0.10839160839160839,,,,,,,,,,,,,,,,,
nt,s3_50,in_scope,supporting,VHL,,,False,not reached in this fold,,163,145,23,122,0.15862068965517243,,,,,,,,,,,,,,,,,
nt,s3_50,in_scope,moderate,BAP1,,,False,not reached in this fold,,2268,2190,283,1907,0.12922374429223743,,,,,,,,,,,,,,,,,
nt,s3_50,in_scope,moderate,BARD1,,,False,not reached in this fold,,1931,1894,87,1807,0.04593453009503696,,,,,,,,,,,,,,,,,
nt,s3_50,in_scope,moderate,BRCA1,,,False,not reached in this fold,,891,835,107,728,0.1281437125748503,,,,,,,,,,,,,,,,,
nt,s3_50,in_scope,moderate,BRCA2,,,False,not reached in this fold,,551,529,69,460,0.13043478260869565,,,,,,,,,,,,,,,,,
nt,s3_50,in_scope,moderate,PALB2,,,False,not reached in this fold,,1041,875,102,773,0.11657142857142858,,,,,,,,,,,,,,,,,
nt,s3_50,in_scope,moderate,RAD51C,,,False,not reached in this fold,,1152,1144,124,1020,0.10839160839160839,,,,,,,,,,,,,,,,,
nt,s3_50,in_scope,moderate,VHL,,,False,not reached in this fold,,163,145,23,122,0.15862068965517243,,,,,,,,,,,,,,,,,
nt,s3_50,in_scope,strong,BAP1,,,False,not reached in this fold,,2268,2190,283,1907,0.12922374429223743,,,,,,,,,,,,,,,,,
nt,s3_50,in_scope,strong,BARD1,,,False,not reached in this fold,,1931,1894,87,1807,0.04593453009503696,,,,,,,,,,,,,,,,,
nt,s3_50,in_scope,strong,BRCA1,,,False,not reached in this fold,,891,835,107,728,0.1281437125748503,,,,,,,,,,,,,,,,,
nt,s3_50,in_scope,strong,BRCA2,,,False,not reached in this fold,,551,529,69,460,0.13043478260869565,,,,,,,,,,,,,,,,,
nt,s3_50,in_scope,strong,PALB2,,,False,not reached in this fold,,1041,875,102,773,0.11657142857142858,,,,,,,,,,,,,,,,,
nt,s3_50,in_scope,strong,RAD51C,,,False,not reached in this fold,,1152,1144,124,1020,0.10839160839160839,,,,,,,,,,,,,,,,,
nt,s3_50,in_scope,strong,VHL,,,False,not reached in this fold,,163,145,23,122,0.15862068965517243,,,,,,,,,,,,,,,,,
nt,s3_50,in_scope,very_strong,BAP1,,,False,not reached in this fold,,2268,2190,283,1907,0.12922374429223743,,,,,,,,,,,,,,,,,
nt,s3_50,in_scope,very_strong,BARD1,,,False,not reached in this fold,,1931,1894,87,1807,0.04593453009503696,,,,,,,,,,,,,,,,,
nt,s3_50,in_scope,very_strong,BRCA1,,,False,not reached in this fold,,891,835,107,728,0.1281437125748503,,,,,,,,,,,,,,,,,
nt,s3_50,in_scope,very_strong,BRCA2,,,False,not reached in this fold,,551,529,69,460,0.13043478260869565,,,,,,,,,,,,,,,,,
nt,s3_50,in_scope,very_strong,PALB2,,,False,not reached in this fold,,1041,875,102,773,0.11657142857142858,,,,,,,,,,,,,,,,,
nt,s3_50,in_scope,very_strong,RAD51C,,,False,not reached in this fold,,1152,1144,124,1020,0.10839160839160839,,,,,,,,,,,,,,,,,
nt,s3_50,in_scope,very_strong,VHL,,,False,not reached in this fold,,163,145,23,122,0.15862068965517243,,,,,,,,,,,,,,,,,
nt,pm12,out_of_scope_incl_pm12,supporting,BAP1,,,False,not reached in this fold,,192,192,177,15,0.921875,,,,,,,,,,,,,,,,,
nt,pm12,out_of_scope_incl_pm12,supporting,BARD1,,,False,not reached in this fold,,119,119,119,0,1.0,,,,,,,,,,,,,,,,,
nt,pm12,out_of_scope_incl_pm12,supporting,BRCA1,,,False,not reached in this fold,,143,135,128,7,0.9481481481481482,,,,,,,,,,,,,,,,,
nt,pm12,out_of_scope_incl_pm12,supporting,BRCA2,,,False,not reached in this fold,,138,134,121,13,0.9029850746268657,,,,,,,,,,,,,,,,,
nt,pm12,out_of_scope_incl_pm12,supporting,PALB2,,,False,not reached in this fold,,144,141,139,2,0.9858156028368794,,,,,,,,,,,,,,,,,
nt,pm12,out_of_scope_incl_pm12,supporting,RAD51C,,,False,not reached in this fold,,96,96,96,0,1.0,,,,,,,,,,,,,,,,,
nt,pm12,out_of_scope_incl_pm12,supporting,VHL,,,False,not reached in this fold,,24,24,24,0,1.0,,,,,,,,,,,,,,,,,
nt,pm12,out_of_scope_incl_pm12,moderate,BAP1,,,False,not reached in this fold,,192,192,177,15,0.921875,,,,,,,,,,,,,,,,,
nt,pm12,out_of_scope_incl_pm12,moderate,BARD1,,,False,not reached in this fold,,119,119,119,0,1.0,,,,,,,,,,,,,,,,,
nt,pm12,out_of_scope_incl_pm12,moderate,BRCA1,,,False,not reached in this fold,,143,135,128,7,0.9481481481481482,,,,,,,,,,,,,,,,,
nt,pm12,out_of_scope_incl_pm12,moderate,BRCA2,,,False,not reached in this fold,,138,134,121,13,0.9029850746268657,,,,,,,,,,,,,,,,,
nt,pm12,out_of_scope_incl_pm12,moderate,PALB2,,,False,not reached in this fold,,144,141,139,2,0.9858156028368794,,,,,,,,,,,,,,,,,
nt,pm12,out_of_scope_incl_pm12,moderate,RAD51C,,,False,not reached in this fold,,96,96,96,0,1.0,,,,,,,,,,,,,,,,,
nt,pm12,out_of_scope_incl_pm12,moderate,VHL,,,False,not reached in this fold,,24,24,24,0,1.0,,,,,,,,,,,,,,,,,
nt,pm12,out_of_scope_incl_pm12,strong,BAP1,,,False,not reached in this fold,,192,192,177,15,0.921875,,,,,,,,,,,,,,,,,
nt,pm12,out_of_scope_incl_pm12,strong,BARD1,,,False,not reached in this fold,,119,119,119,0,1.0,,,,,,,,,,,,,,,,,
nt,pm12,out_of_scope_incl_pm12,strong,BRCA1,,,False,not reached in this fold,,143,135,128,7,0.9481481481481482,,,,,,,,,,,,,,,,,
nt,pm12,out_of_scope_incl_pm12,strong,BRCA2,,,False,not reached in this fold,,138,134,121,13,0.9029850746268657,,,,,,,,,,,,,,,,,
nt,pm12,out_of_scope_incl_pm12,strong,PALB2,,,False,not reached in this fold,,144,141,139,2,0.9858156028368794,,,,,,,,,,,,,,,,,
nt,pm12,out_of_scope_incl_pm12,strong,RAD51C,,,False,not reached in this fold,,96,96,96,0,1.0,,,,,,,,,,,,,,,,,
nt,pm12,out_of_scope_incl_pm12,strong,VHL,,,False,not reached in this fold,,24,24,24,0,1.0,,,,,,,,,,,,,,,,,
nt,pm12,out_of_scope_incl_pm12,very_strong,BAP1,,,False,not reached in this fold,,192,192,177,15,0.921875,,,,,,,,,,,,,,,,,
nt,pm12,out_of_scope_incl_pm12,very_strong,BARD1,,,False,not reached in this fold,,119,119,119,0,1.0,,,,,,,,,,,,,,,,,
nt,pm12,out_of_scope_incl_pm12,very_strong,BRCA1,,,False,not reached in this fold,,143,135,128,7,0.9481481481481482,,,,,,,,,,,,,,,,,
nt,pm12,out_of_scope_incl_pm12,very_strong,BRCA2,,,False,not reached in this fold,,138,134,121,13,0.9029850746268657,,,,,,,,,,,,,,,,,
nt,pm12,out_of_scope_incl_pm12,very_strong,PALB2,,,False,not reached in this fold,,144,141,139,2,0.9858156028368794,,,,,,,,,,,,,,,,,
nt,pm12,out_of_scope_incl_pm12,very_strong,RAD51C,,,False,not reached in this fold,,96,96,96,0,1.0,,,,,,,,,,,,,,,,,
nt,pm12,out_of_scope_incl_pm12,very_strong,VHL,,,False,not reached in this fold,,24,24,24,0,1.0,,,,,,,,,,,,,,,,,
fusion_enet,s3_10,in_scope,supporting,BAP1,0.7296401163900885,44.52739726027397,True,ok,adapted from E3: fusion out-of-fold scores in the training folds were produced by models trained on the held-out gene; held-out values are optimistic,768,737,146,591,0.19810040705563092,12.0,0.015625,0.016282225237449117,11.0,1.0,135.0,590.0,0.07534246575342465,0.04258831995307833,0.12987035085856252,0.9983079526226735,0.9904785558825959,0.999701249620075,0.9166666666666666,44.52739726027397,0.8318618042226489,Strong
fusion_enet,s3_10,in_scope,supporting,BARD1,0.6524609533575039,3.69991173874669,True,ok,adapted from E3: fusion out-of-fold scores in the training folds were produced by models trained on the held-out gene; held-out values are optimistic,473,459,66,393,0.1437908496732026,176.0,0.37209302325581395,0.3638344226579521,64.0,103.0,2.0,290.0,0.9696969696969697,0.8960747808829028,0.9916500898013463,0.7379134860050891,0.6922814329798372,0.778939493774423,0.38323353293413176,3.69991173874669,0.2913336576551533,Supporting
fusion_enet,s3_10,in_scope,supporting,BRCA1,0.7132323626715183,37.21153846153846,True,ok,adapted from E3: fusion out-of-fold scores in the training folds were produced by models trained on the held-out gene; held-out values are optimistic,530,490,104,386,0.21224489795918366,11.0,0.020754716981132074,0.02040816326530612,10.0,0.0,94.0,386.0,0.09615384615384616,0.05306996868128023,0.16800881754262323,1.0,0.9901460998214123,1.0,1.0,37.21153846153846,0.8052434456928839,Strong
fusion_enet,s3_10,in_scope,supporting,BRCA2,0.7120850158070056,,True,ok,adapted from E3: fusion out-of-fold scores in the training folds were produced by models trained on the held-out gene; held-out values are optimistic,551,529,69,460,0.13043478260869565,0.0,0.0,0.0,0.0,0.0,69.0,460.0,0.0,0.0,0.05273725818905173,1.0,0.9917181641536291,1.0,,,,not evaluable
fusion_enet,s3_10,in_scope,supporting,PALB2,0.7131019663550243,,True,ok,adapted from E3: fusion out-of-fold scores in the training folds were produced by models trained on the held-out gene; held-out values are optimistic,501,411,87,324,0.2116788321167883,12.0,0.023952095808383235,0.021897810218978103,6.0,3.0,81.0,321.0,0.06896551724137931,0.031988839442576765,0.14239694240580283,0.9907407407407407,0.9731349254795066,0.9968461170155588,0.6666666666666666,,,not evaluable
fusion_enet,s3_10,in_scope,supporting,RAD51C,0.7260717839998245,67.78977272727272,True,ok,adapted from E3: fusion out-of-fold scores in the training folds were produced by models trained on the held-out gene; held-out values are optimistic,384,379,88,291,0.23218997361477572,43.0,0.11197916666666667,0.11345646437994723,41.0,2.0,47.0,289.0,0.4659090909090909,0.36530468030457786,0.5693653469680284,0.993127147766323,0.975291302347375,0.9981131881470813,0.9534883720930233,67.78977272727272,0.8827968923418423,Strong
fusion_enet,s3_10,in_scope,supporting,VHL,0.7067575075499919,,True,ok,adapted from E3: fusion out-of-fold scores in the training folds were produced by models trained on the held-out gene; held-out values are optimistic,83,70,10,60,0.14285714285714285,2.0,0.024096385542168676,0.02857142857142857,2.0,0.0,8.0,60.0,0.2,0.05668215145437519,0.5098375284633583,1.0,0.93982814785791,1.0,1.0,,,not evaluable
fusion_enet,s3_10,in_scope,moderate,BAP1,0.7428978545425058,,True,ok,adapted from E3: fusion out-of-fold scores in the training folds were produced by models trained on the held-out gene; held-out values are optimistic,768,737,146,591,0.19810040705563092,2.0,0.0026041666666666665,0.0027137042062415195,2.0,0.0,144.0,591.0,0.0136986301369863,0.00376473249794778,0.04856697117344738,1.0,0.993542045928826,1.0,1.0,,,not evaluable
fusion_enet,s3_10,in_scope,moderate,BARD1,0.7043976714450962,4.909888357256778,True,ok,adapted from E3: fusion out-of-fold scores in the training folds were produced by models trained on the held-out gene; held-out values are optimistic,473,459,66,393,0.1437908496732026,111.0,0.2346723044397463,0.22657952069716775,47.0,57.0,19.0,336.0,0.7121212121212122,0.5936275059135345,0.8072805002019328,0.8549618320610687,0.8167097223055337,0.8863418208198062,0.4519230769230769,4.909888357256778,0.35297827208622373,Moderate
fusion_enet,s3_10,in_scope,moderate,BRCA1,0.7437235681372876,,True,ok,adapted from E3: fusion out-of-fold scores in the training folds were produced by models trained on the held-out gene; held-out values are optimistic,530,490,104,386,0.21224489795918366,0.0,0.0,0.0,0.0,0.0,104.0,386.0,0.0,0.0,0.03562135437245191,1.0,0.9901460998214123,1.0,,,,not evaluable
fusion_enet,s3_10,in_scope,moderate,BRCA2,0.744434241005326,,True,ok,adapted from E3: fusion out-of-fold scores in the training folds were produced by models trained on the held-out gene; held-out values are optimistic,551,529,69,460,0.13043478260869565,0.0,0.0,0.0,0.0,0.0,69.0,460.0,0.0,0.0,0.05273725818905173,1.0,0.9917181641536291,1.0,,,,not evaluable
fusion_enet,s3_10,in_scope,moderate,PALB2,0.7437235681372876,,True,ok,adapted from E3: fusion out-of-fold scores in the training folds were produced by models trained on the held-out gene; held-out values are optimistic,501,411,87,324,0.2116788321167883,0.0,0.0,0.0,0.0,0.0,87.0,324.0,0.0,0.0,0.04228750694412034,1.0,0.9882825715987459,1.0,,,,not evaluable
fusion_enet,s3_10,in_scope,moderate,RAD51C,0.7421387822089556,73.0,True,ok,adapted from E3: fusion out-of-fold scores in the training folds were produced by models trained on the held-out gene; held-out values are optimistic,384,379,88,291,0.23218997361477572,22.0,0.057291666666666664,0.05804749340369393,22.0,0.0,66.0,291.0,0.25,0.17128323377232502,0.34963029956012115,1.0,0.9869711036023928,1.0,1.0,73.0,0.8902439024390245,Strong
fusion_enet,s3_10,in_scope,moderate,VHL,0.7437235681372876,,True,ok,adapted from E3: fusion out-of-fold scores in the training folds were produced by models trained on the held-out gene; held-out values are optimistic,83,70,10,60,0.14285714285714285,0.0,0.0,0.0,0.0,0.0,10.0,60.0,0.0,0.0,0.2775327998628892,1.0,0.93982814785791,1.0,,,,not evaluable
fusion_enet,s3_10,in_scope,strong,BAP1,,,False,not reached in this fold,adapted from E3: fusion out-of-fold scores in the training folds were produced by models trained on the held-out gene; held-out values are optimistic,768,737,146,591,0.19810040705563092,,,,,,,,,,,,,,,,,
fusion_enet,s3_10,in_scope,strong,BARD1,0.744434241005326,22.03181818181818,True,ok,adapted from E3: fusion out-of-fold scores in the training folds were produced by models trained on the held-out gene; held-out values are optimistic,473,459,66,393,0.1437908496732026,49.0,0.10359408033826638,0.10239651416122005,37.0,10.0,29.0,383.0,0.5606060606060606,0.4408263537999137,0.6737187908045056,0.9745547073791349,0.9538009209229013,0.9861210345815854,0.7872340425531915,22.03181818181818,0.7099750988721254,Strong
fusion_enet,s3_10,in_scope,strong,BRCA1,,,False,not reached in this fold,adapted from E3: fusion out-of-fold scores in the training folds were produced by models trained on the held-out gene; held-out values are optimistic,530,490,104,386,0.21224489795918366,,,,,,,,,,,,,,,,,
fusion_enet,s3_10,in_scope,strong,BRCA2,,,False,not reached in this fold,adapted from E3: fusion out-of-fold scores in the training folds were produced by models trained on the held-out gene; held-out values are optimistic,551,529,69,460,0.13043478260869565,,,,,,,,,,,,,,,,,
fusion_enet,s3_10,in_scope,strong,PALB2,,,False,not reached in this fold,adapted from E3: fusion out-of-fold scores in the training folds were produced by models trained on the held-out gene; held-out values are optimistic,501,411,87,324,0.2116788321167883,,,,,,,,,,,,,,,,,
fusion_enet,s3_10,in_scope,strong,RAD51C,,,False,not reached in this fold,adapted from E3: fusion out-of-fold scores in the training folds were produced by models trained on the held-out gene; held-out values are optimistic,384,379,88,291,0.23218997361477572,,,,,,,,,,,,,,,,,
fusion_enet,s3_10,in_scope,strong,VHL,,,False,not reached in this fold,adapted from E3: fusion out-of-fold scores in the training folds were produced by models trained on the held-out gene; held-out values are optimistic,83,70,10,60,0.14285714285714285,,,,,,,,,,,,,,,,,
fusion_enet,s3_10,in_scope,very_strong,BAP1,,,False,not reached in this fold,adapted from E3: fusion out-of-fold scores in the training folds were produced by models trained on the held-out gene; held-out values are optimistic,768,737,146,591,0.19810040705563092,,,,,,,,,,,,,,,,,
fusion_enet,s3_10,in_scope,very_strong,BARD1,,,False,not reached in this fold,adapted from E3: fusion out-of-fold scores in the training folds were produced by models trained on the held-out gene; held-out values are optimistic,473,459,66,393,0.1437908496732026,,,,,,,,,,,,,,,,,
fusion_enet,s3_10,in_scope,very_strong,BRCA1,,,False,not reached in this fold,adapted from E3: fusion out-of-fold scores in the training folds were produced by models trained on the held-out gene; held-out values are optimistic,530,490,104,386,0.21224489795918366,,,,,,,,,,,,,,,,,
fusion_enet,s3_10,in_scope,very_strong,BRCA2,,,False,not reached in this fold,adapted from E3: fusion out-of-fold scores in the training folds were produced by models trained on the held-out gene; held-out values are optimistic,551,529,69,460,0.13043478260869565,,,,,,,,,,,,,,,,,
fusion_enet,s3_10,in_scope,very_strong,PALB2,,,False,not reached in this fold,adapted from E3: fusion out-of-fold scores in the training folds were produced by models trained on the held-out gene; held-out values are optimistic,501,411,87,324,0.2116788321167883,,,,,,,,,,,,,,,,,
fusion_enet,s3_10,in_scope,very_strong,RAD51C,,,False,not reached in this fold,adapted from E3: fusion out-of-fold scores in the training folds were produced by models trained on the held-out gene; held-out values are optimistic,384,379,88,291,0.23218997361477572,,,,,,,,,,,,,,,,,
fusion_enet,s3_10,in_scope,very_strong,VHL,,,False,not reached in this fold,adapted from E3: fusion out-of-fold scores in the training folds were produced by models trained on the held-out gene; held-out values are optimistic,83,70,10,60,0.14285714285714285,,,,,,,,,,,,,,,,,
fusion_enet,s11_50,in_scope,supporting,BAP1,0.6189367010656617,7.430932378460268,True,ok,adapted from E3: fusion out-of-fold scores in the training folds were produced by models trained on the held-out gene; held-out values are optimistic,1500,1453,137,1316,0.09428768066070199,94.0,0.06266666666666666,0.06469373709566414,41.0,53.0,96.0,1263.0,0.29927007299270075,0.22891783003063493,0.380572156365908,0.959726443768997,0.9476978497848552,0.9690789281481249,0.43617021276595747,7.430932378460268,0.45225262981434144,Moderate
fusion_enet,s11_50,in_scope,supporting,BARD1,0.6189367010656617,9.207977207977208,True,ok,adapted from E3: fusion out-of-fold scores in the training folds were produced by models trained on the held-out gene; held-out values are optimistic,1458,1435,21,1414,0.014634146341463415,136.0,0.09327846364883402,0.09268292682926829,16.0,117.0,5.0,1297.0,0.7619047619047619,0.5490882631704924,0.8937198697736354,0.9172560113154172,0.901741062721189,0.9305099570659445,0.12030075187969924,9.207977207977208,0.505711156313566,Moderate
fusion_enet,s11_50,in_scope,supporting,BRCA1,0.6219912454086429,,True,ok,adapted from E3: fusion out-of-fold scores in the training folds were produced by models trained on the held-out gene; held-out values are optimistic,361,345,3,342,0.008695652173913044,9.0,0.024930747922437674,0.020289855072463767,1.0,6.0,2.0,336.0,0.3333333333333333,0.06149194472039621,0.7923403991979522,0.9824561403508771,0.9622591347710321,0.9919353135327864,0.14285714285714285,,,not evaluable
fusion_enet,s11_50,in_scope,supporting,PALB2,0.6214779524627319,9.21025641025641,True,ok,adapted from E3: fusion out-of-fold scores in the training folds were produced by models trained on the held-out gene; held-out values are optimistic,540,464,15,449,0.032327586206896554,44.0,0.08148148148148149,0.07327586206896551,8.0,26.0,7.0,423.0,0.5333333333333333,0.30116980025498397,0.7519046463426261,0.9420935412026726,0.9165065711769282,0.9601799429816509,0.23529411764705882,9.21025641025641,0.5057730216840326,Moderate
fusion_enet,s11_50,in_scope,supporting,RAD51C,0.6185884539697968,11.359756097560973,True,ok,adapted from E3: fusion out-of-fold scores in the training folds were produced by models trained on the held-out gene; held-out values are optimistic,768,765,36,729,0.047058823529411764,64.0,0.08333333333333333,0.08366013071895424,23.0,41.0,13.0,688.0,0.6388888888888888,0.4757507548555804,0.7752440705348462,0.943758573388203,0.9245908194277864,0.9582740788561722,0.359375,11.359756097560973,0.5579514824797842,Moderate
fusion_enet,s11_50,in_scope,supporting,VHL,0.6375097670600851,,True,ok,adapted from E3: fusion out-of-fold scores in the training folds were produced by models trained on the held-out gene; held-out values are optimistic,80,75,13,62,0.17333333333333334,6.0,0.075,0.08,6.0,0.0,7.0,62.0,0.46153846153846156,0.23206067809538303,0.7085620428549398,1.0,0.9416559278986275,1.0,1.0,,,not evaluable
fusion_enet,s11_50,in_scope,moderate,BAP1,0.6348703538623774,12.007299270072995,True,ok,adapted from E3: fusion out-of-fold scores in the training folds were produced by models trained on the held-out gene; held-out values are optimistic,1500,1453,137,1316,0.09428768066070199,63.0,0.042,0.043358568479008944,35.0,28.0,102.0,1288.0,0.25547445255474455,0.18980860298037266,0.3344791986299615,0.9787234042553191,0.969421181143437,0.985238934720658,0.5555555555555556,12.007299270072995,0.5715774843641418,Moderate
fusion_enet,s11_50,in_scope,moderate,BARD1,0.6445009759615419,8.977777777777778,True,ok,adapted from E3: fusion out-of-fold scores in the training folds were produced by models trained on the held-out gene; held-out values are optimistic,1458,1435,21,1414,0.014634146341463415,88.0,0.06035665294924554,0.059233449477351915,10.0,75.0,11.0,1339.0,0.47619047619047616,0.2834400610153417,0.6763046541715557,0.946958981612447,0.9340197530278475,0.9574762546085397,0.11764705882352941,8.977777777777778,0.4993819530284302,Moderate
fusion_enet,s11_50,in_scope,moderate,BRCA1,0.6505768659802442,,True,ok,adapted from E3: fusion out-of-fold scores in the training folds were produced by models trained on the held-out gene; held-out values are optimistic,361,345,3,342,0.008695652173913044,5.0,0.013850415512465374,0.011594202898550725,1.0,3.0,2.0,339.0,0.3333333333333333,0.06149194472039621,0.7923403991979522,0.9912280701754386,0.9745310823634816,0.9970123559094972,0.25,,,not evaluable
fusion_enet,s11_50,in_scope,moderate,PALB2,0.6498619732028489,13.815384615384616,True,ok,adapted from E3: fusion out-of-fold scores in the training folds were produced by models trained on the held-out gene; held-out values are optimistic,540,464,15,449,0.032327586206896554,23.0,0.04259259259259259,0.040948275862068964,6.0,13.0,9.0,436.0,0.4,0.1982449614134158,0.6425316987937539,0.9710467706013363,0.9510988696987749,0.9830028821628848,0.3157894736842105,13.815384615384616,0.6055293324342548,Moderate
fusion_enet,s11_50,in_scope,moderate,RAD51C,0.6503589417678635,21.515625,True,ok,adapted from E3: fusion out-of-fold scores in the training folds were produced by models trained on the held-out gene; held-out values are optimistic,768,765,36,729,0.047058823529411764,33.0,0.04296875,0.043137254901960784,17.0,16.0,19.0,713.0,0.4722222222222222,0.31986041515179053,0.629940619770124,0.9780521262002744,0.9646465934462297,0.986445885848854,0.5151515151515151,21.515625,0.7050691244239632,Strong
fusion_enet,s11_50,in_scope,moderate,VHL,0.6502888717811377,,True,ok,adapted from E3: fusion out-of-fold scores in the training folds were produced by models trained on the held-out gene; held-out values are optimistic,80,75,13,62,0.17333333333333334,4.0,0.05,0.05333333333333334,4.0,0.0,9.0,62.0,0.3076923076923077,0.12680703655710515,0.5763065681945096,1.0,0.9416559278986275,1.0,1.0,,,not evaluable
fusion_enet,s11_50,in_scope,strong,BAP1,,,False,not reached in this fold,adapted from E3: fusion out-of-fold scores in the training folds were produced by models trained on the held-out gene; held-out values are optimistic,1500,1453,137,1316,0.09428768066070199,,,,,,,,,,,,,,,,,
fusion_enet,s11_50,in_scope,strong,BARD1,,,False,not reached in this fold,adapted from E3: fusion out-of-fold scores in the training folds were produced by models trained on the held-out gene; held-out values are optimistic,1458,1435,21,1414,0.014634146341463415,,,,,,,,,,,,,,,,,
fusion_enet,s11_50,in_scope,strong,BRCA1,,,False,not reached in this fold,adapted from E3: fusion out-of-fold scores in the training folds were produced by models trained on the held-out gene; held-out values are optimistic,361,345,3,342,0.008695652173913044,,,,,,,,,,,,,,,,,
fusion_enet,s11_50,in_scope,strong,PALB2,,,False,not reached in this fold,adapted from E3: fusion out-of-fold scores in the training folds were produced by models trained on the held-out gene; held-out values are optimistic,540,464,15,449,0.032327586206896554,,,,,,,,,,,,,,,,,
fusion_enet,s11_50,in_scope,strong,RAD51C,,,False,not reached in this fold,adapted from E3: fusion out-of-fold scores in the training folds were produced by models trained on the held-out gene; held-out values are optimistic,768,765,36,729,0.047058823529411764,,,,,,,,,,,,,,,,,
fusion_enet,s11_50,in_scope,strong,VHL,,,False,not reached in this fold,adapted from E3: fusion out-of-fold scores in the training folds were produced by models trained on the held-out gene; held-out values are optimistic,80,75,13,62,0.17333333333333334,,,,,,,,,,,,,,,,,
fusion_enet,s11_50,in_scope,very_strong,BAP1,,,False,not reached in this fold,adapted from E3: fusion out-of-fold scores in the training folds were produced by models trained on the held-out gene; held-out values are optimistic,1500,1453,137,1316,0.09428768066070199,,,,,,,,,,,,,,,,,
fusion_enet,s11_50,in_scope,very_strong,BARD1,,,False,not reached in this fold,adapted from E3: fusion out-of-fold scores in the training folds were produced by models trained on the held-out gene; held-out values are optimistic,1458,1435,21,1414,0.014634146341463415,,,,,,,,,,,,,,,,,
fusion_enet,s11_50,in_scope,very_strong,BRCA1,,,False,not reached in this fold,adapted from E3: fusion out-of-fold scores in the training folds were produced by models trained on the held-out gene; held-out values are optimistic,361,345,3,342,0.008695652173913044,,,,,,,,,,,,,,,,,
fusion_enet,s11_50,in_scope,very_strong,PALB2,,,False,not reached in this fold,adapted from E3: fusion out-of-fold scores in the training folds were produced by models trained on the held-out gene; held-out values are optimistic,540,464,15,449,0.032327586206896554,,,,,,,,,,,,,,,,,
fusion_enet,s11_50,in_scope,very_strong,RAD51C,,,False,not reached in this fold,adapted from E3: fusion out-of-fold scores in the training folds were produced by models trained on the held-out gene; held-out values are optimistic,768,765,36,729,0.047058823529411764,,,,,,,,,,,,,,,,,
fusion_enet,s11_50,in_scope,very_strong,VHL,,,False,not reached in this fold,adapted from E3: fusion out-of-fold scores in the training folds were produced by models trained on the held-out gene; held-out values are optimistic,80,75,13,62,0.17333333333333334,,,,,,,,,,,,,,,,,
fusion_enet,s3_50,in_scope,supporting,BAP1,0.6232472730128673,7.283542922469342,True,ok,adapted from E3: fusion out-of-fold scores in the training folds were produced by models trained on the held-out gene; held-out values are optimistic,2268,2190,283,1907,0.12922374429223743,285.0,0.12566137566137567,0.12922374429223743,147.0,136.0,136.0,1771.0,0.519434628975265,0.4613550036857672,0.5769937065921156,0.9286837965390666,0.9162509704129344,0.9393930143104586,0.519434628975265,7.283542922469342,0.44729472923358243,Moderate
fusion_enet,s3_50,in_scope,supporting,BARD1,0.6175172860595235,6.702706415716445,True,ok,adapted from E3: fusion out-of-fold scores in the training folds were produced by models trained on the held-out gene; held-out values are optimistic,1931,1894,87,1807,0.04593453009503696,346.0,0.17918177110305541,0.17529039070749736,81.0,251.0,6.0,1556.0,0.9310344827586207,0.8576030575941972,0.9680111605574232,0.8610957387935805,0.8443822091983478,0.8762772354169074,0.24397590361445784,6.702706415716445,0.4268503937007875,Moderate
fusion_enet,s3_50,in_scope,supporting,BRCA1,0.6402283132638092,40.29906542056075,True,ok,adapted from E3: fusion out-of-fold scores in the training folds were produced by models trained on the held-out gene; held-out values are optimistic,891,835,107,728,0.1281437125748503,100.0,0.1122334455667789,0.10778443113772455,77.0,13.0,30.0,715.0,0.719626168224299,0.6280470858860803,0.7959819777879273,0.9821428571428571,0.9696891829942456,0.9895349652676177,0.8555555555555555,40.29906542056075,0.8174407582938388,Strong
fusion_enet,s3_50,in_scope,supporting,BRCA2,0.646414409122422,36.666666666666664,True,ok,adapted from E3: fusion out-of-fold scores in the training folds were produced by models trained on the held-out gene; held-out values are optimistic,551,529,69,460,0.13043478260869565,27.0,0.04900181488203267,0.04914933837429111,22.0,4.0,47.0,456.0,0.3188405797101449,0.2209476045038311,0.4358412571588688,0.991304347826087,0.9778575089261213,0.9966133828074449,0.8461538461538461,36.666666666666664,0.8029197080291971,Strong
fusion_enet,s3_50,in_scope,supporting,PALB2,0.6398746550680382,10.155098039215686,True,ok,adapted from E3: fusion out-of-fold scores in the training folds were produced by models trained on the held-out gene; held-out values are optimistic,1041,875,102,773,0.11657142857142858,135.0,0.12968299711815562,0.1337142857142857,67.0,50.0,35.0,723.0,0.6568627450980392,0.5605440584282401,0.7417949338395361,0.9353169469598965,0.9157344458416214,0.9505941883454192,0.5726495726495726,10.155098039215686,0.5301511910001945,Moderate
fusion_enet,s3_50,in_scope,supporting,RAD51C,0.6168433904218151,7.504244482173175,True,ok,adapted from E3: fusion out-of-fold scores in the training folds were produced by models trained on the held-out gene; held-out values are optimistic,1152,1144,124,1020,0.10839160839160839,221.0,0.1918402777777778,0.19055944055944055,104.0,114.0,20.0,906.0,0.8387096774193549,0.7639684956453251,0.8930953455755063,0.888235294117647,0.8674241493259436,0.9061331169643476,0.47706422018348627,7.504244482173175,0.4546857319205843,Moderate
fusion_enet,s3_50,in_scope,supporting,VHL,0.6394644397859772,26.52173913043478,True,ok,adapted from E3: fusion out-of-fold scores in the training folds were produced by models trained on the held-out gene; held-out values are optimistic,163,145,23,122,0.15862068965517243,13.0,0.07975460122699386,0.08275862068965517,10.0,2.0,13.0,120.0,0.43478260869565216,0.25634635325674215,0.6318862491498354,0.9836065573770492,0.9421950412865174,0.9954927533864046,0.8333333333333334,26.52173913043478,0.7466340269277846,Strong
fusion_enet,s3_50,in_scope,moderate,BAP1,0.7374493805138544,,True,ok,adapted from E3: fusion out-of-fold scores in the training folds were produced by models trained on the held-out gene; held-out values are optimistic,2268,2190,283,1907,0.12922374429223743,5.0,0.002204585537918871,0.00228310502283105,5.0,0.0,278.0,1907.0,0.0176678445229682,0.007569663162461916,0.04068507266826918,1.0,0.9979896506834925,1.0,1.0,,,not evaluable
fusion_enet,s3_50,in_scope,moderate,BARD1,0.659639624222099,9.50266696717001,True,ok,adapted from E3: fusion out-of-fold scores in the training folds were produced by models trained on the held-out gene; held-out values are optimistic,1931,1894,87,1807,0.04593453009503696,233.0,0.12066286897980322,0.117740232312566,70.0,153.0,17.0,1654.0,0.8045977011494253,0.7091678634827149,0.8742661840110969,0.9153292750415053,0.9015957551671232,0.9273006635052892,0.31390134529147984,9.50266696717001,0.5135836354851415,Moderate
fusion_enet,s3_50,in_scope,moderate,BRCA1,0.7376289591990441,,True,ok,adapted from E3: fusion out-of-fold scores in the training folds were produced by models trained on the held-out gene; held-out values are optimistic,891,835,107,728,0.1281437125748503,0.0,0.0,0.0,0.0,0.0,107.0,728.0,0.0,0.0,0.03465723801874867,1.0,0.9947509685678584,1.0,,,,not evaluable
fusion_enet,s3_50,in_scope,moderate,BRCA2,0.7090108449546706,,True,ok,adapted from E3: fusion out-of-fold scores in the training folds were produced by models trained on the held-out gene; held-out values are optimistic,551,529,69,460,0.13043478260869565,0.0,0.0,0.0,0.0,0.0,69.0,460.0,0.0,0.0,0.05273725818905173,1.0,0.9917181641536291,1.0,,,,not evaluable
fusion_enet,s3_50,in_scope,moderate,PALB2,0.739592317749532,,True,ok,adapted from E3: fusion out-of-fold scores in the training folds were produced by models trained on the held-out gene; held-out values are optimistic,1041,875,102,773,0.11657142857142858,1.0,0.0009606147934678194,0.001142857142857143,1.0,0.0,101.0,773.0,0.00980392156862745,0.0017327343974216647,0.053457914765777534,1.0,0.995055028568473,1.0,1.0,,,not evaluable
fusion_enet,s3_50,in_scope,moderate,RAD51C,0.7352937507659496,222.09677419354838,True,ok,adapted from E3: fusion out-of-fold scores in the training folds were produced by models trained on the held-out gene; held-out values are optimistic,1152,1144,124,1020,0.10839160839160839,28.0,0.024305555555555556,0.024475524475524476,27.0,1.0,97.0,1019.0,0.21774193548387097,0.15418086030874278,0.29826593867389783,0.9990196078431373,0.9944676512822519,0.99982691574239,0.9642857142857143,222.09677419354838,0.9610552763819096,Strong
fusion_enet,s3_50,in_scope,moderate,VHL,0.7370721449715947,,True,ok,adapted from E3: fusion out-of-fold scores in the training folds were produced by models trained on the held-out gene; held-out values are optimistic,163,145,23,122,0.15862068965517243,0.0,0.0,0.0,0.0,0.0,23.0,122.0,0.0,0.0,0.14311661845042686,1.0,0.969473821610987,1.0,,,,not evaluable
fusion_enet,s3_50,in_scope,strong,BAP1,,,False,not reached in this fold,adapted from E3: fusion out-of-fold scores in the training folds were produced by models trained on the held-out gene; held-out values are optimistic,2268,2190,283,1907,0.12922374429223743,,,,,,,,,,,,,,,,,
fusion_enet,s3_50,in_scope,strong,BARD1,0.7184313452194024,17.63500325309044,True,ok,adapted from E3: fusion out-of-fold scores in the training folds were produced by models trained on the held-out gene; held-out values are optimistic,1931,1894,87,1807,0.04593453009503696,102.0,0.05282237182806836,0.05174234424498416,45.0,53.0,42.0,1754.0,0.5172413793103449,0.4137512133636875,0.6192733553623774,0.9706696181516326,0.9618358203602032,0.9775064902072673,0.45918367346938777,17.63500325309044,0.6620987835263082,Moderate
fusion_enet,s3_50,in_scope,strong,BRCA1,,,False,not reached in this fold,adapted from E3: fusion out-of-fold scores in the training folds were produced by models trained on the held-out gene; held-out values are optimistic,891,835,107,728,0.1281437125748503,,,,,,,,,,,,,,,,,
fusion_enet,s3_50,in_scope,strong,BRCA2,,,False,not reached in this fold,adapted from E3: fusion out-of-fold scores in the training folds were produced by models trained on the held-out gene; held-out values are optimistic,551,529,69,460,0.13043478260869565,,,,,,,,,,,,,,,,,
fusion_enet,s3_50,in_scope,strong,PALB2,,,False,not reached in this fold,adapted from E3: fusion out-of-fold scores in the training folds were produced by models trained on the held-out gene; held-out values are optimistic,1041,875,102,773,0.11657142857142858,,,,,,,,,,,,,,,,,
fusion_enet,s3_50,in_scope,strong,RAD51C,,,False,not reached in this fold,adapted from E3: fusion out-of-fold scores in the training folds were produced by models trained on the held-out gene; held-out values are optimistic,1152,1144,124,1020,0.10839160839160839,,,,,,,,,,,,,,,,,
fusion_enet,s3_50,in_scope,strong,VHL,,,False,not reached in this fold,adapted from E3: fusion out-of-fold scores in the training folds were produced by models trained on the held-out gene; held-out values are optimistic,163,145,23,122,0.15862068965517243,,,,,,,,,,,,,,,,,
fusion_enet,s3_50,in_scope,very_strong,BAP1,,,False,not reached in this fold,adapted from E3: fusion out-of-fold scores in the training folds were produced by models trained on the held-out gene; held-out values are optimistic,2268,2190,283,1907,0.12922374429223743,,,,,,,,,,,,,,,,,
fusion_enet,s3_50,in_scope,very_strong,BARD1,,,False,not reached in this fold,adapted from E3: fusion out-of-fold scores in the training folds were produced by models trained on the held-out gene; held-out values are optimistic,1931,1894,87,1807,0.04593453009503696,,,,,,,,,,,,,,,,,
fusion_enet,s3_50,in_scope,very_strong,BRCA1,,,False,not reached in this fold,adapted from E3: fusion out-of-fold scores in the training folds were produced by models trained on the held-out gene; held-out values are optimistic,891,835,107,728,0.1281437125748503,,,,,,,,,,,,,,,,,
fusion_enet,s3_50,in_scope,very_strong,BRCA2,,,False,not reached in this fold,adapted from E3: fusion out-of-fold scores in the training folds were produced by models trained on the held-out gene; held-out values are optimistic,551,529,69,460,0.13043478260869565,,,,,,,,,,,,,,,,,
fusion_enet,s3_50,in_scope,very_strong,PALB2,,,False,not reached in this fold,adapted from E3: fusion out-of-fold scores in the training folds were produced by models trained on the held-out gene; held-out values are optimistic,1041,875,102,773,0.11657142857142858,,,,,,,,,,,,,,,,,
fusion_enet,s3_50,in_scope,very_strong,RAD51C,,,False,not reached in this fold,adapted from E3: fusion out-of-fold scores in the training folds were produced by models trained on the held-out gene; held-out values are optimistic,1152,1144,124,1020,0.10839160839160839,,,,,,,,,,,,,,,,,
fusion_enet,s3_50,in_scope,very_strong,VHL,,,False,not reached in this fold,adapted from E3: fusion out-of-fold scores in the training folds were produced by models trained on the held-out gene; held-out values are optimistic,163,145,23,122,0.15862068965517243,,,,,,,,,,,,,,,,,
fusion_enet,pm12,out_of_scope_incl_pm12,supporting,BAP1,,,False,not reached in this fold,adapted from E3: fusion out-of-fold scores in the training folds were produced by models trained on the held-out gene; held-out values are optimistic,192,192,177,15,0.921875,,,,,,,,,,,,,,,,,
fusion_enet,pm12,out_of_scope_incl_pm12,supporting,BARD1,,,False,not reached in this fold,adapted from E3: fusion out-of-fold scores in the training folds were produced by models trained on the held-out gene; held-out values are optimistic,119,119,119,0,1.0,,,,,,,,,,,,,,,,,
fusion_enet,pm12,out_of_scope_incl_pm12,supporting,BRCA1,,,False,not reached in this fold,adapted from E3: fusion out-of-fold scores in the training folds were produced by models trained on the held-out gene; held-out values are optimistic,143,135,128,7,0.9481481481481482,,,,,,,,,,,,,,,,,
fusion_enet,pm12,out_of_scope_incl_pm12,supporting,BRCA2,,,False,not reached in this fold,adapted from E3: fusion out-of-fold scores in the training folds were produced by models trained on the held-out gene; held-out values are optimistic,138,134,121,13,0.9029850746268657,,,,,,,,,,,,,,,,,
fusion_enet,pm12,out_of_scope_incl_pm12,supporting,PALB2,,,False,not reached in this fold,adapted from E3: fusion out-of-fold scores in the training folds were produced by models trained on the held-out gene; held-out values are optimistic,144,141,139,2,0.9858156028368794,,,,,,,,,,,,,,,,,
fusion_enet,pm12,out_of_scope_incl_pm12,supporting,RAD51C,,,False,not reached in this fold,adapted from E3: fusion out-of-fold scores in the training folds were produced by models trained on the held-out gene; held-out values are optimistic,96,96,96,0,1.0,,,,,,,,,,,,,,,,,
fusion_enet,pm12,out_of_scope_incl_pm12,supporting,VHL,,,False,not reached in this fold,adapted from E3: fusion out-of-fold scores in the training folds were produced by models trained on the held-out gene; held-out values are optimistic,24,24,24,0,1.0,,,,,,,,,,,,,,,,,
fusion_enet,pm12,out_of_scope_incl_pm12,moderate,BAP1,,,False,not reached in this fold,adapted from E3: fusion out-of-fold scores in the training folds were produced by models trained on the held-out gene; held-out values are optimistic,192,192,177,15,0.921875,,,,,,,,,,,,,,,,,
fusion_enet,pm12,out_of_scope_incl_pm12,moderate,BARD1,,,False,not reached in this fold,adapted from E3: fusion out-of-fold scores in the training folds were produced by models trained on the held-out gene; held-out values are optimistic,119,119,119,0,1.0,,,,,,,,,,,,,,,,,
fusion_enet,pm12,out_of_scope_incl_pm12,moderate,BRCA1,,,False,not reached in this fold,adapted from E3: fusion out-of-fold scores in the training folds were produced by models trained on the held-out gene; held-out values are optimistic,143,135,128,7,0.9481481481481482,,,,,,,,,,,,,,,,,
fusion_enet,pm12,out_of_scope_incl_pm12,moderate,BRCA2,,,False,not reached in this fold,adapted from E3: fusion out-of-fold scores in the training folds were produced by models trained on the held-out gene; held-out values are optimistic,138,134,121,13,0.9029850746268657,,,,,,,,,,,,,,,,,
fusion_enet,pm12,out_of_scope_incl_pm12,moderate,PALB2,,,False,not reached in this fold,adapted from E3: fusion out-of-fold scores in the training folds were produced by models trained on the held-out gene; held-out values are optimistic,144,141,139,2,0.9858156028368794,,,,,,,,,,,,,,,,,
fusion_enet,pm12,out_of_scope_incl_pm12,moderate,RAD51C,,,False,not reached in this fold,adapted from E3: fusion out-of-fold scores in the training folds were produced by models trained on the held-out gene; held-out values are optimistic,96,96,96,0,1.0,,,,,,,,,,,,,,,,,
fusion_enet,pm12,out_of_scope_incl_pm12,moderate,VHL,,,False,not reached in this fold,adapted from E3: fusion out-of-fold scores in the training folds were produced by models trained on the held-out gene; held-out values are optimistic,24,24,24,0,1.0,,,,,,,,,,,,,,,,,
fusion_enet,pm12,out_of_scope_incl_pm12,strong,BAP1,,,False,not reached in this fold,adapted from E3: fusion out-of-fold scores in the training folds were produced by models trained on the held-out gene; held-out values are optimistic,192,192,177,15,0.921875,,,,,,,,,,,,,,,,,
fusion_enet,pm12,out_of_scope_incl_pm12,strong,BARD1,,,False,not reached in this fold,adapted from E3: fusion out-of-fold scores in the training folds were produced by models trained on the held-out gene; held-out values are optimistic,119,119,119,0,1.0,,,,,,,,,,,,,,,,,
fusion_enet,pm12,out_of_scope_incl_pm12,strong,BRCA1,,,False,not reached in this fold,adapted from E3: fusion out-of-fold scores in the training folds were produced by models trained on the held-out gene; held-out values are optimistic,143,135,128,7,0.9481481481481482,,,,,,,,,,,,,,,,,
fusion_enet,pm12,out_of_scope_incl_pm12,strong,BRCA2,,,False,not reached in this fold,adapted from E3: fusion out-of-fold scores in the training folds were produced by models trained on the held-out gene; held-out values are optimistic,138,134,121,13,0.9029850746268657,,,,,,,,,,,,,,,,,
fusion_enet,pm12,out_of_scope_incl_pm12,strong,PALB2,,,False,not reached in this fold,adapted from E3: fusion out-of-fold scores in the training folds were produced by models trained on the held-out gene; held-out values are optimistic,144,141,139,2,0.9858156028368794,,,,,,,,,,,,,,,,,
fusion_enet,pm12,out_of_scope_incl_pm12,strong,RAD51C,,,False,not reached in this fold,adapted from E3: fusion out-of-fold scores in the training folds were produced by models trained on the held-out gene; held-out values are optimistic,96,96,96,0,1.0,,,,,,,,,,,,,,,,,
fusion_enet,pm12,out_of_scope_incl_pm12,strong,VHL,,,False,not reached in this fold,adapted from E3: fusion out-of-fold scores in the training folds were produced by models trained on the held-out gene; held-out values are optimistic,24,24,24,0,1.0,,,,,,,,,,,,,,,,,
fusion_enet,pm12,out_of_scope_incl_pm12,very_strong,BAP1,,,False,not reached in this fold,adapted from E3: fusion out-of-fold scores in the training folds were produced by models trained on the held-out gene; held-out values are optimistic,192,192,177,15,0.921875,,,,,,,,,,,,,,,,,
fusion_enet,pm12,out_of_scope_incl_pm12,very_strong,BARD1,,,False,not reached in this fold,adapted from E3: fusion out-of-fold scores in the training folds were produced by models trained on the held-out gene; held-out values are optimistic,119,119,119,0,1.0,,,,,,,,,,,,,,,,,
fusion_enet,pm12,out_of_scope_incl_pm12,very_strong,BRCA1,,,False,not reached in this fold,adapted from E3: fusion out-of-fold scores in the training folds were produced by models trained on the held-out gene; held-out values are optimistic,143,135,128,7,0.9481481481481482,,,,,,,,,,,,,,,,,
fusion_enet,pm12,out_of_scope_incl_pm12,very_strong,BRCA2,,,False,not reached in this fold,adapted from E3: fusion out-of-fold scores in the training folds were produced by models trained on the held-out gene; held-out values are optimistic,138,134,121,13,0.9029850746268657,,,,,,,,,,,,,,,,,
fusion_enet,pm12,out_of_scope_incl_pm12,very_strong,PALB2,,,False,not reached in this fold,adapted from E3: fusion out-of-fold scores in the training folds were produced by models trained on the held-out gene; held-out values are optimistic,144,141,139,2,0.9858156028368794,,,,,,,,,,,,,,,,,
fusion_enet,pm12,out_of_scope_incl_pm12,very_strong,RAD51C,,,False,not reached in this fold,adapted from E3: fusion out-of-fold scores in the training folds were produced by models trained on the held-out gene; held-out values are optimistic,96,96,96,0,1.0,,,,,,,,,,,,,,,,,
fusion_enet,pm12,out_of_scope_incl_pm12,very_strong,VHL,,,False,not reached in this fold,adapted from E3: fusion out-of-fold scores in the training folds were produced by models trained on the held-out gene; held-out values are optimistic,24,24,24,0,1.0,,,,,,,,,,,,,,,,,
