hgvs_nt	class
ENST00000460680.6:c.-70G>A	unchanged
ENST00000460680.6:c.-70G>C	unchanged
ENST00000460680.6:c.-70G>T	unchanged
ENST00000460680.6:c.-69G>A	unchanged
ENST00000460680.6:c.-69G>C	unchanged
ENST00000460680.6:c.-69G>T	unchanged
ENST00000460680.6:c.-68C>A	unchanged
ENST00000460680.6:c.-68C>G	unchanged
ENST00000460680.6:c.-68C>T	unchanged
ENST00000460680.6:c.-67T>A	unchanged
ENST00000460680.6:c.-67T>C	unchanged
ENST00000460680.6:c.-67T>G	unchanged
ENST00000460680.6:c.-66C>A	unchanged
ENST00000460680.6:c.-66C>G	unchanged
ENST00000460680.6:c.-66C>T	unchanged
ENST00000460680.6:c.-65C>A	unchanged
ENST00000460680.6:c.-65C>G	unchanged
ENST00000460680.6:c.-65C>T	unchanged
ENST00000460680.6:c.-64C>A	unchanged
ENST00000460680.6:c.-64C>G	unchanged
ENST00000460680.6:c.-64C>T	unchanged
ENST00000460680.6:c.-63G>A	unchanged
ENST00000460680.6:c.-63G>C	unchanged
ENST00000460680.6:c.-63G>T	unchanged
ENST00000460680.6:c.-62G>A	unchanged
ENST00000460680.6:c.-62G>C	unchanged
ENST00000460680.6:c.-62G>T	unchanged
ENST00000460680.6:c.-61T>A	unchanged
ENST00000460680.6:c.-61T>C	unchanged
ENST00000460680.6:c.-61T>G	unchanged
ENST00000460680.6:c.-60G>A	unchanged
ENST00000460680.6:c.-60G>C	unchanged
ENST00000460680.6:c.-60G>T	unchanged
ENST00000460680.6:c.-59G>A	unchanged
ENST00000460680.6:c.-59G>C	unchanged
ENST00000460680.6:c.-59G>T	unchanged
ENST00000460680.6:c.-58G>A	unchanged
ENST00000460680.6:c.-58G>C	unchanged
ENST00000460680.6:c.-58G>T	unchanged
ENST00000460680.6:c.-57G>A	unchanged
ENST00000460680.6:c.-57G>C	unchanged
ENST00000460680.6:c.-57G>T	unchanged
ENST00000460680.6:c.-56G>A	unchanged
ENST00000460680.6:c.-56G>C	unchanged
ENST00000460680.6:c.-56G>T	unchanged
ENST00000460680.6:c.-55C>A	unchanged
ENST00000460680.6:c.-55C>G	unchanged
ENST00000460680.6:c.-55C>T	unchanged
ENST00000460680.6:c.-54A>C	unchanged
ENST00000460680.6:c.-54A>G	unchanged
ENST00000460680.6:c.-54A>T	unchanged
ENST00000460680.6:c.-53G>A	unchanged
ENST00000460680.6:c.-53G>C	unchanged
ENST00000460680.6:c.-53G>T	unchanged
ENST00000460680.6:c.-52C>A	unchanged
ENST00000460680.6:c.-52C>G	unchanged
ENST00000460680.6:c.-52C>T	unchanged
ENST00000460680.6:c.-51G>A	unchanged
ENST00000460680.6:c.-51G>C	unchanged
ENST00000460680.6:c.-51G>T	unchanged
ENST00000460680.6:c.-50G>A	unchanged
ENST00000460680.6:c.-50G>C	unchanged
ENST00000460680.6:c.-50G>T	unchanged
ENST00000460680.6:c.-49T>A	unchanged
ENST00000460680.6:c.-49T>C	unchanged
ENST00000460680.6:c.-49T>G	unchanged
ENST00000460680.6:c.-48G>A	unchanged
ENST00000460680.6:c.-48G>C	unchanged
ENST00000460680.6:c.-48G>T	unchanged
ENST00000460680.6:c.-47G>A	unchanged
ENST00000460680.6:c.-47G>C	unchanged
ENST00000460680.6:c.-47G>T	unchanged
ENST00000460680.6:c.-46G>A	unchanged
ENST00000460680.6:c.-46G>C	unchanged
ENST00000460680.6:c.-46G>T	unchanged
ENST00000460680.6:c.-45G>A	unchanged
ENST00000460680.6:c.-45G>C	unchanged
ENST00000460680.6:c.-45G>T	unchanged
ENST00000460680.6:c.-44A>C	unchanged
ENST00000460680.6:c.-44A>G	unchanged
ENST00000460680.6:c.-44A>T	unchanged
ENST00000460680.6:c.-43G>A	unchanged
ENST00000460680.6:c.-43G>C	unchanged
ENST00000460680.6:c.-43G>T	weakly depleted
ENST00000460680.6:c.-42G>A	unchanged
ENST00000460680.6:c.-42G>C	unchanged
ENST00000460680.6:c.-42G>T	unchanged
ENST00000460680.6:c.-41G>A	unchanged
ENST00000460680.6:c.-41G>C	unchanged
ENST00000460680.6:c.-41G>T	unchanged
ENST00000460680.6:c.-40A>C	unchanged
ENST00000460680.6:c.-40A>G	unchanged
ENST00000460680.6:c.-40A>T	unchanged
ENST00000460680.6:c.-39G>A	unchanged
ENST00000460680.6:c.-39G>C	unchanged
ENST00000460680.6:c.-39G>T	unchanged
ENST00000460680.6:c.-38G>A	unchanged
ENST00000460680.6:c.-38G>C	unchanged
ENST00000460680.6:c.-38G>T	unchanged
ENST00000460680.6:c.-37G>A	unchanged
ENST00000460680.6:c.-37G>C	unchanged
ENST00000460680.6:c.-37G>T	unchanged
ENST00000460680.6:c.-36C>A	unchanged
ENST00000460680.6:c.-36C>G	unchanged
ENST00000460680.6:c.-36C>T	unchanged
ENST00000460680.6:c.-35C>A	unchanged
ENST00000460680.6:c.-35C>G	unchanged
ENST00000460680.6:c.-35C>T	unchanged
ENST00000460680.6:c.-34T>A	unchanged
ENST00000460680.6:c.-34T>C	unchanged
ENST00000460680.6:c.-34T>G	unchanged
ENST00000460680.6:c.-33G>A	unchanged
ENST00000460680.6:c.-33G>C	unchanged
ENST00000460680.6:c.-33G>T	unchanged
ENST00000460680.6:c.-32G>A	unchanged
ENST00000460680.6:c.-32G>C	unchanged
ENST00000460680.6:c.-32G>T	unchanged
ENST00000460680.6:c.-31A>C	unchanged
ENST00000460680.6:c.-31A>G	unchanged
ENST00000460680.6:c.-31A>T	unchanged
ENST00000460680.6:c.-30C>A	unchanged
ENST00000460680.6:c.-30C>G	unchanged
ENST00000460680.6:c.-30C>T	unchanged
ENST00000460680.6:c.-29A>C	weakly depleted
ENST00000460680.6:c.-29A>G	unchanged
ENST00000460680.6:c.-29A>T	unchanged
ENST00000460680.6:c.-28T>A	unchanged
ENST00000460680.6:c.-28T>C	weakly depleted
ENST00000460680.6:c.-28T>G	weakly depleted
ENST00000460680.6:c.-27G>A	weakly depleted
ENST00000460680.6:c.-27G>C	weakly depleted
ENST00000460680.6:c.-27G>T	weakly depleted
ENST00000460680.6:c.-26G>A	unchanged
ENST00000460680.6:c.-26G>C	unchanged
ENST00000460680.6:c.-26G>T	unchanged
ENST00000460680.6:c.-25C>A	unchanged
ENST00000460680.6:c.-25C>G	unchanged
ENST00000460680.6:c.-25C>T	weakly depleted
ENST00000460680.6:c.-24G>A	unchanged
ENST00000460680.6:c.-24G>C	unchanged
ENST00000460680.6:c.-24G>T	unchanged
ENST00000460680.6:c.-23C>A	unchanged
ENST00000460680.6:c.-23C>G	unchanged
ENST00000460680.6:c.-23C>T	unchanged
ENST00000460680.6:c.-22T>A	unchanged
ENST00000460680.6:c.-22T>C	unchanged
ENST00000460680.6:c.-22T>G	enriched
ENST00000460680.6:c.-21G>A	unchanged
ENST00000460680.6:c.-21G>C	unchanged
ENST00000460680.6:c.-21G>T	unchanged
ENST00000460680.6:c.-20A>C	unchanged
ENST00000460680.6:c.-20A>G	unchanged
ENST00000460680.6:c.-20A>T	unchanged
ENST00000460680.6:c.-19G>A	unchanged
ENST00000460680.6:c.-19G>C	unchanged
ENST00000460680.6:c.-19G>T	unchanged
ENST00000460680.6:c.-18G>A	unchanged
ENST00000460680.6:c.-18G>C	unchanged
ENST00000460680.6:c.-18G>T	unchanged
ENST00000460680.6:c.-17G>A	unchanged
ENST00000460680.6:c.-17G>C	unchanged
ENST00000460680.6:c.-17G>T	unchanged
ENST00000460680.6:c.-16G>A	unchanged
ENST00000460680.6:c.-16G>C	unchanged
ENST00000460680.6:c.-16G>T	unchanged
ENST00000460680.6:c.-15C>A	unchanged
ENST00000460680.6:c.-15C>G	unchanged
ENST00000460680.6:c.-15C>T	unchanged
ENST00000460680.6:c.-14C>A	unchanged
ENST00000460680.6:c.-14C>G	unchanged
ENST00000460680.6:c.-14C>T	unchanged
ENST00000460680.6:c.-13G>A	unchanged
ENST00000460680.6:c.-13G>C	unchanged
ENST00000460680.6:c.-13G>T	unchanged
ENST00000460680.6:c.-12C>A	unchanged
ENST00000460680.6:c.-12C>G	unchanged
ENST00000460680.6:c.-12C>T	unchanged
ENST00000460680.6:c.-11C>A	unchanged
ENST00000460680.6:c.-11C>G	unchanged
ENST00000460680.6:c.-11C>T	unchanged
ENST00000460680.6:c.-10C>A	unchanged
ENST00000460680.6:c.-10C>G	unchanged
ENST00000460680.6:c.-10C>T	unchanged
ENST00000460680.6:c.-9C>A	unchanged
ENST00000460680.6:c.-9C>G	unchanged
ENST00000460680.6:c.-9C>T	unchanged
ENST00000460680.6:c.-8G>A	unchanged
ENST00000460680.6:c.-8G>C	unchanged
ENST00000460680.6:c.-8G>T	unchanged
ENST00000460680.6:c.-7C>A	unchanged
ENST00000460680.6:c.-7C>G	unchanged
ENST00000460680.6:c.-7C>T	unchanged
ENST00000460680.6:c.-6G>A	unchanged
ENST00000460680.6:c.-6G>C	unchanged
ENST00000460680.6:c.-6G>T	unchanged
ENST00000460680.6:c.-5G>A	unchanged
ENST00000460680.6:c.-5G>C	unchanged
ENST00000460680.6:c.-5G>T	unchanged
ENST00000460680.6:c.-4G>A	unchanged
ENST00000460680.6:c.-4G>C	unchanged
ENST00000460680.6:c.-4G>T	unchanged
ENST00000460680.6:c.-3A>C	weakly depleted
ENST00000460680.6:c.-3A>G	unchanged
ENST00000460680.6:c.-3A>T	weakly depleted
ENST00000460680.6:c.-2A>C	unchanged
ENST00000460680.6:c.-2A>G	unchanged
ENST00000460680.6:c.-2A>T	unchanged
ENST00000460680.6:c.-1G>A	unchanged
ENST00000460680.6:c.-1G>C	unchanged
ENST00000460680.6:c.-1G>T	unchanged
ENST00000460680.6:c.1A>C	strongly depleted
ENST00000460680.6:c.1A>G	strongly depleted
ENST00000460680.6:c.1A>T	strongly depleted
ENST00000460680.6:c.2T>A	weakly depleted
ENST00000460680.6:c.2T>C	strongly depleted
ENST00000460680.6:c.2T>G	strongly depleted
ENST00000460680.6:c.3G>A	strongly depleted
ENST00000460680.6:c.3G>C	strongly depleted
ENST00000460680.6:c.3G>T	strongly depleted
ENST00000460680.6:c.4A>C	unchanged
ENST00000460680.6:c.4A>G	unchanged
ENST00000460680.6:c.4A>T	unchanged
ENST00000460680.6:c.5A>C	unchanged
ENST00000460680.6:c.5A>G	unchanged
ENST00000460680.6:c.5A>T	unchanged
ENST00000460680.6:c.6T>A	unchanged
ENST00000460680.6:c.6T>C	unchanged
ENST00000460680.6:c.6T>G	unchanged
ENST00000460680.6:c.7A>C	unchanged
ENST00000460680.6:c.7A>G	unchanged
ENST00000460680.6:c.7A>T	strongly depleted
ENST00000460680.6:c.8A>C	unchanged
ENST00000460680.6:c.8A>G	unchanged
ENST00000460680.6:c.8A>T	unchanged
ENST00000460680.6:c.9G>A	unchanged
ENST00000460680.6:c.9G>C	unchanged
ENST00000460680.6:c.9G>T	unchanged
ENST00000460680.6:c.10G>A	unchanged
ENST00000460680.6:c.10G>C	unchanged
ENST00000460680.6:c.10G>T	unchanged
ENST00000460680.6:c.11G>A	unchanged
ENST00000460680.6:c.11G>C	unchanged
ENST00000460680.6:c.11G>T	unchanged
ENST00000460680.6:c.12C>A	unchanged
ENST00000460680.6:c.12C>G	unchanged
ENST00000460680.6:c.12C>T	unchanged
ENST00000460680.6:c.13T>A	weakly depleted
ENST00000460680.6:c.13T>C	weakly depleted
ENST00000460680.6:c.13T>G	weakly depleted
ENST00000460680.6:c.14G>A	strongly depleted
ENST00000460680.6:c.14G>C	weakly depleted
ENST00000460680.6:c.14G>T	unchanged
ENST00000460680.6:c.15G>A	weakly depleted
ENST00000460680.6:c.15G>C	enriched
ENST00000460680.6:c.15G>T	unchanged
ENST00000460680.6:c.16C>A	unchanged
ENST00000460680.6:c.16C>G	unchanged
ENST00000460680.6:c.16C>T	unchanged
ENST00000460680.6:c.17T>A	unchanged
ENST00000460680.6:c.17T>C	unchanged
ENST00000460680.6:c.17T>G	unchanged
ENST00000460680.6:c.18G>A	unchanged
ENST00000460680.6:c.18G>C	unchanged
ENST00000460680.6:c.18G>T	unchanged
ENST00000460680.6:c.19G>A	unchanged
ENST00000460680.6:c.19G>C	unchanged
ENST00000460680.6:c.19G>T	weakly depleted
ENST00000460680.6:c.20A>C	unchanged
ENST00000460680.6:c.20A>G	unchanged
ENST00000460680.6:c.20A>T	unchanged
ENST00000460680.6:c.21G>A	unchanged
ENST00000460680.6:c.21G>C	unchanged
ENST00000460680.6:c.21G>T	unchanged
ENST00000460680.6:c.22C>A	unchanged
ENST00000460680.6:c.22C>G	weakly depleted
ENST00000460680.6:c.22C>T	unchanged
ENST00000460680.6:c.23T>A	unchanged
ENST00000460680.6:c.23T>C	weakly depleted
ENST00000460680.6:c.23T>G	strongly depleted
ENST00000460680.6:c.24G>A	unchanged
ENST00000460680.6:c.24G>C	unchanged
ENST00000460680.6:c.24G>T	unchanged
ENST00000460680.6:c.25G>A	weakly depleted
ENST00000460680.6:c.25G>C	weakly depleted
ENST00000460680.6:c.25G>T	strongly depleted
ENST00000460680.6:c.26A>C	weakly depleted
ENST00000460680.6:c.26A>G	weakly depleted
ENST00000460680.6:c.26A>T	weakly depleted
ENST00000460680.6:c.27G>A	unchanged
ENST00000460680.6:c.27G>C	weakly depleted
ENST00000460680.6:c.27G>T	weakly depleted
ENST00000460680.6:c.28A>C	strongly depleted
ENST00000460680.6:c.28A>G	weakly depleted
ENST00000460680.6:c.28A>T	weakly depleted
ENST00000460680.6:c.29G>A	strongly depleted
ENST00000460680.6:c.29G>C	strongly depleted
ENST00000460680.6:c.29G>T	strongly depleted
ENST00000460680.6:c.30C>A	strongly depleted
ENST00000460680.6:c.30C>G	strongly depleted
ENST00000460680.6:c.30C>T	unchanged
ENST00000460680.6:c.31G>A	strongly depleted
ENST00000460680.6:c.31G>C	strongly depleted
ENST00000460680.6:c.31G>T	strongly depleted
ENST00000460680.6:c.32A>C	weakly depleted
ENST00000460680.6:c.32A>G	strongly depleted
ENST00000460680.6:c.32A>T	strongly depleted
ENST00000460680.6:c.33C>A	weakly depleted
ENST00000460680.6:c.33C>G	weakly depleted
ENST00000460680.6:c.33C>T	unchanged
ENST00000460680.6:c.34C>A	strongly depleted
ENST00000460680.6:c.34C>G	weakly depleted
ENST00000460680.6:c.34C>T	weakly depleted
ENST00000460680.6:c.35C>A	strongly depleted
ENST00000460680.6:c.35C>G	strongly depleted
ENST00000460680.6:c.35C>T	weakly depleted
ENST00000460680.6:c.36A>C	weakly depleted
ENST00000460680.6:c.36A>G	weakly depleted
ENST00000460680.6:c.36A>T	unchanged
ENST00000460680.6:c.37G>A	weakly depleted
ENST00000460680.6:c.37G>C	weakly depleted
ENST00000460680.6:c.37G>T	weakly depleted
ENST00000460680.6:c.37+1G>A	strongly depleted
ENST00000460680.6:c.37+1G>C	strongly depleted
ENST00000460680.6:c.37+1G>T	strongly depleted
ENST00000460680.6:c.37+2T>A	strongly depleted
ENST00000460680.6:c.37+2T>C	unchanged
ENST00000460680.6:c.37+2T>G	strongly depleted
ENST00000460680.6:c.37+3G>A	weakly depleted
ENST00000460680.6:c.37+3G>C	weakly depleted
ENST00000460680.6:c.37+3G>T	weakly depleted
ENST00000460680.6:c.37+4A>C	unchanged
ENST00000460680.6:c.37+4A>G	unchanged
ENST00000460680.6:c.37+4A>T	unchanged
ENST00000460680.6:c.37+5G>A	unchanged
ENST00000460680.6:c.37+5G>C	unchanged
ENST00000460680.6:c.37+5G>T	unchanged
ENST00000460680.6:c.37+6G>A	unchanged
ENST00000460680.6:c.37+6G>C	unchanged
ENST00000460680.6:c.37+6G>T	unchanged
ENST00000460680.6:c.37+7A>C	unchanged
ENST00000460680.6:c.37+7A>G	unchanged
ENST00000460680.6:c.37+7A>T	unchanged
ENST00000460680.6:c.37+8G>A	unchanged
ENST00000460680.6:c.37+8G>C	unchanged
ENST00000460680.6:c.37+8G>T	unchanged
ENST00000460680.6:c.37+9G>A	unchanged
ENST00000460680.6:c.37+9G>C	unchanged
ENST00000460680.6:c.37+9G>T	unchanged
ENST00000460680.6:c.37+10G>A	unchanged
ENST00000460680.6:c.37+10G>C	unchanged
ENST00000460680.6:c.37+10G>T	unchanged
ENST00000460680.6:c.37+11G>A	unchanged
ENST00000460680.6:c.37+11G>C	unchanged
ENST00000460680.6:c.37+11G>T	unchanged
ENST00000460680.6:c.37+12A>C	enriched
ENST00000460680.6:c.37+12A>G	unchanged
ENST00000460680.6:c.37+12A>T	unchanged
ENST00000460680.6:c.37+13C>A	unchanged
ENST00000460680.6:c.37+13C>G	unchanged
ENST00000460680.6:c.37+13C>T	unchanged
ENST00000460680.6:c.37+14C>A	unchanged
ENST00000460680.6:c.37+14C>G	unchanged
ENST00000460680.6:c.37+14C>T	unchanged
ENST00000460680.6:c.37+15G>A	unchanged
ENST00000460680.6:c.37+15G>C	unchanged
ENST00000460680.6:c.37+15G>T	unchanged
ENST00000460680.6:c.37+16G>A	unchanged
ENST00000460680.6:c.37+16G>C	unchanged
ENST00000460680.6:c.37+16G>T	unchanged
ENST00000460680.6:c.37+17G>A	unchanged
ENST00000460680.6:c.37+17G>C	unchanged
ENST00000460680.6:c.37+17G>T	unchanged
ENST00000460680.6:c.37+18A>C	unchanged
ENST00000460680.6:c.37+18A>G	unchanged
ENST00000460680.6:c.37+18A>T	unchanged
ENST00000460680.6:c.37+19G>A	unchanged
ENST00000460680.6:c.37+19G>C	unchanged
ENST00000460680.6:c.37+19G>T	unchanged
ENST00000460680.6:c.37+20G>A	unchanged
ENST00000460680.6:c.37+20G>C	unchanged
ENST00000460680.6:c.37+20G>T	unchanged
ENST00000460680.6:c.37+21G>A	unchanged
ENST00000460680.6:c.37+21G>C	unchanged
ENST00000460680.6:c.37+21G>T	unchanged
ENST00000460680.6:c.37+22C>A	unchanged
ENST00000460680.6:c.37+22C>G	unchanged
ENST00000460680.6:c.37+22C>T	unchanged
ENST00000460680.6:c.37+23C>A	unchanged
ENST00000460680.6:c.37+23C>G	unchanged
ENST00000460680.6:c.37+23C>T	unchanged
ENST00000460680.6:c.37+24A>C	unchanged
ENST00000460680.6:c.37+24A>G	unchanged
ENST00000460680.6:c.37+24A>T	unchanged
ENST00000460680.6:c.37+25G>A	unchanged
ENST00000460680.6:c.37+25G>C	unchanged
ENST00000460680.6:c.37+25G>T	unchanged
ENST00000460680.6:c.38-25C>A	unchanged
ENST00000460680.6:c.38-25C>G	unchanged
ENST00000460680.6:c.38-25C>T	unchanged
ENST00000460680.6:c.38-24C>A	unchanged
ENST00000460680.6:c.38-24C>G	unchanged
ENST00000460680.6:c.38-24C>T	unchanged
ENST00000460680.6:c.38-23C>A	unchanged
ENST00000460680.6:c.38-23C>G	unchanged
ENST00000460680.6:c.38-23C>T	unchanged
ENST00000460680.6:c.38-22C>A	unchanged
ENST00000460680.6:c.38-22C>G	unchanged
ENST00000460680.6:c.38-22C>T	unchanged
ENST00000460680.6:c.38-21T>A	unchanged
ENST00000460680.6:c.38-21T>C	unchanged
ENST00000460680.6:c.38-21T>G	unchanged
ENST00000460680.6:c.38-20C>A	unchanged
ENST00000460680.6:c.38-20C>G	unchanged
ENST00000460680.6:c.38-20C>T	unchanged
ENST00000460680.6:c.38-19C>A	unchanged
ENST00000460680.6:c.38-19C>G	unchanged
ENST00000460680.6:c.38-19C>T	unchanged
ENST00000460680.6:c.38-18T>A	unchanged
ENST00000460680.6:c.38-18T>C	unchanged
ENST00000460680.6:c.38-18T>G	unchanged
ENST00000460680.6:c.38-17C>A	unchanged
ENST00000460680.6:c.38-17C>G	unchanged
ENST00000460680.6:c.38-17C>T	unchanged
ENST00000460680.6:c.38-16T>A	unchanged
ENST00000460680.6:c.38-16T>C	unchanged
ENST00000460680.6:c.38-16T>G	unchanged
ENST00000460680.6:c.38-15T>A	strongly depleted
ENST00000460680.6:c.38-15T>C	unchanged
ENST00000460680.6:c.38-15T>G	unchanged
ENST00000460680.6:c.38-14G>A	unchanged
ENST00000460680.6:c.38-14G>C	unchanged
ENST00000460680.6:c.38-14G>T	unchanged
ENST00000460680.6:c.38-13T>A	unchanged
ENST00000460680.6:c.38-13T>C	unchanged
ENST00000460680.6:c.38-13T>G	unchanged
ENST00000460680.6:c.38-12C>A	strongly depleted
ENST00000460680.6:c.38-12C>G	unchanged
ENST00000460680.6:c.38-12C>T	unchanged
ENST00000460680.6:c.38-11G>A	unchanged
ENST00000460680.6:c.38-11G>C	unchanged
ENST00000460680.6:c.38-11G>T	unchanged
ENST00000460680.6:c.38-10C>A	unchanged
ENST00000460680.6:c.38-10C>G	unchanged
ENST00000460680.6:c.38-10C>T	unchanged
ENST00000460680.6:c.38-9C>A	unchanged
ENST00000460680.6:c.38-9C>G	unchanged
ENST00000460680.6:c.38-9C>T	unchanged
ENST00000460680.6:c.38-8C>A	unchanged
ENST00000460680.6:c.38-8C>G	unchanged
ENST00000460680.6:c.38-8C>T	unchanged
ENST00000460680.6:c.38-7C>A	unchanged
ENST00000460680.6:c.38-7C>G	unchanged
ENST00000460680.6:c.38-7C>T	unchanged
ENST00000460680.6:c.38-6A>C	unchanged
ENST00000460680.6:c.38-6A>G	unchanged
ENST00000460680.6:c.38-6A>T	unchanged
ENST00000460680.6:c.38-5C>A	unchanged
ENST00000460680.6:c.38-5C>G	weakly depleted
ENST00000460680.6:c.38-5C>T	unchanged
ENST00000460680.6:c.38-4C>A	unchanged
ENST00000460680.6:c.38-4C>G	unchanged
ENST00000460680.6:c.38-4C>T	unchanged
ENST00000460680.6:c.38-3C>A	unchanged
ENST00000460680.6:c.38-3C>G	unchanged
ENST00000460680.6:c.38-3C>T	unchanged
ENST00000460680.6:c.38-2A>C	strongly depleted
ENST00000460680.6:c.38-2A>G	strongly depleted
ENST00000460680.6:c.38-2A>T	strongly depleted
ENST00000460680.6:c.38-1G>A	strongly depleted
ENST00000460680.6:c.38-1G>C	strongly depleted
ENST00000460680.6:c.38-1G>T	strongly depleted
ENST00000460680.6:c.43T>A	weakly depleted
ENST00000460680.6:c.43T>C	weakly depleted
ENST00000460680.6:c.43T>G	weakly depleted
ENST00000460680.6:c.44T>A	strongly depleted
ENST00000460680.6:c.44T>C	weakly depleted
ENST00000460680.6:c.44T>G	weakly depleted
ENST00000460680.6:c.45C>A	weakly depleted
ENST00000460680.6:c.45C>G	weakly depleted
ENST00000460680.6:c.45C>T	unchanged
ENST00000460680.6:c.46A>C	strongly depleted
ENST00000460680.6:c.46A>G	unchanged
ENST00000460680.6:c.46A>T	unchanged
ENST00000460680.6:c.47C>A	unchanged
ENST00000460680.6:c.47C>G	unchanged
ENST00000460680.6:c.47C>T	strongly depleted
ENST00000460680.6:c.48C>A	unchanged
ENST00000460680.6:c.48C>G	unchanged
ENST00000460680.6:c.48C>T	unchanged
ENST00000460680.6:c.49C>A	unchanged
ENST00000460680.6:c.49C>G	weakly depleted
ENST00000460680.6:c.49C>T	unchanged
ENST00000460680.6:c.50T>A	unchanged
ENST00000460680.6:c.50T>C	weakly depleted
ENST00000460680.6:c.50T>G	unchanged
ENST00000460680.6:c.51G>A	unchanged
ENST00000460680.6:c.51G>C	unchanged
ENST00000460680.6:c.51G>T	unchanged
ENST00000460680.6:c.52C>A	unchanged
ENST00000460680.6:c.52C>G	unchanged
ENST00000460680.6:c.52C>T	weakly depleted
ENST00000460680.6:c.53T>A	weakly depleted
ENST00000460680.6:c.53T>C	strongly depleted
ENST00000460680.6:c.53T>G	strongly depleted
ENST00000460680.6:c.54C>A	unchanged
ENST00000460680.6:c.54C>G	unchanged
ENST00000460680.6:c.54C>T	unchanged
ENST00000460680.6:c.55G>A	unchanged
ENST00000460680.6:c.55G>C	unchanged
ENST00000460680.6:c.55G>T	unchanged
ENST00000460680.6:c.56T>A	weakly depleted
ENST00000460680.6:c.56T>C	unchanged
ENST00000460680.6:c.56T>G	enriched
ENST00000460680.6:c.57G>A	unchanged
ENST00000460680.6:c.57G>C	unchanged
ENST00000460680.6:c.57G>T	unchanged
ENST00000460680.6:c.58G>A	unchanged
ENST00000460680.6:c.58G>C	unchanged
ENST00000460680.6:c.58G>T	strongly depleted
ENST00000460680.6:c.59A>C	unchanged
ENST00000460680.6:c.59A>G	unchanged
ENST00000460680.6:c.59A>T	weakly depleted
ENST00000460680.6:c.60A>C	unchanged
ENST00000460680.6:c.60A>G	unchanged
ENST00000460680.6:c.60A>T	unchanged
ENST00000460680.6:c.61G>A	unchanged
ENST00000460680.6:c.61G>C	unchanged
ENST00000460680.6:c.61G>T	weakly depleted
ENST00000460680.6:c.62A>C	unchanged
ENST00000460680.6:c.62A>G	unchanged
ENST00000460680.6:c.62A>T	weakly depleted
ENST00000460680.6:c.63T>A	unchanged
ENST00000460680.6:c.63T>C	unchanged
ENST00000460680.6:c.63T>G	unchanged
ENST00000460680.6:c.64T>A	unchanged
ENST00000460680.6:c.64T>C	unchanged
ENST00000460680.6:c.64T>G	unchanged
ENST00000460680.6:c.65T>A	unchanged
ENST00000460680.6:c.65T>C	weakly depleted
ENST00000460680.6:c.65T>G	unchanged
ENST00000460680.6:c.66C>A	unchanged
ENST00000460680.6:c.66C>G	unchanged
ENST00000460680.6:c.66C>T	unchanged
ENST00000460680.6:c.67G>A	unchanged
ENST00000460680.6:c.67G>C	unchanged
ENST00000460680.6:c.67G>T	unchanged
ENST00000460680.6:c.67+1G>A	strongly depleted
ENST00000460680.6:c.67+1G>C	strongly depleted
ENST00000460680.6:c.67+1G>T	strongly depleted
ENST00000460680.6:c.67+2T>A	strongly depleted
ENST00000460680.6:c.67+2T>C	strongly depleted
ENST00000460680.6:c.67+2T>G	strongly depleted
ENST00000460680.6:c.67+3A>C	weakly depleted
ENST00000460680.6:c.67+3A>G	unchanged
ENST00000460680.6:c.67+3A>T	unchanged
ENST00000460680.6:c.67+4A>C	unchanged
ENST00000460680.6:c.67+4A>G	unchanged
ENST00000460680.6:c.67+4A>T	unchanged
ENST00000460680.6:c.67+5G>A	unchanged
ENST00000460680.6:c.67+5G>C	unchanged
ENST00000460680.6:c.67+5G>T	unchanged
ENST00000460680.6:c.67+6A>C	unchanged
ENST00000460680.6:c.67+6A>G	unchanged
ENST00000460680.6:c.67+6A>T	unchanged
ENST00000460680.6:c.67+7G>A	unchanged
ENST00000460680.6:c.67+7G>C	unchanged
ENST00000460680.6:c.67+7G>T	unchanged
ENST00000460680.6:c.67+8C>A	unchanged
ENST00000460680.6:c.67+8C>G	unchanged
ENST00000460680.6:c.67+8C>T	unchanged
ENST00000460680.6:c.67+9C>A	unchanged
ENST00000460680.6:c.67+9C>G	unchanged
ENST00000460680.6:c.67+9C>T	unchanged
ENST00000460680.6:c.67+10T>A	unchanged
ENST00000460680.6:c.67+10T>C	unchanged
ENST00000460680.6:c.67+10T>G	unchanged
ENST00000460680.6:c.67+11T>A	unchanged
ENST00000460680.6:c.67+11T>C	unchanged
ENST00000460680.6:c.67+11T>G	unchanged
ENST00000460680.6:c.67+12T>A	unchanged
ENST00000460680.6:c.67+12T>C	unchanged
ENST00000460680.6:c.67+12T>G	unchanged
ENST00000460680.6:c.67+13T>A	unchanged
ENST00000460680.6:c.67+13T>C	unchanged
ENST00000460680.6:c.67+13T>G	unchanged
ENST00000460680.6:c.67+14C>A	unchanged
ENST00000460680.6:c.67+14C>G	unchanged
ENST00000460680.6:c.67+14C>T	unchanged
ENST00000460680.6:c.67+15T>A	unchanged
ENST00000460680.6:c.67+15T>C	unchanged
ENST00000460680.6:c.67+15T>G	unchanged
ENST00000460680.6:c.67+16C>A	unchanged
ENST00000460680.6:c.67+16C>G	unchanged
ENST00000460680.6:c.67+16C>T	unchanged
ENST00000460680.6:c.67+17C>A	unchanged
ENST00000460680.6:c.67+17C>G	unchanged
ENST00000460680.6:c.67+17C>T	unchanged
ENST00000460680.6:c.67+18C>A	unchanged
ENST00000460680.6:c.67+18C>G	unchanged
ENST00000460680.6:c.67+18C>T	unchanged
ENST00000460680.6:c.67+19T>A	unchanged
ENST00000460680.6:c.67+19T>C	unchanged
ENST00000460680.6:c.67+19T>G	unchanged
ENST00000460680.6:c.67+20G>A	unchanged
ENST00000460680.6:c.67+20G>C	unchanged
ENST00000460680.6:c.67+20G>T	unchanged
ENST00000460680.6:c.67+21C>A	unchanged
ENST00000460680.6:c.67+21C>G	unchanged
ENST00000460680.6:c.67+21C>T	unchanged
ENST00000460680.6:c.67+22C>A	unchanged
ENST00000460680.6:c.67+22C>G	unchanged
ENST00000460680.6:c.67+22C>T	unchanged
ENST00000460680.6:c.67+23G>A	unchanged
ENST00000460680.6:c.67+23G>C	unchanged
ENST00000460680.6:c.67+23G>T	unchanged
ENST00000460680.6:c.67+24G>A	unchanged
ENST00000460680.6:c.67+24G>C	unchanged
ENST00000460680.6:c.67+24G>T	unchanged
ENST00000460680.6:c.67+25A>C	unchanged
ENST00000460680.6:c.67+25A>G	unchanged
ENST00000460680.6:c.67+25A>T	unchanged
ENST00000460680.6:c.68-25T>A	unchanged
ENST00000460680.6:c.68-25T>C	unchanged
ENST00000460680.6:c.68-25T>G	unchanged
ENST00000460680.6:c.68-24A>C	unchanged
ENST00000460680.6:c.68-24A>G	unchanged
ENST00000460680.6:c.68-24A>T	unchanged
ENST00000460680.6:c.68-23C>A	unchanged
ENST00000460680.6:c.68-23C>G	unchanged
ENST00000460680.6:c.68-23C>T	unchanged
ENST00000460680.6:c.68-22T>A	unchanged
ENST00000460680.6:c.68-22T>C	unchanged
ENST00000460680.6:c.68-22T>G	unchanged
ENST00000460680.6:c.68-21G>A	unchanged
ENST00000460680.6:c.68-21G>C	unchanged
ENST00000460680.6:c.68-21G>T	unchanged
ENST00000460680.6:c.68-20C>A	unchanged
ENST00000460680.6:c.68-20C>G	unchanged
ENST00000460680.6:c.68-20C>T	unchanged
ENST00000460680.6:c.68-19T>A	unchanged
ENST00000460680.6:c.68-19T>C	unchanged
ENST00000460680.6:c.68-19T>G	unchanged
ENST00000460680.6:c.68-18T>A	unchanged
ENST00000460680.6:c.68-18T>C	unchanged
ENST00000460680.6:c.68-18T>G	unchanged
ENST00000460680.6:c.68-17T>A	unchanged
ENST00000460680.6:c.68-17T>C	unchanged
ENST00000460680.6:c.68-17T>G	unchanged
ENST00000460680.6:c.68-16C>A	unchanged
ENST00000460680.6:c.68-16C>G	unchanged
ENST00000460680.6:c.68-16C>T	unchanged
ENST00000460680.6:c.68-15C>A	unchanged
ENST00000460680.6:c.68-15C>G	unchanged
ENST00000460680.6:c.68-15C>T	unchanged
ENST00000460680.6:c.68-14T>A	unchanged
ENST00000460680.6:c.68-14T>C	unchanged
ENST00000460680.6:c.68-14T>G	unchanged
ENST00000460680.6:c.68-13T>A	unchanged
ENST00000460680.6:c.68-13T>C	unchanged
ENST00000460680.6:c.68-13T>G	unchanged
ENST00000460680.6:c.68-12T>A	unchanged
ENST00000460680.6:c.68-12T>C	unchanged
ENST00000460680.6:c.68-12T>G	unchanged
ENST00000460680.6:c.68-11C>A	unchanged
ENST00000460680.6:c.68-11C>G	unchanged
ENST00000460680.6:c.68-11C>T	unchanged
ENST00000460680.6:c.68-10C>A	unchanged
ENST00000460680.6:c.68-10C>G	unchanged
ENST00000460680.6:c.68-10C>T	unchanged
ENST00000460680.6:c.68-9T>A	unchanged
ENST00000460680.6:c.68-9T>C	unchanged
ENST00000460680.6:c.68-9T>G	unchanged
ENST00000460680.6:c.68-8C>A	weakly depleted
ENST00000460680.6:c.68-8C>G	unchanged
ENST00000460680.6:c.68-8C>T	unchanged
ENST00000460680.6:c.68-7A>C	unchanged
ENST00000460680.6:c.68-7A>G	unchanged
ENST00000460680.6:c.68-7A>T	unchanged
ENST00000460680.6:c.68-6T>A	unchanged
ENST00000460680.6:c.68-6T>C	unchanged
ENST00000460680.6:c.68-6T>G	unchanged
ENST00000460680.6:c.68-5C>A	weakly depleted
ENST00000460680.6:c.68-5C>G	unchanged
ENST00000460680.6:c.68-5C>T	unchanged
ENST00000460680.6:c.68-4G>A	unchanged
ENST00000460680.6:c.68-4G>C	unchanged
ENST00000460680.6:c.68-4G>T	unchanged
ENST00000460680.6:c.68-3C>A	unchanged
ENST00000460680.6:c.68-3C>G	weakly depleted
ENST00000460680.6:c.68-3C>T	unchanged
ENST00000460680.6:c.68-2A>C	strongly depleted
ENST00000460680.6:c.68-2A>G	strongly depleted
ENST00000460680.6:c.68-2A>T	strongly depleted
ENST00000460680.6:c.68-1G>A	strongly depleted
ENST00000460680.6:c.68-1G>C	strongly depleted
ENST00000460680.6:c.68-1G>T	strongly depleted
ENST00000460680.6:c.68G>A	unchanged
ENST00000460680.6:c.68G>C	unchanged
ENST00000460680.6:c.68G>T	weakly depleted
ENST00000460680.6:c.69T>A	unchanged
ENST00000460680.6:c.69T>C	unchanged
ENST00000460680.6:c.69T>G	unchanged
ENST00000460680.6:c.70G>A	unchanged
ENST00000460680.6:c.70G>C	unchanged
ENST00000460680.6:c.70G>T	weakly depleted
ENST00000460680.6:c.71T>A	strongly depleted
ENST00000460680.6:c.71T>C	unchanged
ENST00000460680.6:c.71T>G	weakly depleted
ENST00000460680.6:c.72C>A	unchanged
ENST00000460680.6:c.72C>G	unchanged
ENST00000460680.6:c.72C>T	unchanged
ENST00000460680.6:c.73A>C	unchanged
ENST00000460680.6:c.73A>G	unchanged
ENST00000460680.6:c.73A>T	strongly depleted
ENST00000460680.6:c.74A>C	unchanged
ENST00000460680.6:c.74A>G	unchanged
ENST00000460680.6:c.74A>T	unchanged
ENST00000460680.6:c.75G>A	unchanged
ENST00000460680.6:c.75G>C	unchanged
ENST00000460680.6:c.75G>T	unchanged
ENST00000460680.6:c.76G>A	unchanged
ENST00000460680.6:c.76G>C	unchanged
ENST00000460680.6:c.76G>T	unchanged
ENST00000460680.6:c.77G>A	unchanged
ENST00000460680.6:c.77G>C	unchanged
ENST00000460680.6:c.77G>T	weakly depleted
ENST00000460680.6:c.78G>A	unchanged
ENST00000460680.6:c.78G>C	unchanged
ENST00000460680.6:c.78G>T	unchanged
ENST00000460680.6:c.79G>A	unchanged
ENST00000460680.6:c.79G>C	unchanged
ENST00000460680.6:c.79G>T	unchanged
ENST00000460680.6:c.80T>A	strongly depleted
ENST00000460680.6:c.80T>C	unchanged
ENST00000460680.6:c.80T>G	weakly depleted
ENST00000460680.6:c.81G>A	unchanged
ENST00000460680.6:c.81G>C	enriched
ENST00000460680.6:c.81G>T	unchanged
ENST00000460680.6:c.85G>A	unchanged
ENST00000460680.6:c.85G>C	unchanged
ENST00000460680.6:c.85G>T	unchanged
ENST00000460680.6:c.86T>A	strongly depleted
ENST00000460680.6:c.86T>C	unchanged
ENST00000460680.6:c.86T>G	strongly depleted
ENST00000460680.6:c.87G>A	unchanged
ENST00000460680.6:c.87G>C	unchanged
ENST00000460680.6:c.87G>T	unchanged
ENST00000460680.6:c.91G>A	strongly depleted
ENST00000460680.6:c.91G>C	strongly depleted
ENST00000460680.6:c.91G>T	strongly depleted
ENST00000460680.6:c.92A>C	strongly depleted
ENST00000460680.6:c.92A>G	strongly depleted
ENST00000460680.6:c.92A>T	strongly depleted
ENST00000460680.6:c.93G>A	unchanged
ENST00000460680.6:c.93G>C	enriched
ENST00000460680.6:c.93G>T	enriched
ENST00000460680.6:c.94A>C	unchanged
ENST00000460680.6:c.94A>G	unchanged
ENST00000460680.6:c.94A>T	weakly depleted
ENST00000460680.6:c.95T>A	weakly depleted
ENST00000460680.6:c.95T>C	weakly depleted
ENST00000460680.6:c.95T>G	weakly depleted
ENST00000460680.6:c.96C>A	unchanged
ENST00000460680.6:c.96C>G	unchanged
ENST00000460680.6:c.96C>T	unchanged
ENST00000460680.6:c.97T>A	weakly depleted
ENST00000460680.6:c.97T>C	weakly depleted
ENST00000460680.6:c.97T>G	weakly depleted
ENST00000460680.6:c.98A>C	weakly depleted
ENST00000460680.6:c.98A>G	weakly depleted
ENST00000460680.6:c.98A>T	unchanged
ENST00000460680.6:c.99C>A	strongly depleted
ENST00000460680.6:c.99C>G	strongly depleted
ENST00000460680.6:c.99C>T	unchanged
ENST00000460680.6:c.100G>A	unchanged
ENST00000460680.6:c.100G>C	weakly depleted
ENST00000460680.6:c.100G>T	weakly depleted
ENST00000460680.6:c.101A>C	weakly depleted
ENST00000460680.6:c.101A>G	weakly depleted
ENST00000460680.6:c.101A>T	weakly depleted
ENST00000460680.6:c.102C>A	enriched
ENST00000460680.6:c.102C>G	enriched
ENST00000460680.6:c.102C>T	unchanged
ENST00000460680.6:c.103C>A	weakly depleted
ENST00000460680.6:c.103C>G	weakly depleted
ENST00000460680.6:c.103C>T	weakly depleted
ENST00000460680.6:c.104T>A	weakly depleted
ENST00000460680.6:c.104T>C	weakly depleted
ENST00000460680.6:c.104T>G	weakly depleted
ENST00000460680.6:c.105T>A	unchanged
ENST00000460680.6:c.105T>C	unchanged
ENST00000460680.6:c.105T>G	unchanged
ENST00000460680.6:c.106C>A	unchanged
ENST00000460680.6:c.106C>G	unchanged
ENST00000460680.6:c.106C>T	strongly depleted
ENST00000460680.6:c.107A>C	unchanged
ENST00000460680.6:c.107A>G	unchanged
ENST00000460680.6:c.107A>T	unchanged
ENST00000460680.6:c.108G>A	unchanged
ENST00000460680.6:c.108G>C	unchanged
ENST00000460680.6:c.108G>T	unchanged
ENST00000460680.6:c.109A>C	unchanged
ENST00000460680.6:c.109A>G	unchanged
ENST00000460680.6:c.109A>T	unchanged
ENST00000460680.6:c.110G>A	unchanged
ENST00000460680.6:c.110G>C	unchanged
ENST00000460680.6:c.110G>T	unchanged
ENST00000460680.6:c.111C>A	unchanged
ENST00000460680.6:c.111C>G	unchanged
ENST00000460680.6:c.111C>T	unchanged
ENST00000460680.6:c.112A>C	unchanged
ENST00000460680.6:c.112A>G	unchanged
ENST00000460680.6:c.112A>T	strongly depleted
ENST00000460680.6:c.113A>C	unchanged
ENST00000460680.6:c.113A>G	unchanged
ENST00000460680.6:c.113A>T	unchanged
ENST00000460680.6:c.114A>C	unchanged
ENST00000460680.6:c.114A>G	unchanged
ENST00000460680.6:c.114A>T	unchanged
ENST00000460680.6:c.115T>A	unchanged
ENST00000460680.6:c.115T>C	unchanged
ENST00000460680.6:c.115T>G	unchanged
ENST00000460680.6:c.116G>A	unchanged
ENST00000460680.6:c.116G>C	unchanged
ENST00000460680.6:c.116G>T	unchanged
ENST00000460680.6:c.117T>A	strongly depleted
ENST00000460680.6:c.117T>C	unchanged
ENST00000460680.6:c.117T>G	unchanged
ENST00000460680.6:c.118C>A	unchanged
ENST00000460680.6:c.118C>G	unchanged
ENST00000460680.6:c.118C>T	strongly depleted
ENST00000460680.6:c.119A>C	unchanged
ENST00000460680.6:c.119A>G	unchanged
ENST00000460680.6:c.119A>T	unchanged
ENST00000460680.6:c.120G>A	unchanged
ENST00000460680.6:c.120G>C	unchanged
ENST00000460680.6:c.120G>T	unchanged
ENST00000460680.6:c.121G>A	unchanged
ENST00000460680.6:c.121G>C	unchanged
ENST00000460680.6:c.121G>T	unchanged
ENST00000460680.6:c.122G>A	unchanged
ENST00000460680.6:c.122G>C	unchanged
ENST00000460680.6:c.122G>T	weakly depleted
ENST00000460680.6:c.122+1G>A	strongly depleted
ENST00000460680.6:c.122+1G>C	strongly depleted
ENST00000460680.6:c.122+1G>T	strongly depleted
ENST00000460680.6:c.122+2T>A	strongly depleted
ENST00000460680.6:c.122+2T>C	strongly depleted
ENST00000460680.6:c.122+2T>G	strongly depleted
ENST00000460680.6:c.122+3G>A	unchanged
ENST00000460680.6:c.122+3G>C	weakly depleted
ENST00000460680.6:c.122+3G>T	strongly depleted
ENST00000460680.6:c.122+4A>C	weakly depleted
ENST00000460680.6:c.122+4A>G	strongly depleted
ENST00000460680.6:c.122+4A>T	strongly depleted
ENST00000460680.6:c.122+5G>A	strongly depleted
ENST00000460680.6:c.122+5G>C	strongly depleted
ENST00000460680.6:c.122+5G>T	strongly depleted
ENST00000460680.6:c.122+6T>A	unchanged
ENST00000460680.6:c.122+6T>C	unchanged
ENST00000460680.6:c.122+6T>G	strongly depleted
ENST00000460680.6:c.122+7G>A	unchanged
ENST00000460680.6:c.122+7G>C	unchanged
ENST00000460680.6:c.122+7G>T	unchanged
ENST00000460680.6:c.122+8G>A	unchanged
ENST00000460680.6:c.122+8G>C	unchanged
ENST00000460680.6:c.122+8G>T	unchanged
ENST00000460680.6:c.122+9C>A	unchanged
ENST00000460680.6:c.122+9C>G	unchanged
ENST00000460680.6:c.122+9C>T	unchanged
ENST00000460680.6:c.122+10T>A	unchanged
ENST00000460680.6:c.122+10T>C	unchanged
ENST00000460680.6:c.122+10T>G	unchanged
ENST00000460680.6:c.122+11G>A	unchanged
ENST00000460680.6:c.122+11G>C	unchanged
ENST00000460680.6:c.122+11G>T	unchanged
ENST00000460680.6:c.122+12T>A	unchanged
ENST00000460680.6:c.122+12T>C	unchanged
ENST00000460680.6:c.122+12T>G	unchanged
ENST00000460680.6:c.122+13A>C	unchanged
ENST00000460680.6:c.122+13A>G	unchanged
ENST00000460680.6:c.122+13A>T	unchanged
ENST00000460680.6:c.122+14C>A	unchanged
ENST00000460680.6:c.122+14C>G	unchanged
ENST00000460680.6:c.122+14C>T	unchanged
ENST00000460680.6:c.122+15A>C	unchanged
ENST00000460680.6:c.122+15A>G	unchanged
ENST00000460680.6:c.122+15A>T	unchanged
ENST00000460680.6:c.122+16C>A	unchanged
ENST00000460680.6:c.122+16C>G	unchanged
ENST00000460680.6:c.122+16C>T	unchanged
ENST00000460680.6:c.122+17C>A	unchanged
ENST00000460680.6:c.122+17C>G	unchanged
ENST00000460680.6:c.122+17C>T	unchanged
ENST00000460680.6:c.122+18A>C	unchanged
ENST00000460680.6:c.122+18A>G	unchanged
ENST00000460680.6:c.122+18A>T	unchanged
ENST00000460680.6:c.122+19G>A	unchanged
ENST00000460680.6:c.122+19G>C	unchanged
ENST00000460680.6:c.122+19G>T	unchanged
ENST00000460680.6:c.122+20G>A	unchanged
ENST00000460680.6:c.122+20G>C	unchanged
ENST00000460680.6:c.122+20G>T	unchanged
ENST00000460680.6:c.122+21G>A	unchanged
ENST00000460680.6:c.122+21G>C	unchanged
ENST00000460680.6:c.122+21G>T	unchanged
ENST00000460680.6:c.122+22C>A	unchanged
ENST00000460680.6:c.122+22C>G	unchanged
ENST00000460680.6:c.122+22C>T	unchanged
ENST00000460680.6:c.122+23T>A	unchanged
ENST00000460680.6:c.122+23T>C	unchanged
ENST00000460680.6:c.122+23T>G	unchanged
ENST00000460680.6:c.122+24G>A	unchanged
ENST00000460680.6:c.122+24G>C	unchanged
ENST00000460680.6:c.122+24G>T	unchanged
ENST00000460680.6:c.122+25C>A	unchanged
ENST00000460680.6:c.122+25C>G	unchanged
ENST00000460680.6:c.122+25C>T	unchanged
ENST00000460680.6:c.123-25T>A	unchanged
ENST00000460680.6:c.123-25T>C	unchanged
ENST00000460680.6:c.123-25T>G	unchanged
ENST00000460680.6:c.123-24G>A	enriched
ENST00000460680.6:c.123-24G>C	enriched
ENST00000460680.6:c.123-24G>T	enriched
ENST00000460680.6:c.123-23G>A	enriched
ENST00000460680.6:c.123-23G>C	unchanged
ENST00000460680.6:c.123-23G>T	enriched
ENST00000460680.6:c.123-22C>A	unchanged
ENST00000460680.6:c.123-22C>G	unchanged
ENST00000460680.6:c.123-22C>T	enriched
ENST00000460680.6:c.123-21T>A	unchanged
ENST00000460680.6:c.123-21T>C	weakly depleted
ENST00000460680.6:c.123-21T>G	unchanged
ENST00000460680.6:c.123-20C>A	unchanged
ENST00000460680.6:c.123-20C>G	unchanged
ENST00000460680.6:c.123-20C>T	enriched
ENST00000460680.6:c.123-19T>A	strongly depleted
ENST00000460680.6:c.123-19T>C	unchanged
ENST00000460680.6:c.123-19T>G	weakly depleted
ENST00000460680.6:c.123-18G>A	enriched
ENST00000460680.6:c.123-18G>C	enriched
ENST00000460680.6:c.123-18G>T	enriched
ENST00000460680.6:c.123-17C>A	unchanged
ENST00000460680.6:c.123-17C>G	weakly depleted
ENST00000460680.6:c.123-17C>T	enriched
ENST00000460680.6:c.123-16C>A	enriched
ENST00000460680.6:c.123-16C>G	weakly depleted
ENST00000460680.6:c.123-16C>T	enriched
ENST00000460680.6:c.123-15C>A	unchanged
ENST00000460680.6:c.123-15C>G	enriched
ENST00000460680.6:c.123-15C>T	enriched
ENST00000460680.6:c.123-14C>A	enriched
ENST00000460680.6:c.123-14C>G	enriched
ENST00000460680.6:c.123-14C>T	enriched
ENST00000460680.6:c.123-13T>A	weakly depleted
ENST00000460680.6:c.123-13T>C	weakly depleted
ENST00000460680.6:c.123-13T>G	weakly depleted
ENST00000460680.6:c.123-12T>A	weakly depleted
ENST00000460680.6:c.123-12T>C	weakly depleted
ENST00000460680.6:c.123-12T>G	weakly depleted
ENST00000460680.6:c.123-11A>C	unchanged
ENST00000460680.6:c.123-11A>G	enriched
ENST00000460680.6:c.123-11A>T	enriched
ENST00000460680.6:c.123-10C>A	unchanged
ENST00000460680.6:c.123-10C>G	strongly depleted
ENST00000460680.6:c.123-10C>T	enriched
ENST00000460680.6:c.123-9T>A	unchanged
ENST00000460680.6:c.123-9T>C	enriched
ENST00000460680.6:c.123-9T>G	weakly depleted
ENST00000460680.6:c.123-8T>A	weakly depleted
ENST00000460680.6:c.123-8T>C	enriched
ENST00000460680.6:c.123-8T>G	weakly depleted
ENST00000460680.6:c.123-7C>A	strongly depleted
ENST00000460680.6:c.123-7C>G	strongly depleted
ENST00000460680.6:c.123-7C>T	enriched
ENST00000460680.6:c.123-6C>A	weakly depleted
ENST00000460680.6:c.123-6C>G	weakly depleted
ENST00000460680.6:c.123-6C>T	unchanged
ENST00000460680.6:c.123-5C>A	enriched
ENST00000460680.6:c.123-5C>G	unchanged
ENST00000460680.6:c.123-5C>T	enriched
ENST00000460680.6:c.123-4C>A	enriched
ENST00000460680.6:c.123-4C>G	enriched
ENST00000460680.6:c.123-4C>T	enriched
ENST00000460680.6:c.123-3C>A	weakly depleted
ENST00000460680.6:c.123-3C>G	strongly depleted
ENST00000460680.6:c.123-3C>T	unchanged
ENST00000460680.6:c.123-2A>C	weakly depleted
ENST00000460680.6:c.123-2A>G	strongly depleted
ENST00000460680.6:c.123-2A>T	strongly depleted
ENST00000460680.6:c.123-1G>A	weakly depleted
ENST00000460680.6:c.123-1G>C	strongly depleted
ENST00000460680.6:c.123-1G>T	strongly depleted
ENST00000460680.6:c.123C>A	enriched
ENST00000460680.6:c.123C>G	enriched
ENST00000460680.6:c.123C>T	weakly depleted
ENST00000460680.6:c.124C>A	enriched
ENST00000460680.6:c.124C>G	enriched
ENST00000460680.6:c.124C>T	enriched
ENST00000460680.6:c.125C>A	enriched
ENST00000460680.6:c.125C>G	enriched
ENST00000460680.6:c.125C>T	enriched
ENST00000460680.6:c.126T>A	enriched
ENST00000460680.6:c.126T>C	enriched
ENST00000460680.6:c.126T>G	enriched
ENST00000460680.6:c.127G>A	unchanged
ENST00000460680.6:c.127G>C	unchanged
ENST00000460680.6:c.127G>T	weakly depleted
ENST00000460680.6:c.128T>A	weakly depleted
ENST00000460680.6:c.128T>C	enriched
ENST00000460680.6:c.128T>G	weakly depleted
ENST00000460680.6:c.129A>C	unchanged
ENST00000460680.6:c.129A>G	enriched
ENST00000460680.6:c.129A>T	unchanged
ENST00000460680.6:c.130T>A	weakly depleted
ENST00000460680.6:c.130T>C	enriched
ENST00000460680.6:c.130T>G	weakly depleted
ENST00000460680.6:c.131A>C	weakly depleted
ENST00000460680.6:c.131A>G	unchanged
ENST00000460680.6:c.131A>T	enriched
ENST00000460680.6:c.132T>A	strongly depleted
ENST00000460680.6:c.132T>C	unchanged
ENST00000460680.6:c.132T>G	strongly depleted
ENST00000460680.6:c.133G>A	strongly depleted
ENST00000460680.6:c.133G>C	strongly depleted
ENST00000460680.6:c.133G>T	strongly depleted
ENST00000460680.6:c.134G>A	strongly depleted
ENST00000460680.6:c.134G>C	weakly depleted
ENST00000460680.6:c.134G>T	strongly depleted
ENST00000460680.6:c.135A>C	weakly depleted
ENST00000460680.6:c.135A>G	weakly depleted
ENST00000460680.6:c.135A>T	weakly depleted
ENST00000460680.6:c.136T>A	weakly depleted
ENST00000460680.6:c.136T>C	unchanged
ENST00000460680.6:c.136T>G	weakly depleted
ENST00000460680.6:c.137T>A	unchanged
ENST00000460680.6:c.137T>C	strongly depleted
ENST00000460680.6:c.137T>G	weakly depleted
ENST00000460680.6:c.138T>A	unchanged
ENST00000460680.6:c.138T>C	enriched
ENST00000460680.6:c.138T>G	unchanged
ENST00000460680.6:c.139A>C	unchanged
ENST00000460680.6:c.139A>G	unchanged
ENST00000460680.6:c.139A>T	weakly depleted
ENST00000460680.6:c.140T>A	strongly depleted
ENST00000460680.6:c.140T>C	weakly depleted
ENST00000460680.6:c.140T>G	strongly depleted
ENST00000460680.6:c.141C>A	unchanged
ENST00000460680.6:c.141C>G	weakly depleted
ENST00000460680.6:c.141C>T	unchanged
ENST00000460680.6:c.142T>A	weakly depleted
ENST00000460680.6:c.142T>C	weakly depleted
ENST00000460680.6:c.142T>G	weakly depleted
ENST00000460680.6:c.143T>A	unchanged
ENST00000460680.6:c.143T>C	weakly depleted
ENST00000460680.6:c.143T>G	weakly depleted
ENST00000460680.6:c.144C>A	weakly depleted
ENST00000460680.6:c.144C>G	unchanged
ENST00000460680.6:c.144C>T	unchanged
ENST00000460680.6:c.145C>A	weakly depleted
ENST00000460680.6:c.145C>G	strongly depleted
ENST00000460680.6:c.145C>T	unchanged
ENST00000460680.6:c.146T>A	weakly depleted
ENST00000460680.6:c.146T>C	strongly depleted
ENST00000460680.6:c.146T>G	strongly depleted
ENST00000460680.6:c.147G>A	enriched
ENST00000460680.6:c.147G>C	unchanged
ENST00000460680.6:c.147G>T	unchanged
ENST00000460680.6:c.148T>A	weakly depleted
ENST00000460680.6:c.148T>C	unchanged
ENST00000460680.6:c.148T>G	unchanged
ENST00000460680.6:c.149T>A	unchanged
ENST00000460680.6:c.149T>C	unchanged
ENST00000460680.6:c.149T>G	unchanged
ENST00000460680.6:c.150C>A	weakly depleted
ENST00000460680.6:c.150C>G	unchanged
ENST00000460680.6:c.150C>T	unchanged
ENST00000460680.6:c.151A>C	unchanged
ENST00000460680.6:c.151A>G	weakly depleted
ENST00000460680.6:c.151A>T	strongly depleted
ENST00000460680.6:c.152A>C	weakly depleted
ENST00000460680.6:c.152A>G	weakly depleted
ENST00000460680.6:c.152A>T	weakly depleted
ENST00000460680.6:c.153A>C	weakly depleted
ENST00000460680.6:c.153A>G	enriched
ENST00000460680.6:c.153A>T	weakly depleted
ENST00000460680.6:c.154T>A	weakly depleted
ENST00000460680.6:c.154T>C	unchanged
ENST00000460680.6:c.154T>G	strongly depleted
ENST00000460680.6:c.155G>A	weakly depleted
ENST00000460680.6:c.155G>C	weakly depleted
ENST00000460680.6:c.155G>T	weakly depleted
ENST00000460680.6:c.156G>A	strongly depleted
ENST00000460680.6:c.156G>C	weakly depleted
ENST00000460680.6:c.156G>T	weakly depleted
ENST00000460680.6:c.157A>C	weakly depleted
ENST00000460680.6:c.157A>G	weakly depleted
ENST00000460680.6:c.157A>T	weakly depleted
ENST00000460680.6:c.158T>A	unchanged
ENST00000460680.6:c.158T>C	unchanged
ENST00000460680.6:c.158T>G	unchanged
ENST00000460680.6:c.159C>A	weakly depleted
ENST00000460680.6:c.159C>G	unchanged
ENST00000460680.6:c.159C>T	unchanged
ENST00000460680.6:c.160G>A	weakly depleted
ENST00000460680.6:c.160G>C	unchanged
ENST00000460680.6:c.160G>T	strongly depleted
ENST00000460680.6:c.161A>C	weakly depleted
ENST00000460680.6:c.161A>G	weakly depleted
ENST00000460680.6:c.161A>T	strongly depleted
ENST00000460680.6:c.162A>C	enriched
ENST00000460680.6:c.162A>G	unchanged
ENST00000460680.6:c.162A>T	unchanged
ENST00000460680.6:c.163G>A	weakly depleted
ENST00000460680.6:c.163G>C	weakly depleted
ENST00000460680.6:c.163G>T	strongly depleted
ENST00000460680.6:c.164A>C	unchanged
ENST00000460680.6:c.164A>G	weakly depleted
ENST00000460680.6:c.164A>T	weakly depleted
ENST00000460680.6:c.165G>A	unchanged
ENST00000460680.6:c.165G>C	unchanged
ENST00000460680.6:c.165G>T	unchanged
ENST00000460680.6:c.166C>A	weakly depleted
ENST00000460680.6:c.166C>G	weakly depleted
ENST00000460680.6:c.166C>T	unchanged
ENST00000460680.6:c.167G>A	unchanged
ENST00000460680.6:c.167G>C	unchanged
ENST00000460680.6:c.167G>T	unchanged
ENST00000460680.6:c.168C>A	unchanged
ENST00000460680.6:c.168C>G	unchanged
ENST00000460680.6:c.168C>T	enriched
ENST00000460680.6:c.169C>A	unchanged
ENST00000460680.6:c.169C>G	weakly depleted
ENST00000460680.6:c.169C>T	enriched
ENST00000460680.6:c.170G>A	unchanged
ENST00000460680.6:c.170G>C	weakly depleted
ENST00000460680.6:c.170G>T	unchanged
ENST00000460680.6:c.171G>A	enriched
ENST00000460680.6:c.171G>C	unchanged
ENST00000460680.6:c.171G>T	unchanged
ENST00000460680.6:c.172T>A	unchanged
ENST00000460680.6:c.172T>C	unchanged
ENST00000460680.6:c.172T>G	unchanged
ENST00000460680.6:c.173C>A	weakly depleted
ENST00000460680.6:c.173C>G	enriched
ENST00000460680.6:c.173C>T	unchanged
ENST00000460680.6:c.174C>A	unchanged
ENST00000460680.6:c.174C>G	unchanged
ENST00000460680.6:c.174C>T	unchanged
ENST00000460680.6:c.175C>A	unchanged
ENST00000460680.6:c.175C>G	weakly depleted
ENST00000460680.6:c.175C>T	enriched
ENST00000460680.6:c.176G>A	unchanged
ENST00000460680.6:c.176G>C	weakly depleted
ENST00000460680.6:c.176G>T	unchanged
ENST00000460680.6:c.177G>A	enriched
ENST00000460680.6:c.177G>C	unchanged
ENST00000460680.6:c.177G>T	unchanged
ENST00000460680.6:c.178C>A	unchanged
ENST00000460680.6:c.178C>G	unchanged
ENST00000460680.6:c.178C>T	weakly depleted
ENST00000460680.6:c.179G>A	weakly depleted
ENST00000460680.6:c.179G>C	weakly depleted
ENST00000460680.6:c.179G>T	unchanged
ENST00000460680.6:c.180A>C	unchanged
ENST00000460680.6:c.180A>G	enriched
ENST00000460680.6:c.180A>T	weakly depleted
ENST00000460680.6:c.181A>C	unchanged
ENST00000460680.6:c.181A>G	weakly depleted
ENST00000460680.6:c.181A>T	strongly depleted
ENST00000460680.6:c.182A>C	unchanged
ENST00000460680.6:c.182A>G	unchanged
ENST00000460680.6:c.182A>T	unchanged
ENST00000460680.6:c.183G>A	unchanged
ENST00000460680.6:c.183G>C	unchanged
ENST00000460680.6:c.183G>T	unchanged
ENST00000460680.6:c.184G>A	unchanged
ENST00000460680.6:c.184G>C	unchanged
ENST00000460680.6:c.184G>T	unchanged
ENST00000460680.6:c.185T>A	unchanged
ENST00000460680.6:c.185T>C	unchanged
ENST00000460680.6:c.185T>G	unchanged
ENST00000460680.6:c.186C>A	weakly depleted
ENST00000460680.6:c.186C>G	unchanged
ENST00000460680.6:c.186C>T	unchanged
ENST00000460680.6:c.187T>A	unchanged
ENST00000460680.6:c.187T>C	unchanged
ENST00000460680.6:c.187T>G	unchanged
ENST00000460680.6:c.188C>A	unchanged
ENST00000460680.6:c.188C>G	strongly depleted
ENST00000460680.6:c.188C>T	weakly depleted
ENST00000460680.6:c.189T>A	unchanged
ENST00000460680.6:c.189T>C	weakly depleted
ENST00000460680.6:c.189T>G	unchanged
ENST00000460680.6:c.190A>C	unchanged
ENST00000460680.6:c.190A>G	unchanged
ENST00000460680.6:c.190A>T	unchanged
ENST00000460680.6:c.191C>A	weakly depleted
ENST00000460680.6:c.191C>G	weakly depleted
ENST00000460680.6:c.191C>T	unchanged
ENST00000460680.6:c.192C>A	unchanged
ENST00000460680.6:c.192C>G	unchanged
ENST00000460680.6:c.192C>T	unchanged
ENST00000460680.6:c.193T>A	unchanged
ENST00000460680.6:c.193T>C	unchanged
ENST00000460680.6:c.193T>G	unchanged
ENST00000460680.6:c.194T>A	strongly depleted
ENST00000460680.6:c.194T>C	unchanged
ENST00000460680.6:c.194T>G	unchanged
ENST00000460680.6:c.195G>A	unchanged
ENST00000460680.6:c.195G>C	unchanged
ENST00000460680.6:c.195G>T	unchanged
ENST00000460680.6:c.196G>A	unchanged
ENST00000460680.6:c.196G>C	unchanged
ENST00000460680.6:c.196G>T	unchanged
ENST00000460680.6:c.197T>A	unchanged
ENST00000460680.6:c.197T>C	unchanged
ENST00000460680.6:c.197T>G	weakly depleted
ENST00000460680.6:c.198G>A	weakly depleted
ENST00000460680.6:c.198G>C	unchanged
ENST00000460680.6:c.198G>T	unchanged
ENST00000460680.6:c.199G>A	unchanged
ENST00000460680.6:c.199G>C	unchanged
ENST00000460680.6:c.199G>T	weakly depleted
ENST00000460680.6:c.200A>C	unchanged
ENST00000460680.6:c.200A>G	weakly depleted
ENST00000460680.6:c.200A>T	weakly depleted
ENST00000460680.6:c.201T>A	unchanged
ENST00000460680.6:c.201T>C	weakly depleted
ENST00000460680.6:c.201T>G	unchanged
ENST00000460680.6:c.202G>A	weakly depleted
ENST00000460680.6:c.202G>C	unchanged
ENST00000460680.6:c.202G>T	unchanged
ENST00000460680.6:c.203A>C	unchanged
ENST00000460680.6:c.203A>G	strongly depleted
ENST00000460680.6:c.203A>T	unchanged
ENST00000460680.6:c.204T>A	unchanged
ENST00000460680.6:c.204T>C	enriched
ENST00000460680.6:c.204T>G	unchanged
ENST00000460680.6:c.205A>C	unchanged
ENST00000460680.6:c.205A>G	unchanged
ENST00000460680.6:c.205A>T	unchanged
ENST00000460680.6:c.206C>A	weakly depleted
ENST00000460680.6:c.206C>G	strongly depleted
ENST00000460680.6:c.206C>T	weakly depleted
ENST00000460680.6:c.207G>A	unchanged
ENST00000460680.6:c.207G>C	weakly depleted
ENST00000460680.6:c.207G>T	unchanged
ENST00000460680.6:c.208T>A	unchanged
ENST00000460680.6:c.208T>C	unchanged
ENST00000460680.6:c.208T>G	weakly depleted
ENST00000460680.6:c.209C>A	weakly depleted
ENST00000460680.6:c.209C>G	unchanged
ENST00000460680.6:c.209C>T	unchanged
ENST00000460680.6:c.210C>A	unchanged
ENST00000460680.6:c.210C>G	unchanged
ENST00000460680.6:c.210C>T	unchanged
ENST00000460680.6:c.211G>A	unchanged
ENST00000460680.6:c.211G>C	unchanged
ENST00000460680.6:c.211G>T	unchanged
ENST00000460680.6:c.212T>A	unchanged
ENST00000460680.6:c.212T>C	unchanged
ENST00000460680.6:c.212T>G	unchanged
ENST00000460680.6:c.213G>A	weakly depleted
ENST00000460680.6:c.213G>C	weakly depleted
ENST00000460680.6:c.213G>T	weakly depleted
ENST00000460680.6:c.214A>C	unchanged
ENST00000460680.6:c.214A>G	unchanged
ENST00000460680.6:c.214A>T	weakly depleted
ENST00000460680.6:c.215T>A	unchanged
ENST00000460680.6:c.215T>C	unchanged
ENST00000460680.6:c.215T>G	weakly depleted
ENST00000460680.6:c.216T>A	unchanged
ENST00000460680.6:c.216T>C	unchanged
ENST00000460680.6:c.216T>G	unchanged
ENST00000460680.6:c.217G>A	weakly depleted
ENST00000460680.6:c.217G>C	weakly depleted
ENST00000460680.6:c.217G>T	weakly depleted
ENST00000460680.6:c.218A>C	enriched
ENST00000460680.6:c.218A>G	unchanged
ENST00000460680.6:c.218A>T	weakly depleted
ENST00000460680.6:c.219T>A	unchanged
ENST00000460680.6:c.219T>C	unchanged
ENST00000460680.6:c.219T>G	unchanged
ENST00000460680.6:c.220G>A	weakly depleted
ENST00000460680.6:c.220G>C	weakly depleted
ENST00000460680.6:c.220G>T	weakly depleted
ENST00000460680.6:c.221A>C	enriched
ENST00000460680.6:c.221A>G	unchanged
ENST00000460680.6:c.221A>T	weakly depleted
ENST00000460680.6:c.222T>A	unchanged
ENST00000460680.6:c.222T>C	unchanged
ENST00000460680.6:c.222T>G	unchanged
ENST00000460680.6:c.223G>A	weakly depleted
ENST00000460680.6:c.223G>C	weakly depleted
ENST00000460680.6:c.223G>T	weakly depleted
ENST00000460680.6:c.224A>C	unchanged
ENST00000460680.6:c.224A>G	strongly depleted
ENST00000460680.6:c.224A>T	unchanged
ENST00000460680.6:c.225T>A	unchanged
ENST00000460680.6:c.225T>C	unchanged
ENST00000460680.6:c.225T>G	weakly depleted
ENST00000460680.6:c.226A>C	unchanged
ENST00000460680.6:c.226A>G	unchanged
ENST00000460680.6:c.226A>T	unchanged
ENST00000460680.6:c.227T>A	unchanged
ENST00000460680.6:c.227T>C	unchanged
ENST00000460680.6:c.227T>G	unchanged
ENST00000460680.6:c.228T>A	unchanged
ENST00000460680.6:c.228T>C	unchanged
ENST00000460680.6:c.228T>G	unchanged
ENST00000460680.6:c.229G>A	unchanged
ENST00000460680.6:c.229G>C	weakly depleted
ENST00000460680.6:c.229G>T	unchanged
ENST00000460680.6:c.230T>A	unchanged
ENST00000460680.6:c.230T>C	unchanged
ENST00000460680.6:c.230T>G	weakly depleted
ENST00000460680.6:c.231G>A	weakly depleted
ENST00000460680.6:c.231G>C	weakly depleted
ENST00000460680.6:c.231G>T	weakly depleted
ENST00000460680.6:c.232A>C	unchanged
ENST00000460680.6:c.232A>G	unchanged
ENST00000460680.6:c.232A>T	weakly depleted
ENST00000460680.6:c.233A>C	weakly depleted
ENST00000460680.6:c.233A>G	strongly depleted
ENST00000460680.6:c.233A>T	weakly depleted
ENST00000460680.6:c.234T>A	unchanged
ENST00000460680.6:c.234T>C	unchanged
ENST00000460680.6:c.234T>G	unchanged
ENST00000460680.6:c.235A>C	unchanged
ENST00000460680.6:c.235A>G	unchanged
ENST00000460680.6:c.235A>T	unchanged
ENST00000460680.6:c.236A>C	unchanged
ENST00000460680.6:c.236A>G	unchanged
ENST00000460680.6:c.236A>T	weakly depleted
ENST00000460680.6:c.237C>A	unchanged
ENST00000460680.6:c.237C>G	unchanged
ENST00000460680.6:c.237C>T	weakly depleted
ENST00000460680.6:c.238A>C	unchanged
ENST00000460680.6:c.238A>G	unchanged
ENST00000460680.6:c.238A>T	unchanged
ENST00000460680.6:c.239T>A	unchanged
ENST00000460680.6:c.239T>C	unchanged
ENST00000460680.6:c.239T>G	weakly depleted
ENST00000460680.6:c.240G>A	unchanged
ENST00000460680.6:c.240G>C	weakly depleted
ENST00000460680.6:c.240G>T	unchanged
ENST00000460680.6:c.241T>A	weakly depleted
ENST00000460680.6:c.241T>C	weakly depleted
ENST00000460680.6:c.241T>G	weakly depleted
ENST00000460680.6:c.242T>A	unchanged
ENST00000460680.6:c.242T>C	weakly depleted
ENST00000460680.6:c.242T>G	weakly depleted
ENST00000460680.6:c.243C>A	weakly depleted
ENST00000460680.6:c.243C>G	weakly depleted
ENST00000460680.6:c.243C>T	weakly depleted
ENST00000460680.6:c.244T>A	weakly depleted
ENST00000460680.6:c.244T>C	weakly depleted
ENST00000460680.6:c.244T>G	weakly depleted
ENST00000460680.6:c.245T>A	unchanged
ENST00000460680.6:c.245T>C	unchanged
ENST00000460680.6:c.245T>G	weakly depleted
ENST00000460680.6:c.246T>A	weakly depleted
ENST00000460680.6:c.246T>C	unchanged
ENST00000460680.6:c.246T>G	weakly depleted
ENST00000460680.6:c.247G>A	weakly depleted
ENST00000460680.6:c.247G>C	weakly depleted
ENST00000460680.6:c.247G>T	weakly depleted
ENST00000460680.6:c.248C>A	weakly depleted
ENST00000460680.6:c.248C>G	weakly depleted
ENST00000460680.6:c.248C>T	unchanged
ENST00000460680.6:c.249C>A	unchanged
ENST00000460680.6:c.249C>G	unchanged
ENST00000460680.6:c.249C>T	unchanged
ENST00000460680.6:c.250C>A	unchanged
ENST00000460680.6:c.250C>G	unchanged
ENST00000460680.6:c.250C>T	unchanged
ENST00000460680.6:c.251A>C	weakly depleted
ENST00000460680.6:c.251A>G	weakly depleted
ENST00000460680.6:c.251A>T	weakly depleted
ENST00000460680.6:c.252C>A	weakly depleted
ENST00000460680.6:c.252C>G	weakly depleted
ENST00000460680.6:c.252C>T	unchanged
ENST00000460680.6:c.253C>A	weakly depleted
ENST00000460680.6:c.253C>G	weakly depleted
ENST00000460680.6:c.253C>T	weakly depleted
ENST00000460680.6:c.254A>C	strongly depleted
ENST00000460680.6:c.254A>G	weakly depleted
ENST00000460680.6:c.254A>T	strongly depleted
ENST00000460680.6:c.255G>A	strongly depleted
ENST00000460680.6:c.255G>C	strongly depleted
ENST00000460680.6:c.255G>T	strongly depleted
ENST00000460680.6:c.255+1G>A	weakly depleted
ENST00000460680.6:c.255+1G>C	weakly depleted
ENST00000460680.6:c.255+1G>T	strongly depleted
ENST00000460680.6:c.255+2T>A	strongly depleted
ENST00000460680.6:c.255+2T>C	strongly depleted
ENST00000460680.6:c.255+2T>G	strongly depleted
ENST00000460680.6:c.255+3C>A	unchanged
ENST00000460680.6:c.255+3C>G	unchanged
ENST00000460680.6:c.255+3C>T	unchanged
ENST00000460680.6:c.255+4T>A	unchanged
ENST00000460680.6:c.255+4T>C	weakly depleted
ENST00000460680.6:c.255+4T>G	unchanged
ENST00000460680.6:c.255+5G>A	weakly depleted
ENST00000460680.6:c.255+5G>C	strongly depleted
ENST00000460680.6:c.255+5G>T	strongly depleted
ENST00000460680.6:c.255+6C>A	weakly depleted
ENST00000460680.6:c.255+6C>G	unchanged
ENST00000460680.6:c.255+6C>T	unchanged
ENST00000460680.6:c.255+7T>A	weakly depleted
ENST00000460680.6:c.255+7T>C	weakly depleted
ENST00000460680.6:c.255+7T>G	unchanged
ENST00000460680.6:c.255+8G>A	unchanged
ENST00000460680.6:c.255+8G>C	unchanged
ENST00000460680.6:c.255+8G>T	unchanged
ENST00000460680.6:c.255+9G>A	unchanged
ENST00000460680.6:c.255+9G>C	unchanged
ENST00000460680.6:c.255+9G>T	unchanged
ENST00000460680.6:c.255+10A>C	unchanged
ENST00000460680.6:c.255+10A>G	unchanged
ENST00000460680.6:c.255+10A>T	unchanged
ENST00000460680.6:c.255+11C>A	weakly depleted
ENST00000460680.6:c.255+11C>G	unchanged
ENST00000460680.6:c.255+11C>T	unchanged
ENST00000460680.6:c.255+12T>A	weakly depleted
ENST00000460680.6:c.255+12T>C	weakly depleted
ENST00000460680.6:c.255+12T>G	weakly depleted
ENST00000460680.6:c.255+13C>A	unchanged
ENST00000460680.6:c.255+13C>G	weakly depleted
ENST00000460680.6:c.255+13C>T	unchanged
ENST00000460680.6:c.255+14T>A	unchanged
ENST00000460680.6:c.255+14T>C	unchanged
ENST00000460680.6:c.255+14T>G	weakly depleted
ENST00000460680.6:c.255+15G>A	unchanged
ENST00000460680.6:c.255+15G>C	weakly depleted
ENST00000460680.6:c.255+15G>T	unchanged
ENST00000460680.6:c.255+16T>A	unchanged
ENST00000460680.6:c.255+16T>C	weakly depleted
ENST00000460680.6:c.255+16T>G	weakly depleted
ENST00000460680.6:c.255+17G>A	unchanged
ENST00000460680.6:c.255+17G>C	unchanged
ENST00000460680.6:c.255+17G>T	unchanged
ENST00000460680.6:c.255+18C>A	unchanged
ENST00000460680.6:c.255+18C>G	unchanged
ENST00000460680.6:c.255+18C>T	unchanged
ENST00000460680.6:c.255+19T>A	unchanged
ENST00000460680.6:c.255+19T>C	unchanged
ENST00000460680.6:c.255+19T>G	unchanged
ENST00000460680.6:c.255+20T>A	unchanged
ENST00000460680.6:c.255+20T>C	unchanged
ENST00000460680.6:c.255+20T>G	unchanged
ENST00000460680.6:c.255+21T>A	unchanged
ENST00000460680.6:c.255+21T>C	unchanged
ENST00000460680.6:c.255+21T>G	unchanged
ENST00000460680.6:c.255+22G>A	unchanged
ENST00000460680.6:c.255+22G>C	weakly depleted
ENST00000460680.6:c.255+22G>T	weakly depleted
ENST00000460680.6:c.255+23T>A	unchanged
ENST00000460680.6:c.255+23T>C	unchanged
ENST00000460680.6:c.255+23T>G	weakly depleted
ENST00000460680.6:c.255+24T>A	weakly depleted
ENST00000460680.6:c.255+24T>C	weakly depleted
ENST00000460680.6:c.255+24T>G	unchanged
ENST00000460680.6:c.255+25T>A	unchanged
ENST00000460680.6:c.255+25T>C	unchanged
ENST00000460680.6:c.255+25T>G	weakly depleted
ENST00000460680.6:c.256-25T>A	unchanged
ENST00000460680.6:c.256-25T>C	weakly depleted
ENST00000460680.6:c.256-25T>G	weakly depleted
ENST00000460680.6:c.256-24G>A	unchanged
ENST00000460680.6:c.256-24G>C	unchanged
ENST00000460680.6:c.256-24G>T	unchanged
ENST00000460680.6:c.256-23G>A	unchanged
ENST00000460680.6:c.256-23G>C	unchanged
ENST00000460680.6:c.256-23G>T	unchanged
ENST00000460680.6:c.256-22G>A	unchanged
ENST00000460680.6:c.256-22G>C	unchanged
ENST00000460680.6:c.256-22G>T	unchanged
ENST00000460680.6:c.256-21T>A	unchanged
ENST00000460680.6:c.256-21T>C	weakly depleted
ENST00000460680.6:c.256-21T>G	weakly depleted
ENST00000460680.6:c.256-20G>A	unchanged
ENST00000460680.6:c.256-20G>C	weakly depleted
ENST00000460680.6:c.256-20G>T	unchanged
ENST00000460680.6:c.256-19A>C	weakly depleted
ENST00000460680.6:c.256-19A>G	weakly depleted
ENST00000460680.6:c.256-19A>T	unchanged
ENST00000460680.6:c.256-18C>A	weakly depleted
ENST00000460680.6:c.256-18C>G	weakly depleted
ENST00000460680.6:c.256-18C>T	weakly depleted
ENST00000460680.6:c.256-17T>A	unchanged
ENST00000460680.6:c.256-17T>C	unchanged
ENST00000460680.6:c.256-17T>G	unchanged
ENST00000460680.6:c.256-16A>C	unchanged
ENST00000460680.6:c.256-16A>G	unchanged
ENST00000460680.6:c.256-16A>T	unchanged
ENST00000460680.6:c.256-15T>A	unchanged
ENST00000460680.6:c.256-15T>C	unchanged
ENST00000460680.6:c.256-15T>G	unchanged
ENST00000460680.6:c.256-14T>A	unchanged
ENST00000460680.6:c.256-14T>C	unchanged
ENST00000460680.6:c.256-14T>G	unchanged
ENST00000460680.6:c.256-13C>A	unchanged
ENST00000460680.6:c.256-13C>G	unchanged
ENST00000460680.6:c.256-13C>T	unchanged
ENST00000460680.6:c.256-12T>A	unchanged
ENST00000460680.6:c.256-12T>C	unchanged
ENST00000460680.6:c.256-12T>G	unchanged
ENST00000460680.6:c.256-11T>A	strongly depleted
ENST00000460680.6:c.256-11T>C	unchanged
ENST00000460680.6:c.256-11T>G	weakly depleted
ENST00000460680.6:c.256-10G>A	weakly depleted
ENST00000460680.6:c.256-10G>C	unchanged
ENST00000460680.6:c.256-10G>T	unchanged
ENST00000460680.6:c.256-9G>A	unchanged
ENST00000460680.6:c.256-9G>C	enriched
ENST00000460680.6:c.256-9G>T	unchanged
ENST00000460680.6:c.256-8T>A	weakly depleted
ENST00000460680.6:c.256-8T>C	unchanged
ENST00000460680.6:c.256-8T>G	weakly depleted
ENST00000460680.6:c.256-7T>A	weakly depleted
ENST00000460680.6:c.256-7T>C	weakly depleted
ENST00000460680.6:c.256-7T>G	weakly depleted
ENST00000460680.6:c.256-6T>A	weakly depleted
ENST00000460680.6:c.256-6T>C	unchanged
ENST00000460680.6:c.256-6T>G	strongly depleted
ENST00000460680.6:c.256-5C>A	unchanged
ENST00000460680.6:c.256-5C>G	unchanged
ENST00000460680.6:c.256-5C>T	unchanged
ENST00000460680.6:c.256-4A>C	weakly depleted
ENST00000460680.6:c.256-4A>G	unchanged
ENST00000460680.6:c.256-4A>T	weakly depleted
ENST00000460680.6:c.256-3C>A	strongly depleted
ENST00000460680.6:c.256-3C>G	strongly depleted
ENST00000460680.6:c.256-3C>T	weakly depleted
ENST00000460680.6:c.256-2A>C	strongly depleted
ENST00000460680.6:c.256-2A>G	weakly depleted
ENST00000460680.6:c.256-2A>T	weakly depleted
ENST00000460680.6:c.256-1G>A	weakly depleted
ENST00000460680.6:c.256-1G>C	strongly depleted
ENST00000460680.6:c.256-1G>T	strongly depleted
ENST00000460680.6:c.256C>A	unchanged
ENST00000460680.6:c.256C>G	unchanged
ENST00000460680.6:c.256C>T	unchanged
ENST00000460680.6:c.257T>A	unchanged
ENST00000460680.6:c.257T>C	weakly depleted
ENST00000460680.6:c.257T>G	unchanged
ENST00000460680.6:c.258G>A	unchanged
ENST00000460680.6:c.258G>C	unchanged
ENST00000460680.6:c.258G>T	unchanged
ENST00000460680.6:c.259A>C	unchanged
ENST00000460680.6:c.259A>G	unchanged
ENST00000460680.6:c.259A>T	unchanged
ENST00000460680.6:c.260T>A	unchanged
ENST00000460680.6:c.260T>C	unchanged
ENST00000460680.6:c.260T>G	unchanged
ENST00000460680.6:c.261A>C	unchanged
ENST00000460680.6:c.261A>G	unchanged
ENST00000460680.6:c.261A>T	unchanged
ENST00000460680.6:c.262C>A	weakly depleted
ENST00000460680.6:c.262C>G	unchanged
ENST00000460680.6:c.262C>T	unchanged
ENST00000460680.6:c.263C>A	unchanged
ENST00000460680.6:c.263C>G	unchanged
ENST00000460680.6:c.263C>T	unchanged
ENST00000460680.6:c.264C>A	unchanged
ENST00000460680.6:c.264C>G	unchanged
ENST00000460680.6:c.264C>T	weakly depleted
ENST00000460680.6:c.265A>C	unchanged
ENST00000460680.6:c.265A>G	unchanged
ENST00000460680.6:c.265A>T	unchanged
ENST00000460680.6:c.266A>C	weakly depleted
ENST00000460680.6:c.266A>G	unchanged
ENST00000460680.6:c.266A>T	weakly depleted
ENST00000460680.6:c.267C>A	unchanged
ENST00000460680.6:c.267C>G	unchanged
ENST00000460680.6:c.267C>T	unchanged
ENST00000460680.6:c.268T>A	weakly depleted
ENST00000460680.6:c.268T>C	weakly depleted
ENST00000460680.6:c.268T>G	unchanged
ENST00000460680.6:c.269C>A	weakly depleted
ENST00000460680.6:c.269C>G	weakly depleted
ENST00000460680.6:c.269C>T	weakly depleted
ENST00000460680.6:c.270T>A	unchanged
ENST00000460680.6:c.270T>C	enriched
ENST00000460680.6:c.270T>G	unchanged
ENST00000460680.6:c.271T>A	strongly depleted
ENST00000460680.6:c.271T>C	strongly depleted
ENST00000460680.6:c.271T>G	strongly depleted
ENST00000460680.6:c.272G>A	strongly depleted
ENST00000460680.6:c.272G>C	strongly depleted
ENST00000460680.6:c.272G>T	strongly depleted
ENST00000460680.6:c.273T>A	weakly depleted
ENST00000460680.6:c.273T>C	unchanged
ENST00000460680.6:c.273T>G	strongly depleted
ENST00000460680.6:c.274G>A	weakly depleted
ENST00000460680.6:c.274G>C	strongly depleted
ENST00000460680.6:c.274G>T	weakly depleted
ENST00000460680.6:c.275C>A	strongly depleted
ENST00000460680.6:c.275C>G	unchanged
ENST00000460680.6:c.275C>T	weakly depleted
ENST00000460680.6:c.276A>C	unchanged
ENST00000460680.6:c.276A>G	unchanged
ENST00000460680.6:c.276A>T	unchanged
ENST00000460680.6:c.277A>C	strongly depleted
ENST00000460680.6:c.277A>G	weakly depleted
ENST00000460680.6:c.277A>T	unchanged
ENST00000460680.6:c.278C>A	weakly depleted
ENST00000460680.6:c.278C>G	unchanged
ENST00000460680.6:c.278C>T	weakly depleted
ENST00000460680.6:c.279T>A	unchanged
ENST00000460680.6:c.279T>C	unchanged
ENST00000460680.6:c.279T>G	unchanged
ENST00000460680.6:c.280C>A	unchanged
ENST00000460680.6:c.280C>G	weakly depleted
ENST00000460680.6:c.280C>T	weakly depleted
ENST00000460680.6:c.281A>C	weakly depleted
ENST00000460680.6:c.281A>G	strongly depleted
ENST00000460680.6:c.281A>T	weakly depleted
ENST00000460680.6:c.282T>A	enriched
ENST00000460680.6:c.282T>C	enriched
ENST00000460680.6:c.282T>G	strongly depleted
ENST00000460680.6:c.283G>A	weakly depleted
ENST00000460680.6:c.283G>C	strongly depleted
ENST00000460680.6:c.283G>T	unchanged
ENST00000460680.6:c.284C>A	strongly depleted
ENST00000460680.6:c.284C>G	unchanged
ENST00000460680.6:c.284C>T	weakly depleted
ENST00000460680.6:c.285C>A	unchanged
ENST00000460680.6:c.285C>G	unchanged
ENST00000460680.6:c.285C>T	unchanged
ENST00000460680.6:c.286T>A	unchanged
ENST00000460680.6:c.286T>C	unchanged
ENST00000460680.6:c.286T>G	enriched
ENST00000460680.6:c.287T>A	strongly depleted
ENST00000460680.6:c.287T>C	weakly depleted
ENST00000460680.6:c.287T>G	weakly depleted
ENST00000460680.6:c.288G>A	weakly depleted
ENST00000460680.6:c.288G>C	weakly depleted
ENST00000460680.6:c.288G>T	weakly depleted
ENST00000460680.6:c.289C>A	unchanged
ENST00000460680.6:c.289C>G	unchanged
ENST00000460680.6:c.289C>T	unchanged
ENST00000460680.6:c.290T>A	strongly depleted
ENST00000460680.6:c.290T>C	strongly depleted
ENST00000460680.6:c.290T>G	strongly depleted
ENST00000460680.6:c.291G>A	weakly depleted
ENST00000460680.6:c.291G>C	weakly depleted
ENST00000460680.6:c.291G>T	weakly depleted
ENST00000460680.6:c.292A>C	strongly depleted
ENST00000460680.6:c.292A>G	weakly depleted
ENST00000460680.6:c.292A>T	weakly depleted
ENST00000460680.6:c.293G>A	weakly depleted
ENST00000460680.6:c.293G>C	weakly depleted
ENST00000460680.6:c.293G>T	strongly depleted
ENST00000460680.6:c.294C>A	strongly depleted
ENST00000460680.6:c.294C>G	strongly depleted
ENST00000460680.6:c.294C>T	enriched
ENST00000460680.6:c.295G>A	weakly depleted
ENST00000460680.6:c.295G>C	weakly depleted
ENST00000460680.6:c.295G>T	weakly depleted
ENST00000460680.6:c.296T>A	strongly depleted
ENST00000460680.6:c.296T>C	weakly depleted
ENST00000460680.6:c.296T>G	strongly depleted
ENST00000460680.6:c.297G>A	enriched
ENST00000460680.6:c.297G>C	unchanged
ENST00000460680.6:c.297G>T	unchanged
ENST00000460680.6:c.298C>A	unchanged
ENST00000460680.6:c.298C>G	enriched
ENST00000460680.6:c.298C>T	unchanged
ENST00000460680.6:c.299T>A	strongly depleted
ENST00000460680.6:c.299T>C	weakly depleted
ENST00000460680.6:c.299T>G	strongly depleted
ENST00000460680.6:c.300C>A	unchanged
ENST00000460680.6:c.300C>G	unchanged
ENST00000460680.6:c.300C>T	unchanged
ENST00000460680.6:c.301C>A	unchanged
ENST00000460680.6:c.301C>G	unchanged
ENST00000460680.6:c.301C>T	unchanged
ENST00000460680.6:c.302T>A	weakly depleted
ENST00000460680.6:c.302T>C	weakly depleted
ENST00000460680.6:c.302T>G	strongly depleted
ENST00000460680.6:c.303G>A	unchanged
ENST00000460680.6:c.303G>C	unchanged
ENST00000460680.6:c.303G>T	unchanged
ENST00000460680.6:c.304A>C	weakly depleted
ENST00000460680.6:c.304A>G	strongly depleted
ENST00000460680.6:c.304A>T	strongly depleted
ENST00000460680.6:c.305A>C	weakly depleted
ENST00000460680.6:c.305A>G	weakly depleted
ENST00000460680.6:c.305A>T	strongly depleted
ENST00000460680.6:c.306C>A	strongly depleted
ENST00000460680.6:c.306C>G	weakly depleted
ENST00000460680.6:c.306C>T	unchanged
ENST00000460680.6:c.307T>A	unchanged
ENST00000460680.6:c.307T>C	unchanged
ENST00000460680.6:c.307T>G	unchanged
ENST00000460680.6:c.308G>A	unchanged
ENST00000460680.6:c.308G>C	unchanged
ENST00000460680.6:c.308G>T	weakly depleted
ENST00000460680.6:c.309C>A	strongly depleted
ENST00000460680.6:c.309C>G	unchanged
ENST00000460680.6:c.309C>T	unchanged
ENST00000460680.6:c.310A>C	unchanged
ENST00000460680.6:c.310A>G	unchanged
ENST00000460680.6:c.310A>T	unchanged
ENST00000460680.6:c.311G>A	unchanged
ENST00000460680.6:c.311G>C	unchanged
ENST00000460680.6:c.311G>T	unchanged
ENST00000460680.6:c.312C>A	unchanged
ENST00000460680.6:c.312C>G	weakly depleted
ENST00000460680.6:c.312C>T	unchanged
ENST00000460680.6:c.313A>C	unchanged
ENST00000460680.6:c.313A>G	unchanged
ENST00000460680.6:c.313A>T	unchanged
ENST00000460680.6:c.314G>A	unchanged
ENST00000460680.6:c.314G>C	unchanged
ENST00000460680.6:c.314G>T	unchanged
ENST00000460680.6:c.315C>A	unchanged
ENST00000460680.6:c.315C>G	unchanged
ENST00000460680.6:c.315C>T	enriched
ENST00000460680.6:c.316G>A	unchanged
ENST00000460680.6:c.316G>C	unchanged
ENST00000460680.6:c.316G>T	unchanged
ENST00000460680.6:c.317T>A	weakly depleted
ENST00000460680.6:c.317T>C	unchanged
ENST00000460680.6:c.317T>G	weakly depleted
ENST00000460680.6:c.318G>A	unchanged
ENST00000460680.6:c.318G>C	unchanged
ENST00000460680.6:c.318G>T	unchanged
ENST00000460680.6:c.319G>A	unchanged
ENST00000460680.6:c.319G>C	unchanged
ENST00000460680.6:c.319G>T	unchanged
ENST00000460680.6:c.320A>C	unchanged
ENST00000460680.6:c.320A>G	unchanged
ENST00000460680.6:c.320A>T	unchanged
ENST00000460680.6:c.321C>A	unchanged
ENST00000460680.6:c.321C>G	unchanged
ENST00000460680.6:c.321C>T	unchanged
ENST00000460680.6:c.322C>A	unchanged
ENST00000460680.6:c.322C>G	unchanged
ENST00000460680.6:c.322C>T	unchanged
ENST00000460680.6:c.323T>A	unchanged
ENST00000460680.6:c.323T>C	unchanged
ENST00000460680.6:c.323T>G	weakly depleted
ENST00000460680.6:c.324G>A	unchanged
ENST00000460680.6:c.324G>C	unchanged
ENST00000460680.6:c.324G>T	unchanged
ENST00000460680.6:c.325G>A	weakly depleted
ENST00000460680.6:c.325G>C	weakly depleted
ENST00000460680.6:c.325G>T	weakly depleted
ENST00000460680.6:c.326G>A	weakly depleted
ENST00000460680.6:c.326G>C	weakly depleted
ENST00000460680.6:c.326G>T	weakly depleted
ENST00000460680.6:c.327A>C	unchanged
ENST00000460680.6:c.327A>G	unchanged
ENST00000460680.6:c.327A>T	unchanged
ENST00000460680.6:c.328C>A	unchanged
ENST00000460680.6:c.328C>G	unchanged
ENST00000460680.6:c.328C>T	unchanged
ENST00000460680.6:c.329C>A	unchanged
ENST00000460680.6:c.329C>G	unchanged
ENST00000460680.6:c.329C>T	unchanged
ENST00000460680.6:c.330C>A	unchanged
ENST00000460680.6:c.330C>G	unchanged
ENST00000460680.6:c.330C>T	unchanged
ENST00000460680.6:c.331A>C	unchanged
ENST00000460680.6:c.331A>G	unchanged
ENST00000460680.6:c.331A>T	unchanged
ENST00000460680.6:c.332C>A	unchanged
ENST00000460680.6:c.332C>G	unchanged
ENST00000460680.6:c.332C>T	unchanged
ENST00000460680.6:c.333C>A	unchanged
ENST00000460680.6:c.333C>G	unchanged
ENST00000460680.6:c.333C>T	enriched
ENST00000460680.6:c.334C>A	unchanged
ENST00000460680.6:c.334C>G	unchanged
ENST00000460680.6:c.334C>T	unchanged
ENST00000460680.6:c.335T>A	weakly depleted
ENST00000460680.6:c.335T>C	weakly depleted
ENST00000460680.6:c.335T>G	strongly depleted
ENST00000460680.6:c.336G>A	unchanged
ENST00000460680.6:c.336G>C	unchanged
ENST00000460680.6:c.336G>T	unchanged
ENST00000460680.6:c.337A>C	unchanged
ENST00000460680.6:c.337A>G	unchanged
ENST00000460680.6:c.337A>T	unchanged
ENST00000460680.6:c.338G>A	unchanged
ENST00000460680.6:c.338G>C	unchanged
ENST00000460680.6:c.338G>T	unchanged
ENST00000460680.6:c.339T>A	unchanged
ENST00000460680.6:c.339T>C	unchanged
ENST00000460680.6:c.339T>G	weakly depleted
ENST00000460680.6:c.340C>A	unchanged
ENST00000460680.6:c.340C>G	unchanged
ENST00000460680.6:c.340C>T	unchanged
ENST00000460680.6:c.341G>A	unchanged
ENST00000460680.6:c.341G>C	unchanged
ENST00000460680.6:c.341G>T	unchanged
ENST00000460680.6:c.342C>A	unchanged
ENST00000460680.6:c.342C>G	unchanged
ENST00000460680.6:c.342C>T	unchanged
ENST00000460680.6:c.343A>C	enriched
ENST00000460680.6:c.343A>G	unchanged
ENST00000460680.6:c.343A>T	unchanged
ENST00000460680.6:c.344T>A	weakly depleted
ENST00000460680.6:c.344T>C	unchanged
ENST00000460680.6:c.344T>G	strongly depleted
ENST00000460680.6:c.345G>A	unchanged
ENST00000460680.6:c.345G>C	unchanged
ENST00000460680.6:c.345G>T	unchanged
ENST00000460680.6:c.346A>C	unchanged
ENST00000460680.6:c.346A>G	unchanged
ENST00000460680.6:c.346A>T	weakly depleted
ENST00000460680.6:c.347A>C	weakly depleted
ENST00000460680.6:c.347A>G	unchanged
ENST00000460680.6:c.347A>T	unchanged
ENST00000460680.6:c.348G>A	unchanged
ENST00000460680.6:c.348G>C	unchanged
ENST00000460680.6:c.348G>T	unchanged
ENST00000460680.6:c.349G>A	unchanged
ENST00000460680.6:c.349G>C	unchanged
ENST00000460680.6:c.349G>T	unchanged
ENST00000460680.6:c.350A>C	unchanged
ENST00000460680.6:c.350A>G	unchanged
ENST00000460680.6:c.350A>T	unchanged
ENST00000460680.6:c.351C>A	unchanged
ENST00000460680.6:c.351C>G	unchanged
ENST00000460680.6:c.351C>T	unchanged
ENST00000460680.6:c.352T>A	unchanged
ENST00000460680.6:c.352T>C	unchanged
ENST00000460680.6:c.352T>G	unchanged
ENST00000460680.6:c.353T>A	unchanged
ENST00000460680.6:c.353T>C	unchanged
ENST00000460680.6:c.353T>G	unchanged
ENST00000460680.6:c.354C>A	unchanged
ENST00000460680.6:c.354C>G	unchanged
ENST00000460680.6:c.354C>T	unchanged
ENST00000460680.6:c.355A>C	weakly depleted
ENST00000460680.6:c.355A>G	unchanged
ENST00000460680.6:c.355A>T	unchanged
ENST00000460680.6:c.356C>A	unchanged
ENST00000460680.6:c.356C>G	unchanged
ENST00000460680.6:c.356C>T	unchanged
ENST00000460680.6:c.357C>A	unchanged
ENST00000460680.6:c.357C>G	unchanged
ENST00000460680.6:c.357C>T	unchanged
ENST00000460680.6:c.358A>C	unchanged
ENST00000460680.6:c.358A>G	unchanged
ENST00000460680.6:c.358A>T	strongly depleted
ENST00000460680.6:c.359A>C	unchanged
ENST00000460680.6:c.359A>G	unchanged
ENST00000460680.6:c.359A>T	unchanged
ENST00000460680.6:c.360G>A	unchanged
ENST00000460680.6:c.360G>C	unchanged
ENST00000460680.6:c.360G>T	unchanged
ENST00000460680.6:c.361G>A	unchanged
ENST00000460680.6:c.361G>C	unchanged
ENST00000460680.6:c.361G>T	unchanged
ENST00000460680.6:c.362G>A	unchanged
ENST00000460680.6:c.362G>C	unchanged
ENST00000460680.6:c.362G>T	weakly depleted
ENST00000460680.6:c.363T>A	unchanged
ENST00000460680.6:c.363T>C	unchanged
ENST00000460680.6:c.363T>G	unchanged
ENST00000460680.6:c.364T>A	unchanged
ENST00000460680.6:c.364T>C	enriched
ENST00000460680.6:c.364T>G	unchanged
ENST00000460680.6:c.365T>A	unchanged
ENST00000460680.6:c.365T>C	unchanged
ENST00000460680.6:c.365T>G	unchanged
ENST00000460680.6:c.366C>A	unchanged
ENST00000460680.6:c.366C>G	unchanged
ENST00000460680.6:c.366C>T	unchanged
ENST00000460680.6:c.367A>C	unchanged
ENST00000460680.6:c.367A>G	unchanged
ENST00000460680.6:c.367A>T	unchanged
ENST00000460680.6:c.368G>A	unchanged
ENST00000460680.6:c.368G>C	unchanged
ENST00000460680.6:c.368G>T	unchanged
ENST00000460680.6:c.369C>A	unchanged
ENST00000460680.6:c.369C>G	unchanged
ENST00000460680.6:c.369C>T	enriched
ENST00000460680.6:c.370C>A	weakly depleted
ENST00000460680.6:c.370C>G	unchanged
ENST00000460680.6:c.370C>T	unchanged
ENST00000460680.6:c.371C>A	unchanged
ENST00000460680.6:c.371C>G	weakly depleted
ENST00000460680.6:c.371C>T	weakly depleted
ENST00000460680.6:c.372T>A	unchanged
ENST00000460680.6:c.372T>C	unchanged
ENST00000460680.6:c.372T>G	unchanged
ENST00000460680.6:c.373G>A	unchanged
ENST00000460680.6:c.373G>C	unchanged
ENST00000460680.6:c.373G>T	strongly depleted
ENST00000460680.6:c.374A>C	weakly depleted
ENST00000460680.6:c.374A>G	unchanged
ENST00000460680.6:c.374A>T	weakly depleted
ENST00000460680.6:c.375G>A	strongly depleted
ENST00000460680.6:c.375G>C	strongly depleted
ENST00000460680.6:c.375G>T	strongly depleted
ENST00000460680.6:c.375+1G>A	weakly depleted
ENST00000460680.6:c.375+1G>C	weakly depleted
ENST00000460680.6:c.375+1G>T	weakly depleted
ENST00000460680.6:c.375+2T>A	strongly depleted
ENST00000460680.6:c.375+2T>C	strongly depleted
ENST00000460680.6:c.375+2T>G	strongly depleted
ENST00000460680.6:c.375+3A>C	weakly depleted
ENST00000460680.6:c.375+3A>G	weakly depleted
ENST00000460680.6:c.375+3A>T	strongly depleted
ENST00000460680.6:c.375+4G>A	unchanged
ENST00000460680.6:c.375+4G>C	unchanged
ENST00000460680.6:c.375+4G>T	unchanged
ENST00000460680.6:c.375+5G>A	unchanged
ENST00000460680.6:c.375+5G>C	weakly depleted
ENST00000460680.6:c.375+5G>T	unchanged
ENST00000460680.6:c.375+6C>A	unchanged
ENST00000460680.6:c.375+6C>G	unchanged
ENST00000460680.6:c.375+6C>T	enriched
ENST00000460680.6:c.375+7T>A	unchanged
ENST00000460680.6:c.375+7T>C	unchanged
ENST00000460680.6:c.375+7T>G	unchanged
ENST00000460680.6:c.375+8G>A	unchanged
ENST00000460680.6:c.375+8G>C	unchanged
ENST00000460680.6:c.375+8G>T	unchanged
ENST00000460680.6:c.375+9C>A	unchanged
ENST00000460680.6:c.375+9C>G	unchanged
ENST00000460680.6:c.375+9C>T	unchanged
ENST00000460680.6:c.375+10A>C	unchanged
ENST00000460680.6:c.375+10A>G	unchanged
ENST00000460680.6:c.375+10A>T	unchanged
ENST00000460680.6:c.375+11G>A	unchanged
ENST00000460680.6:c.375+11G>C	unchanged
ENST00000460680.6:c.375+11G>T	unchanged
ENST00000460680.6:c.375+12T>A	unchanged
ENST00000460680.6:c.375+12T>C	unchanged
ENST00000460680.6:c.375+12T>G	unchanged
ENST00000460680.6:c.375+13G>A	unchanged
ENST00000460680.6:c.375+13G>C	unchanged
ENST00000460680.6:c.375+13G>T	unchanged
ENST00000460680.6:c.375+14C>A	unchanged
ENST00000460680.6:c.375+14C>G	unchanged
ENST00000460680.6:c.375+14C>T	unchanged
ENST00000460680.6:c.375+15C>A	unchanged
ENST00000460680.6:c.375+15C>G	unchanged
ENST00000460680.6:c.375+15C>T	unchanged
ENST00000460680.6:c.375+16T>A	unchanged
ENST00000460680.6:c.375+16T>C	unchanged
ENST00000460680.6:c.375+16T>G	unchanged
ENST00000460680.6:c.375+17T>A	unchanged
ENST00000460680.6:c.375+17T>C	unchanged
ENST00000460680.6:c.375+17T>G	unchanged
ENST00000460680.6:c.375+18C>A	unchanged
ENST00000460680.6:c.375+18C>G	unchanged
ENST00000460680.6:c.375+18C>T	unchanged
ENST00000460680.6:c.375+19A>C	unchanged
ENST00000460680.6:c.375+19A>G	unchanged
ENST00000460680.6:c.375+19A>T	unchanged
ENST00000460680.6:c.375+20T>A	unchanged
ENST00000460680.6:c.375+20T>C	unchanged
ENST00000460680.6:c.375+20T>G	unchanged
ENST00000460680.6:c.375+21C>A	unchanged
ENST00000460680.6:c.375+21C>G	unchanged
ENST00000460680.6:c.375+21C>T	unchanged
ENST00000460680.6:c.375+22C>A	unchanged
ENST00000460680.6:c.375+22C>G	unchanged
ENST00000460680.6:c.375+22C>T	unchanged
ENST00000460680.6:c.375+23T>A	unchanged
ENST00000460680.6:c.375+23T>C	unchanged
ENST00000460680.6:c.375+23T>G	unchanged
ENST00000460680.6:c.375+24G>A	unchanged
ENST00000460680.6:c.375+24G>C	unchanged
ENST00000460680.6:c.375+24G>T	unchanged
ENST00000460680.6:c.375+25G>A	unchanged
ENST00000460680.6:c.375+25G>C	unchanged
ENST00000460680.6:c.375+25G>T	unchanged
ENST00000460680.6:c.375+26C>A	unchanged
ENST00000460680.6:c.375+26C>G	unchanged
ENST00000460680.6:c.375+26C>T	unchanged
ENST00000460680.6:c.375+27T>A	unchanged
ENST00000460680.6:c.375+27T>C	unchanged
ENST00000460680.6:c.375+27T>G	unchanged
ENST00000460680.6:c.375+28C>A	unchanged
ENST00000460680.6:c.375+28C>G	unchanged
ENST00000460680.6:c.375+28C>T	unchanged
ENST00000460680.6:c.375+29A>C	unchanged
ENST00000460680.6:c.375+29A>G	unchanged
ENST00000460680.6:c.375+29A>T	unchanged
ENST00000460680.6:c.375+30C>A	unchanged
ENST00000460680.6:c.375+30C>G	unchanged
ENST00000460680.6:c.375+30C>T	unchanged
ENST00000460680.6:c.376-25T>A	unchanged
ENST00000460680.6:c.376-25T>C	unchanged
ENST00000460680.6:c.376-25T>G	unchanged
ENST00000460680.6:c.376-24A>C	weakly depleted
ENST00000460680.6:c.376-24A>G	unchanged
ENST00000460680.6:c.376-24A>T	unchanged
ENST00000460680.6:c.376-23C>A	unchanged
ENST00000460680.6:c.376-23C>G	unchanged
ENST00000460680.6:c.376-23C>T	unchanged
ENST00000460680.6:c.376-22G>A	unchanged
ENST00000460680.6:c.376-22G>C	unchanged
ENST00000460680.6:c.376-22G>T	unchanged
ENST00000460680.6:c.376-21G>A	unchanged
ENST00000460680.6:c.376-21G>C	unchanged
ENST00000460680.6:c.376-21G>T	weakly depleted
ENST00000460680.6:c.376-20C>A	unchanged
ENST00000460680.6:c.376-20C>G	weakly depleted
ENST00000460680.6:c.376-20C>T	unchanged
ENST00000460680.6:c.376-19C>A	unchanged
ENST00000460680.6:c.376-19C>G	unchanged
ENST00000460680.6:c.376-19C>T	unchanged
ENST00000460680.6:c.376-18T>A	unchanged
ENST00000460680.6:c.376-18T>C	unchanged
ENST00000460680.6:c.376-18T>G	unchanged
ENST00000460680.6:c.376-17T>A	unchanged
ENST00000460680.6:c.376-17T>C	unchanged
ENST00000460680.6:c.376-17T>G	unchanged
ENST00000460680.6:c.376-16A>C	unchanged
ENST00000460680.6:c.376-16A>G	unchanged
ENST00000460680.6:c.376-16A>T	unchanged
ENST00000460680.6:c.376-15T>A	unchanged
ENST00000460680.6:c.376-15T>C	unchanged
ENST00000460680.6:c.376-15T>G	weakly depleted
ENST00000460680.6:c.376-14T>A	unchanged
ENST00000460680.6:c.376-14T>C	unchanged
ENST00000460680.6:c.376-14T>G	unchanged
ENST00000460680.6:c.376-13T>A	unchanged
ENST00000460680.6:c.376-13T>C	unchanged
ENST00000460680.6:c.376-13T>G	unchanged
ENST00000460680.6:c.376-12T>A	unchanged
ENST00000460680.6:c.376-12T>C	unchanged
ENST00000460680.6:c.376-12T>G	unchanged
ENST00000460680.6:c.376-11C>A	unchanged
ENST00000460680.6:c.376-11C>G	weakly depleted
ENST00000460680.6:c.376-11C>T	weakly depleted
ENST00000460680.6:c.376-10T>A	unchanged
ENST00000460680.6:c.376-10T>C	unchanged
ENST00000460680.6:c.376-10T>G	unchanged
ENST00000460680.6:c.376-9T>A	unchanged
ENST00000460680.6:c.376-9T>C	unchanged
ENST00000460680.6:c.376-9T>G	unchanged
ENST00000460680.6:c.376-8C>A	unchanged
ENST00000460680.6:c.376-8C>G	unchanged
ENST00000460680.6:c.376-8C>T	weakly depleted
ENST00000460680.6:c.376-7C>A	unchanged
ENST00000460680.6:c.376-7C>G	unchanged
ENST00000460680.6:c.376-7C>T	unchanged
ENST00000460680.6:c.376-6C>A	unchanged
ENST00000460680.6:c.376-6C>G	unchanged
ENST00000460680.6:c.376-6C>T	unchanged
ENST00000460680.6:c.376-5C>A	weakly depleted
ENST00000460680.6:c.376-5C>G	unchanged
ENST00000460680.6:c.376-5C>T	unchanged
ENST00000460680.6:c.376-4G>A	unchanged
ENST00000460680.6:c.376-4G>C	unchanged
ENST00000460680.6:c.376-4G>T	weakly depleted
ENST00000460680.6:c.376-3T>A	unchanged
ENST00000460680.6:c.376-3T>C	unchanged
ENST00000460680.6:c.376-3T>G	weakly depleted
ENST00000460680.6:c.376-2A>C	strongly depleted
ENST00000460680.6:c.376-2A>G	strongly depleted
ENST00000460680.6:c.376-2A>T	strongly depleted
ENST00000460680.6:c.376-1G>A	strongly depleted
ENST00000460680.6:c.376-1G>C	strongly depleted
ENST00000460680.6:c.376-1G>T	strongly depleted
ENST00000460680.6:c.376A>C	weakly depleted
ENST00000460680.6:c.376A>G	unchanged
ENST00000460680.6:c.376A>T	unchanged
ENST00000460680.6:c.377G>A	unchanged
ENST00000460680.6:c.377G>C	unchanged
ENST00000460680.6:c.377G>T	unchanged
ENST00000460680.6:c.378C>A	weakly depleted
ENST00000460680.6:c.378C>G	weakly depleted
ENST00000460680.6:c.378C>T	unchanged
ENST00000460680.6:c.379A>C	unchanged
ENST00000460680.6:c.379A>G	weakly depleted
ENST00000460680.6:c.379A>T	strongly depleted
ENST00000460680.6:c.380A>C	unchanged
ENST00000460680.6:c.380A>G	unchanged
ENST00000460680.6:c.380A>T	unchanged
ENST00000460680.6:c.381A>C	unchanged
ENST00000460680.6:c.381A>G	unchanged
ENST00000460680.6:c.381A>T	unchanged
ENST00000460680.6:c.382G>A	strongly depleted
ENST00000460680.6:c.382G>C	strongly depleted
ENST00000460680.6:c.382G>T	weakly depleted
ENST00000460680.6:c.383G>A	weakly depleted
ENST00000460680.6:c.383G>C	unchanged
ENST00000460680.6:c.383G>T	strongly depleted
ENST00000460680.6:c.384A>C	weakly depleted
ENST00000460680.6:c.384A>G	unchanged
ENST00000460680.6:c.384A>T	unchanged
ENST00000460680.6:c.385T>A	unchanged
ENST00000460680.6:c.385T>C	unchanged
ENST00000460680.6:c.385T>G	unchanged
ENST00000460680.6:c.386A>C	unchanged
ENST00000460680.6:c.386A>G	unchanged
ENST00000460680.6:c.386A>T	unchanged
ENST00000460680.6:c.387T>A	strongly depleted
ENST00000460680.6:c.387T>C	unchanged
ENST00000460680.6:c.387T>G	strongly depleted
ENST00000460680.6:c.388G>A	unchanged
ENST00000460680.6:c.388G>C	strongly depleted
ENST00000460680.6:c.388G>T	unchanged
ENST00000460680.6:c.389C>A	weakly depleted
ENST00000460680.6:c.389C>G	unchanged
ENST00000460680.6:c.389C>T	unchanged
ENST00000460680.6:c.390G>A	unchanged
ENST00000460680.6:c.390G>C	unchanged
ENST00000460680.6:c.390G>T	unchanged
ENST00000460680.6:c.391A>C	unchanged
ENST00000460680.6:c.391A>G	unchanged
ENST00000460680.6:c.391A>T	unchanged
ENST00000460680.6:c.392T>A	weakly depleted
ENST00000460680.6:c.392T>C	unchanged
ENST00000460680.6:c.392T>G	weakly depleted
ENST00000460680.6:c.393T>A	unchanged
ENST00000460680.6:c.393T>C	unchanged
ENST00000460680.6:c.393T>G	unchanged
ENST00000460680.6:c.394G>A	unchanged
ENST00000460680.6:c.394G>C	unchanged
ENST00000460680.6:c.394G>T	unchanged
ENST00000460680.6:c.395G>A	unchanged
ENST00000460680.6:c.395G>C	unchanged
ENST00000460680.6:c.395G>T	unchanged
ENST00000460680.6:c.396C>A	unchanged
ENST00000460680.6:c.396C>G	unchanged
ENST00000460680.6:c.396C>T	enriched
ENST00000460680.6:c.397A>C	enriched
ENST00000460680.6:c.397A>G	enriched
ENST00000460680.6:c.397A>T	unchanged
ENST00000460680.6:c.398A>C	unchanged
ENST00000460680.6:c.398A>G	unchanged
ENST00000460680.6:c.398A>T	unchanged
ENST00000460680.6:c.399T>A	weakly depleted
ENST00000460680.6:c.399T>C	unchanged
ENST00000460680.6:c.399T>G	weakly depleted
ENST00000460680.6:c.400G>A	unchanged
ENST00000460680.6:c.400G>C	unchanged
ENST00000460680.6:c.400G>T	unchanged
ENST00000460680.6:c.401C>A	weakly depleted
ENST00000460680.6:c.401C>G	unchanged
ENST00000460680.6:c.401C>T	unchanged
ENST00000460680.6:c.402C>A	unchanged
ENST00000460680.6:c.402C>G	unchanged
ENST00000460680.6:c.402C>T	unchanged
ENST00000460680.6:c.403C>A	unchanged
ENST00000460680.6:c.403C>G	unchanged
ENST00000460680.6:c.403C>T	unchanged
ENST00000460680.6:c.404C>A	unchanged
ENST00000460680.6:c.404C>G	unchanged
ENST00000460680.6:c.404C>T	unchanged
ENST00000460680.6:c.405G>A	unchanged
ENST00000460680.6:c.405G>C	unchanged
ENST00000460680.6:c.405G>T	unchanged
ENST00000460680.6:c.406G>A	unchanged
ENST00000460680.6:c.406G>C	unchanged
ENST00000460680.6:c.406G>T	strongly depleted
ENST00000460680.6:c.407A>C	unchanged
ENST00000460680.6:c.407A>G	unchanged
ENST00000460680.6:c.407A>T	unchanged
ENST00000460680.6:c.408G>A	unchanged
ENST00000460680.6:c.408G>C	unchanged
ENST00000460680.6:c.408G>T	unchanged
ENST00000460680.6:c.409T>A	unchanged
ENST00000460680.6:c.409T>C	unchanged
ENST00000460680.6:c.409T>G	unchanged
ENST00000460680.6:c.410T>A	strongly depleted
ENST00000460680.6:c.410T>C	weakly depleted
ENST00000460680.6:c.410T>G	enriched
ENST00000460680.6:c.411G>A	enriched
ENST00000460680.6:c.411G>C	enriched
ENST00000460680.6:c.411G>T	enriched
ENST00000460680.6:c.412G>A	unchanged
ENST00000460680.6:c.412G>C	unchanged
ENST00000460680.6:c.412G>T	unchanged
ENST00000460680.6:c.413C>A	enriched
ENST00000460680.6:c.413C>G	unchanged
ENST00000460680.6:c.413C>T	unchanged
ENST00000460680.6:c.414C>A	unchanged
ENST00000460680.6:c.414C>G	unchanged
ENST00000460680.6:c.414C>T	enriched
ENST00000460680.6:c.415A>C	unchanged
ENST00000460680.6:c.415A>G	unchanged
ENST00000460680.6:c.415A>T	strongly depleted
ENST00000460680.6:c.416A>C	unchanged
ENST00000460680.6:c.416A>G	unchanged
ENST00000460680.6:c.416A>T	unchanged
ENST00000460680.6:c.417G>A	unchanged
ENST00000460680.6:c.417G>C	unchanged
ENST00000460680.6:c.417G>T	unchanged
ENST00000460680.6:c.418G>A	unchanged
ENST00000460680.6:c.418G>C	enriched
ENST00000460680.6:c.418G>T	enriched
ENST00000460680.6:c.419C>A	unchanged
ENST00000460680.6:c.419C>G	unchanged
ENST00000460680.6:c.419C>T	unchanged
ENST00000460680.6:c.420C>A	unchanged
ENST00000460680.6:c.420C>G	unchanged
ENST00000460680.6:c.420C>T	unchanged
ENST00000460680.6:c.421C>A	unchanged
ENST00000460680.6:c.421C>G	strongly depleted
ENST00000460680.6:c.421C>T	strongly depleted
ENST00000460680.6:c.422A>C	strongly depleted
ENST00000460680.6:c.422A>G	strongly depleted
ENST00000460680.6:c.422A>T	weakly depleted
ENST00000460680.6:c.423T>A	unchanged
ENST00000460680.6:c.423T>C	unchanged
ENST00000460680.6:c.423T>G	weakly depleted
ENST00000460680.6:c.424A>C	unchanged
ENST00000460680.6:c.424A>G	enriched
ENST00000460680.6:c.424A>T	enriched
ENST00000460680.6:c.425A>C	unchanged
ENST00000460680.6:c.425A>G	enriched
ENST00000460680.6:c.425A>T	enriched
ENST00000460680.6:c.426T>A	enriched
ENST00000460680.6:c.426T>C	unchanged
ENST00000460680.6:c.426T>G	unchanged
ENST00000460680.6:c.427A>C	unchanged
ENST00000460680.6:c.427A>G	enriched
ENST00000460680.6:c.427A>T	unchanged
ENST00000460680.6:c.428G>A	unchanged
ENST00000460680.6:c.428G>C	unchanged
ENST00000460680.6:c.428G>T	unchanged
ENST00000460680.6:c.429C>A	unchanged
ENST00000460680.6:c.429C>G	unchanged
ENST00000460680.6:c.429C>T	enriched
ENST00000460680.6:c.430C>A	unchanged
ENST00000460680.6:c.430C>G	strongly depleted
ENST00000460680.6:c.430C>T	enriched
ENST00000460680.6:c.431A>C	strongly depleted
ENST00000460680.6:c.431A>G	unchanged
ENST00000460680.6:c.431A>T	unchanged
ENST00000460680.6:c.432T>A	unchanged
ENST00000460680.6:c.432T>C	unchanged
ENST00000460680.6:c.432T>G	unchanged
ENST00000460680.6:c.433G>A	enriched
ENST00000460680.6:c.433G>C	unchanged
ENST00000460680.6:c.433G>T	unchanged
ENST00000460680.6:c.434C>A	enriched
ENST00000460680.6:c.434C>G	enriched
ENST00000460680.6:c.434C>T	unchanged
ENST00000460680.6:c.435C>A	unchanged
ENST00000460680.6:c.435C>G	unchanged
ENST00000460680.6:c.435C>T	unchanged
ENST00000460680.6:c.436A>C	weakly depleted
ENST00000460680.6:c.436A>G	weakly depleted
ENST00000460680.6:c.436A>T	weakly depleted
ENST00000460680.6:c.437G>A	strongly depleted
ENST00000460680.6:c.437G>C	strongly depleted
ENST00000460680.6:c.437G>T	strongly depleted
ENST00000460680.6:c.437+1G>A	strongly depleted
ENST00000460680.6:c.437+1G>C	strongly depleted
ENST00000460680.6:c.437+1G>T	strongly depleted
ENST00000460680.6:c.437+2T>A	strongly depleted
ENST00000460680.6:c.437+2T>C	strongly depleted
ENST00000460680.6:c.437+2T>G	strongly depleted
ENST00000460680.6:c.437+3G>A	unchanged
ENST00000460680.6:c.437+3G>C	unchanged
ENST00000460680.6:c.437+3G>T	unchanged
ENST00000460680.6:c.437+4T>A	unchanged
ENST00000460680.6:c.437+4T>C	unchanged
ENST00000460680.6:c.437+4T>G	unchanged
ENST00000460680.6:c.437+5G>A	weakly depleted
ENST00000460680.6:c.437+5G>C	unchanged
ENST00000460680.6:c.437+5G>T	weakly depleted
ENST00000460680.6:c.437+6T>A	unchanged
ENST00000460680.6:c.437+6T>C	enriched
ENST00000460680.6:c.437+6T>G	unchanged
ENST00000460680.6:c.437+7G>A	unchanged
ENST00000460680.6:c.437+7G>C	unchanged
ENST00000460680.6:c.437+7G>T	unchanged
ENST00000460680.6:c.437+8G>A	unchanged
ENST00000460680.6:c.437+8G>C	unchanged
ENST00000460680.6:c.437+8G>T	unchanged
ENST00000460680.6:c.437+9G>A	unchanged
ENST00000460680.6:c.437+9G>C	unchanged
ENST00000460680.6:c.437+9G>T	unchanged
ENST00000460680.6:c.437+10A>C	unchanged
ENST00000460680.6:c.437+10A>G	unchanged
ENST00000460680.6:c.437+10A>T	unchanged
ENST00000460680.6:c.437+11G>A	unchanged
ENST00000460680.6:c.437+11G>C	unchanged
ENST00000460680.6:c.437+11G>T	unchanged
ENST00000460680.6:c.437+12C>A	unchanged
ENST00000460680.6:c.437+12C>G	unchanged
ENST00000460680.6:c.437+12C>T	enriched
ENST00000460680.6:c.437+13T>A	unchanged
ENST00000460680.6:c.437+13T>C	unchanged
ENST00000460680.6:c.437+13T>G	unchanged
ENST00000460680.6:c.437+14G>A	unchanged
ENST00000460680.6:c.437+14G>C	unchanged
ENST00000460680.6:c.437+14G>T	unchanged
ENST00000460680.6:c.437+15T>A	unchanged
ENST00000460680.6:c.437+15T>C	unchanged
ENST00000460680.6:c.437+15T>G	unchanged
ENST00000460680.6:c.437+16G>A	unchanged
ENST00000460680.6:c.437+16G>C	unchanged
ENST00000460680.6:c.437+16G>T	unchanged
ENST00000460680.6:c.437+17G>A	unchanged
ENST00000460680.6:c.437+17G>C	unchanged
ENST00000460680.6:c.437+17G>T	unchanged
ENST00000460680.6:c.437+18G>A	unchanged
ENST00000460680.6:c.437+18G>C	unchanged
ENST00000460680.6:c.437+18G>T	unchanged
ENST00000460680.6:c.437+19A>C	unchanged
ENST00000460680.6:c.437+19A>G	unchanged
ENST00000460680.6:c.437+19A>T	enriched
ENST00000460680.6:c.437+20G>A	unchanged
ENST00000460680.6:c.437+20G>C	unchanged
ENST00000460680.6:c.437+20G>T	unchanged
ENST00000460680.6:c.437+21C>A	unchanged
ENST00000460680.6:c.437+21C>G	unchanged
ENST00000460680.6:c.437+21C>T	unchanged
ENST00000460680.6:c.437+22T>A	unchanged
ENST00000460680.6:c.437+22T>C	unchanged
ENST00000460680.6:c.437+22T>G	unchanged
ENST00000460680.6:c.437+23G>A	unchanged
ENST00000460680.6:c.437+23G>C	unchanged
ENST00000460680.6:c.437+23G>T	unchanged
ENST00000460680.6:c.437+24A>C	unchanged
ENST00000460680.6:c.437+24A>G	unchanged
ENST00000460680.6:c.437+24A>T	unchanged
ENST00000460680.6:c.437+25T>A	unchanged
ENST00000460680.6:c.437+25T>C	unchanged
ENST00000460680.6:c.437+25T>G	unchanged
ENST00000460680.6:c.438-25G>A	unchanged
ENST00000460680.6:c.438-25G>C	unchanged
ENST00000460680.6:c.438-25G>T	unchanged
ENST00000460680.6:c.438-24G>A	unchanged
ENST00000460680.6:c.438-24G>C	unchanged
ENST00000460680.6:c.438-24G>T	weakly depleted
ENST00000460680.6:c.438-23G>A	unchanged
ENST00000460680.6:c.438-23G>C	unchanged
ENST00000460680.6:c.438-23G>T	unchanged
ENST00000460680.6:c.438-22C>A	unchanged
ENST00000460680.6:c.438-22C>G	unchanged
ENST00000460680.6:c.438-22C>T	unchanged
ENST00000460680.6:c.438-21C>A	unchanged
ENST00000460680.6:c.438-21C>G	unchanged
ENST00000460680.6:c.438-21C>T	unchanged
ENST00000460680.6:c.438-20C>A	weakly depleted
ENST00000460680.6:c.438-20C>G	weakly depleted
ENST00000460680.6:c.438-20C>T	weakly depleted
ENST00000460680.6:c.438-19T>A	weakly depleted
ENST00000460680.6:c.438-19T>C	weakly depleted
ENST00000460680.6:c.438-19T>G	weakly depleted
ENST00000460680.6:c.438-18G>A	unchanged
ENST00000460680.6:c.438-18G>C	unchanged
ENST00000460680.6:c.438-18G>T	weakly depleted
ENST00000460680.6:c.438-17A>C	weakly depleted
ENST00000460680.6:c.438-17A>G	weakly depleted
ENST00000460680.6:c.438-17A>T	unchanged
ENST00000460680.6:c.438-16C>A	unchanged
ENST00000460680.6:c.438-16C>G	weakly depleted
ENST00000460680.6:c.438-16C>T	weakly depleted
ENST00000460680.6:c.438-15T>A	weakly depleted
ENST00000460680.6:c.438-15T>C	unchanged
ENST00000460680.6:c.438-15T>G	unchanged
ENST00000460680.6:c.438-14C>A	unchanged
ENST00000460680.6:c.438-14C>G	unchanged
ENST00000460680.6:c.438-14C>T	unchanged
ENST00000460680.6:c.438-13T>A	weakly depleted
ENST00000460680.6:c.438-13T>C	unchanged
ENST00000460680.6:c.438-13T>G	unchanged
ENST00000460680.6:c.438-12G>A	weakly depleted
ENST00000460680.6:c.438-12G>C	unchanged
ENST00000460680.6:c.438-12G>T	weakly depleted
ENST00000460680.6:c.438-11T>A	unchanged
ENST00000460680.6:c.438-11T>C	unchanged
ENST00000460680.6:c.438-11T>G	unchanged
ENST00000460680.6:c.438-10T>A	unchanged
ENST00000460680.6:c.438-10T>C	unchanged
ENST00000460680.6:c.438-10T>G	unchanged
ENST00000460680.6:c.438-9T>A	unchanged
ENST00000460680.6:c.438-9T>C	unchanged
ENST00000460680.6:c.438-9T>G	unchanged
ENST00000460680.6:c.438-8T>A	unchanged
ENST00000460680.6:c.438-8T>C	unchanged
ENST00000460680.6:c.438-8T>G	unchanged
ENST00000460680.6:c.438-7T>A	weakly depleted
ENST00000460680.6:c.438-7T>C	unchanged
ENST00000460680.6:c.438-7T>G	weakly depleted
ENST00000460680.6:c.438-6C>A	unchanged
ENST00000460680.6:c.438-6C>G	weakly depleted
ENST00000460680.6:c.438-6C>T	unchanged
ENST00000460680.6:c.438-5C>A	weakly depleted
ENST00000460680.6:c.438-5C>G	unchanged
ENST00000460680.6:c.438-5C>T	unchanged
ENST00000460680.6:c.438-4C>A	unchanged
ENST00000460680.6:c.438-4C>G	unchanged
ENST00000460680.6:c.438-4C>T	unchanged
ENST00000460680.6:c.438-3C>A	weakly depleted
ENST00000460680.6:c.438-3C>G	weakly depleted
ENST00000460680.6:c.438-3C>T	unchanged
ENST00000460680.6:c.438-2A>C	weakly depleted
ENST00000460680.6:c.438-2A>G	weakly depleted
ENST00000460680.6:c.438-2A>T	strongly depleted
ENST00000460680.6:c.438-1G>A	strongly depleted
ENST00000460680.6:c.438-1G>C	strongly depleted
ENST00000460680.6:c.438-1G>T	strongly depleted
ENST00000460680.6:c.438G>A	unchanged
ENST00000460680.6:c.438G>C	unchanged
ENST00000460680.6:c.438G>T	weakly depleted
ENST00000460680.6:c.439C>A	unchanged
ENST00000460680.6:c.439C>G	unchanged
ENST00000460680.6:c.439C>T	unchanged
ENST00000460680.6:c.440C>A	weakly depleted
ENST00000460680.6:c.440C>G	unchanged
ENST00000460680.6:c.440C>T	unchanged
ENST00000460680.6:c.441C>A	unchanged
ENST00000460680.6:c.441C>G	unchanged
ENST00000460680.6:c.441C>T	unchanged
ENST00000460680.6:c.442G>A	weakly depleted
ENST00000460680.6:c.442G>C	weakly depleted
ENST00000460680.6:c.442G>T	strongly depleted
ENST00000460680.6:c.443A>C	weakly depleted
ENST00000460680.6:c.443A>G	unchanged
ENST00000460680.6:c.443A>T	weakly depleted
ENST00000460680.6:c.444G>A	unchanged
ENST00000460680.6:c.444G>C	weakly depleted
ENST00000460680.6:c.444G>T	unchanged
ENST00000460680.6:c.445C>A	unchanged
ENST00000460680.6:c.445C>G	weakly depleted
ENST00000460680.6:c.445C>T	weakly depleted
ENST00000460680.6:c.446C>A	unchanged
ENST00000460680.6:c.446C>G	weakly depleted
ENST00000460680.6:c.446C>T	weakly depleted
ENST00000460680.6:c.447A>C	unchanged
ENST00000460680.6:c.447A>G	unchanged
ENST00000460680.6:c.447A>T	unchanged
ENST00000460680.6:c.448C>A	unchanged
ENST00000460680.6:c.448C>G	weakly depleted
ENST00000460680.6:c.448C>T	unchanged
ENST00000460680.6:c.449G>A	unchanged
ENST00000460680.6:c.449G>C	unchanged
ENST00000460680.6:c.449G>T	unchanged
ENST00000460680.6:c.450C>A	unchanged
ENST00000460680.6:c.450C>G	unchanged
ENST00000460680.6:c.450C>T	unchanged
ENST00000460680.6:c.451C>A	unchanged
ENST00000460680.6:c.451C>G	weakly depleted
ENST00000460680.6:c.451C>T	unchanged
ENST00000460680.6:c.452A>C	unchanged
ENST00000460680.6:c.452A>G	weakly depleted
ENST00000460680.6:c.452A>T	unchanged
ENST00000460680.6:c.453C>A	unchanged
ENST00000460680.6:c.453C>G	unchanged
ENST00000460680.6:c.453C>T	unchanged
ENST00000460680.6:c.454C>A	unchanged
ENST00000460680.6:c.454C>G	unchanged
ENST00000460680.6:c.454C>T	unchanged
ENST00000460680.6:c.455T>A	unchanged
ENST00000460680.6:c.455T>C	unchanged
ENST00000460680.6:c.455T>G	unchanged
ENST00000460680.6:c.456C>A	unchanged
ENST00000460680.6:c.456C>G	unchanged
ENST00000460680.6:c.456C>T	unchanged
ENST00000460680.6:c.457C>A	unchanged
ENST00000460680.6:c.457C>G	unchanged
ENST00000460680.6:c.457C>T	unchanged
ENST00000460680.6:c.458C>A	weakly depleted
ENST00000460680.6:c.458C>G	unchanged
ENST00000460680.6:c.458C>T	unchanged
ENST00000460680.6:c.459T>A	unchanged
ENST00000460680.6:c.459T>C	unchanged
ENST00000460680.6:c.459T>G	unchanged
ENST00000460680.6:c.460G>A	unchanged
ENST00000460680.6:c.460G>C	unchanged
ENST00000460680.6:c.460G>T	weakly depleted
ENST00000460680.6:c.461A>C	unchanged
ENST00000460680.6:c.461A>G	unchanged
ENST00000460680.6:c.461A>T	unchanged
ENST00000460680.6:c.462G>A	unchanged
ENST00000460680.6:c.462G>C	unchanged
ENST00000460680.6:c.462G>T	unchanged
ENST00000460680.6:c.463A>C	weakly depleted
ENST00000460680.6:c.463A>G	weakly depleted
ENST00000460680.6:c.463A>T	strongly depleted
ENST00000460680.6:c.464A>C	unchanged
ENST00000460680.6:c.464A>G	unchanged
ENST00000460680.6:c.464A>T	weakly depleted
ENST00000460680.6:c.465G>A	unchanged
ENST00000460680.6:c.465G>C	unchanged
ENST00000460680.6:c.465G>T	unchanged
ENST00000460680.6:c.466C>A	unchanged
ENST00000460680.6:c.466C>G	weakly depleted
ENST00000460680.6:c.466C>T	weakly depleted
ENST00000460680.6:c.467A>C	unchanged
ENST00000460680.6:c.467A>G	unchanged
ENST00000460680.6:c.467A>T	unchanged
ENST00000460680.6:c.468G>A	unchanged
ENST00000460680.6:c.468G>C	weakly depleted
ENST00000460680.6:c.468G>T	weakly depleted
ENST00000460680.6:c.469A>C	unchanged
ENST00000460680.6:c.469A>G	unchanged
ENST00000460680.6:c.469A>T	unchanged
ENST00000460680.6:c.470A>C	unchanged
ENST00000460680.6:c.470A>G	unchanged
ENST00000460680.6:c.470A>T	unchanged
ENST00000460680.6:c.471T>A	enriched
ENST00000460680.6:c.471T>C	unchanged
ENST00000460680.6:c.471T>G	enriched
ENST00000460680.6:c.472G>A	unchanged
ENST00000460680.6:c.472G>C	unchanged
ENST00000460680.6:c.472G>T	weakly depleted
ENST00000460680.6:c.473G>A	weakly depleted
ENST00000460680.6:c.473G>C	weakly depleted
ENST00000460680.6:c.473G>T	unchanged
ENST00000460680.6:c.474C>A	unchanged
ENST00000460680.6:c.474C>G	unchanged
ENST00000460680.6:c.474C>T	unchanged
ENST00000460680.6:c.475C>A	unchanged
ENST00000460680.6:c.475C>G	weakly depleted
ENST00000460680.6:c.475C>T	unchanged
ENST00000460680.6:c.476T>A	weakly depleted
ENST00000460680.6:c.476T>C	unchanged
ENST00000460680.6:c.476T>G	weakly depleted
ENST00000460680.6:c.477T>A	unchanged
ENST00000460680.6:c.477T>C	unchanged
ENST00000460680.6:c.477T>G	unchanged
ENST00000460680.6:c.478A>C	unchanged
ENST00000460680.6:c.478A>G	unchanged
ENST00000460680.6:c.478A>T	unchanged
ENST00000460680.6:c.479G>A	unchanged
ENST00000460680.6:c.479G>C	unchanged
ENST00000460680.6:c.479G>T	unchanged
ENST00000460680.6:c.480T>A	unchanged
ENST00000460680.6:c.480T>C	unchanged
ENST00000460680.6:c.480T>G	unchanged
ENST00000460680.6:c.481G>A	unchanged
ENST00000460680.6:c.481G>C	weakly depleted
ENST00000460680.6:c.481G>T	unchanged
ENST00000460680.6:c.482C>A	weakly depleted
ENST00000460680.6:c.482C>G	unchanged
ENST00000460680.6:c.482C>T	enriched
ENST00000460680.6:c.483A>C	unchanged
ENST00000460680.6:c.483A>G	unchanged
ENST00000460680.6:c.483A>T	unchanged
ENST00000460680.6:c.484G>A	unchanged
ENST00000460680.6:c.484G>C	weakly depleted
ENST00000460680.6:c.484G>T	unchanged
ENST00000460680.6:c.485T>A	unchanged
ENST00000460680.6:c.485T>C	unchanged
ENST00000460680.6:c.485T>G	unchanged
ENST00000460680.6:c.486G>A	unchanged
ENST00000460680.6:c.486G>C	unchanged
ENST00000460680.6:c.486G>T	unchanged
ENST00000460680.6:c.487C>A	unchanged
ENST00000460680.6:c.487C>G	unchanged
ENST00000460680.6:c.487C>T	unchanged
ENST00000460680.6:c.488G>A	unchanged
ENST00000460680.6:c.488G>C	weakly depleted
ENST00000460680.6:c.488G>T	weakly depleted
ENST00000460680.6:c.489G>A	unchanged
ENST00000460680.6:c.489G>C	unchanged
ENST00000460680.6:c.489G>T	unchanged
ENST00000460680.6:c.490A>C	unchanged
ENST00000460680.6:c.490A>G	unchanged
ENST00000460680.6:c.490A>T	unchanged
ENST00000460680.6:c.491C>A	unchanged
ENST00000460680.6:c.491C>G	unchanged
ENST00000460680.6:c.491C>T	unchanged
ENST00000460680.6:c.492C>A	unchanged
ENST00000460680.6:c.492C>G	unchanged
ENST00000460680.6:c.492C>T	unchanged
ENST00000460680.6:c.493A>C	unchanged
ENST00000460680.6:c.493A>G	enriched
ENST00000460680.6:c.493A>T	unchanged
ENST00000460680.6:c.494T>A	unchanged
ENST00000460680.6:c.494T>C	unchanged
ENST00000460680.6:c.494T>G	weakly depleted
ENST00000460680.6:c.495G>A	unchanged
ENST00000460680.6:c.495G>C	enriched
ENST00000460680.6:c.495G>T	unchanged
ENST00000460680.6:c.496G>A	weakly depleted
ENST00000460680.6:c.496G>C	weakly depleted
ENST00000460680.6:c.496G>T	strongly depleted
ENST00000460680.6:c.497A>C	unchanged
ENST00000460680.6:c.497A>G	weakly depleted
ENST00000460680.6:c.497A>T	weakly depleted
ENST00000460680.6:c.498G>A	unchanged
ENST00000460680.6:c.498G>C	unchanged
ENST00000460680.6:c.498G>T	unchanged
ENST00000460680.6:c.499G>A	unchanged
ENST00000460680.6:c.499G>C	weakly depleted
ENST00000460680.6:c.499G>T	unchanged
ENST00000460680.6:c.500C>A	weakly depleted
ENST00000460680.6:c.500C>G	weakly depleted
ENST00000460680.6:c.500C>T	unchanged
ENST00000460680.6:c.501G>A	unchanged
ENST00000460680.6:c.501G>C	unchanged
ENST00000460680.6:c.501G>T	unchanged
ENST00000460680.6:c.502T>A	strongly depleted
ENST00000460680.6:c.502T>C	weakly depleted
ENST00000460680.6:c.502T>G	strongly depleted
ENST00000460680.6:c.503T>A	unchanged
ENST00000460680.6:c.503T>C	weakly depleted
ENST00000460680.6:c.503T>G	weakly depleted
ENST00000460680.6:c.504C>A	weakly depleted
ENST00000460680.6:c.504C>G	strongly depleted
ENST00000460680.6:c.504C>T	unchanged
ENST00000460680.6:c.505C>A	strongly depleted
ENST00000460680.6:c.505C>G	strongly depleted
ENST00000460680.6:c.505C>T	strongly depleted
ENST00000460680.6:c.506A>C	strongly depleted
ENST00000460680.6:c.506A>G	strongly depleted
ENST00000460680.6:c.506A>T	strongly depleted
ENST00000460680.6:c.507C>A	strongly depleted
ENST00000460680.6:c.507C>G	strongly depleted
ENST00000460680.6:c.507C>T	unchanged
ENST00000460680.6:c.508T>A	strongly depleted
ENST00000460680.6:c.508T>C	strongly depleted
ENST00000460680.6:c.508T>G	strongly depleted
ENST00000460680.6:c.509T>A	unchanged
ENST00000460680.6:c.509T>C	strongly depleted
ENST00000460680.6:c.509T>G	strongly depleted
ENST00000460680.6:c.510T>A	strongly depleted
ENST00000460680.6:c.510T>C	enriched
ENST00000460680.6:c.510T>G	strongly depleted
ENST00000460680.6:c.511G>A	enriched
ENST00000460680.6:c.511G>C	weakly depleted
ENST00000460680.6:c.511G>T	weakly depleted
ENST00000460680.6:c.512T>A	strongly depleted
ENST00000460680.6:c.512T>C	unchanged
ENST00000460680.6:c.512T>G	weakly depleted
ENST00000460680.6:c.513C>A	weakly depleted
ENST00000460680.6:c.513C>G	unchanged
ENST00000460680.6:c.513C>T	unchanged
ENST00000460680.6:c.514A>C	strongly depleted
ENST00000460680.6:c.514A>G	enriched
ENST00000460680.6:c.514A>T	unchanged
ENST00000460680.6:c.515G>A	weakly depleted
ENST00000460680.6:c.515G>C	weakly depleted
ENST00000460680.6:c.515G>T	weakly depleted
ENST00000460680.6:c.516C>A	strongly depleted
ENST00000460680.6:c.516C>G	strongly depleted
ENST00000460680.6:c.516C>T	unchanged
ENST00000460680.6:c.517T>A	strongly depleted
ENST00000460680.6:c.517T>C	weakly depleted
ENST00000460680.6:c.517T>G	strongly depleted
ENST00000460680.6:c.518A>C	strongly depleted
ENST00000460680.6:c.518A>G	strongly depleted
ENST00000460680.6:c.518A>T	unchanged
ENST00000460680.6:c.519T>A	strongly depleted
ENST00000460680.6:c.519T>C	unchanged
ENST00000460680.6:c.519T>G	strongly depleted
ENST00000460680.6:c.520G>A	unchanged
ENST00000460680.6:c.520G>C	unchanged
ENST00000460680.6:c.520G>T	unchanged
ENST00000460680.6:c.521T>A	strongly depleted
ENST00000460680.6:c.521T>C	unchanged
ENST00000460680.6:c.521T>G	strongly depleted
ENST00000460680.6:c.522G>A	unchanged
ENST00000460680.6:c.522G>C	unchanged
ENST00000460680.6:c.522G>T	enriched
ENST00000460680.6:c.523C>A	weakly depleted
ENST00000460680.6:c.523C>G	weakly depleted
ENST00000460680.6:c.523C>T	weakly depleted
ENST00000460680.6:c.524C>A	weakly depleted
ENST00000460680.6:c.524C>G	weakly depleted
ENST00000460680.6:c.524C>T	weakly depleted
ENST00000460680.6:c.525T>A	unchanged
ENST00000460680.6:c.525T>C	unchanged
ENST00000460680.6:c.525T>G	unchanged
ENST00000460680.6:c.526A>C	unchanged
ENST00000460680.6:c.526A>G	unchanged
ENST00000460680.6:c.526A>T	unchanged
ENST00000460680.6:c.527T>A	weakly depleted
ENST00000460680.6:c.527T>C	weakly depleted
ENST00000460680.6:c.527T>G	weakly depleted
ENST00000460680.6:c.528C>A	unchanged
ENST00000460680.6:c.528C>G	unchanged
ENST00000460680.6:c.528C>T	unchanged
ENST00000460680.6:c.529A>C	strongly depleted
ENST00000460680.6:c.529A>G	unchanged
ENST00000460680.6:c.529A>T	unchanged
ENST00000460680.6:c.530C>A	unchanged
ENST00000460680.6:c.530C>G	unchanged
ENST00000460680.6:c.530C>T	unchanged
ENST00000460680.6:c.531A>C	enriched
ENST00000460680.6:c.531A>G	unchanged
ENST00000460680.6:c.531A>T	unchanged
ENST00000460680.6:c.532G>A	weakly depleted
ENST00000460680.6:c.532G>C	unchanged
ENST00000460680.6:c.532G>T	weakly depleted
ENST00000460680.6:c.533G>A	unchanged
ENST00000460680.6:c.533G>C	weakly depleted
ENST00000460680.6:c.533G>T	strongly depleted
ENST00000460680.6:c.534C>A	unchanged
ENST00000460680.6:c.534C>G	unchanged
ENST00000460680.6:c.534C>T	enriched
ENST00000460680.6:c.535C>A	unchanged
ENST00000460680.6:c.535C>G	weakly depleted
ENST00000460680.6:c.535C>T	weakly depleted
ENST00000460680.6:c.536G>A	unchanged
ENST00000460680.6:c.536G>C	strongly depleted
ENST00000460680.6:c.536G>T	weakly depleted
ENST00000460680.6:c.537G>A	unchanged
ENST00000460680.6:c.537G>C	unchanged
ENST00000460680.6:c.537G>T	unchanged
ENST00000460680.6:c.538C>A	unchanged
ENST00000460680.6:c.538C>G	enriched
ENST00000460680.6:c.538C>T	weakly depleted
ENST00000460680.6:c.539T>A	strongly depleted
ENST00000460680.6:c.539T>C	weakly depleted
ENST00000460680.6:c.539T>G	strongly depleted
ENST00000460680.6:c.540C>A	unchanged
ENST00000460680.6:c.540C>G	unchanged
ENST00000460680.6:c.540C>T	unchanged
ENST00000460680.6:c.541T>A	unchanged
ENST00000460680.6:c.541T>C	unchanged
ENST00000460680.6:c.541T>G	unchanged
ENST00000460680.6:c.542T>A	enriched
ENST00000460680.6:c.542T>C	weakly depleted
ENST00000460680.6:c.542T>G	weakly depleted
ENST00000460680.6:c.543T>A	unchanged
ENST00000460680.6:c.543T>C	unchanged
ENST00000460680.6:c.543T>G	enriched
ENST00000460680.6:c.544G>A	strongly depleted
ENST00000460680.6:c.544G>C	weakly depleted
ENST00000460680.6:c.544G>T	weakly depleted
ENST00000460680.6:c.545A>C	weakly depleted
ENST00000460680.6:c.545A>G	weakly depleted
ENST00000460680.6:c.545A>T	strongly depleted
ENST00000460680.6:c.546G>A	unchanged
ENST00000460680.6:c.546G>C	strongly depleted
ENST00000460680.6:c.546G>T	strongly depleted
ENST00000460680.6:c.547C>A	unchanged
ENST00000460680.6:c.547C>G	unchanged
ENST00000460680.6:c.547C>T	unchanged
ENST00000460680.6:c.548T>A	weakly depleted
ENST00000460680.6:c.548T>C	strongly depleted
ENST00000460680.6:c.548T>G	strongly depleted
ENST00000460680.6:c.549G>A	unchanged
ENST00000460680.6:c.549G>C	unchanged
ENST00000460680.6:c.549G>T	unchanged
ENST00000460680.6:c.550G>A	weakly depleted
ENST00000460680.6:c.550G>C	strongly depleted
ENST00000460680.6:c.550G>T	strongly depleted
ENST00000460680.6:c.551A>C	strongly depleted
ENST00000460680.6:c.551A>G	weakly depleted
ENST00000460680.6:c.551A>T	strongly depleted
ENST00000460680.6:c.552T>A	weakly depleted
ENST00000460680.6:c.552T>C	enriched
ENST00000460680.6:c.552T>G	weakly depleted
ENST00000460680.6:c.553G>A	strongly depleted
ENST00000460680.6:c.553G>C	strongly depleted
ENST00000460680.6:c.553G>T	weakly depleted
ENST00000460680.6:c.554G>A	weakly depleted
ENST00000460680.6:c.554G>C	weakly depleted
ENST00000460680.6:c.554G>T	weakly depleted
ENST00000460680.6:c.555G>A	unchanged
ENST00000460680.6:c.555G>C	unchanged
ENST00000460680.6:c.555G>T	unchanged
ENST00000460680.6:c.556C>A	weakly depleted
ENST00000460680.6:c.556C>G	weakly depleted
ENST00000460680.6:c.556C>T	unchanged
ENST00000460680.6:c.557T>A	weakly depleted
ENST00000460680.6:c.557T>C	weakly depleted
ENST00000460680.6:c.557T>G	weakly depleted
ENST00000460680.6:c.558G>A	weakly depleted
ENST00000460680.6:c.558G>C	unchanged
ENST00000460680.6:c.558G>T	unchanged
ENST00000460680.6:c.559A>C	weakly depleted
ENST00000460680.6:c.559A>G	weakly depleted
ENST00000460680.6:c.559A>T	strongly depleted
ENST00000460680.6:c.560A>C	weakly depleted
ENST00000460680.6:c.560A>G	weakly depleted
ENST00000460680.6:c.560A>T	weakly depleted
ENST00000460680.6:c.561G>A	unchanged
ENST00000460680.6:c.561G>C	weakly depleted
ENST00000460680.6:c.561G>T	weakly depleted
ENST00000460680.6:c.562G>A	unchanged
ENST00000460680.6:c.562G>C	unchanged
ENST00000460680.6:c.562G>T	unchanged
ENST00000460680.6:c.563T>A	unchanged
ENST00000460680.6:c.563T>C	unchanged
ENST00000460680.6:c.563T>G	unchanged
ENST00000460680.6:c.564C>A	weakly depleted
ENST00000460680.6:c.564C>G	unchanged
ENST00000460680.6:c.564C>T	unchanged
ENST00000460680.6:c.565T>A	unchanged
ENST00000460680.6:c.565T>C	enriched
ENST00000460680.6:c.565T>G	unchanged
ENST00000460680.6:c.566A>C	unchanged
ENST00000460680.6:c.566A>G	unchanged
ENST00000460680.6:c.566A>T	unchanged
ENST00000460680.6:c.567C>A	strongly depleted
ENST00000460680.6:c.567C>G	weakly depleted
ENST00000460680.6:c.567C>T	unchanged
ENST00000460680.6:c.568C>A	weakly depleted
ENST00000460680.6:c.568C>G	weakly depleted
ENST00000460680.6:c.568C>T	weakly depleted
ENST00000460680.6:c.569C>A	weakly depleted
ENST00000460680.6:c.569C>G	strongly depleted
ENST00000460680.6:c.569C>T	weakly depleted
ENST00000460680.6:c.570C>A	unchanged
ENST00000460680.6:c.570C>G	unchanged
ENST00000460680.6:c.570C>T	unchanged
ENST00000460680.6:c.571A>C	unchanged
ENST00000460680.6:c.571A>G	unchanged
ENST00000460680.6:c.571A>T	weakly depleted
ENST00000460680.6:c.572T>A	unchanged
ENST00000460680.6:c.572T>C	unchanged
ENST00000460680.6:c.572T>G	weakly depleted
ENST00000460680.6:c.573T>A	unchanged
ENST00000460680.6:c.573T>C	unchanged
ENST00000460680.6:c.573T>G	unchanged
ENST00000460680.6:c.574G>A	unchanged
ENST00000460680.6:c.574G>C	weakly depleted
ENST00000460680.6:c.574G>T	weakly depleted
ENST00000460680.6:c.575A>C	weakly depleted
ENST00000460680.6:c.575A>G	weakly depleted
ENST00000460680.6:c.575A>T	weakly depleted
ENST00000460680.6:c.576C>A	weakly depleted
ENST00000460680.6:c.576C>G	weakly depleted
ENST00000460680.6:c.576C>T	unchanged
ENST00000460680.6:c.577C>A	weakly depleted
ENST00000460680.6:c.577C>G	weakly depleted
ENST00000460680.6:c.577C>T	unchanged
ENST00000460680.6:c.578A>C	strongly depleted
ENST00000460680.6:c.578A>G	weakly depleted
ENST00000460680.6:c.578A>T	weakly depleted
ENST00000460680.6:c.579T>A	weakly depleted
ENST00000460680.6:c.579T>C	unchanged
ENST00000460680.6:c.579T>G	weakly depleted
ENST00000460680.6:c.580G>A	strongly depleted
ENST00000460680.6:c.580G>C	strongly depleted
ENST00000460680.6:c.580G>T	weakly depleted
ENST00000460680.6:c.580+1G>A	strongly depleted
ENST00000460680.6:c.580+1G>C	strongly depleted
ENST00000460680.6:c.580+1G>T	weakly depleted
ENST00000460680.6:c.580+2T>A	strongly depleted
ENST00000460680.6:c.580+2T>C	strongly depleted
ENST00000460680.6:c.580+2T>G	strongly depleted
ENST00000460680.6:c.580+3A>C	weakly depleted
ENST00000460680.6:c.580+3A>G	weakly depleted
ENST00000460680.6:c.580+3A>T	strongly depleted
ENST00000460680.6:c.580+4G>A	unchanged
ENST00000460680.6:c.580+4G>C	unchanged
ENST00000460680.6:c.580+4G>T	unchanged
ENST00000460680.6:c.580+5G>A	weakly depleted
ENST00000460680.6:c.580+5G>C	weakly depleted
ENST00000460680.6:c.580+5G>T	weakly depleted
ENST00000460680.6:c.580+6C>A	unchanged
ENST00000460680.6:c.580+6C>G	unchanged
ENST00000460680.6:c.580+6C>T	unchanged
ENST00000460680.6:c.580+7A>C	unchanged
ENST00000460680.6:c.580+7A>G	unchanged
ENST00000460680.6:c.580+7A>T	unchanged
ENST00000460680.6:c.580+8C>A	unchanged
ENST00000460680.6:c.580+8C>G	unchanged
ENST00000460680.6:c.580+8C>T	unchanged
ENST00000460680.6:c.580+9C>A	unchanged
ENST00000460680.6:c.580+9C>G	unchanged
ENST00000460680.6:c.580+9C>T	unchanged
ENST00000460680.6:c.580+10A>C	unchanged
ENST00000460680.6:c.580+10A>G	unchanged
ENST00000460680.6:c.580+10A>T	unchanged
ENST00000460680.6:c.580+11T>A	unchanged
ENST00000460680.6:c.580+11T>C	unchanged
ENST00000460680.6:c.580+11T>G	unchanged
ENST00000460680.6:c.580+12G>A	unchanged
ENST00000460680.6:c.580+12G>C	unchanged
ENST00000460680.6:c.580+12G>T	unchanged
ENST00000460680.6:c.580+13A>C	unchanged
ENST00000460680.6:c.580+13A>G	unchanged
ENST00000460680.6:c.580+13A>T	unchanged
ENST00000460680.6:c.580+14G>A	unchanged
ENST00000460680.6:c.580+14G>C	unchanged
ENST00000460680.6:c.580+14G>T	unchanged
ENST00000460680.6:c.580+15C>A	unchanged
ENST00000460680.6:c.580+15C>G	unchanged
ENST00000460680.6:c.580+15C>T	enriched
ENST00000460680.6:c.580+16T>A	unchanged
ENST00000460680.6:c.580+16T>C	unchanged
ENST00000460680.6:c.580+16T>G	unchanged
ENST00000460680.6:c.580+17G>A	unchanged
ENST00000460680.6:c.580+17G>C	unchanged
ENST00000460680.6:c.580+17G>T	unchanged
ENST00000460680.6:c.580+18G>A	unchanged
ENST00000460680.6:c.580+18G>C	unchanged
ENST00000460680.6:c.580+18G>T	unchanged
ENST00000460680.6:c.580+19A>C	unchanged
ENST00000460680.6:c.580+19A>G	unchanged
ENST00000460680.6:c.580+19A>T	unchanged
ENST00000460680.6:c.580+20G>A	unchanged
ENST00000460680.6:c.580+20G>C	unchanged
ENST00000460680.6:c.580+20G>T	unchanged
ENST00000460680.6:c.580+21G>A	unchanged
ENST00000460680.6:c.580+21G>C	unchanged
ENST00000460680.6:c.580+21G>T	unchanged
ENST00000460680.6:c.580+22C>A	unchanged
ENST00000460680.6:c.580+22C>G	unchanged
ENST00000460680.6:c.580+22C>T	unchanged
ENST00000460680.6:c.580+23C>A	unchanged
ENST00000460680.6:c.580+23C>G	unchanged
ENST00000460680.6:c.580+23C>T	unchanged
ENST00000460680.6:c.580+24T>A	unchanged
ENST00000460680.6:c.580+24T>C	unchanged
ENST00000460680.6:c.580+24T>G	unchanged
ENST00000460680.6:c.580+25G>A	unchanged
ENST00000460680.6:c.580+25G>C	unchanged
ENST00000460680.6:c.580+25G>T	unchanged
ENST00000460680.6:c.581-25G>A	unchanged
ENST00000460680.6:c.581-25G>C	unchanged
ENST00000460680.6:c.581-25G>T	unchanged
ENST00000460680.6:c.581-24A>C	weakly depleted
ENST00000460680.6:c.581-24A>G	weakly depleted
ENST00000460680.6:c.581-24A>T	unchanged
ENST00000460680.6:c.581-23T>A	unchanged
ENST00000460680.6:c.581-23T>C	unchanged
ENST00000460680.6:c.581-23T>G	unchanged
ENST00000460680.6:c.581-22T>A	unchanged
ENST00000460680.6:c.581-22T>C	unchanged
ENST00000460680.6:c.581-22T>G	unchanged
ENST00000460680.6:c.581-21C>A	unchanged
ENST00000460680.6:c.581-21C>G	unchanged
ENST00000460680.6:c.581-21C>T	unchanged
ENST00000460680.6:c.581-20C>A	unchanged
ENST00000460680.6:c.581-20C>G	weakly depleted
ENST00000460680.6:c.581-20C>T	unchanged
ENST00000460680.6:c.581-19T>A	unchanged
ENST00000460680.6:c.581-19T>C	unchanged
ENST00000460680.6:c.581-19T>G	unchanged
ENST00000460680.6:c.581-18T>A	weakly depleted
ENST00000460680.6:c.581-18T>C	unchanged
ENST00000460680.6:c.581-18T>G	unchanged
ENST00000460680.6:c.581-17G>A	unchanged
ENST00000460680.6:c.581-17G>C	unchanged
ENST00000460680.6:c.581-17G>T	unchanged
ENST00000460680.6:c.581-16T>A	weakly depleted
ENST00000460680.6:c.581-16T>C	unchanged
ENST00000460680.6:c.581-16T>G	unchanged
ENST00000460680.6:c.581-15C>A	weakly depleted
ENST00000460680.6:c.581-15C>G	weakly depleted
ENST00000460680.6:c.581-15C>T	unchanged
ENST00000460680.6:c.581-14T>A	weakly depleted
ENST00000460680.6:c.581-14T>C	unchanged
ENST00000460680.6:c.581-14T>G	weakly depleted
ENST00000460680.6:c.581-13T>A	strongly depleted
ENST00000460680.6:c.581-13T>C	unchanged
ENST00000460680.6:c.581-13T>G	weakly depleted
ENST00000460680.6:c.581-12G>A	strongly depleted
ENST00000460680.6:c.581-12G>C	unchanged
ENST00000460680.6:c.581-12G>T	enriched
ENST00000460680.6:c.581-11G>A	unchanged
ENST00000460680.6:c.581-11G>C	unchanged
ENST00000460680.6:c.581-11G>T	unchanged
ENST00000460680.6:c.581-10T>A	weakly depleted
ENST00000460680.6:c.581-10T>C	weakly depleted
ENST00000460680.6:c.581-10T>G	strongly depleted
ENST00000460680.6:c.581-9C>A	unchanged
ENST00000460680.6:c.581-9C>G	weakly depleted
ENST00000460680.6:c.581-9C>T	unchanged
ENST00000460680.6:c.581-8T>A	weakly depleted
ENST00000460680.6:c.581-8T>C	unchanged
ENST00000460680.6:c.581-8T>G	strongly depleted
ENST00000460680.6:c.581-7C>A	unchanged
ENST00000460680.6:c.581-7C>G	weakly depleted
ENST00000460680.6:c.581-7C>T	weakly depleted
ENST00000460680.6:c.581-6C>A	weakly depleted
ENST00000460680.6:c.581-6C>G	weakly depleted
ENST00000460680.6:c.581-6C>T	unchanged
ENST00000460680.6:c.581-5A>C	unchanged
ENST00000460680.6:c.581-5A>G	unchanged
ENST00000460680.6:c.581-5A>T	unchanged
ENST00000460680.6:c.581-4C>A	unchanged
ENST00000460680.6:c.581-4C>G	strongly depleted
ENST00000460680.6:c.581-4C>T	unchanged
ENST00000460680.6:c.581-3T>A	weakly depleted
ENST00000460680.6:c.581-3T>C	unchanged
ENST00000460680.6:c.581-3T>G	strongly depleted
ENST00000460680.6:c.581-2A>C	strongly depleted
ENST00000460680.6:c.581-2A>G	weakly depleted
ENST00000460680.6:c.581-2A>T	strongly depleted
ENST00000460680.6:c.581-1G>A	strongly depleted
ENST00000460680.6:c.581-1G>C	strongly depleted
ENST00000460680.6:c.581-1G>T	weakly depleted
ENST00000460680.6:c.581G>A	strongly depleted
ENST00000460680.6:c.581G>C	strongly depleted
ENST00000460680.6:c.581G>T	strongly depleted
ENST00000460680.6:c.582G>A	weakly depleted
ENST00000460680.6:c.582G>C	unchanged
ENST00000460680.6:c.582G>T	unchanged
ENST00000460680.6:c.583C>A	unchanged
ENST00000460680.6:c.583C>G	unchanged
ENST00000460680.6:c.583C>T	unchanged
ENST00000460680.6:c.584C>A	unchanged
ENST00000460680.6:c.584C>G	weakly depleted
ENST00000460680.6:c.584C>T	unchanged
ENST00000460680.6:c.585C>A	unchanged
ENST00000460680.6:c.585C>G	weakly depleted
ENST00000460680.6:c.585C>T	unchanged
ENST00000460680.6:c.586T>A	strongly depleted
ENST00000460680.6:c.586T>C	weakly depleted
ENST00000460680.6:c.586T>G	strongly depleted
ENST00000460680.6:c.587G>A	strongly depleted
ENST00000460680.6:c.587G>C	weakly depleted
ENST00000460680.6:c.587G>T	weakly depleted
ENST00000460680.6:c.588G>A	strongly depleted
ENST00000460680.6:c.588G>C	unchanged
ENST00000460680.6:c.588G>T	unchanged
ENST00000460680.6:c.589G>A	unchanged
ENST00000460680.6:c.589G>C	unchanged
ENST00000460680.6:c.589G>T	unchanged
ENST00000460680.6:c.590G>A	unchanged
ENST00000460680.6:c.590G>C	unchanged
ENST00000460680.6:c.590G>T	unchanged
ENST00000460680.6:c.591G>A	weakly depleted
ENST00000460680.6:c.591G>C	unchanged
ENST00000460680.6:c.591G>T	unchanged
ENST00000460680.6:c.592G>A	unchanged
ENST00000460680.6:c.592G>C	unchanged
ENST00000460680.6:c.592G>T	strongly depleted
ENST00000460680.6:c.593A>C	unchanged
ENST00000460680.6:c.593A>G	weakly depleted
ENST00000460680.6:c.593A>T	weakly depleted
ENST00000460680.6:c.594G>A	unchanged
ENST00000460680.6:c.594G>C	unchanged
ENST00000460680.6:c.594G>T	unchanged
ENST00000460680.6:c.595G>A	unchanged
ENST00000460680.6:c.595G>C	unchanged
ENST00000460680.6:c.595G>T	unchanged
ENST00000460680.6:c.596A>C	weakly depleted
ENST00000460680.6:c.596A>G	strongly depleted
ENST00000460680.6:c.596A>T	weakly depleted
ENST00000460680.6:c.597C>A	unchanged
ENST00000460680.6:c.597C>G	weakly depleted
ENST00000460680.6:c.597C>T	weakly depleted
ENST00000460680.6:c.598G>A	weakly depleted
ENST00000460680.6:c.598G>C	weakly depleted
ENST00000460680.6:c.598G>T	strongly depleted
ENST00000460680.6:c.599A>C	weakly depleted
ENST00000460680.6:c.599A>G	strongly depleted
ENST00000460680.6:c.599A>T	weakly depleted
ENST00000460680.6:c.600G>A	unchanged
ENST00000460680.6:c.600G>C	unchanged
ENST00000460680.6:c.600G>T	unchanged
ENST00000460680.6:c.601G>A	unchanged
ENST00000460680.6:c.601G>C	unchanged
ENST00000460680.6:c.601G>T	strongly depleted
ENST00000460680.6:c.602A>C	enriched
ENST00000460680.6:c.602A>G	strongly depleted
ENST00000460680.6:c.602A>T	weakly depleted
ENST00000460680.6:c.603G>A	unchanged
ENST00000460680.6:c.603G>C	unchanged
ENST00000460680.6:c.603G>T	unchanged
ENST00000460680.6:c.604T>A	strongly depleted
ENST00000460680.6:c.604T>C	strongly depleted
ENST00000460680.6:c.604T>G	strongly depleted
ENST00000460680.6:c.605G>A	strongly depleted
ENST00000460680.6:c.605G>C	strongly depleted
ENST00000460680.6:c.605G>T	strongly depleted
ENST00000460680.6:c.606G>A	strongly depleted
ENST00000460680.6:c.606G>C	strongly depleted
ENST00000460680.6:c.606G>T	strongly depleted
ENST00000460680.6:c.607A>C	weakly depleted
ENST00000460680.6:c.607A>G	weakly depleted
ENST00000460680.6:c.607A>T	weakly depleted
ENST00000460680.6:c.608C>A	weakly depleted
ENST00000460680.6:c.608C>G	strongly depleted
ENST00000460680.6:c.608C>T	weakly depleted
ENST00000460680.6:c.609A>C	unchanged
ENST00000460680.6:c.609A>G	unchanged
ENST00000460680.6:c.609A>T	unchanged
ENST00000460680.6:c.610G>A	weakly depleted
ENST00000460680.6:c.610G>C	weakly depleted
ENST00000460680.6:c.610G>T	weakly depleted
ENST00000460680.6:c.611A>C	weakly depleted
ENST00000460680.6:c.611A>G	weakly depleted
ENST00000460680.6:c.611A>T	weakly depleted
ENST00000460680.6:c.612C>A	unchanged
ENST00000460680.6:c.612C>G	unchanged
ENST00000460680.6:c.612C>T	weakly depleted
ENST00000460680.6:c.613A>C	unchanged
ENST00000460680.6:c.613A>G	weakly depleted
ENST00000460680.6:c.613A>T	strongly depleted
ENST00000460680.6:c.614A>C	unchanged
ENST00000460680.6:c.614A>G	weakly depleted
ENST00000460680.6:c.614A>T	weakly depleted
ENST00000460680.6:c.615G>A	unchanged
ENST00000460680.6:c.615G>C	weakly depleted
ENST00000460680.6:c.615G>T	weakly depleted
ENST00000460680.6:c.616G>A	unchanged
ENST00000460680.6:c.616G>C	strongly depleted
ENST00000460680.6:c.616G>T	weakly depleted
ENST00000460680.6:c.617C>A	strongly depleted
ENST00000460680.6:c.617C>G	weakly depleted
ENST00000460680.6:c.617C>T	unchanged
ENST00000460680.6:c.618C>A	unchanged
ENST00000460680.6:c.618C>G	unchanged
ENST00000460680.6:c.618C>T	enriched
ENST00000460680.6:c.619C>A	weakly depleted
ENST00000460680.6:c.619C>G	strongly depleted
ENST00000460680.6:c.619C>T	weakly depleted
ENST00000460680.6:c.620G>A	unchanged
ENST00000460680.6:c.620G>C	strongly depleted
ENST00000460680.6:c.620G>T	unchanged
ENST00000460680.6:c.621G>A	unchanged
ENST00000460680.6:c.621G>C	unchanged
ENST00000460680.6:c.621G>T	unchanged
ENST00000460680.6:c.622C>A	unchanged
ENST00000460680.6:c.622C>G	strongly depleted
ENST00000460680.6:c.622C>T	weakly depleted
ENST00000460680.6:c.623G>A	unchanged
ENST00000460680.6:c.623G>C	weakly depleted
ENST00000460680.6:c.623G>T	unchanged
ENST00000460680.6:c.624G>A	unchanged
ENST00000460680.6:c.624G>C	unchanged
ENST00000460680.6:c.624G>T	unchanged
ENST00000460680.6:c.625G>A	unchanged
ENST00000460680.6:c.625G>C	weakly depleted
ENST00000460680.6:c.625G>T	weakly depleted
ENST00000460680.6:c.626T>A	unchanged
ENST00000460680.6:c.626T>C	weakly depleted
ENST00000460680.6:c.626T>G	weakly depleted
ENST00000460680.6:c.627C>A	weakly depleted
ENST00000460680.6:c.627C>G	weakly depleted
ENST00000460680.6:c.627C>T	weakly depleted
ENST00000460680.6:c.628A>C	unchanged
ENST00000460680.6:c.628A>G	unchanged
ENST00000460680.6:c.628A>T	weakly depleted
ENST00000460680.6:c.629T>A	strongly depleted
ENST00000460680.6:c.629T>C	weakly depleted
ENST00000460680.6:c.629T>G	strongly depleted
ENST00000460680.6:c.630C>A	weakly depleted
ENST00000460680.6:c.630C>G	weakly depleted
ENST00000460680.6:c.630C>T	weakly depleted
ENST00000460680.6:c.631A>C	unchanged
ENST00000460680.6:c.631A>G	unchanged
ENST00000460680.6:c.631A>T	unchanged
ENST00000460680.6:c.632T>A	enriched
ENST00000460680.6:c.632T>C	enriched
ENST00000460680.6:c.632T>G	weakly depleted
ENST00000460680.6:c.633G>A	weakly depleted
ENST00000460680.6:c.633G>C	unchanged
ENST00000460680.6:c.633G>T	weakly depleted
ENST00000460680.6:c.634G>A	unchanged
ENST00000460680.6:c.634G>C	unchanged
ENST00000460680.6:c.634G>T	strongly depleted
ENST00000460680.6:c.635A>C	weakly depleted
ENST00000460680.6:c.635A>G	strongly depleted
ENST00000460680.6:c.635A>T	strongly depleted
ENST00000460680.6:c.636G>A	unchanged
ENST00000460680.6:c.636G>C	weakly depleted
ENST00000460680.6:c.636G>T	weakly depleted
ENST00000460680.6:c.637C>A	weakly depleted
ENST00000460680.6:c.637C>G	strongly depleted
ENST00000460680.6:c.637C>T	weakly depleted
ENST00000460680.6:c.638G>A	weakly depleted
ENST00000460680.6:c.638G>C	strongly depleted
ENST00000460680.6:c.638G>T	weakly depleted
ENST00000460680.6:c.639T>A	enriched
ENST00000460680.6:c.639T>C	enriched
ENST00000460680.6:c.639T>G	unchanged
ENST00000460680.6:c.640A>C	unchanged
ENST00000460680.6:c.640A>G	unchanged
ENST00000460680.6:c.640A>T	weakly depleted
ENST00000460680.6:c.641T>A	weakly depleted
ENST00000460680.6:c.641T>C	weakly depleted
ENST00000460680.6:c.641T>G	weakly depleted
ENST00000460680.6:c.642C>A	weakly depleted
ENST00000460680.6:c.642C>G	weakly depleted
ENST00000460680.6:c.642C>T	unchanged
ENST00000460680.6:c.649G>A	enriched
ENST00000460680.6:c.649G>C	unchanged
ENST00000460680.6:c.649G>T	unchanged
ENST00000460680.6:c.650C>A	unchanged
ENST00000460680.6:c.650C>G	unchanged
ENST00000460680.6:c.650C>T	unchanged
ENST00000460680.6:c.651C>A	unchanged
ENST00000460680.6:c.651C>G	unchanged
ENST00000460680.6:c.651C>T	enriched
ENST00000460680.6:c.652A>C	weakly depleted
ENST00000460680.6:c.652A>G	unchanged
ENST00000460680.6:c.652A>T	unchanged
ENST00000460680.6:c.653C>A	unchanged
ENST00000460680.6:c.653C>G	unchanged
ENST00000460680.6:c.653C>T	enriched
ENST00000460680.6:c.654T>A	unchanged
ENST00000460680.6:c.654T>C	unchanged
ENST00000460680.6:c.654T>G	unchanged
ENST00000460680.6:c.655G>A	unchanged
ENST00000460680.6:c.655G>C	weakly depleted
ENST00000460680.6:c.655G>T	unchanged
ENST00000460680.6:c.656C>A	unchanged
ENST00000460680.6:c.656C>G	enriched
ENST00000460680.6:c.656C>T	unchanged
ENST00000460680.6:c.657A>C	enriched
ENST00000460680.6:c.657A>G	unchanged
ENST00000460680.6:c.657A>T	enriched
ENST00000460680.6:c.658G>A	unchanged
ENST00000460680.6:c.658G>C	unchanged
ENST00000460680.6:c.658G>T	unchanged
ENST00000460680.6:c.659G>A	weakly depleted
ENST00000460680.6:c.659G>C	strongly depleted
ENST00000460680.6:c.659G>T	weakly depleted
ENST00000460680.6:c.659+1G>A	strongly depleted
ENST00000460680.6:c.659+1G>C	strongly depleted
ENST00000460680.6:c.659+1G>T	strongly depleted
ENST00000460680.6:c.659+2T>A	strongly depleted
ENST00000460680.6:c.659+2T>C	strongly depleted
ENST00000460680.6:c.659+2T>G	strongly depleted
ENST00000460680.6:c.659+3A>C	strongly depleted
ENST00000460680.6:c.659+3A>G	strongly depleted
ENST00000460680.6:c.659+3A>T	strongly depleted
ENST00000460680.6:c.659+4A>C	weakly depleted
ENST00000460680.6:c.659+4A>G	weakly depleted
ENST00000460680.6:c.659+4A>T	strongly depleted
ENST00000460680.6:c.659+5G>A	strongly depleted
ENST00000460680.6:c.659+5G>C	strongly depleted
ENST00000460680.6:c.659+5G>T	strongly depleted
ENST00000460680.6:c.659+6G>A	unchanged
ENST00000460680.6:c.659+6G>C	enriched
ENST00000460680.6:c.659+6G>T	unchanged
ENST00000460680.6:c.659+7G>A	unchanged
ENST00000460680.6:c.659+7G>C	unchanged
ENST00000460680.6:c.659+7G>T	unchanged
ENST00000460680.6:c.659+8C>A	unchanged
ENST00000460680.6:c.659+8C>G	unchanged
ENST00000460680.6:c.659+8C>T	unchanged
ENST00000460680.6:c.659+9C>A	unchanged
ENST00000460680.6:c.659+9C>G	enriched
ENST00000460680.6:c.659+9C>T	enriched
ENST00000460680.6:c.659+10C>A	unchanged
ENST00000460680.6:c.659+10C>G	unchanged
ENST00000460680.6:c.659+10C>T	unchanged
ENST00000460680.6:c.659+11T>A	unchanged
ENST00000460680.6:c.659+11T>C	unchanged
ENST00000460680.6:c.659+11T>G	unchanged
ENST00000460680.6:c.659+12G>A	weakly depleted
ENST00000460680.6:c.659+12G>C	unchanged
ENST00000460680.6:c.659+12G>T	unchanged
ENST00000460680.6:c.659+13T>A	enriched
ENST00000460680.6:c.659+13T>C	unchanged
ENST00000460680.6:c.659+13T>G	unchanged
ENST00000460680.6:c.659+14G>A	unchanged
ENST00000460680.6:c.659+14G>C	unchanged
ENST00000460680.6:c.659+14G>T	enriched
ENST00000460680.6:c.659+15C>A	unchanged
ENST00000460680.6:c.659+15C>G	unchanged
ENST00000460680.6:c.659+15C>T	enriched
ENST00000460680.6:c.659+16C>A	unchanged
ENST00000460680.6:c.659+16C>G	unchanged
ENST00000460680.6:c.659+16C>T	unchanged
ENST00000460680.6:c.659+17T>A	unchanged
ENST00000460680.6:c.659+17T>C	weakly depleted
ENST00000460680.6:c.659+17T>G	weakly depleted
ENST00000460680.6:c.659+18G>A	unchanged
ENST00000460680.6:c.659+18G>C	unchanged
ENST00000460680.6:c.659+18G>T	unchanged
ENST00000460680.6:c.659+19C>A	unchanged
ENST00000460680.6:c.659+19C>G	unchanged
ENST00000460680.6:c.659+19C>T	unchanged
ENST00000460680.6:c.659+20C>A	unchanged
ENST00000460680.6:c.659+20C>G	unchanged
ENST00000460680.6:c.659+20C>T	unchanged
ENST00000460680.6:c.659+21C>A	unchanged
ENST00000460680.6:c.659+21C>G	unchanged
ENST00000460680.6:c.659+21C>T	unchanged
ENST00000460680.6:c.659+22T>A	unchanged
ENST00000460680.6:c.659+22T>C	unchanged
ENST00000460680.6:c.659+22T>G	unchanged
ENST00000460680.6:c.659+23G>A	unchanged
ENST00000460680.6:c.659+23G>C	unchanged
ENST00000460680.6:c.659+23G>T	unchanged
ENST00000460680.6:c.659+24T>A	unchanged
ENST00000460680.6:c.659+24T>C	enriched
ENST00000460680.6:c.659+24T>G	unchanged
ENST00000460680.6:c.659+25T>A	unchanged
ENST00000460680.6:c.659+25T>C	unchanged
ENST00000460680.6:c.659+25T>G	unchanged
ENST00000460680.6:c.660-30C>A	weakly depleted
ENST00000460680.6:c.660-30C>G	strongly depleted
ENST00000460680.6:c.660-30C>T	weakly depleted
ENST00000460680.6:c.660-29T>A	weakly depleted
ENST00000460680.6:c.660-29T>C	unchanged
ENST00000460680.6:c.660-29T>G	weakly depleted
ENST00000460680.6:c.660-28G>A	unchanged
ENST00000460680.6:c.660-28G>C	unchanged
ENST00000460680.6:c.660-28G>T	enriched
ENST00000460680.6:c.660-27C>A	unchanged
ENST00000460680.6:c.660-27C>G	weakly depleted
ENST00000460680.6:c.660-27C>T	unchanged
ENST00000460680.6:c.660-26T>A	unchanged
ENST00000460680.6:c.660-26T>C	unchanged
ENST00000460680.6:c.660-26T>G	unchanged
ENST00000460680.6:c.660-25C>A	strongly depleted
ENST00000460680.6:c.660-25C>G	strongly depleted
ENST00000460680.6:c.660-25C>T	strongly depleted
ENST00000460680.6:c.660-24T>A	unchanged
ENST00000460680.6:c.660-24T>C	strongly depleted
ENST00000460680.6:c.660-24T>G	weakly depleted
ENST00000460680.6:c.660-23C>A	enriched
ENST00000460680.6:c.660-23C>G	unchanged
ENST00000460680.6:c.660-23C>T	weakly depleted
ENST00000460680.6:c.660-22A>C	weakly depleted
ENST00000460680.6:c.660-22A>G	weakly depleted
ENST00000460680.6:c.660-22A>T	strongly depleted
ENST00000460680.6:c.660-21C>A	unchanged
ENST00000460680.6:c.660-21C>G	weakly depleted
ENST00000460680.6:c.660-21C>T	unchanged
ENST00000460680.6:c.660-20G>A	unchanged
ENST00000460680.6:c.660-20G>C	unchanged
ENST00000460680.6:c.660-20G>T	enriched
ENST00000460680.6:c.660-19G>A	enriched
ENST00000460680.6:c.660-19G>C	unchanged
ENST00000460680.6:c.660-19G>T	enriched
ENST00000460680.6:c.660-18C>A	unchanged
ENST00000460680.6:c.660-18C>G	unchanged
ENST00000460680.6:c.660-18C>T	enriched
ENST00000460680.6:c.660-17T>A	unchanged
ENST00000460680.6:c.660-17T>C	unchanged
ENST00000460680.6:c.660-17T>G	unchanged
ENST00000460680.6:c.660-16G>A	unchanged
ENST00000460680.6:c.660-16G>C	unchanged
ENST00000460680.6:c.660-16G>T	unchanged
ENST00000460680.6:c.660-15C>A	strongly depleted
ENST00000460680.6:c.660-15C>G	unchanged
ENST00000460680.6:c.660-15C>T	enriched
ENST00000460680.6:c.660-14G>A	weakly depleted
ENST00000460680.6:c.660-14G>C	enriched
ENST00000460680.6:c.660-14G>T	enriched
ENST00000460680.6:c.660-13G>A	enriched
ENST00000460680.6:c.660-13G>C	enriched
ENST00000460680.6:c.660-13G>T	unchanged
ENST00000460680.6:c.660-12C>A	enriched
ENST00000460680.6:c.660-12C>G	unchanged
ENST00000460680.6:c.660-12C>T	enriched
ENST00000460680.6:c.660-11T>A	strongly depleted
ENST00000460680.6:c.660-11T>C	weakly depleted
ENST00000460680.6:c.660-11T>G	weakly depleted
ENST00000460680.6:c.660-10G>A	enriched
ENST00000460680.6:c.660-10G>C	enriched
ENST00000460680.6:c.660-10G>T	enriched
ENST00000460680.6:c.660-9T>A	strongly depleted
ENST00000460680.6:c.660-9T>C	weakly depleted
ENST00000460680.6:c.660-9T>G	strongly depleted
ENST00000460680.6:c.660-8G>A	enriched
ENST00000460680.6:c.660-8G>C	enriched
ENST00000460680.6:c.660-8G>T	unchanged
ENST00000460680.6:c.660-7A>C	enriched
ENST00000460680.6:c.660-7A>G	weakly depleted
ENST00000460680.6:c.660-7A>T	enriched
ENST00000460680.6:c.660-6C>A	weakly depleted
ENST00000460680.6:c.660-6C>G	strongly depleted
ENST00000460680.6:c.660-6C>T	unchanged
ENST00000460680.6:c.660-5T>A	weakly depleted
ENST00000460680.6:c.660-5T>C	unchanged
ENST00000460680.6:c.660-5T>G	weakly depleted
ENST00000460680.6:c.660-4G>A	unchanged
ENST00000460680.6:c.660-4G>C	weakly depleted
ENST00000460680.6:c.660-4G>T	weakly depleted
ENST00000460680.6:c.660-3C>A	strongly depleted
ENST00000460680.6:c.660-3C>G	strongly depleted
ENST00000460680.6:c.660-3C>T	weakly depleted
ENST00000460680.6:c.660-2A>C	strongly depleted
ENST00000460680.6:c.660-2A>G	weakly depleted
ENST00000460680.6:c.660-2A>T	strongly depleted
ENST00000460680.6:c.660-1G>A	strongly depleted
ENST00000460680.6:c.660-1G>C	strongly depleted
ENST00000460680.6:c.660-1G>T	strongly depleted
ENST00000460680.6:c.660G>A	weakly depleted
ENST00000460680.6:c.660G>C	strongly depleted
ENST00000460680.6:c.660G>T	weakly depleted
ENST00000460680.6:c.661G>A	unchanged
ENST00000460680.6:c.661G>C	unchanged
ENST00000460680.6:c.661G>T	weakly depleted
ENST00000460680.6:c.662A>C	enriched
ENST00000460680.6:c.662A>G	unchanged
ENST00000460680.6:c.662A>T	unchanged
ENST00000460680.6:c.663G>A	unchanged
ENST00000460680.6:c.663G>C	enriched
ENST00000460680.6:c.663G>T	unchanged
ENST00000460680.6:c.664C>A	unchanged
ENST00000460680.6:c.664C>G	unchanged
ENST00000460680.6:c.664C>T	unchanged
ENST00000460680.6:c.665C>A	unchanged
ENST00000460680.6:c.665C>G	enriched
ENST00000460680.6:c.665C>T	unchanged
ENST00000460680.6:c.666C>A	unchanged
ENST00000460680.6:c.666C>G	unchanged
ENST00000460680.6:c.666C>T	weakly depleted
ENST00000460680.6:c.667T>A	unchanged
ENST00000460680.6:c.667T>C	enriched
ENST00000460680.6:c.667T>G	unchanged
ENST00000460680.6:c.668A>C	unchanged
ENST00000460680.6:c.668A>G	weakly depleted
ENST00000460680.6:c.668A>T	unchanged
ENST00000460680.6:c.669C>A	strongly depleted
ENST00000460680.6:c.669C>G	strongly depleted
ENST00000460680.6:c.669C>T	weakly depleted
ENST00000460680.6:c.670C>A	weakly depleted
ENST00000460680.6:c.670C>G	weakly depleted
ENST00000460680.6:c.670C>T	weakly depleted
ENST00000460680.6:c.671A>C	weakly depleted
ENST00000460680.6:c.671A>G	weakly depleted
ENST00000460680.6:c.671A>T	weakly depleted
ENST00000460680.6:c.672C>A	weakly depleted
ENST00000460680.6:c.672C>G	weakly depleted
ENST00000460680.6:c.672C>T	weakly depleted
ENST00000460680.6:c.673G>A	weakly depleted
ENST00000460680.6:c.673G>C	weakly depleted
ENST00000460680.6:c.673G>T	strongly depleted
ENST00000460680.6:c.674A>C	weakly depleted
ENST00000460680.6:c.674A>G	weakly depleted
ENST00000460680.6:c.674A>T	weakly depleted
ENST00000460680.6:c.675C>A	weakly depleted
ENST00000460680.6:c.675C>G	unchanged
ENST00000460680.6:c.675C>T	unchanged
ENST00000460680.6:c.676A>C	weakly depleted
ENST00000460680.6:c.676A>G	unchanged
ENST00000460680.6:c.676A>T	weakly depleted
ENST00000460680.6:c.677T>A	weakly depleted
ENST00000460680.6:c.677T>C	weakly depleted
ENST00000460680.6:c.677T>G	weakly depleted
ENST00000460680.6:c.678C>A	unchanged
ENST00000460680.6:c.678C>G	weakly depleted
ENST00000460680.6:c.678C>T	unchanged
ENST00000460680.6:c.679C>A	weakly depleted
ENST00000460680.6:c.679C>G	weakly depleted
ENST00000460680.6:c.679C>T	weakly depleted
ENST00000460680.6:c.680G>A	weakly depleted
ENST00000460680.6:c.680G>C	strongly depleted
ENST00000460680.6:c.680G>T	weakly depleted
ENST00000460680.6:c.681C>A	unchanged
ENST00000460680.6:c.681C>G	weakly depleted
ENST00000460680.6:c.681C>T	unchanged
ENST00000460680.6:c.682T>A	unchanged
ENST00000460680.6:c.682T>C	weakly depleted
ENST00000460680.6:c.682T>G	enriched
ENST00000460680.6:c.683T>A	unchanged
ENST00000460680.6:c.683T>C	weakly depleted
ENST00000460680.6:c.683T>G	unchanged
ENST00000460680.6:c.684C>A	weakly depleted
ENST00000460680.6:c.684C>G	weakly depleted
ENST00000460680.6:c.684C>T	weakly depleted
ENST00000460680.6:c.685A>C	strongly depleted
ENST00000460680.6:c.685A>G	weakly depleted
ENST00000460680.6:c.685A>T	strongly depleted
ENST00000460680.6:c.686A>C	weakly depleted
ENST00000460680.6:c.686A>G	weakly depleted
ENST00000460680.6:c.686A>T	strongly depleted
ENST00000460680.6:c.687C>A	strongly depleted
ENST00000460680.6:c.687C>G	strongly depleted
ENST00000460680.6:c.687C>T	weakly depleted
ENST00000460680.6:c.688C>A	unchanged
ENST00000460680.6:c.688C>G	weakly depleted
ENST00000460680.6:c.688C>T	weakly depleted
ENST00000460680.6:c.689T>A	strongly depleted
ENST00000460680.6:c.689T>C	weakly depleted
ENST00000460680.6:c.689T>G	strongly depleted
ENST00000460680.6:c.690G>A	weakly depleted
ENST00000460680.6:c.690G>C	weakly depleted
ENST00000460680.6:c.690G>T	weakly depleted
ENST00000460680.6:c.691A>C	unchanged
ENST00000460680.6:c.691A>G	weakly depleted
ENST00000460680.6:c.691A>T	weakly depleted
ENST00000460680.6:c.692T>A	strongly depleted
ENST00000460680.6:c.692T>C	weakly depleted
ENST00000460680.6:c.692T>G	strongly depleted
ENST00000460680.6:c.693G>A	weakly depleted
ENST00000460680.6:c.693G>C	weakly depleted
ENST00000460680.6:c.693G>T	strongly depleted
ENST00000460680.6:c.694G>A	weakly depleted
ENST00000460680.6:c.694G>C	strongly depleted
ENST00000460680.6:c.694G>T	weakly depleted
ENST00000460680.6:c.695C>A	unchanged
ENST00000460680.6:c.695C>G	weakly depleted
ENST00000460680.6:c.695C>T	weakly depleted
ENST00000460680.6:c.696A>C	unchanged
ENST00000460680.6:c.696A>G	enriched
ENST00000460680.6:c.696A>T	weakly depleted
ENST00000460680.6:c.697G>A	weakly depleted
ENST00000460680.6:c.697G>C	weakly depleted
ENST00000460680.6:c.697G>T	weakly depleted
ENST00000460680.6:c.698T>A	strongly depleted
ENST00000460680.6:c.698T>C	weakly depleted
ENST00000460680.6:c.698T>G	strongly depleted
ENST00000460680.6:c.699G>A	enriched
ENST00000460680.6:c.699G>C	unchanged
ENST00000460680.6:c.699G>T	weakly depleted
ENST00000460680.6:c.700G>A	weakly depleted
ENST00000460680.6:c.700G>C	weakly depleted
ENST00000460680.6:c.700G>T	strongly depleted
ENST00000460680.6:c.701T>A	weakly depleted
ENST00000460680.6:c.701T>C	weakly depleted
ENST00000460680.6:c.701T>G	weakly depleted
ENST00000460680.6:c.702G>A	weakly depleted
ENST00000460680.6:c.702G>C	weakly depleted
ENST00000460680.6:c.702G>T	weakly depleted
ENST00000460680.6:c.703C>A	weakly depleted
ENST00000460680.6:c.703C>G	weakly depleted
ENST00000460680.6:c.703C>T	weakly depleted
ENST00000460680.6:c.704C>A	weakly depleted
ENST00000460680.6:c.704C>G	weakly depleted
ENST00000460680.6:c.704C>T	weakly depleted
ENST00000460680.6:c.705C>A	unchanged
ENST00000460680.6:c.705C>G	weakly depleted
ENST00000460680.6:c.705C>T	unchanged
ENST00000460680.6:c.706G>A	unchanged
ENST00000460680.6:c.706G>C	weakly depleted
ENST00000460680.6:c.706G>T	weakly depleted
ENST00000460680.6:c.707A>C	weakly depleted
ENST00000460680.6:c.707A>G	weakly depleted
ENST00000460680.6:c.707A>T	weakly depleted
ENST00000460680.6:c.708C>A	unchanged
ENST00000460680.6:c.708C>G	weakly depleted
ENST00000460680.6:c.708C>T	unchanged
ENST00000460680.6:c.709C>A	unchanged
ENST00000460680.6:c.709C>G	unchanged
ENST00000460680.6:c.709C>T	unchanged
ENST00000460680.6:c.710G>A	unchanged
ENST00000460680.6:c.710G>C	unchanged
ENST00000460680.6:c.710G>T	unchanged
ENST00000460680.6:c.711C>A	unchanged
ENST00000460680.6:c.711C>G	unchanged
ENST00000460680.6:c.711C>T	unchanged
ENST00000460680.6:c.712A>C	unchanged
ENST00000460680.6:c.712A>G	unchanged
ENST00000460680.6:c.712A>T	weakly depleted
ENST00000460680.6:c.713G>A	unchanged
ENST00000460680.6:c.713G>C	unchanged
ENST00000460680.6:c.713G>T	unchanged
ENST00000460680.6:c.714G>A	unchanged
ENST00000460680.6:c.714G>C	unchanged
ENST00000460680.6:c.714G>T	unchanged
ENST00000460680.6:c.715A>C	unchanged
ENST00000460680.6:c.715A>G	unchanged
ENST00000460680.6:c.715A>T	weakly depleted
ENST00000460680.6:c.716T>A	unchanged
ENST00000460680.6:c.716T>C	unchanged
ENST00000460680.6:c.716T>G	unchanged
ENST00000460680.6:c.717C>A	unchanged
ENST00000460680.6:c.717C>G	unchanged
ENST00000460680.6:c.717C>T	unchanged
ENST00000460680.6:c.718A>C	unchanged
ENST00000460680.6:c.718A>G	enriched
ENST00000460680.6:c.718A>T	strongly depleted
ENST00000460680.6:c.719A>C	unchanged
ENST00000460680.6:c.719A>G	unchanged
ENST00000460680.6:c.719A>T	unchanged
ENST00000460680.6:c.720G>A	unchanged
ENST00000460680.6:c.720G>C	unchanged
ENST00000460680.6:c.720G>T	unchanged
ENST00000460680.6:c.721T>A	unchanged
ENST00000460680.6:c.721T>C	unchanged
ENST00000460680.6:c.721T>G	unchanged
ENST00000460680.6:c.722A>C	unchanged
ENST00000460680.6:c.722A>G	unchanged
ENST00000460680.6:c.722A>T	unchanged
ENST00000460680.6:c.723T>A	strongly depleted
ENST00000460680.6:c.723T>C	unchanged
ENST00000460680.6:c.723T>G	strongly depleted
ENST00000460680.6:c.724G>A	unchanged
ENST00000460680.6:c.724G>C	unchanged
ENST00000460680.6:c.724G>T	strongly depleted
ENST00000460680.6:c.725A>C	unchanged
ENST00000460680.6:c.725A>G	unchanged
ENST00000460680.6:c.725A>T	unchanged
ENST00000460680.6:c.726G>A	unchanged
ENST00000460680.6:c.726G>C	unchanged
ENST00000460680.6:c.726G>T	unchanged
ENST00000460680.6:c.727G>A	unchanged
ENST00000460680.6:c.727G>C	weakly depleted
ENST00000460680.6:c.727G>T	unchanged
ENST00000460680.6:c.728C>A	unchanged
ENST00000460680.6:c.728C>G	unchanged
ENST00000460680.6:c.728C>T	unchanged
ENST00000460680.6:c.729C>A	unchanged
ENST00000460680.6:c.729C>G	unchanged
ENST00000460680.6:c.729C>T	unchanged
ENST00000460680.6:c.730A>C	unchanged
ENST00000460680.6:c.730A>G	unchanged
ENST00000460680.6:c.730A>T	unchanged
ENST00000460680.6:c.731G>A	unchanged
ENST00000460680.6:c.731G>C	unchanged
ENST00000460680.6:c.731G>T	unchanged
ENST00000460680.6:c.732G>A	unchanged
ENST00000460680.6:c.732G>C	unchanged
ENST00000460680.6:c.732G>T	unchanged
ENST00000460680.6:c.733C>A	unchanged
ENST00000460680.6:c.733C>G	unchanged
ENST00000460680.6:c.733C>T	unchanged
ENST00000460680.6:c.734T>A	unchanged
ENST00000460680.6:c.734T>C	weakly depleted
ENST00000460680.6:c.734T>G	unchanged
ENST00000460680.6:c.735G>A	unchanged
ENST00000460680.6:c.735G>C	unchanged
ENST00000460680.6:c.735G>T	enriched
ENST00000460680.6:c.736C>A	unchanged
ENST00000460680.6:c.736C>G	unchanged
ENST00000460680.6:c.736C>T	unchanged
ENST00000460680.6:c.737A>C	unchanged
ENST00000460680.6:c.737A>G	unchanged
ENST00000460680.6:c.737A>T	unchanged
ENST00000460680.6:c.738T>A	unchanged
ENST00000460680.6:c.738T>C	unchanged
ENST00000460680.6:c.738T>G	unchanged
ENST00000460680.6:c.739G>A	unchanged
ENST00000460680.6:c.739G>C	unchanged
ENST00000460680.6:c.739G>T	unchanged
ENST00000460680.6:c.740T>A	unchanged
ENST00000460680.6:c.740T>C	unchanged
ENST00000460680.6:c.740T>G	unchanged
ENST00000460680.6:c.741G>A	unchanged
ENST00000460680.6:c.741G>C	unchanged
ENST00000460680.6:c.741G>T	unchanged
ENST00000460680.6:c.742C>A	unchanged
ENST00000460680.6:c.742C>G	weakly depleted
ENST00000460680.6:c.742C>T	unchanged
ENST00000460680.6:c.743T>A	weakly depleted
ENST00000460680.6:c.743T>C	weakly depleted
ENST00000460680.6:c.743T>G	weakly depleted
ENST00000460680.6:c.744G>A	unchanged
ENST00000460680.6:c.744G>C	unchanged
ENST00000460680.6:c.744G>T	unchanged
ENST00000460680.6:c.745A>C	unchanged
ENST00000460680.6:c.745A>G	unchanged
ENST00000460680.6:c.745A>T	strongly depleted
ENST00000460680.6:c.746A>C	unchanged
ENST00000460680.6:c.746A>G	unchanged
ENST00000460680.6:c.746A>T	unchanged
ENST00000460680.6:c.747G>A	unchanged
ENST00000460680.6:c.747G>C	unchanged
ENST00000460680.6:c.747G>T	unchanged
ENST00000460680.6:c.748G>A	unchanged
ENST00000460680.6:c.748G>C	weakly depleted
ENST00000460680.6:c.748G>T	unchanged
ENST00000460680.6:c.749T>A	unchanged
ENST00000460680.6:c.749T>C	unchanged
ENST00000460680.6:c.749T>G	unchanged
ENST00000460680.6:c.750G>A	unchanged
ENST00000460680.6:c.750G>C	unchanged
ENST00000460680.6:c.750G>T	unchanged
ENST00000460680.6:c.751A>C	unchanged
ENST00000460680.6:c.751A>G	weakly depleted
ENST00000460680.6:c.751A>T	weakly depleted
ENST00000460680.6:c.752A>C	weakly depleted
ENST00000460680.6:c.752A>G	weakly depleted
ENST00000460680.6:c.752A>T	unchanged
ENST00000460680.6:c.753C>A	unchanged
ENST00000460680.6:c.753C>G	unchanged
ENST00000460680.6:c.753C>T	unchanged
ENST00000460680.6:c.754C>A	unchanged
ENST00000460680.6:c.754C>G	unchanged
ENST00000460680.6:c.754C>T	unchanged
ENST00000460680.6:c.755G>A	unchanged
ENST00000460680.6:c.755G>C	strongly depleted
ENST00000460680.6:c.755G>T	unchanged
ENST00000460680.6:c.756T>A	unchanged
ENST00000460680.6:c.756T>C	unchanged
ENST00000460680.6:c.756T>G	unchanged
ENST00000460680.6:c.757C>A	unchanged
ENST00000460680.6:c.757C>G	unchanged
ENST00000460680.6:c.757C>T	strongly depleted
ENST00000460680.6:c.758A>C	weakly depleted
ENST00000460680.6:c.758A>G	unchanged
ENST00000460680.6:c.758A>T	unchanged
ENST00000460680.6:c.759G>A	unchanged
ENST00000460680.6:c.759G>C	unchanged
ENST00000460680.6:c.759G>T	unchanged
ENST00000460680.6:c.760A>C	weakly depleted
ENST00000460680.6:c.760A>G	unchanged
ENST00000460680.6:c.760A>T	weakly depleted
ENST00000460680.6:c.761C>A	unchanged
ENST00000460680.6:c.761C>G	unchanged
ENST00000460680.6:c.761C>T	unchanged
ENST00000460680.6:c.762A>C	unchanged
ENST00000460680.6:c.762A>G	unchanged
ENST00000460680.6:c.762A>T	unchanged
ENST00000460680.6:c.763G>A	unchanged
ENST00000460680.6:c.763G>C	unchanged
ENST00000460680.6:c.763G>T	unchanged
ENST00000460680.6:c.764T>A	weakly depleted
ENST00000460680.6:c.764T>C	unchanged
ENST00000460680.6:c.764T>G	weakly depleted
ENST00000460680.6:c.765A>C	unchanged
ENST00000460680.6:c.765A>G	unchanged
ENST00000460680.6:c.765A>T	unchanged
ENST00000460680.6:c.766C>A	unchanged
ENST00000460680.6:c.766C>G	weakly depleted
ENST00000460680.6:c.766C>T	unchanged
ENST00000460680.6:c.767T>A	unchanged
ENST00000460680.6:c.767T>C	weakly depleted
ENST00000460680.6:c.767T>G	unchanged
ENST00000460680.6:c.768A>C	unchanged
ENST00000460680.6:c.768A>G	unchanged
ENST00000460680.6:c.768A>T	unchanged
ENST00000460680.6:c.769G>A	unchanged
ENST00000460680.6:c.769G>C	unchanged
ENST00000460680.6:c.769G>T	weakly depleted
ENST00000460680.6:c.770A>C	unchanged
ENST00000460680.6:c.770A>G	unchanged
ENST00000460680.6:c.770A>T	unchanged
ENST00000460680.6:c.771G>A	unchanged
ENST00000460680.6:c.771G>C	unchanged
ENST00000460680.6:c.771G>T	unchanged
ENST00000460680.6:c.772G>A	unchanged
ENST00000460680.6:c.772G>C	weakly depleted
ENST00000460680.6:c.772G>T	unchanged
ENST00000460680.6:c.773C>A	unchanged
ENST00000460680.6:c.773C>G	unchanged
ENST00000460680.6:c.773C>T	unchanged
ENST00000460680.6:c.774T>A	unchanged
ENST00000460680.6:c.774T>C	unchanged
ENST00000460680.6:c.774T>G	unchanged
ENST00000460680.6:c.775C>A	unchanged
ENST00000460680.6:c.775C>G	unchanged
ENST00000460680.6:c.775C>T	unchanged
ENST00000460680.6:c.776T>A	unchanged
ENST00000460680.6:c.776T>C	weakly depleted
ENST00000460680.6:c.776T>G	unchanged
ENST00000460680.6:c.777G>A	unchanged
ENST00000460680.6:c.777G>C	unchanged
ENST00000460680.6:c.777G>T	unchanged
ENST00000460680.6:c.778C>A	unchanged
ENST00000460680.6:c.778C>G	unchanged
ENST00000460680.6:c.778C>T	weakly depleted
ENST00000460680.6:c.779A>C	unchanged
ENST00000460680.6:c.779A>G	unchanged
ENST00000460680.6:c.779A>T	unchanged
ENST00000460680.6:c.780G>A	unchanged
ENST00000460680.6:c.780G>C	unchanged
ENST00000460680.6:c.780G>T	unchanged
ENST00000460680.6:c.781C>A	unchanged
ENST00000460680.6:c.781C>G	unchanged
ENST00000460680.6:c.781C>T	weakly depleted
ENST00000460680.6:c.782A>C	unchanged
ENST00000460680.6:c.782A>G	unchanged
ENST00000460680.6:c.782A>T	unchanged
ENST00000460680.6:c.783G>A	unchanged
ENST00000460680.6:c.783G>C	unchanged
ENST00000460680.6:c.783G>T	unchanged
ENST00000460680.6:c.783+1G>A	weakly depleted
ENST00000460680.6:c.783+1G>C	weakly depleted
ENST00000460680.6:c.783+1G>T	weakly depleted
ENST00000460680.6:c.783+2T>A	strongly depleted
ENST00000460680.6:c.783+2T>C	unchanged
ENST00000460680.6:c.783+2T>G	strongly depleted
ENST00000460680.6:c.783+3A>C	unchanged
ENST00000460680.6:c.783+3A>G	unchanged
ENST00000460680.6:c.783+3A>T	unchanged
ENST00000460680.6:c.783+4G>A	unchanged
ENST00000460680.6:c.783+4G>C	unchanged
ENST00000460680.6:c.783+4G>T	unchanged
ENST00000460680.6:c.783+5G>A	unchanged
ENST00000460680.6:c.783+5G>C	unchanged
ENST00000460680.6:c.783+5G>T	unchanged
ENST00000460680.6:c.783+6T>A	unchanged
ENST00000460680.6:c.783+6T>C	unchanged
ENST00000460680.6:c.783+6T>G	unchanged
ENST00000460680.6:c.783+7G>A	unchanged
ENST00000460680.6:c.783+7G>C	unchanged
ENST00000460680.6:c.783+7G>T	unchanged
ENST00000460680.6:c.783+8C>A	enriched
ENST00000460680.6:c.783+8C>G	unchanged
ENST00000460680.6:c.783+8C>T	unchanged
ENST00000460680.6:c.783+9C>A	unchanged
ENST00000460680.6:c.783+9C>G	unchanged
ENST00000460680.6:c.783+9C>T	unchanged
ENST00000460680.6:c.783+10C>A	unchanged
ENST00000460680.6:c.783+10C>G	unchanged
ENST00000460680.6:c.783+10C>T	unchanged
ENST00000460680.6:c.783+11T>A	unchanged
ENST00000460680.6:c.783+11T>C	unchanged
ENST00000460680.6:c.783+11T>G	unchanged
ENST00000460680.6:c.783+12T>A	unchanged
ENST00000460680.6:c.783+12T>C	unchanged
ENST00000460680.6:c.783+12T>G	unchanged
ENST00000460680.6:c.783+13T>A	unchanged
ENST00000460680.6:c.783+13T>C	unchanged
ENST00000460680.6:c.783+13T>G	unchanged
ENST00000460680.6:c.783+14C>A	unchanged
ENST00000460680.6:c.783+14C>G	unchanged
ENST00000460680.6:c.783+14C>T	unchanged
ENST00000460680.6:c.783+15T>A	unchanged
ENST00000460680.6:c.783+15T>C	unchanged
ENST00000460680.6:c.783+15T>G	unchanged
ENST00000460680.6:c.783+16T>A	unchanged
ENST00000460680.6:c.783+16T>C	unchanged
ENST00000460680.6:c.783+16T>G	enriched
ENST00000460680.6:c.783+17C>A	unchanged
ENST00000460680.6:c.783+17C>G	unchanged
ENST00000460680.6:c.783+17C>T	unchanged
ENST00000460680.6:c.783+18C>A	unchanged
ENST00000460680.6:c.783+18C>G	unchanged
ENST00000460680.6:c.783+18C>T	unchanged
ENST00000460680.6:c.783+19T>A	unchanged
ENST00000460680.6:c.783+19T>C	unchanged
ENST00000460680.6:c.783+19T>G	unchanged
ENST00000460680.6:c.783+20G>A	unchanged
ENST00000460680.6:c.783+20G>C	unchanged
ENST00000460680.6:c.783+20G>T	unchanged
ENST00000460680.6:c.783+21G>A	unchanged
ENST00000460680.6:c.783+21G>C	unchanged
ENST00000460680.6:c.783+21G>T	unchanged
ENST00000460680.6:c.783+22C>A	unchanged
ENST00000460680.6:c.783+22C>G	unchanged
ENST00000460680.6:c.783+22C>T	unchanged
ENST00000460680.6:c.783+23C>A	unchanged
ENST00000460680.6:c.783+23C>G	unchanged
ENST00000460680.6:c.783+23C>T	unchanged
ENST00000460680.6:c.783+24T>A	unchanged
ENST00000460680.6:c.783+24T>C	unchanged
ENST00000460680.6:c.783+24T>G	unchanged
ENST00000460680.6:c.783+25C>A	unchanged
ENST00000460680.6:c.783+25C>G	unchanged
ENST00000460680.6:c.783+25C>T	unchanged
ENST00000460680.6:c.784-25T>A	unchanged
ENST00000460680.6:c.784-25T>C	unchanged
ENST00000460680.6:c.784-25T>G	unchanged
ENST00000460680.6:c.784-24C>A	unchanged
ENST00000460680.6:c.784-24C>G	unchanged
ENST00000460680.6:c.784-24C>T	unchanged
ENST00000460680.6:c.784-23T>A	weakly depleted
ENST00000460680.6:c.784-23T>C	unchanged
ENST00000460680.6:c.784-23T>G	weakly depleted
ENST00000460680.6:c.784-22G>A	weakly depleted
ENST00000460680.6:c.784-22G>C	unchanged
ENST00000460680.6:c.784-22G>T	unchanged
ENST00000460680.6:c.784-21A>C	unchanged
ENST00000460680.6:c.784-21A>G	unchanged
ENST00000460680.6:c.784-21A>T	unchanged
ENST00000460680.6:c.784-20G>A	unchanged
ENST00000460680.6:c.784-20G>C	unchanged
ENST00000460680.6:c.784-20G>T	unchanged
ENST00000460680.6:c.784-19C>A	unchanged
ENST00000460680.6:c.784-19C>G	weakly depleted
ENST00000460680.6:c.784-19C>T	unchanged
ENST00000460680.6:c.784-18C>A	weakly depleted
ENST00000460680.6:c.784-18C>G	unchanged
ENST00000460680.6:c.784-18C>T	unchanged
ENST00000460680.6:c.784-17C>A	unchanged
ENST00000460680.6:c.784-17C>G	weakly depleted
ENST00000460680.6:c.784-17C>T	unchanged
ENST00000460680.6:c.784-16T>A	unchanged
ENST00000460680.6:c.784-16T>C	unchanged
ENST00000460680.6:c.784-16T>G	unchanged
ENST00000460680.6:c.784-15G>A	unchanged
ENST00000460680.6:c.784-15G>C	unchanged
ENST00000460680.6:c.784-15G>T	unchanged
ENST00000460680.6:c.784-14G>A	unchanged
ENST00000460680.6:c.784-14G>C	unchanged
ENST00000460680.6:c.784-14G>T	weakly depleted
ENST00000460680.6:c.784-13A>C	unchanged
ENST00000460680.6:c.784-13A>G	unchanged
ENST00000460680.6:c.784-13A>T	unchanged
ENST00000460680.6:c.784-12T>A	unchanged
ENST00000460680.6:c.784-12T>C	unchanged
ENST00000460680.6:c.784-12T>G	weakly depleted
ENST00000460680.6:c.784-11T>A	unchanged
ENST00000460680.6:c.784-11T>C	unchanged
ENST00000460680.6:c.784-11T>G	weakly depleted
ENST00000460680.6:c.784-10C>A	weakly depleted
ENST00000460680.6:c.784-10C>G	weakly depleted
ENST00000460680.6:c.784-10C>T	unchanged
ENST00000460680.6:c.784-9T>A	weakly depleted
ENST00000460680.6:c.784-9T>C	unchanged
ENST00000460680.6:c.784-9T>G	unchanged
ENST00000460680.6:c.784-8G>A	unchanged
ENST00000460680.6:c.784-8G>C	unchanged
ENST00000460680.6:c.784-8G>T	unchanged
ENST00000460680.6:c.784-7T>A	unchanged
ENST00000460680.6:c.784-7T>C	unchanged
ENST00000460680.6:c.784-7T>G	weakly depleted
ENST00000460680.6:c.784-6T>A	weakly depleted
ENST00000460680.6:c.784-6T>C	unchanged
ENST00000460680.6:c.784-6T>G	unchanged
ENST00000460680.6:c.784-5G>A	unchanged
ENST00000460680.6:c.784-5G>C	unchanged
ENST00000460680.6:c.784-5G>T	unchanged
ENST00000460680.6:c.784-4T>A	unchanged
ENST00000460680.6:c.784-4T>C	unchanged
ENST00000460680.6:c.784-4T>G	weakly depleted
ENST00000460680.6:c.784-3T>A	unchanged
ENST00000460680.6:c.784-3T>C	unchanged
ENST00000460680.6:c.784-3T>G	strongly depleted
ENST00000460680.6:c.784-2A>C	weakly depleted
ENST00000460680.6:c.784-2A>G	weakly depleted
ENST00000460680.6:c.784-2A>T	weakly depleted
ENST00000460680.6:c.784-1G>A	weakly depleted
ENST00000460680.6:c.784-1G>C	weakly depleted
ENST00000460680.6:c.784-1G>T	weakly depleted
ENST00000460680.6:c.784C>A	unchanged
ENST00000460680.6:c.784C>G	weakly depleted
ENST00000460680.6:c.784C>T	unchanged
ENST00000460680.6:c.785T>A	unchanged
ENST00000460680.6:c.785T>C	unchanged
ENST00000460680.6:c.785T>G	unchanged
ENST00000460680.6:c.786G>A	unchanged
ENST00000460680.6:c.786G>C	unchanged
ENST00000460680.6:c.786G>T	unchanged
ENST00000460680.6:c.787A>C	weakly depleted
ENST00000460680.6:c.787A>G	unchanged
ENST00000460680.6:c.787A>T	unchanged
ENST00000460680.6:c.788T>A	unchanged
ENST00000460680.6:c.788T>C	unchanged
ENST00000460680.6:c.788T>G	unchanged
ENST00000460680.6:c.789A>C	unchanged
ENST00000460680.6:c.789A>G	unchanged
ENST00000460680.6:c.789A>T	unchanged
ENST00000460680.6:c.790A>C	unchanged
ENST00000460680.6:c.790A>G	unchanged
ENST00000460680.6:c.790A>T	weakly depleted
ENST00000460680.6:c.791G>A	unchanged
ENST00000460680.6:c.791G>C	unchanged
ENST00000460680.6:c.791G>T	unchanged
ENST00000460680.6:c.792A>C	unchanged
ENST00000460680.6:c.792A>G	unchanged
ENST00000460680.6:c.792A>T	unchanged
ENST00000460680.6:c.793G>A	unchanged
ENST00000460680.6:c.793G>C	unchanged
ENST00000460680.6:c.793G>T	unchanged
ENST00000460680.6:c.794T>A	unchanged
ENST00000460680.6:c.794T>C	unchanged
ENST00000460680.6:c.794T>G	unchanged
ENST00000460680.6:c.795A>C	unchanged
ENST00000460680.6:c.795A>G	unchanged
ENST00000460680.6:c.795A>T	unchanged
ENST00000460680.6:c.796A>C	unchanged
ENST00000460680.6:c.796A>G	unchanged
ENST00000460680.6:c.796A>T	unchanged
ENST00000460680.6:c.797C>A	unchanged
ENST00000460680.6:c.797C>G	weakly depleted
ENST00000460680.6:c.797C>T	unchanged
ENST00000460680.6:c.798A>C	weakly depleted
ENST00000460680.6:c.798A>G	unchanged
ENST00000460680.6:c.798A>T	unchanged
ENST00000460680.6:c.799C>A	unchanged
ENST00000460680.6:c.799C>G	weakly depleted
ENST00000460680.6:c.799C>T	weakly depleted
ENST00000460680.6:c.800A>C	unchanged
ENST00000460680.6:c.800A>G	unchanged
ENST00000460680.6:c.800A>T	unchanged
ENST00000460680.6:c.801G>A	unchanged
ENST00000460680.6:c.801G>C	unchanged
ENST00000460680.6:c.801G>T	unchanged
ENST00000460680.6:c.802C>A	unchanged
ENST00000460680.6:c.802C>G	unchanged
ENST00000460680.6:c.802C>T	unchanged
ENST00000460680.6:c.803C>A	unchanged
ENST00000460680.6:c.803C>G	unchanged
ENST00000460680.6:c.803C>T	unchanged
ENST00000460680.6:c.804A>C	unchanged
ENST00000460680.6:c.804A>G	unchanged
ENST00000460680.6:c.804A>T	unchanged
ENST00000460680.6:c.805G>A	unchanged
ENST00000460680.6:c.805G>C	unchanged
ENST00000460680.6:c.805G>T	weakly depleted
ENST00000460680.6:c.806A>C	unchanged
ENST00000460680.6:c.806A>G	unchanged
ENST00000460680.6:c.806A>T	unchanged
ENST00000460680.6:c.807G>A	unchanged
ENST00000460680.6:c.807G>C	unchanged
ENST00000460680.6:c.807G>T	weakly depleted
ENST00000460680.6:c.808C>A	unchanged
ENST00000460680.6:c.808C>G	unchanged
ENST00000460680.6:c.808C>T	unchanged
ENST00000460680.6:c.809T>A	unchanged
ENST00000460680.6:c.809T>C	unchanged
ENST00000460680.6:c.809T>G	unchanged
ENST00000460680.6:c.810G>A	unchanged
ENST00000460680.6:c.810G>C	unchanged
ENST00000460680.6:c.810G>T	unchanged
ENST00000460680.6:c.811A>C	unchanged
ENST00000460680.6:c.811A>G	unchanged
ENST00000460680.6:c.811A>T	unchanged
ENST00000460680.6:c.812T>A	unchanged
ENST00000460680.6:c.812T>C	unchanged
ENST00000460680.6:c.812T>G	unchanged
ENST00000460680.6:c.813T>A	unchanged
ENST00000460680.6:c.813T>C	unchanged
ENST00000460680.6:c.813T>G	unchanged
ENST00000460680.6:c.814C>A	unchanged
ENST00000460680.6:c.814C>G	unchanged
ENST00000460680.6:c.814C>T	weakly depleted
ENST00000460680.6:c.815A>C	unchanged
ENST00000460680.6:c.815A>G	unchanged
ENST00000460680.6:c.815A>T	unchanged
ENST00000460680.6:c.816G>A	unchanged
ENST00000460680.6:c.816G>C	unchanged
ENST00000460680.6:c.816G>T	unchanged
ENST00000460680.6:c.817A>C	unchanged
ENST00000460680.6:c.817A>G	unchanged
ENST00000460680.6:c.817A>T	unchanged
ENST00000460680.6:c.818C>A	unchanged
ENST00000460680.6:c.818C>G	unchanged
ENST00000460680.6:c.818C>T	unchanged
ENST00000460680.6:c.819C>A	unchanged
ENST00000460680.6:c.819C>G	unchanged
ENST00000460680.6:c.819C>T	unchanged
ENST00000460680.6:c.820C>A	unchanged
ENST00000460680.6:c.820C>G	weakly depleted
ENST00000460680.6:c.820C>T	unchanged
ENST00000460680.6:c.821A>C	unchanged
ENST00000460680.6:c.821A>G	unchanged
ENST00000460680.6:c.821A>T	unchanged
ENST00000460680.6:c.822C>A	unchanged
ENST00000460680.6:c.822C>G	weakly depleted
ENST00000460680.6:c.822C>T	unchanged
ENST00000460680.6:c.823A>C	unchanged
ENST00000460680.6:c.823A>G	unchanged
ENST00000460680.6:c.823A>T	weakly depleted
ENST00000460680.6:c.824A>C	unchanged
ENST00000460680.6:c.824A>G	unchanged
ENST00000460680.6:c.824A>T	unchanged
ENST00000460680.6:c.825G>A	unchanged
ENST00000460680.6:c.825G>C	unchanged
ENST00000460680.6:c.825G>T	unchanged
ENST00000460680.6:c.826T>A	unchanged
ENST00000460680.6:c.826T>C	unchanged
ENST00000460680.6:c.826T>G	unchanged
ENST00000460680.6:c.827C>A	unchanged
ENST00000460680.6:c.827C>G	unchanged
ENST00000460680.6:c.827C>T	unchanged
ENST00000460680.6:c.828T>A	unchanged
ENST00000460680.6:c.828T>C	unchanged
ENST00000460680.6:c.828T>G	unchanged
ENST00000460680.6:c.829C>A	unchanged
ENST00000460680.6:c.829C>G	weakly depleted
ENST00000460680.6:c.829C>T	weakly depleted
ENST00000460680.6:c.830A>C	unchanged
ENST00000460680.6:c.830A>G	enriched
ENST00000460680.6:c.830A>T	unchanged
ENST00000460680.6:c.831A>C	unchanged
ENST00000460680.6:c.831A>G	unchanged
ENST00000460680.6:c.831A>T	unchanged
ENST00000460680.6:c.832G>A	unchanged
ENST00000460680.6:c.832G>C	unchanged
ENST00000460680.6:c.832G>T	weakly depleted
ENST00000460680.6:c.833A>C	unchanged
ENST00000460680.6:c.833A>G	unchanged
ENST00000460680.6:c.833A>T	unchanged
ENST00000460680.6:c.834G>A	unchanged
ENST00000460680.6:c.834G>C	unchanged
ENST00000460680.6:c.834G>T	unchanged
ENST00000460680.6:c.835T>A	unchanged
ENST00000460680.6:c.835T>C	unchanged
ENST00000460680.6:c.835T>G	unchanged
ENST00000460680.6:c.836C>A	weakly depleted
ENST00000460680.6:c.836C>G	weakly depleted
ENST00000460680.6:c.836C>T	unchanged
ENST00000460680.6:c.837A>C	unchanged
ENST00000460680.6:c.837A>G	unchanged
ENST00000460680.6:c.837A>T	unchanged
ENST00000460680.6:c.838C>A	unchanged
ENST00000460680.6:c.838C>G	unchanged
ENST00000460680.6:c.838C>T	weakly depleted
ENST00000460680.6:c.839A>C	unchanged
ENST00000460680.6:c.839A>G	enriched
ENST00000460680.6:c.839A>T	unchanged
ENST00000460680.6:c.840G>A	unchanged
ENST00000460680.6:c.840G>C	unchanged
ENST00000460680.6:c.840G>T	unchanged
ENST00000460680.6:c.841C>A	unchanged
ENST00000460680.6:c.841C>G	unchanged
ENST00000460680.6:c.841C>T	unchanged
ENST00000460680.6:c.842T>A	unchanged
ENST00000460680.6:c.842T>C	unchanged
ENST00000460680.6:c.842T>G	unchanged
ENST00000460680.6:c.843G>A	unchanged
ENST00000460680.6:c.843G>C	unchanged
ENST00000460680.6:c.843G>T	unchanged
ENST00000460680.6:c.844C>A	unchanged
ENST00000460680.6:c.844C>G	unchanged
ENST00000460680.6:c.844C>T	unchanged
ENST00000460680.6:c.845C>A	unchanged
ENST00000460680.6:c.845C>G	unchanged
ENST00000460680.6:c.845C>T	unchanged
ENST00000460680.6:c.846T>A	unchanged
ENST00000460680.6:c.846T>C	unchanged
ENST00000460680.6:c.846T>G	unchanged
ENST00000460680.6:c.847G>A	unchanged
ENST00000460680.6:c.847G>C	unchanged
ENST00000460680.6:c.847G>T	weakly depleted
ENST00000460680.6:c.848A>C	unchanged
ENST00000460680.6:c.848A>G	unchanged
ENST00000460680.6:c.848A>T	unchanged
ENST00000460680.6:c.849G>A	unchanged
ENST00000460680.6:c.849G>C	unchanged
ENST00000460680.6:c.849G>T	unchanged
ENST00000460680.6:c.850G>A	unchanged
ENST00000460680.6:c.850G>C	unchanged
ENST00000460680.6:c.850G>T	weakly depleted
ENST00000460680.6:c.851A>C	unchanged
ENST00000460680.6:c.851A>G	unchanged
ENST00000460680.6:c.851A>T	unchanged
ENST00000460680.6:c.852G>A	unchanged
ENST00000460680.6:c.852G>C	unchanged
ENST00000460680.6:c.852G>T	unchanged
ENST00000460680.6:c.853T>A	unchanged
ENST00000460680.6:c.853T>C	unchanged
ENST00000460680.6:c.853T>G	unchanged
ENST00000460680.6:c.854C>A	unchanged
ENST00000460680.6:c.854C>G	unchanged
ENST00000460680.6:c.854C>T	unchanged
ENST00000460680.6:c.855C>A	unchanged
ENST00000460680.6:c.855C>G	unchanged
ENST00000460680.6:c.855C>T	unchanged
ENST00000460680.6:c.856A>C	unchanged
ENST00000460680.6:c.856A>G	unchanged
ENST00000460680.6:c.856A>T	weakly depleted
ENST00000460680.6:c.857A>C	unchanged
ENST00000460680.6:c.857A>G	unchanged
ENST00000460680.6:c.857A>T	unchanged
ENST00000460680.6:c.858G>A	unchanged
ENST00000460680.6:c.858G>C	unchanged
ENST00000460680.6:c.858G>T	unchanged
ENST00000460680.6:c.859T>A	unchanged
ENST00000460680.6:c.859T>C	unchanged
ENST00000460680.6:c.859T>G	unchanged
ENST00000460680.6:c.860C>A	weakly depleted
ENST00000460680.6:c.860C>G	weakly depleted
ENST00000460680.6:c.860C>T	unchanged
ENST00000460680.6:c.861A>C	unchanged
ENST00000460680.6:c.861A>G	unchanged
ENST00000460680.6:c.861A>T	unchanged
ENST00000460680.6:c.862G>A	unchanged
ENST00000460680.6:c.862G>C	unchanged
ENST00000460680.6:c.862G>T	unchanged
ENST00000460680.6:c.863C>A	unchanged
ENST00000460680.6:c.863C>G	unchanged
ENST00000460680.6:c.863C>T	enriched
ENST00000460680.6:c.864C>A	unchanged
ENST00000460680.6:c.864C>G	unchanged
ENST00000460680.6:c.864C>T	unchanged
ENST00000460680.6:c.865A>C	unchanged
ENST00000460680.6:c.865A>G	unchanged
ENST00000460680.6:c.865A>T	unchanged
ENST00000460680.6:c.866G>A	unchanged
ENST00000460680.6:c.866G>C	unchanged
ENST00000460680.6:c.866G>T	unchanged
ENST00000460680.6:c.867C>A	unchanged
ENST00000460680.6:c.867C>G	unchanged
ENST00000460680.6:c.867C>T	unchanged
ENST00000460680.6:c.868A>C	unchanged
ENST00000460680.6:c.868A>G	unchanged
ENST00000460680.6:c.868A>T	unchanged
ENST00000460680.6:c.869A>C	unchanged
ENST00000460680.6:c.869A>G	unchanged
ENST00000460680.6:c.869A>T	unchanged
ENST00000460680.6:c.870C>A	unchanged
ENST00000460680.6:c.870C>G	unchanged
ENST00000460680.6:c.870C>T	unchanged
ENST00000460680.6:c.871A>C	unchanged
ENST00000460680.6:c.871A>G	unchanged
ENST00000460680.6:c.871A>T	weakly depleted
ENST00000460680.6:c.872A>C	unchanged
ENST00000460680.6:c.872A>G	unchanged
ENST00000460680.6:c.872A>T	unchanged
ENST00000460680.6:c.873G>A	unchanged
ENST00000460680.6:c.873G>C	unchanged
ENST00000460680.6:c.873G>T	unchanged
ENST00000460680.6:c.874T>A	unchanged
ENST00000460680.6:c.874T>C	unchanged
ENST00000460680.6:c.874T>G	unchanged
ENST00000460680.6:c.875C>A	unchanged
ENST00000460680.6:c.875C>G	unchanged
ENST00000460680.6:c.875C>T	unchanged
ENST00000460680.6:c.876C>A	unchanged
ENST00000460680.6:c.876C>G	unchanged
ENST00000460680.6:c.876C>T	unchanged
ENST00000460680.6:c.877C>A	unchanged
ENST00000460680.6:c.877C>G	unchanged
ENST00000460680.6:c.877C>T	unchanged
ENST00000460680.6:c.878C>A	unchanged
ENST00000460680.6:c.878C>G	unchanged
ENST00000460680.6:c.878C>T	unchanged
ENST00000460680.6:c.879G>A	unchanged
ENST00000460680.6:c.879G>C	unchanged
ENST00000460680.6:c.879G>T	unchanged
ENST00000460680.6:c.880C>A	unchanged
ENST00000460680.6:c.880C>G	unchanged
ENST00000460680.6:c.880C>T	unchanged
ENST00000460680.6:c.881T>A	weakly depleted
ENST00000460680.6:c.881T>C	unchanged
ENST00000460680.6:c.881T>G	unchanged
ENST00000460680.6:c.882G>A	unchanged
ENST00000460680.6:c.882G>C	unchanged
ENST00000460680.6:c.882G>T	unchanged
ENST00000460680.6:c.883G>A	unchanged
ENST00000460680.6:c.883G>C	unchanged
ENST00000460680.6:c.883G>T	unchanged
ENST00000460680.6:c.884T>A	unchanged
ENST00000460680.6:c.884T>C	unchanged
ENST00000460680.6:c.884T>G	unchanged
ENST00000460680.6:c.885G>A	unchanged
ENST00000460680.6:c.885G>C	unchanged
ENST00000460680.6:c.885G>T	unchanged
ENST00000460680.6:c.886C>A	unchanged
ENST00000460680.6:c.886C>G	unchanged
ENST00000460680.6:c.886C>T	unchanged
ENST00000460680.6:c.887T>A	unchanged
ENST00000460680.6:c.887T>C	unchanged
ENST00000460680.6:c.887T>G	unchanged
ENST00000460680.6:c.888G>A	unchanged
ENST00000460680.6:c.888G>C	unchanged
ENST00000460680.6:c.888G>T	unchanged
ENST00000460680.6:c.889G>A	unchanged
ENST00000460680.6:c.889G>C	unchanged
ENST00000460680.6:c.889G>T	weakly depleted
ENST00000460680.6:c.890A>C	unchanged
ENST00000460680.6:c.890A>G	unchanged
ENST00000460680.6:c.890A>T	unchanged
ENST00000460680.6:c.891A>C	unchanged
ENST00000460680.6:c.891A>G	unchanged
ENST00000460680.6:c.891A>T	unchanged
ENST00000460680.6:c.892G>A	enriched
ENST00000460680.6:c.892G>C	unchanged
ENST00000460680.6:c.892G>T	unchanged
ENST00000460680.6:c.893C>A	unchanged
ENST00000460680.6:c.893C>G	unchanged
ENST00000460680.6:c.893C>T	unchanged
ENST00000460680.6:c.894A>C	unchanged
ENST00000460680.6:c.894A>G	unchanged
ENST00000460680.6:c.894A>T	unchanged
ENST00000460680.6:c.895A>C	unchanged
ENST00000460680.6:c.895A>G	unchanged
ENST00000460680.6:c.895A>T	unchanged
ENST00000460680.6:c.896A>C	unchanged
ENST00000460680.6:c.896A>G	unchanged
ENST00000460680.6:c.896A>T	unchanged
ENST00000460680.6:c.897C>A	unchanged
ENST00000460680.6:c.897C>G	unchanged
ENST00000460680.6:c.897C>T	unchanged
ENST00000460680.6:c.898A>C	unchanged
ENST00000460680.6:c.898A>G	unchanged
ENST00000460680.6:c.898A>T	unchanged
ENST00000460680.6:c.899G>A	unchanged
ENST00000460680.6:c.899G>C	unchanged
ENST00000460680.6:c.899G>T	unchanged
ENST00000460680.6:c.900G>A	unchanged
ENST00000460680.6:c.900G>C	unchanged
ENST00000460680.6:c.900G>T	unchanged
ENST00000460680.6:c.901G>A	unchanged
ENST00000460680.6:c.901G>C	unchanged
ENST00000460680.6:c.901G>T	unchanged
ENST00000460680.6:c.902C>A	unchanged
ENST00000460680.6:c.902C>G	unchanged
ENST00000460680.6:c.902C>T	unchanged
ENST00000460680.6:c.903C>A	unchanged
ENST00000460680.6:c.903C>G	unchanged
ENST00000460680.6:c.903C>T	unchanged
ENST00000460680.6:c.904C>A	unchanged
ENST00000460680.6:c.904C>G	unchanged
ENST00000460680.6:c.904C>T	unchanged
ENST00000460680.6:c.905C>A	unchanged
ENST00000460680.6:c.905C>G	unchanged
ENST00000460680.6:c.905C>T	unchanged
ENST00000460680.6:c.906T>A	unchanged
ENST00000460680.6:c.906T>C	unchanged
ENST00000460680.6:c.906T>G	unchanged
ENST00000460680.6:c.907G>A	enriched
ENST00000460680.6:c.907G>C	unchanged
ENST00000460680.6:c.907G>T	unchanged
ENST00000460680.6:c.908C>A	unchanged
ENST00000460680.6:c.908C>G	unchanged
ENST00000460680.6:c.908C>T	unchanged
ENST00000460680.6:c.909A>C	unchanged
ENST00000460680.6:c.909A>G	unchanged
ENST00000460680.6:c.909A>T	unchanged
ENST00000460680.6:c.910G>A	unchanged
ENST00000460680.6:c.910G>C	unchanged
ENST00000460680.6:c.910G>T	unchanged
ENST00000460680.6:c.911C>A	unchanged
ENST00000460680.6:c.911C>G	unchanged
ENST00000460680.6:c.911C>T	unchanged
ENST00000460680.6:c.912C>A	unchanged
ENST00000460680.6:c.912C>G	unchanged
ENST00000460680.6:c.912C>T	unchanged
ENST00000460680.6:c.913T>A	enriched
ENST00000460680.6:c.913T>C	enriched
ENST00000460680.6:c.913T>G	unchanged
ENST00000460680.6:c.914C>A	unchanged
ENST00000460680.6:c.914C>G	unchanged
ENST00000460680.6:c.914C>T	unchanged
ENST00000460680.6:c.915T>A	unchanged
ENST00000460680.6:c.915T>C	unchanged
ENST00000460680.6:c.915T>G	unchanged
ENST00000460680.6:c.916G>A	unchanged
ENST00000460680.6:c.916G>C	unchanged
ENST00000460680.6:c.916G>T	weakly depleted
ENST00000460680.6:c.917A>C	unchanged
ENST00000460680.6:c.917A>G	unchanged
ENST00000460680.6:c.917A>T	unchanged
ENST00000460680.6:c.918G>A	unchanged
ENST00000460680.6:c.918G>C	unchanged
ENST00000460680.6:c.918G>T	unchanged
ENST00000460680.6:c.919G>A	unchanged
ENST00000460680.6:c.919G>C	unchanged
ENST00000460680.6:c.919G>T	unchanged
ENST00000460680.6:c.920G>A	unchanged
ENST00000460680.6:c.920G>C	unchanged
ENST00000460680.6:c.920G>T	unchanged
ENST00000460680.6:c.921C>A	unchanged
ENST00000460680.6:c.921C>G	unchanged
ENST00000460680.6:c.921C>T	enriched
ENST00000460680.6:c.922A>C	unchanged
ENST00000460680.6:c.922A>G	unchanged
ENST00000460680.6:c.922A>T	unchanged
ENST00000460680.6:c.923A>C	unchanged
ENST00000460680.6:c.923A>G	enriched
ENST00000460680.6:c.923A>T	unchanged
ENST00000460680.6:c.924C>A	unchanged
ENST00000460680.6:c.924C>G	unchanged
ENST00000460680.6:c.924C>T	unchanged
ENST00000460680.6:c.925C>A	unchanged
ENST00000460680.6:c.925C>G	unchanged
ENST00000460680.6:c.925C>T	unchanged
ENST00000460680.6:c.926A>C	unchanged
ENST00000460680.6:c.926A>G	unchanged
ENST00000460680.6:c.926A>T	unchanged
ENST00000460680.6:c.927C>A	unchanged
ENST00000460680.6:c.927C>G	enriched
ENST00000460680.6:c.927C>T	unchanged
ENST00000460680.6:c.928A>C	enriched
ENST00000460680.6:c.928A>G	unchanged
ENST00000460680.6:c.928A>T	unchanged
ENST00000460680.6:c.929C>A	unchanged
ENST00000460680.6:c.929C>G	unchanged
ENST00000460680.6:c.929C>T	unchanged
ENST00000460680.6:c.930A>C	unchanged
ENST00000460680.6:c.930A>G	weakly depleted
ENST00000460680.6:c.930A>T	weakly depleted
ENST00000460680.6:c.931G>A	weakly depleted
ENST00000460680.6:c.931G>C	weakly depleted
ENST00000460680.6:c.931G>T	weakly depleted
ENST00000460680.6:c.931+1G>A	weakly depleted
ENST00000460680.6:c.931+1G>C	weakly depleted
ENST00000460680.6:c.931+1G>T	weakly depleted
ENST00000460680.6:c.931+2T>A	weakly depleted
ENST00000460680.6:c.931+2T>C	weakly depleted
ENST00000460680.6:c.931+2T>G	weakly depleted
ENST00000460680.6:c.931+3A>C	weakly depleted
ENST00000460680.6:c.931+3A>G	unchanged
ENST00000460680.6:c.931+3A>T	weakly depleted
ENST00000460680.6:c.931+4C>A	unchanged
ENST00000460680.6:c.931+4C>G	unchanged
ENST00000460680.6:c.931+4C>T	unchanged
ENST00000460680.6:c.931+5T>A	unchanged
ENST00000460680.6:c.931+5T>C	unchanged
ENST00000460680.6:c.931+5T>G	unchanged
ENST00000460680.6:c.931+6G>A	unchanged
ENST00000460680.6:c.931+6G>C	unchanged
ENST00000460680.6:c.931+6G>T	unchanged
ENST00000460680.6:c.931+7G>A	unchanged
ENST00000460680.6:c.931+7G>C	unchanged
ENST00000460680.6:c.931+7G>T	unchanged
ENST00000460680.6:c.931+8G>A	unchanged
ENST00000460680.6:c.931+8G>C	unchanged
ENST00000460680.6:c.931+8G>T	unchanged
ENST00000460680.6:c.931+9G>A	unchanged
ENST00000460680.6:c.931+9G>C	unchanged
ENST00000460680.6:c.931+9G>T	unchanged
ENST00000460680.6:c.931+10G>A	unchanged
ENST00000460680.6:c.931+10G>C	unchanged
ENST00000460680.6:c.931+10G>T	unchanged
ENST00000460680.6:c.931+11G>A	unchanged
ENST00000460680.6:c.931+11G>C	unchanged
ENST00000460680.6:c.931+11G>T	unchanged
ENST00000460680.6:c.931+12T>A	unchanged
ENST00000460680.6:c.931+12T>C	unchanged
ENST00000460680.6:c.931+12T>G	unchanged
ENST00000460680.6:c.931+13T>A	unchanged
ENST00000460680.6:c.931+13T>C	unchanged
ENST00000460680.6:c.931+13T>G	unchanged
ENST00000460680.6:c.931+14T>A	unchanged
ENST00000460680.6:c.931+14T>C	unchanged
ENST00000460680.6:c.931+14T>G	unchanged
ENST00000460680.6:c.931+15G>A	unchanged
ENST00000460680.6:c.931+15G>C	unchanged
ENST00000460680.6:c.931+15G>T	unchanged
ENST00000460680.6:c.931+16G>A	unchanged
ENST00000460680.6:c.931+16G>C	unchanged
ENST00000460680.6:c.931+16G>T	unchanged
ENST00000460680.6:c.931+17G>A	unchanged
ENST00000460680.6:c.931+17G>C	unchanged
ENST00000460680.6:c.931+17G>T	unchanged
ENST00000460680.6:c.931+18A>C	unchanged
ENST00000460680.6:c.931+18A>G	unchanged
ENST00000460680.6:c.931+18A>T	unchanged
ENST00000460680.6:c.931+19C>A	unchanged
ENST00000460680.6:c.931+19C>G	unchanged
ENST00000460680.6:c.931+19C>T	unchanged
ENST00000460680.6:c.931+20C>A	unchanged
ENST00000460680.6:c.931+20C>G	unchanged
ENST00000460680.6:c.931+20C>T	unchanged
ENST00000460680.6:c.932-25T>A	unchanged
ENST00000460680.6:c.932-25T>C	unchanged
ENST00000460680.6:c.932-25T>G	unchanged
ENST00000460680.6:c.932-24G>A	unchanged
ENST00000460680.6:c.932-24G>C	unchanged
ENST00000460680.6:c.932-24G>T	unchanged
ENST00000460680.6:c.932-23C>A	unchanged
ENST00000460680.6:c.932-23C>G	unchanged
ENST00000460680.6:c.932-23C>T	unchanged
ENST00000460680.6:c.932-22C>A	unchanged
ENST00000460680.6:c.932-22C>G	unchanged
ENST00000460680.6:c.932-22C>T	unchanged
ENST00000460680.6:c.932-21T>A	unchanged
ENST00000460680.6:c.932-21T>C	unchanged
ENST00000460680.6:c.932-21T>G	weakly depleted
ENST00000460680.6:c.932-20G>A	unchanged
ENST00000460680.6:c.932-20G>C	unchanged
ENST00000460680.6:c.932-20G>T	unchanged
ENST00000460680.6:c.932-19T>A	unchanged
ENST00000460680.6:c.932-19T>C	unchanged
ENST00000460680.6:c.932-19T>G	weakly depleted
ENST00000460680.6:c.932-18G>A	unchanged
ENST00000460680.6:c.932-18G>C	unchanged
ENST00000460680.6:c.932-18G>T	unchanged
ENST00000460680.6:c.932-17T>A	unchanged
ENST00000460680.6:c.932-17T>C	unchanged
ENST00000460680.6:c.932-17T>G	unchanged
ENST00000460680.6:c.932-16T>A	unchanged
ENST00000460680.6:c.932-16T>C	unchanged
ENST00000460680.6:c.932-16T>G	unchanged
ENST00000460680.6:c.932-15C>A	unchanged
ENST00000460680.6:c.932-15C>G	unchanged
ENST00000460680.6:c.932-15C>T	weakly depleted
ENST00000460680.6:c.932-14T>A	unchanged
ENST00000460680.6:c.932-14T>C	unchanged
ENST00000460680.6:c.932-14T>G	unchanged
ENST00000460680.6:c.932-13T>A	strongly depleted
ENST00000460680.6:c.932-13T>C	unchanged
ENST00000460680.6:c.932-13T>G	unchanged
ENST00000460680.6:c.932-12G>A	unchanged
ENST00000460680.6:c.932-12G>C	weakly depleted
ENST00000460680.6:c.932-12G>T	unchanged
ENST00000460680.6:c.932-11C>A	unchanged
ENST00000460680.6:c.932-11C>G	unchanged
ENST00000460680.6:c.932-11C>T	unchanged
ENST00000460680.6:c.932-10C>A	weakly depleted
ENST00000460680.6:c.932-10C>G	weakly depleted
ENST00000460680.6:c.932-10C>T	unchanged
ENST00000460680.6:c.932-9C>A	unchanged
ENST00000460680.6:c.932-9C>G	unchanged
ENST00000460680.6:c.932-9C>T	unchanged
ENST00000460680.6:c.932-8T>A	unchanged
ENST00000460680.6:c.932-8T>C	unchanged
ENST00000460680.6:c.932-8T>G	unchanged
ENST00000460680.6:c.932-7G>A	unchanged
ENST00000460680.6:c.932-7G>C	unchanged
ENST00000460680.6:c.932-7G>T	unchanged
ENST00000460680.6:c.932-6T>A	unchanged
ENST00000460680.6:c.932-6T>C	unchanged
ENST00000460680.6:c.932-6T>G	unchanged
ENST00000460680.6:c.932-5C>A	unchanged
ENST00000460680.6:c.932-5C>G	unchanged
ENST00000460680.6:c.932-5C>T	unchanged
ENST00000460680.6:c.932-4T>A	unchanged
ENST00000460680.6:c.932-4T>C	unchanged
ENST00000460680.6:c.932-4T>G	unchanged
ENST00000460680.6:c.932-3C>A	weakly depleted
ENST00000460680.6:c.932-3C>G	weakly depleted
ENST00000460680.6:c.932-3C>T	unchanged
ENST00000460680.6:c.932-2A>C	weakly depleted
ENST00000460680.6:c.932-2A>G	weakly depleted
ENST00000460680.6:c.932-2A>T	weakly depleted
ENST00000460680.6:c.932-1G>A	weakly depleted
ENST00000460680.6:c.932-1G>C	weakly depleted
ENST00000460680.6:c.932-1G>T	weakly depleted
ENST00000460680.6:c.932A>C	unchanged
ENST00000460680.6:c.932A>G	unchanged
ENST00000460680.6:c.932A>T	unchanged
ENST00000460680.6:c.933T>A	unchanged
ENST00000460680.6:c.933T>C	unchanged
ENST00000460680.6:c.933T>G	weakly depleted
ENST00000460680.6:c.934G>A	weakly depleted
ENST00000460680.6:c.934G>C	weakly depleted
ENST00000460680.6:c.934G>T	unchanged
ENST00000460680.6:c.935G>A	unchanged
ENST00000460680.6:c.935G>C	unchanged
ENST00000460680.6:c.935G>T	unchanged
ENST00000460680.6:c.936T>A	unchanged
ENST00000460680.6:c.936T>C	unchanged
ENST00000460680.6:c.936T>G	weakly depleted
ENST00000460680.6:c.937G>A	unchanged
ENST00000460680.6:c.937G>C	unchanged
ENST00000460680.6:c.937G>T	unchanged
ENST00000460680.6:c.938C>A	unchanged
ENST00000460680.6:c.938C>G	unchanged
ENST00000460680.6:c.938C>T	unchanged
ENST00000460680.6:c.939A>C	unchanged
ENST00000460680.6:c.939A>G	unchanged
ENST00000460680.6:c.939A>T	unchanged
ENST00000460680.6:c.940G>A	unchanged
ENST00000460680.6:c.940G>C	unchanged
ENST00000460680.6:c.940G>T	weakly depleted
ENST00000460680.6:c.941A>C	unchanged
ENST00000460680.6:c.941A>G	weakly depleted
ENST00000460680.6:c.941A>T	unchanged
ENST00000460680.6:c.942G>A	unchanged
ENST00000460680.6:c.942G>C	unchanged
ENST00000460680.6:c.942G>T	unchanged
ENST00000460680.6:c.943G>A	unchanged
ENST00000460680.6:c.943G>C	unchanged
ENST00000460680.6:c.943G>T	weakly depleted
ENST00000460680.6:c.944A>C	unchanged
ENST00000460680.6:c.944A>G	weakly depleted
ENST00000460680.6:c.944A>T	unchanged
ENST00000460680.6:c.945G>A	unchanged
ENST00000460680.6:c.945G>C	unchanged
ENST00000460680.6:c.945G>T	unchanged
ENST00000460680.6:c.946G>A	enriched
ENST00000460680.6:c.946G>C	enriched
ENST00000460680.6:c.946G>T	enriched
ENST00000460680.6:c.947C>A	unchanged
ENST00000460680.6:c.947C>G	weakly depleted
ENST00000460680.6:c.947C>T	enriched
ENST00000460680.6:c.948G>A	unchanged
ENST00000460680.6:c.948G>C	unchanged
ENST00000460680.6:c.948G>T	unchanged
ENST00000460680.6:c.949G>A	enriched
ENST00000460680.6:c.949G>C	unchanged
ENST00000460680.6:c.949G>T	unchanged
ENST00000460680.6:c.950C>A	unchanged
ENST00000460680.6:c.950C>G	weakly depleted
ENST00000460680.6:c.950C>T	unchanged
ENST00000460680.6:c.951T>A	unchanged
ENST00000460680.6:c.951T>C	unchanged
ENST00000460680.6:c.951T>G	unchanged
ENST00000460680.6:c.952G>A	unchanged
ENST00000460680.6:c.952G>C	unchanged
ENST00000460680.6:c.952G>T	unchanged
ENST00000460680.6:c.953G>A	unchanged
ENST00000460680.6:c.953G>C	unchanged
ENST00000460680.6:c.953G>T	unchanged
ENST00000460680.6:c.954T>A	unchanged
ENST00000460680.6:c.954T>C	unchanged
ENST00000460680.6:c.954T>G	unchanged
ENST00000460680.6:c.955T>A	unchanged
ENST00000460680.6:c.955T>C	unchanged
ENST00000460680.6:c.955T>G	weakly depleted
ENST00000460680.6:c.956C>A	strongly depleted
ENST00000460680.6:c.956C>G	weakly depleted
ENST00000460680.6:c.956C>T	unchanged
ENST00000460680.6:c.957A>C	unchanged
ENST00000460680.6:c.957A>G	unchanged
ENST00000460680.6:c.957A>T	unchanged
ENST00000460680.6:c.958T>A	weakly depleted
ENST00000460680.6:c.958T>C	unchanged
ENST00000460680.6:c.958T>G	unchanged
ENST00000460680.6:c.959G>A	unchanged
ENST00000460680.6:c.959G>C	unchanged
ENST00000460680.6:c.959G>T	unchanged
ENST00000460680.6:c.960C>A	strongly depleted
ENST00000460680.6:c.960C>G	unchanged
ENST00000460680.6:c.960C>T	enriched
ENST00000460680.6:c.961G>A	enriched
ENST00000460680.6:c.961G>C	unchanged
ENST00000460680.6:c.961G>T	unchanged
ENST00000460680.6:c.962C>A	unchanged
ENST00000460680.6:c.962C>G	unchanged
ENST00000460680.6:c.962C>T	unchanged
ENST00000460680.6:c.963A>C	unchanged
ENST00000460680.6:c.963A>G	unchanged
ENST00000460680.6:c.963A>T	unchanged
ENST00000460680.6:c.964C>A	unchanged
ENST00000460680.6:c.964C>G	unchanged
ENST00000460680.6:c.964C>T	weakly depleted
ENST00000460680.6:c.965A>C	unchanged
ENST00000460680.6:c.965A>G	unchanged
ENST00000460680.6:c.965A>T	unchanged
ENST00000460680.6:c.966A>C	unchanged
ENST00000460680.6:c.966A>G	unchanged
ENST00000460680.6:c.966A>T	unchanged
ENST00000460680.6:c.967G>A	unchanged
ENST00000460680.6:c.967G>C	unchanged
ENST00000460680.6:c.967G>T	weakly depleted
ENST00000460680.6:c.968C>A	unchanged
ENST00000460680.6:c.968C>G	unchanged
ENST00000460680.6:c.968C>T	unchanged
ENST00000460680.6:c.969C>A	unchanged
ENST00000460680.6:c.969C>G	unchanged
ENST00000460680.6:c.969C>T	unchanged
ENST00000460680.6:c.970C>A	weakly depleted
ENST00000460680.6:c.970C>G	unchanged
ENST00000460680.6:c.970C>T	weakly depleted
ENST00000460680.6:c.971C>A	unchanged
ENST00000460680.6:c.971C>G	weakly depleted
ENST00000460680.6:c.971C>T	unchanged
ENST00000460680.6:c.972A>C	unchanged
ENST00000460680.6:c.972A>G	unchanged
ENST00000460680.6:c.972A>T	weakly depleted
ENST00000460680.6:c.973T>A	unchanged
ENST00000460680.6:c.973T>C	unchanged
ENST00000460680.6:c.973T>G	weakly depleted
ENST00000460680.6:c.974C>A	weakly depleted
ENST00000460680.6:c.974C>G	unchanged
ENST00000460680.6:c.974C>T	weakly depleted
ENST00000460680.6:c.975C>A	unchanged
ENST00000460680.6:c.975C>G	unchanged
ENST00000460680.6:c.975C>T	unchanged
ENST00000460680.6:c.976C>A	weakly depleted
ENST00000460680.6:c.976C>G	unchanged
ENST00000460680.6:c.976C>T	unchanged
ENST00000460680.6:c.977A>C	unchanged
ENST00000460680.6:c.977A>G	unchanged
ENST00000460680.6:c.977A>T	unchanged
ENST00000460680.6:c.978C>A	unchanged
ENST00000460680.6:c.978C>G	weakly depleted
ENST00000460680.6:c.978C>T	unchanged
ENST00000460680.6:c.979A>C	unchanged
ENST00000460680.6:c.979A>G	unchanged
ENST00000460680.6:c.979A>T	unchanged
ENST00000460680.6:c.980G>A	unchanged
ENST00000460680.6:c.980G>C	unchanged
ENST00000460680.6:c.980G>T	weakly depleted
ENST00000460680.6:c.981C>A	weakly depleted
ENST00000460680.6:c.981C>G	weakly depleted
ENST00000460680.6:c.981C>T	unchanged
ENST00000460680.6:c.982C>A	unchanged
ENST00000460680.6:c.982C>G	weakly depleted
ENST00000460680.6:c.982C>T	weakly depleted
ENST00000460680.6:c.983C>A	unchanged
ENST00000460680.6:c.983C>G	weakly depleted
ENST00000460680.6:c.983C>T	unchanged
ENST00000460680.6:c.984T>A	unchanged
ENST00000460680.6:c.984T>C	unchanged
ENST00000460680.6:c.984T>G	weakly depleted
ENST00000460680.6:c.985C>A	unchanged
ENST00000460680.6:c.985C>G	unchanged
ENST00000460680.6:c.985C>T	unchanged
ENST00000460680.6:c.986C>A	unchanged
ENST00000460680.6:c.986C>G	unchanged
ENST00000460680.6:c.986C>T	unchanged
ENST00000460680.6:c.987C>A	weakly depleted
ENST00000460680.6:c.987C>G	unchanged
ENST00000460680.6:c.987C>T	unchanged
ENST00000460680.6:c.988A>C	unchanged
ENST00000460680.6:c.988A>G	unchanged
ENST00000460680.6:c.988A>T	unchanged
ENST00000460680.6:c.989A>C	weakly depleted
ENST00000460680.6:c.989A>G	unchanged
ENST00000460680.6:c.989A>T	unchanged
ENST00000460680.6:c.990C>A	unchanged
ENST00000460680.6:c.990C>G	weakly depleted
ENST00000460680.6:c.990C>T	unchanged
ENST00000460680.6:c.991A>C	unchanged
ENST00000460680.6:c.991A>G	unchanged
ENST00000460680.6:c.991A>T	strongly depleted
ENST00000460680.6:c.992A>C	unchanged
ENST00000460680.6:c.992A>G	unchanged
ENST00000460680.6:c.992A>T	unchanged
ENST00000460680.6:c.993A>C	unchanged
ENST00000460680.6:c.993A>G	unchanged
ENST00000460680.6:c.993A>T	unchanged
ENST00000460680.6:c.994C>A	unchanged
ENST00000460680.6:c.994C>G	weakly depleted
ENST00000460680.6:c.994C>T	unchanged
ENST00000460680.6:c.995C>A	unchanged
ENST00000460680.6:c.995C>G	unchanged
ENST00000460680.6:c.995C>T	unchanged
ENST00000460680.6:c.996C>A	unchanged
ENST00000460680.6:c.996C>G	unchanged
ENST00000460680.6:c.996C>T	unchanged
ENST00000460680.6:c.997A>C	unchanged
ENST00000460680.6:c.997A>G	unchanged
ENST00000460680.6:c.997A>T	strongly depleted
ENST00000460680.6:c.998A>C	unchanged
ENST00000460680.6:c.998A>G	unchanged
ENST00000460680.6:c.998A>T	unchanged
ENST00000460680.6:c.999G>A	unchanged
ENST00000460680.6:c.999G>C	unchanged
ENST00000460680.6:c.999G>T	unchanged
ENST00000460680.6:c.1000C>A	unchanged
ENST00000460680.6:c.1000C>G	weakly depleted
ENST00000460680.6:c.1000C>T	unchanged
ENST00000460680.6:c.1001T>A	unchanged
ENST00000460680.6:c.1001T>C	unchanged
ENST00000460680.6:c.1001T>G	unchanged
ENST00000460680.6:c.1002A>C	weakly depleted
ENST00000460680.6:c.1002A>G	unchanged
ENST00000460680.6:c.1002A>T	unchanged
ENST00000460680.6:c.1003G>A	unchanged
ENST00000460680.6:c.1003G>C	unchanged
ENST00000460680.6:c.1003G>T	weakly depleted
ENST00000460680.6:c.1004T>A	unchanged
ENST00000460680.6:c.1004T>C	unchanged
ENST00000460680.6:c.1004T>G	unchanged
ENST00000460680.6:c.1005G>A	unchanged
ENST00000460680.6:c.1005G>C	unchanged
ENST00000460680.6:c.1005G>T	unchanged
ENST00000460680.6:c.1006G>A	unchanged
ENST00000460680.6:c.1006G>C	unchanged
ENST00000460680.6:c.1006G>T	unchanged
ENST00000460680.6:c.1007T>A	unchanged
ENST00000460680.6:c.1007T>C	unchanged
ENST00000460680.6:c.1007T>G	weakly depleted
ENST00000460680.6:c.1008G>A	unchanged
ENST00000460680.6:c.1008G>C	unchanged
ENST00000460680.6:c.1008G>T	weakly depleted
ENST00000460680.6:c.1009A>C	unchanged
ENST00000460680.6:c.1009A>G	unchanged
ENST00000460680.6:c.1009A>T	strongly depleted
ENST00000460680.6:c.1010A>C	enriched
ENST00000460680.6:c.1010A>G	unchanged
ENST00000460680.6:c.1010A>T	unchanged
ENST00000460680.6:c.1011G>A	unchanged
ENST00000460680.6:c.1011G>C	unchanged
ENST00000460680.6:c.1011G>T	unchanged
ENST00000460680.6:c.1012C>A	unchanged
ENST00000460680.6:c.1012C>G	unchanged
ENST00000460680.6:c.1012C>T	unchanged
ENST00000460680.6:c.1013C>A	unchanged
ENST00000460680.6:c.1013C>G	unchanged
ENST00000460680.6:c.1013C>T	unchanged
ENST00000460680.6:c.1014T>A	unchanged
ENST00000460680.6:c.1014T>C	unchanged
ENST00000460680.6:c.1014T>G	unchanged
ENST00000460680.6:c.1015C>A	unchanged
ENST00000460680.6:c.1015C>G	unchanged
ENST00000460680.6:c.1015C>T	unchanged
ENST00000460680.6:c.1016C>A	unchanged
ENST00000460680.6:c.1016C>G	unchanged
ENST00000460680.6:c.1016C>T	unchanged
ENST00000460680.6:c.1017A>C	unchanged
ENST00000460680.6:c.1017A>G	enriched
ENST00000460680.6:c.1017A>T	unchanged
ENST00000460680.6:c.1018G>A	unchanged
ENST00000460680.6:c.1018G>C	unchanged
ENST00000460680.6:c.1018G>T	unchanged
ENST00000460680.6:c.1019G>A	unchanged
ENST00000460680.6:c.1019G>C	unchanged
ENST00000460680.6:c.1019G>T	unchanged
ENST00000460680.6:c.1020C>A	unchanged
ENST00000460680.6:c.1020C>G	unchanged
ENST00000460680.6:c.1020C>T	unchanged
ENST00000460680.6:c.1021A>C	enriched
ENST00000460680.6:c.1021A>G	unchanged
ENST00000460680.6:c.1021A>T	unchanged
ENST00000460680.6:c.1022G>A	enriched
ENST00000460680.6:c.1022G>C	unchanged
ENST00000460680.6:c.1022G>T	unchanged
ENST00000460680.6:c.1023C>A	unchanged
ENST00000460680.6:c.1023C>G	unchanged
ENST00000460680.6:c.1023C>T	enriched
ENST00000460680.6:c.1024A>C	unchanged
ENST00000460680.6:c.1024A>G	unchanged
ENST00000460680.6:c.1024A>T	unchanged
ENST00000460680.6:c.1025G>A	unchanged
ENST00000460680.6:c.1025G>C	unchanged
ENST00000460680.6:c.1025G>T	unchanged
ENST00000460680.6:c.1026C>A	unchanged
ENST00000460680.6:c.1026C>G	unchanged
ENST00000460680.6:c.1026C>T	unchanged
ENST00000460680.6:c.1027C>A	unchanged
ENST00000460680.6:c.1027C>G	unchanged
ENST00000460680.6:c.1027C>T	unchanged
ENST00000460680.6:c.1028T>A	unchanged
ENST00000460680.6:c.1028T>C	unchanged
ENST00000460680.6:c.1028T>G	unchanged
ENST00000460680.6:c.1029C>A	unchanged
ENST00000460680.6:c.1029C>G	unchanged
ENST00000460680.6:c.1029C>T	unchanged
ENST00000460680.6:c.1030A>C	unchanged
ENST00000460680.6:c.1030A>G	unchanged
ENST00000460680.6:c.1030A>T	unchanged
ENST00000460680.6:c.1031A>C	unchanged
ENST00000460680.6:c.1031A>G	unchanged
ENST00000460680.6:c.1031A>T	unchanged
ENST00000460680.6:c.1032T>A	unchanged
ENST00000460680.6:c.1032T>C	enriched
ENST00000460680.6:c.1032T>G	unchanged
ENST00000460680.6:c.1033G>A	unchanged
ENST00000460680.6:c.1033G>C	unchanged
ENST00000460680.6:c.1033G>T	unchanged
ENST00000460680.6:c.1034G>A	unchanged
ENST00000460680.6:c.1034G>C	unchanged
ENST00000460680.6:c.1034G>T	unchanged
ENST00000460680.6:c.1035G>A	unchanged
ENST00000460680.6:c.1035G>C	unchanged
ENST00000460680.6:c.1035G>T	unchanged
ENST00000460680.6:c.1036G>A	unchanged
ENST00000460680.6:c.1036G>C	unchanged
ENST00000460680.6:c.1036G>T	unchanged
ENST00000460680.6:c.1037T>A	unchanged
ENST00000460680.6:c.1037T>C	unchanged
ENST00000460680.6:c.1037T>G	unchanged
ENST00000460680.6:c.1038T>A	unchanged
ENST00000460680.6:c.1038T>C	unchanged
ENST00000460680.6:c.1038T>G	unchanged
ENST00000460680.6:c.1039C>A	unchanged
ENST00000460680.6:c.1039C>G	unchanged
ENST00000460680.6:c.1039C>T	unchanged
ENST00000460680.6:c.1040A>C	unchanged
ENST00000460680.6:c.1040A>G	unchanged
ENST00000460680.6:c.1040A>T	unchanged
ENST00000460680.6:c.1041C>A	unchanged
ENST00000460680.6:c.1041C>G	enriched
ENST00000460680.6:c.1041C>T	unchanged
ENST00000460680.6:c.1042C>A	unchanged
ENST00000460680.6:c.1042C>G	unchanged
ENST00000460680.6:c.1042C>T	unchanged
ENST00000460680.6:c.1043C>A	unchanged
ENST00000460680.6:c.1043C>G	unchanged
ENST00000460680.6:c.1043C>T	unchanged
ENST00000460680.6:c.1044C>A	unchanged
ENST00000460680.6:c.1044C>G	unchanged
ENST00000460680.6:c.1044C>T	unchanged
ENST00000460680.6:c.1045A>C	enriched
ENST00000460680.6:c.1045A>G	enriched
ENST00000460680.6:c.1045A>T	unchanged
ENST00000460680.6:c.1046A>C	unchanged
ENST00000460680.6:c.1046A>G	unchanged
ENST00000460680.6:c.1046A>T	unchanged
ENST00000460680.6:c.1047C>A	unchanged
ENST00000460680.6:c.1047C>G	unchanged
ENST00000460680.6:c.1047C>T	unchanged
ENST00000460680.6:c.1048C>A	unchanged
ENST00000460680.6:c.1048C>G	unchanged
ENST00000460680.6:c.1048C>T	unchanged
ENST00000460680.6:c.1049C>A	unchanged
ENST00000460680.6:c.1049C>G	unchanged
ENST00000460680.6:c.1049C>T	unchanged
ENST00000460680.6:c.1050C>A	unchanged
ENST00000460680.6:c.1050C>G	unchanged
ENST00000460680.6:c.1050C>T	unchanged
ENST00000460680.6:c.1051A>C	unchanged
ENST00000460680.6:c.1051A>G	enriched
ENST00000460680.6:c.1051A>T	unchanged
ENST00000460680.6:c.1052C>A	unchanged
ENST00000460680.6:c.1052C>G	unchanged
ENST00000460680.6:c.1052C>T	unchanged
ENST00000460680.6:c.1053T>A	unchanged
ENST00000460680.6:c.1053T>C	enriched
ENST00000460680.6:c.1053T>G	unchanged
ENST00000460680.6:c.1054C>A	unchanged
ENST00000460680.6:c.1054C>G	unchanged
ENST00000460680.6:c.1054C>T	unchanged
ENST00000460680.6:c.1055C>A	unchanged
ENST00000460680.6:c.1055C>G	unchanged
ENST00000460680.6:c.1055C>T	unchanged
ENST00000460680.6:c.1056C>A	unchanged
ENST00000460680.6:c.1056C>G	unchanged
ENST00000460680.6:c.1056C>T	unchanged
ENST00000460680.6:c.1057A>C	unchanged
ENST00000460680.6:c.1057A>G	unchanged
ENST00000460680.6:c.1057A>T	unchanged
ENST00000460680.6:c.1058T>A	unchanged
ENST00000460680.6:c.1058T>C	enriched
ENST00000460680.6:c.1058T>G	unchanged
ENST00000460680.6:c.1059T>A	enriched
ENST00000460680.6:c.1059T>C	unchanged
ENST00000460680.6:c.1059T>G	unchanged
ENST00000460680.6:c.1060G>A	enriched
ENST00000460680.6:c.1060G>C	unchanged
ENST00000460680.6:c.1060G>T	unchanged
ENST00000460680.6:c.1061T>A	enriched
ENST00000460680.6:c.1061T>C	enriched
ENST00000460680.6:c.1061T>G	enriched
ENST00000460680.6:c.1062C>A	enriched
ENST00000460680.6:c.1062C>G	unchanged
ENST00000460680.6:c.1062C>T	unchanged
ENST00000460680.6:c.1063C>A	unchanged
ENST00000460680.6:c.1063C>G	unchanged
ENST00000460680.6:c.1063C>T	weakly depleted
ENST00000460680.6:c.1064A>C	unchanged
ENST00000460680.6:c.1064A>G	unchanged
ENST00000460680.6:c.1064A>T	enriched
ENST00000460680.6:c.1065G>A	enriched
ENST00000460680.6:c.1065G>C	unchanged
ENST00000460680.6:c.1065G>T	unchanged
ENST00000460680.6:c.1066C>A	unchanged
ENST00000460680.6:c.1066C>G	unchanged
ENST00000460680.6:c.1066C>T	enriched
ENST00000460680.6:c.1067G>A	unchanged
ENST00000460680.6:c.1067G>C	unchanged
ENST00000460680.6:c.1067G>T	enriched
ENST00000460680.6:c.1068G>A	enriched
ENST00000460680.6:c.1068G>C	unchanged
ENST00000460680.6:c.1068G>T	unchanged
ENST00000460680.6:c.1069C>A	unchanged
ENST00000460680.6:c.1069C>G	enriched
ENST00000460680.6:c.1069C>T	enriched
ENST00000460680.6:c.1070T>A	enriched
ENST00000460680.6:c.1070T>C	enriched
ENST00000460680.6:c.1070T>G	unchanged
ENST00000460680.6:c.1071G>A	enriched
ENST00000460680.6:c.1071G>C	unchanged
ENST00000460680.6:c.1071G>T	unchanged
ENST00000460680.6:c.1072C>A	enriched
ENST00000460680.6:c.1072C>G	unchanged
ENST00000460680.6:c.1072C>T	enriched
ENST00000460680.6:c.1073C>A	unchanged
ENST00000460680.6:c.1073C>G	unchanged
ENST00000460680.6:c.1073C>T	enriched
ENST00000460680.6:c.1074G>A	unchanged
ENST00000460680.6:c.1074G>C	unchanged
ENST00000460680.6:c.1074G>T	enriched
ENST00000460680.6:c.1075G>A	unchanged
ENST00000460680.6:c.1075G>C	unchanged
ENST00000460680.6:c.1075G>T	unchanged
ENST00000460680.6:c.1076C>A	unchanged
ENST00000460680.6:c.1076C>G	unchanged
ENST00000460680.6:c.1076C>T	unchanged
ENST00000460680.6:c.1077C>A	unchanged
ENST00000460680.6:c.1077C>G	unchanged
ENST00000460680.6:c.1077C>T	unchanged
ENST00000460680.6:c.1078T>A	unchanged
ENST00000460680.6:c.1078T>C	enriched
ENST00000460680.6:c.1078T>G	unchanged
ENST00000460680.6:c.1079T>A	unchanged
ENST00000460680.6:c.1079T>C	enriched
ENST00000460680.6:c.1079T>G	unchanged
ENST00000460680.6:c.1080T>A	unchanged
ENST00000460680.6:c.1080T>C	unchanged
ENST00000460680.6:c.1080T>G	unchanged
ENST00000460680.6:c.1081C>A	unchanged
ENST00000460680.6:c.1081C>G	unchanged
ENST00000460680.6:c.1081C>T	unchanged
ENST00000460680.6:c.1082T>A	unchanged
ENST00000460680.6:c.1082T>C	enriched
ENST00000460680.6:c.1082T>G	unchanged
ENST00000460680.6:c.1083A>C	unchanged
ENST00000460680.6:c.1083A>G	unchanged
ENST00000460680.6:c.1083A>T	unchanged
ENST00000460680.6:c.1084G>A	unchanged
ENST00000460680.6:c.1084G>C	unchanged
ENST00000460680.6:c.1084G>T	enriched
ENST00000460680.6:c.1085A>C	unchanged
ENST00000460680.6:c.1085A>G	unchanged
ENST00000460680.6:c.1085A>T	enriched
ENST00000460680.6:c.1086C>A	unchanged
ENST00000460680.6:c.1086C>G	unchanged
ENST00000460680.6:c.1086C>T	enriched
ENST00000460680.6:c.1087A>C	unchanged
ENST00000460680.6:c.1087A>G	unchanged
ENST00000460680.6:c.1087A>T	unchanged
ENST00000460680.6:c.1088A>C	unchanged
ENST00000460680.6:c.1088A>G	unchanged
ENST00000460680.6:c.1088A>T	unchanged
ENST00000460680.6:c.1089T>A	unchanged
ENST00000460680.6:c.1089T>C	unchanged
ENST00000460680.6:c.1089T>G	unchanged
ENST00000460680.6:c.1090C>A	unchanged
ENST00000460680.6:c.1090C>G	enriched
ENST00000460680.6:c.1090C>T	unchanged
ENST00000460680.6:c.1091A>C	enriched
ENST00000460680.6:c.1091A>G	unchanged
ENST00000460680.6:c.1091A>T	unchanged
ENST00000460680.6:c.1092C>A	unchanged
ENST00000460680.6:c.1092C>G	unchanged
ENST00000460680.6:c.1092C>T	enriched
ENST00000460680.6:c.1093A>C	enriched
ENST00000460680.6:c.1093A>G	enriched
ENST00000460680.6:c.1093A>T	unchanged
ENST00000460680.6:c.1094A>C	enriched
ENST00000460680.6:c.1094A>G	unchanged
ENST00000460680.6:c.1094A>T	unchanged
ENST00000460680.6:c.1095T>A	unchanged
ENST00000460680.6:c.1095T>C	unchanged
ENST00000460680.6:c.1095T>G	unchanged
ENST00000460680.6:c.1096T>A	unchanged
ENST00000460680.6:c.1096T>C	unchanged
ENST00000460680.6:c.1096T>G	enriched
ENST00000460680.6:c.1097A>C	enriched
ENST00000460680.6:c.1097A>G	unchanged
ENST00000460680.6:c.1097A>T	enriched
ENST00000460680.6:c.1098T>A	weakly depleted
ENST00000460680.6:c.1098T>C	unchanged
ENST00000460680.6:c.1098T>G	strongly depleted
ENST00000460680.6:c.1099G>A	enriched
ENST00000460680.6:c.1099G>C	unchanged
ENST00000460680.6:c.1099G>T	unchanged
ENST00000460680.6:c.1100C>A	unchanged
ENST00000460680.6:c.1100C>G	enriched
ENST00000460680.6:c.1100C>T	enriched
ENST00000460680.6:c.1101C>A	unchanged
ENST00000460680.6:c.1101C>G	unchanged
ENST00000460680.6:c.1101C>T	unchanged
ENST00000460680.6:c.1102A>C	unchanged
ENST00000460680.6:c.1102A>G	enriched
ENST00000460680.6:c.1102A>T	strongly depleted
ENST00000460680.6:c.1103A>C	unchanged
ENST00000460680.6:c.1103A>G	unchanged
ENST00000460680.6:c.1103A>T	enriched
ENST00000460680.6:c.1104G>A	unchanged
ENST00000460680.6:c.1104G>C	unchanged
ENST00000460680.6:c.1104G>T	unchanged
ENST00000460680.6:c.1105T>A	unchanged
ENST00000460680.6:c.1105T>C	unchanged
ENST00000460680.6:c.1105T>G	unchanged
ENST00000460680.6:c.1106C>A	enriched
ENST00000460680.6:c.1106C>G	unchanged
ENST00000460680.6:c.1106C>T	unchanged
ENST00000460680.6:c.1107C>A	unchanged
ENST00000460680.6:c.1107C>G	unchanged
ENST00000460680.6:c.1107C>T	unchanged
ENST00000460680.6:c.1108C>A	unchanged
ENST00000460680.6:c.1108C>G	unchanged
ENST00000460680.6:c.1108C>T	enriched
ENST00000460680.6:c.1109C>A	enriched
ENST00000460680.6:c.1109C>G	enriched
ENST00000460680.6:c.1109C>T	enriched
ENST00000460680.6:c.1110C>A	unchanged
ENST00000460680.6:c.1110C>G	unchanged
ENST00000460680.6:c.1110C>T	unchanged
ENST00000460680.6:c.1111A>C	unchanged
ENST00000460680.6:c.1111A>G	unchanged
ENST00000460680.6:c.1111A>T	unchanged
ENST00000460680.6:c.1112T>A	unchanged
ENST00000460680.6:c.1112T>C	unchanged
ENST00000460680.6:c.1112T>G	unchanged
ENST00000460680.6:c.1113G>A	unchanged
ENST00000460680.6:c.1113G>C	unchanged
ENST00000460680.6:c.1113G>T	unchanged
ENST00000460680.6:c.1114C>A	unchanged
ENST00000460680.6:c.1114C>G	unchanged
ENST00000460680.6:c.1114C>T	weakly depleted
ENST00000460680.6:c.1115A>C	weakly depleted
ENST00000460680.6:c.1115A>G	weakly depleted
ENST00000460680.6:c.1115A>T	weakly depleted
ENST00000460680.6:c.1116G>A	weakly depleted
ENST00000460680.6:c.1116G>C	weakly depleted
ENST00000460680.6:c.1116G>T	weakly depleted
ENST00000460680.6:c.1116+1G>A	weakly depleted
ENST00000460680.6:c.1116+1G>C	strongly depleted
ENST00000460680.6:c.1116+1G>T	weakly depleted
ENST00000460680.6:c.1116+2T>A	strongly depleted
ENST00000460680.6:c.1116+2T>C	weakly depleted
ENST00000460680.6:c.1116+2T>G	strongly depleted
ENST00000460680.6:c.1116+3A>C	strongly depleted
ENST00000460680.6:c.1116+3A>G	enriched
ENST00000460680.6:c.1116+3A>T	strongly depleted
ENST00000460680.6:c.1116+4A>C	unchanged
ENST00000460680.6:c.1116+4A>G	unchanged
ENST00000460680.6:c.1116+4A>T	weakly depleted
ENST00000460680.6:c.1116+5G>A	weakly depleted
ENST00000460680.6:c.1116+5G>C	weakly depleted
ENST00000460680.6:c.1116+5G>T	weakly depleted
ENST00000460680.6:c.1116+6C>A	unchanged
ENST00000460680.6:c.1116+6C>G	unchanged
ENST00000460680.6:c.1116+6C>T	unchanged
ENST00000460680.6:c.1116+7T>A	unchanged
ENST00000460680.6:c.1116+7T>C	unchanged
ENST00000460680.6:c.1116+7T>G	unchanged
ENST00000460680.6:c.1116+8G>A	unchanged
ENST00000460680.6:c.1116+8G>C	unchanged
ENST00000460680.6:c.1116+8G>T	unchanged
ENST00000460680.6:c.1116+9G>A	unchanged
ENST00000460680.6:c.1116+9G>C	enriched
ENST00000460680.6:c.1116+9G>T	unchanged
ENST00000460680.6:c.1116+10G>A	unchanged
ENST00000460680.6:c.1116+10G>C	enriched
ENST00000460680.6:c.1116+10G>T	unchanged
ENST00000460680.6:c.1116+11A>C	unchanged
ENST00000460680.6:c.1116+11A>G	unchanged
ENST00000460680.6:c.1116+11A>T	unchanged
ENST00000460680.6:c.1116+12G>A	unchanged
ENST00000460680.6:c.1116+12G>C	unchanged
ENST00000460680.6:c.1116+12G>T	unchanged
ENST00000460680.6:c.1116+13C>A	unchanged
ENST00000460680.6:c.1116+13C>G	unchanged
ENST00000460680.6:c.1116+13C>T	enriched
ENST00000460680.6:c.1116+14A>C	unchanged
ENST00000460680.6:c.1116+14A>G	unchanged
ENST00000460680.6:c.1116+14A>T	unchanged
ENST00000460680.6:c.1116+15C>A	unchanged
ENST00000460680.6:c.1116+15C>G	unchanged
ENST00000460680.6:c.1116+15C>T	unchanged
ENST00000460680.6:c.1116+16C>A	unchanged
ENST00000460680.6:c.1116+16C>G	unchanged
ENST00000460680.6:c.1116+16C>T	unchanged
ENST00000460680.6:c.1116+17C>A	unchanged
ENST00000460680.6:c.1116+17C>G	unchanged
ENST00000460680.6:c.1116+17C>T	unchanged
ENST00000460680.6:c.1116+18T>A	unchanged
ENST00000460680.6:c.1116+18T>C	unchanged
ENST00000460680.6:c.1116+18T>G	unchanged
ENST00000460680.6:c.1116+19T>A	unchanged
ENST00000460680.6:c.1116+19T>C	unchanged
ENST00000460680.6:c.1116+19T>G	unchanged
ENST00000460680.6:c.1116+20G>A	unchanged
ENST00000460680.6:c.1116+20G>C	unchanged
ENST00000460680.6:c.1116+20G>T	unchanged
ENST00000460680.6:c.1116+21C>A	unchanged
ENST00000460680.6:c.1116+21C>G	unchanged
ENST00000460680.6:c.1116+21C>T	unchanged
ENST00000460680.6:c.1116+22A>C	unchanged
ENST00000460680.6:c.1116+22A>G	unchanged
ENST00000460680.6:c.1116+22A>T	unchanged
ENST00000460680.6:c.1116+23G>A	unchanged
ENST00000460680.6:c.1116+23G>C	unchanged
ENST00000460680.6:c.1116+23G>T	unchanged
ENST00000460680.6:c.1116+24G>A	unchanged
ENST00000460680.6:c.1116+24G>C	enriched
ENST00000460680.6:c.1116+24G>T	unchanged
ENST00000460680.6:c.1116+25A>C	unchanged
ENST00000460680.6:c.1116+25A>G	unchanged
ENST00000460680.6:c.1116+25A>T	unchanged
ENST00000460680.6:c.1117-25G>A	unchanged
ENST00000460680.6:c.1117-25G>C	weakly depleted
ENST00000460680.6:c.1117-25G>T	weakly depleted
ENST00000460680.6:c.1117-24T>A	unchanged
ENST00000460680.6:c.1117-24T>C	unchanged
ENST00000460680.6:c.1117-24T>G	unchanged
ENST00000460680.6:c.1117-23A>C	unchanged
ENST00000460680.6:c.1117-23A>G	unchanged
ENST00000460680.6:c.1117-23A>T	unchanged
ENST00000460680.6:c.1117-22A>C	unchanged
ENST00000460680.6:c.1117-22A>G	unchanged
ENST00000460680.6:c.1117-22A>T	unchanged
ENST00000460680.6:c.1117-21C>A	unchanged
ENST00000460680.6:c.1117-21C>G	unchanged
ENST00000460680.6:c.1117-21C>T	unchanged
ENST00000460680.6:c.1117-20T>A	unchanged
ENST00000460680.6:c.1117-20T>C	unchanged
ENST00000460680.6:c.1117-20T>G	unchanged
ENST00000460680.6:c.1117-19G>A	unchanged
ENST00000460680.6:c.1117-19G>C	unchanged
ENST00000460680.6:c.1117-19G>T	unchanged
ENST00000460680.6:c.1117-18C>A	unchanged
ENST00000460680.6:c.1117-18C>G	unchanged
ENST00000460680.6:c.1117-18C>T	unchanged
ENST00000460680.6:c.1117-17C>A	unchanged
ENST00000460680.6:c.1117-17C>G	unchanged
ENST00000460680.6:c.1117-17C>T	weakly depleted
ENST00000460680.6:c.1117-16C>A	unchanged
ENST00000460680.6:c.1117-16C>G	unchanged
ENST00000460680.6:c.1117-16C>T	unchanged
ENST00000460680.6:c.1117-15T>A	unchanged
ENST00000460680.6:c.1117-15T>C	unchanged
ENST00000460680.6:c.1117-15T>G	unchanged
ENST00000460680.6:c.1117-14G>A	unchanged
ENST00000460680.6:c.1117-14G>C	unchanged
ENST00000460680.6:c.1117-14G>T	unchanged
ENST00000460680.6:c.1117-13G>A	unchanged
ENST00000460680.6:c.1117-13G>C	unchanged
ENST00000460680.6:c.1117-13G>T	unchanged
ENST00000460680.6:c.1117-12T>A	unchanged
ENST00000460680.6:c.1117-12T>C	unchanged
ENST00000460680.6:c.1117-12T>G	unchanged
ENST00000460680.6:c.1117-11C>A	weakly depleted
ENST00000460680.6:c.1117-11C>G	unchanged
ENST00000460680.6:c.1117-11C>T	unchanged
ENST00000460680.6:c.1117-10T>A	unchanged
ENST00000460680.6:c.1117-10T>C	unchanged
ENST00000460680.6:c.1117-10T>G	unchanged
ENST00000460680.6:c.1117-9T>A	unchanged
ENST00000460680.6:c.1117-9T>C	unchanged
ENST00000460680.6:c.1117-9T>G	unchanged
ENST00000460680.6:c.1117-8T>A	unchanged
ENST00000460680.6:c.1117-8T>C	enriched
ENST00000460680.6:c.1117-8T>G	unchanged
ENST00000460680.6:c.1117-7G>A	unchanged
ENST00000460680.6:c.1117-7G>C	unchanged
ENST00000460680.6:c.1117-7G>T	unchanged
ENST00000460680.6:c.1117-6T>A	unchanged
ENST00000460680.6:c.1117-6T>C	unchanged
ENST00000460680.6:c.1117-6T>G	unchanged
ENST00000460680.6:c.1117-5C>A	weakly depleted
ENST00000460680.6:c.1117-5C>G	unchanged
ENST00000460680.6:c.1117-5C>T	unchanged
ENST00000460680.6:c.1117-4C>A	unchanged
ENST00000460680.6:c.1117-4C>G	unchanged
ENST00000460680.6:c.1117-4C>T	unchanged
ENST00000460680.6:c.1117-3C>A	unchanged
ENST00000460680.6:c.1117-3C>G	unchanged
ENST00000460680.6:c.1117-3C>T	unchanged
ENST00000460680.6:c.1117-2A>C	unchanged
ENST00000460680.6:c.1117-2A>G	unchanged
ENST00000460680.6:c.1117-2A>T	unchanged
ENST00000460680.6:c.1117-1G>A	weakly depleted
ENST00000460680.6:c.1117-1G>C	unchanged
ENST00000460680.6:c.1117-1G>T	unchanged
ENST00000460680.6:c.1117G>A	unchanged
ENST00000460680.6:c.1117G>C	unchanged
ENST00000460680.6:c.1117G>T	weakly depleted
ENST00000460680.6:c.1118A>C	unchanged
ENST00000460680.6:c.1118A>G	unchanged
ENST00000460680.6:c.1118A>T	unchanged
ENST00000460680.6:c.1119G>A	unchanged
ENST00000460680.6:c.1119G>C	unchanged
ENST00000460680.6:c.1119G>T	unchanged
ENST00000460680.6:c.1120G>A	unchanged
ENST00000460680.6:c.1120G>C	unchanged
ENST00000460680.6:c.1120G>T	strongly depleted
ENST00000460680.6:c.1121A>C	unchanged
ENST00000460680.6:c.1121A>G	unchanged
ENST00000460680.6:c.1121A>T	unchanged
ENST00000460680.6:c.1122A>C	unchanged
ENST00000460680.6:c.1122A>G	unchanged
ENST00000460680.6:c.1122A>T	unchanged
ENST00000460680.6:c.1123G>A	unchanged
ENST00000460680.6:c.1123G>C	unchanged
ENST00000460680.6:c.1123G>T	strongly depleted
ENST00000460680.6:c.1124A>C	unchanged
ENST00000460680.6:c.1124A>G	unchanged
ENST00000460680.6:c.1124A>T	unchanged
ENST00000460680.6:c.1125A>C	unchanged
ENST00000460680.6:c.1125A>G	unchanged
ENST00000460680.6:c.1125A>T	unchanged
ENST00000460680.6:c.1126G>A	unchanged
ENST00000460680.6:c.1126G>C	unchanged
ENST00000460680.6:c.1126G>T	unchanged
ENST00000460680.6:c.1127A>C	unchanged
ENST00000460680.6:c.1127A>G	unchanged
ENST00000460680.6:c.1127A>T	unchanged
ENST00000460680.6:c.1128C>A	unchanged
ENST00000460680.6:c.1128C>G	unchanged
ENST00000460680.6:c.1128C>T	unchanged
ENST00000460680.6:c.1129C>A	unchanged
ENST00000460680.6:c.1129C>G	unchanged
ENST00000460680.6:c.1129C>T	unchanged
ENST00000460680.6:c.1130T>A	unchanged
ENST00000460680.6:c.1130T>C	unchanged
ENST00000460680.6:c.1130T>G	unchanged
ENST00000460680.6:c.1131G>A	unchanged
ENST00000460680.6:c.1131G>C	unchanged
ENST00000460680.6:c.1131G>T	unchanged
ENST00000460680.6:c.1132G>A	unchanged
ENST00000460680.6:c.1132G>C	unchanged
ENST00000460680.6:c.1132G>T	unchanged
ENST00000460680.6:c.1133C>A	unchanged
ENST00000460680.6:c.1133C>G	weakly depleted
ENST00000460680.6:c.1133C>T	unchanged
ENST00000460680.6:c.1134G>A	enriched
ENST00000460680.6:c.1134G>C	unchanged
ENST00000460680.6:c.1134G>T	unchanged
ENST00000460680.6:c.1135G>A	unchanged
ENST00000460680.6:c.1135G>C	unchanged
ENST00000460680.6:c.1135G>T	unchanged
ENST00000460680.6:c.1136C>A	unchanged
ENST00000460680.6:c.1136C>G	unchanged
ENST00000460680.6:c.1136C>T	unchanged
ENST00000460680.6:c.1137A>C	unchanged
ENST00000460680.6:c.1137A>G	unchanged
ENST00000460680.6:c.1137A>T	unchanged
ENST00000460680.6:c.1138G>A	unchanged
ENST00000460680.6:c.1138G>C	unchanged
ENST00000460680.6:c.1138G>T	unchanged
ENST00000460680.6:c.1139G>A	unchanged
ENST00000460680.6:c.1139G>C	unchanged
ENST00000460680.6:c.1139G>T	unchanged
ENST00000460680.6:c.1140T>A	unchanged
ENST00000460680.6:c.1140T>C	unchanged
ENST00000460680.6:c.1140T>G	unchanged
ENST00000460680.6:c.1141G>A	unchanged
ENST00000460680.6:c.1141G>C	unchanged
ENST00000460680.6:c.1141G>T	unchanged
ENST00000460680.6:c.1142T>A	unchanged
ENST00000460680.6:c.1142T>C	unchanged
ENST00000460680.6:c.1142T>G	unchanged
ENST00000460680.6:c.1143G>A	unchanged
ENST00000460680.6:c.1143G>C	unchanged
ENST00000460680.6:c.1143G>T	unchanged
ENST00000460680.6:c.1144G>A	unchanged
ENST00000460680.6:c.1144G>C	unchanged
ENST00000460680.6:c.1144G>T	unchanged
ENST00000460680.6:c.1145G>A	unchanged
ENST00000460680.6:c.1145G>C	unchanged
ENST00000460680.6:c.1145G>T	unchanged
ENST00000460680.6:c.1146C>A	unchanged
ENST00000460680.6:c.1146C>G	unchanged
ENST00000460680.6:c.1146C>T	enriched
ENST00000460680.6:c.1147C>A	unchanged
ENST00000460680.6:c.1147C>G	unchanged
ENST00000460680.6:c.1147C>T	unchanged
ENST00000460680.6:c.1148G>A	unchanged
ENST00000460680.6:c.1148G>C	unchanged
ENST00000460680.6:c.1148G>T	unchanged
ENST00000460680.6:c.1149C>A	unchanged
ENST00000460680.6:c.1149C>G	unchanged
ENST00000460680.6:c.1149C>T	unchanged
ENST00000460680.6:c.1150A>C	unchanged
ENST00000460680.6:c.1150A>G	unchanged
ENST00000460680.6:c.1150A>T	unchanged
ENST00000460680.6:c.1151G>A	unchanged
ENST00000460680.6:c.1151G>C	unchanged
ENST00000460680.6:c.1151G>T	enriched
ENST00000460680.6:c.1152C>A	unchanged
ENST00000460680.6:c.1152C>G	unchanged
ENST00000460680.6:c.1152C>T	unchanged
ENST00000460680.6:c.1153C>A	unchanged
ENST00000460680.6:c.1153C>G	unchanged
ENST00000460680.6:c.1153C>T	weakly depleted
ENST00000460680.6:c.1154G>A	unchanged
ENST00000460680.6:c.1154G>C	unchanged
ENST00000460680.6:c.1154G>T	unchanged
ENST00000460680.6:c.1155A>C	unchanged
ENST00000460680.6:c.1155A>G	unchanged
ENST00000460680.6:c.1155A>T	unchanged
ENST00000460680.6:c.1156G>A	unchanged
ENST00000460680.6:c.1156G>C	unchanged
ENST00000460680.6:c.1156G>T	unchanged
ENST00000460680.6:c.1157T>A	unchanged
ENST00000460680.6:c.1157T>C	unchanged
ENST00000460680.6:c.1157T>G	unchanged
ENST00000460680.6:c.1158T>A	unchanged
ENST00000460680.6:c.1158T>C	unchanged
ENST00000460680.6:c.1158T>G	unchanged
ENST00000460680.6:c.1159C>A	unchanged
ENST00000460680.6:c.1159C>G	unchanged
ENST00000460680.6:c.1159C>T	unchanged
ENST00000460680.6:c.1160C>A	unchanged
ENST00000460680.6:c.1160C>G	unchanged
ENST00000460680.6:c.1160C>T	unchanged
ENST00000460680.6:c.1161A>C	unchanged
ENST00000460680.6:c.1161A>G	unchanged
ENST00000460680.6:c.1161A>T	unchanged
ENST00000460680.6:c.1162G>A	unchanged
ENST00000460680.6:c.1162G>C	unchanged
ENST00000460680.6:c.1162G>T	unchanged
ENST00000460680.6:c.1163T>A	unchanged
ENST00000460680.6:c.1163T>C	unchanged
ENST00000460680.6:c.1163T>G	unchanged
ENST00000460680.6:c.1164C>A	unchanged
ENST00000460680.6:c.1164C>G	unchanged
ENST00000460680.6:c.1164C>T	unchanged
ENST00000460680.6:c.1165C>A	unchanged
ENST00000460680.6:c.1165C>G	unchanged
ENST00000460680.6:c.1165C>T	unchanged
ENST00000460680.6:c.1166G>A	unchanged
ENST00000460680.6:c.1166G>C	unchanged
ENST00000460680.6:c.1166G>T	unchanged
ENST00000460680.6:c.1167C>A	unchanged
ENST00000460680.6:c.1167C>G	unchanged
ENST00000460680.6:c.1167C>T	unchanged
ENST00000460680.6:c.1168C>A	unchanged
ENST00000460680.6:c.1168C>G	unchanged
ENST00000460680.6:c.1168C>T	unchanged
ENST00000460680.6:c.1169C>A	unchanged
ENST00000460680.6:c.1169C>G	unchanged
ENST00000460680.6:c.1169C>T	unchanged
ENST00000460680.6:c.1170A>C	unchanged
ENST00000460680.6:c.1170A>G	unchanged
ENST00000460680.6:c.1170A>T	unchanged
ENST00000460680.6:c.1171C>A	unchanged
ENST00000460680.6:c.1171C>G	unchanged
ENST00000460680.6:c.1171C>T	unchanged
ENST00000460680.6:c.1172C>A	unchanged
ENST00000460680.6:c.1172C>G	unchanged
ENST00000460680.6:c.1172C>T	unchanged
ENST00000460680.6:c.1173C>A	unchanged
ENST00000460680.6:c.1173C>G	unchanged
ENST00000460680.6:c.1173C>T	unchanged
ENST00000460680.6:c.1174C>A	unchanged
ENST00000460680.6:c.1174C>G	unchanged
ENST00000460680.6:c.1174C>T	strongly depleted
ENST00000460680.6:c.1175A>C	unchanged
ENST00000460680.6:c.1175A>G	unchanged
ENST00000460680.6:c.1175A>T	enriched
ENST00000460680.6:c.1176G>A	unchanged
ENST00000460680.6:c.1176G>C	unchanged
ENST00000460680.6:c.1176G>T	unchanged
ENST00000460680.6:c.1177C>A	unchanged
ENST00000460680.6:c.1177C>G	unchanged
ENST00000460680.6:c.1177C>T	weakly depleted
ENST00000460680.6:c.1178A>C	unchanged
ENST00000460680.6:c.1178A>G	unchanged
ENST00000460680.6:c.1178A>T	unchanged
ENST00000460680.6:c.1179G>A	unchanged
ENST00000460680.6:c.1179G>C	unchanged
ENST00000460680.6:c.1179G>T	unchanged
ENST00000460680.6:c.1180T>A	unchanged
ENST00000460680.6:c.1180T>C	unchanged
ENST00000460680.6:c.1180T>G	unchanged
ENST00000460680.6:c.1181A>C	unchanged
ENST00000460680.6:c.1181A>G	unchanged
ENST00000460680.6:c.1181A>T	unchanged
ENST00000460680.6:c.1182C>A	strongly depleted
ENST00000460680.6:c.1182C>G	strongly depleted
ENST00000460680.6:c.1182C>T	unchanged
ENST00000460680.6:c.1183T>A	unchanged
ENST00000460680.6:c.1183T>C	unchanged
ENST00000460680.6:c.1183T>G	unchanged
ENST00000460680.6:c.1184C>A	weakly depleted
ENST00000460680.6:c.1184C>G	strongly depleted
ENST00000460680.6:c.1184C>T	unchanged
ENST00000460680.6:c.1185A>C	unchanged
ENST00000460680.6:c.1185A>G	unchanged
ENST00000460680.6:c.1185A>T	enriched
ENST00000460680.6:c.1186G>A	enriched
ENST00000460680.6:c.1186G>C	unchanged
ENST00000460680.6:c.1186G>T	unchanged
ENST00000460680.6:c.1187A>C	unchanged
ENST00000460680.6:c.1187A>G	unchanged
ENST00000460680.6:c.1187A>T	unchanged
ENST00000460680.6:c.1188T>A	unchanged
ENST00000460680.6:c.1188T>C	enriched
ENST00000460680.6:c.1188T>G	unchanged
ENST00000460680.6:c.1189G>A	unchanged
ENST00000460680.6:c.1189G>C	unchanged
ENST00000460680.6:c.1189G>T	unchanged
ENST00000460680.6:c.1190A>C	unchanged
ENST00000460680.6:c.1190A>G	unchanged
ENST00000460680.6:c.1190A>T	unchanged
ENST00000460680.6:c.1191T>A	unchanged
ENST00000460680.6:c.1191T>C	unchanged
ENST00000460680.6:c.1191T>G	unchanged
ENST00000460680.6:c.1192G>A	unchanged
ENST00000460680.6:c.1192G>C	unchanged
ENST00000460680.6:c.1192G>T	strongly depleted
ENST00000460680.6:c.1193A>C	unchanged
ENST00000460680.6:c.1193A>G	unchanged
ENST00000460680.6:c.1193A>T	unchanged
ENST00000460680.6:c.1194G>A	unchanged
ENST00000460680.6:c.1194G>C	unchanged
ENST00000460680.6:c.1194G>T	unchanged
ENST00000460680.6:c.1195G>A	unchanged
ENST00000460680.6:c.1195G>C	unchanged
ENST00000460680.6:c.1195G>T	enriched
ENST00000460680.6:c.1196A>C	unchanged
ENST00000460680.6:c.1196A>G	unchanged
ENST00000460680.6:c.1196A>T	unchanged
ENST00000460680.6:c.1197T>A	enriched
ENST00000460680.6:c.1197T>C	unchanged
ENST00000460680.6:c.1197T>G	enriched
ENST00000460680.6:c.1198G>A	unchanged
ENST00000460680.6:c.1198G>C	unchanged
ENST00000460680.6:c.1198G>T	unchanged
ENST00000460680.6:c.1199A>C	unchanged
ENST00000460680.6:c.1199A>G	enriched
ENST00000460680.6:c.1199A>T	unchanged
ENST00000460680.6:c.1200C>A	unchanged
ENST00000460680.6:c.1200C>G	unchanged
ENST00000460680.6:c.1200C>T	unchanged
ENST00000460680.6:c.1201T>A	unchanged
ENST00000460680.6:c.1201T>C	unchanged
ENST00000460680.6:c.1201T>G	unchanged
ENST00000460680.6:c.1202A>C	unchanged
ENST00000460680.6:c.1202A>G	unchanged
ENST00000460680.6:c.1202A>T	unchanged
ENST00000460680.6:c.1203T>A	strongly depleted
ENST00000460680.6:c.1203T>C	unchanged
ENST00000460680.6:c.1203T>G	strongly depleted
ENST00000460680.6:c.1204G>A	unchanged
ENST00000460680.6:c.1204G>C	unchanged
ENST00000460680.6:c.1204G>T	strongly depleted
ENST00000460680.6:c.1205A>C	unchanged
ENST00000460680.6:c.1205A>G	enriched
ENST00000460680.6:c.1205A>T	enriched
ENST00000460680.6:c.1206G>A	unchanged
ENST00000460680.6:c.1206G>C	unchanged
ENST00000460680.6:c.1206G>T	unchanged
ENST00000460680.6:c.1207G>A	unchanged
ENST00000460680.6:c.1207G>C	unchanged
ENST00000460680.6:c.1207G>T	enriched
ENST00000460680.6:c.1208A>C	unchanged
ENST00000460680.6:c.1208A>G	enriched
ENST00000460680.6:c.1208A>T	enriched
ENST00000460680.6:c.1209T>A	enriched
ENST00000460680.6:c.1209T>C	enriched
ENST00000460680.6:c.1209T>G	unchanged
ENST00000460680.6:c.1210G>A	unchanged
ENST00000460680.6:c.1210G>C	unchanged
ENST00000460680.6:c.1210G>T	unchanged
ENST00000460680.6:c.1211A>C	unchanged
ENST00000460680.6:c.1211A>G	unchanged
ENST00000460680.6:c.1211A>T	unchanged
ENST00000460680.6:c.1212C>A	unchanged
ENST00000460680.6:c.1212C>G	enriched
ENST00000460680.6:c.1212C>T	enriched
ENST00000460680.6:c.1213G>A	unchanged
ENST00000460680.6:c.1213G>C	unchanged
ENST00000460680.6:c.1213G>T	strongly depleted
ENST00000460680.6:c.1214A>C	unchanged
ENST00000460680.6:c.1214A>G	enriched
ENST00000460680.6:c.1214A>T	unchanged
ENST00000460680.6:c.1215G>A	unchanged
ENST00000460680.6:c.1215G>C	unchanged
ENST00000460680.6:c.1215G>T	enriched
ENST00000460680.6:c.1216G>A	unchanged
ENST00000460680.6:c.1216G>C	unchanged
ENST00000460680.6:c.1216G>T	strongly depleted
ENST00000460680.6:c.1217A>C	enriched
ENST00000460680.6:c.1217A>G	enriched
ENST00000460680.6:c.1217A>T	enriched
ENST00000460680.6:c.1218G>A	unchanged
ENST00000460680.6:c.1218G>C	unchanged
ENST00000460680.6:c.1218G>T	unchanged
ENST00000460680.6:c.1219G>A	unchanged
ENST00000460680.6:c.1219G>C	unchanged
ENST00000460680.6:c.1219G>T	unchanged
ENST00000460680.6:c.1220A>C	unchanged
ENST00000460680.6:c.1220A>G	unchanged
ENST00000460680.6:c.1220A>T	unchanged
ENST00000460680.6:c.1221T>A	unchanged
ENST00000460680.6:c.1221T>C	unchanged
ENST00000460680.6:c.1221T>G	unchanged
ENST00000460680.6:c.1222G>A	unchanged
ENST00000460680.6:c.1222G>C	unchanged
ENST00000460680.6:c.1222G>T	unchanged
ENST00000460680.6:c.1223A>C	enriched
ENST00000460680.6:c.1223A>G	unchanged
ENST00000460680.6:c.1223A>T	enriched
ENST00000460680.6:c.1224C>A	unchanged
ENST00000460680.6:c.1224C>G	unchanged
ENST00000460680.6:c.1224C>T	enriched
ENST00000460680.6:c.1225G>A	unchanged
ENST00000460680.6:c.1225G>C	unchanged
ENST00000460680.6:c.1225G>T	unchanged
ENST00000460680.6:c.1226T>A	enriched
ENST00000460680.6:c.1226T>C	unchanged
ENST00000460680.6:c.1226T>G	unchanged
ENST00000460680.6:c.1227G>A	enriched
ENST00000460680.6:c.1227G>C	enriched
ENST00000460680.6:c.1227G>T	unchanged
ENST00000460680.6:c.1228C>A	unchanged
ENST00000460680.6:c.1228C>G	unchanged
ENST00000460680.6:c.1228C>T	weakly depleted
ENST00000460680.6:c.1229A>C	enriched
ENST00000460680.6:c.1229A>G	unchanged
ENST00000460680.6:c.1229A>T	unchanged
ENST00000460680.6:c.1230G>A	unchanged
ENST00000460680.6:c.1230G>C	enriched
ENST00000460680.6:c.1230G>T	unchanged
ENST00000460680.6:c.1231A>C	unchanged
ENST00000460680.6:c.1231A>G	unchanged
ENST00000460680.6:c.1231A>T	unchanged
ENST00000460680.6:c.1232A>C	enriched
ENST00000460680.6:c.1232A>G	unchanged
ENST00000460680.6:c.1232A>T	unchanged
ENST00000460680.6:c.1233C>A	unchanged
ENST00000460680.6:c.1233C>G	unchanged
ENST00000460680.6:c.1233C>T	unchanged
ENST00000460680.6:c.1234A>C	unchanged
ENST00000460680.6:c.1234A>G	unchanged
ENST00000460680.6:c.1234A>T	unchanged
ENST00000460680.6:c.1235C>A	unchanged
ENST00000460680.6:c.1235C>G	unchanged
ENST00000460680.6:c.1235C>T	unchanged
ENST00000460680.6:c.1236C>A	unchanged
ENST00000460680.6:c.1236C>G	unchanged
ENST00000460680.6:c.1236C>T	unchanged
ENST00000460680.6:c.1237A>C	unchanged
ENST00000460680.6:c.1237A>G	unchanged
ENST00000460680.6:c.1237A>T	unchanged
ENST00000460680.6:c.1238A>C	unchanged
ENST00000460680.6:c.1238A>G	unchanged
ENST00000460680.6:c.1238A>T	unchanged
ENST00000460680.6:c.1239C>A	unchanged
ENST00000460680.6:c.1239C>G	unchanged
ENST00000460680.6:c.1239C>T	unchanged
ENST00000460680.6:c.1240T>A	unchanged
ENST00000460680.6:c.1240T>C	unchanged
ENST00000460680.6:c.1240T>G	unchanged
ENST00000460680.6:c.1241C>A	unchanged
ENST00000460680.6:c.1241C>G	unchanged
ENST00000460680.6:c.1241C>T	unchanged
ENST00000460680.6:c.1242T>A	unchanged
ENST00000460680.6:c.1242T>C	unchanged
ENST00000460680.6:c.1242T>G	unchanged
ENST00000460680.6:c.1243G>A	unchanged
ENST00000460680.6:c.1243G>C	unchanged
ENST00000460680.6:c.1243G>T	unchanged
ENST00000460680.6:c.1244C>A	unchanged
ENST00000460680.6:c.1244C>G	unchanged
ENST00000460680.6:c.1244C>T	unchanged
ENST00000460680.6:c.1245C>A	unchanged
ENST00000460680.6:c.1245C>G	unchanged
ENST00000460680.6:c.1245C>T	unchanged
ENST00000460680.6:c.1246C>A	unchanged
ENST00000460680.6:c.1246C>G	unchanged
ENST00000460680.6:c.1246C>T	unchanged
ENST00000460680.6:c.1247T>A	unchanged
ENST00000460680.6:c.1247T>C	unchanged
ENST00000460680.6:c.1247T>G	unchanged
ENST00000460680.6:c.1248T>A	unchanged
ENST00000460680.6:c.1248T>C	unchanged
ENST00000460680.6:c.1248T>G	unchanged
ENST00000460680.6:c.1249A>C	unchanged
ENST00000460680.6:c.1249A>G	unchanged
ENST00000460680.6:c.1249A>T	unchanged
ENST00000460680.6:c.1250G>A	unchanged
ENST00000460680.6:c.1250G>C	unchanged
ENST00000460680.6:c.1250G>T	unchanged
ENST00000460680.6:c.1250+1G>A	unchanged
ENST00000460680.6:c.1250+1G>C	unchanged
ENST00000460680.6:c.1250+1G>T	unchanged
ENST00000460680.6:c.1250+2T>A	unchanged
ENST00000460680.6:c.1250+2T>C	unchanged
ENST00000460680.6:c.1250+2T>G	unchanged
ENST00000460680.6:c.1250+3C>A	unchanged
ENST00000460680.6:c.1250+3C>G	unchanged
ENST00000460680.6:c.1250+3C>T	unchanged
ENST00000460680.6:c.1250+4A>C	unchanged
ENST00000460680.6:c.1250+4A>G	unchanged
ENST00000460680.6:c.1250+4A>T	unchanged
ENST00000460680.6:c.1250+5G>A	unchanged
ENST00000460680.6:c.1250+5G>C	unchanged
ENST00000460680.6:c.1250+5G>T	unchanged
ENST00000460680.6:c.1250+6C>A	unchanged
ENST00000460680.6:c.1250+6C>G	unchanged
ENST00000460680.6:c.1250+6C>T	unchanged
ENST00000460680.6:c.1250+7C>A	unchanged
ENST00000460680.6:c.1250+7C>G	unchanged
ENST00000460680.6:c.1250+7C>T	unchanged
ENST00000460680.6:c.1250+8C>A	unchanged
ENST00000460680.6:c.1250+8C>G	unchanged
ENST00000460680.6:c.1250+8C>T	unchanged
ENST00000460680.6:c.1250+9A>C	unchanged
ENST00000460680.6:c.1250+9A>G	unchanged
ENST00000460680.6:c.1250+9A>T	unchanged
ENST00000460680.6:c.1250+10G>A	unchanged
ENST00000460680.6:c.1250+10G>C	unchanged
ENST00000460680.6:c.1250+10G>T	unchanged
ENST00000460680.6:c.1250+11C>A	unchanged
ENST00000460680.6:c.1250+11C>G	unchanged
ENST00000460680.6:c.1250+11C>T	unchanged
ENST00000460680.6:c.1250+12T>A	unchanged
ENST00000460680.6:c.1250+12T>C	unchanged
ENST00000460680.6:c.1250+12T>G	unchanged
ENST00000460680.6:c.1250+13T>A	unchanged
ENST00000460680.6:c.1250+13T>C	unchanged
ENST00000460680.6:c.1250+13T>G	unchanged
ENST00000460680.6:c.1250+14T>A	unchanged
ENST00000460680.6:c.1250+14T>C	unchanged
ENST00000460680.6:c.1250+14T>G	unchanged
ENST00000460680.6:c.1250+15C>A	unchanged
ENST00000460680.6:c.1250+15C>G	unchanged
ENST00000460680.6:c.1250+15C>T	unchanged
ENST00000460680.6:c.1250+16T>A	unchanged
ENST00000460680.6:c.1250+16T>C	unchanged
ENST00000460680.6:c.1250+16T>G	unchanged
ENST00000460680.6:c.1250+17A>C	unchanged
ENST00000460680.6:c.1250+17A>G	unchanged
ENST00000460680.6:c.1250+17A>T	unchanged
ENST00000460680.6:c.1250+18A>C	unchanged
ENST00000460680.6:c.1250+18A>G	unchanged
ENST00000460680.6:c.1250+18A>T	unchanged
ENST00000460680.6:c.1250+19G>A	unchanged
ENST00000460680.6:c.1250+19G>C	unchanged
ENST00000460680.6:c.1250+19G>T	unchanged
ENST00000460680.6:c.1250+20G>A	unchanged
ENST00000460680.6:c.1250+20G>C	unchanged
ENST00000460680.6:c.1250+20G>T	unchanged
ENST00000460680.6:c.1250+21C>A	unchanged
ENST00000460680.6:c.1250+21C>G	unchanged
ENST00000460680.6:c.1250+21C>T	unchanged
ENST00000460680.6:c.1250+22T>A	unchanged
ENST00000460680.6:c.1250+22T>C	unchanged
ENST00000460680.6:c.1250+22T>G	weakly depleted
ENST00000460680.6:c.1250+23A>C	unchanged
ENST00000460680.6:c.1250+23A>G	unchanged
ENST00000460680.6:c.1250+23A>T	unchanged
ENST00000460680.6:c.1250+24C>A	unchanged
ENST00000460680.6:c.1250+24C>G	unchanged
ENST00000460680.6:c.1250+24C>T	unchanged
ENST00000460680.6:c.1250+25C>A	unchanged
ENST00000460680.6:c.1250+25C>G	unchanged
ENST00000460680.6:c.1250+25C>T	unchanged
ENST00000460680.6:c.1250+26A>C	unchanged
ENST00000460680.6:c.1250+26A>G	unchanged
ENST00000460680.6:c.1250+26A>T	unchanged
ENST00000460680.6:c.1250+27G>A	unchanged
ENST00000460680.6:c.1250+27G>C	unchanged
ENST00000460680.6:c.1250+27G>T	unchanged
ENST00000460680.6:c.1250+28G>A	unchanged
ENST00000460680.6:c.1250+28G>C	unchanged
ENST00000460680.6:c.1250+28G>T	unchanged
ENST00000460680.6:c.1250+29T>A	unchanged
ENST00000460680.6:c.1250+29T>C	unchanged
ENST00000460680.6:c.1250+29T>G	unchanged
ENST00000460680.6:c.1250+30T>A	unchanged
ENST00000460680.6:c.1250+30T>C	unchanged
ENST00000460680.6:c.1250+30T>G	unchanged
ENST00000460680.6:c.1250+31C>A	unchanged
ENST00000460680.6:c.1250+31C>G	unchanged
ENST00000460680.6:c.1250+31C>T	enriched
ENST00000460680.6:c.1250+32T>A	unchanged
ENST00000460680.6:c.1250+32T>C	unchanged
ENST00000460680.6:c.1250+32T>G	unchanged
ENST00000460680.6:c.1250+33A>C	unchanged
ENST00000460680.6:c.1250+33A>G	unchanged
ENST00000460680.6:c.1250+33A>T	unchanged
ENST00000460680.6:c.1250+34G>A	unchanged
ENST00000460680.6:c.1250+34G>C	unchanged
ENST00000460680.6:c.1250+34G>T	unchanged
ENST00000460680.6:c.1250+35G>A	unchanged
ENST00000460680.6:c.1250+35G>C	unchanged
ENST00000460680.6:c.1250+35G>T	unchanged
ENST00000460680.6:c.1250+36T>A	unchanged
ENST00000460680.6:c.1250+36T>C	unchanged
ENST00000460680.6:c.1250+36T>G	unchanged
ENST00000460680.6:c.1250+37G>A	unchanged
ENST00000460680.6:c.1250+37G>C	unchanged
ENST00000460680.6:c.1250+37G>T	unchanged
ENST00000460680.6:c.1250+38C>A	unchanged
ENST00000460680.6:c.1250+38C>G	unchanged
ENST00000460680.6:c.1250+38C>T	unchanged
ENST00000460680.6:c.1250+39T>A	unchanged
ENST00000460680.6:c.1250+39T>C	unchanged
ENST00000460680.6:c.1250+39T>G	unchanged
ENST00000460680.6:c.1250+40T>A	unchanged
ENST00000460680.6:c.1250+40T>C	unchanged
ENST00000460680.6:c.1250+40T>G	unchanged
ENST00000460680.6:c.1250+41C>A	unchanged
ENST00000460680.6:c.1250+41C>G	unchanged
ENST00000460680.6:c.1250+41C>T	unchanged
ENST00000460680.6:c.1250+42G>A	unchanged
ENST00000460680.6:c.1250+42G>C	unchanged
ENST00000460680.6:c.1250+42G>T	unchanged
ENST00000460680.6:c.1250+43G>A	unchanged
ENST00000460680.6:c.1250+43G>C	unchanged
ENST00000460680.6:c.1250+43G>T	unchanged
ENST00000460680.6:c.1250+44A>C	unchanged
ENST00000460680.6:c.1250+44A>G	unchanged
ENST00000460680.6:c.1250+44A>T	unchanged
ENST00000460680.6:c.1250+45T>A	unchanged
ENST00000460680.6:c.1250+45T>C	unchanged
ENST00000460680.6:c.1250+45T>G	unchanged
ENST00000460680.6:c.1250+46C>A	unchanged
ENST00000460680.6:c.1250+46C>G	unchanged
ENST00000460680.6:c.1250+46C>T	unchanged
ENST00000460680.6:c.1250+47C>A	unchanged
ENST00000460680.6:c.1250+47C>G	unchanged
ENST00000460680.6:c.1250+47C>T	unchanged
ENST00000460680.6:c.1250+48C>A	unchanged
ENST00000460680.6:c.1250+48C>G	unchanged
ENST00000460680.6:c.1250+48C>T	unchanged
ENST00000460680.6:c.1250+49A>C	unchanged
ENST00000460680.6:c.1250+49A>G	unchanged
ENST00000460680.6:c.1250+49A>T	unchanged
ENST00000460680.6:c.1250+50T>A	unchanged
ENST00000460680.6:c.1250+50T>C	unchanged
ENST00000460680.6:c.1250+50T>G	unchanged
ENST00000460680.6:c.1251-25C>A	unchanged
ENST00000460680.6:c.1251-25C>G	weakly depleted
ENST00000460680.6:c.1251-25C>T	unchanged
ENST00000460680.6:c.1251-24T>A	unchanged
ENST00000460680.6:c.1251-24T>C	unchanged
ENST00000460680.6:c.1251-24T>G	unchanged
ENST00000460680.6:c.1251-23T>A	unchanged
ENST00000460680.6:c.1251-23T>C	unchanged
ENST00000460680.6:c.1251-23T>G	unchanged
ENST00000460680.6:c.1251-22C>A	unchanged
ENST00000460680.6:c.1251-22C>G	unchanged
ENST00000460680.6:c.1251-22C>T	weakly depleted
ENST00000460680.6:c.1251-21A>C	unchanged
ENST00000460680.6:c.1251-21A>G	weakly depleted
ENST00000460680.6:c.1251-21A>T	unchanged
ENST00000460680.6:c.1251-20C>A	weakly depleted
ENST00000460680.6:c.1251-20C>G	weakly depleted
ENST00000460680.6:c.1251-20C>T	unchanged
ENST00000460680.6:c.1251-19A>C	unchanged
ENST00000460680.6:c.1251-19A>G	unchanged
ENST00000460680.6:c.1251-19A>T	unchanged
ENST00000460680.6:c.1251-18T>A	unchanged
ENST00000460680.6:c.1251-18T>C	unchanged
ENST00000460680.6:c.1251-18T>G	unchanged
ENST00000460680.6:c.1251-17C>A	unchanged
ENST00000460680.6:c.1251-17C>G	unchanged
ENST00000460680.6:c.1251-17C>T	unchanged
ENST00000460680.6:c.1251-16T>A	unchanged
ENST00000460680.6:c.1251-16T>C	unchanged
ENST00000460680.6:c.1251-16T>G	unchanged
ENST00000460680.6:c.1251-15T>A	unchanged
ENST00000460680.6:c.1251-15T>C	unchanged
ENST00000460680.6:c.1251-15T>G	unchanged
ENST00000460680.6:c.1251-14C>A	unchanged
ENST00000460680.6:c.1251-14C>G	weakly depleted
ENST00000460680.6:c.1251-14C>T	unchanged
ENST00000460680.6:c.1251-13T>A	unchanged
ENST00000460680.6:c.1251-13T>C	unchanged
ENST00000460680.6:c.1251-13T>G	unchanged
ENST00000460680.6:c.1251-12C>A	weakly depleted
ENST00000460680.6:c.1251-12C>G	unchanged
ENST00000460680.6:c.1251-12C>T	unchanged
ENST00000460680.6:c.1251-11G>A	unchanged
ENST00000460680.6:c.1251-11G>C	unchanged
ENST00000460680.6:c.1251-11G>T	unchanged
ENST00000460680.6:c.1251-10G>A	unchanged
ENST00000460680.6:c.1251-10G>C	unchanged
ENST00000460680.6:c.1251-10G>T	unchanged
ENST00000460680.6:c.1251-9G>A	unchanged
ENST00000460680.6:c.1251-9G>C	unchanged
ENST00000460680.6:c.1251-9G>T	unchanged
ENST00000460680.6:c.1251-8C>A	unchanged
ENST00000460680.6:c.1251-8C>G	unchanged
ENST00000460680.6:c.1251-8C>T	unchanged
ENST00000460680.6:c.1251-7C>A	unchanged
ENST00000460680.6:c.1251-7C>G	weakly depleted
ENST00000460680.6:c.1251-7C>T	unchanged
ENST00000460680.6:c.1251-6C>A	weakly depleted
ENST00000460680.6:c.1251-6C>G	weakly depleted
ENST00000460680.6:c.1251-6C>T	unchanged
ENST00000460680.6:c.1251-5C>A	unchanged
ENST00000460680.6:c.1251-5C>G	unchanged
ENST00000460680.6:c.1251-5C>T	unchanged
ENST00000460680.6:c.1251-4A>C	unchanged
ENST00000460680.6:c.1251-4A>G	unchanged
ENST00000460680.6:c.1251-4A>T	unchanged
ENST00000460680.6:c.1251-3C>A	strongly depleted
ENST00000460680.6:c.1251-3C>G	strongly depleted
ENST00000460680.6:c.1251-3C>T	unchanged
ENST00000460680.6:c.1251-2A>C	weakly depleted
ENST00000460680.6:c.1251-2A>G	weakly depleted
ENST00000460680.6:c.1251-2A>T	weakly depleted
ENST00000460680.6:c.1251-1G>A	weakly depleted
ENST00000460680.6:c.1251-1G>C	strongly depleted
ENST00000460680.6:c.1251-1G>T	weakly depleted
ENST00000460680.6:c.1251G>A	unchanged
ENST00000460680.6:c.1251G>C	weakly depleted
ENST00000460680.6:c.1251G>T	weakly depleted
ENST00000460680.6:c.1252T>A	unchanged
ENST00000460680.6:c.1252T>C	unchanged
ENST00000460680.6:c.1252T>G	unchanged
ENST00000460680.6:c.1253A>C	unchanged
ENST00000460680.6:c.1253A>G	unchanged
ENST00000460680.6:c.1253A>T	unchanged
ENST00000460680.6:c.1254T>A	strongly depleted
ENST00000460680.6:c.1254T>C	unchanged
ENST00000460680.6:c.1254T>G	strongly depleted
ENST00000460680.6:c.1255A>C	unchanged
ENST00000460680.6:c.1255A>G	unchanged
ENST00000460680.6:c.1255A>T	strongly depleted
ENST00000460680.6:c.1256A>C	unchanged
ENST00000460680.6:c.1256A>G	unchanged
ENST00000460680.6:c.1256A>T	unchanged
ENST00000460680.6:c.1257G>A	unchanged
ENST00000460680.6:c.1257G>C	unchanged
ENST00000460680.6:c.1257G>T	unchanged
ENST00000460680.6:c.1258G>A	weakly depleted
ENST00000460680.6:c.1258G>C	unchanged
ENST00000460680.6:c.1258G>T	unchanged
ENST00000460680.6:c.1259G>A	unchanged
ENST00000460680.6:c.1259G>C	unchanged
ENST00000460680.6:c.1259G>T	unchanged
ENST00000460680.6:c.1260G>A	unchanged
ENST00000460680.6:c.1260G>C	unchanged
ENST00000460680.6:c.1260G>T	unchanged
ENST00000460680.6:c.1261A>C	unchanged
ENST00000460680.6:c.1261A>G	unchanged
ENST00000460680.6:c.1261A>T	weakly depleted
ENST00000460680.6:c.1262A>C	unchanged
ENST00000460680.6:c.1262A>G	unchanged
ENST00000460680.6:c.1262A>T	unchanged
ENST00000460680.6:c.1263G>A	unchanged
ENST00000460680.6:c.1263G>C	unchanged
ENST00000460680.6:c.1263G>T	unchanged
ENST00000460680.6:c.1264G>A	unchanged
ENST00000460680.6:c.1264G>C	unchanged
ENST00000460680.6:c.1264G>T	weakly depleted
ENST00000460680.6:c.1265G>A	unchanged
ENST00000460680.6:c.1265G>C	unchanged
ENST00000460680.6:c.1265G>T	unchanged
ENST00000460680.6:c.1266A>C	unchanged
ENST00000460680.6:c.1266A>G	unchanged
ENST00000460680.6:c.1266A>T	unchanged
ENST00000460680.6:c.1267A>C	unchanged
ENST00000460680.6:c.1267A>G	unchanged
ENST00000460680.6:c.1267A>T	unchanged
ENST00000460680.6:c.1268C>A	unchanged
ENST00000460680.6:c.1268C>G	unchanged
ENST00000460680.6:c.1268C>T	enriched
ENST00000460680.6:c.1269A>C	unchanged
ENST00000460680.6:c.1269A>G	unchanged
ENST00000460680.6:c.1269A>T	unchanged
ENST00000460680.6:c.1270G>A	unchanged
ENST00000460680.6:c.1270G>C	unchanged
ENST00000460680.6:c.1270G>T	unchanged
ENST00000460680.6:c.1271G>A	unchanged
ENST00000460680.6:c.1271G>C	unchanged
ENST00000460680.6:c.1271G>T	unchanged
ENST00000460680.6:c.1272G>A	unchanged
ENST00000460680.6:c.1272G>C	unchanged
ENST00000460680.6:c.1272G>T	unchanged
ENST00000460680.6:c.1273A>C	unchanged
ENST00000460680.6:c.1273A>G	unchanged
ENST00000460680.6:c.1273A>T	strongly depleted
ENST00000460680.6:c.1274A>C	unchanged
ENST00000460680.6:c.1274A>G	unchanged
ENST00000460680.6:c.1274A>T	unchanged
ENST00000460680.6:c.1275G>A	unchanged
ENST00000460680.6:c.1275G>C	unchanged
ENST00000460680.6:c.1275G>T	unchanged
ENST00000460680.6:c.1276C>A	unchanged
ENST00000460680.6:c.1276C>G	unchanged
ENST00000460680.6:c.1276C>T	unchanged
ENST00000460680.6:c.1277C>A	unchanged
ENST00000460680.6:c.1277C>G	unchanged
ENST00000460680.6:c.1277C>T	unchanged
ENST00000460680.6:c.1278A>C	unchanged
ENST00000460680.6:c.1278A>G	unchanged
ENST00000460680.6:c.1278A>T	unchanged
ENST00000460680.6:c.1279G>A	unchanged
ENST00000460680.6:c.1279G>C	unchanged
ENST00000460680.6:c.1279G>T	unchanged
ENST00000460680.6:c.1280G>A	unchanged
ENST00000460680.6:c.1280G>C	unchanged
ENST00000460680.6:c.1280G>T	unchanged
ENST00000460680.6:c.1281G>A	unchanged
ENST00000460680.6:c.1281G>C	unchanged
ENST00000460680.6:c.1281G>T	unchanged
ENST00000460680.6:c.1282G>A	unchanged
ENST00000460680.6:c.1282G>C	unchanged
ENST00000460680.6:c.1282G>T	unchanged
ENST00000460680.6:c.1283C>A	unchanged
ENST00000460680.6:c.1283C>G	unchanged
ENST00000460680.6:c.1283C>T	unchanged
ENST00000460680.6:c.1284A>C	unchanged
ENST00000460680.6:c.1284A>G	unchanged
ENST00000460680.6:c.1284A>T	unchanged
ENST00000460680.6:c.1285T>A	unchanged
ENST00000460680.6:c.1285T>C	unchanged
ENST00000460680.6:c.1285T>G	unchanged
ENST00000460680.6:c.1286T>A	strongly depleted
ENST00000460680.6:c.1286T>C	unchanged
ENST00000460680.6:c.1286T>G	unchanged
ENST00000460680.6:c.1287G>A	unchanged
ENST00000460680.6:c.1287G>C	unchanged
ENST00000460680.6:c.1287G>T	unchanged
ENST00000460680.6:c.1288A>C	unchanged
ENST00000460680.6:c.1288A>G	unchanged
ENST00000460680.6:c.1288A>T	unchanged
ENST00000460680.6:c.1289G>A	unchanged
ENST00000460680.6:c.1289G>C	unchanged
ENST00000460680.6:c.1289G>T	weakly depleted
ENST00000460680.6:c.1290C>A	unchanged
ENST00000460680.6:c.1290C>G	weakly depleted
ENST00000460680.6:c.1290C>T	enriched
ENST00000460680.6:c.1291G>A	unchanged
ENST00000460680.6:c.1291G>C	unchanged
ENST00000460680.6:c.1291G>T	unchanged
ENST00000460680.6:c.1292G>A	unchanged
ENST00000460680.6:c.1292G>C	unchanged
ENST00000460680.6:c.1292G>T	unchanged
ENST00000460680.6:c.1293T>A	unchanged
ENST00000460680.6:c.1293T>C	unchanged
ENST00000460680.6:c.1293T>G	unchanged
ENST00000460680.6:c.1294T>A	unchanged
ENST00000460680.6:c.1294T>C	enriched
ENST00000460680.6:c.1294T>G	unchanged
ENST00000460680.6:c.1295C>A	unchanged
ENST00000460680.6:c.1295C>G	unchanged
ENST00000460680.6:c.1295C>T	unchanged
ENST00000460680.6:c.1296T>A	unchanged
ENST00000460680.6:c.1296T>C	unchanged
ENST00000460680.6:c.1296T>G	unchanged
ENST00000460680.6:c.1297G>A	unchanged
ENST00000460680.6:c.1297G>C	unchanged
ENST00000460680.6:c.1297G>T	unchanged
ENST00000460680.6:c.1298C>A	unchanged
ENST00000460680.6:c.1298C>G	unchanged
ENST00000460680.6:c.1298C>T	enriched
ENST00000460680.6:c.1299T>A	unchanged
ENST00000460680.6:c.1299T>C	unchanged
ENST00000460680.6:c.1299T>G	unchanged
ENST00000460680.6:c.1300G>A	unchanged
ENST00000460680.6:c.1300G>C	unchanged
ENST00000460680.6:c.1300G>T	unchanged
ENST00000460680.6:c.1301A>C	unchanged
ENST00000460680.6:c.1301A>G	unchanged
ENST00000460680.6:c.1301A>T	unchanged
ENST00000460680.6:c.1302T>A	unchanged
ENST00000460680.6:c.1302T>C	unchanged
ENST00000460680.6:c.1302T>G	unchanged
ENST00000460680.6:c.1303G>A	unchanged
ENST00000460680.6:c.1303G>C	unchanged
ENST00000460680.6:c.1303G>T	unchanged
ENST00000460680.6:c.1304G>A	unchanged
ENST00000460680.6:c.1304G>C	unchanged
ENST00000460680.6:c.1304G>T	unchanged
ENST00000460680.6:c.1305G>A	unchanged
ENST00000460680.6:c.1305G>C	unchanged
ENST00000460680.6:c.1305G>T	unchanged
ENST00000460680.6:c.1306C>A	unchanged
ENST00000460680.6:c.1306C>G	unchanged
ENST00000460680.6:c.1306C>T	weakly depleted
ENST00000460680.6:c.1307A>C	unchanged
ENST00000460680.6:c.1307A>G	unchanged
ENST00000460680.6:c.1307A>T	unchanged
ENST00000460680.6:c.1308A>C	unchanged
ENST00000460680.6:c.1308A>G	unchanged
ENST00000460680.6:c.1308A>T	unchanged
ENST00000460680.6:c.1309C>A	unchanged
ENST00000460680.6:c.1309C>G	unchanged
ENST00000460680.6:c.1309C>T	unchanged
ENST00000460680.6:c.1310T>A	unchanged
ENST00000460680.6:c.1310T>C	enriched
ENST00000460680.6:c.1310T>G	unchanged
ENST00000460680.6:c.1311G>A	unchanged
ENST00000460680.6:c.1311G>C	unchanged
ENST00000460680.6:c.1311G>T	unchanged
ENST00000460680.6:c.1312T>A	unchanged
ENST00000460680.6:c.1312T>C	unchanged
ENST00000460680.6:c.1312T>G	unchanged
ENST00000460680.6:c.1313C>A	strongly depleted
ENST00000460680.6:c.1313C>G	weakly depleted
ENST00000460680.6:c.1313C>T	unchanged
ENST00000460680.6:c.1314A>C	weakly depleted
ENST00000460680.6:c.1314A>G	weakly depleted
ENST00000460680.6:c.1314A>T	strongly depleted
ENST00000460680.6:c.1315G>A	weakly depleted
ENST00000460680.6:c.1315G>C	strongly depleted
ENST00000460680.6:c.1315G>T	strongly depleted
ENST00000460680.6:c.1316T>A	unchanged
ENST00000460680.6:c.1316T>C	unchanged
ENST00000460680.6:c.1316T>G	unchanged
ENST00000460680.6:c.1317G>A	unchanged
ENST00000460680.6:c.1317G>C	unchanged
ENST00000460680.6:c.1317G>T	unchanged
ENST00000460680.6:c.1318C>A	unchanged
ENST00000460680.6:c.1318C>G	unchanged
ENST00000460680.6:c.1318C>T	enriched
ENST00000460680.6:c.1319T>A	unchanged
ENST00000460680.6:c.1319T>C	enriched
ENST00000460680.6:c.1319T>G	unchanged
ENST00000460680.6:c.1320G>A	enriched
ENST00000460680.6:c.1320G>C	unchanged
ENST00000460680.6:c.1320G>T	unchanged
ENST00000460680.6:c.1321C>A	unchanged
ENST00000460680.6:c.1321C>G	unchanged
ENST00000460680.6:c.1321C>T	weakly depleted
ENST00000460680.6:c.1322A>C	unchanged
ENST00000460680.6:c.1322A>G	unchanged
ENST00000460680.6:c.1322A>T	enriched
ENST00000460680.6:c.1323G>A	enriched
ENST00000460680.6:c.1323G>C	unchanged
ENST00000460680.6:c.1323G>T	enriched
ENST00000460680.6:c.1330A>C	unchanged
ENST00000460680.6:c.1330A>G	enriched
ENST00000460680.6:c.1330A>T	enriched
ENST00000460680.6:c.1331C>A	enriched
ENST00000460680.6:c.1331C>G	unchanged
ENST00000460680.6:c.1331C>T	enriched
ENST00000460680.6:c.1332C>A	unchanged
ENST00000460680.6:c.1332C>G	enriched
ENST00000460680.6:c.1332C>T	enriched
ENST00000460680.6:c.1333A>C	unchanged
ENST00000460680.6:c.1333A>G	unchanged
ENST00000460680.6:c.1333A>T	enriched
ENST00000460680.6:c.1334T>A	unchanged
ENST00000460680.6:c.1334T>C	enriched
ENST00000460680.6:c.1334T>G	unchanged
ENST00000460680.6:c.1335C>A	unchanged
ENST00000460680.6:c.1335C>G	unchanged
ENST00000460680.6:c.1335C>T	unchanged
ENST00000460680.6:c.1336A>C	unchanged
ENST00000460680.6:c.1336A>G	unchanged
ENST00000460680.6:c.1336A>T	unchanged
ENST00000460680.6:c.1337A>C	unchanged
ENST00000460680.6:c.1337A>G	unchanged
ENST00000460680.6:c.1337A>T	unchanged
ENST00000460680.6:c.1338C>A	unchanged
ENST00000460680.6:c.1338C>G	unchanged
ENST00000460680.6:c.1338C>T	unchanged
ENST00000460680.6:c.1339G>A	enriched
ENST00000460680.6:c.1339G>C	unchanged
ENST00000460680.6:c.1339G>T	unchanged
ENST00000460680.6:c.1340T>A	unchanged
ENST00000460680.6:c.1340T>C	unchanged
ENST00000460680.6:c.1340T>G	unchanged
ENST00000460680.6:c.1341C>A	unchanged
ENST00000460680.6:c.1341C>G	unchanged
ENST00000460680.6:c.1341C>T	unchanged
ENST00000460680.6:c.1342T>A	unchanged
ENST00000460680.6:c.1342T>C	unchanged
ENST00000460680.6:c.1342T>G	unchanged
ENST00000460680.6:c.1343T>A	strongly depleted
ENST00000460680.6:c.1343T>C	unchanged
ENST00000460680.6:c.1343T>G	unchanged
ENST00000460680.6:c.1344G>A	unchanged
ENST00000460680.6:c.1344G>C	unchanged
ENST00000460680.6:c.1344G>T	unchanged
ENST00000460680.6:c.1345G>A	unchanged
ENST00000460680.6:c.1345G>C	unchanged
ENST00000460680.6:c.1345G>T	unchanged
ENST00000460680.6:c.1346C>A	unchanged
ENST00000460680.6:c.1346C>G	unchanged
ENST00000460680.6:c.1346C>T	enriched
ENST00000460680.6:c.1347T>A	weakly depleted
ENST00000460680.6:c.1347T>C	unchanged
ENST00000460680.6:c.1347T>G	unchanged
ENST00000460680.6:c.1348G>A	unchanged
ENST00000460680.6:c.1348G>C	weakly depleted
ENST00000460680.6:c.1348G>T	weakly depleted
ENST00000460680.6:c.1349A>C	unchanged
ENST00000460680.6:c.1349A>G	enriched
ENST00000460680.6:c.1349A>T	unchanged
ENST00000460680.6:c.1350G>A	unchanged
ENST00000460680.6:c.1350G>C	unchanged
ENST00000460680.6:c.1350G>T	unchanged
ENST00000460680.6:c.1351A>C	weakly depleted
ENST00000460680.6:c.1351A>G	enriched
ENST00000460680.6:c.1351A>T	strongly depleted
ENST00000460680.6:c.1352A>C	unchanged
ENST00000460680.6:c.1352A>G	unchanged
ENST00000460680.6:c.1352A>T	unchanged
ENST00000460680.6:c.1353G>A	unchanged
ENST00000460680.6:c.1353G>C	unchanged
ENST00000460680.6:c.1353G>T	unchanged
ENST00000460680.6:c.1354C>A	unchanged
ENST00000460680.6:c.1354C>G	unchanged
ENST00000460680.6:c.1354C>T	unchanged
ENST00000460680.6:c.1355T>A	unchanged
ENST00000460680.6:c.1355T>C	unchanged
ENST00000460680.6:c.1355T>G	unchanged
ENST00000460680.6:c.1356C>A	unchanged
ENST00000460680.6:c.1356C>G	unchanged
ENST00000460680.6:c.1356C>T	unchanged
ENST00000460680.6:c.1357A>C	unchanged
ENST00000460680.6:c.1357A>G	unchanged
ENST00000460680.6:c.1357A>T	strongly depleted
ENST00000460680.6:c.1358A>C	unchanged
ENST00000460680.6:c.1358A>G	unchanged
ENST00000460680.6:c.1358A>T	unchanged
ENST00000460680.6:c.1359A>C	unchanged
ENST00000460680.6:c.1359A>G	unchanged
ENST00000460680.6:c.1359A>T	unchanged
ENST00000460680.6:c.1360G>A	unchanged
ENST00000460680.6:c.1360G>C	unchanged
ENST00000460680.6:c.1360G>T	weakly depleted
ENST00000460680.6:c.1361A>C	unchanged
ENST00000460680.6:c.1361A>G	unchanged
ENST00000460680.6:c.1361A>T	unchanged
ENST00000460680.6:c.1362G>A	unchanged
ENST00000460680.6:c.1362G>C	unchanged
ENST00000460680.6:c.1362G>T	unchanged
ENST00000460680.6:c.1363T>A	unchanged
ENST00000460680.6:c.1363T>C	unchanged
ENST00000460680.6:c.1363T>G	enriched
ENST00000460680.6:c.1364C>A	unchanged
ENST00000460680.6:c.1364C>G	unchanged
ENST00000460680.6:c.1364C>T	unchanged
ENST00000460680.6:c.1365C>A	unchanged
ENST00000460680.6:c.1365C>G	unchanged
ENST00000460680.6:c.1365C>T	unchanged
ENST00000460680.6:c.1366C>A	unchanged
ENST00000460680.6:c.1366C>G	unchanged
ENST00000460680.6:c.1366C>T	weakly depleted
ENST00000460680.6:c.1367A>C	unchanged
ENST00000460680.6:c.1367A>G	unchanged
ENST00000460680.6:c.1367A>T	unchanged
ENST00000460680.6:c.1368G>A	unchanged
ENST00000460680.6:c.1368G>C	unchanged
ENST00000460680.6:c.1368G>T	unchanged
ENST00000460680.6:c.1369A>C	unchanged
ENST00000460680.6:c.1369A>G	unchanged
ENST00000460680.6:c.1369A>T	weakly depleted
ENST00000460680.6:c.1370A>C	unchanged
ENST00000460680.6:c.1370A>G	unchanged
ENST00000460680.6:c.1370A>T	unchanged
ENST00000460680.6:c.1371G>A	unchanged
ENST00000460680.6:c.1371G>C	unchanged
ENST00000460680.6:c.1371G>T	unchanged
ENST00000460680.6:c.1372G>A	unchanged
ENST00000460680.6:c.1372G>C	unchanged
ENST00000460680.6:c.1372G>T	unchanged
ENST00000460680.6:c.1373A>C	unchanged
ENST00000460680.6:c.1373A>G	unchanged
ENST00000460680.6:c.1373A>T	unchanged
ENST00000460680.6:c.1374C>A	unchanged
ENST00000460680.6:c.1374C>G	unchanged
ENST00000460680.6:c.1374C>T	unchanged
ENST00000460680.6:c.1375C>A	unchanged
ENST00000460680.6:c.1375C>G	unchanged
ENST00000460680.6:c.1375C>T	unchanged
ENST00000460680.6:c.1376T>A	unchanged
ENST00000460680.6:c.1376T>C	unchanged
ENST00000460680.6:c.1376T>G	unchanged
ENST00000460680.6:c.1377C>A	unchanged
ENST00000460680.6:c.1377C>G	unchanged
ENST00000460680.6:c.1377C>T	unchanged
ENST00000460680.6:c.1378T>A	unchanged
ENST00000460680.6:c.1378T>C	unchanged
ENST00000460680.6:c.1378T>G	unchanged
ENST00000460680.6:c.1379C>A	weakly depleted
ENST00000460680.6:c.1379C>G	weakly depleted
ENST00000460680.6:c.1379C>T	unchanged
ENST00000460680.6:c.1380A>C	unchanged
ENST00000460680.6:c.1380A>G	unchanged
ENST00000460680.6:c.1380A>T	unchanged
ENST00000460680.6:c.1381A>C	unchanged
ENST00000460680.6:c.1381A>G	unchanged
ENST00000460680.6:c.1381A>T	unchanged
ENST00000460680.6:c.1382T>A	unchanged
ENST00000460680.6:c.1382T>C	unchanged
ENST00000460680.6:c.1382T>G	unchanged
ENST00000460680.6:c.1383T>A	unchanged
ENST00000460680.6:c.1383T>C	unchanged
ENST00000460680.6:c.1383T>G	unchanged
ENST00000460680.6:c.1384C>A	unchanged
ENST00000460680.6:c.1384C>G	unchanged
ENST00000460680.6:c.1384C>T	unchanged
ENST00000460680.6:c.1385C>A	unchanged
ENST00000460680.6:c.1385C>G	unchanged
ENST00000460680.6:c.1385C>T	unchanged
ENST00000460680.6:c.1386T>A	unchanged
ENST00000460680.6:c.1386T>C	unchanged
ENST00000460680.6:c.1386T>G	unchanged
ENST00000460680.6:c.1387C>A	unchanged
ENST00000460680.6:c.1387C>G	enriched
ENST00000460680.6:c.1387C>T	unchanged
ENST00000460680.6:c.1388T>A	unchanged
ENST00000460680.6:c.1388T>C	unchanged
ENST00000460680.6:c.1388T>G	unchanged
ENST00000460680.6:c.1389G>A	unchanged
ENST00000460680.6:c.1389G>C	unchanged
ENST00000460680.6:c.1389G>T	enriched
ENST00000460680.6:c.1390T>A	unchanged
ENST00000460680.6:c.1390T>C	unchanged
ENST00000460680.6:c.1390T>G	unchanged
ENST00000460680.6:c.1391C>A	unchanged
ENST00000460680.6:c.1391C>G	unchanged
ENST00000460680.6:c.1391C>T	weakly depleted
ENST00000460680.6:c.1392C>A	unchanged
ENST00000460680.6:c.1392C>G	unchanged
ENST00000460680.6:c.1392C>T	unchanged
ENST00000460680.6:c.1393A>C	unchanged
ENST00000460680.6:c.1393A>G	unchanged
ENST00000460680.6:c.1393A>T	unchanged
ENST00000460680.6:c.1394T>A	unchanged
ENST00000460680.6:c.1394T>C	enriched
ENST00000460680.6:c.1394T>G	unchanged
ENST00000460680.6:c.1395C>A	unchanged
ENST00000460680.6:c.1395C>G	unchanged
ENST00000460680.6:c.1395C>T	unchanged
ENST00000460680.6:c.1396A>C	unchanged
ENST00000460680.6:c.1396A>G	unchanged
ENST00000460680.6:c.1396A>T	strongly depleted
ENST00000460680.6:c.1397A>C	unchanged
ENST00000460680.6:c.1397A>G	weakly depleted
ENST00000460680.6:c.1397A>T	unchanged
ENST00000460680.6:c.1398G>A	unchanged
ENST00000460680.6:c.1398G>C	unchanged
ENST00000460680.6:c.1398G>T	unchanged
ENST00000460680.6:c.1399A>C	unchanged
ENST00000460680.6:c.1399A>G	unchanged
ENST00000460680.6:c.1399A>T	unchanged
ENST00000460680.6:c.1400C>A	unchanged
ENST00000460680.6:c.1400C>G	unchanged
ENST00000460680.6:c.1400C>T	unchanged
ENST00000460680.6:c.1401T>A	unchanged
ENST00000460680.6:c.1401T>C	unchanged
ENST00000460680.6:c.1401T>G	unchanged
ENST00000460680.6:c.1402A>C	unchanged
ENST00000460680.6:c.1402A>G	unchanged
ENST00000460680.6:c.1402A>T	unchanged
ENST00000460680.6:c.1403G>A	unchanged
ENST00000460680.6:c.1403G>C	unchanged
ENST00000460680.6:c.1403G>T	unchanged
ENST00000460680.6:c.1404C>A	unchanged
ENST00000460680.6:c.1404C>G	unchanged
ENST00000460680.6:c.1404C>T	unchanged
ENST00000460680.6:c.1405A>C	unchanged
ENST00000460680.6:c.1405A>G	unchanged
ENST00000460680.6:c.1405A>T	unchanged
ENST00000460680.6:c.1406G>A	unchanged
ENST00000460680.6:c.1406G>C	unchanged
ENST00000460680.6:c.1406G>T	unchanged
ENST00000460680.6:c.1407C>A	enriched
ENST00000460680.6:c.1407C>G	unchanged
ENST00000460680.6:c.1407C>T	enriched
ENST00000460680.6:c.1408G>A	unchanged
ENST00000460680.6:c.1408G>C	unchanged
ENST00000460680.6:c.1408G>T	unchanged
ENST00000460680.6:c.1409G>A	unchanged
ENST00000460680.6:c.1409G>C	unchanged
ENST00000460680.6:c.1409G>T	unchanged
ENST00000460680.6:c.1410G>A	unchanged
ENST00000460680.6:c.1410G>C	unchanged
ENST00000460680.6:c.1410G>T	unchanged
ENST00000460680.6:c.1411G>A	unchanged
ENST00000460680.6:c.1411G>C	unchanged
ENST00000460680.6:c.1411G>T	unchanged
ENST00000460680.6:c.1412C>A	unchanged
ENST00000460680.6:c.1412C>G	unchanged
ENST00000460680.6:c.1412C>T	unchanged
ENST00000460680.6:c.1413T>A	unchanged
ENST00000460680.6:c.1413T>C	unchanged
ENST00000460680.6:c.1413T>G	unchanged
ENST00000460680.6:c.1414G>A	unchanged
ENST00000460680.6:c.1414G>C	unchanged
ENST00000460680.6:c.1414G>T	unchanged
ENST00000460680.6:c.1415G>A	unchanged
ENST00000460680.6:c.1415G>C	unchanged
ENST00000460680.6:c.1415G>T	unchanged
ENST00000460680.6:c.1416G>A	unchanged
ENST00000460680.6:c.1416G>C	unchanged
ENST00000460680.6:c.1416G>T	unchanged
ENST00000460680.6:c.1417A>C	unchanged
ENST00000460680.6:c.1417A>G	unchanged
ENST00000460680.6:c.1417A>T	unchanged
ENST00000460680.6:c.1418G>A	enriched
ENST00000460680.6:c.1418G>C	unchanged
ENST00000460680.6:c.1418G>T	unchanged
ENST00000460680.6:c.1419T>A	unchanged
ENST00000460680.6:c.1419T>C	unchanged
ENST00000460680.6:c.1419T>G	unchanged
ENST00000460680.6:c.1420C>A	unchanged
ENST00000460680.6:c.1420C>G	unchanged
ENST00000460680.6:c.1420C>T	unchanged
ENST00000460680.6:c.1421C>A	unchanged
ENST00000460680.6:c.1421C>G	unchanged
ENST00000460680.6:c.1421C>T	enriched
ENST00000460680.6:c.1422G>A	unchanged
ENST00000460680.6:c.1422G>C	unchanged
ENST00000460680.6:c.1422G>T	unchanged
ENST00000460680.6:c.1423G>A	unchanged
ENST00000460680.6:c.1423G>C	unchanged
ENST00000460680.6:c.1423G>T	enriched
ENST00000460680.6:c.1424C>A	unchanged
ENST00000460680.6:c.1424C>G	unchanged
ENST00000460680.6:c.1424C>T	unchanged
ENST00000460680.6:c.1425T>A	unchanged
ENST00000460680.6:c.1425T>C	enriched
ENST00000460680.6:c.1425T>G	unchanged
ENST00000460680.6:c.1426G>A	unchanged
ENST00000460680.6:c.1426G>C	unchanged
ENST00000460680.6:c.1426G>T	unchanged
ENST00000460680.6:c.1427T>A	unchanged
ENST00000460680.6:c.1427T>C	unchanged
ENST00000460680.6:c.1427T>G	unchanged
ENST00000460680.6:c.1428G>A	unchanged
ENST00000460680.6:c.1428G>C	unchanged
ENST00000460680.6:c.1428G>T	unchanged
ENST00000460680.6:c.1429G>A	unchanged
ENST00000460680.6:c.1429G>C	unchanged
ENST00000460680.6:c.1429G>T	unchanged
ENST00000460680.6:c.1430C>A	unchanged
ENST00000460680.6:c.1430C>G	unchanged
ENST00000460680.6:c.1430C>T	unchanged
ENST00000460680.6:c.1431A>C	unchanged
ENST00000460680.6:c.1431A>G	unchanged
ENST00000460680.6:c.1431A>T	unchanged
ENST00000460680.6:c.1432G>A	unchanged
ENST00000460680.6:c.1432G>C	unchanged
ENST00000460680.6:c.1432G>T	unchanged
ENST00000460680.6:c.1433T>A	unchanged
ENST00000460680.6:c.1433T>C	unchanged
ENST00000460680.6:c.1433T>G	unchanged
ENST00000460680.6:c.1434G>A	unchanged
ENST00000460680.6:c.1434G>C	unchanged
ENST00000460680.6:c.1434G>T	unchanged
ENST00000460680.6:c.1435C>A	weakly depleted
ENST00000460680.6:c.1435C>G	unchanged
ENST00000460680.6:c.1435C>T	unchanged
ENST00000460680.6:c.1436C>A	unchanged
ENST00000460680.6:c.1436C>G	unchanged
ENST00000460680.6:c.1436C>T	unchanged
ENST00000460680.6:c.1437C>A	unchanged
ENST00000460680.6:c.1437C>G	unchanged
ENST00000460680.6:c.1437C>T	unchanged
ENST00000460680.6:c.1438A>C	unchanged
ENST00000460680.6:c.1438A>G	unchanged
ENST00000460680.6:c.1438A>T	unchanged
ENST00000460680.6:c.1439C>A	unchanged
ENST00000460680.6:c.1439C>G	unchanged
ENST00000460680.6:c.1439C>T	unchanged
ENST00000460680.6:c.1440A>C	unchanged
ENST00000460680.6:c.1440A>G	unchanged
ENST00000460680.6:c.1440A>T	unchanged
ENST00000460680.6:c.1441C>A	unchanged
ENST00000460680.6:c.1441C>G	unchanged
ENST00000460680.6:c.1441C>T	unchanged
ENST00000460680.6:c.1442A>C	unchanged
ENST00000460680.6:c.1442A>G	unchanged
ENST00000460680.6:c.1442A>T	unchanged
ENST00000460680.6:c.1443C>A	unchanged
ENST00000460680.6:c.1443C>G	unchanged
ENST00000460680.6:c.1443C>T	unchanged
ENST00000460680.6:c.1444T>A	unchanged
ENST00000460680.6:c.1444T>C	unchanged
ENST00000460680.6:c.1444T>G	unchanged
ENST00000460680.6:c.1445C>A	weakly depleted
ENST00000460680.6:c.1445C>G	unchanged
ENST00000460680.6:c.1445C>T	unchanged
ENST00000460680.6:c.1446G>A	enriched
ENST00000460680.6:c.1446G>C	unchanged
ENST00000460680.6:c.1446G>T	unchanged
ENST00000460680.6:c.1447C>A	unchanged
ENST00000460680.6:c.1447C>G	weakly depleted
ENST00000460680.6:c.1447C>T	weakly depleted
ENST00000460680.6:c.1448A>C	unchanged
ENST00000460680.6:c.1448A>G	unchanged
ENST00000460680.6:c.1448A>T	unchanged
ENST00000460680.6:c.1449G>A	unchanged
ENST00000460680.6:c.1449G>C	unchanged
ENST00000460680.6:c.1449G>T	unchanged
ENST00000460680.6:c.1450C>A	unchanged
ENST00000460680.6:c.1450C>G	unchanged
ENST00000460680.6:c.1450C>T	unchanged
ENST00000460680.6:c.1451C>A	unchanged
ENST00000460680.6:c.1451C>G	unchanged
ENST00000460680.6:c.1451C>T	unchanged
ENST00000460680.6:c.1452C>A	unchanged
ENST00000460680.6:c.1452C>G	unchanged
ENST00000460680.6:c.1452C>T	unchanged
ENST00000460680.6:c.1453T>A	unchanged
ENST00000460680.6:c.1453T>C	unchanged
ENST00000460680.6:c.1453T>G	weakly depleted
ENST00000460680.6:c.1454C>A	weakly depleted
ENST00000460680.6:c.1454C>G	strongly depleted
ENST00000460680.6:c.1454C>T	weakly depleted
ENST00000460680.6:c.1455A>C	unchanged
ENST00000460680.6:c.1455A>G	unchanged
ENST00000460680.6:c.1455A>T	unchanged
ENST00000460680.6:c.1456C>A	unchanged
ENST00000460680.6:c.1456C>G	weakly depleted
ENST00000460680.6:c.1456C>T	weakly depleted
ENST00000460680.6:c.1457C>A	unchanged
ENST00000460680.6:c.1457C>G	weakly depleted
ENST00000460680.6:c.1457C>T	unchanged
ENST00000460680.6:c.1458C>A	unchanged
ENST00000460680.6:c.1458C>G	unchanged
ENST00000460680.6:c.1458C>T	unchanged
ENST00000460680.6:c.1459A>C	unchanged
ENST00000460680.6:c.1459A>G	unchanged
ENST00000460680.6:c.1459A>T	unchanged
ENST00000460680.6:c.1460C>A	unchanged
ENST00000460680.6:c.1460C>G	unchanged
ENST00000460680.6:c.1460C>T	unchanged
ENST00000460680.6:c.1461C>A	unchanged
ENST00000460680.6:c.1461C>G	unchanged
ENST00000460680.6:c.1461C>T	unchanged
ENST00000460680.6:c.1462C>A	unchanged
ENST00000460680.6:c.1462C>G	unchanged
ENST00000460680.6:c.1462C>T	unchanged
ENST00000460680.6:c.1463C>A	unchanged
ENST00000460680.6:c.1463C>G	weakly depleted
ENST00000460680.6:c.1463C>T	weakly depleted
ENST00000460680.6:c.1464C>A	unchanged
ENST00000460680.6:c.1464C>G	unchanged
ENST00000460680.6:c.1464C>T	unchanged
ENST00000460680.6:c.1465A>C	weakly depleted
ENST00000460680.6:c.1465A>G	unchanged
ENST00000460680.6:c.1465A>T	unchanged
ENST00000460680.6:c.1466G>A	unchanged
ENST00000460680.6:c.1466G>C	unchanged
ENST00000460680.6:c.1466G>T	weakly depleted
ENST00000460680.6:c.1467C>A	weakly depleted
ENST00000460680.6:c.1467C>G	weakly depleted
ENST00000460680.6:c.1467C>T	unchanged
ENST00000460680.6:c.1468A>C	unchanged
ENST00000460680.6:c.1468A>G	unchanged
ENST00000460680.6:c.1468A>T	unchanged
ENST00000460680.6:c.1469A>C	unchanged
ENST00000460680.6:c.1469A>G	unchanged
ENST00000460680.6:c.1469A>T	unchanged
ENST00000460680.6:c.1470T>A	weakly depleted
ENST00000460680.6:c.1470T>C	unchanged
ENST00000460680.6:c.1470T>G	unchanged
ENST00000460680.6:c.1471G>A	weakly depleted
ENST00000460680.6:c.1471G>C	unchanged
ENST00000460680.6:c.1471G>T	strongly depleted
ENST00000460680.6:c.1472A>C	unchanged
ENST00000460680.6:c.1472A>G	weakly depleted
ENST00000460680.6:c.1472A>T	unchanged
ENST00000460680.6:c.1473G>A	unchanged
ENST00000460680.6:c.1473G>C	unchanged
ENST00000460680.6:c.1473G>T	unchanged
ENST00000460680.6:c.1474A>C	weakly depleted
ENST00000460680.6:c.1474A>G	unchanged
ENST00000460680.6:c.1474A>T	weakly depleted
ENST00000460680.6:c.1475G>A	unchanged
ENST00000460680.6:c.1475G>C	unchanged
ENST00000460680.6:c.1475G>T	weakly depleted
ENST00000460680.6:c.1476T>A	weakly depleted
ENST00000460680.6:c.1476T>C	unchanged
ENST00000460680.6:c.1476T>G	unchanged
ENST00000460680.6:c.1477A>C	weakly depleted
ENST00000460680.6:c.1477A>G	unchanged
ENST00000460680.6:c.1477A>T	weakly depleted
ENST00000460680.6:c.1478C>A	weakly depleted
ENST00000460680.6:c.1478C>G	weakly depleted
ENST00000460680.6:c.1478C>T	unchanged
ENST00000460680.6:c.1479A>C	unchanged
ENST00000460680.6:c.1479A>G	unchanged
ENST00000460680.6:c.1479A>T	unchanged
ENST00000460680.6:c.1480G>A	unchanged
ENST00000460680.6:c.1480G>C	weakly depleted
ENST00000460680.6:c.1480G>T	weakly depleted
ENST00000460680.6:c.1481A>C	weakly depleted
ENST00000460680.6:c.1481A>G	weakly depleted
ENST00000460680.6:c.1481A>T	unchanged
ENST00000460680.6:c.1482C>A	unchanged
ENST00000460680.6:c.1482C>G	unchanged
ENST00000460680.6:c.1482C>T	unchanged
ENST00000460680.6:c.1483A>C	unchanged
ENST00000460680.6:c.1483A>G	weakly depleted
ENST00000460680.6:c.1483A>T	unchanged
ENST00000460680.6:c.1484C>A	weakly depleted
ENST00000460680.6:c.1484C>G	weakly depleted
ENST00000460680.6:c.1484C>T	unchanged
ENST00000460680.6:c.1485G>A	unchanged
ENST00000460680.6:c.1485G>C	unchanged
ENST00000460680.6:c.1485G>T	unchanged
ENST00000460680.6:c.1486G>A	unchanged
ENST00000460680.6:c.1486G>C	weakly depleted
ENST00000460680.6:c.1486G>T	unchanged
ENST00000460680.6:c.1487C>A	weakly depleted
ENST00000460680.6:c.1487C>G	unchanged
ENST00000460680.6:c.1487C>T	unchanged
ENST00000460680.6:c.1488C>A	unchanged
ENST00000460680.6:c.1488C>G	unchanged
ENST00000460680.6:c.1488C>T	unchanged
ENST00000460680.6:c.1489T>A	unchanged
ENST00000460680.6:c.1489T>C	unchanged
ENST00000460680.6:c.1489T>G	weakly depleted
ENST00000460680.6:c.1490C>A	unchanged
ENST00000460680.6:c.1490C>G	weakly depleted
ENST00000460680.6:c.1490C>T	weakly depleted
ENST00000460680.6:c.1491T>A	unchanged
ENST00000460680.6:c.1491T>C	enriched
ENST00000460680.6:c.1491T>G	unchanged
ENST00000460680.6:c.1492G>A	weakly depleted
ENST00000460680.6:c.1492G>C	weakly depleted
ENST00000460680.6:c.1492G>T	weakly depleted
ENST00000460680.6:c.1493A>C	weakly depleted
ENST00000460680.6:c.1493A>G	unchanged
ENST00000460680.6:c.1493A>T	weakly depleted
ENST00000460680.6:c.1494G>A	unchanged
ENST00000460680.6:c.1494G>C	unchanged
ENST00000460680.6:c.1494G>T	unchanged
ENST00000460680.6:c.1495A>C	unchanged
ENST00000460680.6:c.1495A>G	unchanged
ENST00000460680.6:c.1495A>T	unchanged
ENST00000460680.6:c.1496T>A	unchanged
ENST00000460680.6:c.1496T>C	enriched
ENST00000460680.6:c.1496T>G	unchanged
ENST00000460680.6:c.1497C>A	unchanged
ENST00000460680.6:c.1497C>G	unchanged
ENST00000460680.6:c.1497C>T	unchanged
ENST00000460680.6:c.1498G>A	unchanged
ENST00000460680.6:c.1498G>C	weakly depleted
ENST00000460680.6:c.1498G>T	unchanged
ENST00000460680.6:c.1499G>A	enriched
ENST00000460680.6:c.1499G>C	unchanged
ENST00000460680.6:c.1499G>T	unchanged
ENST00000460680.6:c.1500C>A	weakly depleted
ENST00000460680.6:c.1500C>G	unchanged
ENST00000460680.6:c.1500C>T	unchanged
ENST00000460680.6:c.1501A>C	weakly depleted
ENST00000460680.6:c.1501A>G	unchanged
ENST00000460680.6:c.1501A>T	unchanged
ENST00000460680.6:c.1502G>A	unchanged
ENST00000460680.6:c.1502G>C	weakly depleted
ENST00000460680.6:c.1502G>T	unchanged
ENST00000460680.6:c.1503T>A	unchanged
ENST00000460680.6:c.1503T>C	unchanged
ENST00000460680.6:c.1503T>G	weakly depleted
ENST00000460680.6:c.1504G>A	unchanged
ENST00000460680.6:c.1504G>C	unchanged
ENST00000460680.6:c.1504G>T	unchanged
ENST00000460680.6:c.1505C>A	unchanged
ENST00000460680.6:c.1505C>G	unchanged
ENST00000460680.6:c.1505C>T	unchanged
ENST00000460680.6:c.1506T>A	weakly depleted
ENST00000460680.6:c.1506T>C	enriched
ENST00000460680.6:c.1506T>G	unchanged
ENST00000460680.6:c.1507T>A	unchanged
ENST00000460680.6:c.1507T>C	unchanged
ENST00000460680.6:c.1507T>G	unchanged
ENST00000460680.6:c.1508T>A	unchanged
ENST00000460680.6:c.1508T>C	unchanged
ENST00000460680.6:c.1508T>G	unchanged
ENST00000460680.6:c.1509C>A	unchanged
ENST00000460680.6:c.1509C>G	unchanged
ENST00000460680.6:c.1509C>T	unchanged
ENST00000460680.6:c.1510A>C	unchanged
ENST00000460680.6:c.1510A>G	unchanged
ENST00000460680.6:c.1510A>T	unchanged
ENST00000460680.6:c.1511A>C	unchanged
ENST00000460680.6:c.1511A>G	unchanged
ENST00000460680.6:c.1511A>T	weakly depleted
ENST00000460680.6:c.1512C>A	unchanged
ENST00000460680.6:c.1512C>G	weakly depleted
ENST00000460680.6:c.1512C>T	unchanged
ENST00000460680.6:c.1513T>A	unchanged
ENST00000460680.6:c.1513T>C	weakly depleted
ENST00000460680.6:c.1513T>G	weakly depleted
ENST00000460680.6:c.1514C>A	weakly depleted
ENST00000460680.6:c.1514C>G	unchanged
ENST00000460680.6:c.1514C>T	unchanged
ENST00000460680.6:c.1515G>A	enriched
ENST00000460680.6:c.1515G>C	unchanged
ENST00000460680.6:c.1515G>T	unchanged
ENST00000460680.6:c.1516C>A	weakly depleted
ENST00000460680.6:c.1516C>G	weakly depleted
ENST00000460680.6:c.1516C>T	unchanged
ENST00000460680.6:c.1517C>A	unchanged
ENST00000460680.6:c.1517C>G	weakly depleted
ENST00000460680.6:c.1517C>T	unchanged
ENST00000460680.6:c.1518A>C	unchanged
ENST00000460680.6:c.1518A>G	unchanged
ENST00000460680.6:c.1518A>T	unchanged
ENST00000460680.6:c.1519C>A	unchanged
ENST00000460680.6:c.1519C>G	unchanged
ENST00000460680.6:c.1519C>T	unchanged
ENST00000460680.6:c.1520T>A	unchanged
ENST00000460680.6:c.1520T>C	unchanged
ENST00000460680.6:c.1520T>G	unchanged
ENST00000460680.6:c.1521G>A	unchanged
ENST00000460680.6:c.1521G>C	unchanged
ENST00000460680.6:c.1521G>T	unchanged
ENST00000460680.6:c.1522C>A	unchanged
ENST00000460680.6:c.1522C>G	unchanged
ENST00000460680.6:c.1522C>T	enriched
ENST00000460680.6:c.1523G>A	enriched
ENST00000460680.6:c.1523G>C	enriched
ENST00000460680.6:c.1523G>T	unchanged
ENST00000460680.6:c.1524C>A	unchanged
ENST00000460680.6:c.1524C>G	unchanged
ENST00000460680.6:c.1524C>T	unchanged
ENST00000460680.6:c.1525T>A	unchanged
ENST00000460680.6:c.1525T>C	unchanged
ENST00000460680.6:c.1525T>G	unchanged
ENST00000460680.6:c.1526C>A	weakly depleted
ENST00000460680.6:c.1526C>G	unchanged
ENST00000460680.6:c.1526C>T	enriched
ENST00000460680.6:c.1527G>A	enriched
ENST00000460680.6:c.1527G>C	unchanged
ENST00000460680.6:c.1527G>T	unchanged
ENST00000460680.6:c.1528C>A	unchanged
ENST00000460680.6:c.1528C>G	unchanged
ENST00000460680.6:c.1528C>T	unchanged
ENST00000460680.6:c.1529C>A	unchanged
ENST00000460680.6:c.1529C>G	unchanged
ENST00000460680.6:c.1529C>T	unchanged
ENST00000460680.6:c.1530T>A	unchanged
ENST00000460680.6:c.1530T>C	unchanged
ENST00000460680.6:c.1530T>G	unchanged
ENST00000460680.6:c.1531A>C	unchanged
ENST00000460680.6:c.1531A>G	unchanged
ENST00000460680.6:c.1531A>T	unchanged
ENST00000460680.6:c.1532T>A	unchanged
ENST00000460680.6:c.1532T>C	unchanged
ENST00000460680.6:c.1532T>G	unchanged
ENST00000460680.6:c.1533C>A	unchanged
ENST00000460680.6:c.1533C>G	unchanged
ENST00000460680.6:c.1533C>T	unchanged
ENST00000460680.6:c.1534C>A	unchanged
ENST00000460680.6:c.1534C>G	unchanged
ENST00000460680.6:c.1534C>T	unchanged
ENST00000460680.6:c.1535G>A	enriched
ENST00000460680.6:c.1535G>C	unchanged
ENST00000460680.6:c.1535G>T	unchanged
ENST00000460680.6:c.1536C>A	unchanged
ENST00000460680.6:c.1536C>G	unchanged
ENST00000460680.6:c.1536C>T	unchanged
ENST00000460680.6:c.1537T>A	unchanged
ENST00000460680.6:c.1537T>C	unchanged
ENST00000460680.6:c.1537T>G	unchanged
ENST00000460680.6:c.1538C>A	weakly depleted
ENST00000460680.6:c.1538C>G	weakly depleted
ENST00000460680.6:c.1538C>T	unchanged
ENST00000460680.6:c.1539A>C	unchanged
ENST00000460680.6:c.1539A>G	unchanged
ENST00000460680.6:c.1539A>T	unchanged
ENST00000460680.6:c.1540G>A	enriched
ENST00000460680.6:c.1540G>C	unchanged
ENST00000460680.6:c.1540G>T	unchanged
ENST00000460680.6:c.1541C>A	unchanged
ENST00000460680.6:c.1541C>G	unchanged
ENST00000460680.6:c.1541C>T	unchanged
ENST00000460680.6:c.1542C>A	unchanged
ENST00000460680.6:c.1542C>G	unchanged
ENST00000460680.6:c.1542C>T	unchanged
ENST00000460680.6:c.1543A>C	unchanged
ENST00000460680.6:c.1543A>G	unchanged
ENST00000460680.6:c.1543A>T	unchanged
ENST00000460680.6:c.1544A>C	unchanged
ENST00000460680.6:c.1544A>G	unchanged
ENST00000460680.6:c.1544A>T	unchanged
ENST00000460680.6:c.1545C>A	unchanged
ENST00000460680.6:c.1545C>G	unchanged
ENST00000460680.6:c.1545C>T	unchanged
ENST00000460680.6:c.1546C>A	unchanged
ENST00000460680.6:c.1546C>G	unchanged
ENST00000460680.6:c.1546C>T	unchanged
ENST00000460680.6:c.1547C>A	unchanged
ENST00000460680.6:c.1547C>G	unchanged
ENST00000460680.6:c.1547C>T	unchanged
ENST00000460680.6:c.1548G>A	unchanged
ENST00000460680.6:c.1548G>C	unchanged
ENST00000460680.6:c.1548G>T	unchanged
ENST00000460680.6:c.1549A>C	unchanged
ENST00000460680.6:c.1549A>G	unchanged
ENST00000460680.6:c.1549A>T	unchanged
ENST00000460680.6:c.1550C>A	unchanged
ENST00000460680.6:c.1550C>G	weakly depleted
ENST00000460680.6:c.1550C>T	unchanged
ENST00000460680.6:c.1551G>A	unchanged
ENST00000460680.6:c.1551G>C	unchanged
ENST00000460680.6:c.1551G>T	weakly depleted
ENST00000460680.6:c.1552C>A	unchanged
ENST00000460680.6:c.1552C>G	unchanged
ENST00000460680.6:c.1552C>T	unchanged
ENST00000460680.6:c.1553G>A	unchanged
ENST00000460680.6:c.1553G>C	unchanged
ENST00000460680.6:c.1553G>T	unchanged
ENST00000460680.6:c.1554G>A	unchanged
ENST00000460680.6:c.1554G>C	unchanged
ENST00000460680.6:c.1554G>T	unchanged
ENST00000460680.6:c.1555C>A	unchanged
ENST00000460680.6:c.1555C>G	weakly depleted
ENST00000460680.6:c.1555C>T	enriched
ENST00000460680.6:c.1556C>A	unchanged
ENST00000460680.6:c.1556C>G	unchanged
ENST00000460680.6:c.1556C>T	unchanged
ENST00000460680.6:c.1557C>A	unchanged
ENST00000460680.6:c.1557C>G	unchanged
ENST00000460680.6:c.1557C>T	unchanged
ENST00000460680.6:c.1558T>A	unchanged
ENST00000460680.6:c.1558T>C	enriched
ENST00000460680.6:c.1558T>G	unchanged
ENST00000460680.6:c.1559C>A	unchanged
ENST00000460680.6:c.1559C>G	unchanged
ENST00000460680.6:c.1559C>T	unchanged
ENST00000460680.6:c.1560C>A	weakly depleted
ENST00000460680.6:c.1560C>G	weakly depleted
ENST00000460680.6:c.1560C>T	unchanged
ENST00000460680.6:c.1561A>C	unchanged
ENST00000460680.6:c.1561A>G	unchanged
ENST00000460680.6:c.1561A>T	unchanged
ENST00000460680.6:c.1562G>A	unchanged
ENST00000460680.6:c.1562G>C	unchanged
ENST00000460680.6:c.1562G>T	unchanged
ENST00000460680.6:c.1563C>A	unchanged
ENST00000460680.6:c.1563C>G	unchanged
ENST00000460680.6:c.1563C>T	unchanged
ENST00000460680.6:c.1564C>A	unchanged
ENST00000460680.6:c.1564C>G	weakly depleted
ENST00000460680.6:c.1564C>T	unchanged
ENST00000460680.6:c.1565C>A	unchanged
ENST00000460680.6:c.1565C>G	unchanged
ENST00000460680.6:c.1565C>T	unchanged
ENST00000460680.6:c.1566T>A	unchanged
ENST00000460680.6:c.1566T>C	enriched
ENST00000460680.6:c.1566T>G	unchanged
ENST00000460680.6:c.1567G>A	enriched
ENST00000460680.6:c.1567G>C	unchanged
ENST00000460680.6:c.1567G>T	unchanged
ENST00000460680.6:c.1568T>A	unchanged
ENST00000460680.6:c.1568T>C	unchanged
ENST00000460680.6:c.1568T>G	unchanged
ENST00000460680.6:c.1569C>A	unchanged
ENST00000460680.6:c.1569C>G	unchanged
ENST00000460680.6:c.1569C>T	unchanged
ENST00000460680.6:c.1570A>C	weakly depleted
ENST00000460680.6:c.1570A>G	unchanged
ENST00000460680.6:c.1570A>T	unchanged
ENST00000460680.6:c.1571C>A	unchanged
ENST00000460680.6:c.1571C>G	unchanged
ENST00000460680.6:c.1571C>T	unchanged
ENST00000460680.6:c.1572C>A	unchanged
ENST00000460680.6:c.1572C>G	unchanged
ENST00000460680.6:c.1572C>T	unchanged
ENST00000460680.6:c.1573T>A	unchanged
ENST00000460680.6:c.1573T>C	unchanged
ENST00000460680.6:c.1573T>G	unchanged
ENST00000460680.6:c.1574C>A	unchanged
ENST00000460680.6:c.1574C>G	unchanged
ENST00000460680.6:c.1574C>T	unchanged
ENST00000460680.6:c.1575C>A	unchanged
ENST00000460680.6:c.1575C>G	unchanged
ENST00000460680.6:c.1575C>T	unchanged
ENST00000460680.6:c.1576C>A	unchanged
ENST00000460680.6:c.1576C>G	unchanged
ENST00000460680.6:c.1576C>T	unchanged
ENST00000460680.6:c.1577A>C	unchanged
ENST00000460680.6:c.1577A>G	unchanged
ENST00000460680.6:c.1577A>T	enriched
ENST00000460680.6:c.1578C>A	unchanged
ENST00000460680.6:c.1578C>G	unchanged
ENST00000460680.6:c.1578C>T	unchanged
ENST00000460680.6:c.1579A>C	unchanged
ENST00000460680.6:c.1579A>G	unchanged
ENST00000460680.6:c.1579A>T	unchanged
ENST00000460680.6:c.1580T>A	weakly depleted
ENST00000460680.6:c.1580T>C	unchanged
ENST00000460680.6:c.1580T>G	weakly depleted
ENST00000460680.6:c.1581C>A	unchanged
ENST00000460680.6:c.1581C>G	unchanged
ENST00000460680.6:c.1581C>T	unchanged
ENST00000460680.6:c.1582T>A	unchanged
ENST00000460680.6:c.1582T>C	unchanged
ENST00000460680.6:c.1582T>G	unchanged
ENST00000460680.6:c.1583C>A	unchanged
ENST00000460680.6:c.1583C>G	unchanged
ENST00000460680.6:c.1583C>T	unchanged
ENST00000460680.6:c.1584C>A	unchanged
ENST00000460680.6:c.1584C>G	unchanged
ENST00000460680.6:c.1584C>T	unchanged
ENST00000460680.6:c.1585A>C	weakly depleted
ENST00000460680.6:c.1585A>G	unchanged
ENST00000460680.6:c.1585A>T	strongly depleted
ENST00000460680.6:c.1586A>C	unchanged
ENST00000460680.6:c.1586A>G	unchanged
ENST00000460680.6:c.1586A>T	unchanged
ENST00000460680.6:c.1587G>A	unchanged
ENST00000460680.6:c.1587G>C	weakly depleted
ENST00000460680.6:c.1587G>T	unchanged
ENST00000460680.6:c.1588G>A	unchanged
ENST00000460680.6:c.1588G>C	unchanged
ENST00000460680.6:c.1588G>T	unchanged
ENST00000460680.6:c.1589T>A	unchanged
ENST00000460680.6:c.1589T>C	unchanged
ENST00000460680.6:c.1589T>G	unchanged
ENST00000460680.6:c.1590G>A	unchanged
ENST00000460680.6:c.1590G>C	unchanged
ENST00000460680.6:c.1590G>T	unchanged
ENST00000460680.6:c.1591C>A	unchanged
ENST00000460680.6:c.1591C>G	weakly depleted
ENST00000460680.6:c.1591C>T	unchanged
ENST00000460680.6:c.1592T>A	unchanged
ENST00000460680.6:c.1592T>C	unchanged
ENST00000460680.6:c.1592T>G	weakly depleted
ENST00000460680.6:c.1593T>A	unchanged
ENST00000460680.6:c.1593T>C	unchanged
ENST00000460680.6:c.1593T>G	unchanged
ENST00000460680.6:c.1594T>A	unchanged
ENST00000460680.6:c.1594T>C	unchanged
ENST00000460680.6:c.1594T>G	unchanged
ENST00000460680.6:c.1595T>A	unchanged
ENST00000460680.6:c.1595T>C	unchanged
ENST00000460680.6:c.1595T>G	unchanged
ENST00000460680.6:c.1596T>A	unchanged
ENST00000460680.6:c.1596T>C	unchanged
ENST00000460680.6:c.1596T>G	unchanged
ENST00000460680.6:c.1597G>A	unchanged
ENST00000460680.6:c.1597G>C	unchanged
ENST00000460680.6:c.1597G>T	strongly depleted
ENST00000460680.6:c.1598G>A	unchanged
ENST00000460680.6:c.1598G>C	weakly depleted
ENST00000460680.6:c.1598G>T	unchanged
ENST00000460680.6:c.1599A>C	unchanged
ENST00000460680.6:c.1599A>G	unchanged
ENST00000460680.6:c.1599A>T	unchanged
ENST00000460680.6:c.1600G>A	unchanged
ENST00000460680.6:c.1600G>C	weakly depleted
ENST00000460680.6:c.1600G>T	strongly depleted
ENST00000460680.6:c.1601A>C	unchanged
ENST00000460680.6:c.1601A>G	unchanged
ENST00000460680.6:c.1601A>T	unchanged
ENST00000460680.6:c.1602G>A	unchanged
ENST00000460680.6:c.1602G>C	unchanged
ENST00000460680.6:c.1602G>T	unchanged
ENST00000460680.6:c.1603G>A	unchanged
ENST00000460680.6:c.1603G>C	unchanged
ENST00000460680.6:c.1603G>T	unchanged
ENST00000460680.6:c.1604A>C	unchanged
ENST00000460680.6:c.1604A>G	unchanged
ENST00000460680.6:c.1604A>T	unchanged
ENST00000460680.6:c.1605T>A	unchanged
ENST00000460680.6:c.1605T>C	unchanged
ENST00000460680.6:c.1605T>G	unchanged
ENST00000460680.6:c.1606G>A	unchanged
ENST00000460680.6:c.1606G>C	unchanged
ENST00000460680.6:c.1606G>T	unchanged
ENST00000460680.6:c.1607A>C	unchanged
ENST00000460680.6:c.1607A>G	unchanged
ENST00000460680.6:c.1607A>T	unchanged
ENST00000460680.6:c.1608C>A	unchanged
ENST00000460680.6:c.1608C>G	unchanged
ENST00000460680.6:c.1608C>T	unchanged
ENST00000460680.6:c.1609A>C	unchanged
ENST00000460680.6:c.1609A>G	unchanged
ENST00000460680.6:c.1609A>T	unchanged
ENST00000460680.6:c.1610G>A	unchanged
ENST00000460680.6:c.1610G>C	unchanged
ENST00000460680.6:c.1610G>T	unchanged
ENST00000460680.6:c.1611C>A	unchanged
ENST00000460680.6:c.1611C>G	weakly depleted
ENST00000460680.6:c.1611C>T	unchanged
ENST00000460680.6:c.1612C>A	unchanged
ENST00000460680.6:c.1612C>G	unchanged
ENST00000460680.6:c.1612C>T	unchanged
ENST00000460680.6:c.1613T>A	unchanged
ENST00000460680.6:c.1613T>C	unchanged
ENST00000460680.6:c.1613T>G	unchanged
ENST00000460680.6:c.1614G>A	unchanged
ENST00000460680.6:c.1614G>C	weakly depleted
ENST00000460680.6:c.1614G>T	unchanged
ENST00000460680.6:c.1615C>A	unchanged
ENST00000460680.6:c.1615C>G	unchanged
ENST00000460680.6:c.1615C>T	unchanged
ENST00000460680.6:c.1616T>A	unchanged
ENST00000460680.6:c.1616T>C	unchanged
ENST00000460680.6:c.1616T>G	unchanged
ENST00000460680.6:c.1617G>A	unchanged
ENST00000460680.6:c.1617G>C	unchanged
ENST00000460680.6:c.1617G>T	unchanged
ENST00000460680.6:c.1618C>A	unchanged
ENST00000460680.6:c.1618C>G	unchanged
ENST00000460680.6:c.1618C>T	unchanged
ENST00000460680.6:c.1619G>A	unchanged
ENST00000460680.6:c.1619G>C	unchanged
ENST00000460680.6:c.1619G>T	unchanged
ENST00000460680.6:c.1620T>A	unchanged
ENST00000460680.6:c.1620T>C	unchanged
ENST00000460680.6:c.1620T>G	unchanged
ENST00000460680.6:c.1621G>A	unchanged
ENST00000460680.6:c.1621G>C	enriched
ENST00000460680.6:c.1621G>T	unchanged
ENST00000460680.6:c.1622T>A	unchanged
ENST00000460680.6:c.1622T>C	unchanged
ENST00000460680.6:c.1622T>G	unchanged
ENST00000460680.6:c.1623T>A	unchanged
ENST00000460680.6:c.1623T>C	unchanged
ENST00000460680.6:c.1623T>G	unchanged
ENST00000460680.6:c.1624G>A	unchanged
ENST00000460680.6:c.1624G>C	unchanged
ENST00000460680.6:c.1624G>T	unchanged
ENST00000460680.6:c.1625A>C	unchanged
ENST00000460680.6:c.1625A>G	unchanged
ENST00000460680.6:c.1625A>T	unchanged
ENST00000460680.6:c.1626C>A	unchanged
ENST00000460680.6:c.1626C>G	unchanged
ENST00000460680.6:c.1626C>T	unchanged
ENST00000460680.6:c.1627T>A	enriched
ENST00000460680.6:c.1627T>C	unchanged
ENST00000460680.6:c.1627T>G	unchanged
ENST00000460680.6:c.1628G>A	unchanged
ENST00000460680.6:c.1628G>C	unchanged
ENST00000460680.6:c.1628G>T	unchanged
ENST00000460680.6:c.1629C>A	weakly depleted
ENST00000460680.6:c.1629C>G	unchanged
ENST00000460680.6:c.1629C>T	enriched
ENST00000460680.6:c.1630A>C	unchanged
ENST00000460680.6:c.1630A>G	unchanged
ENST00000460680.6:c.1630A>T	unchanged
ENST00000460680.6:c.1631T>A	unchanged
ENST00000460680.6:c.1631T>C	unchanged
ENST00000460680.6:c.1631T>G	unchanged
ENST00000460680.6:c.1632A>C	unchanged
ENST00000460680.6:c.1632A>G	unchanged
ENST00000460680.6:c.1632A>T	unchanged
ENST00000460680.6:c.1633C>A	unchanged
ENST00000460680.6:c.1633C>G	unchanged
ENST00000460680.6:c.1633C>T	unchanged
ENST00000460680.6:c.1634G>A	enriched
ENST00000460680.6:c.1634G>C	unchanged
ENST00000460680.6:c.1634G>T	unchanged
ENST00000460680.6:c.1635C>A	unchanged
ENST00000460680.6:c.1635C>G	unchanged
ENST00000460680.6:c.1635C>T	unchanged
ENST00000460680.6:c.1636T>A	enriched
ENST00000460680.6:c.1636T>C	unchanged
ENST00000460680.6:c.1636T>G	unchanged
ENST00000460680.6:c.1637A>C	unchanged
ENST00000460680.6:c.1637A>G	unchanged
ENST00000460680.6:c.1637A>T	unchanged
ENST00000460680.6:c.1638C>A	strongly depleted
ENST00000460680.6:c.1638C>G	strongly depleted
ENST00000460680.6:c.1638C>T	unchanged
ENST00000460680.6:c.1639A>C	unchanged
ENST00000460680.6:c.1639A>G	unchanged
ENST00000460680.6:c.1639A>T	unchanged
ENST00000460680.6:c.1640A>C	weakly depleted
ENST00000460680.6:c.1640A>G	enriched
ENST00000460680.6:c.1640A>T	unchanged
ENST00000460680.6:c.1641C>A	unchanged
ENST00000460680.6:c.1641C>G	weakly depleted
ENST00000460680.6:c.1641C>T	unchanged
ENST00000460680.6:c.1642C>A	unchanged
ENST00000460680.6:c.1642C>G	unchanged
ENST00000460680.6:c.1642C>T	unchanged
ENST00000460680.6:c.1643G>A	unchanged
ENST00000460680.6:c.1643G>C	unchanged
ENST00000460680.6:c.1643G>T	unchanged
ENST00000460680.6:c.1644T>A	unchanged
ENST00000460680.6:c.1644T>C	unchanged
ENST00000460680.6:c.1644T>G	unchanged
ENST00000460680.6:c.1645G>A	enriched
ENST00000460680.6:c.1645G>C	unchanged
ENST00000460680.6:c.1645G>T	unchanged
ENST00000460680.6:c.1646C>A	unchanged
ENST00000460680.6:c.1646C>G	unchanged
ENST00000460680.6:c.1646C>T	unchanged
ENST00000460680.6:c.1647T>A	unchanged
ENST00000460680.6:c.1647T>C	unchanged
ENST00000460680.6:c.1647T>G	unchanged
ENST00000460680.6:c.1648G>A	unchanged
ENST00000460680.6:c.1648G>C	unchanged
ENST00000460680.6:c.1648G>T	unchanged
ENST00000460680.6:c.1649T>A	unchanged
ENST00000460680.6:c.1649T>C	unchanged
ENST00000460680.6:c.1649T>G	unchanged
ENST00000460680.6:c.1650C>A	unchanged
ENST00000460680.6:c.1650C>G	unchanged
ENST00000460680.6:c.1650C>T	unchanged
ENST00000460680.6:c.1651C>A	unchanged
ENST00000460680.6:c.1651C>G	unchanged
ENST00000460680.6:c.1651C>T	unchanged
ENST00000460680.6:c.1652G>A	enriched
ENST00000460680.6:c.1652G>C	unchanged
ENST00000460680.6:c.1652G>T	unchanged
ENST00000460680.6:c.1653T>A	unchanged
ENST00000460680.6:c.1653T>C	unchanged
ENST00000460680.6:c.1653T>G	unchanged
ENST00000460680.6:c.1654G>A	unchanged
ENST00000460680.6:c.1654G>C	unchanged
ENST00000460680.6:c.1654G>T	unchanged
ENST00000460680.6:c.1655A>C	enriched
ENST00000460680.6:c.1655A>G	unchanged
ENST00000460680.6:c.1655A>T	unchanged
ENST00000460680.6:c.1656T>A	unchanged
ENST00000460680.6:c.1656T>C	unchanged
ENST00000460680.6:c.1656T>G	unchanged
ENST00000460680.6:c.1657C>A	unchanged
ENST00000460680.6:c.1657C>G	unchanged
ENST00000460680.6:c.1657C>T	unchanged
ENST00000460680.6:c.1658T>A	unchanged
ENST00000460680.6:c.1658T>C	unchanged
ENST00000460680.6:c.1658T>G	unchanged
ENST00000460680.6:c.1659G>A	unchanged
ENST00000460680.6:c.1659G>C	unchanged
ENST00000460680.6:c.1659G>T	unchanged
ENST00000460680.6:c.1660G>A	unchanged
ENST00000460680.6:c.1660G>C	unchanged
ENST00000460680.6:c.1660G>T	unchanged
ENST00000460680.6:c.1661G>A	unchanged
ENST00000460680.6:c.1661G>C	unchanged
ENST00000460680.6:c.1661G>T	unchanged
ENST00000460680.6:c.1662T>A	unchanged
ENST00000460680.6:c.1662T>C	unchanged
ENST00000460680.6:c.1662T>G	unchanged
ENST00000460680.6:c.1663C>A	unchanged
ENST00000460680.6:c.1663C>G	unchanged
ENST00000460680.6:c.1663C>T	unchanged
ENST00000460680.6:c.1664C>A	unchanged
ENST00000460680.6:c.1664C>G	unchanged
ENST00000460680.6:c.1664C>T	unchanged
ENST00000460680.6:c.1665T>A	unchanged
ENST00000460680.6:c.1665T>C	enriched
ENST00000460680.6:c.1665T>G	unchanged
ENST00000460680.6:c.1666G>A	unchanged
ENST00000460680.6:c.1666G>C	unchanged
ENST00000460680.6:c.1666G>T	unchanged
ENST00000460680.6:c.1667T>A	unchanged
ENST00000460680.6:c.1667T>C	unchanged
ENST00000460680.6:c.1667T>G	unchanged
ENST00000460680.6:c.1668C>A	unchanged
ENST00000460680.6:c.1668C>G	unchanged
ENST00000460680.6:c.1668C>T	unchanged
ENST00000460680.6:c.1669A>C	unchanged
ENST00000460680.6:c.1669A>G	unchanged
ENST00000460680.6:c.1669A>T	unchanged
ENST00000460680.6:c.1670T>A	unchanged
ENST00000460680.6:c.1670T>C	unchanged
ENST00000460680.6:c.1670T>G	unchanged
ENST00000460680.6:c.1671C>A	unchanged
ENST00000460680.6:c.1671C>G	enriched
ENST00000460680.6:c.1671C>T	unchanged
ENST00000460680.6:c.1672A>C	unchanged
ENST00000460680.6:c.1672A>G	unchanged
ENST00000460680.6:c.1672A>T	unchanged
ENST00000460680.6:c.1673G>A	enriched
ENST00000460680.6:c.1673G>C	unchanged
ENST00000460680.6:c.1673G>T	unchanged
ENST00000460680.6:c.1674C>A	unchanged
ENST00000460680.6:c.1674C>G	unchanged
ENST00000460680.6:c.1674C>T	unchanged
ENST00000460680.6:c.1675A>C	unchanged
ENST00000460680.6:c.1675A>G	unchanged
ENST00000460680.6:c.1675A>T	unchanged
ENST00000460680.6:c.1676C>A	enriched
ENST00000460680.6:c.1676C>G	unchanged
ENST00000460680.6:c.1676C>T	unchanged
ENST00000460680.6:c.1677A>C	unchanged
ENST00000460680.6:c.1677A>G	unchanged
ENST00000460680.6:c.1677A>T	unchanged
ENST00000460680.6:c.1678G>A	unchanged
ENST00000460680.6:c.1678G>C	unchanged
ENST00000460680.6:c.1678G>T	unchanged
ENST00000460680.6:c.1679G>A	unchanged
ENST00000460680.6:c.1679G>C	unchanged
ENST00000460680.6:c.1679G>T	unchanged
ENST00000460680.6:c.1680C>A	unchanged
ENST00000460680.6:c.1680C>G	unchanged
ENST00000460680.6:c.1680C>T	unchanged
ENST00000460680.6:c.1681C>A	unchanged
ENST00000460680.6:c.1681C>G	unchanged
ENST00000460680.6:c.1681C>T	unchanged
ENST00000460680.6:c.1682T>A	unchanged
ENST00000460680.6:c.1682T>C	unchanged
ENST00000460680.6:c.1682T>G	unchanged
ENST00000460680.6:c.1683G>A	unchanged
ENST00000460680.6:c.1683G>C	unchanged
ENST00000460680.6:c.1683G>T	unchanged
ENST00000460680.6:c.1684C>A	unchanged
ENST00000460680.6:c.1684C>G	unchanged
ENST00000460680.6:c.1684C>T	enriched
ENST00000460680.6:c.1685T>A	unchanged
ENST00000460680.6:c.1685T>C	unchanged
ENST00000460680.6:c.1685T>G	unchanged
ENST00000460680.6:c.1686G>A	enriched
ENST00000460680.6:c.1686G>C	unchanged
ENST00000460680.6:c.1686G>T	unchanged
ENST00000460680.6:c.1687C>A	unchanged
ENST00000460680.6:c.1687C>G	unchanged
ENST00000460680.6:c.1687C>T	unchanged
ENST00000460680.6:c.1688A>C	unchanged
ENST00000460680.6:c.1688A>G	unchanged
ENST00000460680.6:c.1688A>T	unchanged
ENST00000460680.6:c.1689C>A	unchanged
ENST00000460680.6:c.1689C>G	unchanged
ENST00000460680.6:c.1689C>T	unchanged
ENST00000460680.6:c.1690C>A	unchanged
ENST00000460680.6:c.1690C>G	unchanged
ENST00000460680.6:c.1690C>T	unchanged
ENST00000460680.6:c.1691T>A	enriched
ENST00000460680.6:c.1691T>C	unchanged
ENST00000460680.6:c.1691T>G	unchanged
ENST00000460680.6:c.1692G>A	unchanged
ENST00000460680.6:c.1692G>C	unchanged
ENST00000460680.6:c.1692G>T	unchanged
ENST00000460680.6:c.1693G>A	unchanged
ENST00000460680.6:c.1693G>C	unchanged
ENST00000460680.6:c.1693G>T	unchanged
ENST00000460680.6:c.1694C>A	weakly depleted
ENST00000460680.6:c.1694C>G	unchanged
ENST00000460680.6:c.1694C>T	unchanged
ENST00000460680.6:c.1695T>A	unchanged
ENST00000460680.6:c.1695T>C	enriched
ENST00000460680.6:c.1695T>G	unchanged
ENST00000460680.6:c.1696G>A	unchanged
ENST00000460680.6:c.1696G>C	unchanged
ENST00000460680.6:c.1696G>T	strongly depleted
ENST00000460680.6:c.1697A>C	unchanged
ENST00000460680.6:c.1697A>G	unchanged
ENST00000460680.6:c.1697A>T	unchanged
ENST00000460680.6:c.1698G>A	unchanged
ENST00000460680.6:c.1698G>C	unchanged
ENST00000460680.6:c.1698G>T	unchanged
ENST00000460680.6:c.1699G>A	unchanged
ENST00000460680.6:c.1699G>C	unchanged
ENST00000460680.6:c.1699G>T	unchanged
ENST00000460680.6:c.1700A>C	unchanged
ENST00000460680.6:c.1700A>G	unchanged
ENST00000460680.6:c.1700A>T	unchanged
ENST00000460680.6:c.1701T>A	unchanged
ENST00000460680.6:c.1701T>C	unchanged
ENST00000460680.6:c.1701T>G	unchanged
ENST00000460680.6:c.1702G>A	unchanged
ENST00000460680.6:c.1702G>C	unchanged
ENST00000460680.6:c.1702G>T	unchanged
ENST00000460680.6:c.1703G>A	unchanged
ENST00000460680.6:c.1703G>C	unchanged
ENST00000460680.6:c.1703G>T	unchanged
ENST00000460680.6:c.1704G>A	unchanged
ENST00000460680.6:c.1704G>C	unchanged
ENST00000460680.6:c.1704G>T	unchanged
ENST00000460680.6:c.1705G>A	unchanged
ENST00000460680.6:c.1705G>C	unchanged
ENST00000460680.6:c.1705G>T	unchanged
ENST00000460680.6:c.1706T>A	enriched
ENST00000460680.6:c.1706T>C	unchanged
ENST00000460680.6:c.1706T>G	unchanged
ENST00000460680.6:c.1707G>A	unchanged
ENST00000460680.6:c.1707G>C	unchanged
ENST00000460680.6:c.1707G>T	unchanged
ENST00000460680.6:c.1708C>A	unchanged
ENST00000460680.6:c.1708C>G	weakly depleted
ENST00000460680.6:c.1708C>T	enriched
ENST00000460680.6:c.1709T>A	unchanged
ENST00000460680.6:c.1709T>C	unchanged
ENST00000460680.6:c.1709T>G	unchanged
ENST00000460680.6:c.1710G>A	unchanged
ENST00000460680.6:c.1710G>C	unchanged
ENST00000460680.6:c.1710G>T	unchanged
ENST00000460680.6:c.1711A>C	unchanged
ENST00000460680.6:c.1711A>G	unchanged
ENST00000460680.6:c.1711A>T	unchanged
ENST00000460680.6:c.1712G>A	unchanged
ENST00000460680.6:c.1712G>C	unchanged
ENST00000460680.6:c.1712G>T	unchanged
ENST00000460680.6:c.1713T>A	unchanged
ENST00000460680.6:c.1713T>C	unchanged
ENST00000460680.6:c.1713T>G	unchanged
ENST00000460680.6:c.1714C>A	unchanged
ENST00000460680.6:c.1714C>G	unchanged
ENST00000460680.6:c.1714C>T	unchanged
ENST00000460680.6:c.1715C>A	unchanged
ENST00000460680.6:c.1715C>G	unchanged
ENST00000460680.6:c.1715C>T	unchanged
ENST00000460680.6:c.1716C>A	unchanged
ENST00000460680.6:c.1716C>G	unchanged
ENST00000460680.6:c.1716C>T	unchanged
ENST00000460680.6:c.1717C>A	unchanged
ENST00000460680.6:c.1717C>G	unchanged
ENST00000460680.6:c.1717C>T	unchanged
ENST00000460680.6:c.1718T>A	unchanged
ENST00000460680.6:c.1718T>C	unchanged
ENST00000460680.6:c.1718T>G	unchanged
ENST00000460680.6:c.1719G>A	unchanged
ENST00000460680.6:c.1719G>C	unchanged
ENST00000460680.6:c.1719G>T	unchanged
ENST00000460680.6:c.1720G>A	unchanged
ENST00000460680.6:c.1720G>C	unchanged
ENST00000460680.6:c.1720G>T	unchanged
ENST00000460680.6:c.1721C>A	unchanged
ENST00000460680.6:c.1721C>G	unchanged
ENST00000460680.6:c.1721C>T	unchanged
ENST00000460680.6:c.1722G>A	enriched
ENST00000460680.6:c.1722G>C	unchanged
ENST00000460680.6:c.1722G>T	unchanged
ENST00000460680.6:c.1723C>A	unchanged
ENST00000460680.6:c.1723C>G	unchanged
ENST00000460680.6:c.1723C>T	unchanged
ENST00000460680.6:c.1724T>A	unchanged
ENST00000460680.6:c.1724T>C	enriched
ENST00000460680.6:c.1724T>G	unchanged
ENST00000460680.6:c.1725G>A	unchanged
ENST00000460680.6:c.1725G>C	unchanged
ENST00000460680.6:c.1725G>T	unchanged
ENST00000460680.6:c.1726A>C	unchanged
ENST00000460680.6:c.1726A>G	unchanged
ENST00000460680.6:c.1726A>T	unchanged
ENST00000460680.6:c.1727C>A	unchanged
ENST00000460680.6:c.1727C>G	unchanged
ENST00000460680.6:c.1727C>T	unchanged
ENST00000460680.6:c.1728A>C	weakly depleted
ENST00000460680.6:c.1728A>G	unchanged
ENST00000460680.6:c.1728A>T	weakly depleted
ENST00000460680.6:c.1729G>A	weakly depleted
ENST00000460680.6:c.1729G>C	strongly depleted
ENST00000460680.6:c.1729G>T	weakly depleted
ENST00000460680.6:c.1729+1G>A	weakly depleted
ENST00000460680.6:c.1729+1G>C	weakly depleted
ENST00000460680.6:c.1729+1G>T	weakly depleted
ENST00000460680.6:c.1729+2T>A	weakly depleted
ENST00000460680.6:c.1729+2T>C	weakly depleted
ENST00000460680.6:c.1729+2T>G	weakly depleted
ENST00000460680.6:c.1729+3G>A	unchanged
ENST00000460680.6:c.1729+3G>C	unchanged
ENST00000460680.6:c.1729+3G>T	unchanged
ENST00000460680.6:c.1729+4G>A	enriched
ENST00000460680.6:c.1729+4G>C	unchanged
ENST00000460680.6:c.1729+4G>T	enriched
ENST00000460680.6:c.1729+5G>A	weakly depleted
ENST00000460680.6:c.1729+5G>C	weakly depleted
ENST00000460680.6:c.1729+5G>T	unchanged
ENST00000460680.6:c.1729+6C>A	unchanged
ENST00000460680.6:c.1729+6C>G	unchanged
ENST00000460680.6:c.1729+6C>T	unchanged
ENST00000460680.6:c.1729+7C>A	unchanged
ENST00000460680.6:c.1729+7C>G	unchanged
ENST00000460680.6:c.1729+7C>T	unchanged
ENST00000460680.6:c.1729+8T>A	unchanged
ENST00000460680.6:c.1729+8T>C	unchanged
ENST00000460680.6:c.1729+8T>G	enriched
ENST00000460680.6:c.1729+9T>A	unchanged
ENST00000460680.6:c.1729+9T>C	unchanged
ENST00000460680.6:c.1729+9T>G	unchanged
ENST00000460680.6:c.1729+10G>A	unchanged
ENST00000460680.6:c.1729+10G>C	unchanged
ENST00000460680.6:c.1729+10G>T	unchanged
ENST00000460680.6:c.1729+11G>A	unchanged
ENST00000460680.6:c.1729+11G>C	unchanged
ENST00000460680.6:c.1729+11G>T	unchanged
ENST00000460680.6:c.1729+12A>C	unchanged
ENST00000460680.6:c.1729+12A>G	unchanged
ENST00000460680.6:c.1729+12A>T	unchanged
ENST00000460680.6:c.1729+13C>A	unchanged
ENST00000460680.6:c.1729+13C>G	unchanged
ENST00000460680.6:c.1729+13C>T	unchanged
ENST00000460680.6:c.1729+14T>A	unchanged
ENST00000460680.6:c.1729+14T>C	unchanged
ENST00000460680.6:c.1729+14T>G	unchanged
ENST00000460680.6:c.1729+15G>A	unchanged
ENST00000460680.6:c.1729+15G>C	unchanged
ENST00000460680.6:c.1729+15G>T	unchanged
ENST00000460680.6:c.1729+16G>A	enriched
ENST00000460680.6:c.1729+16G>C	unchanged
ENST00000460680.6:c.1729+16G>T	unchanged
ENST00000460680.6:c.1729+17C>A	unchanged
ENST00000460680.6:c.1729+17C>G	unchanged
ENST00000460680.6:c.1729+17C>T	unchanged
ENST00000460680.6:c.1729+18T>A	unchanged
ENST00000460680.6:c.1729+18T>C	unchanged
ENST00000460680.6:c.1729+18T>G	unchanged
ENST00000460680.6:c.1729+19C>A	unchanged
ENST00000460680.6:c.1729+19C>G	unchanged
ENST00000460680.6:c.1729+19C>T	unchanged
ENST00000460680.6:c.1729+20A>C	unchanged
ENST00000460680.6:c.1729+20A>G	unchanged
ENST00000460680.6:c.1729+20A>T	unchanged
ENST00000460680.6:c.1730-20C>A	unchanged
ENST00000460680.6:c.1730-20C>G	unchanged
ENST00000460680.6:c.1730-20C>T	unchanged
ENST00000460680.6:c.1730-19T>A	unchanged
ENST00000460680.6:c.1730-19T>C	unchanged
ENST00000460680.6:c.1730-19T>G	unchanged
ENST00000460680.6:c.1730-18T>A	weakly depleted
ENST00000460680.6:c.1730-18T>C	unchanged
ENST00000460680.6:c.1730-18T>G	unchanged
ENST00000460680.6:c.1730-17G>A	unchanged
ENST00000460680.6:c.1730-17G>C	unchanged
ENST00000460680.6:c.1730-17G>T	unchanged
ENST00000460680.6:c.1730-16T>A	unchanged
ENST00000460680.6:c.1730-16T>C	unchanged
ENST00000460680.6:c.1730-16T>G	unchanged
ENST00000460680.6:c.1730-15G>A	unchanged
ENST00000460680.6:c.1730-15G>C	unchanged
ENST00000460680.6:c.1730-15G>T	unchanged
ENST00000460680.6:c.1730-14A>C	unchanged
ENST00000460680.6:c.1730-14A>G	unchanged
ENST00000460680.6:c.1730-14A>T	unchanged
ENST00000460680.6:c.1730-13C>A	unchanged
ENST00000460680.6:c.1730-13C>G	weakly depleted
ENST00000460680.6:c.1730-13C>T	unchanged
ENST00000460680.6:c.1730-12C>A	unchanged
ENST00000460680.6:c.1730-12C>G	unchanged
ENST00000460680.6:c.1730-12C>T	unchanged
ENST00000460680.6:c.1730-11T>A	unchanged
ENST00000460680.6:c.1730-11T>C	unchanged
ENST00000460680.6:c.1730-11T>G	unchanged
ENST00000460680.6:c.1730-10C>A	unchanged
ENST00000460680.6:c.1730-10C>G	unchanged
ENST00000460680.6:c.1730-10C>T	unchanged
ENST00000460680.6:c.1730-9T>A	unchanged
ENST00000460680.6:c.1730-9T>C	unchanged
ENST00000460680.6:c.1730-9T>G	unchanged
ENST00000460680.6:c.1730-8C>A	unchanged
ENST00000460680.6:c.1730-8C>G	unchanged
ENST00000460680.6:c.1730-8C>T	unchanged
ENST00000460680.6:c.1730-7T>A	unchanged
ENST00000460680.6:c.1730-7T>C	weakly depleted
ENST00000460680.6:c.1730-7T>G	unchanged
ENST00000460680.6:c.1730-6T>A	unchanged
ENST00000460680.6:c.1730-6T>C	unchanged
ENST00000460680.6:c.1730-6T>G	unchanged
ENST00000460680.6:c.1730-5C>A	weakly depleted
ENST00000460680.6:c.1730-5C>G	unchanged
ENST00000460680.6:c.1730-5C>T	unchanged
ENST00000460680.6:c.1730-4C>A	unchanged
ENST00000460680.6:c.1730-4C>G	unchanged
ENST00000460680.6:c.1730-4C>T	unchanged
ENST00000460680.6:c.1730-3C>A	unchanged
ENST00000460680.6:c.1730-3C>G	weakly depleted
ENST00000460680.6:c.1730-3C>T	unchanged
ENST00000460680.6:c.1730-2A>C	weakly depleted
ENST00000460680.6:c.1730-2A>G	weakly depleted
ENST00000460680.6:c.1730-2A>T	weakly depleted
ENST00000460680.6:c.1730-1G>A	weakly depleted
ENST00000460680.6:c.1730-1G>C	weakly depleted
ENST00000460680.6:c.1730-1G>T	weakly depleted
ENST00000460680.6:c.1730A>C	unchanged
ENST00000460680.6:c.1730A>G	unchanged
ENST00000460680.6:c.1730A>T	unchanged
ENST00000460680.6:c.1731G>A	unchanged
ENST00000460680.6:c.1731G>C	unchanged
ENST00000460680.6:c.1731G>T	unchanged
ENST00000460680.6:c.1732G>A	unchanged
ENST00000460680.6:c.1732G>C	unchanged
ENST00000460680.6:c.1732G>T	unchanged
ENST00000460680.6:c.1733G>A	unchanged
ENST00000460680.6:c.1733G>C	unchanged
ENST00000460680.6:c.1733G>T	unchanged
ENST00000460680.6:c.1734T>A	unchanged
ENST00000460680.6:c.1734T>C	unchanged
ENST00000460680.6:c.1734T>G	unchanged
ENST00000460680.6:c.1735G>A	unchanged
ENST00000460680.6:c.1735G>C	unchanged
ENST00000460680.6:c.1735G>T	unchanged
ENST00000460680.6:c.1736G>A	unchanged
ENST00000460680.6:c.1736G>C	unchanged
ENST00000460680.6:c.1736G>T	unchanged
ENST00000460680.6:c.1737G>A	unchanged
ENST00000460680.6:c.1737G>C	unchanged
ENST00000460680.6:c.1737G>T	unchanged
ENST00000460680.6:c.1738A>C	unchanged
ENST00000460680.6:c.1738A>G	unchanged
ENST00000460680.6:c.1738A>T	weakly depleted
ENST00000460680.6:c.1739A>C	unchanged
ENST00000460680.6:c.1739A>G	unchanged
ENST00000460680.6:c.1739A>T	unchanged
ENST00000460680.6:c.1740G>A	unchanged
ENST00000460680.6:c.1740G>C	unchanged
ENST00000460680.6:c.1740G>T	unchanged
ENST00000460680.6:c.1741G>A	unchanged
ENST00000460680.6:c.1741G>C	unchanged
ENST00000460680.6:c.1741G>T	unchanged
ENST00000460680.6:c.1742G>A	unchanged
ENST00000460680.6:c.1742G>C	unchanged
ENST00000460680.6:c.1742G>T	unchanged
ENST00000460680.6:c.1743T>A	unchanged
ENST00000460680.6:c.1743T>C	unchanged
ENST00000460680.6:c.1743T>G	unchanged
ENST00000460680.6:c.1744T>A	unchanged
ENST00000460680.6:c.1744T>C	unchanged
ENST00000460680.6:c.1744T>G	unchanged
ENST00000460680.6:c.1745C>A	unchanged
ENST00000460680.6:c.1745C>G	unchanged
ENST00000460680.6:c.1745C>T	unchanged
ENST00000460680.6:c.1746C>A	unchanged
ENST00000460680.6:c.1746C>G	unchanged
ENST00000460680.6:c.1746C>T	unchanged
ENST00000460680.6:c.1747T>A	unchanged
ENST00000460680.6:c.1747T>C	unchanged
ENST00000460680.6:c.1747T>G	unchanged
ENST00000460680.6:c.1748C>A	weakly depleted
ENST00000460680.6:c.1748C>G	unchanged
ENST00000460680.6:c.1748C>T	unchanged
ENST00000460680.6:c.1749G>A	unchanged
ENST00000460680.6:c.1749G>C	unchanged
ENST00000460680.6:c.1749G>T	unchanged
ENST00000460680.6:c.1750C>A	unchanged
ENST00000460680.6:c.1750C>G	unchanged
ENST00000460680.6:c.1750C>T	unchanged
ENST00000460680.6:c.1751C>A	unchanged
ENST00000460680.6:c.1751C>G	unchanged
ENST00000460680.6:c.1751C>T	unchanged
ENST00000460680.6:c.1752C>A	unchanged
ENST00000460680.6:c.1752C>G	unchanged
ENST00000460680.6:c.1752C>T	unchanged
ENST00000460680.6:c.1753T>A	unchanged
ENST00000460680.6:c.1753T>C	unchanged
ENST00000460680.6:c.1753T>G	unchanged
ENST00000460680.6:c.1754C>A	unchanged
ENST00000460680.6:c.1754C>G	unchanged
ENST00000460680.6:c.1754C>T	unchanged
ENST00000460680.6:c.1755C>A	unchanged
ENST00000460680.6:c.1755C>G	unchanged
ENST00000460680.6:c.1755C>T	unchanged
ENST00000460680.6:c.1756A>C	unchanged
ENST00000460680.6:c.1756A>G	unchanged
ENST00000460680.6:c.1756A>T	unchanged
ENST00000460680.6:c.1757T>A	unchanged
ENST00000460680.6:c.1757T>C	unchanged
ENST00000460680.6:c.1757T>G	unchanged
ENST00000460680.6:c.1758C>A	unchanged
ENST00000460680.6:c.1758C>G	unchanged
ENST00000460680.6:c.1758C>T	unchanged
ENST00000460680.6:c.1759A>C	unchanged
ENST00000460680.6:c.1759A>G	unchanged
ENST00000460680.6:c.1759A>T	weakly depleted
ENST00000460680.6:c.1760G>A	unchanged
ENST00000460680.6:c.1760G>C	unchanged
ENST00000460680.6:c.1760G>T	unchanged
ENST00000460680.6:c.1761A>C	unchanged
ENST00000460680.6:c.1761A>G	unchanged
ENST00000460680.6:c.1761A>T	unchanged
ENST00000460680.6:c.1762C>A	unchanged
ENST00000460680.6:c.1762C>G	unchanged
ENST00000460680.6:c.1762C>T	unchanged
ENST00000460680.6:c.1763C>A	unchanged
ENST00000460680.6:c.1763C>G	unchanged
ENST00000460680.6:c.1763C>T	unchanged
ENST00000460680.6:c.1764A>C	unchanged
ENST00000460680.6:c.1764A>G	unchanged
ENST00000460680.6:c.1764A>T	unchanged
ENST00000460680.6:c.1765A>C	unchanged
ENST00000460680.6:c.1765A>G	unchanged
ENST00000460680.6:c.1765A>T	unchanged
ENST00000460680.6:c.1766T>A	unchanged
ENST00000460680.6:c.1766T>C	unchanged
ENST00000460680.6:c.1766T>G	unchanged
ENST00000460680.6:c.1767C>A	unchanged
ENST00000460680.6:c.1767C>G	unchanged
ENST00000460680.6:c.1767C>T	unchanged
ENST00000460680.6:c.1768C>A	unchanged
ENST00000460680.6:c.1768C>G	unchanged
ENST00000460680.6:c.1768C>T	weakly depleted
ENST00000460680.6:c.1769A>C	unchanged
ENST00000460680.6:c.1769A>G	unchanged
ENST00000460680.6:c.1769A>T	unchanged
ENST00000460680.6:c.1770A>C	unchanged
ENST00000460680.6:c.1770A>G	unchanged
ENST00000460680.6:c.1770A>T	unchanged
ENST00000460680.6:c.1771G>A	unchanged
ENST00000460680.6:c.1771G>C	unchanged
ENST00000460680.6:c.1771G>T	unchanged
ENST00000460680.6:c.1772G>A	unchanged
ENST00000460680.6:c.1772G>C	unchanged
ENST00000460680.6:c.1772G>T	unchanged
ENST00000460680.6:c.1773C>A	unchanged
ENST00000460680.6:c.1773C>G	unchanged
ENST00000460680.6:c.1773C>T	enriched
ENST00000460680.6:c.1774A>C	unchanged
ENST00000460680.6:c.1774A>G	unchanged
ENST00000460680.6:c.1774A>T	weakly depleted
ENST00000460680.6:c.1775G>A	unchanged
ENST00000460680.6:c.1775G>C	unchanged
ENST00000460680.6:c.1775G>T	unchanged
ENST00000460680.6:c.1776C>A	unchanged
ENST00000460680.6:c.1776C>G	unchanged
ENST00000460680.6:c.1776C>T	unchanged
ENST00000460680.6:c.1777C>A	unchanged
ENST00000460680.6:c.1777C>G	unchanged
ENST00000460680.6:c.1777C>T	weakly depleted
ENST00000460680.6:c.1778A>C	unchanged
ENST00000460680.6:c.1778A>G	unchanged
ENST00000460680.6:c.1778A>T	unchanged
ENST00000460680.6:c.1779G>A	unchanged
ENST00000460680.6:c.1779G>C	unchanged
ENST00000460680.6:c.1779G>T	unchanged
ENST00000460680.6:c.1780G>A	unchanged
ENST00000460680.6:c.1780G>C	unchanged
ENST00000460680.6:c.1780G>T	unchanged
ENST00000460680.6:c.1781G>A	unchanged
ENST00000460680.6:c.1781G>C	unchanged
ENST00000460680.6:c.1781G>T	unchanged
ENST00000460680.6:c.1782G>A	unchanged
ENST00000460680.6:c.1782G>C	unchanged
ENST00000460680.6:c.1782G>T	unchanged
ENST00000460680.6:c.1783T>A	unchanged
ENST00000460680.6:c.1783T>C	unchanged
ENST00000460680.6:c.1783T>G	unchanged
ENST00000460680.6:c.1784C>A	unchanged
ENST00000460680.6:c.1784C>G	unchanged
ENST00000460680.6:c.1784C>T	unchanged
ENST00000460680.6:c.1785C>A	unchanged
ENST00000460680.6:c.1785C>G	unchanged
ENST00000460680.6:c.1785C>T	unchanged
ENST00000460680.6:c.1786A>C	unchanged
ENST00000460680.6:c.1786A>G	unchanged
ENST00000460680.6:c.1786A>T	unchanged
ENST00000460680.6:c.1787G>A	unchanged
ENST00000460680.6:c.1787G>C	unchanged
ENST00000460680.6:c.1787G>T	unchanged
ENST00000460680.6:c.1788C>A	unchanged
ENST00000460680.6:c.1788C>G	unchanged
ENST00000460680.6:c.1788C>T	unchanged
ENST00000460680.6:c.1789A>C	unchanged
ENST00000460680.6:c.1789A>G	unchanged
ENST00000460680.6:c.1789A>T	unchanged
ENST00000460680.6:c.1790G>A	unchanged
ENST00000460680.6:c.1790G>C	unchanged
ENST00000460680.6:c.1790G>T	unchanged
ENST00000460680.6:c.1791C>A	unchanged
ENST00000460680.6:c.1791C>G	unchanged
ENST00000460680.6:c.1791C>T	unchanged
ENST00000460680.6:c.1792C>A	unchanged
ENST00000460680.6:c.1792C>G	unchanged
ENST00000460680.6:c.1792C>T	unchanged
ENST00000460680.6:c.1793C>A	unchanged
ENST00000460680.6:c.1793C>G	unchanged
ENST00000460680.6:c.1793C>T	unchanged
ENST00000460680.6:c.1794A>C	unchanged
ENST00000460680.6:c.1794A>G	unchanged
ENST00000460680.6:c.1794A>T	unchanged
ENST00000460680.6:c.1795G>A	unchanged
ENST00000460680.6:c.1795G>C	unchanged
ENST00000460680.6:c.1795G>T	unchanged
ENST00000460680.6:c.1796T>A	unchanged
ENST00000460680.6:c.1796T>C	unchanged
ENST00000460680.6:c.1796T>G	unchanged
ENST00000460680.6:c.1797G>A	unchanged
ENST00000460680.6:c.1797G>C	unchanged
ENST00000460680.6:c.1797G>T	unchanged
ENST00000460680.6:c.1798G>A	unchanged
ENST00000460680.6:c.1798G>C	unchanged
ENST00000460680.6:c.1798G>T	weakly depleted
ENST00000460680.6:c.1799A>C	unchanged
ENST00000460680.6:c.1799A>G	unchanged
ENST00000460680.6:c.1799A>T	unchanged
ENST00000460680.6:c.1800G>A	unchanged
ENST00000460680.6:c.1800G>C	unchanged
ENST00000460680.6:c.1800G>T	unchanged
ENST00000460680.6:c.1801A>C	unchanged
ENST00000460680.6:c.1801A>G	unchanged
ENST00000460680.6:c.1801A>T	weakly depleted
ENST00000460680.6:c.1802A>C	unchanged
ENST00000460680.6:c.1802A>G	unchanged
ENST00000460680.6:c.1802A>T	unchanged
ENST00000460680.6:c.1803G>A	unchanged
ENST00000460680.6:c.1803G>C	unchanged
ENST00000460680.6:c.1803G>T	unchanged
ENST00000460680.6:c.1804G>A	unchanged
ENST00000460680.6:c.1804G>C	unchanged
ENST00000460680.6:c.1804G>T	weakly depleted
ENST00000460680.6:c.1805A>C	unchanged
ENST00000460680.6:c.1805A>G	unchanged
ENST00000460680.6:c.1805A>T	enriched
ENST00000460680.6:c.1806G>A	unchanged
ENST00000460680.6:c.1806G>C	unchanged
ENST00000460680.6:c.1806G>T	unchanged
ENST00000460680.6:c.1807G>A	unchanged
ENST00000460680.6:c.1807G>C	unchanged
ENST00000460680.6:c.1807G>T	unchanged
ENST00000460680.6:c.1808T>A	unchanged
ENST00000460680.6:c.1808T>C	unchanged
ENST00000460680.6:c.1808T>G	unchanged
ENST00000460680.6:c.1809C>A	unchanged
ENST00000460680.6:c.1809C>G	unchanged
ENST00000460680.6:c.1809C>T	unchanged
ENST00000460680.6:c.1810G>A	unchanged
ENST00000460680.6:c.1810G>C	unchanged
ENST00000460680.6:c.1810G>T	unchanged
ENST00000460680.6:c.1811T>A	unchanged
ENST00000460680.6:c.1811T>C	unchanged
ENST00000460680.6:c.1811T>G	unchanged
ENST00000460680.6:c.1812G>A	unchanged
ENST00000460680.6:c.1812G>C	unchanged
ENST00000460680.6:c.1812G>T	unchanged
ENST00000460680.6:c.1813G>A	unchanged
ENST00000460680.6:c.1813G>C	unchanged
ENST00000460680.6:c.1813G>T	weakly depleted
ENST00000460680.6:c.1814A>C	unchanged
ENST00000460680.6:c.1814A>G	unchanged
ENST00000460680.6:c.1814A>T	unchanged
ENST00000460680.6:c.1815A>C	unchanged
ENST00000460680.6:c.1815A>G	unchanged
ENST00000460680.6:c.1815A>T	unchanged
ENST00000460680.6:c.1816G>A	unchanged
ENST00000460680.6:c.1816G>C	unchanged
ENST00000460680.6:c.1816G>T	unchanged
ENST00000460680.6:c.1817C>A	unchanged
ENST00000460680.6:c.1817C>G	unchanged
ENST00000460680.6:c.1817C>T	weakly depleted
ENST00000460680.6:c.1818C>A	unchanged
ENST00000460680.6:c.1818C>G	unchanged
ENST00000460680.6:c.1818C>T	unchanged
ENST00000460680.6:c.1819A>C	weakly depleted
ENST00000460680.6:c.1819A>G	unchanged
ENST00000460680.6:c.1819A>T	weakly depleted
ENST00000460680.6:c.1820C>A	unchanged
ENST00000460680.6:c.1820C>G	unchanged
ENST00000460680.6:c.1820C>T	unchanged
ENST00000460680.6:c.1821G>A	unchanged
ENST00000460680.6:c.1821G>C	unchanged
ENST00000460680.6:c.1821G>T	unchanged
ENST00000460680.6:c.1822G>A	unchanged
ENST00000460680.6:c.1822G>C	unchanged
ENST00000460680.6:c.1822G>T	unchanged
ENST00000460680.6:c.1823A>C	unchanged
ENST00000460680.6:c.1823A>G	weakly depleted
ENST00000460680.6:c.1823A>T	unchanged
ENST00000460680.6:c.1824C>A	weakly depleted
ENST00000460680.6:c.1824C>G	unchanged
ENST00000460680.6:c.1824C>T	weakly depleted
ENST00000460680.6:c.1825A>C	unchanged
ENST00000460680.6:c.1825A>G	unchanged
ENST00000460680.6:c.1825A>T	unchanged
ENST00000460680.6:c.1826G>A	unchanged
ENST00000460680.6:c.1826G>C	unchanged
ENST00000460680.6:c.1826G>T	unchanged
ENST00000460680.6:c.1827C>A	unchanged
ENST00000460680.6:c.1827C>G	unchanged
ENST00000460680.6:c.1827C>T	unchanged
ENST00000460680.6:c.1828A>C	unchanged
ENST00000460680.6:c.1828A>G	unchanged
ENST00000460680.6:c.1828A>T	weakly depleted
ENST00000460680.6:c.1829G>A	weakly depleted
ENST00000460680.6:c.1829G>C	unchanged
ENST00000460680.6:c.1829G>T	unchanged
ENST00000460680.6:c.1830A>C	unchanged
ENST00000460680.6:c.1830A>G	unchanged
ENST00000460680.6:c.1830A>T	unchanged
ENST00000460680.6:c.1831G>A	unchanged
ENST00000460680.6:c.1831G>C	unchanged
ENST00000460680.6:c.1831G>T	weakly depleted
ENST00000460680.6:c.1832A>C	unchanged
ENST00000460680.6:c.1832A>G	unchanged
ENST00000460680.6:c.1832A>T	unchanged
ENST00000460680.6:c.1833G>A	unchanged
ENST00000460680.6:c.1833G>C	unchanged
ENST00000460680.6:c.1833G>T	unchanged
ENST00000460680.6:c.1834A>C	unchanged
ENST00000460680.6:c.1834A>G	unchanged
ENST00000460680.6:c.1834A>T	weakly depleted
ENST00000460680.6:c.1835A>C	unchanged
ENST00000460680.6:c.1835A>G	unchanged
ENST00000460680.6:c.1835A>T	unchanged
ENST00000460680.6:c.1836G>A	unchanged
ENST00000460680.6:c.1836G>C	unchanged
ENST00000460680.6:c.1836G>T	unchanged
ENST00000460680.6:c.1837A>C	unchanged
ENST00000460680.6:c.1837A>G	unchanged
ENST00000460680.6:c.1837A>T	enriched
ENST00000460680.6:c.1838C>A	unchanged
ENST00000460680.6:c.1838C>G	enriched
ENST00000460680.6:c.1838C>T	unchanged
ENST00000460680.6:c.1839G>A	unchanged
ENST00000460680.6:c.1839G>C	unchanged
ENST00000460680.6:c.1839G>T	enriched
ENST00000460680.6:c.1840G>A	unchanged
ENST00000460680.6:c.1840G>C	unchanged
ENST00000460680.6:c.1840G>T	unchanged
ENST00000460680.6:c.1841G>A	unchanged
ENST00000460680.6:c.1841G>C	unchanged
ENST00000460680.6:c.1841G>T	unchanged
ENST00000460680.6:c.1842G>A	unchanged
ENST00000460680.6:c.1842G>C	unchanged
ENST00000460680.6:c.1842G>T	unchanged
ENST00000460680.6:c.1843A>C	unchanged
ENST00000460680.6:c.1843A>G	unchanged
ENST00000460680.6:c.1843A>T	unchanged
ENST00000460680.6:c.1844T>A	unchanged
ENST00000460680.6:c.1844T>C	unchanged
ENST00000460680.6:c.1844T>G	unchanged
ENST00000460680.6:c.1845G>A	unchanged
ENST00000460680.6:c.1845G>C	unchanged
ENST00000460680.6:c.1845G>T	unchanged
ENST00000460680.6:c.1846G>A	unchanged
ENST00000460680.6:c.1846G>C	unchanged
ENST00000460680.6:c.1846G>T	unchanged
ENST00000460680.6:c.1847T>A	unchanged
ENST00000460680.6:c.1847T>C	unchanged
ENST00000460680.6:c.1847T>G	unchanged
ENST00000460680.6:c.1848G>A	unchanged
ENST00000460680.6:c.1848G>C	unchanged
ENST00000460680.6:c.1848G>T	unchanged
ENST00000460680.6:c.1849A>C	unchanged
ENST00000460680.6:c.1849A>G	enriched
ENST00000460680.6:c.1849A>T	unchanged
ENST00000460680.6:c.1850G>A	unchanged
ENST00000460680.6:c.1850G>C	unchanged
ENST00000460680.6:c.1850G>T	unchanged
ENST00000460680.6:c.1851G>A	unchanged
ENST00000460680.6:c.1851G>C	unchanged
ENST00000460680.6:c.1851G>T	unchanged
ENST00000460680.6:c.1852C>A	unchanged
ENST00000460680.6:c.1852C>G	unchanged
ENST00000460680.6:c.1852C>T	unchanged
ENST00000460680.6:c.1853C>A	unchanged
ENST00000460680.6:c.1853C>G	unchanged
ENST00000460680.6:c.1853C>T	unchanged
ENST00000460680.6:c.1854T>A	unchanged
ENST00000460680.6:c.1854T>C	unchanged
ENST00000460680.6:c.1854T>G	unchanged
ENST00000460680.6:c.1855G>A	unchanged
ENST00000460680.6:c.1855G>C	unchanged
ENST00000460680.6:c.1855G>T	unchanged
ENST00000460680.6:c.1856G>A	unchanged
ENST00000460680.6:c.1856G>C	unchanged
ENST00000460680.6:c.1856G>T	unchanged
ENST00000460680.6:c.1857C>A	unchanged
ENST00000460680.6:c.1857C>G	enriched
ENST00000460680.6:c.1857C>T	unchanged
ENST00000460680.6:c.1858G>A	unchanged
ENST00000460680.6:c.1858G>C	unchanged
ENST00000460680.6:c.1858G>T	weakly depleted
ENST00000460680.6:c.1859A>C	unchanged
ENST00000460680.6:c.1859A>G	unchanged
ENST00000460680.6:c.1859A>T	unchanged
ENST00000460680.6:c.1860G>A	unchanged
ENST00000460680.6:c.1860G>C	unchanged
ENST00000460680.6:c.1860G>T	unchanged
ENST00000460680.6:c.1861C>A	unchanged
ENST00000460680.6:c.1861C>G	unchanged
ENST00000460680.6:c.1861C>T	unchanged
ENST00000460680.6:c.1862C>A	unchanged
ENST00000460680.6:c.1862C>G	unchanged
ENST00000460680.6:c.1862C>T	unchanged
ENST00000460680.6:c.1863C>A	unchanged
ENST00000460680.6:c.1863C>G	unchanged
ENST00000460680.6:c.1863C>T	unchanged
ENST00000460680.6:c.1864T>A	unchanged
ENST00000460680.6:c.1864T>C	unchanged
ENST00000460680.6:c.1864T>G	unchanged
ENST00000460680.6:c.1865T>A	weakly depleted
ENST00000460680.6:c.1865T>C	unchanged
ENST00000460680.6:c.1865T>G	unchanged
ENST00000460680.6:c.1866G>A	unchanged
ENST00000460680.6:c.1866G>C	unchanged
ENST00000460680.6:c.1866G>T	unchanged
ENST00000460680.6:c.1867A>C	unchanged
ENST00000460680.6:c.1867A>G	unchanged
ENST00000460680.6:c.1867A>T	unchanged
ENST00000460680.6:c.1868G>A	unchanged
ENST00000460680.6:c.1868G>C	unchanged
ENST00000460680.6:c.1868G>T	unchanged
ENST00000460680.6:c.1869T>A	unchanged
ENST00000460680.6:c.1869T>C	unchanged
ENST00000460680.6:c.1869T>G	unchanged
ENST00000460680.6:c.1870G>A	unchanged
ENST00000460680.6:c.1870G>C	unchanged
ENST00000460680.6:c.1870G>T	unchanged
ENST00000460680.6:c.1871G>A	unchanged
ENST00000460680.6:c.1871G>C	unchanged
ENST00000460680.6:c.1871G>T	unchanged
ENST00000460680.6:c.1872G>A	unchanged
ENST00000460680.6:c.1872G>C	unchanged
ENST00000460680.6:c.1872G>T	enriched
ENST00000460680.6:c.1873G>A	unchanged
ENST00000460680.6:c.1873G>C	unchanged
ENST00000460680.6:c.1873G>T	weakly depleted
ENST00000460680.6:c.1874A>C	unchanged
ENST00000460680.6:c.1874A>G	unchanged
ENST00000460680.6:c.1874A>T	unchanged
ENST00000460680.6:c.1875G>A	unchanged
ENST00000460680.6:c.1875G>C	unchanged
ENST00000460680.6:c.1875G>T	unchanged
ENST00000460680.6:c.1876A>C	unchanged
ENST00000460680.6:c.1876A>G	unchanged
ENST00000460680.6:c.1876A>T	weakly depleted
ENST00000460680.6:c.1877A>C	unchanged
ENST00000460680.6:c.1877A>G	unchanged
ENST00000460680.6:c.1877A>T	unchanged
ENST00000460680.6:c.1878A>C	unchanged
ENST00000460680.6:c.1878A>G	unchanged
ENST00000460680.6:c.1878A>T	unchanged
ENST00000460680.6:c.1879T>A	unchanged
ENST00000460680.6:c.1879T>C	unchanged
ENST00000460680.6:c.1879T>G	unchanged
ENST00000460680.6:c.1880A>C	unchanged
ENST00000460680.6:c.1880A>G	unchanged
ENST00000460680.6:c.1880A>T	unchanged
ENST00000460680.6:c.1881C>A	weakly depleted
ENST00000460680.6:c.1881C>G	weakly depleted
ENST00000460680.6:c.1881C>T	unchanged
ENST00000460680.6:c.1882T>A	unchanged
ENST00000460680.6:c.1882T>C	unchanged
ENST00000460680.6:c.1882T>G	unchanged
ENST00000460680.6:c.1883C>A	weakly depleted
ENST00000460680.6:c.1883C>G	weakly depleted
ENST00000460680.6:c.1883C>T	unchanged
ENST00000460680.6:c.1884A>C	unchanged
ENST00000460680.6:c.1884A>G	unchanged
ENST00000460680.6:c.1884A>T	unchanged
ENST00000460680.6:c.1885C>A	unchanged
ENST00000460680.6:c.1885C>G	unchanged
ENST00000460680.6:c.1885C>T	unchanged
ENST00000460680.6:c.1886C>A	unchanged
ENST00000460680.6:c.1886C>G	unchanged
ENST00000460680.6:c.1886C>T	unchanged
ENST00000460680.6:c.1887C>A	unchanged
ENST00000460680.6:c.1887C>G	unchanged
ENST00000460680.6:c.1887C>T	unchanged
ENST00000460680.6:c.1888A>C	unchanged
ENST00000460680.6:c.1888A>G	unchanged
ENST00000460680.6:c.1888A>T	weakly depleted
ENST00000460680.6:c.1889A>C	enriched
ENST00000460680.6:c.1889A>G	unchanged
ENST00000460680.6:c.1889A>T	unchanged
ENST00000460680.6:c.1890G>A	unchanged
ENST00000460680.6:c.1890G>C	unchanged
ENST00000460680.6:c.1890G>T	unchanged
ENST00000460680.6:c.1890+1G>A	weakly depleted
ENST00000460680.6:c.1890+1G>C	weakly depleted
ENST00000460680.6:c.1890+1G>T	weakly depleted
ENST00000460680.6:c.1890+2T>A	weakly depleted
ENST00000460680.6:c.1890+2T>C	unchanged
ENST00000460680.6:c.1890+2T>G	unchanged
ENST00000460680.6:c.1890+3G>A	unchanged
ENST00000460680.6:c.1890+3G>C	unchanged
ENST00000460680.6:c.1890+3G>T	unchanged
ENST00000460680.6:c.1890+4A>C	unchanged
ENST00000460680.6:c.1890+4A>G	unchanged
ENST00000460680.6:c.1890+4A>T	unchanged
ENST00000460680.6:c.1890+5G>A	unchanged
ENST00000460680.6:c.1890+5G>C	unchanged
ENST00000460680.6:c.1890+5G>T	unchanged
ENST00000460680.6:c.1890+6C>A	unchanged
ENST00000460680.6:c.1890+6C>G	unchanged
ENST00000460680.6:c.1890+6C>T	unchanged
ENST00000460680.6:c.1890+7C>A	unchanged
ENST00000460680.6:c.1890+7C>G	unchanged
ENST00000460680.6:c.1890+7C>T	unchanged
ENST00000460680.6:c.1890+8T>A	unchanged
ENST00000460680.6:c.1890+8T>C	unchanged
ENST00000460680.6:c.1890+8T>G	unchanged
ENST00000460680.6:c.1890+9C>A	unchanged
ENST00000460680.6:c.1890+9C>G	unchanged
ENST00000460680.6:c.1890+9C>T	unchanged
ENST00000460680.6:c.1890+10C>A	unchanged
ENST00000460680.6:c.1890+10C>G	unchanged
ENST00000460680.6:c.1890+10C>T	unchanged
ENST00000460680.6:c.1890+11G>A	unchanged
ENST00000460680.6:c.1890+11G>C	unchanged
ENST00000460680.6:c.1890+11G>T	unchanged
ENST00000460680.6:c.1890+12T>A	unchanged
ENST00000460680.6:c.1890+12T>C	unchanged
ENST00000460680.6:c.1890+12T>G	unchanged
ENST00000460680.6:c.1890+13T>A	unchanged
ENST00000460680.6:c.1890+13T>C	unchanged
ENST00000460680.6:c.1890+13T>G	unchanged
ENST00000460680.6:c.1890+14G>A	unchanged
ENST00000460680.6:c.1890+14G>C	unchanged
ENST00000460680.6:c.1890+14G>T	unchanged
ENST00000460680.6:c.1890+15T>A	unchanged
ENST00000460680.6:c.1890+15T>C	unchanged
ENST00000460680.6:c.1890+15T>G	unchanged
ENST00000460680.6:c.1890+16G>A	unchanged
ENST00000460680.6:c.1890+16G>C	unchanged
ENST00000460680.6:c.1890+16G>T	unchanged
ENST00000460680.6:c.1890+17G>A	unchanged
ENST00000460680.6:c.1890+17G>C	unchanged
ENST00000460680.6:c.1890+17G>T	unchanged
ENST00000460680.6:c.1890+18T>A	unchanged
ENST00000460680.6:c.1890+18T>C	weakly depleted
ENST00000460680.6:c.1890+18T>G	unchanged
ENST00000460680.6:c.1890+19T>A	unchanged
ENST00000460680.6:c.1890+19T>C	unchanged
ENST00000460680.6:c.1890+19T>G	unchanged
ENST00000460680.6:c.1890+20T>A	unchanged
ENST00000460680.6:c.1890+20T>C	unchanged
ENST00000460680.6:c.1890+20T>G	unchanged
ENST00000460680.6:c.1891-30G>A	unchanged
ENST00000460680.6:c.1891-30G>C	unchanged
ENST00000460680.6:c.1891-30G>T	unchanged
ENST00000460680.6:c.1891-29A>C	unchanged
ENST00000460680.6:c.1891-29A>G	unchanged
ENST00000460680.6:c.1891-29A>T	unchanged
ENST00000460680.6:c.1891-28T>A	unchanged
ENST00000460680.6:c.1891-28T>C	unchanged
ENST00000460680.6:c.1891-28T>G	unchanged
ENST00000460680.6:c.1891-27C>A	unchanged
ENST00000460680.6:c.1891-27C>G	unchanged
ENST00000460680.6:c.1891-27C>T	unchanged
ENST00000460680.6:c.1891-26A>C	unchanged
ENST00000460680.6:c.1891-26A>G	unchanged
ENST00000460680.6:c.1891-26A>T	unchanged
ENST00000460680.6:c.1891-25G>A	unchanged
ENST00000460680.6:c.1891-25G>C	unchanged
ENST00000460680.6:c.1891-25G>T	unchanged
ENST00000460680.6:c.1891-24A>C	unchanged
ENST00000460680.6:c.1891-24A>G	unchanged
ENST00000460680.6:c.1891-24A>T	unchanged
ENST00000460680.6:c.1891-23G>A	unchanged
ENST00000460680.6:c.1891-23G>C	unchanged
ENST00000460680.6:c.1891-23G>T	unchanged
ENST00000460680.6:c.1891-22G>A	unchanged
ENST00000460680.6:c.1891-22G>C	unchanged
ENST00000460680.6:c.1891-22G>T	weakly depleted
ENST00000460680.6:c.1891-21T>A	unchanged
ENST00000460680.6:c.1891-21T>C	unchanged
ENST00000460680.6:c.1891-21T>G	weakly depleted
ENST00000460680.6:c.1891-20G>A	unchanged
ENST00000460680.6:c.1891-20G>C	unchanged
ENST00000460680.6:c.1891-20G>T	unchanged
ENST00000460680.6:c.1891-19C>A	unchanged
ENST00000460680.6:c.1891-19C>G	unchanged
ENST00000460680.6:c.1891-19C>T	unchanged
ENST00000460680.6:c.1891-18A>C	unchanged
ENST00000460680.6:c.1891-18A>G	unchanged
ENST00000460680.6:c.1891-18A>T	unchanged
ENST00000460680.6:c.1891-17A>C	unchanged
ENST00000460680.6:c.1891-17A>G	weakly depleted
ENST00000460680.6:c.1891-17A>T	unchanged
ENST00000460680.6:c.1891-16T>A	weakly depleted
ENST00000460680.6:c.1891-16T>C	unchanged
ENST00000460680.6:c.1891-16T>G	weakly depleted
ENST00000460680.6:c.1891-15G>A	unchanged
ENST00000460680.6:c.1891-15G>C	unchanged
ENST00000460680.6:c.1891-15G>T	unchanged
ENST00000460680.6:c.1891-14C>A	weakly depleted
ENST00000460680.6:c.1891-14C>G	unchanged
ENST00000460680.6:c.1891-14C>T	unchanged
ENST00000460680.6:c.1891-13T>A	weakly depleted
ENST00000460680.6:c.1891-13T>C	unchanged
ENST00000460680.6:c.1891-13T>G	unchanged
ENST00000460680.6:c.1891-12G>A	weakly depleted
ENST00000460680.6:c.1891-12G>C	unchanged
ENST00000460680.6:c.1891-12G>T	unchanged
ENST00000460680.6:c.1891-11G>A	unchanged
ENST00000460680.6:c.1891-11G>C	unchanged
ENST00000460680.6:c.1891-11G>T	unchanged
ENST00000460680.6:c.1891-10G>A	unchanged
ENST00000460680.6:c.1891-10G>C	unchanged
ENST00000460680.6:c.1891-10G>T	unchanged
ENST00000460680.6:c.1891-9T>A	unchanged
ENST00000460680.6:c.1891-9T>C	unchanged
ENST00000460680.6:c.1891-9T>G	weakly depleted
ENST00000460680.6:c.1891-8T>A	unchanged
ENST00000460680.6:c.1891-8T>C	unchanged
ENST00000460680.6:c.1891-8T>G	weakly depleted
ENST00000460680.6:c.1891-7T>A	weakly depleted
ENST00000460680.6:c.1891-7T>C	unchanged
ENST00000460680.6:c.1891-7T>G	unchanged
ENST00000460680.6:c.1891-6T>A	weakly depleted
ENST00000460680.6:c.1891-6T>C	unchanged
ENST00000460680.6:c.1891-6T>G	weakly depleted
ENST00000460680.6:c.1891-5G>A	unchanged
ENST00000460680.6:c.1891-5G>C	unchanged
ENST00000460680.6:c.1891-5G>T	unchanged
ENST00000460680.6:c.1891-4G>A	unchanged
ENST00000460680.6:c.1891-4G>C	unchanged
ENST00000460680.6:c.1891-4G>T	unchanged
ENST00000460680.6:c.1891-3C>A	weakly depleted
ENST00000460680.6:c.1891-3C>G	weakly depleted
ENST00000460680.6:c.1891-3C>T	unchanged
ENST00000460680.6:c.1891-2A>C	weakly depleted
ENST00000460680.6:c.1891-2A>G	weakly depleted
ENST00000460680.6:c.1891-2A>T	weakly depleted
ENST00000460680.6:c.1891-1G>A	weakly depleted
ENST00000460680.6:c.1891-1G>C	weakly depleted
ENST00000460680.6:c.1891-1G>T	weakly depleted
ENST00000460680.6:c.1891G>A	weakly depleted
ENST00000460680.6:c.1891G>C	weakly depleted
ENST00000460680.6:c.1891G>T	weakly depleted
ENST00000460680.6:c.1892A>C	weakly depleted
ENST00000460680.6:c.1892A>G	weakly depleted
ENST00000460680.6:c.1892A>T	weakly depleted
ENST00000460680.6:c.1893G>A	unchanged
ENST00000460680.6:c.1893G>C	unchanged
ENST00000460680.6:c.1893G>T	unchanged
ENST00000460680.6:c.1894C>A	unchanged
ENST00000460680.6:c.1894C>G	unchanged
ENST00000460680.6:c.1894C>T	unchanged
ENST00000460680.6:c.1895T>A	unchanged
ENST00000460680.6:c.1895T>C	weakly depleted
ENST00000460680.6:c.1895T>G	weakly depleted
ENST00000460680.6:c.1896G>A	unchanged
ENST00000460680.6:c.1896G>C	weakly depleted
ENST00000460680.6:c.1896G>T	unchanged
ENST00000460680.6:c.1897C>A	unchanged
ENST00000460680.6:c.1897C>G	unchanged
ENST00000460680.6:c.1897C>T	unchanged
ENST00000460680.6:c.1898T>A	unchanged
ENST00000460680.6:c.1898T>C	weakly depleted
ENST00000460680.6:c.1898T>G	unchanged
ENST00000460680.6:c.1899G>A	unchanged
ENST00000460680.6:c.1899G>C	unchanged
ENST00000460680.6:c.1899G>T	unchanged
ENST00000460680.6:c.1900G>A	unchanged
ENST00000460680.6:c.1900G>C	weakly depleted
ENST00000460680.6:c.1900G>T	weakly depleted
ENST00000460680.6:c.1901C>A	unchanged
ENST00000460680.6:c.1901C>G	unchanged
ENST00000460680.6:c.1901C>T	unchanged
ENST00000460680.6:c.1902A>C	unchanged
ENST00000460680.6:c.1902A>G	unchanged
ENST00000460680.6:c.1902A>T	unchanged
ENST00000460680.6:c.1903C>A	unchanged
ENST00000460680.6:c.1903C>G	unchanged
ENST00000460680.6:c.1903C>T	unchanged
ENST00000460680.6:c.1904T>A	unchanged
ENST00000460680.6:c.1904T>C	weakly depleted
ENST00000460680.6:c.1904T>G	weakly depleted
ENST00000460680.6:c.1905G>A	unchanged
ENST00000460680.6:c.1905G>C	unchanged
ENST00000460680.6:c.1905G>T	unchanged
ENST00000460680.6:c.1906C>A	unchanged
ENST00000460680.6:c.1906C>G	unchanged
ENST00000460680.6:c.1906C>T	unchanged
ENST00000460680.6:c.1907T>A	unchanged
ENST00000460680.6:c.1907T>C	weakly depleted
ENST00000460680.6:c.1907T>G	unchanged
ENST00000460680.6:c.1908G>A	unchanged
ENST00000460680.6:c.1908G>C	unchanged
ENST00000460680.6:c.1908G>T	unchanged
ENST00000460680.6:c.1909A>C	unchanged
ENST00000460680.6:c.1909A>G	unchanged
ENST00000460680.6:c.1909A>T	strongly depleted
ENST00000460680.6:c.1910A>C	unchanged
ENST00000460680.6:c.1910A>G	unchanged
ENST00000460680.6:c.1910A>T	unchanged
ENST00000460680.6:c.1911G>A	unchanged
ENST00000460680.6:c.1911G>C	unchanged
ENST00000460680.6:c.1911G>T	unchanged
ENST00000460680.6:c.1912T>A	unchanged
ENST00000460680.6:c.1912T>C	unchanged
ENST00000460680.6:c.1912T>G	weakly depleted
ENST00000460680.6:c.1913G>A	unchanged
ENST00000460680.6:c.1913G>C	unchanged
ENST00000460680.6:c.1913G>T	unchanged
ENST00000460680.6:c.1914T>A	strongly depleted
ENST00000460680.6:c.1914T>C	unchanged
ENST00000460680.6:c.1914T>G	unchanged
ENST00000460680.6:c.1915G>A	unchanged
ENST00000460680.6:c.1915G>C	unchanged
ENST00000460680.6:c.1915G>T	unchanged
ENST00000460680.6:c.1916T>A	unchanged
ENST00000460680.6:c.1916T>C	unchanged
ENST00000460680.6:c.1916T>G	weakly depleted
ENST00000460680.6:c.1917G>A	unchanged
ENST00000460680.6:c.1917G>C	unchanged
ENST00000460680.6:c.1917G>T	unchanged
ENST00000460680.6:c.1918G>A	unchanged
ENST00000460680.6:c.1918G>C	unchanged
ENST00000460680.6:c.1918G>T	weakly depleted
ENST00000460680.6:c.1919A>C	unchanged
ENST00000460680.6:c.1919A>G	weakly depleted
ENST00000460680.6:c.1919A>T	unchanged
ENST00000460680.6:c.1920G>A	unchanged
ENST00000460680.6:c.1920G>C	unchanged
ENST00000460680.6:c.1920G>T	unchanged
ENST00000460680.6:c.1921G>A	unchanged
ENST00000460680.6:c.1921G>C	weakly depleted
ENST00000460680.6:c.1921G>T	unchanged
ENST00000460680.6:c.1922C>A	unchanged
ENST00000460680.6:c.1922C>G	unchanged
ENST00000460680.6:c.1922C>T	unchanged
ENST00000460680.6:c.1923T>A	unchanged
ENST00000460680.6:c.1923T>C	unchanged
ENST00000460680.6:c.1923T>G	unchanged
ENST00000460680.6:c.1924G>A	unchanged
ENST00000460680.6:c.1924G>C	unchanged
ENST00000460680.6:c.1924G>T	strongly depleted
ENST00000460680.6:c.1925A>C	unchanged
ENST00000460680.6:c.1925A>G	unchanged
ENST00000460680.6:c.1925A>T	weakly depleted
ENST00000460680.6:c.1926G>A	unchanged
ENST00000460680.6:c.1926G>C	unchanged
ENST00000460680.6:c.1926G>T	unchanged
ENST00000460680.6:c.1927A>C	unchanged
ENST00000460680.6:c.1927A>G	unchanged
ENST00000460680.6:c.1927A>T	unchanged
ENST00000460680.6:c.1928T>A	unchanged
ENST00000460680.6:c.1928T>C	unchanged
ENST00000460680.6:c.1928T>G	unchanged
ENST00000460680.6:c.1929T>A	unchanged
ENST00000460680.6:c.1929T>C	unchanged
ENST00000460680.6:c.1929T>G	unchanged
ENST00000460680.6:c.1930G>A	unchanged
ENST00000460680.6:c.1930G>C	weakly depleted
ENST00000460680.6:c.1930G>T	unchanged
ENST00000460680.6:c.1931C>A	unchanged
ENST00000460680.6:c.1931C>G	unchanged
ENST00000460680.6:c.1931C>T	unchanged
ENST00000460680.6:c.1932A>C	unchanged
ENST00000460680.6:c.1932A>G	unchanged
ENST00000460680.6:c.1932A>T	unchanged
ENST00000460680.6:c.1933A>C	unchanged
ENST00000460680.6:c.1933A>G	unchanged
ENST00000460680.6:c.1933A>T	unchanged
ENST00000460680.6:c.1934A>C	unchanged
ENST00000460680.6:c.1934A>G	unchanged
ENST00000460680.6:c.1934A>T	unchanged
ENST00000460680.6:c.1935C>A	unchanged
ENST00000460680.6:c.1935C>G	unchanged
ENST00000460680.6:c.1935C>T	unchanged
ENST00000460680.6:c.1936T>A	unchanged
ENST00000460680.6:c.1936T>C	unchanged
ENST00000460680.6:c.1936T>G	unchanged
ENST00000460680.6:c.1937A>C	unchanged
ENST00000460680.6:c.1937A>G	unchanged
ENST00000460680.6:c.1937A>T	unchanged
ENST00000460680.6:c.1938T>A	strongly depleted
ENST00000460680.6:c.1938T>C	unchanged
ENST00000460680.6:c.1938T>G	strongly depleted
ENST00000460680.6:c.1939G>A	unchanged
ENST00000460680.6:c.1939G>C	unchanged
ENST00000460680.6:c.1939G>T	weakly depleted
ENST00000460680.6:c.1940A>C	unchanged
ENST00000460680.6:c.1940A>G	weakly depleted
ENST00000460680.6:c.1940A>T	unchanged
ENST00000460680.6:c.1941G>A	unchanged
ENST00000460680.6:c.1941G>C	unchanged
ENST00000460680.6:c.1941G>T	unchanged
ENST00000460680.6:c.1942G>A	unchanged
ENST00000460680.6:c.1942G>C	unchanged
ENST00000460680.6:c.1942G>T	unchanged
ENST00000460680.6:c.1943C>A	unchanged
ENST00000460680.6:c.1943C>G	unchanged
ENST00000460680.6:c.1943C>T	unchanged
ENST00000460680.6:c.1944G>A	unchanged
ENST00000460680.6:c.1944G>C	unchanged
ENST00000460680.6:c.1944G>T	unchanged
ENST00000460680.6:c.1945T>A	unchanged
ENST00000460680.6:c.1945T>C	unchanged
ENST00000460680.6:c.1945T>G	unchanged
ENST00000460680.6:c.1946G>A	unchanged
ENST00000460680.6:c.1946G>C	unchanged
ENST00000460680.6:c.1946G>T	unchanged
ENST00000460680.6:c.1947C>A	strongly depleted
ENST00000460680.6:c.1947C>G	unchanged
ENST00000460680.6:c.1947C>T	unchanged
ENST00000460680.6:c.1948C>A	unchanged
ENST00000460680.6:c.1948C>G	unchanged
ENST00000460680.6:c.1948C>T	unchanged
ENST00000460680.6:c.1949T>A	unchanged
ENST00000460680.6:c.1949T>C	weakly depleted
ENST00000460680.6:c.1949T>G	unchanged
ENST00000460680.6:c.1950C>A	unchanged
ENST00000460680.6:c.1950C>G	unchanged
ENST00000460680.6:c.1950C>T	unchanged
ENST00000460680.6:c.1951A>C	unchanged
ENST00000460680.6:c.1951A>G	enriched
ENST00000460680.6:c.1951A>T	strongly depleted
ENST00000460680.6:c.1952A>C	unchanged
ENST00000460680.6:c.1952A>G	unchanged
ENST00000460680.6:c.1952A>T	unchanged
ENST00000460680.6:c.1953G>A	unchanged
ENST00000460680.6:c.1953G>C	unchanged
ENST00000460680.6:c.1953G>T	unchanged
ENST00000460680.6:c.1954G>A	weakly depleted
ENST00000460680.6:c.1954G>C	weakly depleted
ENST00000460680.6:c.1954G>T	strongly depleted
ENST00000460680.6:c.1955A>C	weakly depleted
ENST00000460680.6:c.1955A>G	weakly depleted
ENST00000460680.6:c.1955A>T	weakly depleted
ENST00000460680.6:c.1956G>A	unchanged
ENST00000460680.6:c.1956G>C	unchanged
ENST00000460680.6:c.1956G>T	unchanged
ENST00000460680.6:c.1957G>A	weakly depleted
ENST00000460680.6:c.1957G>C	unchanged
ENST00000460680.6:c.1957G>T	strongly depleted
ENST00000460680.6:c.1958A>C	weakly depleted
ENST00000460680.6:c.1958A>G	unchanged
ENST00000460680.6:c.1958A>T	weakly depleted
ENST00000460680.6:c.1959G>A	unchanged
ENST00000460680.6:c.1959G>C	unchanged
ENST00000460680.6:c.1959G>T	unchanged
ENST00000460680.6:c.1960G>A	enriched
ENST00000460680.6:c.1960G>C	unchanged
ENST00000460680.6:c.1960G>T	unchanged
ENST00000460680.6:c.1961T>A	unchanged
ENST00000460680.6:c.1961T>C	unchanged
ENST00000460680.6:c.1961T>G	unchanged
ENST00000460680.6:c.1962A>C	unchanged
ENST00000460680.6:c.1962A>G	unchanged
ENST00000460680.6:c.1962A>T	unchanged
ENST00000460680.6:c.1963G>A	weakly depleted
ENST00000460680.6:c.1963G>C	unchanged
ENST00000460680.6:c.1963G>T	strongly depleted
ENST00000460680.6:c.1964A>C	weakly depleted
ENST00000460680.6:c.1964A>G	weakly depleted
ENST00000460680.6:c.1964A>T	unchanged
ENST00000460680.6:c.1965G>A	unchanged
ENST00000460680.6:c.1965G>C	unchanged
ENST00000460680.6:c.1965G>T	unchanged
ENST00000460680.6:c.1966A>C	unchanged
ENST00000460680.6:c.1966A>G	unchanged
ENST00000460680.6:c.1966A>T	strongly depleted
ENST00000460680.6:c.1967A>C	unchanged
ENST00000460680.6:c.1967A>G	unchanged
ENST00000460680.6:c.1967A>T	unchanged
ENST00000460680.6:c.1968G>A	unchanged
ENST00000460680.6:c.1968G>C	unchanged
ENST00000460680.6:c.1968G>T	unchanged
ENST00000460680.6:c.1969A>C	unchanged
ENST00000460680.6:c.1969A>G	weakly depleted
ENST00000460680.6:c.1969A>T	weakly depleted
ENST00000460680.6:c.1970G>A	unchanged
ENST00000460680.6:c.1970G>C	unchanged
ENST00000460680.6:c.1970G>T	unchanged
ENST00000460680.6:c.1971G>A	unchanged
ENST00000460680.6:c.1971G>C	unchanged
ENST00000460680.6:c.1971G>T	unchanged
ENST00000460680.6:c.1972A>C	unchanged
ENST00000460680.6:c.1972A>G	unchanged
ENST00000460680.6:c.1972A>T	strongly depleted
ENST00000460680.6:c.1973A>C	unchanged
ENST00000460680.6:c.1973A>G	unchanged
ENST00000460680.6:c.1973A>T	unchanged
ENST00000460680.6:c.1974G>A	unchanged
ENST00000460680.6:c.1974G>C	unchanged
ENST00000460680.6:c.1974G>T	unchanged
ENST00000460680.6:c.1975A>C	unchanged
ENST00000460680.6:c.1975A>G	weakly depleted
ENST00000460680.6:c.1975A>T	strongly depleted
ENST00000460680.6:c.1976A>C	unchanged
ENST00000460680.6:c.1976A>G	unchanged
ENST00000460680.6:c.1976A>T	unchanged
ENST00000460680.6:c.1977G>A	unchanged
ENST00000460680.6:c.1977G>C	unchanged
ENST00000460680.6:c.1977G>T	unchanged
ENST00000460680.6:c.1978T>A	weakly depleted
ENST00000460680.6:c.1978T>C	weakly depleted
ENST00000460680.6:c.1978T>G	weakly depleted
ENST00000460680.6:c.1979T>A	unchanged
ENST00000460680.6:c.1979T>C	weakly depleted
ENST00000460680.6:c.1979T>G	weakly depleted
ENST00000460680.6:c.1980C>A	weakly depleted
ENST00000460680.6:c.1980C>G	weakly depleted
ENST00000460680.6:c.1980C>T	unchanged
ENST00000460680.6:c.1981A>C	unchanged
ENST00000460680.6:c.1981A>G	unchanged
ENST00000460680.6:c.1981A>T	strongly depleted
ENST00000460680.6:c.1982A>C	unchanged
ENST00000460680.6:c.1982A>G	weakly depleted
ENST00000460680.6:c.1982A>T	unchanged
ENST00000460680.6:c.1983G>A	weakly depleted
ENST00000460680.6:c.1983G>C	weakly depleted
ENST00000460680.6:c.1983G>T	weakly depleted
ENST00000460680.6:c.1983+1G>A	strongly depleted
ENST00000460680.6:c.1983+1G>C	strongly depleted
ENST00000460680.6:c.1983+1G>T	weakly depleted
ENST00000460680.6:c.1983+2T>A	strongly depleted
ENST00000460680.6:c.1983+2T>C	weakly depleted
ENST00000460680.6:c.1983+2T>G	strongly depleted
ENST00000460680.6:c.1983+3G>A	unchanged
ENST00000460680.6:c.1983+3G>C	unchanged
ENST00000460680.6:c.1983+3G>T	unchanged
ENST00000460680.6:c.1983+4G>A	unchanged
ENST00000460680.6:c.1983+4G>C	unchanged
ENST00000460680.6:c.1983+4G>T	unchanged
ENST00000460680.6:c.1983+5G>A	weakly depleted
ENST00000460680.6:c.1983+5G>C	weakly depleted
ENST00000460680.6:c.1983+5G>T	weakly depleted
ENST00000460680.6:c.1983+6T>A	unchanged
ENST00000460680.6:c.1983+6T>C	unchanged
ENST00000460680.6:c.1983+6T>G	unchanged
ENST00000460680.6:c.1983+7G>A	unchanged
ENST00000460680.6:c.1983+7G>C	unchanged
ENST00000460680.6:c.1983+7G>T	unchanged
ENST00000460680.6:c.1983+8A>C	unchanged
ENST00000460680.6:c.1983+8A>G	unchanged
ENST00000460680.6:c.1983+8A>T	unchanged
ENST00000460680.6:c.1983+9T>A	unchanged
ENST00000460680.6:c.1983+9T>C	unchanged
ENST00000460680.6:c.1983+9T>G	unchanged
ENST00000460680.6:c.1983+10T>A	unchanged
ENST00000460680.6:c.1983+10T>C	unchanged
ENST00000460680.6:c.1983+10T>G	unchanged
ENST00000460680.6:c.1983+11T>A	unchanged
ENST00000460680.6:c.1983+11T>C	unchanged
ENST00000460680.6:c.1983+11T>G	unchanged
ENST00000460680.6:c.1983+12C>A	unchanged
ENST00000460680.6:c.1983+12C>G	unchanged
ENST00000460680.6:c.1983+12C>T	unchanged
ENST00000460680.6:c.1983+13T>A	unchanged
ENST00000460680.6:c.1983+13T>C	unchanged
ENST00000460680.6:c.1983+13T>G	unchanged
ENST00000460680.6:c.1983+14C>A	unchanged
ENST00000460680.6:c.1983+14C>G	unchanged
ENST00000460680.6:c.1983+14C>T	unchanged
ENST00000460680.6:c.1983+15C>A	unchanged
ENST00000460680.6:c.1983+15C>G	unchanged
ENST00000460680.6:c.1983+15C>T	unchanged
ENST00000460680.6:c.1983+16A>C	unchanged
ENST00000460680.6:c.1983+16A>G	unchanged
ENST00000460680.6:c.1983+16A>T	unchanged
ENST00000460680.6:c.1983+17G>A	unchanged
ENST00000460680.6:c.1983+17G>C	unchanged
ENST00000460680.6:c.1983+17G>T	unchanged
ENST00000460680.6:c.1983+18T>A	unchanged
ENST00000460680.6:c.1983+18T>C	unchanged
ENST00000460680.6:c.1983+18T>G	unchanged
ENST00000460680.6:c.1983+19T>A	unchanged
ENST00000460680.6:c.1983+19T>C	unchanged
ENST00000460680.6:c.1983+19T>G	unchanged
ENST00000460680.6:c.1983+20G>A	unchanged
ENST00000460680.6:c.1983+20G>C	unchanged
ENST00000460680.6:c.1983+20G>T	unchanged
ENST00000460680.6:c.1983+21C>A	unchanged
ENST00000460680.6:c.1983+21C>G	unchanged
ENST00000460680.6:c.1983+21C>T	unchanged
ENST00000460680.6:c.1983+22C>A	unchanged
ENST00000460680.6:c.1983+22C>G	unchanged
ENST00000460680.6:c.1983+22C>T	unchanged
ENST00000460680.6:c.1983+23T>A	unchanged
ENST00000460680.6:c.1983+23T>C	unchanged
ENST00000460680.6:c.1983+23T>G	unchanged
ENST00000460680.6:c.1983+24G>A	unchanged
ENST00000460680.6:c.1983+24G>C	unchanged
ENST00000460680.6:c.1983+24G>T	unchanged
ENST00000460680.6:c.1983+25A>C	unchanged
ENST00000460680.6:c.1983+25A>G	unchanged
ENST00000460680.6:c.1983+25A>T	unchanged
ENST00000460680.6:c.1984-25C>A	unchanged
ENST00000460680.6:c.1984-25C>G	unchanged
ENST00000460680.6:c.1984-25C>T	unchanged
ENST00000460680.6:c.1984-24T>A	unchanged
ENST00000460680.6:c.1984-24T>C	unchanged
ENST00000460680.6:c.1984-24T>G	unchanged
ENST00000460680.6:c.1984-23C>A	unchanged
ENST00000460680.6:c.1984-23C>G	unchanged
ENST00000460680.6:c.1984-23C>T	unchanged
ENST00000460680.6:c.1984-22T>A	unchanged
ENST00000460680.6:c.1984-22T>C	unchanged
ENST00000460680.6:c.1984-22T>G	unchanged
ENST00000460680.6:c.1984-21C>A	unchanged
ENST00000460680.6:c.1984-21C>G	unchanged
ENST00000460680.6:c.1984-21C>T	unchanged
ENST00000460680.6:c.1984-20A>C	unchanged
ENST00000460680.6:c.1984-20A>G	unchanged
ENST00000460680.6:c.1984-20A>T	unchanged
ENST00000460680.6:c.1984-19G>A	unchanged
ENST00000460680.6:c.1984-19G>C	unchanged
ENST00000460680.6:c.1984-19G>T	unchanged
ENST00000460680.6:c.1984-18T>A	unchanged
ENST00000460680.6:c.1984-18T>C	unchanged
ENST00000460680.6:c.1984-18T>G	unchanged
ENST00000460680.6:c.1984-17C>A	unchanged
ENST00000460680.6:c.1984-17C>G	unchanged
ENST00000460680.6:c.1984-17C>T	unchanged
ENST00000460680.6:c.1984-16T>A	unchanged
ENST00000460680.6:c.1984-16T>C	unchanged
ENST00000460680.6:c.1984-16T>G	unchanged
ENST00000460680.6:c.1984-15T>A	unchanged
ENST00000460680.6:c.1984-15T>C	unchanged
ENST00000460680.6:c.1984-15T>G	unchanged
ENST00000460680.6:c.1984-14C>A	unchanged
ENST00000460680.6:c.1984-14C>G	unchanged
ENST00000460680.6:c.1984-14C>T	unchanged
ENST00000460680.6:c.1984-13T>A	unchanged
ENST00000460680.6:c.1984-13T>C	unchanged
ENST00000460680.6:c.1984-13T>G	unchanged
ENST00000460680.6:c.1984-12T>A	unchanged
ENST00000460680.6:c.1984-12T>C	unchanged
ENST00000460680.6:c.1984-12T>G	unchanged
ENST00000460680.6:c.1984-11C>A	unchanged
ENST00000460680.6:c.1984-11C>G	unchanged
ENST00000460680.6:c.1984-11C>T	weakly depleted
ENST00000460680.6:c.1984-10T>A	unchanged
ENST00000460680.6:c.1984-10T>C	unchanged
ENST00000460680.6:c.1984-10T>G	unchanged
ENST00000460680.6:c.1984-9C>A	unchanged
ENST00000460680.6:c.1984-9C>G	unchanged
ENST00000460680.6:c.1984-9C>T	unchanged
ENST00000460680.6:c.1984-8T>A	unchanged
ENST00000460680.6:c.1984-8T>C	unchanged
ENST00000460680.6:c.1984-8T>G	unchanged
ENST00000460680.6:c.1984-7C>A	unchanged
ENST00000460680.6:c.1984-7C>G	unchanged
ENST00000460680.6:c.1984-7C>T	unchanged
ENST00000460680.6:c.1984-6C>A	unchanged
ENST00000460680.6:c.1984-6C>G	unchanged
ENST00000460680.6:c.1984-6C>T	unchanged
ENST00000460680.6:c.1984-5T>A	unchanged
ENST00000460680.6:c.1984-5T>C	unchanged
ENST00000460680.6:c.1984-5T>G	unchanged
ENST00000460680.6:c.1984-4A>C	unchanged
ENST00000460680.6:c.1984-4A>G	unchanged
ENST00000460680.6:c.1984-4A>T	unchanged
ENST00000460680.6:c.1984-3C>A	unchanged
ENST00000460680.6:c.1984-3C>G	weakly depleted
ENST00000460680.6:c.1984-3C>T	unchanged
ENST00000460680.6:c.1984-2A>C	strongly depleted
ENST00000460680.6:c.1984-2A>G	weakly depleted
ENST00000460680.6:c.1984-2A>T	weakly depleted
ENST00000460680.6:c.1984-1G>A	weakly depleted
ENST00000460680.6:c.1984-1G>C	strongly depleted
ENST00000460680.6:c.1984-1G>T	weakly depleted
ENST00000460680.6:c.1984A>C	unchanged
ENST00000460680.6:c.1984A>G	unchanged
ENST00000460680.6:c.1984A>T	unchanged
ENST00000460680.6:c.1985T>A	weakly depleted
ENST00000460680.6:c.1985T>C	unchanged
ENST00000460680.6:c.1985T>G	unchanged
ENST00000460680.6:c.1986T>A	unchanged
ENST00000460680.6:c.1986T>C	unchanged
ENST00000460680.6:c.1986T>G	unchanged
ENST00000460680.6:c.1987G>A	weakly depleted
ENST00000460680.6:c.1987G>C	weakly depleted
ENST00000460680.6:c.1987G>T	weakly depleted
ENST00000460680.6:c.1988A>C	weakly depleted
ENST00000460680.6:c.1988A>G	weakly depleted
ENST00000460680.6:c.1988A>T	weakly depleted
ENST00000460680.6:c.1989T>A	unchanged
ENST00000460680.6:c.1989T>C	unchanged
ENST00000460680.6:c.1989T>G	unchanged
ENST00000460680.6:c.1990G>A	unchanged
ENST00000460680.6:c.1990G>C	unchanged
ENST00000460680.6:c.1990G>T	unchanged
ENST00000460680.6:c.1991A>C	unchanged
ENST00000460680.6:c.1991A>G	unchanged
ENST00000460680.6:c.1991A>T	unchanged
ENST00000460680.6:c.1992C>A	unchanged
ENST00000460680.6:c.1992C>G	weakly depleted
ENST00000460680.6:c.1992C>T	unchanged
ENST00000460680.6:c.1993C>A	unchanged
ENST00000460680.6:c.1993C>G	unchanged
ENST00000460680.6:c.1993C>T	weakly depleted
ENST00000460680.6:c.1994A>C	unchanged
ENST00000460680.6:c.1994A>G	unchanged
ENST00000460680.6:c.1994A>T	unchanged
ENST00000460680.6:c.1995G>A	unchanged
ENST00000460680.6:c.1995G>C	unchanged
ENST00000460680.6:c.1995G>T	unchanged
ENST00000460680.6:c.1996A>C	unchanged
ENST00000460680.6:c.1996A>G	weakly depleted
ENST00000460680.6:c.1996A>T	weakly depleted
ENST00000460680.6:c.1997G>A	weakly depleted
ENST00000460680.6:c.1997G>C	weakly depleted
ENST00000460680.6:c.1997G>T	weakly depleted
ENST00000460680.6:c.1998A>C	weakly depleted
ENST00000460680.6:c.1998A>G	unchanged
ENST00000460680.6:c.1998A>T	weakly depleted
ENST00000460680.6:c.1999A>C	unchanged
ENST00000460680.6:c.1999A>G	unchanged
ENST00000460680.6:c.1999A>T	weakly depleted
ENST00000460680.6:c.2000G>A	weakly depleted
ENST00000460680.6:c.2000G>C	weakly depleted
ENST00000460680.6:c.2000G>T	unchanged
ENST00000460680.6:c.2001G>A	unchanged
ENST00000460680.6:c.2001G>C	unchanged
ENST00000460680.6:c.2001G>T	unchanged
ENST00000460680.6:c.2002A>C	unchanged
ENST00000460680.6:c.2002A>G	unchanged
ENST00000460680.6:c.2002A>T	unchanged
ENST00000460680.6:c.2003C>A	unchanged
ENST00000460680.6:c.2003C>G	unchanged
ENST00000460680.6:c.2003C>T	unchanged
ENST00000460680.6:c.2004C>A	unchanged
ENST00000460680.6:c.2004C>G	unchanged
ENST00000460680.6:c.2004C>T	unchanged
ENST00000460680.6:c.2005C>A	unchanged
ENST00000460680.6:c.2005C>G	weakly depleted
ENST00000460680.6:c.2005C>T	unchanged
ENST00000460680.6:c.2006A>C	weakly depleted
ENST00000460680.6:c.2006A>G	unchanged
ENST00000460680.6:c.2006A>T	unchanged
ENST00000460680.6:c.2007C>A	unchanged
ENST00000460680.6:c.2007C>G	unchanged
ENST00000460680.6:c.2007C>T	unchanged
ENST00000460680.6:c.2008A>C	unchanged
ENST00000460680.6:c.2008A>G	unchanged
ENST00000460680.6:c.2008A>T	unchanged
ENST00000460680.6:c.2009A>C	enriched
ENST00000460680.6:c.2009A>G	unchanged
ENST00000460680.6:c.2009A>T	unchanged
ENST00000460680.6:c.2010C>A	unchanged
ENST00000460680.6:c.2010C>G	unchanged
ENST00000460680.6:c.2010C>T	unchanged
ENST00000460680.6:c.2011T>A	weakly depleted
ENST00000460680.6:c.2011T>C	weakly depleted
ENST00000460680.6:c.2011T>G	weakly depleted
ENST00000460680.6:c.2012A>C	weakly depleted
ENST00000460680.6:c.2012A>G	weakly depleted
ENST00000460680.6:c.2012A>T	unchanged
ENST00000460680.6:c.2013C>A	strongly depleted
ENST00000460680.6:c.2013C>G	strongly depleted
ENST00000460680.6:c.2013C>T	unchanged
ENST00000460680.6:c.2014G>A	unchanged
ENST00000460680.6:c.2014G>C	unchanged
ENST00000460680.6:c.2014G>T	unchanged
ENST00000460680.6:c.2015A>C	unchanged
ENST00000460680.6:c.2015A>G	strongly depleted
ENST00000460680.6:c.2015A>T	unchanged
ENST00000460680.6:c.2016T>A	unchanged
ENST00000460680.6:c.2016T>C	unchanged
ENST00000460680.6:c.2016T>G	unchanged
ENST00000460680.6:c.2017G>A	unchanged
ENST00000460680.6:c.2017G>C	unchanged
ENST00000460680.6:c.2017G>T	strongly depleted
ENST00000460680.6:c.2018A>C	unchanged
ENST00000460680.6:c.2018A>G	unchanged
ENST00000460680.6:c.2018A>T	unchanged
ENST00000460680.6:c.2019G>A	unchanged
ENST00000460680.6:c.2019G>C	unchanged
ENST00000460680.6:c.2019G>T	unchanged
ENST00000460680.6:c.2020T>A	unchanged
ENST00000460680.6:c.2020T>C	unchanged
ENST00000460680.6:c.2020T>G	unchanged
ENST00000460680.6:c.2021T>A	unchanged
ENST00000460680.6:c.2021T>C	weakly depleted
ENST00000460680.6:c.2021T>G	unchanged
ENST00000460680.6:c.2022C>A	unchanged
ENST00000460680.6:c.2022C>G	unchanged
ENST00000460680.6:c.2022C>T	unchanged
ENST00000460680.6:c.2023A>C	unchanged
ENST00000460680.6:c.2023A>G	enriched
ENST00000460680.6:c.2023A>T	unchanged
ENST00000460680.6:c.2024T>A	unchanged
ENST00000460680.6:c.2024T>C	unchanged
ENST00000460680.6:c.2024T>G	weakly depleted
ENST00000460680.6:c.2025C>A	unchanged
ENST00000460680.6:c.2025C>G	unchanged
ENST00000460680.6:c.2025C>T	unchanged
ENST00000460680.6:c.2026T>A	unchanged
ENST00000460680.6:c.2026T>C	unchanged
ENST00000460680.6:c.2026T>G	unchanged
ENST00000460680.6:c.2027G>A	unchanged
ENST00000460680.6:c.2027G>C	unchanged
ENST00000460680.6:c.2027G>T	unchanged
ENST00000460680.6:c.2028C>A	strongly depleted
ENST00000460680.6:c.2028C>G	unchanged
ENST00000460680.6:c.2028C>T	unchanged
ENST00000460680.6:c.2029A>C	weakly depleted
ENST00000460680.6:c.2029A>G	unchanged
ENST00000460680.6:c.2029A>T	unchanged
ENST00000460680.6:c.2030C>A	unchanged
ENST00000460680.6:c.2030C>G	unchanged
ENST00000460680.6:c.2030C>T	unchanged
ENST00000460680.6:c.2031C>A	unchanged
ENST00000460680.6:c.2031C>G	unchanged
ENST00000460680.6:c.2031C>T	unchanged
ENST00000460680.6:c.2032T>A	unchanged
ENST00000460680.6:c.2032T>C	unchanged
ENST00000460680.6:c.2032T>G	unchanged
ENST00000460680.6:c.2033T>A	unchanged
ENST00000460680.6:c.2033T>C	unchanged
ENST00000460680.6:c.2033T>G	unchanged
ENST00000460680.6:c.2034T>A	unchanged
ENST00000460680.6:c.2034T>C	unchanged
ENST00000460680.6:c.2034T>G	unchanged
ENST00000460680.6:c.2035A>C	unchanged
ENST00000460680.6:c.2035A>G	unchanged
ENST00000460680.6:c.2035A>T	unchanged
ENST00000460680.6:c.2036T>A	unchanged
ENST00000460680.6:c.2036T>C	unchanged
ENST00000460680.6:c.2036T>G	unchanged
ENST00000460680.6:c.2037C>A	unchanged
ENST00000460680.6:c.2037C>G	unchanged
ENST00000460680.6:c.2037C>T	unchanged
ENST00000460680.6:c.2038T>A	unchanged
ENST00000460680.6:c.2038T>C	unchanged
ENST00000460680.6:c.2038T>G	unchanged
ENST00000460680.6:c.2039C>A	enriched
ENST00000460680.6:c.2039C>G	unchanged
ENST00000460680.6:c.2039C>T	enriched
ENST00000460680.6:c.2040C>A	unchanged
ENST00000460680.6:c.2040C>G	unchanged
ENST00000460680.6:c.2040C>T	unchanged
ENST00000460680.6:c.2041A>C	unchanged
ENST00000460680.6:c.2041A>G	unchanged
ENST00000460680.6:c.2041A>T	unchanged
ENST00000460680.6:c.2042T>A	unchanged
ENST00000460680.6:c.2042T>C	unchanged
ENST00000460680.6:c.2042T>G	unchanged
ENST00000460680.6:c.2043G>A	unchanged
ENST00000460680.6:c.2043G>C	unchanged
ENST00000460680.6:c.2043G>T	unchanged
ENST00000460680.6:c.2044C>A	unchanged
ENST00000460680.6:c.2044C>G	weakly depleted
ENST00000460680.6:c.2044C>T	unchanged
ENST00000460680.6:c.2045T>A	unchanged
ENST00000460680.6:c.2045T>C	weakly depleted
ENST00000460680.6:c.2045T>G	weakly depleted
ENST00000460680.6:c.2046G>A	unchanged
ENST00000460680.6:c.2046G>C	unchanged
ENST00000460680.6:c.2046G>T	unchanged
ENST00000460680.6:c.2047G>A	unchanged
ENST00000460680.6:c.2047G>C	unchanged
ENST00000460680.6:c.2047G>T	unchanged
ENST00000460680.6:c.2048C>A	unchanged
ENST00000460680.6:c.2048C>G	unchanged
ENST00000460680.6:c.2048C>T	unchanged
ENST00000460680.6:c.2049T>A	unchanged
ENST00000460680.6:c.2049T>C	unchanged
ENST00000460680.6:c.2049T>G	unchanged
ENST00000460680.6:c.2050C>A	unchanged
ENST00000460680.6:c.2050C>G	unchanged
ENST00000460680.6:c.2050C>T	weakly depleted
ENST00000460680.6:c.2051A>C	unchanged
ENST00000460680.6:c.2051A>G	unchanged
ENST00000460680.6:c.2051A>T	unchanged
ENST00000460680.6:c.2052G>A	unchanged
ENST00000460680.6:c.2052G>C	unchanged
ENST00000460680.6:c.2052G>T	unchanged
ENST00000460680.6:c.2053G>A	unchanged
ENST00000460680.6:c.2053G>C	unchanged
ENST00000460680.6:c.2053G>T	weakly depleted
ENST00000460680.6:c.2054A>C	unchanged
ENST00000460680.6:c.2054A>G	enriched
ENST00000460680.6:c.2054A>T	weakly depleted
ENST00000460680.6:c.2055A>C	unchanged
ENST00000460680.6:c.2055A>G	unchanged
ENST00000460680.6:c.2055A>T	unchanged
ENST00000460680.6:c.2056G>A	weakly depleted
ENST00000460680.6:c.2056G>C	weakly depleted
ENST00000460680.6:c.2056G>T	unchanged
ENST00000460680.6:c.2056+1G>A	strongly depleted
ENST00000460680.6:c.2056+1G>C	strongly depleted
ENST00000460680.6:c.2056+1G>T	strongly depleted
ENST00000460680.6:c.2056+2T>A	strongly depleted
ENST00000460680.6:c.2056+2T>C	weakly depleted
ENST00000460680.6:c.2056+2T>G	strongly depleted
ENST00000460680.6:c.2056+3G>A	unchanged
ENST00000460680.6:c.2056+3G>C	unchanged
ENST00000460680.6:c.2056+3G>T	unchanged
ENST00000460680.6:c.2056+4A>C	unchanged
ENST00000460680.6:c.2056+4A>G	unchanged
ENST00000460680.6:c.2056+4A>T	unchanged
ENST00000460680.6:c.2056+5G>A	unchanged
ENST00000460680.6:c.2056+5G>C	unchanged
ENST00000460680.6:c.2056+5G>T	unchanged
ENST00000460680.6:c.2056+6G>A	unchanged
ENST00000460680.6:c.2056+6G>C	unchanged
ENST00000460680.6:c.2056+6G>T	unchanged
ENST00000460680.6:c.2056+7G>A	enriched
ENST00000460680.6:c.2056+7G>C	unchanged
ENST00000460680.6:c.2056+7G>T	unchanged
ENST00000460680.6:c.2056+8G>A	unchanged
ENST00000460680.6:c.2056+8G>C	unchanged
ENST00000460680.6:c.2056+8G>T	unchanged
ENST00000460680.6:c.2056+9A>C	unchanged
ENST00000460680.6:c.2056+9A>G	unchanged
ENST00000460680.6:c.2056+9A>T	unchanged
ENST00000460680.6:c.2056+10T>A	unchanged
ENST00000460680.6:c.2056+10T>C	unchanged
ENST00000460680.6:c.2056+10T>G	unchanged
ENST00000460680.6:c.2056+11G>A	unchanged
ENST00000460680.6:c.2056+11G>C	unchanged
ENST00000460680.6:c.2056+11G>T	unchanged
ENST00000460680.6:c.2056+12C>A	unchanged
ENST00000460680.6:c.2056+12C>G	unchanged
ENST00000460680.6:c.2056+12C>T	unchanged
ENST00000460680.6:c.2056+13G>A	unchanged
ENST00000460680.6:c.2056+13G>C	unchanged
ENST00000460680.6:c.2056+13G>T	unchanged
ENST00000460680.6:c.2056+14C>A	unchanged
ENST00000460680.6:c.2056+14C>G	unchanged
ENST00000460680.6:c.2056+14C>T	unchanged
ENST00000460680.6:c.2056+15T>A	unchanged
ENST00000460680.6:c.2056+15T>C	unchanged
ENST00000460680.6:c.2056+15T>G	unchanged
ENST00000460680.6:c.2056+16G>A	unchanged
ENST00000460680.6:c.2056+16G>C	unchanged
ENST00000460680.6:c.2056+16G>T	unchanged
ENST00000460680.6:c.2056+17C>A	unchanged
ENST00000460680.6:c.2056+17C>G	unchanged
ENST00000460680.6:c.2056+17C>T	unchanged
ENST00000460680.6:c.2056+18T>A	unchanged
ENST00000460680.6:c.2056+18T>C	unchanged
ENST00000460680.6:c.2056+18T>G	unchanged
ENST00000460680.6:c.2056+19G>A	unchanged
ENST00000460680.6:c.2056+19G>C	unchanged
ENST00000460680.6:c.2056+19G>T	unchanged
ENST00000460680.6:c.2056+20T>A	unchanged
ENST00000460680.6:c.2056+20T>C	unchanged
ENST00000460680.6:c.2056+20T>G	unchanged
ENST00000460680.6:c.2056+21C>A	unchanged
ENST00000460680.6:c.2056+21C>G	unchanged
ENST00000460680.6:c.2056+21C>T	unchanged
ENST00000460680.6:c.2056+22T>A	unchanged
ENST00000460680.6:c.2056+22T>C	unchanged
ENST00000460680.6:c.2056+22T>G	unchanged
ENST00000460680.6:c.2056+23T>A	unchanged
ENST00000460680.6:c.2056+23T>C	unchanged
ENST00000460680.6:c.2056+23T>G	unchanged
ENST00000460680.6:c.2056+24A>C	unchanged
ENST00000460680.6:c.2056+24A>G	unchanged
ENST00000460680.6:c.2056+24A>T	unchanged
ENST00000460680.6:c.2056+25A>C	unchanged
ENST00000460680.6:c.2056+25A>G	unchanged
ENST00000460680.6:c.2056+25A>T	unchanged
ENST00000460680.6:c.2057-25C>A	unchanged
ENST00000460680.6:c.2057-25C>G	unchanged
ENST00000460680.6:c.2057-25C>T	unchanged
ENST00000460680.6:c.2057-24T>A	unchanged
ENST00000460680.6:c.2057-24T>C	unchanged
ENST00000460680.6:c.2057-24T>G	unchanged
ENST00000460680.6:c.2057-23C>A	unchanged
ENST00000460680.6:c.2057-23C>G	unchanged
ENST00000460680.6:c.2057-23C>T	unchanged
ENST00000460680.6:c.2057-22A>C	unchanged
ENST00000460680.6:c.2057-22A>G	unchanged
ENST00000460680.6:c.2057-22A>T	unchanged
ENST00000460680.6:c.2057-21A>C	unchanged
ENST00000460680.6:c.2057-21A>G	unchanged
ENST00000460680.6:c.2057-21A>T	unchanged
ENST00000460680.6:c.2057-20G>A	unchanged
ENST00000460680.6:c.2057-20G>C	unchanged
ENST00000460680.6:c.2057-20G>T	unchanged
ENST00000460680.6:c.2057-19G>A	unchanged
ENST00000460680.6:c.2057-19G>C	unchanged
ENST00000460680.6:c.2057-19G>T	unchanged
ENST00000460680.6:c.2057-18G>A	unchanged
ENST00000460680.6:c.2057-18G>C	unchanged
ENST00000460680.6:c.2057-18G>T	unchanged
ENST00000460680.6:c.2057-17T>A	unchanged
ENST00000460680.6:c.2057-17T>C	unchanged
ENST00000460680.6:c.2057-17T>G	unchanged
ENST00000460680.6:c.2057-16C>A	unchanged
ENST00000460680.6:c.2057-16C>G	unchanged
ENST00000460680.6:c.2057-16C>T	unchanged
ENST00000460680.6:c.2057-15T>A	unchanged
ENST00000460680.6:c.2057-15T>C	unchanged
ENST00000460680.6:c.2057-15T>G	unchanged
ENST00000460680.6:c.2057-14C>A	unchanged
ENST00000460680.6:c.2057-14C>G	unchanged
ENST00000460680.6:c.2057-14C>T	unchanged
ENST00000460680.6:c.2057-13T>A	unchanged
ENST00000460680.6:c.2057-13T>C	unchanged
ENST00000460680.6:c.2057-13T>G	unchanged
ENST00000460680.6:c.2057-12A>C	unchanged
ENST00000460680.6:c.2057-12A>G	unchanged
ENST00000460680.6:c.2057-12A>T	unchanged
ENST00000460680.6:c.2057-11C>A	unchanged
ENST00000460680.6:c.2057-11C>G	weakly depleted
ENST00000460680.6:c.2057-11C>T	unchanged
ENST00000460680.6:c.2057-10C>A	unchanged
ENST00000460680.6:c.2057-10C>G	unchanged
ENST00000460680.6:c.2057-10C>T	unchanged
ENST00000460680.6:c.2057-9T>A	unchanged
ENST00000460680.6:c.2057-9T>C	unchanged
ENST00000460680.6:c.2057-9T>G	unchanged
ENST00000460680.6:c.2057-8C>A	unchanged
ENST00000460680.6:c.2057-8C>G	unchanged
ENST00000460680.6:c.2057-8C>T	unchanged
ENST00000460680.6:c.2057-7T>A	unchanged
ENST00000460680.6:c.2057-7T>C	unchanged
ENST00000460680.6:c.2057-7T>G	unchanged
ENST00000460680.6:c.2057-6T>A	unchanged
ENST00000460680.6:c.2057-6T>C	unchanged
ENST00000460680.6:c.2057-6T>G	unchanged
ENST00000460680.6:c.2057-5C>A	unchanged
ENST00000460680.6:c.2057-5C>G	unchanged
ENST00000460680.6:c.2057-5C>T	unchanged
ENST00000460680.6:c.2057-4G>A	unchanged
ENST00000460680.6:c.2057-4G>C	unchanged
ENST00000460680.6:c.2057-4G>T	unchanged
ENST00000460680.6:c.2057-3C>A	unchanged
ENST00000460680.6:c.2057-3C>G	weakly depleted
ENST00000460680.6:c.2057-3C>T	unchanged
ENST00000460680.6:c.2057-2A>C	weakly depleted
ENST00000460680.6:c.2057-2A>G	weakly depleted
ENST00000460680.6:c.2057-2A>T	weakly depleted
ENST00000460680.6:c.2057-1G>A	weakly depleted
ENST00000460680.6:c.2057-1G>C	weakly depleted
ENST00000460680.6:c.2057-1G>T	weakly depleted
ENST00000460680.6:c.2057G>A	unchanged
ENST00000460680.6:c.2057G>C	unchanged
ENST00000460680.6:c.2057G>T	unchanged
ENST00000460680.6:c.2058C>A	unchanged
ENST00000460680.6:c.2058C>G	unchanged
ENST00000460680.6:c.2058C>T	unchanged
ENST00000460680.6:c.2059A>C	unchanged
ENST00000460680.6:c.2059A>G	unchanged
ENST00000460680.6:c.2059A>T	unchanged
ENST00000460680.6:c.2060T>A	unchanged
ENST00000460680.6:c.2060T>C	unchanged
ENST00000460680.6:c.2060T>G	unchanged
ENST00000460680.6:c.2061G>A	unchanged
ENST00000460680.6:c.2061G>C	unchanged
ENST00000460680.6:c.2061G>T	unchanged
ENST00000460680.6:c.2062C>A	unchanged
ENST00000460680.6:c.2062C>G	unchanged
ENST00000460680.6:c.2062C>T	unchanged
ENST00000460680.6:c.2063T>A	weakly depleted
ENST00000460680.6:c.2063T>C	weakly depleted
ENST00000460680.6:c.2063T>G	weakly depleted
ENST00000460680.6:c.2064G>A	unchanged
ENST00000460680.6:c.2064G>C	unchanged
ENST00000460680.6:c.2064G>T	unchanged
ENST00000460680.6:c.2065G>A	unchanged
ENST00000460680.6:c.2065G>C	unchanged
ENST00000460680.6:c.2065G>T	unchanged
ENST00000460680.6:c.2066C>A	unchanged
ENST00000460680.6:c.2066C>G	unchanged
ENST00000460680.6:c.2066C>T	unchanged
ENST00000460680.6:c.2067C>A	unchanged
ENST00000460680.6:c.2067C>G	unchanged
ENST00000460680.6:c.2067C>T	unchanged
ENST00000460680.6:c.2068A>C	unchanged
ENST00000460680.6:c.2068A>G	unchanged
ENST00000460680.6:c.2068A>T	unchanged
ENST00000460680.6:c.2069A>C	unchanged
ENST00000460680.6:c.2069A>G	unchanged
ENST00000460680.6:c.2069A>T	unchanged
ENST00000460680.6:c.2070C>A	unchanged
ENST00000460680.6:c.2070C>G	unchanged
ENST00000460680.6:c.2070C>T	unchanged
ENST00000460680.6:c.2071C>A	unchanged
ENST00000460680.6:c.2071C>G	unchanged
ENST00000460680.6:c.2071C>T	unchanged
ENST00000460680.6:c.2072T>A	unchanged
ENST00000460680.6:c.2072T>C	weakly depleted
ENST00000460680.6:c.2072T>G	weakly depleted
ENST00000460680.6:c.2073A>C	unchanged
ENST00000460680.6:c.2073A>G	unchanged
ENST00000460680.6:c.2073A>T	unchanged
ENST00000460680.6:c.2074G>A	weakly depleted
ENST00000460680.6:c.2074G>C	unchanged
ENST00000460680.6:c.2074G>T	weakly depleted
ENST00000460680.6:c.2075T>A	weakly depleted
ENST00000460680.6:c.2075T>C	weakly depleted
ENST00000460680.6:c.2075T>G	weakly depleted
ENST00000460680.6:c.2076G>A	unchanged
ENST00000460680.6:c.2076G>C	unchanged
ENST00000460680.6:c.2076G>T	unchanged
ENST00000460680.6:c.2077G>A	unchanged
ENST00000460680.6:c.2077G>C	unchanged
ENST00000460680.6:c.2077G>T	weakly depleted
ENST00000460680.6:c.2078A>C	enriched
ENST00000460680.6:c.2078A>G	unchanged
ENST00000460680.6:c.2078A>T	unchanged
ENST00000460680.6:c.2079G>A	unchanged
ENST00000460680.6:c.2079G>C	unchanged
ENST00000460680.6:c.2079G>T	unchanged
ENST00000460680.6:c.2080C>A	unchanged
ENST00000460680.6:c.2080C>G	unchanged
ENST00000460680.6:c.2080C>T	weakly depleted
ENST00000460680.6:c.2081A>C	unchanged
ENST00000460680.6:c.2081A>G	unchanged
ENST00000460680.6:c.2081A>T	unchanged
ENST00000460680.6:c.2082G>A	unchanged
ENST00000460680.6:c.2082G>C	unchanged
ENST00000460680.6:c.2082G>T	unchanged
ENST00000460680.6:c.2083A>C	unchanged
ENST00000460680.6:c.2083A>G	weakly depleted
ENST00000460680.6:c.2083A>T	weakly depleted
ENST00000460680.6:c.2084A>C	weakly depleted
ENST00000460680.6:c.2084A>G	weakly depleted
ENST00000460680.6:c.2084A>T	weakly depleted
ENST00000460680.6:c.2085C>A	weakly depleted
ENST00000460680.6:c.2085C>G	weakly depleted
ENST00000460680.6:c.2085C>T	unchanged
ENST00000460680.6:c.2086A>C	unchanged
ENST00000460680.6:c.2086A>G	unchanged
ENST00000460680.6:c.2086A>T	weakly depleted
ENST00000460680.6:c.2087T>A	weakly depleted
ENST00000460680.6:c.2087T>C	weakly depleted
ENST00000460680.6:c.2087T>G	weakly depleted
ENST00000460680.6:c.2088C>A	unchanged
ENST00000460680.6:c.2088C>G	unchanged
ENST00000460680.6:c.2088C>T	unchanged
ENST00000460680.6:c.2089T>A	unchanged
ENST00000460680.6:c.2089T>C	weakly depleted
ENST00000460680.6:c.2089T>G	unchanged
ENST00000460680.6:c.2090C>A	unchanged
ENST00000460680.6:c.2090C>G	unchanged
ENST00000460680.6:c.2090C>T	unchanged
ENST00000460680.6:c.2091C>A	unchanged
ENST00000460680.6:c.2091C>G	unchanged
ENST00000460680.6:c.2091C>T	unchanged
ENST00000460680.6:c.2092G>A	weakly depleted
ENST00000460680.6:c.2092G>C	unchanged
ENST00000460680.6:c.2092G>T	unchanged
ENST00000460680.6:c.2093T>A	weakly depleted
ENST00000460680.6:c.2093T>C	unchanged
ENST00000460680.6:c.2093T>G	unchanged
ENST00000460680.6:c.2094G>A	unchanged
ENST00000460680.6:c.2094G>C	unchanged
ENST00000460680.6:c.2094G>T	unchanged
ENST00000460680.6:c.2095C>A	unchanged
ENST00000460680.6:c.2095C>G	unchanged
ENST00000460680.6:c.2095C>T	unchanged
ENST00000460680.6:c.2096G>A	unchanged
ENST00000460680.6:c.2096G>C	unchanged
ENST00000460680.6:c.2096G>T	unchanged
ENST00000460680.6:c.2097G>A	unchanged
ENST00000460680.6:c.2097G>C	weakly depleted
ENST00000460680.6:c.2097G>T	unchanged
ENST00000460680.6:c.2098C>A	unchanged
ENST00000460680.6:c.2098C>G	unchanged
ENST00000460680.6:c.2098C>T	unchanged
ENST00000460680.6:c.2099G>A	weakly depleted
ENST00000460680.6:c.2099G>C	weakly depleted
ENST00000460680.6:c.2099G>T	unchanged
ENST00000460680.6:c.2100G>A	unchanged
ENST00000460680.6:c.2100G>C	unchanged
ENST00000460680.6:c.2100G>T	unchanged
ENST00000460680.6:c.2101C>A	weakly depleted
ENST00000460680.6:c.2101C>G	weakly depleted
ENST00000460680.6:c.2101C>T	unchanged
ENST00000460680.6:c.2102G>A	unchanged
ENST00000460680.6:c.2102G>C	weakly depleted
ENST00000460680.6:c.2102G>T	weakly depleted
ENST00000460680.6:c.2103C>A	unchanged
ENST00000460680.6:c.2103C>G	unchanged
ENST00000460680.6:c.2103C>T	unchanged
ENST00000460680.6:c.2104C>A	unchanged
ENST00000460680.6:c.2104C>G	weakly depleted
ENST00000460680.6:c.2104C>T	weakly depleted
ENST00000460680.6:c.2105A>C	weakly depleted
ENST00000460680.6:c.2105A>G	unchanged
ENST00000460680.6:c.2105A>T	weakly depleted
ENST00000460680.6:c.2106A>C	weakly depleted
ENST00000460680.6:c.2106A>G	unchanged
ENST00000460680.6:c.2106A>T	weakly depleted
ENST00000460680.6:c.2107G>A	weakly depleted
ENST00000460680.6:c.2107G>C	weakly depleted
ENST00000460680.6:c.2107G>T	weakly depleted
ENST00000460680.6:c.2108G>A	weakly depleted
ENST00000460680.6:c.2108G>C	weakly depleted
ENST00000460680.6:c.2108G>T	weakly depleted
ENST00000460680.6:c.2109G>A	unchanged
ENST00000460680.6:c.2109G>C	unchanged
ENST00000460680.6:c.2109G>T	unchanged
ENST00000460680.6:c.2110G>A	unchanged
ENST00000460680.6:c.2110G>C	unchanged
ENST00000460680.6:c.2110G>T	unchanged
ENST00000460680.6:c.2111T>A	weakly depleted
ENST00000460680.6:c.2111T>C	unchanged
ENST00000460680.6:c.2111T>G	unchanged
ENST00000460680.6:c.2112C>A	unchanged
ENST00000460680.6:c.2112C>G	unchanged
ENST00000460680.6:c.2112C>T	unchanged
ENST00000460680.6:c.2113A>C	unchanged
ENST00000460680.6:c.2113A>G	unchanged
ENST00000460680.6:c.2113A>T	unchanged
ENST00000460680.6:c.2114G>A	unchanged
ENST00000460680.6:c.2114G>C	unchanged
ENST00000460680.6:c.2114G>T	weakly depleted
ENST00000460680.6:c.2115C>A	unchanged
ENST00000460680.6:c.2115C>G	unchanged
ENST00000460680.6:c.2115C>T	unchanged
ENST00000460680.6:c.2116A>C	unchanged
ENST00000460680.6:c.2116A>G	unchanged
ENST00000460680.6:c.2116A>T	weakly depleted
ENST00000460680.6:c.2117T>A	weakly depleted
ENST00000460680.6:c.2117T>C	weakly depleted
ENST00000460680.6:c.2117T>G	weakly depleted
ENST00000460680.6:c.2118C>A	unchanged
ENST00000460680.6:c.2118C>G	weakly depleted
ENST00000460680.6:c.2118C>T	unchanged
ENST00000460680.6:c.2119G>A	weakly depleted
ENST00000460680.6:c.2119G>C	weakly depleted
ENST00000460680.6:c.2119G>T	weakly depleted
ENST00000460680.6:c.2120G>A	weakly depleted
ENST00000460680.6:c.2120G>C	weakly depleted
ENST00000460680.6:c.2120G>T	weakly depleted
ENST00000460680.6:c.2121C>A	unchanged
ENST00000460680.6:c.2121C>G	unchanged
ENST00000460680.6:c.2121C>T	unchanged
ENST00000460680.6:c.2122C>A	unchanged
ENST00000460680.6:c.2122C>G	weakly depleted
ENST00000460680.6:c.2122C>T	unchanged
ENST00000460680.6:c.2123G>A	unchanged
ENST00000460680.6:c.2123G>C	weakly depleted
ENST00000460680.6:c.2123G>T	weakly depleted
ENST00000460680.6:c.2124G>A	unchanged
ENST00000460680.6:c.2124G>C	unchanged
ENST00000460680.6:c.2124G>T	unchanged
ENST00000460680.6:c.2125C>A	unchanged
ENST00000460680.6:c.2125C>G	weakly depleted
ENST00000460680.6:c.2125C>T	weakly depleted
ENST00000460680.6:c.2126T>A	weakly depleted
ENST00000460680.6:c.2126T>C	weakly depleted
ENST00000460680.6:c.2126T>G	weakly depleted
ENST00000460680.6:c.2127C>A	unchanged
ENST00000460680.6:c.2127C>G	unchanged
ENST00000460680.6:c.2127C>T	unchanged
ENST00000460680.6:c.2128C>A	unchanged
ENST00000460680.6:c.2128C>G	unchanged
ENST00000460680.6:c.2128C>T	enriched
ENST00000460680.6:c.2129A>C	weakly depleted
ENST00000460680.6:c.2129A>G	unchanged
ENST00000460680.6:c.2129A>T	unchanged
ENST00000460680.6:c.2130C>A	unchanged
ENST00000460680.6:c.2130C>G	unchanged
ENST00000460680.6:c.2130C>T	unchanged
ENST00000460680.6:c.2131A>C	unchanged
ENST00000460680.6:c.2131A>G	weakly depleted
ENST00000460680.6:c.2131A>T	strongly depleted
ENST00000460680.6:c.2132A>C	unchanged
ENST00000460680.6:c.2132A>G	unchanged
ENST00000460680.6:c.2132A>T	unchanged
ENST00000460680.6:c.2133G>A	unchanged
ENST00000460680.6:c.2133G>C	unchanged
ENST00000460680.6:c.2133G>T	weakly depleted
ENST00000460680.6:c.2134C>A	unchanged
ENST00000460680.6:c.2134C>G	unchanged
ENST00000460680.6:c.2134C>T	weakly depleted
ENST00000460680.6:c.2135A>C	unchanged
ENST00000460680.6:c.2135A>G	unchanged
ENST00000460680.6:c.2135A>T	enriched
ENST00000460680.6:c.2136G>A	unchanged
ENST00000460680.6:c.2136G>C	unchanged
ENST00000460680.6:c.2136G>T	unchanged
ENST00000460680.6:c.2137C>A	unchanged
ENST00000460680.6:c.2137C>G	unchanged
ENST00000460680.6:c.2137C>T	unchanged
ENST00000460680.6:c.2138G>A	unchanged
ENST00000460680.6:c.2138G>C	unchanged
ENST00000460680.6:c.2138G>T	unchanged
ENST00000460680.6:c.2139G>A	unchanged
ENST00000460680.6:c.2139G>C	unchanged
ENST00000460680.6:c.2139G>T	weakly depleted
ENST00000460680.6:c.2140A>C	unchanged
ENST00000460680.6:c.2140A>G	unchanged
ENST00000460680.6:c.2140A>T	weakly depleted
ENST00000460680.6:c.2141A>C	unchanged
ENST00000460680.6:c.2141A>G	unchanged
ENST00000460680.6:c.2141A>T	unchanged
ENST00000460680.6:c.2142G>A	unchanged
ENST00000460680.6:c.2142G>C	unchanged
ENST00000460680.6:c.2142G>T	unchanged
ENST00000460680.6:c.2143C>A	unchanged
ENST00000460680.6:c.2143C>G	unchanged
ENST00000460680.6:c.2143C>T	unchanged
ENST00000460680.6:c.2144C>A	unchanged
ENST00000460680.6:c.2144C>G	unchanged
ENST00000460680.6:c.2144C>T	unchanged
ENST00000460680.6:c.2145T>A	unchanged
ENST00000460680.6:c.2145T>C	unchanged
ENST00000460680.6:c.2145T>G	unchanged
ENST00000460680.6:c.2146G>A	unchanged
ENST00000460680.6:c.2146G>C	enriched
ENST00000460680.6:c.2146G>T	unchanged
ENST00000460680.6:c.2147A>C	unchanged
ENST00000460680.6:c.2147A>G	unchanged
ENST00000460680.6:c.2147A>T	unchanged
ENST00000460680.6:c.2148C>A	unchanged
ENST00000460680.6:c.2148C>G	unchanged
ENST00000460680.6:c.2148C>T	unchanged
ENST00000460680.6:c.2149C>A	unchanged
ENST00000460680.6:c.2149C>G	unchanged
ENST00000460680.6:c.2149C>T	unchanged
ENST00000460680.6:c.2150G>A	unchanged
ENST00000460680.6:c.2150G>C	unchanged
ENST00000460680.6:c.2150G>T	unchanged
ENST00000460680.6:c.2151G>A	unchanged
ENST00000460680.6:c.2151G>C	unchanged
ENST00000460680.6:c.2151G>T	unchanged
ENST00000460680.6:c.2152C>A	unchanged
ENST00000460680.6:c.2152C>G	unchanged
ENST00000460680.6:c.2152C>T	unchanged
ENST00000460680.6:c.2153G>A	unchanged
ENST00000460680.6:c.2153G>C	unchanged
ENST00000460680.6:c.2153G>T	unchanged
ENST00000460680.6:c.2154G>A	unchanged
ENST00000460680.6:c.2154G>C	unchanged
ENST00000460680.6:c.2154G>T	unchanged
ENST00000460680.6:c.2155A>C	unchanged
ENST00000460680.6:c.2155A>G	unchanged
ENST00000460680.6:c.2155A>T	weakly depleted
ENST00000460680.6:c.2156A>C	unchanged
ENST00000460680.6:c.2156A>G	unchanged
ENST00000460680.6:c.2156A>T	unchanged
ENST00000460680.6:c.2157A>C	unchanged
ENST00000460680.6:c.2157A>G	unchanged
ENST00000460680.6:c.2157A>T	unchanged
ENST00000460680.6:c.2158C>A	unchanged
ENST00000460680.6:c.2158C>G	unchanged
ENST00000460680.6:c.2158C>T	unchanged
ENST00000460680.6:c.2159G>A	unchanged
ENST00000460680.6:c.2159G>C	unchanged
ENST00000460680.6:c.2159G>T	unchanged
ENST00000460680.6:c.2160C>A	unchanged
ENST00000460680.6:c.2160C>G	unchanged
ENST00000460680.6:c.2160C>T	unchanged
ENST00000460680.6:c.2161T>A	unchanged
ENST00000460680.6:c.2161T>C	unchanged
ENST00000460680.6:c.2161T>G	unchanged
ENST00000460680.6:c.2162C>A	unchanged
ENST00000460680.6:c.2162C>G	unchanged
ENST00000460680.6:c.2162C>T	unchanged
ENST00000460680.6:c.2163T>A	unchanged
ENST00000460680.6:c.2163T>C	unchanged
ENST00000460680.6:c.2163T>G	unchanged
ENST00000460680.6:c.2164C>A	unchanged
ENST00000460680.6:c.2164C>G	unchanged
ENST00000460680.6:c.2164C>T	unchanged
ENST00000460680.6:c.2165G>A	unchanged
ENST00000460680.6:c.2165G>C	unchanged
ENST00000460680.6:c.2165G>T	enriched
ENST00000460680.6:c.2166C>A	unchanged
ENST00000460680.6:c.2166C>G	unchanged
ENST00000460680.6:c.2166C>T	unchanged
ENST00000460680.6:c.2167C>A	unchanged
ENST00000460680.6:c.2167C>G	unchanged
ENST00000460680.6:c.2167C>T	unchanged
ENST00000460680.6:c.2168C>A	unchanged
ENST00000460680.6:c.2168C>G	unchanged
ENST00000460680.6:c.2168C>T	unchanged
ENST00000460680.6:c.2169C>A	unchanged
ENST00000460680.6:c.2169C>G	unchanged
ENST00000460680.6:c.2169C>T	unchanged
ENST00000460680.6:c.2170T>A	unchanged
ENST00000460680.6:c.2170T>C	unchanged
ENST00000460680.6:c.2170T>G	unchanged
ENST00000460680.6:c.2171A>C	unchanged
ENST00000460680.6:c.2171A>G	unchanged
ENST00000460680.6:c.2171A>T	unchanged
ENST00000460680.6:c.2172C>A	unchanged
ENST00000460680.6:c.2172C>G	unchanged
ENST00000460680.6:c.2172C>T	unchanged
ENST00000460680.6:c.2173A>C	unchanged
ENST00000460680.6:c.2173A>G	unchanged
ENST00000460680.6:c.2173A>T	unchanged
ENST00000460680.6:c.2174A>C	unchanged
ENST00000460680.6:c.2174A>G	unchanged
ENST00000460680.6:c.2174A>T	unchanged
ENST00000460680.6:c.2175G>A	unchanged
ENST00000460680.6:c.2175G>C	unchanged
ENST00000460680.6:c.2175G>T	unchanged
ENST00000460680.6:c.2176G>A	unchanged
ENST00000460680.6:c.2176G>C	unchanged
ENST00000460680.6:c.2176G>T	unchanged
ENST00000460680.6:c.2177C>A	unchanged
ENST00000460680.6:c.2177C>G	unchanged
ENST00000460680.6:c.2177C>T	unchanged
ENST00000460680.6:c.2178C>A	unchanged
ENST00000460680.6:c.2178C>G	unchanged
ENST00000460680.6:c.2178C>T	unchanged
ENST00000460680.6:c.2179A>C	unchanged
ENST00000460680.6:c.2179A>G	unchanged
ENST00000460680.6:c.2179A>T	unchanged
ENST00000460680.6:c.2180A>C	unchanged
ENST00000460680.6:c.2180A>G	unchanged
ENST00000460680.6:c.2180A>T	unchanged
ENST00000460680.6:c.2181G>A	unchanged
ENST00000460680.6:c.2181G>C	unchanged
ENST00000460680.6:c.2181G>T	unchanged
ENST00000460680.6:c.2182C>A	unchanged
ENST00000460680.6:c.2182C>G	unchanged
ENST00000460680.6:c.2182C>T	unchanged
ENST00000460680.6:c.2183G>A	unchanged
ENST00000460680.6:c.2183G>C	unchanged
ENST00000460680.6:c.2183G>T	unchanged
ENST00000460680.6:c.2184C>A	unchanged
ENST00000460680.6:c.2184C>G	weakly depleted
ENST00000460680.6:c.2184C>T	unchanged
ENST00000460680.6:c.2185C>A	unchanged
ENST00000460680.6:c.2185C>G	unchanged
ENST00000460680.6:c.2185C>T	unchanged
ENST00000460680.6:c.2186A>C	unchanged
ENST00000460680.6:c.2186A>G	weakly depleted
ENST00000460680.6:c.2186A>T	unchanged
ENST00000460680.6:c.2187G>A	unchanged
ENST00000460680.6:c.2187G>C	unchanged
ENST00000460680.6:c.2187G>T	unchanged
ENST00000460680.6:c.2188T>A	strongly depleted
ENST00000460680.6:c.2188T>C	weakly depleted
ENST00000460680.6:c.2188T>G	weakly depleted
ENST00000460680.6:c.2189G>A	unchanged
ENST00000460680.6:c.2189G>C	strongly depleted
ENST00000460680.6:c.2189G>T	strongly depleted
ENST00000460680.6:c.2190A>C	weakly depleted
ENST00000460680.6:c.2190A>G	weakly depleted
ENST00000460680.6:c.2190A>T	weakly depleted
ENST00000460680.6:c.*1G>A	unchanged
ENST00000460680.6:c.*1G>C	unchanged
ENST00000460680.6:c.*1G>T	unchanged
ENST00000460680.6:c.*2G>A	unchanged
ENST00000460680.6:c.*2G>C	unchanged
ENST00000460680.6:c.*2G>T	weakly depleted
ENST00000460680.6:c.*3A>C	unchanged
ENST00000460680.6:c.*3A>G	unchanged
ENST00000460680.6:c.*3A>T	unchanged
ENST00000460680.6:c.*4C>A	unchanged
ENST00000460680.6:c.*4C>G	unchanged
ENST00000460680.6:c.*4C>T	unchanged
ENST00000460680.6:c.*5T>A	unchanged
ENST00000460680.6:c.*5T>C	unchanged
ENST00000460680.6:c.*5T>G	unchanged
ENST00000460680.6:c.*6G>A	unchanged
ENST00000460680.6:c.*6G>C	unchanged
ENST00000460680.6:c.*6G>T	unchanged
ENST00000460680.6:c.*7C>A	unchanged
ENST00000460680.6:c.*7C>G	unchanged
ENST00000460680.6:c.*7C>T	unchanged
ENST00000460680.6:c.*8T>A	unchanged
ENST00000460680.6:c.*8T>C	unchanged
ENST00000460680.6:c.*8T>G	unchanged
ENST00000460680.6:c.*9G>A	unchanged
ENST00000460680.6:c.*9G>C	unchanged
ENST00000460680.6:c.*9G>T	unchanged
ENST00000460680.6:c.*10G>A	unchanged
ENST00000460680.6:c.*10G>C	unchanged
ENST00000460680.6:c.*10G>T	unchanged
ENST00000460680.6:c.*11C>A	unchanged
ENST00000460680.6:c.*11C>G	unchanged
ENST00000460680.6:c.*11C>T	unchanged
ENST00000460680.6:c.*12C>A	unchanged
ENST00000460680.6:c.*12C>G	unchanged
ENST00000460680.6:c.*12C>T	unchanged
ENST00000460680.6:c.*13C>A	unchanged
ENST00000460680.6:c.*13C>G	unchanged
ENST00000460680.6:c.*13C>T	unchanged
ENST00000460680.6:c.*14T>A	unchanged
ENST00000460680.6:c.*14T>C	unchanged
ENST00000460680.6:c.*14T>G	unchanged
ENST00000460680.6:c.*15G>A	unchanged
ENST00000460680.6:c.*15G>C	unchanged
ENST00000460680.6:c.*15G>T	unchanged
ENST00000460680.6:c.*16A>C	unchanged
ENST00000460680.6:c.*16A>G	unchanged
ENST00000460680.6:c.*16A>T	unchanged
ENST00000460680.6:c.*17C>A	unchanged
ENST00000460680.6:c.*17C>G	unchanged
ENST00000460680.6:c.*17C>T	weakly depleted
ENST00000460680.6:c.*18T>A	unchanged
ENST00000460680.6:c.*18T>C	unchanged
ENST00000460680.6:c.*18T>G	unchanged
ENST00000460680.6:c.*19C>A	unchanged
ENST00000460680.6:c.*19C>G	unchanged
ENST00000460680.6:c.*19C>T	unchanged
ENST00000460680.6:c.*20T>A	unchanged
ENST00000460680.6:c.*20T>C	unchanged
ENST00000460680.6:c.*20T>G	unchanged
ENST00000460680.6:c.*21G>A	unchanged
ENST00000460680.6:c.*21G>C	unchanged
ENST00000460680.6:c.*21G>T	unchanged
ENST00000460680.6:c.*22C>A	unchanged
ENST00000460680.6:c.*22C>G	unchanged
ENST00000460680.6:c.*22C>T	unchanged
ENST00000460680.6:c.*23A>C	unchanged
ENST00000460680.6:c.*23A>G	unchanged
ENST00000460680.6:c.*23A>T	unchanged
ENST00000460680.6:c.*24G>A	unchanged
ENST00000460680.6:c.*24G>C	unchanged
ENST00000460680.6:c.*24G>T	unchanged
ENST00000460680.6:c.*25C>A	unchanged
ENST00000460680.6:c.*25C>G	unchanged
ENST00000460680.6:c.*25C>T	unchanged
ENST00000460680.6:c.*26C>A	unchanged
ENST00000460680.6:c.*26C>G	unchanged
ENST00000460680.6:c.*26C>T	unchanged
ENST00000460680.6:c.*27C>A	unchanged
ENST00000460680.6:c.*27C>G	unchanged
ENST00000460680.6:c.*27C>T	unchanged
ENST00000460680.6:c.*28A>C	unchanged
ENST00000460680.6:c.*28A>G	unchanged
ENST00000460680.6:c.*28A>T	unchanged
ENST00000460680.6:c.*29C>A	unchanged
ENST00000460680.6:c.*29C>G	unchanged
ENST00000460680.6:c.*29C>T	unchanged
ENST00000460680.6:c.*30T>A	unchanged
ENST00000460680.6:c.*30T>C	unchanged
ENST00000460680.6:c.*30T>G	unchanged
ENST00000460680.6:c.*31C>A	unchanged
ENST00000460680.6:c.*31C>G	unchanged
ENST00000460680.6:c.*31C>T	unchanged
ENST00000460680.6:c.*32T>A	unchanged
ENST00000460680.6:c.*32T>C	unchanged
ENST00000460680.6:c.*32T>G	unchanged
ENST00000460680.6:c.*33T>A	unchanged
ENST00000460680.6:c.*33T>C	unchanged
ENST00000460680.6:c.*33T>G	unchanged
ENST00000460680.6:c.*34G>A	unchanged
ENST00000460680.6:c.*34G>C	unchanged
ENST00000460680.6:c.*34G>T	unchanged
ENST00000460680.6:c.*35C>A	unchanged
ENST00000460680.6:c.*35C>G	unchanged
ENST00000460680.6:c.*35C>T	unchanged
ENST00000460680.6:c.*36C>A	unchanged
ENST00000460680.6:c.*36C>G	unchanged
ENST00000460680.6:c.*36C>T	unchanged
ENST00000460680.6:c.*37G>A	unchanged
ENST00000460680.6:c.*37G>C	unchanged
ENST00000460680.6:c.*37G>T	unchanged
ENST00000460680.6:c.*38T>A	unchanged
ENST00000460680.6:c.*38T>C	unchanged
ENST00000460680.6:c.*38T>G	unchanged
ENST00000460680.6:c.*39G>A	unchanged
ENST00000460680.6:c.*39G>C	unchanged
ENST00000460680.6:c.*39G>T	unchanged
ENST00000460680.6:c.*40T>A	unchanged
ENST00000460680.6:c.*40T>C	unchanged
ENST00000460680.6:c.*40T>G	unchanged
ENST00000460680.6:c.*41G>A	unchanged
ENST00000460680.6:c.*41G>C	unchanged
ENST00000460680.6:c.*41G>T	unchanged
ENST00000460680.6:c.*42G>A	unchanged
ENST00000460680.6:c.*42G>C	unchanged
ENST00000460680.6:c.*42G>T	unchanged
ENST00000460680.6:c.*43C>A	unchanged
ENST00000460680.6:c.*43C>G	unchanged
ENST00000460680.6:c.*43C>T	unchanged
ENST00000460680.6:c.*44C>A	unchanged
ENST00000460680.6:c.*44C>G	unchanged
ENST00000460680.6:c.*44C>T	unchanged
ENST00000460680.6:c.*45C>A	unchanged
ENST00000460680.6:c.*45C>G	unchanged
ENST00000460680.6:c.*45C>T	unchanged
ENST00000460680.6:c.*46T>A	unchanged
ENST00000460680.6:c.*46T>C	unchanged
ENST00000460680.6:c.*46T>G	unchanged
ENST00000460680.6:c.*47C>A	unchanged
ENST00000460680.6:c.*47C>G	unchanged
ENST00000460680.6:c.*47C>T	unchanged
ENST00000460680.6:c.*48A>C	unchanged
ENST00000460680.6:c.*48A>G	unchanged
ENST00000460680.6:c.*48A>T	unchanged
ENST00000460680.6:c.*49C>A	unchanged
ENST00000460680.6:c.*49C>G	unchanged
ENST00000460680.6:c.*49C>T	unchanged
ENST00000460680.6:c.*50C>A	unchanged
ENST00000460680.6:c.*50C>G	unchanged
ENST00000460680.6:c.*50C>T	unchanged
ENST00000460680.6:c.*51A>C	enriched
ENST00000460680.6:c.*51A>G	unchanged
ENST00000460680.6:c.*51A>T	unchanged
ENST00000460680.6:c.*52G>A	unchanged
ENST00000460680.6:c.*52G>C	unchanged
ENST00000460680.6:c.*52G>T	unchanged
ENST00000460680.6:c.*53G>A	unchanged
ENST00000460680.6:c.*53G>C	unchanged
ENST00000460680.6:c.*53G>T	unchanged
ENST00000460680.6:c.*54G>A	unchanged
ENST00000460680.6:c.*54G>C	unchanged
ENST00000460680.6:c.*54G>T	unchanged
ENST00000460680.6:c.*55T>A	unchanged
ENST00000460680.6:c.*55T>C	unchanged
ENST00000460680.6:c.*55T>G	unchanged
ENST00000460680.6:c.*56C>A	weakly depleted
ENST00000460680.6:c.*56C>G	unchanged
ENST00000460680.6:c.*56C>T	unchanged
ENST00000460680.6:c.*57C>A	unchanged
ENST00000460680.6:c.*57C>G	unchanged
ENST00000460680.6:c.*57C>T	unchanged
ENST00000460680.6:c.*58T>A	unchanged
ENST00000460680.6:c.*58T>C	unchanged
ENST00000460680.6:c.*58T>G	unchanged
ENST00000460680.6:c.*59T>A	unchanged
ENST00000460680.6:c.*59T>C	unchanged
ENST00000460680.6:c.*59T>G	unchanged
ENST00000460680.6:c.*60C>A	unchanged
ENST00000460680.6:c.*60C>G	unchanged
ENST00000460680.6:c.*60C>T	unchanged
ENST00000460680.6:c.*61C>A	unchanged
ENST00000460680.6:c.*61C>G	unchanged
ENST00000460680.6:c.*61C>T	unchanged
ENST00000460680.6:c.*62C>A	unchanged
ENST00000460680.6:c.*62C>G	unchanged
ENST00000460680.6:c.*62C>T	unchanged
ENST00000460680.6:c.*63T>A	unchanged
ENST00000460680.6:c.*63T>C	unchanged
ENST00000460680.6:c.*63T>G	unchanged
ENST00000460680.6:c.*64G>A	unchanged
ENST00000460680.6:c.*64G>C	unchanged
ENST00000460680.6:c.*64G>T	unchanged
ENST00000460680.6:c.*65C>A	unchanged
ENST00000460680.6:c.*65C>G	unchanged
ENST00000460680.6:c.*65C>T	unchanged
ENST00000460680.6:c.*66C>A	unchanged
ENST00000460680.6:c.*66C>G	unchanged
ENST00000460680.6:c.*66C>T	unchanged
ENST00000460680.6:c.*67C>A	unchanged
ENST00000460680.6:c.*67C>G	unchanged
ENST00000460680.6:c.*67C>T	unchanged
ENST00000460680.6:c.*68C>A	unchanged
ENST00000460680.6:c.*68C>G	unchanged
ENST00000460680.6:c.*68C>T	unchanged
ENST00000460680.6:c.*69A>C	unchanged
ENST00000460680.6:c.*69A>G	unchanged
ENST00000460680.6:c.*69A>T	unchanged
ENST00000460680.6:c.*70C>A	unchanged
ENST00000460680.6:c.*70C>G	unchanged
ENST00000460680.6:c.*70C>T	unchanged
ENST00000460680.6:c.*71T>A	unchanged
ENST00000460680.6:c.*71T>C	unchanged
ENST00000460680.6:c.*71T>G	unchanged
ENST00000460680.6:c.*72T>A	unchanged
ENST00000460680.6:c.*72T>C	unchanged
ENST00000460680.6:c.*72T>G	unchanged
ENST00000460680.6:c.*73C>A	unchanged
ENST00000460680.6:c.*73C>G	unchanged
ENST00000460680.6:c.*73C>T	unchanged
ENST00000460680.6:c.*74C>A	unchanged
ENST00000460680.6:c.*74C>G	unchanged
ENST00000460680.6:c.*74C>T	unchanged
ENST00000460680.6:c.*75C>A	unchanged
ENST00000460680.6:c.*75C>G	unchanged
ENST00000460680.6:c.*75C>T	unchanged
ENST00000460680.6:c.*76C>A	unchanged
ENST00000460680.6:c.*76C>G	unchanged
ENST00000460680.6:c.*76C>T	unchanged
ENST00000460680.6:c.*77T>A	unchanged
ENST00000460680.6:c.*77T>C	unchanged
ENST00000460680.6:c.*77T>G	unchanged
ENST00000460680.6:c.*78T>A	unchanged
ENST00000460680.6:c.*78T>C	unchanged
ENST00000460680.6:c.*78T>G	unchanged
ENST00000460680.6:c.*79T>A	unchanged
ENST00000460680.6:c.*79T>C	enriched
ENST00000460680.6:c.*79T>G	unchanged
ENST00000460680.6:c.*80T>A	unchanged
ENST00000460680.6:c.*80T>C	unchanged
ENST00000460680.6:c.*80T>G	unchanged
ENST00000460680.6:c.*81C>A	unchanged
ENST00000460680.6:c.*81C>G	unchanged
ENST00000460680.6:c.*81C>T	unchanged
ENST00000460680.6:c.*82C>A	unchanged
ENST00000460680.6:c.*82C>G	unchanged
ENST00000460680.6:c.*82C>T	unchanged
ENST00000460680.6:c.*83C>A	unchanged
ENST00000460680.6:c.*83C>G	unchanged
ENST00000460680.6:c.*83C>T	unchanged
ENST00000460680.6:c.*84A>C	unchanged
ENST00000460680.6:c.*84A>G	unchanged
ENST00000460680.6:c.*84A>T	unchanged
ENST00000460680.6:c.*85G>A	unchanged
ENST00000460680.6:c.*85G>C	unchanged
ENST00000460680.6:c.*85G>T	unchanged
ENST00000460680.6:c.*86T>A	unchanged
ENST00000460680.6:c.*86T>C	unchanged
ENST00000460680.6:c.*86T>G	unchanged
ENST00000460680.6:c.*87A>C	unchanged
ENST00000460680.6:c.*87A>G	unchanged
ENST00000460680.6:c.*87A>T	unchanged
ENST00000460680.6:c.*88T>A	unchanged
ENST00000460680.6:c.*88T>C	unchanged
ENST00000460680.6:c.*88T>G	unchanged
ENST00000460680.6:c.*89T>A	unchanged
ENST00000460680.6:c.*89T>C	unchanged
ENST00000460680.6:c.*89T>G	unchanged
ENST00000460680.6:c.*90A>C	unchanged
ENST00000460680.6:c.*90A>G	unchanged
ENST00000460680.6:c.*90A>T	unchanged
ENST00000460680.6:c.-69del	unchanged
ENST00000460680.6:c.-68del	unchanged
ENST00000460680.6:c.-67del	unchanged
ENST00000460680.6:c.-64del	unchanged
ENST00000460680.6:c.-62del	unchanged
ENST00000460680.6:c.-61del	unchanged
ENST00000460680.6:c.-56del	unchanged
ENST00000460680.6:c.-55del	unchanged
ENST00000460680.6:c.-54del	unchanged
ENST00000460680.6:c.-53del	unchanged
ENST00000460680.6:c.-52del	unchanged
ENST00000460680.6:c.-50del	unchanged
ENST00000460680.6:c.-49del	unchanged
ENST00000460680.6:c.-45del	unchanged
ENST00000460680.6:c.-44del	unchanged
ENST00000460680.6:c.-41del	unchanged
ENST00000460680.6:c.-40del	enriched
ENST00000460680.6:c.-37del	unchanged
ENST00000460680.6:c.-35del	unchanged
ENST00000460680.6:c.-34del	unchanged
ENST00000460680.6:c.-32del	unchanged
ENST00000460680.6:c.-31del	unchanged
ENST00000460680.6:c.-30del	unchanged
ENST00000460680.6:c.-29del	unchanged
ENST00000460680.6:c.-28del	weakly depleted
ENST00000460680.6:c.-26del	unchanged
ENST00000460680.6:c.-25del	unchanged
ENST00000460680.6:c.-24del	unchanged
ENST00000460680.6:c.-23del	unchanged
ENST00000460680.6:c.-22del	unchanged
ENST00000460680.6:c.-21del	unchanged
ENST00000460680.6:c.-20del	unchanged
ENST00000460680.6:c.-16del	unchanged
ENST00000460680.6:c.-14del	unchanged
ENST00000460680.6:c.-13del	unchanged
ENST00000460680.6:c.-9del	unchanged
ENST00000460680.6:c.-8del	unchanged
ENST00000460680.6:c.-7del	unchanged
ENST00000460680.6:c.-4del	unchanged
ENST00000460680.6:c.-2del	weakly depleted
ENST00000460680.6:c.-1del	weakly depleted
ENST00000460680.6:c.1del	strongly depleted
ENST00000460680.6:c.2del	strongly depleted
ENST00000460680.6:c.3del	strongly depleted
ENST00000460680.6:c.5del	strongly depleted
ENST00000460680.6:c.6del	strongly depleted
ENST00000460680.6:c.8del	strongly depleted
ENST00000460680.6:c.11del	strongly depleted
ENST00000460680.6:c.12del	strongly depleted
ENST00000460680.6:c.13del	strongly depleted
ENST00000460680.6:c.15del	strongly depleted
ENST00000460680.6:c.16del	strongly depleted
ENST00000460680.6:c.17del	strongly depleted
ENST00000460680.6:c.19del	strongly depleted
ENST00000460680.6:c.20del	strongly depleted
ENST00000460680.6:c.21del	strongly depleted
ENST00000460680.6:c.22del	strongly depleted
ENST00000460680.6:c.23del	strongly depleted
ENST00000460680.6:c.25del	strongly depleted
ENST00000460680.6:c.26del	strongly depleted
ENST00000460680.6:c.27del	strongly depleted
ENST00000460680.6:c.28del	strongly depleted
ENST00000460680.6:c.29del	strongly depleted
ENST00000460680.6:c.30del	strongly depleted
ENST00000460680.6:c.31del	strongly depleted
ENST00000460680.6:c.32del	strongly depleted
ENST00000460680.6:c.35del	strongly depleted
ENST00000460680.6:c.36del	strongly depleted
ENST00000460680.6:c.37+1del	strongly depleted
ENST00000460680.6:c.37+2del	strongly depleted
ENST00000460680.6:c.37+3del	unchanged
ENST00000460680.6:c.37+4del	unchanged
ENST00000460680.6:c.37+6del	unchanged
ENST00000460680.6:c.37+7del	unchanged
ENST00000460680.6:c.37+11del	unchanged
ENST00000460680.6:c.37+12del	unchanged
ENST00000460680.6:c.37+14del	unchanged
ENST00000460680.6:c.37+17del	unchanged
ENST00000460680.6:c.37+18del	unchanged
ENST00000460680.6:c.37+21del	unchanged
ENST00000460680.6:c.37+23del	unchanged
ENST00000460680.6:c.37+24del	unchanged
ENST00000460680.6:c.37+28del	unchanged
ENST00000460680.6:c.38-22del	unchanged
ENST00000460680.6:c.38-21del	unchanged
ENST00000460680.6:c.38-19del	unchanged
ENST00000460680.6:c.38-18del	unchanged
ENST00000460680.6:c.38-17del	unchanged
ENST00000460680.6:c.38-15del	unchanged
ENST00000460680.6:c.38-14del	unchanged
ENST00000460680.6:c.38-13del	unchanged
ENST00000460680.6:c.38-12del	unchanged
ENST00000460680.6:c.38-11del	unchanged
ENST00000460680.6:c.38-7del	unchanged
ENST00000460680.6:c.38-6del	unchanged
ENST00000460680.6:c.38-3del	unchanged
ENST00000460680.6:c.38-2del	strongly depleted
ENST00000460680.6:c.45del	strongly depleted
ENST00000460680.6:c.46del	strongly depleted
ENST00000460680.6:c.49del	strongly depleted
ENST00000460680.6:c.50del	strongly depleted
ENST00000460680.6:c.51del	strongly depleted
ENST00000460680.6:c.52del	strongly depleted
ENST00000460680.6:c.53del	strongly depleted
ENST00000460680.6:c.54del	strongly depleted
ENST00000460680.6:c.55del	strongly depleted
ENST00000460680.6:c.56del	strongly depleted
ENST00000460680.6:c.58del	strongly depleted
ENST00000460680.6:c.60del	strongly depleted
ENST00000460680.6:c.61del	strongly depleted
ENST00000460680.6:c.62del	strongly depleted
ENST00000460680.6:c.65del	strongly depleted
ENST00000460680.6:c.66del	strongly depleted
ENST00000460680.6:c.67+1del	strongly depleted
ENST00000460680.6:c.67+2del	unchanged
ENST00000460680.6:c.67+4del	weakly depleted
ENST00000460680.6:c.67+5del	unchanged
ENST00000460680.6:c.67+6del	unchanged
ENST00000460680.6:c.67+7del	unchanged
ENST00000460680.6:c.67+9del	unchanged
ENST00000460680.6:c.67+13del	unchanged
ENST00000460680.6:c.67+14del	unchanged
ENST00000460680.6:c.67+15del	unchanged
ENST00000460680.6:c.67+18del	unchanged
ENST00000460680.6:c.67+19del	unchanged
ENST00000460680.6:c.67+20del	unchanged
ENST00000460680.6:c.67+22del	unchanged
ENST00000460680.6:c.67+24del	unchanged
ENST00000460680.6:c.67+25del	unchanged
ENST00000460680.6:c.68-25del	unchanged
ENST00000460680.6:c.68-24del	unchanged
ENST00000460680.6:c.68-23del	unchanged
ENST00000460680.6:c.68-22del	unchanged
ENST00000460680.6:c.68-21del	unchanged
ENST00000460680.6:c.68-20del	unchanged
ENST00000460680.6:c.68-17del	unchanged
ENST00000460680.6:c.68-15del	unchanged
ENST00000460680.6:c.68-12del	unchanged
ENST00000460680.6:c.68-10del	unchanged
ENST00000460680.6:c.68-9del	unchanged
ENST00000460680.6:c.68-8del	unchanged
ENST00000460680.6:c.68-7del	unchanged
ENST00000460680.6:c.68-6del	unchanged
ENST00000460680.6:c.68-5del	unchanged
ENST00000460680.6:c.68-4del	unchanged
ENST00000460680.6:c.68-3del	unchanged
ENST00000460680.6:c.68-2del	strongly depleted
ENST00000460680.6:c.68del	strongly depleted
ENST00000460680.6:c.69del	strongly depleted
ENST00000460680.6:c.70del	strongly depleted
ENST00000460680.6:c.71del	strongly depleted
ENST00000460680.6:c.72del	strongly depleted
ENST00000460680.6:c.74del	strongly depleted
ENST00000460680.6:c.79del	strongly depleted
ENST00000460680.6:c.80del	strongly depleted
ENST00000460680.6:c.81del	strongly depleted
ENST00000460680.6:c.86del	strongly depleted
ENST00000460680.6:c.91del	strongly depleted
ENST00000460680.6:c.92del	strongly depleted
ENST00000460680.6:c.93del	strongly depleted
ENST00000460680.6:c.94del	strongly depleted
ENST00000460680.6:c.95del	strongly depleted
ENST00000460680.6:c.96del	strongly depleted
ENST00000460680.6:c.97del	strongly depleted
ENST00000460680.6:c.98del	strongly depleted
ENST00000460680.6:c.99del	strongly depleted
ENST00000460680.6:c.100del	strongly depleted
ENST00000460680.6:c.101del	strongly depleted
ENST00000460680.6:c.103del	strongly depleted
ENST00000460680.6:c.105del	strongly depleted
ENST00000460680.6:c.106del	strongly depleted
ENST00000460680.6:c.107del	strongly depleted
ENST00000460680.6:c.108del	strongly depleted
ENST00000460680.6:c.109del	strongly depleted
ENST00000460680.6:c.110del	strongly depleted
ENST00000460680.6:c.111del	strongly depleted
ENST00000460680.6:c.114del	strongly depleted
ENST00000460680.6:c.115del	strongly depleted
ENST00000460680.6:c.116del	strongly depleted
ENST00000460680.6:c.117del	strongly depleted
ENST00000460680.6:c.118del	strongly depleted
ENST00000460680.6:c.119del	strongly depleted
ENST00000460680.6:c.122+1del	strongly depleted
ENST00000460680.6:c.122+2del	strongly depleted
ENST00000460680.6:c.122+3del	strongly depleted
ENST00000460680.6:c.122+4del	strongly depleted
ENST00000460680.6:c.122+5del	strongly depleted
ENST00000460680.6:c.122+6del	strongly depleted
ENST00000460680.6:c.122+8del	unchanged
ENST00000460680.6:c.122+9del	unchanged
ENST00000460680.6:c.122+10del	unchanged
ENST00000460680.6:c.122+11del	unchanged
ENST00000460680.6:c.122+12del	unchanged
ENST00000460680.6:c.122+13del	unchanged
ENST00000460680.6:c.122+14del	unchanged
ENST00000460680.6:c.122+15del	unchanged
ENST00000460680.6:c.122+17del	unchanged
ENST00000460680.6:c.122+18del	unchanged
ENST00000460680.6:c.122+21del	unchanged
ENST00000460680.6:c.122+22del	unchanged
ENST00000460680.6:c.122+23del	unchanged
ENST00000460680.6:c.122+24del	unchanged
ENST00000460680.6:c.122+28del	unchanged
ENST00000460680.6:c.123-25del	unchanged
ENST00000460680.6:c.123-23del	enriched
ENST00000460680.6:c.123-22del	unchanged
ENST00000460680.6:c.123-21del	weakly depleted
ENST00000460680.6:c.123-20del	enriched
ENST00000460680.6:c.123-19del	unchanged
ENST00000460680.6:c.123-18del	enriched
ENST00000460680.6:c.123-14del	enriched
ENST00000460680.6:c.123-12del	weakly depleted
ENST00000460680.6:c.123-11del	enriched
ENST00000460680.6:c.123-10del	enriched
ENST00000460680.6:c.123-8del	unchanged
ENST00000460680.6:c.123-3del	enriched
ENST00000460680.6:c.123-2del	strongly depleted
ENST00000460680.6:c.123-1del	strongly depleted
ENST00000460680.6:c.125del	strongly depleted
ENST00000460680.6:c.126del	strongly depleted
ENST00000460680.6:c.127del	strongly depleted
ENST00000460680.6:c.128del	strongly depleted
ENST00000460680.6:c.129del	strongly depleted
ENST00000460680.6:c.130del	strongly depleted
ENST00000460680.6:c.131del	strongly depleted
ENST00000460680.6:c.132del	strongly depleted
ENST00000460680.6:c.134del	strongly depleted
ENST00000460680.6:c.135del	strongly depleted
ENST00000460680.6:c.138del	strongly depleted
ENST00000460680.6:c.139del	strongly depleted
ENST00000460680.6:c.140del	strongly depleted
ENST00000460680.6:c.141del	strongly depleted
ENST00000460680.6:c.143del	strongly depleted
ENST00000460680.6:c.145del	strongly depleted
ENST00000460680.6:c.146del	strongly depleted
ENST00000460680.6:c.147del	strongly depleted
ENST00000460680.6:c.149del	strongly depleted
ENST00000460680.6:c.150del	strongly depleted
ENST00000460680.6:c.153del	strongly depleted
ENST00000460680.6:c.154del	strongly depleted
ENST00000460680.6:c.156del	strongly depleted
ENST00000460680.6:c.157del	strongly depleted
ENST00000460680.6:c.158del	strongly depleted
ENST00000460680.6:c.159del	strongly depleted
ENST00000460680.6:c.160del	strongly depleted
ENST00000460680.6:c.162del	strongly depleted
ENST00000460680.6:c.163del	strongly depleted
ENST00000460680.6:c.164del	strongly depleted
ENST00000460680.6:c.165del	strongly depleted
ENST00000460680.6:c.166del	strongly depleted
ENST00000460680.6:c.167del	strongly depleted
ENST00000460680.6:c.169del	strongly depleted
ENST00000460680.6:c.171del	strongly depleted
ENST00000460680.6:c.172del	strongly depleted
ENST00000460680.6:c.175del	strongly depleted
ENST00000460680.6:c.177del	strongly depleted
ENST00000460680.6:c.178del	strongly depleted
ENST00000460680.6:c.179del	strongly depleted
ENST00000460680.6:c.182del	weakly depleted
ENST00000460680.6:c.184del	strongly depleted
ENST00000460680.6:c.185del	strongly depleted
ENST00000460680.6:c.186del	strongly depleted
ENST00000460680.6:c.187del	strongly depleted
ENST00000460680.6:c.188del	strongly depleted
ENST00000460680.6:c.189del	strongly depleted
ENST00000460680.6:c.190del	strongly depleted
ENST00000460680.6:c.192del	strongly depleted
ENST00000460680.6:c.194del	strongly depleted
ENST00000460680.6:c.196del	strongly depleted
ENST00000460680.6:c.197del	strongly depleted
ENST00000460680.6:c.199del	strongly depleted
ENST00000460680.6:c.200del	strongly depleted
ENST00000460680.6:c.201del	strongly depleted
ENST00000460680.6:c.202del	strongly depleted
ENST00000460680.6:c.203del	strongly depleted
ENST00000460680.6:c.204del	strongly depleted
ENST00000460680.6:c.205del	strongly depleted
ENST00000460680.6:c.206del	strongly depleted
ENST00000460680.6:c.207del	strongly depleted
ENST00000460680.6:c.208del	strongly depleted
ENST00000460680.6:c.210del	strongly depleted
ENST00000460680.6:c.211del	strongly depleted
ENST00000460680.6:c.212del	strongly depleted
ENST00000460680.6:c.213del	strongly depleted
ENST00000460680.6:c.214del	strongly depleted
ENST00000460680.6:c.216del	strongly depleted
ENST00000460680.6:c.217del	strongly depleted
ENST00000460680.6:c.218del	strongly depleted
ENST00000460680.6:c.219del	strongly depleted
ENST00000460680.6:c.220del	strongly depleted
ENST00000460680.6:c.221del	strongly depleted
ENST00000460680.6:c.222del	strongly depleted
ENST00000460680.6:c.223del	strongly depleted
ENST00000460680.6:c.224del	strongly depleted
ENST00000460680.6:c.225del	strongly depleted
ENST00000460680.6:c.226del	strongly depleted
ENST00000460680.6:c.228del	strongly depleted
ENST00000460680.6:c.229del	strongly depleted
ENST00000460680.6:c.230del	strongly depleted
ENST00000460680.6:c.231del	strongly depleted
ENST00000460680.6:c.233del	strongly depleted
ENST00000460680.6:c.234del	strongly depleted
ENST00000460680.6:c.236del	strongly depleted
ENST00000460680.6:c.237del	strongly depleted
ENST00000460680.6:c.238del	strongly depleted
ENST00000460680.6:c.239del	strongly depleted
ENST00000460680.6:c.240del	strongly depleted
ENST00000460680.6:c.242del	strongly depleted
ENST00000460680.6:c.243del	strongly depleted
ENST00000460680.6:c.246del	strongly depleted
ENST00000460680.6:c.247del	strongly depleted
ENST00000460680.6:c.250del	strongly depleted
ENST00000460680.6:c.251del	strongly depleted
ENST00000460680.6:c.253del	strongly depleted
ENST00000460680.6:c.254del	strongly depleted
ENST00000460680.6:c.255+1del	strongly depleted
ENST00000460680.6:c.255+2del	strongly depleted
ENST00000460680.6:c.255+3del	weakly depleted
ENST00000460680.6:c.255+4del	strongly depleted
ENST00000460680.6:c.255+5del	weakly depleted
ENST00000460680.6:c.255+6del	unchanged
ENST00000460680.6:c.255+7del	unchanged
ENST00000460680.6:c.255+9del	unchanged
ENST00000460680.6:c.255+10del	unchanged
ENST00000460680.6:c.255+11del	unchanged
ENST00000460680.6:c.255+12del	strongly depleted
ENST00000460680.6:c.255+13del	unchanged
ENST00000460680.6:c.255+14del	weakly depleted
ENST00000460680.6:c.255+15del	unchanged
ENST00000460680.6:c.255+16del	unchanged
ENST00000460680.6:c.255+17del	unchanged
ENST00000460680.6:c.255+18del	unchanged
ENST00000460680.6:c.255+21del	unchanged
ENST00000460680.6:c.255+22del	unchanged
ENST00000460680.6:c.255+25del	unchanged
ENST00000460680.6:c.256-25del	unchanged
ENST00000460680.6:c.256-22del	unchanged
ENST00000460680.6:c.256-21del	weakly depleted
ENST00000460680.6:c.256-20del	weakly depleted
ENST00000460680.6:c.256-19del	weakly depleted
ENST00000460680.6:c.256-18del	weakly depleted
ENST00000460680.6:c.256-17del	unchanged
ENST00000460680.6:c.256-16del	weakly depleted
ENST00000460680.6:c.256-14del	weakly depleted
ENST00000460680.6:c.256-13del	unchanged
ENST00000460680.6:c.256-11del	unchanged
ENST00000460680.6:c.256-9del	unchanged
ENST00000460680.6:c.256-6del	weakly depleted
ENST00000460680.6:c.256-5del	unchanged
ENST00000460680.6:c.256-4del	weakly depleted
ENST00000460680.6:c.256-3del	strongly depleted
ENST00000460680.6:c.256-2del	strongly depleted
ENST00000460680.6:c.256-1del	strongly depleted
ENST00000460680.6:c.256del	strongly depleted
ENST00000460680.6:c.257del	strongly depleted
ENST00000460680.6:c.258del	strongly depleted
ENST00000460680.6:c.259del	strongly depleted
ENST00000460680.6:c.260del	strongly depleted
ENST00000460680.6:c.261del	strongly depleted
ENST00000460680.6:c.264del	strongly depleted
ENST00000460680.6:c.266del	strongly depleted
ENST00000460680.6:c.267del	strongly depleted
ENST00000460680.6:c.268del	strongly depleted
ENST00000460680.6:c.269del	strongly depleted
ENST00000460680.6:c.271del	strongly depleted
ENST00000460680.6:c.272del	strongly depleted
ENST00000460680.6:c.273del	strongly depleted
ENST00000460680.6:c.274del	strongly depleted
ENST00000460680.6:c.275del	strongly depleted
ENST00000460680.6:c.277del	strongly depleted
ENST00000460680.6:c.278del	strongly depleted
ENST00000460680.6:c.279del	strongly depleted
ENST00000460680.6:c.280del	strongly depleted
ENST00000460680.6:c.281del	strongly depleted
ENST00000460680.6:c.282del	strongly depleted
ENST00000460680.6:c.283del	strongly depleted
ENST00000460680.6:c.285del	strongly depleted
ENST00000460680.6:c.287del	strongly depleted
ENST00000460680.6:c.288del	strongly depleted
ENST00000460680.6:c.289del	strongly depleted
ENST00000460680.6:c.290del	strongly depleted
ENST00000460680.6:c.291del	strongly depleted
ENST00000460680.6:c.292del	strongly depleted
ENST00000460680.6:c.293del	strongly depleted
ENST00000460680.6:c.294del	strongly depleted
ENST00000460680.6:c.295del	strongly depleted
ENST00000460680.6:c.296del	strongly depleted
ENST00000460680.6:c.297del	strongly depleted
ENST00000460680.6:c.298del	strongly depleted
ENST00000460680.6:c.299del	strongly depleted
ENST00000460680.6:c.301del	strongly depleted
ENST00000460680.6:c.302del	strongly depleted
ENST00000460680.6:c.303del	strongly depleted
ENST00000460680.6:c.305del	strongly depleted
ENST00000460680.6:c.306del	strongly depleted
ENST00000460680.6:c.307del	strongly depleted
ENST00000460680.6:c.308del	strongly depleted
ENST00000460680.6:c.309del	strongly depleted
ENST00000460680.6:c.310del	strongly depleted
ENST00000460680.6:c.311del	strongly depleted
ENST00000460680.6:c.312del	strongly depleted
ENST00000460680.6:c.313del	strongly depleted
ENST00000460680.6:c.314del	strongly depleted
ENST00000460680.6:c.315del	strongly depleted
ENST00000460680.6:c.316del	strongly depleted
ENST00000460680.6:c.317del	strongly depleted
ENST00000460680.6:c.319del	strongly depleted
ENST00000460680.6:c.320del	strongly depleted
ENST00000460680.6:c.322del	strongly depleted
ENST00000460680.6:c.323del	strongly depleted
ENST00000460680.6:c.326del	strongly depleted
ENST00000460680.6:c.327del	strongly depleted
ENST00000460680.6:c.330del	strongly depleted
ENST00000460680.6:c.331del	strongly depleted
ENST00000460680.6:c.334del	strongly depleted
ENST00000460680.6:c.335del	strongly depleted
ENST00000460680.6:c.336del	strongly depleted
ENST00000460680.6:c.337del	weakly depleted
ENST00000460680.6:c.338del	strongly depleted
ENST00000460680.6:c.339del	strongly depleted
ENST00000460680.6:c.340del	strongly depleted
ENST00000460680.6:c.341del	strongly depleted
ENST00000460680.6:c.342del	strongly depleted
ENST00000460680.6:c.343del	strongly depleted
ENST00000460680.6:c.344del	strongly depleted
ENST00000460680.6:c.345del	strongly depleted
ENST00000460680.6:c.347del	strongly depleted
ENST00000460680.6:c.349del	strongly depleted
ENST00000460680.6:c.350del	strongly depleted
ENST00000460680.6:c.351del	strongly depleted
ENST00000460680.6:c.353del	strongly depleted
ENST00000460680.6:c.354del	strongly depleted
ENST00000460680.6:c.355del	strongly depleted
ENST00000460680.6:c.357del	strongly depleted
ENST00000460680.6:c.359del	strongly depleted
ENST00000460680.6:c.362del	strongly depleted
ENST00000460680.6:c.365del	strongly depleted
ENST00000460680.6:c.366del	strongly depleted
ENST00000460680.6:c.367del	strongly depleted
ENST00000460680.6:c.368del	strongly depleted
ENST00000460680.6:c.371del	strongly depleted
ENST00000460680.6:c.372del	strongly depleted
ENST00000460680.6:c.373del	strongly depleted
ENST00000460680.6:c.374del	strongly depleted
ENST00000460680.6:c.375+1del	strongly depleted
ENST00000460680.6:c.375+2del	strongly depleted
ENST00000460680.6:c.375+3del	strongly depleted
ENST00000460680.6:c.375+5del	unchanged
ENST00000460680.6:c.375+6del	unchanged
ENST00000460680.6:c.375+7del	unchanged
ENST00000460680.6:c.375+8del	unchanged
ENST00000460680.6:c.375+9del	unchanged
ENST00000460680.6:c.375+10del	unchanged
ENST00000460680.6:c.375+11del	unchanged
ENST00000460680.6:c.375+12del	unchanged
ENST00000460680.6:c.375+13del	unchanged
ENST00000460680.6:c.375+15del	unchanged
ENST00000460680.6:c.375+17del	unchanged
ENST00000460680.6:c.375+18del	unchanged
ENST00000460680.6:c.375+19del	unchanged
ENST00000460680.6:c.375+20del	unchanged
ENST00000460680.6:c.375+22del	unchanged
ENST00000460680.6:c.375+23del	unchanged
ENST00000460680.6:c.375+25del	unchanged
ENST00000460680.6:c.375+26del	unchanged
ENST00000460680.6:c.375+27del	unchanged
ENST00000460680.6:c.375+28del	unchanged
ENST00000460680.6:c.375+29del	unchanged
ENST00000460680.6:c.375+30del	enriched
ENST00000460680.6:c.376-25del	unchanged
ENST00000460680.6:c.376-24del	unchanged
ENST00000460680.6:c.376-23del	unchanged
ENST00000460680.6:c.376-21del	unchanged
ENST00000460680.6:c.376-19del	unchanged
ENST00000460680.6:c.376-17del	unchanged
ENST00000460680.6:c.376-16del	unchanged
ENST00000460680.6:c.376-12del	unchanged
ENST00000460680.6:c.376-11del	unchanged
ENST00000460680.6:c.376-9del	unchanged
ENST00000460680.6:c.376-5del	unchanged
ENST00000460680.6:c.376-4del	unchanged
ENST00000460680.6:c.376-3del	weakly depleted
ENST00000460680.6:c.376-2del	strongly depleted
ENST00000460680.6:c.376-1del	strongly depleted
ENST00000460680.6:c.376del	strongly depleted
ENST00000460680.6:c.377del	strongly depleted
ENST00000460680.6:c.378del	strongly depleted
ENST00000460680.6:c.381del	strongly depleted
ENST00000460680.6:c.383del	strongly depleted
ENST00000460680.6:c.384del	strongly depleted
ENST00000460680.6:c.385del	strongly depleted
ENST00000460680.6:c.386del	strongly depleted
ENST00000460680.6:c.387del	strongly depleted
ENST00000460680.6:c.388del	strongly depleted
ENST00000460680.6:c.389del	strongly depleted
ENST00000460680.6:c.390del	strongly depleted
ENST00000460680.6:c.391del	strongly depleted
ENST00000460680.6:c.393del	strongly depleted
ENST00000460680.6:c.395del	strongly depleted
ENST00000460680.6:c.396del	strongly depleted
ENST00000460680.6:c.398del	strongly depleted
ENST00000460680.6:c.399del	strongly depleted
ENST00000460680.6:c.400del	strongly depleted
ENST00000460680.6:c.404del	strongly depleted
ENST00000460680.6:c.406del	strongly depleted
ENST00000460680.6:c.407del	strongly depleted
ENST00000460680.6:c.408del	strongly depleted
ENST00000460680.6:c.410del	strongly depleted
ENST00000460680.6:c.412del	strongly depleted
ENST00000460680.6:c.414del	weakly depleted
ENST00000460680.6:c.416del	strongly depleted
ENST00000460680.6:c.418del	strongly depleted
ENST00000460680.6:c.421del	strongly depleted
ENST00000460680.6:c.422del	strongly depleted
ENST00000460680.6:c.423del	strongly depleted
ENST00000460680.6:c.425del	strongly depleted
ENST00000460680.6:c.426del	strongly depleted
ENST00000460680.6:c.427del	strongly depleted
ENST00000460680.6:c.428del	strongly depleted
ENST00000460680.6:c.430del	strongly depleted
ENST00000460680.6:c.431del	strongly depleted
ENST00000460680.6:c.432del	strongly depleted
ENST00000460680.6:c.433del	strongly depleted
ENST00000460680.6:c.435del	strongly depleted
ENST00000460680.6:c.436del	strongly depleted
ENST00000460680.6:c.437+1del	strongly depleted
ENST00000460680.6:c.437+2del	strongly depleted
ENST00000460680.6:c.437+3del	unchanged
ENST00000460680.6:c.437+4del	weakly depleted
ENST00000460680.6:c.437+5del	weakly depleted
ENST00000460680.6:c.437+6del	unchanged
ENST00000460680.6:c.437+9del	unchanged
ENST00000460680.6:c.437+10del	unchanged
ENST00000460680.6:c.437+11del	unchanged
ENST00000460680.6:c.437+12del	unchanged
ENST00000460680.6:c.437+13del	unchanged
ENST00000460680.6:c.437+14del	unchanged
ENST00000460680.6:c.437+15del	unchanged
ENST00000460680.6:c.437+18del	unchanged
ENST00000460680.6:c.437+19del	unchanged
ENST00000460680.6:c.437+20del	unchanged
ENST00000460680.6:c.437+21del	unchanged
ENST00000460680.6:c.437+22del	unchanged
ENST00000460680.6:c.437+23del	unchanged
ENST00000460680.6:c.437+24del	unchanged
ENST00000460680.6:c.437+25del	unchanged
ENST00000460680.6:c.438-23del	unchanged
ENST00000460680.6:c.438-20del	weakly depleted
ENST00000460680.6:c.438-19del	weakly depleted
ENST00000460680.6:c.438-18del	weakly depleted
ENST00000460680.6:c.438-17del	weakly depleted
ENST00000460680.6:c.438-16del	weakly depleted
ENST00000460680.6:c.438-15del	weakly depleted
ENST00000460680.6:c.438-14del	weakly depleted
ENST00000460680.6:c.438-13del	unchanged
ENST00000460680.6:c.438-12del	unchanged
ENST00000460680.6:c.438-7del	unchanged
ENST00000460680.6:c.438-3del	unchanged
ENST00000460680.6:c.438-2del	strongly depleted
ENST00000460680.6:c.438del	strongly depleted
ENST00000460680.6:c.441del	strongly depleted
ENST00000460680.6:c.442del	strongly depleted
ENST00000460680.6:c.443del	strongly depleted
ENST00000460680.6:c.444del	strongly depleted
ENST00000460680.6:c.446del	strongly depleted
ENST00000460680.6:c.447del	strongly depleted
ENST00000460680.6:c.448del	strongly depleted
ENST00000460680.6:c.449del	strongly depleted
ENST00000460680.6:c.451del	strongly depleted
ENST00000460680.6:c.452del	strongly depleted
ENST00000460680.6:c.454del	strongly depleted
ENST00000460680.6:c.455del	strongly depleted
ENST00000460680.6:c.458del	strongly depleted
ENST00000460680.6:c.459del	strongly depleted
ENST00000460680.6:c.460del	strongly depleted
ENST00000460680.6:c.461del	strongly depleted
ENST00000460680.6:c.462del	strongly depleted
ENST00000460680.6:c.464del	strongly depleted
ENST00000460680.6:c.465del	strongly depleted
ENST00000460680.6:c.466del	strongly depleted
ENST00000460680.6:c.467del	strongly depleted
ENST00000460680.6:c.468del	strongly depleted
ENST00000460680.6:c.470del	strongly depleted
ENST00000460680.6:c.471del	strongly depleted
ENST00000460680.6:c.473del	strongly depleted
ENST00000460680.6:c.475del	strongly depleted
ENST00000460680.6:c.477del	strongly depleted
ENST00000460680.6:c.478del	strongly depleted
ENST00000460680.6:c.479del	strongly depleted
ENST00000460680.6:c.480del	strongly depleted
ENST00000460680.6:c.481del	strongly depleted
ENST00000460680.6:c.482del	strongly depleted
ENST00000460680.6:c.483del	strongly depleted
ENST00000460680.6:c.484del	strongly depleted
ENST00000460680.6:c.485del	strongly depleted
ENST00000460680.6:c.486del	strongly depleted
ENST00000460680.6:c.487del	strongly depleted
ENST00000460680.6:c.489del	strongly depleted
ENST00000460680.6:c.490del	strongly depleted
ENST00000460680.6:c.492del	strongly depleted
ENST00000460680.6:c.493del	strongly depleted
ENST00000460680.6:c.494del	strongly depleted
ENST00000460680.6:c.496del	strongly depleted
ENST00000460680.6:c.497del	strongly depleted
ENST00000460680.6:c.499del	strongly depleted
ENST00000460680.6:c.500del	strongly depleted
ENST00000460680.6:c.501del	strongly depleted
ENST00000460680.6:c.503del	strongly depleted
ENST00000460680.6:c.505del	strongly depleted
ENST00000460680.6:c.506del	strongly depleted
ENST00000460680.6:c.507del	strongly depleted
ENST00000460680.6:c.510del	strongly depleted
ENST00000460680.6:c.511del	strongly depleted
ENST00000460680.6:c.512del	strongly depleted
ENST00000460680.6:c.513del	strongly depleted
ENST00000460680.6:c.514del	strongly depleted
ENST00000460680.6:c.515del	strongly depleted
ENST00000460680.6:c.516del	strongly depleted
ENST00000460680.6:c.517del	strongly depleted
ENST00000460680.6:c.518del	strongly depleted
ENST00000460680.6:c.519del	strongly depleted
ENST00000460680.6:c.520del	strongly depleted
ENST00000460680.6:c.521del	strongly depleted
ENST00000460680.6:c.522del	strongly depleted
ENST00000460680.6:c.524del	strongly depleted
ENST00000460680.6:c.525del	strongly depleted
ENST00000460680.6:c.526del	strongly depleted
ENST00000460680.6:c.527del	strongly depleted
ENST00000460680.6:c.528del	strongly depleted
ENST00000460680.6:c.529del	strongly depleted
ENST00000460680.6:c.530del	strongly depleted
ENST00000460680.6:c.531del	strongly depleted
ENST00000460680.6:c.533del	strongly depleted
ENST00000460680.6:c.535del	strongly depleted
ENST00000460680.6:c.537del	strongly depleted
ENST00000460680.6:c.538del	strongly depleted
ENST00000460680.6:c.539del	strongly depleted
ENST00000460680.6:c.540del	strongly depleted
ENST00000460680.6:c.543del	strongly depleted
ENST00000460680.6:c.544del	strongly depleted
ENST00000460680.6:c.545del	strongly depleted
ENST00000460680.6:c.546del	strongly depleted
ENST00000460680.6:c.547del	strongly depleted
ENST00000460680.6:c.548del	strongly depleted
ENST00000460680.6:c.550del	strongly depleted
ENST00000460680.6:c.551del	strongly depleted
ENST00000460680.6:c.552del	strongly depleted
ENST00000460680.6:c.555del	strongly depleted
ENST00000460680.6:c.556del	strongly depleted
ENST00000460680.6:c.557del	strongly depleted
ENST00000460680.6:c.558del	strongly depleted
ENST00000460680.6:c.560del	strongly depleted
ENST00000460680.6:c.562del	strongly depleted
ENST00000460680.6:c.563del	strongly depleted
ENST00000460680.6:c.564del	strongly depleted
ENST00000460680.6:c.565del	strongly depleted
ENST00000460680.6:c.566del	strongly depleted
ENST00000460680.6:c.570del	strongly depleted
ENST00000460680.6:c.571del	strongly depleted
ENST00000460680.6:c.573del	strongly depleted
ENST00000460680.6:c.574del	strongly depleted
ENST00000460680.6:c.575del	strongly depleted
ENST00000460680.6:c.577del	strongly depleted
ENST00000460680.6:c.578del	strongly depleted
ENST00000460680.6:c.579del	strongly depleted
ENST00000460680.6:c.580+1del	strongly depleted
ENST00000460680.6:c.580+2del	strongly depleted
ENST00000460680.6:c.580+3del	strongly depleted
ENST00000460680.6:c.580+5del	weakly depleted
ENST00000460680.6:c.580+6del	unchanged
ENST00000460680.6:c.580+7del	unchanged
ENST00000460680.6:c.580+9del	unchanged
ENST00000460680.6:c.580+10del	enriched
ENST00000460680.6:c.580+11del	unchanged
ENST00000460680.6:c.580+12del	unchanged
ENST00000460680.6:c.580+13del	unchanged
ENST00000460680.6:c.580+14del	unchanged
ENST00000460680.6:c.580+15del	unchanged
ENST00000460680.6:c.580+16del	unchanged
ENST00000460680.6:c.580+18del	unchanged
ENST00000460680.6:c.580+19del	unchanged
ENST00000460680.6:c.580+21del	unchanged
ENST00000460680.6:c.580+23del	unchanged
ENST00000460680.6:c.580+24del	unchanged
ENST00000460680.6:c.580+25del	unchanged
ENST00000460680.6:c.581-25del	unchanged
ENST00000460680.6:c.581-24del	unchanged
ENST00000460680.6:c.581-22del	unchanged
ENST00000460680.6:c.581-20del	unchanged
ENST00000460680.6:c.581-18del	unchanged
ENST00000460680.6:c.581-17del	unchanged
ENST00000460680.6:c.581-16del	weakly depleted
ENST00000460680.6:c.581-15del	unchanged
ENST00000460680.6:c.581-13del	unchanged
ENST00000460680.6:c.581-11del	unchanged
ENST00000460680.6:c.581-10del	weakly depleted
ENST00000460680.6:c.581-9del	unchanged
ENST00000460680.6:c.581-8del	unchanged
ENST00000460680.6:c.581-6del	unchanged
ENST00000460680.6:c.581-5del	unchanged
ENST00000460680.6:c.581-4del	unchanged
ENST00000460680.6:c.581-3del	unchanged
ENST00000460680.6:c.581-2del	strongly depleted
ENST00000460680.6:c.582del	strongly depleted
ENST00000460680.6:c.585del	strongly depleted
ENST00000460680.6:c.586del	strongly depleted
ENST00000460680.6:c.592del	weakly depleted
ENST00000460680.6:c.593del	strongly depleted
ENST00000460680.6:c.595del	strongly depleted
ENST00000460680.6:c.596del	strongly depleted
ENST00000460680.6:c.597del	strongly depleted
ENST00000460680.6:c.598del	strongly depleted
ENST00000460680.6:c.599del	strongly depleted
ENST00000460680.6:c.601del	strongly depleted
ENST00000460680.6:c.602del	strongly depleted
ENST00000460680.6:c.603del	strongly depleted
ENST00000460680.6:c.604del	strongly depleted
ENST00000460680.6:c.606del	strongly depleted
ENST00000460680.6:c.607del	strongly depleted
ENST00000460680.6:c.608del	strongly depleted
ENST00000460680.6:c.609del	strongly depleted
ENST00000460680.6:c.610del	strongly depleted
ENST00000460680.6:c.611del	strongly depleted
ENST00000460680.6:c.612del	strongly depleted
ENST00000460680.6:c.614del	strongly depleted
ENST00000460680.6:c.616del	strongly depleted
ENST00000460680.6:c.619del	strongly depleted
ENST00000460680.6:c.621del	strongly depleted
ENST00000460680.6:c.622del	strongly depleted
ENST00000460680.6:c.625del	strongly depleted
ENST00000460680.6:c.626del	strongly depleted
ENST00000460680.6:c.627del	strongly depleted
ENST00000460680.6:c.628del	strongly depleted
ENST00000460680.6:c.629del	strongly depleted
ENST00000460680.6:c.630del	strongly depleted
ENST00000460680.6:c.631del	strongly depleted
ENST00000460680.6:c.632del	strongly depleted
ENST00000460680.6:c.634del	strongly depleted
ENST00000460680.6:c.635del	strongly depleted
ENST00000460680.6:c.636del	strongly depleted
ENST00000460680.6:c.637del	strongly depleted
ENST00000460680.6:c.638del	strongly depleted
ENST00000460680.6:c.639del	strongly depleted
ENST00000460680.6:c.640del	strongly depleted
ENST00000460680.6:c.641del	strongly depleted
ENST00000460680.6:c.642del	strongly depleted
ENST00000460680.6:c.649del	strongly depleted
ENST00000460680.6:c.651del	strongly depleted
ENST00000460680.6:c.652del	strongly depleted
ENST00000460680.6:c.653del	strongly depleted
ENST00000460680.6:c.654del	strongly depleted
ENST00000460680.6:c.655del	strongly depleted
ENST00000460680.6:c.656del	strongly depleted
ENST00000460680.6:c.657del	strongly depleted
ENST00000460680.6:c.659+1del	strongly depleted
ENST00000460680.6:c.659+2del	strongly depleted
ENST00000460680.6:c.659+4del	strongly depleted
ENST00000460680.6:c.659+7del	weakly depleted
ENST00000460680.6:c.659+10del	unchanged
ENST00000460680.6:c.659+11del	unchanged
ENST00000460680.6:c.659+12del	enriched
ENST00000460680.6:c.659+13del	unchanged
ENST00000460680.6:c.659+14del	unchanged
ENST00000460680.6:c.659+16del	unchanged
ENST00000460680.6:c.659+17del	unchanged
ENST00000460680.6:c.659+18del	unchanged
ENST00000460680.6:c.659+21del	unchanged
ENST00000460680.6:c.659+22del	unchanged
ENST00000460680.6:c.659+23del	unchanged
ENST00000460680.6:c.659+25del	unchanged
ENST00000460680.6:c.660-30del	strongly depleted
ENST00000460680.6:c.660-29del	weakly depleted
ENST00000460680.6:c.660-28del	weakly depleted
ENST00000460680.6:c.660-27del	weakly depleted
ENST00000460680.6:c.660-26del	weakly depleted
ENST00000460680.6:c.660-25del	weakly depleted
ENST00000460680.6:c.660-24del	weakly depleted
ENST00000460680.6:c.660-23del	weakly depleted
ENST00000460680.6:c.660-22del	weakly depleted
ENST00000460680.6:c.660-21del	unchanged
ENST00000460680.6:c.660-19del	unchanged
ENST00000460680.6:c.660-18del	enriched
ENST00000460680.6:c.660-17del	unchanged
ENST00000460680.6:c.660-16del	enriched
ENST00000460680.6:c.660-15del	enriched
ENST00000460680.6:c.660-13del	enriched
ENST00000460680.6:c.660-12del	enriched
ENST00000460680.6:c.660-11del	weakly depleted
ENST00000460680.6:c.660-10del	enriched
ENST00000460680.6:c.660-9del	weakly depleted
ENST00000460680.6:c.660-8del	unchanged
ENST00000460680.6:c.660-7del	unchanged
ENST00000460680.6:c.660-6del	weakly depleted
ENST00000460680.6:c.660-5del	weakly depleted
ENST00000460680.6:c.660-4del	strongly depleted
ENST00000460680.6:c.660-3del	strongly depleted
ENST00000460680.6:c.660-2del	strongly depleted
ENST00000460680.6:c.661del	strongly depleted
ENST00000460680.6:c.662del	strongly depleted
ENST00000460680.6:c.663del	strongly depleted
ENST00000460680.6:c.666del	strongly depleted
ENST00000460680.6:c.667del	strongly depleted
ENST00000460680.6:c.668del	strongly depleted
ENST00000460680.6:c.670del	strongly depleted
ENST00000460680.6:c.671del	strongly depleted
ENST00000460680.6:c.672del	strongly depleted
ENST00000460680.6:c.673del	strongly depleted
ENST00000460680.6:c.674del	strongly depleted
ENST00000460680.6:c.675del	strongly depleted
ENST00000460680.6:c.676del	strongly depleted
ENST00000460680.6:c.677del	strongly depleted
ENST00000460680.6:c.679del	strongly depleted
ENST00000460680.6:c.680del	strongly depleted
ENST00000460680.6:c.681del	strongly depleted
ENST00000460680.6:c.683del	strongly depleted
ENST00000460680.6:c.684del	strongly depleted
ENST00000460680.6:c.686del	strongly depleted
ENST00000460680.6:c.688del	strongly depleted
ENST00000460680.6:c.689del	strongly depleted
ENST00000460680.6:c.690del	strongly depleted
ENST00000460680.6:c.691del	strongly depleted
ENST00000460680.6:c.692del	strongly depleted
ENST00000460680.6:c.694del	strongly depleted
ENST00000460680.6:c.695del	strongly depleted
ENST00000460680.6:c.696del	strongly depleted
ENST00000460680.6:c.697del	strongly depleted
ENST00000460680.6:c.698del	strongly depleted
ENST00000460680.6:c.700del	strongly depleted
ENST00000460680.6:c.701del	strongly depleted
ENST00000460680.6:c.702del	strongly depleted
ENST00000460680.6:c.705del	strongly depleted
ENST00000460680.6:c.706del	strongly depleted
ENST00000460680.6:c.707del	strongly depleted
ENST00000460680.6:c.709del	strongly depleted
ENST00000460680.6:c.710del	strongly depleted
ENST00000460680.6:c.711del	strongly depleted
ENST00000460680.6:c.712del	strongly depleted
ENST00000460680.6:c.714del	strongly depleted
ENST00000460680.6:c.715del	strongly depleted
ENST00000460680.6:c.716del	strongly depleted
ENST00000460680.6:c.717del	strongly depleted
ENST00000460680.6:c.719del	strongly depleted
ENST00000460680.6:c.720del	strongly depleted
ENST00000460680.6:c.721del	strongly depleted
ENST00000460680.6:c.722del	strongly depleted
ENST00000460680.6:c.723del	strongly depleted
ENST00000460680.6:c.724del	strongly depleted
ENST00000460680.6:c.725del	strongly depleted
ENST00000460680.6:c.727del	strongly depleted
ENST00000460680.6:c.729del	strongly depleted
ENST00000460680.6:c.730del	strongly depleted
ENST00000460680.6:c.732del	strongly depleted
ENST00000460680.6:c.733del	strongly depleted
ENST00000460680.6:c.734del	strongly depleted
ENST00000460680.6:c.735del	strongly depleted
ENST00000460680.6:c.736del	strongly depleted
ENST00000460680.6:c.737del	strongly depleted
ENST00000460680.6:c.738del	strongly depleted
ENST00000460680.6:c.739del	strongly depleted
ENST00000460680.6:c.740del	strongly depleted
ENST00000460680.6:c.741del	strongly depleted
ENST00000460680.6:c.742del	strongly depleted
ENST00000460680.6:c.743del	strongly depleted
ENST00000460680.6:c.744del	strongly depleted
ENST00000460680.6:c.746del	strongly depleted
ENST00000460680.6:c.748del	strongly depleted
ENST00000460680.6:c.749del	strongly depleted
ENST00000460680.6:c.750del	strongly depleted
ENST00000460680.6:c.752del	strongly depleted
ENST00000460680.6:c.754del	strongly depleted
ENST00000460680.6:c.755del	strongly depleted
ENST00000460680.6:c.756del	strongly depleted
ENST00000460680.6:c.757del	strongly depleted
ENST00000460680.6:c.758del	strongly depleted
ENST00000460680.6:c.759del	strongly depleted
ENST00000460680.6:c.760del	strongly depleted
ENST00000460680.6:c.761del	strongly depleted
ENST00000460680.6:c.762del	strongly depleted
ENST00000460680.6:c.763del	strongly depleted
ENST00000460680.6:c.764del	strongly depleted
ENST00000460680.6:c.765del	strongly depleted
ENST00000460680.6:c.766del	strongly depleted
ENST00000460680.6:c.767del	strongly depleted
ENST00000460680.6:c.768del	strongly depleted
ENST00000460680.6:c.769del	strongly depleted
ENST00000460680.6:c.770del	strongly depleted
ENST00000460680.6:c.772del	strongly depleted
ENST00000460680.6:c.773del	strongly depleted
ENST00000460680.6:c.774del	strongly depleted
ENST00000460680.6:c.775del	strongly depleted
ENST00000460680.6:c.776del	strongly depleted
ENST00000460680.6:c.777del	strongly depleted
ENST00000460680.6:c.778del	strongly depleted
ENST00000460680.6:c.779del	strongly depleted
ENST00000460680.6:c.780del	strongly depleted
ENST00000460680.6:c.781del	strongly depleted
ENST00000460680.6:c.782del	strongly depleted
ENST00000460680.6:c.783+1del	strongly depleted
ENST00000460680.6:c.783+2del	weakly depleted
ENST00000460680.6:c.783+3del	weakly depleted
ENST00000460680.6:c.783+5del	unchanged
ENST00000460680.6:c.783+6del	unchanged
ENST00000460680.6:c.783+7del	unchanged
ENST00000460680.6:c.783+10del	unchanged
ENST00000460680.6:c.783+13del	enriched
ENST00000460680.6:c.783+14del	unchanged
ENST00000460680.6:c.783+16del	unchanged
ENST00000460680.6:c.783+18del	unchanged
ENST00000460680.6:c.783+19del	unchanged
ENST00000460680.6:c.783+21del	unchanged
ENST00000460680.6:c.783+23del	unchanged
ENST00000460680.6:c.783+24del	unchanged
ENST00000460680.6:c.783+25del	unchanged
ENST00000460680.6:c.784-25del	unchanged
ENST00000460680.6:c.784-24del	unchanged
ENST00000460680.6:c.784-23del	weakly depleted
ENST00000460680.6:c.784-22del	weakly depleted
ENST00000460680.6:c.784-21del	unchanged
ENST00000460680.6:c.784-20del	unchanged
ENST00000460680.6:c.784-17del	unchanged
ENST00000460680.6:c.784-16del	unchanged
ENST00000460680.6:c.784-14del	unchanged
ENST00000460680.6:c.784-13del	unchanged
ENST00000460680.6:c.784-11del	unchanged
ENST00000460680.6:c.784-10del	weakly depleted
ENST00000460680.6:c.784-9del	unchanged
ENST00000460680.6:c.784-8del	unchanged
ENST00000460680.6:c.784-6del	unchanged
ENST00000460680.6:c.784-5del	unchanged
ENST00000460680.6:c.784-3del	unchanged
ENST00000460680.6:c.784-2del	weakly depleted
ENST00000460680.6:c.784-1del	weakly depleted
ENST00000460680.6:c.784del	weakly depleted
ENST00000460680.6:c.785del	strongly depleted
ENST00000460680.6:c.786del	strongly depleted
ENST00000460680.6:c.787del	weakly depleted
ENST00000460680.6:c.788del	strongly depleted
ENST00000460680.6:c.790del	weakly depleted
ENST00000460680.6:c.791del	strongly depleted
ENST00000460680.6:c.792del	weakly depleted
ENST00000460680.6:c.793del	strongly depleted
ENST00000460680.6:c.794del	weakly depleted
ENST00000460680.6:c.796del	strongly depleted
ENST00000460680.6:c.797del	weakly depleted
ENST00000460680.6:c.798del	strongly depleted
ENST00000460680.6:c.799del	weakly depleted
ENST00000460680.6:c.800del	strongly depleted
ENST00000460680.6:c.801del	strongly depleted
ENST00000460680.6:c.803del	weakly depleted
ENST00000460680.6:c.804del	weakly depleted
ENST00000460680.6:c.805del	weakly depleted
ENST00000460680.6:c.806del	strongly depleted
ENST00000460680.6:c.807del	strongly depleted
ENST00000460680.6:c.808del	weakly depleted
ENST00000460680.6:c.809del	weakly depleted
ENST00000460680.6:c.810del	strongly depleted
ENST00000460680.6:c.811del	weakly depleted
ENST00000460680.6:c.813del	weakly depleted
ENST00000460680.6:c.814del	weakly depleted
ENST00000460680.6:c.815del	weakly depleted
ENST00000460680.6:c.816del	weakly depleted
ENST00000460680.6:c.817del	weakly depleted
ENST00000460680.6:c.820del	weakly depleted
ENST00000460680.6:c.821del	weakly depleted
ENST00000460680.6:c.822del	weakly depleted
ENST00000460680.6:c.824del	strongly depleted
ENST00000460680.6:c.825del	weakly depleted
ENST00000460680.6:c.826del	weakly depleted
ENST00000460680.6:c.827del	weakly depleted
ENST00000460680.6:c.828del	weakly depleted
ENST00000460680.6:c.829del	weakly depleted
ENST00000460680.6:c.831del	strongly depleted
ENST00000460680.6:c.832del	weakly depleted
ENST00000460680.6:c.833del	strongly depleted
ENST00000460680.6:c.834del	weakly depleted
ENST00000460680.6:c.835del	weakly depleted
ENST00000460680.6:c.836del	strongly depleted
ENST00000460680.6:c.837del	weakly depleted
ENST00000460680.6:c.838del	weakly depleted
ENST00000460680.6:c.839del	weakly depleted
ENST00000460680.6:c.840del	weakly depleted
ENST00000460680.6:c.841del	weakly depleted
ENST00000460680.6:c.842del	strongly depleted
ENST00000460680.6:c.843del	weakly depleted
ENST00000460680.6:c.845del	weakly depleted
ENST00000460680.6:c.846del	weakly depleted
ENST00000460680.6:c.847del	weakly depleted
ENST00000460680.6:c.848del	strongly depleted
ENST00000460680.6:c.850del	weakly depleted
ENST00000460680.6:c.851del	weakly depleted
ENST00000460680.6:c.852del	strongly depleted
ENST00000460680.6:c.853del	weakly depleted
ENST00000460680.6:c.855del	weakly depleted
ENST00000460680.6:c.857del	weakly depleted
ENST00000460680.6:c.858del	weakly depleted
ENST00000460680.6:c.859del	weakly depleted
ENST00000460680.6:c.860del	weakly depleted
ENST00000460680.6:c.861del	strongly depleted
ENST00000460680.6:c.862del	strongly depleted
ENST00000460680.6:c.864del	weakly depleted
ENST00000460680.6:c.865del	weakly depleted
ENST00000460680.6:c.866del	weakly depleted
ENST00000460680.6:c.867del	weakly depleted
ENST00000460680.6:c.869del	weakly depleted
ENST00000460680.6:c.870del	strongly depleted
ENST00000460680.6:c.872del	weakly depleted
ENST00000460680.6:c.873del	weakly depleted
ENST00000460680.6:c.874del	weakly depleted
ENST00000460680.6:c.878del	weakly depleted
ENST00000460680.6:c.879del	weakly depleted
ENST00000460680.6:c.880del	weakly depleted
ENST00000460680.6:c.881del	weakly depleted
ENST00000460680.6:c.883del	weakly depleted
ENST00000460680.6:c.884del	weakly depleted
ENST00000460680.6:c.885del	weakly depleted
ENST00000460680.6:c.886del	weakly depleted
ENST00000460680.6:c.887del	weakly depleted
ENST00000460680.6:c.889del	weakly depleted
ENST00000460680.6:c.891del	weakly depleted
ENST00000460680.6:c.892del	weakly depleted
ENST00000460680.6:c.893del	weakly depleted
ENST00000460680.6:c.896del	weakly depleted
ENST00000460680.6:c.897del	weakly depleted
ENST00000460680.6:c.898del	weakly depleted
ENST00000460680.6:c.901del	weakly depleted
ENST00000460680.6:c.905del	weakly depleted
ENST00000460680.6:c.906del	weakly depleted
ENST00000460680.6:c.907del	weakly depleted
ENST00000460680.6:c.908del	weakly depleted
ENST00000460680.6:c.909del	weakly depleted
ENST00000460680.6:c.910del	weakly depleted
ENST00000460680.6:c.912del	weakly depleted
ENST00000460680.6:c.913del	weakly depleted
ENST00000460680.6:c.914del	weakly depleted
ENST00000460680.6:c.915del	weakly depleted
ENST00000460680.6:c.916del	weakly depleted
ENST00000460680.6:c.917del	weakly depleted
ENST00000460680.6:c.920del	weakly depleted
ENST00000460680.6:c.921del	weakly depleted
ENST00000460680.6:c.923del	weakly depleted
ENST00000460680.6:c.925del	weakly depleted
ENST00000460680.6:c.926del	weakly depleted
ENST00000460680.6:c.927del	weakly depleted
ENST00000460680.6:c.928del	weakly depleted
ENST00000460680.6:c.929del	weakly depleted
ENST00000460680.6:c.930del	weakly depleted
ENST00000460680.6:c.931+1del	weakly depleted
ENST00000460680.6:c.931+2del	weakly depleted
ENST00000460680.6:c.931+3del	weakly depleted
ENST00000460680.6:c.931+4del	unchanged
ENST00000460680.6:c.931+5del	unchanged
ENST00000460680.6:c.931+11del	enriched
ENST00000460680.6:c.931+14del	unchanged
ENST00000460680.6:c.931+17del	unchanged
ENST00000460680.6:c.931+18del	unchanged
ENST00000460680.6:c.931+20del	unchanged
ENST00000460680.6:c.932-25del	unchanged
ENST00000460680.6:c.932-24del	unchanged
ENST00000460680.6:c.932-22del	unchanged
ENST00000460680.6:c.932-21del	unchanged
ENST00000460680.6:c.932-20del	unchanged
ENST00000460680.6:c.932-19del	unchanged
ENST00000460680.6:c.932-18del	unchanged
ENST00000460680.6:c.932-16del	unchanged
ENST00000460680.6:c.932-15del	unchanged
ENST00000460680.6:c.932-13del	unchanged
ENST00000460680.6:c.932-12del	unchanged
ENST00000460680.6:c.932-9del	unchanged
ENST00000460680.6:c.932-8del	weakly depleted
ENST00000460680.6:c.932-7del	weakly depleted
ENST00000460680.6:c.932-6del	unchanged
ENST00000460680.6:c.932-5del	unchanged
ENST00000460680.6:c.932-4del	weakly depleted
ENST00000460680.6:c.932-3del	unchanged
ENST00000460680.6:c.932-2del	weakly depleted
ENST00000460680.6:c.932-1del	weakly depleted
ENST00000460680.6:c.932del	strongly depleted
ENST00000460680.6:c.933del	strongly depleted
ENST00000460680.6:c.935del	strongly depleted
ENST00000460680.6:c.936del	strongly depleted
ENST00000460680.6:c.937del	strongly depleted
ENST00000460680.6:c.938del	strongly depleted
ENST00000460680.6:c.939del	strongly depleted
ENST00000460680.6:c.940del	strongly depleted
ENST00000460680.6:c.941del	strongly depleted
ENST00000460680.6:c.943del	strongly depleted
ENST00000460680.6:c.944del	strongly depleted
ENST00000460680.6:c.946del	strongly depleted
ENST00000460680.6:c.947del	strongly depleted
ENST00000460680.6:c.949del	strongly depleted
ENST00000460680.6:c.950del	strongly depleted
ENST00000460680.6:c.951del	strongly depleted
ENST00000460680.6:c.953del	strongly depleted
ENST00000460680.6:c.955del	strongly depleted
ENST00000460680.6:c.956del	strongly depleted
ENST00000460680.6:c.957del	strongly depleted
ENST00000460680.6:c.958del	strongly depleted
ENST00000460680.6:c.959del	strongly depleted
ENST00000460680.6:c.960del	strongly depleted
ENST00000460680.6:c.961del	strongly depleted
ENST00000460680.6:c.962del	strongly depleted
ENST00000460680.6:c.963del	strongly depleted
ENST00000460680.6:c.964del	strongly depleted
ENST00000460680.6:c.966del	strongly depleted
ENST00000460680.6:c.967del	strongly depleted
ENST00000460680.6:c.971del	strongly depleted
ENST00000460680.6:c.972del	strongly depleted
ENST00000460680.6:c.973del	strongly depleted
ENST00000460680.6:c.976del	strongly depleted
ENST00000460680.6:c.977del	strongly depleted
ENST00000460680.6:c.978del	strongly depleted
ENST00000460680.6:c.979del	strongly depleted
ENST00000460680.6:c.980del	strongly depleted
ENST00000460680.6:c.983del	strongly depleted
ENST00000460680.6:c.984del	strongly depleted
ENST00000460680.6:c.987del	strongly depleted
ENST00000460680.6:c.989del	strongly depleted
ENST00000460680.6:c.990del	strongly depleted
ENST00000460680.6:c.993del	strongly depleted
ENST00000460680.6:c.996del	strongly depleted
ENST00000460680.6:c.998del	strongly depleted
ENST00000460680.6:c.999del	strongly depleted
ENST00000460680.6:c.1000del	strongly depleted
ENST00000460680.6:c.1001del	strongly depleted
ENST00000460680.6:c.1002del	strongly depleted
ENST00000460680.6:c.1003del	strongly depleted
ENST00000460680.6:c.1004del	strongly depleted
ENST00000460680.6:c.1006del	strongly depleted
ENST00000460680.6:c.1007del	strongly depleted
ENST00000460680.6:c.1008del	strongly depleted
ENST00000460680.6:c.1010del	strongly depleted
ENST00000460680.6:c.1011del	strongly depleted
ENST00000460680.6:c.1013del	strongly depleted
ENST00000460680.6:c.1014del	strongly depleted
ENST00000460680.6:c.1016del	strongly depleted
ENST00000460680.6:c.1017del	strongly depleted
ENST00000460680.6:c.1019del	strongly depleted
ENST00000460680.6:c.1020del	strongly depleted
ENST00000460680.6:c.1021del	strongly depleted
ENST00000460680.6:c.1022del	strongly depleted
ENST00000460680.6:c.1023del	strongly depleted
ENST00000460680.6:c.1024del	strongly depleted
ENST00000460680.6:c.1025del	strongly depleted
ENST00000460680.6:c.1027del	strongly depleted
ENST00000460680.6:c.1028del	strongly depleted
ENST00000460680.6:c.1029del	strongly depleted
ENST00000460680.6:c.1031del	strongly depleted
ENST00000460680.6:c.1032del	strongly depleted
ENST00000460680.6:c.1036del	strongly depleted
ENST00000460680.6:c.1038del	strongly depleted
ENST00000460680.6:c.1039del	strongly depleted
ENST00000460680.6:c.1040del	strongly depleted
ENST00000460680.6:c.1044del	weakly depleted
ENST00000460680.6:c.1046del	strongly depleted
ENST00000460680.6:c.1050del	strongly depleted
ENST00000460680.6:c.1051del	strongly depleted
ENST00000460680.6:c.1052del	strongly depleted
ENST00000460680.6:c.1053del	strongly depleted
ENST00000460680.6:c.1056del	strongly depleted
ENST00000460680.6:c.1057del	strongly depleted
ENST00000460680.6:c.1059del	strongly depleted
ENST00000460680.6:c.1060del	strongly depleted
ENST00000460680.6:c.1061del	strongly depleted
ENST00000460680.6:c.1063del	strongly depleted
ENST00000460680.6:c.1064del	strongly depleted
ENST00000460680.6:c.1065del	strongly depleted
ENST00000460680.6:c.1066del	strongly depleted
ENST00000460680.6:c.1068del	strongly depleted
ENST00000460680.6:c.1069del	strongly depleted
ENST00000460680.6:c.1070del	strongly depleted
ENST00000460680.6:c.1071del	strongly depleted
ENST00000460680.6:c.1073del	strongly depleted
ENST00000460680.6:c.1075del	strongly depleted
ENST00000460680.6:c.1077del	strongly depleted
ENST00000460680.6:c.1080del	strongly depleted
ENST00000460680.6:c.1081del	strongly depleted
ENST00000460680.6:c.1082del	strongly depleted
ENST00000460680.6:c.1083del	strongly depleted
ENST00000460680.6:c.1084del	strongly depleted
ENST00000460680.6:c.1085del	strongly depleted
ENST00000460680.6:c.1086del	strongly depleted
ENST00000460680.6:c.1088del	strongly depleted
ENST00000460680.6:c.1089del	strongly depleted
ENST00000460680.6:c.1090del	strongly depleted
ENST00000460680.6:c.1091del	strongly depleted
ENST00000460680.6:c.1092del	strongly depleted
ENST00000460680.6:c.1094del	strongly depleted
ENST00000460680.6:c.1096del	strongly depleted
ENST00000460680.6:c.1097del	strongly depleted
ENST00000460680.6:c.1098del	strongly depleted
ENST00000460680.6:c.1099del	strongly depleted
ENST00000460680.6:c.1101del	strongly depleted
ENST00000460680.6:c.1103del	strongly depleted
ENST00000460680.6:c.1104del	strongly depleted
ENST00000460680.6:c.1105del	strongly depleted
ENST00000460680.6:c.1110del	weakly depleted
ENST00000460680.6:c.1111del	strongly depleted
ENST00000460680.6:c.1112del	strongly depleted
ENST00000460680.6:c.1113del	strongly depleted
ENST00000460680.6:c.1114del	strongly depleted
ENST00000460680.6:c.1115del	strongly depleted
ENST00000460680.6:c.1116+1del	strongly depleted
ENST00000460680.6:c.1116+2del	strongly depleted
ENST00000460680.6:c.1116+4del	strongly depleted
ENST00000460680.6:c.1116+5del	weakly depleted
ENST00000460680.6:c.1116+6del	unchanged
ENST00000460680.6:c.1116+7del	unchanged
ENST00000460680.6:c.1116+10del	unchanged
ENST00000460680.6:c.1116+11del	unchanged
ENST00000460680.6:c.1116+12del	unchanged
ENST00000460680.6:c.1116+13del	unchanged
ENST00000460680.6:c.1116+14del	unchanged
ENST00000460680.6:c.1116+17del	enriched
ENST00000460680.6:c.1116+19del	enriched
ENST00000460680.6:c.1116+20del	unchanged
ENST00000460680.6:c.1116+21del	unchanged
ENST00000460680.6:c.1116+22del	unchanged
ENST00000460680.6:c.1116+24del	unchanged
ENST00000460680.6:c.1116+25del	unchanged
ENST00000460680.6:c.1117-25del	unchanged
ENST00000460680.6:c.1117-24del	unchanged
ENST00000460680.6:c.1117-22del	unchanged
ENST00000460680.6:c.1117-21del	unchanged
ENST00000460680.6:c.1117-20del	unchanged
ENST00000460680.6:c.1117-19del	unchanged
ENST00000460680.6:c.1117-16del	unchanged
ENST00000460680.6:c.1117-15del	unchanged
ENST00000460680.6:c.1117-13del	unchanged
ENST00000460680.6:c.1117-12del	unchanged
ENST00000460680.6:c.1117-11del	unchanged
ENST00000460680.6:c.1117-8del	unchanged
ENST00000460680.6:c.1117-7del	unchanged
ENST00000460680.6:c.1117-6del	unchanged
ENST00000460680.6:c.1117-3del	unchanged
ENST00000460680.6:c.1117-2del	unchanged
ENST00000460680.6:c.1117del	strongly depleted
ENST00000460680.6:c.1118del	strongly depleted
ENST00000460680.6:c.1120del	strongly depleted
ENST00000460680.6:c.1122del	strongly depleted
ENST00000460680.6:c.1123del	strongly depleted
ENST00000460680.6:c.1125del	strongly depleted
ENST00000460680.6:c.1126del	strongly depleted
ENST00000460680.6:c.1127del	strongly depleted
ENST00000460680.6:c.1129del	strongly depleted
ENST00000460680.6:c.1130del	strongly depleted
ENST00000460680.6:c.1132del	strongly depleted
ENST00000460680.6:c.1133del	strongly depleted
ENST00000460680.6:c.1135del	strongly depleted
ENST00000460680.6:c.1136del	strongly depleted
ENST00000460680.6:c.1137del	strongly depleted
ENST00000460680.6:c.1139del	strongly depleted
ENST00000460680.6:c.1140del	strongly depleted
ENST00000460680.6:c.1141del	weakly depleted
ENST00000460680.6:c.1142del	strongly depleted
ENST00000460680.6:c.1145del	strongly depleted
ENST00000460680.6:c.1147del	strongly depleted
ENST00000460680.6:c.1148del	strongly depleted
ENST00000460680.6:c.1149del	strongly depleted
ENST00000460680.6:c.1150del	strongly depleted
ENST00000460680.6:c.1151del	strongly depleted
ENST00000460680.6:c.1153del	strongly depleted
ENST00000460680.6:c.1154del	strongly depleted
ENST00000460680.6:c.1155del	strongly depleted
ENST00000460680.6:c.1156del	strongly depleted
ENST00000460680.6:c.1158del	strongly depleted
ENST00000460680.6:c.1160del	strongly depleted
ENST00000460680.6:c.1161del	strongly depleted
ENST00000460680.6:c.1162del	strongly depleted
ENST00000460680.6:c.1163del	strongly depleted
ENST00000460680.6:c.1165del	strongly depleted
ENST00000460680.6:c.1166del	strongly depleted
ENST00000460680.6:c.1169del	strongly depleted
ENST00000460680.6:c.1170del	strongly depleted
ENST00000460680.6:c.1174del	weakly depleted
ENST00000460680.6:c.1175del	strongly depleted
ENST00000460680.6:c.1176del	strongly depleted
ENST00000460680.6:c.1177del	strongly depleted
ENST00000460680.6:c.1178del	strongly depleted
ENST00000460680.6:c.1179del	strongly depleted
ENST00000460680.6:c.1180del	strongly depleted
ENST00000460680.6:c.1181del	strongly depleted
ENST00000460680.6:c.1182del	strongly depleted
ENST00000460680.6:c.1183del	strongly depleted
ENST00000460680.6:c.1184del	strongly depleted
ENST00000460680.6:c.1185del	strongly depleted
ENST00000460680.6:c.1186del	strongly depleted
ENST00000460680.6:c.1187del	strongly depleted
ENST00000460680.6:c.1188del	strongly depleted
ENST00000460680.6:c.1189del	strongly depleted
ENST00000460680.6:c.1190del	strongly depleted
ENST00000460680.6:c.1191del	strongly depleted
ENST00000460680.6:c.1192del	strongly depleted
ENST00000460680.6:c.1193del	strongly depleted
ENST00000460680.6:c.1195del	strongly depleted
ENST00000460680.6:c.1196del	strongly depleted
ENST00000460680.6:c.1197del	strongly depleted
ENST00000460680.6:c.1198del	strongly depleted
ENST00000460680.6:c.1199del	strongly depleted
ENST00000460680.6:c.1200del	strongly depleted
ENST00000460680.6:c.1201del	strongly depleted
ENST00000460680.6:c.1202del	strongly depleted
ENST00000460680.6:c.1203del	strongly depleted
ENST00000460680.6:c.1204del	strongly depleted
ENST00000460680.6:c.1205del	strongly depleted
ENST00000460680.6:c.1207del	strongly depleted
ENST00000460680.6:c.1208del	strongly depleted
ENST00000460680.6:c.1209del	strongly depleted
ENST00000460680.6:c.1210del	strongly depleted
ENST00000460680.6:c.1211del	strongly depleted
ENST00000460680.6:c.1212del	strongly depleted
ENST00000460680.6:c.1213del	strongly depleted
ENST00000460680.6:c.1214del	strongly depleted
ENST00000460680.6:c.1216del	strongly depleted
ENST00000460680.6:c.1217del	strongly depleted
ENST00000460680.6:c.1219del	strongly depleted
ENST00000460680.6:c.1220del	strongly depleted
ENST00000460680.6:c.1221del	strongly depleted
ENST00000460680.6:c.1222del	strongly depleted
ENST00000460680.6:c.1223del	strongly depleted
ENST00000460680.6:c.1224del	strongly depleted
ENST00000460680.6:c.1225del	strongly depleted
ENST00000460680.6:c.1226del	strongly depleted
ENST00000460680.6:c.1227del	strongly depleted
ENST00000460680.6:c.1228del	strongly depleted
ENST00000460680.6:c.1229del	strongly depleted
ENST00000460680.6:c.1230del	strongly depleted
ENST00000460680.6:c.1232del	strongly depleted
ENST00000460680.6:c.1233del	strongly depleted
ENST00000460680.6:c.1234del	strongly depleted
ENST00000460680.6:c.1236del	strongly depleted
ENST00000460680.6:c.1238del	strongly depleted
ENST00000460680.6:c.1239del	strongly depleted
ENST00000460680.6:c.1240del	strongly depleted
ENST00000460680.6:c.1241del	strongly depleted
ENST00000460680.6:c.1242del	strongly depleted
ENST00000460680.6:c.1243del	strongly depleted
ENST00000460680.6:c.1246del	strongly depleted
ENST00000460680.6:c.1248del	strongly depleted
ENST00000460680.6:c.1249del	strongly depleted
ENST00000460680.6:c.1250+1del	weakly depleted
ENST00000460680.6:c.1250+2del	weakly depleted
ENST00000460680.6:c.1250+3del	unchanged
ENST00000460680.6:c.1250+4del	unchanged
ENST00000460680.6:c.1250+5del	unchanged
ENST00000460680.6:c.1250+8del	unchanged
ENST00000460680.6:c.1250+9del	unchanged
ENST00000460680.6:c.1250+10del	unchanged
ENST00000460680.6:c.1250+11del	unchanged
ENST00000460680.6:c.1250+14del	unchanged
ENST00000460680.6:c.1250+15del	unchanged
ENST00000460680.6:c.1250+16del	unchanged
ENST00000460680.6:c.1250+18del	unchanged
ENST00000460680.6:c.1250+20del	unchanged
ENST00000460680.6:c.1250+21del	unchanged
ENST00000460680.6:c.1250+22del	unchanged
ENST00000460680.6:c.1250+23del	unchanged
ENST00000460680.6:c.1250+25del	unchanged
ENST00000460680.6:c.1250+26del	unchanged
ENST00000460680.6:c.1250+28del	unchanged
ENST00000460680.6:c.1250+30del	unchanged
ENST00000460680.6:c.1250+31del	unchanged
ENST00000460680.6:c.1250+32del	unchanged
ENST00000460680.6:c.1250+33del	unchanged
ENST00000460680.6:c.1250+35del	unchanged
ENST00000460680.6:c.1250+36del	unchanged
ENST00000460680.6:c.1250+37del	unchanged
ENST00000460680.6:c.1250+38del	unchanged
ENST00000460680.6:c.1250+40del	unchanged
ENST00000460680.6:c.1250+41del	unchanged
ENST00000460680.6:c.1250+43del	unchanged
ENST00000460680.6:c.1250+44del	unchanged
ENST00000460680.6:c.1250+45del	unchanged
ENST00000460680.6:c.1250+48del	unchanged
ENST00000460680.6:c.1250+49del	unchanged
ENST00000460680.6:c.1250+50del	weakly depleted
ENST00000460680.6:c.1251-25del	weakly depleted
ENST00000460680.6:c.1251-23del	unchanged
ENST00000460680.6:c.1251-22del	weakly depleted
ENST00000460680.6:c.1251-21del	unchanged
ENST00000460680.6:c.1251-20del	unchanged
ENST00000460680.6:c.1251-19del	unchanged
ENST00000460680.6:c.1251-18del	unchanged
ENST00000460680.6:c.1251-17del	unchanged
ENST00000460680.6:c.1251-15del	unchanged
ENST00000460680.6:c.1251-14del	unchanged
ENST00000460680.6:c.1251-13del	unchanged
ENST00000460680.6:c.1251-12del	unchanged
ENST00000460680.6:c.1251-9del	unchanged
ENST00000460680.6:c.1251-5del	unchanged
ENST00000460680.6:c.1251-4del	unchanged
ENST00000460680.6:c.1251-3del	strongly depleted
ENST00000460680.6:c.1251-2del	strongly depleted
ENST00000460680.6:c.1251del	strongly depleted
ENST00000460680.6:c.1252del	strongly depleted
ENST00000460680.6:c.1253del	strongly depleted
ENST00000460680.6:c.1254del	strongly depleted
ENST00000460680.6:c.1256del	strongly depleted
ENST00000460680.6:c.1260del	strongly depleted
ENST00000460680.6:c.1262del	weakly depleted
ENST00000460680.6:c.1265del	strongly depleted
ENST00000460680.6:c.1267del	strongly depleted
ENST00000460680.6:c.1268del	strongly depleted
ENST00000460680.6:c.1269del	strongly depleted
ENST00000460680.6:c.1272del	strongly depleted
ENST00000460680.6:c.1274del	strongly depleted
ENST00000460680.6:c.1275del	strongly depleted
ENST00000460680.6:c.1277del	strongly depleted
ENST00000460680.6:c.1278del	strongly depleted
ENST00000460680.6:c.1282del	weakly depleted
ENST00000460680.6:c.1283del	strongly depleted
ENST00000460680.6:c.1284del	strongly depleted
ENST00000460680.6:c.1286del	strongly depleted
ENST00000460680.6:c.1287del	strongly depleted
ENST00000460680.6:c.1288del	strongly depleted
ENST00000460680.6:c.1289del	strongly depleted
ENST00000460680.6:c.1290del	strongly depleted
ENST00000460680.6:c.1292del	strongly depleted
ENST00000460680.6:c.1294del	strongly depleted
ENST00000460680.6:c.1295del	strongly depleted
ENST00000460680.6:c.1296del	strongly depleted
ENST00000460680.6:c.1297del	strongly depleted
ENST00000460680.6:c.1298del	strongly depleted
ENST00000460680.6:c.1299del	strongly depleted
ENST00000460680.6:c.1300del	strongly depleted
ENST00000460680.6:c.1301del	strongly depleted
ENST00000460680.6:c.1302del	strongly depleted
ENST00000460680.6:c.1305del	strongly depleted
ENST00000460680.6:c.1306del	strongly depleted
ENST00000460680.6:c.1308del	strongly depleted
ENST00000460680.6:c.1309del	strongly depleted
ENST00000460680.6:c.1310del	strongly depleted
ENST00000460680.6:c.1311del	strongly depleted
ENST00000460680.6:c.1312del	strongly depleted
ENST00000460680.6:c.1313del	strongly depleted
ENST00000460680.6:c.1314del	strongly depleted
ENST00000460680.6:c.1315del	strongly depleted
ENST00000460680.6:c.1316del	strongly depleted
ENST00000460680.6:c.1317del	weakly depleted
ENST00000460680.6:c.1318del	strongly depleted
ENST00000460680.6:c.1319del	strongly depleted
ENST00000460680.6:c.1320del	strongly depleted
ENST00000460680.6:c.1321del	strongly depleted
ENST00000460680.6:c.1322del	strongly depleted
ENST00000460680.6:c.1323del	strongly depleted
ENST00000460680.6:c.1330del	strongly depleted
ENST00000460680.6:c.1332del	strongly depleted
ENST00000460680.6:c.1333del	strongly depleted
ENST00000460680.6:c.1334del	strongly depleted
ENST00000460680.6:c.1335del	strongly depleted
ENST00000460680.6:c.1337del	strongly depleted
ENST00000460680.6:c.1338del	strongly depleted
ENST00000460680.6:c.1339del	strongly depleted
ENST00000460680.6:c.1340del	strongly depleted
ENST00000460680.6:c.1341del	strongly depleted
ENST00000460680.6:c.1343del	strongly depleted
ENST00000460680.6:c.1345del	strongly depleted
ENST00000460680.6:c.1346del	strongly depleted
ENST00000460680.6:c.1347del	strongly depleted
ENST00000460680.6:c.1348del	strongly depleted
ENST00000460680.6:c.1349del	strongly depleted
ENST00000460680.6:c.1350del	strongly depleted
ENST00000460680.6:c.1352del	strongly depleted
ENST00000460680.6:c.1353del	strongly depleted
ENST00000460680.6:c.1354del	strongly depleted
ENST00000460680.6:c.1355del	strongly depleted
ENST00000460680.6:c.1356del	strongly depleted
ENST00000460680.6:c.1359del	strongly depleted
ENST00000460680.6:c.1360del	strongly depleted
ENST00000460680.6:c.1361del	strongly depleted
ENST00000460680.6:c.1362del	strongly depleted
ENST00000460680.6:c.1363del	strongly depleted
ENST00000460680.6:c.1366del	weakly depleted
ENST00000460680.6:c.1367del	weakly depleted
ENST00000460680.6:c.1368del	weakly depleted
ENST00000460680.6:c.1370del	strongly depleted
ENST00000460680.6:c.1372del	strongly depleted
ENST00000460680.6:c.1373del	weakly depleted
ENST00000460680.6:c.1375del	weakly depleted
ENST00000460680.6:c.1376del	strongly depleted
ENST00000460680.6:c.1377del	strongly depleted
ENST00000460680.6:c.1378del	strongly depleted
ENST00000460680.6:c.1379del	weakly depleted
ENST00000460680.6:c.1381del	weakly depleted
ENST00000460680.6:c.1383del	strongly depleted
ENST00000460680.6:c.1385del	weakly depleted
ENST00000460680.6:c.1386del	weakly depleted
ENST00000460680.6:c.1387del	weakly depleted
ENST00000460680.6:c.1388del	strongly depleted
ENST00000460680.6:c.1389del	strongly depleted
ENST00000460680.6:c.1390del	strongly depleted
ENST00000460680.6:c.1392del	strongly depleted
ENST00000460680.6:c.1393del	weakly depleted
ENST00000460680.6:c.1394del	strongly depleted
ENST00000460680.6:c.1395del	weakly depleted
ENST00000460680.6:c.1397del	strongly depleted
ENST00000460680.6:c.1398del	strongly depleted
ENST00000460680.6:c.1399del	strongly depleted
ENST00000460680.6:c.1400del	weakly depleted
ENST00000460680.6:c.1401del	weakly depleted
ENST00000460680.6:c.1402del	weakly depleted
ENST00000460680.6:c.1403del	weakly depleted
ENST00000460680.6:c.1404del	strongly depleted
ENST00000460680.6:c.1405del	strongly depleted
ENST00000460680.6:c.1406del	strongly depleted
ENST00000460680.6:c.1407del	strongly depleted
ENST00000460680.6:c.1411del	strongly depleted
ENST00000460680.6:c.1412del	strongly depleted
ENST00000460680.6:c.1413del	strongly depleted
ENST00000460680.6:c.1416del	strongly depleted
ENST00000460680.6:c.1417del	strongly depleted
ENST00000460680.6:c.1418del	strongly depleted
ENST00000460680.6:c.1419del	strongly depleted
ENST00000460680.6:c.1421del	strongly depleted
ENST00000460680.6:c.1423del	strongly depleted
ENST00000460680.6:c.1424del	strongly depleted
ENST00000460680.6:c.1425del	strongly depleted
ENST00000460680.6:c.1426del	strongly depleted
ENST00000460680.6:c.1427del	strongly depleted
ENST00000460680.6:c.1429del	strongly depleted
ENST00000460680.6:c.1430del	strongly depleted
ENST00000460680.6:c.1431del	weakly depleted
ENST00000460680.6:c.1432del	weakly depleted
ENST00000460680.6:c.1433del	weakly depleted
ENST00000460680.6:c.1434del	weakly depleted
ENST00000460680.6:c.1437del	weakly depleted
ENST00000460680.6:c.1438del	weakly depleted
ENST00000460680.6:c.1439del	weakly depleted
ENST00000460680.6:c.1440del	strongly depleted
ENST00000460680.6:c.1441del	weakly depleted
ENST00000460680.6:c.1442del	strongly depleted
ENST00000460680.6:c.1443del	strongly depleted
ENST00000460680.6:c.1444del	strongly depleted
ENST00000460680.6:c.1445del	strongly depleted
ENST00000460680.6:c.1446del	strongly depleted
ENST00000460680.6:c.1447del	strongly depleted
ENST00000460680.6:c.1448del	unchanged
ENST00000460680.6:c.1449del	weakly depleted
ENST00000460680.6:c.1452del	strongly depleted
ENST00000460680.6:c.1453del	strongly depleted
ENST00000460680.6:c.1454del	strongly depleted
ENST00000460680.6:c.1455del	strongly depleted
ENST00000460680.6:c.1458del	strongly depleted
ENST00000460680.6:c.1459del	strongly depleted
ENST00000460680.6:c.1464del	weakly depleted
ENST00000460680.6:c.1465del	strongly depleted
ENST00000460680.6:c.1466del	strongly depleted
ENST00000460680.6:c.1467del	strongly depleted
ENST00000460680.6:c.1469del	strongly depleted
ENST00000460680.6:c.1470del	strongly depleted
ENST00000460680.6:c.1471del	strongly depleted
ENST00000460680.6:c.1472del	strongly depleted
ENST00000460680.6:c.1473del	strongly depleted
ENST00000460680.6:c.1474del	strongly depleted
ENST00000460680.6:c.1475del	strongly depleted
ENST00000460680.6:c.1476del	strongly depleted
ENST00000460680.6:c.1477del	strongly depleted
ENST00000460680.6:c.1478del	strongly depleted
ENST00000460680.6:c.1479del	strongly depleted
ENST00000460680.6:c.1480del	strongly depleted
ENST00000460680.6:c.1481del	strongly depleted
ENST00000460680.6:c.1482del	strongly depleted
ENST00000460680.6:c.1483del	strongly depleted
ENST00000460680.6:c.1484del	strongly depleted
ENST00000460680.6:c.1486del	strongly depleted
ENST00000460680.6:c.1488del	strongly depleted
ENST00000460680.6:c.1489del	strongly depleted
ENST00000460680.6:c.1490del	strongly depleted
ENST00000460680.6:c.1491del	strongly depleted
ENST00000460680.6:c.1492del	strongly depleted
ENST00000460680.6:c.1493del	strongly depleted
ENST00000460680.6:c.1494del	strongly depleted
ENST00000460680.6:c.1495del	strongly depleted
ENST00000460680.6:c.1496del	strongly depleted
ENST00000460680.6:c.1497del	strongly depleted
ENST00000460680.6:c.1499del	strongly depleted
ENST00000460680.6:c.1500del	strongly depleted
ENST00000460680.6:c.1501del	strongly depleted
ENST00000460680.6:c.1502del	strongly depleted
ENST00000460680.6:c.1503del	strongly depleted
ENST00000460680.6:c.1504del	strongly depleted
ENST00000460680.6:c.1505del	strongly depleted
ENST00000460680.6:c.1508del	strongly depleted
ENST00000460680.6:c.1509del	strongly depleted
ENST00000460680.6:c.1511del	strongly depleted
ENST00000460680.6:c.1512del	strongly depleted
ENST00000460680.6:c.1513del	strongly depleted
ENST00000460680.6:c.1514del	strongly depleted
ENST00000460680.6:c.1515del	strongly depleted
ENST00000460680.6:c.1517del	strongly depleted
ENST00000460680.6:c.1518del	strongly depleted
ENST00000460680.6:c.1519del	strongly depleted
ENST00000460680.6:c.1520del	strongly depleted
ENST00000460680.6:c.1521del	strongly depleted
ENST00000460680.6:c.1522del	strongly depleted
ENST00000460680.6:c.1523del	strongly depleted
ENST00000460680.6:c.1524del	strongly depleted
ENST00000460680.6:c.1525del	strongly depleted
ENST00000460680.6:c.1526del	strongly depleted
ENST00000460680.6:c.1527del	strongly depleted
ENST00000460680.6:c.1529del	strongly depleted
ENST00000460680.6:c.1530del	strongly depleted
ENST00000460680.6:c.1531del	strongly depleted
ENST00000460680.6:c.1532del	strongly depleted
ENST00000460680.6:c.1534del	strongly depleted
ENST00000460680.6:c.1535del	strongly depleted
ENST00000460680.6:c.1536del	strongly depleted
ENST00000460680.6:c.1537del	weakly depleted
ENST00000460680.6:c.1538del	strongly depleted
ENST00000460680.6:c.1539del	strongly depleted
ENST00000460680.6:c.1540del	strongly depleted
ENST00000460680.6:c.1542del	strongly depleted
ENST00000460680.6:c.1544del	strongly depleted
ENST00000460680.6:c.1547del	strongly depleted
ENST00000460680.6:c.1548del	strongly depleted
ENST00000460680.6:c.1549del	strongly depleted
ENST00000460680.6:c.1550del	strongly depleted
ENST00000460680.6:c.1551del	strongly depleted
ENST00000460680.6:c.1552del	strongly depleted
ENST00000460680.6:c.1554del	strongly depleted
ENST00000460680.6:c.1557del	strongly depleted
ENST00000460680.6:c.1558del	strongly depleted
ENST00000460680.6:c.1560del	strongly depleted
ENST00000460680.6:c.1561del	strongly depleted
ENST00000460680.6:c.1562del	strongly depleted
ENST00000460680.6:c.1565del	strongly depleted
ENST00000460680.6:c.1566del	strongly depleted
ENST00000460680.6:c.1567del	strongly depleted
ENST00000460680.6:c.1568del	strongly depleted
ENST00000460680.6:c.1569del	strongly depleted
ENST00000460680.6:c.1570del	strongly depleted
ENST00000460680.6:c.1572del	strongly depleted
ENST00000460680.6:c.1573del	strongly depleted
ENST00000460680.6:c.1576del	strongly depleted
ENST00000460680.6:c.1577del	strongly depleted
ENST00000460680.6:c.1578del	strongly depleted
ENST00000460680.6:c.1579del	strongly depleted
ENST00000460680.6:c.1580del	strongly depleted
ENST00000460680.6:c.1581del	strongly depleted
ENST00000460680.6:c.1582del	strongly depleted
ENST00000460680.6:c.1584del	strongly depleted
ENST00000460680.6:c.1586del	strongly depleted
ENST00000460680.6:c.1588del	strongly depleted
ENST00000460680.6:c.1589del	strongly depleted
ENST00000460680.6:c.1590del	strongly depleted
ENST00000460680.6:c.1591del	strongly depleted
ENST00000460680.6:c.1596del	weakly depleted
ENST00000460680.6:c.1598del	strongly depleted
ENST00000460680.6:c.1599del	strongly depleted
ENST00000460680.6:c.1600del	strongly depleted
ENST00000460680.6:c.1601del	strongly depleted
ENST00000460680.6:c.1603del	strongly depleted
ENST00000460680.6:c.1604del	strongly depleted
ENST00000460680.6:c.1605del	strongly depleted
ENST00000460680.6:c.1606del	strongly depleted
ENST00000460680.6:c.1607del	strongly depleted
ENST00000460680.6:c.1608del	strongly depleted
ENST00000460680.6:c.1609del	strongly depleted
ENST00000460680.6:c.1610del	strongly depleted
ENST00000460680.6:c.1612del	strongly depleted
ENST00000460680.6:c.1613del	strongly depleted
ENST00000460680.6:c.1614del	strongly depleted
ENST00000460680.6:c.1615del	strongly depleted
ENST00000460680.6:c.1616del	strongly depleted
ENST00000460680.6:c.1617del	strongly depleted
ENST00000460680.6:c.1618del	strongly depleted
ENST00000460680.6:c.1619del	strongly depleted
ENST00000460680.6:c.1620del	strongly depleted
ENST00000460680.6:c.1621del	strongly depleted
ENST00000460680.6:c.1623del	strongly depleted
ENST00000460680.6:c.1624del	strongly depleted
ENST00000460680.6:c.1625del	strongly depleted
ENST00000460680.6:c.1626del	strongly depleted
ENST00000460680.6:c.1627del	strongly depleted
ENST00000460680.6:c.1628del	strongly depleted
ENST00000460680.6:c.1629del	strongly depleted
ENST00000460680.6:c.1630del	strongly depleted
ENST00000460680.6:c.1631del	strongly depleted
ENST00000460680.6:c.1632del	strongly depleted
ENST00000460680.6:c.1633del	strongly depleted
ENST00000460680.6:c.1634del	strongly depleted
ENST00000460680.6:c.1635del	strongly depleted
ENST00000460680.6:c.1636del	strongly depleted
ENST00000460680.6:c.1637del	strongly depleted
ENST00000460680.6:c.1638del	strongly depleted
ENST00000460680.6:c.1640del	strongly depleted
ENST00000460680.6:c.1642del	strongly depleted
ENST00000460680.6:c.1643del	strongly depleted
ENST00000460680.6:c.1644del	strongly depleted
ENST00000460680.6:c.1645del	strongly depleted
ENST00000460680.6:c.1646del	strongly depleted
ENST00000460680.6:c.1647del	strongly depleted
ENST00000460680.6:c.1648del	strongly depleted
ENST00000460680.6:c.1649del	strongly depleted
ENST00000460680.6:c.1651del	strongly depleted
ENST00000460680.6:c.1652del	strongly depleted
ENST00000460680.6:c.1653del	strongly depleted
ENST00000460680.6:c.1654del	strongly depleted
ENST00000460680.6:c.1655del	strongly depleted
ENST00000460680.6:c.1656del	strongly depleted
ENST00000460680.6:c.1657del	strongly depleted
ENST00000460680.6:c.1658del	strongly depleted
ENST00000460680.6:c.1661del	strongly depleted
ENST00000460680.6:c.1662del	strongly depleted
ENST00000460680.6:c.1664del	strongly depleted
ENST00000460680.6:c.1665del	strongly depleted
ENST00000460680.6:c.1666del	strongly depleted
ENST00000460680.6:c.1667del	strongly depleted
ENST00000460680.6:c.1668del	strongly depleted
ENST00000460680.6:c.1669del	strongly depleted
ENST00000460680.6:c.1670del	strongly depleted
ENST00000460680.6:c.1671del	strongly depleted
ENST00000460680.6:c.1672del	strongly depleted
ENST00000460680.6:c.1673del	strongly depleted
ENST00000460680.6:c.1674del	strongly depleted
ENST00000460680.6:c.1675del	strongly depleted
ENST00000460680.6:c.1676del	strongly depleted
ENST00000460680.6:c.1677del	strongly depleted
ENST00000460680.6:c.1679del	strongly depleted
ENST00000460680.6:c.1681del	strongly depleted
ENST00000460680.6:c.1682del	strongly depleted
ENST00000460680.6:c.1683del	strongly depleted
ENST00000460680.6:c.1684del	strongly depleted
ENST00000460680.6:c.1685del	strongly depleted
ENST00000460680.6:c.1686del	strongly depleted
ENST00000460680.6:c.1687del	strongly depleted
ENST00000460680.6:c.1688del	strongly depleted
ENST00000460680.6:c.1690del	strongly depleted
ENST00000460680.6:c.1691del	strongly depleted
ENST00000460680.6:c.1693del	strongly depleted
ENST00000460680.6:c.1694del	strongly depleted
ENST00000460680.6:c.1695del	strongly depleted
ENST00000460680.6:c.1696del	strongly depleted
ENST00000460680.6:c.1697del	strongly depleted
ENST00000460680.6:c.1699del	strongly depleted
ENST00000460680.6:c.1700del	strongly depleted
ENST00000460680.6:c.1701del	strongly depleted
ENST00000460680.6:c.1705del	strongly depleted
ENST00000460680.6:c.1706del	strongly depleted
ENST00000460680.6:c.1707del	strongly depleted
ENST00000460680.6:c.1708del	strongly depleted
ENST00000460680.6:c.1709del	strongly depleted
ENST00000460680.6:c.1710del	strongly depleted
ENST00000460680.6:c.1711del	strongly depleted
ENST00000460680.6:c.1712del	strongly depleted
ENST00000460680.6:c.1713del	strongly depleted
ENST00000460680.6:c.1717del	weakly depleted
ENST00000460680.6:c.1718del	strongly depleted
ENST00000460680.6:c.1720del	strongly depleted
ENST00000460680.6:c.1721del	strongly depleted
ENST00000460680.6:c.1722del	strongly depleted
ENST00000460680.6:c.1723del	strongly depleted
ENST00000460680.6:c.1724del	strongly depleted
ENST00000460680.6:c.1725del	strongly depleted
ENST00000460680.6:c.1726del	strongly depleted
ENST00000460680.6:c.1727del	strongly depleted
ENST00000460680.6:c.1728del	strongly depleted
ENST00000460680.6:c.1729+1del	strongly depleted
ENST00000460680.6:c.1729+2del	strongly depleted
ENST00000460680.6:c.1729+5del	weakly depleted
ENST00000460680.6:c.1729+7del	unchanged
ENST00000460680.6:c.1729+9del	unchanged
ENST00000460680.6:c.1729+11del	unchanged
ENST00000460680.6:c.1729+12del	unchanged
ENST00000460680.6:c.1729+13del	unchanged
ENST00000460680.6:c.1729+14del	unchanged
ENST00000460680.6:c.1729+16del	unchanged
ENST00000460680.6:c.1729+17del	unchanged
ENST00000460680.6:c.1729+18del	unchanged
ENST00000460680.6:c.1729+19del	unchanged
ENST00000460680.6:c.1729+20del	unchanged
ENST00000460680.6:c.1730-20del	unchanged
ENST00000460680.6:c.1730-18del	unchanged
ENST00000460680.6:c.1730-17del	unchanged
ENST00000460680.6:c.1730-16del	unchanged
ENST00000460680.6:c.1730-15del	unchanged
ENST00000460680.6:c.1730-14del	unchanged
ENST00000460680.6:c.1730-12del	unchanged
ENST00000460680.6:c.1730-11del	unchanged
ENST00000460680.6:c.1730-10del	unchanged
ENST00000460680.6:c.1730-9del	unchanged
ENST00000460680.6:c.1730-8del	unchanged
ENST00000460680.6:c.1730-6del	unchanged
ENST00000460680.6:c.1730-3del	unchanged
ENST00000460680.6:c.1730-2del	weakly depleted
ENST00000460680.6:c.1730-1del	weakly depleted
ENST00000460680.6:c.1730del	weakly depleted
ENST00000460680.6:c.1733del	weakly depleted
ENST00000460680.6:c.1734del	weakly depleted
ENST00000460680.6:c.1737del	weakly depleted
ENST00000460680.6:c.1739del	weakly depleted
ENST00000460680.6:c.1742del	weakly depleted
ENST00000460680.6:c.1744del	weakly depleted
ENST00000460680.6:c.1746del	weakly depleted
ENST00000460680.6:c.1747del	weakly depleted
ENST00000460680.6:c.1748del	weakly depleted
ENST00000460680.6:c.1749del	weakly depleted
ENST00000460680.6:c.1752del	weakly depleted
ENST00000460680.6:c.1753del	weakly depleted
ENST00000460680.6:c.1755del	weakly depleted
ENST00000460680.6:c.1756del	weakly depleted
ENST00000460680.6:c.1757del	weakly depleted
ENST00000460680.6:c.1758del	weakly depleted
ENST00000460680.6:c.1759del	weakly depleted
ENST00000460680.6:c.1760del	weakly depleted
ENST00000460680.6:c.1761del	weakly depleted
ENST00000460680.6:c.1763del	weakly depleted
ENST00000460680.6:c.1765del	weakly depleted
ENST00000460680.6:c.1766del	weakly depleted
ENST00000460680.6:c.1768del	weakly depleted
ENST00000460680.6:c.1770del	weakly depleted
ENST00000460680.6:c.1772del	weakly depleted
ENST00000460680.6:c.1773del	weakly depleted
ENST00000460680.6:c.1774del	weakly depleted
ENST00000460680.6:c.1775del	weakly depleted
ENST00000460680.6:c.1777del	weakly depleted
ENST00000460680.6:c.1778del	weakly depleted
ENST00000460680.6:c.1782del	weakly depleted
ENST00000460680.6:c.1783del	weakly depleted
ENST00000460680.6:c.1785del	weakly depleted
ENST00000460680.6:c.1786del	weakly depleted
ENST00000460680.6:c.1787del	weakly depleted
ENST00000460680.6:c.1788del	weakly depleted
ENST00000460680.6:c.1789del	weakly depleted
ENST00000460680.6:c.1790del	weakly depleted
ENST00000460680.6:c.1793del	weakly depleted
ENST00000460680.6:c.1794del	weakly depleted
ENST00000460680.6:c.1795del	weakly depleted
ENST00000460680.6:c.1796del	weakly depleted
ENST00000460680.6:c.1798del	weakly depleted
ENST00000460680.6:c.1799del	weakly depleted
ENST00000460680.6:c.1800del	weakly depleted
ENST00000460680.6:c.1802del	weakly depleted
ENST00000460680.6:c.1804del	weakly depleted
ENST00000460680.6:c.1805del	weakly depleted
ENST00000460680.6:c.1807del	strongly depleted
ENST00000460680.6:c.1808del	weakly depleted
ENST00000460680.6:c.1809del	weakly depleted
ENST00000460680.6:c.1810del	weakly depleted
ENST00000460680.6:c.1811del	weakly depleted
ENST00000460680.6:c.1813del	weakly depleted
ENST00000460680.6:c.1815del	weakly depleted
ENST00000460680.6:c.1816del	strongly depleted
ENST00000460680.6:c.1818del	weakly depleted
ENST00000460680.6:c.1819del	strongly depleted
ENST00000460680.6:c.1820del	weakly depleted
ENST00000460680.6:c.1822del	weakly depleted
ENST00000460680.6:c.1823del	weakly depleted
ENST00000460680.6:c.1824del	weakly depleted
ENST00000460680.6:c.1825del	weakly depleted
ENST00000460680.6:c.1826del	weakly depleted
ENST00000460680.6:c.1827del	weakly depleted
ENST00000460680.6:c.1828del	weakly depleted
ENST00000460680.6:c.1829del	weakly depleted
ENST00000460680.6:c.1830del	weakly depleted
ENST00000460680.6:c.1831del	weakly depleted
ENST00000460680.6:c.1832del	weakly depleted
ENST00000460680.6:c.1833del	weakly depleted
ENST00000460680.6:c.1835del	weakly depleted
ENST00000460680.6:c.1836del	weakly depleted
ENST00000460680.6:c.1837del	weakly depleted
ENST00000460680.6:c.1838del	weakly depleted
ENST00000460680.6:c.1842del	weakly depleted
ENST00000460680.6:c.1843del	weakly depleted
ENST00000460680.6:c.1844del	weakly depleted
ENST00000460680.6:c.1846del	weakly depleted
ENST00000460680.6:c.1847del	weakly depleted
ENST00000460680.6:c.1848del	weakly depleted
ENST00000460680.6:c.1849del	weakly depleted
ENST00000460680.6:c.1851del	weakly depleted
ENST00000460680.6:c.1853del	weakly depleted
ENST00000460680.6:c.1854del	weakly depleted
ENST00000460680.6:c.1856del	weakly depleted
ENST00000460680.6:c.1857del	weakly depleted
ENST00000460680.6:c.1858del	strongly depleted
ENST00000460680.6:c.1859del	weakly depleted
ENST00000460680.6:c.1860del	strongly depleted
ENST00000460680.6:c.1863del	weakly depleted
ENST00000460680.6:c.1865del	weakly depleted
ENST00000460680.6:c.1866del	weakly depleted
ENST00000460680.6:c.1867del	unchanged
ENST00000460680.6:c.1868del	weakly depleted
ENST00000460680.6:c.1869del	weakly depleted
ENST00000460680.6:c.1873del	weakly depleted
ENST00000460680.6:c.1874del	weakly depleted
ENST00000460680.6:c.1875del	weakly depleted
ENST00000460680.6:c.1878del	weakly depleted
ENST00000460680.6:c.1879del	weakly depleted
ENST00000460680.6:c.1880del	weakly depleted
ENST00000460680.6:c.1881del	weakly depleted
ENST00000460680.6:c.1882del	weakly depleted
ENST00000460680.6:c.1883del	weakly depleted
ENST00000460680.6:c.1884del	weakly depleted
ENST00000460680.6:c.1887del	weakly depleted
ENST00000460680.6:c.1889del	weakly depleted
ENST00000460680.6:c.1890+1del	weakly depleted
ENST00000460680.6:c.1890+2del	unchanged
ENST00000460680.6:c.1890+3del	unchanged
ENST00000460680.6:c.1890+4del	weakly depleted
ENST00000460680.6:c.1890+5del	unchanged
ENST00000460680.6:c.1890+7del	unchanged
ENST00000460680.6:c.1890+8del	unchanged
ENST00000460680.6:c.1890+10del	unchanged
ENST00000460680.6:c.1890+11del	unchanged
ENST00000460680.6:c.1890+13del	unchanged
ENST00000460680.6:c.1890+14del	unchanged
ENST00000460680.6:c.1890+15del	unchanged
ENST00000460680.6:c.1890+17del	unchanged
ENST00000460680.6:c.1890+21del	unchanged
ENST00000460680.6:c.1891-30del	unchanged
ENST00000460680.6:c.1891-29del	unchanged
ENST00000460680.6:c.1891-28del	unchanged
ENST00000460680.6:c.1891-27del	unchanged
ENST00000460680.6:c.1891-26del	unchanged
ENST00000460680.6:c.1891-25del	unchanged
ENST00000460680.6:c.1891-24del	unchanged
ENST00000460680.6:c.1891-22del	unchanged
ENST00000460680.6:c.1891-21del	unchanged
ENST00000460680.6:c.1891-20del	unchanged
ENST00000460680.6:c.1891-19del	unchanged
ENST00000460680.6:c.1891-17del	unchanged
ENST00000460680.6:c.1891-16del	weakly depleted
ENST00000460680.6:c.1891-15del	enriched
ENST00000460680.6:c.1891-14del	unchanged
ENST00000460680.6:c.1891-13del	unchanged
ENST00000460680.6:c.1891-10del	unchanged
ENST00000460680.6:c.1891-6del	weakly depleted
ENST00000460680.6:c.1891-4del	unchanged
ENST00000460680.6:c.1891-3del	strongly depleted
ENST00000460680.6:c.1891-2del	strongly depleted
ENST00000460680.6:c.1891del	strongly depleted
ENST00000460680.6:c.1892del	weakly depleted
ENST00000460680.6:c.1893del	weakly depleted
ENST00000460680.6:c.1894del	weakly depleted
ENST00000460680.6:c.1895del	strongly depleted
ENST00000460680.6:c.1896del	strongly depleted
ENST00000460680.6:c.1897del	strongly depleted
ENST00000460680.6:c.1898del	strongly depleted
ENST00000460680.6:c.1900del	strongly depleted
ENST00000460680.6:c.1901del	strongly depleted
ENST00000460680.6:c.1902del	weakly depleted
ENST00000460680.6:c.1903del	strongly depleted
ENST00000460680.6:c.1904del	strongly depleted
ENST00000460680.6:c.1905del	strongly depleted
ENST00000460680.6:c.1906del	strongly depleted
ENST00000460680.6:c.1907del	weakly depleted
ENST00000460680.6:c.1908del	strongly depleted
ENST00000460680.6:c.1910del	weakly depleted
ENST00000460680.6:c.1911del	weakly depleted
ENST00000460680.6:c.1912del	strongly depleted
ENST00000460680.6:c.1913del	strongly depleted
ENST00000460680.6:c.1914del	strongly depleted
ENST00000460680.6:c.1915del	strongly depleted
ENST00000460680.6:c.1916del	strongly depleted
ENST00000460680.6:c.1918del	strongly depleted
ENST00000460680.6:c.1919del	strongly depleted
ENST00000460680.6:c.1921del	strongly depleted
ENST00000460680.6:c.1922del	strongly depleted
ENST00000460680.6:c.1923del	strongly depleted
ENST00000460680.6:c.1924del	strongly depleted
ENST00000460680.6:c.1925del	strongly depleted
ENST00000460680.6:c.1926del	strongly depleted
ENST00000460680.6:c.1927del	strongly depleted
ENST00000460680.6:c.1929del	strongly depleted
ENST00000460680.6:c.1930del	strongly depleted
ENST00000460680.6:c.1931del	strongly depleted
ENST00000460680.6:c.1934del	strongly depleted
ENST00000460680.6:c.1935del	strongly depleted
ENST00000460680.6:c.1936del	strongly depleted
ENST00000460680.6:c.1937del	strongly depleted
ENST00000460680.6:c.1938del	strongly depleted
ENST00000460680.6:c.1939del	strongly depleted
ENST00000460680.6:c.1940del	strongly depleted
ENST00000460680.6:c.1942del	strongly depleted
ENST00000460680.6:c.1943del	strongly depleted
ENST00000460680.6:c.1944del	strongly depleted
ENST00000460680.6:c.1945del	strongly depleted
ENST00000460680.6:c.1946del	strongly depleted
ENST00000460680.6:c.1948del	strongly depleted
ENST00000460680.6:c.1949del	weakly depleted
ENST00000460680.6:c.1950del	strongly depleted
ENST00000460680.6:c.1952del	strongly depleted
ENST00000460680.6:c.1954del	strongly depleted
ENST00000460680.6:c.1955del	strongly depleted
ENST00000460680.6:c.1957del	strongly depleted
ENST00000460680.6:c.1958del	strongly depleted
ENST00000460680.6:c.1960del	strongly depleted
ENST00000460680.6:c.1961del	strongly depleted
ENST00000460680.6:c.1962del	strongly depleted
ENST00000460680.6:c.1963del	strongly depleted
ENST00000460680.6:c.1964del	strongly depleted
ENST00000460680.6:c.1965del	strongly depleted
ENST00000460680.6:c.1967del	strongly depleted
ENST00000460680.6:c.1968del	strongly depleted
ENST00000460680.6:c.1969del	strongly depleted
ENST00000460680.6:c.1971del	strongly depleted
ENST00000460680.6:c.1973del	strongly depleted
ENST00000460680.6:c.1974del	strongly depleted
ENST00000460680.6:c.1976del	strongly depleted
ENST00000460680.6:c.1977del	strongly depleted
ENST00000460680.6:c.1979del	strongly depleted
ENST00000460680.6:c.1980del	strongly depleted
ENST00000460680.6:c.1982del	strongly depleted
ENST00000460680.6:c.1983+1del	strongly depleted
ENST00000460680.6:c.1983+2del	strongly depleted
ENST00000460680.6:c.1983+5del	weakly depleted
ENST00000460680.6:c.1983+6del	unchanged
ENST00000460680.6:c.1983+7del	unchanged
ENST00000460680.6:c.1983+8del	unchanged
ENST00000460680.6:c.1983+11del	unchanged
ENST00000460680.6:c.1983+12del	unchanged
ENST00000460680.6:c.1983+13del	unchanged
ENST00000460680.6:c.1983+15del	unchanged
ENST00000460680.6:c.1983+16del	unchanged
ENST00000460680.6:c.1983+17del	unchanged
ENST00000460680.6:c.1983+19del	unchanged
ENST00000460680.6:c.1983+20del	unchanged
ENST00000460680.6:c.1983+22del	unchanged
ENST00000460680.6:c.1983+23del	unchanged
ENST00000460680.6:c.1983+24del	unchanged
ENST00000460680.6:c.1983+25del	unchanged
ENST00000460680.6:c.1984-25del	unchanged
ENST00000460680.6:c.1984-24del	unchanged
ENST00000460680.6:c.1984-23del	unchanged
ENST00000460680.6:c.1984-22del	unchanged
ENST00000460680.6:c.1984-21del	unchanged
ENST00000460680.6:c.1984-20del	unchanged
ENST00000460680.6:c.1984-19del	unchanged
ENST00000460680.6:c.1984-18del	unchanged
ENST00000460680.6:c.1984-17del	unchanged
ENST00000460680.6:c.1984-15del	unchanged
ENST00000460680.6:c.1984-14del	unchanged
ENST00000460680.6:c.1984-12del	unchanged
ENST00000460680.6:c.1984-11del	unchanged
ENST00000460680.6:c.1984-10del	unchanged
ENST00000460680.6:c.1984-9del	unchanged
ENST00000460680.6:c.1984-8del	unchanged
ENST00000460680.6:c.1984-6del	unchanged
ENST00000460680.6:c.1984-5del	unchanged
ENST00000460680.6:c.1984-4del	unchanged
ENST00000460680.6:c.1984-3del	unchanged
ENST00000460680.6:c.1984-2del	strongly depleted
ENST00000460680.6:c.1984-1del	strongly depleted
ENST00000460680.6:c.1984del	strongly depleted
ENST00000460680.6:c.1986del	strongly depleted
ENST00000460680.6:c.1987del	strongly depleted
ENST00000460680.6:c.1988del	strongly depleted
ENST00000460680.6:c.1989del	strongly depleted
ENST00000460680.6:c.1990del	strongly depleted
ENST00000460680.6:c.1991del	strongly depleted
ENST00000460680.6:c.1993del	strongly depleted
ENST00000460680.6:c.1994del	strongly depleted
ENST00000460680.6:c.1995del	strongly depleted
ENST00000460680.6:c.1996del	strongly depleted
ENST00000460680.6:c.1997del	weakly depleted
ENST00000460680.6:c.1999del	strongly depleted
ENST00000460680.6:c.2001del	strongly depleted
ENST00000460680.6:c.2002del	strongly depleted
ENST00000460680.6:c.2005del	strongly depleted
ENST00000460680.6:c.2006del	strongly depleted
ENST00000460680.6:c.2007del	strongly depleted
ENST00000460680.6:c.2009del	strongly depleted
ENST00000460680.6:c.2010del	strongly depleted
ENST00000460680.6:c.2011del	strongly depleted
ENST00000460680.6:c.2012del	strongly depleted
ENST00000460680.6:c.2013del	strongly depleted
ENST00000460680.6:c.2014del	strongly depleted
ENST00000460680.6:c.2015del	strongly depleted
ENST00000460680.6:c.2016del	strongly depleted
ENST00000460680.6:c.2017del	strongly depleted
ENST00000460680.6:c.2018del	strongly depleted
ENST00000460680.6:c.2019del	strongly depleted
ENST00000460680.6:c.2021del	strongly depleted
ENST00000460680.6:c.2022del	strongly depleted
ENST00000460680.6:c.2023del	strongly depleted
ENST00000460680.6:c.2024del	strongly depleted
ENST00000460680.6:c.2025del	strongly depleted
ENST00000460680.6:c.2026del	strongly depleted
ENST00000460680.6:c.2027del	strongly depleted
ENST00000460680.6:c.2028del	strongly depleted
ENST00000460680.6:c.2029del	strongly depleted
ENST00000460680.6:c.2031del	strongly depleted
ENST00000460680.6:c.2034del	strongly depleted
ENST00000460680.6:c.2035del	strongly depleted
ENST00000460680.6:c.2036del	strongly depleted
ENST00000460680.6:c.2037del	strongly depleted
ENST00000460680.6:c.2038del	strongly depleted
ENST00000460680.6:c.2040del	strongly depleted
ENST00000460680.6:c.2041del	strongly depleted
ENST00000460680.6:c.2042del	strongly depleted
ENST00000460680.6:c.2043del	strongly depleted
ENST00000460680.6:c.2044del	strongly depleted
ENST00000460680.6:c.2045del	strongly depleted
ENST00000460680.6:c.2047del	strongly depleted
ENST00000460680.6:c.2048del	strongly depleted
ENST00000460680.6:c.2049del	strongly depleted
ENST00000460680.6:c.2050del	weakly depleted
ENST00000460680.6:c.2051del	strongly depleted
ENST00000460680.6:c.2053del	strongly depleted
ENST00000460680.6:c.2055del	weakly depleted
ENST00000460680.6:c.2056+1del	strongly depleted
ENST00000460680.6:c.2056+2del	strongly depleted
ENST00000460680.6:c.2056+3del	unchanged
ENST00000460680.6:c.2056+4del	unchanged
ENST00000460680.6:c.2056+8del	unchanged
ENST00000460680.6:c.2056+9del	unchanged
ENST00000460680.6:c.2056+10del	unchanged
ENST00000460680.6:c.2056+11del	unchanged
ENST00000460680.6:c.2056+12del	unchanged
ENST00000460680.6:c.2056+13del	unchanged
ENST00000460680.6:c.2056+14del	unchanged
ENST00000460680.6:c.2056+15del	weakly depleted
ENST00000460680.6:c.2056+16del	unchanged
ENST00000460680.6:c.2056+17del	unchanged
ENST00000460680.6:c.2056+18del	unchanged
ENST00000460680.6:c.2056+19del	unchanged
ENST00000460680.6:c.2056+20del	unchanged
ENST00000460680.6:c.2056+21del	unchanged
ENST00000460680.6:c.2056+23del	unchanged
ENST00000460680.6:c.2056+25del	unchanged
ENST00000460680.6:c.2057-25del	unchanged
ENST00000460680.6:c.2057-24del	unchanged
ENST00000460680.6:c.2057-23del	unchanged
ENST00000460680.6:c.2057-21del	unchanged
ENST00000460680.6:c.2057-18del	unchanged
ENST00000460680.6:c.2057-17del	unchanged
ENST00000460680.6:c.2057-16del	unchanged
ENST00000460680.6:c.2057-15del	unchanged
ENST00000460680.6:c.2057-14del	unchanged
ENST00000460680.6:c.2057-13del	unchanged
ENST00000460680.6:c.2057-12del	unchanged
ENST00000460680.6:c.2057-10del	unchanged
ENST00000460680.6:c.2057-9del	unchanged
ENST00000460680.6:c.2057-8del	unchanged
ENST00000460680.6:c.2057-6del	unchanged
ENST00000460680.6:c.2057-5del	unchanged
ENST00000460680.6:c.2057-4del	unchanged
ENST00000460680.6:c.2057-3del	weakly depleted
ENST00000460680.6:c.2057-2del	weakly depleted
ENST00000460680.6:c.2057del	weakly depleted
ENST00000460680.6:c.2058del	weakly depleted
ENST00000460680.6:c.2059del	weakly depleted
ENST00000460680.6:c.2060del	weakly depleted
ENST00000460680.6:c.2061del	weakly depleted
ENST00000460680.6:c.2062del	weakly depleted
ENST00000460680.6:c.2063del	weakly depleted
ENST00000460680.6:c.2065del	weakly depleted
ENST00000460680.6:c.2067del	weakly depleted
ENST00000460680.6:c.2069del	weakly depleted
ENST00000460680.6:c.2071del	weakly depleted
ENST00000460680.6:c.2072del	weakly depleted
ENST00000460680.6:c.2073del	weakly depleted
ENST00000460680.6:c.2074del	strongly depleted
ENST00000460680.6:c.2075del	strongly depleted
ENST00000460680.6:c.2077del	strongly depleted
ENST00000460680.6:c.2078del	weakly depleted
ENST00000460680.6:c.2079del	weakly depleted
ENST00000460680.6:c.2080del	strongly depleted
ENST00000460680.6:c.2081del	weakly depleted
ENST00000460680.6:c.2082del	strongly depleted
ENST00000460680.6:c.2084del	weakly depleted
ENST00000460680.6:c.2085del	weakly depleted
ENST00000460680.6:c.2086del	strongly depleted
ENST00000460680.6:c.2087del	strongly depleted
ENST00000460680.6:c.2088del	strongly depleted
ENST00000460680.6:c.2089del	weakly depleted
ENST00000460680.6:c.2091del	weakly depleted
ENST00000460680.6:c.2092del	weakly depleted
ENST00000460680.6:c.2093del	weakly depleted
ENST00000460680.6:c.2094del	strongly depleted
ENST00000460680.6:c.2095del	strongly depleted
ENST00000460680.6:c.2097del	weakly depleted
ENST00000460680.6:c.2098del	weakly depleted
ENST00000460680.6:c.2100del	weakly depleted
ENST00000460680.6:c.2101del	weakly depleted
ENST00000460680.6:c.2102del	weakly depleted
ENST00000460680.6:c.2104del	weakly depleted
ENST00000460680.6:c.2106del	weakly depleted
ENST00000460680.6:c.2110del	weakly depleted
ENST00000460680.6:c.2111del	strongly depleted
ENST00000460680.6:c.2112del	weakly depleted
ENST00000460680.6:c.2113del	weakly depleted
ENST00000460680.6:c.2114del	weakly depleted
ENST00000460680.6:c.2115del	weakly depleted
ENST00000460680.6:c.2116del	weakly depleted
ENST00000460680.6:c.2117del	weakly depleted
ENST00000460680.6:c.2118del	weakly depleted
ENST00000460680.6:c.2120del	weakly depleted
ENST00000460680.6:c.2122del	weakly depleted
ENST00000460680.6:c.2124del	weakly depleted
ENST00000460680.6:c.2125del	weakly depleted
ENST00000460680.6:c.2126del	weakly depleted
ENST00000460680.6:c.2128del	weakly depleted
ENST00000460680.6:c.2129del	weakly depleted
ENST00000460680.6:c.2130del	weakly depleted
ENST00000460680.6:c.2132del	weakly depleted
ENST00000460680.6:c.2133del	weakly depleted
ENST00000460680.6:c.2134del	weakly depleted
ENST00000460680.6:c.2135del	weakly depleted
ENST00000460680.6:c.2136del	weakly depleted
ENST00000460680.6:c.2137del	weakly depleted
ENST00000460680.6:c.2139del	weakly depleted
ENST00000460680.6:c.2141del	weakly depleted
ENST00000460680.6:c.2142del	weakly depleted
ENST00000460680.6:c.2144del	weakly depleted
ENST00000460680.6:c.2145del	weakly depleted
ENST00000460680.6:c.2146del	weakly depleted
ENST00000460680.6:c.2147del	weakly depleted
ENST00000460680.6:c.2149del	weakly depleted
ENST00000460680.6:c.2151del	weakly depleted
ENST00000460680.6:c.2152del	weakly depleted
ENST00000460680.6:c.2154del	weakly depleted
ENST00000460680.6:c.2157del	weakly depleted
ENST00000460680.6:c.2158del	weakly depleted
ENST00000460680.6:c.2159del	weakly depleted
ENST00000460680.6:c.2160del	weakly depleted
ENST00000460680.6:c.2161del	weakly depleted
ENST00000460680.6:c.2162del	unchanged
ENST00000460680.6:c.2163del	unchanged
ENST00000460680.6:c.2164del	unchanged
ENST00000460680.6:c.2165del	weakly depleted
ENST00000460680.6:c.2169del	unchanged
ENST00000460680.6:c.2170del	unchanged
ENST00000460680.6:c.2171del	unchanged
ENST00000460680.6:c.2172del	unchanged
ENST00000460680.6:c.2174del	unchanged
ENST00000460680.6:c.2176del	unchanged
ENST00000460680.6:c.2178del	weakly depleted
ENST00000460680.6:c.2180del	unchanged
ENST00000460680.6:c.2181del	unchanged
ENST00000460680.6:c.2182del	unchanged
ENST00000460680.6:c.2183del	unchanged
ENST00000460680.6:c.2185del	unchanged
ENST00000460680.6:c.2186del	unchanged
ENST00000460680.6:c.2187del	unchanged
ENST00000460680.6:c.2188del	unchanged
ENST00000460680.6:c.2189del	unchanged
ENST00000460680.6:c.2190del	unchanged
ENST00000460680.6:c.*2del	unchanged
ENST00000460680.6:c.*3del	unchanged
ENST00000460680.6:c.*4del	unchanged
ENST00000460680.6:c.*5del	unchanged
ENST00000460680.6:c.*6del	unchanged
ENST00000460680.6:c.*7del	unchanged
ENST00000460680.6:c.*8del	unchanged
ENST00000460680.6:c.*10del	unchanged
ENST00000460680.6:c.*13del	unchanged
ENST00000460680.6:c.*14del	unchanged
ENST00000460680.6:c.*15del	unchanged
ENST00000460680.6:c.*16del	unchanged
ENST00000460680.6:c.*17del	unchanged
ENST00000460680.6:c.*18del	unchanged
ENST00000460680.6:c.*19del	unchanged
ENST00000460680.6:c.*20del	unchanged
ENST00000460680.6:c.*21del	unchanged
ENST00000460680.6:c.*22del	unchanged
ENST00000460680.6:c.*23del	unchanged
ENST00000460680.6:c.*24del	unchanged
ENST00000460680.6:c.*27del	unchanged
ENST00000460680.6:c.*28del	unchanged
ENST00000460680.6:c.*29del	unchanged
ENST00000460680.6:c.*30del	unchanged
ENST00000460680.6:c.*31del	unchanged
ENST00000460680.6:c.*33del	unchanged
ENST00000460680.6:c.*34del	unchanged
ENST00000460680.6:c.*36del	unchanged
ENST00000460680.6:c.*37del	unchanged
ENST00000460680.6:c.*38del	unchanged
ENST00000460680.6:c.*39del	unchanged
ENST00000460680.6:c.*40del	unchanged
ENST00000460680.6:c.*42del	unchanged
ENST00000460680.6:c.*45del	unchanged
ENST00000460680.6:c.*46del	unchanged
ENST00000460680.6:c.*47del	unchanged
ENST00000460680.6:c.*48del	unchanged
ENST00000460680.6:c.*50del	unchanged
ENST00000460680.6:c.*51del	unchanged
ENST00000460680.6:c.*54del	unchanged
ENST00000460680.6:c.*55del	unchanged
ENST00000460680.6:c.*57del	unchanged
ENST00000460680.6:c.*59del	unchanged
ENST00000460680.6:c.*62del	unchanged
ENST00000460680.6:c.*63del	unchanged
ENST00000460680.6:c.*64del	unchanged
ENST00000460680.6:c.*68del	unchanged
ENST00000460680.6:c.*69del	unchanged
ENST00000460680.6:c.*70del	unchanged
ENST00000460680.6:c.*72del	unchanged
ENST00000460680.6:c.*76del	unchanged
ENST00000460680.6:c.*80del	unchanged
ENST00000460680.6:c.*83del	unchanged
ENST00000460680.6:c.*84del	unchanged
ENST00000460680.6:c.*85del	unchanged
ENST00000460680.6:c.*86del	unchanged
ENST00000460680.6:c.*87del	unchanged
ENST00000460680.6:c.*89del	unchanged
ENST00000460680.6:c.*90del	unchanged
ENST00000460680.6:c.38-19_38-17del	unchanged
ENST00000460680.6:c.67+6_67+7del	unchanged
ENST00000460680.6:c.68-7_68-5del	unchanged
ENST00000460680.6:c.79dup	strongly depleted
ENST00000460680.6:c.78_79del	strongly depleted
ENST00000460680.6:c.123-11dup	weakly depleted
ENST00000460680.6:c.127dup	strongly depleted
ENST00000460680.6:c.188_189dup	strongly depleted
ENST00000460680.6:c.238_239del	strongly depleted
ENST00000460680.6:c.249_250delinsAG	weakly depleted
ENST00000460680.6:c.254_255+15del	strongly depleted
ENST00000460680.6:c.255+16_255+17del	weakly depleted
ENST00000460680.6:c.261dup	strongly depleted
ENST00000460680.6:c.376-24_376-23insAA	weakly depleted
ENST00000460680.6:c.437+15_437+23del	unchanged
ENST00000460680.6:c.437+15_437+23dup	unchanged
ENST00000460680.6:c.458_459del	strongly depleted
ENST00000460680.6:c.510dup	strongly depleted
ENST00000460680.6:c.517dup	strongly depleted
ENST00000460680.6:c.519_520insA	strongly depleted
ENST00000460680.6:c.586dup	strongly depleted
ENST00000460680.6:c.592dup	strongly depleted
ENST00000460680.6:c.639dup	strongly depleted
ENST00000460680.6:c.659+20_659+21del	unchanged
ENST00000460680.6:c.670_672del	unchanged
ENST00000460680.6:c.706dup	strongly depleted
ENST00000460680.6:c.758dup	strongly depleted
ENST00000460680.6:c.771_772insTACTA	strongly depleted
ENST00000460680.6:c.783+4_783+13del	unchanged
ENST00000460680.6:c.831dup	strongly depleted
ENST00000460680.6:c.837dup	strongly depleted
ENST00000460680.6:c.855dup	weakly depleted
ENST00000460680.6:c.898_899del	weakly depleted
ENST00000460680.6:c.910_911delinsAA	unchanged
ENST00000460680.6:c.898_917del	strongly depleted
ENST00000460680.6:c.931+11dup	unchanged
ENST00000460680.6:c.959dup	strongly depleted
ENST00000460680.6:c.932-8_960del	strongly depleted
ENST00000460680.6:c.991_995del	strongly depleted
ENST00000460680.6:c.1110dup	strongly depleted
ENST00000460680.6:c.1116+11dup	unchanged
ENST00000460680.6:c.1169dup	strongly depleted
ENST00000460680.6:c.1185dup	strongly depleted
ENST00000460680.6:c.1189_1200dup	unchanged
ENST00000460680.6:c.1201_1203delinsGAG	unchanged
ENST00000460680.6:c.1203dup	strongly depleted
ENST00000460680.6:c.1202_1203del	strongly depleted
ENST00000460680.6:c.1201_1212del	enriched
ENST00000460680.6:c.1203_1214del	strongly depleted
ENST00000460680.6:c.1218_1219delinsAA	unchanged
ENST00000460680.6:c.1218_1220del	enriched
ENST00000460680.6:c.1201_1224del	unchanged
ENST00000460680.6:c.1214_1225del	unchanged
ENST00000460680.6:c.1358_1359del	strongly depleted
ENST00000460680.6:c.1411_1412delinsAT	unchanged
ENST00000460680.6:c.1435_1437del	unchanged
ENST00000460680.6:c.1474_1475del	strongly depleted
ENST00000460680.6:c.1513_1514del	strongly depleted
ENST00000460680.6:c.1565_1566del	strongly depleted
ENST00000460680.6:c.1584dup	strongly depleted
ENST00000460680.6:c.1587_1594delinsCACACCTCCCACA	strongly depleted
ENST00000460680.6:c.1695dup	strongly depleted
ENST00000460680.6:c.1722_1724delinsACG	unchanged
ENST00000460680.6:c.1729+1dup	strongly depleted
ENST00000460680.6:c.1801_1803del	unchanged
ENST00000460680.6:c.1801_1805delinsGAGGT	unchanged
ENST00000460680.6:c.1831_1834del	strongly depleted
ENST00000460680.6:c.1881_1882delinsG	weakly depleted
ENST00000460680.6:c.1882_1885del	weakly depleted
ENST00000460680.6:c.1891-3dup	weakly depleted
ENST00000460680.6:c.1896_1900dup	weakly depleted
ENST00000460680.6:c.1951_1953del	weakly depleted
ENST00000460680.6:c.1984-22_1984-21del	unchanged
ENST00000460680.6:c.1984-21_1984-20del	unchanged
ENST00000460680.6:c.1984-13_1984-3del	weakly depleted
ENST00000460680.6:c.1984-3_1984-2del	unchanged
ENST00000460680.6:c.1984-3_1999del	strongly depleted
ENST00000460680.6:c.1998_2000del	strongly depleted
ENST00000460680.6:c.-70_-69del	unchanged
ENST00000460680.6:c.-67_-66del	unchanged
ENST00000460680.6:c.-65_-64del	unchanged
ENST00000460680.6:c.-64_-63del	unchanged
ENST00000460680.6:c.-61_-60del	unchanged
ENST00000460680.6:c.-57_-56del	unchanged
ENST00000460680.6:c.-56_-55del	unchanged
ENST00000460680.6:c.-54_-53del	unchanged
ENST00000460680.6:c.-52_-51del	unchanged
ENST00000460680.6:c.-49_-48del	unchanged
ENST00000460680.6:c.-46_-45del	unchanged
ENST00000460680.6:c.-44_-43del	unchanged
ENST00000460680.6:c.-42_-41del	unchanged
ENST00000460680.6:c.-40_-39del	unchanged
ENST00000460680.6:c.-38_-37del	unchanged
ENST00000460680.6:c.-36_-35del	unchanged
ENST00000460680.6:c.-34_-33del	enriched
ENST00000460680.6:c.-32_-31del	unchanged
ENST00000460680.6:c.-30_-29del	unchanged
ENST00000460680.6:c.-28_-27del	weakly depleted
ENST00000460680.6:c.-24_-23del	weakly depleted
ENST00000460680.6:c.-22_-21del	weakly depleted
ENST00000460680.6:c.-20_-19del	weakly depleted
ENST00000460680.6:c.-17_-16del	weakly depleted
ENST00000460680.6:c.-16_-15del	weakly depleted
ENST00000460680.6:c.-13_-12del	weakly depleted
ENST00000460680.6:c.-10_-9del	weakly depleted
ENST00000460680.6:c.-7_-6del	weakly depleted
ENST00000460680.6:c.-5_-4del	weakly depleted
ENST00000460680.6:c.-4_-3del	weakly depleted
ENST00000460680.6:c.-1_1del	weakly depleted
ENST00000460680.6:c.38-23_38-22del	unchanged
ENST00000460680.6:c.38-21_38-20del	unchanged
ENST00000460680.6:c.38-20_38-19del	unchanged
ENST00000460680.6:c.38-17_38-16del	unchanged
ENST00000460680.6:c.38-16_38-15del	unchanged
ENST00000460680.6:c.38-14_38-13del	unchanged
ENST00000460680.6:c.38-11_38-10del	unchanged
ENST00000460680.6:c.38-8_38-7del	unchanged
ENST00000460680.6:c.38-6_38-5del	unchanged
ENST00000460680.6:c.38-4_38-3del	unchanged
ENST00000460680.6:c.38-2_38-1del	strongly depleted
ENST00000460680.6:c.68-24_68-23del	unchanged
ENST00000460680.6:c.68-20_68-19del	unchanged
ENST00000460680.6:c.68-18_68-17del	unchanged
ENST00000460680.6:c.68-16_68-15del	unchanged
ENST00000460680.6:c.68-13_68-12del	unchanged
ENST00000460680.6:c.68-12_68-11del	unchanged
ENST00000460680.6:c.68-9_68-8del	unchanged
ENST00000460680.6:c.68-8_68-7del	unchanged
ENST00000460680.6:c.68-6_68-5del	weakly depleted
ENST00000460680.6:c.68-4_68-3del	unchanged
ENST00000460680.6:c.68-2_68-1del	strongly depleted
ENST00000460680.6:c.123-24_123-23del	unchanged
ENST00000460680.6:c.123-20_123-19del	unchanged
ENST00000460680.6:c.123-18_123-17del	enriched
ENST00000460680.6:c.123-15_123-14del	enriched
ENST00000460680.6:c.123-14_123-13del	weakly depleted
ENST00000460680.6:c.123-12_123-11del	unchanged
ENST00000460680.6:c.123-10_123-9del	weakly depleted
ENST00000460680.6:c.123-8_123-7del	unchanged
ENST00000460680.6:c.123-4_123-3del	unchanged
ENST00000460680.6:c.123-2_123-1del	strongly depleted
ENST00000460680.6:c.256-23_256-22del	unchanged
ENST00000460680.6:c.256-21_256-20del	weakly depleted
ENST00000460680.6:c.256-20_256-19del	unchanged
ENST00000460680.6:c.256-18_256-17del	weakly depleted
ENST00000460680.6:c.256-16_256-15del	weakly depleted
ENST00000460680.6:c.256-13_256-12del	weakly depleted
ENST00000460680.6:c.256-12_256-11del	weakly depleted
ENST00000460680.6:c.256-10_256-9del	unchanged
ENST00000460680.6:c.256-7_256-6del	strongly depleted
ENST00000460680.6:c.256-6_256-5del	weakly depleted
ENST00000460680.6:c.256-3_256-2del	weakly depleted
ENST00000460680.6:c.256-2_256-1del	strongly depleted
ENST00000460680.6:c.375+1_375+2del	strongly depleted
ENST00000460680.6:c.375+3_375+4del	strongly depleted
ENST00000460680.6:c.375+5_375+6del	unchanged
ENST00000460680.6:c.375+7_375+8del	unchanged
ENST00000460680.6:c.375+9_375+10del	unchanged
ENST00000460680.6:c.375+12_375+13del	unchanged
ENST00000460680.6:c.375+13_375+14del	unchanged
ENST00000460680.6:c.375+15_375+16del	unchanged
ENST00000460680.6:c.375+17_375+18del	unchanged
ENST00000460680.6:c.375+19_375+20del	unchanged
ENST00000460680.6:c.375+21_375+22del	unchanged
ENST00000460680.6:c.375+23_375+24del	unchanged
ENST00000460680.6:c.375+25_375+26del	unchanged
ENST00000460680.6:c.375+27_375+28del	unchanged
ENST00000460680.6:c.375+30_375+31del	unchanged
ENST00000460680.6:c.376-24_376-23del	unchanged
ENST00000460680.6:c.376-22_376-21del	weakly depleted
ENST00000460680.6:c.376-20_376-19del	weakly depleted
ENST00000460680.6:c.376-18_376-17del	unchanged
ENST00000460680.6:c.376-16_376-15del	unchanged
ENST00000460680.6:c.376-13_376-12del	unchanged
ENST00000460680.6:c.376-11_376-10del	weakly depleted
ENST00000460680.6:c.376-10_376-9del	unchanged
ENST00000460680.6:c.376-6_376-5del	unchanged
ENST00000460680.6:c.376-4_376-3del	unchanged
ENST00000460680.6:c.376_377del	strongly depleted
ENST00000460680.6:c.438-24_438-23del	unchanged
ENST00000460680.6:c.438-21_438-20del	unchanged
ENST00000460680.6:c.438-20_438-19del	weakly depleted
ENST00000460680.6:c.438-18_438-17del	weakly depleted
ENST00000460680.6:c.438-14_438-13del	weakly depleted
ENST00000460680.6:c.438-12_438-11del	weakly depleted
ENST00000460680.6:c.438-8_438-7del	weakly depleted
ENST00000460680.6:c.438-4_438-3del	weakly depleted
ENST00000460680.6:c.438-2_438-1del	strongly depleted
ENST00000460680.6:c.581-24_581-23del	unchanged
ENST00000460680.6:c.581-22_581-21del	weakly depleted
ENST00000460680.6:c.581-20_581-19del	unchanged
ENST00000460680.6:c.581-17_581-16del	unchanged
ENST00000460680.6:c.581-15_581-14del	unchanged
ENST00000460680.6:c.581-14_581-13del	weakly depleted
ENST00000460680.6:c.581-12_581-11del	unchanged
ENST00000460680.6:c.581-8_581-7del	weakly depleted
ENST00000460680.6:c.581-5_581-4del	unchanged
ENST00000460680.6:c.581-4_581-3del	strongly depleted
ENST00000460680.6:c.581-2_581-1del	strongly depleted
ENST00000460680.6:c.660-30_660-29del	strongly depleted
ENST00000460680.6:c.660-28_660-27del	weakly depleted
ENST00000460680.6:c.660-24_660-23del	weakly depleted
ENST00000460680.6:c.660-22_660-21del	strongly depleted
ENST00000460680.6:c.660-20_660-19del	unchanged
ENST00000460680.6:c.660-18_660-17del	unchanged
ENST00000460680.6:c.660-15_660-14del	unchanged
ENST00000460680.6:c.660-14_660-13del	enriched
ENST00000460680.6:c.660-12_660-11del	weakly depleted
ENST00000460680.6:c.660-9_660-8del	weakly depleted
ENST00000460680.6:c.660-8_660-7del	enriched
ENST00000460680.6:c.660-6_660-5del	strongly depleted
ENST00000460680.6:c.660-4_660-3del	strongly depleted
ENST00000460680.6:c.660-2_660-1del	strongly depleted
ENST00000460680.6:c.784-24_784-23del	unchanged
ENST00000460680.6:c.784-21_784-20del	unchanged
ENST00000460680.6:c.784-20_784-19del	unchanged
ENST00000460680.6:c.784-18_784-17del	unchanged
ENST00000460680.6:c.784-16_784-15del	weakly depleted
ENST00000460680.6:c.784-14_784-13del	weakly depleted
ENST00000460680.6:c.784-12_784-11del	weakly depleted
ENST00000460680.6:c.784-10_784-9del	weakly depleted
ENST00000460680.6:c.784-8_784-7del	unchanged
ENST00000460680.6:c.784-5_784-4del	weakly depleted
ENST00000460680.6:c.784-4_784-3del	weakly depleted
ENST00000460680.6:c.784-2_784-1del	strongly depleted
ENST00000460680.6:c.931+1_931+2del	weakly depleted
ENST00000460680.6:c.931+3_931+4del	weakly depleted
ENST00000460680.6:c.931+5_931+6del	unchanged
ENST00000460680.6:c.931+10_931+11del	unchanged
ENST00000460680.6:c.931+11_931+12del	unchanged
ENST00000460680.6:c.931+13_931+14del	unchanged
ENST00000460680.6:c.931+16_931+17del	unchanged
ENST00000460680.6:c.931+17_931+18del	unchanged
ENST00000460680.6:c.931+19_931+20del	unchanged
ENST00000460680.6:c.932-24_932-23del	unchanged
ENST00000460680.6:c.932-22_932-21del	unchanged
ENST00000460680.6:c.932-18_932-17del	unchanged
ENST00000460680.6:c.932-15_932-14del	unchanged
ENST00000460680.6:c.932-14_932-13del	unchanged
ENST00000460680.6:c.932-12_932-11del	unchanged
ENST00000460680.6:c.932-10_932-9del	unchanged
ENST00000460680.6:c.932-7_932-6del	unchanged
ENST00000460680.6:c.932-4_932-3del	unchanged
ENST00000460680.6:c.932-1_932del	weakly depleted
ENST00000460680.6:c.1117-24_1117-23del	unchanged
ENST00000460680.6:c.1117-22_1117-21del	unchanged
ENST00000460680.6:c.1117-20_1117-19del	unchanged
ENST00000460680.6:c.1117-17_1117-16del	unchanged
ENST00000460680.6:c.1117-16_1117-15del	unchanged
ENST00000460680.6:c.1117-14_1117-13del	unchanged
ENST00000460680.6:c.1117-11_1117-10del	unchanged
ENST00000460680.6:c.1117-9_1117-8del	weakly depleted
ENST00000460680.6:c.1117-7_1117-6del	unchanged
ENST00000460680.6:c.1117-6_1117-5del	unchanged
ENST00000460680.6:c.1117-4_1117-3del	unchanged
ENST00000460680.6:c.1117-2_1117-1del	unchanged
ENST00000460680.6:c.1250+1_1250+2del	strongly depleted
ENST00000460680.6:c.1250+3_1250+4del	unchanged
ENST00000460680.6:c.1250+5_1250+6del	unchanged
ENST00000460680.6:c.1250+7_1250+8del	unchanged
ENST00000460680.6:c.1250+9_1250+10del	unchanged
ENST00000460680.6:c.1250+11_1250+12del	unchanged
ENST00000460680.6:c.1250+13_1250+14del	unchanged
ENST00000460680.6:c.1250+15_1250+16del	unchanged
ENST00000460680.6:c.1250+17_1250+18del	unchanged
ENST00000460680.6:c.1250+19_1250+20del	unchanged
ENST00000460680.6:c.1250+21_1250+22del	unchanged
ENST00000460680.6:c.1250+23_1250+24del	unchanged
ENST00000460680.6:c.1250+25_1250+26del	unchanged
ENST00000460680.6:c.1250+27_1250+28del	unchanged
ENST00000460680.6:c.1250+29_1250+30del	unchanged
ENST00000460680.6:c.1250+31_1250+32del	unchanged
ENST00000460680.6:c.1250+33_1250+34del	unchanged
ENST00000460680.6:c.1250+36_1250+37del	unchanged
ENST00000460680.6:c.1250+37_1250+38del	unchanged
ENST00000460680.6:c.1250+39_1250+40del	unchanged
ENST00000460680.6:c.1250+41_1250+42del	unchanged
ENST00000460680.6:c.1250+43_1250+44del	unchanged
ENST00000460680.6:c.1250+45_1250+46del	unchanged
ENST00000460680.6:c.1250+47_1250+48del	unchanged
ENST00000460680.6:c.1250+49_1250+50del	unchanged
ENST00000460680.6:c.1251-24_1251-23del	unchanged
ENST00000460680.6:c.1251-20_1251-19del	unchanged
ENST00000460680.6:c.1251-17_1251-16del	unchanged
ENST00000460680.6:c.1251-16_1251-15del	weakly depleted
ENST00000460680.6:c.1251-13_1251-12del	unchanged
ENST00000460680.6:c.1251-12_1251-11del	unchanged
ENST00000460680.6:c.1251-10_1251-9del	unchanged
ENST00000460680.6:c.1251-6_1251-5del	weakly depleted
ENST00000460680.6:c.1251-3_1251-2del	weakly depleted
ENST00000460680.6:c.1251-2_1251-1del	strongly depleted
ENST00000460680.6:c.1729+2_1729+3del	strongly depleted
ENST00000460680.6:c.1729+4_1729+5del	unchanged
ENST00000460680.6:c.1729+5_1729+6del	unchanged
ENST00000460680.6:c.1729+7_1729+8del	unchanged
ENST00000460680.6:c.1729+9_1729+10del	unchanged
ENST00000460680.6:c.1729+11_1729+12del	unchanged
ENST00000460680.6:c.1729+13_1729+14del	unchanged
ENST00000460680.6:c.1729+15_1729+16del	unchanged
ENST00000460680.6:c.1729+18_1729+19del	unchanged
ENST00000460680.6:c.1729+20_1729+21del	unchanged
ENST00000460680.6:c.1730-20_1730-19del	unchanged
ENST00000460680.6:c.1730-16_1730-15del	unchanged
ENST00000460680.6:c.1730-14_1730-13del	unchanged
ENST00000460680.6:c.1730-8_1730-7del	unchanged
ENST00000460680.6:c.1730-6_1730-5del	unchanged
ENST00000460680.6:c.1730-4_1730-3del	weakly depleted
ENST00000460680.6:c.1730_1731del	weakly depleted
ENST00000460680.6:c.1890+2_1890+3del	weakly depleted
ENST00000460680.6:c.1890+4_1890+5del	weakly depleted
ENST00000460680.6:c.1890+5_1890+6del	unchanged
ENST00000460680.6:c.1890+8_1890+9del	unchanged
ENST00000460680.6:c.1890+9_1890+10del	unchanged
ENST00000460680.6:c.1890+11_1890+12del	unchanged
ENST00000460680.6:c.1890+15_1890+16del	unchanged
ENST00000460680.6:c.1890+17_1890+18del	unchanged
ENST00000460680.6:c.1890+20_1890+21del	unchanged
ENST00000460680.6:c.1891-30_1891-29del	unchanged
ENST00000460680.6:c.1891-28_1891-27del	weakly depleted
ENST00000460680.6:c.1891-24_1891-23del	unchanged
ENST00000460680.6:c.1891-21_1891-20del	unchanged
ENST00000460680.6:c.1891-20_1891-19del	unchanged
ENST00000460680.6:c.1891-18_1891-17del	unchanged
ENST00000460680.6:c.1891-16_1891-15del	unchanged
ENST00000460680.6:c.1891-14_1891-13del	unchanged
ENST00000460680.6:c.1891-11_1891-10del	unchanged
ENST00000460680.6:c.1891-10_1891-9del	unchanged
ENST00000460680.6:c.1891-7_1891-6del	weakly depleted
ENST00000460680.6:c.1891-6_1891-5del	unchanged
ENST00000460680.6:c.1891-4_1891-3del	strongly depleted
ENST00000460680.6:c.1891-2_1891-1del	weakly depleted
ENST00000460680.6:c.1984-20_1984-19del	unchanged
ENST00000460680.6:c.1984-17_1984-16del	unchanged
ENST00000460680.6:c.1984-16_1984-15del	unchanged
ENST00000460680.6:c.1984-14_1984-13del	unchanged
ENST00000460680.6:c.1984-8_1984-7del	unchanged
ENST00000460680.6:c.1984-6_1984-5del	unchanged
ENST00000460680.6:c.1984-1_1984del	strongly depleted
ENST00000460680.6:c.2057-24_2057-23del	unchanged
ENST00000460680.6:c.2057-22_2057-21del	unchanged
ENST00000460680.6:c.2057-19_2057-18del	unchanged
ENST00000460680.6:c.2057-18_2057-17del	unchanged
ENST00000460680.6:c.2057-14_2057-13del	unchanged
ENST00000460680.6:c.2057-12_2057-11del	unchanged
ENST00000460680.6:c.2057-8_2057-7del	unchanged
ENST00000460680.6:c.2057-6_2057-5del	unchanged
ENST00000460680.6:c.2057-4_2057-3del	unchanged
ENST00000460680.6:c.2057-2_2057-1del	weakly depleted
ENST00000460680.6:c.*1_*2del	unchanged
ENST00000460680.6:c.*3_*4del	unchanged
ENST00000460680.6:c.*5_*6del	unchanged
ENST00000460680.6:c.*7_*8del	unchanged
ENST00000460680.6:c.*9_*10del	unchanged
ENST00000460680.6:c.*12_*13del	enriched
ENST00000460680.6:c.*13_*14del	unchanged
ENST00000460680.6:c.*15_*16del	unchanged
ENST00000460680.6:c.*19_*20del	unchanged
ENST00000460680.6:c.*21_*22del	unchanged
ENST00000460680.6:c.*23_*24del	unchanged
ENST00000460680.6:c.*26_*27del	unchanged
ENST00000460680.6:c.*28_*29del	unchanged
ENST00000460680.6:c.*31_*32del	unchanged
ENST00000460680.6:c.*33_*34del	unchanged
ENST00000460680.6:c.*35_*36del	unchanged
ENST00000460680.6:c.*40_*41del	unchanged
ENST00000460680.6:c.*41_*42del	unchanged
ENST00000460680.6:c.*44_*45del	unchanged
ENST00000460680.6:c.*46_*47del	unchanged
ENST00000460680.6:c.*48_*49del	unchanged
ENST00000460680.6:c.*49_*50del	unchanged
ENST00000460680.6:c.*51_*52del	unchanged
ENST00000460680.6:c.*53_*54del	unchanged
ENST00000460680.6:c.*55_*56del	unchanged
ENST00000460680.6:c.*57_*58del	unchanged
ENST00000460680.6:c.*59_*60del	unchanged
ENST00000460680.6:c.*61_*62del	unchanged
ENST00000460680.6:c.*63_*64del	unchanged
ENST00000460680.6:c.*67_*68del	unchanged
ENST00000460680.6:c.*69_*70del	unchanged
ENST00000460680.6:c.*71_*72del	unchanged
ENST00000460680.6:c.*75_*76del	unchanged
ENST00000460680.6:c.*79_*80del	unchanged
ENST00000460680.6:c.*82_*83del	unchanged
ENST00000460680.6:c.*83_*84del	unchanged
ENST00000460680.6:c.*85_*86del	unchanged
ENST00000460680.6:c.*87_*88del	unchanged
ENST00000460680.6:c.*89_*90del	unchanged
ENST00000460680.6:c.37+2_37+3del	strongly depleted
ENST00000460680.6:c.37+4_37+5del	unchanged
ENST00000460680.6:c.37+5_37+6del	unchanged
ENST00000460680.6:c.37+7_37+8del	unchanged
ENST00000460680.6:c.37+10_37+11del	unchanged
ENST00000460680.6:c.37+11_37+12del	unchanged
ENST00000460680.6:c.37+13_37+14del	unchanged
ENST00000460680.6:c.37+16_37+17del	unchanged
ENST00000460680.6:c.37+18_37+19del	unchanged
ENST00000460680.6:c.37+20_37+21del	unchanged
ENST00000460680.6:c.37+21_37+22del	unchanged
ENST00000460680.6:c.37+23_37+24del	unchanged
ENST00000460680.6:c.67+1_67+2del	strongly depleted
ENST00000460680.6:c.67+3_67+4del	unchanged
ENST00000460680.6:c.67+7_67+8del	unchanged
ENST00000460680.6:c.67+9_67+10del	unchanged
ENST00000460680.6:c.67+12_67+13del	unchanged
ENST00000460680.6:c.67+15_67+16del	unchanged
ENST00000460680.6:c.67+17_67+18del	unchanged
ENST00000460680.6:c.67+19_67+20del	unchanged
ENST00000460680.6:c.67+21_67+22del	unchanged
ENST00000460680.6:c.67+23_67+24del	unchanged
ENST00000460680.6:c.122+2_122+3del	strongly depleted
ENST00000460680.6:c.122+4_122+5del	strongly depleted
ENST00000460680.6:c.122+6_122+7del	unchanged
ENST00000460680.6:c.122+7_122+8del	unchanged
ENST00000460680.6:c.122+9_122+10del	unchanged
ENST00000460680.6:c.122+11_122+12del	enriched
ENST00000460680.6:c.122+15_122+16del	unchanged
ENST00000460680.6:c.122+17_122+18del	unchanged
ENST00000460680.6:c.122+20_122+21del	unchanged
ENST00000460680.6:c.122+21_122+22del	unchanged
ENST00000460680.6:c.122+23_122+24del	unchanged
ENST00000460680.6:c.255+1_255+2del	strongly depleted
ENST00000460680.6:c.255+3_255+4del	unchanged
ENST00000460680.6:c.255+5_255+6del	weakly depleted
ENST00000460680.6:c.255+7_255+8del	unchanged
ENST00000460680.6:c.255+9_255+10del	unchanged
ENST00000460680.6:c.255+13_255+14del	weakly depleted
ENST00000460680.6:c.255+17_255+18del	unchanged
ENST00000460680.6:c.255+20_255+21del	unchanged
ENST00000460680.6:c.255+22_255+23del	unchanged
ENST00000460680.6:c.255+24_255+25del	unchanged
ENST00000460680.6:c.437+6_437+7del	unchanged
ENST00000460680.6:c.437+8_437+9del	unchanged
ENST00000460680.6:c.437+10_437+11del	unchanged
ENST00000460680.6:c.437+11_437+12del	unchanged
ENST00000460680.6:c.437+15_437+16del	unchanged
ENST00000460680.6:c.437+17_437+18del	unchanged
ENST00000460680.6:c.437+19_437+20del	unchanged
ENST00000460680.6:c.437+21_437+22del	unchanged
ENST00000460680.6:c.437+23_437+24del	unchanged
ENST00000460680.6:c.580+1_580+2del	strongly depleted
ENST00000460680.6:c.580+3_580+4del	strongly depleted
ENST00000460680.6:c.580+5_580+6del	strongly depleted
ENST00000460680.6:c.580+7_580+8del	unchanged
ENST00000460680.6:c.580+9_580+10del	unchanged
ENST00000460680.6:c.580+11_580+12del	unchanged
ENST00000460680.6:c.580+13_580+14del	unchanged
ENST00000460680.6:c.580+15_580+16del	unchanged
ENST00000460680.6:c.580+17_580+18del	unchanged
ENST00000460680.6:c.580+19_580+20del	unchanged
ENST00000460680.6:c.580+21_580+22del	unchanged
ENST00000460680.6:c.580+23_580+24del	unchanged
ENST00000460680.6:c.659+1_659+2del	strongly depleted
ENST00000460680.6:c.659+3_659+4del	strongly depleted
ENST00000460680.6:c.659+6_659+7del	unchanged
ENST00000460680.6:c.659+7_659+8del	unchanged
ENST00000460680.6:c.659+9_659+10del	unchanged
ENST00000460680.6:c.659+13_659+14del	unchanged
ENST00000460680.6:c.659+15_659+16del	unchanged
ENST00000460680.6:c.659+17_659+18del	enriched
ENST00000460680.6:c.659+21_659+22del	unchanged
ENST00000460680.6:c.659+23_659+24del	unchanged
ENST00000460680.6:c.783+1_783+2del	strongly depleted
ENST00000460680.6:c.783+3_783+4del	unchanged
ENST00000460680.6:c.783+6_783+7del	unchanged
ENST00000460680.6:c.783+7_783+8del	unchanged
ENST00000460680.6:c.783+9_783+10del	unchanged
ENST00000460680.6:c.783+12_783+13del	unchanged
ENST00000460680.6:c.783+14_783+15del	unchanged
ENST00000460680.6:c.783+15_783+16del	unchanged
ENST00000460680.6:c.783+17_783+18del	unchanged
ENST00000460680.6:c.783+19_783+20del	unchanged
ENST00000460680.6:c.783+21_783+22del	unchanged
ENST00000460680.6:c.783+25_783+26del	unchanged
ENST00000460680.6:c.1116+1_1116+2del	strongly depleted
ENST00000460680.6:c.1116+3_1116+4del	strongly depleted
ENST00000460680.6:c.1116+5_1116+6del	weakly depleted
ENST00000460680.6:c.1116+7_1116+8del	unchanged
ENST00000460680.6:c.1116+9_1116+10del	unchanged
ENST00000460680.6:c.1116+11_1116+12del	unchanged
ENST00000460680.6:c.1116+14_1116+15del	unchanged
ENST00000460680.6:c.1116+16_1116+17del	unchanged
ENST00000460680.6:c.1116+17_1116+18del	unchanged
ENST00000460680.6:c.1116+19_1116+20del	unchanged
ENST00000460680.6:c.1116+21_1116+22del	unchanged
ENST00000460680.6:c.1116+23_1116+24del	unchanged
ENST00000460680.6:c.1983+2_1983+3del	strongly depleted
ENST00000460680.6:c.1983+4_1983+5del	weakly depleted
ENST00000460680.6:c.1983+6_1983+7del	unchanged
ENST00000460680.6:c.1983+7_1983+8del	unchanged
ENST00000460680.6:c.1983+10_1983+11del	unchanged
ENST00000460680.6:c.1983+13_1983+14del	unchanged
ENST00000460680.6:c.1983+15_1983+16del	unchanged
ENST00000460680.6:c.1983+17_1983+18del	unchanged
ENST00000460680.6:c.1983+19_1983+20del	unchanged
ENST00000460680.6:c.1983+21_1983+22del	unchanged
ENST00000460680.6:c.1983+23_1983+24del	unchanged
ENST00000460680.6:c.2056+2_2056+3del	strongly depleted
ENST00000460680.6:c.2056+4_2056+5del	unchanged
ENST00000460680.6:c.2056+7_2056+8del	unchanged
ENST00000460680.6:c.2056+9_2056+10del	unchanged
ENST00000460680.6:c.2056+13_2056+14del	unchanged
ENST00000460680.6:c.2056+15_2056+16del	unchanged
ENST00000460680.6:c.2056+17_2056+18del	unchanged
ENST00000460680.6:c.2056+19_2056+20del	unchanged
ENST00000460680.6:c.2056+21_2056+22del	unchanged
ENST00000460680.6:c.2056+23_2056+24del	unchanged
ENST00000460680.6:c.2_4del	strongly depleted
ENST00000460680.6:c.6_8del	unchanged
ENST00000460680.6:c.7_9del	unchanged
ENST00000460680.6:c.10_12del	unchanged
ENST00000460680.6:c.13_15del	weakly depleted
ENST00000460680.6:c.16_18del	weakly depleted
ENST00000460680.6:c.19_21del	weakly depleted
ENST00000460680.6:c.22_24del	strongly depleted
ENST00000460680.6:c.25_27del	strongly depleted
ENST00000460680.6:c.28_30del	strongly depleted
ENST00000460680.6:c.31_33del	strongly depleted
ENST00000460680.6:c.34_36del	strongly depleted
ENST00000460680.6:c.43_45del	strongly depleted
ENST00000460680.6:c.46_48del	strongly depleted
ENST00000460680.6:c.51_53del	strongly depleted
ENST00000460680.6:c.52_54del	strongly depleted
ENST00000460680.6:c.56_58del	strongly depleted
ENST00000460680.6:c.60_62del	strongly depleted
ENST00000460680.6:c.61_63del	strongly depleted
ENST00000460680.6:c.64_66del	strongly depleted
ENST00000460680.6:c.70_72del	strongly depleted
ENST00000460680.6:c.73_75del	weakly depleted
ENST00000460680.6:c.77_79del	weakly depleted
ENST00000460680.6:c.79_81del	strongly depleted
ENST00000460680.6:c.86_88del	strongly depleted
ENST00000460680.6:c.91_93del	strongly depleted
ENST00000460680.6:c.94_96del	strongly depleted
ENST00000460680.6:c.97_99del	strongly depleted
ENST00000460680.6:c.100_102del	strongly depleted
ENST00000460680.6:c.104_106del	weakly depleted
ENST00000460680.6:c.106_108del	weakly depleted
ENST00000460680.6:c.110_112del	weakly depleted
ENST00000460680.6:c.112_114del	weakly depleted
ENST00000460680.6:c.115_117del	unchanged
ENST00000460680.6:c.118_120del	unchanged
ENST00000460680.6:c.124_126del	unchanged
ENST00000460680.6:c.127_129del	strongly depleted
ENST00000460680.6:c.130_132del	strongly depleted
ENST00000460680.6:c.133_135del	strongly depleted
ENST00000460680.6:c.136_138del	strongly depleted
ENST00000460680.6:c.139_141del	strongly depleted
ENST00000460680.6:c.142_144del	strongly depleted
ENST00000460680.6:c.145_147del	strongly depleted
ENST00000460680.6:c.148_150del	strongly depleted
ENST00000460680.6:c.151_153del	weakly depleted
ENST00000460680.6:c.154_156del	weakly depleted
ENST00000460680.6:c.157_159del	strongly depleted
ENST00000460680.6:c.162_164del	weakly depleted
ENST00000460680.6:c.163_165del	weakly depleted
ENST00000460680.6:c.168_170del	unchanged
ENST00000460680.6:c.169_171del	unchanged
ENST00000460680.6:c.172_174del	unchanged
ENST00000460680.6:c.177_179del	unchanged
ENST00000460680.6:c.178_180del	unchanged
ENST00000460680.6:c.181_183del	weakly depleted
ENST00000460680.6:c.184_186del	unchanged
ENST00000460680.6:c.187_189del	unchanged
ENST00000460680.6:c.190_192del	unchanged
ENST00000460680.6:c.193_195del	unchanged
ENST00000460680.6:c.197_199del	unchanged
ENST00000460680.6:c.202_204del	unchanged
ENST00000460680.6:c.205_207del	weakly depleted
ENST00000460680.6:c.208_210del	unchanged
ENST00000460680.6:c.211_213del	unchanged
ENST00000460680.6:c.214_216del	unchanged
ENST00000460680.6:c.223_225del	unchanged
ENST00000460680.6:c.226_228del	unchanged
ENST00000460680.6:c.229_231del	weakly depleted
ENST00000460680.6:c.234_236del	weakly depleted
ENST00000460680.6:c.236_238del	unchanged
ENST00000460680.6:c.238_240del	weakly depleted
ENST00000460680.6:c.243_245del	strongly depleted
ENST00000460680.6:c.244_246del	strongly depleted
ENST00000460680.6:c.247_249del	strongly depleted
ENST00000460680.6:c.252_254del	strongly depleted
ENST00000460680.6:c.253_255del	strongly depleted
ENST00000460680.6:c.256_258del	weakly depleted
ENST00000460680.6:c.259_261del	weakly depleted
ENST00000460680.6:c.262_264del	strongly depleted
ENST00000460680.6:c.265_267del	strongly depleted
ENST00000460680.6:c.269_271del	strongly depleted
ENST00000460680.6:c.271_273del	strongly depleted
ENST00000460680.6:c.274_276del	strongly depleted
ENST00000460680.6:c.277_279del	strongly depleted
ENST00000460680.6:c.280_282del	strongly depleted
ENST00000460680.6:c.283_285del	strongly depleted
ENST00000460680.6:c.286_288del	strongly depleted
ENST00000460680.6:c.289_291del	strongly depleted
ENST00000460680.6:c.292_294del	strongly depleted
ENST00000460680.6:c.295_297del	strongly depleted
ENST00000460680.6:c.300_302del	strongly depleted
ENST00000460680.6:c.301_303del	strongly depleted
ENST00000460680.6:c.304_306del	weakly depleted
ENST00000460680.6:c.307_309del	unchanged
ENST00000460680.6:c.313_315del	unchanged
ENST00000460680.6:c.317_319del	weakly depleted
ENST00000460680.6:c.319_321del	weakly depleted
ENST00000460680.6:c.322_324del	weakly depleted
ENST00000460680.6:c.325_327del	strongly depleted
ENST00000460680.6:c.328_330del	weakly depleted
ENST00000460680.6:c.331_333del	unchanged
ENST00000460680.6:c.334_336del	strongly depleted
ENST00000460680.6:c.337_339del	strongly depleted
ENST00000460680.6:c.340_342del	strongly depleted
ENST00000460680.6:c.344_346del	strongly depleted
ENST00000460680.6:c.346_348del	strongly depleted
ENST00000460680.6:c.349_351del	strongly depleted
ENST00000460680.6:c.352_354del	weakly depleted
ENST00000460680.6:c.356_358del	strongly depleted
ENST00000460680.6:c.358_360del	strongly depleted
ENST00000460680.6:c.361_363del	strongly depleted
ENST00000460680.6:c.364_366del	strongly depleted
ENST00000460680.6:c.367_369del	strongly depleted
ENST00000460680.6:c.370_372del	strongly depleted
ENST00000460680.6:c.374_375+1del	strongly depleted
ENST00000460680.6:c.377_379del	strongly depleted
ENST00000460680.6:c.379_381del	strongly depleted
ENST00000460680.6:c.382_384del	strongly depleted
ENST00000460680.6:c.385_387del	strongly depleted
ENST00000460680.6:c.388_390del	strongly depleted
ENST00000460680.6:c.391_393del	strongly depleted
ENST00000460680.6:c.394_396del	unchanged
ENST00000460680.6:c.397_399del	unchanged
ENST00000460680.6:c.400_402del	unchanged
ENST00000460680.6:c.403_405del	unchanged
ENST00000460680.6:c.406_408del	unchanged
ENST00000460680.6:c.409_411del	strongly depleted
ENST00000460680.6:c.412_414del	unchanged
ENST00000460680.6:c.415_417del	weakly depleted
ENST00000460680.6:c.418_420del	weakly depleted
ENST00000460680.6:c.421_423del	weakly depleted
ENST00000460680.6:c.425_427del	strongly depleted
ENST00000460680.6:c.427_429del	strongly depleted
ENST00000460680.6:c.430_432del	strongly depleted
ENST00000460680.6:c.433_435del	unchanged
ENST00000460680.6:c.439_441del	weakly depleted
ENST00000460680.6:c.442_444del	weakly depleted
ENST00000460680.6:c.446_448del	weakly depleted
ENST00000460680.6:c.449_451del	weakly depleted
ENST00000460680.6:c.452_454del	weakly depleted
ENST00000460680.6:c.455_457del	weakly depleted
ENST00000460680.6:c.457_459del	unchanged
ENST00000460680.6:c.460_462del	weakly depleted
ENST00000460680.6:c.463_465del	weakly depleted
ENST00000460680.6:c.466_468del	unchanged
ENST00000460680.6:c.469_471del	weakly depleted
ENST00000460680.6:c.472_474del	weakly depleted
ENST00000460680.6:c.475_477del	weakly depleted
ENST00000460680.6:c.478_480del	unchanged
ENST00000460680.6:c.482_484del	unchanged
ENST00000460680.6:c.484_486del	unchanged
ENST00000460680.6:c.487_489del	weakly depleted
ENST00000460680.6:c.491_493del	unchanged
ENST00000460680.6:c.493_495del	unchanged
ENST00000460680.6:c.497_499del	weakly depleted
ENST00000460680.6:c.499_501del	weakly depleted
ENST00000460680.6:c.502_504del	strongly depleted
ENST00000460680.6:c.505_507del	strongly depleted
ENST00000460680.6:c.508_510del	strongly depleted
ENST00000460680.6:c.511_513del	strongly depleted
ENST00000460680.6:c.514_516del	strongly depleted
ENST00000460680.6:c.517_519del	strongly depleted
ENST00000460680.6:c.520_522del	strongly depleted
ENST00000460680.6:c.523_525del	strongly depleted
ENST00000460680.6:c.527_529del	strongly depleted
ENST00000460680.6:c.529_531del	strongly depleted
ENST00000460680.6:c.532_534del	strongly depleted
ENST00000460680.6:c.536_538del	strongly depleted
ENST00000460680.6:c.538_540del	strongly depleted
ENST00000460680.6:c.541_543del	strongly depleted
ENST00000460680.6:c.544_546del	strongly depleted
ENST00000460680.6:c.547_549del	strongly depleted
ENST00000460680.6:c.551_553del	strongly depleted
ENST00000460680.6:c.553_555del	strongly depleted
ENST00000460680.6:c.556_558del	strongly depleted
ENST00000460680.6:c.559_561del	strongly depleted
ENST00000460680.6:c.562_564del	weakly depleted
ENST00000460680.6:c.565_567del	weakly depleted
ENST00000460680.6:c.568_570del	strongly depleted
ENST00000460680.6:c.571_573del	strongly depleted
ENST00000460680.6:c.574_576del	strongly depleted
ENST00000460680.6:c.577_579del	strongly depleted
ENST00000460680.6:c.583_585del	strongly depleted
ENST00000460680.6:c.586_588del	strongly depleted
ENST00000460680.6:c.590_592del	unchanged
ENST00000460680.6:c.594_596del	unchanged
ENST00000460680.6:c.597_599del	weakly depleted
ENST00000460680.6:c.601_603del	weakly depleted
ENST00000460680.6:c.604_606del	strongly depleted
ENST00000460680.6:c.607_609del	strongly depleted
ENST00000460680.6:c.610_612del	strongly depleted
ENST00000460680.6:c.613_615del	strongly depleted
ENST00000460680.6:c.616_618del	strongly depleted
ENST00000460680.6:c.622_624del	strongly depleted
ENST00000460680.6:c.625_627del	strongly depleted
ENST00000460680.6:c.630_632del	strongly depleted
ENST00000460680.6:c.631_633del	strongly depleted
ENST00000460680.6:c.634_636del	strongly depleted
ENST00000460680.6:c.637_639del	strongly depleted
ENST00000460680.6:c.640_642del	weakly depleted
ENST00000460680.6:c.649_651del	enriched
ENST00000460680.6:c.652_654del	unchanged
ENST00000460680.6:c.656_658del	unchanged
ENST00000460680.6:c.661_663del	enriched
ENST00000460680.6:c.664_666del	unchanged
ENST00000460680.6:c.667_669del	unchanged
ENST00000460680.6:c.673_675del	weakly depleted
ENST00000460680.6:c.676_678del	weakly depleted
ENST00000460680.6:c.679_681del	strongly depleted
ENST00000460680.6:c.682_684del	strongly depleted
ENST00000460680.6:c.685_687del	strongly depleted
ENST00000460680.6:c.688_690del	strongly depleted
ENST00000460680.6:c.691_693del	strongly depleted
ENST00000460680.6:c.695_697del	strongly depleted
ENST00000460680.6:c.700_702del	strongly depleted
ENST00000460680.6:c.703_705del	strongly depleted
ENST00000460680.6:c.706_708del	strongly depleted
ENST00000460680.6:c.709_711del	strongly depleted
ENST00000460680.6:c.713_715del	weakly depleted
ENST00000460680.6:c.716_718del	weakly depleted
ENST00000460680.6:c.718_720del	weakly depleted
ENST00000460680.6:c.721_723del	weakly depleted
ENST00000460680.6:c.725_727del	weakly depleted
ENST00000460680.6:c.727_729del	weakly depleted
ENST00000460680.6:c.730_732del	weakly depleted
ENST00000460680.6:c.734_736del	weakly depleted
ENST00000460680.6:c.736_738del	strongly depleted
ENST00000460680.6:c.739_741del	strongly depleted
ENST00000460680.6:c.742_744del	strongly depleted
ENST00000460680.6:c.745_747del	strongly depleted
ENST00000460680.6:c.748_750del	weakly depleted
ENST00000460680.6:c.751_753del	weakly depleted
ENST00000460680.6:c.755_757del	weakly depleted
ENST00000460680.6:c.757_759del	weakly depleted
ENST00000460680.6:c.760_762del	weakly depleted
ENST00000460680.6:c.763_765del	weakly depleted
ENST00000460680.6:c.766_768del	weakly depleted
ENST00000460680.6:c.770_772del	strongly depleted
ENST00000460680.6:c.772_774del	weakly depleted
ENST00000460680.6:c.776_778del	unchanged
ENST00000460680.6:c.781_783del	unchanged
ENST00000460680.6:c.784_786del	unchanged
ENST00000460680.6:c.788_790del	unchanged
ENST00000460680.6:c.790_792del	unchanged
ENST00000460680.6:c.793_795del	unchanged
ENST00000460680.6:c.796_798del	unchanged
ENST00000460680.6:c.800_802del	weakly depleted
ENST00000460680.6:c.802_804del	unchanged
ENST00000460680.6:c.805_807del	unchanged
ENST00000460680.6:c.808_810del	unchanged
ENST00000460680.6:c.811_813del	unchanged
ENST00000460680.6:c.814_816del	unchanged
ENST00000460680.6:c.817_819del	unchanged
ENST00000460680.6:c.820_822del	unchanged
ENST00000460680.6:c.823_825del	unchanged
ENST00000460680.6:c.826_828del	unchanged
ENST00000460680.6:c.829_831del	unchanged
ENST00000460680.6:c.832_834del	unchanged
ENST00000460680.6:c.835_837del	unchanged
ENST00000460680.6:c.839_841del	unchanged
ENST00000460680.6:c.842_844del	unchanged
ENST00000460680.6:c.844_846del	unchanged
ENST00000460680.6:c.850_852del	unchanged
ENST00000460680.6:c.853_855del	unchanged
ENST00000460680.6:c.856_858del	unchanged
ENST00000460680.6:c.859_861del	unchanged
ENST00000460680.6:c.862_864del	unchanged
ENST00000460680.6:c.866_868del	unchanged
ENST00000460680.6:c.870_872del	unchanged
ENST00000460680.6:c.871_873del	unchanged
ENST00000460680.6:c.874_876del	unchanged
ENST00000460680.6:c.878_880del	unchanged
ENST00000460680.6:c.880_882del	unchanged
ENST00000460680.6:c.883_885del	unchanged
ENST00000460680.6:c.886_888del	unchanged
ENST00000460680.6:c.890_892del	unchanged
ENST00000460680.6:c.892_894del	unchanged
ENST00000460680.6:c.896_898del	unchanged
ENST00000460680.6:c.898_900del	unchanged
ENST00000460680.6:c.901_903del	unchanged
ENST00000460680.6:c.904_906del	unchanged
ENST00000460680.6:c.909_911del	unchanged
ENST00000460680.6:c.910_912del	unchanged
ENST00000460680.6:c.913_915del	unchanged
ENST00000460680.6:c.917_919del	unchanged
ENST00000460680.6:c.919_921del	unchanged
ENST00000460680.6:c.922_924del	unchanged
ENST00000460680.6:c.925_927del	unchanged
ENST00000460680.6:c.928_930del	unchanged
ENST00000460680.6:c.935_937del	unchanged
ENST00000460680.6:c.938_940del	unchanged
ENST00000460680.6:c.944_946del	unchanged
ENST00000460680.6:c.948_950del	unchanged
ENST00000460680.6:c.950_952del	unchanged
ENST00000460680.6:c.952_954del	unchanged
ENST00000460680.6:c.956_958del	unchanged
ENST00000460680.6:c.958_960del	unchanged
ENST00000460680.6:c.961_963del	unchanged
ENST00000460680.6:c.964_966del	unchanged
ENST00000460680.6:c.967_969del	unchanged
ENST00000460680.6:c.970_972del	weakly depleted
ENST00000460680.6:c.973_975del	unchanged
ENST00000460680.6:c.976_978del	unchanged
ENST00000460680.6:c.979_981del	unchanged
ENST00000460680.6:c.984_986del	weakly depleted
ENST00000460680.6:c.985_987del	unchanged
ENST00000460680.6:c.990_992del	unchanged
ENST00000460680.6:c.991_993del	weakly depleted
ENST00000460680.6:c.994_996del	weakly depleted
ENST00000460680.6:c.997_999del	unchanged
ENST00000460680.6:c.1000_1002del	weakly depleted
ENST00000460680.6:c.1006_1008del	unchanged
ENST00000460680.6:c.1009_1011del	unchanged
ENST00000460680.6:c.1014_1016del	unchanged
ENST00000460680.6:c.1015_1017del	unchanged
ENST00000460680.6:c.1018_1020del	unchanged
ENST00000460680.6:c.1024_1026del	unchanged
ENST00000460680.6:c.1027_1029del	unchanged
ENST00000460680.6:c.1030_1032del	unchanged
ENST00000460680.6:c.1034_1036del	unchanged
ENST00000460680.6:c.1036_1038del	unchanged
ENST00000460680.6:c.1040_1042del	unchanged
ENST00000460680.6:c.1042_1044del	unchanged
ENST00000460680.6:c.1045_1047del	unchanged
ENST00000460680.6:c.1048_1050del	unchanged
ENST00000460680.6:c.1051_1053del	unchanged
ENST00000460680.6:c.1054_1056del	unchanged
ENST00000460680.6:c.1057_1059del	unchanged
ENST00000460680.6:c.1060_1062del	unchanged
ENST00000460680.6:c.1064_1066del	unchanged
ENST00000460680.6:c.1067_1069del	unchanged
ENST00000460680.6:c.1070_1072del	enriched
ENST00000460680.6:c.1072_1074del	unchanged
ENST00000460680.6:c.1075_1077del	unchanged
ENST00000460680.6:c.1078_1080del	unchanged
ENST00000460680.6:c.1081_1083del	unchanged
ENST00000460680.6:c.1084_1086del	unchanged
ENST00000460680.6:c.1087_1089del	unchanged
ENST00000460680.6:c.1090_1092del	unchanged
ENST00000460680.6:c.1093_1095del	unchanged
ENST00000460680.6:c.1096_1098del	unchanged
ENST00000460680.6:c.1099_1101del	unchanged
ENST00000460680.6:c.1102_1104del	enriched
ENST00000460680.6:c.1105_1107del	unchanged
ENST00000460680.6:c.1108_1110del	unchanged
ENST00000460680.6:c.1111_1113del	unchanged
ENST00000460680.6:c.1114_1116del	weakly depleted
ENST00000460680.6:c.1119_1121del	unchanged
ENST00000460680.6:c.1125_1127del	unchanged
ENST00000460680.6:c.1126_1128del	unchanged
ENST00000460680.6:c.1129_1131del	unchanged
ENST00000460680.6:c.1134_1136del	unchanged
ENST00000460680.6:c.1136_1138del	unchanged
ENST00000460680.6:c.1139_1141del	unchanged
ENST00000460680.6:c.1142_1144del	unchanged
ENST00000460680.6:c.1144_1146del	unchanged
ENST00000460680.6:c.1147_1149del	unchanged
ENST00000460680.6:c.1150_1152del	unchanged
ENST00000460680.6:c.1153_1155del	weakly depleted
ENST00000460680.6:c.1156_1158del	unchanged
ENST00000460680.6:c.1159_1161del	unchanged
ENST00000460680.6:c.1162_1164del	unchanged
ENST00000460680.6:c.1166_1168del	unchanged
ENST00000460680.6:c.1170_1172del	unchanged
ENST00000460680.6:c.1172_1174del	weakly depleted
ENST00000460680.6:c.1177_1179del	unchanged
ENST00000460680.6:c.1181_1183del	unchanged
ENST00000460680.6:c.1183_1185del	unchanged
ENST00000460680.6:c.1191_1193del	unchanged
ENST00000460680.6:c.1194_1196del	unchanged
ENST00000460680.6:c.1197_1199del	unchanged
ENST00000460680.6:c.1198_1200del	enriched
ENST00000460680.6:c.1201_1203del	unchanged
ENST00000460680.6:c.1206_1208del	enriched
ENST00000460680.6:c.1209_1211del	enriched
ENST00000460680.6:c.1212_1214del	unchanged
ENST00000460680.6:c.1221_1223del	unchanged
ENST00000460680.6:c.1223_1225del	unchanged
ENST00000460680.6:c.1225_1227del	unchanged
ENST00000460680.6:c.1228_1230del	enriched
ENST00000460680.6:c.1232_1234del	unchanged
ENST00000460680.6:c.1235_1237del	unchanged
ENST00000460680.6:c.1237_1239del	unchanged
ENST00000460680.6:c.1240_1242del	unchanged
ENST00000460680.6:c.1243_1245del	unchanged
ENST00000460680.6:c.1246_1248del	unchanged
ENST00000460680.6:c.1252_1254del	unchanged
ENST00000460680.6:c.1255_1257del	unchanged
ENST00000460680.6:c.1258_1260del	unchanged
ENST00000460680.6:c.1261_1263del	weakly depleted
ENST00000460680.6:c.1264_1266del	unchanged
ENST00000460680.6:c.1267_1269del	unchanged
ENST00000460680.6:c.1270_1272del	unchanged
ENST00000460680.6:c.1273_1275del	unchanged
ENST00000460680.6:c.1276_1278del	unchanged
ENST00000460680.6:c.1280_1282del	unchanged
ENST00000460680.6:c.1282_1284del	unchanged
ENST00000460680.6:c.1285_1287del	unchanged
ENST00000460680.6:c.1288_1290del	unchanged
ENST00000460680.6:c.1291_1293del	unchanged
ENST00000460680.6:c.1294_1296del	unchanged
ENST00000460680.6:c.1298_1300del	unchanged
ENST00000460680.6:c.1301_1303del	unchanged
ENST00000460680.6:c.1303_1305del	unchanged
ENST00000460680.6:c.1307_1309del	unchanged
ENST00000460680.6:c.1309_1311del	unchanged
ENST00000460680.6:c.1312_1314del	unchanged
ENST00000460680.6:c.1315_1317del	strongly depleted
ENST00000460680.6:c.1319_1321del	unchanged
ENST00000460680.6:c.1322_1324del	unchanged
ENST00000460680.6:c.1331_1333del	unchanged
ENST00000460680.6:c.1334_1336del	unchanged
ENST00000460680.6:c.1336_1338del	unchanged
ENST00000460680.6:c.1339_1341del	unchanged
ENST00000460680.6:c.1342_1344del	unchanged
ENST00000460680.6:c.1346_1348del	unchanged
ENST00000460680.6:c.1348_1350del	unchanged
ENST00000460680.6:c.1351_1353del	unchanged
ENST00000460680.6:c.1354_1356del	unchanged
ENST00000460680.6:c.1357_1359del	unchanged
ENST00000460680.6:c.1360_1362del	unchanged
ENST00000460680.6:c.1363_1365del	unchanged
ENST00000460680.6:c.1366_1368del	unchanged
ENST00000460680.6:c.1369_1371del	unchanged
ENST00000460680.6:c.1372_1374del	unchanged
ENST00000460680.6:c.1375_1377del	unchanged
ENST00000460680.6:c.1378_1380del	unchanged
ENST00000460680.6:c.1381_1383del	unchanged
ENST00000460680.6:c.1385_1387del	unchanged
ENST00000460680.6:c.1387_1389del	unchanged
ENST00000460680.6:c.1390_1392del	unchanged
ENST00000460680.6:c.1394_1396del	unchanged
ENST00000460680.6:c.1397_1399del	unchanged
ENST00000460680.6:c.1400_1402del	unchanged
ENST00000460680.6:c.1405_1407del	unchanged
ENST00000460680.6:c.1409_1411del	unchanged
ENST00000460680.6:c.1412_1414del	unchanged
ENST00000460680.6:c.1414_1416del	unchanged
ENST00000460680.6:c.1417_1419del	unchanged
ENST00000460680.6:c.1420_1422del	unchanged
ENST00000460680.6:c.1424_1426del	unchanged
ENST00000460680.6:c.1427_1429del	unchanged
ENST00000460680.6:c.1430_1432del	unchanged
ENST00000460680.6:c.1432_1434del	unchanged
ENST00000460680.6:c.1438_1440del	unchanged
ENST00000460680.6:c.1441_1443del	unchanged
ENST00000460680.6:c.1444_1446del	unchanged
ENST00000460680.6:c.1448_1450del	unchanged
ENST00000460680.6:c.1450_1452del	unchanged
ENST00000460680.6:c.1453_1455del	unchanged
ENST00000460680.6:c.1456_1458del	unchanged
ENST00000460680.6:c.1459_1461del	unchanged
ENST00000460680.6:c.1462_1464del	unchanged
ENST00000460680.6:c.1466_1468del	weakly depleted
ENST00000460680.6:c.1468_1470del	unchanged
ENST00000460680.6:c.1471_1473del	unchanged
ENST00000460680.6:c.1475_1477del	weakly depleted
ENST00000460680.6:c.1477_1479del	weakly depleted
ENST00000460680.6:c.1480_1482del	weakly depleted
ENST00000460680.6:c.1483_1485del	weakly depleted
ENST00000460680.6:c.1486_1488del	weakly depleted
ENST00000460680.6:c.1489_1491del	weakly depleted
ENST00000460680.6:c.1492_1494del	unchanged
ENST00000460680.6:c.1495_1497del	unchanged
ENST00000460680.6:c.1498_1500del	unchanged
ENST00000460680.6:c.1501_1503del	unchanged
ENST00000460680.6:c.1504_1506del	unchanged
ENST00000460680.6:c.1507_1509del	unchanged
ENST00000460680.6:c.1510_1512del	unchanged
ENST00000460680.6:c.1513_1515del	weakly depleted
ENST00000460680.6:c.1517_1519del	weakly depleted
ENST00000460680.6:c.1520_1522del	unchanged
ENST00000460680.6:c.1522_1524del	unchanged
ENST00000460680.6:c.1525_1527del	unchanged
ENST00000460680.6:c.1528_1530del	unchanged
ENST00000460680.6:c.1531_1533del	unchanged
ENST00000460680.6:c.1534_1536del	unchanged
ENST00000460680.6:c.1537_1539del	unchanged
ENST00000460680.6:c.1540_1542del	unchanged
ENST00000460680.6:c.1543_1545del	unchanged
ENST00000460680.6:c.1546_1548del	unchanged
ENST00000460680.6:c.1549_1551del	unchanged
ENST00000460680.6:c.1553_1555del	unchanged
ENST00000460680.6:c.1555_1557del	weakly depleted
ENST00000460680.6:c.1558_1560del	unchanged
ENST00000460680.6:c.1561_1563del	unchanged
ENST00000460680.6:c.1564_1566del	weakly depleted
ENST00000460680.6:c.1567_1569del	unchanged
ENST00000460680.6:c.1570_1572del	unchanged
ENST00000460680.6:c.1573_1575del	weakly depleted
ENST00000460680.6:c.1576_1578del	unchanged
ENST00000460680.6:c.1579_1581del	unchanged
ENST00000460680.6:c.1582_1584del	unchanged
ENST00000460680.6:c.1585_1587del	weakly depleted
ENST00000460680.6:c.1588_1590del	unchanged
ENST00000460680.6:c.1591_1593del	unchanged
ENST00000460680.6:c.1594_1596del	weakly depleted
ENST00000460680.6:c.1598_1600del	unchanged
ENST00000460680.6:c.1602_1604del	unchanged
ENST00000460680.6:c.1605_1607del	unchanged
ENST00000460680.6:c.1606_1608del	unchanged
ENST00000460680.6:c.1609_1611del	unchanged
ENST00000460680.6:c.1616_1618del	unchanged
ENST00000460680.6:c.1618_1620del	weakly depleted
ENST00000460680.6:c.1622_1624del	unchanged
ENST00000460680.6:c.1624_1626del	unchanged
ENST00000460680.6:c.1627_1629del	unchanged
ENST00000460680.6:c.1630_1632del	unchanged
ENST00000460680.6:c.1633_1635del	unchanged
ENST00000460680.6:c.1636_1638del	unchanged
ENST00000460680.6:c.1639_1641del	unchanged
ENST00000460680.6:c.1642_1644del	unchanged
ENST00000460680.6:c.1646_1648del	unchanged
ENST00000460680.6:c.1648_1650del	unchanged
ENST00000460680.6:c.1651_1653del	unchanged
ENST00000460680.6:c.1654_1656del	unchanged
ENST00000460680.6:c.1657_1659del	unchanged
ENST00000460680.6:c.1660_1662del	unchanged
ENST00000460680.6:c.1663_1665del	unchanged
ENST00000460680.6:c.1666_1668del	unchanged
ENST00000460680.6:c.1670_1672del	unchanged
ENST00000460680.6:c.1673_1675del	unchanged
ENST00000460680.6:c.1675_1677del	unchanged
ENST00000460680.6:c.1678_1680del	unchanged
ENST00000460680.6:c.1685_1687del	unchanged
ENST00000460680.6:c.1688_1690del	unchanged
ENST00000460680.6:c.1690_1692del	unchanged
ENST00000460680.6:c.1694_1696del	unchanged
ENST00000460680.6:c.1698_1700del	unchanged
ENST00000460680.6:c.1700_1702del	unchanged
ENST00000460680.6:c.1703_1705del	unchanged
ENST00000460680.6:c.1705_1707del	unchanged
ENST00000460680.6:c.1708_1710del	strongly depleted
ENST00000460680.6:c.1711_1713del	unchanged
ENST00000460680.6:c.1715_1717del	unchanged
ENST00000460680.6:c.1717_1719del	weakly depleted
ENST00000460680.6:c.1720_1722del	unchanged
ENST00000460680.6:c.1723_1725del	weakly depleted
ENST00000460680.6:c.1726_1728del	strongly depleted
ENST00000460680.6:c.1734_1736del	unchanged
ENST00000460680.6:c.1735_1737del	unchanged
ENST00000460680.6:c.1738_1740del	unchanged
ENST00000460680.6:c.1741_1743del	unchanged
ENST00000460680.6:c.1746_1748del	unchanged
ENST00000460680.6:c.1747_1749del	unchanged
ENST00000460680.6:c.1750_1752del	unchanged
ENST00000460680.6:c.1753_1755del	unchanged
ENST00000460680.6:c.1757_1759del	unchanged
ENST00000460680.6:c.1759_1761del	unchanged
ENST00000460680.6:c.1762_1764del	unchanged
ENST00000460680.6:c.1765_1767del	unchanged
ENST00000460680.6:c.1768_1770del	unchanged
ENST00000460680.6:c.1771_1773del	unchanged
ENST00000460680.6:c.1774_1776del	unchanged
ENST00000460680.6:c.1777_1779del	unchanged
ENST00000460680.6:c.1780_1782del	unchanged
ENST00000460680.6:c.1783_1785del	unchanged
ENST00000460680.6:c.1789_1791del	unchanged
ENST00000460680.6:c.1792_1794del	unchanged
ENST00000460680.6:c.1796_1798del	unchanged
ENST00000460680.6:c.1798_1800del	unchanged
ENST00000460680.6:c.1805_1807del	unchanged
ENST00000460680.6:c.1809_1811del	weakly depleted
ENST00000460680.6:c.1811_1813del	unchanged
ENST00000460680.6:c.1814_1816del	unchanged
ENST00000460680.6:c.1816_1818del	unchanged
ENST00000460680.6:c.1819_1821del	weakly depleted
ENST00000460680.6:c.1822_1824del	unchanged
ENST00000460680.6:c.1827_1829del	unchanged
ENST00000460680.6:c.1828_1830del	unchanged
ENST00000460680.6:c.1831_1833del	unchanged
ENST00000460680.6:c.1835_1837del	unchanged
ENST00000460680.6:c.1837_1839del	unchanged
ENST00000460680.6:c.1840_1842del	enriched
ENST00000460680.6:c.1843_1845del	unchanged
ENST00000460680.6:c.1846_1848del	unchanged
ENST00000460680.6:c.1849_1851del	unchanged
ENST00000460680.6:c.1852_1854del	unchanged
ENST00000460680.6:c.1856_1858del	unchanged
ENST00000460680.6:c.1858_1860del	unchanged
ENST00000460680.6:c.1861_1863del	unchanged
ENST00000460680.6:c.1864_1866del	unchanged
ENST00000460680.6:c.1867_1869del	unchanged
ENST00000460680.6:c.1871_1873del	unchanged
ENST00000460680.6:c.1873_1875del	unchanged
ENST00000460680.6:c.1876_1878del	unchanged
ENST00000460680.6:c.1880_1882del	unchanged
ENST00000460680.6:c.1882_1884del	unchanged
ENST00000460680.6:c.1885_1887del	unchanged
ENST00000460680.6:c.1888_1890del	unchanged
ENST00000460680.6:c.1891_1893del	weakly depleted
ENST00000460680.6:c.1897_1899del	weakly depleted
ENST00000460680.6:c.1900_1902del	weakly depleted
ENST00000460680.6:c.1906_1908del	weakly depleted
ENST00000460680.6:c.1909_1911del	weakly depleted
ENST00000460680.6:c.1912_1914del	weakly depleted
ENST00000460680.6:c.1916_1918del	weakly depleted
ENST00000460680.6:c.1919_1921del	weakly depleted
ENST00000460680.6:c.1922_1924del	weakly depleted
ENST00000460680.6:c.1924_1926del	strongly depleted
ENST00000460680.6:c.1927_1929del	weakly depleted
ENST00000460680.6:c.1930_1932del	weakly depleted
ENST00000460680.6:c.1933_1935del	weakly depleted
ENST00000460680.6:c.1936_1938del	weakly depleted
ENST00000460680.6:c.1940_1942del	weakly depleted
ENST00000460680.6:c.1942_1944del	weakly depleted
ENST00000460680.6:c.1945_1947del	weakly depleted
ENST00000460680.6:c.1948_1950del	weakly depleted
ENST00000460680.6:c.1958_1960del	weakly depleted
ENST00000460680.6:c.1961_1963del	weakly depleted
ENST00000460680.6:c.1963_1965del	weakly depleted
ENST00000460680.6:c.1967_1969del	weakly depleted
ENST00000460680.6:c.1970_1972del	weakly depleted
ENST00000460680.6:c.1975_1977del	weakly depleted
ENST00000460680.6:c.1978_1980del	strongly depleted
ENST00000460680.6:c.1981_1983del	strongly depleted
ENST00000460680.6:c.1984_1986del	weakly depleted
ENST00000460680.6:c.1989_1991del	weakly depleted
ENST00000460680.6:c.1990_1992del	strongly depleted
ENST00000460680.6:c.1993_1995del	strongly depleted
ENST00000460680.6:c.2000_2002del	strongly depleted
ENST00000460680.6:c.2002_2004del	strongly depleted
ENST00000460680.6:c.2005_2007del	strongly depleted
ENST00000460680.6:c.2008_2010del	strongly depleted
ENST00000460680.6:c.2011_2013del	strongly depleted
ENST00000460680.6:c.2016_2018del	strongly depleted
ENST00000460680.6:c.2017_2019del	strongly depleted
ENST00000460680.6:c.2020_2022del	strongly depleted
ENST00000460680.6:c.2023_2025del	strongly depleted
ENST00000460680.6:c.2026_2028del	strongly depleted
ENST00000460680.6:c.2029_2031del	strongly depleted
ENST00000460680.6:c.2032_2034del	strongly depleted
ENST00000460680.6:c.2035_2037del	strongly depleted
ENST00000460680.6:c.2038_2040del	weakly depleted
ENST00000460680.6:c.2041_2043del	weakly depleted
ENST00000460680.6:c.2044_2046del	weakly depleted
ENST00000460680.6:c.2047_2049del	unchanged
ENST00000460680.6:c.2050_2052del	weakly depleted
ENST00000460680.6:c.2054_2056del	weakly depleted
ENST00000460680.6:c.2059_2061del	unchanged
ENST00000460680.6:c.2062_2064del	unchanged
ENST00000460680.6:c.2065_2067del	weakly depleted
ENST00000460680.6:c.2068_2070del	weakly depleted
ENST00000460680.6:c.2071_2073del	weakly depleted
ENST00000460680.6:c.2075_2077del	weakly depleted
ENST00000460680.6:c.2077_2079del	weakly depleted
ENST00000460680.6:c.2080_2082del	weakly depleted
ENST00000460680.6:c.2084_2086del	weakly depleted
ENST00000460680.6:c.2086_2088del	weakly depleted
ENST00000460680.6:c.2089_2091del	unchanged
ENST00000460680.6:c.2092_2094del	weakly depleted
ENST00000460680.6:c.2100_2102del	weakly depleted
ENST00000460680.6:c.2102_2104del	weakly depleted
ENST00000460680.6:c.2104_2106del	weakly depleted
ENST00000460680.6:c.2108_2110del	weakly depleted
ENST00000460680.6:c.2110_2112del	weakly depleted
ENST00000460680.6:c.2114_2116del	weakly depleted
ENST00000460680.6:c.2116_2118del	weakly depleted
ENST00000460680.6:c.2119_2121del	weakly depleted
ENST00000460680.6:c.2123_2125del	weakly depleted
ENST00000460680.6:c.2126_2128del	weakly depleted
ENST00000460680.6:c.2128_2130del	weakly depleted
ENST00000460680.6:c.2131_2133del	unchanged
ENST00000460680.6:c.2135_2137del	unchanged
ENST00000460680.6:c.2137_2139del	unchanged
ENST00000460680.6:c.2140_2142del	unchanged
ENST00000460680.6:c.2143_2145del	unchanged
ENST00000460680.6:c.2146_2148del	unchanged
ENST00000460680.6:c.2152_2154del	unchanged
ENST00000460680.6:c.2155_2157del	unchanged
ENST00000460680.6:c.2158_2160del	unchanged
ENST00000460680.6:c.2161_2163del	unchanged
ENST00000460680.6:c.2165_2167del	unchanged
ENST00000460680.6:c.2167_2169del	unchanged
ENST00000460680.6:c.2170_2172del	unchanged
ENST00000460680.6:c.2173_2175del	unchanged
ENST00000460680.6:c.2176_2178del	unchanged
ENST00000460680.6:c.2179_2181del	unchanged
ENST00000460680.6:c.2183_2185del	unchanged
ENST00000460680.6:c.2185_2187del	unchanged
ENST00000460680.6:c.2188_2190del	strongly depleted
ENST00000460680.6:c.1_3delinsTGA	strongly depleted
ENST00000460680.6:c.4_6delinsTGA	strongly depleted
ENST00000460680.6:c.7_9delinsTGA	strongly depleted
ENST00000460680.6:c.10_12delinsTGA	strongly depleted
ENST00000460680.6:c.16_18delinsTGA	strongly depleted
ENST00000460680.6:c.19_21delinsTGA	strongly depleted
ENST00000460680.6:c.22_24delinsTGA	strongly depleted
ENST00000460680.6:c.25_27delinsTGA	strongly depleted
ENST00000460680.6:c.28_30delinsTGA	strongly depleted
ENST00000460680.6:c.31_33delinsTGA	strongly depleted
ENST00000460680.6:c.34_35delinsTG	strongly depleted
ENST00000460680.6:c.44_45delinsGA	strongly depleted
ENST00000460680.6:c.46_48delinsTGA	strongly depleted
ENST00000460680.6:c.49_51delinsTGA	strongly depleted
ENST00000460680.6:c.52_54delinsTGA	strongly depleted
ENST00000460680.6:c.55_57delinsTGA	strongly depleted
ENST00000460680.6:c.58_59delinsTG	strongly depleted
ENST00000460680.6:c.61_63delinsTGA	strongly depleted
ENST00000460680.6:c.65_66delinsGA	strongly depleted
ENST00000460680.6:c.70_72delinsTGA	strongly depleted
ENST00000460680.6:c.73_75delinsTGA	strongly depleted
ENST00000460680.6:c.76_78delinsTGA	strongly depleted
ENST00000460680.6:c.79_81delinsTGA	strongly depleted
ENST00000460680.6:c.85_87delinsTGA	strongly depleted
ENST00000460680.6:c.91_93delinsTGA	strongly depleted
ENST00000460680.6:c.94_96delinsTGA	strongly depleted
ENST00000460680.6:c.98_99delinsGA	strongly depleted
ENST00000460680.6:c.100_102delinsTGA	strongly depleted
ENST00000460680.6:c.103_105delinsTGA	strongly depleted
ENST00000460680.6:c.106_108delinsTGA	strongly depleted
ENST00000460680.6:c.109_111delinsTGA	strongly depleted
ENST00000460680.6:c.112_113delinsTG	strongly depleted
ENST00000460680.6:c.118_120delinsTGA	strongly depleted
ENST00000460680.6:c.124_126delinsTGA	strongly depleted
ENST00000460680.6:c.127_128delinsTG	strongly depleted
ENST00000460680.6:c.131_132delinsGA	strongly depleted
ENST00000460680.6:c.137_138delinsGA	strongly depleted
ENST00000460680.6:c.139_141delinsTGA	strongly depleted
ENST00000460680.6:c.143_144delinsGA	strongly depleted
ENST00000460680.6:c.145_147delinsTGA	strongly depleted
ENST00000460680.6:c.149_150delinsGA	strongly depleted
ENST00000460680.6:c.151_152delinsTG	strongly depleted
ENST00000460680.6:c.157_159delinsTGA	strongly depleted
ENST00000460680.6:c.160_161delinsTG	strongly depleted
ENST00000460680.6:c.163_165delinsTGA	strongly depleted
ENST00000460680.6:c.166_168delinsTGA	strongly depleted
ENST00000460680.6:c.169_171delinsTGA	strongly depleted
ENST00000460680.6:c.173_174delinsGA	strongly depleted
ENST00000460680.6:c.175_177delinsTGA	strongly depleted
ENST00000460680.6:c.181_183delinsTGA	strongly depleted
ENST00000460680.6:c.184_186delinsTGA	strongly depleted
ENST00000460680.6:c.188_189delinsGA	strongly depleted
ENST00000460680.6:c.190_192delinsTGA	strongly depleted
ENST00000460680.6:c.194_195delinsGA	strongly depleted
ENST00000460680.6:c.196_198delinsTGA	strongly depleted
ENST00000460680.6:c.199_201delinsTGA	strongly depleted
ENST00000460680.6:c.202_204delinsTGA	strongly depleted
ENST00000460680.6:c.205_207delinsTGA	strongly depleted
ENST00000460680.6:c.209_210delinsGA	strongly depleted
ENST00000460680.6:c.211_213delinsTGA	strongly depleted
ENST00000460680.6:c.214_216delinsTGA	strongly depleted
ENST00000460680.6:c.217_219delinsTGA	strongly depleted
ENST00000460680.6:c.220_222delinsTGA	strongly depleted
ENST00000460680.6:c.223_225delinsTGA	strongly depleted
ENST00000460680.6:c.226_228delinsTGA	strongly depleted
ENST00000460680.6:c.229_231delinsTGA	strongly depleted
ENST00000460680.6:c.232_234delinsTGA	strongly depleted
ENST00000460680.6:c.235_237delinsTGA	strongly depleted
ENST00000460680.6:c.238_240delinsTGA	strongly depleted
ENST00000460680.6:c.242_243delinsGA	strongly depleted
ENST00000460680.6:c.245_246delinsGA	strongly depleted
ENST00000460680.6:c.247_249delinsTGA	strongly depleted
ENST00000460680.6:c.250_252delinsTGA	strongly depleted
ENST00000460680.6:c.253_255delinsTGA	strongly depleted
ENST00000460680.6:c.256_258delinsTGA	strongly depleted
ENST00000460680.6:c.259_260delinsTG	strongly depleted
ENST00000460680.6:c.262_264delinsTGA	strongly depleted
ENST00000460680.6:c.265_267delinsTGA	strongly depleted
ENST00000460680.6:c.269_270delinsGA	strongly depleted
ENST00000460680.6:c.274_275delinsTG	strongly depleted
ENST00000460680.6:c.277_279delinsTGA	strongly depleted
ENST00000460680.6:c.280_282delinsTGA	strongly depleted
ENST00000460680.6:c.283_285delinsTGA	strongly depleted
ENST00000460680.6:c.287_288delinsGA	strongly depleted
ENST00000460680.6:c.289_291delinsTGA	weakly depleted
ENST00000460680.6:c.292_294delinsTGA	strongly depleted
ENST00000460680.6:c.295_297delinsTGA	strongly depleted
ENST00000460680.6:c.298_300delinsTGA	strongly depleted
ENST00000460680.6:c.301_303delinsTGA	strongly depleted
ENST00000460680.6:c.304_306delinsTGA	strongly depleted
ENST00000460680.6:c.310_312delinsTGA	strongly depleted
ENST00000460680.6:c.313_315delinsTGA	strongly depleted
ENST00000460680.6:c.316_318delinsTGA	strongly depleted
ENST00000460680.6:c.319_321delinsTGA	strongly depleted
ENST00000460680.6:c.322_324delinsTGA	strongly depleted
ENST00000460680.6:c.328_330delinsTGA	strongly depleted
ENST00000460680.6:c.331_333delinsTGA	strongly depleted
ENST00000460680.6:c.334_336delinsTGA	strongly depleted
ENST00000460680.6:c.337_339delinsTGA	strongly depleted
ENST00000460680.6:c.340_342delinsTGA	strongly depleted
ENST00000460680.6:c.343_345delinsTGA	strongly depleted
ENST00000460680.6:c.346_348delinsTGA	strongly depleted
ENST00000460680.6:c.349_351delinsTGA	strongly depleted
ENST00000460680.6:c.353_354delinsGA	strongly depleted
ENST00000460680.6:c.355_357delinsTGA	strongly depleted
ENST00000460680.6:c.358_360delinsTGA	strongly depleted
ENST00000460680.6:c.361_363delinsTGA	strongly depleted
ENST00000460680.6:c.365_366delinsGA	strongly depleted
ENST00000460680.6:c.367_369delinsTGA	strongly depleted
ENST00000460680.6:c.370_372delinsTGA	strongly depleted
ENST00000460680.6:c.373_375delinsTGA	strongly depleted
ENST00000460680.6:c.376_378delinsTGA	strongly depleted
ENST00000460680.6:c.379_380delinsTG	strongly depleted
ENST00000460680.6:c.386_387delinsGA	strongly depleted
ENST00000460680.6:c.388_390delinsTGA	strongly depleted
ENST00000460680.6:c.391_393delinsTGA	strongly depleted
ENST00000460680.6:c.394_396delinsTGA	strongly depleted
ENST00000460680.6:c.397_399delinsTGA	strongly depleted
ENST00000460680.6:c.400_402delinsTGA	strongly depleted
ENST00000460680.6:c.403_405delinsTGA	strongly depleted
ENST00000460680.6:c.406_408delinsTGA	strongly depleted
ENST00000460680.6:c.410_411delinsGA	strongly depleted
ENST00000460680.6:c.412_414delinsTGA	strongly depleted
ENST00000460680.6:c.415_417delinsTGA	strongly depleted
ENST00000460680.6:c.418_420delinsTGA	strongly depleted
ENST00000460680.6:c.421_423delinsTGA	strongly depleted
ENST00000460680.6:c.424_426delinsTGA	strongly depleted
ENST00000460680.6:c.427_429delinsTGA	strongly depleted
ENST00000460680.6:c.430_432delinsTGA	strongly depleted
ENST00000460680.6:c.433_435delinsTGA	strongly depleted
ENST00000460680.6:c.439_441delinsTGA	strongly depleted
ENST00000460680.6:c.442_444delinsTGA	strongly depleted
ENST00000460680.6:c.445_446delinsTG	strongly depleted
ENST00000460680.6:c.448_450delinsTGA	strongly depleted
ENST00000460680.6:c.451_453delinsTGA	strongly depleted
ENST00000460680.6:c.454_456delinsTGA	strongly depleted
ENST00000460680.6:c.457_459delinsTGA	strongly depleted
ENST00000460680.6:c.460_462delinsTGA	strongly depleted
ENST00000460680.6:c.463_465delinsTGA	strongly depleted
ENST00000460680.6:c.466_468delinsTGA	strongly depleted
ENST00000460680.6:c.469_471delinsTGA	strongly depleted
ENST00000460680.6:c.472_474delinsTGA	strongly depleted
ENST00000460680.6:c.475_477delinsTGA	strongly depleted
ENST00000460680.6:c.478_480delinsTGA	strongly depleted
ENST00000460680.6:c.481_482delinsTG	strongly depleted
ENST00000460680.6:c.484_486delinsTGA	strongly depleted
ENST00000460680.6:c.487_489delinsTGA	strongly depleted
ENST00000460680.6:c.490_492delinsTGA	strongly depleted
ENST00000460680.6:c.493_495delinsTGA	strongly depleted
ENST00000460680.6:c.496_498delinsTGA	strongly depleted
ENST00000460680.6:c.499_501delinsTGA	strongly depleted
ENST00000460680.6:c.505_507delinsTGA	strongly depleted
ENST00000460680.6:c.509_510delinsGA	strongly depleted
ENST00000460680.6:c.511_513delinsTGA	strongly depleted
ENST00000460680.6:c.514_516delinsTGA	strongly depleted
ENST00000460680.6:c.518_519delinsGA	strongly depleted
ENST00000460680.6:c.520_522delinsTGA	strongly depleted
ENST00000460680.6:c.523_525delinsTGA	strongly depleted
ENST00000460680.6:c.526_528delinsTGA	strongly depleted
ENST00000460680.6:c.529_530delinsTG	strongly depleted
ENST00000460680.6:c.532_534delinsTGA	strongly depleted
ENST00000460680.6:c.535_537delinsTGA	strongly depleted
ENST00000460680.6:c.538_540delinsTGA	strongly depleted
ENST00000460680.6:c.542_543delinsGA	strongly depleted
ENST00000460680.6:c.544_546delinsTGA	strongly depleted
ENST00000460680.6:c.547_549delinsTGA	strongly depleted
ENST00000460680.6:c.550_552delinsTGA	strongly depleted
ENST00000460680.6:c.553_555delinsTGA	strongly depleted
ENST00000460680.6:c.556_558delinsTGA	strongly depleted
ENST00000460680.6:c.559_561delinsTGA	strongly depleted
ENST00000460680.6:c.562_564delinsTGA	strongly depleted
ENST00000460680.6:c.566_567delinsGA	strongly depleted
ENST00000460680.6:c.568_570delinsTGA	strongly depleted
ENST00000460680.6:c.571_573delinsTGA	strongly depleted
ENST00000460680.6:c.574_576delinsTGA	strongly depleted
ENST00000460680.6:c.577_579delinsTGA	strongly depleted
ENST00000460680.6:c.583_585delinsTGA	strongly depleted
ENST00000460680.6:c.589_591delinsTGA	strongly depleted
ENST00000460680.6:c.592_594delinsTGA	strongly depleted
ENST00000460680.6:c.595_597delinsTGA	strongly depleted
ENST00000460680.6:c.598_600delinsTGA	strongly depleted
ENST00000460680.6:c.601_603delinsTGA	strongly depleted
ENST00000460680.6:c.607_608delinsTG	strongly depleted
ENST00000460680.6:c.610_612delinsTGA	strongly depleted
ENST00000460680.6:c.613_615delinsTGA	strongly depleted
ENST00000460680.6:c.616_618delinsTGA	strongly depleted
ENST00000460680.6:c.619_621delinsTGA	strongly depleted
ENST00000460680.6:c.622_624delinsTGA	strongly depleted
ENST00000460680.6:c.625_627delinsTGA	strongly depleted
ENST00000460680.6:c.628_630delinsTGA	strongly depleted
ENST00000460680.6:c.631_633delinsTGA	strongly depleted
ENST00000460680.6:c.634_636delinsTGA	strongly depleted
ENST00000460680.6:c.637_639delinsTGA	strongly depleted
ENST00000460680.6:c.640_642delinsTGA	strongly depleted
ENST00000460680.6:c.649_651delinsTGA	strongly depleted
ENST00000460680.6:c.652_654delinsTGA	strongly depleted
ENST00000460680.6:c.655_656delinsTG	strongly depleted
ENST00000460680.6:c.661_663delinsTGA	strongly depleted
ENST00000460680.6:c.664_666delinsTGA	strongly depleted
ENST00000460680.6:c.668_669delinsGA	strongly depleted
ENST00000460680.6:c.670_672delinsTGA	strongly depleted
ENST00000460680.6:c.673_675delinsTGA	strongly depleted
ENST00000460680.6:c.676_678delinsTGA	strongly depleted
ENST00000460680.6:c.679_681delinsTGA	strongly depleted
ENST00000460680.6:c.683_684delinsGA	strongly depleted
ENST00000460680.6:c.685_687delinsTGA	strongly depleted
ENST00000460680.6:c.688_690delinsTGA	strongly depleted
ENST00000460680.6:c.691_693delinsTGA	strongly depleted
ENST00000460680.6:c.694_695delinsTG	strongly depleted
ENST00000460680.6:c.697_699delinsTGA	strongly depleted
ENST00000460680.6:c.700_702delinsTGA	strongly depleted
ENST00000460680.6:c.703_705delinsTGA	strongly depleted
ENST00000460680.6:c.706_708delinsTGA	strongly depleted
ENST00000460680.6:c.709_711delinsTGA	strongly depleted
ENST00000460680.6:c.712_714delinsTGA	strongly depleted
ENST00000460680.6:c.715_717delinsTGA	strongly depleted
ENST00000460680.6:c.718_720delinsTGA	strongly depleted
ENST00000460680.6:c.722_723delinsGA	strongly depleted
ENST00000460680.6:c.724_726delinsTGA	strongly depleted
ENST00000460680.6:c.727_729delinsTGA	strongly depleted
ENST00000460680.6:c.730_732delinsTGA	strongly depleted
ENST00000460680.6:c.733_735delinsTGA	strongly depleted
ENST00000460680.6:c.736_738delinsTGA	strongly depleted
ENST00000460680.6:c.739_741delinsTGA	strongly depleted
ENST00000460680.6:c.742_744delinsTGA	strongly depleted
ENST00000460680.6:c.745_747delinsTGA	strongly depleted
ENST00000460680.6:c.748_750delinsTGA	strongly depleted
ENST00000460680.6:c.751_753delinsTGA	strongly depleted
ENST00000460680.6:c.754_756delinsTGA	strongly depleted
ENST00000460680.6:c.757_759delinsTGA	strongly depleted
ENST00000460680.6:c.760_761delinsTG	strongly depleted
ENST00000460680.6:c.763_764delinsTG	strongly depleted
ENST00000460680.6:c.766_767delinsTG	strongly depleted
ENST00000460680.6:c.769_771delinsTGA	strongly depleted
ENST00000460680.6:c.772_774delinsTGA	strongly depleted
ENST00000460680.6:c.775_777delinsTGA	strongly depleted
ENST00000460680.6:c.778_780delinsTGA	strongly depleted
ENST00000460680.6:c.781_783delinsTGA	strongly depleted
ENST00000460680.6:c.784_786delinsTGA	strongly depleted
ENST00000460680.6:c.787_788delinsTG	strongly depleted
ENST00000460680.6:c.793_794delinsTG	strongly depleted
ENST00000460680.6:c.796_797delinsTG	strongly depleted
ENST00000460680.6:c.799_801delinsTGA	strongly depleted
ENST00000460680.6:c.802_803delinsTG	weakly depleted
ENST00000460680.6:c.805_807delinsTGA	weakly depleted
ENST00000460680.6:c.808_810delinsTGA	strongly depleted
ENST00000460680.6:c.811_813delinsTGA	strongly depleted
ENST00000460680.6:c.814_816delinsTGA	strongly depleted
ENST00000460680.6:c.817_819delinsTGA	strongly depleted
ENST00000460680.6:c.820_822delinsTGA	weakly depleted
ENST00000460680.6:c.823_825delinsTGA	strongly depleted
ENST00000460680.6:c.827_828delinsGA	weakly depleted
ENST00000460680.6:c.829_830delinsTG	weakly depleted
ENST00000460680.6:c.832_834delinsTGA	weakly depleted
ENST00000460680.6:c.838_840delinsTGA	strongly depleted
ENST00000460680.6:c.841_843delinsTGA	strongly depleted
ENST00000460680.6:c.844_846delinsTGA	strongly depleted
ENST00000460680.6:c.847_849delinsTGA	weakly depleted
ENST00000460680.6:c.850_852delinsTGA	weakly depleted
ENST00000460680.6:c.854_855delinsGA	weakly depleted
ENST00000460680.6:c.856_858delinsTGA	weakly depleted
ENST00000460680.6:c.862_864delinsTGA	weakly depleted
ENST00000460680.6:c.865_867delinsTGA	strongly depleted
ENST00000460680.6:c.868_870delinsTGA	strongly depleted
ENST00000460680.6:c.871_873delinsTGA	strongly depleted
ENST00000460680.6:c.875_876delinsGA	weakly depleted
ENST00000460680.6:c.877_879delinsTGA	strongly depleted
ENST00000460680.6:c.880_882delinsTGA	strongly depleted
ENST00000460680.6:c.883_885delinsTGA	strongly depleted
ENST00000460680.6:c.886_888delinsTGA	strongly depleted
ENST00000460680.6:c.889_890delinsTG	strongly depleted
ENST00000460680.6:c.892_893delinsTG	strongly depleted
ENST00000460680.6:c.895_897delinsTGA	strongly depleted
ENST00000460680.6:c.898_900delinsTGA	weakly depleted
ENST00000460680.6:c.901_903delinsTGA	strongly depleted
ENST00000460680.6:c.904_906delinsTGA	strongly depleted
ENST00000460680.6:c.907_908delinsTG	weakly depleted
ENST00000460680.6:c.910_912delinsTGA	weakly depleted
ENST00000460680.6:c.914_915delinsGA	weakly depleted
ENST00000460680.6:c.916_918delinsTGA	weakly depleted
ENST00000460680.6:c.919_921delinsTGA	weakly depleted
ENST00000460680.6:c.922_924delinsTGA	strongly depleted
ENST00000460680.6:c.925_927delinsTGA	strongly depleted
ENST00000460680.6:c.928_929delinsTG	weakly depleted
ENST00000460680.6:c.934_936delinsTGA	strongly depleted
ENST00000460680.6:c.937_938delinsTG	strongly depleted
ENST00000460680.6:c.940_942delinsTGA	strongly depleted
ENST00000460680.6:c.943_945delinsTGA	strongly depleted
ENST00000460680.6:c.946_948delinsTGA	strongly depleted
ENST00000460680.6:c.949_951delinsTGA	weakly depleted
ENST00000460680.6:c.952_954delinsTGA	strongly depleted
ENST00000460680.6:c.961_962delinsTG	strongly depleted
ENST00000460680.6:c.964_965delinsTG	strongly depleted
ENST00000460680.6:c.967_969delinsTGA	strongly depleted
ENST00000460680.6:c.970_971delinsTG	strongly depleted
ENST00000460680.6:c.974_975delinsGA	strongly depleted
ENST00000460680.6:c.976_978delinsTGA	strongly depleted
ENST00000460680.6:c.979_981delinsTGA	strongly depleted
ENST00000460680.6:c.982_984delinsTGA	strongly depleted
ENST00000460680.6:c.985_987delinsTGA	strongly depleted
ENST00000460680.6:c.988_990delinsTGA	strongly depleted
ENST00000460680.6:c.991_992delinsTG	strongly depleted
ENST00000460680.6:c.994_996delinsTGA	strongly depleted
ENST00000460680.6:c.997_999delinsTGA	strongly depleted
ENST00000460680.6:c.1000_1001delinsTG	strongly depleted
ENST00000460680.6:c.1003_1005delinsTGA	strongly depleted
ENST00000460680.6:c.1006_1008delinsTGA	strongly depleted
ENST00000460680.6:c.1009_1011delinsTGA	strongly depleted
ENST00000460680.6:c.1012_1014delinsTGA	strongly depleted
ENST00000460680.6:c.1015_1016delinsTG	strongly depleted
ENST00000460680.6:c.1018_1020delinsTGA	strongly depleted
ENST00000460680.6:c.1021_1023delinsTGA	strongly depleted
ENST00000460680.6:c.1024_1026delinsTGA	strongly depleted
ENST00000460680.6:c.1027_1029delinsTGA	strongly depleted
ENST00000460680.6:c.1030_1032delinsTGA	strongly depleted
ENST00000460680.6:c.1033_1035delinsTGA	strongly depleted
ENST00000460680.6:c.1036_1038delinsTGA	strongly depleted
ENST00000460680.6:c.1039_1041delinsTGA	strongly depleted
ENST00000460680.6:c.1042_1044delinsTGA	strongly depleted
ENST00000460680.6:c.1045_1047delinsTGA	strongly depleted
ENST00000460680.6:c.1048_1050delinsTGA	strongly depleted
ENST00000460680.6:c.1051_1053delinsTGA	strongly depleted
ENST00000460680.6:c.1054_1056delinsTGA	strongly depleted
ENST00000460680.6:c.1057_1059delinsTGA	strongly depleted
ENST00000460680.6:c.1060_1062delinsTGA	strongly depleted
ENST00000460680.6:c.1063_1065delinsTGA	strongly depleted
ENST00000460680.6:c.1066_1068delinsTGA	strongly depleted
ENST00000460680.6:c.1069_1071delinsTGA	strongly depleted
ENST00000460680.6:c.1072_1074delinsTGA	strongly depleted
ENST00000460680.6:c.1075_1077delinsTGA	strongly depleted
ENST00000460680.6:c.1079_1080delinsGA	strongly depleted
ENST00000460680.6:c.1081_1082delinsTG	strongly depleted
ENST00000460680.6:c.1084_1086delinsTGA	strongly depleted
ENST00000460680.6:c.1087_1089delinsTGA	strongly depleted
ENST00000460680.6:c.1090_1092delinsTGA	strongly depleted
ENST00000460680.6:c.1093_1095delinsTGA	strongly depleted
ENST00000460680.6:c.1097_1098delinsGA	strongly depleted
ENST00000460680.6:c.1099_1101delinsTGA	strongly depleted
ENST00000460680.6:c.1102_1104delinsTGA	strongly depleted
ENST00000460680.6:c.1106_1107delinsGA	strongly depleted
ENST00000460680.6:c.1108_1110delinsTGA	strongly depleted
ENST00000460680.6:c.1111_1113delinsTGA	strongly depleted
ENST00000460680.6:c.1114_1116delinsTGA	strongly depleted
ENST00000460680.6:c.1117_1119delinsTGA	strongly depleted
ENST00000460680.6:c.1120_1121delinsTG	strongly depleted
ENST00000460680.6:c.1123_1124delinsTG	strongly depleted
ENST00000460680.6:c.1126_1128delinsTGA	strongly depleted
ENST00000460680.6:c.1129_1131delinsTGA	strongly depleted
ENST00000460680.6:c.1132_1134delinsTGA	strongly depleted
ENST00000460680.6:c.1135_1136delinsTG	strongly depleted
ENST00000460680.6:c.1138_1140delinsTGA	strongly depleted
ENST00000460680.6:c.1141_1143delinsTGA	strongly depleted
ENST00000460680.6:c.1144_1146delinsTGA	strongly depleted
ENST00000460680.6:c.1147_1149delinsTGA	strongly depleted
ENST00000460680.6:c.1150_1152delinsTGA	strongly depleted
ENST00000460680.6:c.1156_1158delinsTGA	strongly depleted
ENST00000460680.6:c.1159_1160delinsTG	strongly depleted
ENST00000460680.6:c.1162_1164delinsTGA	strongly depleted
ENST00000460680.6:c.1165_1167delinsTGA	strongly depleted
ENST00000460680.6:c.1168_1169delinsTG	strongly depleted
ENST00000460680.6:c.1171_1173delinsTGA	strongly depleted
ENST00000460680.6:c.1174_1176delinsTGA	strongly depleted
ENST00000460680.6:c.1177_1179delinsTGA	strongly depleted
ENST00000460680.6:c.1181_1182delinsGA	strongly depleted
ENST00000460680.6:c.1186_1188delinsTGA	strongly depleted
ENST00000460680.6:c.1189_1191delinsTGA	strongly depleted
ENST00000460680.6:c.1192_1194delinsTGA	strongly depleted
ENST00000460680.6:c.1195_1197delinsTGA	strongly depleted
ENST00000460680.6:c.1198_1200delinsTGA	strongly depleted
ENST00000460680.6:c.1202_1203delinsGA	strongly depleted
ENST00000460680.6:c.1204_1206delinsTGA	strongly depleted
ENST00000460680.6:c.1207_1209delinsTGA	strongly depleted
ENST00000460680.6:c.1210_1212delinsTGA	strongly depleted
ENST00000460680.6:c.1213_1215delinsTGA	strongly depleted
ENST00000460680.6:c.1216_1218delinsTGA	strongly depleted
ENST00000460680.6:c.1219_1221delinsTGA	strongly depleted
ENST00000460680.6:c.1222_1224delinsTGA	strongly depleted
ENST00000460680.6:c.1225_1227delinsTGA	strongly depleted
ENST00000460680.6:c.1228_1230delinsTGA	strongly depleted
ENST00000460680.6:c.1231_1233delinsTGA	strongly depleted
ENST00000460680.6:c.1234_1236delinsTGA	strongly depleted
ENST00000460680.6:c.1237_1239delinsTGA	strongly depleted
ENST00000460680.6:c.1241_1242delinsGA	strongly depleted
ENST00000460680.6:c.1243_1245delinsTGA	strongly depleted
ENST00000460680.6:c.1246_1248delinsTGA	strongly depleted
ENST00000460680.6:c.1253_1254delinsGA	strongly depleted
ENST00000460680.6:c.1255_1257delinsTGA	strongly depleted
ENST00000460680.6:c.1258_1260delinsTGA	strongly depleted
ENST00000460680.6:c.1261_1263delinsTGA	strongly depleted
ENST00000460680.6:c.1267_1268delinsTG	strongly depleted
ENST00000460680.6:c.1270_1272delinsTGA	strongly depleted
ENST00000460680.6:c.1273_1275delinsTGA	strongly depleted
ENST00000460680.6:c.1276_1277delinsTG	strongly depleted
ENST00000460680.6:c.1279_1281delinsTGA	strongly depleted
ENST00000460680.6:c.1282_1283delinsTG	strongly depleted
ENST00000460680.6:c.1286_1287delinsGA	strongly depleted
ENST00000460680.6:c.1288_1290delinsTGA	strongly depleted
ENST00000460680.6:c.1291_1293delinsTGA	strongly depleted
ENST00000460680.6:c.1295_1296delinsGA	strongly depleted
ENST00000460680.6:c.1297_1299delinsTGA	strongly depleted
ENST00000460680.6:c.1300_1302delinsTGA	strongly depleted
ENST00000460680.6:c.1303_1305delinsTGA	strongly depleted
ENST00000460680.6:c.1306_1307delinsTG	strongly depleted
ENST00000460680.6:c.1309_1311delinsTGA	strongly depleted
ENST00000460680.6:c.1315_1317delinsTGA	strongly depleted
ENST00000460680.6:c.1318_1320delinsTGA	strongly depleted
ENST00000460680.6:c.1321_1323delinsTGA	strongly depleted
ENST00000460680.6:c.1330_1332delinsTGA	strongly depleted
ENST00000460680.6:c.1333_1335delinsTGA	strongly depleted
ENST00000460680.6:c.1336_1338delinsTGA	strongly depleted
ENST00000460680.6:c.1339_1341delinsTGA	strongly depleted
ENST00000460680.6:c.1343_1344delinsGA	strongly depleted
ENST00000460680.6:c.1345_1347delinsTGA	strongly depleted
ENST00000460680.6:c.1348_1350delinsTGA	strongly depleted
ENST00000460680.6:c.1351_1353delinsTGA	strongly depleted
ENST00000460680.6:c.1354_1356delinsTGA	strongly depleted
ENST00000460680.6:c.1357_1358delinsTG	strongly depleted
ENST00000460680.6:c.1360_1362delinsTGA	strongly depleted
ENST00000460680.6:c.1364_1365delinsGA	strongly depleted
ENST00000460680.6:c.1366_1368delinsTGA	weakly depleted
ENST00000460680.6:c.1369_1371delinsTGA	weakly depleted
ENST00000460680.6:c.1372_1374delinsTGA	weakly depleted
ENST00000460680.6:c.1375_1377delinsTGA	weakly depleted
ENST00000460680.6:c.1381_1383delinsTGA	weakly depleted
ENST00000460680.6:c.1384_1386delinsTGA	strongly depleted
ENST00000460680.6:c.1387_1389delinsTGA	strongly depleted
ENST00000460680.6:c.1391_1392delinsGA	strongly depleted
ENST00000460680.6:c.1393_1395delinsTGA	strongly depleted
ENST00000460680.6:c.1396_1398delinsTGA	weakly depleted
ENST00000460680.6:c.1399_1401delinsTGA	strongly depleted
ENST00000460680.6:c.1402_1404delinsTGA	strongly depleted
ENST00000460680.6:c.1405_1407delinsTGA	strongly depleted
ENST00000460680.6:c.1408_1410delinsTGA	strongly depleted
ENST00000460680.6:c.1411_1413delinsTGA	strongly depleted
ENST00000460680.6:c.1414_1416delinsTGA	strongly depleted
ENST00000460680.6:c.1417_1419delinsTGA	strongly depleted
ENST00000460680.6:c.1420_1422delinsTGA	strongly depleted
ENST00000460680.6:c.1423_1425delinsTGA	strongly depleted
ENST00000460680.6:c.1426_1428delinsTGA	strongly depleted
ENST00000460680.6:c.1429_1430delinsTG	strongly depleted
ENST00000460680.6:c.1432_1434delinsTGA	strongly depleted
ENST00000460680.6:c.1435_1437delinsTGA	strongly depleted
ENST00000460680.6:c.1438_1439delinsTG	weakly depleted
ENST00000460680.6:c.1441_1443delinsTGA	weakly depleted
ENST00000460680.6:c.1445_1446delinsGA	unchanged
ENST00000460680.6:c.1447_1449delinsTGA	weakly depleted
ENST00000460680.6:c.1450_1452delinsTGA	strongly depleted
ENST00000460680.6:c.1456_1458delinsTGA	strongly depleted
ENST00000460680.6:c.1459_1461delinsTGA	strongly depleted
ENST00000460680.6:c.1462_1464delinsTGA	strongly depleted
ENST00000460680.6:c.1465_1467delinsTGA	strongly depleted
ENST00000460680.6:c.1468_1470delinsTGA	strongly depleted
ENST00000460680.6:c.1471_1473delinsTGA	strongly depleted
ENST00000460680.6:c.1474_1476delinsTGA	strongly depleted
ENST00000460680.6:c.1477_1478delinsTG	strongly depleted
ENST00000460680.6:c.1480_1482delinsTGA	strongly depleted
ENST00000460680.6:c.1483_1485delinsTGA	strongly depleted
ENST00000460680.6:c.1486_1488delinsTGA	strongly depleted
ENST00000460680.6:c.1490_1491delinsGA	strongly depleted
ENST00000460680.6:c.1492_1494delinsTGA	weakly depleted
ENST00000460680.6:c.1495_1497delinsTGA	strongly depleted
ENST00000460680.6:c.1498_1500delinsTGA	strongly depleted
ENST00000460680.6:c.1501_1503delinsTGA	strongly depleted
ENST00000460680.6:c.1504_1506delinsTGA	strongly depleted
ENST00000460680.6:c.1508_1509delinsGA	strongly depleted
ENST00000460680.6:c.1510_1512delinsTGA	strongly depleted
ENST00000460680.6:c.1514_1515delinsGA	strongly depleted
ENST00000460680.6:c.1516_1517delinsTG	strongly depleted
ENST00000460680.6:c.1519_1521delinsTGA	strongly depleted
ENST00000460680.6:c.1522_1524delinsTGA	strongly depleted
ENST00000460680.6:c.1526_1527delinsGA	strongly depleted
ENST00000460680.6:c.1528_1530delinsTGA	strongly depleted
ENST00000460680.6:c.1531_1533delinsTGA	strongly depleted
ENST00000460680.6:c.1534_1536delinsTGA	strongly depleted
ENST00000460680.6:c.1540_1542delinsTGA	strongly depleted
ENST00000460680.6:c.1543_1545delinsTGA	strongly depleted
ENST00000460680.6:c.1546_1548delinsTGA	strongly depleted
ENST00000460680.6:c.1549_1551delinsTGA	strongly depleted
ENST00000460680.6:c.1552_1554delinsTGA	strongly depleted
ENST00000460680.6:c.1555_1557delinsTGA	strongly depleted
ENST00000460680.6:c.1559_1560delinsGA	strongly depleted
ENST00000460680.6:c.1561_1563delinsTGA	strongly depleted
ENST00000460680.6:c.1564_1566delinsTGA	strongly depleted
ENST00000460680.6:c.1567_1569delinsTGA	strongly depleted
ENST00000460680.6:c.1570_1572delinsTGA	strongly depleted
ENST00000460680.6:c.1574_1575delinsGA	strongly depleted
ENST00000460680.6:c.1576_1578delinsTGA	strongly depleted
ENST00000460680.6:c.1579_1581delinsTGA	strongly depleted
ENST00000460680.6:c.1583_1584delinsGA	strongly depleted
ENST00000460680.6:c.1585_1587delinsTGA	strongly depleted
ENST00000460680.6:c.1588_1590delinsTGA	strongly depleted
ENST00000460680.6:c.1591_1593delinsTGA	strongly depleted
ENST00000460680.6:c.1595_1596delinsGA	strongly depleted
ENST00000460680.6:c.1600_1602delinsTGA	strongly depleted
ENST00000460680.6:c.1603_1605delinsTGA	strongly depleted
ENST00000460680.6:c.1606_1608delinsTGA	strongly depleted
ENST00000460680.6:c.1609_1611delinsTGA	strongly depleted
ENST00000460680.6:c.1612_1614delinsTGA	strongly depleted
ENST00000460680.6:c.1615_1617delinsTGA	strongly depleted
ENST00000460680.6:c.1618_1620delinsTGA	strongly depleted
ENST00000460680.6:c.1621_1623delinsTGA	strongly depleted
ENST00000460680.6:c.1624_1626delinsTGA	strongly depleted
ENST00000460680.6:c.1630_1631delinsTG	strongly depleted
ENST00000460680.6:c.1633_1635delinsTGA	strongly depleted
ENST00000460680.6:c.1637_1638delinsGA	strongly depleted
ENST00000460680.6:c.1639_1641delinsTGA	strongly depleted
ENST00000460680.6:c.1642_1644delinsTGA	strongly depleted
ENST00000460680.6:c.1645_1647delinsTGA	strongly depleted
ENST00000460680.6:c.1648_1650delinsTGA	strongly depleted
ENST00000460680.6:c.1651_1653delinsTGA	strongly depleted
ENST00000460680.6:c.1654_1656delinsTGA	strongly depleted
ENST00000460680.6:c.1657_1659delinsTGA	strongly depleted
ENST00000460680.6:c.1660_1662delinsTGA	strongly depleted
ENST00000460680.6:c.1663_1665delinsTGA	strongly depleted
ENST00000460680.6:c.1666_1668delinsTGA	strongly depleted
ENST00000460680.6:c.1669_1671delinsTGA	strongly depleted
ENST00000460680.6:c.1672_1674delinsTGA	strongly depleted
ENST00000460680.6:c.1675_1676delinsTG	strongly depleted
ENST00000460680.6:c.1678_1680delinsTGA	strongly depleted
ENST00000460680.6:c.1681_1683delinsTGA	strongly depleted
ENST00000460680.6:c.1684_1686delinsTGA	strongly depleted
ENST00000460680.6:c.1687_1689delinsTGA	strongly depleted
ENST00000460680.6:c.1690_1692delinsTGA	strongly depleted
ENST00000460680.6:c.1693_1695delinsTGA	strongly depleted
ENST00000460680.6:c.1696_1698delinsTGA	strongly depleted
ENST00000460680.6:c.1699_1701delinsTGA	strongly depleted
ENST00000460680.6:c.1702_1704delinsTGA	strongly depleted
ENST00000460680.6:c.1705_1707delinsTGA	strongly depleted
ENST00000460680.6:c.1708_1710delinsTGA	strongly depleted
ENST00000460680.6:c.1711_1713delinsTGA	strongly depleted
ENST00000460680.6:c.1714_1716delinsTGA	strongly depleted
ENST00000460680.6:c.1717_1719delinsTGA	strongly depleted
ENST00000460680.6:c.1720_1722delinsTGA	strongly depleted
ENST00000460680.6:c.1723_1725delinsTGA	strongly depleted
ENST00000460680.6:c.1726_1727delinsTG	strongly depleted
ENST00000460680.6:c.1732_1734delinsTGA	weakly depleted
ENST00000460680.6:c.1735_1737delinsTGA	weakly depleted
ENST00000460680.6:c.1738_1740delinsTGA	weakly depleted
ENST00000460680.6:c.1741_1743delinsTGA	weakly depleted
ENST00000460680.6:c.1745_1746delinsGA	weakly depleted
ENST00000460680.6:c.1748_1749delinsGA	weakly depleted
ENST00000460680.6:c.1750_1752delinsTGA	weakly depleted
ENST00000460680.6:c.1754_1755delinsGA	weakly depleted
ENST00000460680.6:c.1756_1758delinsTGA	weakly depleted
ENST00000460680.6:c.1762_1763delinsTG	weakly depleted
ENST00000460680.6:c.1765_1767delinsTGA	weakly depleted
ENST00000460680.6:c.1768_1769delinsTG	weakly depleted
ENST00000460680.6:c.1771_1773delinsTGA	weakly depleted
ENST00000460680.6:c.1774_1776delinsTGA	weakly depleted
ENST00000460680.6:c.1777_1779delinsTGA	weakly depleted
ENST00000460680.6:c.1780_1782delinsTGA	weakly depleted
ENST00000460680.6:c.1784_1785delinsGA	weakly depleted
ENST00000460680.6:c.1786_1788delinsTGA	weakly depleted
ENST00000460680.6:c.1789_1791delinsTGA	weakly depleted
ENST00000460680.6:c.1792_1793delinsTG	weakly depleted
ENST00000460680.6:c.1795_1797delinsTGA	weakly depleted
ENST00000460680.6:c.1798_1800delinsTGA	weakly depleted
ENST00000460680.6:c.1801_1803delinsTGA	weakly depleted
ENST00000460680.6:c.1804_1806delinsTGA	weakly depleted
ENST00000460680.6:c.1807_1809delinsTGA	weakly depleted
ENST00000460680.6:c.1810_1812delinsTGA	weakly depleted
ENST00000460680.6:c.1813_1814delinsTG	weakly depleted
ENST00000460680.6:c.1816_1818delinsTGA	weakly depleted
ENST00000460680.6:c.1819_1821delinsTGA	weakly depleted
ENST00000460680.6:c.1822_1824delinsTGA	weakly depleted
ENST00000460680.6:c.1825_1827delinsTGA	weakly depleted
ENST00000460680.6:c.1831_1833delinsTGA	weakly depleted
ENST00000460680.6:c.1834_1836delinsTGA	weakly depleted
ENST00000460680.6:c.1837_1839delinsTGA	weakly depleted
ENST00000460680.6:c.1840_1842delinsTGA	weakly depleted
ENST00000460680.6:c.1843_1845delinsTGA	weakly depleted
ENST00000460680.6:c.1846_1848delinsTGA	weakly depleted
ENST00000460680.6:c.1849_1851delinsTGA	weakly depleted
ENST00000460680.6:c.1852_1854delinsTGA	weakly depleted
ENST00000460680.6:c.1855_1857delinsTGA	weakly depleted
ENST00000460680.6:c.1858_1860delinsTGA	weakly depleted
ENST00000460680.6:c.1861_1863delinsTGA	weakly depleted
ENST00000460680.6:c.1865_1866delinsGA	weakly depleted
ENST00000460680.6:c.1867_1869delinsTGA	weakly depleted
ENST00000460680.6:c.1870_1872delinsTGA	weakly depleted
ENST00000460680.6:c.1873_1875delinsTGA	weakly depleted
ENST00000460680.6:c.1876_1877delinsTG	weakly depleted
ENST00000460680.6:c.1880_1881delinsGA	weakly depleted
ENST00000460680.6:c.1885_1887delinsTGA	weakly depleted
ENST00000460680.6:c.1888_1890delinsTGA	unchanged
ENST00000460680.6:c.1891_1893delinsTGA	weakly depleted
ENST00000460680.6:c.1894_1896delinsTGA	weakly depleted
ENST00000460680.6:c.1897_1899delinsTGA	weakly depleted
ENST00000460680.6:c.1900_1901delinsTG	weakly depleted
ENST00000460680.6:c.1903_1905delinsTGA	weakly depleted
ENST00000460680.6:c.1906_1908delinsTGA	weakly depleted
ENST00000460680.6:c.1909_1911delinsTGA	weakly depleted
ENST00000460680.6:c.1915_1917delinsTGA	weakly depleted
ENST00000460680.6:c.1918_1920delinsTGA	strongly depleted
ENST00000460680.6:c.1921_1923delinsTGA	strongly depleted
ENST00000460680.6:c.1924_1926delinsTGA	strongly depleted
ENST00000460680.6:c.1927_1929delinsTGA	weakly depleted
ENST00000460680.6:c.1930_1931delinsTG	weakly depleted
ENST00000460680.6:c.1933_1935delinsTGA	weakly depleted
ENST00000460680.6:c.1937_1938delinsGA	strongly depleted
ENST00000460680.6:c.1939_1941delinsTGA	strongly depleted
ENST00000460680.6:c.1942_1944delinsTGA	strongly depleted
ENST00000460680.6:c.1948_1950delinsTGA	strongly depleted
ENST00000460680.6:c.1951_1953delinsTGA	strongly depleted
ENST00000460680.6:c.1954_1956delinsTGA	strongly depleted
ENST00000460680.6:c.1957_1959delinsTGA	strongly depleted
ENST00000460680.6:c.1960_1961delinsTG	strongly depleted
ENST00000460680.6:c.1963_1965delinsTGA	strongly depleted
ENST00000460680.6:c.1966_1968delinsTGA	strongly depleted
ENST00000460680.6:c.1969_1971delinsTGA	strongly depleted
ENST00000460680.6:c.1972_1974delinsTGA	strongly depleted
ENST00000460680.6:c.1975_1977delinsTGA	strongly depleted
ENST00000460680.6:c.1979_1980delinsGA	strongly depleted
ENST00000460680.6:c.1981_1983delinsTGA	strongly depleted
ENST00000460680.6:c.1984_1986delinsTGA	strongly depleted
ENST00000460680.6:c.1987_1989delinsTGA	strongly depleted
ENST00000460680.6:c.1990_1992delinsTGA	strongly depleted
ENST00000460680.6:c.1993_1995delinsTGA	strongly depleted
ENST00000460680.6:c.1999_2001delinsTGA	strongly depleted
ENST00000460680.6:c.2002_2004delinsTGA	weakly depleted
ENST00000460680.6:c.2005_2007delinsTGA	weakly depleted
ENST00000460680.6:c.2008_2010delinsTGA	strongly depleted
ENST00000460680.6:c.2012_2013delinsGA	strongly depleted
ENST00000460680.6:c.2014_2016delinsTGA	strongly depleted
ENST00000460680.6:c.2017_2019delinsTGA	strongly depleted
ENST00000460680.6:c.2021_2022delinsGA	strongly depleted
ENST00000460680.6:c.2023_2025delinsTGA	strongly depleted
ENST00000460680.6:c.2029_2031delinsTGA	weakly depleted
ENST00000460680.6:c.2033_2034delinsGA	strongly depleted
ENST00000460680.6:c.2035_2037delinsTGA	strongly depleted
ENST00000460680.6:c.2039_2040delinsGA	strongly depleted
ENST00000460680.6:c.2041_2043delinsTGA	strongly depleted
ENST00000460680.6:c.2044_2046delinsTGA	strongly depleted
ENST00000460680.6:c.2047_2049delinsTGA	strongly depleted
ENST00000460680.6:c.2050_2052delinsTGA	strongly depleted
ENST00000460680.6:c.2053_2054delinsTG	strongly depleted
ENST00000460680.6:c.2059_2061delinsTGA	weakly depleted
ENST00000460680.6:c.2062_2064delinsTGA	weakly depleted
ENST00000460680.6:c.2065_2067delinsTGA	weakly depleted
ENST00000460680.6:c.2068_2070delinsTGA	weakly depleted
ENST00000460680.6:c.2071_2072delinsTG	weakly depleted
ENST00000460680.6:c.2074_2076delinsTGA	weakly depleted
ENST00000460680.6:c.2077_2079delinsTGA	weakly depleted
ENST00000460680.6:c.2080_2082delinsTGA	weakly depleted
ENST00000460680.6:c.2083_2085delinsTGA	weakly depleted
ENST00000460680.6:c.2086_2088delinsTGA	weakly depleted
ENST00000460680.6:c.2090_2091delinsGA	weakly depleted
ENST00000460680.6:c.2092_2094delinsTGA	weakly depleted
ENST00000460680.6:c.2095_2097delinsTGA	weakly depleted
ENST00000460680.6:c.2098_2100delinsTGA	weakly depleted
ENST00000460680.6:c.2101_2103delinsTGA	weakly depleted
ENST00000460680.6:c.2104_2105delinsTG	weakly depleted
ENST00000460680.6:c.2107_2109delinsTGA	weakly depleted
ENST00000460680.6:c.2110_2112delinsTGA	strongly depleted
ENST00000460680.6:c.2113_2115delinsTGA	strongly depleted
ENST00000460680.6:c.2116_2118delinsTGA	weakly depleted
ENST00000460680.6:c.2119_2121delinsTGA	weakly depleted
ENST00000460680.6:c.2122_2124delinsTGA	strongly depleted
ENST00000460680.6:c.2125_2127delinsTGA	strongly depleted
ENST00000460680.6:c.2128_2130delinsTGA	weakly depleted
ENST00000460680.6:c.2131_2133delinsTGA	strongly depleted
ENST00000460680.6:c.2134_2136delinsTGA	weakly depleted
ENST00000460680.6:c.2137_2139delinsTGA	weakly depleted
ENST00000460680.6:c.2140_2142delinsTGA	weakly depleted
ENST00000460680.6:c.2143_2145delinsTGA	weakly depleted
ENST00000460680.6:c.2146_2148delinsTGA	weakly depleted
ENST00000460680.6:c.2149_2151delinsTGA	weakly depleted
ENST00000460680.6:c.2152_2154delinsTGA	weakly depleted
ENST00000460680.6:c.2155_2156delinsTG	weakly depleted
ENST00000460680.6:c.2158_2160delinsTGA	weakly depleted
ENST00000460680.6:c.2162_2163delinsGA	weakly depleted
ENST00000460680.6:c.2164_2166delinsTGA	weakly depleted
ENST00000460680.6:c.2167_2169delinsTGA	unchanged
ENST00000460680.6:c.2171_2172delinsGA	unchanged
ENST00000460680.6:c.2173_2175delinsTGA	unchanged
ENST00000460680.6:c.2176_2178delinsTGA	unchanged
ENST00000460680.6:c.2179_2181delinsTGA	unchanged
ENST00000460680.6:c.2182_2184delinsTGA	unchanged
ENST00000460680.6:c.2185_2187delinsTGA	unchanged
ENST00000460680.6:c.1_3delinsGCC	strongly depleted
ENST00000460680.6:c.4_6delinsGCC	unchanged
ENST00000460680.6:c.7_9delinsGCC	unchanged
ENST00000460680.6:c.13_15delinsGCC	weakly depleted
ENST00000460680.6:c.16_18delinsGCC	unchanged
ENST00000460680.6:c.20_21delinsCC	unchanged
ENST00000460680.6:c.22_24delinsGCC	unchanged
ENST00000460680.6:c.26_27delinsCC	weakly depleted
ENST00000460680.6:c.28_29delinsGC	weakly depleted
ENST00000460680.6:c.34_36delinsGCC	weakly depleted
ENST00000460680.6:c.43_44delinsGC	weakly depleted
ENST00000460680.6:c.49_51delinsGCC	unchanged
ENST00000460680.6:c.52_53delinsGC	weakly depleted
ENST00000460680.6:c.56_57delinsCC	enriched
ENST00000460680.6:c.59_60delinsCC	unchanged
ENST00000460680.6:c.62_63delinsCC	unchanged
ENST00000460680.6:c.64_65delinsGC	weakly depleted
ENST00000460680.6:c.73_75delinsGCC	unchanged
ENST00000460680.6:c.77_78delinsCC	unchanged
ENST00000460680.6:c.80_81delinsCC	unchanged
ENST00000460680.6:c.86_87delinsCC	unchanged
ENST00000460680.6:c.92_93delinsCC	strongly depleted
ENST00000460680.6:c.94_95delinsGC	weakly depleted
ENST00000460680.6:c.97_98delinsGC	weakly depleted
ENST00000460680.6:c.103_105delinsGCC	unchanged
ENST00000460680.6:c.106_108delinsGCC	unchanged
ENST00000460680.6:c.109_110delinsGC	unchanged
ENST00000460680.6:c.112_114delinsGCC	unchanged
ENST00000460680.6:c.115_117delinsGCC	unchanged
ENST00000460680.6:c.118_120delinsGCC	unchanged
ENST00000460680.6:c.124_126delinsGCC	enriched
ENST00000460680.6:c.128_129delinsCC	unchanged
ENST00000460680.6:c.130_132delinsGCC	weakly depleted
ENST00000460680.6:c.134_135delinsCC	weakly depleted
ENST00000460680.6:c.136_138delinsGCC	weakly depleted
ENST00000460680.6:c.139_140delinsGC	weakly depleted
ENST00000460680.6:c.142_143delinsGC	weakly depleted
ENST00000460680.6:c.145_147delinsGCC	weakly depleted
ENST00000460680.6:c.148_149delinsGC	unchanged
ENST00000460680.6:c.151_153delinsGCC	weakly depleted
ENST00000460680.6:c.154_156delinsGCC	weakly depleted
ENST00000460680.6:c.157_158delinsGC	weakly depleted
ENST00000460680.6:c.161_162delinsCC	unchanged
ENST00000460680.6:c.164_165delinsCC	unchanged
ENST00000460680.6:c.166_167delinsGC	weakly depleted
ENST00000460680.6:c.169_171delinsGCC	weakly depleted
ENST00000460680.6:c.175_177delinsGCC	weakly depleted
ENST00000460680.6:c.178_180delinsGCC	unchanged
ENST00000460680.6:c.181_183delinsGCC	unchanged
ENST00000460680.6:c.187_189delinsGCC	unchanged
ENST00000460680.6:c.193_195delinsGCC	weakly depleted
ENST00000460680.6:c.197_198delinsCC	unchanged
ENST00000460680.6:c.200_201delinsCC	unchanged
ENST00000460680.6:c.203_204delinsCC	unchanged
ENST00000460680.6:c.205_207delinsGCC	unchanged
ENST00000460680.6:c.212_213delinsCC	weakly depleted
ENST00000460680.6:c.214_216delinsGCC	unchanged
ENST00000460680.6:c.218_219delinsCC	unchanged
ENST00000460680.6:c.221_222delinsCC	unchanged
ENST00000460680.6:c.224_225delinsCC	unchanged
ENST00000460680.6:c.226_228delinsGCC	unchanged
ENST00000460680.6:c.230_231delinsCC	unchanged
ENST00000460680.6:c.232_234delinsGCC	unchanged
ENST00000460680.6:c.235_236delinsGC	unchanged
ENST00000460680.6:c.238_240delinsGCC	weakly depleted
ENST00000460680.6:c.241_242delinsGC	weakly depleted
ENST00000460680.6:c.244_246delinsGCC	weakly depleted
ENST00000460680.6:c.250_251delinsGC	unchanged
ENST00000460680.6:c.253_255delinsGCC	strongly depleted
ENST00000460680.6:c.256_258delinsGCC	unchanged
ENST00000460680.6:c.259_261delinsGCC	unchanged
ENST00000460680.6:c.265_266delinsGC	weakly depleted
ENST00000460680.6:c.268_270delinsGCC	unchanged
ENST00000460680.6:c.271_273delinsGCC	strongly depleted
ENST00000460680.6:c.277_279delinsGCC	strongly depleted
ENST00000460680.6:c.280_282delinsGCC	unchanged
ENST00000460680.6:c.286_288delinsGCC	enriched
ENST00000460680.6:c.289_291delinsGCC	unchanged
ENST00000460680.6:c.292_293delinsGC	weakly depleted
ENST00000460680.6:c.296_297delinsCC	weakly depleted
ENST00000460680.6:c.298_299delinsGC	weakly depleted
ENST00000460680.6:c.301_303delinsGCC	weakly depleted
ENST00000460680.6:c.304_305delinsGC	strongly depleted
ENST00000460680.6:c.307_308delinsGC	weakly depleted
ENST00000460680.6:c.310_311delinsGC	unchanged
ENST00000460680.6:c.313_314delinsGC	unchanged
ENST00000460680.6:c.317_318delinsCC	unchanged
ENST00000460680.6:c.322_324delinsGCC	unchanged
ENST00000460680.6:c.326_327delinsCC	weakly depleted
ENST00000460680.6:c.334_336delinsGCC	weakly depleted
ENST00000460680.6:c.337_339delinsGCC	unchanged
ENST00000460680.6:c.340_341delinsGC	unchanged
ENST00000460680.6:c.343_345delinsGCC	weakly depleted
ENST00000460680.6:c.346_348delinsGCC	unchanged
ENST00000460680.6:c.352_353delinsGC	unchanged
ENST00000460680.6:c.358_360delinsGCC	unchanged
ENST00000460680.6:c.362_363delinsCC	unchanged
ENST00000460680.6:c.364_365delinsGC	unchanged
ENST00000460680.6:c.367_368delinsGC	unchanged
ENST00000460680.6:c.370_372delinsGCC	unchanged
ENST00000460680.6:c.374_375delinsCC	strongly depleted
ENST00000460680.6:c.376_377delinsGC	weakly depleted
ENST00000460680.6:c.379_381delinsGCC	weakly depleted
ENST00000460680.6:c.383_384delinsCC	unchanged
ENST00000460680.6:c.385_387delinsGCC	unchanged
ENST00000460680.6:c.391_393delinsGCC	unchanged
ENST00000460680.6:c.397_399delinsGCC	unchanged
ENST00000460680.6:c.403_405delinsGCC	unchanged
ENST00000460680.6:c.407_408delinsCC	unchanged
ENST00000460680.6:c.409_411delinsGCC	unchanged
ENST00000460680.6:c.415_417delinsGCC	unchanged
ENST00000460680.6:c.421_423delinsGCC	unchanged
ENST00000460680.6:c.424_426delinsGCC	unchanged
ENST00000460680.6:c.427_428delinsGC	enriched
ENST00000460680.6:c.430_432delinsGCC	unchanged
ENST00000460680.6:c.443_444delinsCC	weakly depleted
ENST00000460680.6:c.445_447delinsGCC	weakly depleted
ENST00000460680.6:c.448_449delinsGC	unchanged
ENST00000460680.6:c.451_452delinsGC	unchanged
ENST00000460680.6:c.454_455delinsGC	unchanged
ENST00000460680.6:c.457_459delinsGCC	unchanged
ENST00000460680.6:c.461_462delinsCC	unchanged
ENST00000460680.6:c.463_465delinsGCC	weakly depleted
ENST00000460680.6:c.466_468delinsGCC	weakly depleted
ENST00000460680.6:c.469_471delinsGCC	enriched
ENST00000460680.6:c.475_477delinsGCC	unchanged
ENST00000460680.6:c.478_480delinsGCC	unchanged
ENST00000460680.6:c.485_486delinsCC	unchanged
ENST00000460680.6:c.487_489delinsGCC	weakly depleted
ENST00000460680.6:c.493_495delinsGCC	unchanged
ENST00000460680.6:c.497_498delinsCC	weakly depleted
ENST00000460680.6:c.502_503delinsGC	strongly depleted
ENST00000460680.6:c.505_506delinsGC	strongly depleted
ENST00000460680.6:c.508_510delinsGCC	strongly depleted
ENST00000460680.6:c.514_515delinsGC	enriched
ENST00000460680.6:c.517_519delinsGCC	strongly depleted
ENST00000460680.6:c.521_522delinsCC	weakly depleted
ENST00000460680.6:c.523_525delinsGCC	weakly depleted
ENST00000460680.6:c.526_527delinsGC	weakly depleted
ENST00000460680.6:c.529_531delinsGCC	unchanged
ENST00000460680.6:c.535_537delinsGCC	weakly depleted
ENST00000460680.6:c.538_539delinsGC	strongly depleted
ENST00000460680.6:c.541_543delinsGCC	weakly depleted
ENST00000460680.6:c.545_546delinsCC	weakly depleted
ENST00000460680.6:c.547_549delinsGCC	weakly depleted
ENST00000460680.6:c.551_552delinsCC	strongly depleted
ENST00000460680.6:c.554_555delinsCC	weakly depleted
ENST00000460680.6:c.556_558delinsGCC	strongly depleted
ENST00000460680.6:c.559_561delinsGCC	weakly depleted
ENST00000460680.6:c.565_566delinsGC	unchanged
ENST00000460680.6:c.571_573delinsGCC	weakly depleted
ENST00000460680.6:c.577_579delinsGCC	strongly depleted
ENST00000460680.6:c.586_588delinsGCC	weakly depleted
ENST00000460680.6:c.590_591delinsCC	unchanged
ENST00000460680.6:c.593_594delinsCC	unchanged
ENST00000460680.6:c.599_600delinsCC	weakly depleted
ENST00000460680.6:c.602_603delinsCC	weakly depleted
ENST00000460680.6:c.604_606delinsGCC	strongly depleted
ENST00000460680.6:c.607_609delinsGCC	strongly depleted
ENST00000460680.6:c.613_615delinsGCC	unchanged
ENST00000460680.6:c.619_621delinsGCC	unchanged
ENST00000460680.6:c.622_624delinsGCC	unchanged
ENST00000460680.6:c.628_629delinsGC	weakly depleted
ENST00000460680.6:c.631_633delinsGCC	strongly depleted
ENST00000460680.6:c.635_636delinsCC	strongly depleted
ENST00000460680.6:c.637_639delinsGCC	weakly depleted
ENST00000460680.6:c.640_641delinsGC	weakly depleted
ENST00000460680.6:c.652_654delinsGCC	unchanged
ENST00000460680.6:c.662_663delinsCC	unchanged
ENST00000460680.6:c.667_668delinsGC	unchanged
ENST00000460680.6:c.670_671delinsGC	weakly depleted
ENST00000460680.6:c.676_677delinsGC	weakly depleted
ENST00000460680.6:c.679_680delinsGC	weakly depleted
ENST00000460680.6:c.682_683delinsGC	unchanged
ENST00000460680.6:c.685_686delinsGC	weakly depleted
ENST00000460680.6:c.688_690delinsGCC	unchanged
ENST00000460680.6:c.691_693delinsGCC	weakly depleted
ENST00000460680.6:c.698_699delinsCC	weakly depleted
ENST00000460680.6:c.701_702delinsCC	weakly depleted
ENST00000460680.6:c.709_710delinsGC	unchanged
ENST00000460680.6:c.712_714delinsGCC	unchanged
ENST00000460680.6:c.715_716delinsGC	unchanged
ENST00000460680.6:c.718_720delinsGCC	unchanged
ENST00000460680.6:c.721_723delinsGCC	unchanged
ENST00000460680.6:c.725_726delinsCC	unchanged
ENST00000460680.6:c.730_732delinsGCC	unchanged
ENST00000460680.6:c.733_735delinsGCC	weakly depleted
ENST00000460680.6:c.736_738delinsGCC	unchanged
ENST00000460680.6:c.740_741delinsCC	unchanged
ENST00000460680.6:c.742_744delinsGCC	unchanged
ENST00000460680.6:c.745_747delinsGCC	unchanged
ENST00000460680.6:c.749_750delinsCC	unchanged
ENST00000460680.6:c.751_752delinsGC	unchanged
ENST00000460680.6:c.754_756delinsGCC	unchanged
ENST00000460680.6:c.757_759delinsGCC	unchanged
ENST00000460680.6:c.760_762delinsGCC	unchanged
ENST00000460680.6:c.764_765delinsCC	unchanged
ENST00000460680.6:c.766_768delinsGCC	weakly depleted
ENST00000460680.6:c.770_771delinsCC	unchanged
ENST00000460680.6:c.775_777delinsGCC	unchanged
ENST00000460680.6:c.778_780delinsGCC	unchanged
ENST00000460680.6:c.781_783delinsGCC	weakly depleted
ENST00000460680.6:c.784_786delinsGCC	unchanged
ENST00000460680.6:c.787_789delinsGCC	unchanged
ENST00000460680.6:c.790_792delinsGCC	weakly depleted
ENST00000460680.6:c.794_795delinsCC	unchanged
ENST00000460680.6:c.796_798delinsGCC	unchanged
ENST00000460680.6:c.799_801delinsGCC	unchanged
ENST00000460680.6:c.802_804delinsGCC	unchanged
ENST00000460680.6:c.806_807delinsCC	unchanged
ENST00000460680.6:c.808_810delinsGCC	unchanged
ENST00000460680.6:c.811_813delinsGCC	unchanged
ENST00000460680.6:c.814_816delinsGCC	unchanged
ENST00000460680.6:c.820_821delinsGC	unchanged
ENST00000460680.6:c.823_825delinsGCC	unchanged
ENST00000460680.6:c.826_828delinsGCC	unchanged
ENST00000460680.6:c.829_831delinsGCC	weakly depleted
ENST00000460680.6:c.833_834delinsCC	unchanged
ENST00000460680.6:c.835_837delinsGCC	unchanged
ENST00000460680.6:c.838_840delinsGCC	unchanged
ENST00000460680.6:c.841_843delinsGCC	unchanged
ENST00000460680.6:c.844_846delinsGCC	unchanged
ENST00000460680.6:c.848_849delinsCC	unchanged
ENST00000460680.6:c.851_852delinsCC	unchanged
ENST00000460680.6:c.856_858delinsGCC	unchanged
ENST00000460680.6:c.859_861delinsGCC	unchanged
ENST00000460680.6:c.865_866delinsGC	unchanged
ENST00000460680.6:c.868_869delinsGC	unchanged
ENST00000460680.6:c.871_873delinsGCC	unchanged
ENST00000460680.6:c.877_879delinsGCC	unchanged
ENST00000460680.6:c.880_882delinsGCC	unchanged
ENST00000460680.6:c.884_885delinsCC	unchanged
ENST00000460680.6:c.886_888delinsGCC	unchanged
ENST00000460680.6:c.890_891delinsCC	unchanged
ENST00000460680.6:c.895_896delinsGC	unchanged
ENST00000460680.6:c.898_900delinsGCC	unchanged
ENST00000460680.6:c.904_906delinsGCC	unchanged
ENST00000460680.6:c.913_915delinsGCC	unchanged
ENST00000460680.6:c.917_918delinsCC	unchanged
ENST00000460680.6:c.922_923delinsGC	unchanged
ENST00000460680.6:c.925_926delinsGC	unchanged
ENST00000460680.6:c.928_930delinsGCC	weakly depleted
ENST00000460680.6:c.935_936delinsCC	unchanged
ENST00000460680.6:c.941_942delinsCC	unchanged
ENST00000460680.6:c.944_945delinsCC	unchanged
ENST00000460680.6:c.953_954delinsCC	weakly depleted
ENST00000460680.6:c.955_957delinsGCC	unchanged
ENST00000460680.6:c.958_959delinsGC	weakly depleted
ENST00000460680.6:c.964_966delinsGCC	unchanged
ENST00000460680.6:c.970_972delinsGCC	weakly depleted
ENST00000460680.6:c.976_977delinsGC	weakly depleted
ENST00000460680.6:c.979_980delinsGC	unchanged
ENST00000460680.6:c.982_984delinsGCC	unchanged
ENST00000460680.6:c.988_989delinsGC	unchanged
ENST00000460680.6:c.991_993delinsGCC	weakly depleted
ENST00000460680.6:c.997_999delinsGCC	unchanged
ENST00000460680.6:c.1000_1002delinsGCC	weakly depleted
ENST00000460680.6:c.1004_1005delinsCC	unchanged
ENST00000460680.6:c.1007_1008delinsCC	unchanged
ENST00000460680.6:c.1009_1011delinsGCC	unchanged
ENST00000460680.6:c.1012_1014delinsGCC	weakly depleted
ENST00000460680.6:c.1015_1017delinsGCC	unchanged
ENST00000460680.6:c.1021_1022delinsGC	unchanged
ENST00000460680.6:c.1024_1025delinsGC	unchanged
ENST00000460680.6:c.1027_1028delinsGC	unchanged
ENST00000460680.6:c.1030_1032delinsGCC	unchanged
ENST00000460680.6:c.1034_1035delinsCC	unchanged
ENST00000460680.6:c.1037_1038delinsCC	unchanged
ENST00000460680.6:c.1039_1040delinsGC	unchanged
ENST00000460680.6:c.1045_1046delinsGC	unchanged
ENST00000460680.6:c.1051_1053delinsGCC	unchanged
ENST00000460680.6:c.1057_1059delinsGCC	unchanged
ENST00000460680.6:c.1063_1065delinsGCC	unchanged
ENST00000460680.6:c.1066_1068delinsGCC	weakly depleted
ENST00000460680.6:c.1069_1071delinsGCC	enriched
ENST00000460680.6:c.1072_1074delinsGCC	unchanged
ENST00000460680.6:c.1078_1080delinsGCC	unchanged
ENST00000460680.6:c.1081_1083delinsGCC	enriched
ENST00000460680.6:c.1087_1089delinsGCC	unchanged
ENST00000460680.6:c.1090_1091delinsGC	unchanged
ENST00000460680.6:c.1093_1095delinsGCC	enriched
ENST00000460680.6:c.1096_1098delinsGCC	unchanged
ENST00000460680.6:c.1102_1104delinsGCC	unchanged
ENST00000460680.6:c.1111_1113delinsGCC	unchanged
ENST00000460680.6:c.1114_1116delinsGCC	strongly depleted
ENST00000460680.6:c.1118_1119delinsCC	unchanged
ENST00000460680.6:c.1121_1122delinsCC	unchanged
ENST00000460680.6:c.1124_1125delinsCC	unchanged
ENST00000460680.6:c.1129_1131delinsGCC	unchanged
ENST00000460680.6:c.1139_1140delinsCC	unchanged
ENST00000460680.6:c.1142_1143delinsCC	unchanged
ENST00000460680.6:c.1147_1148delinsGC	unchanged
ENST00000460680.6:c.1150_1151delinsGC	unchanged
ENST00000460680.6:c.1153_1155delinsGCC	unchanged
ENST00000460680.6:c.1157_1158delinsCC	unchanged
ENST00000460680.6:c.1159_1161delinsGCC	unchanged
ENST00000460680.6:c.1165_1166delinsGC	unchanged
ENST00000460680.6:c.1168_1170delinsGCC	unchanged
ENST00000460680.6:c.1174_1176delinsGCC	unchanged
ENST00000460680.6:c.1177_1179delinsGCC	unchanged
ENST00000460680.6:c.1180_1181delinsGC	unchanged
ENST00000460680.6:c.1183_1185delinsGCC	unchanged
ENST00000460680.6:c.1187_1188delinsCC	unchanged
ENST00000460680.6:c.1190_1191delinsCC	unchanged
ENST00000460680.6:c.1193_1194delinsCC	unchanged
ENST00000460680.6:c.1196_1197delinsCC	enriched
ENST00000460680.6:c.1201_1203delinsGCC	unchanged
ENST00000460680.6:c.1205_1206delinsCC	unchanged
ENST00000460680.6:c.1208_1209delinsCC	unchanged
ENST00000460680.6:c.1214_1215delinsCC	unchanged
ENST00000460680.6:c.1217_1218delinsCC	unchanged
ENST00000460680.6:c.1220_1221delinsCC	unchanged
ENST00000460680.6:c.1226_1227delinsCC	unchanged
ENST00000460680.6:c.1228_1230delinsGCC	unchanged
ENST00000460680.6:c.1231_1232delinsGC	unchanged
ENST00000460680.6:c.1237_1238delinsGC	unchanged
ENST00000460680.6:c.1240_1242delinsGCC	unchanged
ENST00000460680.6:c.1246_1248delinsGCC	unchanged
ENST00000460680.6:c.1252_1254delinsGCC	unchanged
ENST00000460680.6:c.1255_1257delinsGCC	unchanged
ENST00000460680.6:c.1259_1260delinsCC	unchanged
ENST00000460680.6:c.1261_1263delinsGCC	unchanged
ENST00000460680.6:c.1265_1266delinsCC	unchanged
ENST00000460680.6:c.1267_1269delinsGCC	unchanged
ENST00000460680.6:c.1271_1272delinsCC	unchanged
ENST00000460680.6:c.1273_1275delinsGCC	unchanged
ENST00000460680.6:c.1276_1278delinsGCC	unchanged
ENST00000460680.6:c.1280_1281delinsCC	unchanged
ENST00000460680.6:c.1285_1287delinsGCC	unchanged
ENST00000460680.6:c.1288_1289delinsGC	unchanged
ENST00000460680.6:c.1292_1293delinsCC	unchanged
ENST00000460680.6:c.1294_1296delinsGCC	unchanged
ENST00000460680.6:c.1301_1302delinsCC	unchanged
ENST00000460680.6:c.1304_1305delinsCC	unchanged
ENST00000460680.6:c.1306_1308delinsGCC	unchanged
ENST00000460680.6:c.1309_1311delinsGCC	unchanged
ENST00000460680.6:c.1312_1314delinsGCC	unchanged
ENST00000460680.6:c.1316_1317delinsCC	unchanged
ENST00000460680.6:c.1318_1320delinsGCC	unchanged
ENST00000460680.6:c.1321_1323delinsGCC	unchanged
ENST00000460680.6:c.1333_1334delinsGC	unchanged
ENST00000460680.6:c.1336_1337delinsGC	unchanged
ENST00000460680.6:c.1342_1344delinsGCC	unchanged
ENST00000460680.6:c.1349_1350delinsCC	unchanged
ENST00000460680.6:c.1351_1353delinsGCC	unchanged
ENST00000460680.6:c.1354_1355delinsGC	unchanged
ENST00000460680.6:c.1357_1359delinsGCC	unchanged
ENST00000460680.6:c.1361_1362delinsCC	unchanged
ENST00000460680.6:c.1366_1368delinsGCC	unchanged
ENST00000460680.6:c.1369_1371delinsGCC	unchanged
ENST00000460680.6:c.1375_1376delinsGC	unchanged
ENST00000460680.6:c.1378_1380delinsGCC	unchanged
ENST00000460680.6:c.1381_1383delinsGCC	unchanged
ENST00000460680.6:c.1384_1386delinsGCC	unchanged
ENST00000460680.6:c.1387_1389delinsGCC	unchanged
ENST00000460680.6:c.1393_1394delinsGC	unchanged
ENST00000460680.6:c.1396_1398delinsGCC	unchanged
ENST00000460680.6:c.1399_1401delinsGCC	unchanged
ENST00000460680.6:c.1402_1403delinsGC	unchanged
ENST00000460680.6:c.1405_1406delinsGC	unchanged
ENST00000460680.6:c.1409_1410delinsCC	unchanged
ENST00000460680.6:c.1415_1416delinsCC	unchanged
ENST00000460680.6:c.1417_1419delinsGCC	unchanged
ENST00000460680.6:c.1420_1422delinsGCC	unchanged
ENST00000460680.6:c.1427_1428delinsCC	unchanged
ENST00000460680.6:c.1433_1434delinsCC	unchanged
ENST00000460680.6:c.1438_1440delinsGCC	unchanged
ENST00000460680.6:c.1441_1442delinsGC	unchanged
ENST00000460680.6:c.1444_1446delinsGCC	unchanged
ENST00000460680.6:c.1447_1449delinsGCC	unchanged
ENST00000460680.6:c.1453_1455delinsGCC	unchanged
ENST00000460680.6:c.1465_1466delinsGC	unchanged
ENST00000460680.6:c.1468_1470delinsGCC	weakly depleted
ENST00000460680.6:c.1472_1473delinsCC	unchanged
ENST00000460680.6:c.1474_1476delinsGCC	unchanged
ENST00000460680.6:c.1477_1479delinsGCC	weakly depleted
ENST00000460680.6:c.1483_1485delinsGCC	weakly depleted
ENST00000460680.6:c.1489_1491delinsGCC	weakly depleted
ENST00000460680.6:c.1493_1494delinsCC	unchanged
ENST00000460680.6:c.1495_1496delinsGC	unchanged
ENST00000460680.6:c.1501_1503delinsGCC	unchanged
ENST00000460680.6:c.1507_1508delinsGC	unchanged
ENST00000460680.6:c.1510_1511delinsGC	unchanged
ENST00000460680.6:c.1513_1515delinsGCC	unchanged
ENST00000460680.6:c.1516_1518delinsGCC	weakly depleted
ENST00000460680.6:c.1519_1521delinsGCC	unchanged
ENST00000460680.6:c.1522_1523delinsGC	unchanged
ENST00000460680.6:c.1525_1527delinsGCC	unchanged
ENST00000460680.6:c.1528_1530delinsGCC	unchanged
ENST00000460680.6:c.1531_1532delinsGC	unchanged
ENST00000460680.6:c.1534_1535delinsGC	unchanged
ENST00000460680.6:c.1537_1539delinsGCC	unchanged
ENST00000460680.6:c.1543_1544delinsGC	weakly depleted
ENST00000460680.6:c.1546_1548delinsGCC	weakly depleted
ENST00000460680.6:c.1549_1551delinsGCC	unchanged
ENST00000460680.6:c.1552_1554delinsGCC	unchanged
ENST00000460680.6:c.1561_1562delinsGC	unchanged
ENST00000460680.6:c.1564_1566delinsGCC	unchanged
ENST00000460680.6:c.1576_1577delinsGC	weakly depleted
ENST00000460680.6:c.1579_1580delinsGC	unchanged
ENST00000460680.6:c.1585_1587delinsGCC	unchanged
ENST00000460680.6:c.1589_1590delinsCC	unchanged
ENST00000460680.6:c.1591_1593delinsGCC	unchanged
ENST00000460680.6:c.1594_1596delinsGCC	unchanged
ENST00000460680.6:c.1598_1599delinsCC	weakly depleted
ENST00000460680.6:c.1601_1602delinsCC	unchanged
ENST00000460680.6:c.1604_1605delinsCC	unchanged
ENST00000460680.6:c.1609_1610delinsGC	unchanged
ENST00000460680.6:c.1612_1614delinsGCC	unchanged
ENST00000460680.6:c.1615_1617delinsGCC	unchanged
ENST00000460680.6:c.1618_1620delinsGCC	unchanged
ENST00000460680.6:c.1622_1623delinsCC	unchanged
ENST00000460680.6:c.1627_1628delinsGC	unchanged
ENST00000460680.6:c.1630_1632delinsGCC	unchanged
ENST00000460680.6:c.1633_1634delinsGC	unchanged
ENST00000460680.6:c.1636_1637delinsGC	unchanged
ENST00000460680.6:c.1639_1640delinsGC	unchanged
ENST00000460680.6:c.1642_1644delinsGCC	unchanged
ENST00000460680.6:c.1651_1653delinsGCC	unchanged
ENST00000460680.6:c.1655_1656delinsCC	unchanged
ENST00000460680.6:c.1657_1659delinsGCC	unchanged
ENST00000460680.6:c.1661_1662delinsCC	unchanged
ENST00000460680.6:c.1663_1665delinsGCC	unchanged
ENST00000460680.6:c.1669_1670delinsGC	unchanged
ENST00000460680.6:c.1672_1673delinsGC	unchanged
ENST00000460680.6:c.1675_1677delinsGCC	unchanged
ENST00000460680.6:c.1681_1683delinsGCC	unchanged
ENST00000460680.6:c.1684_1686delinsGCC	unchanged
ENST00000460680.6:c.1687_1688delinsGC	unchanged
ENST00000460680.6:c.1690_1692delinsGCC	unchanged
ENST00000460680.6:c.1697_1698delinsCC	unchanged
ENST00000460680.6:c.1700_1701delinsCC	unchanged
ENST00000460680.6:c.1703_1704delinsCC	weakly depleted
ENST00000460680.6:c.1706_1707delinsCC	unchanged
ENST00000460680.6:c.1708_1710delinsGCC	unchanged
ENST00000460680.6:c.1711_1713delinsGCC	unchanged
ENST00000460680.6:c.1717_1719delinsGCC	unchanged
ENST00000460680.6:c.1723_1725delinsGCC	unchanged
ENST00000460680.6:c.1726_1728delinsGCC	strongly depleted
ENST00000460680.6:c.1733_1734delinsCC	unchanged
ENST00000460680.6:c.1736_1737delinsCC	unchanged
ENST00000460680.6:c.1738_1740delinsGCC	unchanged
ENST00000460680.6:c.1742_1743delinsCC	unchanged
ENST00000460680.6:c.1747_1749delinsGCC	enriched
ENST00000460680.6:c.1756_1757delinsGC	unchanged
ENST00000460680.6:c.1759_1761delinsGCC	unchanged
ENST00000460680.6:c.1762_1764delinsGCC	unchanged
ENST00000460680.6:c.1765_1766delinsGC	unchanged
ENST00000460680.6:c.1768_1770delinsGCC	unchanged
ENST00000460680.6:c.1774_1775delinsGC	unchanged
ENST00000460680.6:c.1777_1779delinsGCC	unchanged
ENST00000460680.6:c.1781_1782delinsCC	weakly depleted
ENST00000460680.6:c.1786_1787delinsGC	unchanged
ENST00000460680.6:c.1789_1790delinsGC	unchanged
ENST00000460680.6:c.1792_1794delinsGCC	unchanged
ENST00000460680.6:c.1796_1797delinsCC	unchanged
ENST00000460680.6:c.1799_1800delinsCC	unchanged
ENST00000460680.6:c.1801_1803delinsGCC	weakly depleted
ENST00000460680.6:c.1805_1806delinsCC	unchanged
ENST00000460680.6:c.1811_1812delinsCC	weakly depleted
ENST00000460680.6:c.1814_1815delinsCC	unchanged
ENST00000460680.6:c.1819_1821delinsGCC	unchanged
ENST00000460680.6:c.1825_1826delinsGC	unchanged
ENST00000460680.6:c.1828_1830delinsGCC	unchanged
ENST00000460680.6:c.1832_1833delinsCC	unchanged
ENST00000460680.6:c.1834_1836delinsGCC	unchanged
ENST00000460680.6:c.1837_1839delinsGCC	unchanged
ENST00000460680.6:c.1841_1842delinsCC	unchanged
ENST00000460680.6:c.1843_1845delinsGCC	unchanged
ENST00000460680.6:c.1847_1848delinsCC	unchanged
ENST00000460680.6:c.1849_1851delinsGCC	unchanged
ENST00000460680.6:c.1852_1854delinsGCC	unchanged
ENST00000460680.6:c.1859_1860delinsCC	unchanged
ENST00000460680.6:c.1864_1866delinsGCC	unchanged
ENST00000460680.6:c.1867_1869delinsGCC	unchanged
ENST00000460680.6:c.1871_1872delinsCC	unchanged
ENST00000460680.6:c.1874_1875delinsCC	unchanged
ENST00000460680.6:c.1876_1878delinsGCC	unchanged
ENST00000460680.6:c.1879_1880delinsGC	unchanged
ENST00000460680.6:c.1882_1884delinsGCC	unchanged
ENST00000460680.6:c.1888_1890delinsGCC	weakly depleted
ENST00000460680.6:c.1892_1893delinsCC	weakly depleted
ENST00000460680.6:c.1894_1896delinsGCC	weakly depleted
ENST00000460680.6:c.1897_1899delinsGCC	unchanged
ENST00000460680.6:c.1903_1905delinsGCC	weakly depleted
ENST00000460680.6:c.1906_1908delinsGCC	weakly depleted
ENST00000460680.6:c.1909_1911delinsGCC	unchanged
ENST00000460680.6:c.1912_1914delinsGCC	unchanged
ENST00000460680.6:c.1916_1917delinsCC	unchanged
ENST00000460680.6:c.1919_1920delinsCC	unchanged
ENST00000460680.6:c.1925_1926delinsCC	weakly depleted
ENST00000460680.6:c.1927_1929delinsGCC	unchanged
ENST00000460680.6:c.1933_1934delinsGC	unchanged
ENST00000460680.6:c.1936_1938delinsGCC	unchanged
ENST00000460680.6:c.1940_1941delinsCC	unchanged
ENST00000460680.6:c.1945_1946delinsGC	unchanged
ENST00000460680.6:c.1948_1949delinsGC	unchanged
ENST00000460680.6:c.1951_1953delinsGCC	unchanged
ENST00000460680.6:c.1955_1956delinsCC	unchanged
ENST00000460680.6:c.1958_1959delinsCC	weakly depleted
ENST00000460680.6:c.1961_1962delinsCC	unchanged
ENST00000460680.6:c.1964_1965delinsCC	unchanged
ENST00000460680.6:c.1966_1968delinsGCC	unchanged
ENST00000460680.6:c.1969_1971delinsGCC	weakly depleted
ENST00000460680.6:c.1972_1974delinsGCC	unchanged
ENST00000460680.6:c.1975_1977delinsGCC	unchanged
ENST00000460680.6:c.1978_1979delinsGC	weakly depleted
ENST00000460680.6:c.1981_1983delinsGCC	strongly depleted
ENST00000460680.6:c.1984_1986delinsGCC	weakly depleted
ENST00000460680.6:c.1988_1989delinsCC	weakly depleted
ENST00000460680.6:c.1993_1995delinsGCC	unchanged
ENST00000460680.6:c.1996_1998delinsGCC	weakly depleted
ENST00000460680.6:c.1999_2001delinsGCC	unchanged
ENST00000460680.6:c.2005_2006delinsGC	enriched
ENST00000460680.6:c.2008_2009delinsGC	unchanged
ENST00000460680.6:c.2011_2012delinsGC	weakly depleted
ENST00000460680.6:c.2015_2016delinsCC	unchanged
ENST00000460680.6:c.2018_2019delinsCC	unchanged
ENST00000460680.6:c.2020_2021delinsGC	unchanged
ENST00000460680.6:c.2023_2024delinsGC	unchanged
ENST00000460680.6:c.2026_2027delinsGC	weakly depleted
ENST00000460680.6:c.2032_2034delinsGCC	unchanged
ENST00000460680.6:c.2035_2036delinsGC	unchanged
ENST00000460680.6:c.2041_2043delinsGCC	unchanged
ENST00000460680.6:c.2044_2046delinsGCC	unchanged
ENST00000460680.6:c.2050_2052delinsGCC	unchanged
ENST00000460680.6:c.2054_2055delinsCC	unchanged
ENST00000460680.6:c.2059_2061delinsGCC	unchanged
ENST00000460680.6:c.2062_2064delinsGCC	unchanged
ENST00000460680.6:c.2068_2069delinsGC	unchanged
ENST00000460680.6:c.2071_2073delinsGCC	unchanged
ENST00000460680.6:c.2075_2076delinsCC	weakly depleted
ENST00000460680.6:c.2078_2079delinsCC	unchanged
ENST00000460680.6:c.2080_2082delinsGCC	unchanged
ENST00000460680.6:c.2083_2084delinsGC	weakly depleted
ENST00000460680.6:c.2086_2087delinsGC	weakly depleted
ENST00000460680.6:c.2093_2094delinsCC	unchanged
ENST00000460680.6:c.2095_2097delinsGCC	unchanged
ENST00000460680.6:c.2098_2100delinsGCC	unchanged
ENST00000460680.6:c.2101_2102delinsGC	weakly depleted
ENST00000460680.6:c.2104_2106delinsGCC	unchanged
ENST00000460680.6:c.2108_2109delinsCC	weakly depleted
ENST00000460680.6:c.2113_2114delinsGC	unchanged
ENST00000460680.6:c.2116_2117delinsGC	weakly depleted
ENST00000460680.6:c.2122_2124delinsGCC	weakly depleted
ENST00000460680.6:c.2125_2126delinsGC	weakly depleted
ENST00000460680.6:c.2128_2129delinsGC	weakly depleted
ENST00000460680.6:c.2131_2133delinsGCC	unchanged
ENST00000460680.6:c.2134_2136delinsGCC	unchanged
ENST00000460680.6:c.2137_2139delinsGCC	unchanged
ENST00000460680.6:c.2140_2142delinsGCC	unchanged
ENST00000460680.6:c.2143_2145delinsGCC	enriched
ENST00000460680.6:c.2149_2151delinsGCC	unchanged
ENST00000460680.6:c.2152_2154delinsGCC	unchanged
ENST00000460680.6:c.2155_2157delinsGCC	unchanged
ENST00000460680.6:c.2158_2159delinsGC	unchanged
ENST00000460680.6:c.2161_2163delinsGCC	unchanged
ENST00000460680.6:c.2164_2165delinsGC	unchanged
ENST00000460680.6:c.2170_2171delinsGC	unchanged
ENST00000460680.6:c.2173_2175delinsGCC	unchanged
ENST00000460680.6:c.2179_2181delinsGCC	unchanged
ENST00000460680.6:c.2182_2183delinsGC	unchanged
ENST00000460680.6:c.2185_2187delinsGCC	unchanged
ENST00000460680.6:c.2188_2190delinsGCC	strongly depleted
ENST00000460680.6:c.2_3delinsAA	strongly depleted
ENST00000460680.6:c.2_3delinsCC	strongly depleted
ENST00000460680.6:c.1_2delinsCG	strongly depleted
ENST00000460680.6:c.1_3delinsCTC	strongly depleted
ENST00000460680.6:c.1_3delinsGTC	strongly depleted
ENST00000460680.6:c.5_6delinsCC	unchanged
ENST00000460680.6:c.5_6delinsGC	unchanged
ENST00000460680.6:c.5_6delinsTC	unchanged
ENST00000460680.6:c.4_6delinsCAC	unchanged
ENST00000460680.6:c.4_6delinsGAC	unchanged
ENST00000460680.6:c.4_6delinsTAC	weakly depleted
ENST00000460680.6:c.8_9delinsCC	unchanged
ENST00000460680.6:c.7_9delinsCAA	unchanged
ENST00000460680.6:c.7_8delinsCG	unchanged
ENST00000460680.6:c.7_9delinsGAA	unchanged
ENST00000460680.6:c.10_12delinsCGG	unchanged
ENST00000460680.6:c.11_12delinsAT	unchanged
ENST00000460680.6:c.11_12delinsCT	unchanged
ENST00000460680.6:c.11_12delinsTG	unchanged
ENST00000460680.6:c.10_11delinsTC	unchanged
ENST00000460680.6:c.10_12delinsTGT	unchanged
ENST00000460680.6:c.13_15delinsAGA	weakly depleted
ENST00000460680.6:c.13_15delinsAGC	weakly depleted
ENST00000460680.6:c.13_14delinsCT	unchanged
ENST00000460680.6:c.13_15delinsGGC	weakly depleted
ENST00000460680.6:c.14_15delinsAA	strongly depleted
ENST00000460680.6:c.16_18delinsAGA	unchanged
ENST00000460680.6:c.17_18delinsAA	unchanged
ENST00000460680.6:c.17_18delinsCC	unchanged
ENST00000460680.6:c.16_18delinsGTC	unchanged
ENST00000460680.6:c.16_18delinsTTA	unchanged
ENST00000460680.6:c.19_21delinsAAA	unchanged
ENST00000460680.6:c.19_21delinsCAA	unchanged
ENST00000460680.6:c.20_21delinsGC	unchanged
ENST00000460680.6:c.20_21delinsTC	unchanged
ENST00000460680.6:c.22_24delinsAGA	strongly depleted
ENST00000460680.6:c.23_24delinsAA	unchanged
ENST00000460680.6:c.23_24delinsCC	weakly depleted
ENST00000460680.6:c.22_24delinsGTC	weakly depleted
ENST00000460680.6:c.22_24delinsTTA	unchanged
ENST00000460680.6:c.25_27delinsAAA	strongly depleted
ENST00000460680.6:c.25_27delinsCAA	weakly depleted
ENST00000460680.6:c.26_27delinsGC	strongly depleted
ENST00000460680.6:c.26_27delinsTC	weakly depleted
ENST00000460680.6:c.29_30delinsAT	strongly depleted
ENST00000460680.6:c.29_30delinsCA	strongly depleted
ENST00000460680.6:c.29_30delinsTT	strongly depleted
ENST00000460680.6:c.28_30delinsCGG	strongly depleted
ENST00000460680.6:c.28_30delinsGGA	weakly depleted
ENST00000460680.6:c.28_30delinsTCA	unchanged
ENST00000460680.6:c.28_29delinsTC	unchanged
ENST00000460680.6:c.28_30delinsTCG	weakly depleted
ENST00000460680.6:c.28_30delinsTCT	unchanged
ENST00000460680.6:c.28_30delinsTGT	weakly depleted
ENST00000460680.6:c.31_33delinsAAT	strongly depleted
ENST00000460680.6:c.31_33delinsCAT	strongly depleted
ENST00000460680.6:c.32_33delinsCT	weakly depleted
ENST00000460680.6:c.32_33delinsGA	strongly depleted
ENST00000460680.6:c.32_33delinsTG	strongly depleted
ENST00000460680.6:c.31_33delinsTAT	strongly depleted
ENST00000460680.6:c.34_36delinsACC	strongly depleted
ENST00000460680.6:c.34_36delinsAGC	weakly depleted
ENST00000460680.6:c.35_36delinsAG	weakly depleted
ENST00000460680.6:c.35_36delinsGG	strongly depleted
ENST00000460680.6:c.35_36delinsTG	weakly depleted
ENST00000460680.6:c.43_44delinsAG	weakly depleted
ENST00000460680.6:c.43_45delinsATT	weakly depleted
ENST00000460680.6:c.43_45delinsCTG	weakly depleted
ENST00000460680.6:c.43_45delinsGTG	weakly depleted
ENST00000460680.6:c.44_45delinsAT	strongly depleted
ENST00000460680.6:c.44_45delinsGT	weakly depleted
ENST00000460680.6:c.47_48delinsAT	unchanged
ENST00000460680.6:c.47_48delinsTT	strongly depleted
ENST00000460680.6:c.46_48delinsCCT	strongly depleted
ENST00000460680.6:c.46_48delinsGCT	unchanged
ENST00000460680.6:c.49_51delinsAGA	unchanged
ENST00000460680.6:c.50_51delinsAA	enriched
ENST00000460680.6:c.50_51delinsCC	weakly depleted
ENST00000460680.6:c.49_51delinsGTC	unchanged
ENST00000460680.6:c.49_51delinsTTA	unchanged
ENST00000460680.6:c.52_54delinsATT	unchanged
ENST00000460680.6:c.53_54delinsAT	weakly depleted
ENST00000460680.6:c.53_54delinsCT	strongly depleted
ENST00000460680.6:c.53_54delinsGG	strongly depleted
ENST00000460680.6:c.52_54delinsGTG	unchanged
ENST00000460680.6:c.52_54delinsTTA	unchanged
ENST00000460680.6:c.52_54delinsTTG	unchanged
ENST00000460680.6:c.52_54delinsTTT	weakly depleted
ENST00000460680.6:c.55_57delinsCTC	enriched
ENST00000460680.6:c.56_57delinsAA	weakly depleted
ENST00000460680.6:c.56_57delinsGC	enriched
ENST00000460680.6:c.58_60delinsAAG	unchanged
ENST00000460680.6:c.58_60delinsCAG	unchanged
ENST00000460680.6:c.59_60delinsGC	unchanged
ENST00000460680.6:c.59_60delinsTG	weakly depleted
ENST00000460680.6:c.61_63delinsAAC	unchanged
ENST00000460680.6:c.61_63delinsCAC	unchanged
ENST00000460680.6:c.62_63delinsGC	unchanged
ENST00000460680.6:c.61_63delinsTAC	weakly depleted
ENST00000460680.6:c.64_65delinsAG	weakly depleted
ENST00000460680.6:c.64_66delinsATT	unchanged
ENST00000460680.6:c.64_66delinsCTG	unchanged
ENST00000460680.6:c.64_66delinsGTG	unchanged
ENST00000460680.6:c.65_66delinsAT	unchanged
ENST00000460680.6:c.65_66delinsGT	unchanged
ENST00000460680.6:c.70_72delinsATT	unchanged
ENST00000460680.6:c.70_72delinsCTG	unchanged
ENST00000460680.6:c.71_72delinsAT	strongly depleted
ENST00000460680.6:c.71_72delinsCT	unchanged
ENST00000460680.6:c.71_72delinsGA	weakly depleted
ENST00000460680.6:c.70_72delinsTTT	weakly depleted
ENST00000460680.6:c.74_75delinsCC	unchanged
ENST00000460680.6:c.73_75delinsCAA	unchanged
ENST00000460680.6:c.73_74delinsCG	unchanged
ENST00000460680.6:c.73_75delinsGAA	unchanged
ENST00000460680.6:c.76_78delinsAGA	unchanged
ENST00000460680.6:c.77_78delinsAA	unchanged
ENST00000460680.6:c.77_78delinsTC	weakly depleted
ENST00000460680.6:c.79_81delinsCTC	unchanged
ENST00000460680.6:c.80_81delinsAA	strongly depleted
ENST00000460680.6:c.80_81delinsGC	weakly depleted
ENST00000460680.6:c.85_87delinsCTC	enriched
ENST00000460680.6:c.86_87delinsAA	strongly depleted
ENST00000460680.6:c.86_87delinsGC	strongly depleted
ENST00000460680.6:c.91_93delinsAAA	strongly depleted
ENST00000460680.6:c.91_93delinsCAA	strongly depleted
ENST00000460680.6:c.92_93delinsGC	strongly depleted
ENST00000460680.6:c.92_93delinsTC	strongly depleted
ENST00000460680.6:c.95_96delinsAT	weakly depleted
ENST00000460680.6:c.95_96delinsCA	weakly depleted
ENST00000460680.6:c.94_96delinsCTG	unchanged
ENST00000460680.6:c.94_96delinsGTG	unchanged
ENST00000460680.6:c.94_95delinsTC	weakly depleted
ENST00000460680.6:c.94_96delinsTTT	weakly depleted
ENST00000460680.6:c.97_99delinsAAT	weakly depleted
ENST00000460680.6:c.97_98delinsAG	weakly depleted
ENST00000460680.6:c.97_99delinsCAT	weakly depleted
ENST00000460680.6:c.97_99delinsGAT	weakly depleted
ENST00000460680.6:c.98_99delinsGT	unchanged
ENST00000460680.6:c.98_99delinsTT	unchanged
ENST00000460680.6:c.100_102delinsAAT	unchanged
ENST00000460680.6:c.100_102delinsCAT	weakly depleted
ENST00000460680.6:c.101_102delinsCT	weakly depleted
ENST00000460680.6:c.101_102delinsGA	weakly depleted
ENST00000460680.6:c.101_102delinsTG	weakly depleted
ENST00000460680.6:c.100_102delinsTAT	weakly depleted
ENST00000460680.6:c.103_105delinsATC	unchanged
ENST00000460680.6:c.104_105delinsAC	weakly depleted
ENST00000460680.6:c.104_105delinsCC	weakly depleted
ENST00000460680.6:c.104_105delinsGG	weakly depleted
ENST00000460680.6:c.103_105delinsGTG	weakly depleted
ENST00000460680.6:c.103_105delinsTTA	unchanged
ENST00000460680.6:c.103_105delinsTTC	weakly depleted
ENST00000460680.6:c.103_105delinsTTG	unchanged
ENST00000460680.6:c.106_108delinsAAA	unchanged
ENST00000460680.6:c.106_108delinsAGA	unchanged
ENST00000460680.6:c.107_108delinsCC	unchanged
ENST00000460680.6:c.107_108delinsTC	unchanged
ENST00000460680.6:c.106_108delinsGAA	unchanged
ENST00000460680.6:c.110_111delinsAT	unchanged
ENST00000460680.6:c.110_111delinsCA	unchanged
ENST00000460680.6:c.110_111delinsTT	enriched
ENST00000460680.6:c.109_111delinsCGG	unchanged
ENST00000460680.6:c.109_111delinsGGA	unchanged
ENST00000460680.6:c.109_111delinsTCA	unchanged
ENST00000460680.6:c.109_110delinsTC	unchanged
ENST00000460680.6:c.109_111delinsTCG	unchanged
ENST00000460680.6:c.109_111delinsTCT	unchanged
ENST00000460680.6:c.109_111delinsTGT	unchanged
ENST00000460680.6:c.113_114delinsCC	unchanged
ENST00000460680.6:c.113_114delinsTC	unchanged
ENST00000460680.6:c.112_114delinsCAG	unchanged
ENST00000460680.6:c.112_114delinsCGG	enriched
ENST00000460680.6:c.112_114delinsGAG	unchanged
ENST00000460680.6:c.115_117delinsAGC	unchanged
ENST00000460680.6:c.115_117delinsCGG	unchanged
ENST00000460680.6:c.115_117delinsGGC	unchanged
ENST00000460680.6:c.116_117delinsAA	strongly depleted
ENST00000460680.6:c.116_117delinsAC	unchanged
ENST00000460680.6:c.116_117delinsTC	unchanged
ENST00000460680.6:c.118_120delinsAAA	unchanged
ENST00000460680.6:c.118_120delinsAGA	unchanged
ENST00000460680.6:c.119_120delinsCC	unchanged
ENST00000460680.6:c.119_120delinsTC	unchanged
ENST00000460680.6:c.118_120delinsGAA	unchanged
ENST00000460680.6:c.124_126delinsACC	unchanged
ENST00000460680.6:c.124_126delinsAGC	enriched
ENST00000460680.6:c.125_126delinsAC	enriched
ENST00000460680.6:c.125_126delinsGG	weakly depleted
ENST00000460680.6:c.125_126delinsTG	unchanged
ENST00000460680.6:c.127_129delinsATC	enriched
ENST00000460680.6:c.127_129delinsCTG	unchanged
ENST00000460680.6:c.128_129delinsAG	strongly depleted
ENST00000460680.6:c.128_129delinsGC	weakly depleted
ENST00000460680.6:c.130_132delinsAAC	weakly depleted
ENST00000460680.6:c.130_132delinsAGC	weakly depleted
ENST00000460680.6:c.130_132delinsCAC	enriched
ENST00000460680.6:c.130_132delinsGAC	weakly depleted
ENST00000460680.6:c.131_132delinsGC	unchanged
ENST00000460680.6:c.131_132delinsTC	enriched
ENST00000460680.6:c.133_135delinsCGG	strongly depleted
ENST00000460680.6:c.134_135delinsAG	strongly depleted
ENST00000460680.6:c.134_135delinsTG	strongly depleted
ENST00000460680.6:c.133_134delinsTA	strongly depleted
ENST00000460680.6:c.136_138delinsAGC	strongly depleted
ENST00000460680.6:c.136_138delinsATC	weakly depleted
ENST00000460680.6:c.136_138delinsCTG	unchanged
ENST00000460680.6:c.136_138delinsGTG	weakly depleted
ENST00000460680.6:c.137_138delinsAC	unchanged
ENST00000460680.6:c.137_138delinsGC	weakly depleted
ENST00000460680.6:c.140_141delinsAT	strongly depleted
ENST00000460680.6:c.140_141delinsCA	weakly depleted
ENST00000460680.6:c.139_141delinsCTG	unchanged
ENST00000460680.6:c.139_141delinsGTG	unchanged
ENST00000460680.6:c.139_140delinsTC	strongly depleted
ENST00000460680.6:c.139_141delinsTTT	strongly depleted
ENST00000460680.6:c.142_143delinsAG	weakly depleted
ENST00000460680.6:c.142_144delinsATT	weakly depleted
ENST00000460680.6:c.142_144delinsCTG	weakly depleted
ENST00000460680.6:c.142_144delinsGTG	weakly depleted
ENST00000460680.6:c.143_144delinsAT	weakly depleted
ENST00000460680.6:c.143_144delinsGT	weakly depleted
ENST00000460680.6:c.145_147delinsAGA	strongly depleted
ENST00000460680.6:c.146_147delinsAA	weakly depleted
ENST00000460680.6:c.146_147delinsCC	strongly depleted
ENST00000460680.6:c.145_147delinsGTC	strongly depleted
ENST00000460680.6:c.145_147delinsTTA	weakly depleted
ENST00000460680.6:c.148_149delinsAG	unchanged
ENST00000460680.6:c.148_150delinsATT	weakly depleted
ENST00000460680.6:c.148_150delinsCTG	unchanged
ENST00000460680.6:c.148_150delinsGTG	weakly depleted
ENST00000460680.6:c.149_150delinsAT	unchanged
ENST00000460680.6:c.149_150delinsGT	unchanged
ENST00000460680.6:c.152_153delinsCC	weakly depleted
ENST00000460680.6:c.152_153delinsTC	weakly depleted
ENST00000460680.6:c.151_153delinsCAG	weakly depleted
ENST00000460680.6:c.151_153delinsCGG	enriched
ENST00000460680.6:c.151_153delinsGAG	weakly depleted
ENST00000460680.6:c.154_156delinsAGA	weakly depleted
ENST00000460680.6:c.154_156delinsAGC	weakly depleted
ENST00000460680.6:c.154_155delinsCT	unchanged
ENST00000460680.6:c.154_156delinsGGC	strongly depleted
ENST00000460680.6:c.155_156delinsAA	strongly depleted
ENST00000460680.6:c.158_159delinsAT	unchanged
ENST00000460680.6:c.158_159delinsCA	unchanged
ENST00000460680.6:c.157_159delinsCTG	weakly depleted
ENST00000460680.6:c.157_159delinsGTG	strongly depleted
ENST00000460680.6:c.157_158delinsTC	unchanged
ENST00000460680.6:c.157_159delinsTTT	weakly depleted
ENST00000460680.6:c.160_162delinsAAG	unchanged
ENST00000460680.6:c.160_162delinsCAG	unchanged
ENST00000460680.6:c.161_162delinsGC	weakly depleted
ENST00000460680.6:c.161_162delinsTG	unchanged
ENST00000460680.6:c.163_165delinsAAA	weakly depleted
ENST00000460680.6:c.163_165delinsCAA	unchanged
ENST00000460680.6:c.164_165delinsGC	weakly depleted
ENST00000460680.6:c.164_165delinsTC	unchanged
ENST00000460680.6:c.166_168delinsAGA	unchanged
ENST00000460680.6:c.166_168delinsAGG	enriched
ENST00000460680.6:c.167_168delinsAT	unchanged
ENST00000460680.6:c.167_168delinsCT	weakly depleted
ENST00000460680.6:c.167_168delinsTG	weakly depleted
ENST00000460680.6:c.166_168delinsGGA	weakly depleted
ENST00000460680.6:c.166_167delinsTC	unchanged
ENST00000460680.6:c.166_168delinsTGT	weakly depleted
ENST00000460680.6:c.169_171delinsAGA	unchanged
ENST00000460680.6:c.170_171delinsAA	unchanged
ENST00000460680.6:c.170_171delinsCC	unchanged
ENST00000460680.6:c.170_171delinsTC	weakly depleted
ENST00000460680.6:c.169_171delinsGGC	unchanged
ENST00000460680.6:c.172_174delinsACA	unchanged
ENST00000460680.6:c.172_173delinsAG	unchanged
ENST00000460680.6:c.172_174delinsAGT	unchanged
ENST00000460680.6:c.172_174delinsCCT	unchanged
ENST00000460680.6:c.172_174delinsGCT	unchanged
ENST00000460680.6:c.173_174delinsAT	weakly depleted
ENST00000460680.6:c.173_174delinsGT	unchanged
ENST00000460680.6:c.173_174delinsTT	weakly depleted
ENST00000460680.6:c.175_177delinsAGA	enriched
ENST00000460680.6:c.176_177delinsAA	weakly depleted
ENST00000460680.6:c.176_177delinsCC	weakly depleted
ENST00000460680.6:c.176_177delinsTC	unchanged
ENST00000460680.6:c.175_177delinsGGC	weakly depleted
ENST00000460680.6:c.178_180delinsAGG	unchanged
ENST00000460680.6:c.179_180delinsAG	unchanged
ENST00000460680.6:c.179_180delinsCC	weakly depleted
ENST00000460680.6:c.179_180delinsTG	unchanged
ENST00000460680.6:c.178_180delinsGGC	unchanged
ENST00000460680.6:c.178_179delinsTA	strongly depleted
ENST00000460680.6:c.182_183delinsCC	unchanged
ENST00000460680.6:c.181_183delinsCAA	unchanged
ENST00000460680.6:c.181_182delinsCG	unchanged
ENST00000460680.6:c.181_183delinsGAA	weakly depleted
ENST00000460680.6:c.184_186delinsATT	unchanged
ENST00000460680.6:c.184_186delinsCTG	unchanged
ENST00000460680.6:c.185_186delinsAT	unchanged
ENST00000460680.6:c.185_186delinsCT	unchanged
ENST00000460680.6:c.185_186delinsGA	unchanged
ENST00000460680.6:c.184_186delinsTTT	unchanged
ENST00000460680.6:c.187_189delinsACC	unchanged
ENST00000460680.6:c.187_189delinsAGC	weakly depleted
ENST00000460680.6:c.187_188delinsAG	strongly depleted
ENST00000460680.6:c.187_189delinsCCC	unchanged
ENST00000460680.6:c.188_189delinsAC	unchanged
ENST00000460680.6:c.188_189delinsGC	unchanged
ENST00000460680.6:c.188_189delinsTC	unchanged
ENST00000460680.6:c.191_192delinsAT	weakly depleted
ENST00000460680.6:c.191_192delinsTT	weakly depleted
ENST00000460680.6:c.190_192delinsCCT	unchanged
ENST00000460680.6:c.190_192delinsGCT	enriched
ENST00000460680.6:c.193_195delinsAGC	unchanged
ENST00000460680.6:c.193_195delinsCTA	unchanged
ENST00000460680.6:c.193_195delinsCTC	unchanged
ENST00000460680.6:c.193_195delinsCTT	unchanged
ENST00000460680.6:c.193_195delinsGTC	unchanged
ENST00000460680.6:c.196_198delinsCTC	weakly depleted
ENST00000460680.6:c.197_198delinsAA	unchanged
ENST00000460680.6:c.197_198delinsGC	weakly depleted
ENST00000460680.6:c.199_201delinsAAC	unchanged
ENST00000460680.6:c.199_201delinsCAC	unchanged
ENST00000460680.6:c.200_201delinsGC	weakly depleted
ENST00000460680.6:c.200_201delinsTG	unchanged
ENST00000460680.6:c.199_201delinsTAC	unchanged
ENST00000460680.6:c.202_204delinsAAC	unchanged
ENST00000460680.6:c.202_204delinsCAC	enriched
ENST00000460680.6:c.203_204delinsGC	unchanged
ENST00000460680.6:c.203_204delinsTG	unchanged
ENST00000460680.6:c.202_204delinsTAC	unchanged
ENST00000460680.6:c.206_207delinsAA	weakly depleted
ENST00000460680.6:c.206_207delinsGC	weakly depleted
ENST00000460680.6:c.205_207delinsCCC	unchanged
ENST00000460680.6:c.205_206delinsCG	weakly depleted
ENST00000460680.6:c.208_210delinsACA	unchanged
ENST00000460680.6:c.208_209delinsAG	weakly depleted
ENST00000460680.6:c.208_210delinsAGT	weakly depleted
ENST00000460680.6:c.208_210delinsCCT	unchanged
ENST00000460680.6:c.208_210delinsGCT	unchanged
ENST00000460680.6:c.209_210delinsAT	strongly depleted
ENST00000460680.6:c.209_210delinsGT	strongly depleted
ENST00000460680.6:c.209_210delinsTT	strongly depleted
ENST00000460680.6:c.211_213delinsCTC	weakly depleted
ENST00000460680.6:c.212_213delinsAA	unchanged
ENST00000460680.6:c.212_213delinsGC	unchanged
ENST00000460680.6:c.215_216delinsAC	unchanged
ENST00000460680.6:c.215_216delinsCC	unchanged
ENST00000460680.6:c.215_216delinsGC	unchanged
ENST00000460680.6:c.214_216delinsCTG	unchanged
ENST00000460680.6:c.214_216delinsGTG	unchanged
ENST00000460680.6:c.214_216delinsTTC	unchanged
ENST00000460680.6:c.217_219delinsAAC	unchanged
ENST00000460680.6:c.217_219delinsCAC	unchanged
ENST00000460680.6:c.218_219delinsGC	unchanged
ENST00000460680.6:c.218_219delinsTG	unchanged
ENST00000460680.6:c.217_219delinsTAC	unchanged
ENST00000460680.6:c.220_222delinsAAC	unchanged
ENST00000460680.6:c.220_222delinsCAC	unchanged
ENST00000460680.6:c.221_222delinsGC	unchanged
ENST00000460680.6:c.221_222delinsTG	unchanged
ENST00000460680.6:c.220_222delinsTAC	unchanged
ENST00000460680.6:c.223_225delinsAAC	unchanged
ENST00000460680.6:c.223_225delinsCAC	unchanged
ENST00000460680.6:c.224_225delinsGC	unchanged
ENST00000460680.6:c.224_225delinsTG	unchanged
ENST00000460680.6:c.223_225delinsTAC	unchanged
ENST00000460680.6:c.227_228delinsAC	unchanged
ENST00000460680.6:c.227_228delinsCC	unchanged
ENST00000460680.6:c.227_228delinsGC	unchanged
ENST00000460680.6:c.226_228delinsCTG	unchanged
ENST00000460680.6:c.226_228delinsGTG	unchanged
ENST00000460680.6:c.226_228delinsTTC	unchanged
ENST00000460680.6:c.229_231delinsCTC	weakly depleted
ENST00000460680.6:c.230_231delinsAA	weakly depleted
ENST00000460680.6:c.230_231delinsGC	weakly depleted
ENST00000460680.6:c.233_234delinsCC	unchanged
ENST00000460680.6:c.233_234delinsGC	unchanged
ENST00000460680.6:c.233_234delinsTC	unchanged
ENST00000460680.6:c.232_234delinsCAC	unchanged
ENST00000460680.6:c.232_234delinsGAC	unchanged
ENST00000460680.6:c.232_234delinsTAC	unchanged
ENST00000460680.6:c.236_237delinsCA	unchanged
ENST00000460680.6:c.236_237delinsTT	weakly depleted
ENST00000460680.6:c.235_237delinsCAT	weakly depleted
ENST00000460680.6:c.235_237delinsGAT	unchanged
ENST00000460680.6:c.235_237delinsTAT	unchanged
ENST00000460680.6:c.235_236delinsTC	unchanged
ENST00000460680.6:c.239_240delinsAA	weakly depleted
ENST00000460680.6:c.239_240delinsCC	unchanged
ENST00000460680.6:c.238_239delinsCG	weakly depleted
ENST00000460680.6:c.238_240delinsCTC	weakly depleted
ENST00000460680.6:c.238_240delinsGTC	unchanged
ENST00000460680.6:c.241_242delinsAG	weakly depleted
ENST00000460680.6:c.241_243delinsATT	weakly depleted
ENST00000460680.6:c.241_243delinsCTG	weakly depleted
ENST00000460680.6:c.241_243delinsGTG	weakly depleted
ENST00000460680.6:c.242_243delinsAT	weakly depleted
ENST00000460680.6:c.242_243delinsGT	weakly depleted
ENST00000460680.6:c.244_246delinsAGC	weakly depleted
ENST00000460680.6:c.244_246delinsATC	weakly depleted
ENST00000460680.6:c.244_246delinsCTG	weakly depleted
ENST00000460680.6:c.244_246delinsGTG	weakly depleted
ENST00000460680.6:c.245_246delinsAC	unchanged
ENST00000460680.6:c.245_246delinsGC	weakly depleted
ENST00000460680.6:c.247_249delinsACA	weakly depleted
ENST00000460680.6:c.247_248delinsAG	unchanged
ENST00000460680.6:c.247_249delinsCCT	weakly depleted
ENST00000460680.6:c.248_249delinsAT	strongly depleted
ENST00000460680.6:c.248_249delinsGA	unchanged
ENST00000460680.6:c.248_249delinsTG	weakly depleted
ENST00000460680.6:c.250_252delinsAAT	weakly depleted
ENST00000460680.6:c.251_252delinsCT	weakly depleted
ENST00000460680.6:c.251_252delinsGG	weakly depleted
ENST00000460680.6:c.251_252delinsTG	weakly depleted
ENST00000460680.6:c.250_252delinsGAT	unchanged
ENST00000460680.6:c.250_252delinsTAT	unchanged
ENST00000460680.6:c.253_255delinsAAA	strongly depleted
ENST00000460680.6:c.253_255delinsAGA	strongly depleted
ENST00000460680.6:c.254_255delinsCC	strongly depleted
ENST00000460680.6:c.254_255delinsTC	strongly depleted
ENST00000460680.6:c.253_255delinsGAA	strongly depleted
ENST00000460680.6:c.256_258delinsAGA	unchanged
ENST00000460680.6:c.257_258delinsAA	unchanged
ENST00000460680.6:c.257_258delinsCC	weakly depleted
ENST00000460680.6:c.256_258delinsGTC	unchanged
ENST00000460680.6:c.256_258delinsTTA	unchanged
ENST00000460680.6:c.260_261delinsAG	unchanged
ENST00000460680.6:c.260_261delinsCC	unchanged
ENST00000460680.6:c.259_261delinsCGG	unchanged
ENST00000460680.6:c.259_261delinsCTG	unchanged
ENST00000460680.6:c.259_261delinsGTG	unchanged
ENST00000460680.6:c.262_264delinsACA	weakly depleted
ENST00000460680.6:c.262_263delinsAG	weakly depleted
ENST00000460680.6:c.263_264delinsAT	weakly depleted
ENST00000460680.6:c.263_264delinsGG	unchanged
ENST00000460680.6:c.263_264delinsTG	weakly depleted
ENST00000460680.6:c.262_264delinsGCT	weakly depleted
ENST00000460680.6:c.266_267delinsCA	weakly depleted
ENST00000460680.6:c.266_267delinsTT	strongly depleted
ENST00000460680.6:c.265_267delinsCAT	weakly depleted
ENST00000460680.6:c.265_267delinsGAT	unchanged
ENST00000460680.6:c.265_267delinsTAT	weakly depleted
ENST00000460680.6:c.265_266delinsTC	unchanged
ENST00000460680.6:c.268_270delinsACC	unchanged
ENST00000460680.6:c.268_270delinsAGC	unchanged
ENST00000460680.6:c.268_269delinsAG	unchanged
ENST00000460680.6:c.268_270delinsCCC	strongly depleted
ENST00000460680.6:c.269_270delinsAC	weakly depleted
ENST00000460680.6:c.269_270delinsGC	weakly depleted
ENST00000460680.6:c.269_270delinsTC	weakly depleted
ENST00000460680.6:c.271_273delinsAGC	strongly depleted
ENST00000460680.6:c.271_273delinsCGG	strongly depleted
ENST00000460680.6:c.271_273delinsGGC	strongly depleted
ENST00000460680.6:c.272_273delinsAA	strongly depleted
ENST00000460680.6:c.272_273delinsAC	strongly depleted
ENST00000460680.6:c.272_273delinsTC	strongly depleted
ENST00000460680.6:c.274_276delinsACC	strongly depleted
ENST00000460680.6:c.274_276delinsAGC	strongly depleted
ENST00000460680.6:c.274_276delinsCCC	strongly depleted
ENST00000460680.6:c.275_276delinsAG	strongly depleted
ENST00000460680.6:c.275_276delinsGC	enriched
ENST00000460680.6:c.275_276delinsTG	strongly depleted
ENST00000460680.6:c.278_279delinsAC	weakly depleted
ENST00000460680.6:c.278_279delinsGC	unchanged
ENST00000460680.6:c.278_279delinsTC	weakly depleted
ENST00000460680.6:c.277_279delinsCCC	strongly depleted
ENST00000460680.6:c.280_282delinsAAC	enriched
ENST00000460680.6:c.281_282delinsCC	weakly depleted
ENST00000460680.6:c.281_282delinsGG	strongly depleted
ENST00000460680.6:c.281_282delinsTG	unchanged
ENST00000460680.6:c.280_282delinsGAC	weakly depleted
ENST00000460680.6:c.280_282delinsTAC	unchanged
ENST00000460680.6:c.283_285delinsACA	weakly depleted
ENST00000460680.6:c.283_284delinsAG	strongly depleted
ENST00000460680.6:c.283_285delinsCCT	strongly depleted
ENST00000460680.6:c.284_285delinsAT	weakly depleted
ENST00000460680.6:c.284_285delinsGA	unchanged
ENST00000460680.6:c.284_285delinsTG	weakly depleted
ENST00000460680.6:c.286_288delinsAGC	weakly depleted
ENST00000460680.6:c.286_288delinsCTA	unchanged
ENST00000460680.6:c.286_288delinsCTC	weakly depleted
ENST00000460680.6:c.286_288delinsCTT	unchanged
ENST00000460680.6:c.286_288delinsGTC	unchanged
ENST00000460680.6:c.289_291delinsAGA	weakly depleted
ENST00000460680.6:c.290_291delinsAA	weakly depleted
ENST00000460680.6:c.290_291delinsCC	strongly depleted
ENST00000460680.6:c.289_291delinsGTC	unchanged
ENST00000460680.6:c.289_291delinsTTA	unchanged
ENST00000460680.6:c.293_294delinsAT	weakly depleted
ENST00000460680.6:c.293_294delinsCA	weakly depleted
ENST00000460680.6:c.293_294delinsTT	strongly depleted
ENST00000460680.6:c.292_294delinsCGG	strongly depleted
ENST00000460680.6:c.292_294delinsGGA	weakly depleted
ENST00000460680.6:c.292_294delinsTCA	weakly depleted
ENST00000460680.6:c.292_293delinsTC	weakly depleted
ENST00000460680.6:c.292_294delinsTCG	unchanged
ENST00000460680.6:c.292_294delinsTCT	weakly depleted
ENST00000460680.6:c.292_294delinsTGT	weakly depleted
ENST00000460680.6:c.295_297delinsCTC	weakly depleted
ENST00000460680.6:c.296_297delinsAA	strongly depleted
ENST00000460680.6:c.296_297delinsGC	strongly depleted
ENST00000460680.6:c.298_300delinsATT	unchanged
ENST00000460680.6:c.299_300delinsAT	strongly depleted
ENST00000460680.6:c.299_300delinsCT	strongly depleted
ENST00000460680.6:c.299_300delinsGG	strongly depleted
ENST00000460680.6:c.298_300delinsGTG	unchanged
ENST00000460680.6:c.298_300delinsTTA	unchanged
ENST00000460680.6:c.298_300delinsTTG	unchanged
ENST00000460680.6:c.298_300delinsTTT	unchanged
ENST00000460680.6:c.301_303delinsAGA	strongly depleted
ENST00000460680.6:c.302_303delinsAA	weakly depleted
ENST00000460680.6:c.302_303delinsCC	strongly depleted
ENST00000460680.6:c.301_303delinsGTC	unchanged
ENST00000460680.6:c.301_303delinsTTA	weakly depleted
ENST00000460680.6:c.305_306delinsCA	weakly depleted
ENST00000460680.6:c.305_306delinsTT	strongly depleted
ENST00000460680.6:c.304_306delinsCAT	weakly depleted
ENST00000460680.6:c.304_306delinsGAT	strongly depleted
ENST00000460680.6:c.304_306delinsTAT	strongly depleted
ENST00000460680.6:c.304_305delinsTC	weakly depleted
ENST00000460680.6:c.307_309delinsCGG	unchanged
ENST00000460680.6:c.307_309delinsGGA	unchanged
ENST00000460680.6:c.308_309delinsAA	strongly depleted
ENST00000460680.6:c.308_309delinsAT	unchanged
ENST00000460680.6:c.308_309delinsTT	weakly depleted
ENST00000460680.6:c.311_312delinsAT	unchanged
ENST00000460680.6:c.311_312delinsCA	unchanged
ENST00000460680.6:c.311_312delinsTT	unchanged
ENST00000460680.6:c.310_312delinsCGG	unchanged
ENST00000460680.6:c.310_312delinsGGA	unchanged
ENST00000460680.6:c.310_312delinsTCA	unchanged
ENST00000460680.6:c.310_311delinsTC	unchanged
ENST00000460680.6:c.310_312delinsTCG	unchanged
ENST00000460680.6:c.310_312delinsTCT	unchanged
ENST00000460680.6:c.310_312delinsTGT	unchanged
ENST00000460680.6:c.314_315delinsAT	unchanged
ENST00000460680.6:c.314_315delinsCA	unchanged
ENST00000460680.6:c.314_315delinsTT	unchanged
ENST00000460680.6:c.313_315delinsCGG	unchanged
ENST00000460680.6:c.313_315delinsGGA	unchanged
ENST00000460680.6:c.313_315delinsTCA	unchanged
ENST00000460680.6:c.313_314delinsTC	unchanged
ENST00000460680.6:c.313_315delinsTCG	unchanged
ENST00000460680.6:c.313_315delinsTCT	unchanged
ENST00000460680.6:c.313_315delinsTGT	unchanged
ENST00000460680.6:c.316_318delinsCTC	unchanged
ENST00000460680.6:c.317_318delinsAA	unchanged
ENST00000460680.6:c.317_318delinsGC	weakly depleted
ENST00000460680.6:c.319_321delinsAAT	unchanged
ENST00000460680.6:c.319_321delinsCAT	unchanged
ENST00000460680.6:c.320_321delinsCT	unchanged
ENST00000460680.6:c.320_321delinsGA	unchanged
ENST00000460680.6:c.320_321delinsTG	unchanged
ENST00000460680.6:c.319_321delinsTAT	unchanged
ENST00000460680.6:c.322_324delinsAGA	weakly depleted
ENST00000460680.6:c.323_324delinsAA	weakly depleted
ENST00000460680.6:c.323_324delinsCC	unchanged
ENST00000460680.6:c.322_324delinsGTC	unchanged
ENST00000460680.6:c.322_324delinsTTA	unchanged
ENST00000460680.6:c.325_327delinsCGG	weakly depleted
ENST00000460680.6:c.326_327delinsAG	weakly depleted
ENST00000460680.6:c.326_327delinsTG	strongly depleted
ENST00000460680.6:c.325_326delinsTA	strongly depleted
ENST00000460680.6:c.328_330delinsACA	unchanged
ENST00000460680.6:c.328_329delinsAG	unchanged
ENST00000460680.6:c.329_330delinsAT	unchanged
ENST00000460680.6:c.329_330delinsGG	unchanged
ENST00000460680.6:c.329_330delinsTG	unchanged
ENST00000460680.6:c.328_330delinsGCT	unchanged
ENST00000460680.6:c.332_333delinsAT	unchanged
ENST00000460680.6:c.332_333delinsTT	unchanged
ENST00000460680.6:c.331_333delinsCCT	unchanged
ENST00000460680.6:c.331_333delinsGCT	unchanged
ENST00000460680.6:c.334_336delinsAGA	strongly depleted
ENST00000460680.6:c.335_336delinsAA	strongly depleted
ENST00000460680.6:c.335_336delinsCC	strongly depleted
ENST00000460680.6:c.334_336delinsGTC	weakly depleted
ENST00000460680.6:c.334_336delinsTTA	unchanged
ENST00000460680.6:c.338_339delinsAC	unchanged
ENST00000460680.6:c.338_339delinsCC	unchanged
ENST00000460680.6:c.338_339delinsTC	unchanged
ENST00000460680.6:c.337_339delinsCGG	unchanged
ENST00000460680.6:c.337_339delinsGGC	unchanged
ENST00000460680.6:c.337_339delinsTCA	unchanged
ENST00000460680.6:c.337_339delinsTCC	unchanged
ENST00000460680.6:c.337_339delinsTCG	unchanged
ENST00000460680.6:c.337_338delinsTC	unchanged
ENST00000460680.6:c.337_339delinsTGC	unchanged
ENST00000460680.6:c.340_342delinsAGA	unchanged
ENST00000460680.6:c.340_342delinsAGG	unchanged
ENST00000460680.6:c.341_342delinsAT	unchanged
ENST00000460680.6:c.341_342delinsCT	unchanged
ENST00000460680.6:c.341_342delinsTG	unchanged
ENST00000460680.6:c.340_342delinsGGA	unchanged
ENST00000460680.6:c.340_341delinsTC	unchanged
ENST00000460680.6:c.340_342delinsTGT	unchanged
ENST00000460680.6:c.344_345delinsAA	weakly depleted
ENST00000460680.6:c.344_345delinsCC	weakly depleted
ENST00000460680.6:c.343_344delinsCG	strongly depleted
ENST00000460680.6:c.343_345delinsCTC	unchanged
ENST00000460680.6:c.343_345delinsGTC	weakly depleted
ENST00000460680.6:c.347_348delinsCC	unchanged
ENST00000460680.6:c.346_348delinsCAA	unchanged
ENST00000460680.6:c.346_347delinsCG	unchanged
ENST00000460680.6:c.346_348delinsGAA	unchanged
ENST00000460680.6:c.349_351delinsAAT	unchanged
ENST00000460680.6:c.349_351delinsCAT	unchanged
ENST00000460680.6:c.350_351delinsCT	unchanged
ENST00000460680.6:c.350_351delinsGA	unchanged
ENST00000460680.6:c.350_351delinsTG	unchanged
ENST00000460680.6:c.349_351delinsTAT	unchanged
ENST00000460680.6:c.352_353delinsAG	unchanged
ENST00000460680.6:c.352_354delinsATT	unchanged
ENST00000460680.6:c.352_354delinsCTG	enriched
ENST00000460680.6:c.352_354delinsGTG	unchanged
ENST00000460680.6:c.353_354delinsAT	unchanged
ENST00000460680.6:c.353_354delinsGT	unchanged
ENST00000460680.6:c.356_357delinsAT	unchanged
ENST00000460680.6:c.356_357delinsTT	unchanged
ENST00000460680.6:c.355_357delinsCCT	weakly depleted
ENST00000460680.6:c.355_357delinsGCT	unchanged
ENST00000460680.6:c.359_360delinsCC	unchanged
ENST00000460680.6:c.358_360delinsCAA	unchanged
ENST00000460680.6:c.358_359delinsCG	unchanged
ENST00000460680.6:c.358_360delinsGAA	unchanged
ENST00000460680.6:c.361_363delinsAGC	unchanged
ENST00000460680.6:c.361_363delinsCGG	unchanged
ENST00000460680.6:c.362_363delinsAC	unchanged
ENST00000460680.6:c.362_363delinsTG	unchanged
ENST00000460680.6:c.361_363delinsTGC	unchanged
ENST00000460680.6:c.364_365delinsAG	enriched
ENST00000460680.6:c.364_366delinsATT	unchanged
ENST00000460680.6:c.364_366delinsCTG	unchanged
ENST00000460680.6:c.364_366delinsGTG	unchanged
ENST00000460680.6:c.365_366delinsAT	unchanged
ENST00000460680.6:c.365_366delinsGT	unchanged
ENST00000460680.6:c.368_369delinsAT	unchanged
ENST00000460680.6:c.368_369delinsCA	unchanged
ENST00000460680.6:c.368_369delinsTT	unchanged
ENST00000460680.6:c.367_369delinsCGG	unchanged
ENST00000460680.6:c.367_369delinsGGA	unchanged
ENST00000460680.6:c.367_369delinsTCA	unchanged
ENST00000460680.6:c.367_368delinsTC	unchanged
ENST00000460680.6:c.367_369delinsTCG	unchanged
ENST00000460680.6:c.367_369delinsTCT	unchanged
ENST00000460680.6:c.367_369delinsTGT	unchanged
ENST00000460680.6:c.370_372delinsACC	weakly depleted
ENST00000460680.6:c.370_372delinsAGC	unchanged
ENST00000460680.6:c.371_372delinsAC	weakly depleted
ENST00000460680.6:c.371_372delinsGG	weakly depleted
ENST00000460680.6:c.371_372delinsTG	weakly depleted
ENST00000460680.6:c.373_375delinsAAA	strongly depleted
ENST00000460680.6:c.373_375delinsCAA	strongly depleted
ENST00000460680.6:c.374_375delinsGC	strongly depleted
ENST00000460680.6:c.374_375delinsTC	strongly depleted
ENST00000460680.6:c.377_378delinsAT	unchanged
ENST00000460680.6:c.377_378delinsCA	unchanged
ENST00000460680.6:c.377_378delinsTT	unchanged
ENST00000460680.6:c.376_378delinsCGG	weakly depleted
ENST00000460680.6:c.376_378delinsGGA	unchanged
ENST00000460680.6:c.376_378delinsTCA	unchanged
ENST00000460680.6:c.376_377delinsTC	unchanged
ENST00000460680.6:c.376_378delinsTCG	unchanged
ENST00000460680.6:c.376_378delinsTCT	unchanged
ENST00000460680.6:c.376_378delinsTGT	unchanged
ENST00000460680.6:c.380_381delinsCC	unchanged
ENST00000460680.6:c.380_381delinsTC	unchanged
ENST00000460680.6:c.379_381delinsCAG	unchanged
ENST00000460680.6:c.379_381delinsCGG	unchanged
ENST00000460680.6:c.379_381delinsGAG	strongly depleted
ENST00000460680.6:c.382_384delinsCGG	strongly depleted
ENST00000460680.6:c.383_384delinsAG	weakly depleted
ENST00000460680.6:c.383_384delinsTG	strongly depleted
ENST00000460680.6:c.382_383delinsTA	strongly depleted
ENST00000460680.6:c.385_387delinsAAC	unchanged
ENST00000460680.6:c.385_387delinsAGC	unchanged
ENST00000460680.6:c.385_387delinsCAC	unchanged
ENST00000460680.6:c.385_387delinsGAC	unchanged
ENST00000460680.6:c.386_387delinsGC	unchanged
ENST00000460680.6:c.386_387delinsTC	unchanged
ENST00000460680.6:c.388_390delinsACC	unchanged
ENST00000460680.6:c.388_390delinsAGC	unchanged
ENST00000460680.6:c.388_390delinsCCC	strongly depleted
ENST00000460680.6:c.389_390delinsAA	weakly depleted
ENST00000460680.6:c.389_390delinsGC	unchanged
ENST00000460680.6:c.389_390delinsTC	unchanged
ENST00000460680.6:c.392_393delinsAC	weakly depleted
ENST00000460680.6:c.392_393delinsCC	unchanged
ENST00000460680.6:c.392_393delinsGC	weakly depleted
ENST00000460680.6:c.391_393delinsCTG	unchanged
ENST00000460680.6:c.391_393delinsGTG	unchanged
ENST00000460680.6:c.391_393delinsTTC	unchanged
ENST00000460680.6:c.394_396delinsCGG	unchanged
ENST00000460680.6:c.395_396delinsAT	unchanged
ENST00000460680.6:c.395_396delinsCT	unchanged
ENST00000460680.6:c.395_396delinsTG	unchanged
ENST00000460680.6:c.394_395delinsTC	unchanged
ENST00000460680.6:c.394_396delinsTGT	unchanged
ENST00000460680.6:c.398_399delinsCC	unchanged
ENST00000460680.6:c.398_399delinsGC	unchanged
ENST00000460680.6:c.398_399delinsTC	unchanged
ENST00000460680.6:c.397_399delinsCAC	unchanged
ENST00000460680.6:c.397_399delinsGAC	enriched
ENST00000460680.6:c.397_399delinsTAC	unchanged
ENST00000460680.6:c.400_402delinsACA	unchanged
ENST00000460680.6:c.400_401delinsAG	unchanged
ENST00000460680.6:c.400_402delinsCCT	unchanged
ENST00000460680.6:c.401_402delinsAT	unchanged
ENST00000460680.6:c.401_402delinsGA	unchanged
ENST00000460680.6:c.401_402delinsTG	unchanged
ENST00000460680.6:c.403_405delinsACC	unchanged
ENST00000460680.6:c.403_405delinsAGA	unchanged
ENST00000460680.6:c.403_405delinsAGC	weakly depleted
ENST00000460680.6:c.404_405delinsAA	unchanged
ENST00000460680.6:c.404_405delinsTC	unchanged
ENST00000460680.6:c.406_408delinsAAA	unchanged
ENST00000460680.6:c.406_408delinsCAA	unchanged
ENST00000460680.6:c.407_408delinsGC	unchanged
ENST00000460680.6:c.407_408delinsTC	unchanged
ENST00000460680.6:c.409_411delinsAGC	weakly depleted
ENST00000460680.6:c.409_411delinsCTA	unchanged
ENST00000460680.6:c.409_411delinsCTC	enriched
ENST00000460680.6:c.409_411delinsCTT	unchanged
ENST00000460680.6:c.409_411delinsGTC	unchanged
ENST00000460680.6:c.412_414delinsACA	unchanged
ENST00000460680.6:c.412_413delinsAG	unchanged
ENST00000460680.6:c.412_414delinsCCT	unchanged
ENST00000460680.6:c.413_414delinsAT	unchanged
ENST00000460680.6:c.413_414delinsGA	unchanged
ENST00000460680.6:c.413_414delinsTG	unchanged
ENST00000460680.6:c.416_417delinsCC	unchanged
ENST00000460680.6:c.415_417delinsCAA	unchanged
ENST00000460680.6:c.415_416delinsCG	unchanged
ENST00000460680.6:c.415_417delinsGAA	unchanged
ENST00000460680.6:c.418_420delinsACA	unchanged
ENST00000460680.6:c.418_419delinsAG	unchanged
ENST00000460680.6:c.418_420delinsCCT	enriched
ENST00000460680.6:c.419_420delinsAT	unchanged
ENST00000460680.6:c.419_420delinsGA	unchanged
ENST00000460680.6:c.419_420delinsTG	unchanged
ENST00000460680.6:c.421_423delinsAAC	weakly depleted
ENST00000460680.6:c.422_423delinsCC	strongly depleted
ENST00000460680.6:c.422_423delinsGG	strongly depleted
ENST00000460680.6:c.422_423delinsTG	weakly depleted
ENST00000460680.6:c.421_423delinsGAC	strongly depleted
ENST00000460680.6:c.421_423delinsTAC	strongly depleted
ENST00000460680.6:c.425_426delinsCC	unchanged
ENST00000460680.6:c.425_426delinsGC	unchanged
ENST00000460680.6:c.425_426delinsTC	enriched
ENST00000460680.6:c.424_426delinsCAC	unchanged
ENST00000460680.6:c.424_426delinsGAC	unchanged
ENST00000460680.6:c.424_426delinsTAC	enriched
ENST00000460680.6:c.428_429delinsAT	unchanged
ENST00000460680.6:c.428_429delinsCA	unchanged
ENST00000460680.6:c.428_429delinsTT	unchanged
ENST00000460680.6:c.427_429delinsCGG	unchanged
ENST00000460680.6:c.427_429delinsGGA	unchanged
ENST00000460680.6:c.427_429delinsTCA	unchanged
ENST00000460680.6:c.427_428delinsTC	enriched
ENST00000460680.6:c.427_429delinsTCG	unchanged
ENST00000460680.6:c.427_429delinsTCT	unchanged
ENST00000460680.6:c.427_429delinsTGT	unchanged
ENST00000460680.6:c.430_432delinsAAC	unchanged
ENST00000460680.6:c.431_432delinsCC	strongly depleted
ENST00000460680.6:c.431_432delinsGG	enriched
ENST00000460680.6:c.431_432delinsTG	weakly depleted
ENST00000460680.6:c.430_432delinsGAC	strongly depleted
ENST00000460680.6:c.430_432delinsTAC	enriched
ENST00000460680.6:c.433_435delinsACA	unchanged
ENST00000460680.6:c.433_434delinsAG	unchanged
ENST00000460680.6:c.433_435delinsCCT	unchanged
ENST00000460680.6:c.434_435delinsAT	unchanged
ENST00000460680.6:c.434_435delinsGA	unchanged
ENST00000460680.6:c.434_435delinsTG	unchanged
ENST00000460680.6:c.439_441delinsACA	unchanged
ENST00000460680.6:c.439_440delinsAG	unchanged
ENST00000460680.6:c.440_441delinsAT	unchanged
ENST00000460680.6:c.440_441delinsGG	weakly depleted
ENST00000460680.6:c.440_441delinsTG	unchanged
ENST00000460680.6:c.439_441delinsGCT	unchanged
ENST00000460680.6:c.442_444delinsAAA	weakly depleted
ENST00000460680.6:c.442_444delinsCAA	weakly depleted
ENST00000460680.6:c.443_444delinsGC	weakly depleted
ENST00000460680.6:c.443_444delinsTC	weakly depleted
ENST00000460680.6:c.445_447delinsACC	unchanged
ENST00000460680.6:c.445_447delinsAGC	weakly depleted
ENST00000460680.6:c.446_447delinsAG	weakly depleted
ENST00000460680.6:c.446_447delinsGG	weakly depleted
ENST00000460680.6:c.446_447delinsTG	unchanged
ENST00000460680.6:c.448_450delinsAGA	unchanged
ENST00000460680.6:c.448_450delinsAGG	unchanged
ENST00000460680.6:c.449_450delinsAT	unchanged
ENST00000460680.6:c.449_450delinsCT	unchanged
ENST00000460680.6:c.449_450delinsTG	unchanged
ENST00000460680.6:c.448_450delinsGGA	unchanged
ENST00000460680.6:c.448_449delinsTC	unchanged
ENST00000460680.6:c.448_450delinsTGT	weakly depleted
ENST00000460680.6:c.451_453delinsAAT	unchanged
ENST00000460680.6:c.452_453delinsCT	unchanged
ENST00000460680.6:c.452_453delinsGG	unchanged
ENST00000460680.6:c.452_453delinsTG	unchanged
ENST00000460680.6:c.451_453delinsGAT	weakly depleted
ENST00000460680.6:c.451_453delinsTAT	weakly depleted
ENST00000460680.6:c.454_456delinsATT	unchanged
ENST00000460680.6:c.455_456delinsAT	weakly depleted
ENST00000460680.6:c.455_456delinsCT	unchanged
ENST00000460680.6:c.455_456delinsGG	unchanged
ENST00000460680.6:c.454_456delinsGTG	unchanged
ENST00000460680.6:c.454_456delinsTTA	unchanged
ENST00000460680.6:c.454_456delinsTTG	unchanged
ENST00000460680.6:c.454_456delinsTTT	unchanged
ENST00000460680.6:c.457_459delinsACC	unchanged
ENST00000460680.6:c.457_459delinsAGC	unchanged
ENST00000460680.6:c.458_459delinsAC	unchanged
ENST00000460680.6:c.458_459delinsGG	unchanged
ENST00000460680.6:c.458_459delinsTG	unchanged
ENST00000460680.6:c.460_462delinsAAA	unchanged
ENST00000460680.6:c.460_462delinsCAA	unchanged
ENST00000460680.6:c.461_462delinsGC	unchanged
ENST00000460680.6:c.461_462delinsTC	unchanged
ENST00000460680.6:c.464_465delinsCC	unchanged
ENST00000460680.6:c.463_465delinsCAA	unchanged
ENST00000460680.6:c.463_464delinsCG	unchanged
ENST00000460680.6:c.463_465delinsGAA	weakly depleted
ENST00000460680.6:c.466_468delinsAAA	unchanged
ENST00000460680.6:c.466_468delinsAGA	unchanged
ENST00000460680.6:c.467_468delinsCC	unchanged
ENST00000460680.6:c.467_468delinsTC	unchanged
ENST00000460680.6:c.466_468delinsGAA	unchanged
ENST00000460680.6:c.470_471delinsCC	unchanged
ENST00000460680.6:c.470_471delinsGC	unchanged
ENST00000460680.6:c.470_471delinsTC	unchanged
ENST00000460680.6:c.469_471delinsCAC	weakly depleted
ENST00000460680.6:c.469_471delinsGAC	unchanged
ENST00000460680.6:c.469_471delinsTAC	unchanged
ENST00000460680.6:c.472_474delinsCGG	unchanged
ENST00000460680.6:c.473_474delinsAT	weakly depleted
ENST00000460680.6:c.473_474delinsCT	weakly depleted
ENST00000460680.6:c.473_474delinsTG	unchanged
ENST00000460680.6:c.472_473delinsTC	unchanged
ENST00000460680.6:c.472_474delinsTGT	unchanged
ENST00000460680.6:c.475_477delinsATC	unchanged
ENST00000460680.6:c.476_477delinsAC	unchanged
ENST00000460680.6:c.476_477delinsCC	unchanged
ENST00000460680.6:c.476_477delinsGG	weakly depleted
ENST00000460680.6:c.475_477delinsGTG	unchanged
ENST00000460680.6:c.475_477delinsTTA	unchanged
ENST00000460680.6:c.475_477delinsTTC	unchanged
ENST00000460680.6:c.475_477delinsTTG	unchanged
ENST00000460680.6:c.479_480delinsAC	unchanged
ENST00000460680.6:c.479_480delinsCC	unchanged
ENST00000460680.6:c.479_480delinsTC	enriched
ENST00000460680.6:c.478_480delinsCGG	unchanged
ENST00000460680.6:c.478_480delinsGGC	unchanged
ENST00000460680.6:c.478_480delinsTCA	unchanged
ENST00000460680.6:c.478_480delinsTCC	unchanged
ENST00000460680.6:c.478_480delinsTCG	unchanged
ENST00000460680.6:c.478_479delinsTC	unchanged
ENST00000460680.6:c.478_480delinsTGC	enriched
ENST00000460680.6:c.481_483delinsACC	unchanged
ENST00000460680.6:c.481_483delinsAGC	unchanged
ENST00000460680.6:c.481_483delinsCCC	weakly depleted
ENST00000460680.6:c.482_483delinsAG	weakly depleted
ENST00000460680.6:c.482_483delinsGC	unchanged
ENST00000460680.6:c.482_483delinsTG	enriched
ENST00000460680.6:c.484_486delinsCTC	unchanged
ENST00000460680.6:c.485_486delinsAA	unchanged
ENST00000460680.6:c.485_486delinsGC	unchanged
ENST00000460680.6:c.487_489delinsAGA	unchanged
ENST00000460680.6:c.488_489delinsAA	unchanged
ENST00000460680.6:c.488_489delinsCC	unchanged
ENST00000460680.6:c.488_489delinsTC	unchanged
ENST00000460680.6:c.487_489delinsGGC	unchanged
ENST00000460680.6:c.491_492delinsAT	unchanged
ENST00000460680.6:c.491_492delinsTT	unchanged
ENST00000460680.6:c.490_492delinsCCT	enriched
ENST00000460680.6:c.490_492delinsGCT	unchanged
ENST00000460680.6:c.494_495delinsAA	unchanged
ENST00000460680.6:c.494_495delinsCC	unchanged
ENST00000460680.6:c.493_494delinsCG	unchanged
ENST00000460680.6:c.493_495delinsCTC	unchanged
ENST00000460680.6:c.493_495delinsGTC	unchanged
ENST00000460680.6:c.496_498delinsAAA	weakly depleted
ENST00000460680.6:c.496_498delinsCAA	weakly depleted
ENST00000460680.6:c.497_498delinsGC	weakly depleted
ENST00000460680.6:c.497_498delinsTC	unchanged
ENST00000460680.6:c.499_501delinsACC	unchanged
ENST00000460680.6:c.499_501delinsAGC	unchanged
ENST00000460680.6:c.499_501delinsCCC	weakly depleted
ENST00000460680.6:c.500_501delinsAA	weakly depleted
ENST00000460680.6:c.500_501delinsGC	weakly depleted
ENST00000460680.6:c.500_501delinsTC	unchanged
ENST00000460680.6:c.502_503delinsAG	strongly depleted
ENST00000460680.6:c.502_504delinsATT	strongly depleted
ENST00000460680.6:c.502_504delinsCTG	strongly depleted
ENST00000460680.6:c.502_504delinsGTG	strongly depleted
ENST00000460680.6:c.503_504delinsAT	unchanged
ENST00000460680.6:c.503_504delinsGT	weakly depleted
ENST00000460680.6:c.505_507delinsAAT	strongly depleted
ENST00000460680.6:c.506_507delinsCT	strongly depleted
ENST00000460680.6:c.506_507delinsGG	strongly depleted
ENST00000460680.6:c.506_507delinsTG	strongly depleted
ENST00000460680.6:c.505_507delinsGAT	strongly depleted
ENST00000460680.6:c.505_507delinsTAT	strongly depleted
ENST00000460680.6:c.508_510delinsAGC	strongly depleted
ENST00000460680.6:c.508_510delinsATC	strongly depleted
ENST00000460680.6:c.508_510delinsCTG	strongly depleted
ENST00000460680.6:c.508_510delinsGTG	strongly depleted
ENST00000460680.6:c.509_510delinsAC	unchanged
ENST00000460680.6:c.509_510delinsGC	strongly depleted
ENST00000460680.6:c.511_513delinsATT	unchanged
ENST00000460680.6:c.511_513delinsCTG	weakly depleted
ENST00000460680.6:c.512_513delinsAT	strongly depleted
ENST00000460680.6:c.512_513delinsCT	unchanged
ENST00000460680.6:c.512_513delinsGA	weakly depleted
ENST00000460680.6:c.511_513delinsTTT	strongly depleted
ENST00000460680.6:c.515_516delinsAT	weakly depleted
ENST00000460680.6:c.515_516delinsCA	weakly depleted
ENST00000460680.6:c.515_516delinsTT	strongly depleted
ENST00000460680.6:c.514_516delinsCGG	strongly depleted
ENST00000460680.6:c.514_516delinsGGA	enriched
ENST00000460680.6:c.514_516delinsTCA	unchanged
ENST00000460680.6:c.514_515delinsTC	unchanged
ENST00000460680.6:c.514_516delinsTCG	unchanged
ENST00000460680.6:c.514_516delinsTCT	unchanged
ENST00000460680.6:c.514_516delinsTGT	unchanged
ENST00000460680.6:c.517_519delinsAAC	strongly depleted
ENST00000460680.6:c.517_519delinsAGC	strongly depleted
ENST00000460680.6:c.517_519delinsCAC	strongly depleted
ENST00000460680.6:c.517_519delinsGAC	strongly depleted
ENST00000460680.6:c.518_519delinsGC	strongly depleted
ENST00000460680.6:c.518_519delinsTC	unchanged
ENST00000460680.6:c.520_522delinsCTC	unchanged
ENST00000460680.6:c.521_522delinsAA	strongly depleted
ENST00000460680.6:c.521_522delinsGC	strongly depleted
ENST00000460680.6:c.523_525delinsACC	weakly depleted
ENST00000460680.6:c.523_525delinsAGC	strongly depleted
ENST00000460680.6:c.524_525delinsAC	weakly depleted
ENST00000460680.6:c.524_525delinsGG	strongly depleted
ENST00000460680.6:c.524_525delinsTG	strongly depleted
ENST00000460680.6:c.527_528delinsAT	unchanged
ENST00000460680.6:c.527_528delinsCA	weakly depleted
ENST00000460680.6:c.526_528delinsCTG	unchanged
ENST00000460680.6:c.526_528delinsGTG	unchanged
ENST00000460680.6:c.526_527delinsTC	unchanged
ENST00000460680.6:c.526_528delinsTTT	unchanged
ENST00000460680.6:c.530_531delinsAG	unchanged
ENST00000460680.6:c.530_531delinsGC	unchanged
ENST00000460680.6:c.530_531delinsTC	unchanged
ENST00000460680.6:c.529_531delinsCCC	strongly depleted
ENST00000460680.6:c.529_531delinsCGG	unchanged
ENST00000460680.6:c.532_534delinsCGG	unchanged
ENST00000460680.6:c.533_534delinsAT	unchanged
ENST00000460680.6:c.533_534delinsCT	weakly depleted
ENST00000460680.6:c.533_534delinsTG	strongly depleted
ENST00000460680.6:c.532_533delinsTC	weakly depleted
ENST00000460680.6:c.532_534delinsTGT	weakly depleted
ENST00000460680.6:c.535_537delinsAGA	unchanged
ENST00000460680.6:c.536_537delinsAA	weakly depleted
ENST00000460680.6:c.536_537delinsCC	strongly depleted
ENST00000460680.6:c.536_537delinsTC	weakly depleted
ENST00000460680.6:c.535_537delinsGGC	weakly depleted
ENST00000460680.6:c.538_540delinsATT	unchanged
ENST00000460680.6:c.539_540delinsAT	strongly depleted
ENST00000460680.6:c.539_540delinsCT	strongly depleted
ENST00000460680.6:c.539_540delinsGG	strongly depleted
ENST00000460680.6:c.538_540delinsGTG	enriched
ENST00000460680.6:c.538_540delinsTTA	unchanged
ENST00000460680.6:c.538_540delinsTTG	unchanged
ENST00000460680.6:c.538_540delinsTTT	strongly depleted
ENST00000460680.6:c.541_543delinsAGC	strongly depleted
ENST00000460680.6:c.541_543delinsATC	unchanged
ENST00000460680.6:c.541_543delinsCTG	unchanged
ENST00000460680.6:c.541_543delinsGTG	enriched
ENST00000460680.6:c.542_543delinsAC	unchanged
ENST00000460680.6:c.542_543delinsGC	unchanged
ENST00000460680.6:c.544_546delinsAAA	strongly depleted
ENST00000460680.6:c.544_546delinsCAA	weakly depleted
ENST00000460680.6:c.545_546delinsGC	strongly depleted
ENST00000460680.6:c.545_546delinsTC	strongly depleted
ENST00000460680.6:c.547_549delinsAGA	strongly depleted
ENST00000460680.6:c.548_549delinsAA	weakly depleted
ENST00000460680.6:c.548_549delinsCC	strongly depleted
ENST00000460680.6:c.547_549delinsGTC	unchanged
ENST00000460680.6:c.547_549delinsTTA	unchanged
ENST00000460680.6:c.550_552delinsAAC	weakly depleted
ENST00000460680.6:c.550_552delinsCAC	strongly depleted
ENST00000460680.6:c.551_552delinsGC	strongly depleted
ENST00000460680.6:c.551_552delinsTG	strongly depleted
ENST00000460680.6:c.550_552delinsTAC	strongly depleted
ENST00000460680.6:c.553_555delinsAGA	strongly depleted
ENST00000460680.6:c.554_555delinsAA	strongly depleted
ENST00000460680.6:c.554_555delinsTC	strongly depleted
ENST00000460680.6:c.556_558delinsAGA	strongly depleted
ENST00000460680.6:c.557_558delinsAA	strongly depleted
ENST00000460680.6:c.557_558delinsCC	strongly depleted
ENST00000460680.6:c.556_558delinsGTC	weakly depleted
ENST00000460680.6:c.556_558delinsTTA	weakly depleted
ENST00000460680.6:c.560_561delinsCC	weakly depleted
ENST00000460680.6:c.559_561delinsCAA	unchanged
ENST00000460680.6:c.559_560delinsCG	weakly depleted
ENST00000460680.6:c.559_561delinsGAA	weakly depleted
ENST00000460680.6:c.562_564delinsATT	unchanged
ENST00000460680.6:c.562_564delinsCTG	unchanged
ENST00000460680.6:c.563_564delinsAT	unchanged
ENST00000460680.6:c.563_564delinsCT	unchanged
ENST00000460680.6:c.563_564delinsGA	unchanged
ENST00000460680.6:c.562_564delinsTTT	unchanged
ENST00000460680.6:c.565_567delinsAAT	weakly depleted
ENST00000460680.6:c.565_566delinsAG	unchanged
ENST00000460680.6:c.565_567delinsCAT	unchanged
ENST00000460680.6:c.565_567delinsGAT	unchanged
ENST00000460680.6:c.566_567delinsGT	unchanged
ENST00000460680.6:c.566_567delinsTT	unchanged
ENST00000460680.6:c.568_570delinsACA	weakly depleted
ENST00000460680.6:c.568_569delinsAG	weakly depleted
ENST00000460680.6:c.569_570delinsAT	weakly depleted
ENST00000460680.6:c.569_570delinsGG	strongly depleted
ENST00000460680.6:c.569_570delinsTG	strongly depleted
ENST00000460680.6:c.568_570delinsGCT	weakly depleted
ENST00000460680.6:c.572_573delinsAC	weakly depleted
ENST00000460680.6:c.572_573delinsCC	unchanged
ENST00000460680.6:c.572_573delinsGC	weakly depleted
ENST00000460680.6:c.571_573delinsCTG	unchanged
ENST00000460680.6:c.571_573delinsGTG	unchanged
ENST00000460680.6:c.571_573delinsTTC	weakly depleted
ENST00000460680.6:c.574_576delinsAAT	unchanged
ENST00000460680.6:c.574_576delinsCAT	weakly depleted
ENST00000460680.6:c.575_576delinsCT	weakly depleted
ENST00000460680.6:c.575_576delinsGA	weakly depleted
ENST00000460680.6:c.575_576delinsTG	weakly depleted
ENST00000460680.6:c.574_576delinsTAT	weakly depleted
ENST00000460680.6:c.577_579delinsAAC	weakly depleted
ENST00000460680.6:c.578_579delinsCC	strongly depleted
ENST00000460680.6:c.578_579delinsGG	weakly depleted
ENST00000460680.6:c.578_579delinsTG	weakly depleted
ENST00000460680.6:c.577_579delinsGAC	strongly depleted
ENST00000460680.6:c.577_579delinsTAC	unchanged
ENST00000460680.6:c.583_585delinsACA	unchanged
ENST00000460680.6:c.583_584delinsAG	weakly depleted
ENST00000460680.6:c.584_585delinsAT	weakly depleted
ENST00000460680.6:c.584_585delinsGG	weakly depleted
ENST00000460680.6:c.584_585delinsTG	weakly depleted
ENST00000460680.6:c.583_585delinsGCT	weakly depleted
ENST00000460680.6:c.586_588delinsAGA	strongly depleted
ENST00000460680.6:c.586_588delinsAGC	weakly depleted
ENST00000460680.6:c.586_587delinsCT	unchanged
ENST00000460680.6:c.586_588delinsGGC	strongly depleted
ENST00000460680.6:c.587_588delinsAA	strongly depleted
ENST00000460680.6:c.589_591delinsAGA	unchanged
ENST00000460680.6:c.590_591delinsAA	unchanged
ENST00000460680.6:c.590_591delinsTC	unchanged
ENST00000460680.6:c.592_594delinsAAA	unchanged
ENST00000460680.6:c.592_594delinsCAA	unchanged
ENST00000460680.6:c.593_594delinsGC	unchanged
ENST00000460680.6:c.593_594delinsTC	unchanged
ENST00000460680.6:c.595_597delinsAAT	unchanged
ENST00000460680.6:c.595_597delinsCAT	unchanged
ENST00000460680.6:c.596_597delinsCT	unchanged
ENST00000460680.6:c.596_597delinsGA	strongly depleted
ENST00000460680.6:c.596_597delinsTG	weakly depleted
ENST00000460680.6:c.595_597delinsTAT	unchanged
ENST00000460680.6:c.598_600delinsAAA	weakly depleted
ENST00000460680.6:c.598_600delinsCAA	unchanged
ENST00000460680.6:c.599_600delinsGC	weakly depleted
ENST00000460680.6:c.599_600delinsTC	unchanged
ENST00000460680.6:c.601_603delinsAAA	unchanged
ENST00000460680.6:c.601_603delinsCAA	unchanged
ENST00000460680.6:c.602_603delinsGC	strongly depleted
ENST00000460680.6:c.602_603delinsTC	weakly depleted
ENST00000460680.6:c.604_606delinsAGA	strongly depleted
ENST00000460680.6:c.604_606delinsAGC	strongly depleted
ENST00000460680.6:c.604_605delinsCT	strongly depleted
ENST00000460680.6:c.604_606delinsGGC	strongly depleted
ENST00000460680.6:c.605_606delinsAA	strongly depleted
ENST00000460680.6:c.608_609delinsAG	weakly depleted
ENST00000460680.6:c.608_609delinsGC	unchanged
ENST00000460680.6:c.608_609delinsTC	unchanged
ENST00000460680.6:c.607_609delinsCCC	weakly depleted
ENST00000460680.6:c.607_609delinsCGG	strongly depleted
ENST00000460680.6:c.610_612delinsAAT	weakly depleted
ENST00000460680.6:c.610_612delinsCAT	weakly depleted
ENST00000460680.6:c.611_612delinsCT	weakly depleted
ENST00000460680.6:c.611_612delinsGA	weakly depleted
ENST00000460680.6:c.611_612delinsTG	weakly depleted
ENST00000460680.6:c.610_612delinsTAT	strongly depleted
ENST00000460680.6:c.614_615delinsCC	unchanged
ENST00000460680.6:c.613_615delinsCAA	unchanged
ENST00000460680.6:c.613_614delinsCG	unchanged
ENST00000460680.6:c.613_615delinsGAA	weakly depleted
ENST00000460680.6:c.616_618delinsACA	unchanged
ENST00000460680.6:c.616_617delinsAG	weakly depleted
ENST00000460680.6:c.616_618delinsCCT	strongly depleted
ENST00000460680.6:c.617_618delinsAT	strongly depleted
ENST00000460680.6:c.617_618delinsGA	unchanged
ENST00000460680.6:c.617_618delinsTG	weakly depleted
ENST00000460680.6:c.619_621delinsAGA	unchanged
ENST00000460680.6:c.620_621delinsAA	weakly depleted
ENST00000460680.6:c.620_621delinsCC	strongly depleted
ENST00000460680.6:c.620_621delinsTC	weakly depleted
ENST00000460680.6:c.619_621delinsGGC	unchanged
ENST00000460680.6:c.622_624delinsAGA	unchanged
ENST00000460680.6:c.623_624delinsAA	unchanged
ENST00000460680.6:c.623_624delinsCC	weakly depleted
ENST00000460680.6:c.623_624delinsTC	unchanged
ENST00000460680.6:c.622_624delinsGGC	weakly depleted
ENST00000460680.6:c.625_627delinsATT	unchanged
ENST00000460680.6:c.625_627delinsCTG	weakly depleted
ENST00000460680.6:c.626_627delinsAT	weakly depleted
ENST00000460680.6:c.626_627delinsCT	weakly depleted
ENST00000460680.6:c.626_627delinsGA	strongly depleted
ENST00000460680.6:c.625_627delinsTTT	weakly depleted
ENST00000460680.6:c.629_630delinsAT	strongly depleted
ENST00000460680.6:c.629_630delinsCA	strongly depleted
ENST00000460680.6:c.628_630delinsCTG	unchanged
ENST00000460680.6:c.628_630delinsGTG	unchanged
ENST00000460680.6:c.628_629delinsTC	strongly depleted
ENST00000460680.6:c.628_630delinsTTT	strongly depleted
ENST00000460680.6:c.632_633delinsAA	weakly depleted
ENST00000460680.6:c.632_633delinsCC	unchanged
ENST00000460680.6:c.631_632delinsCG	weakly depleted
ENST00000460680.6:c.631_633delinsCTC	weakly depleted
ENST00000460680.6:c.631_633delinsGTC	weakly depleted
ENST00000460680.6:c.634_636delinsAAA	weakly depleted
ENST00000460680.6:c.634_636delinsCAA	unchanged
ENST00000460680.6:c.635_636delinsGC	strongly depleted
ENST00000460680.6:c.635_636delinsTC	strongly depleted
ENST00000460680.6:c.637_639delinsAGA	unchanged
ENST00000460680.6:c.637_639delinsAGC	weakly depleted
ENST00000460680.6:c.637_639delinsAGG	unchanged
ENST00000460680.6:c.638_639delinsAC	unchanged
ENST00000460680.6:c.638_639delinsCC	strongly depleted
ENST00000460680.6:c.638_639delinsTG	weakly depleted
ENST00000460680.6:c.637_639delinsGGC	weakly depleted
ENST00000460680.6:c.637_639delinsTGC	weakly depleted
ENST00000460680.6:c.641_642delinsAT	strongly depleted
ENST00000460680.6:c.641_642delinsCA	weakly depleted
ENST00000460680.6:c.640_642delinsCTG	unchanged
ENST00000460680.6:c.640_642delinsGTG	weakly depleted
ENST00000460680.6:c.640_641delinsTC	weakly depleted
ENST00000460680.6:c.640_642delinsTTT	weakly depleted
ENST00000460680.6:c.649_651delinsACA	enriched
ENST00000460680.6:c.649_650delinsAG	unchanged
ENST00000460680.6:c.649_651delinsCCT	unchanged
ENST00000460680.6:c.650_651delinsAT	unchanged
ENST00000460680.6:c.650_651delinsGA	enriched
ENST00000460680.6:c.650_651delinsTG	unchanged
ENST00000460680.6:c.653_654delinsAC	unchanged
ENST00000460680.6:c.653_654delinsGC	unchanged
ENST00000460680.6:c.653_654delinsTC	unchanged
ENST00000460680.6:c.652_654delinsCCC	weakly depleted
ENST00000460680.6:c.655_657delinsACC	unchanged
ENST00000460680.6:c.655_657delinsAGC	unchanged
ENST00000460680.6:c.655_657delinsCCC	unchanged
ENST00000460680.6:c.656_657delinsAG	unchanged
ENST00000460680.6:c.656_657delinsGC	unchanged
ENST00000460680.6:c.656_657delinsTG	enriched
ENST00000460680.6:c.661_663delinsAAA	unchanged
ENST00000460680.6:c.661_663delinsCAA	unchanged
ENST00000460680.6:c.662_663delinsGC	unchanged
ENST00000460680.6:c.662_663delinsTC	unchanged
ENST00000460680.6:c.664_666delinsACA	unchanged
ENST00000460680.6:c.664_665delinsAG	unchanged
ENST00000460680.6:c.665_666delinsAT	weakly depleted
ENST00000460680.6:c.665_666delinsGG	weakly depleted
ENST00000460680.6:c.665_666delinsTG	unchanged
ENST00000460680.6:c.664_666delinsGCT	weakly depleted
ENST00000460680.6:c.667_669delinsAAT	weakly depleted
ENST00000460680.6:c.667_668delinsAG	enriched
ENST00000460680.6:c.667_669delinsCAT	weakly depleted
ENST00000460680.6:c.667_669delinsGAT	weakly depleted
ENST00000460680.6:c.668_669delinsGT	weakly depleted
ENST00000460680.6:c.668_669delinsTT	weakly depleted
ENST00000460680.6:c.670_672delinsAAT	strongly depleted
ENST00000460680.6:c.671_672delinsCT	strongly depleted
ENST00000460680.6:c.671_672delinsGG	weakly depleted
ENST00000460680.6:c.671_672delinsTG	weakly depleted
ENST00000460680.6:c.670_672delinsGAT	weakly depleted
ENST00000460680.6:c.670_672delinsTAT	weakly depleted
ENST00000460680.6:c.673_675delinsAAT	strongly depleted
ENST00000460680.6:c.673_675delinsCAT	strongly depleted
ENST00000460680.6:c.674_675delinsCT	strongly depleted
ENST00000460680.6:c.674_675delinsGA	weakly depleted
ENST00000460680.6:c.674_675delinsTG	strongly depleted
ENST00000460680.6:c.673_675delinsTAT	strongly depleted
ENST00000460680.6:c.677_678delinsAT	weakly depleted
ENST00000460680.6:c.677_678delinsCA	weakly depleted
ENST00000460680.6:c.676_678delinsCTG	weakly depleted
ENST00000460680.6:c.676_678delinsGTG	unchanged
ENST00000460680.6:c.676_677delinsTC	weakly depleted
ENST00000460680.6:c.676_678delinsTTT	weakly depleted
ENST00000460680.6:c.679_681delinsAGA	strongly depleted
ENST00000460680.6:c.679_681delinsAGG	strongly depleted
ENST00000460680.6:c.680_681delinsAT	weakly depleted
ENST00000460680.6:c.680_681delinsCT	strongly depleted
ENST00000460680.6:c.680_681delinsTG	weakly depleted
ENST00000460680.6:c.679_681delinsGGA	weakly depleted
ENST00000460680.6:c.679_680delinsTC	weakly depleted
ENST00000460680.6:c.679_681delinsTGT	weakly depleted
ENST00000460680.6:c.682_683delinsAG	weakly depleted
ENST00000460680.6:c.682_684delinsATT	weakly depleted
ENST00000460680.6:c.682_684delinsCTG	unchanged
ENST00000460680.6:c.682_684delinsGTG	enriched
ENST00000460680.6:c.683_684delinsAT	unchanged
ENST00000460680.6:c.683_684delinsGT	unchanged
ENST00000460680.6:c.686_687delinsCA	weakly depleted
ENST00000460680.6:c.686_687delinsTT	strongly depleted
ENST00000460680.6:c.685_687delinsCAT	strongly depleted
ENST00000460680.6:c.685_687delinsGAT	strongly depleted
ENST00000460680.6:c.685_687delinsTAT	strongly depleted
ENST00000460680.6:c.685_686delinsTC	strongly depleted
ENST00000460680.6:c.688_690delinsAGA	strongly depleted
ENST00000460680.6:c.689_690delinsAA	strongly depleted
ENST00000460680.6:c.689_690delinsCC	strongly depleted
ENST00000460680.6:c.688_690delinsGTC	weakly depleted
ENST00000460680.6:c.688_690delinsTTA	weakly depleted
ENST00000460680.6:c.692_693delinsAA	strongly depleted
ENST00000460680.6:c.692_693delinsCC	weakly depleted
ENST00000460680.6:c.691_692delinsCG	strongly depleted
ENST00000460680.6:c.691_693delinsCTC	weakly depleted
ENST00000460680.6:c.691_693delinsGTC	weakly depleted
ENST00000460680.6:c.694_696delinsACC	unchanged
ENST00000460680.6:c.694_696delinsAGC	unchanged
ENST00000460680.6:c.694_696delinsCCC	strongly depleted
ENST00000460680.6:c.695_696delinsAG	unchanged
ENST00000460680.6:c.695_696delinsGC	weakly depleted
ENST00000460680.6:c.695_696delinsTG	weakly depleted
ENST00000460680.6:c.697_699delinsCTC	weakly depleted
ENST00000460680.6:c.698_699delinsAA	strongly depleted
ENST00000460680.6:c.698_699delinsGC	strongly depleted
ENST00000460680.6:c.700_702delinsCTC	strongly depleted
ENST00000460680.6:c.701_702delinsAA	weakly depleted
ENST00000460680.6:c.701_702delinsGC	weakly depleted
ENST00000460680.6:c.703_705delinsACA	weakly depleted
ENST00000460680.6:c.703_704delinsAG	weakly depleted
ENST00000460680.6:c.704_705delinsAT	weakly depleted
ENST00000460680.6:c.704_705delinsGG	weakly depleted
ENST00000460680.6:c.704_705delinsTG	weakly depleted
ENST00000460680.6:c.703_705delinsGCT	weakly depleted
ENST00000460680.6:c.706_708delinsAAT	weakly depleted
ENST00000460680.6:c.706_708delinsCAT	weakly depleted
ENST00000460680.6:c.707_708delinsCT	weakly depleted
ENST00000460680.6:c.707_708delinsGA	weakly depleted
ENST00000460680.6:c.707_708delinsTG	weakly depleted
ENST00000460680.6:c.706_708delinsTAT	strongly depleted
ENST00000460680.6:c.709_711delinsAGA	unchanged
ENST00000460680.6:c.709_711delinsAGG	unchanged
ENST00000460680.6:c.710_711delinsAT	unchanged
ENST00000460680.6:c.710_711delinsCT	unchanged
ENST00000460680.6:c.710_711delinsTG	unchanged
ENST00000460680.6:c.709_711delinsGGA	unchanged
ENST00000460680.6:c.709_710delinsTC	unchanged
ENST00000460680.6:c.709_711delinsTGT	unchanged
ENST00000460680.6:c.713_714delinsAA	unchanged
ENST00000460680.6:c.713_714delinsCC	unchanged
ENST00000460680.6:c.712_714delinsCGA	unchanged
ENST00000460680.6:c.712_714delinsCGC	unchanged
ENST00000460680.6:c.712_714delinsCGT	unchanged
ENST00000460680.6:c.712_714delinsGGC	unchanged
ENST00000460680.6:c.712_714delinsTCC	unchanged
ENST00000460680.6:c.716_717delinsAT	unchanged
ENST00000460680.6:c.716_717delinsCA	unchanged
ENST00000460680.6:c.715_717delinsCTG	unchanged
ENST00000460680.6:c.715_717delinsGTG	weakly depleted
ENST00000460680.6:c.715_716delinsTC	weakly depleted
ENST00000460680.6:c.715_717delinsTTT	weakly depleted
ENST00000460680.6:c.719_720delinsCC	unchanged
ENST00000460680.6:c.718_720delinsCAA	unchanged
ENST00000460680.6:c.718_719delinsCG	unchanged
ENST00000460680.6:c.718_720delinsGAA	unchanged
ENST00000460680.6:c.721_723delinsAAC	unchanged
ENST00000460680.6:c.721_723delinsAGC	unchanged
ENST00000460680.6:c.721_723delinsCAC	unchanged
ENST00000460680.6:c.721_723delinsGAC	unchanged
ENST00000460680.6:c.722_723delinsGC	unchanged
ENST00000460680.6:c.722_723delinsTC	unchanged
ENST00000460680.6:c.724_726delinsAAA	unchanged
ENST00000460680.6:c.724_726delinsCAA	unchanged
ENST00000460680.6:c.725_726delinsGC	unchanged
ENST00000460680.6:c.725_726delinsTC	unchanged
ENST00000460680.6:c.727_729delinsACA	unchanged
ENST00000460680.6:c.727_728delinsAG	unchanged
ENST00000460680.6:c.727_729delinsCCT	unchanged
ENST00000460680.6:c.728_729delinsAT	unchanged
ENST00000460680.6:c.728_729delinsGA	unchanged
ENST00000460680.6:c.728_729delinsTG	unchanged
ENST00000460680.6:c.731_732delinsAA	unchanged
ENST00000460680.6:c.731_732delinsCC	unchanged
ENST00000460680.6:c.730_732delinsCGA	unchanged
ENST00000460680.6:c.730_732delinsCGC	unchanged
ENST00000460680.6:c.730_732delinsCGT	unchanged
ENST00000460680.6:c.730_732delinsGGC	unchanged
ENST00000460680.6:c.730_732delinsTCC	unchanged
ENST00000460680.6:c.733_735delinsAGA	weakly depleted
ENST00000460680.6:c.734_735delinsAA	unchanged
ENST00000460680.6:c.734_735delinsCC	weakly depleted
ENST00000460680.6:c.733_735delinsGTC	unchanged
ENST00000460680.6:c.733_735delinsTTA	unchanged
ENST00000460680.6:c.736_738delinsAAC	unchanged
ENST00000460680.6:c.737_738delinsCC	weakly depleted
ENST00000460680.6:c.737_738delinsGG	unchanged
ENST00000460680.6:c.737_738delinsTG	weakly depleted
ENST00000460680.6:c.736_738delinsGAC	unchanged
ENST00000460680.6:c.736_738delinsTAC	unchanged
ENST00000460680.6:c.739_741delinsCTC	unchanged
ENST00000460680.6:c.740_741delinsAA	unchanged
ENST00000460680.6:c.740_741delinsGC	unchanged
ENST00000460680.6:c.742_744delinsAGA	weakly depleted
ENST00000460680.6:c.743_744delinsAA	weakly depleted
ENST00000460680.6:c.743_744delinsCC	weakly depleted
ENST00000460680.6:c.742_744delinsGTC	weakly depleted
ENST00000460680.6:c.742_744delinsTTA	unchanged
ENST00000460680.6:c.746_747delinsCC	unchanged
ENST00000460680.6:c.745_747delinsCAA	unchanged
ENST00000460680.6:c.745_746delinsCG	unchanged
ENST00000460680.6:c.745_747delinsGAA	unchanged
ENST00000460680.6:c.748_750delinsCTC	unchanged
ENST00000460680.6:c.749_750delinsAA	unchanged
ENST00000460680.6:c.749_750delinsGC	unchanged
ENST00000460680.6:c.752_753delinsCA	unchanged
ENST00000460680.6:c.752_753delinsTT	unchanged
ENST00000460680.6:c.751_753delinsCAT	unchanged
ENST00000460680.6:c.751_753delinsGAT	weakly depleted
ENST00000460680.6:c.751_753delinsTAT	unchanged
ENST00000460680.6:c.751_752delinsTC	weakly depleted
ENST00000460680.6:c.754_756delinsAGA	unchanged
ENST00000460680.6:c.754_756delinsAGC	weakly depleted
ENST00000460680.6:c.754_756delinsAGG	unchanged
ENST00000460680.6:c.755_756delinsAC	unchanged
ENST00000460680.6:c.755_756delinsCC	strongly depleted
ENST00000460680.6:c.755_756delinsTG	unchanged
ENST00000460680.6:c.754_756delinsGGC	unchanged
ENST00000460680.6:c.754_756delinsTGC	unchanged
ENST00000460680.6:c.757_759delinsAAA	unchanged
ENST00000460680.6:c.757_759delinsAGA	unchanged
ENST00000460680.6:c.758_759delinsCC	weakly depleted
ENST00000460680.6:c.758_759delinsTC	unchanged
ENST00000460680.6:c.757_759delinsGAA	unchanged
ENST00000460680.6:c.761_762delinsAG	unchanged
ENST00000460680.6:c.761_762delinsGC	unchanged
ENST00000460680.6:c.761_762delinsTC	unchanged
ENST00000460680.6:c.760_762delinsCCC	weakly depleted
ENST00000460680.6:c.760_762delinsCGG	unchanged
ENST00000460680.6:c.763_765delinsATC	unchanged
ENST00000460680.6:c.763_765delinsCTG	unchanged
ENST00000460680.6:c.764_765delinsAG	weakly depleted
ENST00000460680.6:c.764_765delinsGC	weakly depleted
ENST00000460680.6:c.766_768delinsATC	unchanged
ENST00000460680.6:c.767_768delinsAG	unchanged
ENST00000460680.6:c.767_768delinsCC	weakly depleted
ENST00000460680.6:c.767_768delinsGG	unchanged
ENST00000460680.6:c.766_768delinsGTG	weakly depleted
ENST00000460680.6:c.766_768delinsTTG	unchanged
ENST00000460680.6:c.769_771delinsAAA	unchanged
ENST00000460680.6:c.769_771delinsCAA	unchanged
ENST00000460680.6:c.770_771delinsGC	unchanged
ENST00000460680.6:c.770_771delinsTC	unchanged
ENST00000460680.6:c.772_774delinsACC	unchanged
ENST00000460680.6:c.772_774delinsAGC	unchanged
ENST00000460680.6:c.772_774delinsCCC	unchanged
ENST00000460680.6:c.773_774delinsAC	unchanged
ENST00000460680.6:c.773_774delinsGC	unchanged
ENST00000460680.6:c.773_774delinsTG	unchanged
ENST00000460680.6:c.775_777delinsAGA	unchanged
ENST00000460680.6:c.776_777delinsAA	unchanged
ENST00000460680.6:c.776_777delinsCC	weakly depleted
ENST00000460680.6:c.775_777delinsGTC	unchanged
ENST00000460680.6:c.775_777delinsTTA	unchanged
ENST00000460680.6:c.778_780delinsAAA	unchanged
ENST00000460680.6:c.778_780delinsAGA	unchanged
ENST00000460680.6:c.779_780delinsCC	unchanged
ENST00000460680.6:c.779_780delinsTC	unchanged
ENST00000460680.6:c.778_780delinsGAA	unchanged
ENST00000460680.6:c.781_783delinsAAA	unchanged
ENST00000460680.6:c.781_783delinsAGA	unchanged
ENST00000460680.6:c.782_783delinsCC	weakly depleted
ENST00000460680.6:c.782_783delinsTC	weakly depleted
ENST00000460680.6:c.781_783delinsGAA	unchanged
ENST00000460680.6:c.784_786delinsAGA	unchanged
ENST00000460680.6:c.785_786delinsAA	unchanged
ENST00000460680.6:c.785_786delinsCC	unchanged
ENST00000460680.6:c.784_786delinsGTC	unchanged
ENST00000460680.6:c.784_786delinsTTA	unchanged
ENST00000460680.6:c.788_789delinsAG	unchanged
ENST00000460680.6:c.788_789delinsCC	unchanged
ENST00000460680.6:c.787_789delinsCGG	unchanged
ENST00000460680.6:c.787_789delinsCTG	weakly depleted
ENST00000460680.6:c.787_789delinsGTG	unchanged
ENST00000460680.6:c.791_792delinsAG	unchanged
ENST00000460680.6:c.791_792delinsCC	unchanged
ENST00000460680.6:c.791_792delinsTC	unchanged
ENST00000460680.6:c.790_792delinsCGC	unchanged
ENST00000460680.6:c.790_792delinsCGG	unchanged
ENST00000460680.6:c.790_792delinsCGT	weakly depleted
ENST00000460680.6:c.790_792delinsGGC	unchanged
ENST00000460680.6:c.790_791delinsTA	strongly depleted
ENST00000460680.6:c.790_792delinsTCC	unchanged
ENST00000460680.6:c.793_795delinsATC	unchanged
ENST00000460680.6:c.793_795delinsCTG	unchanged
ENST00000460680.6:c.794_795delinsAG	unchanged
ENST00000460680.6:c.794_795delinsGC	unchanged
ENST00000460680.6:c.797_798delinsAG	unchanged
ENST00000460680.6:c.797_798delinsGC	weakly depleted
ENST00000460680.6:c.797_798delinsTC	unchanged
ENST00000460680.6:c.796_798delinsCCC	unchanged
ENST00000460680.6:c.796_798delinsCGG	unchanged
ENST00000460680.6:c.799_801delinsAAA	unchanged
ENST00000460680.6:c.799_801delinsAGA	unchanged
ENST00000460680.6:c.800_801delinsCC	unchanged
ENST00000460680.6:c.800_801delinsTC	weakly depleted
ENST00000460680.6:c.799_801delinsGAA	unchanged
ENST00000460680.6:c.802_804delinsACC	unchanged
ENST00000460680.6:c.802_804delinsAGC	unchanged
ENST00000460680.6:c.803_804delinsAG	unchanged
ENST00000460680.6:c.803_804delinsGG	unchanged
ENST00000460680.6:c.803_804delinsTG	unchanged
ENST00000460680.6:c.805_807delinsAAA	unchanged
ENST00000460680.6:c.805_807delinsCAA	unchanged
ENST00000460680.6:c.806_807delinsGC	unchanged
ENST00000460680.6:c.806_807delinsTC	unchanged
ENST00000460680.6:c.808_810delinsAGA	unchanged
ENST00000460680.6:c.809_810delinsAA	unchanged
ENST00000460680.6:c.809_810delinsCC	unchanged
ENST00000460680.6:c.808_810delinsGTC	unchanged
ENST00000460680.6:c.808_810delinsTTA	unchanged
ENST00000460680.6:c.812_813delinsAC	unchanged
ENST00000460680.6:c.812_813delinsCC	unchanged
ENST00000460680.6:c.812_813delinsGC	unchanged
ENST00000460680.6:c.811_813delinsCTG	unchanged
ENST00000460680.6:c.811_813delinsGTG	unchanged
ENST00000460680.6:c.811_813delinsTTC	unchanged
ENST00000460680.6:c.814_816delinsAAA	unchanged
ENST00000460680.6:c.814_816delinsAGA	unchanged
ENST00000460680.6:c.815_816delinsCC	unchanged
ENST00000460680.6:c.815_816delinsTC	unchanged
ENST00000460680.6:c.814_816delinsGAA	weakly depleted
ENST00000460680.6:c.818_819delinsAT	unchanged
ENST00000460680.6:c.818_819delinsTT	unchanged
ENST00000460680.6:c.817_819delinsCCT	unchanged
ENST00000460680.6:c.817_819delinsGCT	unchanged
ENST00000460680.6:c.820_822delinsAAT	unchanged
ENST00000460680.6:c.821_822delinsCT	unchanged
ENST00000460680.6:c.821_822delinsGG	unchanged
ENST00000460680.6:c.821_822delinsTG	unchanged
ENST00000460680.6:c.820_822delinsGAT	unchanged
ENST00000460680.6:c.820_822delinsTAT	unchanged
ENST00000460680.6:c.824_825delinsCC	unchanged
ENST00000460680.6:c.823_825delinsCAA	unchanged
ENST00000460680.6:c.823_824delinsCG	unchanged
ENST00000460680.6:c.823_825delinsGAA	unchanged
ENST00000460680.6:c.826_828delinsACC	unchanged
ENST00000460680.6:c.826_828delinsAGC	unchanged
ENST00000460680.6:c.826_827delinsAG	weakly depleted
ENST00000460680.6:c.826_828delinsCCC	unchanged
ENST00000460680.6:c.827_828delinsAC	unchanged
ENST00000460680.6:c.827_828delinsGC	unchanged
ENST00000460680.6:c.827_828delinsTC	unchanged
ENST00000460680.6:c.829_831delinsAAG	unchanged
ENST00000460680.6:c.830_831delinsCC	unchanged
ENST00000460680.6:c.830_831delinsGG	unchanged
ENST00000460680.6:c.830_831delinsTG	unchanged
ENST00000460680.6:c.829_831delinsGAG	unchanged
ENST00000460680.6:c.832_834delinsAAA	unchanged
ENST00000460680.6:c.832_834delinsCAA	unchanged
ENST00000460680.6:c.833_834delinsGC	unchanged
ENST00000460680.6:c.833_834delinsTC	unchanged
ENST00000460680.6:c.835_837delinsACC	unchanged
ENST00000460680.6:c.835_837delinsAGC	unchanged
ENST00000460680.6:c.835_837delinsAGT	unchanged
ENST00000460680.6:c.835_837delinsCCC	unchanged
ENST00000460680.6:c.835_837delinsCTG	unchanged
ENST00000460680.6:c.838_840delinsAAA	unchanged
ENST00000460680.6:c.838_840delinsAGA	unchanged
ENST00000460680.6:c.839_840delinsCC	unchanged
ENST00000460680.6:c.839_840delinsTC	unchanged
ENST00000460680.6:c.838_840delinsGAA	unchanged
ENST00000460680.6:c.841_843delinsAGA	unchanged
ENST00000460680.6:c.842_843delinsAA	unchanged
ENST00000460680.6:c.842_843delinsCC	unchanged
ENST00000460680.6:c.841_843delinsGTC	unchanged
ENST00000460680.6:c.841_843delinsTTA	unchanged
ENST00000460680.6:c.844_846delinsACC	unchanged
ENST00000460680.6:c.844_846delinsAGC	unchanged
ENST00000460680.6:c.845_846delinsAC	unchanged
ENST00000460680.6:c.845_846delinsGG	unchanged
ENST00000460680.6:c.845_846delinsTG	unchanged
ENST00000460680.6:c.847_849delinsAAA	unchanged
ENST00000460680.6:c.847_849delinsCAA	unchanged
ENST00000460680.6:c.848_849delinsGC	unchanged
ENST00000460680.6:c.848_849delinsTC	unchanged
ENST00000460680.6:c.850_852delinsAAA	unchanged
ENST00000460680.6:c.850_852delinsCAA	unchanged
ENST00000460680.6:c.851_852delinsGC	unchanged
ENST00000460680.6:c.851_852delinsTC	unchanged
ENST00000460680.6:c.853_855delinsACA	unchanged
ENST00000460680.6:c.853_854delinsAG	unchanged
ENST00000460680.6:c.853_855delinsAGT	unchanged
ENST00000460680.6:c.853_855delinsCCT	unchanged
ENST00000460680.6:c.853_855delinsGCT	unchanged
ENST00000460680.6:c.854_855delinsAT	unchanged
ENST00000460680.6:c.854_855delinsGT	unchanged
ENST00000460680.6:c.854_855delinsTT	unchanged
ENST00000460680.6:c.857_858delinsCC	unchanged
ENST00000460680.6:c.856_858delinsCAA	unchanged
ENST00000460680.6:c.856_857delinsCG	unchanged
ENST00000460680.6:c.856_858delinsGAA	unchanged
ENST00000460680.6:c.859_861delinsACC	unchanged
ENST00000460680.6:c.859_861delinsAGC	unchanged
ENST00000460680.6:c.859_861delinsAGT	unchanged
ENST00000460680.6:c.859_861delinsCCC	unchanged
ENST00000460680.6:c.859_861delinsCTG	unchanged
ENST00000460680.6:c.862_864delinsACA	unchanged
ENST00000460680.6:c.862_863delinsAG	unchanged
ENST00000460680.6:c.862_864delinsCCT	unchanged
ENST00000460680.6:c.863_864delinsAT	unchanged
ENST00000460680.6:c.863_864delinsGA	unchanged
ENST00000460680.6:c.863_864delinsTG	unchanged
ENST00000460680.6:c.866_867delinsAT	unchanged
ENST00000460680.6:c.866_867delinsCA	unchanged
ENST00000460680.6:c.866_867delinsTT	unchanged
ENST00000460680.6:c.865_867delinsCGG	unchanged
ENST00000460680.6:c.865_867delinsGGA	unchanged
ENST00000460680.6:c.865_867delinsTCA	unchanged
ENST00000460680.6:c.865_866delinsTC	unchanged
ENST00000460680.6:c.865_867delinsTCG	unchanged
ENST00000460680.6:c.865_867delinsTCT	unchanged
ENST00000460680.6:c.865_867delinsTGT	unchanged
ENST00000460680.6:c.869_870delinsCA	unchanged
ENST00000460680.6:c.869_870delinsTT	unchanged
ENST00000460680.6:c.868_870delinsCAT	unchanged
ENST00000460680.6:c.868_870delinsGAT	unchanged
ENST00000460680.6:c.868_870delinsTAT	unchanged
ENST00000460680.6:c.868_869delinsTC	unchanged
ENST00000460680.6:c.872_873delinsCC	unchanged
ENST00000460680.6:c.871_873delinsCAA	unchanged
ENST00000460680.6:c.871_872delinsCG	unchanged
ENST00000460680.6:c.871_873delinsGAA	unchanged
ENST00000460680.6:c.874_876delinsACA	unchanged
ENST00000460680.6:c.874_875delinsAG	unchanged
ENST00000460680.6:c.874_876delinsAGT	unchanged
ENST00000460680.6:c.874_876delinsCCT	unchanged
ENST00000460680.6:c.874_876delinsGCT	unchanged
ENST00000460680.6:c.875_876delinsAT	unchanged
ENST00000460680.6:c.875_876delinsGT	unchanged
ENST00000460680.6:c.875_876delinsTT	unchanged
ENST00000460680.6:c.877_879delinsACC	unchanged
ENST00000460680.6:c.877_879delinsAGA	unchanged
ENST00000460680.6:c.877_879delinsAGC	unchanged
ENST00000460680.6:c.878_879delinsAA	unchanged
ENST00000460680.6:c.878_879delinsTC	unchanged
ENST00000460680.6:c.880_882delinsAGA	unchanged
ENST00000460680.6:c.881_882delinsAA	unchanged
ENST00000460680.6:c.881_882delinsCC	unchanged
ENST00000460680.6:c.880_882delinsGTC	unchanged
ENST00000460680.6:c.880_882delinsTTA	unchanged
ENST00000460680.6:c.883_885delinsCTC	unchanged
ENST00000460680.6:c.884_885delinsAA	unchanged
ENST00000460680.6:c.884_885delinsGC	unchanged
ENST00000460680.6:c.886_888delinsAGA	unchanged
ENST00000460680.6:c.887_888delinsAA	unchanged
ENST00000460680.6:c.887_888delinsCC	unchanged
ENST00000460680.6:c.886_888delinsGTC	unchanged
ENST00000460680.6:c.886_888delinsTTA	unchanged
ENST00000460680.6:c.889_891delinsAAG	unchanged
ENST00000460680.6:c.889_891delinsCAG	unchanged
ENST00000460680.6:c.890_891delinsGC	unchanged
ENST00000460680.6:c.890_891delinsTG	unchanged
ENST00000460680.6:c.892_894delinsACC	unchanged
ENST00000460680.6:c.892_894delinsAGC	unchanged
ENST00000460680.6:c.892_894delinsCCC	unchanged
ENST00000460680.6:c.893_894delinsAG	unchanged
ENST00000460680.6:c.893_894delinsGC	unchanged
ENST00000460680.6:c.893_894delinsTG	unchanged
ENST00000460680.6:c.896_897delinsCA	unchanged
ENST00000460680.6:c.896_897delinsTT	unchanged
ENST00000460680.6:c.895_897delinsCAT	unchanged
ENST00000460680.6:c.895_897delinsGAT	unchanged
ENST00000460680.6:c.895_897delinsTAT	unchanged
ENST00000460680.6:c.895_896delinsTC	unchanged
ENST00000460680.6:c.899_900delinsAA	unchanged
ENST00000460680.6:c.899_900delinsCC	unchanged
ENST00000460680.6:c.898_900delinsCGA	unchanged
ENST00000460680.6:c.898_900delinsCGC	unchanged
ENST00000460680.6:c.898_900delinsCGT	unchanged
ENST00000460680.6:c.898_900delinsGGC	unchanged
ENST00000460680.6:c.898_900delinsTCC	unchanged
ENST00000460680.6:c.901_903delinsACA	enriched
ENST00000460680.6:c.901_902delinsAG	unchanged
ENST00000460680.6:c.901_903delinsCCT	unchanged
ENST00000460680.6:c.902_903delinsAT	unchanged
ENST00000460680.6:c.902_903delinsGA	unchanged
ENST00000460680.6:c.902_903delinsTG	unchanged
ENST00000460680.6:c.904_906delinsACC	unchanged
ENST00000460680.6:c.904_906delinsAGC	unchanged
ENST00000460680.6:c.905_906delinsAC	unchanged
ENST00000460680.6:c.905_906delinsGG	unchanged
ENST00000460680.6:c.905_906delinsTG	unchanged
ENST00000460680.6:c.907_909delinsACC	unchanged
ENST00000460680.6:c.907_909delinsAGC	unchanged
ENST00000460680.6:c.907_909delinsCCC	unchanged
ENST00000460680.6:c.908_909delinsAG	unchanged
ENST00000460680.6:c.908_909delinsGC	unchanged
ENST00000460680.6:c.908_909delinsTG	unchanged
ENST00000460680.6:c.910_912delinsACA	unchanged
ENST00000460680.6:c.910_911delinsAG	unchanged
ENST00000460680.6:c.910_912delinsCCT	unchanged
ENST00000460680.6:c.911_912delinsAT	unchanged
ENST00000460680.6:c.911_912delinsGA	unchanged
ENST00000460680.6:c.911_912delinsTG	unchanged
ENST00000460680.6:c.913_915delinsACC	unchanged
ENST00000460680.6:c.913_915delinsAGC	unchanged
ENST00000460680.6:c.913_914delinsAG	unchanged
ENST00000460680.6:c.913_915delinsCCC	unchanged
ENST00000460680.6:c.914_915delinsAC	unchanged
ENST00000460680.6:c.914_915delinsGC	unchanged
ENST00000460680.6:c.914_915delinsTC	unchanged
ENST00000460680.6:c.916_918delinsAAA	unchanged
ENST00000460680.6:c.916_918delinsCAA	unchanged
ENST00000460680.6:c.917_918delinsGC	unchanged
ENST00000460680.6:c.917_918delinsTC	unchanged
ENST00000460680.6:c.919_921delinsCGG	unchanged
ENST00000460680.6:c.920_921delinsAT	unchanged
ENST00000460680.6:c.920_921delinsCT	unchanged
ENST00000460680.6:c.920_921delinsTG	unchanged
ENST00000460680.6:c.919_920delinsTC	unchanged
ENST00000460680.6:c.919_921delinsTGT	unchanged
ENST00000460680.6:c.923_924delinsCA	unchanged
ENST00000460680.6:c.923_924delinsTT	unchanged
ENST00000460680.6:c.922_924delinsCAT	unchanged
ENST00000460680.6:c.922_924delinsGAT	unchanged
ENST00000460680.6:c.922_924delinsTAT	unchanged
ENST00000460680.6:c.922_923delinsTC	unchanged
ENST00000460680.6:c.925_927delinsAAT	unchanged
ENST00000460680.6:c.926_927delinsCT	enriched
ENST00000460680.6:c.926_927delinsGG	unchanged
ENST00000460680.6:c.926_927delinsTG	unchanged
ENST00000460680.6:c.925_927delinsGAT	unchanged
ENST00000460680.6:c.925_927delinsTAT	unchanged
ENST00000460680.6:c.929_930delinsAG	weakly depleted
ENST00000460680.6:c.929_930delinsGC	weakly depleted
ENST00000460680.6:c.929_930delinsTC	unchanged
ENST00000460680.6:c.928_930delinsCCC	weakly depleted
ENST00000460680.6:c.928_930delinsCGG	weakly depleted
ENST00000460680.6:c.934_936delinsAGC	weakly depleted
ENST00000460680.6:c.934_936delinsCGG	weakly depleted
ENST00000460680.6:c.935_936delinsAC	unchanged
ENST00000460680.6:c.935_936delinsTG	unchanged
ENST00000460680.6:c.934_936delinsTGC	unchanged
ENST00000460680.6:c.937_939delinsACC	unchanged
ENST00000460680.6:c.937_939delinsAGC	weakly depleted
ENST00000460680.6:c.937_939delinsCCC	unchanged
ENST00000460680.6:c.938_939delinsAG	weakly depleted
ENST00000460680.6:c.938_939delinsGC	weakly depleted
ENST00000460680.6:c.938_939delinsTG	unchanged
ENST00000460680.6:c.940_942delinsAAA	unchanged
ENST00000460680.6:c.940_942delinsCAA	unchanged
ENST00000460680.6:c.941_942delinsGC	unchanged
ENST00000460680.6:c.941_942delinsTC	unchanged
ENST00000460680.6:c.943_945delinsAAA	weakly depleted
ENST00000460680.6:c.943_945delinsCAA	weakly depleted
ENST00000460680.6:c.944_945delinsGC	unchanged
ENST00000460680.6:c.944_945delinsTC	unchanged
ENST00000460680.6:c.946_948delinsACC	unchanged
ENST00000460680.6:c.946_948delinsAGC	unchanged
ENST00000460680.6:c.946_948delinsCCC	unchanged
ENST00000460680.6:c.947_948delinsAA	weakly depleted
ENST00000460680.6:c.947_948delinsGC	unchanged
ENST00000460680.6:c.947_948delinsTC	unchanged
ENST00000460680.6:c.949_951delinsACC	unchanged
ENST00000460680.6:c.949_951delinsAGC	unchanged
ENST00000460680.6:c.949_951delinsCCC	unchanged
ENST00000460680.6:c.950_951delinsAC	unchanged
ENST00000460680.6:c.950_951delinsGC	unchanged
ENST00000460680.6:c.950_951delinsTG	weakly depleted
ENST00000460680.6:c.952_954delinsAGC	unchanged
ENST00000460680.6:c.952_954delinsCGG	unchanged
ENST00000460680.6:c.953_954delinsAC	unchanged
ENST00000460680.6:c.953_954delinsTG	unchanged
ENST00000460680.6:c.952_954delinsTGC	unchanged
ENST00000460680.6:c.955_957delinsACC	unchanged
ENST00000460680.6:c.955_957delinsAGC	weakly depleted
ENST00000460680.6:c.955_957delinsAGT	unchanged
ENST00000460680.6:c.955_957delinsCCC	unchanged
ENST00000460680.6:c.955_957delinsCTG	unchanged
ENST00000460680.6:c.958_960delinsCGG	unchanged
ENST00000460680.6:c.958_960delinsGGA	unchanged
ENST00000460680.6:c.959_960delinsAA	strongly depleted
ENST00000460680.6:c.959_960delinsAT	unchanged
ENST00000460680.6:c.959_960delinsTT	unchanged
ENST00000460680.6:c.961_963delinsACC	unchanged
ENST00000460680.6:c.961_963delinsAGC	unchanged
ENST00000460680.6:c.961_963delinsCCC	unchanged
ENST00000460680.6:c.962_963delinsAG	unchanged
ENST00000460680.6:c.962_963delinsGC	weakly depleted
ENST00000460680.6:c.962_963delinsTG	unchanged
ENST00000460680.6:c.964_966delinsAAG	unchanged
ENST00000460680.6:c.965_966delinsCC	unchanged
ENST00000460680.6:c.965_966delinsGG	unchanged
ENST00000460680.6:c.965_966delinsTG	unchanged
ENST00000460680.6:c.964_966delinsGAG	unchanged
ENST00000460680.6:c.967_969delinsACA	weakly depleted
ENST00000460680.6:c.967_968delinsAG	unchanged
ENST00000460680.6:c.967_969delinsCCT	unchanged
ENST00000460680.6:c.968_969delinsAT	weakly depleted
ENST00000460680.6:c.968_969delinsGA	unchanged
ENST00000460680.6:c.968_969delinsTG	unchanged
ENST00000460680.6:c.970_972delinsACC	unchanged
ENST00000460680.6:c.970_972delinsAGC	weakly depleted
ENST00000460680.6:c.971_972delinsAG	unchanged
ENST00000460680.6:c.971_972delinsGG	weakly depleted
ENST00000460680.6:c.971_972delinsTG	weakly depleted
ENST00000460680.6:c.973_975delinsACA	weakly depleted
ENST00000460680.6:c.973_974delinsAG	weakly depleted
ENST00000460680.6:c.973_975delinsAGT	weakly depleted
ENST00000460680.6:c.973_975delinsCCT	unchanged
ENST00000460680.6:c.973_975delinsGCT	unchanged
ENST00000460680.6:c.974_975delinsAT	weakly depleted
ENST00000460680.6:c.974_975delinsGT	weakly depleted
ENST00000460680.6:c.974_975delinsTT	weakly depleted
ENST00000460680.6:c.976_978delinsAAT	weakly depleted
ENST00000460680.6:c.977_978delinsCT	weakly depleted
ENST00000460680.6:c.977_978delinsGG	weakly depleted
ENST00000460680.6:c.977_978delinsTG	weakly depleted
ENST00000460680.6:c.976_978delinsGAT	weakly depleted
ENST00000460680.6:c.976_978delinsTAT	weakly depleted
ENST00000460680.6:c.980_981delinsAT	unchanged
ENST00000460680.6:c.980_981delinsCA	unchanged
ENST00000460680.6:c.980_981delinsTT	unchanged
ENST00000460680.6:c.979_981delinsCGG	weakly depleted
ENST00000460680.6:c.979_981delinsGGA	weakly depleted
ENST00000460680.6:c.979_981delinsTCA	weakly depleted
ENST00000460680.6:c.979_980delinsTC	unchanged
ENST00000460680.6:c.979_981delinsTCG	unchanged
ENST00000460680.6:c.979_981delinsTCT	unchanged
ENST00000460680.6:c.979_981delinsTGT	unchanged
ENST00000460680.6:c.982_984delinsACC	unchanged
ENST00000460680.6:c.982_984delinsAGC	unchanged
ENST00000460680.6:c.983_984delinsAC	weakly depleted
ENST00000460680.6:c.983_984delinsGG	weakly depleted
ENST00000460680.6:c.983_984delinsTG	unchanged
ENST00000460680.6:c.985_987delinsACA	unchanged
ENST00000460680.6:c.985_986delinsAG	weakly depleted
ENST00000460680.6:c.986_987delinsAT	unchanged
ENST00000460680.6:c.986_987delinsGG	weakly depleted
ENST00000460680.6:c.986_987delinsTG	weakly depleted
ENST00000460680.6:c.985_987delinsGCT	unchanged
ENST00000460680.6:c.989_990delinsCA	weakly depleted
ENST00000460680.6:c.989_990delinsTT	unchanged
ENST00000460680.6:c.988_990delinsCAT	weakly depleted
ENST00000460680.6:c.988_990delinsGAT	unchanged
ENST00000460680.6:c.988_990delinsTAT	unchanged
ENST00000460680.6:c.988_989delinsTC	unchanged
ENST00000460680.6:c.992_993delinsCC	unchanged
ENST00000460680.6:c.992_993delinsTC	unchanged
ENST00000460680.6:c.991_993delinsCAG	unchanged
ENST00000460680.6:c.991_993delinsCGG	unchanged
ENST00000460680.6:c.991_993delinsGAG	unchanged
ENST00000460680.6:c.994_996delinsACA	unchanged
ENST00000460680.6:c.994_995delinsAG	weakly depleted
ENST00000460680.6:c.995_996delinsAT	unchanged
ENST00000460680.6:c.995_996delinsGG	weakly depleted
ENST00000460680.6:c.995_996delinsTG	weakly depleted
ENST00000460680.6:c.994_996delinsGCT	unchanged
ENST00000460680.6:c.998_999delinsCC	unchanged
ENST00000460680.6:c.997_999delinsCAA	unchanged
ENST00000460680.6:c.997_998delinsCG	weakly depleted
ENST00000460680.6:c.997_999delinsGAA	unchanged
ENST00000460680.6:c.1000_1002delinsATC	weakly depleted
ENST00000460680.6:c.1001_1002delinsAG	weakly depleted
ENST00000460680.6:c.1001_1002delinsCC	unchanged
ENST00000460680.6:c.1001_1002delinsGG	weakly depleted
ENST00000460680.6:c.1000_1002delinsGTG	unchanged
ENST00000460680.6:c.1000_1002delinsTTG	unchanged
ENST00000460680.6:c.1003_1005delinsCTC	unchanged
ENST00000460680.6:c.1004_1005delinsAA	weakly depleted
ENST00000460680.6:c.1004_1005delinsGC	unchanged
ENST00000460680.6:c.1006_1008delinsCTC	unchanged
ENST00000460680.6:c.1007_1008delinsAA	unchanged
ENST00000460680.6:c.1007_1008delinsGC	weakly depleted
ENST00000460680.6:c.1010_1011delinsCC	unchanged
ENST00000460680.6:c.1009_1011delinsCAA	unchanged
ENST00000460680.6:c.1009_1010delinsCG	unchanged
ENST00000460680.6:c.1009_1011delinsGAA	unchanged
ENST00000460680.6:c.1012_1014delinsACC	unchanged
ENST00000460680.6:c.1012_1014delinsAGC	unchanged
ENST00000460680.6:c.1013_1014delinsAC	unchanged
ENST00000460680.6:c.1013_1014delinsGG	unchanged
ENST00000460680.6:c.1013_1014delinsTG	unchanged
ENST00000460680.6:c.1015_1017delinsACC	unchanged
ENST00000460680.6:c.1015_1017delinsAGC	unchanged
ENST00000460680.6:c.1016_1017delinsAG	unchanged
ENST00000460680.6:c.1016_1017delinsGG	unchanged
ENST00000460680.6:c.1016_1017delinsTG	unchanged
ENST00000460680.6:c.1018_1020delinsCGG	unchanged
ENST00000460680.6:c.1019_1020delinsAT	unchanged
ENST00000460680.6:c.1019_1020delinsCT	unchanged
ENST00000460680.6:c.1019_1020delinsTG	unchanged
ENST00000460680.6:c.1018_1019delinsTC	unchanged
ENST00000460680.6:c.1018_1020delinsTGT	unchanged
ENST00000460680.6:c.1022_1023delinsAT	unchanged
ENST00000460680.6:c.1022_1023delinsCA	unchanged
ENST00000460680.6:c.1022_1023delinsTT	unchanged
ENST00000460680.6:c.1021_1023delinsCGG	unchanged
ENST00000460680.6:c.1021_1023delinsGGA	unchanged
ENST00000460680.6:c.1021_1023delinsTCA	unchanged
ENST00000460680.6:c.1021_1022delinsTC	weakly depleted
ENST00000460680.6:c.1021_1023delinsTCG	unchanged
ENST00000460680.6:c.1021_1023delinsTCT	unchanged
ENST00000460680.6:c.1021_1023delinsTGT	unchanged
ENST00000460680.6:c.1025_1026delinsAT	unchanged
ENST00000460680.6:c.1025_1026delinsCA	unchanged
ENST00000460680.6:c.1025_1026delinsTT	unchanged
ENST00000460680.6:c.1024_1026delinsCGG	unchanged
ENST00000460680.6:c.1024_1026delinsGGA	unchanged
ENST00000460680.6:c.1024_1026delinsTCA	unchanged
ENST00000460680.6:c.1024_1025delinsTC	enriched
ENST00000460680.6:c.1024_1026delinsTCG	unchanged
ENST00000460680.6:c.1024_1026delinsTCT	unchanged
ENST00000460680.6:c.1024_1026delinsTGT	unchanged
ENST00000460680.6:c.1027_1029delinsATT	unchanged
ENST00000460680.6:c.1028_1029delinsAT	unchanged
ENST00000460680.6:c.1028_1029delinsCT	unchanged
ENST00000460680.6:c.1028_1029delinsGG	unchanged
ENST00000460680.6:c.1027_1029delinsGTG	unchanged
ENST00000460680.6:c.1027_1029delinsTTA	unchanged
ENST00000460680.6:c.1027_1029delinsTTG	unchanged
ENST00000460680.6:c.1027_1029delinsTTT	unchanged
ENST00000460680.6:c.1031_1032delinsCC	unchanged
ENST00000460680.6:c.1031_1032delinsGC	unchanged
ENST00000460680.6:c.1031_1032delinsTC	unchanged
ENST00000460680.6:c.1030_1032delinsCAC	unchanged
ENST00000460680.6:c.1030_1032delinsGAC	unchanged
ENST00000460680.6:c.1030_1032delinsTAC	unchanged
ENST00000460680.6:c.1033_1035delinsAGA	unchanged
ENST00000460680.6:c.1034_1035delinsAA	unchanged
ENST00000460680.6:c.1034_1035delinsTC	unchanged
ENST00000460680.6:c.1036_1038delinsATC	unchanged
ENST00000460680.6:c.1036_1038delinsCTG	unchanged
ENST00000460680.6:c.1037_1038delinsAC	unchanged
ENST00000460680.6:c.1037_1038delinsGC	unchanged
ENST00000460680.6:c.1036_1038delinsTTC	unchanged
ENST00000460680.6:c.1039_1041delinsAAT	unchanged
ENST00000460680.6:c.1040_1041delinsCT	unchanged
ENST00000460680.6:c.1040_1041delinsGG	unchanged
ENST00000460680.6:c.1040_1041delinsTG	unchanged
ENST00000460680.6:c.1039_1041delinsGAT	unchanged
ENST00000460680.6:c.1039_1041delinsTAT	unchanged
ENST00000460680.6:c.1042_1044delinsACA	unchanged
ENST00000460680.6:c.1042_1043delinsAG	unchanged
ENST00000460680.6:c.1043_1044delinsAT	unchanged
ENST00000460680.6:c.1043_1044delinsGG	unchanged
ENST00000460680.6:c.1043_1044delinsTG	unchanged
ENST00000460680.6:c.1042_1044delinsGCT	unchanged
ENST00000460680.6:c.1046_1047delinsCA	unchanged
ENST00000460680.6:c.1046_1047delinsTT	unchanged
ENST00000460680.6:c.1045_1047delinsCAT	unchanged
ENST00000460680.6:c.1045_1047delinsGAT	unchanged
ENST00000460680.6:c.1045_1047delinsTAT	unchanged
ENST00000460680.6:c.1045_1046delinsTC	unchanged
ENST00000460680.6:c.1048_1050delinsACA	unchanged
ENST00000460680.6:c.1048_1049delinsAG	unchanged
ENST00000460680.6:c.1049_1050delinsAT	unchanged
ENST00000460680.6:c.1049_1050delinsGG	unchanged
ENST00000460680.6:c.1049_1050delinsTG	unchanged
ENST00000460680.6:c.1048_1050delinsGCT	unchanged
ENST00000460680.6:c.1052_1053delinsAC	unchanged
ENST00000460680.6:c.1052_1053delinsGC	unchanged
ENST00000460680.6:c.1052_1053delinsTC	unchanged
ENST00000460680.6:c.1051_1053delinsCCC	unchanged
ENST00000460680.6:c.1054_1056delinsACA	unchanged
ENST00000460680.6:c.1054_1055delinsAG	unchanged
ENST00000460680.6:c.1055_1056delinsAT	unchanged
ENST00000460680.6:c.1055_1056delinsGG	unchanged
ENST00000460680.6:c.1055_1056delinsTG	unchanged
ENST00000460680.6:c.1054_1056delinsGCT	weakly depleted
ENST00000460680.6:c.1058_1059delinsAC	unchanged
ENST00000460680.6:c.1058_1059delinsCC	unchanged
ENST00000460680.6:c.1058_1059delinsGC	enriched
ENST00000460680.6:c.1057_1059delinsCTG	enriched
ENST00000460680.6:c.1057_1059delinsGTG	unchanged
ENST00000460680.6:c.1057_1059delinsTTC	unchanged
ENST00000460680.6:c.1060_1062delinsATT	unchanged
ENST00000460680.6:c.1060_1062delinsCTG	unchanged
ENST00000460680.6:c.1061_1062delinsAT	enriched
ENST00000460680.6:c.1061_1062delinsCT	unchanged
ENST00000460680.6:c.1061_1062delinsGA	unchanged
ENST00000460680.6:c.1060_1062delinsTTT	enriched
ENST00000460680.6:c.1063_1065delinsAAA	unchanged
ENST00000460680.6:c.1063_1065delinsAGA	unchanged
ENST00000460680.6:c.1064_1065delinsCC	weakly depleted
ENST00000460680.6:c.1064_1065delinsTC	unchanged
ENST00000460680.6:c.1063_1065delinsGAA	unchanged
ENST00000460680.6:c.1066_1068delinsAGA	unchanged
ENST00000460680.6:c.1067_1068delinsAA	unchanged
ENST00000460680.6:c.1067_1068delinsCC	unchanged
ENST00000460680.6:c.1067_1068delinsTC	unchanged
ENST00000460680.6:c.1066_1068delinsGGC	unchanged
ENST00000460680.6:c.1069_1071delinsAGA	unchanged
ENST00000460680.6:c.1070_1071delinsAA	enriched
ENST00000460680.6:c.1070_1071delinsCC	unchanged
ENST00000460680.6:c.1069_1071delinsGTC	unchanged
ENST00000460680.6:c.1069_1071delinsTTA	unchanged
ENST00000460680.6:c.1072_1074delinsACC	unchanged
ENST00000460680.6:c.1072_1074delinsAGA	unchanged
ENST00000460680.6:c.1072_1074delinsAGC	unchanged
ENST00000460680.6:c.1073_1074delinsAA	unchanged
ENST00000460680.6:c.1073_1074delinsTC	unchanged
ENST00000460680.6:c.1075_1077delinsACA	unchanged
ENST00000460680.6:c.1075_1076delinsAG	unchanged
ENST00000460680.6:c.1075_1077delinsCCT	unchanged
ENST00000460680.6:c.1076_1077delinsAT	unchanged
ENST00000460680.6:c.1076_1077delinsGA	unchanged
ENST00000460680.6:c.1076_1077delinsTG	unchanged
ENST00000460680.6:c.1078_1080delinsAGC	unchanged
ENST00000460680.6:c.1078_1080delinsATC	unchanged
ENST00000460680.6:c.1078_1080delinsCTG	enriched
ENST00000460680.6:c.1078_1080delinsGTG	enriched
ENST00000460680.6:c.1079_1080delinsAC	unchanged
ENST00000460680.6:c.1079_1080delinsGC	unchanged
ENST00000460680.6:c.1081_1083delinsATC	unchanged
ENST00000460680.6:c.1082_1083delinsAG	unchanged
ENST00000460680.6:c.1082_1083delinsCC	unchanged
ENST00000460680.6:c.1082_1083delinsGG	enriched
ENST00000460680.6:c.1081_1083delinsGTG	unchanged
ENST00000460680.6:c.1081_1083delinsTTG	unchanged
ENST00000460680.6:c.1084_1086delinsAAT	enriched
ENST00000460680.6:c.1084_1086delinsCAT	unchanged
ENST00000460680.6:c.1085_1086delinsCT	unchanged
ENST00000460680.6:c.1085_1086delinsGA	unchanged
ENST00000460680.6:c.1085_1086delinsTG	unchanged
ENST00000460680.6:c.1084_1086delinsTAT	unchanged
ENST00000460680.6:c.1088_1089delinsCC	unchanged
ENST00000460680.6:c.1088_1089delinsGC	unchanged
ENST00000460680.6:c.1088_1089delinsTC	unchanged
ENST00000460680.6:c.1087_1089delinsCAC	unchanged
ENST00000460680.6:c.1087_1089delinsGAC	unchanged
ENST00000460680.6:c.1087_1089delinsTAC	unchanged
ENST00000460680.6:c.1090_1092delinsAAT	unchanged
ENST00000460680.6:c.1091_1092delinsCT	enriched
ENST00000460680.6:c.1091_1092delinsGG	unchanged
ENST00000460680.6:c.1091_1092delinsTG	unchanged
ENST00000460680.6:c.1090_1092delinsGAT	unchanged
ENST00000460680.6:c.1090_1092delinsTAT	unchanged
ENST00000460680.6:c.1094_1095delinsCC	unchanged
ENST00000460680.6:c.1094_1095delinsGC	unchanged
ENST00000460680.6:c.1094_1095delinsTC	unchanged
ENST00000460680.6:c.1093_1095delinsCAC	unchanged
ENST00000460680.6:c.1093_1095delinsGAC	enriched
ENST00000460680.6:c.1093_1095delinsTAC	unchanged
ENST00000460680.6:c.1096_1098delinsAAC	unchanged
ENST00000460680.6:c.1096_1098delinsAGC	unchanged
ENST00000460680.6:c.1096_1098delinsCAC	unchanged
ENST00000460680.6:c.1096_1098delinsGAC	unchanged
ENST00000460680.6:c.1097_1098delinsGC	unchanged
ENST00000460680.6:c.1097_1098delinsTC	unchanged
ENST00000460680.6:c.1099_1101delinsACA	unchanged
ENST00000460680.6:c.1099_1100delinsAG	unchanged
ENST00000460680.6:c.1099_1101delinsCCT	unchanged
ENST00000460680.6:c.1100_1101delinsAT	unchanged
ENST00000460680.6:c.1100_1101delinsGA	enriched
ENST00000460680.6:c.1100_1101delinsTG	unchanged
ENST00000460680.6:c.1103_1104delinsCC	unchanged
ENST00000460680.6:c.1102_1104delinsCAA	unchanged
ENST00000460680.6:c.1102_1103delinsCG	unchanged
ENST00000460680.6:c.1102_1104delinsGAA	unchanged
ENST00000460680.6:c.1105_1107delinsACA	unchanged
ENST00000460680.6:c.1105_1106delinsAG	unchanged
ENST00000460680.6:c.1105_1107delinsAGT	unchanged
ENST00000460680.6:c.1105_1107delinsCCT	unchanged
ENST00000460680.6:c.1105_1107delinsGCT	unchanged
ENST00000460680.6:c.1106_1107delinsAT	unchanged
ENST00000460680.6:c.1106_1107delinsGT	unchanged
ENST00000460680.6:c.1106_1107delinsTT	unchanged
ENST00000460680.6:c.1108_1110delinsACA	unchanged
ENST00000460680.6:c.1108_1109delinsAG	unchanged
ENST00000460680.6:c.1109_1110delinsAT	unchanged
ENST00000460680.6:c.1109_1110delinsGG	unchanged
ENST00000460680.6:c.1109_1110delinsTG	unchanged
ENST00000460680.6:c.1108_1110delinsGCT	unchanged
ENST00000460680.6:c.1112_1113delinsAA	unchanged
ENST00000460680.6:c.1112_1113delinsCC	unchanged
ENST00000460680.6:c.1111_1112delinsCG	unchanged
ENST00000460680.6:c.1111_1113delinsCTC	unchanged
ENST00000460680.6:c.1111_1113delinsGTC	unchanged
ENST00000460680.6:c.1114_1116delinsAAA	strongly depleted
ENST00000460680.6:c.1114_1116delinsAGA	strongly depleted
ENST00000460680.6:c.1115_1116delinsCC	strongly depleted
ENST00000460680.6:c.1115_1116delinsTC	strongly depleted
ENST00000460680.6:c.1114_1116delinsGAA	strongly depleted
ENST00000460680.6:c.1117_1119delinsAAA	unchanged
ENST00000460680.6:c.1117_1119delinsCAA	unchanged
ENST00000460680.6:c.1118_1119delinsGC	unchanged
ENST00000460680.6:c.1118_1119delinsTC	unchanged
ENST00000460680.6:c.1120_1122delinsAAG	unchanged
ENST00000460680.6:c.1120_1122delinsCAG	unchanged
ENST00000460680.6:c.1121_1122delinsGC	weakly depleted
ENST00000460680.6:c.1121_1122delinsTG	unchanged
ENST00000460680.6:c.1123_1125delinsAAG	unchanged
ENST00000460680.6:c.1123_1125delinsCAG	unchanged
ENST00000460680.6:c.1124_1125delinsGC	unchanged
ENST00000460680.6:c.1124_1125delinsTG	unchanged
ENST00000460680.6:c.1126_1128delinsAAT	unchanged
ENST00000460680.6:c.1126_1128delinsCAT	unchanged
ENST00000460680.6:c.1127_1128delinsCT	unchanged
ENST00000460680.6:c.1127_1128delinsGA	unchanged
ENST00000460680.6:c.1127_1128delinsTG	unchanged
ENST00000460680.6:c.1126_1128delinsTAT	unchanged
ENST00000460680.6:c.1129_1131delinsAGA	unchanged
ENST00000460680.6:c.1130_1131delinsAA	unchanged
ENST00000460680.6:c.1130_1131delinsCC	unchanged
ENST00000460680.6:c.1129_1131delinsGTC	unchanged
ENST00000460680.6:c.1129_1131delinsTTA	unchanged
ENST00000460680.6:c.1132_1134delinsACC	unchanged
ENST00000460680.6:c.1132_1134delinsAGC	unchanged
ENST00000460680.6:c.1132_1134delinsCCC	unchanged
ENST00000460680.6:c.1133_1134delinsAA	unchanged
ENST00000460680.6:c.1133_1134delinsGC	unchanged
ENST00000460680.6:c.1133_1134delinsTC	unchanged
ENST00000460680.6:c.1135_1137delinsACC	unchanged
ENST00000460680.6:c.1135_1137delinsAGC	unchanged
ENST00000460680.6:c.1135_1137delinsCCC	unchanged
ENST00000460680.6:c.1136_1137delinsAG	unchanged
ENST00000460680.6:c.1136_1137delinsGC	unchanged
ENST00000460680.6:c.1136_1137delinsTG	weakly depleted
ENST00000460680.6:c.1138_1140delinsAGC	unchanged
ENST00000460680.6:c.1138_1140delinsCGG	unchanged
ENST00000460680.6:c.1139_1140delinsAC	unchanged
ENST00000460680.6:c.1139_1140delinsTG	unchanged
ENST00000460680.6:c.1138_1140delinsTGC	unchanged
ENST00000460680.6:c.1141_1143delinsCTC	unchanged
ENST00000460680.6:c.1142_1143delinsAA	unchanged
ENST00000460680.6:c.1142_1143delinsGC	unchanged
ENST00000460680.6:c.1144_1146delinsCGG	unchanged
ENST00000460680.6:c.1145_1146delinsAT	unchanged
ENST00000460680.6:c.1145_1146delinsCT	unchanged
ENST00000460680.6:c.1145_1146delinsTG	unchanged
ENST00000460680.6:c.1144_1145delinsTC	unchanged
ENST00000460680.6:c.1144_1146delinsTGT	unchanged
ENST00000460680.6:c.1147_1149delinsAGA	unchanged
ENST00000460680.6:c.1147_1149delinsAGG	unchanged
ENST00000460680.6:c.1148_1149delinsAT	unchanged
ENST00000460680.6:c.1148_1149delinsCT	unchanged
ENST00000460680.6:c.1148_1149delinsTG	unchanged
ENST00000460680.6:c.1147_1149delinsGGA	unchanged
ENST00000460680.6:c.1147_1148delinsTC	unchanged
ENST00000460680.6:c.1147_1149delinsTGT	unchanged
ENST00000460680.6:c.1151_1152delinsAT	unchanged
ENST00000460680.6:c.1151_1152delinsCA	unchanged
ENST00000460680.6:c.1151_1152delinsTT	unchanged
ENST00000460680.6:c.1150_1152delinsCGG	unchanged
ENST00000460680.6:c.1150_1152delinsGGA	unchanged
ENST00000460680.6:c.1150_1152delinsTCA	unchanged
ENST00000460680.6:c.1150_1151delinsTC	unchanged
ENST00000460680.6:c.1150_1152delinsTCG	unchanged
ENST00000460680.6:c.1150_1152delinsTCT	unchanged
ENST00000460680.6:c.1150_1152delinsTGT	unchanged
ENST00000460680.6:c.1153_1155delinsAGG	unchanged
ENST00000460680.6:c.1154_1155delinsAG	unchanged
ENST00000460680.6:c.1154_1155delinsCC	unchanged
ENST00000460680.6:c.1154_1155delinsTG	unchanged
ENST00000460680.6:c.1153_1155delinsGGC	unchanged
ENST00000460680.6:c.1153_1154delinsTA	strongly depleted
ENST00000460680.6:c.1156_1158delinsATC	unchanged
ENST00000460680.6:c.1156_1158delinsCTG	unchanged
ENST00000460680.6:c.1157_1158delinsAC	unchanged
ENST00000460680.6:c.1157_1158delinsGC	unchanged
ENST00000460680.6:c.1156_1158delinsTTC	unchanged
ENST00000460680.6:c.1159_1161delinsACC	unchanged
ENST00000460680.6:c.1159_1161delinsAGC	unchanged
ENST00000460680.6:c.1160_1161delinsAG	unchanged
ENST00000460680.6:c.1160_1161delinsGG	unchanged
ENST00000460680.6:c.1160_1161delinsTG	unchanged
ENST00000460680.6:c.1162_1164delinsATT	unchanged
ENST00000460680.6:c.1162_1164delinsCTG	unchanged
ENST00000460680.6:c.1163_1164delinsAT	unchanged
ENST00000460680.6:c.1163_1164delinsCT	unchanged
ENST00000460680.6:c.1163_1164delinsGA	unchanged
ENST00000460680.6:c.1162_1164delinsTTT	unchanged
ENST00000460680.6:c.1165_1167delinsAGA	unchanged
ENST00000460680.6:c.1165_1167delinsAGG	unchanged
ENST00000460680.6:c.1166_1167delinsAT	unchanged
ENST00000460680.6:c.1166_1167delinsCT	unchanged
ENST00000460680.6:c.1166_1167delinsTG	unchanged
ENST00000460680.6:c.1165_1167delinsGGA	unchanged
ENST00000460680.6:c.1165_1166delinsTC	enriched
ENST00000460680.6:c.1165_1167delinsTGT	unchanged
ENST00000460680.6:c.1168_1170delinsACC	unchanged
ENST00000460680.6:c.1168_1170delinsAGC	unchanged
ENST00000460680.6:c.1169_1170delinsAG	unchanged
ENST00000460680.6:c.1169_1170delinsGG	unchanged
ENST00000460680.6:c.1169_1170delinsTG	unchanged
ENST00000460680.6:c.1171_1173delinsACA	unchanged
ENST00000460680.6:c.1171_1172delinsAG	unchanged
ENST00000460680.6:c.1172_1173delinsAT	unchanged
ENST00000460680.6:c.1172_1173delinsGG	unchanged
ENST00000460680.6:c.1172_1173delinsTG	unchanged
ENST00000460680.6:c.1171_1173delinsGCT	unchanged
ENST00000460680.6:c.1174_1176delinsAAA	unchanged
ENST00000460680.6:c.1174_1176delinsAGA	unchanged
ENST00000460680.6:c.1175_1176delinsCC	unchanged
ENST00000460680.6:c.1175_1176delinsTC	unchanged
ENST00000460680.6:c.1174_1176delinsGAA	unchanged
ENST00000460680.6:c.1177_1179delinsAAA	unchanged
ENST00000460680.6:c.1177_1179delinsAGA	unchanged
ENST00000460680.6:c.1178_1179delinsCC	unchanged
ENST00000460680.6:c.1178_1179delinsTC	unchanged
ENST00000460680.6:c.1177_1179delinsGAA	unchanged
ENST00000460680.6:c.1180_1182delinsAAT	unchanged
ENST00000460680.6:c.1180_1181delinsAG	unchanged
ENST00000460680.6:c.1180_1182delinsCAT	unchanged
ENST00000460680.6:c.1180_1182delinsGAT	unchanged
ENST00000460680.6:c.1181_1182delinsGT	unchanged
ENST00000460680.6:c.1181_1182delinsTT	unchanged
ENST00000460680.6:c.1183_1185delinsACC	unchanged
ENST00000460680.6:c.1183_1185delinsAGC	unchanged
ENST00000460680.6:c.1183_1185delinsAGT	unchanged
ENST00000460680.6:c.1183_1185delinsCCC	unchanged
ENST00000460680.6:c.1183_1185delinsCTG	unchanged
ENST00000460680.6:c.1186_1188delinsAAC	unchanged
ENST00000460680.6:c.1186_1188delinsCAC	unchanged
ENST00000460680.6:c.1187_1188delinsGC	unchanged
ENST00000460680.6:c.1187_1188delinsTG	unchanged
ENST00000460680.6:c.1186_1188delinsTAC	unchanged
ENST00000460680.6:c.1189_1191delinsAAC	unchanged
ENST00000460680.6:c.1189_1191delinsCAC	unchanged
ENST00000460680.6:c.1190_1191delinsGC	unchanged
ENST00000460680.6:c.1190_1191delinsTG	unchanged
ENST00000460680.6:c.1189_1191delinsTAC	unchanged
ENST00000460680.6:c.1192_1194delinsAAA	unchanged
ENST00000460680.6:c.1192_1194delinsCAA	unchanged
ENST00000460680.6:c.1193_1194delinsGC	unchanged
ENST00000460680.6:c.1193_1194delinsTC	unchanged
ENST00000460680.6:c.1195_1197delinsAAC	unchanged
ENST00000460680.6:c.1195_1197delinsCAC	unchanged
ENST00000460680.6:c.1196_1197delinsGC	unchanged
ENST00000460680.6:c.1196_1197delinsTG	unchanged
ENST00000460680.6:c.1195_1197delinsTAC	unchanged
ENST00000460680.6:c.1198_1200delinsAAT	enriched
ENST00000460680.6:c.1198_1200delinsCAT	unchanged
ENST00000460680.6:c.1199_1200delinsCT	unchanged
ENST00000460680.6:c.1199_1200delinsGA	unchanged
ENST00000460680.6:c.1199_1200delinsTG	unchanged
ENST00000460680.6:c.1198_1200delinsTAT	unchanged
ENST00000460680.6:c.1201_1203delinsAAC	enriched
ENST00000460680.6:c.1201_1203delinsAGC	unchanged
ENST00000460680.6:c.1201_1203delinsCAC	enriched
ENST00000460680.6:c.1201_1203delinsGAC	enriched
ENST00000460680.6:c.1202_1203delinsGC	unchanged
ENST00000460680.6:c.1202_1203delinsTC	unchanged
ENST00000460680.6:c.1204_1206delinsAAA	unchanged
ENST00000460680.6:c.1204_1206delinsCAA	unchanged
ENST00000460680.6:c.1205_1206delinsGC	unchanged
ENST00000460680.6:c.1205_1206delinsTC	unchanged
ENST00000460680.6:c.1207_1209delinsAAC	unchanged
ENST00000460680.6:c.1207_1209delinsCAC	enriched
ENST00000460680.6:c.1208_1209delinsGC	unchanged
ENST00000460680.6:c.1208_1209delinsTG	unchanged
ENST00000460680.6:c.1207_1209delinsTAC	unchanged
ENST00000460680.6:c.1210_1212delinsAAT	unchanged
ENST00000460680.6:c.1210_1212delinsCAT	unchanged
ENST00000460680.6:c.1211_1212delinsCT	unchanged
ENST00000460680.6:c.1211_1212delinsGA	unchanged
ENST00000460680.6:c.1211_1212delinsTG	unchanged
ENST00000460680.6:c.1210_1212delinsTAT	unchanged
ENST00000460680.6:c.1213_1215delinsAAA	unchanged
ENST00000460680.6:c.1213_1215delinsCAA	unchanged
ENST00000460680.6:c.1214_1215delinsGC	unchanged
ENST00000460680.6:c.1214_1215delinsTC	enriched
ENST00000460680.6:c.1216_1218delinsAAA	unchanged
ENST00000460680.6:c.1216_1218delinsCAA	unchanged
ENST00000460680.6:c.1217_1218delinsGC	unchanged
ENST00000460680.6:c.1217_1218delinsTC	unchanged
ENST00000460680.6:c.1219_1221delinsAAC	unchanged
ENST00000460680.6:c.1219_1221delinsCAC	unchanged
ENST00000460680.6:c.1220_1221delinsGC	unchanged
ENST00000460680.6:c.1220_1221delinsTG	unchanged
ENST00000460680.6:c.1219_1221delinsTAC	unchanged
ENST00000460680.6:c.1222_1224delinsAAT	unchanged
ENST00000460680.6:c.1222_1224delinsCAT	unchanged
ENST00000460680.6:c.1223_1224delinsCT	unchanged
ENST00000460680.6:c.1223_1224delinsGA	unchanged
ENST00000460680.6:c.1223_1224delinsTG	unchanged
ENST00000460680.6:c.1222_1224delinsTAT	unchanged
ENST00000460680.6:c.1225_1227delinsCTC	unchanged
ENST00000460680.6:c.1226_1227delinsAA	unchanged
ENST00000460680.6:c.1226_1227delinsGC	enriched
ENST00000460680.6:c.1228_1230delinsAAA	unchanged
ENST00000460680.6:c.1228_1230delinsAGA	unchanged
ENST00000460680.6:c.1229_1230delinsCC	unchanged
ENST00000460680.6:c.1229_1230delinsTC	unchanged
ENST00000460680.6:c.1228_1230delinsGAA	unchanged
ENST00000460680.6:c.1232_1233delinsCA	unchanged
ENST00000460680.6:c.1232_1233delinsTT	unchanged
ENST00000460680.6:c.1231_1233delinsCAT	unchanged
ENST00000460680.6:c.1231_1233delinsGAT	unchanged
ENST00000460680.6:c.1231_1233delinsTAT	unchanged
ENST00000460680.6:c.1231_1232delinsTC	unchanged
ENST00000460680.6:c.1235_1236delinsAT	unchanged
ENST00000460680.6:c.1235_1236delinsTT	unchanged
ENST00000460680.6:c.1234_1236delinsCCT	unchanged
ENST00000460680.6:c.1234_1236delinsGCT	unchanged
ENST00000460680.6:c.1238_1239delinsCA	unchanged
ENST00000460680.6:c.1238_1239delinsTT	unchanged
ENST00000460680.6:c.1237_1239delinsCAT	unchanged
ENST00000460680.6:c.1237_1239delinsGAT	unchanged
ENST00000460680.6:c.1237_1239delinsTAT	unchanged
ENST00000460680.6:c.1237_1238delinsTC	unchanged
ENST00000460680.6:c.1240_1242delinsACC	unchanged
ENST00000460680.6:c.1240_1242delinsAGC	unchanged
ENST00000460680.6:c.1240_1241delinsAG	unchanged
ENST00000460680.6:c.1240_1242delinsCCC	weakly depleted
ENST00000460680.6:c.1241_1242delinsAC	unchanged
ENST00000460680.6:c.1241_1242delinsGC	unchanged
ENST00000460680.6:c.1241_1242delinsTC	unchanged
ENST00000460680.6:c.1243_1245delinsACA	unchanged
ENST00000460680.6:c.1243_1244delinsAG	unchanged
ENST00000460680.6:c.1243_1245delinsCCT	unchanged
ENST00000460680.6:c.1244_1245delinsAT	unchanged
ENST00000460680.6:c.1244_1245delinsGA	unchanged
ENST00000460680.6:c.1244_1245delinsTG	unchanged
ENST00000460680.6:c.1246_1248delinsATC	unchanged
ENST00000460680.6:c.1247_1248delinsAC	unchanged
ENST00000460680.6:c.1247_1248delinsCC	unchanged
ENST00000460680.6:c.1247_1248delinsGG	unchanged
ENST00000460680.6:c.1246_1248delinsGTG	unchanged
ENST00000460680.6:c.1246_1248delinsTTA	unchanged
ENST00000460680.6:c.1246_1248delinsTTC	unchanged
ENST00000460680.6:c.1246_1248delinsTTG	unchanged
ENST00000460680.6:c.1252_1254delinsAAC	unchanged
ENST00000460680.6:c.1252_1254delinsAGC	unchanged
ENST00000460680.6:c.1252_1254delinsCAC	unchanged
ENST00000460680.6:c.1252_1254delinsGAC	unchanged
ENST00000460680.6:c.1253_1254delinsGC	unchanged
ENST00000460680.6:c.1253_1254delinsTC	unchanged
ENST00000460680.6:c.1256_1257delinsCC	unchanged
ENST00000460680.6:c.1255_1257delinsCAA	unchanged
ENST00000460680.6:c.1255_1256delinsCG	unchanged
ENST00000460680.6:c.1255_1257delinsGAA	unchanged
ENST00000460680.6:c.1258_1260delinsAGA	weakly depleted
ENST00000460680.6:c.1259_1260delinsAA	unchanged
ENST00000460680.6:c.1259_1260delinsTC	unchanged
ENST00000460680.6:c.1262_1263delinsCC	unchanged
ENST00000460680.6:c.1261_1263delinsCAA	unchanged
ENST00000460680.6:c.1261_1262delinsCG	unchanged
ENST00000460680.6:c.1261_1263delinsGAA	unchanged
ENST00000460680.6:c.1264_1266delinsCGG	unchanged
ENST00000460680.6:c.1265_1266delinsAG	unchanged
ENST00000460680.6:c.1265_1266delinsTG	unchanged
ENST00000460680.6:c.1264_1265delinsTA	strongly depleted
ENST00000460680.6:c.1268_1269delinsAG	unchanged
ENST00000460680.6:c.1268_1269delinsGC	unchanged
ENST00000460680.6:c.1268_1269delinsTC	unchanged
ENST00000460680.6:c.1267_1269delinsCGG	unchanged
ENST00000460680.6:c.1270_1272delinsAGA	unchanged
ENST00000460680.6:c.1271_1272delinsAA	unchanged
ENST00000460680.6:c.1271_1272delinsTC	weakly depleted
ENST00000460680.6:c.1274_1275delinsCC	unchanged
ENST00000460680.6:c.1273_1275delinsCAA	unchanged
ENST00000460680.6:c.1273_1274delinsCG	unchanged
ENST00000460680.6:c.1273_1275delinsGAA	unchanged
ENST00000460680.6:c.1276_1278delinsACC	unchanged
ENST00000460680.6:c.1276_1278delinsAGC	weakly depleted
ENST00000460680.6:c.1277_1278delinsAG	unchanged
ENST00000460680.6:c.1277_1278delinsGG	weakly depleted
ENST00000460680.6:c.1277_1278delinsTG	unchanged
ENST00000460680.6:c.1279_1281delinsAGA	unchanged
ENST00000460680.6:c.1280_1281delinsAA	weakly depleted
ENST00000460680.6:c.1280_1281delinsTC	unchanged
ENST00000460680.6:c.1282_1284delinsACC	unchanged
ENST00000460680.6:c.1282_1284delinsAGC	unchanged
ENST00000460680.6:c.1282_1284delinsCCC	unchanged
ENST00000460680.6:c.1283_1284delinsAG	unchanged
ENST00000460680.6:c.1283_1284delinsGC	unchanged
ENST00000460680.6:c.1283_1284delinsTG	unchanged
ENST00000460680.6:c.1285_1287delinsAGC	unchanged
ENST00000460680.6:c.1285_1287delinsCTA	unchanged
ENST00000460680.6:c.1285_1287delinsCTC	unchanged
ENST00000460680.6:c.1285_1287delinsCTT	unchanged
ENST00000460680.6:c.1285_1287delinsGTC	unchanged
ENST00000460680.6:c.1289_1290delinsAT	unchanged
ENST00000460680.6:c.1289_1290delinsCA	unchanged
ENST00000460680.6:c.1289_1290delinsTT	unchanged
ENST00000460680.6:c.1288_1290delinsCGG	unchanged
ENST00000460680.6:c.1288_1290delinsGGA	weakly depleted
ENST00000460680.6:c.1288_1290delinsTCA	unchanged
ENST00000460680.6:c.1288_1289delinsTC	unchanged
ENST00000460680.6:c.1288_1290delinsTCG	unchanged
ENST00000460680.6:c.1288_1290delinsTCT	unchanged
ENST00000460680.6:c.1288_1290delinsTGT	unchanged
ENST00000460680.6:c.1291_1293delinsAGC	unchanged
ENST00000460680.6:c.1291_1293delinsCGG	unchanged
ENST00000460680.6:c.1292_1293delinsAC	unchanged
ENST00000460680.6:c.1292_1293delinsTG	unchanged
ENST00000460680.6:c.1291_1293delinsTGC	unchanged
ENST00000460680.6:c.1294_1296delinsACC	unchanged
ENST00000460680.6:c.1294_1296delinsAGC	unchanged
ENST00000460680.6:c.1294_1295delinsAG	unchanged
ENST00000460680.6:c.1294_1296delinsCCC	unchanged
ENST00000460680.6:c.1295_1296delinsAC	unchanged
ENST00000460680.6:c.1295_1296delinsGC	unchanged
ENST00000460680.6:c.1295_1296delinsTC	unchanged
ENST00000460680.6:c.1297_1299delinsACC	unchanged
ENST00000460680.6:c.1297_1299delinsAGC	unchanged
ENST00000460680.6:c.1297_1299delinsCCC	unchanged
ENST00000460680.6:c.1298_1299delinsAC	unchanged
ENST00000460680.6:c.1298_1299delinsGC	unchanged
ENST00000460680.6:c.1298_1299delinsTG	unchanged
ENST00000460680.6:c.1300_1302delinsAAC	unchanged
ENST00000460680.6:c.1300_1302delinsCAC	unchanged
ENST00000460680.6:c.1301_1302delinsGC	unchanged
ENST00000460680.6:c.1301_1302delinsTG	unchanged
ENST00000460680.6:c.1300_1302delinsTAC	unchanged
ENST00000460680.6:c.1303_1305delinsAGA	unchanged
ENST00000460680.6:c.1304_1305delinsAA	unchanged
ENST00000460680.6:c.1304_1305delinsTC	unchanged
ENST00000460680.6:c.1306_1308delinsAAG	unchanged
ENST00000460680.6:c.1307_1308delinsCC	unchanged
ENST00000460680.6:c.1307_1308delinsGG	unchanged
ENST00000460680.6:c.1307_1308delinsTG	unchanged
ENST00000460680.6:c.1306_1308delinsGAG	unchanged
ENST00000460680.6:c.1309_1311delinsAGA	unchanged
ENST00000460680.6:c.1310_1311delinsAA	unchanged
ENST00000460680.6:c.1310_1311delinsCC	unchanged
ENST00000460680.6:c.1309_1311delinsGTC	unchanged
ENST00000460680.6:c.1309_1311delinsTTA	unchanged
ENST00000460680.6:c.1312_1314delinsACC	unchanged
ENST00000460680.6:c.1312_1314delinsAGC	unchanged
ENST00000460680.6:c.1312_1314delinsAGT	unchanged
ENST00000460680.6:c.1312_1314delinsCCC	unchanged
ENST00000460680.6:c.1312_1314delinsCTG	unchanged
ENST00000460680.6:c.1315_1317delinsCTC	strongly depleted
ENST00000460680.6:c.1316_1317delinsAA	unchanged
ENST00000460680.6:c.1316_1317delinsGC	unchanged
ENST00000460680.6:c.1318_1320delinsAGA	unchanged
ENST00000460680.6:c.1319_1320delinsAA	unchanged
ENST00000460680.6:c.1319_1320delinsCC	unchanged
ENST00000460680.6:c.1318_1320delinsGTC	unchanged
ENST00000460680.6:c.1318_1320delinsTTA	unchanged
ENST00000460680.6:c.1321_1323delinsAAA	unchanged
ENST00000460680.6:c.1321_1323delinsAGA	unchanged
ENST00000460680.6:c.1322_1323delinsCC	unchanged
ENST00000460680.6:c.1322_1323delinsTC	enriched
ENST00000460680.6:c.1321_1323delinsGAA	unchanged
ENST00000460680.6:c.1331_1332delinsAT	enriched
ENST00000460680.6:c.1331_1332delinsTT	unchanged
ENST00000460680.6:c.1330_1332delinsCCT	unchanged
ENST00000460680.6:c.1330_1332delinsGCT	unchanged
ENST00000460680.6:c.1334_1335delinsAT	unchanged
ENST00000460680.6:c.1334_1335delinsCA	unchanged
ENST00000460680.6:c.1333_1335delinsCTG	unchanged
ENST00000460680.6:c.1333_1335delinsGTG	enriched
ENST00000460680.6:c.1333_1334delinsTC	enriched
ENST00000460680.6:c.1333_1335delinsTTT	unchanged
ENST00000460680.6:c.1337_1338delinsCA	unchanged
ENST00000460680.6:c.1337_1338delinsTT	weakly depleted
ENST00000460680.6:c.1336_1338delinsCAT	unchanged
ENST00000460680.6:c.1336_1338delinsGAT	unchanged
ENST00000460680.6:c.1336_1338delinsTAT	weakly depleted
ENST00000460680.6:c.1336_1337delinsTC	unchanged
ENST00000460680.6:c.1339_1341delinsATT	unchanged
ENST00000460680.6:c.1339_1341delinsCTG	unchanged
ENST00000460680.6:c.1340_1341delinsAT	unchanged
ENST00000460680.6:c.1340_1341delinsCT	unchanged
ENST00000460680.6:c.1340_1341delinsGA	unchanged
ENST00000460680.6:c.1339_1341delinsTTT	unchanged
ENST00000460680.6:c.1342_1344delinsAGC	unchanged
ENST00000460680.6:c.1342_1344delinsCTA	unchanged
ENST00000460680.6:c.1342_1344delinsCTC	unchanged
ENST00000460680.6:c.1342_1344delinsCTT	unchanged
ENST00000460680.6:c.1342_1344delinsGTC	unchanged
ENST00000460680.6:c.1345_1347delinsACC	unchanged
ENST00000460680.6:c.1345_1347delinsAGC	unchanged
ENST00000460680.6:c.1345_1347delinsCCC	unchanged
ENST00000460680.6:c.1346_1347delinsAC	unchanged
ENST00000460680.6:c.1346_1347delinsGC	unchanged
ENST00000460680.6:c.1346_1347delinsTG	unchanged
ENST00000460680.6:c.1348_1350delinsAAA	unchanged
ENST00000460680.6:c.1348_1350delinsCAA	weakly depleted
ENST00000460680.6:c.1349_1350delinsGC	unchanged
ENST00000460680.6:c.1349_1350delinsTC	weakly depleted
ENST00000460680.6:c.1352_1353delinsCC	unchanged
ENST00000460680.6:c.1351_1353delinsCAA	unchanged
ENST00000460680.6:c.1351_1352delinsCG	unchanged
ENST00000460680.6:c.1351_1353delinsGAA	unchanged
ENST00000460680.6:c.1354_1356delinsATT	unchanged
ENST00000460680.6:c.1355_1356delinsAT	unchanged
ENST00000460680.6:c.1355_1356delinsCT	unchanged
ENST00000460680.6:c.1355_1356delinsGG	unchanged
ENST00000460680.6:c.1354_1356delinsGTG	unchanged
ENST00000460680.6:c.1354_1356delinsTTA	unchanged
ENST00000460680.6:c.1354_1356delinsTTG	unchanged
ENST00000460680.6:c.1354_1356delinsTTT	unchanged
ENST00000460680.6:c.1358_1359delinsCC	unchanged
ENST00000460680.6:c.1358_1359delinsTC	unchanged
ENST00000460680.6:c.1357_1359delinsCAG	unchanged
ENST00000460680.6:c.1357_1359delinsCGG	unchanged
ENST00000460680.6:c.1357_1359delinsGAG	unchanged
ENST00000460680.6:c.1360_1362delinsAAA	unchanged
ENST00000460680.6:c.1360_1362delinsCAA	unchanged
ENST00000460680.6:c.1361_1362delinsGC	unchanged
ENST00000460680.6:c.1361_1362delinsTC	unchanged
ENST00000460680.6:c.1363_1365delinsACA	unchanged
ENST00000460680.6:c.1363_1364delinsAG	unchanged
ENST00000460680.6:c.1363_1365delinsAGT	unchanged
ENST00000460680.6:c.1363_1365delinsCCT	unchanged
ENST00000460680.6:c.1363_1365delinsGCT	unchanged
ENST00000460680.6:c.1364_1365delinsAT	unchanged
ENST00000460680.6:c.1364_1365delinsGT	unchanged
ENST00000460680.6:c.1364_1365delinsTT	unchanged
ENST00000460680.6:c.1366_1368delinsAAA	unchanged
ENST00000460680.6:c.1366_1368delinsAGA	unchanged
ENST00000460680.6:c.1367_1368delinsCC	unchanged
ENST00000460680.6:c.1367_1368delinsTC	unchanged
ENST00000460680.6:c.1366_1368delinsGAA	unchanged
ENST00000460680.6:c.1370_1371delinsCC	unchanged
ENST00000460680.6:c.1369_1371delinsCAA	unchanged
ENST00000460680.6:c.1369_1370delinsCG	unchanged
ENST00000460680.6:c.1369_1371delinsGAA	unchanged
ENST00000460680.6:c.1372_1374delinsAAT	unchanged
ENST00000460680.6:c.1372_1374delinsCAT	unchanged
ENST00000460680.6:c.1373_1374delinsCT	unchanged
ENST00000460680.6:c.1373_1374delinsGA	unchanged
ENST00000460680.6:c.1373_1374delinsTG	unchanged
ENST00000460680.6:c.1372_1374delinsTAT	unchanged
ENST00000460680.6:c.1375_1377delinsATT	unchanged
ENST00000460680.6:c.1376_1377delinsAT	unchanged
ENST00000460680.6:c.1376_1377delinsCT	unchanged
ENST00000460680.6:c.1376_1377delinsGG	unchanged
ENST00000460680.6:c.1375_1377delinsGTG	weakly depleted
ENST00000460680.6:c.1375_1377delinsTTA	unchanged
ENST00000460680.6:c.1375_1377delinsTTG	unchanged
ENST00000460680.6:c.1375_1377delinsTTT	unchanged
ENST00000460680.6:c.1378_1380delinsACC	unchanged
ENST00000460680.6:c.1378_1380delinsAGC	unchanged
ENST00000460680.6:c.1378_1380delinsAGT	unchanged
ENST00000460680.6:c.1378_1380delinsCCC	unchanged
ENST00000460680.6:c.1378_1380delinsCTG	weakly depleted
ENST00000460680.6:c.1382_1383delinsAC	unchanged
ENST00000460680.6:c.1382_1383delinsCC	unchanged
ENST00000460680.6:c.1382_1383delinsGC	unchanged
ENST00000460680.6:c.1381_1383delinsCTG	unchanged
ENST00000460680.6:c.1381_1383delinsGTG	unchanged
ENST00000460680.6:c.1381_1383delinsTTC	unchanged
ENST00000460680.6:c.1384_1386delinsACC	unchanged
ENST00000460680.6:c.1384_1386delinsAGC	unchanged
ENST00000460680.6:c.1385_1386delinsAC	unchanged
ENST00000460680.6:c.1385_1386delinsGG	unchanged
ENST00000460680.6:c.1385_1386delinsTG	unchanged
ENST00000460680.6:c.1387_1389delinsAGA	unchanged
ENST00000460680.6:c.1388_1389delinsAA	unchanged
ENST00000460680.6:c.1388_1389delinsCC	unchanged
ENST00000460680.6:c.1387_1389delinsGTC	unchanged
ENST00000460680.6:c.1387_1389delinsTTA	enriched
ENST00000460680.6:c.1390_1392delinsACA	unchanged
ENST00000460680.6:c.1390_1391delinsAG	unchanged
ENST00000460680.6:c.1390_1392delinsAGT	unchanged
ENST00000460680.6:c.1390_1392delinsCCT	weakly depleted
ENST00000460680.6:c.1390_1392delinsGCT	unchanged
ENST00000460680.6:c.1391_1392delinsAT	unchanged
ENST00000460680.6:c.1391_1392delinsGT	unchanged
ENST00000460680.6:c.1391_1392delinsTT	unchanged
ENST00000460680.6:c.1394_1395delinsAT	unchanged
ENST00000460680.6:c.1394_1395delinsCA	unchanged
ENST00000460680.6:c.1393_1395delinsCTG	unchanged
ENST00000460680.6:c.1393_1395delinsGTG	unchanged
ENST00000460680.6:c.1393_1394delinsTC	unchanged
ENST00000460680.6:c.1393_1395delinsTTT	unchanged
ENST00000460680.6:c.1397_1398delinsCC	unchanged
ENST00000460680.6:c.1396_1398delinsCAA	unchanged
ENST00000460680.6:c.1396_1397delinsCG	unchanged
ENST00000460680.6:c.1396_1398delinsGAA	unchanged
ENST00000460680.6:c.1400_1401delinsAC	unchanged
ENST00000460680.6:c.1400_1401delinsGC	unchanged
ENST00000460680.6:c.1400_1401delinsTC	unchanged
ENST00000460680.6:c.1399_1401delinsCCC	unchanged
ENST00000460680.6:c.1403_1404delinsAT	unchanged
ENST00000460680.6:c.1403_1404delinsCA	unchanged
ENST00000460680.6:c.1403_1404delinsTT	unchanged
ENST00000460680.6:c.1402_1404delinsCGG	weakly depleted
ENST00000460680.6:c.1402_1404delinsGGA	unchanged
ENST00000460680.6:c.1402_1404delinsTCA	unchanged
ENST00000460680.6:c.1402_1403delinsTC	unchanged
ENST00000460680.6:c.1402_1404delinsTCG	unchanged
ENST00000460680.6:c.1402_1404delinsTCT	unchanged
ENST00000460680.6:c.1402_1404delinsTGT	unchanged
ENST00000460680.6:c.1406_1407delinsAT	unchanged
ENST00000460680.6:c.1406_1407delinsCA	unchanged
ENST00000460680.6:c.1406_1407delinsTT	unchanged
ENST00000460680.6:c.1405_1407delinsCGG	unchanged
ENST00000460680.6:c.1405_1407delinsGGA	unchanged
ENST00000460680.6:c.1405_1407delinsTCA	unchanged
ENST00000460680.6:c.1405_1406delinsTC	unchanged
ENST00000460680.6:c.1405_1407delinsTCG	unchanged
ENST00000460680.6:c.1405_1407delinsTCT	unchanged
ENST00000460680.6:c.1405_1407delinsTGT	enriched
ENST00000460680.6:c.1408_1410delinsAGA	unchanged
ENST00000460680.6:c.1409_1410delinsAA	unchanged
ENST00000460680.6:c.1409_1410delinsTC	weakly depleted
ENST00000460680.6:c.1411_1413delinsACC	unchanged
ENST00000460680.6:c.1411_1413delinsAGC	unchanged
ENST00000460680.6:c.1411_1413delinsCCC	unchanged
ENST00000460680.6:c.1412_1413delinsAC	unchanged
ENST00000460680.6:c.1412_1413delinsGC	unchanged
ENST00000460680.6:c.1412_1413delinsTG	unchanged
ENST00000460680.6:c.1414_1416delinsAGA	unchanged
ENST00000460680.6:c.1415_1416delinsAA	unchanged
ENST00000460680.6:c.1415_1416delinsTC	unchanged
ENST00000460680.6:c.1418_1419delinsAC	unchanged
ENST00000460680.6:c.1418_1419delinsCC	unchanged
ENST00000460680.6:c.1418_1419delinsTC	unchanged
ENST00000460680.6:c.1417_1419delinsCGG	unchanged
ENST00000460680.6:c.1417_1419delinsGGC	unchanged
ENST00000460680.6:c.1417_1419delinsTCA	unchanged
ENST00000460680.6:c.1417_1419delinsTCC	unchanged
ENST00000460680.6:c.1417_1419delinsTCG	unchanged
ENST00000460680.6:c.1417_1418delinsTC	unchanged
ENST00000460680.6:c.1417_1419delinsTGC	unchanged
ENST00000460680.6:c.1420_1422delinsACC	weakly depleted
ENST00000460680.6:c.1420_1422delinsAGA	unchanged
ENST00000460680.6:c.1420_1422delinsAGC	unchanged
ENST00000460680.6:c.1421_1422delinsAA	unchanged
ENST00000460680.6:c.1421_1422delinsTC	unchanged
ENST00000460680.6:c.1423_1425delinsACC	unchanged
ENST00000460680.6:c.1423_1425delinsAGC	unchanged
ENST00000460680.6:c.1423_1425delinsCCC	weakly depleted
ENST00000460680.6:c.1424_1425delinsAC	unchanged
ENST00000460680.6:c.1424_1425delinsGC	unchanged
ENST00000460680.6:c.1424_1425delinsTG	unchanged
ENST00000460680.6:c.1426_1428delinsCTC	unchanged
ENST00000460680.6:c.1427_1428delinsAA	unchanged
ENST00000460680.6:c.1427_1428delinsGC	unchanged
ENST00000460680.6:c.1429_1431delinsACC	unchanged
ENST00000460680.6:c.1429_1431delinsAGC	weakly depleted
ENST00000460680.6:c.1429_1431delinsCCC	unchanged
ENST00000460680.6:c.1430_1431delinsAG	weakly depleted
ENST00000460680.6:c.1430_1431delinsGC	unchanged
ENST00000460680.6:c.1430_1431delinsTG	unchanged
ENST00000460680.6:c.1432_1434delinsCTC	unchanged
ENST00000460680.6:c.1433_1434delinsAA	unchanged
ENST00000460680.6:c.1433_1434delinsGC	unchanged
ENST00000460680.6:c.1435_1437delinsACA	unchanged
ENST00000460680.6:c.1435_1436delinsAG	unchanged
ENST00000460680.6:c.1436_1437delinsAT	unchanged
ENST00000460680.6:c.1436_1437delinsGG	unchanged
ENST00000460680.6:c.1436_1437delinsTG	unchanged
ENST00000460680.6:c.1435_1437delinsGCT	unchanged
ENST00000460680.6:c.1439_1440delinsAG	unchanged
ENST00000460680.6:c.1439_1440delinsGC	unchanged
ENST00000460680.6:c.1439_1440delinsTC	unchanged
ENST00000460680.6:c.1438_1440delinsCCC	unchanged
ENST00000460680.6:c.1438_1440delinsCGG	unchanged
ENST00000460680.6:c.1441_1443delinsAAT	unchanged
ENST00000460680.6:c.1442_1443delinsCT	unchanged
ENST00000460680.6:c.1442_1443delinsGG	unchanged
ENST00000460680.6:c.1442_1443delinsTG	unchanged
ENST00000460680.6:c.1441_1443delinsGAT	unchanged
ENST00000460680.6:c.1441_1443delinsTAT	unchanged
ENST00000460680.6:c.1444_1446delinsACC	unchanged
ENST00000460680.6:c.1444_1446delinsAGC	unchanged
ENST00000460680.6:c.1444_1446delinsAGT	unchanged
ENST00000460680.6:c.1444_1446delinsCCC	unchanged
ENST00000460680.6:c.1444_1445delinsCT	unchanged
ENST00000460680.6:c.1447_1449delinsAAA	unchanged
ENST00000460680.6:c.1447_1449delinsAGA	unchanged
ENST00000460680.6:c.1448_1449delinsCC	unchanged
ENST00000460680.6:c.1448_1449delinsTC	unchanged
ENST00000460680.6:c.1447_1449delinsGAA	unchanged
ENST00000460680.6:c.1450_1452delinsACA	unchanged
ENST00000460680.6:c.1450_1451delinsAG	unchanged
ENST00000460680.6:c.1451_1452delinsAT	unchanged
ENST00000460680.6:c.1451_1452delinsGG	unchanged
ENST00000460680.6:c.1451_1452delinsTG	unchanged
ENST00000460680.6:c.1450_1452delinsGCT	unchanged
ENST00000460680.6:c.1453_1455delinsACC	unchanged
ENST00000460680.6:c.1453_1455delinsAGC	unchanged
ENST00000460680.6:c.1453_1455delinsAGT	unchanged
ENST00000460680.6:c.1453_1455delinsCCC	unchanged
ENST00000460680.6:c.1453_1455delinsCTG	unchanged
ENST00000460680.6:c.1456_1458delinsACA	unchanged
ENST00000460680.6:c.1456_1457delinsAG	weakly depleted
ENST00000460680.6:c.1457_1458delinsAT	weakly depleted
ENST00000460680.6:c.1457_1458delinsGG	weakly depleted
ENST00000460680.6:c.1457_1458delinsTG	unchanged
ENST00000460680.6:c.1456_1458delinsGCT	weakly depleted
ENST00000460680.6:c.1460_1461delinsAT	unchanged
ENST00000460680.6:c.1460_1461delinsTT	unchanged
ENST00000460680.6:c.1459_1461delinsCCT	unchanged
ENST00000460680.6:c.1459_1461delinsGCT	unchanged
ENST00000460680.6:c.1462_1464delinsACA	unchanged
ENST00000460680.6:c.1462_1463delinsAG	unchanged
ENST00000460680.6:c.1463_1464delinsAT	unchanged
ENST00000460680.6:c.1463_1464delinsGG	unchanged
ENST00000460680.6:c.1463_1464delinsTG	unchanged
ENST00000460680.6:c.1462_1464delinsGCT	unchanged
ENST00000460680.6:c.1466_1467delinsAT	unchanged
ENST00000460680.6:c.1466_1467delinsCA	unchanged
ENST00000460680.6:c.1466_1467delinsTT	weakly depleted
ENST00000460680.6:c.1465_1467delinsCGG	weakly depleted
ENST00000460680.6:c.1465_1467delinsGGA	unchanged
ENST00000460680.6:c.1465_1467delinsTCA	unchanged
ENST00000460680.6:c.1465_1466delinsTC	unchanged
ENST00000460680.6:c.1465_1467delinsTCG	unchanged
ENST00000460680.6:c.1465_1467delinsTCT	unchanged
ENST00000460680.6:c.1465_1467delinsTGT	weakly depleted
ENST00000460680.6:c.1469_1470delinsCC	unchanged
ENST00000460680.6:c.1469_1470delinsGC	unchanged
ENST00000460680.6:c.1469_1470delinsTC	unchanged
ENST00000460680.6:c.1468_1470delinsCAC	unchanged
ENST00000460680.6:c.1468_1470delinsGAC	unchanged
ENST00000460680.6:c.1468_1470delinsTAC	unchanged
ENST00000460680.6:c.1471_1473delinsAAA	unchanged
ENST00000460680.6:c.1471_1473delinsCAA	unchanged
ENST00000460680.6:c.1472_1473delinsGC	unchanged
ENST00000460680.6:c.1472_1473delinsTC	unchanged
ENST00000460680.6:c.1475_1476delinsAC	weakly depleted
ENST00000460680.6:c.1475_1476delinsCC	unchanged
ENST00000460680.6:c.1475_1476delinsTC	weakly depleted
ENST00000460680.6:c.1474_1476delinsCGG	weakly depleted
ENST00000460680.6:c.1474_1476delinsGGC	weakly depleted
ENST00000460680.6:c.1474_1476delinsTCA	unchanged
ENST00000460680.6:c.1474_1476delinsTCC	unchanged
ENST00000460680.6:c.1474_1476delinsTCG	unchanged
ENST00000460680.6:c.1474_1475delinsTC	unchanged
ENST00000460680.6:c.1474_1476delinsTGC	unchanged
ENST00000460680.6:c.1478_1479delinsAG	weakly depleted
ENST00000460680.6:c.1478_1479delinsGC	weakly depleted
ENST00000460680.6:c.1478_1479delinsTC	weakly depleted
ENST00000460680.6:c.1477_1479delinsCCC	weakly depleted
ENST00000460680.6:c.1477_1479delinsCGG	weakly depleted
ENST00000460680.6:c.1480_1482delinsAAT	weakly depleted
ENST00000460680.6:c.1480_1482delinsCAT	weakly depleted
ENST00000460680.6:c.1481_1482delinsCT	weakly depleted
ENST00000460680.6:c.1481_1482delinsGA	weakly depleted
ENST00000460680.6:c.1481_1482delinsTG	weakly depleted
ENST00000460680.6:c.1480_1482delinsTAT	weakly depleted
ENST00000460680.6:c.1484_1485delinsAA	weakly depleted
ENST00000460680.6:c.1484_1485delinsGC	unchanged
ENST00000460680.6:c.1483_1485delinsCCC	unchanged
ENST00000460680.6:c.1483_1484delinsCG	weakly depleted
ENST00000460680.6:c.1486_1488delinsACA	unchanged
ENST00000460680.6:c.1486_1487delinsAG	unchanged
ENST00000460680.6:c.1486_1488delinsCCT	weakly depleted
ENST00000460680.6:c.1487_1488delinsAT	weakly depleted
ENST00000460680.6:c.1487_1488delinsGA	weakly depleted
ENST00000460680.6:c.1487_1488delinsTG	weakly depleted
ENST00000460680.6:c.1489_1491delinsACC	unchanged
ENST00000460680.6:c.1489_1491delinsAGC	unchanged
ENST00000460680.6:c.1489_1490delinsAG	unchanged
ENST00000460680.6:c.1489_1491delinsCCC	unchanged
ENST00000460680.6:c.1490_1491delinsAC	unchanged
ENST00000460680.6:c.1490_1491delinsGC	weakly depleted
ENST00000460680.6:c.1490_1491delinsTC	unchanged
ENST00000460680.6:c.1492_1494delinsCAA	weakly depleted
ENST00000460680.6:c.1493_1494delinsGC	weakly depleted
ENST00000460680.6:c.1493_1494delinsTC	weakly depleted
ENST00000460680.6:c.1492_1494delinsAAA	weakly depleted
ENST00000460680.6:c.1496_1497delinsAT	unchanged
ENST00000460680.6:c.1496_1497delinsCA	unchanged
ENST00000460680.6:c.1495_1497delinsCTG	unchanged
ENST00000460680.6:c.1495_1497delinsGTG	unchanged
ENST00000460680.6:c.1495_1496delinsTC	unchanged
ENST00000460680.6:c.1495_1497delinsTTT	unchanged
ENST00000460680.6:c.1498_1500delinsCGG	unchanged
ENST00000460680.6:c.1499_1500delinsAT	unchanged
ENST00000460680.6:c.1499_1500delinsCT	unchanged
ENST00000460680.6:c.1499_1500delinsTG	weakly depleted
ENST00000460680.6:c.1498_1499delinsTC	unchanged
ENST00000460680.6:c.1498_1500delinsTGT	unchanged
ENST00000460680.6:c.1502_1503delinsAC	unchanged
ENST00000460680.6:c.1502_1503delinsCC	weakly depleted
ENST00000460680.6:c.1502_1503delinsTC	weakly depleted
ENST00000460680.6:c.1501_1503delinsCGG	weakly depleted
ENST00000460680.6:c.1501_1503delinsGGC	unchanged
ENST00000460680.6:c.1501_1503delinsTCA	unchanged
ENST00000460680.6:c.1501_1503delinsTCC	unchanged
ENST00000460680.6:c.1501_1503delinsTCG	weakly depleted
ENST00000460680.6:c.1501_1502delinsTC	unchanged
ENST00000460680.6:c.1501_1503delinsTGC	weakly depleted
ENST00000460680.6:c.1504_1506delinsACC	unchanged
ENST00000460680.6:c.1504_1506delinsAGC	weakly depleted
ENST00000460680.6:c.1504_1506delinsCCC	unchanged
ENST00000460680.6:c.1505_1506delinsAC	unchanged
ENST00000460680.6:c.1505_1506delinsGC	unchanged
ENST00000460680.6:c.1505_1506delinsTG	unchanged
ENST00000460680.6:c.1507_1508delinsAG	unchanged
ENST00000460680.6:c.1507_1509delinsATT	unchanged
ENST00000460680.6:c.1507_1509delinsCTG	unchanged
ENST00000460680.6:c.1507_1509delinsGTG	unchanged
ENST00000460680.6:c.1508_1509delinsAT	unchanged
ENST00000460680.6:c.1508_1509delinsGT	unchanged
ENST00000460680.6:c.1511_1512delinsCA	weakly depleted
ENST00000460680.6:c.1511_1512delinsTT	weakly depleted
ENST00000460680.6:c.1510_1512delinsCAT	unchanged
ENST00000460680.6:c.1510_1512delinsGAT	unchanged
ENST00000460680.6:c.1510_1512delinsTAT	unchanged
ENST00000460680.6:c.1510_1511delinsTC	unchanged
ENST00000460680.6:c.1513_1515delinsACC	unchanged
ENST00000460680.6:c.1513_1515delinsAGC	unchanged
ENST00000460680.6:c.1513_1515delinsAGT	unchanged
ENST00000460680.6:c.1513_1515delinsCCC	weakly depleted
ENST00000460680.6:c.1513_1514delinsCT	weakly depleted
ENST00000460680.6:c.1516_1518delinsACC	weakly depleted
ENST00000460680.6:c.1516_1518delinsAGC	unchanged
ENST00000460680.6:c.1517_1518delinsAG	weakly depleted
ENST00000460680.6:c.1517_1518delinsGG	weakly depleted
ENST00000460680.6:c.1517_1518delinsTG	weakly depleted
ENST00000460680.6:c.1519_1521delinsAGA	unchanged
ENST00000460680.6:c.1520_1521delinsAA	unchanged
ENST00000460680.6:c.1520_1521delinsCC	unchanged
ENST00000460680.6:c.1519_1521delinsGTC	weakly depleted
ENST00000460680.6:c.1519_1521delinsTTA	unchanged
ENST00000460680.6:c.1522_1524delinsAGA	unchanged
ENST00000460680.6:c.1522_1524delinsAGG	unchanged
ENST00000460680.6:c.1523_1524delinsAT	unchanged
ENST00000460680.6:c.1523_1524delinsCT	unchanged
ENST00000460680.6:c.1523_1524delinsTG	unchanged
ENST00000460680.6:c.1522_1524delinsGGA	unchanged
ENST00000460680.6:c.1522_1523delinsTC	unchanged
ENST00000460680.6:c.1522_1524delinsTGT	unchanged
ENST00000460680.6:c.1525_1527delinsACC	unchanged
ENST00000460680.6:c.1525_1527delinsAGC	unchanged
ENST00000460680.6:c.1525_1527delinsAGT	unchanged
ENST00000460680.6:c.1525_1527delinsCCC	unchanged
ENST00000460680.6:c.1525_1526delinsCT	unchanged
ENST00000460680.6:c.1528_1530delinsACC	weakly depleted
ENST00000460680.6:c.1528_1530delinsAGC	unchanged
ENST00000460680.6:c.1529_1530delinsAC	unchanged
ENST00000460680.6:c.1529_1530delinsGG	unchanged
ENST00000460680.6:c.1529_1530delinsTG	unchanged
ENST00000460680.6:c.1532_1533delinsAT	unchanged
ENST00000460680.6:c.1532_1533delinsCA	unchanged
ENST00000460680.6:c.1531_1533delinsCTG	unchanged
ENST00000460680.6:c.1531_1533delinsGTG	unchanged
ENST00000460680.6:c.1531_1532delinsTC	unchanged
ENST00000460680.6:c.1531_1533delinsTTT	unchanged
ENST00000460680.6:c.1534_1536delinsAGA	unchanged
ENST00000460680.6:c.1534_1536delinsAGG	unchanged
ENST00000460680.6:c.1535_1536delinsAT	unchanged
ENST00000460680.6:c.1535_1536delinsCT	unchanged
ENST00000460680.6:c.1535_1536delinsTG	unchanged
ENST00000460680.6:c.1534_1536delinsGGA	unchanged
ENST00000460680.6:c.1534_1535delinsTC	unchanged
ENST00000460680.6:c.1534_1536delinsTGT	unchanged
ENST00000460680.6:c.1537_1539delinsACC	unchanged
ENST00000460680.6:c.1537_1539delinsAGC	weakly depleted
ENST00000460680.6:c.1537_1539delinsAGT	unchanged
ENST00000460680.6:c.1537_1539delinsCCC	unchanged
ENST00000460680.6:c.1537_1539delinsCTG	unchanged
ENST00000460680.6:c.1540_1542delinsACA	unchanged
ENST00000460680.6:c.1540_1541delinsAG	unchanged
ENST00000460680.6:c.1540_1542delinsCCT	unchanged
ENST00000460680.6:c.1541_1542delinsAT	unchanged
ENST00000460680.6:c.1541_1542delinsGA	unchanged
ENST00000460680.6:c.1541_1542delinsTG	unchanged
ENST00000460680.6:c.1544_1545delinsCA	weakly depleted
ENST00000460680.6:c.1544_1545delinsTT	unchanged
ENST00000460680.6:c.1543_1545delinsCAT	unchanged
ENST00000460680.6:c.1543_1545delinsGAT	unchanged
ENST00000460680.6:c.1543_1545delinsTAT	unchanged
ENST00000460680.6:c.1543_1544delinsTC	unchanged
ENST00000460680.6:c.1546_1548delinsACC	weakly depleted
ENST00000460680.6:c.1546_1548delinsAGA	weakly depleted
ENST00000460680.6:c.1546_1548delinsAGC	unchanged
ENST00000460680.6:c.1547_1548delinsAA	unchanged
ENST00000460680.6:c.1547_1548delinsTC	unchanged
ENST00000460680.6:c.1550_1551delinsAA	weakly depleted
ENST00000460680.6:c.1550_1551delinsGC	unchanged
ENST00000460680.6:c.1549_1551delinsCCC	unchanged
ENST00000460680.6:c.1549_1550delinsCG	weakly depleted
ENST00000460680.6:c.1552_1554delinsAGA	weakly depleted
ENST00000460680.6:c.1553_1554delinsAA	unchanged
ENST00000460680.6:c.1553_1554delinsCC	unchanged
ENST00000460680.6:c.1553_1554delinsTC	unchanged
ENST00000460680.6:c.1552_1554delinsGGC	weakly depleted
ENST00000460680.6:c.1555_1557delinsACA	unchanged
ENST00000460680.6:c.1555_1556delinsAG	unchanged
ENST00000460680.6:c.1556_1557delinsAT	unchanged
ENST00000460680.6:c.1556_1557delinsGG	unchanged
ENST00000460680.6:c.1556_1557delinsTG	weakly depleted
ENST00000460680.6:c.1555_1557delinsGCT	unchanged
ENST00000460680.6:c.1558_1560delinsACA	weakly depleted
ENST00000460680.6:c.1558_1559delinsAG	unchanged
ENST00000460680.6:c.1558_1560delinsAGT	unchanged
ENST00000460680.6:c.1558_1560delinsCCT	unchanged
ENST00000460680.6:c.1558_1560delinsGCT	unchanged
ENST00000460680.6:c.1559_1560delinsAT	unchanged
ENST00000460680.6:c.1559_1560delinsGT	unchanged
ENST00000460680.6:c.1559_1560delinsTT	unchanged
ENST00000460680.6:c.1562_1563delinsAT	weakly depleted
ENST00000460680.6:c.1562_1563delinsCA	unchanged
ENST00000460680.6:c.1562_1563delinsTT	unchanged
ENST00000460680.6:c.1561_1563delinsCGG	unchanged
ENST00000460680.6:c.1561_1563delinsGGA	unchanged
ENST00000460680.6:c.1561_1563delinsTCA	unchanged
ENST00000460680.6:c.1561_1562delinsTC	unchanged
ENST00000460680.6:c.1561_1563delinsTCG	unchanged
ENST00000460680.6:c.1561_1563delinsTCT	unchanged
ENST00000460680.6:c.1561_1563delinsTGT	unchanged
ENST00000460680.6:c.1564_1566delinsACC	weakly depleted
ENST00000460680.6:c.1564_1566delinsAGC	unchanged
ENST00000460680.6:c.1565_1566delinsAC	unchanged
ENST00000460680.6:c.1565_1566delinsGG	unchanged
ENST00000460680.6:c.1565_1566delinsTG	unchanged
ENST00000460680.6:c.1567_1569delinsATT	unchanged
ENST00000460680.6:c.1567_1569delinsCTG	unchanged
ENST00000460680.6:c.1568_1569delinsAT	weakly depleted
ENST00000460680.6:c.1568_1569delinsCT	unchanged
ENST00000460680.6:c.1568_1569delinsGA	weakly depleted
ENST00000460680.6:c.1567_1569delinsTTT	unchanged
ENST00000460680.6:c.1571_1572delinsAT	unchanged
ENST00000460680.6:c.1571_1572delinsTT	unchanged
ENST00000460680.6:c.1570_1572delinsCCT	unchanged
ENST00000460680.6:c.1570_1572delinsGCT	unchanged
ENST00000460680.6:c.1573_1575delinsACA	unchanged
ENST00000460680.6:c.1573_1574delinsAG	unchanged
ENST00000460680.6:c.1573_1575delinsAGT	weakly depleted
ENST00000460680.6:c.1573_1575delinsCCT	weakly depleted
ENST00000460680.6:c.1573_1575delinsGCT	weakly depleted
ENST00000460680.6:c.1574_1575delinsAT	unchanged
ENST00000460680.6:c.1574_1575delinsGT	weakly depleted
ENST00000460680.6:c.1574_1575delinsTT	unchanged
ENST00000460680.6:c.1576_1578delinsAAT	unchanged
ENST00000460680.6:c.1577_1578delinsCT	unchanged
ENST00000460680.6:c.1577_1578delinsGG	unchanged
ENST00000460680.6:c.1577_1578delinsTG	unchanged
ENST00000460680.6:c.1576_1578delinsGAT	weakly depleted
ENST00000460680.6:c.1576_1578delinsTAT	unchanged
ENST00000460680.6:c.1580_1581delinsAT	unchanged
ENST00000460680.6:c.1580_1581delinsCA	unchanged
ENST00000460680.6:c.1579_1581delinsCTG	unchanged
ENST00000460680.6:c.1579_1581delinsGTG	unchanged
ENST00000460680.6:c.1579_1580delinsTC	unchanged
ENST00000460680.6:c.1579_1581delinsTTT	unchanged
ENST00000460680.6:c.1582_1584delinsACA	unchanged
ENST00000460680.6:c.1582_1583delinsAG	weakly depleted
ENST00000460680.6:c.1582_1584delinsAGT	weakly depleted
ENST00000460680.6:c.1582_1584delinsCCT	unchanged
ENST00000460680.6:c.1582_1584delinsGCT	weakly depleted
ENST00000460680.6:c.1583_1584delinsAT	unchanged
ENST00000460680.6:c.1583_1584delinsGT	unchanged
ENST00000460680.6:c.1583_1584delinsTT	unchanged
ENST00000460680.6:c.1586_1587delinsCC	unchanged
ENST00000460680.6:c.1585_1587delinsCAA	unchanged
ENST00000460680.6:c.1585_1586delinsCG	unchanged
ENST00000460680.6:c.1585_1587delinsGAA	unchanged
ENST00000460680.6:c.1588_1590delinsCTC	unchanged
ENST00000460680.6:c.1589_1590delinsAA	weakly depleted
ENST00000460680.6:c.1589_1590delinsGC	unchanged
ENST00000460680.6:c.1591_1593delinsATC	unchanged
ENST00000460680.6:c.1592_1593delinsAC	weakly depleted
ENST00000460680.6:c.1592_1593delinsCC	unchanged
ENST00000460680.6:c.1592_1593delinsGG	unchanged
ENST00000460680.6:c.1591_1593delinsGTG	unchanged
ENST00000460680.6:c.1591_1593delinsTTA	weakly depleted
ENST00000460680.6:c.1591_1593delinsTTC	unchanged
ENST00000460680.6:c.1591_1593delinsTTG	unchanged
ENST00000460680.6:c.1594_1596delinsAGC	unchanged
ENST00000460680.6:c.1594_1596delinsATC	unchanged
ENST00000460680.6:c.1594_1596delinsCTG	unchanged
ENST00000460680.6:c.1594_1596delinsGTG	unchanged
ENST00000460680.6:c.1595_1596delinsAC	unchanged
ENST00000460680.6:c.1595_1596delinsGC	unchanged
ENST00000460680.6:c.1597_1599delinsCGG	unchanged
ENST00000460680.6:c.1598_1599delinsAG	unchanged
ENST00000460680.6:c.1598_1599delinsTG	unchanged
ENST00000460680.6:c.1597_1598delinsTA	strongly depleted
ENST00000460680.6:c.1600_1602delinsAAA	unchanged
ENST00000460680.6:c.1600_1602delinsCAA	unchanged
ENST00000460680.6:c.1601_1602delinsGC	unchanged
ENST00000460680.6:c.1601_1602delinsTC	unchanged
ENST00000460680.6:c.1603_1605delinsAAC	unchanged
ENST00000460680.6:c.1603_1605delinsCAC	unchanged
ENST00000460680.6:c.1604_1605delinsGC	unchanged
ENST00000460680.6:c.1604_1605delinsTG	unchanged
ENST00000460680.6:c.1603_1605delinsTAC	unchanged
ENST00000460680.6:c.1606_1608delinsAAT	unchanged
ENST00000460680.6:c.1606_1608delinsCAT	unchanged
ENST00000460680.6:c.1607_1608delinsCT	unchanged
ENST00000460680.6:c.1607_1608delinsGA	unchanged
ENST00000460680.6:c.1607_1608delinsTG	unchanged
ENST00000460680.6:c.1606_1608delinsTAT	weakly depleted
ENST00000460680.6:c.1610_1611delinsAT	unchanged
ENST00000460680.6:c.1610_1611delinsCA	unchanged
ENST00000460680.6:c.1610_1611delinsTT	unchanged
ENST00000460680.6:c.1609_1611delinsCGG	unchanged
ENST00000460680.6:c.1609_1611delinsGGA	unchanged
ENST00000460680.6:c.1609_1611delinsTCA	unchanged
ENST00000460680.6:c.1609_1610delinsTC	unchanged
ENST00000460680.6:c.1609_1611delinsTCG	unchanged
ENST00000460680.6:c.1609_1611delinsTCT	unchanged
ENST00000460680.6:c.1609_1611delinsTGT	unchanged
ENST00000460680.6:c.1612_1614delinsAGA	unchanged
ENST00000460680.6:c.1613_1614delinsAA	unchanged
ENST00000460680.6:c.1613_1614delinsCC	unchanged
ENST00000460680.6:c.1612_1614delinsGTC	unchanged
ENST00000460680.6:c.1612_1614delinsTTA	unchanged
ENST00000460680.6:c.1615_1617delinsAGA	unchanged
ENST00000460680.6:c.1616_1617delinsAA	unchanged
ENST00000460680.6:c.1616_1617delinsCC	unchanged
ENST00000460680.6:c.1615_1617delinsGTC	unchanged
ENST00000460680.6:c.1615_1617delinsTTA	unchanged
ENST00000460680.6:c.1618_1620delinsAGA	unchanged
ENST00000460680.6:c.1618_1620delinsAGC	unchanged
ENST00000460680.6:c.1618_1620delinsAGG	unchanged
ENST00000460680.6:c.1619_1620delinsAC	unchanged
ENST00000460680.6:c.1619_1620delinsCC	unchanged
ENST00000460680.6:c.1619_1620delinsTG	unchanged
ENST00000460680.6:c.1618_1620delinsGGC	unchanged
ENST00000460680.6:c.1618_1620delinsTGC	unchanged
ENST00000460680.6:c.1621_1623delinsATC	unchanged
ENST00000460680.6:c.1621_1623delinsCTG	unchanged
ENST00000460680.6:c.1622_1623delinsAC	unchanged
ENST00000460680.6:c.1622_1623delinsGC	unchanged
ENST00000460680.6:c.1621_1623delinsTTC	unchanged
ENST00000460680.6:c.1624_1626delinsAAT	unchanged
ENST00000460680.6:c.1624_1626delinsCAT	unchanged
ENST00000460680.6:c.1625_1626delinsCT	unchanged
ENST00000460680.6:c.1625_1626delinsGA	unchanged
ENST00000460680.6:c.1625_1626delinsTG	unchanged
ENST00000460680.6:c.1624_1626delinsTAT	unchanged
ENST00000460680.6:c.1627_1629delinsCGG	unchanged
ENST00000460680.6:c.1627_1629delinsGGA	unchanged
ENST00000460680.6:c.1628_1629delinsAA	strongly depleted
ENST00000460680.6:c.1628_1629delinsAT	unchanged
ENST00000460680.6:c.1628_1629delinsTT	unchanged
ENST00000460680.6:c.1631_1632delinsAG	unchanged
ENST00000460680.6:c.1631_1632delinsCC	unchanged
ENST00000460680.6:c.1630_1632delinsCGG	unchanged
ENST00000460680.6:c.1630_1632delinsCTG	unchanged
ENST00000460680.6:c.1630_1632delinsGTG	unchanged
ENST00000460680.6:c.1633_1635delinsAGA	unchanged
ENST00000460680.6:c.1633_1635delinsAGG	weakly depleted
ENST00000460680.6:c.1634_1635delinsAT	unchanged
ENST00000460680.6:c.1634_1635delinsCT	unchanged
ENST00000460680.6:c.1634_1635delinsTG	unchanged
ENST00000460680.6:c.1633_1635delinsGGA	unchanged
ENST00000460680.6:c.1633_1634delinsTC	unchanged
ENST00000460680.6:c.1633_1635delinsTGT	unchanged
ENST00000460680.6:c.1636_1638delinsAAT	unchanged
ENST00000460680.6:c.1636_1637delinsAG	unchanged
ENST00000460680.6:c.1636_1638delinsCAT	unchanged
ENST00000460680.6:c.1636_1638delinsGAT	unchanged
ENST00000460680.6:c.1637_1638delinsGT	unchanged
ENST00000460680.6:c.1637_1638delinsTT	unchanged
ENST00000460680.6:c.1640_1641delinsCA	weakly depleted
ENST00000460680.6:c.1640_1641delinsTT	unchanged
ENST00000460680.6:c.1639_1641delinsCAT	unchanged
ENST00000460680.6:c.1639_1641delinsGAT	unchanged
ENST00000460680.6:c.1639_1641delinsTAT	weakly depleted
ENST00000460680.6:c.1639_1640delinsTC	unchanged
ENST00000460680.6:c.1642_1644delinsAGA	unchanged
ENST00000460680.6:c.1642_1644delinsAGC	unchanged
ENST00000460680.6:c.1642_1644delinsAGG	unchanged
ENST00000460680.6:c.1643_1644delinsAC	unchanged
ENST00000460680.6:c.1643_1644delinsCC	unchanged
ENST00000460680.6:c.1643_1644delinsTG	unchanged
ENST00000460680.6:c.1642_1644delinsGGC	enriched
ENST00000460680.6:c.1642_1644delinsTGC	unchanged
ENST00000460680.6:c.1645_1647delinsACC	unchanged
ENST00000460680.6:c.1645_1647delinsAGC	unchanged
ENST00000460680.6:c.1645_1647delinsCCC	enriched
ENST00000460680.6:c.1646_1647delinsAC	unchanged
ENST00000460680.6:c.1646_1647delinsGC	unchanged
ENST00000460680.6:c.1646_1647delinsTG	unchanged
ENST00000460680.6:c.1648_1650delinsATT	unchanged
ENST00000460680.6:c.1648_1650delinsCTG	unchanged
ENST00000460680.6:c.1649_1650delinsAT	unchanged
ENST00000460680.6:c.1649_1650delinsCT	unchanged
ENST00000460680.6:c.1649_1650delinsGA	unchanged
ENST00000460680.6:c.1648_1650delinsTTT	unchanged
ENST00000460680.6:c.1651_1653delinsAGA	unchanged
ENST00000460680.6:c.1651_1653delinsAGC	unchanged
ENST00000460680.6:c.1651_1653delinsAGG	unchanged
ENST00000460680.6:c.1652_1653delinsAC	unchanged
ENST00000460680.6:c.1652_1653delinsCC	unchanged
ENST00000460680.6:c.1652_1653delinsTG	unchanged
ENST00000460680.6:c.1651_1653delinsGGC	unchanged
ENST00000460680.6:c.1651_1653delinsTGC	unchanged
ENST00000460680.6:c.1654_1656delinsAAC	unchanged
ENST00000460680.6:c.1654_1656delinsCAC	unchanged
ENST00000460680.6:c.1655_1656delinsGC	unchanged
ENST00000460680.6:c.1655_1656delinsTG	unchanged
ENST00000460680.6:c.1654_1656delinsTAC	unchanged
ENST00000460680.6:c.1657_1659delinsAGA	unchanged
ENST00000460680.6:c.1658_1659delinsAA	unchanged
ENST00000460680.6:c.1658_1659delinsCC	unchanged
ENST00000460680.6:c.1657_1659delinsGTC	unchanged
ENST00000460680.6:c.1657_1659delinsTTA	unchanged
ENST00000460680.6:c.1660_1662delinsAGC	unchanged
ENST00000460680.6:c.1660_1662delinsCGG	unchanged
ENST00000460680.6:c.1661_1662delinsAC	unchanged
ENST00000460680.6:c.1661_1662delinsTG	unchanged
ENST00000460680.6:c.1660_1662delinsTGC	unchanged
ENST00000460680.6:c.1663_1665delinsACC	unchanged
ENST00000460680.6:c.1663_1665delinsAGC	unchanged
ENST00000460680.6:c.1664_1665delinsAC	unchanged
ENST00000460680.6:c.1664_1665delinsGG	unchanged
ENST00000460680.6:c.1664_1665delinsTG	unchanged
ENST00000460680.6:c.1666_1668delinsATT	unchanged
ENST00000460680.6:c.1666_1668delinsCTG	unchanged
ENST00000460680.6:c.1667_1668delinsAT	unchanged
ENST00000460680.6:c.1667_1668delinsCT	unchanged
ENST00000460680.6:c.1667_1668delinsGA	unchanged
ENST00000460680.6:c.1666_1668delinsTTT	unchanged
ENST00000460680.6:c.1670_1671delinsAT	unchanged
ENST00000460680.6:c.1670_1671delinsCA	unchanged
ENST00000460680.6:c.1669_1671delinsCTG	unchanged
ENST00000460680.6:c.1669_1671delinsGTG	unchanged
ENST00000460680.6:c.1669_1670delinsTC	unchanged
ENST00000460680.6:c.1669_1671delinsTTT	unchanged
ENST00000460680.6:c.1673_1674delinsAT	unchanged
ENST00000460680.6:c.1673_1674delinsCA	unchanged
ENST00000460680.6:c.1673_1674delinsTT	weakly depleted
ENST00000460680.6:c.1672_1674delinsCGG	unchanged
ENST00000460680.6:c.1672_1674delinsGGA	unchanged
ENST00000460680.6:c.1672_1674delinsTCA	unchanged
ENST00000460680.6:c.1672_1673delinsTC	unchanged
ENST00000460680.6:c.1672_1674delinsTCG	enriched
ENST00000460680.6:c.1672_1674delinsTCT	unchanged
ENST00000460680.6:c.1672_1674delinsTGT	unchanged
ENST00000460680.6:c.1676_1677delinsAG	weakly depleted
ENST00000460680.6:c.1676_1677delinsGC	unchanged
ENST00000460680.6:c.1676_1677delinsTC	unchanged
ENST00000460680.6:c.1675_1677delinsCCC	unchanged
ENST00000460680.6:c.1675_1677delinsCGG	unchanged
ENST00000460680.6:c.1678_1680delinsCGG	unchanged
ENST00000460680.6:c.1679_1680delinsAT	unchanged
ENST00000460680.6:c.1679_1680delinsCT	unchanged
ENST00000460680.6:c.1679_1680delinsTG	unchanged
ENST00000460680.6:c.1678_1679delinsTC	unchanged
ENST00000460680.6:c.1678_1680delinsTGT	unchanged
ENST00000460680.6:c.1681_1683delinsAGA	unchanged
ENST00000460680.6:c.1682_1683delinsAA	unchanged
ENST00000460680.6:c.1682_1683delinsCC	unchanged
ENST00000460680.6:c.1681_1683delinsGTC	unchanged
ENST00000460680.6:c.1681_1683delinsTTA	unchanged
ENST00000460680.6:c.1684_1686delinsAGA	unchanged
ENST00000460680.6:c.1685_1686delinsAA	unchanged
ENST00000460680.6:c.1685_1686delinsCC	unchanged
ENST00000460680.6:c.1684_1686delinsGTC	unchanged
ENST00000460680.6:c.1684_1686delinsTTA	unchanged
ENST00000460680.6:c.1687_1689delinsAAT	unchanged
ENST00000460680.6:c.1688_1689delinsCT	unchanged
ENST00000460680.6:c.1688_1689delinsGG	unchanged
ENST00000460680.6:c.1688_1689delinsTG	unchanged
ENST00000460680.6:c.1687_1689delinsGAT	unchanged
ENST00000460680.6:c.1687_1689delinsTAT	unchanged
ENST00000460680.6:c.1691_1692delinsAA	unchanged
ENST00000460680.6:c.1690_1692delinsAGA	unchanged
ENST00000460680.6:c.1691_1692delinsCC	enriched
ENST00000460680.6:c.1690_1692delinsGTC	unchanged
ENST00000460680.6:c.1690_1692delinsTTA	unchanged
ENST00000460680.6:c.1693_1695delinsACC	unchanged
ENST00000460680.6:c.1693_1695delinsAGC	unchanged
ENST00000460680.6:c.1693_1695delinsCCC	unchanged
ENST00000460680.6:c.1694_1695delinsAC	unchanged
ENST00000460680.6:c.1694_1695delinsGC	unchanged
ENST00000460680.6:c.1694_1695delinsTG	unchanged
ENST00000460680.6:c.1696_1698delinsAAA	unchanged
ENST00000460680.6:c.1696_1698delinsCAA	unchanged
ENST00000460680.6:c.1697_1698delinsGC	unchanged
ENST00000460680.6:c.1697_1698delinsTC	unchanged
ENST00000460680.6:c.1699_1701delinsAAC	unchanged
ENST00000460680.6:c.1699_1701delinsCAC	unchanged
ENST00000460680.6:c.1700_1701delinsGC	unchanged
ENST00000460680.6:c.1700_1701delinsTG	unchanged
ENST00000460680.6:c.1699_1701delinsTAC	unchanged
ENST00000460680.6:c.1702_1704delinsAGA	unchanged
ENST00000460680.6:c.1703_1704delinsAA	unchanged
ENST00000460680.6:c.1703_1704delinsTC	unchanged
ENST00000460680.6:c.1705_1707delinsCTC	unchanged
ENST00000460680.6:c.1706_1707delinsAA	unchanged
ENST00000460680.6:c.1706_1707delinsGC	unchanged
ENST00000460680.6:c.1708_1710delinsAGA	unchanged
ENST00000460680.6:c.1709_1710delinsAA	unchanged
ENST00000460680.6:c.1709_1710delinsCC	unchanged
ENST00000460680.6:c.1708_1710delinsGTC	unchanged
ENST00000460680.6:c.1708_1710delinsTTA	unchanged
ENST00000460680.6:c.1712_1713delinsAC	unchanged
ENST00000460680.6:c.1712_1713delinsCC	unchanged
ENST00000460680.6:c.1712_1713delinsTC	unchanged
ENST00000460680.6:c.1711_1713delinsCGG	unchanged
ENST00000460680.6:c.1711_1713delinsGGC	unchanged
ENST00000460680.6:c.1711_1713delinsTCA	unchanged
ENST00000460680.6:c.1711_1713delinsTCC	unchanged
ENST00000460680.6:c.1711_1713delinsTCG	unchanged
ENST00000460680.6:c.1711_1712delinsTC	unchanged
ENST00000460680.6:c.1711_1713delinsTGC	unchanged
ENST00000460680.6:c.1714_1716delinsACA	unchanged
ENST00000460680.6:c.1714_1715delinsAG	unchanged
ENST00000460680.6:c.1715_1716delinsAT	unchanged
ENST00000460680.6:c.1715_1716delinsGG	unchanged
ENST00000460680.6:c.1715_1716delinsTG	unchanged
ENST00000460680.6:c.1714_1716delinsGCT	unchanged
ENST00000460680.6:c.1717_1719delinsAGA	unchanged
ENST00000460680.6:c.1718_1719delinsAA	unchanged
ENST00000460680.6:c.1718_1719delinsCC	unchanged
ENST00000460680.6:c.1717_1719delinsGTC	unchanged
ENST00000460680.6:c.1717_1719delinsTTA	unchanged
ENST00000460680.6:c.1720_1722delinsACC	unchanged
ENST00000460680.6:c.1720_1722delinsAGC	unchanged
ENST00000460680.6:c.1720_1722delinsCCC	unchanged
ENST00000460680.6:c.1721_1722delinsAA	unchanged
ENST00000460680.6:c.1721_1722delinsGC	unchanged
ENST00000460680.6:c.1721_1722delinsTC	unchanged
ENST00000460680.6:c.1723_1725delinsAGA	unchanged
ENST00000460680.6:c.1724_1725delinsAA	unchanged
ENST00000460680.6:c.1724_1725delinsCC	unchanged
ENST00000460680.6:c.1723_1725delinsGTC	unchanged
ENST00000460680.6:c.1723_1725delinsTTA	unchanged
ENST00000460680.6:c.1727_1728delinsAG	unchanged
ENST00000460680.6:c.1727_1728delinsGC	weakly depleted
ENST00000460680.6:c.1727_1728delinsTC	weakly depleted
ENST00000460680.6:c.1726_1728delinsCCC	strongly depleted
ENST00000460680.6:c.1726_1728delinsCGG	weakly depleted
ENST00000460680.6:c.1732_1734delinsAGC	unchanged
ENST00000460680.6:c.1732_1734delinsCGG	weakly depleted
ENST00000460680.6:c.1733_1734delinsAC	unchanged
ENST00000460680.6:c.1733_1734delinsTG	unchanged
ENST00000460680.6:c.1732_1734delinsTGC	unchanged
ENST00000460680.6:c.1735_1737delinsAGA	unchanged
ENST00000460680.6:c.1736_1737delinsAA	unchanged
ENST00000460680.6:c.1736_1737delinsTC	unchanged
ENST00000460680.6:c.1739_1740delinsCC	unchanged
ENST00000460680.6:c.1738_1740delinsCAA	unchanged
ENST00000460680.6:c.1738_1739delinsCG	unchanged
ENST00000460680.6:c.1738_1740delinsGAA	unchanged
ENST00000460680.6:c.1741_1743delinsAGC	unchanged
ENST00000460680.6:c.1741_1743delinsCGG	unchanged
ENST00000460680.6:c.1742_1743delinsAC	unchanged
ENST00000460680.6:c.1742_1743delinsTG	unchanged
ENST00000460680.6:c.1741_1743delinsTGC	enriched
ENST00000460680.6:c.1744_1746delinsACA	unchanged
ENST00000460680.6:c.1744_1745delinsAG	unchanged
ENST00000460680.6:c.1744_1746delinsAGT	unchanged
ENST00000460680.6:c.1744_1746delinsCCT	unchanged
ENST00000460680.6:c.1744_1746delinsGCT	unchanged
ENST00000460680.6:c.1745_1746delinsAT	unchanged
ENST00000460680.6:c.1745_1746delinsGT	unchanged
ENST00000460680.6:c.1745_1746delinsTT	unchanged
ENST00000460680.6:c.1747_1749delinsACC	unchanged
ENST00000460680.6:c.1747_1749delinsAGC	unchanged
ENST00000460680.6:c.1747_1749delinsAGT	unchanged
ENST00000460680.6:c.1747_1749delinsCCC	unchanged
ENST00000460680.6:c.1747_1748delinsCT	unchanged
ENST00000460680.6:c.1750_1752delinsACA	unchanged
ENST00000460680.6:c.1750_1751delinsAG	unchanged
ENST00000460680.6:c.1751_1752delinsAT	unchanged
ENST00000460680.6:c.1751_1752delinsGG	unchanged
ENST00000460680.6:c.1751_1752delinsTG	unchanged
ENST00000460680.6:c.1750_1752delinsGCT	unchanged
ENST00000460680.6:c.1753_1755delinsACA	unchanged
ENST00000460680.6:c.1753_1754delinsAG	unchanged
ENST00000460680.6:c.1753_1755delinsAGT	unchanged
ENST00000460680.6:c.1753_1755delinsCCT	unchanged
ENST00000460680.6:c.1753_1755delinsGCT	unchanged
ENST00000460680.6:c.1754_1755delinsAT	unchanged
ENST00000460680.6:c.1754_1755delinsGT	unchanged
ENST00000460680.6:c.1754_1755delinsTT	unchanged
ENST00000460680.6:c.1757_1758delinsAT	unchanged
ENST00000460680.6:c.1757_1758delinsCA	unchanged
ENST00000460680.6:c.1756_1758delinsCTG	unchanged
ENST00000460680.6:c.1756_1758delinsGTG	unchanged
ENST00000460680.6:c.1756_1757delinsTC	unchanged
ENST00000460680.6:c.1756_1758delinsTTT	unchanged
ENST00000460680.6:c.1760_1761delinsAG	unchanged
ENST00000460680.6:c.1760_1761delinsCC	unchanged
ENST00000460680.6:c.1760_1761delinsTC	unchanged
ENST00000460680.6:c.1759_1761delinsCGC	unchanged
ENST00000460680.6:c.1759_1761delinsCGG	unchanged
ENST00000460680.6:c.1759_1761delinsCGT	unchanged
ENST00000460680.6:c.1759_1761delinsGGC	unchanged
ENST00000460680.6:c.1759_1760delinsTA	weakly depleted
ENST00000460680.6:c.1759_1761delinsTCC	unchanged
ENST00000460680.6:c.1762_1764delinsACC	unchanged
ENST00000460680.6:c.1762_1764delinsAGC	unchanged
ENST00000460680.6:c.1763_1764delinsAG	unchanged
ENST00000460680.6:c.1763_1764delinsGG	unchanged
ENST00000460680.6:c.1763_1764delinsTG	unchanged
ENST00000460680.6:c.1766_1767delinsAT	unchanged
ENST00000460680.6:c.1766_1767delinsCA	unchanged
ENST00000460680.6:c.1765_1767delinsCTG	unchanged
ENST00000460680.6:c.1765_1767delinsGTG	unchanged
ENST00000460680.6:c.1765_1766delinsTC	unchanged
ENST00000460680.6:c.1765_1767delinsTTT	unchanged
ENST00000460680.6:c.1768_1770delinsAAG	unchanged
ENST00000460680.6:c.1769_1770delinsCC	unchanged
ENST00000460680.6:c.1769_1770delinsGG	unchanged
ENST00000460680.6:c.1769_1770delinsTG	unchanged
ENST00000460680.6:c.1768_1770delinsGAG	unchanged
ENST00000460680.6:c.1771_1773delinsCGG	unchanged
ENST00000460680.6:c.1772_1773delinsAT	unchanged
ENST00000460680.6:c.1772_1773delinsCT	unchanged
ENST00000460680.6:c.1772_1773delinsTG	unchanged
ENST00000460680.6:c.1771_1772delinsTC	unchanged
ENST00000460680.6:c.1771_1773delinsTGT	unchanged
ENST00000460680.6:c.1775_1776delinsAT	unchanged
ENST00000460680.6:c.1775_1776delinsCA	unchanged
ENST00000460680.6:c.1775_1776delinsTT	unchanged
ENST00000460680.6:c.1774_1776delinsCGG	unchanged
ENST00000460680.6:c.1774_1776delinsGGA	unchanged
ENST00000460680.6:c.1774_1776delinsTCA	unchanged
ENST00000460680.6:c.1774_1775delinsTC	unchanged
ENST00000460680.6:c.1774_1776delinsTCG	unchanged
ENST00000460680.6:c.1774_1776delinsTCT	unchanged
ENST00000460680.6:c.1774_1776delinsTGT	unchanged
ENST00000460680.6:c.1777_1779delinsAAA	unchanged
ENST00000460680.6:c.1777_1779delinsAGA	enriched
ENST00000460680.6:c.1778_1779delinsCC	unchanged
ENST00000460680.6:c.1778_1779delinsTC	unchanged
ENST00000460680.6:c.1777_1779delinsGAA	unchanged
ENST00000460680.6:c.1780_1782delinsAGA	unchanged
ENST00000460680.6:c.1781_1782delinsAA	unchanged
ENST00000460680.6:c.1781_1782delinsTC	unchanged
ENST00000460680.6:c.1783_1785delinsACA	unchanged
ENST00000460680.6:c.1783_1784delinsAG	unchanged
ENST00000460680.6:c.1783_1785delinsAGT	unchanged
ENST00000460680.6:c.1783_1785delinsCCT	unchanged
ENST00000460680.6:c.1783_1785delinsGCT	unchanged
ENST00000460680.6:c.1784_1785delinsAT	unchanged
ENST00000460680.6:c.1784_1785delinsGT	unchanged
ENST00000460680.6:c.1784_1785delinsTT	unchanged
ENST00000460680.6:c.1787_1788delinsAT	unchanged
ENST00000460680.6:c.1787_1788delinsCA	unchanged
ENST00000460680.6:c.1787_1788delinsTT	unchanged
ENST00000460680.6:c.1786_1788delinsCGG	unchanged
ENST00000460680.6:c.1786_1788delinsGGA	unchanged
ENST00000460680.6:c.1786_1788delinsTCA	unchanged
ENST00000460680.6:c.1786_1787delinsTC	unchanged
ENST00000460680.6:c.1786_1788delinsTCG	unchanged
ENST00000460680.6:c.1786_1788delinsTCT	unchanged
ENST00000460680.6:c.1786_1788delinsTGT	unchanged
ENST00000460680.6:c.1790_1791delinsAT	unchanged
ENST00000460680.6:c.1790_1791delinsCA	unchanged
ENST00000460680.6:c.1790_1791delinsTT	unchanged
ENST00000460680.6:c.1789_1791delinsCGG	unchanged
ENST00000460680.6:c.1789_1791delinsGGA	unchanged
ENST00000460680.6:c.1789_1791delinsTCA	unchanged
ENST00000460680.6:c.1789_1790delinsTC	unchanged
ENST00000460680.6:c.1789_1791delinsTCG	unchanged
ENST00000460680.6:c.1789_1791delinsTCT	unchanged
ENST00000460680.6:c.1789_1791delinsTGT	unchanged
ENST00000460680.6:c.1792_1794delinsACC	unchanged
ENST00000460680.6:c.1792_1794delinsAGC	unchanged
ENST00000460680.6:c.1793_1794delinsAG	unchanged
ENST00000460680.6:c.1793_1794delinsGG	unchanged
ENST00000460680.6:c.1793_1794delinsTG	unchanged
ENST00000460680.6:c.1795_1797delinsCTC	unchanged
ENST00000460680.6:c.1796_1797delinsAA	unchanged
ENST00000460680.6:c.1796_1797delinsGC	unchanged
ENST00000460680.6:c.1798_1800delinsAAA	unchanged
ENST00000460680.6:c.1798_1800delinsCAA	unchanged
ENST00000460680.6:c.1799_1800delinsGC	unchanged
ENST00000460680.6:c.1799_1800delinsTC	unchanged
ENST00000460680.6:c.1802_1803delinsCC	unchanged
ENST00000460680.6:c.1801_1803delinsCAA	unchanged
ENST00000460680.6:c.1801_1802delinsCG	unchanged
ENST00000460680.6:c.1801_1803delinsGAA	unchanged
ENST00000460680.6:c.1804_1806delinsAAA	unchanged
ENST00000460680.6:c.1804_1806delinsCAA	unchanged
ENST00000460680.6:c.1805_1806delinsGC	weakly depleted
ENST00000460680.6:c.1805_1806delinsTC	unchanged
ENST00000460680.6:c.1807_1809delinsATT	unchanged
ENST00000460680.6:c.1807_1809delinsCTG	unchanged
ENST00000460680.6:c.1808_1809delinsAT	unchanged
ENST00000460680.6:c.1808_1809delinsCT	unchanged
ENST00000460680.6:c.1808_1809delinsGA	unchanged
ENST00000460680.6:c.1807_1809delinsTTT	unchanged
ENST00000460680.6:c.1810_1812delinsCTC	unchanged
ENST00000460680.6:c.1811_1812delinsAA	unchanged
ENST00000460680.6:c.1811_1812delinsGC	unchanged
ENST00000460680.6:c.1813_1815delinsAAG	unchanged
ENST00000460680.6:c.1813_1815delinsCAG	unchanged
ENST00000460680.6:c.1814_1815delinsGC	unchanged
ENST00000460680.6:c.1814_1815delinsTG	unchanged
ENST00000460680.6:c.1816_1818delinsACA	unchanged
ENST00000460680.6:c.1816_1817delinsAG	unchanged
ENST00000460680.6:c.1816_1818delinsCCT	weakly depleted
ENST00000460680.6:c.1817_1818delinsAT	unchanged
ENST00000460680.6:c.1817_1818delinsGA	unchanged
ENST00000460680.6:c.1817_1818delinsTG	weakly depleted
ENST00000460680.6:c.1820_1821delinsAA	unchanged
ENST00000460680.6:c.1820_1821delinsGC	unchanged
ENST00000460680.6:c.1819_1821delinsCCC	unchanged
ENST00000460680.6:c.1819_1820delinsCG	unchanged
ENST00000460680.6:c.1822_1824delinsAAT	unchanged
ENST00000460680.6:c.1822_1824delinsCAT	weakly depleted
ENST00000460680.6:c.1823_1824delinsCT	unchanged
ENST00000460680.6:c.1823_1824delinsGA	weakly depleted
ENST00000460680.6:c.1823_1824delinsTG	weakly depleted
ENST00000460680.6:c.1822_1824delinsTAT	unchanged
ENST00000460680.6:c.1826_1827delinsAT	unchanged
ENST00000460680.6:c.1826_1827delinsCA	unchanged
ENST00000460680.6:c.1826_1827delinsTT	unchanged
ENST00000460680.6:c.1825_1827delinsCGG	unchanged
ENST00000460680.6:c.1825_1827delinsGGA	unchanged
ENST00000460680.6:c.1825_1827delinsTCA	unchanged
ENST00000460680.6:c.1825_1826delinsTC	enriched
ENST00000460680.6:c.1825_1827delinsTCG	enriched
ENST00000460680.6:c.1825_1827delinsTCT	unchanged
ENST00000460680.6:c.1825_1827delinsTGT	unchanged
ENST00000460680.6:c.1829_1830delinsAG	unchanged
ENST00000460680.6:c.1829_1830delinsCC	unchanged
ENST00000460680.6:c.1829_1830delinsTC	unchanged
ENST00000460680.6:c.1828_1830delinsCGC	unchanged
ENST00000460680.6:c.1828_1830delinsCGG	unchanged
ENST00000460680.6:c.1828_1830delinsCGT	unchanged
ENST00000460680.6:c.1828_1830delinsGGC	unchanged
ENST00000460680.6:c.1828_1829delinsTA	weakly depleted
ENST00000460680.6:c.1828_1830delinsTCC	enriched
ENST00000460680.6:c.1831_1833delinsAAA	unchanged
ENST00000460680.6:c.1831_1833delinsCAA	unchanged
ENST00000460680.6:c.1832_1833delinsGC	unchanged
ENST00000460680.6:c.1832_1833delinsTC	unchanged
ENST00000460680.6:c.1835_1836delinsCC	enriched
ENST00000460680.6:c.1834_1836delinsCAA	unchanged
ENST00000460680.6:c.1834_1835delinsCG	enriched
ENST00000460680.6:c.1834_1836delinsGAA	unchanged
ENST00000460680.6:c.1838_1839delinsAA	enriched
ENST00000460680.6:c.1838_1839delinsGC	unchanged
ENST00000460680.6:c.1837_1839delinsCCC	unchanged
ENST00000460680.6:c.1837_1838delinsCG	enriched
ENST00000460680.6:c.1840_1842delinsAGA	unchanged
ENST00000460680.6:c.1841_1842delinsAA	unchanged
ENST00000460680.6:c.1841_1842delinsTC	unchanged
ENST00000460680.6:c.1844_1845delinsAA	unchanged
ENST00000460680.6:c.1844_1845delinsCC	unchanged
ENST00000460680.6:c.1843_1844delinsCG	unchanged
ENST00000460680.6:c.1843_1845delinsCTC	unchanged
ENST00000460680.6:c.1843_1845delinsGTC	unchanged
ENST00000460680.6:c.1846_1848delinsCTC	unchanged
ENST00000460680.6:c.1847_1848delinsAA	unchanged
ENST00000460680.6:c.1847_1848delinsGC	unchanged
ENST00000460680.6:c.1850_1851delinsAA	unchanged
ENST00000460680.6:c.1850_1851delinsCC	unchanged
ENST00000460680.6:c.1849_1851delinsCGA	unchanged
ENST00000460680.6:c.1849_1851delinsCGC	unchanged
ENST00000460680.6:c.1849_1851delinsCGT	unchanged
ENST00000460680.6:c.1849_1851delinsGGC	unchanged
ENST00000460680.6:c.1849_1851delinsTCC	unchanged
ENST00000460680.6:c.1852_1854delinsACC	unchanged
ENST00000460680.6:c.1852_1854delinsAGC	unchanged
ENST00000460680.6:c.1853_1854delinsAC	unchanged
ENST00000460680.6:c.1853_1854delinsGG	unchanged
ENST00000460680.6:c.1853_1854delinsTG	unchanged
ENST00000460680.6:c.1855_1857delinsCGG	unchanged
ENST00000460680.6:c.1856_1857delinsAT	unchanged
ENST00000460680.6:c.1856_1857delinsCT	unchanged
ENST00000460680.6:c.1856_1857delinsTG	unchanged
ENST00000460680.6:c.1855_1856delinsTC	unchanged
ENST00000460680.6:c.1855_1857delinsTGT	unchanged
ENST00000460680.6:c.1858_1860delinsAAA	unchanged
ENST00000460680.6:c.1858_1860delinsCAA	unchanged
ENST00000460680.6:c.1859_1860delinsGC	unchanged
ENST00000460680.6:c.1859_1860delinsTC	unchanged
ENST00000460680.6:c.1861_1863delinsACA	unchanged
ENST00000460680.6:c.1861_1862delinsAG	unchanged
ENST00000460680.6:c.1862_1863delinsAT	unchanged
ENST00000460680.6:c.1862_1863delinsGG	unchanged
ENST00000460680.6:c.1862_1863delinsTG	unchanged
ENST00000460680.6:c.1861_1863delinsGCT	unchanged
ENST00000460680.6:c.1864_1866delinsAGC	unchanged
ENST00000460680.6:c.1864_1866delinsCTA	unchanged
ENST00000460680.6:c.1864_1866delinsCTC	unchanged
ENST00000460680.6:c.1864_1866delinsCTT	unchanged
ENST00000460680.6:c.1864_1866delinsGTC	unchanged
ENST00000460680.6:c.1868_1869delinsAC	unchanged
ENST00000460680.6:c.1868_1869delinsCC	unchanged
ENST00000460680.6:c.1868_1869delinsTC	unchanged
ENST00000460680.6:c.1867_1869delinsCGG	unchanged
ENST00000460680.6:c.1867_1869delinsGGC	unchanged
ENST00000460680.6:c.1867_1869delinsTCA	unchanged
ENST00000460680.6:c.1867_1869delinsTCC	unchanged
ENST00000460680.6:c.1867_1869delinsTCG	unchanged
ENST00000460680.6:c.1867_1868delinsTC	unchanged
ENST00000460680.6:c.1867_1869delinsTGC	unchanged
ENST00000460680.6:c.1870_1872delinsAGA	unchanged
ENST00000460680.6:c.1871_1872delinsAA	unchanged
ENST00000460680.6:c.1871_1872delinsTC	unchanged
ENST00000460680.6:c.1873_1875delinsAAA	unchanged
ENST00000460680.6:c.1873_1875delinsCAA	unchanged
ENST00000460680.6:c.1874_1875delinsGC	unchanged
ENST00000460680.6:c.1874_1875delinsTC	unchanged
ENST00000460680.6:c.1877_1878delinsCC	unchanged
ENST00000460680.6:c.1877_1878delinsTC	unchanged
ENST00000460680.6:c.1876_1878delinsCAG	unchanged
ENST00000460680.6:c.1876_1878delinsCGG	unchanged
ENST00000460680.6:c.1876_1878delinsGAG	unchanged
ENST00000460680.6:c.1879_1881delinsAAT	unchanged
ENST00000460680.6:c.1879_1880delinsAG	unchanged
ENST00000460680.6:c.1879_1881delinsCAT	unchanged
ENST00000460680.6:c.1879_1881delinsGAT	unchanged
ENST00000460680.6:c.1880_1881delinsGT	unchanged
ENST00000460680.6:c.1880_1881delinsTT	unchanged
ENST00000460680.6:c.1882_1884delinsACC	unchanged
ENST00000460680.6:c.1882_1884delinsAGC	unchanged
ENST00000460680.6:c.1882_1884delinsAGT	unchanged
ENST00000460680.6:c.1882_1884delinsCCC	unchanged
ENST00000460680.6:c.1882_1884delinsCTG	unchanged
ENST00000460680.6:c.1885_1887delinsACA	unchanged
ENST00000460680.6:c.1885_1886delinsAG	unchanged
ENST00000460680.6:c.1886_1887delinsAT	unchanged
ENST00000460680.6:c.1886_1887delinsGG	unchanged
ENST00000460680.6:c.1886_1887delinsTG	unchanged
ENST00000460680.6:c.1885_1887delinsGCT	unchanged
ENST00000460680.6:c.1889_1890delinsCC	weakly depleted
ENST00000460680.6:c.1888_1890delinsCAA	unchanged
ENST00000460680.6:c.1888_1889delinsCG	unchanged
ENST00000460680.6:c.1888_1890delinsGAA	unchanged
ENST00000460680.6:c.1891_1893delinsAAA	weakly depleted
ENST00000460680.6:c.1891_1893delinsCAA	weakly depleted
ENST00000460680.6:c.1892_1893delinsGC	weakly depleted
ENST00000460680.6:c.1892_1893delinsTC	weakly depleted
ENST00000460680.6:c.1894_1896delinsAGA	weakly depleted
ENST00000460680.6:c.1895_1896delinsAA	weakly depleted
ENST00000460680.6:c.1895_1896delinsCC	weakly depleted
ENST00000460680.6:c.1894_1896delinsGTC	unchanged
ENST00000460680.6:c.1894_1896delinsTTA	unchanged
ENST00000460680.6:c.1897_1899delinsAGA	unchanged
ENST00000460680.6:c.1898_1899delinsAA	unchanged
ENST00000460680.6:c.1898_1899delinsCC	weakly depleted
ENST00000460680.6:c.1897_1899delinsGTC	unchanged
ENST00000460680.6:c.1897_1899delinsTTA	unchanged
ENST00000460680.6:c.1900_1902delinsACC	unchanged
ENST00000460680.6:c.1900_1902delinsAGC	unchanged
ENST00000460680.6:c.1900_1902delinsCCC	weakly depleted
ENST00000460680.6:c.1901_1902delinsAG	unchanged
ENST00000460680.6:c.1901_1902delinsGC	unchanged
ENST00000460680.6:c.1901_1902delinsTG	unchanged
ENST00000460680.6:c.1903_1905delinsAGA	unchanged
ENST00000460680.6:c.1904_1905delinsAA	unchanged
ENST00000460680.6:c.1904_1905delinsCC	weakly depleted
ENST00000460680.6:c.1903_1905delinsGTC	unchanged
ENST00000460680.6:c.1903_1905delinsTTA	unchanged
ENST00000460680.6:c.1906_1908delinsAGA	unchanged
ENST00000460680.6:c.1907_1908delinsAA	unchanged
ENST00000460680.6:c.1907_1908delinsCC	weakly depleted
ENST00000460680.6:c.1906_1908delinsGTC	unchanged
ENST00000460680.6:c.1906_1908delinsTTA	unchanged
ENST00000460680.6:c.1910_1911delinsCC	unchanged
ENST00000460680.6:c.1909_1911delinsCAA	unchanged
ENST00000460680.6:c.1909_1910delinsCG	unchanged
ENST00000460680.6:c.1909_1911delinsGAA	unchanged
ENST00000460680.6:c.1912_1914delinsAGC	enriched
ENST00000460680.6:c.1912_1914delinsCGG	unchanged
ENST00000460680.6:c.1912_1914delinsGGC	unchanged
ENST00000460680.6:c.1913_1914delinsAA	weakly depleted
ENST00000460680.6:c.1913_1914delinsAC	unchanged
ENST00000460680.6:c.1913_1914delinsTC	unchanged
ENST00000460680.6:c.1915_1917delinsCTC	unchanged
ENST00000460680.6:c.1916_1917delinsAA	unchanged
ENST00000460680.6:c.1916_1917delinsGC	weakly depleted
ENST00000460680.6:c.1918_1920delinsAAA	unchanged
ENST00000460680.6:c.1918_1920delinsCAA	unchanged
ENST00000460680.6:c.1919_1920delinsGC	unchanged
ENST00000460680.6:c.1919_1920delinsTC	unchanged
ENST00000460680.6:c.1921_1923delinsACC	enriched
ENST00000460680.6:c.1921_1923delinsAGC	unchanged
ENST00000460680.6:c.1921_1923delinsCCC	weakly depleted
ENST00000460680.6:c.1922_1923delinsAC	unchanged
ENST00000460680.6:c.1922_1923delinsGC	unchanged
ENST00000460680.6:c.1922_1923delinsTG	unchanged
ENST00000460680.6:c.1924_1926delinsAAA	weakly depleted
ENST00000460680.6:c.1924_1926delinsCAA	unchanged
ENST00000460680.6:c.1925_1926delinsGC	unchanged
ENST00000460680.6:c.1925_1926delinsTC	weakly depleted
ENST00000460680.6:c.1928_1929delinsAC	weakly depleted
ENST00000460680.6:c.1928_1929delinsCC	unchanged
ENST00000460680.6:c.1928_1929delinsGC	unchanged
ENST00000460680.6:c.1927_1929delinsCTG	unchanged
ENST00000460680.6:c.1927_1929delinsGTG	unchanged
ENST00000460680.6:c.1927_1929delinsTTC	unchanged
ENST00000460680.6:c.1930_1932delinsACC	unchanged
ENST00000460680.6:c.1930_1932delinsAGC	unchanged
ENST00000460680.6:c.1930_1932delinsCCC	weakly depleted
ENST00000460680.6:c.1931_1932delinsAG	unchanged
ENST00000460680.6:c.1931_1932delinsGC	unchanged
ENST00000460680.6:c.1931_1932delinsTG	unchanged
ENST00000460680.6:c.1934_1935delinsCA	unchanged
ENST00000460680.6:c.1934_1935delinsTT	unchanged
ENST00000460680.6:c.1933_1935delinsCAT	unchanged
ENST00000460680.6:c.1933_1935delinsGAT	unchanged
ENST00000460680.6:c.1933_1935delinsTAT	unchanged
ENST00000460680.6:c.1933_1934delinsTC	unchanged
ENST00000460680.6:c.1936_1938delinsAAC	unchanged
ENST00000460680.6:c.1936_1938delinsAGC	unchanged
ENST00000460680.6:c.1936_1938delinsCAC	unchanged
ENST00000460680.6:c.1936_1938delinsGAC	unchanged
ENST00000460680.6:c.1937_1938delinsGC	unchanged
ENST00000460680.6:c.1937_1938delinsTC	unchanged
ENST00000460680.6:c.1939_1941delinsAAA	unchanged
ENST00000460680.6:c.1939_1941delinsCAA	unchanged
ENST00000460680.6:c.1940_1941delinsGC	unchanged
ENST00000460680.6:c.1940_1941delinsTC	unchanged
ENST00000460680.6:c.1942_1944delinsACC	unchanged
ENST00000460680.6:c.1942_1944delinsAGC	unchanged
ENST00000460680.6:c.1942_1944delinsCCC	weakly depleted
ENST00000460680.6:c.1943_1944delinsAA	unchanged
ENST00000460680.6:c.1943_1944delinsGC	unchanged
ENST00000460680.6:c.1943_1944delinsTC	unchanged
ENST00000460680.6:c.1945_1947delinsCGG	unchanged
ENST00000460680.6:c.1945_1947delinsGGA	unchanged
ENST00000460680.6:c.1946_1947delinsAA	strongly depleted
ENST00000460680.6:c.1946_1947delinsAT	unchanged
ENST00000460680.6:c.1946_1947delinsTT	unchanged
ENST00000460680.6:c.1948_1950delinsATT	unchanged
ENST00000460680.6:c.1949_1950delinsAT	unchanged
ENST00000460680.6:c.1949_1950delinsCT	weakly depleted
ENST00000460680.6:c.1949_1950delinsGG	unchanged
ENST00000460680.6:c.1948_1950delinsGTG	unchanged
ENST00000460680.6:c.1948_1950delinsTTA	unchanged
ENST00000460680.6:c.1948_1950delinsTTG	unchanged
ENST00000460680.6:c.1948_1950delinsTTT	unchanged
ENST00000460680.6:c.1952_1953delinsCC	unchanged
ENST00000460680.6:c.1951_1953delinsCAA	unchanged
ENST00000460680.6:c.1951_1952delinsCG	unchanged
ENST00000460680.6:c.1951_1953delinsGAA	unchanged
ENST00000460680.6:c.1954_1956delinsAAA	weakly depleted
ENST00000460680.6:c.1954_1956delinsCAA	unchanged
ENST00000460680.6:c.1955_1956delinsGC	unchanged
ENST00000460680.6:c.1955_1956delinsTC	weakly depleted
ENST00000460680.6:c.1957_1959delinsAAA	weakly depleted
ENST00000460680.6:c.1957_1959delinsCAA	weakly depleted
ENST00000460680.6:c.1958_1959delinsGC	weakly depleted
ENST00000460680.6:c.1958_1959delinsTC	unchanged
ENST00000460680.6:c.1960_1962delinsATC	unchanged
ENST00000460680.6:c.1960_1962delinsCTG	unchanged
ENST00000460680.6:c.1961_1962delinsAG	unchanged
ENST00000460680.6:c.1961_1962delinsGC	unchanged
ENST00000460680.6:c.1963_1965delinsAAA	weakly depleted
ENST00000460680.6:c.1963_1965delinsCAA	unchanged
ENST00000460680.6:c.1964_1965delinsGC	weakly depleted
ENST00000460680.6:c.1964_1965delinsTC	unchanged
ENST00000460680.6:c.1967_1968delinsCC	unchanged
ENST00000460680.6:c.1966_1968delinsCAA	unchanged
ENST00000460680.6:c.1966_1967delinsCG	unchanged
ENST00000460680.6:c.1966_1968delinsGAA	unchanged
ENST00000460680.6:c.1970_1971delinsAA	unchanged
ENST00000460680.6:c.1970_1971delinsCC	unchanged
ENST00000460680.6:c.1969_1971delinsCGA	unchanged
ENST00000460680.6:c.1969_1971delinsCGC	unchanged
ENST00000460680.6:c.1969_1971delinsCGT	unchanged
ENST00000460680.6:c.1969_1971delinsGGC	weakly depleted
ENST00000460680.6:c.1969_1971delinsTCC	unchanged
ENST00000460680.6:c.1973_1974delinsCC	unchanged
ENST00000460680.6:c.1972_1974delinsCAA	unchanged
ENST00000460680.6:c.1972_1973delinsCG	unchanged
ENST00000460680.6:c.1972_1974delinsGAA	unchanged
ENST00000460680.6:c.1976_1977delinsCC	unchanged
ENST00000460680.6:c.1975_1977delinsCAA	unchanged
ENST00000460680.6:c.1975_1976delinsCG	unchanged
ENST00000460680.6:c.1975_1977delinsGAA	weakly depleted
ENST00000460680.6:c.1978_1979delinsAG	weakly depleted
ENST00000460680.6:c.1978_1980delinsATT	weakly depleted
ENST00000460680.6:c.1978_1980delinsCTG	weakly depleted
ENST00000460680.6:c.1978_1980delinsGTG	weakly depleted
ENST00000460680.6:c.1979_1980delinsAT	unchanged
ENST00000460680.6:c.1979_1980delinsGT	weakly depleted
ENST00000460680.6:c.1982_1983delinsCC	strongly depleted
ENST00000460680.6:c.1981_1983delinsCAA	weakly depleted
ENST00000460680.6:c.1981_1982delinsCG	weakly depleted
ENST00000460680.6:c.1981_1983delinsGAA	weakly depleted
ENST00000460680.6:c.1985_1986delinsAC	unchanged
ENST00000460680.6:c.1985_1986delinsCC	unchanged
ENST00000460680.6:c.1985_1986delinsGC	unchanged
ENST00000460680.6:c.1984_1986delinsCTG	unchanged
ENST00000460680.6:c.1984_1986delinsGTG	unchanged
ENST00000460680.6:c.1984_1986delinsTTC	unchanged
ENST00000460680.6:c.1987_1989delinsAAC	weakly depleted
ENST00000460680.6:c.1987_1989delinsCAC	weakly depleted
ENST00000460680.6:c.1988_1989delinsGC	weakly depleted
ENST00000460680.6:c.1988_1989delinsTG	weakly depleted
ENST00000460680.6:c.1987_1989delinsTAC	weakly depleted
ENST00000460680.6:c.1990_1992delinsAAT	unchanged
ENST00000460680.6:c.1990_1992delinsCAT	unchanged
ENST00000460680.6:c.1991_1992delinsCT	unchanged
ENST00000460680.6:c.1991_1992delinsGA	unchanged
ENST00000460680.6:c.1991_1992delinsTG	unchanged
ENST00000460680.6:c.1990_1992delinsTAT	unchanged
ENST00000460680.6:c.1993_1995delinsAAA	unchanged
ENST00000460680.6:c.1993_1995delinsAGA	unchanged
ENST00000460680.6:c.1994_1995delinsCC	unchanged
ENST00000460680.6:c.1994_1995delinsTC	unchanged
ENST00000460680.6:c.1993_1995delinsGAA	unchanged
ENST00000460680.6:c.1997_1998delinsAG	weakly depleted
ENST00000460680.6:c.1997_1998delinsCC	weakly depleted
ENST00000460680.6:c.1997_1998delinsTC	weakly depleted
ENST00000460680.6:c.1996_1998delinsCGC	unchanged
ENST00000460680.6:c.1996_1998delinsCGG	unchanged
ENST00000460680.6:c.1996_1998delinsCGT	unchanged
ENST00000460680.6:c.1996_1998delinsGGC	weakly depleted
ENST00000460680.6:c.1996_1997delinsTA	strongly depleted
ENST00000460680.6:c.1996_1998delinsTCC	weakly depleted
ENST00000460680.6:c.2000_2001delinsAA	weakly depleted
ENST00000460680.6:c.2000_2001delinsCC	weakly depleted
ENST00000460680.6:c.1999_2001delinsCGA	unchanged
ENST00000460680.6:c.1999_2001delinsCGC	unchanged
ENST00000460680.6:c.1999_2001delinsCGT	unchanged
ENST00000460680.6:c.1999_2001delinsGGC	weakly depleted
ENST00000460680.6:c.1999_2001delinsTCC	unchanged
ENST00000460680.6:c.2003_2004delinsAT	unchanged
ENST00000460680.6:c.2003_2004delinsTT	unchanged
ENST00000460680.6:c.2002_2004delinsCCT	unchanged
ENST00000460680.6:c.2002_2004delinsGCT	unchanged
ENST00000460680.6:c.2005_2007delinsAAT	unchanged
ENST00000460680.6:c.2006_2007delinsCT	weakly depleted
ENST00000460680.6:c.2006_2007delinsGG	unchanged
ENST00000460680.6:c.2006_2007delinsTG	unchanged
ENST00000460680.6:c.2005_2007delinsGAT	strongly depleted
ENST00000460680.6:c.2005_2007delinsTAT	unchanged
ENST00000460680.6:c.2009_2010delinsCA	unchanged
ENST00000460680.6:c.2009_2010delinsTT	unchanged
ENST00000460680.6:c.2008_2010delinsCAT	unchanged
ENST00000460680.6:c.2008_2010delinsGAT	unchanged
ENST00000460680.6:c.2008_2010delinsTAT	unchanged
ENST00000460680.6:c.2008_2009delinsTC	unchanged
ENST00000460680.6:c.2011_2013delinsAAT	weakly depleted
ENST00000460680.6:c.2011_2012delinsAG	weakly depleted
ENST00000460680.6:c.2011_2013delinsCAT	weakly depleted
ENST00000460680.6:c.2011_2013delinsGAT	strongly depleted
ENST00000460680.6:c.2012_2013delinsGT	weakly depleted
ENST00000460680.6:c.2012_2013delinsTT	unchanged
ENST00000460680.6:c.2014_2016delinsAAC	unchanged
ENST00000460680.6:c.2014_2016delinsCAC	unchanged
ENST00000460680.6:c.2015_2016delinsGC	unchanged
ENST00000460680.6:c.2015_2016delinsTG	unchanged
ENST00000460680.6:c.2014_2016delinsTAC	weakly depleted
ENST00000460680.6:c.2017_2019delinsAAA	unchanged
ENST00000460680.6:c.2017_2019delinsCAA	unchanged
ENST00000460680.6:c.2018_2019delinsGC	unchanged
ENST00000460680.6:c.2018_2019delinsTC	unchanged
ENST00000460680.6:c.2020_2021delinsAG	weakly depleted
ENST00000460680.6:c.2020_2022delinsATT	unchanged
ENST00000460680.6:c.2020_2022delinsCTG	enriched
ENST00000460680.6:c.2020_2022delinsGTG	unchanged
ENST00000460680.6:c.2021_2022delinsAT	unchanged
ENST00000460680.6:c.2021_2022delinsGT	unchanged
ENST00000460680.6:c.2024_2025delinsAT	unchanged
ENST00000460680.6:c.2024_2025delinsCA	unchanged
ENST00000460680.6:c.2023_2025delinsCTG	unchanged
ENST00000460680.6:c.2023_2025delinsGTG	unchanged
ENST00000460680.6:c.2023_2024delinsTC	weakly depleted
ENST00000460680.6:c.2023_2025delinsTTT	unchanged
ENST00000460680.6:c.2026_2028delinsCGG	unchanged
ENST00000460680.6:c.2026_2028delinsGGA	unchanged
ENST00000460680.6:c.2027_2028delinsAA	strongly depleted
ENST00000460680.6:c.2027_2028delinsAT	unchanged
ENST00000460680.6:c.2027_2028delinsTT	unchanged
ENST00000460680.6:c.2030_2031delinsAT	unchanged
ENST00000460680.6:c.2030_2031delinsTT	unchanged
ENST00000460680.6:c.2029_2031delinsCCT	weakly depleted
ENST00000460680.6:c.2029_2031delinsGCT	unchanged
ENST00000460680.6:c.2032_2034delinsAGC	unchanged
ENST00000460680.6:c.2032_2034delinsATC	unchanged
ENST00000460680.6:c.2032_2034delinsCTG	unchanged
ENST00000460680.6:c.2032_2034delinsGTG	unchanged
ENST00000460680.6:c.2033_2034delinsAC	unchanged
ENST00000460680.6:c.2033_2034delinsGC	unchanged
ENST00000460680.6:c.2036_2037delinsAT	unchanged
ENST00000460680.6:c.2036_2037delinsCA	unchanged
ENST00000460680.6:c.2035_2037delinsCTG	unchanged
ENST00000460680.6:c.2035_2037delinsGTG	unchanged
ENST00000460680.6:c.2035_2036delinsTC	unchanged
ENST00000460680.6:c.2035_2037delinsTTT	unchanged
ENST00000460680.6:c.2038_2040delinsACA	unchanged
ENST00000460680.6:c.2038_2039delinsAG	unchanged
ENST00000460680.6:c.2038_2040delinsAGT	unchanged
ENST00000460680.6:c.2038_2040delinsCCT	enriched
ENST00000460680.6:c.2038_2040delinsGCT	unchanged
ENST00000460680.6:c.2039_2040delinsAT	unchanged
ENST00000460680.6:c.2039_2040delinsGT	unchanged
ENST00000460680.6:c.2039_2040delinsTT	unchanged
ENST00000460680.6:c.2042_2043delinsAA	unchanged
ENST00000460680.6:c.2042_2043delinsCC	unchanged
ENST00000460680.6:c.2041_2042delinsCG	unchanged
ENST00000460680.6:c.2041_2043delinsCTC	unchanged
ENST00000460680.6:c.2041_2043delinsGTC	unchanged
ENST00000460680.6:c.2044_2046delinsAGA	weakly depleted
ENST00000460680.6:c.2045_2046delinsAA	unchanged
ENST00000460680.6:c.2045_2046delinsCC	strongly depleted
ENST00000460680.6:c.2044_2046delinsGTC	unchanged
ENST00000460680.6:c.2044_2046delinsTTA	unchanged
ENST00000460680.6:c.2047_2049delinsACC	unchanged
ENST00000460680.6:c.2047_2049delinsAGC	unchanged
ENST00000460680.6:c.2047_2049delinsCCC	unchanged
ENST00000460680.6:c.2048_2049delinsAC	unchanged
ENST00000460680.6:c.2048_2049delinsGC	unchanged
ENST00000460680.6:c.2048_2049delinsTG	weakly depleted
ENST00000460680.6:c.2050_2052delinsAAA	unchanged
ENST00000460680.6:c.2050_2052delinsAGA	unchanged
ENST00000460680.6:c.2051_2052delinsCC	unchanged
ENST00000460680.6:c.2051_2052delinsTC	unchanged
ENST00000460680.6:c.2050_2052delinsGAA	unchanged
ENST00000460680.6:c.2053_2055delinsAAG	unchanged
ENST00000460680.6:c.2053_2055delinsCAG	unchanged
ENST00000460680.6:c.2054_2055delinsGC	unchanged
ENST00000460680.6:c.2054_2055delinsTG	weakly depleted
ENST00000460680.6:c.2060_2061delinsAA	unchanged
ENST00000460680.6:c.2060_2061delinsCC	unchanged
ENST00000460680.6:c.2059_2060delinsCG	unchanged
ENST00000460680.6:c.2059_2061delinsCTC	unchanged
ENST00000460680.6:c.2059_2061delinsGTC	unchanged
ENST00000460680.6:c.2062_2064delinsAGA	weakly depleted
ENST00000460680.6:c.2063_2064delinsAA	weakly depleted
ENST00000460680.6:c.2063_2064delinsCC	weakly depleted
ENST00000460680.6:c.2062_2064delinsGTC	unchanged
ENST00000460680.6:c.2062_2064delinsTTA	unchanged
ENST00000460680.6:c.2065_2067delinsACA	unchanged
ENST00000460680.6:c.2065_2066delinsAG	unchanged
ENST00000460680.6:c.2065_2067delinsCCT	unchanged
ENST00000460680.6:c.2066_2067delinsAT	unchanged
ENST00000460680.6:c.2066_2067delinsGA	unchanged
ENST00000460680.6:c.2066_2067delinsTG	unchanged
ENST00000460680.6:c.2069_2070delinsCA	unchanged
ENST00000460680.6:c.2069_2070delinsTT	unchanged
ENST00000460680.6:c.2068_2070delinsCAT	unchanged
ENST00000460680.6:c.2068_2070delinsGAT	unchanged
ENST00000460680.6:c.2068_2070delinsTAT	unchanged
ENST00000460680.6:c.2068_2069delinsTC	unchanged
ENST00000460680.6:c.2071_2073delinsATC	unchanged
ENST00000460680.6:c.2072_2073delinsAG	weakly depleted
ENST00000460680.6:c.2072_2073delinsCC	weakly depleted
ENST00000460680.6:c.2072_2073delinsGG	weakly depleted
ENST00000460680.6:c.2071_2073delinsGTG	weakly depleted
ENST00000460680.6:c.2071_2073delinsTTG	unchanged
ENST00000460680.6:c.2074_2076delinsCTC	weakly depleted
ENST00000460680.6:c.2075_2076delinsAA	weakly depleted
ENST00000460680.6:c.2075_2076delinsGC	weakly depleted
ENST00000460680.6:c.2077_2079delinsAAA	unchanged
ENST00000460680.6:c.2077_2079delinsCAA	unchanged
ENST00000460680.6:c.2078_2079delinsGC	unchanged
ENST00000460680.6:c.2078_2079delinsTC	unchanged
ENST00000460680.6:c.2080_2082delinsAAA	unchanged
ENST00000460680.6:c.2080_2082delinsAGA	weakly depleted
ENST00000460680.6:c.2081_2082delinsCC	weakly depleted
ENST00000460680.6:c.2081_2082delinsTC	unchanged
ENST00000460680.6:c.2080_2082delinsGAA	unchanged
ENST00000460680.6:c.2084_2085delinsCA	weakly depleted
ENST00000460680.6:c.2084_2085delinsTT	weakly depleted
ENST00000460680.6:c.2083_2085delinsCAT	unchanged
ENST00000460680.6:c.2083_2085delinsGAT	weakly depleted
ENST00000460680.6:c.2083_2085delinsTAT	weakly depleted
ENST00000460680.6:c.2083_2084delinsTC	weakly depleted
ENST00000460680.6:c.2087_2088delinsAT	weakly depleted
ENST00000460680.6:c.2087_2088delinsCA	weakly depleted
ENST00000460680.6:c.2086_2088delinsCTG	unchanged
ENST00000460680.6:c.2086_2088delinsGTG	unchanged
ENST00000460680.6:c.2086_2087delinsTC	weakly depleted
ENST00000460680.6:c.2086_2088delinsTTT	weakly depleted
ENST00000460680.6:c.2089_2091delinsACA	unchanged
ENST00000460680.6:c.2089_2090delinsAG	unchanged
ENST00000460680.6:c.2089_2091delinsAGT	unchanged
ENST00000460680.6:c.2089_2091delinsCCT	weakly depleted
ENST00000460680.6:c.2089_2091delinsGCT	unchanged
ENST00000460680.6:c.2090_2091delinsAT	weakly depleted
ENST00000460680.6:c.2090_2091delinsGT	unchanged
ENST00000460680.6:c.2090_2091delinsTT	unchanged
ENST00000460680.6:c.2092_2094delinsCTC	unchanged
ENST00000460680.6:c.2093_2094delinsAA	weakly depleted
ENST00000460680.6:c.2093_2094delinsGC	unchanged
ENST00000460680.6:c.2095_2097delinsAGA	unchanged
ENST00000460680.6:c.2096_2097delinsAA	unchanged
ENST00000460680.6:c.2096_2097delinsCC	unchanged
ENST00000460680.6:c.2096_2097delinsTC	unchanged
ENST00000460680.6:c.2095_2097delinsGGC	unchanged
ENST00000460680.6:c.2098_2100delinsAGA	unchanged
ENST00000460680.6:c.2099_2100delinsAA	unchanged
ENST00000460680.6:c.2099_2100delinsCC	unchanged
ENST00000460680.6:c.2099_2100delinsTC	unchanged
ENST00000460680.6:c.2098_2100delinsGGC	unchanged
ENST00000460680.6:c.2101_2103delinsAGA	unchanged
ENST00000460680.6:c.2101_2103delinsAGG	unchanged
ENST00000460680.6:c.2102_2103delinsAT	unchanged
ENST00000460680.6:c.2102_2103delinsCT	weakly depleted
ENST00000460680.6:c.2102_2103delinsTG	weakly depleted
ENST00000460680.6:c.2101_2103delinsGGA	weakly depleted
ENST00000460680.6:c.2101_2102delinsTC	unchanged
ENST00000460680.6:c.2101_2103delinsTGT	unchanged
ENST00000460680.6:c.2104_2106delinsAAG	weakly depleted
ENST00000460680.6:c.2105_2106delinsCC	weakly depleted
ENST00000460680.6:c.2105_2106delinsGG	weakly depleted
ENST00000460680.6:c.2105_2106delinsTG	weakly depleted
ENST00000460680.6:c.2104_2106delinsGAG	weakly depleted
ENST00000460680.6:c.2107_2109delinsAGA	weakly depleted
ENST00000460680.6:c.2108_2109delinsAA	weakly depleted
ENST00000460680.6:c.2108_2109delinsTC	weakly depleted
ENST00000460680.6:c.2110_2112delinsATT	unchanged
ENST00000460680.6:c.2110_2112delinsCTG	enriched
ENST00000460680.6:c.2111_2112delinsAT	weakly depleted
ENST00000460680.6:c.2111_2112delinsCT	unchanged
ENST00000460680.6:c.2111_2112delinsGA	unchanged
ENST00000460680.6:c.2110_2112delinsTTT	unchanged
ENST00000460680.6:c.2114_2115delinsAT	unchanged
ENST00000460680.6:c.2114_2115delinsCA	unchanged
ENST00000460680.6:c.2114_2115delinsTT	unchanged
ENST00000460680.6:c.2113_2115delinsCGG	unchanged
ENST00000460680.6:c.2113_2115delinsGGA	unchanged
ENST00000460680.6:c.2113_2115delinsTCA	unchanged
ENST00000460680.6:c.2113_2114delinsTC	unchanged
ENST00000460680.6:c.2113_2115delinsTCG	unchanged
ENST00000460680.6:c.2113_2115delinsTCT	unchanged
ENST00000460680.6:c.2113_2115delinsTGT	unchanged
ENST00000460680.6:c.2117_2118delinsAT	weakly depleted
ENST00000460680.6:c.2117_2118delinsCA	weakly depleted
ENST00000460680.6:c.2116_2118delinsCTG	unchanged
ENST00000460680.6:c.2116_2118delinsGTG	unchanged
ENST00000460680.6:c.2116_2117delinsTC	weakly depleted
ENST00000460680.6:c.2116_2118delinsTTT	weakly depleted
ENST00000460680.6:c.2119_2121delinsCGG	weakly depleted
ENST00000460680.6:c.2120_2121delinsAT	weakly depleted
ENST00000460680.6:c.2120_2121delinsCT	unchanged
ENST00000460680.6:c.2120_2121delinsTG	weakly depleted
ENST00000460680.6:c.2119_2120delinsTC	weakly depleted
ENST00000460680.6:c.2119_2121delinsTGT	weakly depleted
ENST00000460680.6:c.2122_2124delinsAGA	unchanged
ENST00000460680.6:c.2123_2124delinsAA	weakly depleted
ENST00000460680.6:c.2123_2124delinsCC	weakly depleted
ENST00000460680.6:c.2123_2124delinsTC	weakly depleted
ENST00000460680.6:c.2122_2124delinsGGC	weakly depleted
ENST00000460680.6:c.2125_2127delinsATT	weakly depleted
ENST00000460680.6:c.2126_2127delinsAT	weakly depleted
ENST00000460680.6:c.2126_2127delinsCT	weakly depleted
ENST00000460680.6:c.2126_2127delinsGG	weakly depleted
ENST00000460680.6:c.2125_2127delinsGTG	weakly depleted
ENST00000460680.6:c.2125_2127delinsTTA	unchanged
ENST00000460680.6:c.2125_2127delinsTTG	unchanged
ENST00000460680.6:c.2125_2127delinsTTT	unchanged
ENST00000460680.6:c.2128_2130delinsAAT	unchanged
ENST00000460680.6:c.2129_2130delinsCT	weakly depleted
ENST00000460680.6:c.2129_2130delinsGG	unchanged
ENST00000460680.6:c.2129_2130delinsTG	unchanged
ENST00000460680.6:c.2128_2130delinsGAT	weakly depleted
ENST00000460680.6:c.2128_2130delinsTAT	unchanged
ENST00000460680.6:c.2132_2133delinsCC	unchanged
ENST00000460680.6:c.2131_2133delinsCAA	unchanged
ENST00000460680.6:c.2131_2132delinsCG	unchanged
ENST00000460680.6:c.2131_2133delinsGAA	weakly depleted
ENST00000460680.6:c.2134_2136delinsAAA	unchanged
ENST00000460680.6:c.2134_2136delinsAGA	unchanged
ENST00000460680.6:c.2135_2136delinsCC	unchanged
ENST00000460680.6:c.2135_2136delinsTC	unchanged
ENST00000460680.6:c.2134_2136delinsGAA	unchanged
ENST00000460680.6:c.2137_2139delinsAGA	unchanged
ENST00000460680.6:c.2138_2139delinsAA	unchanged
ENST00000460680.6:c.2138_2139delinsCC	unchanged
ENST00000460680.6:c.2138_2139delinsTC	unchanged
ENST00000460680.6:c.2137_2139delinsGGC	unchanged
ENST00000460680.6:c.2141_2142delinsCC	unchanged
ENST00000460680.6:c.2140_2142delinsCAA	unchanged
ENST00000460680.6:c.2140_2141delinsCG	unchanged
ENST00000460680.6:c.2140_2142delinsGAA	unchanged
ENST00000460680.6:c.2143_2145delinsACC	unchanged
ENST00000460680.6:c.2143_2145delinsAGC	unchanged
ENST00000460680.6:c.2144_2145delinsAC	unchanged
ENST00000460680.6:c.2144_2145delinsGG	unchanged
ENST00000460680.6:c.2144_2145delinsTG	unchanged
ENST00000460680.6:c.2146_2148delinsAAT	unchanged
ENST00000460680.6:c.2146_2148delinsCAT	unchanged
ENST00000460680.6:c.2147_2148delinsCT	unchanged
ENST00000460680.6:c.2147_2148delinsGA	unchanged
ENST00000460680.6:c.2147_2148delinsTG	unchanged
ENST00000460680.6:c.2146_2148delinsTAT	unchanged
ENST00000460680.6:c.2149_2151delinsAGA	unchanged
ENST00000460680.6:c.2150_2151delinsAA	unchanged
ENST00000460680.6:c.2150_2151delinsCC	unchanged
ENST00000460680.6:c.2150_2151delinsTC	unchanged
ENST00000460680.6:c.2149_2151delinsGGC	unchanged
ENST00000460680.6:c.2152_2154delinsAGA	unchanged
ENST00000460680.6:c.2153_2154delinsAA	unchanged
ENST00000460680.6:c.2153_2154delinsCC	unchanged
ENST00000460680.6:c.2153_2154delinsTC	unchanged
ENST00000460680.6:c.2152_2154delinsGGC	unchanged
ENST00000460680.6:c.2156_2157delinsCC	unchanged
ENST00000460680.6:c.2156_2157delinsTC	unchanged
ENST00000460680.6:c.2155_2157delinsCAG	unchanged
ENST00000460680.6:c.2155_2157delinsCGG	unchanged
ENST00000460680.6:c.2155_2157delinsGAG	unchanged
ENST00000460680.6:c.2158_2160delinsAGA	unchanged
ENST00000460680.6:c.2158_2160delinsAGG	weakly depleted
ENST00000460680.6:c.2159_2160delinsAT	unchanged
ENST00000460680.6:c.2159_2160delinsCT	unchanged
ENST00000460680.6:c.2159_2160delinsTG	unchanged
ENST00000460680.6:c.2158_2160delinsGGA	unchanged
ENST00000460680.6:c.2158_2159delinsTC	unchanged
ENST00000460680.6:c.2158_2160delinsTGT	unchanged
ENST00000460680.6:c.2161_2163delinsACC	unchanged
ENST00000460680.6:c.2161_2163delinsAGC	unchanged
ENST00000460680.6:c.2161_2162delinsAG	unchanged
ENST00000460680.6:c.2161_2163delinsCCC	unchanged
ENST00000460680.6:c.2162_2163delinsAC	unchanged
ENST00000460680.6:c.2162_2163delinsGC	unchanged
ENST00000460680.6:c.2162_2163delinsTC	unchanged
ENST00000460680.6:c.2164_2166delinsAGA	unchanged
ENST00000460680.6:c.2164_2166delinsAGG	unchanged
ENST00000460680.6:c.2165_2166delinsAT	unchanged
ENST00000460680.6:c.2165_2166delinsCT	unchanged
ENST00000460680.6:c.2165_2166delinsTG	unchanged
ENST00000460680.6:c.2164_2166delinsGGA	unchanged
ENST00000460680.6:c.2164_2165delinsTC	unchanged
ENST00000460680.6:c.2164_2166delinsTGT	unchanged
ENST00000460680.6:c.2167_2169delinsACA	unchanged
ENST00000460680.6:c.2167_2168delinsAG	unchanged
ENST00000460680.6:c.2168_2169delinsAT	unchanged
ENST00000460680.6:c.2168_2169delinsGG	unchanged
ENST00000460680.6:c.2168_2169delinsTG	unchanged
ENST00000460680.6:c.2167_2169delinsGCT	unchanged
ENST00000460680.6:c.2170_2172delinsAAT	unchanged
ENST00000460680.6:c.2170_2171delinsAG	unchanged
ENST00000460680.6:c.2170_2172delinsCAT	unchanged
ENST00000460680.6:c.2170_2172delinsGAT	unchanged
ENST00000460680.6:c.2171_2172delinsGT	weakly depleted
ENST00000460680.6:c.2171_2172delinsTT	unchanged
ENST00000460680.6:c.2174_2175delinsCC	unchanged
ENST00000460680.6:c.2173_2175delinsCAA	unchanged
ENST00000460680.6:c.2173_2174delinsCG	unchanged
ENST00000460680.6:c.2173_2175delinsGAA	unchanged
ENST00000460680.6:c.2176_2178delinsACA	unchanged
ENST00000460680.6:c.2176_2177delinsAG	unchanged
ENST00000460680.6:c.2176_2178delinsCCT	unchanged
ENST00000460680.6:c.2177_2178delinsAT	unchanged
ENST00000460680.6:c.2177_2178delinsGA	unchanged
ENST00000460680.6:c.2177_2178delinsTG	weakly depleted
ENST00000460680.6:c.2180_2181delinsCC	unchanged
ENST00000460680.6:c.2179_2181delinsCAA	unchanged
ENST00000460680.6:c.2179_2180delinsCG	unchanged
ENST00000460680.6:c.2179_2181delinsGAA	unchanged
ENST00000460680.6:c.2182_2184delinsAGA	unchanged
ENST00000460680.6:c.2182_2184delinsAGG	unchanged
ENST00000460680.6:c.2183_2184delinsAT	unchanged
ENST00000460680.6:c.2183_2184delinsCT	unchanged
ENST00000460680.6:c.2183_2184delinsTG	unchanged
ENST00000460680.6:c.2182_2184delinsGGA	unchanged
ENST00000460680.6:c.2182_2183delinsTC	unchanged
ENST00000460680.6:c.2182_2184delinsTGT	unchanged
ENST00000460680.6:c.2185_2187delinsAAA	unchanged
ENST00000460680.6:c.2185_2187delinsAGA	unchanged
ENST00000460680.6:c.2186_2187delinsCC	unchanged
ENST00000460680.6:c.2186_2187delinsTC	unchanged
ENST00000460680.6:c.2185_2187delinsGAA	unchanged
ENST00000460680.6:c.2188_2190delinsAGC	strongly depleted
ENST00000460680.6:c.2188_2190delinsCGG	strongly depleted
ENST00000460680.6:c.2188_2190delinsCTG	strongly depleted
ENST00000460680.6:c.2188_2190delinsGGC	strongly depleted
