hgvs_nt,class
NM_024675.4:c.*22A>T,indeterminate
NM_024675.4:c.*22A>G,abnormal
NM_024675.4:c.*21C>T,abnormal
NM_024675.4:c.*21C>A,abnormal
NM_024675.4:c.*20A>T,normal
NM_024675.4:c.*20A>G,normal
NM_024675.4:c.*20A>C,normal
NM_024675.4:c.*19C>T,normal
NM_024675.4:c.*19C>G,normal
NM_024675.4:c.*19C>A,normal
NM_024675.4:c.*18A>T,indeterminate
NM_024675.4:c.*18A>G,normal
NM_024675.4:c.*18A>C,normal
NM_024675.4:c.*17A>T,normal
NM_024675.4:c.*17A>G,normal
NM_024675.4:c.*17A>C,normal
NM_024675.4:c.*16A>T,normal
NM_024675.4:c.*16A>G,normal
NM_024675.4:c.*16A>C,normal
NM_024675.4:c.*15A>T,normal
NM_024675.4:c.*15A>G,normal
NM_024675.4:c.*15A>C,normal
NM_024675.4:c.*14G>T,indeterminate
NM_024675.4:c.*14G>C,normal
NM_024675.4:c.*14G>A,indeterminate
NM_024675.4:c.*13T>G,normal
NM_024675.4:c.*13T>C,normal
NM_024675.4:c.*13T>A,normal
NM_024675.4:c.*12G>T,normal
NM_024675.4:c.*12G>C,indeterminate
NM_024675.4:c.*12G>A,normal
NM_024675.4:c.*11A>T,normal
NM_024675.4:c.*11A>G,normal
NM_024675.4:c.*11A>C,normal
NM_024675.4:c.*10A>T,normal
NM_024675.4:c.*10A>G,normal
NM_024675.4:c.*10A>C,normal
NM_024675.4:c.*9A>T,normal
NM_024675.4:c.*9A>G,normal
NM_024675.4:c.*9A>C,normal
NM_024675.4:c.*8T>G,normal
NM_024675.4:c.*8T>C,normal
NM_024675.4:c.*8T>A,indeterminate
NM_024675.4:c.*7G>T,normal
NM_024675.4:c.*7G>C,normal
NM_024675.4:c.*7G>A,indeterminate
NM_024675.4:c.*6G>T,normal
NM_024675.4:c.*6G>C,normal
NM_024675.4:c.*6G>A,normal
NM_024675.4:c.*5G>T,normal
NM_024675.4:c.*5G>C,normal
NM_024675.4:c.*5G>A,normal
NM_024675.4:c.*4A>T,normal
NM_024675.4:c.*4A>G,normal
NM_024675.4:c.*4A>C,normal
NM_024675.4:c.*3T>G,normal
NM_024675.4:c.*3T>C,normal
NM_024675.4:c.*3T>A,normal
NM_024675.4:c.*2T>G,normal
NM_024675.4:c.*2T>C,normal
NM_024675.4:c.*2T>A,normal
NM_024675.4:c.*1G>T,normal
NM_024675.4:c.*1G>C,indeterminate
NM_024675.4:c.*1G>A,normal
NM_024675.4:c.3561A>T,normal
NM_024675.4:c.3561A>G,normal
NM_024675.4:c.3561A>C,normal
NM_024675.4:c.3560A>T,normal
NM_024675.4:c.3560A>G,normal
NM_024675.4:c.3560A>C,normal
NM_024675.4:c.3559T>G,normal
NM_024675.4:c.3559T>C,normal
NM_024675.4:c.3559T>A,normal
NM_024675.4:c.3558A>T,normal
NM_024675.4:c.3558A>G,normal
NM_024675.4:c.3558A>C,normal
NM_024675.4:c.3557C>T,normal
NM_024675.4:c.3557C>G,normal
NM_024675.4:c.3557C>A,normal
NM_024675.4:c.3556T>G,normal
NM_024675.4:c.3556T>C,normal
NM_024675.4:c.3556T>A,normal
NM_024675.4:c.3555T>G,indeterminate
NM_024675.4:c.3555T>C,normal
NM_024675.4:c.3555T>A,normal
NM_024675.4:c.3554A>T,normal
NM_024675.4:c.3554A>G,normal
NM_024675.4:c.3554A>C,normal
NM_024675.4:c.3553T>G,normal
NM_024675.4:c.3553T>C,normal
NM_024675.4:c.3553T>A,normal
NM_024675.4:c.3552C>T,indeterminate
NM_024675.4:c.3552C>G,normal
NM_024675.4:c.3552C>A,normal
NM_024675.4:c.3551A>T,normal
NM_024675.4:c.3551A>G,normal
NM_024675.4:c.3551A>C,normal
NM_024675.4:c.3550C>T,normal
NM_024675.4:c.3550C>G,normal
NM_024675.4:c.3550C>A,normal
NM_024675.4:c.3549C>T,normal
NM_024675.4:c.3549C>G,abnormal
NM_024675.4:c.3549C>A,abnormal
NM_024675.4:c.3548A>T,normal
NM_024675.4:c.3548A>G,normal
NM_024675.4:c.3548A>C,indeterminate
NM_024675.4:c.3547T>G,abnormal
NM_024675.4:c.3547T>C,normal
NM_024675.4:c.3547T>A,indeterminate
NM_024675.4:c.3546A>T,normal
NM_024675.4:c.3546A>G,normal
NM_024675.4:c.3546A>C,normal
NM_024675.4:c.3545T>G,normal
NM_024675.4:c.3545T>C,normal
NM_024675.4:c.3545T>A,normal
NM_024675.4:c.3544G>T,normal
NM_024675.4:c.3544G>C,normal
NM_024675.4:c.3544G>A,normal
NM_024675.4:c.3543T>G,normal
NM_024675.4:c.3543T>C,normal
NM_024675.4:c.3543T>A,normal
NM_024675.4:c.3542T>G,normal
NM_024675.4:c.3542T>C,normal
NM_024675.4:c.3542T>A,normal
NM_024675.4:c.3541T>G,normal
NM_024675.4:c.3541T>C,normal
NM_024675.4:c.3541T>A,normal
NM_024675.4:c.3540A>T,normal
NM_024675.4:c.3540A>G,normal
NM_024675.4:c.3540A>C,normal
NM_024675.4:c.3539T>G,abnormal
NM_024675.4:c.3539T>C,indeterminate
NM_024675.4:c.3539T>A,abnormal
NM_024675.4:c.3538A>T,normal
NM_024675.4:c.3538A>G,normal
NM_024675.4:c.3538A>C,normal
NM_024675.4:c.3537T>G,normal
NM_024675.4:c.3537T>C,normal
NM_024675.4:c.3537T>A,normal
NM_024675.4:c.3536A>T,normal
NM_024675.4:c.3536A>G,normal
NM_024675.4:c.3536A>C,normal
NM_024675.4:c.3535A>T,indeterminate
NM_024675.4:c.3535A>G,normal
NM_024675.4:c.3535A>C,normal
NM_024675.4:c.3534A>T,normal
NM_024675.4:c.3534A>G,normal
NM_024675.4:c.3534A>C,normal
NM_024675.4:c.3533G>T,abnormal
NM_024675.4:c.3533G>C,indeterminate
NM_024675.4:c.3533G>A,indeterminate
NM_024675.4:c.3532G>T,abnormal
NM_024675.4:c.3532G>C,abnormal
NM_024675.4:c.3532G>A,indeterminate
NM_024675.4:c.3531T>G,normal
NM_024675.4:c.3531T>C,normal
NM_024675.4:c.3531T>A,normal
NM_024675.4:c.3530A>T,indeterminate
NM_024675.4:c.3530A>G,normal
NM_024675.4:c.3530A>C,normal
NM_024675.4:c.3529G>T,indeterminate
NM_024675.4:c.3529G>C,indeterminate
NM_024675.4:c.3529G>A,normal
NM_024675.4:c.3528A>T,normal
NM_024675.4:c.3528A>G,normal
NM_024675.4:c.3528A>C,normal
NM_024675.4:c.3527A>T,normal
NM_024675.4:c.3527A>G,normal
NM_024675.4:c.3527A>C,normal
NM_024675.4:c.3526A>T,abnormal
NM_024675.4:c.3526A>G,normal
NM_024675.4:c.3526A>C,normal
NM_024675.4:c.3525A>T,normal
NM_024675.4:c.3525A>G,normal
NM_024675.4:c.3525A>C,normal
NM_024675.4:c.3524A>T,normal
NM_024675.4:c.3524A>G,normal
NM_024675.4:c.3524A>C,indeterminate
NM_024675.4:c.3523C>T,abnormal
NM_024675.4:c.3523C>G,normal
NM_024675.4:c.3523C>A,normal
NM_024675.4:c.3522A>T,normal
NM_024675.4:c.3522A>G,normal
NM_024675.4:c.3522A>C,normal
NM_024675.4:c.3521G>T,normal
NM_024675.4:c.3521G>C,normal
NM_024675.4:c.3521G>A,abnormal
NM_024675.4:c.3520G>T,abnormal
NM_024675.4:c.3520G>C,indeterminate
NM_024675.4:c.3520G>A,indeterminate
NM_024675.4:c.3519T>G,normal
NM_024675.4:c.3519T>C,normal
NM_024675.4:c.3519T>A,normal
NM_024675.4:c.3518C>T,normal
NM_024675.4:c.3518C>G,normal
NM_024675.4:c.3518C>A,abnormal
NM_024675.4:c.3517G>T,normal
NM_024675.4:c.3517G>C,abnormal
NM_024675.4:c.3517G>A,normal
NM_024675.4:c.3513G>T,normal
NM_024675.4:c.3513G>C,normal
NM_024675.4:c.3513G>A,normal
NM_024675.4:c.3512T>G,abnormal
NM_024675.4:c.3512T>C,abnormal
NM_024675.4:c.3512T>A,abnormal
NM_024675.4:c.3511T>G,normal
NM_024675.4:c.3511T>C,normal
NM_024675.4:c.3511T>A,normal
NM_024675.4:c.3510T>G,normal
NM_024675.4:c.3510T>C,normal
NM_024675.4:c.3510T>A,normal
NM_024675.4:c.3509A>T,normal
NM_024675.4:c.3509A>G,normal
NM_024675.4:c.3509A>C,indeterminate
NM_024675.4:c.3508C>T,normal
NM_024675.4:c.3508C>G,indeterminate
NM_024675.4:c.3508C>A,normal
NM_024675.4:c.3507T>G,normal
NM_024675.4:c.3507T>C,normal
NM_024675.4:c.3507T>A,normal
NM_024675.4:c.3506C>T,normal
NM_024675.4:c.3506C>G,normal
NM_024675.4:c.3506C>A,normal
NM_024675.4:c.3505T>G,normal
NM_024675.4:c.3505T>C,normal
NM_024675.4:c.3505T>A,normal
NM_024675.4:c.3504C>T,normal
NM_024675.4:c.3504C>G,normal
NM_024675.4:c.3504C>A,normal
NM_024675.4:c.3503A>T,normal
NM_024675.4:c.3503A>G,normal
NM_024675.4:c.3503A>C,normal
NM_024675.4:c.3502G>T,normal
NM_024675.4:c.3502G>C,normal
NM_024675.4:c.3502G>A,normal
NM_024675.4:c.3501A>T,normal
NM_024675.4:c.3501A>G,normal
NM_024675.4:c.3501A>C,normal
NM_024675.4:c.3500C>T,normal
NM_024675.4:c.3500C>G,normal
NM_024675.4:c.3500C>A,normal
NM_024675.4:c.3499A>T,normal
NM_024675.4:c.3499A>G,normal
NM_024675.4:c.3499A>C,normal
NM_024675.4:c.3498T>G,normal
NM_024675.4:c.3498T>C,normal
NM_024675.4:c.3498T>A,normal
NM_024675.4:c.3497G>T,normal
NM_024675.4:c.3497G>C,normal
NM_024675.4:c.3497G>A,normal
NM_024675.4:c.3496G>T,normal
NM_024675.4:c.3496G>C,normal
NM_024675.4:c.3496G>A,normal
NM_024675.4:c.3495G>T,normal
NM_024675.4:c.3495G>C,normal
NM_024675.4:c.3495G>A,normal
NM_024675.4:c.3494C>T,normal
NM_024675.4:c.3494C>G,normal
NM_024675.4:c.3494C>A,abnormal
NM_024675.4:c.3493T>G,normal
NM_024675.4:c.3493T>C,indeterminate
NM_024675.4:c.3493T>A,normal
NM_024675.4:c.3492G>T,normal
NM_024675.4:c.3492G>C,normal
NM_024675.4:c.3492G>A,abnormal
NM_024675.4:c.3491G>T,normal
NM_024675.4:c.3491G>C,abnormal
NM_024675.4:c.3491G>A,abnormal
NM_024675.4:c.3490T>G,abnormal
NM_024675.4:c.3490T>C,abnormal
NM_024675.4:c.3490T>A,abnormal
NM_024675.4:c.3489A>T,normal
NM_024675.4:c.3489A>G,normal
NM_024675.4:c.3489A>C,normal
NM_024675.4:c.3488A>T,normal
NM_024675.4:c.3488A>G,normal
NM_024675.4:c.3488A>C,normal
NM_024675.4:c.3487A>T,abnormal
NM_024675.4:c.3487A>G,indeterminate
NM_024675.4:c.3487A>C,normal
NM_024675.4:c.3486G>T,normal
NM_024675.4:c.3486G>C,normal
NM_024675.4:c.3486G>A,normal
NM_024675.4:c.3485T>G,normal
NM_024675.4:c.3485T>C,normal
NM_024675.4:c.3485T>A,abnormal
NM_024675.4:c.3484G>T,normal
NM_024675.4:c.3484G>C,normal
NM_024675.4:c.3484G>A,normal
NM_024675.4:c.3483T>G,normal
NM_024675.4:c.3483T>C,normal
NM_024675.4:c.3483T>A,normal
NM_024675.4:c.3482T>G,indeterminate
NM_024675.4:c.3482T>C,normal
NM_024675.4:c.3482T>A,normal
NM_024675.4:c.3481T>G,normal
NM_024675.4:c.3481T>C,normal
NM_024675.4:c.3481T>A,normal
NM_024675.4:c.3480T>G,normal
NM_024675.4:c.3480T>C,normal
NM_024675.4:c.3480T>A,normal
NM_024675.4:c.3479C>T,normal
NM_024675.4:c.3479C>G,normal
NM_024675.4:c.3479C>A,normal
NM_024675.4:c.3478T>G,indeterminate
NM_024675.4:c.3478T>C,abnormal
NM_024675.4:c.3478T>A,normal
NM_024675.4:c.3477G>T,normal
NM_024675.4:c.3477G>C,normal
NM_024675.4:c.3477G>A,abnormal
NM_024675.4:c.3476G>T,normal
NM_024675.4:c.3476G>C,normal
NM_024675.4:c.3476G>A,abnormal
NM_024675.4:c.3475T>G,indeterminate
NM_024675.4:c.3475T>C,normal
NM_024675.4:c.3475T>A,indeterminate
NM_024675.4:c.3474T>G,normal
NM_024675.4:c.3474T>C,normal
NM_024675.4:c.3474T>A,normal
NM_024675.4:c.3473A>T,normal
NM_024675.4:c.3473A>G,normal
NM_024675.4:c.3473A>C,normal
NM_024675.4:c.3472C>T,normal
NM_024675.4:c.3472C>G,normal
NM_024675.4:c.3472C>A,normal
NM_024675.4:c.3471A>T,normal
NM_024675.4:c.3471A>G,normal
NM_024675.4:c.3471A>C,normal
NM_024675.4:c.3470A>T,normal
NM_024675.4:c.3470A>G,normal
NM_024675.4:c.3470A>C,normal
NM_024675.4:c.3469C>T,abnormal
NM_024675.4:c.3469C>G,normal
NM_024675.4:c.3469C>A,normal
NM_024675.4:c.3468C>T,normal
NM_024675.4:c.3468C>G,normal
NM_024675.4:c.3468C>A,normal
NM_024675.4:c.3467A>T,normal
NM_024675.4:c.3467A>G,normal
NM_024675.4:c.3467A>C,normal
NM_024675.4:c.3466G>T,normal
NM_024675.4:c.3466G>C,normal
NM_024675.4:c.3466G>A,normal
NM_024675.4:c.3459T>G,normal
NM_024675.4:c.3459T>C,normal
NM_024675.4:c.3459T>A,normal
NM_024675.4:c.3458C>T,indeterminate
NM_024675.4:c.3458C>G,indeterminate
NM_024675.4:c.3458C>A,normal
NM_024675.4:c.3457C>T,abnormal
NM_024675.4:c.3457C>G,normal
NM_024675.4:c.3457C>A,normal
NM_024675.4:c.3456A>T,normal
NM_024675.4:c.3456A>G,normal
NM_024675.4:c.3456A>C,normal
NM_024675.4:c.3455C>T,abnormal
NM_024675.4:c.3455C>G,normal
NM_024675.4:c.3455C>A,normal
NM_024675.4:c.3454C>T,normal
NM_024675.4:c.3454C>G,normal
NM_024675.4:c.3454C>A,normal
NM_024675.4:c.3453C>T,normal
NM_024675.4:c.3453C>G,normal
NM_024675.4:c.3453C>A,normal
NM_024675.4:c.3452T>G,normal
NM_024675.4:c.3452T>C,normal
NM_024675.4:c.3452T>A,indeterminate
NM_024675.4:c.3451C>T,indeterminate
NM_024675.4:c.3451C>G,normal
NM_024675.4:c.3451C>A,normal
NM_024675.4:c.3450C>T,abnormal
NM_024675.4:c.3450C>G,normal
NM_024675.4:c.3450C>A,normal
NM_024675.4:c.3449T>G,normal
NM_024675.4:c.3449T>C,indeterminate
NM_024675.4:c.3449T>A,normal
NM_024675.4:c.3448C>T,indeterminate
NM_024675.4:c.3448C>G,indeterminate
NM_024675.4:c.3448C>A,normal
NM_024675.4:c.3447C>T,normal
NM_024675.4:c.3447C>G,normal
NM_024675.4:c.3447C>A,normal
NM_024675.4:c.3446C>T,normal
NM_024675.4:c.3446C>G,normal
NM_024675.4:c.3446C>A,indeterminate
NM_024675.4:c.3445G>T,normal
NM_024675.4:c.3445G>C,normal
NM_024675.4:c.3445G>A,normal
NM_024675.4:c.3444T>G,indeterminate
NM_024675.4:c.3444T>C,normal
NM_024675.4:c.3444T>A,normal
NM_024675.4:c.3443C>T,normal
NM_024675.4:c.3443C>G,normal
NM_024675.4:c.3443C>A,normal
NM_024675.4:c.3442A>T,normal
NM_024675.4:c.3442A>G,normal
NM_024675.4:c.3442A>C,normal
NM_024675.4:c.3441T>G,normal
NM_024675.4:c.3441T>C,normal
NM_024675.4:c.3441T>A,abnormal
NM_024675.4:c.3440G>T,normal
NM_024675.4:c.3440G>C,normal
NM_024675.4:c.3440G>A,normal
NM_024675.4:c.3439T>G,normal
NM_024675.4:c.3439T>C,normal
NM_024675.4:c.3439T>A,normal
NM_024675.4:c.3438G>T,indeterminate
NM_024675.4:c.3438G>C,normal
NM_024675.4:c.3438G>A,normal
NM_024675.4:c.3437A>T,indeterminate
NM_024675.4:c.3437A>G,normal
NM_024675.4:c.3437A>C,normal
NM_024675.4:c.3436C>T,abnormal
NM_024675.4:c.3436C>G,abnormal
NM_024675.4:c.3436C>A,abnormal
NM_024675.4:c.3435T>G,normal
NM_024675.4:c.3435T>C,normal
NM_024675.4:c.3435T>A,normal
NM_024675.4:c.3434G>T,normal
NM_024675.4:c.3434G>C,normal
NM_024675.4:c.3434G>A,indeterminate
NM_024675.4:c.3433G>T,indeterminate
NM_024675.4:c.3433G>C,indeterminate
NM_024675.4:c.3433G>A,abnormal
NM_024675.4:c.3432C>T,indeterminate
NM_024675.4:c.3432C>G,indeterminate
NM_024675.4:c.3432C>A,normal
NM_024675.4:c.3431T>G,normal
NM_024675.4:c.3431T>C,normal
NM_024675.4:c.3431T>A,indeterminate
NM_024675.4:c.3430C>T,normal
NM_024675.4:c.3430C>G,indeterminate
NM_024675.4:c.3430C>A,indeterminate
NM_024675.4:c.3429T>G,normal
NM_024675.4:c.3429T>C,normal
NM_024675.4:c.3429T>A,normal
NM_024675.4:c.3428T>G,indeterminate
NM_024675.4:c.3428T>C,normal
NM_024675.4:c.3428T>A,normal
NM_024675.4:c.3427C>T,normal
NM_024675.4:c.3427C>G,normal
NM_024675.4:c.3427C>A,indeterminate
NM_024675.4:c.3426A>T,normal
NM_024675.4:c.3426A>G,normal
NM_024675.4:c.3426A>C,normal
NM_024675.4:c.3425T>G,abnormal
NM_024675.4:c.3425T>C,normal
NM_024675.4:c.3425T>A,abnormal
NM_024675.4:c.3424T>G,normal
NM_024675.4:c.3424T>C,normal
NM_024675.4:c.3424T>A,normal
NM_024675.4:c.3423C>T,normal
NM_024675.4:c.3423C>G,normal
NM_024675.4:c.3423C>A,normal
NM_024675.4:c.3422A>T,abnormal
NM_024675.4:c.3422A>G,normal
NM_024675.4:c.3422A>C,abnormal
NM_024675.4:c.3421G>T,abnormal
NM_024675.4:c.3421G>C,normal
NM_024675.4:c.3421G>A,normal
NM_024675.4:c.3420G>T,normal
NM_024675.4:c.3420G>C,normal
NM_024675.4:c.3420G>A,abnormal
NM_024675.4:c.3419G>T,normal
NM_024675.4:c.3419G>C,abnormal
NM_024675.4:c.3419G>A,abnormal
NM_024675.4:c.3418T>G,abnormal
NM_024675.4:c.3418T>C,abnormal
NM_024675.4:c.3418T>A,abnormal
NM_024675.4:c.3417T>G,normal
NM_024675.4:c.3417T>C,normal
NM_024675.4:c.3417T>A,normal
NM_024675.4:c.3416T>G,normal
NM_024675.4:c.3416T>C,normal
NM_024675.4:c.3416T>A,normal
NM_024675.4:c.3415A>T,normal
NM_024675.4:c.3415A>G,normal
NM_024675.4:c.3415A>C,indeterminate
NM_024675.4:c.3411T>G,normal
NM_024675.4:c.3411T>C,normal
NM_024675.4:c.3411T>A,normal
NM_024675.4:c.3410T>G,indeterminate
NM_024675.4:c.3410T>C,normal
NM_024675.4:c.3410T>A,abnormal
NM_024675.4:c.3409A>T,normal
NM_024675.4:c.3409A>G,normal
NM_024675.4:c.3409A>C,normal
NM_024675.4:c.3408A>T,normal
NM_024675.4:c.3408A>G,normal
NM_024675.4:c.3408A>C,normal
NM_024675.4:c.3407C>T,normal
NM_024675.4:c.3407C>G,normal
NM_024675.4:c.3407C>A,normal
NM_024675.4:c.3406A>T,normal
NM_024675.4:c.3406A>G,indeterminate
NM_024675.4:c.3406A>C,normal
NM_024675.4:c.3405A>T,normal
NM_024675.4:c.3405A>G,normal
NM_024675.4:c.3405A>C,normal
NM_024675.4:c.3404G>T,abnormal
NM_024675.4:c.3404G>C,normal
NM_024675.4:c.3404G>A,normal
NM_024675.4:c.3403G>T,abnormal
NM_024675.4:c.3403G>C,normal
NM_024675.4:c.3403G>A,normal
NM_024675.4:c.3402T>G,normal
NM_024675.4:c.3402T>C,normal
NM_024675.4:c.3402T>A,normal
NM_024675.4:c.3401C>T,indeterminate
NM_024675.4:c.3401C>G,normal
NM_024675.4:c.3401C>A,indeterminate
NM_024675.4:c.3400T>G,normal
NM_024675.4:c.3400T>C,normal
NM_024675.4:c.3400T>A,normal
NM_024675.4:c.3399T>G,normal
NM_024675.4:c.3399T>C,normal
NM_024675.4:c.3399T>A,indeterminate
NM_024675.4:c.3398C>T,normal
NM_024675.4:c.3398C>G,indeterminate
NM_024675.4:c.3398C>A,normal
NM_024675.4:c.3397A>T,normal
NM_024675.4:c.3397A>G,normal
NM_024675.4:c.3397A>C,normal
NM_024675.4:c.3396G>T,normal
NM_024675.4:c.3396G>C,normal
NM_024675.4:c.3396G>A,normal
NM_024675.4:c.3395T>G,normal
NM_024675.4:c.3395T>C,indeterminate
NM_024675.4:c.3395T>A,abnormal
NM_024675.4:c.3394T>G,normal
NM_024675.4:c.3394T>C,normal
NM_024675.4:c.3394T>A,normal
NM_024675.4:c.3393C>T,indeterminate
NM_024675.4:c.3393C>G,normal
NM_024675.4:c.3393C>A,indeterminate
NM_024675.4:c.3392T>G,normal
NM_024675.4:c.3392T>C,normal
NM_024675.4:c.3392T>A,normal
NM_024675.4:c.3391A>T,normal
NM_024675.4:c.3391A>G,normal
NM_024675.4:c.3391A>C,normal
NM_024675.4:c.3390A>T,normal
NM_024675.4:c.3390A>G,normal
NM_024675.4:c.3390A>C,normal
NM_024675.4:c.3389C>T,normal
NM_024675.4:c.3389C>G,normal
NM_024675.4:c.3389C>A,abnormal
NM_024675.4:c.3388G>T,normal
NM_024675.4:c.3388G>C,abnormal
NM_024675.4:c.3388G>A,normal
NM_024675.4:c.3387A>T,normal
NM_024675.4:c.3387A>G,normal
NM_024675.4:c.3387A>C,normal
NM_024675.4:c.3386C>T,normal
NM_024675.4:c.3386C>G,normal
NM_024675.4:c.3386C>A,abnormal
NM_024675.4:c.3385G>T,normal
NM_024675.4:c.3385G>C,abnormal
NM_024675.4:c.3385G>A,normal
NM_024675.4:c.3384A>T,normal
NM_024675.4:c.3384A>G,normal
NM_024675.4:c.3384A>C,normal
NM_024675.4:c.3383C>T,normal
NM_024675.4:c.3383C>G,normal
NM_024675.4:c.3383C>A,normal
NM_024675.4:c.3382G>T,normal
NM_024675.4:c.3382G>C,normal
NM_024675.4:c.3382G>A,normal
NM_024675.4:c.3381T>G,normal
NM_024675.4:c.3381T>C,normal
NM_024675.4:c.3381T>A,abnormal
NM_024675.4:c.3380G>T,normal
NM_024675.4:c.3380G>C,indeterminate
NM_024675.4:c.3380G>A,normal
NM_024675.4:c.3379T>G,normal
NM_024675.4:c.3379T>C,normal
NM_024675.4:c.3379T>A,normal
NM_024675.4:c.3378C>T,normal
NM_024675.4:c.3378C>G,normal
NM_024675.4:c.3378C>A,normal
NM_024675.4:c.3377A>T,normal
NM_024675.4:c.3377A>G,normal
NM_024675.4:c.3377A>C,normal
NM_024675.4:c.3376C>T,normal
NM_024675.4:c.3376C>G,normal
NM_024675.4:c.3376C>A,normal
NM_024675.4:c.3375T>G,normal
NM_024675.4:c.3375T>C,indeterminate
NM_024675.4:c.3375T>A,normal
NM_024675.4:c.3374A>T,indeterminate
NM_024675.4:c.3374A>G,normal
NM_024675.4:c.3374A>C,normal
NM_024675.4:c.3373G>T,normal
NM_024675.4:c.3373G>C,normal
NM_024675.4:c.3373G>A,normal
NM_024675.4:c.3372A>T,normal
NM_024675.4:c.3372A>G,indeterminate
NM_024675.4:c.3372A>C,indeterminate
NM_024675.4:c.3371A>T,normal
NM_024675.4:c.3371A>G,indeterminate
NM_024675.4:c.3371A>C,normal
NM_024675.4:c.3370A>T,abnormal
NM_024675.4:c.3370A>G,normal
NM_024675.4:c.3370A>C,normal
NM_024675.4:c.3369G>T,normal
NM_024675.4:c.3369G>C,normal
NM_024675.4:c.3369G>A,normal
NM_024675.4:c.3368T>G,indeterminate
NM_024675.4:c.3368T>C,normal
NM_024675.4:c.3368T>A,normal
NM_024675.4:c.3367G>T,normal
NM_024675.4:c.3367G>C,normal
NM_024675.4:c.3367G>A,normal
NM_024675.4:c.3366C>T,normal
NM_024675.4:c.3366C>G,normal
NM_024675.4:c.3366C>A,indeterminate
NM_024675.4:c.3365A>T,normal
NM_024675.4:c.3365A>G,normal
NM_024675.4:c.3365A>C,normal
NM_024675.4:c.3364G>T,indeterminate
NM_024675.4:c.3364G>C,indeterminate
NM_024675.4:c.3364G>A,normal
NM_024675.4:c.3363T>G,normal
NM_024675.4:c.3363T>C,normal
NM_024675.4:c.3363T>A,normal
NM_024675.4:c.3362G>T,normal
NM_024675.4:c.3362G>C,normal
NM_024675.4:c.3362G>A,indeterminate
NM_024675.4:c.3361G>T,normal
NM_024675.4:c.3361G>C,normal
NM_024675.4:c.3361G>A,normal
NM_024675.4:c.3360A>T,normal
NM_024675.4:c.3360A>G,indeterminate
NM_024675.4:c.3360A>C,normal
NM_024675.4:c.3359A>T,normal
NM_024675.4:c.3359A>G,normal
NM_024675.4:c.3359A>C,normal
NM_024675.4:c.3358G>T,abnormal
NM_024675.4:c.3358G>C,indeterminate
NM_024675.4:c.3358G>A,indeterminate
NM_024675.4:c.3357G>T,indeterminate
NM_024675.4:c.3357G>C,normal
NM_024675.4:c.3357G>A,normal
NM_024675.4:c.3356T>G,normal
NM_024675.4:c.3356T>C,indeterminate
NM_024675.4:c.3356T>A,normal
NM_024675.4:c.3355C>T,normal
NM_024675.4:c.3355C>G,normal
NM_024675.4:c.3355C>A,normal
NM_024675.4:c.3354C>T,normal
NM_024675.4:c.3354C>G,normal
NM_024675.4:c.3354C>A,normal
NM_024675.4:c.3353T>G,normal
NM_024675.4:c.3353T>C,indeterminate
NM_024675.4:c.3353T>A,normal
NM_024675.4:c.3352T>G,normal
NM_024675.4:c.3352T>C,normal
NM_024675.4:c.3352T>A,normal
NM_024675.4:c.3351G>T,normal
NM_024675.4:c.3351G>C,normal
NM_024675.4:c.3351G>A,normal
NM_024675.4:c.3351-1G>T,abnormal
NM_024675.4:c.3351-1G>C,abnormal
NM_024675.4:c.3351-1G>A,abnormal
NM_024675.4:c.3351-2A>T,abnormal
NM_024675.4:c.3351-2A>G,abnormal
NM_024675.4:c.3351-2A>C,abnormal
NM_024675.4:c.3351-3C>T,normal
NM_024675.4:c.3351-3C>G,normal
NM_024675.4:c.3351-3C>A,normal
NM_024675.4:c.3351-4T>G,normal
NM_024675.4:c.3351-4T>C,normal
NM_024675.4:c.3351-4T>A,normal
NM_024675.4:c.3351-5A>T,indeterminate
NM_024675.4:c.3351-5A>G,normal
NM_024675.4:c.3351-5A>C,normal
NM_024675.4:c.3351-6T>G,normal
NM_024675.4:c.3351-6T>C,normal
NM_024675.4:c.3351-6T>A,normal
NM_024675.4:c.3351-7C>T,normal
NM_024675.4:c.3351-7C>G,normal
NM_024675.4:c.3351-7C>A,normal
NM_024675.4:c.3351-8G>T,normal
NM_024675.4:c.3351-8G>C,normal
NM_024675.4:c.3351-8G>A,normal
NM_024675.4:c.3351-9T>G,abnormal
NM_024675.4:c.3351-9T>C,indeterminate
NM_024675.4:c.3351-9T>A,abnormal
NM_024675.4:c.3351-10A>T,normal
NM_024675.4:c.3351-10A>G,normal
NM_024675.4:c.3351-10A>C,normal
NM_024675.4:c.3351-11T>G,normal
NM_024675.4:c.3351-11T>C,normal
NM_024675.4:c.3351-11T>A,normal
NM_024675.4:c.3350+15C>T,normal
NM_024675.4:c.3350+15C>G,normal
NM_024675.4:c.3350+15C>A,normal
NM_024675.4:c.3350+14A>T,normal
NM_024675.4:c.3350+14A>G,normal
NM_024675.4:c.3350+14A>C,normal
NM_024675.4:c.3350+13A>T,normal
NM_024675.4:c.3350+13A>G,normal
NM_024675.4:c.3350+13A>C,normal
NM_024675.4:c.3350+12T>G,normal
NM_024675.4:c.3350+12T>C,normal
NM_024675.4:c.3350+12T>A,indeterminate
NM_024675.4:c.3350+11A>T,normal
NM_024675.4:c.3350+11A>G,normal
NM_024675.4:c.3350+11A>C,normal
NM_024675.4:c.3350+10C>T,normal
NM_024675.4:c.3350+10C>G,normal
NM_024675.4:c.3350+10C>A,normal
NM_024675.4:c.3350+9G>T,normal
NM_024675.4:c.3350+9G>C,normal
NM_024675.4:c.3350+9G>A,normal
NM_024675.4:c.3350+8T>G,normal
NM_024675.4:c.3350+8T>C,normal
NM_024675.4:c.3350+8T>A,normal
NM_024675.4:c.3350+7G>T,normal
NM_024675.4:c.3350+7G>C,normal
NM_024675.4:c.3350+7G>A,normal
NM_024675.4:c.3350+6T>G,abnormal
NM_024675.4:c.3350+6T>C,abnormal
NM_024675.4:c.3350+6T>A,abnormal
NM_024675.4:c.3350+5G>T,abnormal
NM_024675.4:c.3350+5G>C,abnormal
NM_024675.4:c.3350+5G>A,abnormal
NM_024675.4:c.3350+4A>T,abnormal
NM_024675.4:c.3350+4A>G,abnormal
NM_024675.4:c.3350+4A>C,abnormal
NM_024675.4:c.3350+3A>T,abnormal
NM_024675.4:c.3350+3A>G,indeterminate
NM_024675.4:c.3350+3A>C,abnormal
NM_024675.4:c.3350+2C>T,normal
NM_024675.4:c.3350+2C>G,abnormal
NM_024675.4:c.3350+2C>A,abnormal
NM_024675.4:c.3350+1G>T,abnormal
NM_024675.4:c.3350+1G>C,abnormal
NM_024675.4:c.3350+1G>A,abnormal
NM_024675.4:c.3350G>T,abnormal
NM_024675.4:c.3350G>C,abnormal
NM_024675.4:c.3350G>A,abnormal
NM_024675.4:c.3349A>T,abnormal
NM_024675.4:c.3349A>G,abnormal
NM_024675.4:c.3349A>C,indeterminate
NM_024675.4:c.3348C>T,normal
NM_024675.4:c.3348C>G,normal
NM_024675.4:c.3348C>A,normal
NM_024675.4:c.3347G>T,normal
NM_024675.4:c.3347G>C,normal
NM_024675.4:c.3347G>A,normal
NM_024675.4:c.3346G>T,normal
NM_024675.4:c.3346G>C,normal
NM_024675.4:c.3346G>A,normal
NM_024675.4:c.3345T>G,normal
NM_024675.4:c.3345T>C,normal
NM_024675.4:c.3345T>A,normal
NM_024675.4:c.3344C>T,normal
NM_024675.4:c.3344C>G,normal
NM_024675.4:c.3344C>A,normal
NM_024675.4:c.3343G>T,normal
NM_024675.4:c.3343G>C,normal
NM_024675.4:c.3343G>A,normal
NM_024675.4:c.3342G>T,normal
NM_024675.4:c.3342G>C,normal
NM_024675.4:c.3342G>A,normal
NM_024675.4:c.3341A>T,normal
NM_024675.4:c.3341A>G,normal
NM_024675.4:c.3341A>C,normal
NM_024675.4:c.3340C>T,abnormal
NM_024675.4:c.3340C>G,normal
NM_024675.4:c.3340C>A,normal
NM_024675.4:c.3339G>T,normal
NM_024675.4:c.3339G>C,normal
NM_024675.4:c.3339G>A,normal
NM_024675.4:c.3338G>T,normal
NM_024675.4:c.3338G>C,normal
NM_024675.4:c.3338G>A,normal
NM_024675.4:c.3337G>T,normal
NM_024675.4:c.3337G>C,normal
NM_024675.4:c.3337G>A,normal
NM_024675.4:c.3336A>T,normal
NM_024675.4:c.3336A>G,normal
NM_024675.4:c.3336A>C,normal
NM_024675.4:c.3335C>T,normal
NM_024675.4:c.3335C>G,normal
NM_024675.4:c.3335C>A,normal
NM_024675.4:c.3334C>T,normal
NM_024675.4:c.3334C>G,normal
NM_024675.4:c.3334C>A,normal
NM_024675.4:c.3333T>G,normal
NM_024675.4:c.3333T>C,normal
NM_024675.4:c.3333T>A,normal
NM_024675.4:c.3332C>T,normal
NM_024675.4:c.3332C>G,normal
NM_024675.4:c.3332C>A,normal
NM_024675.4:c.3331C>T,normal
NM_024675.4:c.3331C>G,normal
NM_024675.4:c.3331C>A,normal
NM_024675.4:c.3330T>G,normal
NM_024675.4:c.3330T>C,normal
NM_024675.4:c.3330T>A,normal
NM_024675.4:c.3329T>G,normal
NM_024675.4:c.3329T>C,normal
NM_024675.4:c.3329T>A,normal
NM_024675.4:c.3328C>T,normal
NM_024675.4:c.3328C>G,normal
NM_024675.4:c.3328C>A,normal
NM_024675.4:c.3327T>G,normal
NM_024675.4:c.3327T>C,normal
NM_024675.4:c.3327T>A,abnormal
NM_024675.4:c.3326G>T,normal
NM_024675.4:c.3326G>C,normal
NM_024675.4:c.3326G>A,normal
NM_024675.4:c.3325T>G,normal
NM_024675.4:c.3325T>C,normal
NM_024675.4:c.3325T>A,normal
NM_024675.4:c.3324C>T,normal
NM_024675.4:c.3324C>G,abnormal
NM_024675.4:c.3324C>A,abnormal
NM_024675.4:c.3323A>T,normal
NM_024675.4:c.3323A>G,normal
NM_024675.4:c.3323A>C,normal
NM_024675.4:c.3322T>G,normal
NM_024675.4:c.3322T>C,normal
NM_024675.4:c.3322T>A,normal
NM_024675.4:c.3321G>T,normal
NM_024675.4:c.3321G>C,normal
NM_024675.4:c.3321G>A,normal
NM_024675.4:c.3320T>G,normal
NM_024675.4:c.3320T>C,normal
NM_024675.4:c.3320T>A,normal
NM_024675.4:c.3319C>T,normal
NM_024675.4:c.3319C>G,normal
NM_024675.4:c.3319C>A,normal
NM_024675.4:c.3318G>T,normal
NM_024675.4:c.3318G>C,normal
NM_024675.4:c.3318G>A,normal
NM_024675.4:c.3317T>G,normal
NM_024675.4:c.3317T>C,normal
NM_024675.4:c.3317T>A,normal
NM_024675.4:c.3316A>T,normal
NM_024675.4:c.3316A>G,normal
NM_024675.4:c.3316A>C,normal
NM_024675.4:c.3315G>T,normal
NM_024675.4:c.3315G>C,normal
NM_024675.4:c.3315G>A,normal
NM_024675.4:c.3314T>G,indeterminate
NM_024675.4:c.3314T>C,normal
NM_024675.4:c.3314T>A,normal
NM_024675.4:c.3313G>T,normal
NM_024675.4:c.3313G>C,normal
NM_024675.4:c.3313G>A,normal
NM_024675.4:c.3312T>G,normal
NM_024675.4:c.3312T>C,normal
NM_024675.4:c.3312T>A,normal
NM_024675.4:c.3311G>T,normal
NM_024675.4:c.3311G>C,normal
NM_024675.4:c.3311G>A,normal
NM_024675.4:c.3310G>T,normal
NM_024675.4:c.3310G>C,normal
NM_024675.4:c.3310G>A,normal
NM_024675.4:c.3309G>T,normal
NM_024675.4:c.3309G>C,normal
NM_024675.4:c.3309G>A,normal
NM_024675.4:c.3308T>G,normal
NM_024675.4:c.3308T>C,normal
NM_024675.4:c.3308T>A,normal
NM_024675.4:c.3307G>T,normal
NM_024675.4:c.3307G>C,normal
NM_024675.4:c.3307G>A,normal
NM_024675.4:c.3306C>T,normal
NM_024675.4:c.3306C>G,abnormal
NM_024675.4:c.3306C>A,normal
NM_024675.4:c.3305G>T,normal
NM_024675.4:c.3305G>C,normal
NM_024675.4:c.3305G>A,normal
NM_024675.4:c.3304A>T,normal
NM_024675.4:c.3304A>G,normal
NM_024675.4:c.3304A>C,normal
NM_024675.4:c.3303C>T,normal
NM_024675.4:c.3303C>G,normal
NM_024675.4:c.3303C>A,normal
NM_024675.4:c.3302T>G,normal
NM_024675.4:c.3302T>C,normal
NM_024675.4:c.3302T>A,normal
NM_024675.4:c.3301C>T,normal
NM_024675.4:c.3301C>G,normal
NM_024675.4:c.3301C>A,normal
NM_024675.4:c.3300T>G,normal
NM_024675.4:c.3300T>C,normal
NM_024675.4:c.3300T>A,normal
NM_024675.4:c.3299C>T,normal
NM_024675.4:c.3299C>G,normal
NM_024675.4:c.3299C>A,normal
NM_024675.4:c.3298A>T,normal
NM_024675.4:c.3298A>G,normal
NM_024675.4:c.3298A>C,normal
NM_024675.4:c.3297G>T,normal
NM_024675.4:c.3297G>C,abnormal
NM_024675.4:c.3297G>A,normal
NM_024675.4:c.3296C>T,normal
NM_024675.4:c.3296C>G,normal
NM_024675.4:c.3296C>A,normal
NM_024675.4:c.3295A>T,normal
NM_024675.4:c.3295A>G,normal
NM_024675.4:c.3295A>C,normal
NM_024675.4:c.3294G>T,normal
NM_024675.4:c.3294G>C,normal
NM_024675.4:c.3294G>A,normal
NM_024675.4:c.3293A>T,normal
NM_024675.4:c.3293A>G,normal
NM_024675.4:c.3293A>C,normal
NM_024675.4:c.3292A>T,abnormal
NM_024675.4:c.3292A>G,normal
NM_024675.4:c.3292A>C,normal
NM_024675.4:c.3291T>G,normal
NM_024675.4:c.3291T>C,normal
NM_024675.4:c.3291T>A,normal
NM_024675.4:c.3290C>T,indeterminate
NM_024675.4:c.3290C>G,abnormal
NM_024675.4:c.3290C>A,abnormal
NM_024675.4:c.3289C>T,normal
NM_024675.4:c.3289C>G,normal
NM_024675.4:c.3289C>A,normal
NM_024675.4:c.3288C>T,normal
NM_024675.4:c.3288C>G,abnormal
NM_024675.4:c.3288C>A,abnormal
NM_024675.4:c.3287A>T,abnormal
NM_024675.4:c.3287A>G,indeterminate
NM_024675.4:c.3287A>C,abnormal
NM_024675.4:c.3286A>T,abnormal
NM_024675.4:c.3286A>G,abnormal
NM_024675.4:c.3286A>C,normal
NM_024675.4:c.3285T>G,normal
NM_024675.4:c.3285T>C,normal
NM_024675.4:c.3285T>A,normal
NM_024675.4:c.3284T>G,normal
NM_024675.4:c.3284T>C,normal
NM_024675.4:c.3284T>A,normal
NM_024675.4:c.3283A>T,normal
NM_024675.4:c.3283A>G,normal
NM_024675.4:c.3283A>C,normal
NM_024675.4:c.3282G>T,normal
NM_024675.4:c.3282G>C,normal
NM_024675.4:c.3282G>A,normal
NM_024675.4:c.3281T>G,normal
NM_024675.4:c.3281T>C,normal
NM_024675.4:c.3281T>A,abnormal
NM_024675.4:c.3280G>T,normal
NM_024675.4:c.3280G>C,normal
NM_024675.4:c.3280G>A,normal
NM_024675.4:c.3279T>G,normal
NM_024675.4:c.3279T>C,normal
NM_024675.4:c.3279T>A,normal
NM_024675.4:c.3278T>G,normal
NM_024675.4:c.3278T>C,normal
NM_024675.4:c.3278T>A,normal
NM_024675.4:c.3277A>T,normal
NM_024675.4:c.3277A>G,normal
NM_024675.4:c.3277A>C,normal
NM_024675.4:c.3276C>T,normal
NM_024675.4:c.3276C>G,normal
NM_024675.4:c.3276C>A,normal
NM_024675.4:c.3275T>G,abnormal
NM_024675.4:c.3275T>C,abnormal
NM_024675.4:c.3275T>A,normal
NM_024675.4:c.3274C>T,normal
NM_024675.4:c.3274C>G,normal
NM_024675.4:c.3274C>A,normal
NM_024675.4:c.3273G>T,normal
NM_024675.4:c.3273G>C,normal
NM_024675.4:c.3273G>A,normal
NM_024675.4:c.3272A>T,normal
NM_024675.4:c.3272A>G,normal
NM_024675.4:c.3272A>C,indeterminate
NM_024675.4:c.3271C>T,abnormal
NM_024675.4:c.3271C>G,normal
NM_024675.4:c.3271C>A,normal
NM_024675.4:c.3264T>G,normal
NM_024675.4:c.3264T>C,normal
NM_024675.4:c.3264T>A,normal
NM_024675.4:c.3263C>T,normal
NM_024675.4:c.3263C>G,normal
NM_024675.4:c.3263C>A,normal
NM_024675.4:c.3262C>T,normal
NM_024675.4:c.3262C>G,normal
NM_024675.4:c.3262C>A,normal
NM_024675.4:c.3261C>T,normal
NM_024675.4:c.3261C>G,normal
NM_024675.4:c.3261C>A,normal
NM_024675.4:c.3260G>T,normal
NM_024675.4:c.3260G>C,normal
NM_024675.4:c.3260G>A,normal
NM_024675.4:c.3259A>T,normal
NM_024675.4:c.3259A>G,normal
NM_024675.4:c.3259A>C,normal
NM_024675.4:c.3258A>T,normal
NM_024675.4:c.3258A>G,normal
NM_024675.4:c.3258A>C,normal
NM_024675.4:c.3257G>T,normal
NM_024675.4:c.3257G>C,normal
NM_024675.4:c.3257G>A,normal
NM_024675.4:c.3256C>T,abnormal
NM_024675.4:c.3256C>G,normal
NM_024675.4:c.3256C>A,normal
NM_024675.4:c.3255G>T,normal
NM_024675.4:c.3255G>C,normal
NM_024675.4:c.3255G>A,normal
NM_024675.4:c.3254T>G,normal
NM_024675.4:c.3254T>C,normal
NM_024675.4:c.3254T>A,abnormal
NM_024675.4:c.3253T>G,normal
NM_024675.4:c.3253T>C,normal
NM_024675.4:c.3253T>A,normal
NM_024675.4:c.3252G>T,normal
NM_024675.4:c.3252G>C,normal
NM_024675.4:c.3252G>A,normal
NM_024675.4:c.3251C>T,normal
NM_024675.4:c.3251C>G,normal
NM_024675.4:c.3251C>A,abnormal
NM_024675.4:c.3250T>G,normal
NM_024675.4:c.3250T>C,normal
NM_024675.4:c.3250T>A,normal
NM_024675.4:c.3249G>T,normal
NM_024675.4:c.3249G>C,normal
NM_024675.4:c.3249G>A,normal
NM_024675.4:c.3248A>T,normal
NM_024675.4:c.3248A>G,normal
NM_024675.4:c.3248A>C,normal
NM_024675.4:c.3247G>T,abnormal
NM_024675.4:c.3247G>C,normal
NM_024675.4:c.3247G>A,normal
NM_024675.4:c.3246T>G,normal
NM_024675.4:c.3246T>C,normal
NM_024675.4:c.3246T>A,normal
NM_024675.4:c.3245G>T,normal
NM_024675.4:c.3245G>C,normal
NM_024675.4:c.3245G>A,normal
NM_024675.4:c.3244A>T,normal
NM_024675.4:c.3244A>G,normal
NM_024675.4:c.3244A>C,indeterminate
NM_024675.4:c.3243G>T,indeterminate
NM_024675.4:c.3243G>C,normal
NM_024675.4:c.3243G>A,indeterminate
NM_024675.4:c.3242A>T,normal
NM_024675.4:c.3242A>G,normal
NM_024675.4:c.3242A>C,normal
NM_024675.4:c.3241G>T,abnormal
NM_024675.4:c.3241G>C,normal
NM_024675.4:c.3241G>A,normal
NM_024675.4:c.3240A>T,normal
NM_024675.4:c.3240A>G,normal
NM_024675.4:c.3240A>C,normal
NM_024675.4:c.3239A>T,normal
NM_024675.4:c.3239A>G,normal
NM_024675.4:c.3239A>C,normal
NM_024675.4:c.3238A>T,abnormal
NM_024675.4:c.3238A>G,normal
NM_024675.4:c.3238A>C,normal
NM_024675.4:c.3237C>T,normal
NM_024675.4:c.3237C>G,normal
NM_024675.4:c.3237C>A,normal
NM_024675.4:c.3236C>T,normal
NM_024675.4:c.3236C>G,normal
NM_024675.4:c.3236C>A,normal
NM_024675.4:c.3235G>T,normal
NM_024675.4:c.3235G>C,normal
NM_024675.4:c.3235G>A,normal
NM_024675.4:c.3234T>G,normal
NM_024675.4:c.3234T>C,normal
NM_024675.4:c.3234T>A,abnormal
NM_024675.4:c.3233G>T,normal
NM_024675.4:c.3233G>C,normal
NM_024675.4:c.3233G>A,normal
NM_024675.4:c.3232T>G,normal
NM_024675.4:c.3232T>C,normal
NM_024675.4:c.3232T>A,normal
NM_024675.4:c.3231C>T,normal
NM_024675.4:c.3231C>G,normal
NM_024675.4:c.3231C>A,normal
NM_024675.4:c.3230C>T,normal
NM_024675.4:c.3230C>G,normal
NM_024675.4:c.3230C>A,normal
NM_024675.4:c.3229C>T,normal
NM_024675.4:c.3229C>G,normal
NM_024675.4:c.3229C>A,normal
NM_024675.4:c.3228T>G,normal
NM_024675.4:c.3228T>C,normal
NM_024675.4:c.3228T>A,normal
NM_024675.4:c.3227A>T,normal
NM_024675.4:c.3227A>G,normal
NM_024675.4:c.3227A>C,normal
NM_024675.4:c.3226C>T,normal
NM_024675.4:c.3226C>G,normal
NM_024675.4:c.3226C>A,normal
NM_024675.4:c.3225T>G,indeterminate
NM_024675.4:c.3225T>C,normal
NM_024675.4:c.3225T>A,normal
NM_024675.4:c.3224G>T,normal
NM_024675.4:c.3224G>C,normal
NM_024675.4:c.3224G>A,normal
NM_024675.4:c.3223A>T,normal
NM_024675.4:c.3223A>G,normal
NM_024675.4:c.3223A>C,normal
NM_024675.4:c.3222G>T,normal
NM_024675.4:c.3222G>C,normal
NM_024675.4:c.3222G>A,normal
NM_024675.4:c.3221T>G,indeterminate
NM_024675.4:c.3221T>C,normal
NM_024675.4:c.3221T>A,indeterminate
NM_024675.4:c.3220C>T,normal
NM_024675.4:c.3220C>G,normal
NM_024675.4:c.3220C>A,indeterminate
NM_024675.4:c.3216T>G,normal
NM_024675.4:c.3216T>C,normal
NM_024675.4:c.3216T>A,indeterminate
NM_024675.4:c.3215T>G,normal
NM_024675.4:c.3215T>C,normal
NM_024675.4:c.3215T>A,normal
NM_024675.4:c.3214A>T,normal
NM_024675.4:c.3214A>G,normal
NM_024675.4:c.3214A>C,normal
NM_024675.4:c.3213T>G,normal
NM_024675.4:c.3213T>C,normal
NM_024675.4:c.3213T>A,normal
NM_024675.4:c.3212T>G,normal
NM_024675.4:c.3212T>C,normal
NM_024675.4:c.3212T>A,indeterminate
NM_024675.4:c.3211T>G,indeterminate
NM_024675.4:c.3211T>C,normal
NM_024675.4:c.3211T>A,indeterminate
NM_024675.4:c.3210C>T,normal
NM_024675.4:c.3210C>G,normal
NM_024675.4:c.3210C>A,normal
NM_024675.4:c.3209T>G,abnormal
NM_024675.4:c.3209T>C,abnormal
NM_024675.4:c.3209T>A,abnormal
NM_024675.4:c.3208C>T,normal
NM_024675.4:c.3208C>G,normal
NM_024675.4:c.3208C>A,abnormal
NM_024675.4:c.3207T>G,normal
NM_024675.4:c.3207T>C,normal
NM_024675.4:c.3207T>A,indeterminate
NM_024675.4:c.3206T>G,normal
NM_024675.4:c.3206T>C,abnormal
NM_024675.4:c.3206T>A,normal
NM_024675.4:c.3205C>T,indeterminate
NM_024675.4:c.3205C>G,normal
NM_024675.4:c.3205C>A,indeterminate
NM_024675.4:c.3204G>T,normal
NM_024675.4:c.3204G>C,indeterminate
NM_024675.4:c.3204G>A,indeterminate
NM_024675.4:c.3203G>T,abnormal
NM_024675.4:c.3203G>C,indeterminate
NM_024675.4:c.3203G>A,indeterminate
NM_024675.4:c.3202G>T,abnormal
NM_024675.4:c.3202G>C,abnormal
NM_024675.4:c.3202G>A,abnormal
NM_024675.4:c.3202-1G>T,abnormal
NM_024675.4:c.3202-1G>C,abnormal
NM_024675.4:c.3202-1G>A,abnormal
NM_024675.4:c.3202-2A>T,abnormal
NM_024675.4:c.3202-2A>G,abnormal
NM_024675.4:c.3202-2A>C,abnormal
NM_024675.4:c.3202-3T>G,abnormal
NM_024675.4:c.3202-3T>C,normal
NM_024675.4:c.3202-3T>A,abnormal
NM_024675.4:c.3202-4T>G,abnormal
NM_024675.4:c.3202-4T>C,normal
NM_024675.4:c.3202-4T>A,normal
NM_024675.4:c.3202-5A>T,normal
NM_024675.4:c.3202-5A>G,abnormal
NM_024675.4:c.3202-5A>C,normal
NM_024675.4:c.3202-6A>T,normal
NM_024675.4:c.3202-6A>G,normal
NM_024675.4:c.3202-6A>C,abnormal
NM_024675.4:c.3202-7A>T,normal
NM_024675.4:c.3202-7A>G,normal
NM_024675.4:c.3202-7A>C,indeterminate
NM_024675.4:c.3202-8G>T,normal
NM_024675.4:c.3202-8G>C,normal
NM_024675.4:c.3202-8G>A,indeterminate
NM_024675.4:c.3202-9C>T,normal
NM_024675.4:c.3202-9C>G,normal
NM_024675.4:c.3202-9C>A,abnormal
NM_024675.4:c.3202-10C>T,normal
NM_024675.4:c.3202-10C>G,normal
NM_024675.4:c.3202-10C>A,normal
NM_024675.4:c.3202-11T>G,indeterminate
NM_024675.4:c.3202-11T>C,indeterminate
NM_024675.4:c.3202-11T>A,normal
NM_024675.4:c.3202-12C>T,indeterminate
NM_024675.4:c.3202-12C>G,normal
NM_024675.4:c.3202-12C>A,indeterminate
NM_024675.4:c.3201+10G>T,indeterminate
NM_024675.4:c.3201+10G>C,normal
NM_024675.4:c.3201+10G>A,normal
NM_024675.4:c.3201+9T>G,normal
NM_024675.4:c.3201+9T>C,normal
NM_024675.4:c.3201+9T>A,normal
NM_024675.4:c.3201+8A>T,normal
NM_024675.4:c.3201+8A>G,normal
NM_024675.4:c.3201+8A>C,normal
NM_024675.4:c.3201+7A>T,normal
NM_024675.4:c.3201+7A>G,abnormal
NM_024675.4:c.3201+7A>C,normal
NM_024675.4:c.3201+6T>G,abnormal
NM_024675.4:c.3201+6T>C,abnormal
NM_024675.4:c.3201+6T>A,abnormal
NM_024675.4:c.3201+5G>T,abnormal
NM_024675.4:c.3201+5G>C,abnormal
NM_024675.4:c.3201+5G>A,abnormal
NM_024675.4:c.3201+4A>T,abnormal
NM_024675.4:c.3201+4A>G,abnormal
NM_024675.4:c.3201+4A>C,abnormal
NM_024675.4:c.3201+3A>T,abnormal
NM_024675.4:c.3201+3A>G,indeterminate
NM_024675.4:c.3201+3A>C,abnormal
NM_024675.4:c.3201+2T>G,abnormal
NM_024675.4:c.3201+2T>C,abnormal
NM_024675.4:c.3201+2T>A,abnormal
NM_024675.4:c.3201+1G>T,abnormal
NM_024675.4:c.3201+1G>C,abnormal
NM_024675.4:c.3201+1G>A,indeterminate
NM_024675.4:c.3201G>T,abnormal
NM_024675.4:c.3201G>C,abnormal
NM_024675.4:c.3201G>A,abnormal
NM_024675.4:c.3200T>G,indeterminate
NM_024675.4:c.3200T>C,normal
NM_024675.4:c.3200T>A,normal
NM_024675.4:c.3199A>T,normal
NM_024675.4:c.3199A>G,indeterminate
NM_024675.4:c.3199A>C,normal
NM_024675.4:c.3198A>T,indeterminate
NM_024675.4:c.3198A>G,normal
NM_024675.4:c.3198A>C,normal
NM_024675.4:c.3197A>T,indeterminate
NM_024675.4:c.3197A>G,normal
NM_024675.4:c.3197A>C,normal
NM_024675.4:c.3196G>T,abnormal
NM_024675.4:c.3196G>C,abnormal
NM_024675.4:c.3196G>A,indeterminate
NM_024675.4:c.3195T>G,indeterminate
NM_024675.4:c.3195T>C,indeterminate
NM_024675.4:c.3195T>A,normal
NM_024675.4:c.3194C>T,abnormal
NM_024675.4:c.3194C>G,abnormal
NM_024675.4:c.3194C>A,abnormal
NM_024675.4:c.3193T>G,indeterminate
NM_024675.4:c.3193T>C,normal
NM_024675.4:c.3193T>A,normal
NM_024675.4:c.3192T>G,abnormal
NM_024675.4:c.3192T>C,normal
NM_024675.4:c.3192T>A,abnormal
NM_024675.4:c.3191A>T,normal
NM_024675.4:c.3191A>G,abnormal
NM_024675.4:c.3191A>C,normal
NM_024675.4:c.3190T>G,normal
NM_024675.4:c.3190T>C,normal
NM_024675.4:c.3190T>A,normal
NM_024675.4:c.3189C>T,normal
NM_024675.4:c.3189C>G,indeterminate
NM_024675.4:c.3189C>A,normal
NM_024675.4:c.3188C>T,indeterminate
NM_024675.4:c.3188C>G,indeterminate
NM_024675.4:c.3188C>A,abnormal
NM_024675.4:c.3187G>T,abnormal
NM_024675.4:c.3187G>C,abnormal
NM_024675.4:c.3187G>A,indeterminate
NM_024675.4:c.3186A>T,normal
NM_024675.4:c.3186A>G,indeterminate
NM_024675.4:c.3186A>C,normal
NM_024675.4:c.3185A>T,abnormal
NM_024675.4:c.3185A>G,normal
NM_024675.4:c.3185A>C,indeterminate
NM_024675.4:c.3184A>T,abnormal
NM_024675.4:c.3184A>G,abnormal
NM_024675.4:c.3184A>C,normal
NM_024675.4:c.3183C>T,indeterminate
NM_024675.4:c.3183C>G,indeterminate
NM_024675.4:c.3183C>A,abnormal
NM_024675.4:c.3182A>T,normal
NM_024675.4:c.3182A>G,normal
NM_024675.4:c.3182A>C,abnormal
NM_024675.4:c.3181C>T,abnormal
NM_024675.4:c.3181C>G,normal
NM_024675.4:c.3181C>A,normal
NM_024675.4:c.3180T>G,indeterminate
NM_024675.4:c.3180T>C,normal
NM_024675.4:c.3180T>A,abnormal
NM_024675.4:c.3179G>T,indeterminate
NM_024675.4:c.3179G>C,abnormal
NM_024675.4:c.3179G>A,normal
NM_024675.4:c.3178T>G,abnormal
NM_024675.4:c.3178T>C,abnormal
NM_024675.4:c.3178T>A,abnormal
NM_024675.4:c.3177C>T,abnormal
NM_024675.4:c.3177C>G,indeterminate
NM_024675.4:c.3177C>A,normal
NM_024675.4:c.3176T>G,indeterminate
NM_024675.4:c.3176T>C,normal
NM_024675.4:c.3176T>A,abnormal
NM_024675.4:c.3175G>T,normal
NM_024675.4:c.3175G>C,normal
NM_024675.4:c.3175G>A,normal
NM_024675.4:c.3174A>T,indeterminate
NM_024675.4:c.3174A>G,indeterminate
NM_024675.4:c.3174A>C,normal
NM_024675.4:c.3173C>T,indeterminate
NM_024675.4:c.3173C>G,abnormal
NM_024675.4:c.3173C>A,abnormal
NM_024675.4:c.3172T>G,normal
NM_024675.4:c.3172T>C,normal
NM_024675.4:c.3172T>A,normal
NM_024675.4:c.3165C>T,normal
NM_024675.4:c.3165C>G,abnormal
NM_024675.4:c.3165C>A,abnormal
NM_024675.4:c.3164A>T,normal
NM_024675.4:c.3164A>G,normal
NM_024675.4:c.3164A>C,normal
NM_024675.4:c.3163T>G,normal
NM_024675.4:c.3163T>C,normal
NM_024675.4:c.3163T>A,indeterminate
NM_024675.4:c.3162T>G,normal
NM_024675.4:c.3162T>C,indeterminate
NM_024675.4:c.3162T>A,normal
NM_024675.4:c.3161C>T,indeterminate
NM_024675.4:c.3161C>G,indeterminate
NM_024675.4:c.3161C>A,indeterminate
NM_024675.4:c.3160T>G,indeterminate
NM_024675.4:c.3160T>C,indeterminate
NM_024675.4:c.3160T>A,indeterminate
NM_024675.4:c.3159T>G,normal
NM_024675.4:c.3159T>C,normal
NM_024675.4:c.3159T>A,normal
NM_024675.4:c.3158A>T,indeterminate
NM_024675.4:c.3158A>G,normal
NM_024675.4:c.3158A>C,abnormal
NM_024675.4:c.3157G>T,abnormal
NM_024675.4:c.3157G>C,indeterminate
NM_024675.4:c.3157G>A,abnormal
NM_024675.4:c.3156T>G,normal
NM_024675.4:c.3156T>C,normal
NM_024675.4:c.3156T>A,indeterminate
NM_024675.4:c.3155A>T,abnormal
NM_024675.4:c.3155A>G,normal
NM_024675.4:c.3155A>C,normal
NM_024675.4:c.3154G>T,abnormal
NM_024675.4:c.3154G>C,normal
NM_024675.4:c.3154G>A,abnormal
NM_024675.4:c.3153T>G,normal
NM_024675.4:c.3153T>C,abnormal
NM_024675.4:c.3153T>A,normal
NM_024675.4:c.3152T>G,indeterminate
NM_024675.4:c.3152T>C,normal
NM_024675.4:c.3152T>A,indeterminate
NM_024675.4:c.3151A>T,normal
NM_024675.4:c.3151A>G,normal
NM_024675.4:c.3151A>C,normal
NM_024675.4:c.3150C>T,normal
NM_024675.4:c.3150C>G,abnormal
NM_024675.4:c.3150C>A,normal
NM_024675.4:c.3149A>T,normal
NM_024675.4:c.3149A>G,indeterminate
NM_024675.4:c.3149A>C,normal
NM_024675.4:c.3148C>T,normal
NM_024675.4:c.3148C>G,normal
NM_024675.4:c.3148C>A,normal
NM_024675.4:c.3147G>T,indeterminate
NM_024675.4:c.3147G>C,normal
NM_024675.4:c.3147G>A,normal
NM_024675.4:c.3146T>G,indeterminate
NM_024675.4:c.3146T>C,indeterminate
NM_024675.4:c.3146T>A,abnormal
NM_024675.4:c.3145A>T,normal
NM_024675.4:c.3145A>G,normal
NM_024675.4:c.3145A>C,normal
NM_024675.4:c.3144G>T,abnormal
NM_024675.4:c.3144G>C,abnormal
NM_024675.4:c.3144G>A,indeterminate
NM_024675.4:c.3143A>T,normal
NM_024675.4:c.3143A>G,indeterminate
NM_024675.4:c.3143A>C,normal
NM_024675.4:c.3142A>T,abnormal
NM_024675.4:c.3142A>G,normal
NM_024675.4:c.3142A>C,normal
NM_024675.4:c.3141A>T,normal
NM_024675.4:c.3141A>G,normal
NM_024675.4:c.3141A>C,normal
NM_024675.4:c.3140A>T,normal
NM_024675.4:c.3140A>G,normal
NM_024675.4:c.3140A>C,normal
NM_024675.4:c.3139A>T,abnormal
NM_024675.4:c.3139A>G,abnormal
NM_024675.4:c.3139A>C,normal
NM_024675.4:c.3138G>T,abnormal
NM_024675.4:c.3138G>C,normal
NM_024675.4:c.3138G>A,abnormal
NM_024675.4:c.3137T>G,abnormal
NM_024675.4:c.3137T>C,abnormal
NM_024675.4:c.3137T>A,abnormal
NM_024675.4:c.3136C>T,normal
NM_024675.4:c.3136C>G,normal
NM_024675.4:c.3136C>A,normal
NM_024675.4:c.3135C>T,normal
NM_024675.4:c.3135C>G,normal
NM_024675.4:c.3135C>A,normal
NM_024675.4:c.3134T>G,normal
NM_024675.4:c.3134T>C,indeterminate
NM_024675.4:c.3134T>A,abnormal
NM_024675.4:c.3133C>T,abnormal
NM_024675.4:c.3133C>G,indeterminate
NM_024675.4:c.3133C>A,normal
NM_024675.4:c.3132A>T,normal
NM_024675.4:c.3132A>G,normal
NM_024675.4:c.3132A>C,normal
NM_024675.4:c.3131A>T,normal
NM_024675.4:c.3131A>G,indeterminate
NM_024675.4:c.3131A>C,abnormal
NM_024675.4:c.3130C>T,abnormal
NM_024675.4:c.3130C>G,normal
NM_024675.4:c.3130C>A,abnormal
NM_024675.4:c.3129T>G,indeterminate
NM_024675.4:c.3129T>C,normal
NM_024675.4:c.3129T>A,normal
NM_024675.4:c.3128G>T,abnormal
NM_024675.4:c.3128G>C,abnormal
NM_024675.4:c.3128G>A,abnormal
NM_024675.4:c.3127G>T,abnormal
NM_024675.4:c.3127G>C,normal
NM_024675.4:c.3127G>A,abnormal
NM_024675.4:c.3126T>G,normal
NM_024675.4:c.3126T>C,normal
NM_024675.4:c.3126T>A,normal
NM_024675.4:c.3125C>T,abnormal
NM_024675.4:c.3125C>G,normal
NM_024675.4:c.3125C>A,normal
NM_024675.4:c.3124A>T,normal
NM_024675.4:c.3124A>G,abnormal
NM_024675.4:c.3124A>C,abnormal
NM_024675.4:c.3123A>T,indeterminate
NM_024675.4:c.3123A>G,normal
NM_024675.4:c.3123A>C,abnormal
NM_024675.4:c.3122A>T,normal
NM_024675.4:c.3122A>G,normal
NM_024675.4:c.3122A>C,normal
NM_024675.4:c.3121A>T,abnormal
NM_024675.4:c.3121A>G,indeterminate
NM_024675.4:c.3121A>C,normal
NM_024675.4:c.3120A>T,indeterminate
NM_024675.4:c.3120A>G,indeterminate
NM_024675.4:c.3120A>C,indeterminate
NM_024675.4:c.3119T>G,abnormal
NM_024675.4:c.3119T>C,normal
NM_024675.4:c.3119T>A,abnormal
NM_024675.4:c.3118T>G,normal
NM_024675.4:c.3118T>C,normal
NM_024675.4:c.3118T>A,normal
NM_024675.4:c.3117T>G,abnormal
NM_024675.4:c.3117T>C,normal
NM_024675.4:c.3117T>A,abnormal
NM_024675.4:c.3116A>T,abnormal
NM_024675.4:c.3116A>G,abnormal
NM_024675.4:c.3116A>C,abnormal
NM_024675.4:c.3115A>T,abnormal
NM_024675.4:c.3115A>G,indeterminate
NM_024675.4:c.3115A>C,normal
NM_024675.4:c.3114G>T,abnormal
NM_024675.4:c.3114G>C,abnormal
NM_024675.4:c.3114G>A,abnormal
NM_024675.4:c.3114-1G>T,indeterminate
NM_024675.4:c.3114-1G>C,abnormal
NM_024675.4:c.3114-1G>A,abnormal
NM_024675.4:c.3114-2A>T,abnormal
NM_024675.4:c.3114-2A>G,abnormal
NM_024675.4:c.3114-2A>C,abnormal
NM_024675.4:c.3114-3A>T,normal
NM_024675.4:c.3114-3A>G,abnormal
NM_024675.4:c.3114-3A>C,normal
NM_024675.4:c.3114-4T>G,normal
NM_024675.4:c.3114-4T>C,normal
NM_024675.4:c.3114-4T>A,normal
NM_024675.4:c.3114-5C>T,normal
NM_024675.4:c.3114-5C>G,abnormal
NM_024675.4:c.3114-5C>A,abnormal
NM_024675.4:c.3114-6T>G,abnormal
NM_024675.4:c.3114-6T>C,normal
NM_024675.4:c.3114-6T>A,abnormal
NM_024675.4:c.3114-7A>T,normal
NM_024675.4:c.3114-7A>G,normal
NM_024675.4:c.3114-7A>C,indeterminate
NM_024675.4:c.3114-8T>G,normal
NM_024675.4:c.3114-8T>C,normal
NM_024675.4:c.3114-8T>A,abnormal
NM_024675.4:c.3114-9T>G,indeterminate
NM_024675.4:c.3114-9T>C,indeterminate
NM_024675.4:c.3114-9T>A,abnormal
NM_024675.4:c.3114-10G>T,indeterminate
NM_024675.4:c.3114-10G>C,indeterminate
NM_024675.4:c.3114-10G>A,indeterminate
NM_024675.4:c.3114-11T>G,abnormal
NM_024675.4:c.3114-11T>C,normal
NM_024675.4:c.3114-11T>A,abnormal
NM_024675.4:c.3114-12T>G,indeterminate
NM_024675.4:c.3114-12T>C,normal
NM_024675.4:c.3114-12T>A,abnormal
NM_024675.4:c.3114-13T>G,abnormal
NM_024675.4:c.3114-13T>C,normal
NM_024675.4:c.3114-13T>A,abnormal
NM_024675.4:c.3114-14T>G,normal
NM_024675.4:c.3114-14T>C,normal
NM_024675.4:c.3114-14T>A,indeterminate
NM_024675.4:c.3114-15T>G,abnormal
NM_024675.4:c.3114-15T>C,normal
NM_024675.4:c.3114-15T>A,abnormal
NM_024675.4:c.3114-16A>T,normal
NM_024675.4:c.3114-16A>G,indeterminate
NM_024675.4:c.3114-16A>C,normal
NM_024675.4:c.3114-17T>G,indeterminate
NM_024675.4:c.3114-17T>C,normal
NM_024675.4:c.3114-17T>A,indeterminate
NM_024675.4:c.3114-18T>G,indeterminate
NM_024675.4:c.3114-18T>C,normal
NM_024675.4:c.3114-18T>A,normal
NM_024675.4:c.3114-19T>G,abnormal
NM_024675.4:c.3114-19T>C,normal
NM_024675.4:c.3114-19T>A,normal
NM_024675.4:c.3114-20A>T,normal
NM_024675.4:c.3114-20A>G,normal
NM_024675.4:c.3114-20A>C,normal
NM_024675.4:c.3114-21T>G,abnormal
NM_024675.4:c.3114-21T>C,normal
NM_024675.4:c.3114-21T>A,normal
NM_024675.4:c.3113+5G>T,abnormal
NM_024675.4:c.3113+5G>C,abnormal
NM_024675.4:c.3113+5G>A,abnormal
NM_024675.4:c.3113+4A>T,abnormal
NM_024675.4:c.3113+4A>G,abnormal
NM_024675.4:c.3113+4A>C,abnormal
NM_024675.4:c.3113+3A>T,abnormal
NM_024675.4:c.3113+3A>G,indeterminate
NM_024675.4:c.3113+3A>C,abnormal
NM_024675.4:c.3113+2T>G,abnormal
NM_024675.4:c.3113+2T>C,abnormal
NM_024675.4:c.3113+2T>A,abnormal
NM_024675.4:c.3113+1G>T,indeterminate
NM_024675.4:c.3113+1G>C,abnormal
NM_024675.4:c.3113+1G>A,abnormal
NM_024675.4:c.3113G>T,abnormal
NM_024675.4:c.3113G>C,abnormal
NM_024675.4:c.3113G>A,abnormal
NM_024675.4:c.3112T>G,abnormal
NM_024675.4:c.3112T>C,abnormal
NM_024675.4:c.3112T>A,normal
NM_024675.4:c.3111T>G,normal
NM_024675.4:c.3111T>C,normal
NM_024675.4:c.3111T>A,normal
NM_024675.4:c.3110T>G,abnormal
NM_024675.4:c.3110T>C,abnormal
NM_024675.4:c.3110T>A,abnormal
NM_024675.4:c.3109A>T,normal
NM_024675.4:c.3109A>G,normal
NM_024675.4:c.3109A>C,normal
NM_024675.4:c.3108T>G,normal
NM_024675.4:c.3108T>C,normal
NM_024675.4:c.3108T>A,indeterminate
NM_024675.4:c.3107T>G,abnormal
NM_024675.4:c.3107T>C,indeterminate
NM_024675.4:c.3107T>A,indeterminate
NM_024675.4:c.3106G>T,indeterminate
NM_024675.4:c.3106G>C,normal
NM_024675.4:c.3106G>A,indeterminate
NM_024675.4:c.3105T>G,indeterminate
NM_024675.4:c.3105T>C,normal
NM_024675.4:c.3105T>A,indeterminate
NM_024675.4:c.3104T>G,abnormal
NM_024675.4:c.3104T>C,abnormal
NM_024675.4:c.3104T>A,normal
NM_024675.4:c.3103A>T,normal
NM_024675.4:c.3103A>G,normal
NM_024675.4:c.3103A>C,normal
NM_024675.4:c.3102C>T,normal
NM_024675.4:c.3102C>G,normal
NM_024675.4:c.3102C>A,indeterminate
NM_024675.4:c.3101A>T,indeterminate
NM_024675.4:c.3101A>G,indeterminate
NM_024675.4:c.3101A>C,normal
NM_024675.4:c.3100A>T,indeterminate
NM_024675.4:c.3100A>G,normal
NM_024675.4:c.3100A>C,normal
NM_024675.4:c.3099C>T,normal
NM_024675.4:c.3099C>G,normal
NM_024675.4:c.3099C>A,normal
NM_024675.4:c.3098A>T,abnormal
NM_024675.4:c.3098A>G,indeterminate
NM_024675.4:c.3098A>C,abnormal
NM_024675.4:c.3097A>T,indeterminate
NM_024675.4:c.3097A>G,normal
NM_024675.4:c.3097A>C,indeterminate
NM_024675.4:c.3096G>T,indeterminate
NM_024675.4:c.3096G>C,indeterminate
NM_024675.4:c.3096G>A,indeterminate
NM_024675.4:c.3095T>G,indeterminate
NM_024675.4:c.3095T>C,indeterminate
NM_024675.4:c.3095T>A,normal
NM_024675.4:c.3094A>T,indeterminate
NM_024675.4:c.3094A>G,abnormal
NM_024675.4:c.3094A>C,normal
NM_024675.4:c.3093T>G,normal
NM_024675.4:c.3093T>C,normal
NM_024675.4:c.3093T>A,abnormal
NM_024675.4:c.3092T>G,normal
NM_024675.4:c.3092T>C,normal
NM_024675.4:c.3092T>A,indeterminate
NM_024675.4:c.3091A>T,normal
NM_024675.4:c.3091A>G,normal
NM_024675.4:c.3091A>C,normal
NM_024675.4:c.3087T>G,normal
NM_024675.4:c.3087T>C,normal
NM_024675.4:c.3087T>A,indeterminate
NM_024675.4:c.3086C>T,normal
NM_024675.4:c.3086C>G,normal
NM_024675.4:c.3086C>A,normal
NM_024675.4:c.3085A>T,indeterminate
NM_024675.4:c.3085A>G,indeterminate
NM_024675.4:c.3085A>C,abnormal
NM_024675.4:c.3084T>G,normal
NM_024675.4:c.3084T>C,normal
NM_024675.4:c.3084T>A,normal
NM_024675.4:c.3083G>T,abnormal
NM_024675.4:c.3083G>C,normal
NM_024675.4:c.3083G>A,abnormal
NM_024675.4:c.3082G>T,abnormal
NM_024675.4:c.3082G>C,abnormal
NM_024675.4:c.3082G>A,abnormal
NM_024675.4:c.3081T>G,normal
NM_024675.4:c.3081T>C,normal
NM_024675.4:c.3081T>A,normal
NM_024675.4:c.3080T>G,abnormal
NM_024675.4:c.3080T>C,abnormal
NM_024675.4:c.3080T>A,abnormal
NM_024675.4:c.3079C>T,normal
NM_024675.4:c.3079C>G,indeterminate
NM_024675.4:c.3079C>A,indeterminate
NM_024675.4:c.3078G>T,abnormal
NM_024675.4:c.3078G>C,normal
NM_024675.4:c.3078G>A,normal
NM_024675.4:c.3077T>G,abnormal
NM_024675.4:c.3077T>C,abnormal
NM_024675.4:c.3077T>A,abnormal
NM_024675.4:c.3076C>T,indeterminate
NM_024675.4:c.3076C>G,normal
NM_024675.4:c.3076C>A,indeterminate
NM_024675.4:c.3075T>G,normal
NM_024675.4:c.3075T>C,normal
NM_024675.4:c.3075T>A,normal
NM_024675.4:c.3074C>T,normal
NM_024675.4:c.3074C>G,normal
NM_024675.4:c.3074C>A,abnormal
NM_024675.4:c.3073G>T,normal
NM_024675.4:c.3073G>C,abnormal
NM_024675.4:c.3073G>A,normal
NM_024675.4:c.3072A>T,normal
NM_024675.4:c.3072A>G,normal
NM_024675.4:c.3072A>C,normal
NM_024675.4:c.3071A>T,abnormal
NM_024675.4:c.3071A>G,normal
NM_024675.4:c.3071A>C,indeterminate
NM_024675.4:c.3070G>T,abnormal
NM_024675.4:c.3070G>C,normal
NM_024675.4:c.3070G>A,indeterminate
NM_024675.4:c.3069A>T,normal
NM_024675.4:c.3069A>G,normal
NM_024675.4:c.3069A>C,normal
NM_024675.4:c.3068A>T,indeterminate
NM_024675.4:c.3068A>G,normal
NM_024675.4:c.3068A>C,normal
NM_024675.4:c.3067C>T,abnormal
NM_024675.4:c.3067C>G,normal
NM_024675.4:c.3067C>A,normal
NM_024675.4:c.3066G>T,normal
NM_024675.4:c.3066G>C,normal
NM_024675.4:c.3066G>A,normal
NM_024675.4:c.3065T>G,normal
NM_024675.4:c.3065T>C,normal
NM_024675.4:c.3065T>A,normal
NM_024675.4:c.3064A>T,normal
NM_024675.4:c.3064A>G,indeterminate
NM_024675.4:c.3064A>C,normal
NM_024675.4:c.3063G>T,normal
NM_024675.4:c.3063G>C,normal
NM_024675.4:c.3063G>A,normal
NM_024675.4:c.3062G>T,indeterminate
NM_024675.4:c.3062G>C,normal
NM_024675.4:c.3062G>A,normal
NM_024675.4:c.3061G>T,normal
NM_024675.4:c.3061G>C,abnormal
NM_024675.4:c.3061G>A,indeterminate
NM_024675.4:c.3060A>T,normal
NM_024675.4:c.3060A>G,normal
NM_024675.4:c.3060A>C,normal
NM_024675.4:c.3059A>T,indeterminate
NM_024675.4:c.3059A>G,normal
NM_024675.4:c.3059A>C,normal
NM_024675.4:c.3058C>T,abnormal
NM_024675.4:c.3058C>G,normal
NM_024675.4:c.3058C>A,indeterminate
NM_024675.4:c.3054G>T,abnormal
NM_024675.4:c.3054G>C,normal
NM_024675.4:c.3054G>A,normal
NM_024675.4:c.3053A>T,normal
NM_024675.4:c.3053A>G,normal
NM_024675.4:c.3053A>C,normal
NM_024675.4:c.3052G>T,abnormal
NM_024675.4:c.3052G>C,normal
NM_024675.4:c.3052G>A,abnormal
NM_024675.4:c.3051T>G,normal
NM_024675.4:c.3051T>C,indeterminate
NM_024675.4:c.3051T>A,normal
NM_024675.4:c.3050C>T,normal
NM_024675.4:c.3050C>G,normal
NM_024675.4:c.3050C>A,normal
NM_024675.4:c.3049G>T,normal
NM_024675.4:c.3049G>C,abnormal
NM_024675.4:c.3049G>A,normal
NM_024675.4:c.3048T>G,normal
NM_024675.4:c.3048T>C,normal
NM_024675.4:c.3048T>A,normal
NM_024675.4:c.3047T>G,abnormal
NM_024675.4:c.3047T>C,abnormal
NM_024675.4:c.3047T>A,abnormal
NM_024675.4:c.3046T>G,abnormal
NM_024675.4:c.3046T>C,normal
NM_024675.4:c.3046T>A,indeterminate
NM_024675.4:c.3045T>G,normal
NM_024675.4:c.3045T>C,normal
NM_024675.4:c.3045T>A,indeterminate
NM_024675.4:c.3044C>T,indeterminate
NM_024675.4:c.3044C>G,normal
NM_024675.4:c.3044C>A,normal
NM_024675.4:c.3043A>T,normal
NM_024675.4:c.3043A>G,normal
NM_024675.4:c.3043A>C,abnormal
NM_024675.4:c.3042A>T,normal
NM_024675.4:c.3042A>G,normal
NM_024675.4:c.3042A>C,normal
NM_024675.4:c.3041T>G,normal
NM_024675.4:c.3041T>C,abnormal
NM_024675.4:c.3041T>A,normal
NM_024675.4:c.3040C>T,normal
NM_024675.4:c.3040C>G,normal
NM_024675.4:c.3040C>A,normal
NM_024675.4:c.3039A>T,normal
NM_024675.4:c.3039A>G,normal
NM_024675.4:c.3039A>C,normal
NM_024675.4:c.3038T>G,abnormal
NM_024675.4:c.3038T>C,abnormal
NM_024675.4:c.3038T>A,abnormal
NM_024675.4:c.3037A>T,normal
NM_024675.4:c.3037A>G,normal
NM_024675.4:c.3037A>C,indeterminate
NM_024675.4:c.3036T>G,normal
NM_024675.4:c.3036T>C,normal
NM_024675.4:c.3036T>A,normal
NM_024675.4:c.3035C>T,normal
NM_024675.4:c.3035C>G,normal
NM_024675.4:c.3035C>A,normal
NM_024675.4:c.3034A>T,normal
NM_024675.4:c.3034A>G,normal
NM_024675.4:c.3034A>C,normal
NM_024675.4:c.3033G>T,normal
NM_024675.4:c.3033G>C,indeterminate
NM_024675.4:c.3033G>A,normal
NM_024675.4:c.3032A>T,abnormal
NM_024675.4:c.3032A>G,abnormal
NM_024675.4:c.3032A>C,abnormal
NM_024675.4:c.3031G>T,abnormal
NM_024675.4:c.3031G>C,indeterminate
NM_024675.4:c.3031G>A,abnormal
NM_024675.4:c.3030G>T,normal
NM_024675.4:c.3030G>C,normal
NM_024675.4:c.3030G>A,normal
NM_024675.4:c.3029A>T,normal
NM_024675.4:c.3029A>G,indeterminate
NM_024675.4:c.3029A>C,normal
NM_024675.4:c.3028G>T,abnormal
NM_024675.4:c.3028G>C,normal
NM_024675.4:c.3028G>A,normal
NM_024675.4:c.3027T>G,normal
NM_024675.4:c.3027T>C,normal
NM_024675.4:c.3027T>A,normal
NM_024675.4:c.3026C>T,normal
NM_024675.4:c.3026C>G,abnormal
NM_024675.4:c.3026C>A,indeterminate
NM_024675.4:c.3025C>T,normal
NM_024675.4:c.3025C>G,normal
NM_024675.4:c.3025C>A,normal
NM_024675.4:c.3024C>T,normal
NM_024675.4:c.3024C>G,normal
NM_024675.4:c.3024C>A,normal
NM_024675.4:c.3023C>T,normal
NM_024675.4:c.3023C>G,indeterminate
NM_024675.4:c.3023C>A,normal
NM_024675.4:c.3022C>T,normal
NM_024675.4:c.3022C>G,normal
NM_024675.4:c.3022C>A,indeterminate
NM_024675.4:c.3021G>T,normal
NM_024675.4:c.3021G>C,normal
NM_024675.4:c.3021G>A,normal
NM_024675.4:c.3020T>G,normal
NM_024675.4:c.3020T>C,normal
NM_024675.4:c.3020T>A,normal
NM_024675.4:c.3019A>T,normal
NM_024675.4:c.3019A>G,normal
NM_024675.4:c.3019A>C,normal
NM_024675.4:c.3018G>T,normal
NM_024675.4:c.3018G>C,normal
NM_024675.4:c.3018G>A,normal
NM_024675.4:c.3017T>G,abnormal
NM_024675.4:c.3017T>C,abnormal
NM_024675.4:c.3017T>A,abnormal
NM_024675.4:c.3016T>G,indeterminate
NM_024675.4:c.3016T>C,normal
NM_024675.4:c.3016T>A,normal
NM_024675.4:c.3015T>G,normal
NM_024675.4:c.3015T>C,normal
NM_024675.4:c.3015T>A,normal
NM_024675.4:c.3014T>G,normal
NM_024675.4:c.3014T>C,normal
NM_024675.4:c.3014T>A,normal
NM_024675.4:c.3013T>G,indeterminate
NM_024675.4:c.3013T>C,normal
NM_024675.4:c.3013T>A,indeterminate
NM_024675.4:c.3012A>T,normal
NM_024675.4:c.3012A>G,normal
NM_024675.4:c.3012A>C,indeterminate
NM_024675.4:c.3011A>T,normal
NM_024675.4:c.3011A>G,normal
NM_024675.4:c.3011A>C,abnormal
NM_024675.4:c.3010C>T,abnormal
NM_024675.4:c.3010C>G,normal
NM_024675.4:c.3010C>A,indeterminate
NM_024675.4:c.3009C>T,normal
NM_024675.4:c.3009C>G,normal
NM_024675.4:c.3009C>A,normal
NM_024675.4:c.3008A>T,normal
NM_024675.4:c.3008A>G,normal
NM_024675.4:c.3008A>C,normal
NM_024675.4:c.3007A>T,normal
NM_024675.4:c.3007A>G,normal
NM_024675.4:c.3007A>C,normal
NM_024675.4:c.3006A>T,indeterminate
NM_024675.4:c.3006A>G,normal
NM_024675.4:c.3006A>C,normal
NM_024675.4:c.3005A>T,normal
NM_024675.4:c.3005A>G,normal
NM_024675.4:c.3005A>C,normal
NM_024675.4:c.3004G>T,abnormal
NM_024675.4:c.3004G>C,normal
NM_024675.4:c.3004G>A,normal
NM_024675.4:c.3003A>T,normal
NM_024675.4:c.3003A>G,normal
NM_024675.4:c.3003A>C,normal
NM_024675.4:c.3002A>T,normal
NM_024675.4:c.3002A>G,indeterminate
NM_024675.4:c.3002A>C,normal
NM_024675.4:c.3001A>T,abnormal
NM_024675.4:c.3001A>G,indeterminate
NM_024675.4:c.3001A>C,normal
NM_024675.4:c.3000C>T,normal
NM_024675.4:c.3000C>G,normal
NM_024675.4:c.3000C>A,normal
NM_024675.4:c.2999G>T,normal
NM_024675.4:c.2999G>C,normal
NM_024675.4:c.2999G>A,normal
NM_024675.4:c.2998G>T,normal
NM_024675.4:c.2998G>C,normal
NM_024675.4:c.2998G>A,indeterminate
NM_024675.4:c.2997A>T,normal
NM_024675.4:c.2997A>G,normal
NM_024675.4:c.2997A>C,indeterminate
NM_024675.4:c.2997-1G>T,abnormal
NM_024675.4:c.2997-1G>C,abnormal
NM_024675.4:c.2997-1G>A,abnormal
NM_024675.4:c.2997-2A>T,abnormal
NM_024675.4:c.2997-2A>G,abnormal
NM_024675.4:c.2997-2A>C,abnormal
NM_024675.4:c.2997-3C>T,normal
NM_024675.4:c.2997-3C>G,abnormal
NM_024675.4:c.2997-3C>A,abnormal
NM_024675.4:c.2997-4A>T,indeterminate
NM_024675.4:c.2997-4A>G,normal
NM_024675.4:c.2997-4A>C,normal
NM_024675.4:c.2996+32T>G,normal
NM_024675.4:c.2996+32T>C,normal
NM_024675.4:c.2996+32T>A,normal
NM_024675.4:c.2996+31T>G,normal
NM_024675.4:c.2996+31T>C,normal
NM_024675.4:c.2996+31T>A,normal
NM_024675.4:c.2996+30A>T,normal
NM_024675.4:c.2996+30A>G,normal
NM_024675.4:c.2996+30A>C,normal
NM_024675.4:c.2996+29T>G,normal
NM_024675.4:c.2996+29T>C,normal
NM_024675.4:c.2996+29T>A,normal
NM_024675.4:c.2996+28C>T,normal
NM_024675.4:c.2996+28C>G,normal
NM_024675.4:c.2996+28C>A,normal
NM_024675.4:c.2996+27A>T,normal
NM_024675.4:c.2996+27A>G,normal
NM_024675.4:c.2996+27A>C,normal
NM_024675.4:c.2996+26A>T,normal
NM_024675.4:c.2996+26A>G,normal
NM_024675.4:c.2996+26A>C,normal
NM_024675.4:c.2996+25T>G,normal
NM_024675.4:c.2996+25T>C,normal
NM_024675.4:c.2996+25T>A,normal
NM_024675.4:c.2996+24T>G,normal
NM_024675.4:c.2996+24T>C,normal
NM_024675.4:c.2996+24T>A,normal
NM_024675.4:c.2996+23T>G,normal
NM_024675.4:c.2996+23T>C,normal
NM_024675.4:c.2996+23T>A,normal
NM_024675.4:c.2996+22T>G,normal
NM_024675.4:c.2996+22T>C,normal
NM_024675.4:c.2996+22T>A,normal
NM_024675.4:c.2996+21T>G,normal
NM_024675.4:c.2996+21T>C,normal
NM_024675.4:c.2996+21T>A,normal
NM_024675.4:c.2996+20A>T,normal
NM_024675.4:c.2996+20A>G,normal
NM_024675.4:c.2996+20A>C,normal
NM_024675.4:c.2996+19G>T,normal
NM_024675.4:c.2996+19G>C,normal
NM_024675.4:c.2996+19G>A,normal
NM_024675.4:c.2996+18T>G,normal
NM_024675.4:c.2996+18T>C,normal
NM_024675.4:c.2996+18T>A,normal
NM_024675.4:c.2996+17T>G,normal
NM_024675.4:c.2996+17T>C,normal
NM_024675.4:c.2996+17T>A,normal
NM_024675.4:c.2996+16A>T,normal
NM_024675.4:c.2996+16A>G,normal
NM_024675.4:c.2996+16A>C,normal
NM_024675.4:c.2996+15G>T,normal
NM_024675.4:c.2996+15G>C,normal
NM_024675.4:c.2996+15G>A,normal
NM_024675.4:c.2996+14T>G,normal
NM_024675.4:c.2996+14T>C,normal
NM_024675.4:c.2996+14T>A,normal
NM_024675.4:c.2996+13T>G,normal
NM_024675.4:c.2996+13T>C,normal
NM_024675.4:c.2996+13T>A,normal
NM_024675.4:c.2996+12A>T,normal
NM_024675.4:c.2996+12A>G,normal
NM_024675.4:c.2996+12A>C,normal
NM_024675.4:c.2996+11C>T,normal
NM_024675.4:c.2996+11C>G,normal
NM_024675.4:c.2996+11C>A,normal
NM_024675.4:c.2996+10G>T,normal
NM_024675.4:c.2996+10G>C,normal
NM_024675.4:c.2996+10G>A,normal
NM_024675.4:c.2996+9A>T,normal
NM_024675.4:c.2996+9A>G,normal
NM_024675.4:c.2996+9A>C,normal
NM_024675.4:c.2996+8A>T,normal
NM_024675.4:c.2996+8A>G,indeterminate
NM_024675.4:c.2996+8A>C,normal
NM_024675.4:c.2996+7A>T,normal
NM_024675.4:c.2996+7A>G,normal
NM_024675.4:c.2996+7A>C,normal
NM_024675.4:c.2996+6A>T,normal
NM_024675.4:c.2996+6A>G,indeterminate
NM_024675.4:c.2996+6A>C,normal
NM_024675.4:c.2996+5G>T,indeterminate
NM_024675.4:c.2996+5G>C,abnormal
NM_024675.4:c.2996+5G>A,abnormal
NM_024675.4:c.2996+4A>T,normal
NM_024675.4:c.2996+4A>G,abnormal
NM_024675.4:c.2996+4A>C,abnormal
NM_024675.4:c.2996+3A>T,abnormal
NM_024675.4:c.2996+3A>G,normal
NM_024675.4:c.2996+3A>C,abnormal
NM_024675.4:c.2996+2T>G,abnormal
NM_024675.4:c.2996+2T>C,abnormal
NM_024675.4:c.2996+2T>A,abnormal
NM_024675.4:c.2996+1G>T,abnormal
NM_024675.4:c.2996+1G>C,abnormal
NM_024675.4:c.2996+1G>A,abnormal
NM_024675.4:c.2996G>T,normal
NM_024675.4:c.2996G>C,normal
NM_024675.4:c.2996G>A,indeterminate
NM_024675.4:c.2995G>T,abnormal
NM_024675.4:c.2995G>C,normal
NM_024675.4:c.2995G>A,normal
NM_024675.4:c.2994A>T,normal
NM_024675.4:c.2994A>G,normal
NM_024675.4:c.2994A>C,normal
NM_024675.4:c.2993G>T,normal
NM_024675.4:c.2993G>C,normal
NM_024675.4:c.2993G>A,normal
NM_024675.4:c.2992G>T,abnormal
NM_024675.4:c.2992G>C,normal
NM_024675.4:c.2992G>A,normal
NM_024675.4:c.2991T>G,normal
NM_024675.4:c.2991T>C,normal
NM_024675.4:c.2991T>A,normal
NM_024675.4:c.2990A>T,normal
NM_024675.4:c.2990A>G,normal
NM_024675.4:c.2990A>C,normal
NM_024675.4:c.2989G>T,normal
NM_024675.4:c.2989G>C,normal
NM_024675.4:c.2989G>A,normal
NM_024675.4:c.2988A>T,normal
NM_024675.4:c.2988A>G,normal
NM_024675.4:c.2988A>C,normal
NM_024675.4:c.2987A>T,normal
NM_024675.4:c.2987A>G,normal
NM_024675.4:c.2987A>C,normal
NM_024675.4:c.2986G>T,abnormal
NM_024675.4:c.2986G>C,normal
NM_024675.4:c.2986G>A,normal
NM_024675.4:c.2985A>T,normal
NM_024675.4:c.2985A>G,normal
NM_024675.4:c.2985A>C,normal
NM_024675.4:c.2984C>T,normal
NM_024675.4:c.2984C>G,normal
NM_024675.4:c.2984C>A,normal
NM_024675.4:c.2983G>T,normal
NM_024675.4:c.2983G>C,indeterminate
NM_024675.4:c.2983G>A,normal
NM_024675.4:c.2982T>G,normal
NM_024675.4:c.2982T>C,normal
NM_024675.4:c.2982T>A,normal
NM_024675.4:c.2981T>G,normal
NM_024675.4:c.2981T>C,abnormal
NM_024675.4:c.2981T>A,normal
NM_024675.4:c.2980T>G,normal
NM_024675.4:c.2980T>C,normal
NM_024675.4:c.2980T>A,normal
NM_024675.4:c.2979G>T,normal
NM_024675.4:c.2979G>C,normal
NM_024675.4:c.2979G>A,normal
NM_024675.4:c.2978C>T,normal
NM_024675.4:c.2978C>G,normal
NM_024675.4:c.2978C>A,normal
NM_024675.4:c.2977A>T,normal
NM_024675.4:c.2977A>G,normal
NM_024675.4:c.2977A>C,normal
NM_024675.4:c.2976G>T,normal
NM_024675.4:c.2976G>C,normal
NM_024675.4:c.2976G>A,normal
NM_024675.4:c.2975T>G,normal
NM_024675.4:c.2975T>C,normal
NM_024675.4:c.2975T>A,normal
NM_024675.4:c.2974A>T,normal
NM_024675.4:c.2974A>G,normal
NM_024675.4:c.2974A>C,normal
NM_024675.4:c.2973C>T,normal
NM_024675.4:c.2973C>G,normal
NM_024675.4:c.2973C>A,normal
NM_024675.4:c.2972T>G,abnormal
NM_024675.4:c.2972T>C,indeterminate
NM_024675.4:c.2972T>A,abnormal
NM_024675.4:c.2971G>T,indeterminate
NM_024675.4:c.2971G>C,normal
NM_024675.4:c.2971G>A,normal
NM_024675.4:c.2970A>T,normal
NM_024675.4:c.2970A>G,normal
NM_024675.4:c.2970A>C,normal
NM_024675.4:c.2969A>T,normal
NM_024675.4:c.2969A>G,normal
NM_024675.4:c.2969A>C,normal
NM_024675.4:c.2968G>T,abnormal
NM_024675.4:c.2968G>C,normal
NM_024675.4:c.2968G>A,normal
NM_024675.4:c.2967A>T,normal
NM_024675.4:c.2967A>G,normal
NM_024675.4:c.2967A>C,normal
NM_024675.4:c.2966T>G,abnormal
NM_024675.4:c.2966T>C,indeterminate
NM_024675.4:c.2966T>A,abnormal
NM_024675.4:c.2965G>T,normal
NM_024675.4:c.2965G>C,normal
NM_024675.4:c.2965G>A,normal
NM_024675.4:c.2964A>T,normal
NM_024675.4:c.2964A>G,normal
NM_024675.4:c.2964A>C,normal
NM_024675.4:c.2963A>T,normal
NM_024675.4:c.2963A>G,normal
NM_024675.4:c.2963A>C,indeterminate
NM_024675.4:c.2962C>T,abnormal
NM_024675.4:c.2962C>G,normal
NM_024675.4:c.2962C>A,normal
NM_024675.4:c.2961A>T,normal
NM_024675.4:c.2961A>G,normal
NM_024675.4:c.2961A>C,normal
NM_024675.4:c.2960A>T,normal
NM_024675.4:c.2960A>G,indeterminate
NM_024675.4:c.2960A>C,normal
NM_024675.4:c.2959C>T,abnormal
NM_024675.4:c.2959C>G,normal
NM_024675.4:c.2959C>A,normal
NM_024675.4:c.2958T>G,normal
NM_024675.4:c.2958T>C,normal
NM_024675.4:c.2958T>A,normal
NM_024675.4:c.2957A>T,normal
NM_024675.4:c.2957A>G,normal
NM_024675.4:c.2957A>C,normal
NM_024675.4:c.2956G>T,normal
NM_024675.4:c.2956G>C,normal
NM_024675.4:c.2956G>A,normal
NM_024675.4:c.2955T>G,normal
NM_024675.4:c.2955T>C,normal
NM_024675.4:c.2955T>A,normal
NM_024675.4:c.2954C>T,normal
NM_024675.4:c.2954C>G,normal
NM_024675.4:c.2954C>A,normal
NM_024675.4:c.2953T>G,normal
NM_024675.4:c.2953T>C,normal
NM_024675.4:c.2953T>A,normal
NM_024675.4:c.2952T>G,normal
NM_024675.4:c.2952T>C,normal
NM_024675.4:c.2952T>A,normal
NM_024675.4:c.2951T>G,normal
NM_024675.4:c.2951T>C,normal
NM_024675.4:c.2951T>A,normal
NM_024675.4:c.2950C>T,normal
NM_024675.4:c.2950C>G,indeterminate
NM_024675.4:c.2950C>A,normal
NM_024675.4:c.2949C>T,normal
NM_024675.4:c.2949C>G,normal
NM_024675.4:c.2949C>A,normal
NM_024675.4:c.2948C>T,normal
NM_024675.4:c.2948C>G,indeterminate
NM_024675.4:c.2948C>A,normal
NM_024675.4:c.2947A>T,normal
NM_024675.4:c.2947A>G,normal
NM_024675.4:c.2947A>C,normal
NM_024675.4:c.2943T>G,normal
NM_024675.4:c.2943T>C,normal
NM_024675.4:c.2943T>A,normal
NM_024675.4:c.2942G>T,normal
NM_024675.4:c.2942G>C,normal
NM_024675.4:c.2942G>A,normal
NM_024675.4:c.2941A>T,normal
NM_024675.4:c.2941A>G,normal
NM_024675.4:c.2941A>C,normal
NM_024675.4:c.2940C>T,normal
NM_024675.4:c.2940C>G,abnormal
NM_024675.4:c.2940C>A,abnormal
NM_024675.4:c.2939G>T,abnormal
NM_024675.4:c.2939G>C,normal
NM_024675.4:c.2939G>A,normal
NM_024675.4:c.2938A>T,normal
NM_024675.4:c.2938A>G,normal
NM_024675.4:c.2938A>C,abnormal
NM_024675.4:c.2937T>G,abnormal
NM_024675.4:c.2937T>C,normal
NM_024675.4:c.2937T>A,abnormal
NM_024675.4:c.2936G>T,normal
NM_024675.4:c.2936G>C,normal
NM_024675.4:c.2936G>A,normal
NM_024675.4:c.2935A>T,normal
NM_024675.4:c.2935A>G,normal
NM_024675.4:c.2935A>C,abnormal
NM_024675.4:c.2934T>G,normal
NM_024675.4:c.2934T>C,normal
NM_024675.4:c.2934T>A,normal
NM_024675.4:c.2933T>G,abnormal
NM_024675.4:c.2933T>C,normal
NM_024675.4:c.2933T>A,abnormal
NM_024675.4:c.2932G>T,abnormal
NM_024675.4:c.2932G>C,normal
NM_024675.4:c.2932G>A,normal
NM_024675.4:c.2931A>T,normal
NM_024675.4:c.2931A>G,normal
NM_024675.4:c.2931A>C,normal
NM_024675.4:c.2930T>G,abnormal
NM_024675.4:c.2930T>C,abnormal
NM_024675.4:c.2930T>A,abnormal
NM_024675.4:c.2929C>T,normal
NM_024675.4:c.2929C>G,normal
NM_024675.4:c.2929C>A,normal
NM_024675.4:c.2928G>T,abnormal
NM_024675.4:c.2928G>C,abnormal
NM_024675.4:c.2928G>A,normal
NM_024675.4:c.2927G>T,abnormal
NM_024675.4:c.2927G>C,abnormal
NM_024675.4:c.2927G>A,normal
NM_024675.4:c.2926A>T,abnormal
NM_024675.4:c.2926A>G,abnormal
NM_024675.4:c.2926A>C,normal
NM_024675.4:c.2925G>T,normal
NM_024675.4:c.2925G>C,normal
NM_024675.4:c.2925G>A,normal
NM_024675.4:c.2924G>T,normal
NM_024675.4:c.2924G>C,normal
NM_024675.4:c.2924G>A,normal
NM_024675.4:c.2923A>T,normal
NM_024675.4:c.2923A>G,normal
NM_024675.4:c.2923A>C,normal
NM_024675.4:c.2916G>T,normal
NM_024675.4:c.2916G>C,normal
NM_024675.4:c.2916G>A,normal
NM_024675.4:c.2915T>G,abnormal
NM_024675.4:c.2915T>C,abnormal
NM_024675.4:c.2915T>A,abnormal
NM_024675.4:c.2914C>T,normal
NM_024675.4:c.2914C>G,normal
NM_024675.4:c.2914C>A,normal
NM_024675.4:c.2913C>T,indeterminate
NM_024675.4:c.2913C>G,normal
NM_024675.4:c.2913C>A,indeterminate
NM_024675.4:c.2912G>T,abnormal
NM_024675.4:c.2912G>C,normal
NM_024675.4:c.2912G>A,abnormal
NM_024675.4:c.2911G>T,normal
NM_024675.4:c.2911G>C,abnormal
NM_024675.4:c.2911G>A,indeterminate
NM_024675.4:c.2910T>G,normal
NM_024675.4:c.2910T>C,normal
NM_024675.4:c.2910T>A,normal
NM_024675.4:c.2909T>G,normal
NM_024675.4:c.2909T>C,abnormal
NM_024675.4:c.2909T>A,normal
NM_024675.4:c.2908C>T,normal
NM_024675.4:c.2908C>G,normal
NM_024675.4:c.2908C>A,normal
NM_024675.4:c.2907G>T,normal
NM_024675.4:c.2907G>C,normal
NM_024675.4:c.2907G>A,normal
NM_024675.4:c.2906T>G,abnormal
NM_024675.4:c.2906T>C,normal
NM_024675.4:c.2906T>A,abnormal
NM_024675.4:c.2905G>T,normal
NM_024675.4:c.2905G>C,normal
NM_024675.4:c.2905G>A,normal
NM_024675.4:c.2904T>G,normal
NM_024675.4:c.2904T>C,normal
NM_024675.4:c.2904T>A,normal
NM_024675.4:c.2903C>T,normal
NM_024675.4:c.2903C>G,normal
NM_024675.4:c.2903C>A,normal
NM_024675.4:c.2902G>T,normal
NM_024675.4:c.2902G>C,indeterminate
NM_024675.4:c.2902G>A,normal
NM_024675.4:c.2901A>T,normal
NM_024675.4:c.2901A>G,normal
NM_024675.4:c.2901A>C,normal
NM_024675.4:c.2900A>T,normal
NM_024675.4:c.2900A>G,normal
NM_024675.4:c.2900A>C,normal
NM_024675.4:c.2899A>T,abnormal
NM_024675.4:c.2899A>G,normal
NM_024675.4:c.2899A>C,normal
NM_024675.4:c.2898A>T,normal
NM_024675.4:c.2898A>G,normal
NM_024675.4:c.2898A>C,normal
NM_024675.4:c.2897T>G,abnormal
NM_024675.4:c.2897T>C,indeterminate
NM_024675.4:c.2897T>A,abnormal
NM_024675.4:c.2896A>T,normal
NM_024675.4:c.2896A>G,normal
NM_024675.4:c.2896A>C,normal
NM_024675.4:c.2895T>G,indeterminate
NM_024675.4:c.2895T>C,normal
NM_024675.4:c.2895T>A,normal
NM_024675.4:c.2894A>T,normal
NM_024675.4:c.2894A>G,normal
NM_024675.4:c.2894A>C,normal
NM_024675.4:c.2893A>T,normal
NM_024675.4:c.2893A>G,normal
NM_024675.4:c.2893A>C,normal
NM_024675.4:c.2892A>T,normal
NM_024675.4:c.2892A>G,normal
NM_024675.4:c.2892A>C,normal
NM_024675.4:c.2891G>T,abnormal
NM_024675.4:c.2891G>C,normal
NM_024675.4:c.2891G>A,normal
NM_024675.4:c.2890G>T,abnormal
NM_024675.4:c.2890G>C,normal
NM_024675.4:c.2890G>A,normal
NM_024675.4:c.2889T>G,normal
NM_024675.4:c.2889T>C,normal
NM_024675.4:c.2889T>A,normal
NM_024675.4:c.2888C>T,normal
NM_024675.4:c.2888C>G,normal
NM_024675.4:c.2888C>A,normal
NM_024675.4:c.2887T>G,normal
NM_024675.4:c.2887T>C,normal
NM_024675.4:c.2887T>A,normal
NM_024675.4:c.2886G>T,normal
NM_024675.4:c.2886G>C,normal
NM_024675.4:c.2886G>A,normal
NM_024675.4:c.2885A>T,normal
NM_024675.4:c.2885A>G,normal
NM_024675.4:c.2885A>C,normal
NM_024675.4:c.2884A>T,abnormal
NM_024675.4:c.2884A>G,normal
NM_024675.4:c.2884A>C,normal
NM_024675.4:c.2883G>T,normal
NM_024675.4:c.2883G>C,normal
NM_024675.4:c.2883G>A,normal
NM_024675.4:c.2882T>G,abnormal
NM_024675.4:c.2882T>C,abnormal
NM_024675.4:c.2882T>A,normal
NM_024675.4:c.2881C>T,normal
NM_024675.4:c.2881C>G,normal
NM_024675.4:c.2881C>A,normal
NM_024675.4:c.2880A>T,normal
NM_024675.4:c.2880A>G,normal
NM_024675.4:c.2880A>C,normal
NM_024675.4:c.2879T>G,normal
NM_024675.4:c.2879T>C,normal
NM_024675.4:c.2879T>A,normal
NM_024675.4:c.2878C>T,normal
NM_024675.4:c.2878C>G,normal
NM_024675.4:c.2878C>A,normal
NM_024675.4:c.2877A>T,normal
NM_024675.4:c.2877A>G,normal
NM_024675.4:c.2877A>C,normal
NM_024675.4:c.2876T>G,normal
NM_024675.4:c.2876T>C,normal
NM_024675.4:c.2876T>A,normal
NM_024675.4:c.2875G>T,normal
NM_024675.4:c.2875G>C,normal
NM_024675.4:c.2875G>A,normal
NM_024675.4:c.2874A>T,normal
NM_024675.4:c.2874A>G,normal
NM_024675.4:c.2874A>C,normal
NM_024675.4:c.2873A>T,abnormal
NM_024675.4:c.2873A>G,normal
NM_024675.4:c.2873A>C,normal
NM_024675.4:c.2872C>T,abnormal
NM_024675.4:c.2872C>G,normal
NM_024675.4:c.2872C>A,normal
NM_024675.4:c.2871G>T,normal
NM_024675.4:c.2871G>C,normal
NM_024675.4:c.2871G>A,normal
NM_024675.4:c.2870A>T,normal
NM_024675.4:c.2870A>G,normal
NM_024675.4:c.2870A>C,normal
NM_024675.4:c.2869A>T,abnormal
NM_024675.4:c.2869A>G,normal
NM_024675.4:c.2869A>C,normal
NM_024675.4:c.2868A>T,normal
NM_024675.4:c.2868A>G,normal
NM_024675.4:c.2868A>C,normal
NM_024675.4:c.2867A>T,normal
NM_024675.4:c.2867A>G,normal
NM_024675.4:c.2867A>C,normal
NM_024675.4:c.2866G>T,abnormal
NM_024675.4:c.2866G>C,normal
NM_024675.4:c.2866G>A,normal
NM_024675.4:c.2865T>G,normal
NM_024675.4:c.2865T>C,normal
NM_024675.4:c.2865T>A,normal
NM_024675.4:c.2864G>T,normal
NM_024675.4:c.2864G>C,normal
NM_024675.4:c.2864G>A,normal
NM_024675.4:c.2863A>T,normal
NM_024675.4:c.2863A>G,normal
NM_024675.4:c.2863A>C,normal
NM_024675.4:c.2862A>T,normal
NM_024675.4:c.2862A>G,normal
NM_024675.4:c.2862A>C,normal
NM_024675.4:c.2861A>T,normal
NM_024675.4:c.2861A>G,normal
NM_024675.4:c.2861A>C,normal
NM_024675.4:c.2860G>T,abnormal
NM_024675.4:c.2860G>C,normal
NM_024675.4:c.2860G>A,normal
NM_024675.4:c.2859T>G,normal
NM_024675.4:c.2859T>C,normal
NM_024675.4:c.2859T>A,normal
NM_024675.4:c.2858A>T,normal
NM_024675.4:c.2858A>G,normal
NM_024675.4:c.2858A>C,indeterminate
NM_024675.4:c.2857G>T,normal
NM_024675.4:c.2857G>C,normal
NM_024675.4:c.2857G>A,normal
NM_024675.4:c.2856T>G,normal
NM_024675.4:c.2856T>C,normal
NM_024675.4:c.2856T>A,normal
NM_024675.4:c.2855A>T,normal
NM_024675.4:c.2855A>G,normal
NM_024675.4:c.2855A>C,normal
NM_024675.4:c.2854G>T,normal
NM_024675.4:c.2854G>C,normal
NM_024675.4:c.2854G>A,normal
NM_024675.4:c.2853T>G,normal
NM_024675.4:c.2853T>C,normal
NM_024675.4:c.2853T>A,abnormal
NM_024675.4:c.2852C>T,normal
NM_024675.4:c.2852C>G,normal
NM_024675.4:c.2852C>A,normal
NM_024675.4:c.2851T>G,normal
NM_024675.4:c.2851T>C,normal
NM_024675.4:c.2851T>A,normal
NM_024675.4:c.2850C>T,normal
NM_024675.4:c.2850C>G,normal
NM_024675.4:c.2850C>A,normal
NM_024675.4:c.2849C>T,normal
NM_024675.4:c.2849C>G,normal
NM_024675.4:c.2849C>A,normal
NM_024675.4:c.2848T>G,normal
NM_024675.4:c.2848T>C,normal
NM_024675.4:c.2848T>A,normal
NM_024675.4:c.2847T>G,normal
NM_024675.4:c.2847T>C,normal
NM_024675.4:c.2847T>A,abnormal
NM_024675.4:c.2846G>T,normal
NM_024675.4:c.2846G>C,normal
NM_024675.4:c.2846G>A,normal
NM_024675.4:c.2845T>G,normal
NM_024675.4:c.2845T>C,normal
NM_024675.4:c.2845T>A,normal
NM_024675.4:c.2844T>G,normal
NM_024675.4:c.2844T>C,normal
NM_024675.4:c.2844T>A,normal
NM_024675.4:c.2843T>G,normal
NM_024675.4:c.2843T>C,normal
NM_024675.4:c.2843T>A,normal
NM_024675.4:c.2842T>G,normal
NM_024675.4:c.2842T>C,normal
NM_024675.4:c.2842T>A,normal
NM_024675.4:c.2841G>T,abnormal
NM_024675.4:c.2841G>C,abnormal
NM_024675.4:c.2841G>A,normal
NM_024675.4:c.2840T>G,abnormal
NM_024675.4:c.2840T>C,abnormal
NM_024675.4:c.2840T>A,abnormal
NM_024675.4:c.2839T>G,normal
NM_024675.4:c.2839T>C,normal
NM_024675.4:c.2839T>A,normal
NM_024675.4:c.2838A>T,normal
NM_024675.4:c.2838A>G,normal
NM_024675.4:c.2838A>C,normal
NM_024675.4:c.2837C>T,normal
NM_024675.4:c.2837C>G,normal
NM_024675.4:c.2837C>A,normal
NM_024675.4:c.2836G>T,normal
NM_024675.4:c.2836G>C,abnormal
NM_024675.4:c.2836G>A,normal
NM_024675.4:c.2835G>T,normal
NM_024675.4:c.2835G>C,normal
NM_024675.4:c.2835G>A,normal
NM_024675.4:c.2835-1G>T,abnormal
NM_024675.4:c.2835-1G>C,abnormal
NM_024675.4:c.2835-1G>A,abnormal
NM_024675.4:c.2835-2A>T,abnormal
NM_024675.4:c.2835-2A>G,abnormal
NM_024675.4:c.2835-2A>C,abnormal
NM_024675.4:c.2835-3T>G,abnormal
NM_024675.4:c.2835-3T>C,normal
NM_024675.4:c.2835-3T>A,normal
NM_024675.4:c.2835-4T>G,normal
NM_024675.4:c.2835-4T>C,normal
NM_024675.4:c.2835-4T>A,normal
NM_024675.4:c.2835-5C>T,normal
NM_024675.4:c.2835-5C>G,normal
NM_024675.4:c.2835-5C>A,normal
NM_024675.4:c.2835-6G>T,normal
NM_024675.4:c.2835-6G>C,normal
NM_024675.4:c.2835-6G>A,normal
NM_024675.4:c.2835-7G>T,normal
NM_024675.4:c.2835-7G>C,normal
NM_024675.4:c.2835-7G>A,abnormal
NM_024675.4:c.2835-8T>G,normal
NM_024675.4:c.2835-8T>C,normal
NM_024675.4:c.2835-8T>A,abnormal
NM_024675.4:c.2835-9T>G,normal
NM_024675.4:c.2835-9T>C,normal
NM_024675.4:c.2835-9T>A,normal
NM_024675.4:c.2835-10T>G,abnormal
NM_024675.4:c.2835-10T>C,normal
NM_024675.4:c.2835-10T>A,normal
NM_024675.4:c.2835-11A>T,normal
NM_024675.4:c.2835-11A>G,normal
NM_024675.4:c.2835-11A>C,normal
NM_024675.4:c.2835-12T>G,abnormal
NM_024675.4:c.2835-12T>C,normal
NM_024675.4:c.2835-12T>A,normal
NM_024675.4:c.2835-13A>T,normal
NM_024675.4:c.2835-13A>G,normal
NM_024675.4:c.2835-13A>C,normal
NM_024675.4:c.2835-14T>G,normal
NM_024675.4:c.2835-14T>C,normal
NM_024675.4:c.2835-14T>A,normal
NM_024675.4:c.2835-15T>G,normal
NM_024675.4:c.2835-15T>C,normal
NM_024675.4:c.2835-15T>A,normal
NM_024675.4:c.2835-16C>T,normal
NM_024675.4:c.2835-16C>G,normal
NM_024675.4:c.2835-16C>A,normal
NM_024675.4:c.2835-17C>T,normal
NM_024675.4:c.2835-17C>G,normal
NM_024675.4:c.2835-17C>A,normal
NM_024675.4:c.2835-18T>G,normal
NM_024675.4:c.2835-18T>C,normal
NM_024675.4:c.2835-18T>A,normal
NM_024675.4:c.2835-19T>G,normal
NM_024675.4:c.2835-19T>C,normal
NM_024675.4:c.2835-19T>A,normal
NM_024675.4:c.2835-20T>G,normal
NM_024675.4:c.2835-20T>C,normal
NM_024675.4:c.2835-20T>A,normal
NM_024675.4:c.2835-21T>G,normal
NM_024675.4:c.2835-21T>C,normal
NM_024675.4:c.2835-21T>A,normal
NM_024675.4:c.2835-22T>G,normal
NM_024675.4:c.2835-22T>C,normal
NM_024675.4:c.2835-22T>A,normal
NM_024675.4:c.2835-23A>T,normal
NM_024675.4:c.2835-23A>G,normal
NM_024675.4:c.2835-23A>C,normal
NM_024675.4:c.2835-24C>T,normal
NM_024675.4:c.2835-24C>G,normal
NM_024675.4:c.2835-24C>A,normal
NM_024675.4:c.2834+11C>T,indeterminate
NM_024675.4:c.2834+11C>G,indeterminate
NM_024675.4:c.2834+11C>A,indeterminate
NM_024675.4:c.2834+10T>G,normal
NM_024675.4:c.2834+10T>C,indeterminate
NM_024675.4:c.2834+10T>A,normal
NM_024675.4:c.2834+9T>G,indeterminate
NM_024675.4:c.2834+9T>C,normal
NM_024675.4:c.2834+9T>A,normal
NM_024675.4:c.2834+8A>T,indeterminate
NM_024675.4:c.2834+8A>G,indeterminate
NM_024675.4:c.2834+8A>C,indeterminate
NM_024675.4:c.2834+7A>T,abnormal
NM_024675.4:c.2834+7A>G,indeterminate
NM_024675.4:c.2834+7A>C,indeterminate
NM_024675.4:c.2834+6T>G,abnormal
NM_024675.4:c.2834+6T>C,indeterminate
NM_024675.4:c.2834+6T>A,abnormal
NM_024675.4:c.2834+5G>T,abnormal
NM_024675.4:c.2834+5G>C,abnormal
NM_024675.4:c.2834+5G>A,abnormal
NM_024675.4:c.2834+4T>G,abnormal
NM_024675.4:c.2834+4T>C,abnormal
NM_024675.4:c.2834+4T>A,indeterminate
NM_024675.4:c.2834+3A>T,normal
NM_024675.4:c.2834+3A>G,normal
NM_024675.4:c.2834+3A>C,indeterminate
NM_024675.4:c.2834+2T>G,abnormal
NM_024675.4:c.2834+2T>C,abnormal
NM_024675.4:c.2834+2T>A,abnormal
NM_024675.4:c.2834+1G>T,abnormal
NM_024675.4:c.2834+1G>C,abnormal
NM_024675.4:c.2834+1G>A,abnormal
NM_024675.4:c.2834G>T,abnormal
NM_024675.4:c.2834G>C,abnormal
NM_024675.4:c.2834G>A,abnormal
NM_024675.4:c.2833A>T,normal
NM_024675.4:c.2833A>G,abnormal
NM_024675.4:c.2833A>C,indeterminate
NM_024675.4:c.2832C>T,normal
NM_024675.4:c.2832C>G,abnormal
NM_024675.4:c.2832C>A,normal
NM_024675.4:c.2831T>G,abnormal
NM_024675.4:c.2831T>C,abnormal
NM_024675.4:c.2831T>A,abnormal
NM_024675.4:c.2830A>T,indeterminate
NM_024675.4:c.2830A>G,normal
NM_024675.4:c.2830A>C,normal
NM_024675.4:c.2829G>T,abnormal
NM_024675.4:c.2829G>C,abnormal
NM_024675.4:c.2829G>A,normal
NM_024675.4:c.2828A>T,abnormal
NM_024675.4:c.2828A>G,abnormal
NM_024675.4:c.2828A>C,abnormal
NM_024675.4:c.2827G>T,abnormal
NM_024675.4:c.2827G>C,normal
NM_024675.4:c.2827G>A,abnormal
NM_024675.4:c.2826A>T,normal
NM_024675.4:c.2826A>G,indeterminate
NM_024675.4:c.2826A>C,normal
NM_024675.4:c.2825G>T,indeterminate
NM_024675.4:c.2825G>C,abnormal
NM_024675.4:c.2825G>A,normal
NM_024675.4:c.2824A>T,abnormal
NM_024675.4:c.2824A>G,indeterminate
NM_024675.4:c.2824A>C,abnormal
NM_024675.4:c.2823C>T,normal
NM_024675.4:c.2823C>G,indeterminate
NM_024675.4:c.2823C>A,normal
NM_024675.4:c.2822T>G,abnormal
NM_024675.4:c.2822T>C,abnormal
NM_024675.4:c.2822T>A,abnormal
NM_024675.4:c.2821A>T,normal
NM_024675.4:c.2821A>G,normal
NM_024675.4:c.2821A>C,indeterminate
NM_024675.4:c.2820A>T,normal
NM_024675.4:c.2820A>G,indeterminate
NM_024675.4:c.2820A>C,indeterminate
NM_024675.4:c.2819A>T,indeterminate
NM_024675.4:c.2819A>G,abnormal
NM_024675.4:c.2819A>C,abnormal
NM_024675.4:c.2818G>T,abnormal
NM_024675.4:c.2818G>C,normal
NM_024675.4:c.2818G>A,indeterminate
NM_024675.4:c.2814T>G,indeterminate
NM_024675.4:c.2814T>C,indeterminate
NM_024675.4:c.2814T>A,normal
NM_024675.4:c.2813A>T,normal
NM_024675.4:c.2813A>G,normal
NM_024675.4:c.2813A>C,indeterminate
NM_024675.4:c.2812A>T,abnormal
NM_024675.4:c.2812A>G,indeterminate
NM_024675.4:c.2812A>C,normal
NM_024675.4:c.2811A>T,abnormal
NM_024675.4:c.2811A>G,indeterminate
NM_024675.4:c.2811A>C,normal
NM_024675.4:c.2810G>T,abnormal
NM_024675.4:c.2810G>C,abnormal
NM_024675.4:c.2810G>A,abnormal
NM_024675.4:c.2809G>T,abnormal
NM_024675.4:c.2809G>C,abnormal
NM_024675.4:c.2809G>A,abnormal
NM_024675.4:c.2808G>T,indeterminate
NM_024675.4:c.2808G>C,indeterminate
NM_024675.4:c.2808G>A,indeterminate
NM_024675.4:c.2807T>G,abnormal
NM_024675.4:c.2807T>C,indeterminate
NM_024675.4:c.2807T>A,abnormal
NM_024675.4:c.2806T>G,normal
NM_024675.4:c.2806T>C,normal
NM_024675.4:c.2806T>A,normal
NM_024675.4:c.2805T>G,abnormal
NM_024675.4:c.2805T>C,normal
NM_024675.4:c.2805T>A,indeterminate
NM_024675.4:c.2804C>T,abnormal
NM_024675.4:c.2804C>G,normal
NM_024675.4:c.2804C>A,abnormal
NM_024675.4:c.2803G>T,normal
NM_024675.4:c.2803G>C,abnormal
NM_024675.4:c.2803G>A,normal
NM_024675.4:c.2802A>T,normal
NM_024675.4:c.2802A>G,indeterminate
NM_024675.4:c.2802A>C,indeterminate
NM_024675.4:c.2801T>G,abnormal
NM_024675.4:c.2801T>C,indeterminate
NM_024675.4:c.2801T>A,abnormal
NM_024675.4:c.2800G>T,indeterminate
NM_024675.4:c.2800G>C,normal
NM_024675.4:c.2800G>A,indeterminate
NM_024675.4:c.2799T>G,indeterminate
NM_024675.4:c.2799T>C,normal
NM_024675.4:c.2799T>A,abnormal
NM_024675.4:c.2798G>T,normal
NM_024675.4:c.2798G>C,abnormal
NM_024675.4:c.2798G>A,normal
NM_024675.4:c.2797T>G,indeterminate
NM_024675.4:c.2797T>C,abnormal
NM_024675.4:c.2797T>A,abnormal
NM_024675.4:c.2796G>T,normal
NM_024675.4:c.2796G>C,normal
NM_024675.4:c.2796G>A,normal
NM_024675.4:c.2795T>G,abnormal
NM_024675.4:c.2795T>C,indeterminate
NM_024675.4:c.2795T>A,abnormal
NM_024675.4:c.2794G>T,normal
NM_024675.4:c.2794G>C,normal
NM_024675.4:c.2794G>A,indeterminate
NM_024675.4:c.2793C>T,normal
NM_024675.4:c.2793C>G,abnormal
NM_024675.4:c.2793C>A,normal
NM_024675.4:c.2792T>G,normal
NM_024675.4:c.2792T>C,indeterminate
NM_024675.4:c.2792T>A,normal
NM_024675.4:c.2791C>T,normal
NM_024675.4:c.2791C>G,normal
NM_024675.4:c.2791C>A,normal
NM_024675.4:c.2790T>G,normal
NM_024675.4:c.2790T>C,indeterminate
NM_024675.4:c.2790T>A,normal
NM_024675.4:c.2789A>T,abnormal
NM_024675.4:c.2789A>G,indeterminate
NM_024675.4:c.2789A>C,indeterminate
NM_024675.4:c.2788A>T,normal
NM_024675.4:c.2788A>G,indeterminate
NM_024675.4:c.2788A>C,normal
NM_024675.4:c.2787T>G,abnormal
NM_024675.4:c.2787T>C,normal
NM_024675.4:c.2787T>A,abnormal
NM_024675.4:c.2786A>T,normal
NM_024675.4:c.2786A>G,indeterminate
NM_024675.4:c.2786A>C,normal
NM_024675.4:c.2785T>G,normal
NM_024675.4:c.2785T>C,indeterminate
NM_024675.4:c.2785T>A,normal
NM_024675.4:c.2784G>T,normal
NM_024675.4:c.2784G>C,normal
NM_024675.4:c.2784G>A,normal
NM_024675.4:c.2783T>G,normal
NM_024675.4:c.2783T>C,indeterminate
NM_024675.4:c.2783T>A,normal
NM_024675.4:c.2782G>T,normal
NM_024675.4:c.2782G>C,normal
NM_024675.4:c.2782G>A,indeterminate
NM_024675.4:c.2781T>G,normal
NM_024675.4:c.2781T>C,normal
NM_024675.4:c.2781T>A,normal
NM_024675.4:c.2780A>T,indeterminate
NM_024675.4:c.2780A>G,normal
NM_024675.4:c.2780A>C,normal
NM_024675.4:c.2779G>T,indeterminate
NM_024675.4:c.2779G>C,normal
NM_024675.4:c.2779G>A,normal
NM_024675.4:c.2778T>G,normal
NM_024675.4:c.2778T>C,normal
NM_024675.4:c.2778T>A,indeterminate
NM_024675.4:c.2777C>T,indeterminate
NM_024675.4:c.2777C>G,indeterminate
NM_024675.4:c.2777C>A,normal
NM_024675.4:c.2776C>T,normal
NM_024675.4:c.2776C>G,normal
NM_024675.4:c.2776C>A,normal
NM_024675.4:c.2775G>T,normal
NM_024675.4:c.2775G>C,normal
NM_024675.4:c.2775G>A,normal
NM_024675.4:c.2774T>G,abnormal
NM_024675.4:c.2774T>C,indeterminate
NM_024675.4:c.2774T>A,abnormal
NM_024675.4:c.2773G>T,normal
NM_024675.4:c.2773G>C,normal
NM_024675.4:c.2773G>A,indeterminate
NM_024675.4:c.2772A>T,normal
NM_024675.4:c.2772A>G,normal
NM_024675.4:c.2772A>C,indeterminate
NM_024675.4:c.2771C>T,normal
NM_024675.4:c.2771C>G,normal
NM_024675.4:c.2771C>A,indeterminate
NM_024675.4:c.2770C>T,normal
NM_024675.4:c.2770C>G,normal
NM_024675.4:c.2770C>A,normal
NM_024675.4:c.2769T>G,normal
NM_024675.4:c.2769T>C,normal
NM_024675.4:c.2769T>A,indeterminate
NM_024675.4:c.2768T>G,abnormal
NM_024675.4:c.2768T>C,abnormal
NM_024675.4:c.2768T>A,abnormal
NM_024675.4:c.2767G>T,normal
NM_024675.4:c.2767G>C,indeterminate
NM_024675.4:c.2767G>A,normal
NM_024675.4:c.2766A>T,normal
NM_024675.4:c.2766A>G,normal
NM_024675.4:c.2766A>C,indeterminate
NM_024675.4:c.2765T>G,abnormal
NM_024675.4:c.2765T>C,abnormal
NM_024675.4:c.2765T>A,abnormal
NM_024675.4:c.2764A>T,indeterminate
NM_024675.4:c.2764A>G,normal
NM_024675.4:c.2764A>C,normal
NM_024675.4:c.2763G>T,normal
NM_024675.4:c.2763G>C,indeterminate
NM_024675.4:c.2763G>A,indeterminate
NM_024675.4:c.2762A>T,normal
NM_024675.4:c.2762A>G,indeterminate
NM_024675.4:c.2762A>C,abnormal
NM_024675.4:c.2761C>T,abnormal
NM_024675.4:c.2761C>G,normal
NM_024675.4:c.2761C>A,normal
NM_024675.4:c.2760A>T,normal
NM_024675.4:c.2760A>G,normal
NM_024675.4:c.2760A>C,normal
NM_024675.4:c.2759T>G,abnormal
NM_024675.4:c.2759T>C,abnormal
NM_024675.4:c.2759T>A,abnormal
NM_024675.4:c.2758T>G,indeterminate
NM_024675.4:c.2758T>C,normal
NM_024675.4:c.2758T>A,normal
NM_024675.4:c.2757A>T,indeterminate
NM_024675.4:c.2757A>G,normal
NM_024675.4:c.2757A>C,normal
NM_024675.4:c.2756T>G,abnormal
NM_024675.4:c.2756T>C,abnormal
NM_024675.4:c.2756T>A,abnormal
NM_024675.4:c.2755G>T,normal
NM_024675.4:c.2755G>C,indeterminate
NM_024675.4:c.2755G>A,indeterminate
NM_024675.4:c.2754A>T,normal
NM_024675.4:c.2754A>G,indeterminate
NM_024675.4:c.2754A>C,normal
NM_024675.4:c.2753C>T,indeterminate
NM_024675.4:c.2753C>G,abnormal
NM_024675.4:c.2753C>A,normal
NM_024675.4:c.2752C>T,normal
NM_024675.4:c.2752C>G,normal
NM_024675.4:c.2752C>A,normal
NM_024675.4:c.2751T>G,normal
NM_024675.4:c.2751T>C,normal
NM_024675.4:c.2751T>A,normal
NM_024675.4:c.2750T>G,normal
NM_024675.4:c.2750T>C,indeterminate
NM_024675.4:c.2750T>A,normal
NM_024675.4:c.2749G>T,normal
NM_024675.4:c.2749G>C,indeterminate
NM_024675.4:c.2749G>A,normal
NM_024675.4:c.2749-1G>T,abnormal
NM_024675.4:c.2749-1G>C,abnormal
NM_024675.4:c.2749-1G>A,abnormal
NM_024675.4:c.2749-2A>T,abnormal
NM_024675.4:c.2749-2A>G,abnormal
NM_024675.4:c.2749-2A>C,abnormal
NM_024675.4:c.2749-3T>G,abnormal
NM_024675.4:c.2749-3T>C,normal
NM_024675.4:c.2749-3T>A,indeterminate
NM_024675.4:c.2749-4T>G,normal
NM_024675.4:c.2749-4T>C,normal
NM_024675.4:c.2749-4T>A,normal
NM_024675.4:c.2749-5T>G,abnormal
NM_024675.4:c.2749-5T>C,normal
NM_024675.4:c.2749-5T>A,indeterminate
NM_024675.4:c.2749-6A>T,indeterminate
NM_024675.4:c.2749-6A>G,normal
NM_024675.4:c.2749-6A>C,normal
NM_024675.4:c.2749-7T>G,indeterminate
NM_024675.4:c.2749-7T>C,indeterminate
NM_024675.4:c.2749-7T>A,indeterminate
NM_024675.4:c.2749-8T>G,indeterminate
NM_024675.4:c.2749-8T>C,normal
NM_024675.4:c.2749-8T>A,indeterminate
NM_024675.4:c.2749-9T>G,normal
NM_024675.4:c.2749-9T>C,normal
NM_024675.4:c.2749-9T>A,normal
NM_024675.4:c.2749-10T>G,normal
NM_024675.4:c.2749-10T>C,normal
NM_024675.4:c.2749-10T>A,normal
NM_024675.4:c.2749-11G>T,indeterminate
NM_024675.4:c.2749-11G>C,indeterminate
NM_024675.4:c.2749-11G>A,normal
NM_024675.4:c.2749-12T>G,indeterminate
NM_024675.4:c.2749-12T>C,normal
NM_024675.4:c.2749-12T>A,abnormal
NM_024675.4:c.2749-13T>G,normal
NM_024675.4:c.2749-13T>C,indeterminate
NM_024675.4:c.2749-13T>A,indeterminate
NM_024675.4:c.2748+15C>T,normal
NM_024675.4:c.2748+15C>G,normal
NM_024675.4:c.2748+15C>A,indeterminate
NM_024675.4:c.2748+14T>G,normal
NM_024675.4:c.2748+14T>C,normal
NM_024675.4:c.2748+14T>A,normal
NM_024675.4:c.2748+13C>T,normal
NM_024675.4:c.2748+13C>G,normal
NM_024675.4:c.2748+13C>A,normal
NM_024675.4:c.2748+12T>G,normal
NM_024675.4:c.2748+12T>C,normal
NM_024675.4:c.2748+12T>A,normal
NM_024675.4:c.2748+11A>T,normal
NM_024675.4:c.2748+11A>G,normal
NM_024675.4:c.2748+11A>C,normal
NM_024675.4:c.2748+10A>T,normal
NM_024675.4:c.2748+10A>G,normal
NM_024675.4:c.2748+10A>C,normal
NM_024675.4:c.2748+9G>T,normal
NM_024675.4:c.2748+9G>C,normal
NM_024675.4:c.2748+9G>A,normal
NM_024675.4:c.2748+8G>T,normal
NM_024675.4:c.2748+8G>C,normal
NM_024675.4:c.2748+8G>A,normal
NM_024675.4:c.2748+7G>T,normal
NM_024675.4:c.2748+7G>C,normal
NM_024675.4:c.2748+7G>A,normal
NM_024675.4:c.2748+6T>G,normal
NM_024675.4:c.2748+6T>C,indeterminate
NM_024675.4:c.2748+6T>A,normal
NM_024675.4:c.2748+5G>T,normal
NM_024675.4:c.2748+5G>C,indeterminate
NM_024675.4:c.2748+5G>A,indeterminate
NM_024675.4:c.2748+4A>T,normal
NM_024675.4:c.2748+4A>G,normal
NM_024675.4:c.2748+4A>C,normal
NM_024675.4:c.2748+3A>T,normal
NM_024675.4:c.2748+3A>G,indeterminate
NM_024675.4:c.2748+3A>C,normal
NM_024675.4:c.2748+2T>G,abnormal
NM_024675.4:c.2748+2T>C,abnormal
NM_024675.4:c.2748+2T>A,abnormal
NM_024675.4:c.2748+1G>T,abnormal
NM_024675.4:c.2748+1G>C,abnormal
NM_024675.4:c.2748+1G>A,abnormal
NM_024675.4:c.2748G>T,normal
NM_024675.4:c.2748G>C,normal
NM_024675.4:c.2748G>A,normal
NM_024675.4:c.2747A>T,normal
NM_024675.4:c.2747A>G,normal
NM_024675.4:c.2747A>C,normal
NM_024675.4:c.2746G>T,abnormal
NM_024675.4:c.2746G>C,normal
NM_024675.4:c.2746G>A,normal
NM_024675.4:c.2745A>T,normal
NM_024675.4:c.2745A>G,normal
NM_024675.4:c.2745A>C,normal
NM_024675.4:c.2744C>T,normal
NM_024675.4:c.2744C>G,normal
NM_024675.4:c.2744C>A,normal
NM_024675.4:c.2743G>T,normal
NM_024675.4:c.2743G>C,indeterminate
NM_024675.4:c.2743G>A,normal
NM_024675.4:c.2742C>T,normal
NM_024675.4:c.2742C>G,normal
NM_024675.4:c.2742C>A,normal
NM_024675.4:c.2741T>G,normal
NM_024675.4:c.2741T>C,abnormal
NM_024675.4:c.2741T>A,abnormal
NM_024675.4:c.2740T>G,normal
NM_024675.4:c.2740T>C,normal
NM_024675.4:c.2740T>A,normal
NM_024675.4:c.2739C>T,normal
NM_024675.4:c.2739C>G,normal
NM_024675.4:c.2739C>A,normal
NM_024675.4:c.2738A>T,normal
NM_024675.4:c.2738A>G,normal
NM_024675.4:c.2738A>C,indeterminate
NM_024675.4:c.2737C>T,normal
NM_024675.4:c.2737C>G,normal
NM_024675.4:c.2737C>A,indeterminate
NM_024675.4:c.2736G>T,abnormal
NM_024675.4:c.2736G>C,abnormal
NM_024675.4:c.2736G>A,abnormal
NM_024675.4:c.2735G>T,abnormal
NM_024675.4:c.2735G>C,abnormal
NM_024675.4:c.2735G>A,abnormal
NM_024675.4:c.2734T>G,abnormal
NM_024675.4:c.2734T>C,abnormal
NM_024675.4:c.2734T>A,abnormal
NM_024675.4:c.2733C>T,normal
NM_024675.4:c.2733C>G,normal
NM_024675.4:c.2733C>A,normal
NM_024675.4:c.2732C>T,indeterminate
NM_024675.4:c.2732C>G,indeterminate
NM_024675.4:c.2732C>A,normal
NM_024675.4:c.2731A>T,normal
NM_024675.4:c.2731A>G,normal
NM_024675.4:c.2731A>C,abnormal
NM_024675.4:c.2730T>G,abnormal
NM_024675.4:c.2730T>C,normal
NM_024675.4:c.2730T>A,abnormal
NM_024675.4:c.2729A>T,normal
NM_024675.4:c.2729A>G,normal
NM_024675.4:c.2729A>C,normal
NM_024675.4:c.2728T>G,normal
NM_024675.4:c.2728T>C,normal
NM_024675.4:c.2728T>A,normal
NM_024675.4:c.2727T>G,normal
NM_024675.4:c.2727T>C,normal
NM_024675.4:c.2727T>A,normal
NM_024675.4:c.2726T>G,indeterminate
NM_024675.4:c.2726T>C,abnormal
NM_024675.4:c.2726T>A,normal
NM_024675.4:c.2725C>T,normal
NM_024675.4:c.2725C>G,normal
NM_024675.4:c.2725C>A,normal
NM_024675.4:c.2724A>T,normal
NM_024675.4:c.2724A>G,normal
NM_024675.4:c.2724A>C,normal
NM_024675.4:c.2723A>T,normal
NM_024675.4:c.2723A>G,normal
NM_024675.4:c.2723A>C,indeterminate
NM_024675.4:c.2722A>T,abnormal
NM_024675.4:c.2722A>G,normal
NM_024675.4:c.2722A>C,normal
NM_024675.4:c.2721A>T,normal
NM_024675.4:c.2721A>G,normal
NM_024675.4:c.2721A>C,normal
NM_024675.4:c.2720A>T,indeterminate
NM_024675.4:c.2720A>G,normal
NM_024675.4:c.2720A>C,normal
NM_024675.4:c.2719G>T,abnormal
NM_024675.4:c.2719G>C,normal
NM_024675.4:c.2719G>A,indeterminate
NM_024675.4:c.2718G>T,abnormal
NM_024675.4:c.2718G>C,abnormal
NM_024675.4:c.2718G>A,abnormal
NM_024675.4:c.2717G>T,abnormal
NM_024675.4:c.2717G>C,abnormal
NM_024675.4:c.2717G>A,abnormal
NM_024675.4:c.2716T>G,abnormal
NM_024675.4:c.2716T>C,abnormal
NM_024675.4:c.2716T>A,abnormal
NM_024675.4:c.2715G>T,normal
NM_024675.4:c.2715G>C,normal
NM_024675.4:c.2715G>A,normal
NM_024675.4:c.2714A>T,normal
NM_024675.4:c.2714A>G,normal
NM_024675.4:c.2714A>C,indeterminate
NM_024675.4:c.2713C>T,abnormal
NM_024675.4:c.2713C>G,normal
NM_024675.4:c.2713C>A,normal
NM_024675.4:c.2712G>T,normal
NM_024675.4:c.2712G>C,normal
NM_024675.4:c.2712G>A,abnormal
NM_024675.4:c.2711G>T,normal
NM_024675.4:c.2711G>C,normal
NM_024675.4:c.2711G>A,abnormal
NM_024675.4:c.2710T>G,normal
NM_024675.4:c.2710T>C,normal
NM_024675.4:c.2710T>A,normal
NM_024675.4:c.2709T>G,normal
NM_024675.4:c.2709T>C,normal
NM_024675.4:c.2709T>A,normal
NM_024675.4:c.2708C>T,normal
NM_024675.4:c.2708C>G,indeterminate
NM_024675.4:c.2708C>A,normal
NM_024675.4:c.2707G>T,normal
NM_024675.4:c.2707G>C,normal
NM_024675.4:c.2707G>A,normal
NM_024675.4:c.2706T>G,normal
NM_024675.4:c.2706T>C,normal
NM_024675.4:c.2706T>A,normal
NM_024675.4:c.2705A>T,normal
NM_024675.4:c.2705A>G,normal
NM_024675.4:c.2705A>C,normal
NM_024675.4:c.2704G>T,normal
NM_024675.4:c.2704G>C,normal
NM_024675.4:c.2704G>A,normal
NM_024675.4:c.2700T>G,normal
NM_024675.4:c.2700T>C,indeterminate
NM_024675.4:c.2700T>A,normal
NM_024675.4:c.2699C>T,normal
NM_024675.4:c.2699C>G,normal
NM_024675.4:c.2699C>A,abnormal
NM_024675.4:c.2698G>T,normal
NM_024675.4:c.2698G>C,normal
NM_024675.4:c.2698G>A,normal
NM_024675.4:c.2697A>T,normal
NM_024675.4:c.2697A>G,normal
NM_024675.4:c.2697A>C,indeterminate
NM_024675.4:c.2696A>T,normal
NM_024675.4:c.2696A>G,normal
NM_024675.4:c.2696A>C,normal
NM_024675.4:c.2695A>T,abnormal
NM_024675.4:c.2695A>G,indeterminate
NM_024675.4:c.2695A>C,normal
NM_024675.4:c.2694G>T,abnormal
NM_024675.4:c.2694G>C,abnormal
NM_024675.4:c.2694G>A,abnormal
NM_024675.4:c.2693G>T,abnormal
NM_024675.4:c.2693G>C,abnormal
NM_024675.4:c.2693G>A,abnormal
NM_024675.4:c.2692T>G,abnormal
NM_024675.4:c.2692T>C,abnormal
NM_024675.4:c.2692T>A,abnormal
NM_024675.4:c.2691T>G,indeterminate
NM_024675.4:c.2691T>C,normal
NM_024675.4:c.2691T>A,indeterminate
NM_024675.4:c.2690T>G,abnormal
NM_024675.4:c.2690T>C,abnormal
NM_024675.4:c.2690T>A,abnormal
NM_024675.4:c.2689C>T,indeterminate
NM_024675.4:c.2689C>G,normal
NM_024675.4:c.2689C>A,normal
NM_024675.4:c.2688T>G,normal
NM_024675.4:c.2688T>C,normal
NM_024675.4:c.2688T>A,normal
NM_024675.4:c.2687C>T,abnormal
NM_024675.4:c.2687C>G,normal
NM_024675.4:c.2687C>A,normal
NM_024675.4:c.2686T>G,normal
NM_024675.4:c.2686T>C,abnormal
NM_024675.4:c.2686T>A,normal
NM_024675.4:c.2685T>G,normal
NM_024675.4:c.2685T>C,normal
NM_024675.4:c.2685T>A,normal
NM_024675.4:c.2684T>G,abnormal
NM_024675.4:c.2684T>C,abnormal
NM_024675.4:c.2684T>A,abnormal
NM_024675.4:c.2683G>T,abnormal
NM_024675.4:c.2683G>C,indeterminate
NM_024675.4:c.2683G>A,normal
NM_024675.4:c.2682A>T,normal
NM_024675.4:c.2682A>G,normal
NM_024675.4:c.2682A>C,normal
NM_024675.4:c.2681T>G,normal
NM_024675.4:c.2681T>C,normal
NM_024675.4:c.2681T>A,normal
NM_024675.4:c.2680G>T,normal
NM_024675.4:c.2680G>C,indeterminate
NM_024675.4:c.2680G>A,normal
NM_024675.4:c.2679T>G,normal
NM_024675.4:c.2679T>C,normal
NM_024675.4:c.2679T>A,normal
NM_024675.4:c.2678A>T,abnormal
NM_024675.4:c.2678A>G,normal
NM_024675.4:c.2678A>C,normal
NM_024675.4:c.2677G>T,indeterminate
NM_024675.4:c.2677G>C,normal
NM_024675.4:c.2677G>A,indeterminate
NM_024675.4:c.2676A>T,indeterminate
NM_024675.4:c.2676A>G,normal
NM_024675.4:c.2676A>C,abnormal
NM_024675.4:c.2675A>T,abnormal
NM_024675.4:c.2675A>G,abnormal
NM_024675.4:c.2675A>C,abnormal
NM_024675.4:c.2674G>T,abnormal
NM_024675.4:c.2674G>C,abnormal
NM_024675.4:c.2674G>A,abnormal
NM_024675.4:c.2673C>T,normal
NM_024675.4:c.2673C>G,abnormal
NM_024675.4:c.2673C>A,abnormal
NM_024675.4:c.2672G>T,abnormal
NM_024675.4:c.2672G>C,abnormal
NM_024675.4:c.2672G>A,normal
NM_024675.4:c.2671T>G,abnormal
NM_024675.4:c.2671T>C,abnormal
NM_024675.4:c.2671T>A,abnormal
NM_024675.4:c.2670T>G,indeterminate
NM_024675.4:c.2670T>C,normal
NM_024675.4:c.2670T>A,normal
NM_024675.4:c.2669C>T,indeterminate
NM_024675.4:c.2669C>G,abnormal
NM_024675.4:c.2669C>A,abnormal
NM_024675.4:c.2668G>T,abnormal
NM_024675.4:c.2668G>C,abnormal
NM_024675.4:c.2668G>A,abnormal
NM_024675.4:c.2667T>G,normal
NM_024675.4:c.2667T>C,normal
NM_024675.4:c.2667T>A,normal
NM_024675.4:c.2666C>T,normal
NM_024675.4:c.2666C>G,abnormal
NM_024675.4:c.2666C>A,abnormal
NM_024675.4:c.2665A>T,indeterminate
NM_024675.4:c.2665A>G,normal
NM_024675.4:c.2665A>C,abnormal
NM_024675.4:c.2664A>T,normal
NM_024675.4:c.2664A>G,normal
NM_024675.4:c.2664A>C,normal
NM_024675.4:c.2663T>G,abnormal
NM_024675.4:c.2663T>C,abnormal
NM_024675.4:c.2663T>A,abnormal
NM_024675.4:c.2662A>T,normal
NM_024675.4:c.2662A>G,normal
NM_024675.4:c.2662A>C,indeterminate
NM_024675.4:c.2661C>T,indeterminate
NM_024675.4:c.2661C>G,normal
NM_024675.4:c.2661C>A,indeterminate
NM_024675.4:c.2660T>G,abnormal
NM_024675.4:c.2660T>C,abnormal
NM_024675.4:c.2660T>A,abnormal
NM_024675.4:c.2659A>T,abnormal
NM_024675.4:c.2659A>G,indeterminate
NM_024675.4:c.2659A>C,normal
NM_024675.4:c.2658T>G,indeterminate
NM_024675.4:c.2658T>C,normal
NM_024675.4:c.2658T>A,abnormal
NM_024675.4:c.2657G>T,normal
NM_024675.4:c.2657G>C,normal
NM_024675.4:c.2657G>A,normal
NM_024675.4:c.2656T>G,abnormal
NM_024675.4:c.2656T>C,indeterminate
NM_024675.4:c.2656T>A,abnormal
NM_024675.4:c.2655A>T,normal
NM_024675.4:c.2655A>G,normal
NM_024675.4:c.2655A>C,normal
NM_024675.4:c.2654C>T,indeterminate
NM_024675.4:c.2654C>G,normal
NM_024675.4:c.2654C>A,normal
NM_024675.4:c.2653C>T,normal
NM_024675.4:c.2653C>G,normal
NM_024675.4:c.2653C>A,normal
NM_024675.4:c.2652G>T,normal
NM_024675.4:c.2652G>C,indeterminate
NM_024675.4:c.2652G>A,indeterminate
NM_024675.4:c.2651A>T,abnormal
NM_024675.4:c.2651A>G,normal
NM_024675.4:c.2651A>C,normal
NM_024675.4:c.2650G>T,abnormal
NM_024675.4:c.2650G>C,normal
NM_024675.4:c.2650G>A,normal
NM_024675.4:c.2649A>T,normal
NM_024675.4:c.2649A>G,normal
NM_024675.4:c.2649A>C,normal
NM_024675.4:c.2648A>T,normal
NM_024675.4:c.2648A>G,normal
NM_024675.4:c.2648A>C,indeterminate
NM_024675.4:c.2647A>T,abnormal
NM_024675.4:c.2647A>G,normal
NM_024675.4:c.2647A>C,normal
NM_024675.4:c.2646T>G,normal
NM_024675.4:c.2646T>C,normal
NM_024675.4:c.2646T>A,abnormal
NM_024675.4:c.2645G>T,indeterminate
NM_024675.4:c.2645G>C,normal
NM_024675.4:c.2645G>A,indeterminate
NM_024675.4:c.2644T>G,normal
NM_024675.4:c.2644T>C,normal
NM_024675.4:c.2644T>A,normal
NM_024675.4:c.2643T>G,normal
NM_024675.4:c.2643T>C,normal
NM_024675.4:c.2643T>A,normal
NM_024675.4:c.2642G>T,abnormal
NM_024675.4:c.2642G>C,normal
NM_024675.4:c.2642G>A,normal
NM_024675.4:c.2641G>T,normal
NM_024675.4:c.2641G>C,normal
NM_024675.4:c.2641G>A,normal
NM_024675.4:c.2637A>T,normal
NM_024675.4:c.2637A>G,abnormal
NM_024675.4:c.2637A>C,normal
NM_024675.4:c.2636G>T,normal
NM_024675.4:c.2636G>C,normal
NM_024675.4:c.2636G>A,normal
NM_024675.4:c.2635A>T,abnormal
NM_024675.4:c.2635A>G,normal
NM_024675.4:c.2635A>C,normal
NM_024675.4:c.2634A>T,normal
NM_024675.4:c.2634A>G,indeterminate
NM_024675.4:c.2634A>C,normal
NM_024675.4:c.2633A>T,normal
NM_024675.4:c.2633A>G,normal
NM_024675.4:c.2633A>C,normal
NM_024675.4:c.2632G>T,abnormal
NM_024675.4:c.2632G>C,normal
NM_024675.4:c.2632G>A,normal
NM_024675.4:c.2631G>T,normal
NM_024675.4:c.2631G>C,indeterminate
NM_024675.4:c.2631G>A,abnormal
NM_024675.4:c.2630G>T,indeterminate
NM_024675.4:c.2630G>C,abnormal
NM_024675.4:c.2630G>A,abnormal
NM_024675.4:c.2629T>G,abnormal
NM_024675.4:c.2629T>C,abnormal
NM_024675.4:c.2629T>A,abnormal
NM_024675.4:c.2628T>G,normal
NM_024675.4:c.2628T>C,normal
NM_024675.4:c.2628T>A,normal
NM_024675.4:c.2627T>G,normal
NM_024675.4:c.2627T>C,normal
NM_024675.4:c.2627T>A,normal
NM_024675.4:c.2626T>G,normal
NM_024675.4:c.2626T>C,normal
NM_024675.4:c.2626T>A,normal
NM_024675.4:c.2625G>T,normal
NM_024675.4:c.2625G>C,normal
NM_024675.4:c.2625G>A,normal
NM_024675.4:c.2624T>G,abnormal
NM_024675.4:c.2624T>C,normal
NM_024675.4:c.2624T>A,abnormal
NM_024675.4:c.2623A>T,normal
NM_024675.4:c.2623A>G,normal
NM_024675.4:c.2623A>C,normal
NM_024675.4:c.2622C>T,indeterminate
NM_024675.4:c.2622C>G,normal
NM_024675.4:c.2622C>A,normal
NM_024675.4:c.2621C>T,normal
NM_024675.4:c.2621C>G,normal
NM_024675.4:c.2621C>A,normal
NM_024675.4:c.2620G>T,normal
NM_024675.4:c.2620G>C,normal
NM_024675.4:c.2620G>A,indeterminate
NM_024675.4:c.2619T>G,normal
NM_024675.4:c.2619T>C,normal
NM_024675.4:c.2619T>A,normal
NM_024675.4:c.2618G>T,normal
NM_024675.4:c.2618G>C,indeterminate
NM_024675.4:c.2618G>A,normal
NM_024675.4:c.2617A>T,indeterminate
NM_024675.4:c.2617A>G,normal
NM_024675.4:c.2617A>C,normal
NM_024675.4:c.2616G>T,normal
NM_024675.4:c.2616G>C,normal
NM_024675.4:c.2616G>A,normal
NM_024675.4:c.2615T>G,indeterminate
NM_024675.4:c.2615T>C,indeterminate
NM_024675.4:c.2615T>A,abnormal
NM_024675.4:c.2614G>T,normal
NM_024675.4:c.2614G>C,normal
NM_024675.4:c.2614G>A,normal
NM_024675.4:c.2613T>G,abnormal
NM_024675.4:c.2613T>C,indeterminate
NM_024675.4:c.2613T>A,normal
NM_024675.4:c.2612A>T,normal
NM_024675.4:c.2612A>G,indeterminate
NM_024675.4:c.2612A>C,normal
NM_024675.4:c.2611G>T,abnormal
NM_024675.4:c.2611G>C,indeterminate
NM_024675.4:c.2611G>A,normal
NM_024675.4:c.2610A>T,normal
NM_024675.4:c.2610A>G,normal
NM_024675.4:c.2610A>C,normal
NM_024675.4:c.2609T>G,indeterminate
NM_024675.4:c.2609T>C,normal
NM_024675.4:c.2609T>A,abnormal
NM_024675.4:c.2608G>T,indeterminate
NM_024675.4:c.2608G>C,normal
NM_024675.4:c.2608G>A,normal
NM_024675.4:c.2604T>G,indeterminate
NM_024675.4:c.2604T>C,indeterminate
NM_024675.4:c.2604T>A,abnormal
NM_024675.4:c.2603G>T,normal
NM_024675.4:c.2603G>C,normal
NM_024675.4:c.2603G>A,normal
NM_024675.4:c.2602T>G,normal
NM_024675.4:c.2602T>C,indeterminate
NM_024675.4:c.2602T>A,normal
NM_024675.4:c.2601C>T,normal
NM_024675.4:c.2601C>G,normal
NM_024675.4:c.2601C>A,normal
NM_024675.4:c.2600C>T,normal
NM_024675.4:c.2600C>G,normal
NM_024675.4:c.2600C>A,normal
NM_024675.4:c.2599T>G,normal
NM_024675.4:c.2599T>C,normal
NM_024675.4:c.2599T>A,normal
NM_024675.4:c.2598T>G,normal
NM_024675.4:c.2598T>C,normal
NM_024675.4:c.2598T>A,indeterminate
NM_024675.4:c.2597G>T,abnormal
NM_024675.4:c.2597G>C,normal
NM_024675.4:c.2597G>A,normal
NM_024675.4:c.2596G>T,abnormal
NM_024675.4:c.2596G>C,normal
NM_024675.4:c.2596G>A,indeterminate
NM_024675.4:c.2595A>T,abnormal
NM_024675.4:c.2595A>G,abnormal
NM_024675.4:c.2595A>C,normal
NM_024675.4:c.2594C>T,normal
NM_024675.4:c.2594C>G,abnormal
NM_024675.4:c.2594C>A,abnormal
NM_024675.4:c.2593T>G,normal
NM_024675.4:c.2593T>C,indeterminate
NM_024675.4:c.2593T>A,normal
NM_024675.4:c.2592T>G,indeterminate
NM_024675.4:c.2592T>C,indeterminate
NM_024675.4:c.2592T>A,indeterminate
NM_024675.4:c.2591C>T,normal
NM_024675.4:c.2591C>G,indeterminate
NM_024675.4:c.2591C>A,normal
NM_024675.4:c.2590C>T,normal
NM_024675.4:c.2590C>G,normal
NM_024675.4:c.2590C>A,normal
NM_024675.4:c.2589T>G,indeterminate
NM_024675.4:c.2589T>C,indeterminate
NM_024675.4:c.2589T>A,indeterminate
NM_024675.4:c.2588A>T,indeterminate
NM_024675.4:c.2588A>G,normal
NM_024675.4:c.2588A>C,indeterminate
NM_024675.4:c.2587A>T,normal
NM_024675.4:c.2587A>G,normal
NM_024675.4:c.2587A>C,normal
NM_024675.4:c.2587-1G>T,abnormal
NM_024675.4:c.2587-1G>C,abnormal
NM_024675.4:c.2587-1G>A,abnormal
NM_024675.4:c.2587-2A>T,abnormal
NM_024675.4:c.2587-2A>G,abnormal
NM_024675.4:c.2587-2A>C,abnormal
NM_024675.4:c.2587-3C>T,indeterminate
NM_024675.4:c.2587-3C>G,abnormal
NM_024675.4:c.2587-3C>A,abnormal
NM_024675.4:c.2587-4T>G,indeterminate
NM_024675.4:c.2587-4T>C,normal
NM_024675.4:c.2587-4T>A,normal
NM_024675.4:c.2587-5G>T,normal
NM_024675.4:c.2587-5G>C,indeterminate
NM_024675.4:c.2587-5G>A,indeterminate
NM_024675.4:c.2587-6T>G,indeterminate
NM_024675.4:c.2587-6T>C,normal
NM_024675.4:c.2587-6T>A,abnormal
NM_024675.4:c.2587-7G>T,normal
NM_024675.4:c.2587-7G>C,normal
NM_024675.4:c.2587-7G>A,normal
NM_024675.4:c.2587-8T>G,indeterminate
NM_024675.4:c.2587-8T>C,normal
NM_024675.4:c.2587-8T>A,abnormal
NM_024675.4:c.2587-9T>G,abnormal
NM_024675.4:c.2587-9T>C,indeterminate
NM_024675.4:c.2587-9T>A,normal
NM_024675.4:c.2587-10A>T,indeterminate
NM_024675.4:c.2587-10A>G,indeterminate
NM_024675.4:c.2587-10A>C,normal
NM_024675.4:c.2587-11C>T,normal
NM_024675.4:c.2587-11C>G,normal
NM_024675.4:c.2587-11C>A,indeterminate
NM_024675.4:c.2586+19T>G,indeterminate
NM_024675.4:c.2586+19T>C,indeterminate
NM_024675.4:c.2586+19T>A,indeterminate
NM_024675.4:c.2586+18T>G,normal
NM_024675.4:c.2586+18T>C,normal
NM_024675.4:c.2586+18T>A,indeterminate
NM_024675.4:c.2586+17C>T,abnormal
NM_024675.4:c.2586+17C>G,indeterminate
NM_024675.4:c.2586+17C>A,indeterminate
NM_024675.4:c.2586+16T>G,abnormal
NM_024675.4:c.2586+16T>C,indeterminate
NM_024675.4:c.2586+16T>A,normal
NM_024675.4:c.2586+15C>T,indeterminate
NM_024675.4:c.2586+15C>G,indeterminate
NM_024675.4:c.2586+15C>A,abnormal
NM_024675.4:c.2586+14T>G,normal
NM_024675.4:c.2586+14T>C,normal
NM_024675.4:c.2586+14T>A,normal
NM_024675.4:c.2586+13T>G,indeterminate
NM_024675.4:c.2586+13T>C,normal
NM_024675.4:c.2586+13T>A,normal
NM_024675.4:c.2586+12A>T,indeterminate
NM_024675.4:c.2586+12A>G,normal
NM_024675.4:c.2586+12A>C,normal
NM_024675.4:c.2586+11T>G,abnormal
NM_024675.4:c.2586+11T>C,indeterminate
NM_024675.4:c.2586+11T>A,normal
NM_024675.4:c.2586+10A>T,normal
NM_024675.4:c.2586+10A>G,normal
NM_024675.4:c.2586+10A>C,normal
NM_024675.4:c.2586+9A>T,normal
NM_024675.4:c.2586+9A>G,normal
NM_024675.4:c.2586+9A>C,normal
NM_024675.4:c.2586+8G>T,indeterminate
NM_024675.4:c.2586+8G>C,abnormal
NM_024675.4:c.2586+8G>A,indeterminate
NM_024675.4:c.2586+7A>T,indeterminate
NM_024675.4:c.2586+7A>G,normal
NM_024675.4:c.2586+7A>C,normal
NM_024675.4:c.2586+6A>T,indeterminate
NM_024675.4:c.2586+6A>G,normal
NM_024675.4:c.2586+6A>C,normal
NM_024675.4:c.2586+5G>T,indeterminate
NM_024675.4:c.2586+5G>C,indeterminate
NM_024675.4:c.2586+5G>A,abnormal
NM_024675.4:c.2586+4A>T,indeterminate
NM_024675.4:c.2586+4A>G,normal
NM_024675.4:c.2586+4A>C,normal
NM_024675.4:c.2586+3C>T,indeterminate
NM_024675.4:c.2586+3C>G,normal
NM_024675.4:c.2586+3C>A,indeterminate
NM_024675.4:c.2586+2T>G,abnormal
NM_024675.4:c.2586+2T>C,abnormal
NM_024675.4:c.2586+2T>A,abnormal
NM_024675.4:c.2586+1G>T,abnormal
NM_024675.4:c.2586+1G>C,abnormal
NM_024675.4:c.2586+1G>A,abnormal
NM_024675.4:c.2586G>T,abnormal
NM_024675.4:c.2586G>C,abnormal
NM_024675.4:c.2586G>A,abnormal
NM_024675.4:c.2585A>T,indeterminate
NM_024675.4:c.2585A>G,normal
NM_024675.4:c.2585A>C,normal
NM_024675.4:c.2584A>T,abnormal
NM_024675.4:c.2584A>G,normal
NM_024675.4:c.2584A>C,normal
NM_024675.4:c.2583A>T,normal
NM_024675.4:c.2583A>G,normal
NM_024675.4:c.2583A>C,normal
NM_024675.4:c.2582T>G,abnormal
NM_024675.4:c.2582T>C,normal
NM_024675.4:c.2582T>A,abnormal
NM_024675.4:c.2581T>G,indeterminate
NM_024675.4:c.2581T>C,normal
NM_024675.4:c.2581T>A,indeterminate
NM_024675.4:c.2580G>T,normal
NM_024675.4:c.2580G>C,indeterminate
NM_024675.4:c.2580G>A,normal
NM_024675.4:c.2579A>T,normal
NM_024675.4:c.2579A>G,normal
NM_024675.4:c.2579A>C,normal
NM_024675.4:c.2578G>T,abnormal
NM_024675.4:c.2578G>C,indeterminate
NM_024675.4:c.2578G>A,normal
NM_024675.4:c.2577A>T,normal
NM_024675.4:c.2577A>G,normal
NM_024675.4:c.2577A>C,normal
NM_024675.4:c.2576C>T,abnormal
NM_024675.4:c.2576C>G,abnormal
NM_024675.4:c.2576C>A,abnormal
NM_024675.4:c.2575T>G,indeterminate
NM_024675.4:c.2575T>C,indeterminate
NM_024675.4:c.2575T>A,normal
NM_024675.4:c.2574T>G,normal
NM_024675.4:c.2574T>C,normal
NM_024675.4:c.2574T>A,normal
NM_024675.4:c.2573T>G,indeterminate
NM_024675.4:c.2573T>C,normal
NM_024675.4:c.2573T>A,normal
NM_024675.4:c.2572G>T,normal
NM_024675.4:c.2572G>C,normal
NM_024675.4:c.2572G>A,normal
NM_024675.4:c.2571G>T,normal
NM_024675.4:c.2571G>C,normal
NM_024675.4:c.2571G>A,normal
NM_024675.4:c.2570T>G,normal
NM_024675.4:c.2570T>C,normal
NM_024675.4:c.2570T>A,abnormal
NM_024675.4:c.2569T>G,normal
NM_024675.4:c.2569T>C,normal
NM_024675.4:c.2569T>A,normal
NM_024675.4:c.2568A>T,normal
NM_024675.4:c.2568A>G,normal
NM_024675.4:c.2568A>C,normal
NM_024675.4:c.2567A>T,indeterminate
NM_024675.4:c.2567A>G,normal
NM_024675.4:c.2567A>C,normal
NM_024675.4:c.2566C>T,abnormal
NM_024675.4:c.2566C>G,normal
NM_024675.4:c.2566C>A,normal
NM_024675.4:c.2565A>T,normal
NM_024675.4:c.2565A>G,normal
NM_024675.4:c.2565A>C,normal
NM_024675.4:c.2564T>G,indeterminate
NM_024675.4:c.2564T>C,normal
NM_024675.4:c.2564T>A,indeterminate
NM_024675.4:c.2563C>T,normal
NM_024675.4:c.2563C>G,normal
NM_024675.4:c.2563C>A,normal
NM_024675.4:c.2562C>T,normal
NM_024675.4:c.2562C>G,normal
NM_024675.4:c.2562C>A,indeterminate
NM_024675.4:c.2561A>T,normal
NM_024675.4:c.2561A>G,normal
NM_024675.4:c.2561A>C,normal
NM_024675.4:c.2560A>T,normal
NM_024675.4:c.2560A>G,normal
NM_024675.4:c.2560A>C,normal
NM_024675.4:c.2559C>T,abnormal
NM_024675.4:c.2559C>G,normal
NM_024675.4:c.2559C>A,normal
NM_024675.4:c.2558G>T,normal
NM_024675.4:c.2558G>C,normal
NM_024675.4:c.2558G>A,normal
NM_024675.4:c.2557G>T,normal
NM_024675.4:c.2557G>C,normal
NM_024675.4:c.2557G>A,normal
NM_024675.4:c.2556A>T,normal
NM_024675.4:c.2556A>G,normal
NM_024675.4:c.2556A>C,normal
NM_024675.4:c.2555C>T,normal
NM_024675.4:c.2555C>G,normal
NM_024675.4:c.2555C>A,indeterminate
NM_024675.4:c.2554C>T,normal
NM_024675.4:c.2554C>G,normal
NM_024675.4:c.2554C>A,normal
NM_024675.4:c.2547C>T,normal
NM_024675.4:c.2547C>G,normal
NM_024675.4:c.2547C>A,normal
NM_024675.4:c.2546G>T,normal
NM_024675.4:c.2546G>C,normal
NM_024675.4:c.2546G>A,normal
NM_024675.4:c.2545A>T,normal
NM_024675.4:c.2545A>G,normal
NM_024675.4:c.2545A>C,normal
NM_024675.4:c.2544T>G,normal
NM_024675.4:c.2544T>C,normal
NM_024675.4:c.2544T>A,normal
NM_024675.4:c.2543A>T,normal
NM_024675.4:c.2543A>G,normal
NM_024675.4:c.2543A>C,normal
NM_024675.4:c.2542G>T,normal
NM_024675.4:c.2542G>C,normal
NM_024675.4:c.2542G>A,normal
NM_024675.4:c.2541T>G,normal
NM_024675.4:c.2541T>C,normal
NM_024675.4:c.2541T>A,normal
NM_024675.4:c.2540C>T,normal
NM_024675.4:c.2540C>G,normal
NM_024675.4:c.2540C>A,normal
NM_024675.4:c.2539T>G,normal
NM_024675.4:c.2539T>C,normal
NM_024675.4:c.2539T>A,normal
NM_024675.4:c.2538T>G,normal
NM_024675.4:c.2538T>C,normal
NM_024675.4:c.2538T>A,normal
NM_024675.4:c.2537C>T,normal
NM_024675.4:c.2537C>G,normal
NM_024675.4:c.2537C>A,normal
NM_024675.4:c.2536G>T,normal
NM_024675.4:c.2536G>C,normal
NM_024675.4:c.2536G>A,normal
NM_024675.4:c.2535T>G,normal
NM_024675.4:c.2535T>C,normal
NM_024675.4:c.2535T>A,normal
NM_024675.4:c.2534C>T,normal
NM_024675.4:c.2534C>G,normal
NM_024675.4:c.2534C>A,normal
NM_024675.4:c.2533C>T,normal
NM_024675.4:c.2533C>G,normal
NM_024675.4:c.2533C>A,normal
NM_024675.4:c.2532T>G,normal
NM_024675.4:c.2532T>C,normal
NM_024675.4:c.2532T>A,normal
NM_024675.4:c.2531T>G,normal
NM_024675.4:c.2531T>C,normal
NM_024675.4:c.2531T>A,normal
NM_024675.4:c.2530C>T,normal
NM_024675.4:c.2530C>G,normal
NM_024675.4:c.2530C>A,normal
NM_024675.4:c.2529G>T,normal
NM_024675.4:c.2529G>C,normal
NM_024675.4:c.2529G>A,normal
NM_024675.4:c.2528A>T,normal
NM_024675.4:c.2528A>G,normal
NM_024675.4:c.2528A>C,normal
NM_024675.4:c.2527G>T,abnormal
NM_024675.4:c.2527G>C,normal
NM_024675.4:c.2527G>A,normal
NM_024675.4:c.2526A>T,normal
NM_024675.4:c.2526A>G,normal
NM_024675.4:c.2526A>C,normal
NM_024675.4:c.2525C>T,normal
NM_024675.4:c.2525C>G,normal
NM_024675.4:c.2525C>A,normal
NM_024675.4:c.2524G>T,normal
NM_024675.4:c.2524G>C,normal
NM_024675.4:c.2524G>A,normal
NM_024675.4:c.2523A>T,normal
NM_024675.4:c.2523A>G,normal
NM_024675.4:c.2523A>C,normal
NM_024675.4:c.2522C>T,normal
NM_024675.4:c.2522C>G,normal
NM_024675.4:c.2522C>A,normal
NM_024675.4:c.2521A>T,normal
NM_024675.4:c.2521A>G,normal
NM_024675.4:c.2521A>C,normal
NM_024675.4:c.2520A>T,normal
NM_024675.4:c.2520A>G,normal
NM_024675.4:c.2520A>C,normal
NM_024675.4:c.2519A>T,normal
NM_024675.4:c.2519A>G,normal
NM_024675.4:c.2519A>C,normal
NM_024675.4:c.2518G>T,abnormal
NM_024675.4:c.2518G>C,normal
NM_024675.4:c.2518G>A,normal
NM_024675.4:c.2517T>G,normal
NM_024675.4:c.2517T>C,normal
NM_024675.4:c.2517T>A,normal
NM_024675.4:c.2516C>T,normal
NM_024675.4:c.2516C>G,normal
NM_024675.4:c.2516C>A,indeterminate
NM_024675.4:c.2515A>T,normal
NM_024675.4:c.2515A>G,normal
NM_024675.4:c.2515A>C,normal
NM_024675.4:c.2515-1G>T,abnormal
NM_024675.4:c.2515-1G>C,abnormal
NM_024675.4:c.2515-1G>A,abnormal
NM_024675.4:c.2515-2A>T,abnormal
NM_024675.4:c.2515-2A>G,abnormal
NM_024675.4:c.2515-2A>C,abnormal
NM_024675.4:c.2515-3C>T,normal
NM_024675.4:c.2515-3C>G,abnormal
NM_024675.4:c.2515-3C>A,indeterminate
NM_024675.4:c.2515-4A>T,normal
NM_024675.4:c.2515-4A>G,normal
NM_024675.4:c.2515-4A>C,normal
NM_024675.4:c.2515-5C>T,normal
NM_024675.4:c.2515-5C>G,normal
NM_024675.4:c.2515-5C>A,normal
NM_024675.4:c.2515-6T>G,normal
NM_024675.4:c.2515-6T>C,indeterminate
NM_024675.4:c.2515-6T>A,normal
NM_024675.4:c.2515-7T>G,indeterminate
NM_024675.4:c.2515-7T>C,normal
NM_024675.4:c.2515-7T>A,normal
NM_024675.4:c.2515-8T>G,normal
NM_024675.4:c.2515-8T>C,normal
NM_024675.4:c.2515-8T>A,normal
NM_024675.4:c.2515-9T>G,normal
NM_024675.4:c.2515-9T>C,normal
NM_024675.4:c.2515-9T>A,normal
NM_024675.4:c.2515-10G>T,normal
NM_024675.4:c.2515-10G>C,normal
NM_024675.4:c.2515-10G>A,normal
NM_024675.4:c.2515-11T>G,normal
NM_024675.4:c.2515-11T>C,normal
NM_024675.4:c.2515-11T>A,indeterminate
NM_024675.4:c.2515-12T>G,normal
NM_024675.4:c.2515-12T>C,normal
NM_024675.4:c.2515-12T>A,normal
NM_024675.4:c.2515-13T>G,normal
NM_024675.4:c.2515-13T>C,normal
NM_024675.4:c.2515-13T>A,normal
NM_024675.4:c.2515-14T>G,normal
NM_024675.4:c.2515-14T>C,normal
NM_024675.4:c.2515-14T>A,normal
NM_024675.4:c.2515-15C>T,normal
NM_024675.4:c.2515-15C>G,normal
NM_024675.4:c.2515-15C>A,normal
NM_024675.4:c.2515-16A>T,normal
NM_024675.4:c.2515-16A>G,normal
NM_024675.4:c.2515-16A>C,normal
NM_024675.4:c.2515-17G>T,normal
NM_024675.4:c.2515-17G>C,normal
NM_024675.4:c.2515-17G>A,normal
NM_024675.4:c.2515-18T>G,normal
NM_024675.4:c.2515-18T>C,normal
NM_024675.4:c.2515-18T>A,normal
NM_024675.4:c.2515-19G>T,normal
NM_024675.4:c.2515-19G>C,normal
NM_024675.4:c.2515-19G>A,normal
NM_024675.4:c.2515-20T>G,normal
NM_024675.4:c.2515-20T>C,normal
NM_024675.4:c.2515-20T>A,normal
NM_024675.4:c.2515-21A>T,normal
NM_024675.4:c.2515-21A>G,normal
NM_024675.4:c.2515-21A>C,normal
NM_024675.4:c.2515-22G>T,normal
NM_024675.4:c.2515-22G>C,normal
NM_024675.4:c.2515-22G>A,normal
NM_024675.4:c.2515-23T>G,normal
NM_024675.4:c.2515-23T>C,normal
NM_024675.4:c.2515-23T>A,indeterminate
NM_024675.4:c.2515-24A>T,normal
NM_024675.4:c.2515-24A>G,normal
NM_024675.4:c.2515-24A>C,normal
NM_024675.4:c.2514+21G>T,normal
NM_024675.4:c.2514+21G>C,normal
NM_024675.4:c.2514+21G>A,normal
NM_024675.4:c.2514+20T>G,normal
NM_024675.4:c.2514+20T>C,normal
NM_024675.4:c.2514+20T>A,normal
NM_024675.4:c.2514+19G>T,normal
NM_024675.4:c.2514+19G>C,normal
NM_024675.4:c.2514+19G>A,normal
NM_024675.4:c.2514+18T>G,normal
NM_024675.4:c.2514+18T>C,normal
NM_024675.4:c.2514+18T>A,indeterminate
NM_024675.4:c.2514+17C>T,normal
NM_024675.4:c.2514+17C>G,normal
NM_024675.4:c.2514+17C>A,normal
NM_024675.4:c.2514+16T>G,normal
NM_024675.4:c.2514+16T>C,normal
NM_024675.4:c.2514+16T>A,indeterminate
NM_024675.4:c.2514+15C>T,normal
NM_024675.4:c.2514+15C>G,normal
NM_024675.4:c.2514+15C>A,normal
NM_024675.4:c.2514+14C>T,normal
NM_024675.4:c.2514+14C>G,normal
NM_024675.4:c.2514+14C>A,normal
NM_024675.4:c.2514+13T>G,normal
NM_024675.4:c.2514+13T>C,normal
NM_024675.4:c.2514+13T>A,normal
NM_024675.4:c.2514+12T>G,normal
NM_024675.4:c.2514+12T>C,normal
NM_024675.4:c.2514+12T>A,normal
NM_024675.4:c.2514+11T>G,normal
NM_024675.4:c.2514+11T>C,normal
NM_024675.4:c.2514+11T>A,normal
NM_024675.4:c.2514+10A>T,normal
NM_024675.4:c.2514+10A>G,indeterminate
NM_024675.4:c.2514+10A>C,normal
NM_024675.4:c.2514+9C>T,indeterminate
NM_024675.4:c.2514+9C>G,normal
NM_024675.4:c.2514+9C>A,normal
NM_024675.4:c.2514+8C>T,normal
NM_024675.4:c.2514+8C>G,normal
NM_024675.4:c.2514+8C>A,normal
NM_024675.4:c.2514+7T>G,normal
NM_024675.4:c.2514+7T>C,normal
NM_024675.4:c.2514+7T>A,normal
NM_024675.4:c.2514+6A>T,indeterminate
NM_024675.4:c.2514+6A>G,normal
NM_024675.4:c.2514+6A>C,normal
NM_024675.4:c.2514+5A>T,normal
NM_024675.4:c.2514+5A>G,normal
NM_024675.4:c.2514+5A>C,normal
NM_024675.4:c.2514+4C>T,normal
NM_024675.4:c.2514+4C>G,normal
NM_024675.4:c.2514+4C>A,normal
NM_024675.4:c.2514+3A>T,normal
NM_024675.4:c.2514+3A>G,normal
NM_024675.4:c.2514+3A>C,normal
NM_024675.4:c.2514+2T>G,abnormal
NM_024675.4:c.2514+2T>C,abnormal
NM_024675.4:c.2514+2T>A,abnormal
NM_024675.4:c.2514+1G>T,abnormal
NM_024675.4:c.2514+1G>C,abnormal
NM_024675.4:c.2514+1G>A,abnormal
NM_024675.4:c.2514G>T,abnormal
NM_024675.4:c.2514G>C,abnormal
NM_024675.4:c.2514G>A,abnormal
NM_024675.4:c.2513A>T,normal
NM_024675.4:c.2513A>G,normal
NM_024675.4:c.2513A>C,normal
NM_024675.4:c.2512C>T,abnormal
NM_024675.4:c.2512C>G,normal
NM_024675.4:c.2512C>A,normal
NM_024675.4:c.2511A>T,normal
NM_024675.4:c.2511A>G,normal
NM_024675.4:c.2511A>C,normal
NM_024675.4:c.2510A>T,normal
NM_024675.4:c.2510A>G,normal
NM_024675.4:c.2510A>C,normal
NM_024675.4:c.2509G>T,abnormal
NM_024675.4:c.2509G>C,normal
NM_024675.4:c.2509G>A,normal
NM_024675.4:c.2508C>T,normal
NM_024675.4:c.2508C>G,normal
NM_024675.4:c.2508C>A,normal
NM_024675.4:c.2507T>G,normal
NM_024675.4:c.2507T>C,normal
NM_024675.4:c.2507T>A,normal
NM_024675.4:c.2506G>T,normal
NM_024675.4:c.2506G>C,normal
NM_024675.4:c.2506G>A,normal
NM_024675.4:c.2505C>T,normal
NM_024675.4:c.2505C>G,normal
NM_024675.4:c.2505C>A,normal
NM_024675.4:c.2504C>T,normal
NM_024675.4:c.2504C>G,normal
NM_024675.4:c.2504C>A,normal
NM_024675.4:c.2503T>G,indeterminate
NM_024675.4:c.2503T>C,normal
NM_024675.4:c.2503T>A,normal
NM_024675.4:c.2502T>G,normal
NM_024675.4:c.2502T>C,normal
NM_024675.4:c.2502T>A,normal
NM_024675.4:c.2501A>T,normal
NM_024675.4:c.2501A>G,normal
NM_024675.4:c.2501A>C,normal
NM_024675.4:c.2500C>T,normal
NM_024675.4:c.2500C>G,normal
NM_024675.4:c.2500C>A,normal
NM_024675.4:c.2499A>T,normal
NM_024675.4:c.2499A>G,normal
NM_024675.4:c.2499A>C,normal
NM_024675.4:c.2498A>T,normal
NM_024675.4:c.2498A>G,normal
NM_024675.4:c.2498A>C,normal
NM_024675.4:c.2497A>T,abnormal
NM_024675.4:c.2497A>G,normal
NM_024675.4:c.2497A>C,normal
NM_024675.4:c.2496T>G,normal
NM_024675.4:c.2496T>C,normal
NM_024675.4:c.2496T>A,normal
NM_024675.4:c.2495A>T,normal
NM_024675.4:c.2495A>G,normal
NM_024675.4:c.2495A>C,normal
NM_024675.4:c.2494C>T,normal
NM_024675.4:c.2494C>G,normal
NM_024675.4:c.2494C>A,normal
NM_024675.4:c.2493G>T,normal
NM_024675.4:c.2493G>C,normal
NM_024675.4:c.2493G>A,normal
NM_024675.4:c.2492T>G,normal
NM_024675.4:c.2492T>C,normal
NM_024675.4:c.2492T>A,normal
NM_024675.4:c.2491C>T,normal
NM_024675.4:c.2491C>G,normal
NM_024675.4:c.2491C>A,normal
NM_024675.4:c.2490G>T,normal
NM_024675.4:c.2490G>C,normal
NM_024675.4:c.2490G>A,normal
NM_024675.4:c.2489A>T,normal
NM_024675.4:c.2489A>G,normal
NM_024675.4:c.2489A>C,normal
NM_024675.4:c.2488G>T,abnormal
NM_024675.4:c.2488G>C,normal
NM_024675.4:c.2488G>A,normal
NM_024675.4:c.2487G>T,normal
NM_024675.4:c.2487G>C,normal
NM_024675.4:c.2487G>A,normal
NM_024675.4:c.2486A>T,normal
NM_024675.4:c.2486A>G,normal
NM_024675.4:c.2486A>C,normal
NM_024675.4:c.2485C>T,abnormal
NM_024675.4:c.2485C>G,normal
NM_024675.4:c.2485C>A,normal
NM_024675.4:c.2484C>T,normal
NM_024675.4:c.2484C>G,normal
NM_024675.4:c.2484C>A,abnormal
NM_024675.4:c.2483G>T,normal
NM_024675.4:c.2483G>C,normal
NM_024675.4:c.2483G>A,normal
NM_024675.4:c.2482T>G,normal
NM_024675.4:c.2482T>C,normal
NM_024675.4:c.2482T>A,normal
NM_024675.4:c.2481A>T,normal
NM_024675.4:c.2481A>G,normal
NM_024675.4:c.2481A>C,normal
NM_024675.4:c.2480C>T,normal
NM_024675.4:c.2480C>G,normal
NM_024675.4:c.2480C>A,normal
NM_024675.4:c.2479A>T,normal
NM_024675.4:c.2479A>G,normal
NM_024675.4:c.2479A>C,normal
NM_024675.4:c.2478C>T,normal
NM_024675.4:c.2478C>G,normal
NM_024675.4:c.2478C>A,normal
NM_024675.4:c.2477A>T,normal
NM_024675.4:c.2477A>G,normal
NM_024675.4:c.2477A>C,normal
NM_024675.4:c.2476A>T,normal
NM_024675.4:c.2476A>G,normal
NM_024675.4:c.2476A>C,normal
NM_024675.4:c.2475A>T,normal
NM_024675.4:c.2475A>G,normal
NM_024675.4:c.2475A>C,normal
NM_024675.4:c.2474G>T,normal
NM_024675.4:c.2474G>C,normal
NM_024675.4:c.2474G>A,indeterminate
NM_024675.4:c.2473A>T,abnormal
NM_024675.4:c.2473A>G,normal
NM_024675.4:c.2473A>C,normal
NM_024675.4:c.2472T>G,normal
NM_024675.4:c.2472T>C,normal
NM_024675.4:c.2472T>A,abnormal
NM_024675.4:c.2471G>T,normal
NM_024675.4:c.2471G>C,normal
NM_024675.4:c.2471G>A,normal
NM_024675.4:c.2470T>G,normal
NM_024675.4:c.2470T>C,normal
NM_024675.4:c.2470T>A,normal
NM_024675.4:c.2469C>T,normal
NM_024675.4:c.2469C>G,normal
NM_024675.4:c.2469C>A,normal
NM_024675.4:c.2468T>G,normal
NM_024675.4:c.2468T>C,normal
NM_024675.4:c.2468T>A,normal
NM_024675.4:c.2467C>T,normal
NM_024675.4:c.2467C>G,normal
NM_024675.4:c.2467C>A,normal
NM_024675.4:c.2466G>T,normal
NM_024675.4:c.2466G>C,normal
NM_024675.4:c.2466G>A,normal
NM_024675.4:c.2465A>T,normal
NM_024675.4:c.2465A>G,normal
NM_024675.4:c.2465A>C,normal
NM_024675.4:c.2464C>T,abnormal
NM_024675.4:c.2464C>G,normal
NM_024675.4:c.2464C>A,normal
NM_024675.4:c.2463T>G,indeterminate
NM_024675.4:c.2463T>C,normal
NM_024675.4:c.2463T>A,normal
NM_024675.4:c.2462A>T,normal
NM_024675.4:c.2462A>G,normal
NM_024675.4:c.2462A>C,normal
NM_024675.4:c.2461A>T,normal
NM_024675.4:c.2461A>G,normal
NM_024675.4:c.2461A>C,normal
NM_024675.4:c.2460A>T,normal
NM_024675.4:c.2460A>G,normal
NM_024675.4:c.2460A>C,normal
NM_024675.4:c.2459A>T,normal
NM_024675.4:c.2459A>G,normal
NM_024675.4:c.2459A>C,normal
NM_024675.4:c.2458G>T,abnormal
NM_024675.4:c.2458G>C,indeterminate
NM_024675.4:c.2458G>A,normal
NM_024675.4:c.2457A>T,normal
NM_024675.4:c.2457A>G,normal
NM_024675.4:c.2457A>C,normal
NM_024675.4:c.2456A>T,normal
NM_024675.4:c.2456A>G,normal
NM_024675.4:c.2456A>C,normal
NM_024675.4:c.2455A>T,abnormal
NM_024675.4:c.2455A>G,normal
NM_024675.4:c.2455A>C,normal
NM_024675.4:c.2454T>G,normal
NM_024675.4:c.2454T>C,normal
NM_024675.4:c.2454T>A,normal
NM_024675.4:c.2453T>G,normal
NM_024675.4:c.2453T>C,normal
NM_024675.4:c.2453T>A,normal
NM_024675.4:c.2452T>G,normal
NM_024675.4:c.2452T>C,normal
NM_024675.4:c.2452T>A,normal
NM_024675.4:c.2451T>G,normal
NM_024675.4:c.2451T>C,normal
NM_024675.4:c.2451T>A,normal
NM_024675.4:c.2450C>T,normal
NM_024675.4:c.2450C>G,normal
NM_024675.4:c.2450C>A,normal
NM_024675.4:c.2449A>T,normal
NM_024675.4:c.2449A>G,normal
NM_024675.4:c.2449A>C,normal
NM_024675.4:c.2448C>T,normal
NM_024675.4:c.2448C>G,normal
NM_024675.4:c.2448C>A,normal
NM_024675.4:c.2447T>G,normal
NM_024675.4:c.2447T>C,normal
NM_024675.4:c.2447T>A,normal
NM_024675.4:c.2446T>G,indeterminate
NM_024675.4:c.2446T>C,normal
NM_024675.4:c.2446T>A,normal
NM_024675.4:c.2445A>T,normal
NM_024675.4:c.2445A>G,normal
NM_024675.4:c.2445A>C,normal
NM_024675.4:c.2444C>T,normal
NM_024675.4:c.2444C>G,abnormal
NM_024675.4:c.2444C>A,abnormal
NM_024675.4:c.2443T>G,normal
NM_024675.4:c.2443T>C,normal
NM_024675.4:c.2443T>A,normal
NM_024675.4:c.2442G>T,normal
NM_024675.4:c.2442G>C,normal
NM_024675.4:c.2442G>A,indeterminate
NM_024675.4:c.2441A>T,normal
NM_024675.4:c.2441A>G,normal
NM_024675.4:c.2441A>C,normal
NM_024675.4:c.2440G>T,abnormal
NM_024675.4:c.2440G>C,normal
NM_024675.4:c.2440G>A,normal
NM_024675.4:c.2439T>G,normal
NM_024675.4:c.2439T>C,normal
NM_024675.4:c.2439T>A,normal
NM_024675.4:c.2438T>G,normal
NM_024675.4:c.2438T>C,normal
NM_024675.4:c.2438T>A,normal
NM_024675.4:c.2437A>T,normal
NM_024675.4:c.2437A>G,normal
NM_024675.4:c.2437A>C,normal
NM_024675.4:c.2430T>G,normal
NM_024675.4:c.2430T>C,normal
NM_024675.4:c.2430T>A,indeterminate
NM_024675.4:c.2429C>T,normal
NM_024675.4:c.2429C>G,normal
NM_024675.4:c.2429C>A,normal
NM_024675.4:c.2428C>T,normal
NM_024675.4:c.2428C>G,normal
NM_024675.4:c.2428C>A,normal
NM_024675.4:c.2427A>T,normal
NM_024675.4:c.2427A>G,normal
NM_024675.4:c.2427A>C,indeterminate
NM_024675.4:c.2426C>T,normal
NM_024675.4:c.2426C>G,indeterminate
NM_024675.4:c.2426C>A,normal
NM_024675.4:c.2425A>T,indeterminate
NM_024675.4:c.2425A>G,indeterminate
NM_024675.4:c.2425A>C,indeterminate
NM_024675.4:c.2424A>T,normal
NM_024675.4:c.2424A>G,indeterminate
NM_024675.4:c.2424A>C,normal
NM_024675.4:c.2423G>T,normal
NM_024675.4:c.2423G>C,normal
NM_024675.4:c.2423G>A,normal
NM_024675.4:c.2422G>T,abnormal
NM_024675.4:c.2422G>C,normal
NM_024675.4:c.2422G>A,indeterminate
NM_024675.4:c.2421A>T,indeterminate
NM_024675.4:c.2421A>G,normal
NM_024675.4:c.2421A>C,normal
NM_024675.4:c.2420C>T,normal
NM_024675.4:c.2420C>G,abnormal
NM_024675.4:c.2420C>A,indeterminate
NM_024675.4:c.2419C>T,normal
NM_024675.4:c.2419C>G,indeterminate
NM_024675.4:c.2419C>A,normal
NM_024675.4:c.2418G>T,normal
NM_024675.4:c.2418G>C,normal
NM_024675.4:c.2418G>A,normal
NM_024675.4:c.2417C>T,normal
NM_024675.4:c.2417C>G,abnormal
NM_024675.4:c.2417C>A,normal
NM_024675.4:c.2416C>T,normal
NM_024675.4:c.2416C>G,normal
NM_024675.4:c.2416C>A,normal
NM_024675.4:c.2415C>T,normal
NM_024675.4:c.2415C>G,normal
NM_024675.4:c.2415C>A,abnormal
NM_024675.4:c.2414T>G,indeterminate
NM_024675.4:c.2414T>C,normal
NM_024675.4:c.2414T>A,indeterminate
NM_024675.4:c.2413G>T,indeterminate
NM_024675.4:c.2413G>C,indeterminate
NM_024675.4:c.2413G>A,normal
NM_024675.4:c.2412T>G,normal
NM_024675.4:c.2412T>C,normal
NM_024675.4:c.2412T>A,normal
NM_024675.4:c.2411C>T,normal
NM_024675.4:c.2411C>G,normal
NM_024675.4:c.2411C>A,abnormal
NM_024675.4:c.2410T>G,indeterminate
NM_024675.4:c.2410T>C,indeterminate
NM_024675.4:c.2410T>A,normal
NM_024675.4:c.2409C>T,normal
NM_024675.4:c.2409C>G,normal
NM_024675.4:c.2409C>A,normal
NM_024675.4:c.2408A>T,normal
NM_024675.4:c.2408A>G,indeterminate
NM_024675.4:c.2408A>C,normal
NM_024675.4:c.2407G>T,normal
NM_024675.4:c.2407G>C,indeterminate
NM_024675.4:c.2407G>A,indeterminate
NM_024675.4:c.2406T>G,normal
NM_024675.4:c.2406T>C,normal
NM_024675.4:c.2406T>A,abnormal
NM_024675.4:c.2405G>T,indeterminate
NM_024675.4:c.2405G>C,normal
NM_024675.4:c.2405G>A,normal
NM_024675.4:c.2404T>G,normal
NM_024675.4:c.2404T>C,indeterminate
NM_024675.4:c.2404T>A,abnormal
NM_024675.4:c.2403C>T,normal
NM_024675.4:c.2403C>G,normal
NM_024675.4:c.2403C>A,normal
NM_024675.4:c.2402A>T,indeterminate
NM_024675.4:c.2402A>G,indeterminate
NM_024675.4:c.2402A>C,normal
NM_024675.4:c.2401G>T,indeterminate
NM_024675.4:c.2401G>C,indeterminate
NM_024675.4:c.2401G>A,indeterminate
NM_024675.4:c.2400T>G,normal
NM_024675.4:c.2400T>C,normal
NM_024675.4:c.2400T>A,abnormal
NM_024675.4:c.2399G>T,indeterminate
NM_024675.4:c.2399G>C,abnormal
NM_024675.4:c.2399G>A,normal
NM_024675.4:c.2398T>G,indeterminate
NM_024675.4:c.2398T>C,indeterminate
NM_024675.4:c.2398T>A,abnormal
NM_024675.4:c.2394T>G,indeterminate
NM_024675.4:c.2394T>C,normal
NM_024675.4:c.2394T>A,normal
NM_024675.4:c.2393C>T,normal
NM_024675.4:c.2393C>G,normal
NM_024675.4:c.2393C>A,indeterminate
NM_024675.4:c.2392C>T,normal
NM_024675.4:c.2392C>G,normal
NM_024675.4:c.2392C>A,normal
NM_024675.4:c.2391A>T,indeterminate
NM_024675.4:c.2391A>G,indeterminate
NM_024675.4:c.2391A>C,indeterminate
NM_024675.4:c.2390A>T,normal
NM_024675.4:c.2390A>G,abnormal
NM_024675.4:c.2390A>C,normal
NM_024675.4:c.2389C>T,abnormal
NM_024675.4:c.2389C>G,indeterminate
NM_024675.4:c.2389C>A,normal
NM_024675.4:c.2388A>T,indeterminate
NM_024675.4:c.2388A>G,indeterminate
NM_024675.4:c.2388A>C,normal
NM_024675.4:c.2387G>T,normal
NM_024675.4:c.2387G>C,indeterminate
NM_024675.4:c.2387G>A,normal
NM_024675.4:c.2386G>T,abnormal
NM_024675.4:c.2386G>C,normal
NM_024675.4:c.2386G>A,normal
NM_024675.4:c.2385A>T,normal
NM_024675.4:c.2385A>G,indeterminate
NM_024675.4:c.2385A>C,abnormal
NM_024675.4:c.2384A>T,normal
NM_024675.4:c.2384A>G,normal
NM_024675.4:c.2384A>C,normal
NM_024675.4:c.2383C>T,abnormal
NM_024675.4:c.2383C>G,indeterminate
NM_024675.4:c.2383C>A,abnormal
NM_024675.4:c.2382G>T,normal
NM_024675.4:c.2382G>C,indeterminate
NM_024675.4:c.2382G>A,normal
NM_024675.4:c.2381G>T,indeterminate
NM_024675.4:c.2381G>C,normal
NM_024675.4:c.2381G>A,normal
NM_024675.4:c.2380A>T,indeterminate
NM_024675.4:c.2380A>G,normal
NM_024675.4:c.2380A>C,indeterminate
NM_024675.4:c.2379C>T,normal
NM_024675.4:c.2379C>G,normal
NM_024675.4:c.2379C>A,normal
NM_024675.4:c.2378G>T,normal
NM_024675.4:c.2378G>C,normal
NM_024675.4:c.2378G>A,normal
NM_024675.4:c.2377G>T,indeterminate
NM_024675.4:c.2377G>C,indeterminate
NM_024675.4:c.2377G>A,normal
NM_024675.4:c.2376A>T,normal
NM_024675.4:c.2376A>G,normal
NM_024675.4:c.2376A>C,indeterminate
NM_024675.4:c.2375C>T,normal
NM_024675.4:c.2375C>G,abnormal
NM_024675.4:c.2375C>A,abnormal
NM_024675.4:c.2374T>G,indeterminate
NM_024675.4:c.2374T>C,normal
NM_024675.4:c.2374T>A,normal
NM_024675.4:c.2373G>T,normal
NM_024675.4:c.2373G>C,normal
NM_024675.4:c.2373G>A,indeterminate
NM_024675.4:c.2372T>G,normal
NM_024675.4:c.2372T>C,normal
NM_024675.4:c.2372T>A,indeterminate
NM_024675.4:c.2371G>T,normal
NM_024675.4:c.2371G>C,normal
NM_024675.4:c.2371G>A,normal
NM_024675.4:c.2370A>T,normal
NM_024675.4:c.2370A>G,normal
NM_024675.4:c.2370A>C,normal
NM_024675.4:c.2369A>T,normal
NM_024675.4:c.2369A>G,indeterminate
NM_024675.4:c.2369A>C,normal
NM_024675.4:c.2368C>T,abnormal
NM_024675.4:c.2368C>G,normal
NM_024675.4:c.2368C>A,indeterminate
NM_024675.4:c.2367G>T,indeterminate
NM_024675.4:c.2367G>C,normal
NM_024675.4:c.2367G>A,normal
NM_024675.4:c.2366T>G,normal
NM_024675.4:c.2366T>C,normal
NM_024675.4:c.2366T>A,indeterminate
NM_024675.4:c.2365C>T,indeterminate
NM_024675.4:c.2365C>G,normal
NM_024675.4:c.2365C>A,indeterminate
NM_024675.4:c.2364C>T,normal
NM_024675.4:c.2364C>G,normal
NM_024675.4:c.2364C>A,normal
NM_024675.4:c.2363C>T,normal
NM_024675.4:c.2363C>G,normal
NM_024675.4:c.2363C>A,normal
NM_024675.4:c.2362A>T,indeterminate
NM_024675.4:c.2362A>G,indeterminate
NM_024675.4:c.2362A>C,normal
NM_024675.4:c.2358T>G,normal
NM_024675.4:c.2358T>C,abnormal
NM_024675.4:c.2358T>A,indeterminate
NM_024675.4:c.2357A>T,indeterminate
NM_024675.4:c.2357A>G,normal
NM_024675.4:c.2357A>C,indeterminate
NM_024675.4:c.2356C>T,abnormal
NM_024675.4:c.2356C>G,abnormal
NM_024675.4:c.2356C>A,abnormal
NM_024675.4:c.2355A>T,normal
NM_024675.4:c.2355A>G,normal
NM_024675.4:c.2355A>C,indeterminate
NM_024675.4:c.2354C>T,normal
NM_024675.4:c.2354C>G,abnormal
NM_024675.4:c.2354C>A,normal
NM_024675.4:c.2353C>T,indeterminate
NM_024675.4:c.2353C>G,abnormal
NM_024675.4:c.2353C>A,indeterminate
NM_024675.4:c.2352A>T,normal
NM_024675.4:c.2352A>G,abnormal
NM_024675.4:c.2352A>C,indeterminate
NM_024675.4:c.2351A>T,normal
NM_024675.4:c.2351A>G,normal
NM_024675.4:c.2351A>C,normal
NM_024675.4:c.2350A>T,abnormal
NM_024675.4:c.2350A>G,normal
NM_024675.4:c.2350A>C,normal
NM_024675.4:c.2349A>T,indeterminate
NM_024675.4:c.2349A>G,normal
NM_024675.4:c.2349A>C,indeterminate
NM_024675.4:c.2348C>T,indeterminate
NM_024675.4:c.2348C>G,normal
NM_024675.4:c.2348C>A,normal
NM_024675.4:c.2347G>T,indeterminate
NM_024675.4:c.2347G>C,indeterminate
NM_024675.4:c.2347G>A,normal
NM_024675.4:c.2346A>T,normal
NM_024675.4:c.2346A>G,normal
NM_024675.4:c.2346A>C,indeterminate
NM_024675.4:c.2345C>T,abnormal
NM_024675.4:c.2345C>G,normal
NM_024675.4:c.2345C>A,abnormal
NM_024675.4:c.2344C>T,indeterminate
NM_024675.4:c.2344C>G,indeterminate
NM_024675.4:c.2344C>A,abnormal
NM_024675.4:c.2343C>T,normal
NM_024675.4:c.2343C>G,abnormal
NM_024675.4:c.2343C>A,indeterminate
NM_024675.4:c.2342G>T,normal
NM_024675.4:c.2342G>C,abnormal
NM_024675.4:c.2342G>A,indeterminate
NM_024675.4:c.2341A>T,indeterminate
NM_024675.4:c.2341A>G,normal
NM_024675.4:c.2341A>C,abnormal
NM_024675.4:c.2340C>T,normal
NM_024675.4:c.2340C>G,abnormal
NM_024675.4:c.2340C>A,normal
NM_024675.4:c.2339G>T,abnormal
NM_024675.4:c.2339G>C,abnormal
NM_024675.4:c.2339G>A,indeterminate
NM_024675.4:c.2338G>T,abnormal
NM_024675.4:c.2338G>C,normal
NM_024675.4:c.2338G>A,abnormal
NM_024675.4:c.2337A>T,indeterminate
NM_024675.4:c.2337A>G,normal
NM_024675.4:c.2337A>C,abnormal
NM_024675.4:c.2336C>T,normal
NM_024675.4:c.2336C>G,abnormal
NM_024675.4:c.2336C>A,abnormal
NM_024675.4:c.2335T>G,indeterminate
NM_024675.4:c.2335T>C,indeterminate
NM_024675.4:c.2335T>A,abnormal
NM_024675.4:c.2334T>G,indeterminate
NM_024675.4:c.2334T>C,normal
NM_024675.4:c.2334T>A,normal
NM_024675.4:c.2333G>T,indeterminate
NM_024675.4:c.2333G>C,normal
NM_024675.4:c.2333G>A,abnormal
NM_024675.4:c.2332A>T,normal
NM_024675.4:c.2332A>G,indeterminate
NM_024675.4:c.2332A>C,indeterminate
NM_024675.4:c.2331C>T,indeterminate
NM_024675.4:c.2331C>G,abnormal
NM_024675.4:c.2331C>A,abnormal
NM_024675.4:c.2330A>T,indeterminate
NM_024675.4:c.2330A>G,indeterminate
NM_024675.4:c.2330A>C,indeterminate
NM_024675.4:c.2329G>T,abnormal
NM_024675.4:c.2329G>C,normal
NM_024675.4:c.2329G>A,normal
NM_024675.4:c.2328C>T,indeterminate
NM_024675.4:c.2328C>G,abnormal
NM_024675.4:c.2328C>A,abnormal
NM_024675.4:c.2327T>G,normal
NM_024675.4:c.2327T>C,normal
NM_024675.4:c.2327T>A,normal
NM_024675.4:c.2326T>G,normal
NM_024675.4:c.2326T>C,normal
NM_024675.4:c.2326T>A,indeterminate
NM_024675.4:c.2325A>T,normal
NM_024675.4:c.2325A>G,normal
NM_024675.4:c.2325A>C,normal
NM_024675.4:c.2324A>T,indeterminate
NM_024675.4:c.2324A>G,normal
NM_024675.4:c.2324A>C,normal
NM_024675.4:c.2323C>T,abnormal
NM_024675.4:c.2323C>G,normal
NM_024675.4:c.2323C>A,normal
NM_024675.4:c.2322A>T,normal
NM_024675.4:c.2322A>G,normal
NM_024675.4:c.2322A>C,normal
NM_024675.4:c.2321A>T,normal
NM_024675.4:c.2321A>G,normal
NM_024675.4:c.2321A>C,indeterminate
NM_024675.4:c.2320A>T,abnormal
NM_024675.4:c.2320A>G,abnormal
NM_024675.4:c.2320A>C,normal
NM_024675.4:c.2319T>G,normal
NM_024675.4:c.2319T>C,normal
NM_024675.4:c.2319T>A,indeterminate
NM_024675.4:c.2318C>T,indeterminate
NM_024675.4:c.2318C>G,normal
NM_024675.4:c.2318C>A,indeterminate
NM_024675.4:c.2317A>T,normal
NM_024675.4:c.2317A>G,normal
NM_024675.4:c.2317A>C,indeterminate
NM_024675.4:c.2316T>G,normal
NM_024675.4:c.2316T>C,indeterminate
NM_024675.4:c.2316T>A,abnormal
NM_024675.4:c.2315A>T,normal
NM_024675.4:c.2315A>G,abnormal
NM_024675.4:c.2315A>C,indeterminate
NM_024675.4:c.2314G>T,normal
NM_024675.4:c.2314G>C,indeterminate
NM_024675.4:c.2314G>A,normal
NM_024675.4:c.2313T>G,normal
NM_024675.4:c.2313T>C,normal
NM_024675.4:c.2313T>A,normal
NM_024675.4:c.2312G>T,normal
NM_024675.4:c.2312G>C,normal
NM_024675.4:c.2312G>A,normal
NM_024675.4:c.2311A>T,normal
NM_024675.4:c.2311A>G,normal
NM_024675.4:c.2311A>C,normal
NM_024675.4:c.2310C>T,indeterminate
NM_024675.4:c.2310C>G,normal
NM_024675.4:c.2310C>A,normal
NM_024675.4:c.2309C>T,normal
NM_024675.4:c.2309C>G,normal
NM_024675.4:c.2309C>A,normal
NM_024675.4:c.2308G>T,normal
NM_024675.4:c.2308G>C,normal
NM_024675.4:c.2308G>A,normal
NM_024675.4:c.2307T>G,normal
NM_024675.4:c.2307T>C,normal
NM_024675.4:c.2307T>A,normal
NM_024675.4:c.2306T>G,normal
NM_024675.4:c.2306T>C,normal
NM_024675.4:c.2306T>A,normal
NM_024675.4:c.2305C>T,normal
NM_024675.4:c.2305C>G,normal
NM_024675.4:c.2305C>A,normal
NM_024675.4:c.2304T>G,indeterminate
NM_024675.4:c.2304T>C,normal
NM_024675.4:c.2304T>A,abnormal
NM_024675.4:c.2303G>T,normal
NM_024675.4:c.2303G>C,normal
NM_024675.4:c.2303G>A,normal
NM_024675.4:c.2302T>G,normal
NM_024675.4:c.2302T>C,normal
NM_024675.4:c.2302T>A,normal
NM_024675.4:c.2301C>T,normal
NM_024675.4:c.2301C>G,normal
NM_024675.4:c.2301C>A,normal
NM_024675.4:c.2300T>G,normal
NM_024675.4:c.2300T>C,normal
NM_024675.4:c.2300T>A,normal
NM_024675.4:c.2299G>T,normal
NM_024675.4:c.2299G>C,normal
NM_024675.4:c.2299G>A,normal
NM_024675.4:c.2298A>T,normal
NM_024675.4:c.2298A>G,indeterminate
NM_024675.4:c.2298A>C,normal
NM_024675.4:c.2297C>T,normal
NM_024675.4:c.2297C>G,abnormal
NM_024675.4:c.2297C>A,indeterminate
NM_024675.4:c.2296T>G,normal
NM_024675.4:c.2296T>C,normal
NM_024675.4:c.2296T>A,normal
NM_024675.4:c.2295C>T,normal
NM_024675.4:c.2295C>G,normal
NM_024675.4:c.2295C>A,normal
NM_024675.4:c.2294A>T,indeterminate
NM_024675.4:c.2294A>G,normal
NM_024675.4:c.2294A>C,normal
NM_024675.4:c.2293G>T,normal
NM_024675.4:c.2293G>C,normal
NM_024675.4:c.2293G>A,indeterminate
NM_024675.4:c.2292A>T,normal
NM_024675.4:c.2292A>G,normal
NM_024675.4:c.2292A>C,normal
NM_024675.4:c.2291A>T,normal
NM_024675.4:c.2291A>G,indeterminate
NM_024675.4:c.2291A>C,normal
NM_024675.4:c.2290A>T,abnormal
NM_024675.4:c.2290A>G,normal
NM_024675.4:c.2290A>C,normal
NM_024675.4:c.2289G>T,normal
NM_024675.4:c.2289G>C,normal
NM_024675.4:c.2289G>A,normal
NM_024675.4:c.2288T>G,normal
NM_024675.4:c.2288T>C,normal
NM_024675.4:c.2288T>A,abnormal
NM_024675.4:c.2287T>G,normal
NM_024675.4:c.2287T>C,normal
NM_024675.4:c.2287T>A,normal
NM_024675.4:c.2286T>G,normal
NM_024675.4:c.2286T>C,normal
NM_024675.4:c.2286T>A,normal
NM_024675.4:c.2285A>T,indeterminate
NM_024675.4:c.2285A>G,normal
NM_024675.4:c.2285A>C,normal
NM_024675.4:c.2284C>T,normal
NM_024675.4:c.2284C>G,normal
NM_024675.4:c.2284C>A,normal
NM_024675.4:c.2283T>G,normal
NM_024675.4:c.2283T>C,normal
NM_024675.4:c.2283T>A,normal
NM_024675.4:c.2282C>T,normal
NM_024675.4:c.2282C>G,normal
NM_024675.4:c.2282C>A,normal
NM_024675.4:c.2281G>T,normal
NM_024675.4:c.2281G>C,indeterminate
NM_024675.4:c.2281G>A,normal
NM_024675.4:c.2274C>T,normal
NM_024675.4:c.2274C>G,normal
NM_024675.4:c.2274C>A,normal
NM_024675.4:c.2273C>T,normal
NM_024675.4:c.2273C>G,normal
NM_024675.4:c.2273C>A,normal
NM_024675.4:c.2272C>T,normal
NM_024675.4:c.2272C>G,normal
NM_024675.4:c.2272C>A,normal
NM_024675.4:c.2271A>T,normal
NM_024675.4:c.2271A>G,normal
NM_024675.4:c.2271A>C,normal
NM_024675.4:c.2270C>T,normal
NM_024675.4:c.2270C>G,normal
NM_024675.4:c.2270C>A,normal
NM_024675.4:c.2269A>T,normal
NM_024675.4:c.2269A>G,normal
NM_024675.4:c.2269A>C,normal
NM_024675.4:c.2268C>T,normal
NM_024675.4:c.2268C>G,normal
NM_024675.4:c.2268C>A,abnormal
NM_024675.4:c.2267G>T,normal
NM_024675.4:c.2267G>C,normal
NM_024675.4:c.2267G>A,normal
NM_024675.4:c.2266T>G,normal
NM_024675.4:c.2266T>C,normal
NM_024675.4:c.2266T>A,normal
NM_024675.4:c.2265C>T,normal
NM_024675.4:c.2265C>G,normal
NM_024675.4:c.2265C>A,abnormal
NM_024675.4:c.2264G>T,normal
NM_024675.4:c.2264G>C,normal
NM_024675.4:c.2264G>A,normal
NM_024675.4:c.2263T>G,normal
NM_024675.4:c.2263T>C,normal
NM_024675.4:c.2263T>A,normal
NM_024675.4:c.2262T>G,normal
NM_024675.4:c.2262T>C,normal
NM_024675.4:c.2262T>A,normal
NM_024675.4:c.2261C>T,normal
NM_024675.4:c.2261C>G,normal
NM_024675.4:c.2261C>A,normal
NM_024675.4:c.2260A>T,normal
NM_024675.4:c.2260A>G,normal
NM_024675.4:c.2260A>C,normal
NM_024675.4:c.2259A>T,normal
NM_024675.4:c.2259A>G,indeterminate
NM_024675.4:c.2259A>C,normal
NM_024675.4:c.2258G>T,normal
NM_024675.4:c.2258G>C,normal
NM_024675.4:c.2258G>A,indeterminate
NM_024675.4:c.2257C>T,abnormal
NM_024675.4:c.2257C>G,normal
NM_024675.4:c.2257C>A,normal
NM_024675.4:c.2256A>T,normal
NM_024675.4:c.2256A>G,normal
NM_024675.4:c.2256A>C,normal
NM_024675.4:c.2255G>T,normal
NM_024675.4:c.2255G>C,normal
NM_024675.4:c.2255G>A,normal
NM_024675.4:c.2254G>T,abnormal
NM_024675.4:c.2254G>C,indeterminate
NM_024675.4:c.2254G>A,normal
NM_024675.4:c.2253T>G,normal
NM_024675.4:c.2253T>C,normal
NM_024675.4:c.2253T>A,normal
NM_024675.4:c.2252C>T,normal
NM_024675.4:c.2252C>G,normal
NM_024675.4:c.2252C>A,indeterminate
NM_024675.4:c.2251G>T,normal
NM_024675.4:c.2251G>C,normal
NM_024675.4:c.2251G>A,normal
NM_024675.4:c.2250T>G,normal
NM_024675.4:c.2250T>C,indeterminate
NM_024675.4:c.2250T>A,normal
NM_024675.4:c.2249T>G,normal
NM_024675.4:c.2249T>C,normal
NM_024675.4:c.2249T>A,normal
NM_024675.4:c.2248G>T,indeterminate
NM_024675.4:c.2248G>C,normal
NM_024675.4:c.2248G>A,normal
NM_024675.4:c.2247A>T,normal
NM_024675.4:c.2247A>G,normal
NM_024675.4:c.2247A>C,normal
NM_024675.4:c.2246A>T,normal
NM_024675.4:c.2246A>G,normal
NM_024675.4:c.2246A>C,normal
NM_024675.4:c.2245G>T,abnormal
NM_024675.4:c.2245G>C,normal
NM_024675.4:c.2245G>A,indeterminate
NM_024675.4:c.2244A>T,normal
NM_024675.4:c.2244A>G,normal
NM_024675.4:c.2244A>C,normal
NM_024675.4:c.2243C>T,normal
NM_024675.4:c.2243C>G,normal
NM_024675.4:c.2243C>A,normal
NM_024675.4:c.2242A>T,normal
NM_024675.4:c.2242A>G,normal
NM_024675.4:c.2242A>C,indeterminate
NM_024675.4:c.2241T>G,normal
NM_024675.4:c.2241T>C,normal
NM_024675.4:c.2241T>A,indeterminate
NM_024675.4:c.2240C>T,normal
NM_024675.4:c.2240C>G,normal
NM_024675.4:c.2240C>A,normal
NM_024675.4:c.2239T>G,normal
NM_024675.4:c.2239T>C,normal
NM_024675.4:c.2239T>A,normal
NM_024675.4:c.2238A>T,normal
NM_024675.4:c.2238A>G,normal
NM_024675.4:c.2238A>C,normal
NM_024675.4:c.2237C>T,normal
NM_024675.4:c.2237C>G,normal
NM_024675.4:c.2237C>A,normal
NM_024675.4:c.2236G>T,normal
NM_024675.4:c.2236G>C,normal
NM_024675.4:c.2236G>A,normal
NM_024675.4:c.2235A>T,indeterminate
NM_024675.4:c.2235A>G,normal
NM_024675.4:c.2235A>C,normal
NM_024675.4:c.2234A>T,normal
NM_024675.4:c.2234A>G,indeterminate
NM_024675.4:c.2234A>C,normal
NM_024675.4:c.2233A>T,abnormal
NM_024675.4:c.2233A>G,normal
NM_024675.4:c.2233A>C,normal
NM_024675.4:c.2232A>T,normal
NM_024675.4:c.2232A>G,normal
NM_024675.4:c.2232A>C,normal
NM_024675.4:c.2231A>T,normal
NM_024675.4:c.2231A>G,normal
NM_024675.4:c.2231A>C,indeterminate
NM_024675.4:c.2230G>T,abnormal
NM_024675.4:c.2230G>C,normal
NM_024675.4:c.2230G>A,normal
NM_024675.4:c.2229T>G,abnormal
NM_024675.4:c.2229T>C,indeterminate
NM_024675.4:c.2229T>A,abnormal
NM_024675.4:c.2228A>T,normal
NM_024675.4:c.2228A>G,normal
NM_024675.4:c.2228A>C,normal
NM_024675.4:c.2227T>G,normal
NM_024675.4:c.2227T>C,normal
NM_024675.4:c.2227T>A,normal
NM_024675.4:c.2226C>T,normal
NM_024675.4:c.2226C>G,normal
NM_024675.4:c.2226C>A,normal
NM_024675.4:c.2225C>T,normal
NM_024675.4:c.2225C>G,normal
NM_024675.4:c.2225C>A,normal
NM_024675.4:c.2224T>G,normal
NM_024675.4:c.2224T>C,normal
NM_024675.4:c.2224T>A,normal
NM_024675.4:c.2223C>T,normal
NM_024675.4:c.2223C>G,indeterminate
NM_024675.4:c.2223C>A,normal
NM_024675.4:c.2222G>T,indeterminate
NM_024675.4:c.2222G>C,normal
NM_024675.4:c.2222G>A,normal
NM_024675.4:c.2221G>T,indeterminate
NM_024675.4:c.2221G>C,normal
NM_024675.4:c.2221G>A,normal
NM_024675.4:c.2220A>T,normal
NM_024675.4:c.2220A>G,normal
NM_024675.4:c.2220A>C,indeterminate
NM_024675.4:c.2219A>T,normal
NM_024675.4:c.2219A>G,normal
NM_024675.4:c.2219A>C,normal
NM_024675.4:c.2218C>T,abnormal
NM_024675.4:c.2218C>G,normal
NM_024675.4:c.2218C>A,normal
NM_024675.4:c.2217T>G,normal
NM_024675.4:c.2217T>C,normal
NM_024675.4:c.2217T>A,normal
NM_024675.4:c.2216C>T,normal
NM_024675.4:c.2216C>G,normal
NM_024675.4:c.2216C>A,normal
NM_024675.4:c.2215C>T,normal
NM_024675.4:c.2215C>G,normal
NM_024675.4:c.2215C>A,normal
NM_024675.4:c.2211T>G,normal
NM_024675.4:c.2211T>C,indeterminate
NM_024675.4:c.2211T>A,normal
NM_024675.4:c.2210T>G,indeterminate
NM_024675.4:c.2210T>C,normal
NM_024675.4:c.2210T>A,normal
NM_024675.4:c.2209T>G,normal
NM_024675.4:c.2209T>C,normal
NM_024675.4:c.2209T>A,indeterminate
NM_024675.4:c.2208C>T,normal
NM_024675.4:c.2208C>G,indeterminate
NM_024675.4:c.2208C>A,indeterminate
NM_024675.4:c.2207C>T,abnormal
NM_024675.4:c.2207C>G,abnormal
NM_024675.4:c.2207C>A,abnormal
NM_024675.4:c.2206G>T,indeterminate
NM_024675.4:c.2206G>C,indeterminate
NM_024675.4:c.2206G>A,normal
NM_024675.4:c.2205A>T,indeterminate
NM_024675.4:c.2205A>G,normal
NM_024675.4:c.2205A>C,indeterminate
NM_024675.4:c.2204C>T,indeterminate
NM_024675.4:c.2204C>G,indeterminate
NM_024675.4:c.2204C>A,normal
NM_024675.4:c.2203C>T,indeterminate
NM_024675.4:c.2203C>G,normal
NM_024675.4:c.2203C>A,indeterminate
NM_024675.4:c.2202T>G,normal
NM_024675.4:c.2202T>C,normal
NM_024675.4:c.2202T>A,indeterminate
NM_024675.4:c.2201C>T,normal
NM_024675.4:c.2201C>G,abnormal
NM_024675.4:c.2201C>A,indeterminate
NM_024675.4:c.2200A>T,normal
NM_024675.4:c.2200A>G,indeterminate
NM_024675.4:c.2200A>C,normal
NM_024675.4:c.2199T>G,normal
NM_024675.4:c.2199T>C,normal
NM_024675.4:c.2199T>A,normal
NM_024675.4:c.2198C>T,normal
NM_024675.4:c.2198C>G,indeterminate
NM_024675.4:c.2198C>A,normal
NM_024675.4:c.2197A>T,normal
NM_024675.4:c.2197A>G,normal
NM_024675.4:c.2197A>C,indeterminate
NM_024675.4:c.2196T>G,indeterminate
NM_024675.4:c.2196T>C,normal
NM_024675.4:c.2196T>A,indeterminate
NM_024675.4:c.2195G>T,indeterminate
NM_024675.4:c.2195G>C,normal
NM_024675.4:c.2195G>A,indeterminate
NM_024675.4:c.2194G>T,normal
NM_024675.4:c.2194G>C,indeterminate
NM_024675.4:c.2194G>A,normal
NM_024675.4:c.2193A>T,normal
NM_024675.4:c.2193A>G,normal
NM_024675.4:c.2193A>C,indeterminate
NM_024675.4:c.2192T>G,abnormal
NM_024675.4:c.2192T>C,indeterminate
NM_024675.4:c.2192T>A,abnormal
NM_024675.4:c.2191T>G,indeterminate
NM_024675.4:c.2191T>C,indeterminate
NM_024675.4:c.2191T>A,normal
NM_024675.4:c.2190C>T,abnormal
NM_024675.4:c.2190C>G,indeterminate
NM_024675.4:c.2190C>A,abnormal
NM_024675.4:c.2189T>G,normal
NM_024675.4:c.2189T>C,normal
NM_024675.4:c.2189T>A,normal
NM_024675.4:c.2188A>T,normal
NM_024675.4:c.2188A>G,normal
NM_024675.4:c.2188A>C,normal
NM_024675.4:c.2187C>T,normal
NM_024675.4:c.2187C>G,indeterminate
NM_024675.4:c.2187C>A,indeterminate
NM_024675.4:c.2186C>T,indeterminate
NM_024675.4:c.2186C>G,indeterminate
NM_024675.4:c.2186C>A,normal
NM_024675.4:c.2185C>T,indeterminate
NM_024675.4:c.2185C>G,indeterminate
NM_024675.4:c.2185C>A,normal
NM_024675.4:c.2184C>T,normal
NM_024675.4:c.2184C>G,normal
NM_024675.4:c.2184C>A,abnormal
NM_024675.4:c.2183T>G,normal
NM_024675.4:c.2183T>C,normal
NM_024675.4:c.2183T>A,normal
NM_024675.4:c.2182T>G,normal
NM_024675.4:c.2182T>C,indeterminate
NM_024675.4:c.2182T>A,indeterminate
NM_024675.4:c.2181T>G,normal
NM_024675.4:c.2181T>C,normal
NM_024675.4:c.2181T>A,normal
NM_024675.4:c.2180C>T,indeterminate
NM_024675.4:c.2180C>G,normal
NM_024675.4:c.2180C>A,normal
NM_024675.4:c.2179G>T,normal
NM_024675.4:c.2179G>C,normal
NM_024675.4:c.2179G>A,normal
NM_024675.4:c.2178T>G,normal
NM_024675.4:c.2178T>C,normal
NM_024675.4:c.2178T>A,normal
NM_024675.4:c.2177C>T,normal
NM_024675.4:c.2177C>G,normal
NM_024675.4:c.2177C>A,normal
NM_024675.4:c.2176C>T,normal
NM_024675.4:c.2176C>G,normal
NM_024675.4:c.2176C>A,normal
NM_024675.4:c.2175A>T,normal
NM_024675.4:c.2175A>G,normal
NM_024675.4:c.2175A>C,normal
NM_024675.4:c.2174C>T,normal
NM_024675.4:c.2174C>G,abnormal
NM_024675.4:c.2174C>A,abnormal
NM_024675.4:c.2173T>G,normal
NM_024675.4:c.2173T>C,normal
NM_024675.4:c.2173T>A,normal
NM_024675.4:c.2172T>G,normal
NM_024675.4:c.2172T>C,indeterminate
NM_024675.4:c.2172T>A,abnormal
NM_024675.4:c.2171G>T,normal
NM_024675.4:c.2171G>C,normal
NM_024675.4:c.2171G>A,indeterminate
NM_024675.4:c.2170T>G,indeterminate
NM_024675.4:c.2170T>C,indeterminate
NM_024675.4:c.2170T>A,normal
NM_024675.4:c.2169G>T,normal
NM_024675.4:c.2169G>C,normal
NM_024675.4:c.2169G>A,normal
NM_024675.4:c.2168T>G,normal
NM_024675.4:c.2168T>C,normal
NM_024675.4:c.2168T>A,normal
NM_024675.4:c.2167A>T,normal
NM_024675.4:c.2167A>G,normal
NM_024675.4:c.2167A>C,normal
NM_024675.4:c.2166C>T,normal
NM_024675.4:c.2166C>G,normal
NM_024675.4:c.2166C>A,normal
NM_024675.4:c.2165A>T,normal
NM_024675.4:c.2165A>G,normal
NM_024675.4:c.2165A>C,normal
NM_024675.4:c.2164G>T,normal
NM_024675.4:c.2164G>C,normal
NM_024675.4:c.2164G>A,normal
NM_024675.4:c.2163A>T,normal
NM_024675.4:c.2163A>G,normal
NM_024675.4:c.2163A>C,normal
NM_024675.4:c.2162C>T,normal
NM_024675.4:c.2162C>G,indeterminate
NM_024675.4:c.2162C>A,normal
NM_024675.4:c.2161A>T,normal
NM_024675.4:c.2161A>G,normal
NM_024675.4:c.2161A>C,indeterminate
NM_024675.4:c.2157T>G,normal
NM_024675.4:c.2157T>C,normal
NM_024675.4:c.2157T>A,normal
NM_024675.4:c.2156C>T,normal
NM_024675.4:c.2156C>G,normal
NM_024675.4:c.2156C>A,normal
NM_024675.4:c.2155C>T,normal
NM_024675.4:c.2155C>G,normal
NM_024675.4:c.2155C>A,normal
NM_024675.4:c.2154G>T,normal
NM_024675.4:c.2154G>C,normal
NM_024675.4:c.2154G>A,normal
NM_024675.4:c.2153G>T,normal
NM_024675.4:c.2153G>C,normal
NM_024675.4:c.2153G>A,normal
NM_024675.4:c.2152A>T,normal
NM_024675.4:c.2152A>G,normal
NM_024675.4:c.2152A>C,normal
NM_024675.4:c.2151C>T,normal
NM_024675.4:c.2151C>G,normal
NM_024675.4:c.2151C>A,normal
NM_024675.4:c.2150A>T,normal
NM_024675.4:c.2150A>G,normal
NM_024675.4:c.2150A>C,normal
NM_024675.4:c.2149G>T,normal
NM_024675.4:c.2149G>C,normal
NM_024675.4:c.2149G>A,normal
NM_024675.4:c.2148T>G,normal
NM_024675.4:c.2148T>C,normal
NM_024675.4:c.2148T>A,normal
NM_024675.4:c.2147A>T,normal
NM_024675.4:c.2147A>G,normal
NM_024675.4:c.2147A>C,normal
NM_024675.4:c.2146A>T,normal
NM_024675.4:c.2146A>G,normal
NM_024675.4:c.2146A>C,normal
NM_024675.4:c.2145T>G,normal
NM_024675.4:c.2145T>C,normal
NM_024675.4:c.2145T>A,normal
NM_024675.4:c.2144A>T,normal
NM_024675.4:c.2144A>G,normal
NM_024675.4:c.2144A>C,indeterminate
NM_024675.4:c.2143G>T,normal
NM_024675.4:c.2143G>C,normal
NM_024675.4:c.2143G>A,normal
NM_024675.4:c.2142T>G,normal
NM_024675.4:c.2142T>C,normal
NM_024675.4:c.2142T>A,normal
NM_024675.4:c.2141A>T,normal
NM_024675.4:c.2141A>G,normal
NM_024675.4:c.2141A>C,normal
NM_024675.4:c.2140G>T,indeterminate
NM_024675.4:c.2140G>C,normal
NM_024675.4:c.2140G>A,normal
NM_024675.4:c.2139T>G,normal
NM_024675.4:c.2139T>C,normal
NM_024675.4:c.2139T>A,normal
NM_024675.4:c.2138C>T,normal
NM_024675.4:c.2138C>G,indeterminate
NM_024675.4:c.2138C>A,normal
NM_024675.4:c.2137C>T,normal
NM_024675.4:c.2137C>G,normal
NM_024675.4:c.2137C>A,normal
NM_024675.4:c.2136G>T,normal
NM_024675.4:c.2136G>C,normal
NM_024675.4:c.2136G>A,normal
NM_024675.4:c.2135C>T,normal
NM_024675.4:c.2135C>G,normal
NM_024675.4:c.2135C>A,normal
NM_024675.4:c.2134G>T,indeterminate
NM_024675.4:c.2134G>C,normal
NM_024675.4:c.2134G>A,normal
NM_024675.4:c.2133T>G,normal
NM_024675.4:c.2133T>C,normal
NM_024675.4:c.2133T>A,normal
NM_024675.4:c.2132T>G,normal
NM_024675.4:c.2132T>C,normal
NM_024675.4:c.2132T>A,normal
NM_024675.4:c.2131G>T,normal
NM_024675.4:c.2131G>C,normal
NM_024675.4:c.2131G>A,normal
NM_024675.4:c.2130G>T,normal
NM_024675.4:c.2130G>C,normal
NM_024675.4:c.2130G>A,normal
NM_024675.4:c.2129C>T,normal
NM_024675.4:c.2129C>G,normal
NM_024675.4:c.2129C>A,normal
NM_024675.4:c.2128A>T,normal
NM_024675.4:c.2128A>G,normal
NM_024675.4:c.2128A>C,indeterminate
NM_024675.4:c.2127T>G,normal
NM_024675.4:c.2127T>C,normal
NM_024675.4:c.2127T>A,normal
NM_024675.4:c.2126A>T,normal
NM_024675.4:c.2126A>G,normal
NM_024675.4:c.2126A>C,normal
NM_024675.4:c.2125A>T,normal
NM_024675.4:c.2125A>G,normal
NM_024675.4:c.2125A>C,normal
NM_024675.4:c.2124A>T,normal
NM_024675.4:c.2124A>G,normal
NM_024675.4:c.2124A>C,normal
NM_024675.4:c.2123T>G,abnormal
NM_024675.4:c.2123T>C,normal
NM_024675.4:c.2123T>A,abnormal
NM_024675.4:c.2122T>G,normal
NM_024675.4:c.2122T>C,normal
NM_024675.4:c.2122T>A,normal
NM_024675.4:c.2121T>G,normal
NM_024675.4:c.2121T>C,normal
NM_024675.4:c.2121T>A,normal
NM_024675.4:c.2120C>T,normal
NM_024675.4:c.2120C>G,indeterminate
NM_024675.4:c.2120C>A,normal
NM_024675.4:c.2119C>T,indeterminate
NM_024675.4:c.2119C>G,normal
NM_024675.4:c.2119C>A,normal
NM_024675.4:c.2118T>G,normal
NM_024675.4:c.2118T>C,normal
NM_024675.4:c.2118T>A,normal
NM_024675.4:c.2117C>T,normal
NM_024675.4:c.2117C>G,normal
NM_024675.4:c.2117C>A,normal
NM_024675.4:c.2116A>T,normal
NM_024675.4:c.2116A>G,normal
NM_024675.4:c.2116A>C,normal
NM_024675.4:c.2112T>G,normal
NM_024675.4:c.2112T>C,normal
NM_024675.4:c.2112T>A,normal
NM_024675.4:c.2111T>G,normal
NM_024675.4:c.2111T>C,normal
NM_024675.4:c.2111T>A,normal
NM_024675.4:c.2110C>T,normal
NM_024675.4:c.2110C>G,indeterminate
NM_024675.4:c.2110C>A,normal
NM_024675.4:c.2109A>T,normal
NM_024675.4:c.2109A>G,normal
NM_024675.4:c.2109A>C,normal
NM_024675.4:c.2108T>G,abnormal
NM_024675.4:c.2108T>C,normal
NM_024675.4:c.2108T>A,abnormal
NM_024675.4:c.2107T>G,normal
NM_024675.4:c.2107T>C,normal
NM_024675.4:c.2107T>A,normal
NM_024675.4:c.2106A>T,normal
NM_024675.4:c.2106A>G,normal
NM_024675.4:c.2106A>C,normal
NM_024675.4:c.2105T>G,normal
NM_024675.4:c.2105T>C,normal
NM_024675.4:c.2105T>A,normal
NM_024675.4:c.2104A>T,normal
NM_024675.4:c.2104A>G,normal
NM_024675.4:c.2104A>C,indeterminate
NM_024675.4:c.2097T>G,normal
NM_024675.4:c.2097T>C,normal
NM_024675.4:c.2097T>A,normal
NM_024675.4:c.2096C>T,normal
NM_024675.4:c.2096C>G,indeterminate
NM_024675.4:c.2096C>A,normal
NM_024675.4:c.1787G>T,normal
NM_024675.4:c.1787G>C,normal
NM_024675.4:c.1787G>A,normal
NM_024675.4:c.1786G>T,abnormal
NM_024675.4:c.1786G>C,normal
NM_024675.4:c.1786G>A,normal
NM_024675.4:c.1785T>G,normal
NM_024675.4:c.1785T>C,normal
NM_024675.4:c.1785T>A,normal
NM_024675.4:c.1784A>T,normal
NM_024675.4:c.1784A>G,normal
NM_024675.4:c.1784A>C,normal
NM_024675.4:c.1783G>T,normal
NM_024675.4:c.1783G>C,normal
NM_024675.4:c.1783G>A,normal
NM_024675.4:c.1782G>T,normal
NM_024675.4:c.1782G>C,normal
NM_024675.4:c.1782G>A,indeterminate
NM_024675.4:c.1781G>T,normal
NM_024675.4:c.1781G>C,normal
NM_024675.4:c.1781G>A,normal
NM_024675.4:c.1780A>T,normal
NM_024675.4:c.1780A>G,normal
NM_024675.4:c.1780A>C,normal
NM_024675.4:c.1779T>G,normal
NM_024675.4:c.1779T>C,normal
NM_024675.4:c.1779T>A,normal
NM_024675.4:c.1778A>T,normal
NM_024675.4:c.1778A>G,normal
NM_024675.4:c.1778A>C,indeterminate
NM_024675.4:c.1777C>T,indeterminate
NM_024675.4:c.1777C>G,normal
NM_024675.4:c.1777C>A,indeterminate
NM_024675.4:c.1776T>G,normal
NM_024675.4:c.1776T>C,normal
NM_024675.4:c.1776T>A,normal
NM_024675.4:c.1775T>G,normal
NM_024675.4:c.1775T>C,normal
NM_024675.4:c.1775T>A,normal
NM_024675.4:c.1774T>G,normal
NM_024675.4:c.1774T>C,normal
NM_024675.4:c.1774T>A,normal
NM_024675.4:c.1773A>T,normal
NM_024675.4:c.1773A>G,normal
NM_024675.4:c.1773A>C,normal
NM_024675.4:c.1772C>T,normal
NM_024675.4:c.1772C>G,indeterminate
NM_024675.4:c.1772C>A,indeterminate
NM_024675.4:c.1771C>T,normal
NM_024675.4:c.1771C>G,normal
NM_024675.4:c.1771C>A,normal
NM_024675.4:c.1770T>G,normal
NM_024675.4:c.1770T>C,normal
NM_024675.4:c.1770T>A,normal
NM_024675.4:c.1769C>T,normal
NM_024675.4:c.1769C>G,normal
NM_024675.4:c.1769C>A,indeterminate
NM_024675.4:c.1768G>T,normal
NM_024675.4:c.1768G>C,normal
NM_024675.4:c.1768G>A,normal
NM_024675.4:c.1764C>T,indeterminate
NM_024675.4:c.1764C>G,normal
NM_024675.4:c.1764C>A,normal
NM_024675.4:c.1763T>G,normal
NM_024675.4:c.1763T>C,normal
NM_024675.4:c.1763T>A,normal
NM_024675.4:c.1762T>G,normal
NM_024675.4:c.1762T>C,normal
NM_024675.4:c.1762T>A,normal
NM_024675.4:c.1761T>G,normal
NM_024675.4:c.1761T>C,normal
NM_024675.4:c.1761T>A,normal
NM_024675.4:c.1760C>T,normal
NM_024675.4:c.1760C>G,normal
NM_024675.4:c.1760C>A,normal
NM_024675.4:c.1759G>T,normal
NM_024675.4:c.1759G>C,normal
NM_024675.4:c.1759G>A,normal
NM_024675.4:c.1758T>G,normal
NM_024675.4:c.1758T>C,normal
NM_024675.4:c.1758T>A,normal
NM_024675.4:c.1757A>T,normal
NM_024675.4:c.1757A>G,normal
NM_024675.4:c.1757A>C,normal
NM_024675.4:c.1756G>T,normal
NM_024675.4:c.1756G>C,indeterminate
NM_024675.4:c.1756G>A,normal
NM_024675.4:c.1755T>G,normal
NM_024675.4:c.1755T>C,normal
NM_024675.4:c.1755T>A,normal
NM_024675.4:c.1754A>T,normal
NM_024675.4:c.1754A>G,normal
NM_024675.4:c.1754A>C,normal
NM_024675.4:c.1753G>T,normal
NM_024675.4:c.1753G>C,normal
NM_024675.4:c.1753G>A,normal
NM_024675.4:c.1752T>G,normal
NM_024675.4:c.1752T>C,normal
NM_024675.4:c.1752T>A,normal
NM_024675.4:c.1751A>T,normal
NM_024675.4:c.1751A>G,normal
NM_024675.4:c.1751A>C,indeterminate
NM_024675.4:c.1750G>T,normal
NM_024675.4:c.1750G>C,normal
NM_024675.4:c.1750G>A,normal
NM_024675.4:c.1749G>T,normal
NM_024675.4:c.1749G>C,normal
NM_024675.4:c.1749G>A,indeterminate
NM_024675.4:c.1748T>G,normal
NM_024675.4:c.1748T>C,normal
NM_024675.4:c.1748T>A,abnormal
NM_024675.4:c.1747T>G,normal
NM_024675.4:c.1747T>C,normal
NM_024675.4:c.1747T>A,normal
NM_024675.4:c.1746C>T,normal
NM_024675.4:c.1746C>G,normal
NM_024675.4:c.1746C>A,normal
NM_024675.4:c.1745C>T,normal
NM_024675.4:c.1745C>G,normal
NM_024675.4:c.1745C>A,normal
NM_024675.4:c.1744T>G,normal
NM_024675.4:c.1744T>C,normal
NM_024675.4:c.1744T>A,normal
NM_024675.4:c.1743A>T,indeterminate
NM_024675.4:c.1743A>G,normal
NM_024675.4:c.1743A>C,normal
NM_024675.4:c.1742T>G,abnormal
NM_024675.4:c.1742T>C,normal
NM_024675.4:c.1742T>A,abnormal
NM_024675.4:c.1741T>G,normal
NM_024675.4:c.1741T>C,normal
NM_024675.4:c.1741T>A,normal
NM_024675.4:c.1740T>G,abnormal
NM_024675.4:c.1740T>C,normal
NM_024675.4:c.1740T>A,abnormal
NM_024675.4:c.1739A>T,normal
NM_024675.4:c.1739A>G,normal
NM_024675.4:c.1739A>C,normal
NM_024675.4:c.1738T>G,normal
NM_024675.4:c.1738T>C,normal
NM_024675.4:c.1738T>A,normal
NM_024675.4:c.1737T>G,normal
NM_024675.4:c.1737T>C,normal
NM_024675.4:c.1737T>A,normal
NM_024675.4:c.1736C>T,normal
NM_024675.4:c.1736C>G,normal
NM_024675.4:c.1736C>A,normal
NM_024675.4:c.1735G>T,normal
NM_024675.4:c.1735G>C,normal
NM_024675.4:c.1735G>A,normal
NM_024675.4:c.1734T>G,normal
NM_024675.4:c.1734T>C,normal
NM_024675.4:c.1734T>A,normal
NM_024675.4:c.1733G>T,normal
NM_024675.4:c.1733G>C,normal
NM_024675.4:c.1733G>A,normal
NM_024675.4:c.1732A>T,normal
NM_024675.4:c.1732A>G,normal
NM_024675.4:c.1732A>C,normal
NM_024675.4:c.1731T>G,normal
NM_024675.4:c.1731T>C,normal
NM_024675.4:c.1731T>A,normal
NM_024675.4:c.1730A>T,abnormal
NM_024675.4:c.1730A>G,normal
NM_024675.4:c.1730A>C,normal
NM_024675.4:c.1729A>T,normal
NM_024675.4:c.1729A>G,normal
NM_024675.4:c.1729A>C,normal
NM_024675.4:c.1728T>G,normal
NM_024675.4:c.1728T>C,normal
NM_024675.4:c.1728T>A,normal
NM_024675.4:c.1727G>T,normal
NM_024675.4:c.1727G>C,normal
NM_024675.4:c.1727G>A,normal
NM_024675.4:c.1726A>T,normal
NM_024675.4:c.1726A>G,normal
NM_024675.4:c.1726A>C,normal
NM_024675.4:c.1725G>T,normal
NM_024675.4:c.1725G>C,normal
NM_024675.4:c.1725G>A,abnormal
NM_024675.4:c.1724G>T,normal
NM_024675.4:c.1724G>C,normal
NM_024675.4:c.1724G>A,abnormal
NM_024675.4:c.1723T>G,normal
NM_024675.4:c.1723T>C,normal
NM_024675.4:c.1723T>A,normal
NM_024675.4:c.1722T>G,normal
NM_024675.4:c.1722T>C,normal
NM_024675.4:c.1722T>A,normal
NM_024675.4:c.1721C>T,normal
NM_024675.4:c.1721C>G,normal
NM_024675.4:c.1721C>A,normal
NM_024675.4:c.1720T>G,normal
NM_024675.4:c.1720T>C,normal
NM_024675.4:c.1720T>A,normal
NM_024675.4:c.1719T>G,normal
NM_024675.4:c.1719T>C,normal
NM_024675.4:c.1719T>A,normal
NM_024675.4:c.1718T>G,normal
NM_024675.4:c.1718T>C,normal
NM_024675.4:c.1718T>A,normal
NM_024675.4:c.1717C>T,normal
NM_024675.4:c.1717C>G,normal
NM_024675.4:c.1717C>A,normal
NM_024675.4:c.1713T>G,normal
NM_024675.4:c.1713T>C,normal
NM_024675.4:c.1713T>A,normal
NM_024675.4:c.1712A>T,normal
NM_024675.4:c.1712A>G,normal
NM_024675.4:c.1712A>C,normal
NM_024675.4:c.1711G>T,indeterminate
NM_024675.4:c.1711G>C,normal
NM_024675.4:c.1711G>A,indeterminate
NM_024675.4:c.1710G>T,normal
NM_024675.4:c.1710G>C,normal
NM_024675.4:c.1710G>A,normal
NM_024675.4:c.1709A>T,normal
NM_024675.4:c.1709A>G,normal
NM_024675.4:c.1709A>C,normal
NM_024675.4:c.1708G>T,abnormal
NM_024675.4:c.1708G>C,normal
NM_024675.4:c.1708G>A,normal
NM_024675.4:c.1707A>T,indeterminate
NM_024675.4:c.1707A>G,normal
NM_024675.4:c.1707A>C,normal
NM_024675.4:c.1706A>T,normal
NM_024675.4:c.1706A>G,normal
NM_024675.4:c.1706A>C,normal
NM_024675.4:c.1705A>T,abnormal
NM_024675.4:c.1705A>G,indeterminate
NM_024675.4:c.1705A>C,normal
NM_024675.4:c.1704A>T,normal
NM_024675.4:c.1704A>G,normal
NM_024675.4:c.1704A>C,normal
NM_024675.4:c.1703A>T,normal
NM_024675.4:c.1703A>G,normal
NM_024675.4:c.1703A>C,indeterminate
NM_024675.4:c.1702C>T,abnormal
NM_024675.4:c.1702C>G,normal
NM_024675.4:c.1702C>A,indeterminate
NM_024675.4:c.1701T>G,normal
NM_024675.4:c.1701T>C,indeterminate
NM_024675.4:c.1701T>A,normal
NM_024675.4:c.1700A>T,indeterminate
NM_024675.4:c.1700A>G,normal
NM_024675.4:c.1700A>C,normal
NM_024675.4:c.1699C>T,normal
NM_024675.4:c.1699C>G,normal
NM_024675.4:c.1699C>A,normal
NM_024675.4:c.1698T>G,normal
NM_024675.4:c.1698T>C,normal
NM_024675.4:c.1698T>A,normal
NM_024675.4:c.1697G>T,normal
NM_024675.4:c.1697G>C,normal
NM_024675.4:c.1697G>A,normal
NM_024675.4:c.1696C>T,normal
NM_024675.4:c.1696C>G,normal
NM_024675.4:c.1696C>A,normal
NM_024675.4:c.1695T>G,normal
NM_024675.4:c.1695T>C,normal
NM_024675.4:c.1695T>A,indeterminate
NM_024675.4:c.1694G>T,normal
NM_024675.4:c.1694G>C,normal
NM_024675.4:c.1694G>A,normal
NM_024675.4:c.1693A>T,normal
NM_024675.4:c.1693A>G,indeterminate
NM_024675.4:c.1693A>C,normal
NM_024675.4:c.1692A>T,normal
NM_024675.4:c.1692A>G,normal
NM_024675.4:c.1692A>C,normal
NM_024675.4:c.1691A>T,normal
NM_024675.4:c.1691A>G,normal
NM_024675.4:c.1691A>C,indeterminate
NM_024675.4:c.1690A>T,abnormal
NM_024675.4:c.1690A>G,normal
NM_024675.4:c.1690A>C,indeterminate
NM_024675.4:c.1689G>T,abnormal
NM_024675.4:c.1689G>C,indeterminate
NM_024675.4:c.1689G>A,normal
NM_024675.4:c.1688A>T,normal
NM_024675.4:c.1688A>G,indeterminate
NM_024675.4:c.1688A>C,indeterminate
NM_024675.4:c.1687A>T,abnormal
NM_024675.4:c.1687A>G,normal
NM_024675.4:c.1687A>C,indeterminate
NM_024675.4:c.1686G>T,indeterminate
NM_024675.4:c.1686G>C,normal
NM_024675.4:c.1686G>A,indeterminate
NM_024675.4:c.1685G>T,abnormal
NM_024675.4:c.1685G>C,normal
NM_024675.4:c.1685G>A,indeterminate
NM_024675.4:c.1685-1G>T,abnormal
NM_024675.4:c.1685-1G>C,abnormal
NM_024675.4:c.1685-1G>A,abnormal
NM_024675.4:c.1685-2A>T,abnormal
NM_024675.4:c.1685-2A>G,abnormal
NM_024675.4:c.1685-2A>C,abnormal
NM_024675.4:c.1685-3T>G,indeterminate
NM_024675.4:c.1685-3T>C,indeterminate
NM_024675.4:c.1685-3T>A,normal
NM_024675.4:c.1685-4T>G,indeterminate
NM_024675.4:c.1685-4T>C,indeterminate
NM_024675.4:c.1685-4T>A,indeterminate
NM_024675.4:c.1685-5T>G,indeterminate
NM_024675.4:c.1685-5T>C,normal
NM_024675.4:c.1685-5T>A,normal
NM_024675.4:c.1685-6C>T,indeterminate
NM_024675.4:c.1685-6C>G,abnormal
NM_024675.4:c.1685-6C>A,abnormal
NM_024675.4:c.1685-7T>G,normal
NM_024675.4:c.1685-7T>C,normal
NM_024675.4:c.1685-7T>A,normal
NM_024675.4:c.1685-8T>G,indeterminate
NM_024675.4:c.1685-8T>C,normal
NM_024675.4:c.1685-8T>A,indeterminate
NM_024675.4:c.1685-9C>T,abnormal
NM_024675.4:c.1685-9C>G,abnormal
NM_024675.4:c.1685-9C>A,normal
NM_024675.4:c.1685-10T>G,normal
NM_024675.4:c.1685-10T>C,normal
NM_024675.4:c.1685-10T>A,normal
NM_024675.4:c.1685-11T>G,normal
NM_024675.4:c.1685-11T>C,normal
NM_024675.4:c.1685-11T>A,indeterminate
NM_024675.4:c.1685-12T>G,indeterminate
NM_024675.4:c.1685-12T>C,normal
NM_024675.4:c.1685-12T>A,indeterminate
NM_024675.4:c.1685-13T>G,normal
NM_024675.4:c.1685-13T>C,indeterminate
NM_024675.4:c.1685-13T>A,normal
NM_024675.4:c.1685-14T>G,indeterminate
NM_024675.4:c.1685-14T>C,indeterminate
NM_024675.4:c.1685-14T>A,normal
NM_024675.4:c.1685-15A>T,normal
NM_024675.4:c.1685-15A>G,indeterminate
NM_024675.4:c.1685-15A>C,normal
NM_024675.4:c.1685-16T>G,normal
NM_024675.4:c.1685-16T>C,normal
NM_024675.4:c.1685-16T>A,indeterminate
NM_024675.4:c.1685-17T>G,normal
NM_024675.4:c.1685-17T>C,normal
NM_024675.4:c.1685-17T>A,indeterminate
NM_024675.4:c.1684+38A>T,indeterminate
NM_024675.4:c.1684+38A>G,normal
NM_024675.4:c.1684+38A>C,normal
NM_024675.4:c.1684+37G>T,normal
NM_024675.4:c.1684+37G>C,normal
NM_024675.4:c.1684+37G>A,normal
NM_024675.4:c.1684+36T>G,normal
NM_024675.4:c.1684+36T>C,normal
NM_024675.4:c.1684+36T>A,normal
NM_024675.4:c.1684+35A>T,normal
NM_024675.4:c.1684+35A>G,normal
NM_024675.4:c.1684+35A>C,normal
NM_024675.4:c.1684+34G>T,normal
NM_024675.4:c.1684+34G>C,indeterminate
NM_024675.4:c.1684+34G>A,normal
NM_024675.4:c.1684+33T>G,normal
NM_024675.4:c.1684+33T>C,normal
NM_024675.4:c.1684+33T>A,normal
NM_024675.4:c.1684+32A>T,normal
NM_024675.4:c.1684+32A>G,normal
NM_024675.4:c.1684+32A>C,normal
NM_024675.4:c.1684+31G>T,normal
NM_024675.4:c.1684+31G>C,normal
NM_024675.4:c.1684+31G>A,normal
NM_024675.4:c.1684+30T>G,normal
NM_024675.4:c.1684+30T>C,normal
NM_024675.4:c.1684+30T>A,normal
NM_024675.4:c.1684+29A>T,normal
NM_024675.4:c.1684+29A>G,normal
NM_024675.4:c.1684+29A>C,normal
NM_024675.4:c.1684+28G>T,normal
NM_024675.4:c.1684+28G>C,normal
NM_024675.4:c.1684+28G>A,indeterminate
NM_024675.4:c.1684+27T>G,normal
NM_024675.4:c.1684+27T>C,normal
NM_024675.4:c.1684+27T>A,normal
NM_024675.4:c.1684+26A>T,normal
NM_024675.4:c.1684+26A>G,normal
NM_024675.4:c.1684+26A>C,normal
NM_024675.4:c.1684+25G>T,normal
NM_024675.4:c.1684+25G>C,normal
NM_024675.4:c.1684+25G>A,indeterminate
NM_024675.4:c.1684+24T>G,normal
NM_024675.4:c.1684+24T>C,normal
NM_024675.4:c.1684+24T>A,normal
NM_024675.4:c.1684+23A>T,normal
NM_024675.4:c.1684+23A>G,normal
NM_024675.4:c.1684+23A>C,normal
NM_024675.4:c.1684+22G>T,normal
NM_024675.4:c.1684+22G>C,indeterminate
NM_024675.4:c.1684+22G>A,normal
NM_024675.4:c.1684+21T>G,normal
NM_024675.4:c.1684+21T>C,normal
NM_024675.4:c.1684+21T>A,normal
NM_024675.4:c.1684+20A>T,normal
NM_024675.4:c.1684+20A>G,normal
NM_024675.4:c.1684+20A>C,normal
NM_024675.4:c.1684+19G>T,normal
NM_024675.4:c.1684+19G>C,normal
NM_024675.4:c.1684+19G>A,normal
NM_024675.4:c.1684+18T>G,normal
NM_024675.4:c.1684+18T>C,normal
NM_024675.4:c.1684+18T>A,normal
NM_024675.4:c.1684+17T>G,normal
NM_024675.4:c.1684+17T>C,normal
NM_024675.4:c.1684+17T>A,normal
NM_024675.4:c.1684+16T>G,normal
NM_024675.4:c.1684+16T>C,normal
NM_024675.4:c.1684+16T>A,normal
NM_024675.4:c.1684+15G>T,normal
NM_024675.4:c.1684+15G>C,indeterminate
NM_024675.4:c.1684+15G>A,normal
NM_024675.4:c.1684+14T>G,normal
NM_024675.4:c.1684+14T>C,normal
NM_024675.4:c.1684+14T>A,normal
NM_024675.4:c.1684+13G>T,normal
NM_024675.4:c.1684+13G>C,indeterminate
NM_024675.4:c.1684+13G>A,indeterminate
NM_024675.4:c.1684+12T>G,normal
NM_024675.4:c.1684+12T>C,normal
NM_024675.4:c.1684+12T>A,normal
NM_024675.4:c.1684+11A>T,normal
NM_024675.4:c.1684+11A>G,normal
NM_024675.4:c.1684+11A>C,indeterminate
NM_024675.4:c.1684+10G>T,normal
NM_024675.4:c.1684+10G>C,indeterminate
NM_024675.4:c.1684+10G>A,normal
NM_024675.4:c.1684+9A>T,normal
NM_024675.4:c.1684+9A>G,normal
NM_024675.4:c.1684+9A>C,normal
NM_024675.4:c.1684+8A>T,normal
NM_024675.4:c.1684+8A>G,normal
NM_024675.4:c.1684+8A>C,normal
NM_024675.4:c.1684+7C>T,indeterminate
NM_024675.4:c.1684+7C>G,normal
NM_024675.4:c.1684+7C>A,normal
NM_024675.4:c.1684+6T>G,normal
NM_024675.4:c.1684+6T>C,normal
NM_024675.4:c.1684+6T>A,normal
NM_024675.4:c.1684+5A>T,normal
NM_024675.4:c.1684+5A>G,normal
NM_024675.4:c.1684+5A>C,indeterminate
NM_024675.4:c.1684+4A>T,normal
NM_024675.4:c.1684+4A>G,normal
NM_024675.4:c.1684+4A>C,normal
NM_024675.4:c.1684+3A>T,normal
NM_024675.4:c.1684+3A>G,indeterminate
NM_024675.4:c.1684+3A>C,normal
NM_024675.4:c.1684+2T>G,abnormal
NM_024675.4:c.1684+2T>C,abnormal
NM_024675.4:c.1684+2T>A,abnormal
NM_024675.4:c.1684+1G>T,abnormal
NM_024675.4:c.1684+1G>C,abnormal
NM_024675.4:c.1684+1G>A,abnormal
NM_024675.4:c.1684G>T,abnormal
NM_024675.4:c.1684G>C,abnormal
NM_024675.4:c.1684G>A,abnormal
NM_024675.4:c.1683A>T,normal
NM_024675.4:c.1683A>G,normal
NM_024675.4:c.1683A>C,normal
NM_024675.4:c.1682A>T,normal
NM_024675.4:c.1682A>G,normal
NM_024675.4:c.1682A>C,indeterminate
NM_024675.4:c.1681A>T,abnormal
NM_024675.4:c.1681A>G,normal
NM_024675.4:c.1681A>C,normal
NM_024675.4:c.1680G>T,normal
NM_024675.4:c.1680G>C,normal
NM_024675.4:c.1680G>A,normal
NM_024675.4:c.1679T>G,normal
NM_024675.4:c.1679T>C,normal
NM_024675.4:c.1679T>A,normal
NM_024675.4:c.1678G>T,normal
NM_024675.4:c.1678G>C,indeterminate
NM_024675.4:c.1678G>A,indeterminate
NM_024675.4:c.1677A>T,normal
NM_024675.4:c.1677A>G,normal
NM_024675.4:c.1677A>C,normal
NM_024675.4:c.1676A>T,normal
NM_024675.4:c.1676A>G,normal
NM_024675.4:c.1676A>C,normal
NM_024675.4:c.1675C>T,abnormal
NM_024675.4:c.1675C>G,normal
NM_024675.4:c.1675C>A,normal
NM_024675.4:c.1674T>G,normal
NM_024675.4:c.1674T>C,normal
NM_024675.4:c.1674T>A,normal
NM_024675.4:c.1673T>G,normal
NM_024675.4:c.1673T>C,normal
NM_024675.4:c.1673T>A,normal
NM_024675.4:c.1672A>T,normal
NM_024675.4:c.1672A>G,normal
NM_024675.4:c.1672A>C,indeterminate
NM_024675.4:c.1671T>G,normal
NM_024675.4:c.1671T>C,normal
NM_024675.4:c.1671T>A,normal
NM_024675.4:c.1670T>G,normal
NM_024675.4:c.1670T>C,normal
NM_024675.4:c.1670T>A,normal
NM_024675.4:c.1669T>G,indeterminate
NM_024675.4:c.1669T>C,normal
NM_024675.4:c.1669T>A,normal
NM_024675.4:c.1668A>T,normal
NM_024675.4:c.1668A>G,normal
NM_024675.4:c.1668A>C,normal
NM_024675.4:c.1667T>G,abnormal
NM_024675.4:c.1667T>C,normal
NM_024675.4:c.1667T>A,abnormal
NM_024675.4:c.1666T>G,normal
NM_024675.4:c.1666T>C,normal
NM_024675.4:c.1666T>A,normal
NM_024675.4:c.1665A>T,normal
NM_024675.4:c.1665A>G,normal
NM_024675.4:c.1665A>C,normal
NM_024675.4:c.1664A>T,normal
NM_024675.4:c.1664A>G,normal
NM_024675.4:c.1664A>C,normal
NM_024675.4:c.1663A>T,abnormal
NM_024675.4:c.1663A>G,normal
NM_024675.4:c.1663A>C,normal
NM_024675.4:c.1662A>T,normal
NM_024675.4:c.1662A>G,normal
NM_024675.4:c.1662A>C,normal
NM_024675.4:c.1661A>T,normal
NM_024675.4:c.1661A>G,normal
NM_024675.4:c.1661A>C,normal
NM_024675.4:c.1660G>T,abnormal
NM_024675.4:c.1660G>C,normal
NM_024675.4:c.1660G>A,normal
NM_024675.4:c.1659C>T,normal
NM_024675.4:c.1659C>G,normal
NM_024675.4:c.1659C>A,normal
NM_024675.4:c.1658A>T,normal
NM_024675.4:c.1658A>G,normal
NM_024675.4:c.1658A>C,normal
NM_024675.4:c.1657C>T,normal
NM_024675.4:c.1657C>G,normal
NM_024675.4:c.1657C>A,normal
NM_024675.4:c.1656G>T,normal
NM_024675.4:c.1656G>C,indeterminate
NM_024675.4:c.1656G>A,normal
NM_024675.4:c.1655A>T,normal
NM_024675.4:c.1655A>G,normal
NM_024675.4:c.1655A>C,normal
NM_024675.4:c.1654C>T,abnormal
NM_024675.4:c.1654C>G,normal
NM_024675.4:c.1654C>A,normal
NM_024675.4:c.1653T>G,abnormal
NM_024675.4:c.1653T>C,normal
NM_024675.4:c.1653T>A,abnormal
NM_024675.4:c.1652A>T,normal
NM_024675.4:c.1652A>G,normal
NM_024675.4:c.1652A>C,indeterminate
NM_024675.4:c.1651T>G,indeterminate
NM_024675.4:c.1651T>C,normal
NM_024675.4:c.1651T>A,normal
NM_024675.4:c.1650A>T,normal
NM_024675.4:c.1650A>G,normal
NM_024675.4:c.1650A>C,normal
NM_024675.4:c.1649A>T,normal
NM_024675.4:c.1649A>G,normal
NM_024675.4:c.1649A>C,normal
NM_024675.4:c.1648A>T,abnormal
NM_024675.4:c.1648A>G,normal
NM_024675.4:c.1648A>C,normal
NM_024675.4:c.1647C>T,indeterminate
NM_024675.4:c.1647C>G,normal
NM_024675.4:c.1647C>A,normal
NM_024675.4:c.1646A>T,normal
NM_024675.4:c.1646A>G,normal
NM_024675.4:c.1646A>C,normal
NM_024675.4:c.1645C>T,indeterminate
NM_024675.4:c.1645C>G,normal
NM_024675.4:c.1645C>A,normal
NM_024675.4:c.1644A>T,normal
NM_024675.4:c.1644A>G,normal
NM_024675.4:c.1644A>C,normal
NM_024675.4:c.1643C>T,normal
NM_024675.4:c.1643C>G,abnormal
NM_024675.4:c.1643C>A,abnormal
NM_024675.4:c.1642T>G,normal
NM_024675.4:c.1642T>C,normal
NM_024675.4:c.1642T>A,indeterminate
NM_024675.4:c.1638C>T,normal
NM_024675.4:c.1638C>G,normal
NM_024675.4:c.1638C>A,normal
NM_024675.4:c.1637T>G,normal
NM_024675.4:c.1637T>C,normal
NM_024675.4:c.1637T>A,indeterminate
NM_024675.4:c.1636G>T,normal
NM_024675.4:c.1636G>C,indeterminate
NM_024675.4:c.1636G>A,abnormal
NM_024675.4:c.1635A>T,normal
NM_024675.4:c.1635A>G,indeterminate
NM_024675.4:c.1635A>C,normal
NM_024675.4:c.1634A>T,normal
NM_024675.4:c.1634A>G,normal
NM_024675.4:c.1634A>C,normal
NM_024675.4:c.1633G>T,abnormal
NM_024675.4:c.1633G>C,normal
NM_024675.4:c.1633G>A,indeterminate
NM_024675.4:c.1632A>T,normal
NM_024675.4:c.1632A>G,normal
NM_024675.4:c.1632A>C,indeterminate
NM_024675.4:c.1631A>T,normal
NM_024675.4:c.1631A>G,normal
NM_024675.4:c.1631A>C,normal
NM_024675.4:c.1630G>T,abnormal
NM_024675.4:c.1630G>C,normal
NM_024675.4:c.1630G>A,indeterminate
NM_024675.4:c.1629G>T,normal
NM_024675.4:c.1629G>C,normal
NM_024675.4:c.1629G>A,indeterminate
NM_024675.4:c.1628A>T,normal
NM_024675.4:c.1628A>G,normal
NM_024675.4:c.1628A>C,normal
NM_024675.4:c.1627A>T,abnormal
NM_024675.4:c.1627A>G,normal
NM_024675.4:c.1627A>C,normal
NM_024675.4:c.1626C>T,normal
NM_024675.4:c.1626C>G,normal
NM_024675.4:c.1626C>A,normal
NM_024675.4:c.1625C>T,normal
NM_024675.4:c.1625C>G,normal
NM_024675.4:c.1625C>A,normal
NM_024675.4:c.1624T>G,normal
NM_024675.4:c.1624T>C,normal
NM_024675.4:c.1624T>A,normal
NM_024675.4:c.1623G>T,indeterminate
NM_024675.4:c.1623G>C,normal
NM_024675.4:c.1623G>A,indeterminate
NM_024675.4:c.1622G>T,normal
NM_024675.4:c.1622G>C,normal
NM_024675.4:c.1622G>A,indeterminate
NM_024675.4:c.1621A>T,normal
NM_024675.4:c.1621A>G,normal
NM_024675.4:c.1621A>C,normal
NM_024675.4:c.1620C>T,abnormal
NM_024675.4:c.1620C>G,abnormal
NM_024675.4:c.1620C>A,indeterminate
NM_024675.4:c.1619A>T,indeterminate
NM_024675.4:c.1619A>G,indeterminate
NM_024675.4:c.1619A>C,normal
NM_024675.4:c.1618A>T,indeterminate
NM_024675.4:c.1618A>G,normal
NM_024675.4:c.1618A>C,normal
NM_024675.4:c.1617T>G,normal
NM_024675.4:c.1617T>C,indeterminate
NM_024675.4:c.1617T>A,normal
NM_024675.4:c.1616T>G,normal
NM_024675.4:c.1616T>C,normal
NM_024675.4:c.1616T>A,normal
NM_024675.4:c.1615G>T,normal
NM_024675.4:c.1615G>C,indeterminate
NM_024675.4:c.1615G>A,normal
NM_024675.4:c.1614T>G,normal
NM_024675.4:c.1614T>C,normal
NM_024675.4:c.1614T>A,normal
NM_024675.4:c.1613T>G,normal
NM_024675.4:c.1613T>C,normal
NM_024675.4:c.1613T>A,normal
NM_024675.4:c.1612A>T,normal
NM_024675.4:c.1612A>G,normal
NM_024675.4:c.1612A>C,normal
NM_024675.4:c.1611G>T,normal
NM_024675.4:c.1611G>C,indeterminate
NM_024675.4:c.1611G>A,normal
NM_024675.4:c.1610C>T,normal
NM_024675.4:c.1610C>G,normal
NM_024675.4:c.1610C>A,abnormal
NM_024675.4:c.1609T>G,normal
NM_024675.4:c.1609T>C,normal
NM_024675.4:c.1609T>A,normal
NM_024675.4:c.1608G>T,normal
NM_024675.4:c.1608G>C,normal
NM_024675.4:c.1608G>A,indeterminate
NM_024675.4:c.1607T>G,normal
NM_024675.4:c.1607T>C,normal
NM_024675.4:c.1607T>A,indeterminate
NM_024675.4:c.1606C>T,normal
NM_024675.4:c.1606C>G,indeterminate
NM_024675.4:c.1606C>A,normal
NM_024675.4:c.1605C>T,indeterminate
NM_024675.4:c.1605C>G,normal
NM_024675.4:c.1605C>A,normal
NM_024675.4:c.1604G>T,abnormal
NM_024675.4:c.1604G>C,normal
NM_024675.4:c.1604G>A,indeterminate
NM_024675.4:c.1603A>T,indeterminate
NM_024675.4:c.1603A>G,indeterminate
NM_024675.4:c.1603A>C,indeterminate
NM_024675.4:c.1602T>G,normal
NM_024675.4:c.1602T>C,normal
NM_024675.4:c.1602T>A,normal
NM_024675.4:c.1601C>T,indeterminate
NM_024675.4:c.1601C>G,normal
NM_024675.4:c.1601C>A,indeterminate
NM_024675.4:c.1600T>G,normal
NM_024675.4:c.1600T>C,normal
NM_024675.4:c.1600T>A,indeterminate
NM_024675.4:c.1599T>G,normal
NM_024675.4:c.1599T>C,normal
NM_024675.4:c.1599T>A,indeterminate
NM_024675.4:c.1598C>T,normal
NM_024675.4:c.1598C>G,normal
NM_024675.4:c.1598C>A,normal
NM_024675.4:c.1597A>T,normal
NM_024675.4:c.1597A>G,normal
NM_024675.4:c.1597A>C,normal
NM_024675.4:c.1596A>T,normal
NM_024675.4:c.1596A>G,normal
NM_024675.4:c.1596A>C,normal
NM_024675.4:c.1595C>T,normal
NM_024675.4:c.1595C>G,normal
NM_024675.4:c.1595C>A,normal
NM_024675.4:c.1594C>T,normal
NM_024675.4:c.1594C>G,normal
NM_024675.4:c.1594C>A,normal
NM_024675.4:c.1593G>T,normal
NM_024675.4:c.1593G>C,indeterminate
NM_024675.4:c.1593G>A,normal
NM_024675.4:c.1592T>G,normal
NM_024675.4:c.1592T>C,normal
NM_024675.4:c.1592T>A,abnormal
NM_024675.4:c.1591T>G,normal
NM_024675.4:c.1591T>C,normal
NM_024675.4:c.1591T>A,indeterminate
NM_024675.4:c.1590T>G,normal
NM_024675.4:c.1590T>C,normal
NM_024675.4:c.1590T>A,normal
NM_024675.4:c.1589T>G,normal
NM_024675.4:c.1589T>C,normal
NM_024675.4:c.1589T>A,normal
NM_024675.4:c.1588C>T,normal
NM_024675.4:c.1588C>G,normal
NM_024675.4:c.1588C>A,normal
NM_024675.4:c.1587A>T,normal
NM_024675.4:c.1587A>G,normal
NM_024675.4:c.1587A>C,indeterminate
NM_024675.4:c.1586C>T,normal
NM_024675.4:c.1586C>G,indeterminate
NM_024675.4:c.1586C>A,normal
NM_024675.4:c.1585C>T,normal
NM_024675.4:c.1585C>G,normal
NM_024675.4:c.1585C>A,normal
NM_024675.4:c.1584A>T,normal
NM_024675.4:c.1584A>G,normal
NM_024675.4:c.1584A>C,normal
NM_024675.4:c.1583A>T,normal
NM_024675.4:c.1583A>G,normal
NM_024675.4:c.1583A>C,normal
NM_024675.4:c.1582G>T,abnormal
NM_024675.4:c.1582G>C,normal
NM_024675.4:c.1582G>A,normal
NM_024675.4:c.1581T>G,normal
NM_024675.4:c.1581T>C,normal
NM_024675.4:c.1581T>A,abnormal
NM_024675.4:c.1580G>T,normal
NM_024675.4:c.1580G>C,normal
NM_024675.4:c.1580G>A,normal
NM_024675.4:c.1579T>G,normal
NM_024675.4:c.1579T>C,normal
NM_024675.4:c.1579T>A,normal
NM_024675.4:c.1578T>G,normal
NM_024675.4:c.1578T>C,normal
NM_024675.4:c.1578T>A,normal
NM_024675.4:c.1577A>T,normal
NM_024675.4:c.1577A>G,normal
NM_024675.4:c.1577A>C,indeterminate
NM_024675.4:c.1576C>T,normal
NM_024675.4:c.1576C>G,normal
NM_024675.4:c.1576C>A,normal
NM_024675.4:c.1575T>G,normal
NM_024675.4:c.1575T>C,normal
NM_024675.4:c.1575T>A,normal
NM_024675.4:c.1574A>T,normal
NM_024675.4:c.1574A>G,normal
NM_024675.4:c.1574A>C,normal
NM_024675.4:c.1573G>T,normal
NM_024675.4:c.1573G>C,normal
NM_024675.4:c.1573G>A,normal
NM_024675.4:c.1572A>T,normal
NM_024675.4:c.1572A>G,normal
NM_024675.4:c.1572A>C,normal
NM_024675.4:c.1571C>T,normal
NM_024675.4:c.1571C>G,abnormal
NM_024675.4:c.1571C>A,abnormal
NM_024675.4:c.1570T>G,normal
NM_024675.4:c.1570T>C,indeterminate
NM_024675.4:c.1570T>A,normal
NM_024675.4:c.1569A>T,normal
NM_024675.4:c.1569A>G,normal
NM_024675.4:c.1569A>C,normal
NM_024675.4:c.1568C>T,normal
NM_024675.4:c.1568C>G,normal
NM_024675.4:c.1568C>A,normal
NM_024675.4:c.1567G>T,normal
NM_024675.4:c.1567G>C,normal
NM_024675.4:c.1567G>A,normal
NM_024675.4:c.1566A>T,normal
NM_024675.4:c.1566A>G,normal
NM_024675.4:c.1566A>C,normal
NM_024675.4:c.1565C>T,normal
NM_024675.4:c.1565C>G,normal
NM_024675.4:c.1565C>A,normal
NM_024675.4:c.1564C>T,normal
NM_024675.4:c.1564C>G,normal
NM_024675.4:c.1564C>A,normal
NM_024675.4:c.1560C>T,normal
NM_024675.4:c.1560C>G,normal
NM_024675.4:c.1560C>A,abnormal
NM_024675.4:c.1559G>T,indeterminate
NM_024675.4:c.1559G>C,normal
NM_024675.4:c.1559G>A,normal
NM_024675.4:c.1558T>G,indeterminate
NM_024675.4:c.1558T>C,normal
NM_024675.4:c.1558T>A,normal
NM_024675.4:c.1557C>T,normal
NM_024675.4:c.1557C>G,normal
NM_024675.4:c.1557C>A,normal
NM_024675.4:c.1556C>T,normal
NM_024675.4:c.1556C>G,normal
NM_024675.4:c.1556C>A,normal
NM_024675.4:c.1555G>T,normal
NM_024675.4:c.1555G>C,normal
NM_024675.4:c.1555G>A,normal
NM_024675.4:c.1554A>T,normal
NM_024675.4:c.1554A>G,indeterminate
NM_024675.4:c.1554A>C,normal
NM_024675.4:c.1553C>T,indeterminate
NM_024675.4:c.1553C>G,abnormal
NM_024675.4:c.1553C>A,abnormal
NM_024675.4:c.1552T>G,normal
NM_024675.4:c.1552T>C,normal
NM_024675.4:c.1552T>A,normal
NM_024675.4:c.1551A>T,normal
NM_024675.4:c.1551A>G,normal
NM_024675.4:c.1551A>C,normal
NM_024675.4:c.1550A>T,normal
NM_024675.4:c.1550A>G,normal
NM_024675.4:c.1550A>C,normal
NM_024675.4:c.1549A>T,abnormal
NM_024675.4:c.1549A>G,normal
NM_024675.4:c.1549A>C,normal
NM_024675.4:c.1548A>T,normal
NM_024675.4:c.1548A>G,normal
NM_024675.4:c.1548A>C,normal
NM_024675.4:c.1547G>T,normal
NM_024675.4:c.1547G>C,normal
NM_024675.4:c.1547G>A,normal
NM_024675.4:c.1546A>T,abnormal
NM_024675.4:c.1546A>G,normal
NM_024675.4:c.1546A>C,normal
NM_024675.4:c.1545A>T,indeterminate
NM_024675.4:c.1545A>G,normal
NM_024675.4:c.1545A>C,normal
NM_024675.4:c.1544A>T,normal
NM_024675.4:c.1544A>G,normal
NM_024675.4:c.1544A>C,normal
NM_024675.4:c.1543A>T,abnormal
NM_024675.4:c.1543A>G,normal
NM_024675.4:c.1543A>C,normal
NM_024675.4:c.1542A>T,normal
NM_024675.4:c.1542A>G,normal
NM_024675.4:c.1542A>C,normal
NM_024675.4:c.1541G>T,normal
NM_024675.4:c.1541G>C,normal
NM_024675.4:c.1541G>A,normal
NM_024675.4:c.1540G>T,abnormal
NM_024675.4:c.1540G>C,indeterminate
NM_024675.4:c.1540G>A,normal
NM_024675.4:c.1539A>T,normal
NM_024675.4:c.1539A>G,normal
NM_024675.4:c.1539A>C,normal
NM_024675.4:c.1538C>T,normal
NM_024675.4:c.1538C>G,indeterminate
NM_024675.4:c.1538C>A,indeterminate
NM_024675.4:c.1537A>T,normal
NM_024675.4:c.1537A>G,normal
NM_024675.4:c.1537A>C,normal
NM_024675.4:c.1536C>T,normal
NM_024675.4:c.1536C>G,abnormal
NM_024675.4:c.1536C>A,abnormal
NM_024675.4:c.1535A>T,normal
NM_024675.4:c.1535A>G,normal
NM_024675.4:c.1535A>C,normal
NM_024675.4:c.1534T>G,normal
NM_024675.4:c.1534T>C,normal
NM_024675.4:c.1534T>A,normal
NM_024675.4:c.1533A>T,normal
NM_024675.4:c.1533A>G,normal
NM_024675.4:c.1533A>C,indeterminate
NM_024675.4:c.1532G>T,normal
NM_024675.4:c.1532G>C,normal
NM_024675.4:c.1532G>A,normal
NM_024675.4:c.1531A>T,abnormal
NM_024675.4:c.1531A>G,normal
NM_024675.4:c.1531A>C,normal
NM_024675.4:c.1530A>T,normal
NM_024675.4:c.1530A>G,normal
NM_024675.4:c.1530A>C,normal
NM_024675.4:c.1529G>T,normal
NM_024675.4:c.1529G>C,normal
NM_024675.4:c.1529G>A,normal
NM_024675.4:c.1528A>T,abnormal
NM_024675.4:c.1528A>G,normal
NM_024675.4:c.1528A>C,normal
NM_024675.4:c.1527T>G,normal
NM_024675.4:c.1527T>C,normal
NM_024675.4:c.1527T>A,normal
NM_024675.4:c.1526G>T,normal
NM_024675.4:c.1526G>C,normal
NM_024675.4:c.1526G>A,normal
NM_024675.4:c.1525G>T,normal
NM_024675.4:c.1525G>C,normal
NM_024675.4:c.1525G>A,normal
NM_024675.4:c.1524T>G,normal
NM_024675.4:c.1524T>C,normal
NM_024675.4:c.1524T>A,indeterminate
NM_024675.4:c.1523C>T,normal
NM_024675.4:c.1523C>G,normal
NM_024675.4:c.1523C>A,normal
NM_024675.4:c.1522C>T,normal
NM_024675.4:c.1522C>G,normal
NM_024675.4:c.1522C>A,normal
NM_024675.4:c.1521A>T,normal
NM_024675.4:c.1521A>G,normal
NM_024675.4:c.1521A>C,normal
NM_024675.4:c.1520C>T,normal
NM_024675.4:c.1520C>G,normal
NM_024675.4:c.1520C>A,normal
NM_024675.4:c.1519G>T,normal
NM_024675.4:c.1519G>C,normal
NM_024675.4:c.1519G>A,normal
NM_024675.4:c.1518A>T,normal
NM_024675.4:c.1518A>G,normal
NM_024675.4:c.1518A>C,normal
NM_024675.4:c.1517A>T,normal
NM_024675.4:c.1517A>G,normal
NM_024675.4:c.1517A>C,normal
NM_024675.4:c.1516C>T,abnormal
NM_024675.4:c.1516C>G,normal
NM_024675.4:c.1516C>A,normal
NM_024675.4:c.1512T>G,normal
NM_024675.4:c.1512T>C,normal
NM_024675.4:c.1512T>A,normal
NM_024675.4:c.1511T>G,indeterminate
NM_024675.4:c.1511T>C,indeterminate
NM_024675.4:c.1511T>A,normal
NM_024675.4:c.1510G>T,normal
NM_024675.4:c.1510G>C,normal
NM_024675.4:c.1510G>A,abnormal
NM_024675.4:c.1509A>T,normal
NM_024675.4:c.1509A>G,normal
NM_024675.4:c.1509A>C,normal
NM_024675.4:c.1508C>T,normal
NM_024675.4:c.1508C>G,normal
NM_024675.4:c.1508C>A,normal
NM_024675.4:c.1507G>T,normal
NM_024675.4:c.1507G>C,normal
NM_024675.4:c.1507G>A,normal
NM_024675.4:c.1506G>T,normal
NM_024675.4:c.1506G>C,normal
NM_024675.4:c.1506G>A,indeterminate
NM_024675.4:c.1505A>T,normal
NM_024675.4:c.1505A>G,normal
NM_024675.4:c.1505A>C,normal
NM_024675.4:c.1504A>T,abnormal
NM_024675.4:c.1504A>G,normal
NM_024675.4:c.1504A>C,normal
NM_024675.4:c.1503G>T,indeterminate
NM_024675.4:c.1503G>C,indeterminate
NM_024675.4:c.1503G>A,normal
NM_024675.4:c.1502G>T,normal
NM_024675.4:c.1502G>C,normal
NM_024675.4:c.1502G>A,normal
NM_024675.4:c.1501A>T,normal
NM_024675.4:c.1501A>G,normal
NM_024675.4:c.1501A>C,normal
NM_024675.4:c.1500T>G,normal
NM_024675.4:c.1500T>C,normal
NM_024675.4:c.1500T>A,indeterminate
NM_024675.4:c.1499C>T,normal
NM_024675.4:c.1499C>G,indeterminate
NM_024675.4:c.1499C>A,normal
NM_024675.4:c.1498T>G,normal
NM_024675.4:c.1498T>C,normal
NM_024675.4:c.1498T>A,normal
NM_024675.4:c.1497G>T,indeterminate
NM_024675.4:c.1497G>C,indeterminate
NM_024675.4:c.1497G>A,normal
NM_024675.4:c.1496T>G,normal
NM_024675.4:c.1496T>C,normal
NM_024675.4:c.1496T>A,abnormal
NM_024675.4:c.1495T>G,normal
NM_024675.4:c.1495T>C,normal
NM_024675.4:c.1495T>A,normal
NM_024675.4:c.1494C>T,normal
NM_024675.4:c.1494C>G,indeterminate
NM_024675.4:c.1494C>A,indeterminate
NM_024675.4:c.1493A>T,normal
NM_024675.4:c.1493A>G,normal
NM_024675.4:c.1493A>C,indeterminate
NM_024675.4:c.1492G>T,normal
NM_024675.4:c.1492G>C,normal
NM_024675.4:c.1492G>A,normal
NM_024675.4:c.1491T>G,normal
NM_024675.4:c.1491T>C,normal
NM_024675.4:c.1491T>A,normal
NM_024675.4:c.1490A>T,normal
NM_024675.4:c.1490A>G,normal
NM_024675.4:c.1490A>C,normal
NM_024675.4:c.1489A>T,normal
NM_024675.4:c.1489A>G,normal
NM_024675.4:c.1489A>C,normal
NM_024675.4:c.1488T>G,indeterminate
NM_024675.4:c.1488T>C,normal
NM_024675.4:c.1488T>A,normal
NM_024675.4:c.1487A>T,normal
NM_024675.4:c.1487A>G,normal
NM_024675.4:c.1487A>C,normal
NM_024675.4:c.1486G>T,normal
NM_024675.4:c.1486G>C,normal
NM_024675.4:c.1486G>A,normal
NM_024675.4:c.1485A>T,normal
NM_024675.4:c.1485A>G,normal
NM_024675.4:c.1485A>C,normal
NM_024675.4:c.1484A>T,normal
NM_024675.4:c.1484A>G,normal
NM_024675.4:c.1484A>C,normal
NM_024675.4:c.1483G>T,abnormal
NM_024675.4:c.1483G>C,normal
NM_024675.4:c.1483G>A,normal
NM_024675.4:c.1482T>G,normal
NM_024675.4:c.1482T>C,normal
NM_024675.4:c.1482T>A,normal
NM_024675.4:c.1481C>T,normal
NM_024675.4:c.1481C>G,normal
NM_024675.4:c.1481C>A,normal
NM_024675.4:c.1480A>T,normal
NM_024675.4:c.1480A>G,normal
NM_024675.4:c.1480A>C,normal
NM_024675.4:c.1479C>T,normal
NM_024675.4:c.1479C>G,normal
NM_024675.4:c.1479C>A,normal
NM_024675.4:c.1478C>T,normal
NM_024675.4:c.1478C>G,normal
NM_024675.4:c.1478C>A,normal
NM_024675.4:c.1477C>T,normal
NM_024675.4:c.1477C>G,normal
NM_024675.4:c.1477C>A,normal
NM_024675.4:c.1473T>G,normal
NM_024675.4:c.1473T>C,normal
NM_024675.4:c.1473T>A,normal
NM_024675.4:c.1472C>T,normal
NM_024675.4:c.1472C>G,normal
NM_024675.4:c.1472C>A,normal
NM_024675.4:c.1471G>T,normal
NM_024675.4:c.1471G>C,indeterminate
NM_024675.4:c.1471G>A,normal
NM_024675.4:c.1470C>T,normal
NM_024675.4:c.1470C>G,normal
NM_024675.4:c.1470C>A,normal
NM_024675.4:c.1469C>T,normal
NM_024675.4:c.1469C>G,normal
NM_024675.4:c.1469C>A,normal
NM_024675.4:c.1468C>T,normal
NM_024675.4:c.1468C>G,normal
NM_024675.4:c.1468C>A,normal
NM_024675.4:c.1467T>G,indeterminate
NM_024675.4:c.1467T>C,normal
NM_024675.4:c.1467T>A,normal
NM_024675.4:c.1466C>T,normal
NM_024675.4:c.1466C>G,normal
NM_024675.4:c.1466C>A,indeterminate
NM_024675.4:c.1465T>G,normal
NM_024675.4:c.1465T>C,normal
NM_024675.4:c.1465T>A,normal
NM_024675.4:c.1464C>T,normal
NM_024675.4:c.1464C>G,normal
NM_024675.4:c.1464C>A,normal
NM_024675.4:c.1463G>T,normal
NM_024675.4:c.1463G>C,normal
NM_024675.4:c.1463G>A,normal
NM_024675.4:c.1462A>T,normal
NM_024675.4:c.1462A>G,normal
NM_024675.4:c.1462A>C,normal
NM_024675.4:c.1461C>T,normal
NM_024675.4:c.1461C>G,normal
NM_024675.4:c.1461C>A,normal
NM_024675.4:c.1460T>G,normal
NM_024675.4:c.1460T>C,normal
NM_024675.4:c.1460T>A,normal
NM_024675.4:c.1459G>T,indeterminate
NM_024675.4:c.1459G>C,normal
NM_024675.4:c.1459G>A,normal
NM_024675.4:c.1458A>T,normal
NM_024675.4:c.1458A>G,normal
NM_024675.4:c.1458A>C,normal
NM_024675.4:c.1457A>T,indeterminate
NM_024675.4:c.1457A>G,normal
NM_024675.4:c.1457A>C,normal
NM_024675.4:c.1456A>T,abnormal
NM_024675.4:c.1456A>G,indeterminate
NM_024675.4:c.1456A>C,normal
NM_024675.4:c.1455T>G,normal
NM_024675.4:c.1455T>C,normal
NM_024675.4:c.1455T>A,indeterminate
NM_024675.4:c.1454C>T,normal
NM_024675.4:c.1454C>G,normal
NM_024675.4:c.1454C>A,normal
NM_024675.4:c.1453A>T,normal
NM_024675.4:c.1453A>G,normal
NM_024675.4:c.1453A>C,normal
NM_024675.4:c.1452A>T,normal
NM_024675.4:c.1452A>G,normal
NM_024675.4:c.1452A>C,normal
NM_024675.4:c.1451T>G,abnormal
NM_024675.4:c.1451T>C,normal
NM_024675.4:c.1451T>A,abnormal
NM_024675.4:c.1450T>G,normal
NM_024675.4:c.1450T>C,normal
NM_024675.4:c.1450T>A,normal
NM_024675.4:c.1449A>T,normal
NM_024675.4:c.1449A>G,normal
NM_024675.4:c.1449A>C,normal
NM_024675.4:c.1448C>T,normal
NM_024675.4:c.1448C>G,abnormal
NM_024675.4:c.1448C>A,abnormal
NM_024675.4:c.1447T>G,indeterminate
NM_024675.4:c.1447T>C,normal
NM_024675.4:c.1447T>A,normal
NM_024675.4:c.1446C>T,normal
NM_024675.4:c.1446C>G,indeterminate
NM_024675.4:c.1446C>A,normal
NM_024675.4:c.1445T>G,normal
NM_024675.4:c.1445T>C,normal
NM_024675.4:c.1445T>A,normal
NM_024675.4:c.1444C>T,normal
NM_024675.4:c.1444C>G,normal
NM_024675.4:c.1444C>A,normal
NM_024675.4:c.1443T>G,normal
NM_024675.4:c.1443T>C,normal
NM_024675.4:c.1443T>A,normal
NM_024675.4:c.1442T>G,normal
NM_024675.4:c.1442T>C,normal
NM_024675.4:c.1442T>A,normal
NM_024675.4:c.1441C>T,normal
NM_024675.4:c.1441C>G,normal
NM_024675.4:c.1441C>A,normal
NM_024675.4:c.1440A>T,normal
NM_024675.4:c.1440A>G,normal
NM_024675.4:c.1440A>C,normal
NM_024675.4:c.1439A>T,indeterminate
NM_024675.4:c.1439A>G,normal
NM_024675.4:c.1439A>C,normal
NM_024675.4:c.1438A>T,abnormal
NM_024675.4:c.1438A>G,normal
NM_024675.4:c.1438A>C,normal
NM_024675.4:c.1437G>T,normal
NM_024675.4:c.1437G>C,normal
NM_024675.4:c.1437G>A,normal
NM_024675.4:c.1436A>T,normal
NM_024675.4:c.1436A>G,normal
NM_024675.4:c.1436A>C,normal
NM_024675.4:c.1435C>T,abnormal
NM_024675.4:c.1435C>G,normal
NM_024675.4:c.1435C>A,normal
NM_024675.4:c.1434T>G,normal
NM_024675.4:c.1434T>C,normal
NM_024675.4:c.1434T>A,normal
NM_024675.4:c.1433C>T,normal
NM_024675.4:c.1433C>G,normal
NM_024675.4:c.1433C>A,normal
NM_024675.4:c.1432T>G,normal
NM_024675.4:c.1432T>C,normal
NM_024675.4:c.1432T>A,normal
NM_024675.4:c.1428A>T,normal
NM_024675.4:c.1428A>G,normal
NM_024675.4:c.1428A>C,normal
NM_024675.4:c.1427G>T,normal
NM_024675.4:c.1427G>C,normal
NM_024675.4:c.1427G>A,normal
NM_024675.4:c.1426A>T,abnormal
NM_024675.4:c.1426A>G,normal
NM_024675.4:c.1426A>C,normal
NM_024675.4:c.1425A>T,normal
NM_024675.4:c.1425A>G,normal
NM_024675.4:c.1425A>C,normal
NM_024675.4:c.1424C>T,normal
NM_024675.4:c.1424C>G,abnormal
NM_024675.4:c.1424C>A,abnormal
NM_024675.4:c.1423T>G,normal
NM_024675.4:c.1423T>C,normal
NM_024675.4:c.1423T>A,normal
NM_024675.4:c.1422T>G,normal
NM_024675.4:c.1422T>C,normal
NM_024675.4:c.1422T>A,normal
NM_024675.4:c.1421G>T,indeterminate
NM_024675.4:c.1421G>C,normal
NM_024675.4:c.1421G>A,indeterminate
NM_024675.4:c.1420A>T,normal
NM_024675.4:c.1420A>G,indeterminate
NM_024675.4:c.1420A>C,normal
NM_024675.4:c.1419A>T,normal
NM_024675.4:c.1419A>G,normal
NM_024675.4:c.1419A>C,normal
NM_024675.4:c.1418C>T,normal
NM_024675.4:c.1418C>G,normal
NM_024675.4:c.1418C>A,normal
NM_024675.4:c.1417C>T,normal
NM_024675.4:c.1417C>G,normal
NM_024675.4:c.1417C>A,normal
NM_024675.4:c.1416A>T,normal
NM_024675.4:c.1416A>G,normal
NM_024675.4:c.1416A>C,indeterminate
NM_024675.4:c.1415A>T,normal
NM_024675.4:c.1415A>G,normal
NM_024675.4:c.1415A>C,normal
NM_024675.4:c.1414C>T,abnormal
NM_024675.4:c.1414C>G,normal
NM_024675.4:c.1414C>A,normal
NM_024675.4:c.1413A>T,normal
NM_024675.4:c.1413A>G,normal
NM_024675.4:c.1413A>C,normal
NM_024675.4:c.1412G>T,indeterminate
NM_024675.4:c.1412G>C,normal
NM_024675.4:c.1412G>A,normal
NM_024675.4:c.1411G>T,abnormal
NM_024675.4:c.1411G>C,normal
NM_024675.4:c.1411G>A,normal
NM_024675.4:c.1410A>T,normal
NM_024675.4:c.1410A>G,normal
NM_024675.4:c.1410A>C,normal
NM_024675.4:c.1409C>T,normal
NM_024675.4:c.1409C>G,normal
NM_024675.4:c.1409C>A,normal
NM_024675.4:c.1408A>T,normal
NM_024675.4:c.1408A>G,normal
NM_024675.4:c.1408A>C,normal
NM_024675.4:c.1407C>T,normal
NM_024675.4:c.1407C>G,normal
NM_024675.4:c.1407C>A,abnormal
NM_024675.4:c.1406G>T,normal
NM_024675.4:c.1406G>C,indeterminate
NM_024675.4:c.1406G>A,normal
NM_024675.4:c.1405T>G,normal
NM_024675.4:c.1405T>C,normal
NM_024675.4:c.1405T>A,normal
NM_024675.4:c.1404A>T,normal
NM_024675.4:c.1404A>G,indeterminate
NM_024675.4:c.1404A>C,normal
NM_024675.4:c.1403C>T,normal
NM_024675.4:c.1403C>G,normal
NM_024675.4:c.1403C>A,indeterminate
NM_024675.4:c.1402A>T,normal
NM_024675.4:c.1402A>G,normal
NM_024675.4:c.1402A>C,indeterminate
NM_024675.4:c.1401C>T,indeterminate
NM_024675.4:c.1401C>G,normal
NM_024675.4:c.1401C>A,normal
NM_024675.4:c.1400G>T,normal
NM_024675.4:c.1400G>C,normal
NM_024675.4:c.1400G>A,normal
NM_024675.4:c.1399G>T,normal
NM_024675.4:c.1399G>C,indeterminate
NM_024675.4:c.1399G>A,normal
NM_024675.4:c.1398T>G,normal
NM_024675.4:c.1398T>C,normal
NM_024675.4:c.1398T>A,normal
NM_024675.4:c.1397C>T,normal
NM_024675.4:c.1397C>G,normal
NM_024675.4:c.1397C>A,normal
NM_024675.4:c.1396T>G,indeterminate
NM_024675.4:c.1396T>C,normal
NM_024675.4:c.1396T>A,normal
NM_024675.4:c.1395G>T,normal
NM_024675.4:c.1395G>C,normal
NM_024675.4:c.1395G>A,indeterminate
NM_024675.4:c.1394T>G,indeterminate
NM_024675.4:c.1394T>C,normal
NM_024675.4:c.1394T>A,normal
NM_024675.4:c.1393A>T,normal
NM_024675.4:c.1393A>G,normal
NM_024675.4:c.1393A>C,normal
NM_024675.4:c.1392G>T,normal
NM_024675.4:c.1392G>C,indeterminate
NM_024675.4:c.1392G>A,normal
NM_024675.4:c.1391G>T,normal
NM_024675.4:c.1391G>C,normal
NM_024675.4:c.1391G>A,normal
NM_024675.4:c.1390A>T,normal
NM_024675.4:c.1390A>G,normal
NM_024675.4:c.1390A>C,normal
NM_024675.4:c.1389T>G,normal
NM_024675.4:c.1389T>C,normal
NM_024675.4:c.1389T>A,normal
NM_024675.4:c.1388T>G,normal
NM_024675.4:c.1388T>C,indeterminate
NM_024675.4:c.1388T>A,normal
NM_024675.4:c.1387A>T,normal
NM_024675.4:c.1387A>G,normal
NM_024675.4:c.1387A>C,normal
NM_024675.4:c.1386A>T,normal
NM_024675.4:c.1386A>G,normal
NM_024675.4:c.1386A>C,normal
NM_024675.4:c.1385A>T,normal
NM_024675.4:c.1385A>G,indeterminate
NM_024675.4:c.1385A>C,indeterminate
NM_024675.4:c.1384G>T,abnormal
NM_024675.4:c.1384G>C,normal
NM_024675.4:c.1384G>A,normal
NM_024675.4:c.1383T>G,normal
NM_024675.4:c.1383T>C,normal
NM_024675.4:c.1383T>A,normal
NM_024675.4:c.1382G>T,normal
NM_024675.4:c.1382G>C,normal
NM_024675.4:c.1382G>A,indeterminate
NM_024675.4:c.1381A>T,normal
NM_024675.4:c.1381A>G,normal
NM_024675.4:c.1381A>C,normal
NM_024675.4:c.1380A>T,normal
NM_024675.4:c.1380A>G,indeterminate
NM_024675.4:c.1380A>C,normal
NM_024675.4:c.1379A>T,normal
NM_024675.4:c.1379A>G,normal
NM_024675.4:c.1379A>C,indeterminate
NM_024675.4:c.1378C>T,abnormal
NM_024675.4:c.1378C>G,abnormal
NM_024675.4:c.1378C>A,indeterminate
NM_024675.4:c.1377C>T,normal
NM_024675.4:c.1377C>G,indeterminate
NM_024675.4:c.1377C>A,normal
NM_024675.4:c.1376A>T,normal
NM_024675.4:c.1376A>G,indeterminate
NM_024675.4:c.1376A>C,normal
NM_024675.4:c.1375G>T,normal
NM_024675.4:c.1375G>C,normal
NM_024675.4:c.1375G>A,normal
NM_024675.4:c.1374T>G,indeterminate
NM_024675.4:c.1374T>C,normal
NM_024675.4:c.1374T>A,indeterminate
NM_024675.4:c.1373C>T,normal
NM_024675.4:c.1373C>G,normal
NM_024675.4:c.1373C>A,normal
NM_024675.4:c.1372A>T,normal
NM_024675.4:c.1372A>G,indeterminate
NM_024675.4:c.1372A>C,normal
NM_024675.4:c.1371A>T,normal
NM_024675.4:c.1371A>G,normal
NM_024675.4:c.1371A>C,normal
NM_024675.4:c.1370A>T,normal
NM_024675.4:c.1370A>G,indeterminate
NM_024675.4:c.1370A>C,normal
NM_024675.4:c.1369G>T,abnormal
NM_024675.4:c.1369G>C,normal
NM_024675.4:c.1369G>A,normal
NM_024675.4:c.1368G>T,normal
NM_024675.4:c.1368G>C,normal
NM_024675.4:c.1368G>A,normal
NM_024675.4:c.1367A>T,normal
NM_024675.4:c.1367A>G,normal
NM_024675.4:c.1367A>C,normal
NM_024675.4:c.1366G>T,abnormal
NM_024675.4:c.1366G>C,normal
NM_024675.4:c.1366G>A,normal
NM_024675.4:c.1365T>G,normal
NM_024675.4:c.1365T>C,normal
NM_024675.4:c.1365T>A,normal
NM_024675.4:c.1364A>T,normal
NM_024675.4:c.1364A>G,normal
NM_024675.4:c.1364A>C,normal
NM_024675.4:c.1363A>T,normal
NM_024675.4:c.1363A>G,normal
NM_024675.4:c.1363A>C,normal
NM_024675.4:c.1362C>T,normal
NM_024675.4:c.1362C>G,normal
NM_024675.4:c.1362C>A,indeterminate
NM_024675.4:c.1361C>T,indeterminate
NM_024675.4:c.1361C>G,normal
NM_024675.4:c.1361C>A,normal
NM_024675.4:c.1360T>G,normal
NM_024675.4:c.1360T>C,normal
NM_024675.4:c.1360T>A,normal
NM_024675.4:c.1359T>G,normal
NM_024675.4:c.1359T>C,abnormal
NM_024675.4:c.1359T>A,indeterminate
NM_024675.4:c.1358T>G,normal
NM_024675.4:c.1358T>C,normal
NM_024675.4:c.1358T>A,normal
NM_024675.4:c.1357C>T,indeterminate
NM_024675.4:c.1357C>G,normal
NM_024675.4:c.1357C>A,normal
NM_024675.4:c.1356C>T,indeterminate
NM_024675.4:c.1356C>G,normal
NM_024675.4:c.1356C>A,normal
NM_024675.4:c.1355A>T,indeterminate
NM_024675.4:c.1355A>G,normal
NM_024675.4:c.1355A>C,normal
NM_024675.4:c.1354A>T,normal
NM_024675.4:c.1354A>G,normal
NM_024675.4:c.1354A>C,normal
NM_024675.4:c.1353A>T,normal
NM_024675.4:c.1353A>G,normal
NM_024675.4:c.1353A>C,normal
NM_024675.4:c.1352T>G,abnormal
NM_024675.4:c.1352T>C,normal
NM_024675.4:c.1352T>A,abnormal
NM_024675.4:c.1351T>G,normal
NM_024675.4:c.1351T>C,normal
NM_024675.4:c.1351T>A,normal
NM_024675.4:c.1350T>G,indeterminate
NM_024675.4:c.1350T>C,normal
NM_024675.4:c.1350T>A,normal
NM_024675.4:c.1349A>T,normal
NM_024675.4:c.1349A>G,normal
NM_024675.4:c.1349A>C,normal
NM_024675.4:c.1348A>T,indeterminate
NM_024675.4:c.1348A>G,normal
NM_024675.4:c.1348A>C,indeterminate
NM_024675.4:c.1347A>T,normal
NM_024675.4:c.1347A>G,normal
NM_024675.4:c.1347A>C,normal
NM_024675.4:c.1346A>T,normal
NM_024675.4:c.1346A>G,normal
NM_024675.4:c.1346A>C,normal
NM_024675.4:c.1345A>T,abnormal
NM_024675.4:c.1345A>G,indeterminate
NM_024675.4:c.1345A>C,normal
NM_024675.4:c.1344T>G,indeterminate
NM_024675.4:c.1344T>C,indeterminate
NM_024675.4:c.1344T>A,normal
NM_024675.4:c.1343G>T,normal
NM_024675.4:c.1343G>C,indeterminate
NM_024675.4:c.1343G>A,normal
NM_024675.4:c.1342A>T,normal
NM_024675.4:c.1342A>G,normal
NM_024675.4:c.1342A>C,normal
NM_024675.4:c.1341A>T,normal
NM_024675.4:c.1341A>G,normal
NM_024675.4:c.1341A>C,normal
NM_024675.4:c.1340C>T,normal
NM_024675.4:c.1340C>G,normal
NM_024675.4:c.1340C>A,indeterminate
NM_024675.4:c.1339G>T,normal
NM_024675.4:c.1339G>C,normal
NM_024675.4:c.1339G>A,indeterminate
NM_024675.4:c.1338T>G,normal
NM_024675.4:c.1338T>C,normal
NM_024675.4:c.1338T>A,normal
NM_024675.4:c.1337A>T,normal
NM_024675.4:c.1337A>G,normal
NM_024675.4:c.1337A>C,normal
NM_024675.4:c.1336G>T,indeterminate
NM_024675.4:c.1336G>C,normal
NM_024675.4:c.1336G>A,normal
NM_024675.4:c.1335G>T,normal
NM_024675.4:c.1335G>C,normal
NM_024675.4:c.1335G>A,indeterminate
NM_024675.4:c.1334A>T,normal
NM_024675.4:c.1334A>G,normal
NM_024675.4:c.1334A>C,normal
NM_024675.4:c.1333A>T,abnormal
NM_024675.4:c.1333A>G,normal
NM_024675.4:c.1333A>C,normal
NM_024675.4:c.1332T>G,normal
NM_024675.4:c.1332T>C,normal
NM_024675.4:c.1332T>A,indeterminate
NM_024675.4:c.1331A>T,normal
NM_024675.4:c.1331A>G,indeterminate
NM_024675.4:c.1331A>C,normal
NM_024675.4:c.1330A>T,indeterminate
NM_024675.4:c.1330A>G,normal
NM_024675.4:c.1330A>C,normal
NM_024675.4:c.1329A>T,normal
NM_024675.4:c.1329A>G,normal
NM_024675.4:c.1329A>C,normal
NM_024675.4:c.1328A>T,indeterminate
NM_024675.4:c.1328A>G,normal
NM_024675.4:c.1328A>C,normal
NM_024675.4:c.1327A>T,abnormal
NM_024675.4:c.1327A>G,indeterminate
NM_024675.4:c.1327A>C,normal
NM_024675.4:c.1326T>G,normal
NM_024675.4:c.1326T>C,normal
NM_024675.4:c.1326T>A,normal
NM_024675.4:c.1325A>T,normal
NM_024675.4:c.1325A>G,normal
NM_024675.4:c.1325A>C,normal
NM_024675.4:c.1324A>T,normal
NM_024675.4:c.1324A>G,normal
NM_024675.4:c.1324A>C,normal
NM_024675.4:c.1323A>T,normal
NM_024675.4:c.1323A>G,normal
NM_024675.4:c.1323A>C,normal
NM_024675.4:c.1322A>T,normal
NM_024675.4:c.1322A>G,normal
NM_024675.4:c.1322A>C,normal
NM_024675.4:c.1321A>T,abnormal
NM_024675.4:c.1321A>G,normal
NM_024675.4:c.1321A>C,normal
NM_024675.4:c.1320T>G,normal
NM_024675.4:c.1320T>C,normal
NM_024675.4:c.1320T>A,normal
NM_024675.4:c.1319T>G,indeterminate
NM_024675.4:c.1319T>C,normal
NM_024675.4:c.1319T>A,normal
NM_024675.4:c.1318T>G,normal
NM_024675.4:c.1318T>C,normal
NM_024675.4:c.1318T>A,normal
NM_024675.4:c.1314A>T,normal
NM_024675.4:c.1314A>G,normal
NM_024675.4:c.1314A>C,normal
NM_024675.4:c.1313A>T,normal
NM_024675.4:c.1313A>G,normal
NM_024675.4:c.1313A>C,normal
NM_024675.4:c.1312A>T,abnormal
NM_024675.4:c.1312A>G,normal
NM_024675.4:c.1312A>C,normal
NM_024675.4:c.1311A>T,normal
NM_024675.4:c.1311A>G,normal
NM_024675.4:c.1311A>C,normal
NM_024675.4:c.1310A>T,normal
NM_024675.4:c.1310A>G,normal
NM_024675.4:c.1310A>C,normal
NM_024675.4:c.1309A>T,abnormal
NM_024675.4:c.1309A>G,normal
NM_024675.4:c.1309A>C,indeterminate
NM_024675.4:c.1308G>T,normal
NM_024675.4:c.1308G>C,normal
NM_024675.4:c.1308G>A,normal
NM_024675.4:c.1307A>T,normal
NM_024675.4:c.1307A>G,normal
NM_024675.4:c.1307A>C,indeterminate
NM_024675.4:c.1306A>T,abnormal
NM_024675.4:c.1306A>G,normal
NM_024675.4:c.1306A>C,normal
NM_024675.4:c.1305C>T,normal
NM_024675.4:c.1305C>G,normal
NM_024675.4:c.1305C>A,normal
NM_024675.4:c.1304T>G,indeterminate
NM_024675.4:c.1304T>C,normal
NM_024675.4:c.1304T>A,normal
NM_024675.4:c.1303G>T,normal
NM_024675.4:c.1303G>C,normal
NM_024675.4:c.1303G>A,normal
NM_024675.4:c.1302T>G,normal
NM_024675.4:c.1302T>C,normal
NM_024675.4:c.1302T>A,normal
NM_024675.4:c.1301A>T,normal
NM_024675.4:c.1301A>G,normal
NM_024675.4:c.1301A>C,normal
NM_024675.4:c.1300G>T,normal
NM_024675.4:c.1300G>C,indeterminate
NM_024675.4:c.1300G>A,indeterminate
NM_024675.4:c.1299G>T,indeterminate
NM_024675.4:c.1299G>C,normal
NM_024675.4:c.1299G>A,normal
NM_024675.4:c.1298T>G,indeterminate
NM_024675.4:c.1298T>C,indeterminate
NM_024675.4:c.1298T>A,abnormal
NM_024675.4:c.1297T>G,normal
NM_024675.4:c.1297T>C,normal
NM_024675.4:c.1297T>A,normal
NM_024675.4:c.1296T>G,normal
NM_024675.4:c.1296T>C,normal
NM_024675.4:c.1296T>A,normal
NM_024675.4:c.1295A>T,normal
NM_024675.4:c.1295A>G,abnormal
NM_024675.4:c.1295A>C,normal
NM_024675.4:c.1294C>T,normal
NM_024675.4:c.1294C>G,normal
NM_024675.4:c.1294C>A,normal
NM_024675.4:c.1293T>G,normal
NM_024675.4:c.1293T>C,indeterminate
NM_024675.4:c.1293T>A,normal
NM_024675.4:c.1292G>T,indeterminate
NM_024675.4:c.1292G>C,normal
NM_024675.4:c.1292G>A,normal
NM_024675.4:c.1291A>T,normal
NM_024675.4:c.1291A>G,normal
NM_024675.4:c.1291A>C,normal
NM_024675.4:c.1290G>T,normal
NM_024675.4:c.1290G>C,indeterminate
NM_024675.4:c.1290G>A,normal
NM_024675.4:c.1289A>T,normal
NM_024675.4:c.1289A>G,normal
NM_024675.4:c.1289A>C,indeterminate
NM_024675.4:c.1288C>T,abnormal
NM_024675.4:c.1288C>G,normal
NM_024675.4:c.1288C>A,normal
NM_024675.4:c.1287T>G,normal
NM_024675.4:c.1287T>C,normal
NM_024675.4:c.1287T>A,normal
NM_024675.4:c.1286T>G,normal
NM_024675.4:c.1286T>C,normal
NM_024675.4:c.1286T>A,normal
NM_024675.4:c.1285A>T,normal
NM_024675.4:c.1285A>G,normal
NM_024675.4:c.1285A>C,normal
NM_024675.4:c.1284C>T,normal
NM_024675.4:c.1284C>G,normal
NM_024675.4:c.1284C>A,normal
NM_024675.4:c.1283T>G,normal
NM_024675.4:c.1283T>C,normal
NM_024675.4:c.1283T>A,normal
NM_024675.4:c.1282G>T,normal
NM_024675.4:c.1282G>C,normal
NM_024675.4:c.1282G>A,normal
NM_024675.4:c.1281T>G,normal
NM_024675.4:c.1281T>C,normal
NM_024675.4:c.1281T>A,normal
NM_024675.4:c.1280C>T,normal
NM_024675.4:c.1280C>G,normal
NM_024675.4:c.1280C>A,normal
NM_024675.4:c.1279G>T,indeterminate
NM_024675.4:c.1279G>C,normal
NM_024675.4:c.1279G>A,normal
NM_024675.4:c.1278G>T,indeterminate
NM_024675.4:c.1278G>C,normal
NM_024675.4:c.1278G>A,normal
NM_024675.4:c.1277A>T,normal
NM_024675.4:c.1277A>G,indeterminate
NM_024675.4:c.1277A>C,normal
NM_024675.4:c.1276G>T,abnormal
NM_024675.4:c.1276G>C,abnormal
NM_024675.4:c.1276G>A,indeterminate
NM_024675.4:c.1272C>T,normal
NM_024675.4:c.1272C>G,normal
NM_024675.4:c.1272C>A,normal
NM_024675.4:c.1271C>T,normal
NM_024675.4:c.1271C>G,normal
NM_024675.4:c.1271C>A,normal
NM_024675.4:c.1270G>T,normal
NM_024675.4:c.1270G>C,normal
NM_024675.4:c.1270G>A,normal
NM_024675.4:c.1269A>T,indeterminate
NM_024675.4:c.1269A>G,normal
NM_024675.4:c.1269A>C,normal
NM_024675.4:c.1268T>G,indeterminate
NM_024675.4:c.1268T>C,normal
NM_024675.4:c.1268T>A,normal
NM_024675.4:c.1267G>T,indeterminate
NM_024675.4:c.1267G>C,normal
NM_024675.4:c.1267G>A,indeterminate
NM_024675.4:c.1266A>T,normal
NM_024675.4:c.1266A>G,normal
NM_024675.4:c.1266A>C,normal
NM_024675.4:c.1265A>T,indeterminate
NM_024675.4:c.1265A>G,normal
NM_024675.4:c.1265A>C,normal
NM_024675.4:c.1264A>T,abnormal
NM_024675.4:c.1264A>G,indeterminate
NM_024675.4:c.1264A>C,normal
NM_024675.4:c.1263G>T,indeterminate
NM_024675.4:c.1263G>C,indeterminate
NM_024675.4:c.1263G>A,normal
NM_024675.4:c.1262G>T,normal
NM_024675.4:c.1262G>C,normal
NM_024675.4:c.1262G>A,normal
NM_024675.4:c.1261A>T,normal
NM_024675.4:c.1261A>G,normal
NM_024675.4:c.1261A>C,normal
NM_024675.4:c.1260G>T,normal
NM_024675.4:c.1260G>C,indeterminate
NM_024675.4:c.1260G>A,normal
NM_024675.4:c.1259A>T,normal
NM_024675.4:c.1259A>G,indeterminate
NM_024675.4:c.1259A>C,indeterminate
NM_024675.4:c.1258C>T,abnormal
NM_024675.4:c.1258C>G,normal
NM_024675.4:c.1258C>A,normal
NM_024675.4:c.1257C>T,normal
NM_024675.4:c.1257C>G,normal
NM_024675.4:c.1257C>A,abnormal
NM_024675.4:c.1256G>T,normal
NM_024675.4:c.1256G>C,normal
NM_024675.4:c.1256G>A,indeterminate
NM_024675.4:c.1255T>G,normal
NM_024675.4:c.1255T>C,normal
NM_024675.4:c.1255T>A,indeterminate
NM_024675.4:c.1254T>G,normal
NM_024675.4:c.1254T>C,normal
NM_024675.4:c.1254T>A,normal
NM_024675.4:c.1253A>T,normal
NM_024675.4:c.1253A>G,indeterminate
NM_024675.4:c.1253A>C,normal
NM_024675.4:c.1252A>T,normal
NM_024675.4:c.1252A>G,indeterminate
NM_024675.4:c.1252A>C,normal
NM_024675.4:c.1251C>T,indeterminate
NM_024675.4:c.1251C>G,normal
NM_024675.4:c.1251C>A,normal
NM_024675.4:c.1250C>T,indeterminate
NM_024675.4:c.1250C>G,normal
NM_024675.4:c.1250C>A,normal
NM_024675.4:c.1249T>G,normal
NM_024675.4:c.1249T>C,indeterminate
NM_024675.4:c.1249T>A,indeterminate
NM_024675.4:c.1248G>T,normal
NM_024675.4:c.1248G>C,normal
NM_024675.4:c.1248G>A,normal
NM_024675.4:c.1247T>G,indeterminate
NM_024675.4:c.1247T>C,normal
NM_024675.4:c.1247T>A,normal
NM_024675.4:c.1246A>T,normal
NM_024675.4:c.1246A>G,normal
NM_024675.4:c.1246A>C,normal
NM_024675.4:c.1245C>T,normal
NM_024675.4:c.1245C>G,indeterminate
NM_024675.4:c.1245C>A,normal
NM_024675.4:c.1244G>T,normal
NM_024675.4:c.1244G>C,indeterminate
NM_024675.4:c.1244G>A,indeterminate
NM_024675.4:c.1243A>T,normal
NM_024675.4:c.1243A>G,indeterminate
NM_024675.4:c.1243A>C,indeterminate
NM_024675.4:c.1242A>T,normal
NM_024675.4:c.1242A>G,normal
NM_024675.4:c.1242A>C,normal
NM_024675.4:c.1241G>T,indeterminate
NM_024675.4:c.1241G>C,normal
NM_024675.4:c.1241G>A,normal
NM_024675.4:c.1240C>T,abnormal
NM_024675.4:c.1240C>G,normal
NM_024675.4:c.1240C>A,normal
NM_024675.4:c.1239A>T,normal
NM_024675.4:c.1239A>G,indeterminate
NM_024675.4:c.1239A>C,normal
NM_024675.4:c.1238C>T,indeterminate
NM_024675.4:c.1238C>G,normal
NM_024675.4:c.1238C>A,normal
NM_024675.4:c.1237A>T,indeterminate
NM_024675.4:c.1237A>G,normal
NM_024675.4:c.1237A>C,normal
NM_024675.4:c.1236A>T,normal
NM_024675.4:c.1236A>G,normal
NM_024675.4:c.1236A>C,normal
NM_024675.4:c.1235C>T,normal
NM_024675.4:c.1235C>G,normal
NM_024675.4:c.1235C>A,normal
NM_024675.4:c.1234A>T,normal
NM_024675.4:c.1234A>G,normal
NM_024675.4:c.1234A>C,normal
NM_024675.4:c.1233A>T,normal
NM_024675.4:c.1233A>G,indeterminate
NM_024675.4:c.1233A>C,normal
NM_024675.4:c.1232G>T,normal
NM_024675.4:c.1232G>C,normal
NM_024675.4:c.1232G>A,indeterminate
NM_024675.4:c.1231A>T,abnormal
NM_024675.4:c.1231A>G,normal
NM_024675.4:c.1231A>C,normal
NM_024675.4:c.1230T>G,normal
NM_024675.4:c.1230T>C,normal
NM_024675.4:c.1230T>A,normal
NM_024675.4:c.1229T>G,indeterminate
NM_024675.4:c.1229T>C,normal
NM_024675.4:c.1229T>A,normal
NM_024675.4:c.1228G>T,normal
NM_024675.4:c.1228G>C,normal
NM_024675.4:c.1228G>A,normal
NM_024675.4:c.1227T>G,abnormal
NM_024675.4:c.1227T>C,normal
NM_024675.4:c.1227T>A,abnormal
NM_024675.4:c.1226A>T,normal
NM_024675.4:c.1226A>G,indeterminate
NM_024675.4:c.1226A>C,normal
NM_024675.4:c.1225T>G,indeterminate
NM_024675.4:c.1225T>C,normal
NM_024675.4:c.1225T>A,normal
NM_024675.4:c.1224T>G,abnormal
NM_024675.4:c.1224T>C,normal
NM_024675.4:c.1224T>A,abnormal
NM_024675.4:c.1223A>T,normal
NM_024675.4:c.1223A>G,normal
NM_024675.4:c.1223A>C,normal
NM_024675.4:c.1222T>G,normal
NM_024675.4:c.1222T>C,normal
NM_024675.4:c.1222T>A,indeterminate
NM_024675.4:c.1221A>T,normal
NM_024675.4:c.1221A>G,normal
NM_024675.4:c.1221A>C,normal
NM_024675.4:c.1220A>T,indeterminate
NM_024675.4:c.1220A>G,normal
NM_024675.4:c.1220A>C,normal
NM_024675.4:c.1219G>T,abnormal
NM_024675.4:c.1219G>C,normal
NM_024675.4:c.1219G>A,normal
NM_024675.4:c.1218A>T,normal
NM_024675.4:c.1218A>G,indeterminate
NM_024675.4:c.1218A>C,normal
NM_024675.4:c.1217C>T,normal
NM_024675.4:c.1217C>G,normal
NM_024675.4:c.1217C>A,indeterminate
NM_024675.4:c.1216G>T,normal
NM_024675.4:c.1216G>C,normal
NM_024675.4:c.1216G>A,normal
NM_024675.4:c.1215T>G,normal
NM_024675.4:c.1215T>C,normal
NM_024675.4:c.1215T>A,normal
NM_024675.4:c.1214C>T,normal
NM_024675.4:c.1214C>G,normal
NM_024675.4:c.1214C>A,normal
NM_024675.4:c.1213C>T,indeterminate
NM_024675.4:c.1213C>G,normal
NM_024675.4:c.1213C>A,indeterminate
NM_024675.4:c.1212T>G,normal
NM_024675.4:c.1212T>C,normal
NM_024675.4:c.1212T>A,normal
NM_024675.4:c.1211T>G,indeterminate
NM_024675.4:c.1211T>C,normal
NM_024675.4:c.1211T>A,normal
NM_024675.4:c.1210T>G,normal
NM_024675.4:c.1210T>C,normal
NM_024675.4:c.1210T>A,normal
NM_024675.4:c.1209G>T,normal
NM_024675.4:c.1209G>C,normal
NM_024675.4:c.1209G>A,indeterminate
NM_024675.4:c.1208T>G,indeterminate
NM_024675.4:c.1208T>C,normal
NM_024675.4:c.1208T>A,normal
NM_024675.4:c.1207C>T,indeterminate
NM_024675.4:c.1207C>G,indeterminate
NM_024675.4:c.1207C>A,normal
NM_024675.4:c.1206T>G,normal
NM_024675.4:c.1206T>C,normal
NM_024675.4:c.1206T>A,indeterminate
NM_024675.4:c.1205T>G,normal
NM_024675.4:c.1205T>C,normal
NM_024675.4:c.1205T>A,normal
NM_024675.4:c.1204C>T,normal
NM_024675.4:c.1204C>G,normal
NM_024675.4:c.1204C>A,normal
NM_024675.4:c.1200A>T,normal
NM_024675.4:c.1200A>G,normal
NM_024675.4:c.1200A>C,normal
NM_024675.4:c.1199A>T,normal
NM_024675.4:c.1199A>G,normal
NM_024675.4:c.1199A>C,normal
NM_024675.4:c.1198G>T,abnormal
NM_024675.4:c.1198G>C,normal
NM_024675.4:c.1198G>A,normal
NM_024675.4:c.1197T>G,normal
NM_024675.4:c.1197T>C,normal
NM_024675.4:c.1197T>A,normal
NM_024675.4:c.1196C>T,normal
NM_024675.4:c.1196C>G,normal
NM_024675.4:c.1196C>A,normal
NM_024675.4:c.1195C>T,normal
NM_024675.4:c.1195C>G,normal
NM_024675.4:c.1195C>A,normal
NM_024675.4:c.1194G>T,normal
NM_024675.4:c.1194G>C,normal
NM_024675.4:c.1194G>A,indeterminate
NM_024675.4:c.1193T>G,normal
NM_024675.4:c.1193T>C,normal
NM_024675.4:c.1193T>A,normal
NM_024675.4:c.1192G>T,normal
NM_024675.4:c.1192G>C,normal
NM_024675.4:c.1192G>A,normal
NM_024675.4:c.1191A>T,normal
NM_024675.4:c.1191A>G,normal
NM_024675.4:c.1191A>C,normal
NM_024675.4:c.1190C>T,normal
NM_024675.4:c.1190C>G,normal
NM_024675.4:c.1190C>A,normal
NM_024675.4:c.1189A>T,normal
NM_024675.4:c.1189A>G,normal
NM_024675.4:c.1189A>C,normal
NM_024675.4:c.1188C>T,normal
NM_024675.4:c.1188C>G,normal
NM_024675.4:c.1188C>A,abnormal
NM_024675.4:c.1187G>T,indeterminate
NM_024675.4:c.1187G>C,normal
NM_024675.4:c.1187G>A,normal
NM_024675.4:c.1186T>G,normal
NM_024675.4:c.1186T>C,normal
NM_024675.4:c.1186T>A,indeterminate
NM_024675.4:c.1185T>G,normal
NM_024675.4:c.1185T>C,normal
NM_024675.4:c.1185T>A,normal
NM_024675.4:c.1184C>T,normal
NM_024675.4:c.1184C>G,indeterminate
NM_024675.4:c.1184C>A,normal
NM_024675.4:c.1183T>G,normal
NM_024675.4:c.1183T>C,normal
NM_024675.4:c.1183T>A,normal
NM_024675.4:c.1182T>G,normal
NM_024675.4:c.1182T>C,normal
NM_024675.4:c.1182T>A,normal
NM_024675.4:c.1181A>T,normal
NM_024675.4:c.1181A>G,normal
NM_024675.4:c.1181A>C,normal
NM_024675.4:c.1180C>T,normal
NM_024675.4:c.1180C>G,indeterminate
NM_024675.4:c.1180C>A,normal
NM_024675.4:c.1179A>T,normal
NM_024675.4:c.1179A>G,indeterminate
NM_024675.4:c.1179A>C,normal
NM_024675.4:c.1178A>T,normal
NM_024675.4:c.1178A>G,normal
NM_024675.4:c.1178A>C,normal
NM_024675.4:c.1177A>T,abnormal
NM_024675.4:c.1177A>G,normal
NM_024675.4:c.1177A>C,normal
NM_024675.4:c.1176A>T,normal
NM_024675.4:c.1176A>G,normal
NM_024675.4:c.1176A>C,normal
NM_024675.4:c.1175A>T,normal
NM_024675.4:c.1175A>G,normal
NM_024675.4:c.1175A>C,indeterminate
NM_024675.4:c.1174G>T,abnormal
NM_024675.4:c.1174G>C,normal
NM_024675.4:c.1174G>A,normal
NM_024675.4:c.1173A>T,normal
NM_024675.4:c.1173A>G,indeterminate
NM_024675.4:c.1173A>C,normal
NM_024675.4:c.1172C>T,normal
NM_024675.4:c.1172C>G,normal
NM_024675.4:c.1172C>A,normal
NM_024675.4:c.1171G>T,indeterminate
NM_024675.4:c.1171G>C,normal
NM_024675.4:c.1171G>A,normal
NM_024675.4:c.1170T>G,normal
NM_024675.4:c.1170T>C,normal
NM_024675.4:c.1170T>A,normal
NM_024675.4:c.1169C>T,normal
NM_024675.4:c.1169C>G,normal
NM_024675.4:c.1169C>A,normal
NM_024675.4:c.1168T>G,normal
NM_024675.4:c.1168T>C,normal
NM_024675.4:c.1168T>A,normal
NM_024675.4:c.1167T>G,normal
NM_024675.4:c.1167T>C,normal
NM_024675.4:c.1167T>A,normal
NM_024675.4:c.1166T>G,normal
NM_024675.4:c.1166T>C,indeterminate
NM_024675.4:c.1166T>A,normal
NM_024675.4:c.1165C>T,normal
NM_024675.4:c.1165C>G,normal
NM_024675.4:c.1165C>A,normal
NM_024675.4:c.1164T>G,normal
NM_024675.4:c.1164T>C,normal
NM_024675.4:c.1164T>A,abnormal
NM_024675.4:c.1163C>T,indeterminate
NM_024675.4:c.1163C>G,normal
NM_024675.4:c.1163C>A,normal
NM_024675.4:c.1162C>T,normal
NM_024675.4:c.1162C>G,normal
NM_024675.4:c.1162C>A,normal
NM_024675.4:c.1161T>G,normal
NM_024675.4:c.1161T>C,normal
NM_024675.4:c.1161T>A,normal
NM_024675.4:c.1160C>T,normal
NM_024675.4:c.1160C>G,normal
NM_024675.4:c.1160C>A,normal
NM_024675.4:c.1159T>G,normal
NM_024675.4:c.1159T>C,indeterminate
NM_024675.4:c.1159T>A,normal
NM_024675.4:c.1155A>T,indeterminate
NM_024675.4:c.1155A>G,indeterminate
NM_024675.4:c.1155A>C,indeterminate
NM_024675.4:c.1154C>T,indeterminate
NM_024675.4:c.1154C>G,normal
NM_024675.4:c.1154C>A,normal
NM_024675.4:c.1153G>T,normal
NM_024675.4:c.1153G>C,normal
NM_024675.4:c.1153G>A,normal
NM_024675.4:c.1152A>T,normal
NM_024675.4:c.1152A>G,normal
NM_024675.4:c.1152A>C,indeterminate
NM_024675.4:c.1151A>T,normal
NM_024675.4:c.1151A>G,normal
NM_024675.4:c.1151A>C,normal
NM_024675.4:c.1150G>T,abnormal
NM_024675.4:c.1150G>C,abnormal
NM_024675.4:c.1150G>A,normal
NM_024675.4:c.1149G>T,normal
NM_024675.4:c.1149G>C,normal
NM_024675.4:c.1149G>A,normal
NM_024675.4:c.1148T>G,normal
NM_024675.4:c.1148T>C,normal
NM_024675.4:c.1148T>A,normal
NM_024675.4:c.1147C>T,normal
NM_024675.4:c.1147C>G,abnormal
NM_024675.4:c.1147C>A,normal
NM_024675.4:c.1146C>T,normal
NM_024675.4:c.1146C>G,normal
NM_024675.4:c.1146C>A,indeterminate
NM_024675.4:c.1145G>T,indeterminate
NM_024675.4:c.1145G>C,normal
NM_024675.4:c.1145G>A,normal
NM_024675.4:c.1144A>T,indeterminate
NM_024675.4:c.1144A>G,normal
NM_024675.4:c.1144A>C,normal
NM_024675.4:c.1143T>G,indeterminate
NM_024675.4:c.1143T>C,normal
NM_024675.4:c.1143T>A,normal
NM_024675.4:c.1142T>G,normal
NM_024675.4:c.1142T>C,normal
NM_024675.4:c.1142T>A,normal
NM_024675.4:c.1141C>T,normal
NM_024675.4:c.1141C>G,normal
NM_024675.4:c.1141C>A,indeterminate
NM_024675.4:c.1140T>G,normal
NM_024675.4:c.1140T>C,indeterminate
NM_024675.4:c.1140T>A,normal
NM_024675.4:c.1139G>T,normal
NM_024675.4:c.1139G>C,indeterminate
NM_024675.4:c.1139G>A,indeterminate
NM_024675.4:c.1138A>T,indeterminate
NM_024675.4:c.1138A>G,normal
NM_024675.4:c.1138A>C,normal
NM_024675.4:c.1137G>T,normal
NM_024675.4:c.1137G>C,normal
NM_024675.4:c.1137G>A,indeterminate
NM_024675.4:c.1136A>T,normal
NM_024675.4:c.1136A>G,normal
NM_024675.4:c.1136A>C,indeterminate
NM_024675.4:c.1135A>T,abnormal
NM_024675.4:c.1135A>G,indeterminate
NM_024675.4:c.1135A>C,normal
NM_024675.4:c.1134T>G,normal
NM_024675.4:c.1134T>C,indeterminate
NM_024675.4:c.1134T>A,normal
NM_024675.4:c.1133C>T,abnormal
NM_024675.4:c.1133C>G,normal
NM_024675.4:c.1133C>A,normal
NM_024675.4:c.1132C>T,normal
NM_024675.4:c.1132C>G,normal
NM_024675.4:c.1132C>A,normal
NM_024675.4:c.1131A>T,indeterminate
NM_024675.4:c.1131A>G,normal
NM_024675.4:c.1131A>C,normal
NM_024675.4:c.1130A>T,normal
NM_024675.4:c.1130A>G,normal
NM_024675.4:c.1130A>C,normal
NM_024675.4:c.1129C>T,abnormal
NM_024675.4:c.1129C>G,normal
NM_024675.4:c.1129C>A,indeterminate
NM_024675.4:c.1128T>G,normal
NM_024675.4:c.1128T>C,normal
NM_024675.4:c.1128T>A,normal
NM_024675.4:c.1127G>T,normal
NM_024675.4:c.1127G>C,abnormal
NM_024675.4:c.1127G>A,indeterminate
NM_024675.4:c.1126A>T,normal
NM_024675.4:c.1126A>G,normal
NM_024675.4:c.1126A>C,normal
NM_024675.4:c.1125A>T,indeterminate
NM_024675.4:c.1125A>G,indeterminate
NM_024675.4:c.1125A>C,normal
NM_024675.4:c.1124T>G,normal
NM_024675.4:c.1124T>C,normal
NM_024675.4:c.1124T>A,normal
NM_024675.4:c.1123C>T,normal
NM_024675.4:c.1123C>G,normal
NM_024675.4:c.1123C>A,normal
NM_024675.4:c.1122T>G,normal
NM_024675.4:c.1122T>C,normal
NM_024675.4:c.1122T>A,normal
NM_024675.4:c.1121T>G,normal
NM_024675.4:c.1121T>C,normal
NM_024675.4:c.1121T>A,normal
NM_024675.4:c.1120A>T,normal
NM_024675.4:c.1120A>G,normal
NM_024675.4:c.1120A>C,normal
NM_024675.4:c.1119G>T,indeterminate
NM_024675.4:c.1119G>C,normal
NM_024675.4:c.1119G>A,indeterminate
NM_024675.4:c.1118A>T,normal
NM_024675.4:c.1118A>G,normal
NM_024675.4:c.1118A>C,normal
NM_024675.4:c.1117G>T,abnormal
NM_024675.4:c.1117G>C,indeterminate
NM_024675.4:c.1117G>A,normal
NM_024675.4:c.1116T>G,normal
NM_024675.4:c.1116T>C,indeterminate
NM_024675.4:c.1116T>A,indeterminate
NM_024675.4:c.1115G>T,normal
NM_024675.4:c.1115G>C,normal
NM_024675.4:c.1115G>A,normal
NM_024675.4:c.1114A>T,normal
NM_024675.4:c.1114A>G,normal
NM_024675.4:c.1114A>C,normal
NM_024675.4:c.1113A>T,indeterminate
NM_024675.4:c.1113A>G,normal
NM_024675.4:c.1113A>C,normal
NM_024675.4:c.1112A>T,indeterminate
NM_024675.4:c.1112A>G,normal
NM_024675.4:c.1112A>C,normal
NM_024675.4:c.1111G>T,abnormal
NM_024675.4:c.1111G>C,normal
NM_024675.4:c.1111G>A,indeterminate
NM_024675.4:c.1110G>T,normal
NM_024675.4:c.1110G>C,normal
NM_024675.4:c.1110G>A,normal
NM_024675.4:c.1109A>T,normal
NM_024675.4:c.1109A>G,normal
NM_024675.4:c.1109A>C,normal
NM_024675.4:c.1108C>T,abnormal
NM_024675.4:c.1108C>G,normal
NM_024675.4:c.1108C>A,normal
NM_024675.4:c.1107T>G,normal
NM_024675.4:c.1107T>C,indeterminate
NM_024675.4:c.1107T>A,indeterminate
NM_024675.4:c.1106T>G,indeterminate
NM_024675.4:c.1106T>C,normal
NM_024675.4:c.1106T>A,normal
NM_024675.4:c.1105C>T,indeterminate
NM_024675.4:c.1105C>G,normal
NM_024675.4:c.1105C>A,indeterminate
NM_024675.4:c.1104T>G,normal
NM_024675.4:c.1104T>C,normal
NM_024675.4:c.1104T>A,normal
NM_024675.4:c.1103A>T,normal
NM_024675.4:c.1103A>G,normal
NM_024675.4:c.1103A>C,normal
NM_024675.4:c.1102A>T,normal
NM_024675.4:c.1102A>G,normal
NM_024675.4:c.1102A>C,normal
NM_024675.4:c.1101A>T,normal
NM_024675.4:c.1101A>G,normal
NM_024675.4:c.1101A>C,normal
NM_024675.4:c.1100A>T,normal
NM_024675.4:c.1100A>G,indeterminate
NM_024675.4:c.1100A>C,normal
NM_024675.4:c.1099G>T,abnormal
NM_024675.4:c.1099G>C,normal
NM_024675.4:c.1099G>A,indeterminate
NM_024675.4:c.1098T>G,indeterminate
NM_024675.4:c.1098T>C,normal
NM_024675.4:c.1098T>A,normal
NM_024675.4:c.1097A>T,normal
NM_024675.4:c.1097A>G,normal
NM_024675.4:c.1097A>C,normal
NM_024675.4:c.1096A>T,normal
NM_024675.4:c.1096A>G,normal
NM_024675.4:c.1096A>C,normal
NM_024675.4:c.1095G>T,normal
NM_024675.4:c.1095G>C,normal
NM_024675.4:c.1095G>A,normal
NM_024675.4:c.1094G>T,normal
NM_024675.4:c.1094G>C,normal
NM_024675.4:c.1094G>A,normal
NM_024675.4:c.1093A>T,normal
NM_024675.4:c.1093A>G,normal
NM_024675.4:c.1093A>C,normal
NM_024675.4:c.1086T>G,normal
NM_024675.4:c.1086T>C,normal
NM_024675.4:c.1086T>A,normal
NM_024675.4:c.1085T>G,normal
NM_024675.4:c.1085T>C,normal
NM_024675.4:c.1085T>A,normal
NM_024675.4:c.1084C>T,normal
NM_024675.4:c.1084C>G,normal
NM_024675.4:c.1084C>A,normal
NM_024675.4:c.1083T>G,normal
NM_024675.4:c.1083T>C,normal
NM_024675.4:c.1083T>A,normal
NM_024675.4:c.1082C>T,normal
NM_024675.4:c.1082C>G,indeterminate
NM_024675.4:c.1082C>A,normal
NM_024675.4:c.1081A>T,normal
NM_024675.4:c.1081A>G,normal
NM_024675.4:c.1081A>C,normal
NM_024675.4:c.1080C>T,normal
NM_024675.4:c.1080C>G,normal
NM_024675.4:c.1080C>A,normal
NM_024675.4:c.1079A>T,indeterminate
NM_024675.4:c.1079A>G,normal
NM_024675.4:c.1079A>C,normal
NM_024675.4:c.1078G>T,normal
NM_024675.4:c.1078G>C,normal
NM_024675.4:c.1078G>A,normal
NM_024675.4:c.1077T>G,normal
NM_024675.4:c.1077T>C,normal
NM_024675.4:c.1077T>A,normal
NM_024675.4:c.1076G>T,normal
NM_024675.4:c.1076G>C,normal
NM_024675.4:c.1076G>A,normal
NM_024675.4:c.1075A>T,normal
NM_024675.4:c.1075A>G,normal
NM_024675.4:c.1075A>C,normal
NM_024675.4:c.1074C>T,normal
NM_024675.4:c.1074C>G,normal
NM_024675.4:c.1074C>A,normal
NM_024675.4:c.1073C>T,normal
NM_024675.4:c.1073C>G,normal
NM_024675.4:c.1073C>A,normal
NM_024675.4:c.1072C>T,normal
NM_024675.4:c.1072C>G,normal
NM_024675.4:c.1072C>A,normal
NM_024675.4:c.1071T>G,normal
NM_024675.4:c.1071T>C,normal
NM_024675.4:c.1071T>A,normal
NM_024675.4:c.1070C>T,normal
NM_024675.4:c.1070C>G,normal
NM_024675.4:c.1070C>A,normal
NM_024675.4:c.1069T>G,normal
NM_024675.4:c.1069T>C,normal
NM_024675.4:c.1069T>A,normal
NM_024675.4:c.1068A>T,normal
NM_024675.4:c.1068A>G,normal
NM_024675.4:c.1068A>C,normal
NM_024675.4:c.1067A>T,normal
NM_024675.4:c.1067A>G,normal
NM_024675.4:c.1067A>C,normal
NM_024675.4:c.1066A>T,abnormal
NM_024675.4:c.1066A>G,normal
NM_024675.4:c.1066A>C,normal
NM_024675.4:c.1065A>T,normal
NM_024675.4:c.1065A>G,normal
NM_024675.4:c.1065A>C,normal
NM_024675.4:c.1064T>G,abnormal
NM_024675.4:c.1064T>C,normal
NM_024675.4:c.1064T>A,abnormal
NM_024675.4:c.1063T>G,normal
NM_024675.4:c.1063T>C,normal
NM_024675.4:c.1063T>A,indeterminate
NM_024675.4:c.1062T>G,normal
NM_024675.4:c.1062T>C,normal
NM_024675.4:c.1062T>A,normal
NM_024675.4:c.1061C>T,normal
NM_024675.4:c.1061C>G,normal
NM_024675.4:c.1061C>A,normal
NM_024675.4:c.1060T>G,normal
NM_024675.4:c.1060T>C,normal
NM_024675.4:c.1060T>A,normal
NM_024675.4:c.1059A>T,normal
NM_024675.4:c.1059A>G,normal
NM_024675.4:c.1059A>C,normal
NM_024675.4:c.1058A>T,normal
NM_024675.4:c.1058A>G,normal
NM_024675.4:c.1058A>C,normal
NM_024675.4:c.1057A>T,abnormal
NM_024675.4:c.1057A>G,normal
NM_024675.4:c.1057A>C,normal
NM_024675.4:c.1056G>T,normal
NM_024675.4:c.1056G>C,indeterminate
NM_024675.4:c.1056G>A,normal
NM_024675.4:c.1055A>T,normal
NM_024675.4:c.1055A>G,normal
NM_024675.4:c.1055A>C,normal
NM_024675.4:c.1054G>T,abnormal
NM_024675.4:c.1054G>C,normal
NM_024675.4:c.1054G>A,normal
NM_024675.4:c.1053A>T,normal
NM_024675.4:c.1053A>G,normal
NM_024675.4:c.1053A>C,normal
NM_024675.4:c.1052C>T,normal
NM_024675.4:c.1052C>G,normal
NM_024675.4:c.1052C>A,normal
NM_024675.4:c.1051A>T,normal
NM_024675.4:c.1051A>G,normal
NM_024675.4:c.1051A>C,normal
NM_024675.4:c.1050A>T,normal
NM_024675.4:c.1050A>G,normal
NM_024675.4:c.1050A>C,normal
NM_024675.4:c.1049A>T,normal
NM_024675.4:c.1049A>G,normal
NM_024675.4:c.1049A>C,normal
NM_024675.4:c.1048C>T,abnormal
NM_024675.4:c.1048C>G,normal
NM_024675.4:c.1048C>A,normal
NM_024675.4:c.1047T>G,normal
NM_024675.4:c.1047T>C,normal
NM_024675.4:c.1047T>A,normal
NM_024675.4:c.1046A>T,normal
NM_024675.4:c.1046A>G,normal
NM_024675.4:c.1046A>C,normal
NM_024675.4:c.1045A>T,normal
NM_024675.4:c.1045A>G,normal
NM_024675.4:c.1045A>C,normal
NM_024675.4:c.1044A>T,normal
NM_024675.4:c.1044A>G,normal
NM_024675.4:c.1044A>C,normal
NM_024675.4:c.1043A>T,normal
NM_024675.4:c.1043A>G,normal
NM_024675.4:c.1043A>C,normal
NM_024675.4:c.1042C>T,abnormal
NM_024675.4:c.1042C>G,normal
NM_024675.4:c.1042C>A,indeterminate
NM_024675.4:c.1041A>T,normal
NM_024675.4:c.1041A>G,normal
NM_024675.4:c.1041A>C,normal
NM_024675.4:c.1040A>T,normal
NM_024675.4:c.1040A>G,normal
NM_024675.4:c.1040A>C,normal
NM_024675.4:c.1039G>T,abnormal
NM_024675.4:c.1039G>C,normal
NM_024675.4:c.1039G>A,normal
NM_024675.4:c.1038A>T,normal
NM_024675.4:c.1038A>G,normal
NM_024675.4:c.1038A>C,normal
NM_024675.4:c.1037A>T,normal
NM_024675.4:c.1037A>G,normal
NM_024675.4:c.1037A>C,normal
NM_024675.4:c.1036A>T,abnormal
NM_024675.4:c.1036A>G,normal
NM_024675.4:c.1036A>C,normal
NM_024675.4:c.1035A>T,normal
NM_024675.4:c.1035A>G,normal
NM_024675.4:c.1035A>C,normal
NM_024675.4:c.1034T>G,abnormal
NM_024675.4:c.1034T>C,normal
NM_024675.4:c.1034T>A,abnormal
NM_024675.4:c.1033T>G,normal
NM_024675.4:c.1033T>C,normal
NM_024675.4:c.1033T>A,normal
NM_024675.4:c.1032C>T,normal
NM_024675.4:c.1032C>G,normal
NM_024675.4:c.1032C>A,normal
NM_024675.4:c.1031A>T,normal
NM_024675.4:c.1031A>G,normal
NM_024675.4:c.1031A>C,indeterminate
NM_024675.4:c.1030A>T,normal
NM_024675.4:c.1030A>G,normal
NM_024675.4:c.1030A>C,normal
NM_024675.4:c.1029A>T,normal
NM_024675.4:c.1029A>G,normal
NM_024675.4:c.1029A>C,normal
NM_024675.4:c.1028A>T,normal
NM_024675.4:c.1028A>G,normal
NM_024675.4:c.1028A>C,normal
NM_024675.4:c.1027C>T,abnormal
NM_024675.4:c.1027C>G,normal
NM_024675.4:c.1027C>A,normal
NM_024675.4:c.1026C>T,normal
NM_024675.4:c.1026C>G,normal
NM_024675.4:c.1026C>A,normal
NM_024675.4:c.1025A>T,normal
NM_024675.4:c.1025A>G,normal
NM_024675.4:c.1025A>C,normal
NM_024675.4:c.1024A>T,normal
NM_024675.4:c.1024A>G,normal
NM_024675.4:c.1024A>C,normal
NM_024675.4:c.1020T>G,normal
NM_024675.4:c.1020T>C,normal
NM_024675.4:c.1020T>A,normal
NM_024675.4:c.1019A>T,normal
NM_024675.4:c.1019A>G,normal
NM_024675.4:c.1019A>C,normal
NM_024675.4:c.1018A>T,normal
NM_024675.4:c.1018A>G,normal
NM_024675.4:c.1018A>C,normal
NM_024675.4:c.1017A>T,normal
NM_024675.4:c.1017A>G,normal
NM_024675.4:c.1017A>C,normal
NM_024675.4:c.1016C>T,normal
NM_024675.4:c.1016C>G,normal
NM_024675.4:c.1016C>A,normal
NM_024675.4:c.1015G>T,normal
NM_024675.4:c.1015G>C,normal
NM_024675.4:c.1015G>A,normal
NM_024675.4:c.1014A>T,normal
NM_024675.4:c.1014A>G,normal
NM_024675.4:c.1014A>C,normal
NM_024675.4:c.1013C>T,normal
NM_024675.4:c.1013C>G,normal
NM_024675.4:c.1013C>A,normal
NM_024675.4:c.1012C>T,normal
NM_024675.4:c.1012C>G,normal
NM_024675.4:c.1012C>A,normal
NM_024675.4:c.1011A>T,normal
NM_024675.4:c.1011A>G,normal
NM_024675.4:c.1011A>C,normal
NM_024675.4:c.1010T>G,abnormal
NM_024675.4:c.1010T>C,normal
NM_024675.4:c.1010T>A,abnormal
NM_024675.4:c.1009T>G,normal
NM_024675.4:c.1009T>C,normal
NM_024675.4:c.1009T>A,normal
NM_024675.4:c.1008C>T,normal
NM_024675.4:c.1008C>G,normal
NM_024675.4:c.1008C>A,normal
NM_024675.4:c.1007A>T,normal
NM_024675.4:c.1007A>G,normal
NM_024675.4:c.1007A>C,normal
NM_024675.4:c.1006A>T,normal
NM_024675.4:c.1006A>G,indeterminate
NM_024675.4:c.1006A>C,normal
NM_024675.4:c.1005T>G,normal
NM_024675.4:c.1005T>C,normal
NM_024675.4:c.1005T>A,normal
NM_024675.4:c.1004A>T,normal
NM_024675.4:c.1004A>G,normal
NM_024675.4:c.1004A>C,normal
NM_024675.4:c.1003A>T,normal
NM_024675.4:c.1003A>G,normal
NM_024675.4:c.1003A>C,normal
NM_024675.4:c.1002C>T,normal
NM_024675.4:c.1002C>G,abnormal
NM_024675.4:c.1002C>A,abnormal
NM_024675.4:c.1001A>T,normal
NM_024675.4:c.1001A>G,normal
NM_024675.4:c.1001A>C,normal
NM_024675.4:c.1000T>G,normal
NM_024675.4:c.1000T>C,normal
NM_024675.4:c.1000T>A,normal
NM_024675.4:c.996C>T,normal
NM_024675.4:c.996C>G,normal
NM_024675.4:c.996C>A,normal
NM_024675.4:c.995T>G,normal
NM_024675.4:c.995T>C,normal
NM_024675.4:c.995T>A,normal
NM_024675.4:c.994C>T,normal
NM_024675.4:c.994C>G,normal
NM_024675.4:c.994C>A,normal
NM_024675.4:c.993A>T,normal
NM_024675.4:c.993A>G,normal
NM_024675.4:c.993A>C,normal
NM_024675.4:c.992A>T,normal
NM_024675.4:c.992A>G,normal
NM_024675.4:c.992A>C,normal
NM_024675.4:c.991G>T,abnormal
NM_024675.4:c.991G>C,normal
NM_024675.4:c.991G>A,normal
NM_024675.4:c.990T>G,normal
NM_024675.4:c.990T>C,normal
NM_024675.4:c.990T>A,normal
NM_024675.4:c.989A>T,normal
NM_024675.4:c.989A>G,normal
NM_024675.4:c.989A>C,normal
NM_024675.4:c.988A>T,normal
NM_024675.4:c.988A>G,normal
NM_024675.4:c.988A>C,normal
NM_024675.4:c.987A>T,normal
NM_024675.4:c.987A>G,normal
NM_024675.4:c.987A>C,normal
NM_024675.4:c.986T>G,normal
NM_024675.4:c.986T>C,normal
NM_024675.4:c.986T>A,normal
NM_024675.4:c.985C>T,normal
NM_024675.4:c.985C>G,normal
NM_024675.4:c.985C>A,normal
NM_024675.4:c.984T>G,normal
NM_024675.4:c.984T>C,normal
NM_024675.4:c.984T>A,normal
NM_024675.4:c.983C>T,normal
NM_024675.4:c.983C>G,normal
NM_024675.4:c.983C>A,normal
NM_024675.4:c.982T>G,normal
NM_024675.4:c.982T>C,normal
NM_024675.4:c.982T>A,normal
NM_024675.4:c.981T>G,normal
NM_024675.4:c.981T>C,normal
NM_024675.4:c.981T>A,abnormal
NM_024675.4:c.980G>T,normal
NM_024675.4:c.980G>C,normal
NM_024675.4:c.980G>A,normal
NM_024675.4:c.979T>G,normal
NM_024675.4:c.979T>C,normal
NM_024675.4:c.979T>A,normal
NM_024675.4:c.978A>T,normal
NM_024675.4:c.978A>G,normal
NM_024675.4:c.978A>C,normal
NM_024675.4:c.977C>T,normal
NM_024675.4:c.977C>G,abnormal
NM_024675.4:c.977C>A,abnormal
NM_024675.4:c.976T>G,normal
NM_024675.4:c.976T>C,normal
NM_024675.4:c.976T>A,normal
NM_024675.4:c.975T>G,normal
NM_024675.4:c.975T>C,normal
NM_024675.4:c.975T>A,normal
NM_024675.4:c.974T>G,normal
NM_024675.4:c.974T>C,normal
NM_024675.4:c.974T>A,normal
NM_024675.4:c.973A>T,normal
NM_024675.4:c.973A>G,normal
NM_024675.4:c.973A>C,normal
NM_024675.4:c.972T>G,normal
NM_024675.4:c.972T>C,normal
NM_024675.4:c.972T>A,normal
NM_024675.4:c.971A>T,normal
NM_024675.4:c.971A>G,normal
NM_024675.4:c.971A>C,normal
NM_024675.4:c.970A>T,normal
NM_024675.4:c.970A>G,normal
NM_024675.4:c.970A>C,normal
NM_024675.4:c.969A>T,normal
NM_024675.4:c.969A>G,normal
NM_024675.4:c.969A>C,normal
NM_024675.4:c.968C>T,normal
NM_024675.4:c.968C>G,normal
NM_024675.4:c.968C>A,normal
NM_024675.4:c.967G>T,normal
NM_024675.4:c.967G>C,normal
NM_024675.4:c.967G>A,normal
NM_024675.4:c.966G>T,normal
NM_024675.4:c.966G>C,normal
NM_024675.4:c.966G>A,normal
NM_024675.4:c.965A>T,normal
NM_024675.4:c.965A>G,normal
NM_024675.4:c.965A>C,normal
NM_024675.4:c.964G>T,abnormal
NM_024675.4:c.964G>C,normal
NM_024675.4:c.964G>A,normal
NM_024675.4:c.963A>T,normal
NM_024675.4:c.963A>G,normal
NM_024675.4:c.963A>C,normal
NM_024675.4:c.962T>G,abnormal
NM_024675.4:c.962T>C,normal
NM_024675.4:c.962T>A,abnormal
NM_024675.4:c.961T>G,normal
NM_024675.4:c.961T>C,normal
NM_024675.4:c.961T>A,normal
NM_024675.4:c.960T>G,normal
NM_024675.4:c.960T>C,normal
NM_024675.4:c.960T>A,normal
NM_024675.4:c.959A>T,normal
NM_024675.4:c.959A>G,normal
NM_024675.4:c.959A>C,normal
NM_024675.4:c.958A>T,normal
NM_024675.4:c.958A>G,normal
NM_024675.4:c.958A>C,normal
NM_024675.4:c.957T>G,normal
NM_024675.4:c.957T>C,normal
NM_024675.4:c.957T>A,normal
NM_024675.4:c.956C>T,normal
NM_024675.4:c.956C>G,normal
NM_024675.4:c.956C>A,normal
NM_024675.4:c.955T>G,normal
NM_024675.4:c.955T>C,normal
NM_024675.4:c.955T>A,normal
NM_024675.4:c.954T>G,normal
NM_024675.4:c.954T>C,normal
NM_024675.4:c.954T>A,normal
NM_024675.4:c.953G>T,normal
NM_024675.4:c.953G>C,normal
NM_024675.4:c.953G>A,normal
NM_024675.4:c.952A>T,normal
NM_024675.4:c.952A>G,normal
NM_024675.4:c.952A>C,normal
NM_024675.4:c.951A>T,normal
NM_024675.4:c.951A>G,normal
NM_024675.4:c.951A>C,normal
NM_024675.4:c.950C>T,normal
NM_024675.4:c.950C>G,normal
NM_024675.4:c.950C>A,indeterminate
NM_024675.4:c.949A>T,normal
NM_024675.4:c.949A>G,normal
NM_024675.4:c.949A>C,normal
NM_024675.4:c.948C>T,normal
NM_024675.4:c.948C>G,normal
NM_024675.4:c.948C>A,normal
NM_024675.4:c.947C>T,normal
NM_024675.4:c.947C>G,normal
NM_024675.4:c.947C>A,normal
NM_024675.4:c.946C>T,normal
NM_024675.4:c.946C>G,normal
NM_024675.4:c.946C>A,normal
NM_024675.4:c.945G>T,normal
NM_024675.4:c.945G>C,normal
NM_024675.4:c.945G>A,normal
NM_024675.4:c.944T>G,normal
NM_024675.4:c.944T>C,normal
NM_024675.4:c.944T>A,normal
NM_024675.4:c.943C>T,normal
NM_024675.4:c.943C>G,normal
NM_024675.4:c.943C>A,normal
NM_024675.4:c.942A>T,normal
NM_024675.4:c.942A>G,normal
NM_024675.4:c.942A>C,normal
NM_024675.4:c.941A>T,normal
NM_024675.4:c.941A>G,normal
NM_024675.4:c.941A>C,indeterminate
NM_024675.4:c.940C>T,abnormal
NM_024675.4:c.940C>G,normal
NM_024675.4:c.940C>A,normal
NM_024675.4:c.936T>G,normal
NM_024675.4:c.936T>C,normal
NM_024675.4:c.936T>A,normal
NM_024675.4:c.935G>T,normal
NM_024675.4:c.935G>C,normal
NM_024675.4:c.935G>A,indeterminate
NM_024675.4:c.934A>T,normal
NM_024675.4:c.934A>G,normal
NM_024675.4:c.934A>C,normal
NM_024675.4:c.933A>T,normal
NM_024675.4:c.933A>G,normal
NM_024675.4:c.933A>C,normal
NM_024675.4:c.932A>T,normal
NM_024675.4:c.932A>G,normal
NM_024675.4:c.932A>C,normal
NM_024675.4:c.931A>T,abnormal
NM_024675.4:c.931A>G,normal
NM_024675.4:c.931A>C,normal
NM_024675.4:c.930T>G,normal
NM_024675.4:c.930T>C,normal
NM_024675.4:c.930T>A,normal
NM_024675.4:c.929G>T,normal
NM_024675.4:c.929G>C,normal
NM_024675.4:c.929G>A,normal
NM_024675.4:c.928A>T,normal
NM_024675.4:c.928A>G,indeterminate
NM_024675.4:c.928A>C,normal
NM_024675.4:c.927A>T,normal
NM_024675.4:c.927A>G,normal
NM_024675.4:c.927A>C,normal
NM_024675.4:c.926T>G,normal
NM_024675.4:c.926T>C,normal
NM_024675.4:c.926T>A,normal
NM_024675.4:c.925A>T,normal
NM_024675.4:c.925A>G,normal
NM_024675.4:c.925A>C,indeterminate
NM_024675.4:c.924T>G,normal
NM_024675.4:c.924T>C,normal
NM_024675.4:c.924T>A,normal
NM_024675.4:c.923C>T,normal
NM_024675.4:c.923C>G,normal
NM_024675.4:c.923C>A,normal
NM_024675.4:c.922G>T,normal
NM_024675.4:c.922G>C,normal
NM_024675.4:c.922G>A,normal
NM_024675.4:c.921A>T,normal
NM_024675.4:c.921A>G,normal
NM_024675.4:c.921A>C,normal
NM_024675.4:c.920A>T,normal
NM_024675.4:c.920A>G,normal
NM_024675.4:c.920A>C,normal
NM_024675.4:c.919A>T,abnormal
NM_024675.4:c.919A>G,normal
NM_024675.4:c.919A>C,normal
NM_024675.4:c.918T>G,normal
NM_024675.4:c.918T>C,normal
NM_024675.4:c.918T>A,normal
NM_024675.4:c.917A>T,normal
NM_024675.4:c.917A>G,normal
NM_024675.4:c.917A>C,indeterminate
NM_024675.4:c.916A>T,normal
NM_024675.4:c.916A>G,normal
NM_024675.4:c.916A>C,normal
NM_024675.4:c.915A>T,normal
NM_024675.4:c.915A>G,normal
NM_024675.4:c.915A>C,normal
NM_024675.4:c.914T>G,normal
NM_024675.4:c.914T>C,normal
NM_024675.4:c.914T>A,normal
NM_024675.4:c.913G>T,normal
NM_024675.4:c.913G>C,normal
NM_024675.4:c.913G>A,normal
NM_024675.4:c.912T>G,normal
NM_024675.4:c.912T>C,normal
NM_024675.4:c.912T>A,normal
NM_024675.4:c.911T>G,normal
NM_024675.4:c.911T>C,normal
NM_024675.4:c.911T>A,normal
NM_024675.4:c.910C>T,normal
NM_024675.4:c.910C>G,normal
NM_024675.4:c.910C>A,normal
NM_024675.4:c.909C>T,normal
NM_024675.4:c.909C>G,normal
NM_024675.4:c.909C>A,normal
NM_024675.4:c.908T>G,normal
NM_024675.4:c.908T>C,normal
NM_024675.4:c.908T>A,normal
NM_024675.4:c.907C>T,normal
NM_024675.4:c.907C>G,indeterminate
NM_024675.4:c.907C>A,normal
NM_024675.4:c.906C>T,indeterminate
NM_024675.4:c.906C>G,normal
NM_024675.4:c.906C>A,normal
NM_024675.4:c.905A>T,normal
NM_024675.4:c.905A>G,normal
NM_024675.4:c.905A>C,normal
NM_024675.4:c.904A>T,normal
NM_024675.4:c.904A>G,normal
NM_024675.4:c.904A>C,normal
NM_024675.4:c.903T>G,indeterminate
NM_024675.4:c.903T>C,normal
NM_024675.4:c.903T>A,indeterminate
NM_024675.4:c.902A>T,indeterminate
NM_024675.4:c.902A>G,normal
NM_024675.4:c.902A>C,normal
NM_024675.4:c.901G>T,abnormal
NM_024675.4:c.901G>C,indeterminate
NM_024675.4:c.901G>A,indeterminate
NM_024675.4:c.900A>T,normal
NM_024675.4:c.900A>G,normal
NM_024675.4:c.900A>C,indeterminate
NM_024675.4:c.899C>T,normal
NM_024675.4:c.899C>G,normal
NM_024675.4:c.899C>A,normal
NM_024675.4:c.898A>T,normal
NM_024675.4:c.898A>G,normal
NM_024675.4:c.898A>C,normal
NM_024675.4:c.897T>G,indeterminate
NM_024675.4:c.897T>C,indeterminate
NM_024675.4:c.897T>A,normal
NM_024675.4:c.896C>T,indeterminate
NM_024675.4:c.896C>G,normal
NM_024675.4:c.896C>A,abnormal
NM_024675.4:c.895T>G,normal
NM_024675.4:c.895T>C,indeterminate
NM_024675.4:c.895T>A,normal
NM_024675.4:c.894C>T,abnormal
NM_024675.4:c.894C>G,normal
NM_024675.4:c.894C>A,indeterminate
NM_024675.4:c.893T>G,indeterminate
NM_024675.4:c.893T>C,normal
NM_024675.4:c.893T>A,indeterminate
NM_024675.4:c.892G>T,abnormal
NM_024675.4:c.892G>C,normal
NM_024675.4:c.892G>A,indeterminate
NM_024675.4:c.891T>G,normal
NM_024675.4:c.891T>C,indeterminate
NM_024675.4:c.891T>A,normal
NM_024675.4:c.890C>T,indeterminate
NM_024675.4:c.890C>G,indeterminate
NM_024675.4:c.890C>A,indeterminate
NM_024675.4:c.889A>T,indeterminate
NM_024675.4:c.889A>G,normal
NM_024675.4:c.889A>C,indeterminate
NM_024675.4:c.888G>T,indeterminate
NM_024675.4:c.888G>C,normal
NM_024675.4:c.888G>A,indeterminate
NM_024675.4:c.887T>G,normal
NM_024675.4:c.887T>C,indeterminate
NM_024675.4:c.887T>A,normal
NM_024675.4:c.886A>T,normal
NM_024675.4:c.886A>G,normal
NM_024675.4:c.886A>C,normal
NM_024675.4:c.885A>T,indeterminate
NM_024675.4:c.885A>G,normal
NM_024675.4:c.885A>C,normal
NM_024675.4:c.884A>T,normal
NM_024675.4:c.884A>G,indeterminate
NM_024675.4:c.884A>C,indeterminate
NM_024675.4:c.883A>T,abnormal
NM_024675.4:c.883A>G,normal
NM_024675.4:c.883A>C,normal
NM_024675.4:c.882A>T,normal
NM_024675.4:c.882A>G,normal
NM_024675.4:c.882A>C,normal
NM_024675.4:c.881A>T,normal
NM_024675.4:c.881A>G,indeterminate
NM_024675.4:c.881A>C,normal
NM_024675.4:c.880A>T,abnormal
NM_024675.4:c.880A>G,normal
NM_024675.4:c.880A>C,indeterminate
NM_024675.4:c.879C>T,indeterminate
NM_024675.4:c.879C>G,normal
NM_024675.4:c.879C>A,normal
NM_024675.4:c.878G>T,indeterminate
NM_024675.4:c.878G>C,normal
NM_024675.4:c.878G>A,normal
NM_024675.4:c.877G>T,indeterminate
NM_024675.4:c.877G>C,normal
NM_024675.4:c.877G>A,normal
NM_024675.4:c.876A>T,normal
NM_024675.4:c.876A>G,normal
NM_024675.4:c.876A>C,normal
NM_024675.4:c.875A>T,normal
NM_024675.4:c.875A>G,normal
NM_024675.4:c.875A>C,normal
NM_024675.4:c.874C>T,abnormal
NM_024675.4:c.874C>G,normal
NM_024675.4:c.874C>A,normal
NM_024675.4:c.867G>T,normal
NM_024675.4:c.867G>C,normal
NM_024675.4:c.867G>A,normal
NM_024675.4:c.866T>G,normal
NM_024675.4:c.866T>C,normal
NM_024675.4:c.866T>A,abnormal
NM_024675.4:c.865T>G,normal
NM_024675.4:c.865T>C,normal
NM_024675.4:c.865T>A,normal
NM_024675.4:c.864T>G,normal
NM_024675.4:c.864T>C,normal
NM_024675.4:c.864T>A,normal
NM_024675.4:c.863G>T,normal
NM_024675.4:c.863G>C,normal
NM_024675.4:c.863G>A,normal
NM_024675.4:c.862A>T,normal
NM_024675.4:c.862A>G,normal
NM_024675.4:c.862A>C,normal
NM_024675.4:c.861A>T,normal
NM_024675.4:c.861A>G,normal
NM_024675.4:c.861A>C,normal
NM_024675.4:c.860T>G,normal
NM_024675.4:c.860T>C,normal
NM_024675.4:c.860T>A,normal
NM_024675.4:c.859G>T,normal
NM_024675.4:c.859G>C,normal
NM_024675.4:c.859G>A,normal
NM_024675.4:c.858T>G,normal
NM_024675.4:c.858T>C,normal
NM_024675.4:c.858T>A,normal
NM_024675.4:c.857C>T,normal
NM_024675.4:c.857C>G,normal
NM_024675.4:c.857C>A,normal
NM_024675.4:c.856C>T,normal
NM_024675.4:c.856C>G,normal
NM_024675.4:c.856C>A,normal
NM_024675.4:c.855A>T,normal
NM_024675.4:c.855A>G,normal
NM_024675.4:c.855A>C,normal
NM_024675.4:c.854C>T,normal
NM_024675.4:c.854C>G,abnormal
NM_024675.4:c.854C>A,abnormal
NM_024675.4:c.853T>G,normal
NM_024675.4:c.853T>C,normal
NM_024675.4:c.853T>A,normal
NM_024675.4:c.852T>G,normal
NM_024675.4:c.852T>C,normal
NM_024675.4:c.852T>A,normal
NM_024675.4:c.851C>T,normal
NM_024675.4:c.851C>G,normal
NM_024675.4:c.851C>A,normal
NM_024675.4:c.850A>T,normal
NM_024675.4:c.850A>G,normal
NM_024675.4:c.850A>C,normal
NM_024675.4:c.849T>G,normal
NM_024675.4:c.849T>C,normal
NM_024675.4:c.849T>A,indeterminate
NM_024675.4:c.848T>G,normal
NM_024675.4:c.848T>C,normal
NM_024675.4:c.848T>A,normal
NM_024675.4:c.847T>G,normal
NM_024675.4:c.847T>C,normal
NM_024675.4:c.847T>A,normal
NM_024675.4:c.846A>T,normal
NM_024675.4:c.846A>G,normal
NM_024675.4:c.846A>C,normal
NM_024675.4:c.845G>T,normal
NM_024675.4:c.845G>C,normal
NM_024675.4:c.845G>A,normal
NM_024675.4:c.844A>T,abnormal
NM_024675.4:c.844A>G,normal
NM_024675.4:c.844A>C,normal
NM_024675.4:c.843T>G,normal
NM_024675.4:c.843T>C,normal
NM_024675.4:c.843T>A,normal
NM_024675.4:c.842T>G,normal
NM_024675.4:c.842T>C,normal
NM_024675.4:c.842T>A,normal
NM_024675.4:c.841A>T,normal
NM_024675.4:c.841A>G,normal
NM_024675.4:c.841A>C,normal
NM_024675.4:c.840C>T,indeterminate
NM_024675.4:c.840C>G,normal
NM_024675.4:c.840C>A,normal
NM_024675.4:c.839A>T,normal
NM_024675.4:c.839A>G,normal
NM_024675.4:c.839A>C,normal
NM_024675.4:c.838A>T,normal
NM_024675.4:c.838A>G,normal
NM_024675.4:c.838A>C,normal
NM_024675.4:c.837A>T,normal
NM_024675.4:c.837A>G,normal
NM_024675.4:c.837A>C,normal
NM_024675.4:c.836A>T,normal
NM_024675.4:c.836A>G,normal
NM_024675.4:c.836A>C,normal
NM_024675.4:c.835A>T,abnormal
NM_024675.4:c.835A>G,normal
NM_024675.4:c.835A>C,normal
NM_024675.4:c.834A>T,normal
NM_024675.4:c.834A>G,normal
NM_024675.4:c.834A>C,normal
NM_024675.4:c.833T>G,normal
NM_024675.4:c.833T>C,normal
NM_024675.4:c.833T>A,normal
NM_024675.4:c.832C>T,normal
NM_024675.4:c.832C>G,normal
NM_024675.4:c.832C>A,indeterminate
NM_024675.4:c.831C>T,indeterminate
NM_024675.4:c.831C>G,normal
NM_024675.4:c.831C>A,normal
NM_024675.4:c.830A>T,normal
NM_024675.4:c.830A>G,normal
NM_024675.4:c.830A>C,normal
NM_024675.4:c.829G>T,normal
NM_024675.4:c.829G>C,normal
NM_024675.4:c.829G>A,normal
NM_024675.4:c.828C>T,normal
NM_024675.4:c.828C>G,normal
NM_024675.4:c.828C>A,normal
NM_024675.4:c.827A>T,normal
NM_024675.4:c.827A>G,normal
NM_024675.4:c.827A>C,normal
NM_024675.4:c.826C>T,normal
NM_024675.4:c.826C>G,normal
NM_024675.4:c.826C>A,indeterminate
NM_024675.4:c.825T>G,normal
NM_024675.4:c.825T>C,normal
NM_024675.4:c.825T>A,normal
NM_024675.4:c.824C>T,normal
NM_024675.4:c.824C>G,normal
NM_024675.4:c.824C>A,normal
NM_024675.4:c.823A>T,normal
NM_024675.4:c.823A>G,normal
NM_024675.4:c.823A>C,normal
NM_024675.4:c.822T>G,normal
NM_024675.4:c.822T>C,normal
NM_024675.4:c.822T>A,normal
NM_024675.4:c.821C>T,indeterminate
NM_024675.4:c.821C>G,normal
NM_024675.4:c.821C>A,normal
NM_024675.4:c.820A>T,normal
NM_024675.4:c.820A>G,normal
NM_024675.4:c.820A>C,normal
NM_024675.4:c.819T>G,normal
NM_024675.4:c.819T>C,normal
NM_024675.4:c.819T>A,normal
NM_024675.4:c.818T>G,normal
NM_024675.4:c.818T>C,normal
NM_024675.4:c.818T>A,normal
NM_024675.4:c.817C>T,normal
NM_024675.4:c.817C>G,normal
NM_024675.4:c.817C>A,normal
NM_024675.4:c.816A>T,normal
NM_024675.4:c.816A>G,normal
NM_024675.4:c.816A>C,normal
NM_024675.4:c.815A>T,normal
NM_024675.4:c.815A>G,normal
NM_024675.4:c.815A>C,normal
NM_024675.4:c.814G>T,abnormal
NM_024675.4:c.814G>C,normal
NM_024675.4:c.814G>A,normal
NM_024675.4:c.813T>G,normal
NM_024675.4:c.813T>C,normal
NM_024675.4:c.813T>A,normal
NM_024675.4:c.812G>T,normal
NM_024675.4:c.812G>C,normal
NM_024675.4:c.812G>A,normal
NM_024675.4:c.811A>T,normal
NM_024675.4:c.811A>G,normal
NM_024675.4:c.811A>C,normal
NM_024675.4:c.810C>T,normal
NM_024675.4:c.810C>G,normal
NM_024675.4:c.810C>A,normal
NM_024675.4:c.809G>T,normal
NM_024675.4:c.809G>C,normal
NM_024675.4:c.809G>A,normal
NM_024675.4:c.808A>T,normal
NM_024675.4:c.808A>G,normal
NM_024675.4:c.808A>C,normal
NM_024675.4:c.807T>G,normal
NM_024675.4:c.807T>C,normal
NM_024675.4:c.807T>A,normal
NM_024675.4:c.806G>T,normal
NM_024675.4:c.806G>C,normal
NM_024675.4:c.806G>A,normal
NM_024675.4:c.805G>T,normal
NM_024675.4:c.805G>C,normal
NM_024675.4:c.805G>A,normal
NM_024675.4:c.804A>T,normal
NM_024675.4:c.804A>G,normal
NM_024675.4:c.804A>C,normal
NM_024675.4:c.803A>T,normal
NM_024675.4:c.803A>G,normal
NM_024675.4:c.803A>C,normal
NM_024675.4:c.802A>T,abnormal
NM_024675.4:c.802A>G,normal
NM_024675.4:c.802A>C,indeterminate
NM_024675.4:c.801T>G,normal
NM_024675.4:c.801T>C,normal
NM_024675.4:c.801T>A,normal
NM_024675.4:c.800C>T,indeterminate
NM_024675.4:c.800C>G,indeterminate
NM_024675.4:c.800C>A,normal
NM_024675.4:c.799C>T,normal
NM_024675.4:c.799C>G,normal
NM_024675.4:c.799C>A,normal
NM_024675.4:c.798T>G,normal
NM_024675.4:c.798T>C,normal
NM_024675.4:c.798T>A,indeterminate
NM_024675.4:c.797C>T,normal
NM_024675.4:c.797C>G,normal
NM_024675.4:c.797C>A,normal
NM_024675.4:c.796C>T,normal
NM_024675.4:c.796C>G,normal
NM_024675.4:c.796C>A,normal
NM_024675.4:c.795T>G,normal
NM_024675.4:c.795T>C,normal
NM_024675.4:c.795T>A,normal
NM_024675.4:c.794T>G,normal
NM_024675.4:c.794T>C,indeterminate
NM_024675.4:c.794T>A,normal
NM_024675.4:c.793A>T,normal
NM_024675.4:c.793A>G,normal
NM_024675.4:c.793A>C,normal
NM_024675.4:c.792C>T,normal
NM_024675.4:c.792C>G,normal
NM_024675.4:c.792C>A,normal
NM_024675.4:c.791A>T,normal
NM_024675.4:c.791A>G,normal
NM_024675.4:c.791A>C,normal
NM_024675.4:c.790C>T,normal
NM_024675.4:c.790C>G,normal
NM_024675.4:c.790C>A,normal
NM_024675.4:c.786T>G,normal
NM_024675.4:c.786T>C,normal
NM_024675.4:c.786T>A,normal
NM_024675.4:c.785T>G,normal
NM_024675.4:c.785T>C,normal
NM_024675.4:c.785T>A,normal
NM_024675.4:c.784C>T,normal
NM_024675.4:c.784C>G,normal
NM_024675.4:c.784C>A,normal
NM_024675.4:c.783C>T,normal
NM_024675.4:c.783C>G,normal
NM_024675.4:c.783C>A,normal
NM_024675.4:c.782A>T,normal
NM_024675.4:c.782A>G,normal
NM_024675.4:c.782A>C,normal
NM_024675.4:c.781C>T,normal
NM_024675.4:c.781C>G,normal
NM_024675.4:c.781C>A,normal
NM_024675.4:c.780G>T,normal
NM_024675.4:c.780G>C,normal
NM_024675.4:c.780G>A,normal
NM_024675.4:c.779A>T,normal
NM_024675.4:c.779A>G,normal
NM_024675.4:c.779A>C,normal
NM_024675.4:c.778C>T,abnormal
NM_024675.4:c.778C>G,normal
NM_024675.4:c.778C>A,normal
NM_024675.4:c.777T>G,normal
NM_024675.4:c.777T>C,normal
NM_024675.4:c.777T>A,normal
NM_024675.4:c.776G>T,normal
NM_024675.4:c.776G>C,normal
NM_024675.4:c.776G>A,normal
NM_024675.4:c.775A>T,normal
NM_024675.4:c.775A>G,normal
NM_024675.4:c.775A>C,normal
NM_024675.4:c.774T>G,normal
NM_024675.4:c.774T>C,normal
NM_024675.4:c.774T>A,normal
NM_024675.4:c.773G>T,normal
NM_024675.4:c.773G>C,normal
NM_024675.4:c.773G>A,normal
NM_024675.4:c.772A>T,normal
NM_024675.4:c.772A>G,normal
NM_024675.4:c.772A>C,normal
NM_024675.4:c.771T>G,normal
NM_024675.4:c.771T>C,normal
NM_024675.4:c.771T>A,normal
NM_024675.4:c.770G>T,normal
NM_024675.4:c.770G>C,normal
NM_024675.4:c.770G>A,normal
NM_024675.4:c.769G>T,normal
NM_024675.4:c.769G>C,normal
NM_024675.4:c.769G>A,normal
NM_024675.4:c.768C>T,normal
NM_024675.4:c.768C>G,normal
NM_024675.4:c.768C>A,normal
NM_024675.4:c.767G>T,normal
NM_024675.4:c.767G>C,normal
NM_024675.4:c.767G>A,normal
NM_024675.4:c.766A>T,normal
NM_024675.4:c.766A>G,normal
NM_024675.4:c.766A>C,normal
NM_024675.4:c.765T>G,normal
NM_024675.4:c.765T>C,normal
NM_024675.4:c.765T>A,normal
NM_024675.4:c.764A>T,normal
NM_024675.4:c.764A>G,normal
NM_024675.4:c.764A>C,normal
NM_024675.4:c.763G>T,normal
NM_024675.4:c.763G>C,normal
NM_024675.4:c.763G>A,normal
NM_024675.4:c.762A>T,normal
NM_024675.4:c.762A>G,normal
NM_024675.4:c.762A>C,normal
NM_024675.4:c.761C>T,normal
NM_024675.4:c.761C>G,abnormal
NM_024675.4:c.761C>A,abnormal
NM_024675.4:c.760T>G,normal
NM_024675.4:c.760T>C,normal
NM_024675.4:c.760T>A,normal
NM_024675.4:c.759A>T,normal
NM_024675.4:c.759A>G,normal
NM_024675.4:c.759A>C,normal
NM_024675.4:c.758T>G,normal
NM_024675.4:c.758T>C,normal
NM_024675.4:c.758T>A,normal
NM_024675.4:c.757C>T,normal
NM_024675.4:c.757C>G,normal
NM_024675.4:c.757C>A,normal
NM_024675.4:c.756T>G,normal
NM_024675.4:c.756T>C,normal
NM_024675.4:c.756T>A,normal
NM_024675.4:c.755C>T,normal
NM_024675.4:c.755C>G,normal
NM_024675.4:c.755C>A,normal
NM_024675.4:c.754A>T,normal
NM_024675.4:c.754A>G,normal
NM_024675.4:c.754A>C,normal
NM_024675.4:c.753G>T,normal
NM_024675.4:c.753G>C,indeterminate
NM_024675.4:c.753G>A,normal
NM_024675.4:c.752A>T,normal
NM_024675.4:c.752A>G,normal
NM_024675.4:c.752A>C,normal
NM_024675.4:c.751C>T,abnormal
NM_024675.4:c.751C>G,normal
NM_024675.4:c.751C>A,normal
NM_024675.4:c.750A>T,normal
NM_024675.4:c.750A>G,normal
NM_024675.4:c.750A>C,normal
NM_024675.4:c.749T>G,abnormal
NM_024675.4:c.749T>C,normal
NM_024675.4:c.749T>A,abnormal
NM_024675.4:c.748T>G,normal
NM_024675.4:c.748T>C,normal
NM_024675.4:c.748T>A,normal
NM_024675.4:c.747T>G,indeterminate
NM_024675.4:c.747T>C,normal
NM_024675.4:c.747T>A,normal
NM_024675.4:c.746C>T,normal
NM_024675.4:c.746C>G,normal
NM_024675.4:c.746C>A,normal
NM_024675.4:c.745C>T,normal
NM_024675.4:c.745C>G,normal
NM_024675.4:c.745C>A,normal
NM_024675.4:c.744T>G,normal
NM_024675.4:c.744T>C,normal
NM_024675.4:c.744T>A,normal
NM_024675.4:c.743T>G,normal
NM_024675.4:c.743T>C,normal
NM_024675.4:c.743T>A,normal
NM_024675.4:c.742G>T,normal
NM_024675.4:c.742G>C,normal
NM_024675.4:c.742G>A,normal
NM_024675.4:c.741A>T,normal
NM_024675.4:c.741A>G,normal
NM_024675.4:c.741A>C,normal
NM_024675.4:c.740C>T,normal
NM_024675.4:c.740C>G,normal
NM_024675.4:c.740C>A,normal
NM_024675.4:c.739A>T,normal
NM_024675.4:c.739A>G,normal
NM_024675.4:c.739A>C,normal
NM_024675.4:c.738T>G,normal
NM_024675.4:c.738T>C,normal
NM_024675.4:c.738T>A,normal
NM_024675.4:c.737C>T,indeterminate
NM_024675.4:c.737C>G,normal
NM_024675.4:c.737C>A,normal
NM_024675.4:c.736A>T,normal
NM_024675.4:c.736A>G,normal
NM_024675.4:c.736A>C,normal
NM_024675.4:c.735G>T,normal
NM_024675.4:c.735G>C,normal
NM_024675.4:c.735G>A,normal
NM_024675.4:c.734C>T,normal
NM_024675.4:c.734C>G,normal
NM_024675.4:c.734C>A,indeterminate
NM_024675.4:c.733G>T,normal
NM_024675.4:c.733G>C,normal
NM_024675.4:c.733G>A,normal
NM_024675.4:c.732G>T,normal
NM_024675.4:c.732G>C,normal
NM_024675.4:c.732G>A,normal
NM_024675.4:c.731G>T,normal
NM_024675.4:c.731G>C,normal
NM_024675.4:c.731G>A,normal
NM_024675.4:c.730A>T,normal
NM_024675.4:c.730A>G,normal
NM_024675.4:c.730A>C,normal
NM_024675.4:c.726C>T,normal
NM_024675.4:c.726C>G,normal
NM_024675.4:c.726C>A,normal
NM_024675.4:c.725T>G,normal
NM_024675.4:c.725T>C,normal
NM_024675.4:c.725T>A,normal
NM_024675.4:c.724T>G,normal
NM_024675.4:c.724T>C,normal
NM_024675.4:c.724T>A,normal
NM_024675.4:c.723T>G,normal
NM_024675.4:c.723T>C,normal
NM_024675.4:c.723T>A,normal
NM_024675.4:c.722A>T,normal
NM_024675.4:c.722A>G,normal
NM_024675.4:c.722A>C,normal
NM_024675.4:c.721A>T,normal
NM_024675.4:c.721A>G,normal
NM_024675.4:c.721A>C,normal
NM_024675.4:c.720T>G,normal
NM_024675.4:c.720T>C,normal
NM_024675.4:c.720T>A,normal
NM_024675.4:c.719C>T,normal
NM_024675.4:c.719C>G,normal
NM_024675.4:c.719C>A,normal
NM_024675.4:c.718C>T,normal
NM_024675.4:c.718C>G,normal
NM_024675.4:c.718C>A,normal
NM_024675.4:c.717A>T,normal
NM_024675.4:c.717A>G,normal
NM_024675.4:c.717A>C,normal
NM_024675.4:c.716G>T,normal
NM_024675.4:c.716G>C,normal
NM_024675.4:c.716G>A,normal
NM_024675.4:c.715A>T,abnormal
NM_024675.4:c.715A>G,indeterminate
NM_024675.4:c.715A>C,normal
NM_024675.4:c.714A>T,normal
NM_024675.4:c.714A>G,normal
NM_024675.4:c.714A>C,normal
NM_024675.4:c.713G>T,normal
NM_024675.4:c.713G>C,normal
NM_024675.4:c.713G>A,normal
NM_024675.4:c.712A>T,abnormal
NM_024675.4:c.712A>G,normal
NM_024675.4:c.712A>C,normal
NM_024675.4:c.711A>T,normal
NM_024675.4:c.711A>G,normal
NM_024675.4:c.711A>C,normal
NM_024675.4:c.710T>G,normal
NM_024675.4:c.710T>C,normal
NM_024675.4:c.710T>A,normal
NM_024675.4:c.709C>T,normal
NM_024675.4:c.709C>G,normal
NM_024675.4:c.709C>A,normal
NM_024675.4:c.708C>T,normal
NM_024675.4:c.708C>G,normal
NM_024675.4:c.708C>A,normal
NM_024675.4:c.707T>G,normal
NM_024675.4:c.707T>C,normal
NM_024675.4:c.707T>A,normal
NM_024675.4:c.706T>G,normal
NM_024675.4:c.706T>C,normal
NM_024675.4:c.706T>A,normal
NM_024675.4:c.705A>T,normal
NM_024675.4:c.705A>G,normal
NM_024675.4:c.705A>C,normal
NM_024675.4:c.704C>T,normal
NM_024675.4:c.704C>G,normal
NM_024675.4:c.704C>A,normal
NM_024675.4:c.703A>T,normal
NM_024675.4:c.703A>G,normal
NM_024675.4:c.703A>C,normal
NM_024675.4:c.702T>G,normal
NM_024675.4:c.702T>C,indeterminate
NM_024675.4:c.702T>A,normal
NM_024675.4:c.701A>T,normal
NM_024675.4:c.701A>G,normal
NM_024675.4:c.701A>C,normal
NM_024675.4:c.700G>T,normal
NM_024675.4:c.700G>C,normal
NM_024675.4:c.700G>A,normal
NM_024675.4:c.699T>G,normal
NM_024675.4:c.699T>C,normal
NM_024675.4:c.699T>A,normal
NM_024675.4:c.698T>G,indeterminate
NM_024675.4:c.698T>C,normal
NM_024675.4:c.698T>A,normal
NM_024675.4:c.697G>T,normal
NM_024675.4:c.697G>C,normal
NM_024675.4:c.697G>A,normal
NM_024675.4:c.696T>G,normal
NM_024675.4:c.696T>C,normal
NM_024675.4:c.696T>A,normal
NM_024675.4:c.695G>T,normal
NM_024675.4:c.695G>C,normal
NM_024675.4:c.695G>A,normal
NM_024675.4:c.694G>T,normal
NM_024675.4:c.694G>C,normal
NM_024675.4:c.694G>A,normal
NM_024675.4:c.693A>T,normal
NM_024675.4:c.693A>G,normal
NM_024675.4:c.693A>C,normal
NM_024675.4:c.692A>T,normal
NM_024675.4:c.692A>G,normal
NM_024675.4:c.692A>C,normal
NM_024675.4:c.691A>T,abnormal
NM_024675.4:c.691A>G,normal
NM_024675.4:c.691A>C,normal
NM_024675.4:c.690A>T,normal
NM_024675.4:c.690A>G,normal
NM_024675.4:c.690A>C,normal
NM_024675.4:c.689A>T,normal
NM_024675.4:c.689A>G,normal
NM_024675.4:c.689A>C,normal
NM_024675.4:c.688G>T,abnormal
NM_024675.4:c.688G>C,normal
NM_024675.4:c.688G>A,normal
NM_024675.4:c.687A>T,normal
NM_024675.4:c.687A>G,normal
NM_024675.4:c.687A>C,normal
NM_024675.4:c.686C>T,normal
NM_024675.4:c.686C>G,normal
NM_024675.4:c.686C>A,normal
NM_024675.4:c.685C>T,normal
NM_024675.4:c.685C>G,normal
NM_024675.4:c.685C>A,normal
NM_024675.4:c.684A>T,normal
NM_024675.4:c.684A>G,normal
NM_024675.4:c.684A>C,normal
NM_024675.4:c.683A>T,normal
NM_024675.4:c.683A>G,normal
NM_024675.4:c.683A>C,normal
NM_024675.4:c.682C>T,abnormal
NM_024675.4:c.682C>G,normal
NM_024675.4:c.682C>A,normal
NM_024675.4:c.678T>G,normal
NM_024675.4:c.678T>C,normal
NM_024675.4:c.678T>A,normal
NM_024675.4:c.677C>T,normal
NM_024675.4:c.677C>G,normal
NM_024675.4:c.677C>A,normal
NM_024675.4:c.676A>T,normal
NM_024675.4:c.676A>G,normal
NM_024675.4:c.676A>C,normal
NM_024675.4:c.675A>T,normal
NM_024675.4:c.675A>G,normal
NM_024675.4:c.675A>C,normal
NM_024675.4:c.674C>T,normal
NM_024675.4:c.674C>G,indeterminate
NM_024675.4:c.674C>A,normal
NM_024675.4:c.673C>T,normal
NM_024675.4:c.673C>G,normal
NM_024675.4:c.673C>A,normal
NM_024675.4:c.672A>T,normal
NM_024675.4:c.672A>G,normal
NM_024675.4:c.672A>C,normal
NM_024675.4:c.671C>T,normal
NM_024675.4:c.671C>G,normal
NM_024675.4:c.671C>A,indeterminate
NM_024675.4:c.670C>T,normal
NM_024675.4:c.670C>G,normal
NM_024675.4:c.670C>A,normal
NM_024675.4:c.669T>G,normal
NM_024675.4:c.669T>C,normal
NM_024675.4:c.669T>A,normal
NM_024675.4:c.668T>G,normal
NM_024675.4:c.668T>C,normal
NM_024675.4:c.668T>A,normal
NM_024675.4:c.667A>T,normal
NM_024675.4:c.667A>G,normal
NM_024675.4:c.667A>C,normal
NM_024675.4:c.666A>T,normal
NM_024675.4:c.666A>G,normal
NM_024675.4:c.666A>C,normal
NM_024675.4:c.665T>G,abnormal
NM_024675.4:c.665T>C,normal
NM_024675.4:c.665T>A,abnormal
NM_024675.4:c.664T>G,normal
NM_024675.4:c.664T>C,normal
NM_024675.4:c.664T>A,normal
NM_024675.4:c.663A>T,normal
NM_024675.4:c.663A>G,normal
NM_024675.4:c.663A>C,normal
NM_024675.4:c.662T>G,normal
NM_024675.4:c.662T>C,normal
NM_024675.4:c.662T>A,normal
NM_024675.4:c.661G>T,normal
NM_024675.4:c.661G>C,normal
NM_024675.4:c.661G>A,normal
NM_024675.4:c.660T>G,normal
NM_024675.4:c.660T>C,normal
NM_024675.4:c.660T>A,normal
NM_024675.4:c.659G>T,normal
NM_024675.4:c.659G>C,normal
NM_024675.4:c.659G>A,normal
NM_024675.4:c.658A>T,normal
NM_024675.4:c.658A>G,normal
NM_024675.4:c.658A>C,normal
NM_024675.4:c.657C>T,normal
NM_024675.4:c.657C>G,normal
NM_024675.4:c.657C>A,normal
NM_024675.4:c.656A>T,normal
NM_024675.4:c.656A>G,normal
NM_024675.4:c.656A>C,normal
NM_024675.4:c.655G>T,normal
NM_024675.4:c.655G>C,normal
NM_024675.4:c.655G>A,normal
NM_024675.4:c.654A>T,normal
NM_024675.4:c.654A>G,normal
NM_024675.4:c.654A>C,normal
NM_024675.4:c.653A>T,normal
NM_024675.4:c.653A>G,normal
NM_024675.4:c.653A>C,normal
NM_024675.4:c.652G>T,abnormal
NM_024675.4:c.652G>C,normal
NM_024675.4:c.652G>A,normal
NM_024675.4:c.651T>G,normal
NM_024675.4:c.651T>C,normal
NM_024675.4:c.651T>A,normal
NM_024675.4:c.650A>T,indeterminate
NM_024675.4:c.650A>G,normal
NM_024675.4:c.650A>C,normal
NM_024675.4:c.649A>T,normal
NM_024675.4:c.649A>G,normal
NM_024675.4:c.649A>C,normal
NM_024675.4:c.648T>G,normal
NM_024675.4:c.648T>C,normal
NM_024675.4:c.648T>A,normal
NM_024675.4:c.647T>G,normal
NM_024675.4:c.647T>C,normal
NM_024675.4:c.647T>A,normal
NM_024675.4:c.646A>T,normal
NM_024675.4:c.646A>G,normal
NM_024675.4:c.646A>C,normal
NM_024675.4:c.645A>T,normal
NM_024675.4:c.645A>G,normal
NM_024675.4:c.645A>C,normal
NM_024675.4:c.644A>T,normal
NM_024675.4:c.644A>G,normal
NM_024675.4:c.644A>C,normal
NM_024675.4:c.643G>T,abnormal
NM_024675.4:c.643G>C,normal
NM_024675.4:c.643G>A,normal
NM_024675.4:c.636A>T,normal
NM_024675.4:c.636A>G,normal
NM_024675.4:c.636A>C,normal
NM_024675.4:c.635C>T,normal
NM_024675.4:c.635C>G,normal
NM_024675.4:c.635C>A,normal
NM_024675.4:c.634C>T,normal
NM_024675.4:c.634C>G,normal
NM_024675.4:c.634C>A,normal
NM_024675.4:c.633A>T,normal
NM_024675.4:c.633A>G,normal
NM_024675.4:c.633A>C,normal
NM_024675.4:c.632A>T,indeterminate
NM_024675.4:c.632A>G,normal
NM_024675.4:c.632A>C,normal
NM_024675.4:c.631G>T,abnormal
NM_024675.4:c.631G>C,normal
NM_024675.4:c.631G>A,normal
NM_024675.4:c.630A>T,normal
NM_024675.4:c.630A>G,normal
NM_024675.4:c.630A>C,normal
NM_024675.4:c.629C>T,normal
NM_024675.4:c.629C>G,normal
NM_024675.4:c.629C>A,normal
NM_024675.4:c.628C>T,normal
NM_024675.4:c.628C>G,normal
NM_024675.4:c.628C>A,normal
NM_024675.4:c.627T>G,normal
NM_024675.4:c.627T>C,normal
NM_024675.4:c.627T>A,normal
NM_024675.4:c.626C>T,normal
NM_024675.4:c.626C>G,normal
NM_024675.4:c.626C>A,normal
NM_024675.4:c.625T>G,normal
NM_024675.4:c.625T>C,normal
NM_024675.4:c.625T>A,normal
NM_024675.4:c.624T>G,normal
NM_024675.4:c.624T>C,normal
NM_024675.4:c.624T>A,normal
NM_024675.4:c.623A>T,normal
NM_024675.4:c.623A>G,normal
NM_024675.4:c.623A>C,normal
NM_024675.4:c.622G>T,normal
NM_024675.4:c.622G>C,normal
NM_024675.4:c.622G>A,normal
NM_024675.4:c.621A>T,normal
NM_024675.4:c.621A>G,normal
NM_024675.4:c.621A>C,normal
NM_024675.4:c.620C>T,normal
NM_024675.4:c.620C>G,normal
NM_024675.4:c.620C>A,normal
NM_024675.4:c.619C>T,normal
NM_024675.4:c.619C>G,normal
NM_024675.4:c.619C>A,normal
NM_024675.4:c.618T>G,normal
NM_024675.4:c.618T>C,normal
NM_024675.4:c.618T>A,normal
NM_024675.4:c.617T>G,normal
NM_024675.4:c.617T>C,normal
NM_024675.4:c.617T>A,normal
NM_024675.4:c.616C>T,normal
NM_024675.4:c.616C>G,normal
NM_024675.4:c.616C>A,normal
NM_024675.4:c.615A>T,normal
NM_024675.4:c.615A>G,normal
NM_024675.4:c.615A>C,normal
NM_024675.4:c.614A>T,normal
NM_024675.4:c.614A>G,normal
NM_024675.4:c.614A>C,normal
NM_024675.4:c.613G>T,abnormal
NM_024675.4:c.613G>C,normal
NM_024675.4:c.613G>A,normal
NM_024675.4:c.612T>G,normal
NM_024675.4:c.612T>C,normal
NM_024675.4:c.612T>A,normal
NM_024675.4:c.611C>T,normal
NM_024675.4:c.611C>G,normal
NM_024675.4:c.611C>A,normal
NM_024675.4:c.610T>G,normal
NM_024675.4:c.610T>C,normal
NM_024675.4:c.610T>A,normal
NM_024675.4:c.609A>T,normal
NM_024675.4:c.609A>G,normal
NM_024675.4:c.609A>C,normal
NM_024675.4:c.608A>T,normal
NM_024675.4:c.608A>G,normal
NM_024675.4:c.608A>C,normal
NM_024675.4:c.607A>T,abnormal
NM_024675.4:c.607A>G,normal
NM_024675.4:c.607A>C,normal
NM_024675.4:c.606T>G,normal
NM_024675.4:c.606T>C,normal
NM_024675.4:c.606T>A,normal
NM_024675.4:c.605T>G,normal
NM_024675.4:c.605T>C,normal
NM_024675.4:c.605T>A,normal
NM_024675.4:c.604C>T,normal
NM_024675.4:c.604C>G,normal
NM_024675.4:c.604C>A,normal
NM_024675.4:c.603T>G,normal
NM_024675.4:c.603T>C,normal
NM_024675.4:c.603T>A,normal
NM_024675.4:c.602G>T,normal
NM_024675.4:c.602G>C,normal
NM_024675.4:c.602G>A,normal
NM_024675.4:c.601A>T,normal
NM_024675.4:c.601A>G,normal
NM_024675.4:c.601A>C,normal
NM_024675.4:c.600A>T,normal
NM_024675.4:c.600A>G,normal
NM_024675.4:c.600A>C,normal
NM_024675.4:c.599T>G,abnormal
NM_024675.4:c.599T>C,normal
NM_024675.4:c.599T>A,abnormal
NM_024675.4:c.598T>G,indeterminate
NM_024675.4:c.598T>C,normal
NM_024675.4:c.598T>A,normal
NM_024675.4:c.597T>G,normal
NM_024675.4:c.597T>C,normal
NM_024675.4:c.597T>A,normal
NM_024675.4:c.596T>G,normal
NM_024675.4:c.596T>C,normal
NM_024675.4:c.596T>A,normal
NM_024675.4:c.595C>T,normal
NM_024675.4:c.595C>G,normal
NM_024675.4:c.595C>A,normal
NM_024675.4:c.594C>T,normal
NM_024675.4:c.594C>G,normal
NM_024675.4:c.594C>A,normal
NM_024675.4:c.593A>T,normal
NM_024675.4:c.593A>G,normal
NM_024675.4:c.593A>C,normal
NM_024675.4:c.592C>T,normal
NM_024675.4:c.592C>G,normal
NM_024675.4:c.592C>A,normal
NM_024675.4:c.591T>G,normal
NM_024675.4:c.591T>C,normal
NM_024675.4:c.591T>A,normal
NM_024675.4:c.590C>T,normal
NM_024675.4:c.590C>G,normal
NM_024675.4:c.590C>A,normal
NM_024675.4:c.589A>T,normal
NM_024675.4:c.589A>G,normal
NM_024675.4:c.589A>C,normal
NM_024675.4:c.588A>T,normal
NM_024675.4:c.588A>G,normal
NM_024675.4:c.588A>C,normal
NM_024675.4:c.587G>T,indeterminate
NM_024675.4:c.587G>C,normal
NM_024675.4:c.587G>A,normal
NM_024675.4:c.586A>T,abnormal
NM_024675.4:c.586A>G,normal
NM_024675.4:c.586A>C,normal
NM_024675.4:c.585A>T,normal
NM_024675.4:c.585A>G,normal
NM_024675.4:c.585A>C,normal
NM_024675.4:c.584T>G,normal
NM_024675.4:c.584T>C,normal
NM_024675.4:c.584T>A,normal
NM_024675.4:c.583A>T,normal
NM_024675.4:c.583A>G,normal
NM_024675.4:c.583A>C,normal
NM_024675.4:c.582A>T,normal
NM_024675.4:c.582A>G,normal
NM_024675.4:c.582A>C,normal
NM_024675.4:c.581A>T,normal
NM_024675.4:c.581A>G,normal
NM_024675.4:c.581A>C,normal
NM_024675.4:c.580G>T,abnormal
NM_024675.4:c.580G>C,indeterminate
NM_024675.4:c.580G>A,normal
NM_024675.4:c.573A>T,normal
NM_024675.4:c.573A>G,normal
NM_024675.4:c.573A>C,normal
NM_024675.4:c.572C>T,normal
NM_024675.4:c.572C>G,normal
NM_024675.4:c.572C>A,normal
NM_024675.4:c.571C>T,normal
NM_024675.4:c.571C>G,normal
NM_024675.4:c.571C>A,normal
NM_024675.4:c.570A>T,normal
NM_024675.4:c.570A>G,normal
NM_024675.4:c.570A>C,normal
NM_024675.4:c.569C>T,normal
NM_024675.4:c.569C>G,abnormal
NM_024675.4:c.569C>A,abnormal
NM_024675.4:c.568T>G,normal
NM_024675.4:c.568T>C,normal
NM_024675.4:c.568T>A,normal
NM_024675.4:c.567A>T,normal
NM_024675.4:c.567A>G,normal
NM_024675.4:c.567A>C,normal
NM_024675.4:c.566G>T,indeterminate
NM_024675.4:c.566G>C,normal
NM_024675.4:c.566G>A,normal
NM_024675.4:c.565A>T,abnormal
NM_024675.4:c.565A>G,normal
NM_024675.4:c.565A>C,normal
NM_024675.4:c.564T>G,normal
NM_024675.4:c.564T>C,normal
NM_024675.4:c.564T>A,normal
NM_024675.4:c.563C>T,normal
NM_024675.4:c.563C>G,indeterminate
NM_024675.4:c.563C>A,indeterminate
NM_024675.4:c.562G>T,normal
NM_024675.4:c.562G>C,indeterminate
NM_024675.4:c.562G>A,normal
NM_024675.4:c.561T>G,normal
NM_024675.4:c.561T>C,normal
NM_024675.4:c.561T>A,normal
NM_024675.4:c.560C>T,indeterminate
NM_024675.4:c.560C>G,normal
NM_024675.4:c.560C>A,abnormal
NM_024675.4:c.559C>T,normal
NM_024675.4:c.559C>G,normal
NM_024675.4:c.559C>A,normal
NM_024675.4:c.558T>G,indeterminate
NM_024675.4:c.558T>C,normal
NM_024675.4:c.558T>A,normal
NM_024675.4:c.557A>T,normal
NM_024675.4:c.557A>G,normal
NM_024675.4:c.557A>C,normal
NM_024675.4:c.556A>T,normal
NM_024675.4:c.556A>G,normal
NM_024675.4:c.556A>C,normal
NM_024675.4:c.555A>T,normal
NM_024675.4:c.555A>G,normal
NM_024675.4:c.555A>C,normal
NM_024675.4:c.554A>T,normal
NM_024675.4:c.554A>G,normal
NM_024675.4:c.554A>C,normal
NM_024675.4:c.553A>T,abnormal
NM_024675.4:c.553A>G,normal
NM_024675.4:c.553A>C,normal
NM_024675.4:c.552C>T,indeterminate
NM_024675.4:c.552C>G,normal
NM_024675.4:c.552C>A,indeterminate
NM_024675.4:c.551G>T,normal
NM_024675.4:c.551G>C,indeterminate
NM_024675.4:c.551G>A,normal
NM_024675.4:c.550A>T,normal
NM_024675.4:c.550A>G,indeterminate
NM_024675.4:c.550A>C,normal
NM_024675.4:c.549T>G,normal
NM_024675.4:c.549T>C,normal
NM_024675.4:c.549T>A,normal
NM_024675.4:c.548G>T,indeterminate
NM_024675.4:c.548G>C,normal
NM_024675.4:c.548G>A,normal
NM_024675.4:c.547A>T,normal
NM_024675.4:c.547A>G,normal
NM_024675.4:c.547A>C,normal
NM_024675.4:c.546C>T,normal
NM_024675.4:c.546C>G,normal
NM_024675.4:c.546C>A,indeterminate
NM_024675.4:c.545T>G,normal
NM_024675.4:c.545T>C,normal
NM_024675.4:c.545T>A,normal
NM_024675.4:c.544A>T,normal
NM_024675.4:c.544A>G,normal
NM_024675.4:c.544A>C,normal
NM_024675.4:c.543A>T,indeterminate
NM_024675.4:c.543A>G,normal
NM_024675.4:c.543A>C,normal
NM_024675.4:c.542A>T,indeterminate
NM_024675.4:c.542A>G,normal
NM_024675.4:c.542A>C,normal
NM_024675.4:c.541G>T,abnormal
NM_024675.4:c.541G>C,indeterminate
NM_024675.4:c.541G>A,indeterminate
NM_024675.4:c.540A>T,normal
NM_024675.4:c.540A>G,normal
NM_024675.4:c.540A>C,normal
NM_024675.4:c.539A>T,normal
NM_024675.4:c.539A>G,normal
NM_024675.4:c.539A>C,normal
NM_024675.4:c.538G>T,abnormal
NM_024675.4:c.538G>C,normal
NM_024675.4:c.538G>A,normal
NM_024675.4:c.537G>T,indeterminate
NM_024675.4:c.537G>C,normal
NM_024675.4:c.537G>A,normal
NM_024675.4:c.536A>T,normal
NM_024675.4:c.536A>G,normal
NM_024675.4:c.536A>C,normal
NM_024675.4:c.535C>T,indeterminate
NM_024675.4:c.535C>G,normal
NM_024675.4:c.535C>A,normal
NM_024675.4:c.534A>T,normal
NM_024675.4:c.534A>G,normal
NM_024675.4:c.534A>C,normal
NM_024675.4:c.533A>T,indeterminate
NM_024675.4:c.533A>G,normal
NM_024675.4:c.533A>C,normal
NM_024675.4:c.532G>T,abnormal
NM_024675.4:c.532G>C,normal
NM_024675.4:c.532G>A,normal
NM_024675.4:c.531G>T,normal
NM_024675.4:c.531G>C,indeterminate
NM_024675.4:c.531G>A,normal
NM_024675.4:c.530A>T,normal
NM_024675.4:c.530A>G,normal
NM_024675.4:c.530A>C,normal
NM_024675.4:c.529A>T,abnormal
NM_024675.4:c.529A>G,normal
NM_024675.4:c.529A>C,normal
NM_024675.4:c.528A>T,indeterminate
NM_024675.4:c.528A>G,normal
NM_024675.4:c.528A>C,normal
NM_024675.4:c.527T>G,normal
NM_024675.4:c.527T>C,normal
NM_024675.4:c.527T>A,normal
NM_024675.4:c.526C>T,normal
NM_024675.4:c.526C>G,normal
NM_024675.4:c.526C>A,normal
NM_024675.4:c.525A>T,indeterminate
NM_024675.4:c.525A>G,normal
NM_024675.4:c.525A>C,normal
NM_024675.4:c.524G>T,indeterminate
NM_024675.4:c.524G>C,normal
NM_024675.4:c.524G>A,normal
NM_024675.4:c.523A>T,abnormal
NM_024675.4:c.523A>G,normal
NM_024675.4:c.523A>C,normal
NM_024675.4:c.522A>T,normal
NM_024675.4:c.522A>G,normal
NM_024675.4:c.522A>C,normal
NM_024675.4:c.521A>T,normal
NM_024675.4:c.521A>G,normal
NM_024675.4:c.521A>C,normal
NM_024675.4:c.520A>T,abnormal
NM_024675.4:c.520A>G,normal
NM_024675.4:c.520A>C,indeterminate
NM_024675.4:c.516T>G,normal
NM_024675.4:c.516T>C,normal
NM_024675.4:c.516T>A,normal
NM_024675.4:c.515C>T,normal
NM_024675.4:c.515C>G,normal
NM_024675.4:c.515C>A,normal
NM_024675.4:c.514T>G,normal
NM_024675.4:c.514T>C,normal
NM_024675.4:c.514T>A,normal
NM_024675.4:c.513G>T,normal
NM_024675.4:c.513G>C,normal
NM_024675.4:c.513G>A,normal
NM_024675.4:c.512T>G,normal
NM_024675.4:c.512T>C,normal
NM_024675.4:c.512T>A,abnormal
NM_024675.4:c.511T>G,normal
NM_024675.4:c.511T>C,normal
NM_024675.4:c.511T>A,normal
NM_024675.4:c.510A>T,normal
NM_024675.4:c.510A>G,normal
NM_024675.4:c.510A>C,normal
NM_024675.4:c.509G>T,normal
NM_024675.4:c.509G>C,normal
NM_024675.4:c.509G>A,indeterminate
NM_024675.4:c.508A>T,abnormal
NM_024675.4:c.508A>G,normal
NM_024675.4:c.508A>C,normal
NM_024675.4:c.507C>T,normal
NM_024675.4:c.507C>G,normal
NM_024675.4:c.507C>A,normal
NM_024675.4:c.506T>G,normal
NM_024675.4:c.506T>C,normal
NM_024675.4:c.506T>A,normal
NM_024675.4:c.505C>T,indeterminate
NM_024675.4:c.505C>G,normal
NM_024675.4:c.505C>A,normal
NM_024675.4:c.504A>T,normal
NM_024675.4:c.504A>G,normal
NM_024675.4:c.504A>C,normal
NM_024675.4:c.503C>T,normal
NM_024675.4:c.503C>G,abnormal
NM_024675.4:c.503C>A,abnormal
NM_024675.4:c.502T>G,normal
NM_024675.4:c.502T>C,normal
NM_024675.4:c.502T>A,normal
NM_024675.4:c.501T>G,normal
NM_024675.4:c.501T>C,normal
NM_024675.4:c.501T>A,normal
NM_024675.4:c.500A>T,normal
NM_024675.4:c.500A>G,normal
NM_024675.4:c.500A>C,normal
NM_024675.4:c.499G>T,normal
NM_024675.4:c.499G>C,indeterminate
NM_024675.4:c.499G>A,normal
NM_024675.4:c.498T>G,normal
NM_024675.4:c.498T>C,normal
NM_024675.4:c.498T>A,normal
NM_024675.4:c.497C>T,normal
NM_024675.4:c.497C>G,normal
NM_024675.4:c.497C>A,normal
NM_024675.4:c.496A>T,normal
NM_024675.4:c.496A>G,normal
NM_024675.4:c.496A>C,normal
NM_024675.4:c.495C>T,normal
NM_024675.4:c.495C>G,normal
NM_024675.4:c.495C>A,normal
NM_024675.4:c.494G>T,normal
NM_024675.4:c.494G>C,normal
NM_024675.4:c.494G>A,normal
NM_024675.4:c.493G>T,normal
NM_024675.4:c.493G>C,normal
NM_024675.4:c.493G>A,normal
NM_024675.4:c.492T>G,normal
NM_024675.4:c.492T>C,indeterminate
NM_024675.4:c.492T>A,normal
NM_024675.4:c.491T>G,normal
NM_024675.4:c.491T>C,normal
NM_024675.4:c.491T>A,normal
NM_024675.4:c.490T>G,indeterminate
NM_024675.4:c.490T>C,normal
NM_024675.4:c.490T>A,normal
NM_024675.4:c.483C>T,normal
NM_024675.4:c.483C>G,normal
NM_024675.4:c.483C>A,normal
NM_024675.4:c.482A>T,normal
NM_024675.4:c.482A>G,normal
NM_024675.4:c.482A>C,normal
NM_024675.4:c.481G>T,normal
NM_024675.4:c.481G>C,normal
NM_024675.4:c.481G>A,normal
NM_024675.4:c.480A>T,normal
NM_024675.4:c.480A>G,normal
NM_024675.4:c.480A>C,normal
NM_024675.4:c.479G>T,normal
NM_024675.4:c.479G>C,normal
NM_024675.4:c.479G>A,normal
NM_024675.4:c.478A>T,abnormal
NM_024675.4:c.478A>G,normal
NM_024675.4:c.478A>C,normal
NM_024675.4:c.477G>T,normal
NM_024675.4:c.477G>C,normal
NM_024675.4:c.477G>A,normal
NM_024675.4:c.476A>T,normal
NM_024675.4:c.476A>G,normal
NM_024675.4:c.476A>C,normal
NM_024675.4:c.475G>T,abnormal
NM_024675.4:c.475G>C,normal
NM_024675.4:c.475G>A,normal
NM_024675.4:c.474G>T,normal
NM_024675.4:c.474G>C,normal
NM_024675.4:c.474G>A,normal
NM_024675.4:c.473A>T,normal
NM_024675.4:c.473A>G,normal
NM_024675.4:c.473A>C,normal
NM_024675.4:c.472C>T,abnormal
NM_024675.4:c.472C>G,normal
NM_024675.4:c.472C>A,normal
NM_024675.4:c.471A>T,normal
NM_024675.4:c.471A>G,normal
NM_024675.4:c.471A>C,normal
NM_024675.4:c.470C>T,normal
NM_024675.4:c.470C>G,abnormal
NM_024675.4:c.470C>A,abnormal
NM_024675.4:c.469T>G,normal
NM_024675.4:c.469T>C,normal
NM_024675.4:c.469T>A,normal
NM_024675.4:c.468T>G,normal
NM_024675.4:c.468T>C,normal
NM_024675.4:c.468T>A,normal
NM_024675.4:c.467T>G,normal
NM_024675.4:c.467T>C,normal
NM_024675.4:c.467T>A,normal
NM_024675.4:c.466A>T,normal
NM_024675.4:c.466A>G,normal
NM_024675.4:c.466A>C,normal
NM_024675.4:c.465T>G,normal
NM_024675.4:c.465T>C,normal
NM_024675.4:c.465T>A,normal
NM_024675.4:c.464T>G,normal
NM_024675.4:c.464T>C,normal
NM_024675.4:c.464T>A,normal
NM_024675.4:c.463T>G,normal
NM_024675.4:c.463T>C,normal
NM_024675.4:c.463T>A,normal
NM_024675.4:c.462A>T,indeterminate
NM_024675.4:c.462A>G,normal
NM_024675.4:c.462A>C,normal
NM_024675.4:c.461C>T,normal
NM_024675.4:c.461C>G,normal
NM_024675.4:c.461C>A,normal
NM_024675.4:c.460A>T,normal
NM_024675.4:c.460A>G,indeterminate
NM_024675.4:c.460A>C,normal
NM_024675.4:c.459G>T,normal
NM_024675.4:c.459G>C,normal
NM_024675.4:c.459G>A,normal
NM_024675.4:c.458G>T,normal
NM_024675.4:c.458G>C,indeterminate
NM_024675.4:c.458G>A,normal
NM_024675.4:c.457A>T,normal
NM_024675.4:c.457A>G,normal
NM_024675.4:c.457A>C,normal
NM_024675.4:c.456G>T,normal
NM_024675.4:c.456G>C,normal
NM_024675.4:c.456G>A,normal
NM_024675.4:c.455A>T,normal
NM_024675.4:c.455A>G,normal
NM_024675.4:c.455A>C,normal
NM_024675.4:c.454A>T,abnormal
NM_024675.4:c.454A>G,normal
NM_024675.4:c.454A>C,normal
NM_024675.4:c.453G>T,normal
NM_024675.4:c.453G>C,normal
NM_024675.4:c.453G>A,normal
NM_024675.4:c.452A>T,normal
NM_024675.4:c.452A>G,normal
NM_024675.4:c.452A>C,normal
NM_024675.4:c.451C>T,abnormal
NM_024675.4:c.451C>G,normal
NM_024675.4:c.451C>A,normal
NM_024675.4:c.450G>T,normal
NM_024675.4:c.450G>C,normal
NM_024675.4:c.450G>A,normal
NM_024675.4:c.449A>T,normal
NM_024675.4:c.449A>G,normal
NM_024675.4:c.449A>C,normal
NM_024675.4:c.448C>T,abnormal
NM_024675.4:c.448C>G,normal
NM_024675.4:c.448C>A,normal
NM_024675.4:c.447G>T,normal
NM_024675.4:c.447G>C,normal
NM_024675.4:c.447G>A,indeterminate
NM_024675.4:c.446A>T,normal
NM_024675.4:c.446A>G,normal
NM_024675.4:c.446A>C,normal
NM_024675.4:c.445A>T,abnormal
NM_024675.4:c.445A>G,normal
NM_024675.4:c.445A>C,normal
NM_024675.4:c.444G>T,normal
NM_024675.4:c.444G>C,indeterminate
NM_024675.4:c.444G>A,normal
NM_024675.4:c.443A>T,normal
NM_024675.4:c.443A>G,normal
NM_024675.4:c.443A>C,normal
NM_024675.4:c.442A>T,abnormal
NM_024675.4:c.442A>G,normal
NM_024675.4:c.442A>C,normal
NM_024675.4:c.441A>T,normal
NM_024675.4:c.441A>G,normal
NM_024675.4:c.441A>C,normal
NM_024675.4:c.440G>T,normal
NM_024675.4:c.440G>C,normal
NM_024675.4:c.440G>A,normal
NM_024675.4:c.439A>T,abnormal
NM_024675.4:c.439A>G,normal
NM_024675.4:c.439A>C,normal
NM_024675.4:c.438A>T,normal
NM_024675.4:c.438A>G,normal
NM_024675.4:c.438A>C,normal
NM_024675.4:c.437G>T,normal
NM_024675.4:c.437G>C,normal
NM_024675.4:c.437G>A,normal
NM_024675.4:c.333T>G,normal
NM_024675.4:c.333T>C,normal
NM_024675.4:c.333T>A,normal
NM_024675.4:c.332A>T,normal
NM_024675.4:c.332A>G,normal
NM_024675.4:c.332A>C,normal
NM_024675.4:c.331G>T,normal
NM_024675.4:c.331G>C,indeterminate
NM_024675.4:c.331G>A,normal
NM_024675.4:c.330A>T,normal
NM_024675.4:c.330A>G,normal
NM_024675.4:c.330A>C,normal
NM_024675.4:c.329G>T,abnormal
NM_024675.4:c.329G>C,normal
NM_024675.4:c.329G>A,normal
NM_024675.4:c.328G>T,abnormal
NM_024675.4:c.328G>C,indeterminate
NM_024675.4:c.328G>A,normal
NM_024675.4:c.327T>G,indeterminate
NM_024675.4:c.327T>C,normal
NM_024675.4:c.327T>A,normal
NM_024675.4:c.326C>T,normal
NM_024675.4:c.326C>G,normal
NM_024675.4:c.326C>A,normal
NM_024675.4:c.325C>T,normal
NM_024675.4:c.325C>G,normal
NM_024675.4:c.325C>A,normal
NM_024675.4:c.324C>T,normal
NM_024675.4:c.324C>G,indeterminate
NM_024675.4:c.324C>A,normal
NM_024675.4:c.323A>T,normal
NM_024675.4:c.323A>G,normal
NM_024675.4:c.323A>C,normal
NM_024675.4:c.322A>T,indeterminate
NM_024675.4:c.322A>G,indeterminate
NM_024675.4:c.322A>C,normal
NM_024675.4:c.321T>G,normal
NM_024675.4:c.321T>C,normal
NM_024675.4:c.321T>A,indeterminate
NM_024675.4:c.320T>G,indeterminate
NM_024675.4:c.320T>C,normal
NM_024675.4:c.320T>A,indeterminate
NM_024675.4:c.319T>G,normal
NM_024675.4:c.319T>C,normal
NM_024675.4:c.319T>A,normal
NM_024675.4:c.318C>T,normal
NM_024675.4:c.318C>G,normal
NM_024675.4:c.318C>A,normal
NM_024675.4:c.317C>T,normal
NM_024675.4:c.317C>G,normal
NM_024675.4:c.317C>A,indeterminate
NM_024675.4:c.316T>G,normal
NM_024675.4:c.316T>C,normal
NM_024675.4:c.316T>A,normal
NM_024675.4:c.315G>T,normal
NM_024675.4:c.315G>C,indeterminate
NM_024675.4:c.315G>A,normal
NM_024675.4:c.314A>T,indeterminate
NM_024675.4:c.314A>G,normal
NM_024675.4:c.314A>C,normal
NM_024675.4:c.313G>T,abnormal
NM_024675.4:c.313G>C,normal
NM_024675.4:c.313G>A,normal
NM_024675.4:c.312T>G,normal
NM_024675.4:c.312T>C,normal
NM_024675.4:c.312T>A,normal
NM_024675.4:c.311C>T,normal
NM_024675.4:c.311C>G,normal
NM_024675.4:c.311C>A,normal
NM_024675.4:c.310C>T,indeterminate
NM_024675.4:c.310C>G,normal
NM_024675.4:c.310C>A,normal
NM_024675.4:c.306T>G,normal
NM_024675.4:c.306T>C,normal
NM_024675.4:c.306T>A,normal
NM_024675.4:c.305T>G,normal
NM_024675.4:c.305T>C,indeterminate
NM_024675.4:c.305T>A,normal
NM_024675.4:c.304G>T,normal
NM_024675.4:c.304G>C,normal
NM_024675.4:c.304G>A,normal
NM_024675.4:c.303T>G,normal
NM_024675.4:c.303T>C,normal
NM_024675.4:c.303T>A,indeterminate
NM_024675.4:c.302A>T,indeterminate
NM_024675.4:c.302A>G,normal
NM_024675.4:c.302A>C,normal
NM_024675.4:c.301G>T,normal
NM_024675.4:c.301G>C,normal
NM_024675.4:c.301G>A,normal
NM_024675.4:c.300T>G,normal
NM_024675.4:c.300T>C,normal
NM_024675.4:c.300T>A,normal
NM_024675.4:c.299T>G,normal
NM_024675.4:c.299T>C,normal
NM_024675.4:c.299T>A,normal
NM_024675.4:c.298C>T,indeterminate
NM_024675.4:c.298C>G,normal
NM_024675.4:c.298C>A,normal
NM_024675.4:c.297A>T,indeterminate
NM_024675.4:c.297A>G,normal
NM_024675.4:c.297A>C,normal
NM_024675.4:c.296C>T,normal
NM_024675.4:c.296C>G,normal
NM_024675.4:c.296C>A,normal
NM_024675.4:c.295A>T,normal
NM_024675.4:c.295A>G,normal
NM_024675.4:c.295A>C,normal
NM_024675.4:c.294C>T,normal
NM_024675.4:c.294C>G,normal
NM_024675.4:c.294C>A,normal
NM_024675.4:c.293T>G,indeterminate
NM_024675.4:c.293T>C,normal
NM_024675.4:c.293T>A,normal
NM_024675.4:c.292A>T,normal
NM_024675.4:c.292A>G,normal
NM_024675.4:c.292A>C,normal
NM_024675.4:c.291T>G,normal
NM_024675.4:c.291T>C,normal
NM_024675.4:c.291T>A,normal
NM_024675.4:c.290C>T,normal
NM_024675.4:c.290C>G,normal
NM_024675.4:c.290C>A,normal
NM_024675.4:c.289T>G,normal
NM_024675.4:c.289T>C,indeterminate
NM_024675.4:c.289T>A,normal
NM_024675.4:c.288A>T,normal
NM_024675.4:c.288A>G,indeterminate
NM_024675.4:c.288A>C,normal
NM_024675.4:c.287C>T,normal
NM_024675.4:c.287C>G,normal
NM_024675.4:c.287C>A,normal
NM_024675.4:c.286A>T,normal
NM_024675.4:c.286A>G,indeterminate
NM_024675.4:c.286A>C,normal
NM_024675.4:c.285G>T,normal
NM_024675.4:c.285G>C,normal
NM_024675.4:c.285G>A,normal
NM_024675.4:c.284A>T,normal
NM_024675.4:c.284A>G,normal
NM_024675.4:c.284A>C,normal
NM_024675.4:c.283A>T,abnormal
NM_024675.4:c.283A>G,normal
NM_024675.4:c.283A>C,normal
NM_024675.4:c.282A>T,normal
NM_024675.4:c.282A>G,normal
NM_024675.4:c.282A>C,normal
NM_024675.4:c.281A>T,normal
NM_024675.4:c.281A>G,normal
NM_024675.4:c.281A>C,normal
NM_024675.4:c.280G>T,abnormal
NM_024675.4:c.280G>C,normal
NM_024675.4:c.280G>A,normal
NM_024675.4:c.279A>T,normal
NM_024675.4:c.279A>G,normal
NM_024675.4:c.279A>C,normal
NM_024675.4:c.278G>T,normal
NM_024675.4:c.278G>C,normal
NM_024675.4:c.278G>A,normal
NM_024675.4:c.277G>T,abnormal
NM_024675.4:c.277G>C,normal
NM_024675.4:c.277G>A,normal
NM_024675.4:c.276T>G,normal
NM_024675.4:c.276T>C,normal
NM_024675.4:c.276T>A,normal
NM_024675.4:c.275C>T,normal
NM_024675.4:c.275C>G,normal
NM_024675.4:c.275C>A,normal
NM_024675.4:c.274A>T,normal
NM_024675.4:c.274A>G,indeterminate
NM_024675.4:c.274A>C,normal
NM_024675.4:c.273A>T,normal
NM_024675.4:c.273A>G,normal
NM_024675.4:c.273A>C,normal
NM_024675.4:c.272A>T,normal
NM_024675.4:c.272A>G,normal
NM_024675.4:c.272A>C,normal
NM_024675.4:c.271G>T,abnormal
NM_024675.4:c.271G>C,normal
NM_024675.4:c.271G>A,normal
NM_024675.4:c.270A>T,normal
NM_024675.4:c.270A>G,normal
NM_024675.4:c.270A>C,normal
NM_024675.4:c.269A>T,normal
NM_024675.4:c.269A>G,indeterminate
NM_024675.4:c.269A>C,normal
NM_024675.4:c.268G>T,abnormal
NM_024675.4:c.268G>C,normal
NM_024675.4:c.268G>A,normal
NM_024675.4:c.267T>G,normal
NM_024675.4:c.267T>C,normal
NM_024675.4:c.267T>A,normal
NM_024675.4:c.266A>T,normal
NM_024675.4:c.266A>G,normal
NM_024675.4:c.266A>C,normal
NM_024675.4:c.265G>T,normal
NM_024675.4:c.265G>C,normal
NM_024675.4:c.265G>A,normal
NM_024675.4:c.264T>G,normal
NM_024675.4:c.264T>C,normal
NM_024675.4:c.264T>A,normal
NM_024675.4:c.263T>G,normal
NM_024675.4:c.263T>C,normal
NM_024675.4:c.263T>A,normal
NM_024675.4:c.262C>T,indeterminate
NM_024675.4:c.262C>G,normal
NM_024675.4:c.262C>A,abnormal
NM_024675.4:c.261T>G,normal
NM_024675.4:c.261T>C,normal
NM_024675.4:c.261T>A,normal
NM_024675.4:c.260A>T,normal
NM_024675.4:c.260A>G,normal
NM_024675.4:c.260A>C,normal
NM_024675.4:c.259C>T,normal
NM_024675.4:c.259C>G,normal
NM_024675.4:c.259C>A,indeterminate
NM_024675.4:c.255A>T,normal
NM_024675.4:c.255A>G,normal
NM_024675.4:c.255A>C,normal
NM_024675.4:c.254A>T,normal
NM_024675.4:c.254A>G,normal
NM_024675.4:c.254A>C,normal
NM_024675.4:c.253A>T,abnormal
NM_024675.4:c.253A>G,normal
NM_024675.4:c.253A>C,indeterminate
NM_024675.4:c.252C>T,normal
NM_024675.4:c.252C>G,normal
NM_024675.4:c.252C>A,normal
NM_024675.4:c.251T>G,normal
NM_024675.4:c.251T>C,normal
NM_024675.4:c.251T>A,normal
NM_024675.4:c.250A>T,normal
NM_024675.4:c.250A>G,normal
NM_024675.4:c.250A>C,normal
NM_024675.4:c.249C>T,normal
NM_024675.4:c.249C>G,abnormal
NM_024675.4:c.249C>A,normal
NM_024675.4:c.248A>T,normal
NM_024675.4:c.248A>G,normal
NM_024675.4:c.248A>C,indeterminate
NM_024675.4:c.247C>T,normal
NM_024675.4:c.247C>G,normal
NM_024675.4:c.247C>A,normal
NM_024675.4:c.246A>T,normal
NM_024675.4:c.246A>G,normal
NM_024675.4:c.246A>C,normal
NM_024675.4:c.245T>G,abnormal
NM_024675.4:c.245T>C,normal
NM_024675.4:c.245T>A,abnormal
NM_024675.4:c.244T>G,indeterminate
NM_024675.4:c.244T>C,normal
NM_024675.4:c.244T>A,normal
NM_024675.4:c.243G>T,normal
NM_024675.4:c.243G>C,normal
NM_024675.4:c.243G>A,normal
NM_024675.4:c.242A>T,normal
NM_024675.4:c.242A>G,abnormal
NM_024675.4:c.242A>C,normal
NM_024675.4:c.241A>T,abnormal
NM_024675.4:c.241A>G,normal
NM_024675.4:c.241A>C,normal
NM_024675.4:c.240C>T,normal
NM_024675.4:c.240C>G,normal
NM_024675.4:c.240C>A,normal
NM_024675.4:c.239A>T,abnormal
NM_024675.4:c.239A>G,normal
NM_024675.4:c.239A>C,normal
NM_024675.4:c.238G>T,abnormal
NM_024675.4:c.238G>C,normal
NM_024675.4:c.238G>A,normal
NM_024675.4:c.237T>G,abnormal
NM_024675.4:c.237T>C,normal
NM_024675.4:c.237T>A,abnormal
NM_024675.4:c.236A>T,normal
NM_024675.4:c.236A>G,normal
NM_024675.4:c.236A>C,indeterminate
NM_024675.4:c.235T>G,indeterminate
NM_024675.4:c.235T>C,normal
NM_024675.4:c.235T>A,normal
NM_024675.4:c.234T>G,normal
NM_024675.4:c.234T>C,normal
NM_024675.4:c.234T>A,normal
NM_024675.4:c.233T>G,normal
NM_024675.4:c.233T>C,normal
NM_024675.4:c.233T>A,normal
NM_024675.4:c.232G>T,indeterminate
NM_024675.4:c.232G>C,indeterminate
NM_024675.4:c.232G>A,normal
NM_024675.4:c.231T>G,normal
NM_024675.4:c.231T>C,normal
NM_024675.4:c.231T>A,abnormal
NM_024675.4:c.230G>T,normal
NM_024675.4:c.230G>C,normal
NM_024675.4:c.230G>A,normal
NM_024675.4:c.229T>G,normal
NM_024675.4:c.229T>C,normal
NM_024675.4:c.229T>A,normal
NM_024675.4:c.228A>T,normal
NM_024675.4:c.228A>G,normal
NM_024675.4:c.228A>C,indeterminate
NM_024675.4:c.227T>G,normal
NM_024675.4:c.227T>C,normal
NM_024675.4:c.227T>A,normal
NM_024675.4:c.226A>T,normal
NM_024675.4:c.226A>G,normal
NM_024675.4:c.226A>C,normal
NM_024675.4:c.225A>T,indeterminate
NM_024675.4:c.225A>G,normal
NM_024675.4:c.225A>C,normal
NM_024675.4:c.224A>T,normal
NM_024675.4:c.224A>G,normal
NM_024675.4:c.224A>C,normal
NM_024675.4:c.223A>T,abnormal
NM_024675.4:c.223A>G,normal
NM_024675.4:c.223A>C,normal
NM_024675.4:c.222T>G,normal
NM_024675.4:c.222T>C,normal
NM_024675.4:c.222T>A,normal
NM_024675.4:c.221A>T,normal
NM_024675.4:c.221A>G,normal
NM_024675.4:c.221A>C,normal
NM_024675.4:c.220A>T,normal
NM_024675.4:c.220A>G,normal
NM_024675.4:c.220A>C,normal
NM_024675.4:c.219A>T,normal
NM_024675.4:c.219A>G,normal
NM_024675.4:c.219A>C,normal
NM_024675.4:c.218A>T,indeterminate
NM_024675.4:c.218A>G,normal
NM_024675.4:c.218A>C,normal
NM_024675.4:c.217A>T,abnormal
NM_024675.4:c.217A>G,normal
NM_024675.4:c.217A>C,normal
NM_024675.4:c.216T>G,normal
NM_024675.4:c.216T>C,normal
NM_024675.4:c.216T>A,normal
NM_024675.4:c.215C>T,normal
NM_024675.4:c.215C>G,normal
NM_024675.4:c.215C>A,indeterminate
NM_024675.4:c.214C>T,indeterminate
NM_024675.4:c.214C>G,normal
NM_024675.4:c.214C>A,normal
NM_024675.4:c.213A>T,normal
NM_024675.4:c.213A>G,normal
NM_024675.4:c.213A>C,normal
NM_024675.4:c.212A>T,normal
NM_024675.4:c.212A>G,indeterminate
NM_024675.4:c.212A>C,normal
NM_024675.4:c.212-1G>T,abnormal
NM_024675.4:c.212-1G>C,abnormal
NM_024675.4:c.212-1G>A,abnormal
NM_024675.4:c.212-2A>T,abnormal
NM_024675.4:c.212-2A>G,abnormal
NM_024675.4:c.212-2A>C,abnormal
NM_024675.4:c.212-3C>T,indeterminate
NM_024675.4:c.212-3C>G,abnormal
NM_024675.4:c.212-3C>A,indeterminate
NM_024675.4:c.211+9A>T,normal
NM_024675.4:c.211+9A>G,normal
NM_024675.4:c.211+9A>C,normal
NM_024675.4:c.211+8T>G,normal
NM_024675.4:c.211+8T>C,normal
NM_024675.4:c.211+8T>A,indeterminate
NM_024675.4:c.211+7C>T,normal
NM_024675.4:c.211+7C>G,indeterminate
NM_024675.4:c.211+7C>A,indeterminate
NM_024675.4:c.211+5A>T,normal
NM_024675.4:c.211+5A>G,normal
NM_024675.4:c.211+5A>C,normal
NM_024675.4:c.211+4A>T,normal
NM_024675.4:c.211+4A>G,normal
NM_024675.4:c.211+4A>C,normal
NM_024675.4:c.211+3A>T,abnormal
NM_024675.4:c.211+3A>G,normal
NM_024675.4:c.211+3A>C,abnormal
NM_024675.4:c.211+2T>G,abnormal
NM_024675.4:c.211+2T>C,abnormal
NM_024675.4:c.211+2T>A,abnormal
NM_024675.4:c.211+1G>T,abnormal
NM_024675.4:c.211+1G>C,abnormal
NM_024675.4:c.211+1G>A,abnormal
NM_024675.4:c.211G>T,abnormal
NM_024675.4:c.211G>C,abnormal
NM_024675.4:c.211G>A,abnormal
NM_024675.4:c.210A>T,normal
NM_024675.4:c.210A>G,normal
NM_024675.4:c.210A>C,normal
NM_024675.4:c.209C>T,indeterminate
NM_024675.4:c.209C>G,abnormal
NM_024675.4:c.209C>A,abnormal
NM_024675.4:c.208T>G,normal
NM_024675.4:c.208T>C,normal
NM_024675.4:c.208T>A,indeterminate
NM_024675.4:c.207C>T,indeterminate
NM_024675.4:c.207C>G,normal
NM_024675.4:c.207C>A,indeterminate
NM_024675.4:c.206A>T,normal
NM_024675.4:c.206A>G,normal
NM_024675.4:c.206A>C,normal
NM_024675.4:c.205C>T,indeterminate
NM_024675.4:c.205C>G,normal
NM_024675.4:c.205C>A,normal
NM_024675.4:c.204A>T,normal
NM_024675.4:c.204A>G,normal
NM_024675.4:c.204A>C,normal
NM_024675.4:c.203A>T,indeterminate
NM_024675.4:c.203A>G,normal
NM_024675.4:c.203A>C,normal
NM_024675.4:c.202A>T,abnormal
NM_024675.4:c.202A>G,normal
NM_024675.4:c.202A>C,normal
NM_024675.4:c.201A>T,normal
NM_024675.4:c.201A>G,normal
NM_024675.4:c.201A>C,normal
NM_024675.4:c.200T>G,normal
NM_024675.4:c.200T>C,normal
NM_024675.4:c.200T>A,normal
NM_024675.4:c.199C>T,normal
NM_024675.4:c.199C>G,indeterminate
NM_024675.4:c.199C>A,normal
NM_024675.4:c.198G>T,normal
NM_024675.4:c.198G>C,indeterminate
NM_024675.4:c.198G>A,normal
NM_024675.4:c.197A>T,normal
NM_024675.4:c.197A>G,normal
NM_024675.4:c.197A>C,normal
NM_024675.4:c.196C>T,abnormal
NM_024675.4:c.196C>G,indeterminate
NM_024675.4:c.196C>A,normal
NM_024675.4:c.195G>T,normal
NM_024675.4:c.195G>C,normal
NM_024675.4:c.195G>A,normal
NM_024675.4:c.194C>T,normal
NM_024675.4:c.194C>G,normal
NM_024675.4:c.194C>A,normal
NM_024675.4:c.193C>T,normal
NM_024675.4:c.193C>G,normal
NM_024675.4:c.193C>A,normal
NM_024675.4:c.192A>T,normal
NM_024675.4:c.192A>G,normal
NM_024675.4:c.192A>C,normal
NM_024675.4:c.191C>T,normal
NM_024675.4:c.191C>G,abnormal
NM_024675.4:c.191C>A,abnormal
NM_024675.4:c.190T>G,normal
NM_024675.4:c.190T>C,normal
NM_024675.4:c.190T>A,normal
NM_024675.4:c.189C>T,normal
NM_024675.4:c.189C>G,normal
NM_024675.4:c.189C>A,normal
NM_024675.4:c.188T>G,normal
NM_024675.4:c.188T>C,normal
NM_024675.4:c.188T>A,normal
NM_024675.4:c.187C>T,normal
NM_024675.4:c.187C>G,normal
NM_024675.4:c.187C>A,normal
NM_024675.4:c.186T>G,normal
NM_024675.4:c.186T>C,normal
NM_024675.4:c.186T>A,normal
NM_024675.4:c.185A>T,normal
NM_024675.4:c.185A>G,normal
NM_024675.4:c.185A>C,normal
NM_024675.4:c.184G>T,normal
NM_024675.4:c.184G>C,normal
NM_024675.4:c.184G>A,normal
NM_024675.4:c.183G>T,normal
NM_024675.4:c.183G>C,normal
NM_024675.4:c.183G>A,normal
NM_024675.4:c.182A>T,normal
NM_024675.4:c.182A>G,normal
NM_024675.4:c.182A>C,normal
NM_024675.4:c.181C>T,abnormal
NM_024675.4:c.181C>G,normal
NM_024675.4:c.181C>A,normal
NM_024675.4:c.174G>T,normal
NM_024675.4:c.174G>C,normal
NM_024675.4:c.174G>A,normal
NM_024675.4:c.173T>G,normal
NM_024675.4:c.173T>C,normal
NM_024675.4:c.173T>A,abnormal
NM_024675.4:c.172T>G,normal
NM_024675.4:c.172T>C,normal
NM_024675.4:c.172T>A,normal
NM_024675.4:c.171T>G,normal
NM_024675.4:c.171T>C,normal
NM_024675.4:c.171T>A,abnormal
NM_024675.4:c.170G>T,normal
NM_024675.4:c.170G>C,normal
NM_024675.4:c.170G>A,normal
NM_024675.4:c.169T>G,normal
NM_024675.4:c.169T>C,normal
NM_024675.4:c.169T>A,normal
NM_024675.4:c.168T>G,normal
NM_024675.4:c.168T>C,normal
NM_024675.4:c.168T>A,normal
NM_024675.4:c.167A>T,normal
NM_024675.4:c.167A>G,normal
NM_024675.4:c.167A>C,normal
NM_024675.4:c.166G>T,normal
NM_024675.4:c.166G>C,normal
NM_024675.4:c.166G>A,normal
NM_024675.4:c.165A>T,normal
NM_024675.4:c.165A>G,normal
NM_024675.4:c.165A>C,normal
NM_024675.4:c.164A>T,normal
NM_024675.4:c.164A>G,normal
NM_024675.4:c.164A>C,normal
NM_024675.4:c.163C>T,abnormal
NM_024675.4:c.163C>G,normal
NM_024675.4:c.163C>A,normal
NM_024675.4:c.162A>T,normal
NM_024675.4:c.162A>G,normal
NM_024675.4:c.162A>C,normal
NM_024675.4:c.161A>T,normal
NM_024675.4:c.161A>G,normal
NM_024675.4:c.161A>C,normal
NM_024675.4:c.160G>T,abnormal
NM_024675.4:c.160G>C,normal
NM_024675.4:c.160G>A,normal
NM_024675.4:c.159A>T,normal
NM_024675.4:c.159A>G,normal
NM_024675.4:c.159A>C,normal
NM_024675.4:c.158A>T,normal
NM_024675.4:c.158A>G,normal
NM_024675.4:c.158A>C,normal
NM_024675.4:c.157G>T,abnormal
NM_024675.4:c.157G>C,normal
NM_024675.4:c.157G>A,normal
NM_024675.4:c.156A>T,normal
NM_024675.4:c.156A>G,normal
NM_024675.4:c.156A>C,normal
NM_024675.4:c.155T>G,normal
NM_024675.4:c.155T>C,normal
NM_024675.4:c.155T>A,normal
NM_024675.4:c.154G>T,normal
NM_024675.4:c.154G>C,normal
NM_024675.4:c.154G>A,normal
NM_024675.4:c.153A>T,normal
NM_024675.4:c.153A>G,normal
NM_024675.4:c.153A>C,normal
NM_024675.4:c.152C>T,normal
NM_024675.4:c.152C>G,normal
NM_024675.4:c.152C>A,normal
NM_024675.4:c.151A>T,normal
NM_024675.4:c.151A>G,normal
NM_024675.4:c.151A>C,normal
NM_024675.4:c.150A>T,normal
NM_024675.4:c.150A>G,normal
NM_024675.4:c.150A>C,normal
NM_024675.4:c.149A>T,normal
NM_024675.4:c.149A>G,normal
NM_024675.4:c.149A>C,normal
NM_024675.4:c.148A>T,abnormal
NM_024675.4:c.148A>G,normal
NM_024675.4:c.148A>C,normal
NM_024675.4:c.147G>T,indeterminate
NM_024675.4:c.147G>C,normal
NM_024675.4:c.147G>A,normal
NM_024675.4:c.146A>T,normal
NM_024675.4:c.146A>G,normal
NM_024675.4:c.146A>C,normal
NM_024675.4:c.145A>T,abnormal
NM_024675.4:c.145A>G,normal
NM_024675.4:c.145A>C,normal
NM_024675.4:c.144T>G,normal
NM_024675.4:c.144T>C,normal
NM_024675.4:c.144T>A,normal
NM_024675.4:c.143T>G,normal
NM_024675.4:c.143T>C,normal
NM_024675.4:c.143T>A,normal
NM_024675.4:c.142A>T,normal
NM_024675.4:c.142A>G,normal
NM_024675.4:c.142A>C,normal
NM_024675.4:c.141T>G,normal
NM_024675.4:c.141T>C,normal
NM_024675.4:c.141T>A,normal
NM_024675.4:c.140C>T,normal
NM_024675.4:c.140C>G,normal
NM_024675.4:c.140C>A,normal
NM_024675.4:c.139T>G,normal
NM_024675.4:c.139T>C,normal
NM_024675.4:c.139T>A,normal
NM_024675.4:c.138T>G,normal
NM_024675.4:c.138T>C,normal
NM_024675.4:c.138T>A,normal
NM_024675.4:c.137A>T,normal
NM_024675.4:c.137A>G,normal
NM_024675.4:c.137A>C,normal
NM_024675.4:c.136C>T,normal
NM_024675.4:c.136C>G,normal
NM_024675.4:c.136C>A,normal
NM_024675.4:c.135G>T,normal
NM_024675.4:c.135G>C,normal
NM_024675.4:c.135G>A,normal
NM_024675.4:c.134A>T,indeterminate
NM_024675.4:c.134A>G,normal
NM_024675.4:c.134A>C,normal
NM_024675.4:c.133A>T,abnormal
NM_024675.4:c.133A>G,normal
NM_024675.4:c.133A>C,normal
NM_024675.4:c.132T>G,normal
NM_024675.4:c.132T>C,normal
NM_024675.4:c.132T>A,normal
NM_024675.4:c.131T>G,normal
NM_024675.4:c.131T>C,normal
NM_024675.4:c.131T>A,normal
NM_024675.4:c.130A>T,normal
NM_024675.4:c.130A>G,normal
NM_024675.4:c.130A>C,normal
NM_024675.4:c.129G>T,normal
NM_024675.4:c.129G>C,normal
NM_024675.4:c.129G>A,normal
NM_024675.4:c.128A>T,normal
NM_024675.4:c.128A>G,normal
NM_024675.4:c.128A>C,normal
NM_024675.4:c.127A>T,abnormal
NM_024675.4:c.127A>G,normal
NM_024675.4:c.127A>C,normal
NM_024675.4:c.126A>T,normal
NM_024675.4:c.126A>G,normal
NM_024675.4:c.126A>C,normal
NM_024675.4:c.125A>T,normal
NM_024675.4:c.125A>G,normal
NM_024675.4:c.125A>C,normal
NM_024675.4:c.124G>T,abnormal
NM_024675.4:c.124G>C,normal
NM_024675.4:c.124G>A,normal
NM_024675.4:c.123T>G,normal
NM_024675.4:c.123T>C,normal
NM_024675.4:c.123T>A,normal
NM_024675.4:c.122C>T,normal
NM_024675.4:c.122C>G,normal
NM_024675.4:c.122C>A,indeterminate
NM_024675.4:c.121G>T,normal
NM_024675.4:c.121G>C,normal
NM_024675.4:c.121G>A,normal
NM_024675.4:c.120A>T,normal
NM_024675.4:c.120A>G,normal
NM_024675.4:c.120A>C,normal
NM_024675.4:c.119G>T,normal
NM_024675.4:c.119G>C,normal
NM_024675.4:c.119G>A,normal
NM_024675.4:c.118A>T,abnormal
NM_024675.4:c.118A>G,normal
NM_024675.4:c.118A>C,normal
NM_024675.4:c.117A>T,normal
NM_024675.4:c.117A>G,normal
NM_024675.4:c.117A>C,normal
NM_024675.4:c.116A>T,normal
NM_024675.4:c.116A>G,normal
NM_024675.4:c.116A>C,normal
NM_024675.4:c.115C>T,abnormal
NM_024675.4:c.115C>G,normal
NM_024675.4:c.115C>A,normal
NM_024675.4:c.114C>T,normal
NM_024675.4:c.114C>G,normal
NM_024675.4:c.114C>A,normal
NM_024675.4:c.113C>T,normal
NM_024675.4:c.113C>G,normal
NM_024675.4:c.113C>A,indeterminate
NM_024675.4:c.112G>T,normal
NM_024675.4:c.112G>C,indeterminate
NM_024675.4:c.112G>A,normal
NM_024675.4:c.111T>G,normal
NM_024675.4:c.111T>C,normal
NM_024675.4:c.111T>A,normal
NM_024675.4:c.110G>T,indeterminate
NM_024675.4:c.110G>C,abnormal
NM_024675.4:c.110G>A,indeterminate
NM_024675.4:c.109C>T,abnormal
NM_024675.4:c.109C>G,abnormal
NM_024675.4:c.109C>A,indeterminate
NM_024675.4:c.109-1G>T,abnormal
NM_024675.4:c.109-1G>C,abnormal
NM_024675.4:c.109-1G>A,abnormal
NM_024675.4:c.109-2A>T,abnormal
NM_024675.4:c.109-2A>G,abnormal
NM_024675.4:c.109-2A>C,abnormal
NM_024675.4:c.109-3T>G,abnormal
NM_024675.4:c.109-3T>C,indeterminate
NM_024675.4:c.109-3T>A,normal
NM_024675.4:c.109-4C>T,normal
NM_024675.4:c.109-4C>G,normal
NM_024675.4:c.109-4C>A,normal
NM_024675.4:c.109-5T>G,normal
NM_024675.4:c.109-5T>C,normal
NM_024675.4:c.109-5T>A,normal
NM_024675.4:c.108+21A>T,indeterminate
NM_024675.4:c.108+21A>G,normal
NM_024675.4:c.108+21A>C,normal
NM_024675.4:c.108+20A>T,normal
NM_024675.4:c.108+20A>G,normal
NM_024675.4:c.108+20A>C,normal
NM_024675.4:c.108+19C>T,normal
NM_024675.4:c.108+19C>G,normal
NM_024675.4:c.108+19C>A,normal
NM_024675.4:c.108+18T>G,normal
NM_024675.4:c.108+18T>C,normal
NM_024675.4:c.108+18T>A,normal
NM_024675.4:c.108+17C>T,normal
NM_024675.4:c.108+17C>G,normal
NM_024675.4:c.108+17C>A,indeterminate
NM_024675.4:c.108+16T>G,normal
NM_024675.4:c.108+16T>C,normal
NM_024675.4:c.108+16T>A,normal
NM_024675.4:c.108+15T>G,normal
NM_024675.4:c.108+15T>C,normal
NM_024675.4:c.108+15T>A,normal
NM_024675.4:c.108+14A>T,normal
NM_024675.4:c.108+14A>G,normal
NM_024675.4:c.108+14A>C,normal
NM_024675.4:c.108+13T>G,indeterminate
NM_024675.4:c.108+13T>C,normal
NM_024675.4:c.108+13T>A,normal
NM_024675.4:c.108+12G>T,normal
NM_024675.4:c.108+12G>C,indeterminate
NM_024675.4:c.108+12G>A,normal
NM_024675.4:c.108+11C>T,normal
NM_024675.4:c.108+11C>G,normal
NM_024675.4:c.108+11C>A,normal
NM_024675.4:c.108+10T>G,normal
NM_024675.4:c.108+10T>C,normal
NM_024675.4:c.108+10T>A,normal
NM_024675.4:c.108+9A>T,normal
NM_024675.4:c.108+9A>G,normal
NM_024675.4:c.108+9A>C,normal
NM_024675.4:c.108+8A>T,normal
NM_024675.4:c.108+8A>G,normal
NM_024675.4:c.108+8A>C,normal
NM_024675.4:c.108+7G>T,indeterminate
NM_024675.4:c.108+7G>C,normal
NM_024675.4:c.108+7G>A,normal
NM_024675.4:c.108+6T>G,normal
NM_024675.4:c.108+6T>C,normal
NM_024675.4:c.108+6T>A,normal
NM_024675.4:c.108+5G>T,normal
NM_024675.4:c.108+5G>C,normal
NM_024675.4:c.108+5G>A,normal
NM_024675.4:c.108+4A>T,normal
NM_024675.4:c.108+4A>G,normal
NM_024675.4:c.108+4A>C,normal
NM_024675.4:c.108+3A>T,normal
NM_024675.4:c.108+3A>G,normal
NM_024675.4:c.108+3A>C,normal
NM_024675.4:c.108+2T>G,abnormal
NM_024675.4:c.108+2T>C,normal
NM_024675.4:c.108+2T>A,abnormal
NM_024675.4:c.108+1G>T,abnormal
NM_024675.4:c.108+1G>C,abnormal
NM_024675.4:c.108+1G>A,abnormal
NM_024675.4:c.108G>T,normal
NM_024675.4:c.108G>C,normal
NM_024675.4:c.108G>A,normal
NM_024675.4:c.107A>T,normal
NM_024675.4:c.107A>G,normal
NM_024675.4:c.107A>C,abnormal
NM_024675.4:c.106C>T,abnormal
NM_024675.4:c.106C>G,normal
NM_024675.4:c.106C>A,normal
NM_024675.4:c.105T>G,normal
NM_024675.4:c.105T>C,normal
NM_024675.4:c.105T>A,normal
NM_024675.4:c.104T>G,abnormal
NM_024675.4:c.104T>C,abnormal
NM_024675.4:c.104T>A,abnormal
NM_024675.4:c.103C>T,normal
NM_024675.4:c.103C>G,indeterminate
NM_024675.4:c.103C>A,normal
NM_024675.4:c.102C>T,normal
NM_024675.4:c.102C>G,normal
NM_024675.4:c.102C>A,normal
NM_024675.4:c.101G>T,normal
NM_024675.4:c.101G>C,abnormal
NM_024675.4:c.101G>A,normal
NM_024675.4:c.100C>T,normal
NM_024675.4:c.100C>G,abnormal
NM_024675.4:c.100C>A,normal
NM_024675.4:c.99C>T,normal
NM_024675.4:c.99C>G,normal
NM_024675.4:c.99C>A,indeterminate
NM_024675.4:c.98C>T,normal
NM_024675.4:c.98C>G,normal
NM_024675.4:c.98C>A,normal
NM_024675.4:c.97G>T,normal
NM_024675.4:c.97G>C,abnormal
NM_024675.4:c.97G>A,normal
NM_024675.4:c.96A>T,normal
NM_024675.4:c.96A>G,normal
NM_024675.4:c.96A>C,normal
NM_024675.4:c.95T>G,normal
NM_024675.4:c.95T>C,abnormal
NM_024675.4:c.95T>A,indeterminate
NM_024675.4:c.94C>T,normal
NM_024675.4:c.94C>G,normal
NM_024675.4:c.94C>A,indeterminate
NM_024675.4:c.93A>T,normal
NM_024675.4:c.93A>G,normal
NM_024675.4:c.93A>C,normal
NM_024675.4:c.92C>T,normal
NM_024675.4:c.92C>G,indeterminate
NM_024675.4:c.92C>A,normal
NM_024675.4:c.91A>T,normal
NM_024675.4:c.91A>G,normal
NM_024675.4:c.91A>C,abnormal
NM_024675.4:c.90G>T,normal
NM_024675.4:c.90G>C,normal
NM_024675.4:c.90G>A,normal
NM_024675.4:c.89A>T,normal
NM_024675.4:c.89A>G,normal
NM_024675.4:c.89A>C,normal
NM_024675.4:c.88A>T,abnormal
NM_024675.4:c.88A>G,normal
NM_024675.4:c.88A>C,normal
NM_024675.4:c.87C>T,normal
NM_024675.4:c.87C>G,normal
NM_024675.4:c.87C>A,normal
NM_024675.4:c.86G>T,normal
NM_024675.4:c.86G>C,normal
NM_024675.4:c.86G>A,normal
NM_024675.4:c.85A>T,normal
NM_024675.4:c.85A>G,normal
NM_024675.4:c.85A>C,normal
NM_024675.4:c.84C>T,normal
NM_024675.4:c.84C>G,abnormal
NM_024675.4:c.84C>A,abnormal
NM_024675.4:c.83A>T,normal
NM_024675.4:c.83A>G,abnormal
NM_024675.4:c.83A>C,abnormal
NM_024675.4:c.82T>G,abnormal
NM_024675.4:c.82T>C,normal
NM_024675.4:c.82T>A,abnormal
NM_024675.4:c.81A>T,indeterminate
NM_024675.4:c.81A>G,indeterminate
NM_024675.4:c.81A>C,indeterminate
NM_024675.4:c.80A>T,normal
NM_024675.4:c.80A>G,abnormal
NM_024675.4:c.80A>C,indeterminate
NM_024675.4:c.79G>T,abnormal
NM_024675.4:c.79G>C,normal
NM_024675.4:c.79G>A,normal
NM_024675.4:c.75A>T,indeterminate
NM_024675.4:c.75A>G,indeterminate
NM_024675.4:c.75A>C,indeterminate
NM_024675.4:c.74A>T,abnormal
NM_024675.4:c.74A>G,normal
NM_024675.4:c.74A>C,indeterminate
NM_024675.4:c.73A>T,abnormal
NM_024675.4:c.73A>G,abnormal
NM_024675.4:c.73A>C,normal
NM_024675.4:c.72G>T,abnormal
NM_024675.4:c.72G>C,abnormal
NM_024675.4:c.72G>A,indeterminate
NM_024675.4:c.71T>G,abnormal
NM_024675.4:c.71T>C,abnormal
NM_024675.4:c.71T>A,abnormal
NM_024675.4:c.70T>G,normal
NM_024675.4:c.70T>C,normal
NM_024675.4:c.70T>A,normal
NM_024675.4:c.69C>T,normal
NM_024675.4:c.69C>G,normal
NM_024675.4:c.69C>A,indeterminate
NM_024675.4:c.68T>G,normal
NM_024675.4:c.68T>C,normal
NM_024675.4:c.68T>A,normal
NM_024675.4:c.67T>G,normal
NM_024675.4:c.67T>C,normal
NM_024675.4:c.67T>A,normal
NM_024675.4:c.66A>T,normal
NM_024675.4:c.66A>G,normal
NM_024675.4:c.66A>C,normal
NM_024675.4:c.65C>T,normal
NM_024675.4:c.65C>G,normal
NM_024675.4:c.65C>A,normal
NM_024675.4:c.64G>T,normal
NM_024675.4:c.64G>C,abnormal
NM_024675.4:c.64G>A,normal
NM_024675.4:c.63A>T,indeterminate
NM_024675.4:c.63A>G,normal
NM_024675.4:c.63A>C,indeterminate
NM_024675.4:c.62T>G,abnormal
NM_024675.4:c.62T>C,abnormal
NM_024675.4:c.62T>A,abnormal
NM_024675.4:c.61T>G,abnormal
NM_024675.4:c.61T>C,indeterminate
NM_024675.4:c.61T>A,normal
NM_024675.4:c.60A>T,abnormal
NM_024675.4:c.60A>G,normal
NM_024675.4:c.60A>C,abnormal
NM_024675.4:c.59A>T,abnormal
NM_024675.4:c.59A>G,indeterminate
NM_024675.4:c.59A>C,indeterminate
NM_024675.4:c.58A>T,abnormal
NM_024675.4:c.58A>G,abnormal
NM_024675.4:c.58A>C,normal
NM_024675.4:c.57G>T,normal
NM_024675.4:c.57G>C,normal
NM_024675.4:c.57G>A,normal
NM_024675.4:c.56A>T,normal
NM_024675.4:c.56A>G,normal
NM_024675.4:c.56A>C,normal
NM_024675.4:c.55G>T,abnormal
NM_024675.4:c.55G>C,normal
NM_024675.4:c.55G>A,normal
NM_024675.4:c.54G>T,normal
NM_024675.4:c.54G>C,indeterminate
NM_024675.4:c.54G>A,normal
NM_024675.4:c.53A>T,normal
NM_024675.4:c.53A>G,normal
NM_024675.4:c.53A>C,normal
NM_024675.4:c.52A>T,abnormal
NM_024675.4:c.52A>G,indeterminate
NM_024675.4:c.52A>C,normal
NM_024675.4:c.51A>T,normal
NM_024675.4:c.51A>G,indeterminate
NM_024675.4:c.51A>C,normal
NM_024675.4:c.50T>G,abnormal
NM_024675.4:c.50T>C,abnormal
NM_024675.4:c.50T>A,abnormal
NM_024675.4:c.49T>G,indeterminate
NM_024675.4:c.49T>C,indeterminate
NM_024675.4:c.49T>A,indeterminate
NM_024675.4:c.49-1G>T,abnormal
NM_024675.4:c.49-1G>C,abnormal
NM_024675.4:c.49-1G>A,abnormal
NM_024675.4:c.49-2A>T,abnormal
NM_024675.4:c.49-2A>G,abnormal
NM_024675.4:c.49-2A>C,abnormal
NM_024675.4:c.49-3C>T,indeterminate
NM_024675.4:c.49-3C>G,abnormal
NM_024675.4:c.49-3C>A,indeterminate
NM_024675.4:c.49-4C>T,normal
NM_024675.4:c.49-4C>G,normal
NM_024675.4:c.49-4C>A,normal
NM_024675.4:c.49-5T>G,normal
NM_024675.4:c.49-5T>C,normal
NM_024675.4:c.49-5T>A,normal
NM_024675.4:c.49-6T>G,normal
NM_024675.4:c.49-6T>C,normal
NM_024675.4:c.49-6T>A,normal
NM_024675.4:c.49-7C>T,normal
NM_024675.4:c.49-7C>G,normal
NM_024675.4:c.49-7C>A,normal
NM_024675.4:c.49-8T>G,normal
NM_024675.4:c.49-8T>C,normal
NM_024675.4:c.49-8T>A,normal
NM_024675.4:c.49-9T>G,normal
NM_024675.4:c.49-9T>C,normal
NM_024675.4:c.49-9T>A,normal
NM_024675.4:c.49-10C>T,normal
NM_024675.4:c.49-10C>G,normal
NM_024675.4:c.49-10C>A,normal
NM_024675.4:c.49-11T>G,normal
NM_024675.4:c.49-11T>C,normal
NM_024675.4:c.49-11T>A,normal
NM_024675.4:c.49-12T>G,normal
NM_024675.4:c.49-12T>C,indeterminate
NM_024675.4:c.49-12T>A,normal
NM_024675.4:c.49-13T>G,normal
NM_024675.4:c.49-13T>C,normal
NM_024675.4:c.49-13T>A,normal
NM_024675.4:c.49-14T>G,normal
NM_024675.4:c.49-14T>C,normal
NM_024675.4:c.49-14T>A,normal
NM_024675.4:c.49-15T>G,normal
NM_024675.4:c.49-15T>C,normal
NM_024675.4:c.49-15T>A,normal
NM_024675.4:c.49-16G>T,normal
NM_024675.4:c.49-16G>C,normal
NM_024675.4:c.49-16G>A,normal
NM_024675.4:c.49-17T>G,normal
NM_024675.4:c.49-17T>C,normal
NM_024675.4:c.49-17T>A,normal
NM_024675.4:c.49-18G>T,normal
NM_024675.4:c.49-18G>C,normal
NM_024675.4:c.49-18G>A,normal
NM_024675.4:c.49-19G>T,normal
NM_024675.4:c.49-19G>C,normal
NM_024675.4:c.49-19G>A,normal
NM_024675.4:c.49-20T>G,normal
NM_024675.4:c.49-20T>C,normal
NM_024675.4:c.49-20T>A,normal
NM_024675.4:c.49-21T>G,indeterminate
NM_024675.4:c.49-21T>C,normal
NM_024675.4:c.49-21T>A,normal
NM_024675.4:c.48+34T>G,normal
NM_024675.4:c.48+34T>C,normal
NM_024675.4:c.48+34T>A,normal
NM_024675.4:c.48+33C>T,normal
NM_024675.4:c.48+33C>G,normal
NM_024675.4:c.48+33C>A,indeterminate
NM_024675.4:c.48+32A>T,normal
NM_024675.4:c.48+32A>G,normal
NM_024675.4:c.48+32A>C,normal
NM_024675.4:c.48+31G>T,normal
NM_024675.4:c.48+31G>C,normal
NM_024675.4:c.48+31G>A,normal
NM_024675.4:c.48+30G>T,normal
NM_024675.4:c.48+30G>C,normal
NM_024675.4:c.48+30G>A,normal
NM_024675.4:c.48+29A>T,indeterminate
NM_024675.4:c.48+29A>G,normal
NM_024675.4:c.48+29A>C,normal
NM_024675.4:c.48+28C>T,normal
NM_024675.4:c.48+28C>G,normal
NM_024675.4:c.48+28C>A,normal
NM_024675.4:c.48+27G>T,normal
NM_024675.4:c.48+27G>C,normal
NM_024675.4:c.48+27G>A,normal
NM_024675.4:c.48+26C>T,normal
NM_024675.4:c.48+26C>G,indeterminate
NM_024675.4:c.48+26C>A,normal
NM_024675.4:c.48+25A>T,normal
NM_024675.4:c.48+25A>G,normal
NM_024675.4:c.48+25A>C,normal
NM_024675.4:c.48+24G>T,normal
NM_024675.4:c.48+24G>C,normal
NM_024675.4:c.48+24G>A,normal
NM_024675.4:c.48+23G>T,normal
NM_024675.4:c.48+23G>C,indeterminate
NM_024675.4:c.48+23G>A,indeterminate
NM_024675.4:c.48+22C>T,normal
NM_024675.4:c.48+22C>G,normal
NM_024675.4:c.48+22C>A,normal
NM_024675.4:c.48+21G>T,indeterminate
NM_024675.4:c.48+21G>C,normal
NM_024675.4:c.48+21G>A,normal
NM_024675.4:c.48+20G>T,indeterminate
NM_024675.4:c.48+20G>C,normal
NM_024675.4:c.48+20G>A,indeterminate
NM_024675.4:c.48+19G>T,normal
NM_024675.4:c.48+19G>C,normal
NM_024675.4:c.48+19G>A,indeterminate
NM_024675.4:c.48+18A>T,normal
NM_024675.4:c.48+18A>G,indeterminate
NM_024675.4:c.48+18A>C,normal
NM_024675.4:c.48+17A>T,normal
NM_024675.4:c.48+17A>G,indeterminate
NM_024675.4:c.48+17A>C,normal
NM_024675.4:c.48+16G>T,normal
NM_024675.4:c.48+16G>C,normal
NM_024675.4:c.48+16G>A,normal
NM_024675.4:c.48+15G>T,indeterminate
NM_024675.4:c.48+15G>C,normal
NM_024675.4:c.48+15G>A,normal
NM_024675.4:c.48+14G>T,indeterminate
NM_024675.4:c.48+14G>C,normal
NM_024675.4:c.48+14G>A,indeterminate
NM_024675.4:c.48+13C>T,normal
NM_024675.4:c.48+13C>G,normal
NM_024675.4:c.48+13C>A,normal
NM_024675.4:c.48+12G>T,normal
NM_024675.4:c.48+12G>C,normal
NM_024675.4:c.48+12G>A,normal
NM_024675.4:c.48+11T>G,indeterminate
NM_024675.4:c.48+11T>C,normal
NM_024675.4:c.48+11T>A,normal
NM_024675.4:c.48+10G>T,indeterminate
NM_024675.4:c.48+10G>C,normal
NM_024675.4:c.48+10G>A,normal
NM_024675.4:c.48+9G>T,normal
NM_024675.4:c.48+9G>C,normal
NM_024675.4:c.48+9G>A,indeterminate
NM_024675.4:c.48+8G>T,normal
NM_024675.4:c.48+8G>C,normal
NM_024675.4:c.48+8G>A,normal
NM_024675.4:c.48+7G>T,indeterminate
NM_024675.4:c.48+7G>C,normal
NM_024675.4:c.48+7G>A,normal
NM_024675.4:c.48+6G>T,indeterminate
NM_024675.4:c.48+6G>C,normal
NM_024675.4:c.48+6G>A,normal
NM_024675.4:c.48+5C>T,normal
NM_024675.4:c.48+5C>G,normal
NM_024675.4:c.48+5C>A,normal
NM_024675.4:c.48+4C>T,normal
NM_024675.4:c.48+4C>G,normal
NM_024675.4:c.48+4C>A,normal
NM_024675.4:c.48+3G>T,abnormal
NM_024675.4:c.48+3G>C,abnormal
NM_024675.4:c.48+3G>A,normal
NM_024675.4:c.48+2T>G,abnormal
NM_024675.4:c.48+2T>C,abnormal
NM_024675.4:c.48+2T>A,abnormal
NM_024675.4:c.48+1G>T,abnormal
NM_024675.4:c.48+1G>C,abnormal
NM_024675.4:c.48+1G>A,abnormal
NM_024675.4:c.48G>T,abnormal
NM_024675.4:c.48G>C,abnormal
NM_024675.4:c.48G>A,abnormal
NM_024675.4:c.47A>T,indeterminate
NM_024675.4:c.47A>G,indeterminate
NM_024675.4:c.47A>C,abnormal
NM_024675.4:c.46A>T,abnormal
NM_024675.4:c.46A>G,indeterminate
NM_024675.4:c.46A>C,normal
NM_024675.4:c.45A>T,normal
NM_024675.4:c.45A>G,normal
NM_024675.4:c.45A>C,normal
NM_024675.4:c.44A>T,normal
NM_024675.4:c.44A>G,normal
NM_024675.4:c.44A>C,indeterminate
NM_024675.4:c.43G>T,abnormal
NM_024675.4:c.43G>C,indeterminate
NM_024675.4:c.43G>A,normal
NM_024675.4:c.42G>T,abnormal
NM_024675.4:c.42G>C,abnormal
NM_024675.4:c.42G>A,normal
NM_024675.4:c.41A>T,normal
NM_024675.4:c.41A>G,normal
NM_024675.4:c.41A>C,normal
NM_024675.4:c.40A>T,normal
NM_024675.4:c.40A>G,abnormal
NM_024675.4:c.40A>C,normal
NM_024675.4:c.39G>T,normal
NM_024675.4:c.39G>C,normal
NM_024675.4:c.39G>A,normal
NM_024675.4:c.38A>T,normal
NM_024675.4:c.38A>G,normal
NM_024675.4:c.38A>C,normal
NM_024675.4:c.37G>T,abnormal
NM_024675.4:c.37G>C,normal
NM_024675.4:c.37G>A,normal
NM_024675.4:c.36G>T,normal
NM_024675.4:c.36G>C,normal
NM_024675.4:c.36G>A,normal
NM_024675.4:c.35A>T,normal
NM_024675.4:c.35A>G,normal
NM_024675.4:c.35A>C,normal
NM_024675.4:c.34G>T,abnormal
NM_024675.4:c.34G>C,normal
NM_024675.4:c.34G>A,normal
NM_024675.4:c.33T>G,normal
NM_024675.4:c.33T>C,normal
NM_024675.4:c.33T>A,indeterminate
NM_024675.4:c.32G>T,indeterminate
NM_024675.4:c.32G>C,normal
NM_024675.4:c.32G>A,normal
NM_024675.4:c.31T>G,normal
NM_024675.4:c.31T>C,normal
NM_024675.4:c.31T>A,normal
NM_024675.4:c.30C>T,normal
NM_024675.4:c.30C>G,abnormal
NM_024675.4:c.30C>A,indeterminate
NM_024675.4:c.29G>T,normal
NM_024675.4:c.29G>C,normal
NM_024675.4:c.29G>A,normal
NM_024675.4:c.28A>T,normal
NM_024675.4:c.28A>G,normal
NM_024675.4:c.28A>C,normal
NM_024675.4:c.27C>T,indeterminate
NM_024675.4:c.27C>G,normal
NM_024675.4:c.27C>A,normal
NM_024675.4:c.26T>G,normal
NM_024675.4:c.26T>C,normal
NM_024675.4:c.26T>A,indeterminate
NM_024675.4:c.25C>T,normal
NM_024675.4:c.25C>G,normal
NM_024675.4:c.25C>A,normal
NM_024675.4:c.24C>T,normal
NM_024675.4:c.24C>G,normal
NM_024675.4:c.24C>A,normal
NM_024675.4:c.23C>T,normal
NM_024675.4:c.23C>G,normal
NM_024675.4:c.23C>A,normal
NM_024675.4:c.22C>T,normal
NM_024675.4:c.22C>G,normal
NM_024675.4:c.22C>A,indeterminate
NM_024675.4:c.21G>T,normal
NM_024675.4:c.21G>C,normal
NM_024675.4:c.21G>A,normal
NM_024675.4:c.20A>T,normal
NM_024675.4:c.20A>G,normal
NM_024675.4:c.20A>C,abnormal
NM_024675.4:c.19A>T,abnormal
NM_024675.4:c.19A>G,indeterminate
NM_024675.4:c.19A>C,indeterminate
NM_024675.4:c.18G>T,abnormal
NM_024675.4:c.18G>C,indeterminate
NM_024675.4:c.18G>A,normal
NM_024675.4:c.17G>T,normal
NM_024675.4:c.17G>C,normal
NM_024675.4:c.17G>A,normal
NM_024675.4:c.16G>T,normal
NM_024675.4:c.16G>C,normal
NM_024675.4:c.16G>A,normal
NM_024675.4:c.15C>T,normal
NM_024675.4:c.15C>G,normal
NM_024675.4:c.15C>A,normal
NM_024675.4:c.14C>T,normal
NM_024675.4:c.14C>G,normal
NM_024675.4:c.14C>A,normal
NM_024675.4:c.13C>T,normal
NM_024675.4:c.13C>G,normal
NM_024675.4:c.13C>A,normal
NM_024675.4:c.12T>G,normal
NM_024675.4:c.12T>C,normal
NM_024675.4:c.12T>A,normal
NM_024675.4:c.11C>T,normal
NM_024675.4:c.11C>G,normal
NM_024675.4:c.11C>A,normal
NM_024675.4:c.10C>T,normal
NM_024675.4:c.10C>G,normal
NM_024675.4:c.10C>A,normal
NM_024675.4:c.3G>T,abnormal
NM_024675.4:c.3G>C,abnormal
NM_024675.4:c.3G>A,abnormal
NM_024675.4:c.2T>G,indeterminate
NM_024675.4:c.2T>C,abnormal
NM_024675.4:c.2T>A,abnormal
NM_024675.4:c.1A>T,abnormal
NM_024675.4:c.1A>G,abnormal
NM_024675.4:c.1A>C,abnormal
NM_024675.4:c.-1G>T,normal
NM_024675.4:c.-1G>C,indeterminate
NM_024675.4:c.-1G>A,normal
NM_024675.4:c.-2C>T,normal
NM_024675.4:c.-2C>G,normal
NM_024675.4:c.-2C>A,normal
NM_024675.4:c.-3C>T,normal
NM_024675.4:c.-3C>G,normal
NM_024675.4:c.-3C>A,normal
NM_024675.4:c.-4C>T,normal
NM_024675.4:c.-4C>G,normal
NM_024675.4:c.-4C>A,normal
NM_024675.4:c.-5G>T,normal
NM_024675.4:c.-5G>C,normal
NM_024675.4:c.-5G>A,normal
NM_024675.4:c.-6T>G,normal
NM_024675.4:c.-6T>C,normal
NM_024675.4:c.-6T>A,normal
NM_024675.4:c.-7C>T,normal
NM_024675.4:c.-7C>G,normal
NM_024675.4:c.-7C>A,normal
NM_024675.4:c.-8C>T,normal
NM_024675.4:c.-8C>G,normal
NM_024675.4:c.-8C>A,normal
NM_024675.4:c.-9G>T,normal
NM_024675.4:c.-9G>C,normal
NM_024675.4:c.-9G>A,normal
NM_024675.4:c.-10C>T,normal
NM_024675.4:c.-10C>G,indeterminate
NM_024675.4:c.-10C>A,normal
NM_024675.4:c.-11T>G,normal
NM_024675.4:c.-11T>C,normal
NM_024675.4:c.-11T>A,normal
NM_024675.4:c.-12G>T,normal
NM_024675.4:c.-12G>C,normal
NM_024675.4:c.-12G>A,normal
NM_024675.4:c.-13T>G,normal
NM_024675.4:c.-13T>C,normal
NM_024675.4:c.-13T>A,normal
NM_024675.4:c.-14C>T,normal
NM_024675.4:c.-14C>G,normal
NM_024675.4:c.-14C>A,indeterminate
NM_024675.4:c.-15T>G,normal
NM_024675.4:c.-15T>C,normal
NM_024675.4:c.-15T>A,normal
NM_024675.4:c.-16T>G,indeterminate
NM_024675.4:c.-16T>C,normal
NM_024675.4:c.-16T>A,normal
NM_024675.4:c.-17G>T,normal
NM_024675.4:c.-17G>C,normal
NM_024675.4:c.-17G>A,normal
NM_024675.4:c.-18C>T,normal
NM_024675.4:c.-18C>G,normal
NM_024675.4:c.-18C>A,indeterminate
NM_024675.4:c.-19T>G,normal
NM_024675.4:c.-19T>C,normal
NM_024675.4:c.-19T>A,normal
NM_024675.4:c.-20T>G,normal
NM_024675.4:c.-20T>C,normal
NM_024675.4:c.-20T>A,normal
NM_024675.4:c.-21T>G,normal
NM_024675.4:c.-21T>C,normal
NM_024675.4:c.-21T>A,normal
NM_024675.4:c.-22T>G,normal
NM_024675.4:c.-22T>C,normal
NM_024675.4:c.-22T>A,normal
NM_024675.4:c.-23C>T,normal
NM_024675.4:c.-23C>G,normal
NM_024675.4:c.-23C>A,normal
NM_024675.4:c.-24T>G,normal
NM_024675.4:c.-24T>C,normal
NM_024675.4:c.-24T>A,normal
NM_024675.4:c.-25C>T,normal
NM_024675.4:c.-25C>G,normal
NM_024675.4:c.-25C>A,normal
NM_024675.4:c.-26G>T,normal
NM_024675.4:c.-26G>C,normal
NM_024675.4:c.-26G>A,normal
NM_024675.4:c.-27T>G,normal
NM_024675.4:c.-27T>C,normal
NM_024675.4:c.-27T>A,normal
NM_024675.4:c.-28C>T,normal
NM_024675.4:c.-28C>G,normal
NM_024675.4:c.-28C>A,normal
NM_024675.4:c.-29G>T,normal
NM_024675.4:c.-29G>C,normal
NM_024675.4:c.-29G>A,normal
NM_024675.4:c.-30G>T,normal
NM_024675.4:c.-30G>C,normal
NM_024675.4:c.-30G>A,normal
NM_024675.4:c.-31C>T,indeterminate
NM_024675.4:c.-31C>G,normal
NM_024675.4:c.-31C>A,normal
NM_024675.4:c.-32A>T,normal
NM_024675.4:c.-32A>G,normal
NM_024675.4:c.-32A>C,normal
NM_024675.4:c.-33G>T,normal
NM_024675.4:c.-33G>C,normal
NM_024675.4:c.-33G>A,normal
NM_024675.4:c.-34C>T,normal
NM_024675.4:c.-34C>G,normal
NM_024675.4:c.-34C>A,normal
NM_024675.4:c.-35G>T,normal
NM_024675.4:c.-35G>C,normal
NM_024675.4:c.-35G>A,normal
NM_024675.4:c.-36G>T,normal
NM_024675.4:c.-36G>C,normal
NM_024675.4:c.-36G>A,indeterminate
NM_024675.4:c.-37C>T,normal
NM_024675.4:c.-37C>G,normal
NM_024675.4:c.-37C>A,indeterminate
NM_024675.4:c.-38T>G,normal
NM_024675.4:c.-38T>C,normal
NM_024675.4:c.-38T>A,normal
NM_024675.4:c.-39G>T,normal
NM_024675.4:c.-39G>C,normal
NM_024675.4:c.-39G>A,normal
NM_024675.4:c.-40G>T,indeterminate
NM_024675.4:c.-40G>C,normal
NM_024675.4:c.-40G>A,normal
NM_024675.4:c.-41G>T,normal
NM_024675.4:c.-41G>C,normal
NM_024675.4:c.-41G>A,normal
NM_024675.4:c.-42G>T,normal
NM_024675.4:c.-42G>C,indeterminate
NM_024675.4:c.-42G>A,normal
NM_024675.4:c.-43T>G,normal
NM_024675.4:c.-43T>C,normal
NM_024675.4:c.-43T>A,normal
NM_024675.4:c.-44C>T,normal
NM_024675.4:c.-44C>G,normal
NM_024675.4:c.-44C>A,indeterminate
NM_024675.4:c.-45C>T,normal
NM_024675.4:c.-45C>G,normal
NM_024675.4:c.-45C>A,normal
NM_024675.4:c.-46G>T,normal
NM_024675.4:c.-46G>C,normal
NM_024675.4:c.-46G>A,normal
NM_024675.4:c.-47G>T,normal
NM_024675.4:c.-47G>C,normal
NM_024675.4:c.-47G>A,normal
NM_024675.4:c.-48A>T,normal
NM_024675.4:c.-48A>G,normal
NM_024675.4:c.-48A>C,normal
NM_024675.4:c.-49C>T,normal
NM_024675.4:c.-49C>G,normal
NM_024675.4:c.-49C>A,normal
NM_024675.4:c.-50G>T,normal
NM_024675.4:c.-50G>C,normal
NM_024675.4:c.-50G>A,normal
NM_024675.4:c.-51G>T,normal
NM_024675.4:c.-51G>C,normal
NM_024675.4:c.-51G>A,normal
NM_024675.4:c.-52C>T,normal
NM_024675.4:c.-52C>G,normal
NM_024675.4:c.-52C>A,normal
NM_024675.4:c.-53T>G,normal
NM_024675.4:c.-53T>C,normal
NM_024675.4:c.-53T>A,normal
NM_024675.4:c.-54G>T,normal
NM_024675.4:c.-54G>C,normal
NM_024675.4:c.-54G>A,normal
NM_024675.4:c.-55T>G,normal
NM_024675.4:c.-55T>C,normal
NM_024675.4:c.-55T>A,normal
NM_024675.4:c.-56G>T,normal
NM_024675.4:c.-56G>C,normal
NM_024675.4:c.-56G>A,normal
NM_024675.4:c.-57G>T,normal
NM_024675.4:c.-57G>C,normal
NM_024675.4:c.-57G>A,normal
NM_024675.4:c.-58C>T,normal
NM_024675.4:c.-58C>G,normal
NM_024675.4:c.-58C>A,normal
NM_024675.4:c.-59C>T,normal
NM_024675.4:c.-59C>G,normal
NM_024675.4:c.-59C>A,normal
NM_024675.4:c.-60C>T,normal
NM_024675.4:c.-60C>G,normal
NM_024675.4:c.-60C>A,normal
NM_024675.4:c.-61T>G,normal
NM_024675.4:c.-61T>C,normal
NM_024675.4:c.-61T>A,normal
NM_024675.4:c.-62G>T,normal
NM_024675.4:c.-62G>C,normal
NM_024675.4:c.-62G>A,normal
NM_024675.4:c.-63G>T,normal
NM_024675.4:c.-63G>C,normal
NM_024675.4:c.-63G>A,indeterminate
NM_024675.4:c.-64G>T,normal
NM_024675.4:c.-64G>C,normal
NM_024675.4:c.-64G>A,normal
NM_024675.4:c.-65T>G,normal
NM_024675.4:c.-65T>C,normal
NM_024675.4:c.-65T>A,normal
NM_024675.4:c.-66C>T,normal
NM_024675.4:c.-66C>G,normal
NM_024675.4:c.-66C>A,normal
NM_024675.4:c.-67A>T,normal
NM_024675.4:c.-67A>G,normal
NM_024675.4:c.-67A>C,normal
NM_024675.4:c.-68A>T,normal
NM_024675.4:c.-68A>G,normal
NM_024675.4:c.-68A>C,normal
NM_024675.4:c.-69C>T,normal
NM_024675.4:c.-69C>G,normal
NM_024675.4:c.-69C>A,normal
NM_024675.4:c.-70C>T,normal
NM_024675.4:c.-70C>G,normal
NM_024675.4:c.-70C>A,normal
NM_024675.4:c.-71G>T,normal
NM_024675.4:c.-71G>C,normal
NM_024675.4:c.-71G>A,normal
NM_024675.4:c.-72G>T,normal
NM_024675.4:c.-72G>C,normal
NM_024675.4:c.-72G>A,indeterminate
NM_024675.4:c.-73G>T,normal
NM_024675.4:c.-73G>C,normal
NM_024675.4:c.-73G>A,normal
NM_024675.4:c.-74A>T,normal
NM_024675.4:c.-74A>G,normal
NM_024675.4:c.-74A>C,normal
NM_024675.4:c.-75C>T,normal
NM_024675.4:c.-75C>G,normal
NM_024675.4:c.-75C>A,normal
NM_024675.4:c.-76C>T,normal
NM_024675.4:c.-76C>G,normal
NM_024675.4:c.-76C>A,normal
NM_024675.4:c.-77C>T,normal
NM_024675.4:c.-77C>G,normal
NM_024675.4:c.-77C>A,normal
NM_024675.4:c.-78G>T,normal
NM_024675.4:c.-78G>C,normal
NM_024675.4:c.-78G>A,normal
NM_024675.4:c.-79G>T,normal
NM_024675.4:c.-79G>C,normal
NM_024675.4:c.-79G>A,normal
NM_024675.4:c.-80C>T,normal
NM_024675.4:c.-80C>G,normal
NM_024675.4:c.-80C>A,normal
NM_024675.4:c.-81C>T,normal
NM_024675.4:c.-81C>G,normal
NM_024675.4:c.-81C>A,normal
NM_024675.4:c.-82C>T,indeterminate
NM_024675.4:c.-82C>G,normal
NM_024675.4:c.-82C>A,normal
NM_024675.4:c.-83C>T,indeterminate
NM_024675.4:c.-83C>G,normal
NM_024675.4:c.-83C>A,normal
NM_024675.4:c.-84T>G,normal
NM_024675.4:c.-84T>C,normal
NM_024675.4:c.-84T>A,normal
NM_024675.4:c.-85C>T,normal
NM_024675.4:c.-85C>G,normal
NM_024675.4:c.-85C>A,normal
NM_024675.4:c.-86C>T,normal
NM_024675.4:c.-86C>G,indeterminate
NM_024675.4:c.-86C>A,normal
NM_024675.4:c.-87G>T,normal
NM_024675.4:c.-87G>C,indeterminate
NM_024675.4:c.-87G>A,normal
NM_024675.4:c.-88C>T,normal
NM_024675.4:c.-88C>G,normal
NM_024675.4:c.-88C>A,normal
NM_024675.4:c.-90G>T,normal
NM_024675.4:c.-90G>C,normal
NM_024675.4:c.-90G>A,normal
NM_024675.4:c.-91G>T,normal
NM_024675.4:c.-91G>C,normal
NM_024675.4:c.-91G>A,normal
NM_024675.4:c.*21_*23del,normal
NM_024675.4:c.*18_*20del,normal
NM_024675.4:c.*16_*18del,normal
NM_024675.4:c.*14_*16del,normal
NM_024675.4:c.*13_*15del,normal
NM_024675.4:c.*12_*14del,normal
NM_024675.4:c.*11_*13del,normal
NM_024675.4:c.*10_*12del,normal
NM_024675.4:c.*9_*11del,normal
NM_024675.4:c.*8_*10del,normal
NM_024675.4:c.*7_*9del,normal
NM_024675.4:c.*6_*8del,normal
NM_024675.4:c.*5_*7del,normal
NM_024675.4:c.*4_*6del,normal
NM_024675.4:c.*3_*5del,normal
NM_024675.4:c.*2_*4del,normal
NM_024675.4:c.*1_*3del,normal
NM_024675.4:c.3561_*2del,normal
NM_024675.4:c.3560_*1del,normal
NM_024675.4:c.3559_3561del,normal
NM_024675.4:c.3557_3559del,normal
NM_024675.4:c.3555_3557del,normal
NM_024675.4:c.3554_3556del,normal
NM_024675.4:c.3552_3554del,normal
NM_024675.4:c.3550_3552del,normal
NM_024675.4:c.3547_3549del,abnormal
NM_024675.4:c.3546_3548del,abnormal
NM_024675.4:c.3545_3547del,abnormal
NM_024675.4:c.3544_3546del,abnormal
NM_024675.4:c.3543_3545del,abnormal
NM_024675.4:c.3541_3543del,abnormal
NM_024675.4:c.3540_3542del,abnormal
NM_024675.4:c.3538_3540del,normal
NM_024675.4:c.3537_3539del,abnormal
NM_024675.4:c.3536_3538del,normal
NM_024675.4:c.3534_3536del,normal
NM_024675.4:c.3533_3535del,normal
NM_024675.4:c.3532_3534del,normal
NM_024675.4:c.3531_3533del,normal
NM_024675.4:c.3530_3532del,normal
NM_024675.4:c.3528_3530del,normal
NM_024675.4:c.3526_3528del,normal
NM_024675.4:c.3523_3525del,normal
NM_024675.4:c.3521_3523del,normal
NM_024675.4:c.3520_3522del,normal
NM_024675.4:c.3519_3521del,indeterminate
NM_024675.4:c.3518_3520del,abnormal
NM_024675.4:c.3516_3518del,abnormal
NM_024675.4:c.3515_3517del,abnormal
NM_024675.4:c.3514_3516del,abnormal
NM_024675.4:c.3511_3513del,abnormal
NM_024675.4:c.3510_3512del,abnormal
NM_024675.4:c.3509_3511del,normal
NM_024675.4:c.3508_3510del,indeterminate
NM_024675.4:c.3506_3508del,normal
NM_024675.4:c.3505_3507del,normal
NM_024675.4:c.3504_3506del,normal
NM_024675.4:c.3503_3505del,normal
NM_024675.4:c.3502_3504del,normal
NM_024675.4:c.3501_3503del,normal
NM_024675.4:c.3500_3502del,normal
NM_024675.4:c.3499_3501del,normal
NM_024675.4:c.3498_3500del,normal
NM_024675.4:c.3497_3499del,normal
NM_024675.4:c.3496_3498del,normal
NM_024675.4:c.3495_3497del,normal
NM_024675.4:c.3494_3496del,normal
NM_024675.4:c.3493_3495del,normal
NM_024675.4:c.3491_3493del,indeterminate
NM_024675.4:c.3489_3491del,abnormal
NM_024675.4:c.3488_3490del,abnormal
NM_024675.4:c.3487_3489del,abnormal
NM_024675.4:c.3486_3488del,abnormal
NM_024675.4:c.3485_3487del,abnormal
NM_024675.4:c.3484_3486del,abnormal
NM_024675.4:c.3483_3485del,abnormal
NM_024675.4:c.3481_3483del,indeterminate
NM_024675.4:c.3479_3481del,normal
NM_024675.4:c.3477_3479del,normal
NM_024675.4:c.3476_3478del,normal
NM_024675.4:c.3474_3476del,indeterminate
NM_024675.4:c.3473_3475del,indeterminate
NM_024675.4:c.3472_3474del,normal
NM_024675.4:c.3471_3473del,normal
NM_024675.4:c.3468_3470del,normal
NM_024675.4:c.3465_3467del,normal
NM_024675.4:c.3464_3466del,normal
NM_024675.4:c.3463_3465del,normal
NM_024675.4:c.3460_3462del,normal
NM_024675.4:c.3458_3460del,normal
NM_024675.4:c.3457_3459del,normal
NM_024675.4:c.3456_3458del,normal
NM_024675.4:c.3453_3455del,normal
NM_024675.4:c.3452_3454del,normal
NM_024675.4:c.3446_3448del,normal
NM_024675.4:c.3445_3447del,normal
NM_024675.4:c.3444_3446del,normal
NM_024675.4:c.3442_3444del,normal
NM_024675.4:c.3440_3442del,normal
NM_024675.4:c.3439_3441del,normal
NM_024675.4:c.3438_3440del,normal
NM_024675.4:c.3437_3439del,normal
NM_024675.4:c.3436_3438del,normal
NM_024675.4:c.3435_3437del,normal
NM_024675.4:c.3434_3436del,normal
NM_024675.4:c.3433_3435del,normal
NM_024675.4:c.3432_3434del,indeterminate
NM_024675.4:c.3431_3433del,normal
NM_024675.4:c.3430_3432del,normal
NM_024675.4:c.3429_3431del,normal
NM_024675.4:c.3426_3428del,normal
NM_024675.4:c.3424_3426del,normal
NM_024675.4:c.3423_3425del,normal
NM_024675.4:c.3422_3424del,abnormal
NM_024675.4:c.3421_3423del,abnormal
NM_024675.4:c.3420_3422del,abnormal
NM_024675.4:c.3419_3421del,indeterminate
NM_024675.4:c.3418_3420del,abnormal
NM_024675.4:c.3417_3419del,abnormal
NM_024675.4:c.3416_3418del,abnormal
NM_024675.4:c.3415_3417del,abnormal
NM_024675.4:c.3414_3416del,abnormal
NM_024675.4:c.3413_3415del,abnormal
NM_024675.4:c.3412_3414del,abnormal
NM_024675.4:c.3410_3412del,abnormal
NM_024675.4:c.3409_3411del,abnormal
NM_024675.4:c.3408_3410del,abnormal
NM_024675.4:c.3407_3409del,indeterminate
NM_024675.4:c.3404_3406del,normal
NM_024675.4:c.3403_3405del,normal
NM_024675.4:c.3402_3404del,normal
NM_024675.4:c.3401_3403del,abnormal
NM_024675.4:c.3400_3402del,normal
NM_024675.4:c.3397_3399del,normal
NM_024675.4:c.3396_3398del,normal
NM_024675.4:c.3395_3397del,normal
NM_024675.4:c.3394_3396del,indeterminate
NM_024675.4:c.3393_3395del,normal
NM_024675.4:c.3391_3393del,indeterminate
NM_024675.4:c.3390_3392del,normal
NM_024675.4:c.3389_3391del,normal
NM_024675.4:c.3388_3390del,normal
NM_024675.4:c.3381_3383del,abnormal
NM_024675.4:c.3380_3382del,normal
NM_024675.4:c.3379_3381del,normal
NM_024675.4:c.3378_3380del,normal
NM_024675.4:c.3377_3379del,normal
NM_024675.4:c.3376_3378del,normal
NM_024675.4:c.3375_3377del,normal
NM_024675.4:c.3373_3375del,normal
NM_024675.4:c.3372_3374del,normal
NM_024675.4:c.3370_3372del,normal
NM_024675.4:c.3369_3371del,normal
NM_024675.4:c.3368_3370del,abnormal
NM_024675.4:c.3367_3369del,abnormal
NM_024675.4:c.3366_3368del,abnormal
NM_024675.4:c.3365_3367del,abnormal
NM_024675.4:c.3363_3365del,abnormal
NM_024675.4:c.3362_3364del,normal
NM_024675.4:c.3360_3362del,normal
NM_024675.4:c.3359_3361del,normal
NM_024675.4:c.3357_3359del,indeterminate
NM_024675.4:c.3356_3358del,indeterminate
NM_024675.4:c.3355_3357del,indeterminate
NM_024675.4:c.3354_3356del,normal
NM_024675.4:c.3352_3354del,normal
NM_024675.4:c.3351_3353del,indeterminate
NM_024675.4:c.3351-1_3352del,abnormal
NM_024675.4:c.3351-2_3351del,abnormal
NM_024675.4:c.3351-3_3351-1del,abnormal
NM_024675.4:c.3351-4_3351-2del,normal
NM_024675.4:c.3351-6_3351-4del,indeterminate
NM_024675.4:c.3351-7_3351-5del,indeterminate
NM_024675.4:c.3351-8_3351-6del,indeterminate
NM_024675.4:c.3351-10_3351-8del,indeterminate
NM_024675.4:c.3350+14_3350+16del,normal
NM_024675.4:c.3350+12_3350+14del,normal
NM_024675.4:c.3350+10_3350+12del,normal
NM_024675.4:c.3350+9_3350+11del,indeterminate
NM_024675.4:c.3350+8_3350+10del,indeterminate
NM_024675.4:c.3350+7_3350+9del,normal
NM_024675.4:c.3350+6_3350+8del,abnormal
NM_024675.4:c.3350+5_3350+7del,abnormal
NM_024675.4:c.3350+4_3350+6del,abnormal
NM_024675.4:c.3350+3_3350+5del,abnormal
NM_024675.4:c.3350+2_3350+4del,abnormal
NM_024675.4:c.3350+1_3350+3del,abnormal
NM_024675.4:c.3350_3350+2del,abnormal
NM_024675.4:c.3349_3350+1del,abnormal
NM_024675.4:c.3348_3350del,abnormal
NM_024675.4:c.3346_3348del,abnormal
NM_024675.4:c.3345_3347del,normal
NM_024675.4:c.3344_3346del,normal
NM_024675.4:c.3342_3344del,normal
NM_024675.4:c.3341_3343del,normal
NM_024675.4:c.3340_3342del,normal
NM_024675.4:c.3338_3340del,normal
NM_024675.4:c.3337_3339del,normal
NM_024675.4:c.3336_3338del,normal
NM_024675.4:c.3335_3337del,normal
NM_024675.4:c.3334_3336del,normal
NM_024675.4:c.3333_3335del,normal
NM_024675.4:c.3329_3331del,normal
NM_024675.4:c.3326_3328del,normal
NM_024675.4:c.3325_3327del,normal
NM_024675.4:c.3324_3326del,normal
NM_024675.4:c.3323_3325del,normal
NM_024675.4:c.3321_3323del,normal
NM_024675.4:c.3320_3322del,normal
NM_024675.4:c.3319_3321del,normal
NM_024675.4:c.3316_3318del,normal
NM_024675.4:c.3313_3315del,normal
NM_024675.4:c.3312_3314del,normal
NM_024675.4:c.3311_3313del,normal
NM_024675.4:c.3309_3311del,normal
NM_024675.4:c.3308_3310del,normal
NM_024675.4:c.3306_3308del,indeterminate
NM_024675.4:c.3305_3307del,normal
NM_024675.4:c.3304_3306del,normal
NM_024675.4:c.3302_3304del,normal
NM_024675.4:c.3301_3303del,normal
NM_024675.4:c.3300_3302del,normal
NM_024675.4:c.3299_3301del,normal
NM_024675.4:c.3298_3300del,abnormal
NM_024675.4:c.3297_3299del,abnormal
NM_024675.4:c.3293_3295del,abnormal
NM_024675.4:c.3291_3293del,abnormal
NM_024675.4:c.3290_3292del,abnormal
NM_024675.4:c.3289_3291del,abnormal
NM_024675.4:c.3288_3290del,abnormal
NM_024675.4:c.3287_3289del,abnormal
NM_024675.4:c.3286_3288del,abnormal
NM_024675.4:c.3285_3287del,abnormal
NM_024675.4:c.3284_3286del,abnormal
NM_024675.4:c.3282_3284del,abnormal
NM_024675.4:c.3280_3282del,abnormal
NM_024675.4:c.3279_3281del,abnormal
NM_024675.4:c.3277_3279del,abnormal
NM_024675.4:c.3276_3278del,abnormal
NM_024675.4:c.3274_3276del,abnormal
NM_024675.4:c.3273_3275del,abnormal
NM_024675.4:c.3272_3274del,indeterminate
NM_024675.4:c.3270_3272del,abnormal
NM_024675.4:c.3269_3271del,abnormal
NM_024675.4:c.3268_3270del,normal
NM_024675.4:c.3265_3267del,normal
NM_024675.4:c.3263_3265del,normal
NM_024675.4:c.3262_3264del,normal
NM_024675.4:c.3261_3263del,normal
NM_024675.4:c.3260_3262del,normal
NM_024675.4:c.3259_3261del,normal
NM_024675.4:c.3258_3260del,normal
NM_024675.4:c.3256_3258del,normal
NM_024675.4:c.3255_3257del,normal
NM_024675.4:c.3254_3256del,abnormal
NM_024675.4:c.3253_3255del,normal
NM_024675.4:c.3251_3253del,normal
NM_024675.4:c.3248_3250del,normal
NM_024675.4:c.3247_3249del,normal
NM_024675.4:c.3246_3248del,normal
NM_024675.4:c.3245_3247del,normal
NM_024675.4:c.3244_3246del,normal
NM_024675.4:c.3243_3245del,normal
NM_024675.4:c.3242_3244del,normal
NM_024675.4:c.3241_3243del,normal
NM_024675.4:c.3240_3242del,normal
NM_024675.4:c.3238_3240del,normal
NM_024675.4:c.3237_3239del,normal
NM_024675.4:c.3236_3238del,normal
NM_024675.4:c.3235_3237del,normal
NM_024675.4:c.3234_3236del,normal
NM_024675.4:c.3233_3235del,normal
NM_024675.4:c.3232_3234del,normal
NM_024675.4:c.3231_3233del,normal
NM_024675.4:c.3230_3232del,normal
NM_024675.4:c.3229_3231del,normal
NM_024675.4:c.3228_3230del,normal
NM_024675.4:c.3227_3229del,indeterminate
NM_024675.4:c.3224_3226del,normal
NM_024675.4:c.3223_3225del,normal
NM_024675.4:c.3222_3224del,normal
NM_024675.4:c.3221_3223del,normal
NM_024675.4:c.3219_3221del,normal
NM_024675.4:c.3217_3219del,normal
NM_024675.4:c.3214_3216del,normal
NM_024675.4:c.3211_3213del,normal
NM_024675.4:c.3210_3212del,indeterminate
NM_024675.4:c.3208_3210del,abnormal
NM_024675.4:c.3207_3209del,abnormal
NM_024675.4:c.3204_3206del,abnormal
NM_024675.4:c.3203_3205del,abnormal
NM_024675.4:c.3202_3204del,abnormal
NM_024675.4:c.3202-2_3202del,abnormal
NM_024675.4:c.3202-3_3202-1del,abnormal
NM_024675.4:c.3202-4_3202-2del,normal
NM_024675.4:c.3202-6_3202-4del,indeterminate
NM_024675.4:c.3202-7_3202-5del,normal
NM_024675.4:c.3202-8_3202-6del,normal
NM_024675.4:c.3202-9_3202-7del,normal
NM_024675.4:c.3202-10_3202-8del,normal
NM_024675.4:c.3202-11_3202-9del,normal
NM_024675.4:c.3201+9_3201+11del,indeterminate
NM_024675.4:c.3201+7_3201+9del,abnormal
NM_024675.4:c.3201+5_3201+7del,abnormal
NM_024675.4:c.3201+3_3201+5del,abnormal
NM_024675.4:c.3201+2_3201+4del,abnormal
NM_024675.4:c.3201+1_3201+3del,indeterminate
NM_024675.4:c.3201_3201+2del,abnormal
NM_024675.4:c.3199_3201del,abnormal
NM_024675.4:c.3198_3200del,abnormal
NM_024675.4:c.3197_3199del,indeterminate
NM_024675.4:c.3196_3198del,abnormal
NM_024675.4:c.3195_3197del,normal
NM_024675.4:c.3194_3196del,normal
NM_024675.4:c.3193_3195del,abnormal
NM_024675.4:c.3191_3193del,normal
NM_024675.4:c.3189_3191del,indeterminate
NM_024675.4:c.3188_3190del,abnormal
NM_024675.4:c.3187_3189del,normal
NM_024675.4:c.3186_3188del,indeterminate
NM_024675.4:c.3185_3187del,indeterminate
NM_024675.4:c.3184_3186del,normal
NM_024675.4:c.3183_3185del,normal
NM_024675.4:c.3181_3183del,indeterminate
NM_024675.4:c.3180_3182del,abnormal
NM_024675.4:c.3179_3181del,indeterminate
NM_024675.4:c.3178_3180del,normal
NM_024675.4:c.3177_3179del,indeterminate
NM_024675.4:c.3176_3178del,normal
NM_024675.4:c.3175_3177del,normal
NM_024675.4:c.3174_3176del,normal
NM_024675.4:c.3173_3175del,normal
NM_024675.4:c.3172_3174del,normal
NM_024675.4:c.3171_3173del,normal
NM_024675.4:c.3169_3171del,abnormal
NM_024675.4:c.3167_3169del,abnormal
NM_024675.4:c.3166_3168del,normal
NM_024675.4:c.3163_3165del,normal
NM_024675.4:c.3162_3164del,normal
NM_024675.4:c.3161_3163del,normal
NM_024675.4:c.3158_3160del,normal
NM_024675.4:c.3157_3159del,normal
NM_024675.4:c.3152_3154del,normal
NM_024675.4:c.3151_3153del,abnormal
NM_024675.4:c.3150_3152del,abnormal
NM_024675.4:c.3149_3151del,normal
NM_024675.4:c.3148_3150del,normal
NM_024675.4:c.3147_3149del,normal
NM_024675.4:c.3146_3148del,abnormal
NM_024675.4:c.3145_3147del,indeterminate
NM_024675.4:c.3143_3145del,normal
NM_024675.4:c.3141_3143del,indeterminate
NM_024675.4:c.3138_3140del,abnormal
NM_024675.4:c.3137_3139del,normal
NM_024675.4:c.3136_3138del,abnormal
NM_024675.4:c.3135_3137del,abnormal
NM_024675.4:c.3132_3134del,normal
NM_024675.4:c.3131_3133del,normal
NM_024675.4:c.3129_3131del,indeterminate
NM_024675.4:c.3128_3130del,normal
NM_024675.4:c.3127_3129del,normal
NM_024675.4:c.3125_3127del,abnormal
NM_024675.4:c.3124_3126del,indeterminate
NM_024675.4:c.3123_3125del,abnormal
NM_024675.4:c.3122_3124del,normal
NM_024675.4:c.3119_3121del,abnormal
NM_024675.4:c.3118_3120del,abnormal
NM_024675.4:c.3117_3119del,indeterminate
NM_024675.4:c.3116_3118del,abnormal
NM_024675.4:c.3115_3117del,abnormal
NM_024675.4:c.3114_3116del,normal
NM_024675.4:c.3114-1_3115del,normal
NM_024675.4:c.3114-3_3114-1del,abnormal
NM_024675.4:c.3114-4_3114-2del,abnormal
NM_024675.4:c.3114-5_3114-3del,indeterminate
NM_024675.4:c.3114-6_3114-4del,abnormal
NM_024675.4:c.3114-7_3114-5del,indeterminate
NM_024675.4:c.3114-8_3114-6del,indeterminate
NM_024675.4:c.3114-10_3114-8del,indeterminate
NM_024675.4:c.3114-13_3114-11del,abnormal
NM_024675.4:c.3114-16_3114-14del,normal
NM_024675.4:c.3114-19_3114-17del,indeterminate
NM_024675.4:c.3114-20_3114-18del,indeterminate
NM_024675.4:c.3113+3_3113+5del,abnormal
NM_024675.4:c.3113+2_3113+4del,abnormal
NM_024675.4:c.3113+1_3113+3del,abnormal
NM_024675.4:c.3113_3113+2del,abnormal
NM_024675.4:c.3111_3113del,abnormal
NM_024675.4:c.3110_3112del,normal
NM_024675.4:c.3109_3111del,indeterminate
NM_024675.4:c.3106_3108del,abnormal
NM_024675.4:c.3103_3105del,abnormal
NM_024675.4:c.3102_3104del,abnormal
NM_024675.4:c.3101_3103del,normal
NM_024675.4:c.3096_3098del,abnormal
NM_024675.4:c.3095_3097del,indeterminate
NM_024675.4:c.3093_3095del,indeterminate
NM_024675.4:c.3089_3091del,abnormal
NM_024675.4:c.3083_3085del,abnormal
NM_024675.4:c.3082_3084del,abnormal
NM_024675.4:c.3080_3082del,abnormal
NM_024675.4:c.3079_3081del,abnormal
NM_024675.4:c.3078_3080del,abnormal
NM_024675.4:c.3075_3077del,indeterminate
NM_024675.4:c.3074_3076del,abnormal
NM_024675.4:c.3073_3075del,abnormal
NM_024675.4:c.3072_3074del,abnormal
NM_024675.4:c.3071_3073del,indeterminate
NM_024675.4:c.3067_3069del,normal
NM_024675.4:c.3066_3068del,indeterminate
NM_024675.4:c.3065_3067del,normal
NM_024675.4:c.3064_3066del,normal
NM_024675.4:c.3062_3064del,normal
NM_024675.4:c.3061_3063del,normal
NM_024675.4:c.3060_3062del,indeterminate
NM_024675.4:c.3059_3061del,normal
NM_024675.4:c.3058_3060del,indeterminate
NM_024675.4:c.3057_3059del,abnormal
NM_024675.4:c.3056_3058del,abnormal
NM_024675.4:c.3055_3057del,abnormal
NM_024675.4:c.3051_3053del,abnormal
NM_024675.4:c.3050_3052del,abnormal
NM_024675.4:c.3047_3049del,abnormal
NM_024675.4:c.3046_3048del,abnormal
NM_024675.4:c.3044_3046del,abnormal
NM_024675.4:c.3043_3045del,abnormal
NM_024675.4:c.3042_3044del,indeterminate
NM_024675.4:c.3041_3043del,abnormal
NM_024675.4:c.3040_3042del,abnormal
NM_024675.4:c.3037_3039del,abnormal
NM_024675.4:c.3036_3038del,abnormal
NM_024675.4:c.3035_3037del,abnormal
NM_024675.4:c.3033_3035del,abnormal
NM_024675.4:c.3032_3034del,abnormal
NM_024675.4:c.3031_3033del,abnormal
NM_024675.4:c.3027_3029del,abnormal
NM_024675.4:c.3026_3028del,abnormal
NM_024675.4:c.3025_3027del,abnormal
NM_024675.4:c.3024_3026del,abnormal
NM_024675.4:c.3021_3023del,indeterminate
NM_024675.4:c.3020_3022del,abnormal
NM_024675.4:c.3019_3021del,abnormal
NM_024675.4:c.3016_3018del,abnormal
NM_024675.4:c.3015_3017del,normal
NM_024675.4:c.3012_3014del,normal
NM_024675.4:c.3011_3013del,normal
NM_024675.4:c.3010_3012del,normal
NM_024675.4:c.3009_3011del,normal
NM_024675.4:c.3007_3009del,indeterminate
NM_024675.4:c.3006_3008del,normal
NM_024675.4:c.3004_3006del,normal
NM_024675.4:c.3001_3003del,normal
NM_024675.4:c.3000_3002del,indeterminate
NM_024675.4:c.2999_3001del,indeterminate
NM_024675.4:c.2998_3000del,indeterminate
NM_024675.4:c.2997_2999del,indeterminate
NM_024675.4:c.2997-2_2997del,abnormal
NM_024675.4:c.2997-3_2997-1del,abnormal
NM_024675.4:c.2997-4_2997-2del,indeterminate
NM_024675.4:c.2996+31_2996+33del,normal
NM_024675.4:c.2996+28_2996+30del,normal
NM_024675.4:c.2996+26_2996+28del,normal
NM_024675.4:c.2996+25_2996+27del,normal
NM_024675.4:c.2996+24_2996+26del,normal
NM_024675.4:c.2996+23_2996+25del,normal
NM_024675.4:c.2996+20_2996+22del,indeterminate
NM_024675.4:c.2996+19_2996+21del,normal
NM_024675.4:c.2996+17_2996+19del,normal
NM_024675.4:c.2996+16_2996+18del,normal
NM_024675.4:c.2996+15_2996+17del,normal
NM_024675.4:c.2996+13_2996+15del,normal
NM_024675.4:c.2996+12_2996+14del,normal
NM_024675.4:c.2996+11_2996+13del,normal
NM_024675.4:c.2996+10_2996+12del,normal
NM_024675.4:c.2996+8_2996+10del,normal
NM_024675.4:c.2996+7_2996+9del,normal
NM_024675.4:c.2996+5_2996+7del,normal
NM_024675.4:c.2996+2_2996+4del,abnormal
NM_024675.4:c.2996+1_2996+3del,abnormal
NM_024675.4:c.2996_2996+2del,abnormal
NM_024675.4:c.2995_2996+1del,abnormal
NM_024675.4:c.2994_2996del,indeterminate
NM_024675.4:c.2991_2993del,indeterminate
NM_024675.4:c.2990_2992del,indeterminate
NM_024675.4:c.2988_2990del,normal
NM_024675.4:c.2984_2986del,normal
NM_024675.4:c.2982_2984del,indeterminate
NM_024675.4:c.2981_2983del,abnormal
NM_024675.4:c.2980_2982del,indeterminate
NM_024675.4:c.2979_2981del,indeterminate
NM_024675.4:c.2978_2980del,normal
NM_024675.4:c.2977_2979del,normal
NM_024675.4:c.2975_2977del,indeterminate
NM_024675.4:c.2973_2975del,indeterminate
NM_024675.4:c.2971_2973del,abnormal
NM_024675.4:c.2970_2972del,abnormal
NM_024675.4:c.2969_2971del,abnormal
NM_024675.4:c.2966_2968del,abnormal
NM_024675.4:c.2963_2965del,normal
NM_024675.4:c.2962_2964del,normal
NM_024675.4:c.2958_2960del,indeterminate
NM_024675.4:c.2956_2958del,normal
NM_024675.4:c.2954_2956del,indeterminate
NM_024675.4:c.2953_2955del,normal
NM_024675.4:c.2951_2953del,normal
NM_024675.4:c.2950_2952del,normal
NM_024675.4:c.2949_2951del,normal
NM_024675.4:c.2948_2950del,normal
NM_024675.4:c.2946_2948del,normal
NM_024675.4:c.2945_2947del,indeterminate
NM_024675.4:c.2944_2946del,normal
NM_024675.4:c.2941_2943del,normal
NM_024675.4:c.2940_2942del,normal
NM_024675.4:c.2937_2939del,normal
NM_024675.4:c.2933_2935del,abnormal
NM_024675.4:c.2932_2934del,abnormal
NM_024675.4:c.2931_2933del,abnormal
NM_024675.4:c.2929_2931del,abnormal
NM_024675.4:c.2928_2930del,abnormal
NM_024675.4:c.2927_2929del,abnormal
NM_024675.4:c.2926_2928del,abnormal
NM_024675.4:c.2921_2923del,abnormal
NM_024675.4:c.2919_2921del,abnormal
NM_024675.4:c.2918_2920del,indeterminate
NM_024675.4:c.2916_2918del,indeterminate
NM_024675.4:c.2915_2917del,abnormal
NM_024675.4:c.2914_2916del,abnormal
NM_024675.4:c.2913_2915del,abnormal
NM_024675.4:c.2912_2914del,abnormal
NM_024675.4:c.2911_2913del,abnormal
NM_024675.4:c.2910_2912del,abnormal
NM_024675.4:c.2909_2911del,abnormal
NM_024675.4:c.2908_2910del,abnormal
NM_024675.4:c.2907_2909del,abnormal
NM_024675.4:c.2905_2907del,abnormal
NM_024675.4:c.2904_2906del,abnormal
NM_024675.4:c.2903_2905del,abnormal
NM_024675.4:c.2901_2903del,abnormal
NM_024675.4:c.2900_2902del,abnormal
NM_024675.4:c.2899_2901del,abnormal
NM_024675.4:c.2897_2899del,abnormal
NM_024675.4:c.2895_2897del,abnormal
NM_024675.4:c.2894_2896del,indeterminate
NM_024675.4:c.2892_2894del,normal
NM_024675.4:c.2891_2893del,normal
NM_024675.4:c.2890_2892del,normal
NM_024675.4:c.2889_2891del,normal
NM_024675.4:c.2888_2890del,abnormal
NM_024675.4:c.2887_2889del,indeterminate
NM_024675.4:c.2886_2888del,abnormal
NM_024675.4:c.2885_2887del,indeterminate
NM_024675.4:c.2884_2886del,abnormal
NM_024675.4:c.2882_2884del,abnormal
NM_024675.4:c.2881_2883del,normal
NM_024675.4:c.2880_2882del,indeterminate
NM_024675.4:c.2875_2877del,normal
NM_024675.4:c.2873_2875del,normal
NM_024675.4:c.2872_2874del,normal
NM_024675.4:c.2871_2873del,normal
NM_024675.4:c.2869_2871del,normal
NM_024675.4:c.2868_2870del,normal
NM_024675.4:c.2866_2868del,normal
NM_024675.4:c.2865_2867del,normal
NM_024675.4:c.2864_2866del,normal
NM_024675.4:c.2863_2865del,normal
NM_024675.4:c.2862_2864del,normal
NM_024675.4:c.2861_2863del,normal
NM_024675.4:c.2860_2862del,normal
NM_024675.4:c.2859_2861del,normal
NM_024675.4:c.2852_2854del,normal
NM_024675.4:c.2851_2853del,normal
NM_024675.4:c.2850_2852del,normal
NM_024675.4:c.2847_2849del,normal
NM_024675.4:c.2846_2848del,normal
NM_024675.4:c.2843_2845del,normal
NM_024675.4:c.2841_2843del,abnormal
NM_024675.4:c.2838_2840del,abnormal
NM_024675.4:c.2837_2839del,abnormal
NM_024675.4:c.2836_2838del,abnormal
NM_024675.4:c.2835_2837del,abnormal
NM_024675.4:c.2835-1_2836del,abnormal
NM_024675.4:c.2835-2_2835del,abnormal
NM_024675.4:c.2835-3_2835-1del,abnormal
NM_024675.4:c.2835-4_2835-2del,abnormal
NM_024675.4:c.2835-5_2835-3del,indeterminate
NM_024675.4:c.2835-6_2835-4del,indeterminate
NM_024675.4:c.2835-7_2835-5del,indeterminate
NM_024675.4:c.2835-8_2835-6del,indeterminate
NM_024675.4:c.2835-9_2835-7del,normal
NM_024675.4:c.2835-10_2835-8del,abnormal
NM_024675.4:c.2835-11_2835-9del,normal
NM_024675.4:c.2835-13_2835-11del,normal
NM_024675.4:c.2835-14_2835-12del,normal
NM_024675.4:c.2835-16_2835-14del,normal
NM_024675.4:c.2835-17_2835-15del,normal
NM_024675.4:c.2835-19_2835-17del,normal
NM_024675.4:c.2835-20_2835-18del,normal
NM_024675.4:c.2835-23_2835-21del,normal
NM_024675.4:c.2835-24_2835-22del,normal
NM_024675.4:c.2834+9_2834+11del,abnormal
NM_024675.4:c.2834+8_2834+10del,indeterminate
NM_024675.4:c.2834+7_2834+9del,indeterminate
NM_024675.4:c.2834+5_2834+7del,abnormal
NM_024675.4:c.2834+4_2834+6del,indeterminate
NM_024675.4:c.2834+3_2834+5del,abnormal
NM_024675.4:c.2834+2_2834+4del,abnormal
NM_024675.4:c.2834+1_2834+3del,abnormal
NM_024675.4:c.2834_2834+2del,abnormal
NM_024675.4:c.2833_2834+1del,abnormal
NM_024675.4:c.2832_2834del,abnormal
NM_024675.4:c.2831_2833del,indeterminate
NM_024675.4:c.2829_2831del,abnormal
NM_024675.4:c.2828_2830del,abnormal
NM_024675.4:c.2827_2829del,abnormal
NM_024675.4:c.2826_2828del,abnormal
NM_024675.4:c.2825_2827del,abnormal
NM_024675.4:c.2824_2826del,abnormal
NM_024675.4:c.2823_2825del,abnormal
NM_024675.4:c.2822_2824del,abnormal
NM_024675.4:c.2820_2822del,abnormal
NM_024675.4:c.2819_2821del,abnormal
NM_024675.4:c.2818_2820del,abnormal
NM_024675.4:c.2817_2819del,abnormal
NM_024675.4:c.2816_2818del,indeterminate
NM_024675.4:c.2815_2817del,normal
NM_024675.4:c.2813_2815del,abnormal
NM_024675.4:c.2811_2813del,abnormal
NM_024675.4:c.2810_2812del,abnormal
NM_024675.4:c.2809_2811del,abnormal
NM_024675.4:c.2808_2810del,abnormal
NM_024675.4:c.2807_2809del,abnormal
NM_024675.4:c.2806_2808del,abnormal
NM_024675.4:c.2805_2807del,abnormal
NM_024675.4:c.2804_2806del,abnormal
NM_024675.4:c.2803_2805del,abnormal
NM_024675.4:c.2802_2804del,abnormal
NM_024675.4:c.2801_2803del,abnormal
NM_024675.4:c.2799_2801del,abnormal
NM_024675.4:c.2798_2800del,abnormal
NM_024675.4:c.2797_2799del,abnormal
NM_024675.4:c.2796_2798del,abnormal
NM_024675.4:c.2795_2797del,abnormal
NM_024675.4:c.2794_2796del,abnormal
NM_024675.4:c.2793_2795del,abnormal
NM_024675.4:c.2791_2793del,abnormal
NM_024675.4:c.2790_2792del,abnormal
NM_024675.4:c.2789_2791del,abnormal
NM_024675.4:c.2788_2790del,abnormal
NM_024675.4:c.2785_2787del,normal
NM_024675.4:c.2784_2786del,indeterminate
NM_024675.4:c.2783_2785del,indeterminate
NM_024675.4:c.2782_2784del,abnormal
NM_024675.4:c.2781_2783del,abnormal
NM_024675.4:c.2780_2782del,abnormal
NM_024675.4:c.2777_2779del,abnormal
NM_024675.4:c.2776_2778del,normal
NM_024675.4:c.2775_2777del,normal
NM_024675.4:c.2774_2776del,abnormal
NM_024675.4:c.2773_2775del,abnormal
NM_024675.4:c.2772_2774del,abnormal
NM_024675.4:c.2771_2773del,abnormal
NM_024675.4:c.2770_2772del,abnormal
NM_024675.4:c.2769_2771del,abnormal
NM_024675.4:c.2768_2770del,abnormal
NM_024675.4:c.2767_2769del,abnormal
NM_024675.4:c.2766_2768del,abnormal
NM_024675.4:c.2764_2766del,abnormal
NM_024675.4:c.2763_2765del,abnormal
NM_024675.4:c.2762_2764del,abnormal
NM_024675.4:c.2761_2763del,abnormal
NM_024675.4:c.2760_2762del,abnormal
NM_024675.4:c.2759_2761del,abnormal
NM_024675.4:c.2758_2760del,indeterminate
NM_024675.4:c.2755_2757del,abnormal
NM_024675.4:c.2753_2755del,abnormal
NM_024675.4:c.2752_2754del,indeterminate
NM_024675.4:c.2751_2753del,normal
NM_024675.4:c.2750_2752del,indeterminate
NM_024675.4:c.2749_2751del,abnormal
NM_024675.4:c.2749-1_2750del,abnormal
NM_024675.4:c.2749-2_2749del,abnormal
NM_024675.4:c.2749-3_2749-1del,abnormal
NM_024675.4:c.2749-4_2749-2del,abnormal
NM_024675.4:c.2749-5_2749-3del,indeterminate
NM_024675.4:c.2749-6_2749-4del,indeterminate
NM_024675.4:c.2749-9_2749-7del,indeterminate
NM_024675.4:c.2749-11_2749-9del,indeterminate
NM_024675.4:c.2748+14_2748+16del,normal
NM_024675.4:c.2748+12_2748+14del,normal
NM_024675.4:c.2748+11_2748+13del,normal
NM_024675.4:c.2748+10_2748+12del,normal
NM_024675.4:c.2748+9_2748+11del,normal
NM_024675.4:c.2748+8_2748+10del,normal
NM_024675.4:c.2748+7_2748+9del,normal
NM_024675.4:c.2748+6_2748+8del,normal
NM_024675.4:c.2748+4_2748+6del,normal
NM_024675.4:c.2748+3_2748+5del,abnormal
NM_024675.4:c.2748+2_2748+4del,abnormal
NM_024675.4:c.2748+1_2748+3del,abnormal
NM_024675.4:c.2748_2748+2del,abnormal
NM_024675.4:c.2747_2748+1del,indeterminate
NM_024675.4:c.2745_2747del,abnormal
NM_024675.4:c.2744_2746del,normal
NM_024675.4:c.2742_2744del,indeterminate
NM_024675.4:c.2741_2743del,normal
NM_024675.4:c.2740_2742del,normal
NM_024675.4:c.2738_2740del,indeterminate
NM_024675.4:c.2737_2739del,normal
NM_024675.4:c.2736_2738del,abnormal
NM_024675.4:c.2735_2737del,abnormal
NM_024675.4:c.2734_2736del,abnormal
NM_024675.4:c.2733_2735del,normal
NM_024675.4:c.2732_2734del,abnormal
NM_024675.4:c.2731_2733del,abnormal
NM_024675.4:c.2730_2732del,abnormal
NM_024675.4:c.2729_2731del,indeterminate
NM_024675.4:c.2728_2730del,abnormal
NM_024675.4:c.2726_2728del,abnormal
NM_024675.4:c.2725_2727del,abnormal
NM_024675.4:c.2724_2726del,abnormal
NM_024675.4:c.2723_2725del,indeterminate
NM_024675.4:c.2722_2724del,abnormal
NM_024675.4:c.2719_2721del,abnormal
NM_024675.4:c.2718_2720del,abnormal
NM_024675.4:c.2717_2719del,abnormal
NM_024675.4:c.2716_2718del,abnormal
NM_024675.4:c.2714_2716del,indeterminate
NM_024675.4:c.2713_2715del,indeterminate
NM_024675.4:c.2711_2713del,abnormal
NM_024675.4:c.2710_2712del,normal
NM_024675.4:c.2709_2711del,normal
NM_024675.4:c.2708_2710del,normal
NM_024675.4:c.2707_2709del,normal
NM_024675.4:c.2705_2707del,normal
NM_024675.4:c.2703_2705del,indeterminate
NM_024675.4:c.2702_2704del,normal
NM_024675.4:c.2701_2703del,normal
NM_024675.4:c.2699_2701del,normal
NM_024675.4:c.2698_2700del,normal
NM_024675.4:c.2697_2699del,indeterminate
NM_024675.4:c.2696_2698del,indeterminate
NM_024675.4:c.2695_2697del,indeterminate
NM_024675.4:c.2694_2696del,abnormal
NM_024675.4:c.2693_2695del,abnormal
NM_024675.4:c.2692_2694del,abnormal
NM_024675.4:c.2691_2693del,abnormal
NM_024675.4:c.2690_2692del,abnormal
NM_024675.4:c.2689_2691del,abnormal
NM_024675.4:c.2687_2689del,abnormal
NM_024675.4:c.2686_2688del,abnormal
NM_024675.4:c.2684_2686del,abnormal
NM_024675.4:c.2683_2685del,abnormal
NM_024675.4:c.2682_2684del,abnormal
NM_024675.4:c.2679_2681del,abnormal
NM_024675.4:c.2678_2680del,abnormal
NM_024675.4:c.2676_2678del,abnormal
NM_024675.4:c.2673_2675del,abnormal
NM_024675.4:c.2672_2674del,abnormal
NM_024675.4:c.2671_2673del,abnormal
NM_024675.4:c.2670_2672del,abnormal
NM_024675.4:c.2669_2671del,abnormal
NM_024675.4:c.2668_2670del,indeterminate
NM_024675.4:c.2665_2667del,abnormal
NM_024675.4:c.2664_2666del,abnormal
NM_024675.4:c.2663_2665del,abnormal
NM_024675.4:c.2661_2663del,abnormal
NM_024675.4:c.2658_2660del,indeterminate
NM_024675.4:c.2657_2659del,abnormal
NM_024675.4:c.2656_2658del,abnormal
NM_024675.4:c.2655_2657del,abnormal
NM_024675.4:c.2654_2656del,abnormal
NM_024675.4:c.2653_2655del,abnormal
NM_024675.4:c.2652_2654del,abnormal
NM_024675.4:c.2651_2653del,indeterminate
NM_024675.4:c.2650_2652del,normal
NM_024675.4:c.2649_2651del,indeterminate
NM_024675.4:c.2647_2649del,normal
NM_024675.4:c.2646_2648del,abnormal
NM_024675.4:c.2645_2647del,abnormal
NM_024675.4:c.2644_2646del,normal
NM_024675.4:c.2641_2643del,indeterminate
NM_024675.4:c.2640_2642del,normal
NM_024675.4:c.2639_2641del,indeterminate
NM_024675.4:c.2636_2638del,indeterminate
NM_024675.4:c.2635_2637del,indeterminate
NM_024675.4:c.2633_2635del,indeterminate
NM_024675.4:c.2632_2634del,abnormal
NM_024675.4:c.2631_2633del,abnormal
NM_024675.4:c.2630_2632del,abnormal
NM_024675.4:c.2629_2631del,abnormal
NM_024675.4:c.2628_2630del,abnormal
NM_024675.4:c.2627_2629del,abnormal
NM_024675.4:c.2625_2627del,abnormal
NM_024675.4:c.2623_2625del,abnormal
NM_024675.4:c.2622_2624del,abnormal
NM_024675.4:c.2621_2623del,indeterminate
NM_024675.4:c.2620_2622del,abnormal
NM_024675.4:c.2619_2621del,normal
NM_024675.4:c.2618_2620del,indeterminate
NM_024675.4:c.2617_2619del,normal
NM_024675.4:c.2616_2618del,normal
NM_024675.4:c.2615_2617del,normal
NM_024675.4:c.2614_2616del,indeterminate
NM_024675.4:c.2613_2615del,normal
NM_024675.4:c.2612_2614del,indeterminate
NM_024675.4:c.2610_2612del,indeterminate
NM_024675.4:c.2609_2611del,normal
NM_024675.4:c.2607_2609del,indeterminate
NM_024675.4:c.2606_2608del,normal
NM_024675.4:c.2605_2607del,normal
NM_024675.4:c.2603_2605del,normal
NM_024675.4:c.2601_2603del,normal
NM_024675.4:c.2600_2602del,normal
NM_024675.4:c.2598_2600del,normal
NM_024675.4:c.2597_2599del,indeterminate
NM_024675.4:c.2596_2598del,indeterminate
NM_024675.4:c.2595_2597del,abnormal
NM_024675.4:c.2594_2596del,normal
NM_024675.4:c.2593_2595del,normal
NM_024675.4:c.2592_2594del,normal
NM_024675.4:c.2590_2592del,normal
NM_024675.4:c.2588_2590del,abnormal
NM_024675.4:c.2587_2589del,indeterminate
NM_024675.4:c.2587-1_2588del,abnormal
NM_024675.4:c.2587-3_2587-1del,abnormal
NM_024675.4:c.2587-4_2587-2del,abnormal
NM_024675.4:c.2587-5_2587-3del,normal
NM_024675.4:c.2587-6_2587-4del,normal
NM_024675.4:c.2587-7_2587-5del,indeterminate
NM_024675.4:c.2587-8_2587-6del,normal
NM_024675.4:c.2587-10_2587-8del,indeterminate
NM_024675.4:c.2586+18_2586+20del,normal
NM_024675.4:c.2586+15_2586+17del,normal
NM_024675.4:c.2586+14_2586+16del,normal
NM_024675.4:c.2586+12_2586+14del,normal
NM_024675.4:c.2586+10_2586+12del,normal
NM_024675.4:c.2586+8_2586+10del,normal
NM_024675.4:c.2586+3_2586+5del,indeterminate
NM_024675.4:c.2586+2_2586+4del,abnormal
NM_024675.4:c.2586+1_2586+3del,abnormal
NM_024675.4:c.2586_2586+2del,abnormal
NM_024675.4:c.2585_2586+1del,abnormal
NM_024675.4:c.2584_2586del,abnormal
NM_024675.4:c.2583_2585del,normal
NM_024675.4:c.2582_2584del,abnormal
NM_024675.4:c.2581_2583del,normal
NM_024675.4:c.2580_2582del,normal
NM_024675.4:c.2579_2581del,indeterminate
NM_024675.4:c.2578_2580del,normal
NM_024675.4:c.2577_2579del,indeterminate
NM_024675.4:c.2576_2578del,abnormal
NM_024675.4:c.2575_2577del,indeterminate
NM_024675.4:c.2574_2576del,indeterminate
NM_024675.4:c.2573_2575del,abnormal
NM_024675.4:c.2572_2574del,indeterminate
NM_024675.4:c.2571_2573del,indeterminate
NM_024675.4:c.2569_2571del,indeterminate
NM_024675.4:c.2568_2570del,indeterminate
NM_024675.4:c.2567_2569del,normal
NM_024675.4:c.2566_2568del,normal
NM_024675.4:c.2564_2566del,normal
NM_024675.4:c.2562_2564del,indeterminate
NM_024675.4:c.2561_2563del,normal
NM_024675.4:c.2560_2562del,normal
NM_024675.4:c.2558_2560del,normal
NM_024675.4:c.2557_2559del,normal
NM_024675.4:c.2556_2558del,normal
NM_024675.4:c.2555_2557del,indeterminate
NM_024675.4:c.2554_2556del,normal
NM_024675.4:c.2553_2555del,normal
NM_024675.4:c.2552_2554del,normal
NM_024675.4:c.2549_2551del,normal
NM_024675.4:c.2544_2546del,normal
NM_024675.4:c.2543_2545del,normal
NM_024675.4:c.2542_2544del,normal
NM_024675.4:c.2540_2542del,normal
NM_024675.4:c.2539_2541del,normal
NM_024675.4:c.2536_2538del,normal
NM_024675.4:c.2533_2535del,normal
NM_024675.4:c.2531_2533del,normal
NM_024675.4:c.2529_2531del,normal
NM_024675.4:c.2528_2530del,normal
NM_024675.4:c.2527_2529del,normal
NM_024675.4:c.2526_2528del,indeterminate
NM_024675.4:c.2525_2527del,normal
NM_024675.4:c.2521_2523del,normal
NM_024675.4:c.2519_2521del,normal
NM_024675.4:c.2518_2520del,normal
NM_024675.4:c.2517_2519del,normal
NM_024675.4:c.2516_2518del,normal
NM_024675.4:c.2515_2517del,normal
NM_024675.4:c.2515-1_2516del,abnormal
NM_024675.4:c.2515-2_2515del,abnormal
NM_024675.4:c.2515-3_2515-1del,abnormal
NM_024675.4:c.2515-4_2515-2del,abnormal
NM_024675.4:c.2515-5_2515-3del,normal
NM_024675.4:c.2515-6_2515-4del,normal
NM_024675.4:c.2515-7_2515-5del,normal
NM_024675.4:c.2515-8_2515-6del,abnormal
NM_024675.4:c.2515-10_2515-8del,normal
NM_024675.4:c.2515-13_2515-11del,indeterminate
NM_024675.4:c.2515-15_2515-13del,normal
NM_024675.4:c.2515-16_2515-14del,normal
NM_024675.4:c.2515-17_2515-15del,normal
NM_024675.4:c.2515-18_2515-16del,normal
NM_024675.4:c.2515-19_2515-17del,normal
NM_024675.4:c.2515-20_2515-18del,normal
NM_024675.4:c.2515-21_2515-19del,normal
NM_024675.4:c.2514+20_2514+22del,indeterminate
NM_024675.4:c.2514+18_2514+20del,indeterminate
NM_024675.4:c.2514+17_2514+19del,normal
NM_024675.4:c.2514+16_2514+18del,indeterminate
NM_024675.4:c.2514+15_2514+17del,normal
NM_024675.4:c.2514+12_2514+14del,normal
NM_024675.4:c.2514+11_2514+13del,normal
NM_024675.4:c.2514+10_2514+12del,normal
NM_024675.4:c.2514+9_2514+11del,normal
NM_024675.4:c.2514+8_2514+10del,normal
NM_024675.4:c.2514+7_2514+9del,normal
NM_024675.4:c.2514+6_2514+8del,normal
NM_024675.4:c.2514+5_2514+7del,normal
NM_024675.4:c.2514+4_2514+6del,normal
NM_024675.4:c.2514+2_2514+4del,abnormal
NM_024675.4:c.2514+1_2514+3del,abnormal
NM_024675.4:c.2514_2514+2del,abnormal
NM_024675.4:c.2513_2514+1del,abnormal
NM_024675.4:c.2512_2514del,abnormal
NM_024675.4:c.2511_2513del,normal
NM_024675.4:c.2509_2511del,normal
NM_024675.4:c.2508_2510del,normal
NM_024675.4:c.2507_2509del,normal
NM_024675.4:c.2504_2506del,normal
NM_024675.4:c.2503_2505del,normal
NM_024675.4:c.2502_2504del,normal
NM_024675.4:c.2501_2503del,normal
NM_024675.4:c.2500_2502del,normal
NM_024675.4:c.2499_2501del,normal
NM_024675.4:c.2497_2499del,normal
NM_024675.4:c.2496_2498del,normal
NM_024675.4:c.2494_2496del,normal
NM_024675.4:c.2493_2495del,normal
NM_024675.4:c.2492_2494del,normal
NM_024675.4:c.2489_2491del,normal
NM_024675.4:c.2488_2490del,normal
NM_024675.4:c.2485_2487del,normal
NM_024675.4:c.2484_2486del,normal
NM_024675.4:c.2483_2485del,abnormal
NM_024675.4:c.2482_2484del,normal
NM_024675.4:c.2481_2483del,normal
NM_024675.4:c.2480_2482del,normal
NM_024675.4:c.2479_2481del,normal
NM_024675.4:c.2478_2480del,normal
NM_024675.4:c.2477_2479del,normal
NM_024675.4:c.2475_2477del,normal
NM_024675.4:c.2474_2476del,normal
NM_024675.4:c.2472_2474del,abnormal
NM_024675.4:c.2470_2472del,normal
NM_024675.4:c.2469_2471del,normal
NM_024675.4:c.2468_2470del,normal
NM_024675.4:c.2467_2469del,normal
NM_024675.4:c.2466_2468del,normal
NM_024675.4:c.2465_2467del,normal
NM_024675.4:c.2463_2465del,normal
NM_024675.4:c.2461_2463del,normal
NM_024675.4:c.2460_2462del,normal
NM_024675.4:c.2458_2460del,normal
NM_024675.4:c.2455_2457del,indeterminate
NM_024675.4:c.2454_2456del,normal
NM_024675.4:c.2453_2455del,abnormal
NM_024675.4:c.2452_2454del,normal
NM_024675.4:c.2450_2452del,normal
NM_024675.4:c.2449_2451del,normal
NM_024675.4:c.2448_2450del,normal
NM_024675.4:c.2447_2449del,normal
NM_024675.4:c.2446_2448del,normal
NM_024675.4:c.2445_2447del,normal
NM_024675.4:c.2444_2446del,normal
NM_024675.4:c.2442_2444del,normal
NM_024675.4:c.2441_2443del,normal
NM_024675.4:c.2440_2442del,indeterminate
NM_024675.4:c.2439_2441del,normal
NM_024675.4:c.2438_2440del,normal
NM_024675.4:c.2437_2439del,normal
NM_024675.4:c.2436_2438del,normal
NM_024675.4:c.2435_2437del,normal
NM_024675.4:c.2434_2436del,normal
NM_024675.4:c.2430_2432del,normal
NM_024675.4:c.2427_2429del,normal
NM_024675.4:c.2425_2427del,normal
NM_024675.4:c.2423_2425del,normal
NM_024675.4:c.2422_2424del,indeterminate
NM_024675.4:c.2420_2422del,abnormal
NM_024675.4:c.2419_2421del,normal
NM_024675.4:c.2418_2420del,normal
NM_024675.4:c.2415_2417del,normal
NM_024675.4:c.2414_2416del,normal
NM_024675.4:c.2413_2415del,indeterminate
NM_024675.4:c.2412_2414del,normal
NM_024675.4:c.2411_2413del,normal
NM_024675.4:c.2410_2412del,indeterminate
NM_024675.4:c.2409_2411del,normal
NM_024675.4:c.2408_2410del,indeterminate
NM_024675.4:c.2407_2409del,indeterminate
NM_024675.4:c.2406_2408del,indeterminate
NM_024675.4:c.2405_2407del,indeterminate
NM_024675.4:c.2404_2406del,normal
NM_024675.4:c.2403_2405del,indeterminate
NM_024675.4:c.2402_2404del,abnormal
NM_024675.4:c.2401_2403del,normal
NM_024675.4:c.2400_2402del,normal
NM_024675.4:c.2399_2401del,normal
NM_024675.4:c.2398_2400del,normal
NM_024675.4:c.2397_2399del,normal
NM_024675.4:c.2396_2398del,normal
NM_024675.4:c.2395_2397del,indeterminate
NM_024675.4:c.2392_2394del,indeterminate
NM_024675.4:c.2391_2393del,normal
NM_024675.4:c.2390_2392del,normal
NM_024675.4:c.2387_2389del,normal
NM_024675.4:c.2386_2388del,normal
NM_024675.4:c.2384_2386del,normal
NM_024675.4:c.2383_2385del,normal
NM_024675.4:c.2382_2384del,normal
NM_024675.4:c.2381_2383del,indeterminate
NM_024675.4:c.2380_2382del,indeterminate
NM_024675.4:c.2379_2381del,normal
NM_024675.4:c.2377_2379del,normal
NM_024675.4:c.2376_2378del,normal
NM_024675.4:c.2375_2377del,indeterminate
NM_024675.4:c.2374_2376del,indeterminate
NM_024675.4:c.2373_2375del,indeterminate
NM_024675.4:c.2372_2374del,normal
NM_024675.4:c.2371_2373del,abnormal
NM_024675.4:c.2370_2372del,normal
NM_024675.4:c.2369_2371del,normal
NM_024675.4:c.2368_2370del,normal
NM_024675.4:c.2367_2369del,abnormal
NM_024675.4:c.2366_2368del,normal
NM_024675.4:c.2364_2366del,normal
NM_024675.4:c.2363_2365del,normal
NM_024675.4:c.2362_2364del,indeterminate
NM_024675.4:c.2357_2359del,normal
NM_024675.4:c.2356_2358del,normal
NM_024675.4:c.2355_2357del,normal
NM_024675.4:c.2354_2356del,normal
NM_024675.4:c.2351_2353del,indeterminate
NM_024675.4:c.2350_2352del,normal
NM_024675.4:c.2348_2350del,normal
NM_024675.4:c.2347_2349del,normal
NM_024675.4:c.2344_2346del,normal
NM_024675.4:c.2343_2345del,normal
NM_024675.4:c.2342_2344del,normal
NM_024675.4:c.2341_2343del,normal
NM_024675.4:c.2338_2340del,normal
NM_024675.4:c.2337_2339del,indeterminate
NM_024675.4:c.2336_2338del,indeterminate
NM_024675.4:c.2335_2337del,normal
NM_024675.4:c.2334_2336del,normal
NM_024675.4:c.2333_2335del,indeterminate
NM_024675.4:c.2332_2334del,indeterminate
NM_024675.4:c.2331_2333del,abnormal
NM_024675.4:c.2330_2332del,abnormal
NM_024675.4:c.2329_2331del,normal
NM_024675.4:c.2327_2329del,abnormal
NM_024675.4:c.2326_2328del,normal
NM_024675.4:c.2325_2327del,normal
NM_024675.4:c.2324_2326del,indeterminate
NM_024675.4:c.2323_2325del,normal
NM_024675.4:c.2320_2322del,normal
NM_024675.4:c.2319_2321del,normal
NM_024675.4:c.2318_2320del,normal
NM_024675.4:c.2315_2317del,normal
NM_024675.4:c.2314_2316del,normal
NM_024675.4:c.2312_2314del,normal
NM_024675.4:c.2311_2313del,normal
NM_024675.4:c.2310_2312del,normal
NM_024675.4:c.2309_2311del,normal
NM_024675.4:c.2308_2310del,normal
NM_024675.4:c.2307_2309del,normal
NM_024675.4:c.2306_2308del,normal
NM_024675.4:c.2305_2307del,normal
NM_024675.4:c.2303_2305del,normal
NM_024675.4:c.2302_2304del,normal
NM_024675.4:c.2301_2303del,normal
NM_024675.4:c.2300_2302del,normal
NM_024675.4:c.2299_2301del,normal
NM_024675.4:c.2298_2300del,normal
NM_024675.4:c.2297_2299del,normal
NM_024675.4:c.2296_2298del,normal
NM_024675.4:c.2295_2297del,normal
NM_024675.4:c.2294_2296del,normal
NM_024675.4:c.2293_2295del,normal
NM_024675.4:c.2292_2294del,normal
NM_024675.4:c.2290_2292del,normal
NM_024675.4:c.2289_2291del,normal
NM_024675.4:c.2288_2290del,abnormal
NM_024675.4:c.2287_2289del,normal
NM_024675.4:c.2286_2288del,normal
NM_024675.4:c.2285_2287del,normal
NM_024675.4:c.2284_2286del,normal
NM_024675.4:c.2282_2284del,normal
NM_024675.4:c.2279_2281del,normal
NM_024675.4:c.2278_2280del,normal
NM_024675.4:c.2276_2278del,normal
NM_024675.4:c.2273_2275del,normal
NM_024675.4:c.2271_2273del,normal
NM_024675.4:c.2269_2271del,indeterminate
NM_024675.4:c.2268_2270del,abnormal
NM_024675.4:c.2267_2269del,normal
NM_024675.4:c.2266_2268del,normal
NM_024675.4:c.2262_2264del,normal
NM_024675.4:c.2261_2263del,normal
NM_024675.4:c.2260_2262del,normal
NM_024675.4:c.2259_2261del,normal
NM_024675.4:c.2258_2260del,normal
NM_024675.4:c.2257_2259del,normal
NM_024675.4:c.2254_2256del,normal
NM_024675.4:c.2253_2255del,normal
NM_024675.4:c.2252_2254del,normal
NM_024675.4:c.2249_2251del,normal
NM_024675.4:c.2247_2249del,normal
NM_024675.4:c.2246_2248del,normal
NM_024675.4:c.2243_2245del,normal
NM_024675.4:c.2242_2244del,normal
NM_024675.4:c.2241_2243del,normal
NM_024675.4:c.2239_2241del,normal
NM_024675.4:c.2238_2240del,normal
NM_024675.4:c.2236_2238del,normal
NM_024675.4:c.2234_2236del,normal
NM_024675.4:c.2233_2235del,normal
NM_024675.4:c.2230_2232del,normal
NM_024675.4:c.2229_2231del,abnormal
NM_024675.4:c.2227_2229del,normal
NM_024675.4:c.2226_2228del,normal
NM_024675.4:c.2225_2227del,normal
NM_024675.4:c.2222_2224del,normal
NM_024675.4:c.2221_2223del,normal
NM_024675.4:c.2220_2222del,normal
NM_024675.4:c.2219_2221del,normal
NM_024675.4:c.2218_2220del,normal
NM_024675.4:c.2217_2219del,normal
NM_024675.4:c.2216_2218del,normal
NM_024675.4:c.2214_2216del,normal
NM_024675.4:c.2213_2215del,normal
NM_024675.4:c.2212_2214del,indeterminate
NM_024675.4:c.2211_2213del,normal
NM_024675.4:c.2210_2212del,normal
NM_024675.4:c.2209_2211del,normal
NM_024675.4:c.2208_2210del,normal
NM_024675.4:c.2207_2209del,indeterminate
NM_024675.4:c.2206_2208del,normal
NM_024675.4:c.2205_2207del,normal
NM_024675.4:c.2203_2205del,normal
NM_024675.4:c.2202_2204del,normal
NM_024675.4:c.2200_2202del,normal
NM_024675.4:c.2195_2197del,normal
NM_024675.4:c.2194_2196del,normal
NM_024675.4:c.2193_2195del,indeterminate
NM_024675.4:c.2192_2194del,indeterminate
NM_024675.4:c.2191_2193del,normal
NM_024675.4:c.2190_2192del,normal
NM_024675.4:c.2188_2190del,normal
NM_024675.4:c.2186_2188del,normal
NM_024675.4:c.2185_2187del,normal
NM_024675.4:c.2183_2185del,indeterminate
NM_024675.4:c.2182_2184del,indeterminate
NM_024675.4:c.2181_2183del,normal
NM_024675.4:c.2180_2182del,normal
NM_024675.4:c.2179_2181del,normal
NM_024675.4:c.2176_2178del,normal
NM_024675.4:c.2175_2177del,normal
NM_024675.4:c.2173_2175del,normal
NM_024675.4:c.2172_2174del,abnormal
NM_024675.4:c.2171_2173del,normal
NM_024675.4:c.2169_2171del,normal
NM_024675.4:c.2168_2170del,normal
NM_024675.4:c.2167_2169del,normal
NM_024675.4:c.2166_2168del,normal
NM_024675.4:c.2165_2167del,normal
NM_024675.4:c.2164_2166del,normal
NM_024675.4:c.2163_2165del,normal
NM_024675.4:c.2162_2164del,normal
NM_024675.4:c.2161_2163del,normal
NM_024675.4:c.2160_2162del,abnormal
NM_024675.4:c.2155_2157del,normal
NM_024675.4:c.2154_2156del,normal
NM_024675.4:c.2153_2155del,normal
NM_024675.4:c.2152_2154del,normal
NM_024675.4:c.2151_2153del,normal
NM_024675.4:c.2150_2152del,normal
NM_024675.4:c.2149_2151del,normal
NM_024675.4:c.2148_2150del,normal
NM_024675.4:c.2146_2148del,normal
NM_024675.4:c.2143_2145del,normal
NM_024675.4:c.2138_2140del,indeterminate
NM_024675.4:c.2137_2139del,normal
NM_024675.4:c.2136_2138del,normal
NM_024675.4:c.2134_2136del,normal
NM_024675.4:c.2133_2135del,normal
NM_024675.4:c.2132_2134del,normal
NM_024675.4:c.2130_2132del,indeterminate
NM_024675.4:c.2129_2131del,normal
NM_024675.4:c.2128_2130del,normal
NM_024675.4:c.2127_2129del,normal
NM_024675.4:c.2126_2128del,normal
NM_024675.4:c.2124_2126del,normal
NM_024675.4:c.2123_2125del,normal
NM_024675.4:c.2122_2124del,normal
NM_024675.4:c.2121_2123del,normal
NM_024675.4:c.2120_2122del,normal
NM_024675.4:c.2119_2121del,normal
NM_024675.4:c.2116_2118del,normal
NM_024675.4:c.2114_2116del,normal
NM_024675.4:c.2113_2115del,normal
NM_024675.4:c.2111_2113del,normal
NM_024675.4:c.2110_2112del,normal
NM_024675.4:c.2109_2111del,normal
NM_024675.4:c.2107_2109del,normal
NM_024675.4:c.2104_2106del,normal
NM_024675.4:c.2103_2105del,normal
NM_024675.4:c.2102_2104del,normal
NM_024675.4:c.2101_2103del,abnormal
NM_024675.4:c.2097_2099del,normal
NM_024675.4:c.1785_1787del,normal
NM_024675.4:c.1784_1786del,normal
NM_024675.4:c.1782_1784del,normal
NM_024675.4:c.1781_1783del,indeterminate
NM_024675.4:c.1780_1782del,normal
NM_024675.4:c.1779_1781del,normal
NM_024675.4:c.1778_1780del,normal
NM_024675.4:c.1777_1779del,normal
NM_024675.4:c.1775_1777del,normal
NM_024675.4:c.1774_1776del,normal
NM_024675.4:c.1773_1775del,normal
NM_024675.4:c.1772_1774del,normal
NM_024675.4:c.1771_1773del,normal
NM_024675.4:c.1770_1772del,normal
NM_024675.4:c.1768_1770del,normal
NM_024675.4:c.1767_1769del,normal
NM_024675.4:c.1765_1767del,normal
NM_024675.4:c.1762_1764del,normal
NM_024675.4:c.1761_1763del,normal
NM_024675.4:c.1760_1762del,normal
NM_024675.4:c.1759_1761del,normal
NM_024675.4:c.1757_1759del,normal
NM_024675.4:c.1749_1751del,normal
NM_024675.4:c.1748_1750del,normal
NM_024675.4:c.1747_1749del,normal
NM_024675.4:c.1746_1748del,normal
NM_024675.4:c.1745_1747del,normal
NM_024675.4:c.1743_1745del,normal
NM_024675.4:c.1742_1744del,normal
NM_024675.4:c.1740_1742del,abnormal
NM_024675.4:c.1739_1741del,normal
NM_024675.4:c.1736_1738del,normal
NM_024675.4:c.1735_1737del,normal
NM_024675.4:c.1733_1735del,normal
NM_024675.4:c.1732_1734del,normal
NM_024675.4:c.1730_1732del,normal
NM_024675.4:c.1727_1729del,normal
NM_024675.4:c.1725_1727del,normal
NM_024675.4:c.1723_1725del,normal
NM_024675.4:c.1722_1724del,normal
NM_024675.4:c.1721_1723del,normal
NM_024675.4:c.1718_1720del,normal
NM_024675.4:c.1717_1719del,normal
NM_024675.4:c.1716_1718del,normal
NM_024675.4:c.1715_1717del,indeterminate
NM_024675.4:c.1714_1716del,normal
NM_024675.4:c.1712_1714del,normal
NM_024675.4:c.1711_1713del,normal
NM_024675.4:c.1710_1712del,normal
NM_024675.4:c.1707_1709del,normal
NM_024675.4:c.1705_1707del,normal
NM_024675.4:c.1702_1704del,normal
NM_024675.4:c.1701_1703del,normal
NM_024675.4:c.1697_1699del,normal
NM_024675.4:c.1693_1695del,normal
NM_024675.4:c.1692_1694del,normal
NM_024675.4:c.1691_1693del,normal
NM_024675.4:c.1689_1691del,normal
NM_024675.4:c.1685_1687del,normal
NM_024675.4:c.1685-1_1686del,abnormal
NM_024675.4:c.1685-2_1685del,abnormal
NM_024675.4:c.1685-3_1685-1del,abnormal
NM_024675.4:c.1685-4_1685-2del,abnormal
NM_024675.4:c.1685-5_1685-3del,indeterminate
NM_024675.4:c.1685-6_1685-4del,normal
NM_024675.4:c.1685-12_1685-10del,normal
NM_024675.4:c.1685-15_1685-13del,normal
NM_024675.4:c.1684+39_1684+41del,normal
NM_024675.4:c.1684+17_1684+19del,normal
NM_024675.4:c.1684+16_1684+18del,normal
NM_024675.4:c.1684+15_1684+17del,normal
NM_024675.4:c.1684+13_1684+15del,normal
NM_024675.4:c.1684+12_1684+14del,normal
NM_024675.4:c.1684+11_1684+13del,normal
NM_024675.4:c.1684+9_1684+11del,normal
NM_024675.4:c.1684+7_1684+9del,normal
NM_024675.4:c.1684+6_1684+8del,normal
NM_024675.4:c.1684+4_1684+6del,indeterminate
NM_024675.4:c.1684+3_1684+5del,abnormal
NM_024675.4:c.1684+2_1684+4del,indeterminate
NM_024675.4:c.1684+1_1684+3del,abnormal
NM_024675.4:c.1684_1684+2del,abnormal
NM_024675.4:c.1683_1684+1del,abnormal
NM_024675.4:c.1682_1684del,abnormal
NM_024675.4:c.1681_1683del,abnormal
NM_024675.4:c.1680_1682del,abnormal
NM_024675.4:c.1679_1681del,indeterminate
NM_024675.4:c.1678_1680del,normal
NM_024675.4:c.1677_1679del,normal
NM_024675.4:c.1676_1678del,normal
NM_024675.4:c.1675_1677del,normal
NM_024675.4:c.1674_1676del,indeterminate
NM_024675.4:c.1673_1675del,normal
NM_024675.4:c.1672_1674del,normal
NM_024675.4:c.1669_1671del,indeterminate
NM_024675.4:c.1668_1670del,normal
NM_024675.4:c.1664_1666del,normal
NM_024675.4:c.1663_1665del,normal
NM_024675.4:c.1660_1662del,normal
NM_024675.4:c.1659_1661del,normal
NM_024675.4:c.1657_1659del,normal
NM_024675.4:c.1656_1658del,normal
NM_024675.4:c.1653_1655del,abnormal
NM_024675.4:c.1651_1653del,abnormal
NM_024675.4:c.1650_1652del,normal
NM_024675.4:c.1648_1650del,normal
NM_024675.4:c.1647_1649del,normal
NM_024675.4:c.1645_1647del,normal
NM_024675.4:c.1644_1646del,normal
NM_024675.4:c.1643_1645del,normal
NM_024675.4:c.1642_1644del,indeterminate
NM_024675.4:c.1641_1643del,normal
NM_024675.4:c.1639_1641del,normal
NM_024675.4:c.1637_1639del,normal
NM_024675.4:c.1636_1638del,normal
NM_024675.4:c.1635_1637del,normal
NM_024675.4:c.1634_1636del,normal
NM_024675.4:c.1629_1631del,normal
NM_024675.4:c.1627_1629del,indeterminate
NM_024675.4:c.1626_1628del,normal
NM_024675.4:c.1625_1627del,abnormal
NM_024675.4:c.1624_1626del,normal
NM_024675.4:c.1623_1625del,normal
NM_024675.4:c.1622_1624del,normal
NM_024675.4:c.1621_1623del,normal
NM_024675.4:c.1620_1622del,normal
NM_024675.4:c.1619_1621del,normal
NM_024675.4:c.1617_1619del,normal
NM_024675.4:c.1616_1618del,normal
NM_024675.4:c.1615_1617del,normal
NM_024675.4:c.1612_1614del,normal
NM_024675.4:c.1611_1613del,normal
NM_024675.4:c.1610_1612del,indeterminate
NM_024675.4:c.1609_1611del,normal
NM_024675.4:c.1607_1609del,indeterminate
NM_024675.4:c.1606_1608del,normal
NM_024675.4:c.1605_1607del,normal
NM_024675.4:c.1604_1606del,normal
NM_024675.4:c.1603_1605del,normal
NM_024675.4:c.1602_1604del,normal
NM_024675.4:c.1601_1603del,normal
NM_024675.4:c.1600_1602del,normal
NM_024675.4:c.1596_1598del,normal
NM_024675.4:c.1594_1596del,normal
NM_024675.4:c.1593_1595del,normal
NM_024675.4:c.1592_1594del,normal
NM_024675.4:c.1591_1593del,normal
NM_024675.4:c.1590_1592del,normal
NM_024675.4:c.1588_1590del,normal
NM_024675.4:c.1587_1589del,normal
NM_024675.4:c.1586_1588del,normal
NM_024675.4:c.1583_1585del,normal
NM_024675.4:c.1582_1584del,normal
NM_024675.4:c.1581_1583del,abnormal
NM_024675.4:c.1580_1582del,abnormal
NM_024675.4:c.1579_1581del,normal
NM_024675.4:c.1577_1579del,normal
NM_024675.4:c.1576_1578del,normal
NM_024675.4:c.1573_1575del,normal
NM_024675.4:c.1572_1574del,normal
NM_024675.4:c.1571_1573del,normal
NM_024675.4:c.1570_1572del,normal
NM_024675.4:c.1567_1569del,normal
NM_024675.4:c.1564_1566del,normal
NM_024675.4:c.1563_1565del,normal
NM_024675.4:c.1561_1563del,normal
NM_024675.4:c.1559_1561del,normal
NM_024675.4:c.1558_1560del,normal
NM_024675.4:c.1556_1558del,normal
NM_024675.4:c.1555_1557del,normal
NM_024675.4:c.1554_1556del,normal
NM_024675.4:c.1552_1554del,normal
NM_024675.4:c.1550_1552del,normal
NM_024675.4:c.1549_1551del,normal
NM_024675.4:c.1547_1549del,normal
NM_024675.4:c.1544_1546del,normal
NM_024675.4:c.1541_1543del,normal
NM_024675.4:c.1540_1542del,normal
NM_024675.4:c.1538_1540del,normal
NM_024675.4:c.1537_1539del,normal
NM_024675.4:c.1536_1538del,abnormal
NM_024675.4:c.1535_1537del,normal
NM_024675.4:c.1534_1536del,normal
NM_024675.4:c.1533_1535del,normal
NM_024675.4:c.1532_1534del,normal
NM_024675.4:c.1531_1533del,normal
NM_024675.4:c.1527_1529del,normal
NM_024675.4:c.1525_1527del,normal
NM_024675.4:c.1523_1525del,normal
NM_024675.4:c.1522_1524del,normal
NM_024675.4:c.1521_1523del,normal
NM_024675.4:c.1519_1521del,indeterminate
NM_024675.4:c.1517_1519del,normal
NM_024675.4:c.1516_1518del,normal
NM_024675.4:c.1515_1517del,normal
NM_024675.4:c.1514_1516del,normal
NM_024675.4:c.1513_1515del,normal
NM_024675.4:c.1511_1513del,normal
NM_024675.4:c.1509_1511del,normal
NM_024675.4:c.1508_1510del,normal
NM_024675.4:c.1506_1508del,indeterminate
NM_024675.4:c.1505_1507del,normal
NM_024675.4:c.1504_1506del,normal
NM_024675.4:c.1502_1504del,normal
NM_024675.4:c.1500_1502del,normal
NM_024675.4:c.1499_1501del,normal
NM_024675.4:c.1498_1500del,normal
NM_024675.4:c.1497_1499del,indeterminate
NM_024675.4:c.1496_1498del,normal
NM_024675.4:c.1494_1496del,normal
NM_024675.4:c.1493_1495del,indeterminate
NM_024675.4:c.1492_1494del,normal
NM_024675.4:c.1491_1493del,normal
NM_024675.4:c.1489_1491del,normal
NM_024675.4:c.1486_1488del,indeterminate
NM_024675.4:c.1485_1487del,normal
NM_024675.4:c.1482_1484del,normal
NM_024675.4:c.1481_1483del,normal
NM_024675.4:c.1480_1482del,normal
NM_024675.4:c.1479_1481del,normal
NM_024675.4:c.1476_1478del,normal
NM_024675.4:c.1475_1477del,normal
NM_024675.4:c.1474_1476del,normal
NM_024675.4:c.1472_1474del,normal
NM_024675.4:c.1470_1472del,normal
NM_024675.4:c.1468_1470del,normal
NM_024675.4:c.1467_1469del,normal
NM_024675.4:c.1465_1467del,normal
NM_024675.4:c.1464_1466del,normal
NM_024675.4:c.1463_1465del,indeterminate
NM_024675.4:c.1462_1464del,normal
NM_024675.4:c.1460_1462del,normal
NM_024675.4:c.1459_1461del,normal
NM_024675.4:c.1458_1460del,normal
NM_024675.4:c.1457_1459del,normal
NM_024675.4:c.1456_1458del,normal
NM_024675.4:c.1455_1457del,normal
NM_024675.4:c.1454_1456del,normal
NM_024675.4:c.1452_1454del,normal
NM_024675.4:c.1451_1453del,normal
NM_024675.4:c.1450_1452del,normal
NM_024675.4:c.1448_1450del,normal
NM_024675.4:c.1446_1448del,normal
NM_024675.4:c.1445_1447del,normal
NM_024675.4:c.1444_1446del,normal
NM_024675.4:c.1443_1445del,normal
NM_024675.4:c.1440_1442del,normal
NM_024675.4:c.1439_1441del,normal
NM_024675.4:c.1438_1440del,normal
NM_024675.4:c.1437_1439del,normal
NM_024675.4:c.1435_1437del,normal
NM_024675.4:c.1434_1436del,normal
NM_024675.4:c.1433_1435del,abnormal
NM_024675.4:c.1432_1434del,normal
NM_024675.4:c.1431_1433del,normal
NM_024675.4:c.1429_1431del,normal
NM_024675.4:c.1427_1429del,normal
NM_024675.4:c.1424_1426del,abnormal
NM_024675.4:c.1423_1425del,normal
NM_024675.4:c.1422_1424del,normal
NM_024675.4:c.1421_1423del,normal
NM_024675.4:c.1420_1422del,normal
NM_024675.4:c.1419_1421del,normal
NM_024675.4:c.1418_1420del,normal
NM_024675.4:c.1417_1419del,normal
NM_024675.4:c.1415_1417del,normal
NM_024675.4:c.1412_1414del,normal
NM_024675.4:c.1411_1413del,normal
NM_024675.4:c.1409_1411del,normal
NM_024675.4:c.1408_1410del,normal
NM_024675.4:c.1407_1409del,abnormal
NM_024675.4:c.1406_1408del,indeterminate
NM_024675.4:c.1405_1407del,normal
NM_024675.4:c.1404_1406del,normal
NM_024675.4:c.1403_1405del,normal
NM_024675.4:c.1402_1404del,normal
NM_024675.4:c.1401_1403del,indeterminate
NM_024675.4:c.1400_1402del,normal
NM_024675.4:c.1399_1401del,normal
NM_024675.4:c.1398_1400del,normal
NM_024675.4:c.1397_1399del,normal
NM_024675.4:c.1396_1398del,normal
NM_024675.4:c.1395_1397del,normal
NM_024675.4:c.1394_1396del,normal
NM_024675.4:c.1393_1395del,normal
NM_024675.4:c.1391_1393del,normal
NM_024675.4:c.1389_1391del,normal
NM_024675.4:c.1388_1390del,normal
NM_024675.4:c.1386_1388del,normal
NM_024675.4:c.1385_1387del,normal
NM_024675.4:c.1384_1386del,normal
NM_024675.4:c.1383_1385del,normal
NM_024675.4:c.1382_1384del,normal
NM_024675.4:c.1381_1383del,normal
NM_024675.4:c.1380_1382del,normal
NM_024675.4:c.1379_1381del,normal
NM_024675.4:c.1378_1380del,normal
NM_024675.4:c.1377_1379del,normal
NM_024675.4:c.1375_1377del,normal
NM_024675.4:c.1374_1376del,normal
NM_024675.4:c.1373_1375del,normal
NM_024675.4:c.1372_1374del,indeterminate
NM_024675.4:c.1371_1373del,normal
NM_024675.4:c.1370_1372del,normal
NM_024675.4:c.1369_1371del,normal
NM_024675.4:c.1368_1370del,normal
NM_024675.4:c.1365_1367del,normal
NM_024675.4:c.1363_1365del,indeterminate
NM_024675.4:c.1362_1364del,normal
NM_024675.4:c.1361_1363del,normal
NM_024675.4:c.1360_1362del,indeterminate
NM_024675.4:c.1359_1361del,normal
NM_024675.4:c.1358_1360del,normal
NM_024675.4:c.1357_1359del,normal
NM_024675.4:c.1356_1358del,normal
NM_024675.4:c.1355_1357del,normal
NM_024675.4:c.1354_1356del,normal
NM_024675.4:c.1353_1355del,normal
NM_024675.4:c.1352_1354del,normal
NM_024675.4:c.1351_1353del,normal
NM_024675.4:c.1350_1352del,normal
NM_024675.4:c.1349_1351del,normal
NM_024675.4:c.1348_1350del,normal
NM_024675.4:c.1347_1349del,normal
NM_024675.4:c.1344_1346del,normal
NM_024675.4:c.1343_1345del,indeterminate
NM_024675.4:c.1341_1343del,normal
NM_024675.4:c.1340_1342del,normal
NM_024675.4:c.1339_1341del,normal
NM_024675.4:c.1338_1340del,normal
NM_024675.4:c.1337_1339del,normal
NM_024675.4:c.1335_1337del,normal
NM_024675.4:c.1333_1335del,normal
NM_024675.4:c.1332_1334del,normal
NM_024675.4:c.1329_1331del,normal
NM_024675.4:c.1326_1328del,normal
NM_024675.4:c.1323_1325del,normal
NM_024675.4:c.1320_1322del,normal
NM_024675.4:c.1319_1321del,abnormal
NM_024675.4:c.1318_1320del,normal
NM_024675.4:c.1317_1319del,normal
NM_024675.4:c.1316_1318del,indeterminate
NM_024675.4:c.1315_1317del,normal
NM_024675.4:c.1313_1315del,normal
NM_024675.4:c.1312_1314del,normal
NM_024675.4:c.1308_1310del,indeterminate
NM_024675.4:c.1305_1307del,normal
NM_024675.4:c.1304_1306del,indeterminate
NM_024675.4:c.1303_1305del,normal
NM_024675.4:c.1302_1304del,normal
NM_024675.4:c.1301_1303del,normal
NM_024675.4:c.1299_1301del,normal
NM_024675.4:c.1298_1300del,normal
NM_024675.4:c.1297_1299del,normal
NM_024675.4:c.1296_1298del,normal
NM_024675.4:c.1295_1297del,normal
NM_024675.4:c.1294_1296del,normal
NM_024675.4:c.1292_1294del,normal
NM_024675.4:c.1291_1293del,normal
NM_024675.4:c.1290_1292del,normal
NM_024675.4:c.1289_1291del,normal
NM_024675.4:c.1288_1290del,indeterminate
NM_024675.4:c.1287_1289del,normal
NM_024675.4:c.1286_1288del,normal
NM_024675.4:c.1285_1287del,normal
NM_024675.4:c.1284_1286del,normal
NM_024675.4:c.1282_1284del,normal
NM_024675.4:c.1281_1283del,normal
NM_024675.4:c.1280_1282del,normal
NM_024675.4:c.1278_1280del,normal
NM_024675.4:c.1277_1279del,normal
NM_024675.4:c.1269_1271del,normal
NM_024675.4:c.1268_1270del,normal
NM_024675.4:c.1265_1267del,normal
NM_024675.4:c.1264_1266del,normal
NM_024675.4:c.1263_1265del,indeterminate
NM_024675.4:c.1262_1264del,normal
NM_024675.4:c.1259_1261del,indeterminate
NM_024675.4:c.1258_1260del,normal
NM_024675.4:c.1257_1259del,indeterminate
NM_024675.4:c.1256_1258del,abnormal
NM_024675.4:c.1255_1257del,normal
NM_024675.4:c.1254_1256del,normal
NM_024675.4:c.1253_1255del,normal
NM_024675.4:c.1252_1254del,normal
NM_024675.4:c.1251_1253del,normal
NM_024675.4:c.1250_1252del,normal
NM_024675.4:c.1249_1251del,normal
NM_024675.4:c.1248_1250del,indeterminate
NM_024675.4:c.1247_1249del,normal
NM_024675.4:c.1246_1248del,normal
NM_024675.4:c.1245_1247del,normal
NM_024675.4:c.1244_1246del,indeterminate
NM_024675.4:c.1242_1244del,normal
NM_024675.4:c.1240_1242del,normal
NM_024675.4:c.1238_1240del,normal
NM_024675.4:c.1237_1239del,normal
NM_024675.4:c.1232_1234del,normal
NM_024675.4:c.1230_1232del,normal
NM_024675.4:c.1229_1231del,normal
NM_024675.4:c.1228_1230del,normal
NM_024675.4:c.1226_1228del,normal
NM_024675.4:c.1225_1227del,normal
NM_024675.4:c.1221_1223del,normal
NM_024675.4:c.1219_1221del,normal
NM_024675.4:c.1217_1219del,indeterminate
NM_024675.4:c.1215_1217del,indeterminate
NM_024675.4:c.1213_1215del,normal
NM_024675.4:c.1211_1213del,indeterminate
NM_024675.4:c.1210_1212del,normal
NM_024675.4:c.1209_1211del,normal
NM_024675.4:c.1207_1209del,normal
NM_024675.4:c.1206_1208del,normal
NM_024675.4:c.1203_1205del,normal
NM_024675.4:c.1202_1204del,normal
NM_024675.4:c.1201_1203del,normal
NM_024675.4:c.1199_1201del,normal
NM_024675.4:c.1197_1199del,normal
NM_024675.4:c.1196_1198del,normal
NM_024675.4:c.1195_1197del,normal
NM_024675.4:c.1194_1196del,normal
NM_024675.4:c.1193_1195del,normal
NM_024675.4:c.1192_1194del,indeterminate
NM_024675.4:c.1191_1193del,normal
NM_024675.4:c.1190_1192del,indeterminate
NM_024675.4:c.1189_1191del,normal
NM_024675.4:c.1188_1190del,abnormal
NM_024675.4:c.1187_1189del,normal
NM_024675.4:c.1186_1188del,indeterminate
NM_024675.4:c.1185_1187del,normal
NM_024675.4:c.1184_1186del,normal
NM_024675.4:c.1181_1183del,normal
NM_024675.4:c.1180_1182del,normal
NM_024675.4:c.1179_1181del,normal
NM_024675.4:c.1177_1179del,normal
NM_024675.4:c.1174_1176del,normal
NM_024675.4:c.1172_1174del,normal
NM_024675.4:c.1170_1172del,normal
NM_024675.4:c.1168_1170del,normal
NM_024675.4:c.1166_1168del,normal
NM_024675.4:c.1165_1167del,normal
NM_024675.4:c.1163_1165del,normal
NM_024675.4:c.1159_1161del,normal
NM_024675.4:c.1158_1160del,normal
NM_024675.4:c.1156_1158del,abnormal
NM_024675.4:c.1153_1155del,normal
NM_024675.4:c.1151_1153del,normal
NM_024675.4:c.1149_1151del,normal
NM_024675.4:c.1148_1150del,normal
NM_024675.4:c.1147_1149del,normal
NM_024675.4:c.1146_1148del,normal
NM_024675.4:c.1145_1147del,indeterminate
NM_024675.4:c.1144_1146del,abnormal
NM_024675.4:c.1143_1145del,normal
NM_024675.4:c.1142_1144del,normal
NM_024675.4:c.1141_1143del,normal
NM_024675.4:c.1139_1141del,normal
NM_024675.4:c.1138_1140del,indeterminate
NM_024675.4:c.1137_1139del,normal
NM_024675.4:c.1136_1138del,normal
NM_024675.4:c.1134_1136del,normal
NM_024675.4:c.1133_1135del,normal
NM_024675.4:c.1132_1134del,abnormal
NM_024675.4:c.1131_1133del,normal
NM_024675.4:c.1130_1132del,normal
NM_024675.4:c.1128_1130del,indeterminate
NM_024675.4:c.1127_1129del,normal
NM_024675.4:c.1126_1128del,normal
NM_024675.4:c.1125_1127del,normal
NM_024675.4:c.1124_1126del,normal
NM_024675.4:c.1123_1125del,indeterminate
NM_024675.4:c.1122_1124del,normal
NM_024675.4:c.1120_1122del,normal
NM_024675.4:c.1119_1121del,normal
NM_024675.4:c.1118_1120del,normal
NM_024675.4:c.1117_1119del,normal
NM_024675.4:c.1116_1118del,normal
NM_024675.4:c.1115_1117del,normal
NM_024675.4:c.1114_1116del,indeterminate
NM_024675.4:c.1113_1115del,normal
NM_024675.4:c.1112_1114del,normal
NM_024675.4:c.1111_1113del,normal
NM_024675.4:c.1110_1112del,normal
NM_024675.4:c.1108_1110del,indeterminate
NM_024675.4:c.1107_1109del,normal
NM_024675.4:c.1106_1108del,normal
NM_024675.4:c.1103_1105del,indeterminate
NM_024675.4:c.1102_1104del,normal
NM_024675.4:c.1101_1103del,normal
NM_024675.4:c.1099_1101del,indeterminate
NM_024675.4:c.1098_1100del,normal
NM_024675.4:c.1096_1098del,indeterminate
NM_024675.4:c.1095_1097del,normal
NM_024675.4:c.1092_1094del,normal
NM_024675.4:c.1088_1090del,normal
NM_024675.4:c.1085_1087del,normal
NM_024675.4:c.1084_1086del,normal
NM_024675.4:c.1082_1084del,normal
NM_024675.4:c.1081_1083del,normal
NM_024675.4:c.1080_1082del,normal
NM_024675.4:c.1079_1081del,normal
NM_024675.4:c.1078_1080del,normal
NM_024675.4:c.1077_1079del,normal
NM_024675.4:c.1076_1078del,normal
NM_024675.4:c.1075_1077del,normal
NM_024675.4:c.1074_1076del,normal
NM_024675.4:c.1073_1075del,normal
NM_024675.4:c.1072_1074del,normal
NM_024675.4:c.1071_1073del,normal
NM_024675.4:c.1069_1071del,normal
NM_024675.4:c.1068_1070del,normal
NM_024675.4:c.1067_1069del,normal
NM_024675.4:c.1066_1068del,normal
NM_024675.4:c.1064_1066del,abnormal
NM_024675.4:c.1063_1065del,normal
NM_024675.4:c.1062_1064del,normal
NM_024675.4:c.1061_1063del,normal
NM_024675.4:c.1059_1061del,normal
NM_024675.4:c.1058_1060del,normal
NM_024675.4:c.1057_1059del,indeterminate
NM_024675.4:c.1056_1058del,normal
NM_024675.4:c.1054_1056del,normal
NM_024675.4:c.1053_1055del,normal
NM_024675.4:c.1052_1054del,normal
NM_024675.4:c.1051_1053del,normal
NM_024675.4:c.1049_1051del,normal
NM_024675.4:c.1048_1050del,normal
NM_024675.4:c.1047_1049del,normal
NM_024675.4:c.1045_1047del,normal
NM_024675.4:c.1044_1046del,normal
NM_024675.4:c.1042_1044del,normal
NM_024675.4:c.1039_1041del,normal
NM_024675.4:c.1036_1038del,normal
NM_024675.4:c.1034_1036del,abnormal
NM_024675.4:c.1033_1035del,normal
NM_024675.4:c.1032_1034del,normal
NM_024675.4:c.1031_1033del,normal
NM_024675.4:c.1030_1032del,normal
NM_024675.4:c.1029_1031del,normal
NM_024675.4:c.1027_1029del,normal
NM_024675.4:c.1026_1028del,normal
NM_024675.4:c.1024_1026del,normal
NM_024675.4:c.1023_1025del,normal
NM_024675.4:c.1021_1023del,normal
NM_024675.4:c.1020_1022del,normal
NM_024675.4:c.1018_1020del,normal
NM_024675.4:c.1017_1019del,normal
NM_024675.4:c.1016_1018del,normal
NM_024675.4:c.1015_1017del,normal
NM_024675.4:c.1012_1014del,normal
NM_024675.4:c.1010_1012del,normal
NM_024675.4:c.1009_1011del,normal
NM_024675.4:c.1008_1010del,normal
NM_024675.4:c.1007_1009del,normal
NM_024675.4:c.1006_1008del,normal
NM_024675.4:c.1005_1007del,normal
NM_024675.4:c.1002_1004del,normal
NM_024675.4:c.1000_1002del,normal
NM_024675.4:c.998_1000del,normal
NM_024675.4:c.997_999del,normal
NM_024675.4:c.995_997del,normal
NM_024675.4:c.994_996del,normal
NM_024675.4:c.993_995del,normal
NM_024675.4:c.992_994del,normal
NM_024675.4:c.991_993del,normal
NM_024675.4:c.990_992del,normal
NM_024675.4:c.988_990del,normal
NM_024675.4:c.987_989del,normal
NM_024675.4:c.986_988del,normal
NM_024675.4:c.985_987del,normal
NM_024675.4:c.984_986del,normal
NM_024675.4:c.983_985del,normal
NM_024675.4:c.982_984del,normal
NM_024675.4:c.980_982del,normal
NM_024675.4:c.978_980del,normal
NM_024675.4:c.977_979del,normal
NM_024675.4:c.975_977del,normal
NM_024675.4:c.974_976del,normal
NM_024675.4:c.973_975del,normal
NM_024675.4:c.971_973del,normal
NM_024675.4:c.969_971del,normal
NM_024675.4:c.968_970del,normal
NM_024675.4:c.967_969del,normal
NM_024675.4:c.966_968del,normal
NM_024675.4:c.965_967del,normal
NM_024675.4:c.963_965del,normal
NM_024675.4:c.962_964del,abnormal
NM_024675.4:c.961_963del,normal
NM_024675.4:c.960_962del,normal
NM_024675.4:c.959_961del,normal
NM_024675.4:c.958_960del,normal
NM_024675.4:c.956_958del,normal
NM_024675.4:c.955_957del,normal
NM_024675.4:c.953_955del,normal
NM_024675.4:c.952_954del,normal
NM_024675.4:c.951_953del,normal
NM_024675.4:c.950_952del,normal
NM_024675.4:c.948_950del,normal
NM_024675.4:c.946_948del,normal
NM_024675.4:c.945_947del,normal
NM_024675.4:c.944_946del,normal
NM_024675.4:c.942_944del,normal
NM_024675.4:c.941_943del,normal
NM_024675.4:c.939_941del,normal
NM_024675.4:c.938_940del,normal
NM_024675.4:c.937_939del,normal
NM_024675.4:c.934_936del,normal
NM_024675.4:c.933_935del,normal
NM_024675.4:c.932_934del,indeterminate
NM_024675.4:c.930_932del,normal
NM_024675.4:c.929_931del,normal
NM_024675.4:c.927_929del,normal
NM_024675.4:c.926_928del,normal
NM_024675.4:c.924_926del,normal
NM_024675.4:c.923_925del,normal
NM_024675.4:c.922_924del,normal
NM_024675.4:c.921_923del,indeterminate
NM_024675.4:c.920_922del,normal
NM_024675.4:c.919_921del,normal
NM_024675.4:c.918_920del,normal
NM_024675.4:c.915_917del,normal
NM_024675.4:c.914_916del,normal
NM_024675.4:c.913_915del,normal
NM_024675.4:c.912_914del,normal
NM_024675.4:c.910_912del,normal
NM_024675.4:c.909_911del,normal
NM_024675.4:c.905_907del,abnormal
NM_024675.4:c.904_906del,normal
NM_024675.4:c.903_905del,normal
NM_024675.4:c.901_903del,normal
NM_024675.4:c.900_902del,normal
NM_024675.4:c.899_901del,indeterminate
NM_024675.4:c.898_900del,normal
NM_024675.4:c.897_899del,normal
NM_024675.4:c.895_897del,normal
NM_024675.4:c.894_896del,indeterminate
NM_024675.4:c.893_895del,indeterminate
NM_024675.4:c.892_894del,normal
NM_024675.4:c.891_893del,normal
NM_024675.4:c.890_892del,normal
NM_024675.4:c.889_891del,normal
NM_024675.4:c.888_890del,normal
NM_024675.4:c.887_889del,normal
NM_024675.4:c.885_887del,indeterminate
NM_024675.4:c.884_886del,normal
NM_024675.4:c.879_881del,normal
NM_024675.4:c.878_880del,normal
NM_024675.4:c.877_879del,normal
NM_024675.4:c.876_878del,normal
NM_024675.4:c.875_877del,normal
NM_024675.4:c.874_876del,normal
NM_024675.4:c.872_874del,normal
NM_024675.4:c.866_868del,abnormal
NM_024675.4:c.865_867del,normal
NM_024675.4:c.864_866del,normal
NM_024675.4:c.863_865del,normal
NM_024675.4:c.862_864del,normal
NM_024675.4:c.861_863del,normal
NM_024675.4:c.860_862del,normal
NM_024675.4:c.859_861del,normal
NM_024675.4:c.858_860del,normal
NM_024675.4:c.857_859del,normal
NM_024675.4:c.856_858del,normal
NM_024675.4:c.855_857del,normal
NM_024675.4:c.853_855del,normal
NM_024675.4:c.852_854del,normal
NM_024675.4:c.850_852del,normal
NM_024675.4:c.848_850del,indeterminate
NM_024675.4:c.847_849del,normal
NM_024675.4:c.846_848del,normal
NM_024675.4:c.845_847del,normal
NM_024675.4:c.844_846del,normal
NM_024675.4:c.843_845del,normal
NM_024675.4:c.842_844del,normal
NM_024675.4:c.840_842del,normal
NM_024675.4:c.839_841del,normal
NM_024675.4:c.837_839del,normal
NM_024675.4:c.833_835del,normal
NM_024675.4:c.832_834del,normal
NM_024675.4:c.831_833del,normal
NM_024675.4:c.830_832del,normal
NM_024675.4:c.829_831del,normal
NM_024675.4:c.826_828del,normal
NM_024675.4:c.825_827del,normal
NM_024675.4:c.824_826del,normal
NM_024675.4:c.823_825del,normal
NM_024675.4:c.818_820del,normal
NM_024675.4:c.817_819del,normal
NM_024675.4:c.816_818del,normal
NM_024675.4:c.815_817del,normal
NM_024675.4:c.814_816del,normal
NM_024675.4:c.813_815del,normal
NM_024675.4:c.812_814del,normal
NM_024675.4:c.811_813del,normal
NM_024675.4:c.810_812del,normal
NM_024675.4:c.807_809del,normal
NM_024675.4:c.805_807del,normal
NM_024675.4:c.804_806del,normal
NM_024675.4:c.803_805del,normal
NM_024675.4:c.802_804del,normal
NM_024675.4:c.801_803del,normal
NM_024675.4:c.800_802del,normal
NM_024675.4:c.799_801del,normal
NM_024675.4:c.794_796del,normal
NM_024675.4:c.793_795del,indeterminate
NM_024675.4:c.792_794del,normal
NM_024675.4:c.791_793del,normal
NM_024675.4:c.790_792del,normal
NM_024675.4:c.789_791del,normal
NM_024675.4:c.787_789del,normal
NM_024675.4:c.786_788del,normal
NM_024675.4:c.785_787del,normal
NM_024675.4:c.784_786del,normal
NM_024675.4:c.783_785del,normal
NM_024675.4:c.782_784del,normal
NM_024675.4:c.780_782del,normal
NM_024675.4:c.777_779del,normal
NM_024675.4:c.776_778del,normal
NM_024675.4:c.775_777del,normal
NM_024675.4:c.769_771del,normal
NM_024675.4:c.768_770del,normal
NM_024675.4:c.766_768del,normal
NM_024675.4:c.765_767del,normal
NM_024675.4:c.764_766del,normal
NM_024675.4:c.763_765del,normal
NM_024675.4:c.762_764del,normal
NM_024675.4:c.761_763del,indeterminate
NM_024675.4:c.760_762del,normal
NM_024675.4:c.758_760del,normal
NM_024675.4:c.757_759del,normal
NM_024675.4:c.756_758del,normal
NM_024675.4:c.755_757del,normal
NM_024675.4:c.754_756del,normal
NM_024675.4:c.753_755del,normal
NM_024675.4:c.752_754del,normal
NM_024675.4:c.751_753del,normal
NM_024675.4:c.750_752del,normal
NM_024675.4:c.749_751del,abnormal
NM_024675.4:c.748_750del,normal
NM_024675.4:c.747_749del,normal
NM_024675.4:c.746_748del,normal
NM_024675.4:c.745_747del,normal
NM_024675.4:c.743_745del,normal
NM_024675.4:c.742_744del,normal
NM_024675.4:c.741_743del,normal
NM_024675.4:c.740_742del,normal
NM_024675.4:c.739_741del,normal
NM_024675.4:c.738_740del,normal
NM_024675.4:c.735_737del,normal
NM_024675.4:c.733_735del,normal
NM_024675.4:c.731_733del,normal
NM_024675.4:c.729_731del,normal
NM_024675.4:c.728_730del,normal
NM_024675.4:c.725_727del,normal
NM_024675.4:c.724_726del,normal
NM_024675.4:c.723_725del,normal
NM_024675.4:c.722_724del,normal
NM_024675.4:c.721_723del,normal
NM_024675.4:c.719_721del,normal
NM_024675.4:c.718_720del,normal
NM_024675.4:c.717_719del,normal
NM_024675.4:c.716_718del,normal
NM_024675.4:c.715_717del,normal
NM_024675.4:c.710_712del,normal
NM_024675.4:c.709_711del,normal
NM_024675.4:c.708_710del,normal
NM_024675.4:c.706_708del,normal
NM_024675.4:c.705_707del,normal
NM_024675.4:c.704_706del,normal
NM_024675.4:c.703_705del,normal
NM_024675.4:c.702_704del,normal
NM_024675.4:c.701_703del,normal
NM_024675.4:c.700_702del,normal
NM_024675.4:c.698_700del,normal
NM_024675.4:c.695_697del,normal
NM_024675.4:c.693_695del,normal
NM_024675.4:c.692_694del,normal
NM_024675.4:c.691_693del,normal
NM_024675.4:c.688_690del,normal
NM_024675.4:c.686_688del,normal
NM_024675.4:c.685_687del,normal
NM_024675.4:c.683_685del,normal
NM_024675.4:c.681_683del,normal
NM_024675.4:c.680_682del,normal
NM_024675.4:c.679_681del,indeterminate
NM_024675.4:c.678_680del,normal
NM_024675.4:c.676_678del,normal
NM_024675.4:c.675_677del,normal
NM_024675.4:c.673_675del,normal
NM_024675.4:c.669_671del,indeterminate
NM_024675.4:c.668_670del,normal
NM_024675.4:c.667_669del,normal
NM_024675.4:c.666_668del,normal
NM_024675.4:c.664_666del,normal
NM_024675.4:c.661_663del,normal
NM_024675.4:c.660_662del,normal
NM_024675.4:c.659_661del,normal
NM_024675.4:c.658_660del,normal
NM_024675.4:c.657_659del,normal
NM_024675.4:c.656_658del,normal
NM_024675.4:c.655_657del,normal
NM_024675.4:c.654_656del,normal
NM_024675.4:c.651_653del,normal
NM_024675.4:c.649_651del,normal
NM_024675.4:c.647_649del,normal
NM_024675.4:c.645_647del,normal
NM_024675.4:c.644_646del,normal
NM_024675.4:c.643_645del,normal
NM_024675.4:c.641_643del,normal
NM_024675.4:c.640_642del,normal
NM_024675.4:c.638_640del,normal
NM_024675.4:c.637_639del,normal
NM_024675.4:c.635_637del,normal
NM_024675.4:c.634_636del,normal
NM_024675.4:c.632_634del,normal
NM_024675.4:c.631_633del,normal
NM_024675.4:c.629_631del,normal
NM_024675.4:c.628_630del,normal
NM_024675.4:c.627_629del,normal
NM_024675.4:c.625_627del,normal
NM_024675.4:c.623_625del,normal
NM_024675.4:c.622_624del,normal
NM_024675.4:c.621_623del,normal
NM_024675.4:c.620_622del,normal
NM_024675.4:c.619_621del,normal
NM_024675.4:c.618_620del,normal
NM_024675.4:c.617_619del,normal
NM_024675.4:c.615_617del,normal
NM_024675.4:c.614_616del,normal
NM_024675.4:c.613_615del,normal
NM_024675.4:c.612_614del,normal
NM_024675.4:c.611_613del,abnormal
NM_024675.4:c.610_612del,normal
NM_024675.4:c.609_611del,normal
NM_024675.4:c.608_610del,normal
NM_024675.4:c.607_609del,normal
NM_024675.4:c.606_608del,normal
NM_024675.4:c.605_607del,normal
NM_024675.4:c.604_606del,normal
NM_024675.4:c.602_604del,normal
NM_024675.4:c.601_603del,normal
NM_024675.4:c.600_602del,normal
NM_024675.4:c.599_601del,normal
NM_024675.4:c.598_600del,normal
NM_024675.4:c.597_599del,normal
NM_024675.4:c.595_597del,normal
NM_024675.4:c.594_596del,normal
NM_024675.4:c.593_595del,normal
NM_024675.4:c.591_593del,normal
NM_024675.4:c.590_592del,normal
NM_024675.4:c.589_591del,normal
NM_024675.4:c.588_590del,normal
NM_024675.4:c.587_589del,normal
NM_024675.4:c.584_586del,normal
NM_024675.4:c.581_583del,normal
NM_024675.4:c.580_582del,normal
NM_024675.4:c.579_581del,normal
NM_024675.4:c.578_580del,normal
NM_024675.4:c.577_579del,normal
NM_024675.4:c.575_577del,normal
NM_024675.4:c.574_576del,normal
NM_024675.4:c.572_574del,normal
NM_024675.4:c.571_573del,normal
NM_024675.4:c.568_570del,normal
NM_024675.4:c.566_568del,normal
NM_024675.4:c.565_567del,indeterminate
NM_024675.4:c.564_566del,normal
NM_024675.4:c.563_565del,normal
NM_024675.4:c.559_561del,normal
NM_024675.4:c.557_559del,normal
NM_024675.4:c.556_558del,normal
NM_024675.4:c.555_557del,normal
NM_024675.4:c.552_554del,indeterminate
NM_024675.4:c.551_553del,normal
NM_024675.4:c.549_551del,normal
NM_024675.4:c.546_548del,normal
NM_024675.4:c.545_547del,normal
NM_024675.4:c.543_545del,indeterminate
NM_024675.4:c.542_544del,normal
NM_024675.4:c.541_543del,normal
NM_024675.4:c.537_539del,normal
NM_024675.4:c.535_537del,normal
NM_024675.4:c.534_536del,normal
NM_024675.4:c.532_534del,indeterminate
NM_024675.4:c.531_533del,normal
NM_024675.4:c.529_531del,indeterminate
NM_024675.4:c.528_530del,normal
NM_024675.4:c.527_529del,normal
NM_024675.4:c.526_528del,normal
NM_024675.4:c.524_526del,normal
NM_024675.4:c.523_525del,normal
NM_024675.4:c.521_523del,normal
NM_024675.4:c.519_521del,abnormal
NM_024675.4:c.518_520del,normal
NM_024675.4:c.517_519del,normal
NM_024675.4:c.515_517del,normal
NM_024675.4:c.514_516del,normal
NM_024675.4:c.513_515del,normal
NM_024675.4:c.512_514del,normal
NM_024675.4:c.510_512del,indeterminate
NM_024675.4:c.509_511del,normal
NM_024675.4:c.508_510del,normal
NM_024675.4:c.507_509del,normal
NM_024675.4:c.506_508del,normal
NM_024675.4:c.505_507del,indeterminate
NM_024675.4:c.504_506del,normal
NM_024675.4:c.503_505del,normal
NM_024675.4:c.502_504del,normal
NM_024675.4:c.501_503del,normal
NM_024675.4:c.500_502del,normal
NM_024675.4:c.499_501del,normal
NM_024675.4:c.497_499del,normal
NM_024675.4:c.496_498del,normal
NM_024675.4:c.495_497del,normal
NM_024675.4:c.494_496del,normal
NM_024675.4:c.493_495del,normal
NM_024675.4:c.492_494del,normal
NM_024675.4:c.491_493del,normal
NM_024675.4:c.490_492del,normal
NM_024675.4:c.489_491del,normal
NM_024675.4:c.485_487del,normal
NM_024675.4:c.484_486del,normal
NM_024675.4:c.481_483del,normal
NM_024675.4:c.480_482del,normal
NM_024675.4:c.479_481del,normal
NM_024675.4:c.478_480del,normal
NM_024675.4:c.477_479del,normal
NM_024675.4:c.476_478del,normal
NM_024675.4:c.475_477del,normal
NM_024675.4:c.472_474del,normal
NM_024675.4:c.471_473del,normal
NM_024675.4:c.470_472del,abnormal
NM_024675.4:c.469_471del,normal
NM_024675.4:c.468_470del,normal
NM_024675.4:c.467_469del,normal
NM_024675.4:c.466_468del,normal
NM_024675.4:c.463_465del,normal
NM_024675.4:c.462_464del,normal
NM_024675.4:c.461_463del,normal
NM_024675.4:c.460_462del,normal
NM_024675.4:c.459_461del,normal
NM_024675.4:c.458_460del,normal
NM_024675.4:c.455_457del,normal
NM_024675.4:c.451_453del,normal
NM_024675.4:c.445_447del,normal
NM_024675.4:c.441_443del,normal
NM_024675.4:c.440_442del,normal
NM_024675.4:c.332_334del,normal
NM_024675.4:c.330_332del,normal
NM_024675.4:c.329_331del,normal
NM_024675.4:c.327_329del,normal
NM_024675.4:c.326_328del,normal
NM_024675.4:c.325_327del,normal
NM_024675.4:c.324_326del,normal
NM_024675.4:c.323_325del,normal
NM_024675.4:c.322_324del,normal
NM_024675.4:c.321_323del,normal
NM_024675.4:c.320_322del,normal
NM_024675.4:c.319_321del,normal
NM_024675.4:c.318_320del,normal
NM_024675.4:c.317_319del,normal
NM_024675.4:c.315_317del,normal
NM_024675.4:c.314_316del,normal
NM_024675.4:c.313_315del,normal
NM_024675.4:c.312_314del,normal
NM_024675.4:c.311_313del,normal
NM_024675.4:c.310_312del,normal
NM_024675.4:c.309_311del,normal
NM_024675.4:c.308_310del,normal
NM_024675.4:c.307_309del,normal
NM_024675.4:c.305_307del,normal
NM_024675.4:c.302_304del,normal
NM_024675.4:c.299_301del,normal
NM_024675.4:c.298_300del,normal
NM_024675.4:c.297_299del,normal
NM_024675.4:c.296_298del,normal
NM_024675.4:c.295_297del,normal
NM_024675.4:c.294_296del,normal
NM_024675.4:c.293_295del,normal
NM_024675.4:c.291_293del,normal
NM_024675.4:c.290_292del,normal
NM_024675.4:c.289_291del,normal
NM_024675.4:c.288_290del,normal
NM_024675.4:c.286_288del,normal
NM_024675.4:c.285_287del,normal
NM_024675.4:c.284_286del,normal
NM_024675.4:c.282_284del,normal
NM_024675.4:c.280_282del,normal
NM_024675.4:c.278_280del,normal
NM_024675.4:c.276_278del,normal
NM_024675.4:c.275_277del,normal
NM_024675.4:c.274_276del,normal
NM_024675.4:c.273_275del,normal
NM_024675.4:c.272_274del,normal
NM_024675.4:c.271_273del,normal
NM_024675.4:c.267_269del,normal
NM_024675.4:c.263_265del,normal
NM_024675.4:c.262_264del,normal
NM_024675.4:c.260_262del,normal
NM_024675.4:c.258_260del,normal
NM_024675.4:c.257_259del,normal
NM_024675.4:c.256_258del,normal
NM_024675.4:c.254_256del,normal
NM_024675.4:c.252_254del,normal
NM_024675.4:c.251_253del,normal
NM_024675.4:c.248_250del,normal
NM_024675.4:c.247_249del,normal
NM_024675.4:c.246_248del,normal
NM_024675.4:c.245_247del,normal
NM_024675.4:c.244_246del,normal
NM_024675.4:c.243_245del,normal
NM_024675.4:c.242_244del,normal
NM_024675.4:c.241_243del,normal
NM_024675.4:c.240_242del,normal
NM_024675.4:c.238_240del,indeterminate
NM_024675.4:c.237_239del,normal
NM_024675.4:c.235_237del,normal
NM_024675.4:c.233_235del,normal
NM_024675.4:c.232_234del,normal
NM_024675.4:c.230_232del,indeterminate
NM_024675.4:c.229_231del,normal
NM_024675.4:c.228_230del,indeterminate
NM_024675.4:c.227_229del,normal
NM_024675.4:c.226_228del,normal
NM_024675.4:c.224_226del,normal
NM_024675.4:c.222_224del,normal
NM_024675.4:c.219_221del,normal
NM_024675.4:c.216_218del,normal
NM_024675.4:c.215_217del,normal
NM_024675.4:c.214_216del,normal
NM_024675.4:c.213_215del,normal
NM_024675.4:c.212_214del,indeterminate
NM_024675.4:c.212-1_213del,abnormal
NM_024675.4:c.211+7_211+9del,normal
NM_024675.4:c.211+6_211+8del,normal
NM_024675.4:c.211+5_211+7del,indeterminate
NM_024675.4:c.211+3_211+5del,indeterminate
NM_024675.4:c.211+2_211+4del,abnormal
NM_024675.4:c.211+1_211+3del,abnormal
NM_024675.4:c.211_211+2del,abnormal
NM_024675.4:c.210_211+1del,abnormal
NM_024675.4:c.209_211del,abnormal
NM_024675.4:c.208_210del,normal
NM_024675.4:c.207_209del,normal
NM_024675.4:c.206_208del,normal
NM_024675.4:c.205_207del,normal
NM_024675.4:c.204_206del,normal
NM_024675.4:c.202_204del,normal
NM_024675.4:c.200_202del,normal
NM_024675.4:c.199_201del,normal
NM_024675.4:c.198_200del,normal
NM_024675.4:c.197_199del,normal
NM_024675.4:c.194_196del,normal
NM_024675.4:c.192_194del,normal
NM_024675.4:c.190_192del,normal
NM_024675.4:c.189_191del,normal
NM_024675.4:c.188_190del,normal
NM_024675.4:c.187_189del,normal
NM_024675.4:c.186_188del,normal
NM_024675.4:c.185_187del,normal
NM_024675.4:c.184_186del,normal
NM_024675.4:c.183_185del,normal
NM_024675.4:c.181_183del,normal
NM_024675.4:c.176_178del,abnormal
NM_024675.4:c.175_177del,normal
NM_024675.4:c.173_175del,normal
NM_024675.4:c.171_173del,normal
NM_024675.4:c.170_172del,normal
NM_024675.4:c.167_169del,normal
NM_024675.4:c.166_168del,normal
NM_024675.4:c.165_167del,normal
NM_024675.4:c.163_165del,normal
NM_024675.4:c.160_162del,normal
NM_024675.4:c.155_157del,normal
NM_024675.4:c.152_154del,normal
NM_024675.4:c.151_153del,normal
NM_024675.4:c.149_151del,normal
NM_024675.4:c.147_149del,normal
NM_024675.4:c.144_146del,normal
NM_024675.4:c.143_145del,normal
NM_024675.4:c.140_142del,normal
NM_024675.4:c.139_141del,normal
NM_024675.4:c.137_139del,normal
NM_024675.4:c.136_138del,normal
NM_024675.4:c.135_137del,normal
NM_024675.4:c.133_135del,normal
NM_024675.4:c.132_134del,normal
NM_024675.4:c.131_133del,normal
NM_024675.4:c.129_131del,normal
NM_024675.4:c.128_130del,normal
NM_024675.4:c.126_128del,normal
NM_024675.4:c.124_126del,normal
NM_024675.4:c.123_125del,normal
NM_024675.4:c.122_124del,normal
NM_024675.4:c.120_122del,indeterminate
NM_024675.4:c.119_121del,normal
NM_024675.4:c.118_120del,normal
NM_024675.4:c.116_118del,normal
NM_024675.4:c.115_117del,normal
NM_024675.4:c.114_116del,normal
NM_024675.4:c.113_115del,abnormal
NM_024675.4:c.112_114del,indeterminate
NM_024675.4:c.111_113del,indeterminate
NM_024675.4:c.110_112del,abnormal
NM_024675.4:c.109_111del,abnormal
NM_024675.4:c.109-1_110del,abnormal
NM_024675.4:c.109-2_109del,abnormal
NM_024675.4:c.109-3_109-1del,abnormal
NM_024675.4:c.109-4_109-2del,abnormal
NM_024675.4:c.109-5_109-3del,indeterminate
NM_024675.4:c.108+19_108+21del,normal
NM_024675.4:c.108+16_108+18del,normal
NM_024675.4:c.108+14_108+16del,normal
NM_024675.4:c.108+11_108+13del,normal
NM_024675.4:c.108+7_108+9del,normal
NM_024675.4:c.108+4_108+6del,indeterminate
NM_024675.4:c.108+1_108+3del,abnormal
NM_024675.4:c.106_108del,abnormal
NM_024675.4:c.104_106del,abnormal
NM_024675.4:c.101_103del,abnormal
NM_024675.4:c.97_99del,abnormal
NM_024675.4:c.94_96del,abnormal
NM_024675.4:c.91_93del,abnormal
NM_024675.4:c.89_91del,abnormal
NM_024675.4:c.86_88del,abnormal
NM_024675.4:c.82_84del,abnormal
NM_024675.4:c.79_81del,abnormal
NM_024675.4:c.76_78del,abnormal
NM_024675.4:c.70_72del,abnormal
NM_024675.4:c.69_71del,abnormal
NM_024675.4:c.64_66del,abnormal
NM_024675.4:c.61_63del,abnormal
NM_024675.4:c.58_60del,abnormal
NM_024675.4:c.57_59del,abnormal
NM_024675.4:c.55_57del,abnormal
NM_024675.4:c.52_54del,abnormal
NM_024675.4:c.49_51del,abnormal
NM_024675.4:c.49-3_49-1del,abnormal
NM_024675.4:c.49-6_49-4del,indeterminate
NM_024675.4:c.49-13_49-11del,normal
NM_024675.4:c.49-16_49-14del,normal
NM_024675.4:c.49-18_49-16del,normal
NM_024675.4:c.49-21_49-19del,normal
NM_024675.4:c.48+32_48+34del,normal
NM_024675.4:c.48+31_48+33del,normal
NM_024675.4:c.48+30_48+32del,normal
NM_024675.4:c.48+28_48+30del,normal
NM_024675.4:c.48+26_48+28del,normal
NM_024675.4:c.48+25_48+27del,indeterminate
NM_024675.4:c.48+23_48+25del,normal
NM_024675.4:c.48+22_48+24del,normal
NM_024675.4:c.48+19_48+21del,indeterminate
NM_024675.4:c.48+18_48+20del,indeterminate
NM_024675.4:c.48+17_48+19del,normal
NM_024675.4:c.48+15_48+17del,normal
NM_024675.4:c.48+14_48+16del,indeterminate
NM_024675.4:c.48+13_48+15del,normal
NM_024675.4:c.48+11_48+13del,normal
NM_024675.4:c.48+10_48+12del,normal
NM_024675.4:c.48+8_48+10del,indeterminate
NM_024675.4:c.48+5_48+7del,normal
NM_024675.4:c.48+4_48+6del,normal
NM_024675.4:c.48+2_48+4del,abnormal
NM_024675.4:c.48+1_48+3del,indeterminate
NM_024675.4:c.47_48+1del,normal
NM_024675.4:c.46_48del,normal
NM_024675.4:c.45_47del,indeterminate
NM_024675.4:c.43_45del,abnormal
NM_024675.4:c.42_44del,indeterminate
NM_024675.4:c.40_42del,abnormal
NM_024675.4:c.37_39del,normal
NM_024675.4:c.33_35del,normal
NM_024675.4:c.32_34del,abnormal
NM_024675.4:c.31_33del,indeterminate
NM_024675.4:c.30_32del,indeterminate
NM_024675.4:c.28_30del,indeterminate
NM_024675.4:c.26_28del,normal
NM_024675.4:c.25_27del,normal
NM_024675.4:c.23_25del,normal
NM_024675.4:c.21_23del,normal
NM_024675.4:c.20_22del,normal
NM_024675.4:c.19_21del,indeterminate
NM_024675.4:c.17_19del,normal
NM_024675.4:c.16_18del,normal
NM_024675.4:c.15_17del,normal
NM_024675.4:c.14_16del,normal
NM_024675.4:c.13_15del,normal
NM_024675.4:c.12_14del,normal
NM_024675.4:c.9_11del,normal
NM_024675.4:c.8_10del,normal
NM_024675.4:c.7_9del,indeterminate
NM_024675.4:c.2_4del,indeterminate
NM_024675.4:c.1_3del,indeterminate
NM_024675.4:c.-2_1del,abnormal
NM_024675.4:c.-3_-1del,normal
NM_024675.4:c.-4_-2del,normal
NM_024675.4:c.-5_-3del,normal
NM_024675.4:c.-6_-4del,normal
NM_024675.4:c.-8_-6del,indeterminate
NM_024675.4:c.-9_-7del,normal
NM_024675.4:c.-11_-9del,normal
NM_024675.4:c.-13_-11del,normal
NM_024675.4:c.-14_-12del,normal
NM_024675.4:c.-15_-13del,normal
NM_024675.4:c.-17_-15del,normal
NM_024675.4:c.-18_-16del,normal
NM_024675.4:c.-20_-18del,normal
NM_024675.4:c.-21_-19del,normal
NM_024675.4:c.-23_-21del,normal
NM_024675.4:c.-25_-23del,normal
NM_024675.4:c.-26_-24del,normal
NM_024675.4:c.-30_-28del,normal
NM_024675.4:c.-32_-30del,normal
NM_024675.4:c.-35_-33del,normal
NM_024675.4:c.-38_-36del,normal
NM_024675.4:c.-40_-38del,normal
NM_024675.4:c.-41_-39del,normal
NM_024675.4:c.-43_-41del,normal
NM_024675.4:c.-44_-42del,normal
NM_024675.4:c.-45_-43del,normal
NM_024675.4:c.-46_-44del,normal
NM_024675.4:c.-47_-45del,normal
NM_024675.4:c.-48_-46del,normal
NM_024675.4:c.-49_-47del,normal
NM_024675.4:c.-51_-49del,normal
NM_024675.4:c.-53_-51del,normal
NM_024675.4:c.-55_-53del,normal
NM_024675.4:c.-56_-54del,normal
NM_024675.4:c.-58_-56del,normal
NM_024675.4:c.-59_-57del,indeterminate
NM_024675.4:c.-60_-58del,normal
NM_024675.4:c.-61_-59del,normal
NM_024675.4:c.-62_-60del,normal
NM_024675.4:c.-63_-61del,normal
NM_024675.4:c.-64_-62del,normal
NM_024675.4:c.-65_-63del,normal
NM_024675.4:c.-66_-64del,normal
NM_024675.4:c.-67_-65del,indeterminate
NM_024675.4:c.-68_-66del,normal
NM_024675.4:c.-70_-68del,normal
NM_024675.4:c.-71_-69del,normal
NM_024675.4:c.-72_-70del,normal
NM_024675.4:c.-73_-71del,normal
NM_024675.4:c.-74_-72del,normal
NM_024675.4:c.-75_-73del,normal
NM_024675.4:c.-76_-74del,normal
NM_024675.4:c.-77_-75del,normal
NM_024675.4:c.-78_-76del,normal
NM_024675.4:c.-79_-77del,normal
NM_024675.4:c.-81_-79del,normal
NM_024675.4:c.-82_-80del,normal
NM_024675.4:c.-84_-82del,normal
NM_024675.4:c.-89_-87del,normal
