accession,hgvs_nt,hgvs_splice,hgvs_pro,score,cLFC_trend_BH_FDR,D7_combined_LFC,D11_combined_LFC,D15_combined_LFC,D21_combined_LFC,cLFCd7_BH_FDR,cLFCd11_BH_FDR,cLFCd15_BH_FDR,cLFCd21_BH_FDR
urn:mavedb:00000658-f-1#1,g.1_2del,ENST00000644876.2:c.444-25_444-23del,NA,0.002740709,0.8598313,0.006423268,-0.0526664509999999,0.037683062,0.110523169,0.9860473209999999,0.811366563,0.852332483,0.427294866
urn:mavedb:00000658-f-1#2,g.1G>T,ENST00000644876.2:c.444-25G>T,NA,-0.0009290397,0.9176921999999998,0.0176377219999999,-0.015826384,-0.013396227,-0.030435575,0.9126547209999999,0.903405866,0.902799714,0.7165817040000001
urn:mavedb:00000658-f-1#3,g.1G>C,ENST00000644876.2:c.444-25G>C,NA,-0.01412413,0.1720219,-0.053371327,-0.112244795,-0.159279592,-0.197083147,0.833620065,0.463284486,0.20152672800000002,0.082453396
urn:mavedb:00000658-f-1#4,g.1G>A,ENST00000644876.2:c.444-25G>A,NA,-0.007589571,0.5612575,-0.0877999719999999,-0.126507968,-0.105257818,-0.167040303,0.6647792339999999,0.373258496,0.450709333,0.147354821
urn:mavedb:00000658-f-1#5,g.2A>T,ENST00000644876.2:c.444-24A>T,NA,-0.01968185,0.01093473,-0.059778002000000004,-0.17307428100000002,-0.220079308,-0.1789144319999999,0.7547309879999999,0.085974207,0.015399955,0.056849475999999996
urn:mavedb:00000658-f-1#6,g.2A>C,ENST00000644876.2:c.444-24A>C,NA,0.01112365,0.3019228,-0.0059264769999999,-0.0116797639999999,0.1263071919999999,0.042863572,0.9858481159999999,0.961275867,0.298444081,0.772242772
urn:mavedb:00000658-f-1#7,g.2A>G,ENST00000644876.2:c.444-24A>G,NA,0.00982356,0.3022647999999999,0.098820025,0.1143923459999999,0.111480816,0.1836909119999999,0.6840850909999999,0.53904316,0.513198336,0.17971472600000002
urn:mavedb:00000658-f-1#8,g.3_4del,ENST00000644876.2:c.444-23_444-22del,NA,0.01250868,0.4923234,0.145417508,0.2579639139999999,0.1418272619999999,0.055990051,0.707517926,0.292079765,0.614069329,0.854085986
urn:mavedb:00000658-f-1#9,g.3A>T,ENST00000644876.2:c.444-23A>T,NA,0.00556989,0.6007524000000001,0.140379201,0.070315557,0.082262385,0.108256785,0.25541055100000004,0.638439663,0.514729352,0.318794
urn:mavedb:00000658-f-1#10,g.3A>C,ENST00000644876.2:c.444-23A>C,NA,0.00234226,0.8543678,0.054266675,0.015155613,0.033039238,0.02051978,0.795574331,0.942447525,0.841906065,0.89321384
urn:mavedb:00000658-f-1#11,g.3A>G,ENST00000644876.2:c.444-23A>G,NA,-0.01736753,0.1186808999999999,-0.104125955,-0.220049756,-0.186098354,-0.135981755,0.708910123,0.18045150100000001,0.260174611,0.423935396
urn:mavedb:00000658-f-1#12,g.4C>T,ENST00000644876.2:c.444-22C>T,NA,0.003799555,0.8088734999999999,0.073107872,-0.017712794,0.074909303,0.162254676,0.7909225590000001,0.951584887,0.699954037,0.25668794899999997
urn:mavedb:00000658-f-1#13,g.4C>A,ENST00000644876.2:c.444-22C>A,NA,0.0031561740000000003,0.8431204,0.1640291009999999,0.070445689,0.064476696,0.074695195,0.276217248,0.7146599509999999,0.70987988,0.6160924720000001
urn:mavedb:00000658-f-1#14,g.4C>G,ENST00000644876.2:c.444-22C>G,NA,-0.006008013,0.6444048000000001,0.068734163,-0.110991017,-0.0237584429999999,0.028649228,0.7611541620000001,0.468887596,0.90389633,0.866617072
urn:mavedb:00000658-f-1#15,g.5_6del,ENST00000644876.2:c.444-21_444-20del,NA,0.01279564,0.4696965999999999,-0.055878604000000005,0.01900447,0.10991640300000001,0.27399249600000003,0.896066935,0.96103265,0.651308718,0.113059025
urn:mavedb:00000658-f-1#16,g.5T>A,ENST00000644876.2:c.444-21T>A,NA,0.003900904,0.8509165000000001,-0.043907025,0.050034898,-0.026318359,0.006202535,0.9218915059999999,0.885684338,0.9325210070000001,0.985115947
urn:mavedb:00000658-f-1#17,g.5T>G,ENST00000644876.2:c.444-21T>G,NA,0.00431145,0.666325,0.19511762800000002,0.15118620900000002,0.06722907,0.1913626289999999,0.043591884000000004,0.132314459,0.593295421,0.029104164
urn:mavedb:00000658-f-1#18,g.5T>C,ENST00000644876.2:c.444-21T>C,NA,-0.01052575,0.4654054,-0.070364268,-0.128979444,-0.125442629,-0.13033576300000002,0.83294704,0.545697289,0.5214009070000001,0.463095961
urn:mavedb:00000658-f-1#19,g.6T>A,ENST00000644876.2:c.444-20T>A,NA,-0.01263857,0.319504,-0.145888771,-0.13038597300000002,-0.189444487,-0.115032514,0.438408831,0.447892064,0.173290458,0.448305933
urn:mavedb:00000658-f-1#20,g.6T>G,ENST00000644876.2:c.444-20T>G,NA,-0.007629584,0.5287927,0.001034393,-0.03391429,-0.069828275,-0.087567224,0.9962745340000001,0.88094338,0.665404957,0.525361332
urn:mavedb:00000658-f-1#21,g.6T>C,ENST00000644876.2:c.444-20T>C,NA,0.005416715,0.5785882,0.121894419,0.08471315300000001,0.081083032,0.104114514,0.35100755299999997,0.5301806929999999,0.513198336,0.330846773
urn:mavedb:00000658-f-1#22,g.7_8del,ENST00000644876.2:c.444-19_444-18del,NA,-0.0010278260000000001,0.956204,0.0140977939999999,-0.005843043000000001,-0.0145016,0.035935861,0.972606374,0.9840856259999999,0.953792858,0.859673195
urn:mavedb:00000658-f-1#23,g.7A>T,ENST00000644876.2:c.444-19A>T,NA,-0.007622809,0.4998176,0.04289908,-0.0180324639999999,-0.075745044,-0.109188689,0.873444078,0.939468895,0.630304105,0.401865627
urn:mavedb:00000658-f-1#24,g.7A>C,ENST00000644876.2:c.444-19A>C,NA,-0.01424775,0.1478433999999999,0.118970533,-0.0267913729999999,-0.0268506,-0.196385339,0.57408819,0.918951253,0.905741995,0.141517071
urn:mavedb:00000658-f-1#25,g.7A>G,ENST00000644876.2:c.444-19A>G,NA,-0.02406834,0.0018521120000000002,-0.080135309,-0.18342797,-0.272530139,-0.292172722,0.672807982,0.095371753,0.004517087,0.0019396779999999998
urn:mavedb:00000658-f-1#26,g.8T>A,ENST00000644876.2:c.444-18T>A,NA,0.004976163,0.7510439999999999,0.0843953569999999,-0.001205151,0.080284143,0.0877213969999999,0.7297037829999999,0.995925398,0.647435236,0.568811307
urn:mavedb:00000658-f-1#27,g.8T>C,ENST00000644876.2:c.444-18T>C,NA,-0.006909488,0.5760566999999999,0.00390596,-0.066413477,-0.070092511,-0.0576216559999999,0.99325891,0.77795126,0.726669874,0.753443568
urn:mavedb:00000658-f-1#28,g.8T>G,ENST00000644876.2:c.444-18T>G,NA,0.01400851,0.1901506,0.172262799,0.255623388,0.149302878,0.097885675,0.23265902100000002,0.023325129,0.25099092100000003,0.47958786600000003
urn:mavedb:00000658-f-1#29,g.9_10del,ENST00000644876.2:c.444-17_444-16del,NA,-0.002223301,0.9176921999999998,-0.107921539,-0.081517656,-0.037510665,-0.023166235,0.733511922,0.771187574,0.892891523,0.9300558870000001
urn:mavedb:00000658-f-1#30,g.9C>A,ENST00000644876.2:c.444-17C>A,NA,-0.002959419,0.8272113000000001,-0.060597613,-0.008103025,-0.069621079,-0.061562972,0.803016492,0.9735755540000001,0.670265632,0.680460843
urn:mavedb:00000658-f-1#31,g.9C>G,ENST00000644876.2:c.444-17C>G,NA,-0.008239839,0.5408270000000001,-0.063670693,-0.004557392,-0.130918114,-0.11280414400000001,0.816173589,0.9873027409999999,0.395608609,0.44944905799999996
urn:mavedb:00000658-f-1#32,g.9C>T,ENST00000644876.2:c.444-17C>T,NA,-0.003001035,0.8828090000000001,0.01833365,-0.03549673,-0.027907492000000002,-0.004751378,0.9694246,0.914499499,0.922244167,0.986483887
urn:mavedb:00000658-f-1#33,g.10C>A,ENST00000644876.2:c.444-16C>A,NA,-0.0075043309999999,0.6373708,-0.116455596,-0.093214084,-0.132963617,-0.205312495,0.595432202,0.6405134,0.40006026899999997,0.12105992300000001
urn:mavedb:00000658-f-1#34,g.10C>G,ENST00000644876.2:c.444-16C>G,NA,0.0106782,0.3971143,0.086516849,0.070262405,0.13534082,-0.08751007300000001,0.7506388390000001,0.766200551,0.419349429,0.616773815
urn:mavedb:00000658-f-1#35,g.10C>T,ENST00000644876.2:c.444-16C>T,NA,0.0034889509999999,0.8458766,-0.090876291,0.055704209000000005,-0.006725877,0.026466939,0.743876425,0.831269431,0.979543543,0.902769167
urn:mavedb:00000658-f-1#36,g.11_12del,ENST00000644876.2:c.444-15_444-14del,NA,0.01051019,0.2361172999999999,-0.03800507,0.150671947,0.093083616,0.107509571,0.891263585,0.248003184,0.520835252,0.402372329
urn:mavedb:00000658-f-1#37,g.11A>T,ENST00000644876.2:c.444-15A>T,NA,0.008014063,0.4985768,0.002678925,-0.061870107,0.102617982,-0.015458991000000002,0.994083328,0.720831575,0.424696421,0.927576478
urn:mavedb:00000658-f-1#38,g.11A>C,ENST00000644876.2:c.444-15A>C,NA,-0.0028129170000000003,0.8319901,0.024926438,-0.081721828,-0.018148119,0.008044995,0.933633072,0.63462492,0.927153729,0.967417027
urn:mavedb:00000658-f-1#39,g.11A>G,ENST00000644876.2:c.444-15A>G,NA,-0.0083154819999999,0.5578555000000001,-0.069412922,-0.098759675,-0.104735467,-0.042030419000000006,0.826859276,0.659748609,0.593295421,0.844224557
urn:mavedb:00000658-f-1#40,g.12T>C,ENST00000644876.2:c.444-14T>C,NA,0.004140695,0.801246,0.059328272,-0.015677692,0.0738023429999999,-0.0478738779999999,0.851775925,0.959636053,0.718497116,0.808915182
urn:mavedb:00000658-f-1#41,g.12T>A,ENST00000644876.2:c.444-14T>A,NA,-0.003464548,0.7773321999999999,0.080807642,0.0065460069999999,-0.022264654,0.025851759,0.689530445,0.9776737879999999,0.906721491,0.875482705
urn:mavedb:00000658-f-1#42,g.12T>G,ENST00000644876.2:c.444-14T>G,NA,0.009183581,0.4191224,0.026264759,0.035969974,0.109208046,0.0850265869999999,0.928322196,0.866771492,0.41757129,0.523036343
urn:mavedb:00000658-f-1#43,g.13_14del,ENST00000644876.2:c.444-10_444-9del,NA,0.004548979,0.725209,-0.049545667,-0.037163291,0.044132962000000005,0.083590386,0.8314982209999999,0.85157941,0.787888549,0.503209273
urn:mavedb:00000658-f-1#44,g.13T>C,ENST00000644876.2:c.444-13T>C,NA,-0.0028732590000000004,0.8165713000000001,-0.044573903,-0.030133365,-0.061583822,0.03663691,0.854668657,0.887157677,0.6863072179999999,0.8051796590000001
urn:mavedb:00000658-f-1#45,g.13T>G,ENST00000644876.2:c.444-13T>G,NA,0.01879408,0.0290612999999999,0.092777031,0.07396907900000001,0.19358776800000002,0.102687544,0.675221009,0.706257406,0.12366074199999999,0.475403345
urn:mavedb:00000658-f-1#46,g.13T>A,ENST00000644876.2:c.444-13T>A,NA,-0.01271765,0.2008667,-0.066082451,0.0123549719999999,-0.193814688,-0.20049203,0.776409143,0.96103265,0.09969665,0.077006196
urn:mavedb:00000658-f-1#47,g.14T>C,ENST00000644876.2:c.444-12T>C,NA,0.0003368561,0.9884396000000001,0.106854453,0.031057257,0.026210741,-0.011383946,0.5811087420000001,0.897538191,0.897328564,0.9558589759999999
urn:mavedb:00000658-f-1#48,g.14T>G,ENST00000644876.2:c.444-12T>G,NA,0.0018755970000000001,0.9027654,0.079976194,0.0679702059999999,0.029459129,0.0531102009999999,0.705097215,0.7071662329999999,0.876434182,0.720522452
urn:mavedb:00000658-f-1#49,g.14T>A,ENST00000644876.2:c.444-12T>A,NA,-0.0013384520000000002,0.9316290999999999,-0.0738076709999999,-0.070413588,-0.019367284,-0.007974569,0.700001172,0.653879566,0.913291269,0.964625684
urn:mavedb:00000658-f-1#50,g.15T>C,ENST00000644876.2:c.444-11T>C,NA,0.008635458,0.3996389,0.071334371,0.128680693,0.078586056,0.0349074429999999,0.739979425,0.341182346,0.596533807,0.8262629459999999
urn:mavedb:00000658-f-1#51,g.15T>G,ENST00000644876.2:c.444-11T>G,NA,0.02343843,0.0004283804,0.057111275,0.22313633,0.229542667,0.378168557,0.749910764,0.00825892,0.005093669,5.939999999999999e-07
urn:mavedb:00000658-f-1#52,g.15T>A,ENST00000644876.2:c.444-11T>A,NA,0.010463600000000002,0.3431730999999999,-0.080264593,-0.04414101,0.116991789,0.201129483,0.72335917,0.840182324,0.40893997299999996,0.077413017
urn:mavedb:00000658-f-1#53,g.16T>C,ENST00000644876.2:c.444-10T>C,NA,0.00749708,0.5373186,-0.15408122,0.020406157,-0.019856426,0.0129943819999999,0.36291788799999997,0.935756312,0.927153729,0.950442155
urn:mavedb:00000658-f-1#54,g.16T>G,ENST00000644876.2:c.444-10T>G,NA,0.00271478,0.8509165000000001,-0.07934730400000001,0.0439836459999999,-0.0219490829999999,0.04543547,0.7159825609999999,0.835273574,0.912075926,0.772242772
urn:mavedb:00000658-f-1#55,g.16T>A,ENST00000644876.2:c.444-10T>A,NA,-0.008137431,0.4969146,-0.007287236,-0.055897474,-0.043060432,0.149826997,0.9860473209999999,0.8247842809999999,0.850286185,0.316737443
urn:mavedb:00000658-f-1#56,g.17_18del,ENST00000644876.2:c.444-9_444-8del,NA,0.003335946,0.8229009,-0.002631848,0.1182673309999999,-0.0235446539999999,-0.0888081959999999,0.994083328,0.371979459,0.8978908090000001,0.48519232799999995
urn:mavedb:00000658-f-1#57,g.17T>C,ENST00000644876.2:c.444-9T>C,NA,0.007931298,0.4183872,0.096735271,0.148834695,0.088913912,0.080319773,0.667491486,0.32888069,0.5995705960000001,0.607492995
urn:mavedb:00000658-f-1#58,g.17T>G,ENST00000644876.2:c.444-9T>G,NA,0.01601081,0.147827,0.20650341,0.140433838,0.2209570069999999,0.286613263,0.179893375,0.399670645,0.09443971699999999,0.017426055
urn:mavedb:00000658-f-1#59,g.17T>A,ENST00000644876.2:c.444-9T>A,NA,-0.2442525,6.633283000000002e-08,-2.585658863,-2.699404742,-2.961061003,-3.0376215980000003,9.060000000000001e-16,3.6700000000000003e-17,3.58e-20,2.3900000000000002e-20
urn:mavedb:00000658-f-1#60,g.18G>T,ENST00000644876.2:c.444-8G>T,NA,0.01345886,0.4522991,0.008938424,-0.016471645,0.152169272,0.159319206,0.987502343,0.9682765990000001,0.5373042610000001,0.4737012370000001
urn:mavedb:00000658-f-1#61,g.18G>C,ENST00000644876.2:c.444-8G>C,NA,-0.00130481,0.9439545,-0.022221688,-0.075073692,-0.008279622,-0.012299286000000001,0.9505898429999999,0.724678268,0.971351592,0.9567741820000001
urn:mavedb:00000658-f-1#62,g.18G>A,ENST00000644876.2:c.444-8G>A,NA,0.009373517,0.4304024,0.008235648,-0.0126679769999999,0.118148669,0.0840019019999999,0.981099275,0.960700324,0.38960733299999994,0.545643513
urn:mavedb:00000658-f-1#63,g.19_20del,ENST00000644876.2:c.444-7_444-6del,NA,0.005584048,0.6423633000000001,0.007940747,-0.03434658,0.062546,0.1743757339999999,0.981099275,0.874781203,0.6942950090000001,0.112322665
urn:mavedb:00000658-f-1#64,g.19A>T,ENST00000644876.2:c.444-7A>T,NA,-0.002900588,0.85495,-0.083695927,-0.074904645,-0.044316044000000006,-0.032422884,0.712302034,0.692955201,0.816256361,0.8542246379999999
urn:mavedb:00000658-f-1#65,g.19A>C,ENST00000644876.2:c.444-7A>C,NA,-0.005347317,0.5427803000000001,-0.016964454,-0.09829333800000001,-0.0552038559999999,-0.1004221709999999,0.9316840809999999,0.269029022,0.583995755,0.206835582
urn:mavedb:00000658-f-1#66,g.19A>G,ENST00000644876.2:c.444-7A>G,NA,0.002397821,0.8762036,-0.007888034,-0.004842526,0.014586245,0.116977754,0.980774721,0.983276485,0.939885327,0.329523031
urn:mavedb:00000658-f-1#67,g.20T>C,ENST00000644876.2:c.444-6T>C,NA,0.01955963,0.0019146739999999,0.132368478,0.166840164,0.197135791,0.2718997039999999,0.33790538200000003,0.13057310800000002,0.049212482,0.0030560170000000003
urn:mavedb:00000658-f-1#68,g.20T>A,ENST00000644876.2:c.444-6T>A,NA,0.01085852,0.307476,0.040344607000000005,0.117374401,0.172172569,0.35273038100000004,0.9013548570000001,0.512832682,0.22968414199999998,0.002274458
urn:mavedb:00000658-f-1#69,g.20T>G,ENST00000644876.2:c.444-6T>G,NA,-0.3199178,1.288578e-31,-1.037954315,-2.963917232,-3.240523557,-3.013313802,1.66e-07,8.950000000000001e-41,4.67e-45,3.56e-40
urn:mavedb:00000658-f-1#70,g.21_22del,ENST00000644876.2:c.444-5_444-4del,NA,0.007271906,0.6215458,-0.021926165,-0.0557296279999999,0.09586040800000001,0.176116849,0.9518462409999999,0.817028025,0.583576206,0.19311478699999998
urn:mavedb:00000658-f-1#71,g.21T>C,ENST00000644876.2:c.444-5T>C,NA,0.01060714,0.178825,0.093118207,0.12139577300000001,0.102777039,0.136736054,0.491941144,0.24134467399999998,0.319586078,0.13034094
urn:mavedb:00000658-f-1#72,g.21T>A,ENST00000644876.2:c.444-5T>A,NA,-0.04792561,1.715824e-06,-0.058276783,-0.287000462,-0.544186859,-0.591001905,0.8583787079999999,0.043853012000000004,1.07e-05,1.56e-06
urn:mavedb:00000658-f-1#73,g.21T>G,ENST00000644876.2:c.444-5T>G,NA,0.01475451,0.08373259,-0.18207120300000001,-0.18031152600000003,-0.086514992,-0.013067366,0.194131807,0.159601516,0.580379953,0.9472065270000001
urn:mavedb:00000658-f-1#74,g.22T>C,ENST00000644876.2:c.444-4T>C,NA,0.008255518,0.4315835999999999,0.0647915179999999,0.156083854,0.065338204,-0.014633718,0.75140256,0.170962009,0.651644226,0.931221066
urn:mavedb:00000658-f-1#75,g.22T>G,ENST00000644876.2:c.444-4T>G,NA,0.01135017,0.07376754,0.07708646,0.11171526300000001,0.11970108300000001,0.29520129100000003,0.540408534,0.217621024,0.149621386,1.13e-05
urn:mavedb:00000658-f-1#76,g.22T>A,ENST00000644876.2:c.444-4T>A,NA,-0.1327713999999999,2.5975839999999996e-31,-0.049978213,-0.801290183,-1.429985041,-1.975981825,0.892719851,1.11e-09,8.75e-28,1.46e-47
urn:mavedb:00000658-f-1#77,g.23_24del,ENST00000644876.2:c.444-2_444-1del,NA,-0.24523910000000002,4.896587e-08,-2.582970988,-2.371490145,-2.67202665,-1.934318165,1.67e-14,5.15e-13,3.5899999999999997e-16,2.7300000000000003e-09
urn:mavedb:00000658-f-1#78,g.23G>T,ENST00000644876.2:c.444-3G>T,NA,-0.017996900000000003,0.02068592,0.018989228,-0.09039933300000001,-0.158244736,-0.080273747,0.953467878,0.594472563,0.212385835,0.574620032
urn:mavedb:00000658-f-1#79,g.23G>C,ENST00000644876.2:c.444-3G>C,NA,0.009582211,0.2710185999999999,0.205152563,0.169136759,0.1367242169999999,0.1432149469999999,0.046836399,0.106177594,0.203623306,0.15966045
urn:mavedb:00000658-f-1#80,g.23G>A,ENST00000644876.2:c.444-3G>A,NA,0.002999189,0.8155438,0.0762490629999999,0.041423576000000004,0.04203614,0.035958631,0.694802842,0.830252256,0.798298959,0.807300276
urn:mavedb:00000658-f-1#81,g.24A>G,ENST00000644876.2:c.444-2A>G,NA,-0.1502856,3.521130000000001e-06,-1.752257596,-1.941758581,-1.779886235,-1.5825733780000002,1e-28,8.790000000000001e-35,1.5e-30,1.6399999999999996e-24
urn:mavedb:00000658-f-1#82,g.24A>T,ENST00000644876.2:c.444-2A>T,NA,-0.2089618,2.6328930000000003e-06,-2.425087474,-2.524183629,-2.454153307,-2.164836422,3.5200000000000014e-29,1.18e-31,9.97e-31,1.2699999999999999e-24
urn:mavedb:00000658-f-1#83,g.24A>C,ENST00000644876.2:c.444-2A>C,NA,-0.1712394,3.0623329999999997e-06,-2.105982712,-2.142585634,-2.0794480230000003,-2.133099096,3.3599999999999994e-40,2.2799999999999997e-42,2.6399999999999997e-41,6.689999999999998e-42
urn:mavedb:00000658-f-1#84,g.25G>T,ENST00000644876.2:c.444-1G>T,NA,-0.1736321,6.148409e-08,-1.914238579,-1.886848488,-2.12620322,-2.002350276,4.13e-26,3.2599999999999994e-26,3.1500000000000004e-32,8.320000000000002e-29
urn:mavedb:00000658-f-1#85,g.25G>C,ENST00000644876.2:c.444-1G>C,NA,-0.1900036,0.0006880739,-2.7386573889999997,-2.436510933,-2.236738276,-2.074328163,1.83e-14,5.780000000000001e-12,2.03e-10,3.9299999999999995e-09
urn:mavedb:00000658-f-1#86,g.25G>A,ENST00000644876.2:c.444-1G>A,NA,-0.1761019,0.0008117339,-2.4948531469999997,-2.394288192,-2.1119094169999997,-2.2732809169999997,3.17e-15,1.62e-14,8.49e-12,2.4299999999999997e-13
urn:mavedb:00000658-f-1#87,g.26G>A,ENST00000644876.2:c.444G>A,ENSP00000494040.1:p.Gln148=,0.03317743,0.0003190934,0.167148709,0.227446998,0.3672161539999999,0.41331912200000004,0.380316772,0.122274845,0.003111385,0.0006127519999999
urn:mavedb:00000658-f-1#88,g.26G>C,ENST00000644876.2:c.444G>C,ENSP00000494040.1:p.Gln148His,0.03564829,3.302177e-06,0.204189733,0.373514654,0.4212686929999999,0.554529276,0.112444074,0.000228746,1.93e-05,6.9e-09
urn:mavedb:00000658-f-1#89,g.26G>T,ENST00000644876.2:c.444G>T,ENSP00000494040.1:p.Gln148His,0.04550029,1.361289e-09,0.288854829,0.4590926179999999,0.54323714,0.638579249,0.022551032000000002,2.52e-05,2.85e-07,9.73e-10
urn:mavedb:00000658-f-1#90,g.27_29del,ENST00000644876.2:c.445_447del,ENSP00000494040.1:p.Glu149del,0.04253008,1.023043e-06,0.288086537,0.442126475,0.470585195,0.685261692,0.017569596,2.9600000000000005e-05,6.2e-06,9.16e-12
urn:mavedb:00000658-f-1#91,g.27G>C,ENST00000644876.2:c.445G>C,ENSP00000494040.1:p.Glu149Gln,0.0177532,0.03407644,0.19864894600000002,0.235171761,0.21088764,0.399521449,0.201047733,0.075981187,0.111287649,0.00036584599999999997
urn:mavedb:00000658-f-1#92,g.27G>A,ENST00000644876.2:c.445G>A,ENSP00000494040.1:p.Glu149Lys,0.02720274,1.627671e-05,0.139974785,0.203939371,0.302678122,0.419896704,0.149700257,0.009337676999999999,1.89e-05,1.01e-09
urn:mavedb:00000658-f-1#93,g.27G>T,ENST00000644876.2:c.445G>T,ENSP00000494040.1:p.Glu149Ter,-0.1872345,2.784525e-11,-1.851161,-1.9775382830000001,-2.209461568,-1.846892425,1.79e-25,4.73e-29,1.4199999999999994e-35,5.850000000000001e-26
urn:mavedb:00000658-f-1#94,g.27_29delinsAAG,ENST00000644876.2:c.445_447delinsAAG,ENSP00000494040.1:p.Glu149Lys,0.0429871999999999,2.1826699999999998e-08,0.321558619,0.333762545,0.52684881,0.671660778,0.0028934729999999997,0.00127652,3.93e-08,9.8e-13
urn:mavedb:00000658-f-1#95,g.27_29delinsCAG,ENST00000644876.2:c.445_447delinsCAG,ENSP00000494040.1:p.Glu149Gln,0.02163295,0.0017111910000000001,0.023643729,0.1400096619999999,0.217577073,0.277318469,0.9302272140000001,0.226234441,0.022609626,0.001959532
urn:mavedb:00000658-f-1#96,g.27_29delinsGCC,ENST00000644876.2:c.446_447delinsCC,ENSP00000494040.1:p.Glu149Ala,0.02845974,2.6183939999999998e-05,0.064005038,0.2189359189999999,0.304611325,0.413877645,0.755428083,0.029357623,0.000799267,1.86e-06
urn:mavedb:00000658-f-1#97,g.27_29delinsGGC,ENST00000644876.2:c.446_447delinsGC,ENSP00000494040.1:p.Glu149Gly,0.04065906,3.780959e-07,0.259316883,0.41904787,0.47290092200000006,0.766165491,0.043591884000000004,0.00010355399999999999,6.89e-06,2.59e-14
urn:mavedb:00000658-f-1#98,g.27_29delinsGTG,ENST00000644876.2:c.446_447delinsTG,ENSP00000494040.1:p.Glu149Val,0.01909969,0.0132708,0.1998480339999999,0.177682065,0.230585841,0.237590976,0.048317041,0.07438953,0.009964611,0.006882521
urn:mavedb:00000658-f-1#99,g.27_29delinsTGA,ENST00000644876.2:c.445_446delinsTG,ENSP00000494040.1:p.Glu149Ter,-0.2410125,0.001993849,-3.15071825,-3.515269095,-2.72298172,-2.3865690330000002,6.82e-06,3.06e-07,8.52e-05,0.000651005
urn:mavedb:00000658-f-1#100,g.28A>T,ENST00000644876.2:c.446A>T,ENSP00000494040.1:p.Glu149Val,0.02464029,9.439075000000001e-05,0.115385061,0.149090446,0.280107517,0.286744557,0.255957745,0.069358512,4.55e-05,2.8999999999999997e-05
urn:mavedb:00000658-f-1#101,g.28A>C,ENST00000644876.2:c.446A>C,ENSP00000494040.1:p.Glu149Ala,0.0203317,0.0045699370000000005,0.118774487,0.156909842,0.21749501300000001,0.328326444,0.372391509,0.13007938,0.015644723,7.219999999999999e-05
urn:mavedb:00000658-f-1#102,g.28A>G,ENST00000644876.2:c.446A>G,ENSP00000494040.1:p.Glu149Gly,0.03983661,1.353687e-07,0.3123357989999999,0.448958084,0.446503021,0.569451571,0.000616231,8.369999999999999e-08,8.25e-08,3.160000000000001e-12
urn:mavedb:00000658-f-1#103,g.29A>G,ENST00000644876.2:c.447A>G,ENSP00000494040.1:p.Glu149=,0.01289399,0.1903388,0.022566155,0.040751971,0.13736447,0.040710943,0.940496167,0.846468895,0.273751628,0.794104998
urn:mavedb:00000658-f-1#104,g.29A>C,ENST00000644876.2:c.447A>C,ENSP00000494040.1:p.Glu149Asp,0.009443616,0.4457140999999999,0.082669666,0.030422357,0.10947864,0.053672983,0.729190145,0.9038648859999999,0.476887601,0.745022099
urn:mavedb:00000658-f-1#105,g.29A>T,ENST00000644876.2:c.447A>T,ENSP00000494040.1:p.Glu149Asp,-0.001346172,0.9419654000000001,0.06039432,-0.039443015,0.006973229,0.021457781000000002,0.84322704,0.885144177,0.9778304440000001,0.921041543
urn:mavedb:00000658-f-1#106,g.30_32del,ENST00000644876.2:c.448_450del,ENSP00000494040.1:p.Leu150del,0.0487532,8.113024e-11,0.24851121,0.42105720700000004,0.544109952,0.722570708,0.035464002,2.33e-05,1.3899999999999999e-08,1.47e-14
urn:mavedb:00000658-f-1#107,g.30C>A,ENST00000644876.2:c.448C>A,ENSP00000494040.1:p.Leu150Ile,0.001084802,0.9632987,-0.034286804,-0.050181617000000005,0.007622803,-0.197454863,0.929557583,0.856660877,0.977138375,0.20061300399999998
urn:mavedb:00000658-f-1#108,g.30C>T,ENST00000644876.2:c.448C>T,ENSP00000494040.1:p.Leu150Phe,0.01974574,0.009458254000000001,0.008684363,0.18211990100000003,0.187843733,0.43866784200000003,0.9768905659999999,0.085107919,0.062800853,2.72e-07
urn:mavedb:00000658-f-1#109,g.30C>G,ENST00000644876.2:c.448C>G,ENSP00000494040.1:p.Leu150Val,0.01574941,0.04117886,0.085313454,0.191704496,0.15424448,0.377097125,0.617289789,0.054548901,0.13633504300000002,7.07e-06
urn:mavedb:00000658-f-1#110,g.30_32delinsATT,ENST00000644876.2:c.448_450delinsATT,ENSP00000494040.1:p.Leu150Ile,0.006718463,0.755838,-0.063446349,0.079379283,0.026614989,-0.002189969,0.891895993,0.8219298309999999,0.937801357,0.9945939429999999
urn:mavedb:00000658-f-1#111,g.30_32delinsCAT,ENST00000644876.2:c.449_450delinsAT,ENSP00000494040.1:p.Leu150His,0.06634753,1.5035530000000001e-12,0.611056469,0.721120555,0.841590815,1.035270313,2.69e-14,3.6699999999999997e-20,1.7000000000000002e-27,2.67e-41
urn:mavedb:00000658-f-1#112,g.30_32delinsCCT,ENST00000644876.2:c.449_450delinsCT,ENSP00000494040.1:p.Leu150Pro,0.04764572,4.445853e-07,0.425629525,0.4366352979999999,0.6025225160000001,0.765194895,9.95e-06,3.62e-06,3.02e-11,1.1199999999999999e-17
urn:mavedb:00000658-f-1#113,g.30_32delinsCGG,ENST00000644876.2:c.449_450delinsGG,ENSP00000494040.1:p.Leu150Arg,0.06170329,9.386805999999999e-17,0.4420760729999999,0.5529102379999999,0.737019636,0.889491163,7.96e-08,2.31e-12,6.54e-22,1.5199999999999996e-31
urn:mavedb:00000658-f-1#114,g.30_32delinsGTG,ENST00000644876.2:c.448_450delinsGTG,ENSP00000494040.1:p.Leu150Val,0.0045113309999999,0.6892866999999999,0.027400169,0.035399013,0.050250395,0.226247991,0.913348925,0.8500463909999999,0.7330714840000001,0.012357357
urn:mavedb:00000658-f-1#115,g.30_32delinsTTA,ENST00000644876.2:c.448_450delinsTTA,ENSP00000494040.1:p.Leu150=,-0.003694345,0.845266,0.109848134,0.121095364,-0.065170671,0.027737812,0.666015507,0.543080613,0.76558861,0.897799397
urn:mavedb:00000658-f-1#116,g.30_32delinsTTG,ENST00000644876.2:c.448_450delinsTTG,ENSP00000494040.1:p.Leu150=,-0.006156853,0.7152334,-0.12247155800000001,-0.021260992000000003,-0.113797101,-0.039995149,0.6644704339999999,0.949605053,0.591248942,0.864033885
urn:mavedb:00000658-f-1#117,g.30_32delinsTTT,ENST00000644876.2:c.448_450delinsTTT,ENSP00000494040.1:p.Leu150Phe,0.04486487,9.757862e-10,0.217534287,0.290372311,0.496051523,0.688807147,0.055562811,0.0032670679999999997,3.48e-08,4.55e-15
urn:mavedb:00000658-f-1#118,g.31T>A,ENST00000644876.2:c.449T>A,ENSP00000494040.1:p.Leu150His,0.04867044,4.2977990000000007e-19,0.251897925,0.35079886,0.561272832,0.708130323,0.0065177759999999,2.72e-05,1.34e-12,1.43e-19
urn:mavedb:00000658-f-1#119,g.31T>G,ENST00000644876.2:c.449T>G,ENSP00000494040.1:p.Leu150Arg,0.0578476,8.097371e-11,0.46987861700000005,0.554354099,0.728281915,0.98065142,1.52e-06,4.0600000000000005e-09,2.04e-15,2.0899999999999995e-27
urn:mavedb:00000658-f-1#120,g.31T>C,ENST00000644876.2:c.449T>C,ENSP00000494040.1:p.Leu150Pro,0.05552645,1.742233e-08,0.46719972600000004,0.614915068,0.658946393,0.790938947,9.179999999999999e-07,1.3800000000000005e-11,2.7e-13,7.96e-19
urn:mavedb:00000658-f-1#121,g.32C>T,ENST00000644876.2:c.450C>T,ENSP00000494040.1:p.Leu150=,-0.002008207,0.8907235000000001,-0.071497193,-0.105967651,0.0019276179999999,0.067147716,0.7252476259999999,0.445124219,0.990620463,0.606991678
urn:mavedb:00000658-f-1#122,g.32C>G,ENST00000644876.2:c.450C>G,ENSP00000494040.1:p.Leu150=,0.0002321013,0.9900985000000001,0.031841555,-0.032819044,0.015473042,0.014542203,0.882496352,0.844182861,0.920957347,0.917283773
urn:mavedb:00000658-f-1#123,g.32C>A,ENST00000644876.2:c.450C>A,ENSP00000494040.1:p.Leu150=,-0.01015715,0.3620676,-0.065953873,-0.074617327,-0.128999497,-0.05590407,0.808460757,0.721354242,0.40850323899999996,0.7459571340000001
urn:mavedb:00000658-f-1#124,g.33_35del,ENST00000644876.2:c.452_454del,ENSP00000494040.1:p.Phe151del,0.04188408,5.782437999999999e-12,0.341472668,0.435995619,0.511257479,0.653990022,5.73e-05,6.08e-08,7.43e-11,3.3e-17
urn:mavedb:00000658-f-1#125,g.33_34del,ENST00000644876.2:c.453_454del,NA,-0.3481493,4.251399e-07,-3.420072752,-4.345648164,-4.038450434,-3.8199116330000003,5.17e-20,5.43e-28,4.35e-26,2.3900000000000002e-24
urn:mavedb:00000658-f-1#126,g.33T>A,ENST00000644876.2:c.451T>A,ENSP00000494040.1:p.Phe151Ile,0.053261,9.612213e-14,0.43742991,0.541867042,0.645384919,0.818272808,6.37e-09,9.41e-14,1.6199999999999999e-19,6.380000000000001e-31
urn:mavedb:00000658-f-1#127,g.33T>G,ENST00000644876.2:c.451T>G,ENSP00000494040.1:p.Phe151Val,0.04940033,1.511015e-10,0.25054719,0.407307675,0.5530534229999999,0.678878089,0.019710785,1.17e-05,6.05e-10,1.3999999999999999e-14
urn:mavedb:00000658-f-1#128,g.33T>C,ENST00000644876.2:c.451T>C,ENSP00000494040.1:p.Phe151Leu,0.04636562,7.656983000000001e-12,0.40479798,0.433022909,0.554857746,0.798904672,2.6899999999999996e-11,3.0299999999999997e-13,1.2600000000000002e-21,2.1099999999999996e-44
urn:mavedb:00000658-f-1#129,g.33_35delinsAGC,ENST00000644876.2:c.451_453delinsAGC,ENSP00000494040.1:p.Phe151Ser,0.05434181,3.759332e-11,0.374047398,0.518819605,0.6292197589999999,0.847489048,0.001782084,2.36e-06,3.8200000000000005e-09,6e-16
urn:mavedb:00000658-f-1#130,g.33_35delinsATC,ENST00000644876.2:c.451_453delinsATC,ENSP00000494040.1:p.Phe151Ile,0.04669522,3.182481e-09,0.3588453379999999,0.450136906,0.544077915,0.850895273,0.000195048,7.590000000000002e-07,8.66e-10,7.8e-23
urn:mavedb:00000658-f-1#131,g.33_35delinsGTG,ENST00000644876.2:c.451_453delinsGTG,ENSP00000494040.1:p.Phe151Val,0.06091149,1.816597e-10,0.540233556,0.625415297,0.740126556,0.9984611170000001,4.79e-07,2.02e-09,5.35e-13,5.44e-23
urn:mavedb:00000658-f-1#132,g.33_35delinsTAC,ENST00000644876.2:c.452_453delinsAC,ENSP00000494040.1:p.Phe151Tyr,-0.009700634,0.4632064999999999,-0.116963321,-0.007941159,-0.15691870800000002,-0.075787096,0.600425945,0.977603728,0.303476846,0.6560367579999999
urn:mavedb:00000658-f-1#133,g.33_35delinsTGC,ENST00000644876.2:c.452_453delinsGC,ENSP00000494040.1:p.Phe151Cys,0.04366121,1.103317e-10,0.317432324,0.388889671,0.516065005,0.7153683409999999,0.00019681900000000001,1.49e-06,3.42e-11,9.66e-21
urn:mavedb:00000658-f-1#134,g.34T>A,ENST00000644876.2:c.452T>A,ENSP00000494040.1:p.Phe151Tyr,0.01085949,0.2277565,-0.048895546,0.04511624,0.077280658,0.11945526,0.816963285,0.793161317,0.545855675,0.25236220600000003
urn:mavedb:00000658-f-1#135,g.34T>G,ENST00000644876.2:c.452T>G,ENSP00000494040.1:p.Phe151Cys,0.05388788,3.51205e-20,0.3478831579999999,0.467311905,0.628363545,0.783807969,1.4599999999999999e-05,8.14e-10,2.4600000000000002e-17,1.5500000000000002e-26
urn:mavedb:00000658-f-1#136,g.34T>C,ENST00000644876.2:c.452T>C,ENSP00000494040.1:p.Phe151Ser,0.0387082,1.364819e-08,0.27697463,0.351194112,0.440436706,0.636818125,0.004258919,7.91e-05,2.67e-07,1.92e-14
urn:mavedb:00000658-f-1#137,g.35T>C,ENST00000644876.2:c.453T>C,ENSP00000494040.1:p.Phe151=,-0.0056897419999999,0.6424658000000001,-0.055272594,-0.07781587400000001,-0.076896386,-0.037547821,0.8048832159999999,0.626341218,0.588662045,0.8007562540000001
urn:mavedb:00000658-f-1#138,g.35T>A,ENST00000644876.2:c.453T>A,ENSP00000494040.1:p.Phe151Leu,0.05636516,1.244509e-13,0.374007976,0.481190109,0.65669084,0.8327552290000001,0.0006183730000000001,2.49e-06,2.5e-11,9.660000000000001e-18
urn:mavedb:00000658-f-1#139,g.35T>G,ENST00000644876.2:c.453T>G,ENSP00000494040.1:p.Phe151Leu,0.04929866,3.4828480000000003e-16,0.35421220700000006,0.45470433,0.575524381,0.76663392,7.09e-06,1.61e-09,4.92e-15,5.53e-26
urn:mavedb:00000658-f-1#140,g.36_38del,ENST00000644876.2:c.454_456del,ENSP00000494040.1:p.Ser152del,0.01350462,0.2645356,0.227126117,0.256601691,0.16841619,0.103337921,0.19031999100000002,0.088619056,0.31534328300000003,0.56220494
urn:mavedb:00000658-f-1#141,g.36T>A,ENST00000644876.2:c.454T>A,ENSP00000494040.1:p.Ser152Thr,0.03453454,1.1131440000000001e-06,0.23195906100000002,0.393550093,0.367111061,0.438052602,0.00742807,1.6e-07,1.05e-06,3.2899999999999996e-09
urn:mavedb:00000658-f-1#142,g.36T>G,ENST00000644876.2:c.454T>G,ENSP00000494040.1:p.Ser152Ala,0.008101429,0.4282875,0.059597264000000004,0.14955897,0.089367666,0.095335642,0.8142881790000001,0.285912195,0.570838947,0.49746813
urn:mavedb:00000658-f-1#143,g.36T>C,ENST00000644876.2:c.454T>C,ENSP00000494040.1:p.Ser152Pro,0.03663574,9.307925000000001e-07,0.3309631939999999,0.38274903,0.443572849,0.6526893029999999,0.001016032,6.01e-05,1.63e-06,3.2799999999999997e-13
urn:mavedb:00000658-f-1#144,g.36_38delinsACC,ENST00000644876.2:c.454_456delinsACC,ENSP00000494040.1:p.Ser152Thr,0.02436095,0.0007734109,0.0966415369999999,0.2306389469999999,0.24674322,0.410704942,0.509306296,0.009924663,0.004084798,2.47e-07
urn:mavedb:00000658-f-1#145,g.36_38delinsAGC,ENST00000644876.2:c.454_456delinsAGC,ENSP00000494040.1:p.Ser152=,0.02502317,0.00126868,0.094786337,0.20108613600000003,0.262764577,0.2905404669999999,0.61771644,0.076139841,0.009857315,0.003210755
urn:mavedb:00000658-f-1#146,g.36_38delinsAGT,ENST00000644876.2:c.454_455delinsAG,ENSP00000494040.1:p.Ser152=,0.02383103,0.02945449,0.020678717,0.146704563,0.244046885,0.302835925,0.9575483909999999,0.400275944,0.073026504,0.015954343
urn:mavedb:00000658-f-1#147,g.36_38delinsCCC,ENST00000644876.2:c.454_456delinsCCC,ENSP00000494040.1:p.Ser152Pro,0.05516401,2.244592e-18,0.15574237800000001,0.43009739,0.5743930429999999,0.693368585,0.108106576,2.6800000000000003e-09,3.13e-16,3.1699999999999996e-23
urn:mavedb:00000658-f-1#148,g.36_38delinsGCC,ENST00000644876.2:c.454_456delinsGCC,ENSP00000494040.1:p.Ser152Ala,-0.0069344169999999,0.5384555,-0.046964944,-0.06895658,-0.098743125,-0.069136789,0.845905048,0.685019624,0.460816556,0.6076712870000001
urn:mavedb:00000658-f-1#149,g.36_38delinsTAC,ENST00000644876.2:c.455_456delinsAC,ENSP00000494040.1:p.Ser152Tyr,0.01412451,0.04968243,0.152583527,0.197862683,0.15770578,0.16193970300000002,0.19540908899999998,0.041924694,0.11869604199999999,0.095432443
urn:mavedb:00000658-f-1#150,g.36_38delinsTGC,ENST00000644876.2:c.455_456delinsGC,ENSP00000494040.1:p.Ser152Cys,0.009758934,0.3358758,-0.068829022,-0.083441718,0.09465860400000001,0.154145864,0.6876108190000001,0.516106427,0.39179274399999997,0.0879246
urn:mavedb:00000658-f-1#151,g.36_38delinsTTC,ENST00000644876.2:c.455_456delinsTC,ENSP00000494040.1:p.Ser152Phe,0.007879509,0.4092633,0.024009971,0.053732978,0.0618495409999999,0.073139108,0.921409357,0.727219238,0.636324396,0.516256374
urn:mavedb:00000658-f-1#152,g.37C>A,ENST00000644876.2:c.455C>A,ENSP00000494040.1:p.Ser152Tyr,0.004438724000000001,0.7383877,0.11697011,0.0455771959999999,0.100712977,0.06796263400000001,0.462522106,0.81857986,0.450709333,0.616773815
urn:mavedb:00000658-f-1#153,g.37C>G,ENST00000644876.2:c.455C>G,ENSP00000494040.1:p.Ser152Cys,0.02153399,0.10875560000000001,0.1504926469999999,0.265876739,0.233877869,0.294849813,0.560049033,0.119270645,0.17124097800000002,0.05603769
urn:mavedb:00000658-f-1#154,g.37C>T,ENST00000644876.2:c.455C>T,ENSP00000494040.1:p.Ser152Phe,0.02348286,0.0005691814,0.091900568,0.21896632800000002,0.23206498,0.408478181,0.5784669720000001,0.024409264,0.013060572,1.39e-06
urn:mavedb:00000658-f-1#155,g.38T>C,ENST00000644876.2:c.456T>C,ENSP00000494040.1:p.Ser152=,0.0008169682,0.9611936,-0.037645102,0.019054763,-0.011485212,-0.071917356,0.891895993,0.933762034,0.9552074759999999,0.614091763
urn:mavedb:00000658-f-1#156,g.38T>G,ENST00000644876.2:c.456T>G,ENSP00000494040.1:p.Ser152=,0.003133035,0.8444965,0.06190858900000001,0.023259212,0.0233887139999999,0.030123636000000002,0.8297644259999999,0.929888093,0.9197292340000001,0.8793841090000001
urn:mavedb:00000658-f-1#157,g.38T>A,ENST00000644876.2:c.456T>A,ENSP00000494040.1:p.Ser152=,0.02227374,0.06430637,0.067802198,0.19229311600000001,0.224183747,0.40930171,0.871929847,0.39261625899999997,0.25627349,0.010991726
urn:mavedb:00000658-f-1#158,g.39_41del,ENST00000644876.2:c.459_461del,ENSP00000494040.1:p.Gly154del,0.02906492,0.007908355,0.095888288,0.1743395139999999,0.3159363619999999,0.3155532669999999,0.749222583,0.3589926879999999,0.030100397999999997,0.026948684
urn:mavedb:00000658-f-1#159,g.39G>C,ENST00000644876.2:c.457G>C,ENSP00000494040.1:p.Gly153Arg,-0.0067069880000000005,0.6714273000000001,0.099824645,-0.034425741,-0.042204961,-0.09030813300000001,0.739281489,0.9130393109999999,0.870701085,0.64484532
urn:mavedb:00000658-f-1#160,g.39G>A,ENST00000644876.2:c.457G>A,ENSP00000494040.1:p.Gly153Arg,0.06857131,6.583842e-26,0.39936245600000003,0.697764498,0.793478122,1.05402732,7.45e-07,1.82e-20,1.3799999999999998e-26,1.19e-46
urn:mavedb:00000658-f-1#161,g.39G>T,ENST00000644876.2:c.457G>T,ENSP00000494040.1:p.Gly153Ter,-0.2611646,4.0330640000000006e-11,-2.660091029,-2.8168599789999997,-3.002468574,-2.596157982,4.1399999999999985e-54,1.54e-60,1.3899999999999989e-67,2.62e-53
urn:mavedb:00000658-f-1#162,g.39_41delinsGAG,ENST00000644876.2:c.458_459delinsAG,ENSP00000494040.1:p.Gly153Glu,0.03828476,3.155129e-06,0.11179910800000001,0.31643861,0.396671802,0.658965229,0.617796382,0.009962498,0.000546813,1.01e-09
urn:mavedb:00000658-f-1#163,g.39_41delinsGCC,ENST00000644876.2:c.458_459delinsCC,ENSP00000494040.1:p.Gly153Ala,0.005665309,0.5839114000000001,-0.000324487,0.040596591,0.055155798,0.004145485,0.9991550459999999,0.830252256,0.71262921,0.982813514
urn:mavedb:00000658-f-1#164,g.39_41delinsGTG,ENST00000644876.2:c.458_459delinsTG,ENSP00000494040.1:p.Gly153Val,0.03045835,0.0001232402,0.143604158,0.257052165,0.329254392,0.441607769,0.357259869,0.018867342,0.001150762,4.92e-06
urn:mavedb:00000658-f-1#165,g.39_41delinsTAA,ENST00000644876.2:c.457_458delinsTA,ENSP00000494040.1:p.Gly153Ter,-0.23132110000000003,5.630226e-06,-3.1784377960000003,-2.733751613,-2.774676778,-2.590941064,3.13e-38,2.3399999999999997e-32,6.11e-34,1.32e-29
urn:mavedb:00000658-f-1#166,g.40G>A,ENST00000644876.2:c.458G>A,ENSP00000494040.1:p.Gly153Glu,0.02650335,0.001714975,0.046178113,0.2346592189999999,0.252464444,0.313697281,0.8577393790000001,0.032823151,0.016183345,0.00158205
urn:mavedb:00000658-f-1#167,g.40G>C,ENST00000644876.2:c.458G>C,ENSP00000494040.1:p.Gly153Ala,0.05388564,4.7501070000000006e-17,0.23001980600000002,0.39713737,0.60234489,0.9560540609999999,0.010989038000000001,3.79e-07,9.279999999999999e-16,7.07e-39
urn:mavedb:00000658-f-1#168,g.40G>T,ENST00000644876.2:c.458G>T,ENSP00000494040.1:p.Gly153Val,0.07092211,8.211843000000001e-25,0.436545715,0.6489362879999999,0.822717292,1.159556008,4.8e-07,3.12e-15,1.5899999999999999e-24,3.289999999999999e-48
urn:mavedb:00000658-f-1#169,g.41A>C,ENST00000644876.2:c.459A>C,ENSP00000494040.1:p.Gly153=,-0.002437224,0.879383,0.11830336,-0.059639951,0.020997815,0.023695051,0.598346876,0.8060800159999999,0.929816944,0.9092936229999999
urn:mavedb:00000658-f-1#170,g.41A>T,ENST00000644876.2:c.459A>T,ENSP00000494040.1:p.Gly153=,-0.001630921,0.9121259,-0.051038285,0.0168189719999999,-0.0730680559999999,-0.136763407,0.8224248390000001,0.938206822,0.609537839,0.21858906600000003
urn:mavedb:00000658-f-1#171,g.41A>G,ENST00000644876.2:c.459A>G,ENSP00000494040.1:p.Gly153=,0.03032625,3.736189e-07,0.028938745,0.230095285,0.340880886,0.565665196,0.897005336,0.006033815,8.93e-06,1.55e-14
urn:mavedb:00000658-f-1#172,g.42_44del,ENST00000644876.2:c.460_462del,ENSP00000494040.1:p.Gly154del,0.01378707,0.1094191,0.163990159,0.233380695,0.1518255,0.254603821,0.193527687,0.020029767,0.17401339300000002,0.007297382
urn:mavedb:00000658-f-1#173,g.42G>A,ENST00000644876.2:c.460G>A,ENSP00000494040.1:p.Gly154Ser,-0.01756875,0.01351791,0.0536238759999999,-0.06369102,-0.181623542,-0.20547209600000002,0.778277914,0.665036952,0.050343884000000005,0.020958533999999997
urn:mavedb:00000658-f-1#174,g.42G>C,ENST00000644876.2:c.460G>C,ENSP00000494040.1:p.Gly154Arg,-0.02219561,0.01388212,0.0811321,-0.069727265,-0.216458732,-0.3568343879999999,0.7328389129999999,0.727447935,0.079980619,0.00125917
urn:mavedb:00000658-f-1#175,g.42G>T,ENST00000644876.2:c.460G>T,ENSP00000494040.1:p.Gly154Cys,-0.01200448,0.3320131,0.095375575,-0.134648349,-0.095631434,-0.0845001169999999,0.6864217509999999,0.424968844,0.5818508579999999,0.600372363
urn:mavedb:00000658-f-1#176,g.42_44delinsCGG,ENST00000644876.2:c.460_462delinsCGG,ENSP00000494040.1:p.Gly154Arg,-0.005903156,0.6381019,0.0177547539999999,-0.040752544,-0.087856829,-0.431714854,0.9607599809999999,0.8679285990000001,0.609379039,0.000100592
urn:mavedb:00000658-f-1#177,g.42_44delinsGAT,ENST00000644876.2:c.461_462delinsAT,ENSP00000494040.1:p.Gly154Asp,-0.01931975,0.04041566,-0.219814603,-0.12980135,-0.278881311,-0.3275395239999999,0.028163969,0.256579078,0.00146528,0.000144887
urn:mavedb:00000658-f-1#178,g.42_44delinsGCT,ENST00000644876.2:c.461_462delinsCT,ENSP00000494040.1:p.Gly154Ala,-0.0177476,0.1942691,-0.226010569,-0.185267395,-0.24917413300000002,-0.294948657,0.189864776,0.276776724,0.0872160959999999,0.030256617000000003
urn:mavedb:00000658-f-1#179,g.42_44delinsGTG,ENST00000644876.2:c.461_462delinsTG,ENSP00000494040.1:p.Gly154Val,-0.02482612,0.009323668,-0.120750975,-0.12792324800000002,-0.301684611,-0.4914673979999999,0.617101892,0.512619897,0.025919783999999998,7.290000000000001e-05
urn:mavedb:00000658-f-1#180,g.42_44delinsTCC,ENST00000644876.2:c.460_461delinsTC,ENSP00000494040.1:p.Gly154Ser,0.0065445880000000005,0.6585019,-0.009772408,-0.0066403090000000005,0.06951621,0.000847612,0.979268027,0.980904876,0.7067044309999999,0.9966489890000001
urn:mavedb:00000658-f-1#181,g.42_44delinsTGT,ENST00000644876.2:c.460_462delinsTGT,ENSP00000494040.1:p.Gly154Cys,-0.0015517089999999,0.9011985999999998,-0.019707594,-0.0275473239999999,-0.031835674,0.000522558,0.9347925570000001,0.876512959,0.827695629,0.997282914
urn:mavedb:00000658-f-1#182,g.43G>C,ENST00000644876.2:c.461G>C,ENSP00000494040.1:p.Gly154Ala,-0.01450969,0.1721908999999999,-0.062330647,-0.17253225100000003,-0.163810619,-0.354754509,0.815182025,0.22961699,0.235165787,0.0015078270000000002
urn:mavedb:00000658-f-1#183,g.43G>T,ENST00000644876.2:c.461G>T,ENSP00000494040.1:p.Gly154Val,-0.01663476,0.0283868,-0.075281227,-0.22053212100000003,-0.196008071,-0.240301011,0.714342563,0.040624616,0.069814965,0.017211959
urn:mavedb:00000658-f-1#184,g.43G>A,ENST00000644876.2:c.461G>A,ENSP00000494040.1:p.Gly154Asp,-0.001981151,0.8709687,0.0077447969999999,0.012706866,-0.045786897,-0.20091434100000002,0.97871301,0.951919926,0.7559902159999999,0.029897291
urn:mavedb:00000658-f-1#185,g.44C>A,ENST00000644876.2:c.462C>A,ENSP00000494040.1:p.Gly154=,0.0072451569999999,0.6138020000000001,0.01145077,0.091742194,0.053215543,0.029853322,0.975844333,0.633930157,0.7889596720000001,0.8758263829999999
urn:mavedb:00000658-f-1#186,g.44C>G,ENST00000644876.2:c.462C>G,ENSP00000494040.1:p.Gly154=,0.001576612,0.9046699,0.0059577169999999,0.044054859,-0.00024371900000000002,0.0108387089999999,0.98431601,0.8060800159999999,0.9991141509999999,0.949168899
urn:mavedb:00000658-f-1#187,g.44C>T,ENST00000644876.2:c.462C>T,ENSP00000494040.1:p.Gly154=,0.0101956,0.1562407999999999,0.0433730529999999,0.04744468,0.11224660800000001,0.08951331300000001,0.805068204,0.7272514390000001,0.212509169,0.330133411
urn:mavedb:00000658-f-1#188,g.45_47del,ENST00000644876.2:c.464_466del,ENSP00000494040.1:p.Asn155del,0.02450747,0.00433683,0.139454937,0.24140069600000003,0.29648879300000003,0.15732569400000002,0.431490634,0.049919975,0.008507415,0.22894984899999998
urn:mavedb:00000658-f-1#189,g.45_47delinsCAT,ENST00000644876.2:c.463_465delinsCAT,ENSP00000494040.1:p.Asn155His,0.03884018,0.0008233563999999,0.250692949,0.276350129,0.468686617,0.7036872759999999,0.22358615,0.12350217699999999,0.001750284,5.6e-07
urn:mavedb:00000658-f-1#190,g.45A>C,ENST00000644876.2:c.463A>C,ENSP00000494040.1:p.Asn155His,0.05300848,6.11841e-09,0.215069641,0.5459863770000001,0.5426157220000001,0.846996007,0.06822597,2.18e-09,2.3399999999999998e-09,7.99e-22
urn:mavedb:00000658-f-1#191,g.45_47delinsGAT,ENST00000644876.2:c.463_465delinsGAT,ENSP00000494040.1:p.Asn155Asp,0.05630209,9.411875e-08,0.285093239,0.46302913,0.63455483,0.869093938,0.130762687,0.001977989,6.03e-06,1.48e-10
urn:mavedb:00000658-f-1#192,g.45A>G,ENST00000644876.2:c.463A>G,ENSP00000494040.1:p.Asn155Asp,0.04573682,5.624279e-10,0.286659573,0.395722154,0.5289258170000001,0.628383644,0.007653927,4.09e-05,1.03e-08,5.47e-12
urn:mavedb:00000658-f-1#193,g.45_47delinsTAT,ENST00000644876.2:c.463_465delinsTAT,ENSP00000494040.1:p.Asn155Tyr,0.06399875,1.104379e-16,0.252918397,0.45433128100000003,0.7137979729999999,0.8442998690000001,0.100045354,0.00019081,4.04e-10,6.96e-14
urn:mavedb:00000658-f-1#194,g.45A>T,ENST00000644876.2:c.463A>T,ENSP00000494040.1:p.Asn155Tyr,0.04403863,0.0028534940000000003,0.239162338,0.30320257,0.518344895,0.7447334859999999,0.464536295,0.23496125,0.011793483,9.41e-05
urn:mavedb:00000658-f-1#195,g.45_47delinsACA,ENST00000644876.2:c.464_465delinsCA,ENSP00000494040.1:p.Asn155Thr,0.02601834,0.01358547,0.10895176,0.168229035,0.291795558,0.459441871,0.682917883,0.347956892,0.036146523,0.00023851099999999998
urn:mavedb:00000658-f-1#196,g.45_47delinsTCC,ENST00000644876.2:c.463_464delinsTC,ENSP00000494040.1:p.Asn155Ser,0.02062207,0.02084418,0.02033385,0.125306737,0.20870026600000002,0.1804277239999999,0.946402923,0.350964166,0.048704185,0.09174498
urn:mavedb:00000658-f-1#197,g.46A>G,ENST00000644876.2:c.464A>G,ENSP00000494040.1:p.Asn155Ser,0.02600964,0.0008024614,0.078074241,0.198810602,0.272066567,0.315488673,0.70718698,0.07504071,0.005997651,0.000963177
urn:mavedb:00000658-f-1#198,g.46A>C,ENST00000644876.2:c.464A>C,ENSP00000494040.1:p.Asn155Thr,0.02001315,0.1955537,0.111681759,0.158089888,0.2255236239999999,0.206396723,0.739281489,0.498243027,0.232044592,0.261905555
urn:mavedb:00000658-f-1#199,g.46_47delinsTT,ENST00000644876.2:c.464_465delinsTT,ENSP00000494040.1:p.Asn155Ile,0.03443483,0.008426538,0.230066792,0.384809731,0.374241315,0.7155386909999999,0.33830118,0.026475433,0.028514336,1.92e-06
urn:mavedb:00000658-f-1#200,g.46A>T,ENST00000644876.2:c.464A>T,ENSP00000494040.1:p.Asn155Ile,0.02663566,1.487654e-05,0.147062588,0.2629452089999999,0.286098171,0.494773101,0.18323319600000001,0.001584103,0.00039846699999999995,6.45e-11
urn:mavedb:00000658-f-1#201,g.47C>T,ENST00000644876.2:c.465C>T,ENSP00000494040.1:p.Asn155=,-0.0006714216,0.9685369,0.085172433,-0.03327635,0.0246236739999999,0.026559807,0.635940767,0.8692856840000001,0.88930882,0.863219235
urn:mavedb:00000658-f-1#202,g.47C>A,ENST00000644876.2:c.465C>A,ENSP00000494040.1:p.Asn155Lys,0.03096731,0.004125231,0.131639502,0.162540391,0.3619456789999999,0.521780783,0.617289789,0.4135846520000001,0.010825946000000001,7.31e-05
urn:mavedb:00000658-f-1#203,g.47C>G,ENST00000644876.2:c.465C>G,ENSP00000494040.1:p.Asn155Lys,0.03768305,0.0004596751999999,-0.076824765,0.213642095,0.35575689200000005,0.609206176,0.839411763,0.281786964,0.024710771,1.62e-05
urn:mavedb:00000658-f-1#204,g.48_50del,ENST00000644876.2:c.466_468del,ENSP00000494040.1:p.Thr156del,-0.0041232940000000004,0.8608051,0.222190909,0.156717416,-0.024987221,0.132986464,0.318822392,0.494250078,0.934379058,0.510657651
urn:mavedb:00000658-f-1#205,g.48A>T,ENST00000644876.2:c.466A>T,ENSP00000494040.1:p.Thr156Ser,-0.009724484,0.3228611,-0.091404761,-0.098134037,-0.130170548,-0.205966309,0.6060945320000001,0.490779146,0.26983917399999996,0.040259021
urn:mavedb:00000658-f-1#206,g.48A>G,ENST00000644876.2:c.466A>G,ENSP00000494040.1:p.Thr156Ala,0.04150436,7.340135000000001e-12,0.2328941689999999,0.387576886,0.456316425,0.663126169,0.007960734,4.6299999999999995e-07,1.24e-09,1.55e-19
urn:mavedb:00000658-f-1#207,g.48A>C,ENST00000644876.2:c.466A>C,ENSP00000494040.1:p.Thr156Pro,0.06186517,6.702136e-18,0.36802685,0.549468328,0.712683967,0.9948926240000001,0.00018124299999999999,1.95e-09,1.75e-15,2.12e-29
urn:mavedb:00000658-f-1#208,g.48_50delinsAAC,ENST00000644876.2:c.467_468delinsAC,ENSP00000494040.1:p.Thr156Asn,-0.007082002,0.4466584,0.052208662,0.015890688,-0.086269691,-0.18486554800000002,0.810100013,0.940945899,0.5124447560000001,0.066333456
urn:mavedb:00000658-f-1#209,g.48_50delinsATC,ENST00000644876.2:c.467_468delinsTC,ENSP00000494040.1:p.Thr156Ile,0.05404012,1.042989e-14,0.291571627,0.42312561,0.62515581,0.841042063,0.001782084,7.31e-07,3.08e-14,4.3799999999999995e-25
urn:mavedb:00000658-f-1#210,g.48_50delinsCCC,ENST00000644876.2:c.466_468delinsCCC,ENSP00000494040.1:p.Thr156Pro,0.0644889,9.768489e-28,0.35777555200000005,0.500373405,0.790890619,0.993806985,3.13e-06,6.9000000000000025e-12,3.81e-29,1.57e-45
urn:mavedb:00000658-f-1#211,g.48_50delinsGCC,ENST00000644876.2:c.466_468delinsGCC,ENSP00000494040.1:p.Thr156Ala,0.03679976,8.807623e-12,0.1327424509999999,0.25664891,0.381629579,0.593960866,0.217597097,0.0011794519999999999,2.3e-07,9.68e-17
urn:mavedb:00000658-f-1#212,g.49C>G,ENST00000644876.2:c.467C>G,ENSP00000494040.1:p.Thr156Ser,-0.01383429,0.04841805,-0.096335244,-0.087422813,-0.207705626,-0.182913302,0.441605439,0.44126546899999997,0.009494634,0.024128859
urn:mavedb:00000658-f-1#213,g.49C>A,ENST00000644876.2:c.467C>A,ENSP00000494040.1:p.Thr156Asn,-0.01026886,0.44494170000000005,-0.31789203,-0.137986583,-0.212863954,-0.36187655700000004,0.0024251710000000003,0.299205357,0.049808695,0.000210483
urn:mavedb:00000658-f-1#214,g.49C>T,ENST00000644876.2:c.467C>T,ENSP00000494040.1:p.Thr156Ile,0.05652772,1.5443830000000004e-22,0.270310296,0.445360527,0.636527513,0.896076153,0.00043627900000000003,1.9800000000000001e-10,6.1e-21,7.73e-41
urn:mavedb:00000658-f-1#215,g.50T>G,ENST00000644876.2:c.468T>G,ENSP00000494040.1:p.Thr156=,-0.006120741,0.5595478,-0.159488363,-0.108745908,-0.10890593,-0.060135462,0.065819139,0.24916882699999998,0.220106103,0.539655753
urn:mavedb:00000658-f-1#216,g.50T>C,ENST00000644876.2:c.468T>C,ENSP00000494040.1:p.Thr156=,0.0059933090000000005,0.4399427999999999,0.010381506,0.0844279459999999,0.022344436000000002,-0.055951256,0.9694246,0.500074922,0.886083425,0.631488531
urn:mavedb:00000658-f-1#217,g.50T>A,ENST00000644876.2:c.468T>A,ENSP00000494040.1:p.Thr156=,0.0014765639999999,0.9011985999999998,0.072840763,0.002420395,0.0281838929999999,-0.001404672,0.612521535,0.9896303340000001,0.839848753,0.9921589820000001
urn:mavedb:00000658-f-1#218,g.51_53del,ENST00000644876.2:c.469_471del,ENSP00000494040.1:p.Gly157del,0.01861043,0.02622533,0.2110495319999999,0.19957939800000002,0.23838530300000002,0.260374382,0.134024628,0.134438319,0.04891948,0.024413861000000002
urn:mavedb:00000658-f-1#219,g.51G>C,ENST00000644876.2:c.469G>C,ENSP00000494040.1:p.Gly157Arg,0.02417191,0.06987948,0.062743498,0.235057183,0.233996213,0.3705046589999999,0.883835632,0.253896804,0.23034216,0.024707325
urn:mavedb:00000658-f-1#220,g.51G>A,ENST00000644876.2:c.469G>A,ENSP00000494040.1:p.Gly157Arg,0.03852708,0.0002389531,0.04273752,0.221931335,0.402565998,0.539354064,0.9020958570000001,0.132313433,0.000853956,2.88e-06
urn:mavedb:00000658-f-1#221,g.51G>T,ENST00000644876.2:c.469G>T,ENSP00000494040.1:p.Gly157Trp,0.03183135,0.001380886,0.370327026,0.361271929,0.408835386,0.4152227429999999,0.0003582569999999,0.000359004,3.11e-05,2.1899999999999997e-05
urn:mavedb:00000658-f-1#222,g.51_53delinsGCC,ENST00000644876.2:c.470_471delinsCC,ENSP00000494040.1:p.Gly157Ala,0.01841319,0.1423555,0.25903348,0.23021292,0.241260566,0.41913796700000006,0.076137135,0.10750638400000001,0.075549418,0.00036882
urn:mavedb:00000658-f-1#223,g.51_53delinsGTC,ENST00000644876.2:c.470_471delinsTC,ENSP00000494040.1:p.Gly157Val,0.01362624,0.3800078,0.07447709400000001,0.059806685,0.164180308,0.176378211,0.819652232,0.831742126,0.359182367,0.284116955
urn:mavedb:00000658-f-1#224,g.52G>C,ENST00000644876.2:c.470G>C,ENSP00000494040.1:p.Gly157Ala,0.01784316,0.3326341,-0.0845508119999999,0.091345333,0.147794346,0.266963762,0.845509794,0.785308882,0.5618488970000001,0.176749729
urn:mavedb:00000658-f-1#225,g.52_53delinsAA,ENST00000644876.2:c.470_471delinsAA,ENSP00000494040.1:p.Gly157Glu,0.06092017,0.0017264860000000002,0.500426676,0.579626357,0.745589328,0.843611685,0.086258765,0.026250224,0.001916967,0.00030016099999999996
urn:mavedb:00000658-f-1#226,g.52G>A,ENST00000644876.2:c.470G>A,ENSP00000494040.1:p.Gly157Glu,0.05192486,3.990066e-09,0.332871176,0.38280436700000003,0.624632948,0.8457490209999999,0.001003548,5.91e-05,2.76e-12,5.1800000000000015e-22
urn:mavedb:00000658-f-1#227,g.52G>T,ENST00000644876.2:c.470G>T,ENSP00000494040.1:p.Gly157Val,0.03017389,0.06258378,-0.010949393,0.150211178,0.30426724,0.158051838,0.9850886990000001,0.588819168,0.121810949,0.483956935
urn:mavedb:00000658-f-1#228,g.53G>C,ENST00000644876.2:c.471G>C,ENSP00000494040.1:p.Gly157=,-0.0007928934,0.9833629,0.122780339,-0.043205212,0.041287936000000004,-0.017996581,0.753004408,0.915059017,0.90389633,0.95835094
urn:mavedb:00000658-f-1#229,g.53G>A,ENST00000644876.2:c.471G>A,ENSP00000494040.1:p.Gly157=,0.001654382,0.9484284,0.0516837909999999,0.043201853,0.017203545,-0.21611734600000002,0.9013548570000001,0.898953949,0.954441653,0.22485580300000002
urn:mavedb:00000658-f-1#230,g.53G>T,ENST00000644876.2:c.471G>T,ENSP00000494040.1:p.Gly157=,-0.0004651078,0.9856601,0.154460995,0.09906516800000001,0.011338571,0.0763719279999999,0.408580848,0.61484421,0.961804315,0.652468038
urn:mavedb:00000658-f-1#231,g.54_56del,ENST00000644876.2:c.473_475del,ENSP00000494040.1:p.Ile158del,0.04645846,8.164140000000001e-09,0.18883368600000003,0.356276063,0.510992247,0.554162238,0.21036576899999998,0.001279707,7.2e-07,6.049999999999999e-08
urn:mavedb:00000658-f-1#232,g.54A>C,ENST00000644876.2:c.472A>C,ENSP00000494040.1:p.Ile158Leu,0.005669358,0.6399587,-0.0396517039999999,0.020903747,0.0671304309999999,-0.058910252,0.882496352,0.925685284,0.665405406,0.680225933
urn:mavedb:00000658-f-1#233,g.54A>G,ENST00000644876.2:c.472A>G,ENSP00000494040.1:p.Ile158Val,0.06076483,1.151716e-28,0.303588277,0.5411143820000001,0.670341077,0.859222994,0.000151268,1.8100000000000006e-13,1.82e-20,3.9899999999999996e-33
urn:mavedb:00000658-f-1#234,g.54A>T,ENST00000644876.2:c.472A>T,ENSP00000494040.1:p.Ile158Phe,0.04610541,1.0468889999999999e-13,0.167711155,0.29371956,0.514771324,0.67001961,0.069435228,9.719999999999999e-05,2.62e-13,5.8599999999999985e-22
urn:mavedb:00000658-f-1#235,g.54_56delinsAAC,ENST00000644876.2:c.473_474delinsAC,ENSP00000494040.1:p.Ile158Asn,0.0616192999999999,1.57504e-19,0.386014313,0.561787048,0.707507873,0.975566754,7.42e-06,5.419999999999999e-12,7.43e-19,3.91e-35
urn:mavedb:00000658-f-1#236,g.54_56delinsACC,ENST00000644876.2:c.473_474delinsCC,ENSP00000494040.1:p.Ile158Thr,0.06037295,1.78545e-21,0.389494939,0.597738116,0.6947038000000001,0.8996009309999999,1.05e-08,3.39e-20,3.2000000000000003e-27,3.1699999999999986e-45
urn:mavedb:00000658-f-1#237,g.54_56delinsAGC,ENST00000644876.2:c.473_474delinsGC,ENSP00000494040.1:p.Ile158Ser,0.06336554,2.992001e-19,0.364418556,0.543921723,0.7382376909999999,0.9479471209999999,1.01e-05,2.94e-12,4.1e-22,5.639999999999999e-36
urn:mavedb:00000658-f-1#238,g.54_56delinsCTG,ENST00000644876.2:c.472_474delinsCTG,ENSP00000494040.1:p.Ile158Leu,0.002701453,0.8268128,-0.033505407,-0.05424049400000001,0.024264442,-0.149251668,0.8657283240000001,0.685616352,0.864049642,0.072972013
urn:mavedb:00000658-f-1#239,g.54_56delinsGTG,ENST00000644876.2:c.472_474delinsGTG,ENSP00000494040.1:p.Ile158Val,0.05748124,1.0279589999999998e-25,0.314654366,0.4636023689999999,0.658868486,0.897241451,4.51e-05,1.11e-10,3.740000000000001e-21,9.48e-39
urn:mavedb:00000658-f-1#240,g.54_56delinsTTC,ENST00000644876.2:c.472_474delinsTTC,ENSP00000494040.1:p.Ile158Phe,0.04458656,5.615377e-16,0.165678044,0.320806307,0.489305586,0.664292022,0.052372635,3.83e-06,1.31e-13,2.4700000000000004e-24
urn:mavedb:00000658-f-1#241,g.55T>C,ENST00000644876.2:c.473T>C,ENSP00000494040.1:p.Ile158Thr,0.05523808,7.864853e-10,0.442548834,0.515393666,0.700896211,0.8162348540000001,0.000188515,5.42e-06,1.43e-10,4.56e-14
urn:mavedb:00000658-f-1#242,g.55T>A,ENST00000644876.2:c.473T>A,ENSP00000494040.1:p.Ile158Asn,0.0605982,3.2515410000000003e-20,0.36454109100000004,0.601083155,0.642174076,0.8531879859999999,8.890000000000002e-08,9.7e-21,1.1199999999999999e-23,2.2899999999999995e-41
urn:mavedb:00000658-f-1#243,g.55T>G,ENST00000644876.2:c.473T>G,ENSP00000494040.1:p.Ile158Ser,0.0557288,1.2534109999999998e-34,0.281178312,0.500228111,0.611341825,0.8291545229999999,8.88e-07,1.14e-20,3.82e-31,1.7499999999999994e-56
urn:mavedb:00000658-f-1#244,g.56T>A,ENST00000644876.2:c.474T>A,ENSP00000494040.1:p.Ile158=,-0.0027372790000000004,0.7641704,-0.06107311,-0.0339893479999999,-0.076972478,-0.020507324,0.5864989079999999,0.7710289840000001,0.32309191800000003,0.834049736
urn:mavedb:00000658-f-1#245,g.56T>C,ENST00000644876.2:c.474T>C,ENSP00000494040.1:p.Ile158=,-0.0007059881,0.9576681999999999,0.015339071000000001,-0.023504962,-0.016881741000000002,0.032947222000000005,0.9491523909999999,0.8925805729999999,0.910787503,0.7825541429999999
urn:mavedb:00000658-f-1#246,g.56T>G,ENST00000644876.2:c.474T>G,ENSP00000494040.1:p.Ile158Met,0.03770916,9.270801e-09,0.1928425839999999,0.2762509469999999,0.43011787100000004,0.628711981,0.056040694,0.001348985,7.12e-08,5.63e-16
urn:mavedb:00000658-f-1#247,g.57_59del,ENST00000644876.2:c.475_477del,ENSP00000494040.1:p.Asn159del,0.01932284,0.0029239009999999,0.197305509,0.22623610600000002,0.226963369,0.294125705,0.033162845,0.007526736,0.006082252,0.000183013
urn:mavedb:00000658-f-1#248,g.57A>C,ENST00000644876.2:c.475A>C,ENSP00000494040.1:p.Asn159His,0.01445013,0.03075296,0.077790094,0.152002546,0.151839317,0.3970199339999999,0.657723056,0.15786993900000001,0.138986755,1.61e-06
urn:mavedb:00000658-f-1#249,g.57A>G,ENST00000644876.2:c.475A>G,ENSP00000494040.1:p.Asn159Asp,-0.0105024,0.2776714,0.038024893,-0.0414770079999999,-0.111799631,-0.05352986,0.887634282,0.8406896140000001,0.407494724,0.71437755
urn:mavedb:00000658-f-1#250,g.57A>T,ENST00000644876.2:c.475A>T,ENSP00000494040.1:p.Asn159Tyr,0.04653918,4.6308840000000005e-22,0.223522506,0.41342173600000004,0.508769715,0.671444418,0.001009381,1.0900000000000001e-11,1.21e-17,4.5699999999999995e-30
urn:mavedb:00000658-f-1#251,g.57_59delinsACC,ENST00000644876.2:c.476_477delinsCC,ENSP00000494040.1:p.Asn159Thr,-0.005224138,0.5000446,-0.0432239279999999,-0.086343424,-0.0784309359999999,-0.1420584819999999,0.795350708,0.400680675,0.42362251700000003,0.070482147
urn:mavedb:00000658-f-1#252,g.57_59delinsAGC,ENST00000644876.2:c.476_477delinsGC,ENSP00000494040.1:p.Asn159Ser,-0.01226045,0.5550679000000001,-0.148289968,-0.0947881769999999,-0.200209885,-0.267625874,0.679123655,0.78231308,0.40204844700000003,0.19284412199999998
urn:mavedb:00000658-f-1#253,g.57_59delinsATC,ENST00000644876.2:c.476_477delinsTC,ENSP00000494040.1:p.Asn159Ile,-0.01027645,0.328599,-0.04711879,-0.10228094300000001,-0.11680656800000001,-0.089388151,0.8584482059999999,0.5267449129999999,0.405825426,0.520630651
urn:mavedb:00000658-f-1#254,g.57_59delinsCAC,ENST00000644876.2:c.475_477delinsCAC,ENSP00000494040.1:p.Asn159His,0.009150519000000001,0.2566152,0.0370841529999999,0.087368808,0.078425331,0.23245458,0.875445838,0.52676647,0.547697109,0.009965099
urn:mavedb:00000658-f-1#255,g.57_59delinsGAC,ENST00000644876.2:c.475_477delinsGAC,ENSP00000494040.1:p.Asn159Asp,-0.008873369,0.354636,-0.139782934,-0.101108636,-0.148252029,-0.17186397,0.392881825,0.538945486,0.257640798,0.150911304
urn:mavedb:00000658-f-1#256,g.57_59delinsTAC,ENST00000644876.2:c.475_477delinsTAC,ENSP00000494040.1:p.Asn159Tyr,0.05527772,1.9935070000000007e-17,0.197102064,0.3953169239999999,0.608408617,0.743648194,0.03687535,3.65e-07,3.78e-16,1.0300000000000001e-23
urn:mavedb:00000658-f-1#257,g.58A>G,ENST00000644876.2:c.476A>G,ENSP00000494040.1:p.Asn159Ser,-0.01274572,0.0804139,-0.09502458800000001,-0.074870427,-0.175570298,-0.189961408,0.47325901,0.550971545,0.0422071209999999,0.022642292
urn:mavedb:00000658-f-1#258,g.58A>C,ENST00000644876.2:c.476A>C,ENSP00000494040.1:p.Asn159Thr,-0.004151307,0.8001241,-0.1587946459999999,-0.11821155800000001,-0.139349135,-0.22901997300000002,0.261470343,0.41385698200000004,0.265554489,0.030712822999999997
urn:mavedb:00000658-f-1#259,g.58A>T,ENST00000644876.2:c.476A>T,ENSP00000494040.1:p.Asn159Ile,-0.007633048000000001,0.4573439,-0.076579567,-0.00028538,-0.127995535,-0.139534643,0.659701569,0.998683819,0.23421449800000002,0.164348143
urn:mavedb:00000658-f-1#260,g.59T>C,ENST00000644876.2:c.477T>C,ENSP00000494040.1:p.Asn159=,-0.01026249,0.2798297,-0.05553415,-0.202304612,-0.118922717,-0.14610513,0.775108723,0.033530344,0.270946184,0.135643912
urn:mavedb:00000658-f-1#261,g.59T>A,ENST00000644876.2:c.477T>A,ENSP00000494040.1:p.Asn159Lys,-0.01765837,0.04172634,0.041167239,-0.085700894,-0.177315992,-0.292452359,0.8881041009999999,0.6420479020000001,0.16886243,0.008641853
urn:mavedb:00000658-f-1#262,g.59T>G,ENST00000644876.2:c.477T>G,ENSP00000494040.1:p.Asn159Lys,-0.02632376,0.00034906730000000005,-0.117537911,-0.210941035,-0.2983269,-0.314228965,0.377525018,0.024595991,0.000465332,0.000224268
urn:mavedb:00000658-f-1#263,g.60_62del,ENST00000644876.2:c.478_480del,ENSP00000494040.1:p.Phe160del,-0.01091382,0.2127027999999999,0.130584342,0.035112909,-0.113728472,-0.364583139,0.319775057,0.851869131,0.326301424,2.51e-05
urn:mavedb:00000658-f-1#264,g.60T>A,ENST00000644876.2:c.478T>A,ENSP00000494040.1:p.Phe160Ile,0.06356242,8.283722000000001e-28,0.35154465700000004,0.5083256429999999,0.730810408,0.917126695,7.140000000000002e-07,4.27e-14,4.6100000000000007e-29,3.0099999999999995e-45
urn:mavedb:00000658-f-1#265,g.60T>G,ENST00000644876.2:c.478T>G,ENSP00000494040.1:p.Phe160Val,0.04952757,3.8669409999999997e-17,0.32607644,0.377902361,0.593344191,0.762710193,1.38e-06,7.509999999999999e-09,5.489999999999998e-21,4.12e-34
urn:mavedb:00000658-f-1#266,g.60T>C,ENST00000644876.2:c.478T>C,ENSP00000494040.1:p.Phe160Leu,0.05697892,5.364081000000001e-21,0.42563311,0.565165633,0.68320652,0.9768746979999999,2.63e-11,7.39e-20,6.02e-29,1.3199999999999998e-58
urn:mavedb:00000658-f-1#267,g.60_62delinsAGC,ENST00000644876.2:c.478_480delinsAGC,ENSP00000494040.1:p.Phe160Ser,0.0007585028,0.9702039000000001,0.0903449259999999,0.1807641639999999,-0.0256386679999999,0.033514695,0.65639744,0.13883868900000002,0.896607064,0.8409047890000001
urn:mavedb:00000658-f-1#268,g.60_62delinsATC,ENST00000644876.2:c.478_480delinsATC,ENSP00000494040.1:p.Phe160Ile,0.05990551,2.687251e-31,0.33841626700000005,0.518277911,0.689596058,0.8865632179999999,5.34e-07,4.950000000000003e-16,3.3e-28,3.88e-46
urn:mavedb:00000658-f-1#269,g.60_62delinsGTG,ENST00000644876.2:c.478_480delinsGTG,ENSP00000494040.1:p.Phe160Val,0.04164823,7.917797e-08,0.132969171,0.292710522,0.441004577,0.600287531,0.400942756,0.0048983920000000005,4.01e-06,1.06e-10
urn:mavedb:00000658-f-1#270,g.60_62delinsTAC,ENST00000644876.2:c.479_480delinsAC,ENSP00000494040.1:p.Phe160Tyr,-0.009492135,0.4958045,-0.14480808,-0.166708408,-0.132735518,-0.226820487,0.412899384,0.252379236,0.370234351,0.0614118709999999
urn:mavedb:00000658-f-1#271,g.60_62delinsTGC,ENST00000644876.2:c.479_480delinsGC,ENSP00000494040.1:p.Phe160Cys,0.03152817,0.00035782550000000005,0.264753543,0.272139583,0.381224002,0.328761449,0.045335468,0.028199877999999998,0.000666991,0.004015768
urn:mavedb:00000658-f-1#272,g.61T>A,ENST00000644876.2:c.479T>A,ENSP00000494040.1:p.Phe160Tyr,0.006498925,0.593902,0.058789093,0.037030181,0.06041472,-0.005096188,0.843952039,0.890281256,0.767340068,0.984141174
urn:mavedb:00000658-f-1#273,g.61T>G,ENST00000644876.2:c.479T>G,ENSP00000494040.1:p.Phe160Cys,0.01503722,0.07020342,-0.0154253269999999,0.099385961,0.134808649,0.139546483,0.95943333,0.49624812,0.260490967,0.21628565100000002
urn:mavedb:00000658-f-1#274,g.61T>C,ENST00000644876.2:c.479T>C,ENSP00000494040.1:p.Phe160Ser,-0.005610347,0.4616303,0.071384493,0.0400151579999999,-0.064474148,-0.22996664100000003,0.607444636,0.779388273,0.552823905,0.001972373
urn:mavedb:00000658-f-1#275,g.62T>C,ENST00000644876.2:c.480T>C,ENSP00000494040.1:p.Phe160=,-0.0076313999999999,0.5714076,-0.142106169,-0.087278324,-0.125634852,-0.01553424,0.518175216,0.70072526,0.484741078,0.948681401
urn:mavedb:00000658-f-1#276,g.62T>A,ENST00000644876.2:c.480T>A,ENSP00000494040.1:p.Phe160Leu,0.05886013,7.956268e-14,0.277950413,0.542808379,0.626266909,0.902410734,0.017351362,4.24e-08,1.2399999999999999e-10,2.85e-21
urn:mavedb:00000658-f-1#277,g.62T>G,ENST00000644876.2:c.480T>G,ENSP00000494040.1:p.Phe160Leu,0.04955113,2.314932e-14,0.2104978589999999,0.41544044700000005,0.535088287,0.7480485090000001,0.0145920539999999,1.54e-08,7.44e-14,2.9000000000000004e-26
urn:mavedb:00000658-f-1#278,g.63_65del,ENST00000644876.2:c.481_483del,ENSP00000494040.1:p.Glu161del,0.0151697,0.1626965,0.20883668100000002,0.249718441,0.174343723,0.22313945100000002,0.145782061,0.04356053,0.195420972,0.06446935200000001
urn:mavedb:00000658-f-1#279,g.63G>C,ENST00000644876.2:c.481G>C,ENSP00000494040.1:p.Glu161Gln,0.01671751,0.06199535,0.198285133,0.22706230800000002,0.197801605,0.307282086,0.124047796,0.045795929000000006,0.086266743,0.002498916
urn:mavedb:00000658-f-1#280,g.63G>A,ENST00000644876.2:c.481G>A,ENSP00000494040.1:p.Glu161Lys,0.05235557,1.1520499999999999e-20,0.2140287639999999,0.417426156,0.574413087,0.824553222,0.024831006,1.62e-07,8.85e-14,1.43e-27
urn:mavedb:00000658-f-1#281,g.63G>T,ENST00000644876.2:c.481G>T,ENSP00000494040.1:p.Glu161Ter,-0.21174920000000003,9.888383e-09,-2.0284897490000002,-2.536016385,-2.273478013,-2.203839157,1.1299999999999999e-30,2.0899999999999997e-44,3.18e-38,1.4499999999999998e-35
urn:mavedb:00000658-f-1#282,g.63_65delinsAAA,ENST00000644876.2:c.481_483delinsAAA,ENSP00000494040.1:p.Glu161Lys,0.06598383,6.77333e-25,0.3614138739999999,0.596843861,0.74259154,0.8838516270000001,0.001073957,2.37e-09,2.7000000000000005e-14,7.11e-20
urn:mavedb:00000658-f-1#283,g.63_65delinsCAA,ENST00000644876.2:c.481_483delinsCAA,ENSP00000494040.1:p.Glu161Gln,0.02363365,0.0005689483999999,0.078012332,0.22047818100000002,0.237253712,0.287930886,0.668880803,0.022819417,0.0105093739999999,0.001132142
urn:mavedb:00000658-f-1#284,g.63_65delinsGCC,ENST00000644876.2:c.482_483delinsCC,ENSP00000494040.1:p.Glu161Ala,0.04645317,2.13579e-14,0.24848788300000002,0.396242696,0.5481892279999999,0.635590478,0.024778799,3.18e-05,1.85e-09,1.89e-12
urn:mavedb:00000658-f-1#285,g.63_65delinsGGC,ENST00000644876.2:c.482_483delinsGC,ENSP00000494040.1:p.Glu161Gly,0.05544687,6.663989e-14,0.280661273,0.442446289,0.6274170960000001,0.727279605,0.010224947,4.42e-06,1.1199999999999999e-11,2.15e-15
urn:mavedb:00000658-f-1#286,g.63_65delinsGTC,ENST00000644876.2:c.482_483delinsTC,ENSP00000494040.1:p.Glu161Val,0.04473332,1.343337e-16,0.206718083,0.34139672600000004,0.509937327,0.6665759960000001,0.009220972,8.76e-07,1.76e-14,3.85e-24
urn:mavedb:00000658-f-1#287,g.63_65delinsTGA,ENST00000644876.2:c.481_483delinsTGA,ENSP00000494040.1:p.Glu161Ter,-0.3262505,4.208337e-06,-3.79667826,-4.317736029,-3.7498644139999997,-3.5412668330000003,9.83e-19,3.3100000000000007e-22,1.31e-18,2.5e-17
urn:mavedb:00000658-f-1#288,g.64A>C,ENST00000644876.2:c.482A>C,ENSP00000494040.1:p.Glu161Ala,0.03165274,9.243048e-07,0.21036652,0.297666308,0.353607327,0.484301495,0.031125545,0.00045954199999999996,1.4000000000000001e-05,8.92e-10
urn:mavedb:00000658-f-1#289,g.64A>G,ENST00000644876.2:c.482A>G,ENSP00000494040.1:p.Glu161Gly,0.04424887,5.123093e-10,0.23924045600000002,0.418554194,0.485135262,0.7169137859999999,0.015786602,9.86e-07,6.64e-09,1.7299999999999997e-18
urn:mavedb:00000658-f-1#290,g.64A>T,ENST00000644876.2:c.482A>T,ENSP00000494040.1:p.Glu161Val,0.04453559,9.481427e-14,0.201325803,0.293586607,0.504258335,0.7294713979999999,0.013973882,5.14e-05,1.3200000000000004e-13,1.3800000000000002e-27
urn:mavedb:00000658-f-1#291,g.65G>A,ENST00000644876.2:c.483G>A,ENSP00000494040.1:p.Glu161=,-0.006561277,0.6714273000000001,-0.113514305,-0.195021152,-0.071285448,-0.177677206,0.607488425,0.180274275,0.708851972,0.19289857
urn:mavedb:00000658-f-1#292,g.65G>C,ENST00000644876.2:c.483G>C,ENSP00000494040.1:p.Glu161Asp,0.04647601,3.7701e-15,0.21344119,0.40335471100000003,0.505072584,0.6920064109999999,0.038569089,2.28e-06,1.02e-09,1.54e-17
urn:mavedb:00000658-f-1#293,g.65G>T,ENST00000644876.2:c.483G>T,ENSP00000494040.1:p.Glu161Asp,0.05130602,1.064385e-13,0.291030218,0.4256397429999999,0.583756158,0.867075965,0.00214128,7.48e-07,1.6999999999999996e-12,1.07e-26
urn:mavedb:00000658-f-1#294,g.66_68del,ENST00000644876.2:c.484_486del,ENSP00000494040.1:p.Lys162del,0.01441399,0.1358398999999999,0.14772797,0.190518331,0.152832219,0.115055121,0.3924899770000001,0.16072840800000002,0.27300235899999997,0.4196021170000001
urn:mavedb:00000658-f-1#295,g.66A>C,ENST00000644876.2:c.484A>C,ENSP00000494040.1:p.Lys162Gln,-0.02261451,0.0006659258999999,-0.057989597000000004,-0.1170597819999999,-0.271906937,-0.252370696,0.739979425,0.26471068,0.0006118909999999,0.001646342
urn:mavedb:00000658-f-1#296,g.66A>G,ENST00000644876.2:c.484A>G,ENSP00000494040.1:p.Lys162Glu,0.006793354000000001,0.4452215999999999,-0.049061315,-0.000160458,0.05979268,0.067284266,0.7977341179999999,0.9991068670000001,0.639655778,0.545092005
urn:mavedb:00000658-f-1#297,g.66A>T,ENST00000644876.2:c.484A>T,ENSP00000494040.1:p.Lys162Ter,-0.2489834,1.23313e-07,-2.6864946410000003,-2.990747937,-2.8160435,-2.9481910019999997,3.7900000000000003e-34,1.36e-41,1.0699999999999997e-38,4.72e-41
urn:mavedb:00000658-f-1#298,g.66_68delinsACC,ENST00000644876.2:c.485_486delinsCC,ENSP00000494040.1:p.Lys162Thr,0.0007906260000000001,0.9585836,0.006310793,0.022518317000000003,-0.006392684,0.054349492,0.98367955,0.9138998309999999,0.971457427,0.678092699
urn:mavedb:00000658-f-1#299,g.66_68delinsATC,ENST00000644876.2:c.485_486delinsTC,ENSP00000494040.1:p.Lys162Ile,0.004899172,0.6884271,0.054601095,-0.005477971,0.066726912,0.149794269,0.815182025,0.9814029809999999,0.6653332120000001,0.185584996
urn:mavedb:00000658-f-1#300,g.66_68delinsCAG,ENST00000644876.2:c.484_486delinsCAG,ENSP00000494040.1:p.Lys162Gln,-0.01023593,0.5449181,0.039235629,-0.11395967800000001,-0.0939457,-0.207780191,0.9220669359999999,0.631106827,0.674063258,0.207173372
urn:mavedb:00000658-f-1#301,g.66_68delinsCGG,ENST00000644876.2:c.484_486delinsCGG,ENSP00000494040.1:p.Lys162Arg,-0.0005782614,0.9744552,-0.036056762,-0.009317182,-0.03073015,-0.064908034,0.903458155,0.971545092,0.878221008,0.672159768
urn:mavedb:00000658-f-1#302,g.66_68delinsGAG,ENST00000644876.2:c.484_486delinsGAG,ENSP00000494040.1:p.Lys162Glu,-0.002022436,0.8957343000000001,-0.014087882,-0.068883947,-0.021041486,-0.044201828,0.9632427920000001,0.671143488,0.906721491,0.753165669
urn:mavedb:00000658-f-1#303,g.66_68delinsTGA,ENST00000644876.2:c.484_485delinsTG,ENSP00000494040.1:p.Lys162Ter,-0.2779403,1.651396e-07,-3.071924763,-3.325462697,-3.2182573989999996,-3.138317737,3.4700000000000005e-55,2.689999999999999e-62,2.9599999999999997e-62,4.769999999999997e-56
urn:mavedb:00000658-f-1#304,g.67A>G,ENST00000644876.2:c.485A>G,ENSP00000494040.1:p.Lys162Arg,-0.00216756,0.8755895,0.078054207,0.012616233000000001,-0.011923695,-0.02962059,0.72138831,0.960700324,0.954326573,0.8613091999999999
urn:mavedb:00000658-f-1#305,g.67A>C,ENST00000644876.2:c.485A>C,ENSP00000494040.1:p.Lys162Thr,-0.01832924,0.01331146,-0.141712098,-0.168529155,-0.22976923,-0.0984863769999999,0.296411539,0.135802369,0.020346556000000002,0.41032846700000003
urn:mavedb:00000658-f-1#306,g.67A>T,ENST00000644876.2:c.485A>T,ENSP00000494040.1:p.Lys162Ile,0.004688994,0.7497279,-0.05791671,-0.021980303,0.024877942000000004,-0.033961408,0.829348587,0.9290177009999999,0.9065013390000001,0.850635496
urn:mavedb:00000658-f-1#307,g.68A>G,ENST00000644876.2:c.486A>G,ENSP00000494040.1:p.Lys162=,0.006281545,0.4001666,0.132127624,0.078159355,0.080093593,0.118623565,0.126512172,0.43657217200000004,0.376122054,0.122947889
urn:mavedb:00000658-f-1#308,g.68A>T,ENST00000644876.2:c.486A>T,ENSP00000494040.1:p.Lys162Asn,-0.008145008,0.46646350000000003,0.055271584000000006,-0.053846165,-0.046680657,-0.293941395,0.816963285,0.781714274,0.788403819,0.003741435
urn:mavedb:00000658-f-1#309,g.68A>C,ENST00000644876.2:c.486A>C,ENSP00000494040.1:p.Lys162Asn,-0.03287593,0.001244142,-0.219832448,-0.3552457089999999,-0.3745870779999999,-0.506452545,0.19262690899999999,0.007101107,0.003431635,3.3799999999999995e-05
urn:mavedb:00000658-f-1#310,g.69_71del,ENST00000644876.2:c.487_489del,ENSP00000494040.1:p.Tyr163del,-0.006883052,0.5564996999999999,0.032156588,-0.02365957,-0.060624572,0.083234504,0.908416379,0.916148457,0.707931007,0.52981491
urn:mavedb:00000658-f-1#311,g.69T>A,ENST00000644876.2:c.487T>A,ENSP00000494040.1:p.Tyr163Asn,-0.02115608,0.03345925,-0.0016629589999999,-0.116204327,-0.239018448,-0.153306089,0.9957705609999999,0.57624429,0.10689069,0.339085181
urn:mavedb:00000658-f-1#312,g.69T>C,ENST00000644876.2:c.487T>C,ENSP00000494040.1:p.Tyr163His,-0.04231417,3.6889699999999996e-13,-0.12722348,-0.254342788,-0.41063341200000003,-0.4689628429999999,0.417641107,0.016341483,1.75e-05,7.440000000000002e-07
urn:mavedb:00000658-f-1#313,g.69T>G,ENST00000644876.2:c.487T>G,ENSP00000494040.1:p.Tyr163Asp,0.01154653,0.20686970000000002,0.012758287,0.099289671,0.097652998,0.057518531,0.9662173140000001,0.47066546600000003,0.442783873,0.664565677
urn:mavedb:00000658-f-1#314,g.69_71delinsAAT,ENST00000644876.2:c.487_489delinsAAT,ENSP00000494040.1:p.Tyr163Asn,-0.01051954,0.2621163,-0.153165965,-0.17203617100000002,-0.133674805,-0.11633157400000001,0.147040199,0.064797643,0.1684083589999999,0.23012212199999998
urn:mavedb:00000658-f-1#315,g.69_71delinsAGC,ENST00000644876.2:c.487_488delinsAG,ENSP00000494040.1:p.Tyr163Ser,0.003224143,0.7811595,-0.0065798869999999,0.045501439000000005,0.005160105,-0.070960462,0.981642305,0.785312325,0.976012069,0.542710418
urn:mavedb:00000658-f-1#316,g.69_71delinsCAT,ENST00000644876.2:c.487_489delinsCAT,ENSP00000494040.1:p.Tyr163His,-0.02253216,0.005946209,-6.759999999999999e-05,-0.197249521,-0.20469425800000002,-0.34928111700000003,0.999786858,0.070590472,0.04992172,0.000177717
urn:mavedb:00000658-f-1#317,g.69_71delinsGAT,ENST00000644876.2:c.487_489delinsGAT,ENSP00000494040.1:p.Tyr163Asp,0.0040388559999999,0.8034121,0.040913434,0.131693164,0.016174876,0.0975862659999999,0.908076685,0.48470611799999996,0.949228392,0.569761775
urn:mavedb:00000658-f-1#318,g.69_71delinsTGT,ENST00000644876.2:c.488_489delinsGT,ENSP00000494040.1:p.Tyr163Cys,-0.01302736,0.1722746,-0.122045494,-0.165157671,-0.191766341,-0.27907513,0.337762193,0.09664994,0.034793458,0.000984543
urn:mavedb:00000658-f-1#319,g.69_71delinsTTT,ENST00000644876.2:c.488_489delinsTT,ENSP00000494040.1:p.Tyr163Phe,-0.0066659569999999,0.6529866,-0.22647851,-0.0739763829999999,-0.155209632,-0.098058453,0.019944101000000002,0.602291797,0.11869604199999999,0.36659471299999996
urn:mavedb:00000658-f-1#320,g.70A>T,ENST00000644876.2:c.488A>T,ENSP00000494040.1:p.Tyr163Phe,0.005401106,0.6015437,-0.00096535,0.07223937,0.034919442,0.108730221,0.9962745340000001,0.633036018,0.8293160209999999,0.32480701100000003
urn:mavedb:00000658-f-1#321,g.70A>C,ENST00000644876.2:c.488A>C,ENSP00000494040.1:p.Tyr163Ser,-0.01916244,0.1005817,-0.126539586,-0.07222880200000001,-0.2637487089999999,-0.192455895,0.542131426,0.738926262,0.039378424,0.153412502
urn:mavedb:00000658-f-1#322,g.70A>G,ENST00000644876.2:c.488A>G,ENSP00000494040.1:p.Tyr163Cys,-0.01131912,0.09221754,-0.08029238,-0.102809599,-0.155221522,-0.187401963,0.5404898779999999,0.305262639,0.058234525999999995,0.015489889
urn:mavedb:00000658-f-1#323,g.71C>T,ENST00000644876.2:c.489C>T,ENSP00000494040.1:p.Tyr163=,0.0050923999999999,0.5523312,0.1303795469999999,0.058931239,0.09586261300000001,0.114109918,0.16671934800000002,0.628016757,0.29497149,0.16794889699999999
urn:mavedb:00000658-f-1#324,g.71C>A,ENST00000644876.2:c.489C>A,ENSP00000494040.1:p.Tyr163Ter,-0.2036961,2.5269479999999996e-07,-2.2126411619999997,-2.2848367819999997,-2.399896526,-2.08402818,1.03e-22,2.5099999999999995e-24,7.29e-27,8.94e-21
urn:mavedb:00000658-f-1#325,g.71C>G,ENST00000644876.2:c.489C>G,ENSP00000494040.1:p.Tyr163Ter,-0.151571,8.764104e-06,-1.8511989519999998,-1.819818346,-1.774384587,-1.845977589,6.51e-20,1.0100000000000001e-19,3.9299999999999995e-19,3.7100000000000004e-20
urn:mavedb:00000658-f-1#326,g.72_74del,ENST00000644876.2:c.492_494del,ENSP00000494040.1:p.Asp165del,-0.02769206,5.880969e-05,-0.08597353,-0.212190326,-0.307411021,-0.539143857,0.608638044,0.028928318999999997,0.000470716,1.56e-10
urn:mavedb:00000658-f-1#327,g.72G>C,ENST00000644876.2:c.490G>C,ENSP00000494040.1:p.Asp164His,-0.04622357,1.260766e-07,-0.176772231,-0.3544494039999999,-0.52063481,-0.630863984,0.19540908899999998,0.000525922,7.29e-08,6.23e-11
urn:mavedb:00000658-f-1#328,g.72G>A,ENST00000644876.2:c.490G>A,ENSP00000494040.1:p.Asp164Asn,-0.01134925,0.253521,-0.11852975800000001,-0.066836406,-0.176188061,-0.22342061,0.412899384,0.673311036,0.0883750109999999,0.019260138
urn:mavedb:00000658-f-1#329,g.72G>T,ENST00000644876.2:c.490G>T,ENSP00000494040.1:p.Asp164Tyr,0.04455159,4.62484e-10,0.272230304,0.385707787,0.502993195,0.6401411810000001,0.011767602,6.25e-05,4.72e-08,1.4999999999999999e-12
urn:mavedb:00000658-f-1#330,g.72_74delinsAAC,ENST00000644876.2:c.490_492delinsAAC,ENSP00000494040.1:p.Asp164Asn,-0.01048272,0.1352973999999999,-0.0474423759999999,-0.054769262,-0.127880243,-0.10806673900000001,0.805654633,0.7102851440000001,0.195826511,0.276155043
urn:mavedb:00000658-f-1#331,g.72_74delinsCAC,ENST00000644876.2:c.490_492delinsCAC,ENSP00000494040.1:p.Asp164His,-0.03518599,1.3340340000000002e-06,-0.246276647,-0.293383207,-0.427847831,-0.468349917,0.005767878000000001,0.00040009199999999995,5.67e-08,3.03e-09
urn:mavedb:00000658-f-1#332,g.72_74delinsGCC,ENST00000644876.2:c.491_492delinsCC,ENSP00000494040.1:p.Asp164Ala,-0.03494089,2.726216e-05,-0.18628557,-0.3488568489999999,-0.3477838339999999,-0.402581115,0.136775707,0.000374488,0.000304376,2.26e-05
urn:mavedb:00000658-f-1#333,g.72_74delinsGGC,ENST00000644876.2:c.491_492delinsGC,ENSP00000494040.1:p.Asp164Gly,-0.02121192,0.01602157,-0.151877505,-0.208223178,-0.315729983,-0.295589917,0.34368032,0.095368718,0.003563882,0.006497105
urn:mavedb:00000658-f-1#334,g.72_74delinsGTG,ENST00000644876.2:c.491_492delinsTG,ENSP00000494040.1:p.Asp164Val,0.008940676,0.432809,0.18855185800000002,0.126186093,0.12145249,0.039019612,0.11285328300000001,0.335039625,0.326760105,0.794104998
urn:mavedb:00000658-f-1#335,g.72_74delinsTAC,ENST00000644876.2:c.490_492delinsTAC,ENSP00000494040.1:p.Asp164Tyr,0.03016665,6.4043759999999985e-06,0.133637085,0.20485814100000002,0.331136668,0.486402836,0.228880571,0.017291345,1.6100000000000002e-05,5e-11
urn:mavedb:00000658-f-1#336,g.73A>C,ENST00000644876.2:c.491A>C,ENSP00000494040.1:p.Asp164Ala,-0.0192310999999999,0.02516363,-0.120815807,-0.17600632300000002,-0.2351339639999999,-0.375798535,0.587873451,0.267251654,0.084411049,0.001862712
urn:mavedb:00000658-f-1#337,g.73A>G,ENST00000644876.2:c.491A>G,ENSP00000494040.1:p.Asp164Gly,-0.01665623,0.02391251,-0.148070896,-0.1209485709999999,-0.239988221,-0.410600087,0.228108746,0.315484768,0.009393056,1.58e-06
urn:mavedb:00000658-f-1#338,g.73A>T,ENST00000644876.2:c.491A>T,ENSP00000494040.1:p.Asp164Val,-0.01094059,0.08708939,-0.09173822,-0.0600903359999999,-0.149959233,-0.17912344300000002,0.379002065,0.5785534379999999,0.039045007,0.009550024
urn:mavedb:00000658-f-1#339,g.74T>C,ENST00000644876.2:c.492T>C,ENSP00000494040.1:p.Asp164=,0.004933638,0.6630996,0.092183171,0.102251068,0.066829399,0.100729013,0.5706249870000001,0.434772835,0.63058678,0.37220386
urn:mavedb:00000658-f-1#340,g.74T>G,ENST00000644876.2:c.492T>G,ENSP00000494040.1:p.Asp164Glu,-0.01670599,0.07284358,-0.108703373,-0.1083777309999999,-0.205917298,-0.3017392319999999,0.521356986,0.454095715,0.056441003,0.002135512
urn:mavedb:00000658-f-1#341,g.74T>A,ENST00000644876.2:c.492T>A,ENSP00000494040.1:p.Asp164Glu,-0.01961457,0.02974431,-0.22674606100000003,-0.226562447,-0.279825951,-0.371841441,0.030170547000000002,0.022424722999999997,0.002377862,3.12e-05
urn:mavedb:00000658-f-1#342,g.75_77del,ENST00000644876.2:c.493_495del,ENSP00000494040.1:p.Asp165del,-0.01115571,0.3346595999999999,-0.074474466,-0.123375434,-0.111715416,-0.449126876,0.75247576,0.43081739399999996,0.445526197,2.09e-05
urn:mavedb:00000658-f-1#343,g.75G>A,ENST00000644876.2:c.493G>A,ENSP00000494040.1:p.Asp165Asn,0.007201965,0.3967375,-0.049428714000000006,0.069004515,0.04082082,-0.008511452,0.7611541620000001,0.546602874,0.7338895959999999,0.951000738
urn:mavedb:00000658-f-1#344,g.75G>C,ENST00000644876.2:c.493G>C,ENSP00000494040.1:p.Asp165His,-0.02647401,0.003008067,-0.168900828,-0.222891251,-0.318954749,-0.33288702600000003,0.383760128,0.141304721,0.015191031,0.009494026
urn:mavedb:00000658-f-1#345,g.75G>T,ENST00000644876.2:c.493G>T,ENSP00000494040.1:p.Asp165Tyr,-0.01342217,0.3549044,-0.082111719,-0.10225545300000001,-0.166178809,-0.209803782,0.783210678,0.648770529,0.32957778600000004,0.163743594
urn:mavedb:00000658-f-1#346,g.75_77delinsAAT,ENST00000644876.2:c.493_495delinsAAT,ENSP00000494040.1:p.Asp165Asn,-1.579398e-05,0.9994593,-0.0106612169999999,-0.072263395,-0.0460636309999999,-0.020431886,0.9752954840000001,0.702701809,0.806214346,0.9110034
urn:mavedb:00000658-f-1#347,g.75_77delinsCAT,ENST00000644876.2:c.493_495delinsCAT,ENSP00000494040.1:p.Asp165His,-0.0146406,0.2562718,-0.01741244,-0.0502232959999999,-0.17362835100000001,-0.30383550600000003,0.9688339159999999,0.86164404,0.31837236399999996,0.033361799
urn:mavedb:00000658-f-1#348,g.75_77delinsGCT,ENST00000644876.2:c.494_495delinsCT,ENSP00000494040.1:p.Asp165Ala,0.01282321,0.1023128999999999,0.11925241,0.18096651600000002,0.135316311,0.318420262,0.392881825,0.07807794700000001,0.213569708,0.000228765
urn:mavedb:00000658-f-1#349,g.75_77delinsGGA,ENST00000644876.2:c.494_495delinsGA,ENSP00000494040.1:p.Asp165Gly,-0.01245832,0.3179631,-0.08431956300000001,-0.061194757,-0.17125447800000002,-0.226274685,0.733511922,0.78181617,0.21894308,0.067962916
urn:mavedb:00000658-f-1#350,g.75_77delinsGTG,ENST00000644876.2:c.494_495delinsTG,ENSP00000494040.1:p.Asp165Val,0.01268672,0.165372,-0.040954049,0.0450988159999999,0.10627445,0.027719341,0.8819355729999999,0.8297663759999999,0.44914822600000004,0.87107717
urn:mavedb:00000658-f-1#351,g.75_77delinsTAT,ENST00000644876.2:c.493_495delinsTAT,ENSP00000494040.1:p.Asp165Tyr,-0.0040331379999999,0.7073439,0.027784059,-0.0118663869999999,-0.049713165,0.067253724,0.9076303840000001,0.9539761640000001,0.7228550440000001,0.5619047770000001
urn:mavedb:00000658-f-1#352,g.76A>C,ENST00000644876.2:c.494A>C,ENSP00000494040.1:p.Asp165Ala,0.0114884,0.2318355,-0.016341095,0.017121333,0.109738374,0.145655959,0.95943333,0.942359872,0.43066498799999997,0.224284913
urn:mavedb:00000658-f-1#353,g.76A>G,ENST00000644876.2:c.494A>G,ENSP00000494040.1:p.Asp165Gly,-0.009274965,0.43139570000000005,0.04416677,-0.013872869,-0.10086157800000001,-0.170568225,0.881990038,0.9589744509999999,0.5280684929999999,0.182954932
urn:mavedb:00000658-f-1#354,g.76A>T,ENST00000644876.2:c.494A>T,ENSP00000494040.1:p.Asp165Val,0.001164814,0.9254375,-0.029057501,-0.056841685,0.009443306,0.093439416,0.8855784459999999,0.656530562,0.9495623759999999,0.300842557
urn:mavedb:00000658-f-1#355,g.77C>T,ENST00000644876.2:c.495C>T,ENSP00000494040.1:p.Asp165=,0.001710723,0.9111937,0.028636513,0.038570489,0.0066925419999999,0.087912796,0.9243137859999999,0.8629920640000001,0.97413699,0.529676986
urn:mavedb:00000658-f-1#356,g.77C>A,ENST00000644876.2:c.495C>A,ENSP00000494040.1:p.Asp165Glu,0.02330728,0.003319893,0.200699743,0.203004203,0.285810721,0.326941478,0.21510243699999998,0.165332807,0.023577558999999998,0.006603595
urn:mavedb:00000658-f-1#357,g.77C>G,ENST00000644876.2:c.495C>G,ENSP00000494040.1:p.Asp165Glu,0.03285237,0.0001509361,0.122342845,0.228241362,0.36266307200000003,0.439312435,0.5353911729999999,0.077519293,0.001120098,4.41e-05
urn:mavedb:00000658-f-1#358,g.78_80del,ENST00000644876.2:c.496_498del,ENSP00000494040.1:p.Ile166del,-0.1239702,1.282833e-34,0.048496407000000005,-0.594764199,-1.298622007,-2.07982957,0.855012212,2.57e-09,3.6e-39,5.989999999999999e-87
urn:mavedb:00000658-f-1#359,g.78A>G,ENST00000644876.2:c.496A>G,ENSP00000494040.1:p.Ile166Val,-0.04154806,4.028761e-06,-0.33458861,-0.3961690029999999,-0.465021973,-0.555186802,0.007916866,0.0007098919999999,3.85e-05,6.389999999999999e-07
urn:mavedb:00000658-f-1#360,g.78A>C,ENST00000644876.2:c.496A>C,ENSP00000494040.1:p.Ile166Leu,0.06418659,2.7975469999999997e-18,0.330631718,0.509052285,0.741565762,0.967862453,0.000830575,1.96e-08,3.7200000000000005e-17,1.09e-28
urn:mavedb:00000658-f-1#361,g.78A>T,ENST00000644876.2:c.496A>T,ENSP00000494040.1:p.Ile166Phe,0.05783432,2.115098e-25,0.350704206,0.475813066,0.691330008,0.8738672470000001,5.59e-06,9.150000000000001e-11,3.64e-22,5.27e-35
urn:mavedb:00000658-f-1#362,g.78_80delinsAAC,ENST00000644876.2:c.497_498delinsAC,ENSP00000494040.1:p.Ile166Asn,0.04515705,6.651941e-17,0.282851711,0.427703792,0.509946108,0.707423152,2.19e-06,3.4e-14,4.6e-20,6.079999999999998e-38
urn:mavedb:00000658-f-1#363,g.78_80delinsACC,ENST00000644876.2:c.497_498delinsCC,ENSP00000494040.1:p.Ile166Thr,0.02555881,0.002943008,0.173719348,0.2080340439999999,0.304901088,0.38142065700000005,0.281082848,0.12082352699999999,0.008396295,0.000511659
urn:mavedb:00000658-f-1#364,g.78_80delinsAGC,ENST00000644876.2:c.497_498delinsGC,ENSP00000494040.1:p.Ile166Ser,0.03858297,8.113024e-11,0.09902767,0.2605017089999999,0.4057145889999999,0.559604539,0.390910266,0.000355854,2.92e-09,6.95e-17
urn:mavedb:00000658-f-1#365,g.78_80delinsCTG,ENST00000644876.2:c.496_498delinsCTG,ENSP00000494040.1:p.Ile166Leu,0.06894892,4.065077e-34,0.3734092,0.542554615,0.7989014040000001,1.010418918,3.5099999999999997e-08,7.26e-17,5.93e-36,4.5499999999999985e-57
urn:mavedb:00000658-f-1#366,g.78_80delinsGTG,ENST00000644876.2:c.496_498delinsGTG,ENSP00000494040.1:p.Ile166Val,-0.02253001,0.02214094,-0.1682756489999999,-0.22922597,-0.273854953,-0.5033204720000001,0.256682096,0.053849815,0.013000415,5.62e-07
urn:mavedb:00000658-f-1#367,g.78_80delinsTTC,ENST00000644876.2:c.496_498delinsTTC,ENSP00000494040.1:p.Ile166Phe,0.05316761,1.271361e-16,0.314129737,0.462400598,0.599924103,0.790250132,0.000283713,8.059999999999999e-09,1.78e-14,1.63e-24
urn:mavedb:00000658-f-1#368,g.79T>C,ENST00000644876.2:c.497T>C,ENSP00000494040.1:p.Ile166Thr,0.01418798,0.03559846,0.015341829,0.0417509879999999,0.153416046,0.2074181239999999,0.9487422329999999,0.77795126,0.069675461,0.00704493
urn:mavedb:00000658-f-1#369,g.79T>A,ENST00000644876.2:c.497T>A,ENSP00000494040.1:p.Ile166Asn,0.05684443,5.396006e-20,0.371500871,0.509044323,0.660633303,0.859320414,5.88e-08,1.07e-14,1.58e-24,6.039999999999998e-41
urn:mavedb:00000658-f-1#370,g.79T>G,ENST00000644876.2:c.497T>G,ENSP00000494040.1:p.Ile166Ser,0.02914,2.295874e-06,0.09743341300000001,0.236190743,0.322159525,0.45996581200000003,0.536507935,0.012704486999999999,0.000223783,3.63e-08
urn:mavedb:00000658-f-1#371,g.80T>A,ENST00000644876.2:c.498T>A,ENSP00000494040.1:p.Ile166=,-0.006189863,0.5898627,-0.070639952,-0.100317876,-0.0825008159999999,-0.178975697,0.739281489,0.498601384,0.566991452,0.096747728
urn:mavedb:00000658-f-1#372,g.80T>C,ENST00000644876.2:c.498T>C,ENSP00000494040.1:p.Ile166=,-0.01775794,0.09755422,-0.2031181739999999,-0.127313722,-0.256782438,-0.140626528,0.15654374,0.42717075,0.030100397999999997,0.296459708
urn:mavedb:00000658-f-1#373,g.80T>G,ENST00000644876.2:c.498T>G,ENSP00000494040.1:p.Ile166Met,0.06212635,3.88455e-28,0.328237835,0.5159268889999999,0.711754054,0.957309236,1.62e-06,8.539999999999999e-16,6.13e-30,5.149999999999998e-54
urn:mavedb:00000658-f-1#374,g.81_83del,ENST00000644876.2:c.499_501del,ENSP00000494040.1:p.Pro167del,-0.1061341999999999,2.829614e-13,0.150240821,-0.447009437,-1.118648303,-1.711022297,0.556183785,0.002485771,2.94e-16,3.3000000000000007e-34
urn:mavedb:00000658-f-1#375,g.81C>G,ENST00000644876.2:c.499C>G,ENSP00000494040.1:p.Pro167Ala,0.004492037,0.804144,0.015690639,-0.039105621,0.055558687,0.152907488,0.96770199,0.881493069,0.787888549,0.286473541
urn:mavedb:00000658-f-1#376,g.81C>A,ENST00000644876.2:c.499C>A,ENSP00000494040.1:p.Pro167Thr,0.02180022,0.2296735,-0.074544319,0.1312677619999999,0.179921098,0.1799909969999999,0.87260336,0.6659627920000001,0.457927287,0.423935396
urn:mavedb:00000658-f-1#377,g.81C>T,ENST00000644876.2:c.499C>T,ENSP00000494040.1:p.Pro167Ser,-0.006072406,0.8345319,-0.249511576,-0.1831413039999999,-0.12271261800000001,-0.2039610439999999,0.33808410899999997,0.48524928100000003,0.651141454,0.346487021
urn:mavedb:00000658-f-1#378,g.81_83delinsACC,ENST00000644876.2:c.499_501delinsACC,ENSP00000494040.1:p.Pro167Thr,0.005301203000000001,0.7335626999999999,0.071326373,0.011804077,0.070858502,0.12047619,0.805068204,0.969082447,0.72499428,0.44984271
urn:mavedb:00000658-f-1#379,g.81_83delinsAGC,ENST00000644876.2:c.499_501delinsAGC,ENSP00000494040.1:p.Pro167Ser,0.0029956440000000004,0.8577535,0.040203283,0.002062309,0.035246726,-0.02826965,0.894463041,0.994029222,0.865673111,0.880453955
urn:mavedb:00000658-f-1#380,g.81_83delinsGCC,ENST00000644876.2:c.499_501delinsGCC,ENSP00000494040.1:p.Pro167Ala,0.002871718,0.8750155999999999,-0.141577462,-0.049856469,-0.01731283,0.022631467000000002,0.32099267,0.789772114,0.9262794759999999,0.88740639
urn:mavedb:00000658-f-1#381,g.82C>A,ENST00000644876.2:c.500C>A,ENSP00000494040.1:p.Pro167Gln,-0.0016980160000000001,0.9300027,-0.110583719,-0.033381916,-0.06573029400000001,-0.049812851,0.636676647,0.9032274370000001,0.7414675190000001,0.788863654
urn:mavedb:00000658-f-1#382,g.82_83delinsAG,ENST00000644876.2:c.500_501delinsAG,ENSP00000494040.1:p.Pro167Gln,-0.01966663,0.1361155,-0.0574656179999999,-0.164214619,-0.221420499,-0.275485569,0.8876224859999999,0.46308278399999997,0.23080650600000002,0.09918784
urn:mavedb:00000658-f-1#383,g.82C>G,ENST00000644876.2:c.500C>G,ENSP00000494040.1:p.Pro167Arg,-0.0024498429999999,0.9167002000000001,-0.014726453,-0.076000606,-0.028207997000000002,-0.083337359,0.9819578990000001,0.853477583,0.941685555,0.783013504
urn:mavedb:00000658-f-1#384,g.82_83delinsGG,ENST00000644876.2:c.500_501delinsGG,ENSP00000494040.1:p.Pro167Arg,0.003267856,0.9094578999999999,0.132110308,-0.002607707,0.075434509,0.0978529019999999,0.761802561,0.9955369540000001,0.8325098009999999,0.738902615
urn:mavedb:00000658-f-1#385,g.82C>T,ENST00000644876.2:c.500C>T,ENSP00000494040.1:p.Pro167Leu,0.01354785,0.3894823,-0.029411087000000002,0.091419134,0.109121445,0.111453497,0.947743643,0.7261230190000001,0.614764492,0.568501336
urn:mavedb:00000658-f-1#386,g.82_83delinsTG,NA,ENSP00000494040.1:p.Pro167Leu,0.0119238,0.29910790000000004,-0.0500674979999999,0.045253311,0.094951652,0.034893777,0.845763066,0.830252256,0.514144335,0.83239748
urn:mavedb:00000658-f-1#387,g.83A>C,ENST00000644876.2:c.501A>C,ENSP00000494040.1:p.Pro167=,-0.001362879,0.9411875,-0.051044802,-0.036414128,-0.038807318,-0.083056589,0.858438997,0.884064625,0.8527162159999999,0.593162008
urn:mavedb:00000658-f-1#388,g.83A>T,ENST00000644876.2:c.501A>T,ENSP00000494040.1:p.Pro167=,-0.004435143,0.8655502,-0.106322427,-0.039833204,-0.094338159,-0.250225942,0.7916173870000001,0.919380803,0.748760333,0.22924212600000002
urn:mavedb:00000658-f-1#389,g.83A>G,ENST00000644876.2:c.501A>G,ENSP00000494040.1:p.Pro167=,-0.0005521791,0.9862135000000001,-0.055244449,-0.134414829,-0.004358377,0.0270226389999999,0.892526003,0.581330039,0.986896673,0.918837342
urn:mavedb:00000658-f-1#390,g.84_86del,ENST00000644876.2:c.503_505del,ENSP00000494040.1:p.Val168del,-0.2581297999999999,7.042550999999999e-28,-0.4422833379999999,-1.77788583,-2.728521386,-3.83165407,0.290561818,1.49e-10,1.1e-22,8.15e-38
urn:mavedb:00000658-f-1#391,g.84G>C,ENST00000644876.2:c.502G>C,ENSP00000494040.1:p.Val168Leu,0.01976344,0.09865673,-0.04881868,-0.01468802,0.203491014,0.236216498,0.831107604,0.9470966940000001,0.03839684,0.011685413
urn:mavedb:00000658-f-1#392,g.84G>A,ENST00000644876.2:c.502G>A,ENSP00000494040.1:p.Val168Ile,-0.02233084,0.2391962,-0.318910949,-0.2721749189999999,-0.3136742289999999,-0.420983145,0.095229215,0.150685931,0.069276226,0.008280209
urn:mavedb:00000658-f-1#393,g.84_86delinsATC,ENST00000644876.2:c.502_504delinsATC,ENSP00000494040.1:p.Val168Ile,-0.0262745,0.03510713,-0.128812281,-0.172868806,-0.323677166,-0.328815417,0.624086778,0.368454422,0.026899878999999998,0.02259487
urn:mavedb:00000658-f-1#394,g.84G>T,ENST00000644876.2:c.502G>T,ENSP00000494040.1:p.Val168Phe,0.04396781,0.008268853,0.299944511,0.367751738,0.5182650870000001,0.525246589,0.36125241799999996,0.16559414,0.023402642,0.018634496
urn:mavedb:00000658-f-1#395,g.84_86delinsTTC,ENST00000644876.2:c.502_504delinsTTC,ENSP00000494040.1:p.Val168Phe,0.021953,0.0826901999999999,0.1871856139999999,0.171562873,0.268812343,0.370990318,0.537559401,0.5247584,0.198457966,0.043878982999999996
urn:mavedb:00000658-f-1#396,g.84_86delinsCTG,ENST00000644876.2:c.502_504delinsCTG,ENSP00000494040.1:p.Val168Leu,0.03036047,0.07620994,0.2184552789999999,0.35840372600000003,0.32630280100000003,0.532773568,0.550579418,0.152704191,0.18622924800000001,0.011083903999999999
urn:mavedb:00000658-f-1#397,g.85T>C,ENST00000644876.2:c.503T>C,ENSP00000494040.1:p.Val168Ala,0.00485956,0.7985058,-0.027878331,-0.000157504,0.033458582,-0.199054697,0.9582177270000001,0.9995405359999999,0.919998595,0.348988965
urn:mavedb:00000658-f-1#398,g.85_86delinsCC,ENST00000644876.2:c.503_504delinsCC,ENSP00000494040.1:p.Val168Ala,0.0157031,0.42088230000000004,0.37606463,0.275253594,0.244376197,0.263443107,0.046717445999999996,0.172265114,0.221150508,0.1582672819999999
urn:mavedb:00000658-f-1#399,g.85T>A,ENST00000644876.2:c.503T>A,ENSP00000494040.1:p.Val168Asp,-0.163412,9.51096e-06,-1.297470115,-2.1042212069999997,-1.805507758,-1.23407902,2.74e-08,9.43e-19,3.720000000000001e-15,6.5e-08
urn:mavedb:00000658-f-1#400,g.85_86delinsAC,ENST00000644876.2:c.503_504delinsAC,ENSP00000494040.1:p.Val168Asp,-0.2735297,2.68706e-06,-1.865774705,-3.1521726039999995,-3.020975416,-2.892281947,7.67e-08,4.649999999999999e-19,2.7199999999999998e-18,8.67e-17
urn:mavedb:00000658-f-1#401,g.85T>G,ENST00000644876.2:c.503T>G,ENSP00000494040.1:p.Val168Gly,0.02727333,0.05560509,0.3243815339999999,0.27643526,0.357955368,0.681625705,0.053499897000000005,0.101385161,0.017264926,3.79e-07
urn:mavedb:00000658-f-1#402,g.85_86delinsGC,ENST00000644876.2:c.503_504delinsGC,ENSP00000494040.1:p.Val168Gly,0.04645628,3.33086e-08,0.200301487,0.342062472,0.5131190210000001,0.71464593,0.326863185,0.019948285,9.41e-05,1.55e-08
urn:mavedb:00000658-f-1#403,g.86T>A,ENST00000644876.2:c.504T>A,ENSP00000494040.1:p.Val168=,-0.004826053,0.8391268,0.069812925,0.043021007,-0.057644556,-0.197990078,0.868969937,0.906272638,0.847510292,0.323701222
urn:mavedb:00000658-f-1#404,g.86T>G,ENST00000644876.2:c.504T>G,ENSP00000494040.1:p.Val168=,-0.001179428,0.9760300999999999,0.036955772000000005,-0.004281748,-0.013146978,0.093476089,0.956650337,0.9935933309999999,0.975294055,0.778172492
urn:mavedb:00000658-f-1#405,g.86T>C,ENST00000644876.2:c.504T>C,ENSP00000494040.1:p.Val168=,0.004410666,0.7894628,0.035508971,0.08915723,0.025288347000000003,0.0019353679999999,0.9169939220000001,0.6640827979999999,0.9125457579999999,0.993349664
urn:mavedb:00000658-f-1#406,g.87_89del,ENST00000644876.2:c.506_508del,ENSP00000494040.1:p.Glu169del,0.03187983,0.0004377976,0.098378924,0.327476778,0.306398319,0.44698871100000004,0.622118129,0.001766833,0.003252488,5.05e-06
urn:mavedb:00000658-f-1#407,g.87G>C,ENST00000644876.2:c.505G>C,ENSP00000494040.1:p.Glu169Gln,0.01684981,0.1384842,0.07342168,0.128816143,0.175773182,0.231131995,0.805068204,0.5049980310000001,0.26205856899999996,0.096015381
urn:mavedb:00000658-f-1#408,g.87_89delinsCAA,ENST00000644876.2:c.505_507delinsCAA,ENSP00000494040.1:p.Glu169Gln,0.0212601,0.04039813,0.079984625,0.040358441,0.251510341,0.20408199100000002,0.730576586,0.859100875,0.023231178999999998,0.077033701
urn:mavedb:00000658-f-1#409,g.87G>A,ENST00000644876.2:c.505G>A,ENSP00000494040.1:p.Glu169Lys,0.02345229,0.00716345,0.0444775259999999,0.21820798,0.217688788,0.281118627,0.86184821,0.046886462000000004,0.040076484,0.004434472
urn:mavedb:00000658-f-1#410,g.87_89delinsAAA,ENST00000644876.2:c.505_507delinsAAA,ENSP00000494040.1:p.Glu169Lys,0.02707888,0.0003242605,0.20102228,0.2350598739999999,0.3162556569999999,0.271980987,0.106215121,0.03226903,0.0013321779999999,0.007383041
urn:mavedb:00000658-f-1#411,g.87G>T,ENST00000644876.2:c.505G>T,ENSP00000494040.1:p.Glu169Ter,-0.2396425,2.3937070000000006e-05,-2.537087,-2.638807549,-2.785027117,-2.469004991,2.75e-11,2.9999999999999997e-12,1.09e-13,3.5799999999999995e-11
urn:mavedb:00000658-f-1#412,g.87_89delinsGCC,ENST00000644876.2:c.506_507delinsCC,ENSP00000494040.1:p.Glu169Ala,0.06084338,2.4927310000000004e-15,0.278848522,0.5344126579999999,0.661460655,0.97548112,0.046836399,3.56e-06,3.3e-09,4.35e-19
urn:mavedb:00000658-f-1#413,g.87_89delinsGGC,ENST00000644876.2:c.506_507delinsGC,ENSP00000494040.1:p.Glu169Gly,0.03155106,4.967333e-07,0.072956899,0.19064535600000002,0.329500867,0.5262158610000001,0.593816009,0.013323588999999999,1.01e-06,7.0700000000000005e-16
urn:mavedb:00000658-f-1#414,g.87_89delinsGTC,ENST00000644876.2:c.506_507delinsTC,ENSP00000494040.1:p.Glu169Val,0.03740611,5.037408e-06,0.15597657,0.340284566,0.391843405,0.71901453,0.565752788,0.040445758,0.011529126,2.79e-07
urn:mavedb:00000658-f-1#415,g.87_89delinsTGA,ENST00000644876.2:c.505_507delinsTGA,ENSP00000494040.1:p.Glu169Ter,-0.3002172999999999,0.0009727738000000001,-3.0504576360000004,-3.89865811,-3.395512465,-3.973481749,2.4199999999999998e-11,1.39e-16,5.48e-14,4.1799999999999996e-17
urn:mavedb:00000658-f-1#416,g.88A>C,ENST00000644876.2:c.506A>C,ENSP00000494040.1:p.Glu169Ala,0.0034443000000000004,0.8431204,0.061474089,-0.057393162000000005,0.064267912,0.097128546,0.7977341179999999,0.7745832229999999,0.697877649,0.471973398
urn:mavedb:00000658-f-1#417,g.88A>T,ENST00000644876.2:c.506A>T,ENSP00000494040.1:p.Glu169Val,0.02418691,0.01434264,0.025033443,0.128323225,0.24330634,0.328003366,0.9381034779999999,0.395860779,0.029716616,0.001613206
urn:mavedb:00000658-f-1#418,g.88A>G,ENST00000644876.2:c.506A>G,ENSP00000494040.1:p.Glu169Gly,0.0334296,0.031589400000000004,0.051753579,0.274348616,0.323512548,0.586238861,0.933633072,0.342466115,0.20381163100000002,0.005519595
urn:mavedb:00000658-f-1#419,g.89G>A,ENST00000644876.2:c.507G>A,ENSP00000494040.1:p.Glu169=,0.01059684,0.4463387,0.0033289290000000004,0.040245894,0.100412634,0.078577572,0.994083328,0.890732448,0.611302437,0.6753205059999999
urn:mavedb:00000658-f-1#420,g.89G>T,ENST00000644876.2:c.507G>T,ENSP00000494040.1:p.Glu169Asp,0.02034534,0.3777477,0.096602824,0.217211085,0.200786749,0.26968048,0.864223363,0.520212522,0.525800132,0.314621445
urn:mavedb:00000658-f-1#421,g.89G>C,ENST00000644876.2:c.507G>C,ENSP00000494040.1:p.Glu169Asp,0.01504159,0.3095717,0.063462919,0.1025222019999999,0.15859794900000002,0.2103233619999999,0.8850250279999999,0.727796935,0.485449345,0.28151207
urn:mavedb:00000658-f-1#422,g.90_92del,ENST00000644876.2:c.508_510del,ENSP00000494040.1:p.Ala170del,0.05421539,2.852431e-14,0.199464754,0.40120593,0.5877575420000001,0.899366296,0.07232178,5.03e-06,1.6200000000000006e-12,2.33e-28
urn:mavedb:00000658-f-1#423,g.90G>T,ENST00000644876.2:c.508G>T,ENSP00000494040.1:p.Ala170Ser,0.01016424,0.2835836,-0.0252551879999999,0.0117497789999999,0.10125199900000001,0.1085798,0.9304861729999999,0.961610475,0.454862859,0.378568241
urn:mavedb:00000658-f-1#424,g.90G>A,ENST00000644876.2:c.508G>A,ENSP00000494040.1:p.Ala170Thr,0.02299226,0.0005145972000000001,0.10668873300000001,0.158765229,0.2554118019999999,0.36937800600000004,0.467967345,0.136465785,0.004321903,1.0800000000000003e-05
urn:mavedb:00000658-f-1#425,g.90G>C,ENST00000644876.2:c.508G>C,ENSP00000494040.1:p.Ala170Pro,0.04702641,9.044289999999999e-18,0.1989898239999999,0.409221185,0.46390585,0.582912415,0.013681153,2.2e-09,5.8600000000000005e-12,2.3e-18
urn:mavedb:00000658-f-1#426,g.90_92delinsACC,ENST00000644876.2:c.508_510delinsACC,ENSP00000494040.1:p.Ala170Thr,0.01929213,0.06060926,0.019377561,0.126454205,0.189217355,0.239892269,0.961194488,0.503158298,0.207641192,0.07433458700000001
urn:mavedb:00000658-f-1#427,g.90_92delinsAGC,ENST00000644876.2:c.508_510delinsAGC,ENSP00000494040.1:p.Ala170Ser,0.01148645,0.2264341,-0.0019085089999999,0.093796658,0.093988005,0.211723133,0.994640089,0.486485265,0.445526197,0.022346772
urn:mavedb:00000658-f-1#428,g.90_92delinsCCC,ENST00000644876.2:c.508_510delinsCCC,ENSP00000494040.1:p.Ala170Pro,0.04165086,9.677929e-11,0.121147289,0.29675855,0.4467993979999999,0.67507863,0.294566414,0.000141064,1.26e-09,5.77e-21
urn:mavedb:00000658-f-1#429,g.90_92delinsGAG,ENST00000644876.2:c.509_510delinsAG,ENSP00000494040.1:p.Ala170Glu,0.01481419,0.07966934,0.0018201860000000001,0.09760497300000001,0.140973918,0.11318788,0.995518728,0.547360129,0.27620858600000003,0.38451551799999995
urn:mavedb:00000658-f-1#430,g.90_92delinsGGC,ENST00000644876.2:c.509_510delinsGC,ENSP00000494040.1:p.Ala170Gly,0.03677275,1.4110050000000001e-09,0.110745639,0.312294165,0.36801433100000003,0.572864556,0.429415685,0.000280208,8.56e-06,6.23e-13
urn:mavedb:00000658-f-1#431,g.90_92delinsGTG,ENST00000644876.2:c.509_510delinsTG,ENSP00000494040.1:p.Ala170Val,0.007932817,0.2020593,0.036472287,0.093765625,0.041927467,0.139348,0.847761173,0.37279469,0.738507455,0.092095789
urn:mavedb:00000658-f-1#432,g.91C>T,ENST00000644876.2:c.509C>T,ENSP00000494040.1:p.Ala170Val,0.02068834,0.00017831540000000002,0.139791009,0.1780058889999999,0.238987759,0.141576931,0.149559098,0.028544043999999998,0.001190319,0.086922395
urn:mavedb:00000658-f-1#433,g.91C>A,ENST00000644876.2:c.509C>A,ENSP00000494040.1:p.Ala170Glu,0.007394691,0.6714273000000001,-0.040312132,-0.006722103,0.063241646,0.072662503,0.921777772,0.984340729,0.8021594009999999,0.732630485
urn:mavedb:00000658-f-1#434,g.91C>G,ENST00000644876.2:c.509C>G,ENSP00000494040.1:p.Ala170Gly,0.02146555,0.009286071,0.129264759,0.19236557,0.222506569,0.359275664,0.44030355,0.118153815,0.048711759,0.000352946
urn:mavedb:00000658-f-1#435,g.92A>T,ENST00000644876.2:c.510A>T,ENSP00000494040.1:p.Ala170=,-0.0013224329999999,0.9095200000000001,0.024882675,-0.040467095,-0.04595766,-0.011539566000000001,0.9090916240000001,0.789772114,0.717790354,0.9348764970000001
urn:mavedb:00000658-f-1#436,g.92A>C,ENST00000644876.2:c.510A>C,ENSP00000494040.1:p.Ala170=,-0.004333786,0.621989,-0.102384065,-0.053420666,-0.06084541,0.023178029,0.400894795,0.6997693229999999,0.60429545,0.856164195
urn:mavedb:00000658-f-1#437,g.92A>G,ENST00000644876.2:c.510A>G,ENSP00000494040.1:p.Ala170=,-0.004505736,0.6863196,-0.045654829,-0.082112694,-0.057766138,-0.102425816,0.8050937359999999,0.492016505,0.636689807,0.285135164
urn:mavedb:00000658-f-1#438,g.93_95del,ENST00000644876.2:c.511_513del,ENSP00000494040.1:p.Thr171del,0.04120623,6.465326e-11,0.232889756,0.307476802,0.478616655,0.5119980679999999,0.00416077,3.53e-05,1.0400000000000001e-11,3e-13
urn:mavedb:00000658-f-1#439,g.93A>T,ENST00000644876.2:c.511A>T,ENSP00000494040.1:p.Thr171Ser,-0.02008061,0.04588491,-0.147703504,-0.19749642,-0.230645022,-0.309006111,0.45712319,0.19387673,0.094278419,0.013564073000000001
urn:mavedb:00000658-f-1#440,g.93A>G,ENST00000644876.2:c.511A>G,ENSP00000494040.1:p.Thr171Ala,0.02556555,0.0001230546999999,0.184836135,0.199032629,0.307767138,0.45727075100000003,0.026399705,0.010219449,1.09e-05,1.28e-11
urn:mavedb:00000658-f-1#441,g.93A>C,ENST00000644876.2:c.511A>C,ENSP00000494040.1:p.Thr171Pro,-0.01106008,0.3320131,0.138980893,-0.016361442,-0.10330825800000001,-0.4254824379999999,0.365897366,0.945382023,0.46443991799999995,1.4499999999999993e-05
urn:mavedb:00000658-f-1#442,g.93_95delinsAAG,ENST00000644876.2:c.512_513delinsAG,ENSP00000494040.1:p.Thr171Lys,0.04316281,6.792263000000002e-09,0.029357044,0.298181639,0.4384183029999999,0.6916550859999999,0.903458155,0.00042959199999999996,3.33e-08,2.44e-19
urn:mavedb:00000658-f-1#443,g.93_95delinsAGC,ENST00000644876.2:c.512_513delinsGC,ENSP00000494040.1:p.Thr171Ser,-0.02123536,0.01856777,-0.093686,-0.136290669,-0.253403218,-0.267204589,0.7334639759999999,0.470800746,0.073928146,0.049113227
urn:mavedb:00000658-f-1#444,g.93_95delinsATC,ENST00000644876.2:c.512_513delinsTC,ENSP00000494040.1:p.Thr171Ile,0.03951814,5.107094e-08,0.15999216,0.333713523,0.424129879,0.5956579439999999,0.1725406839999999,0.000128676,3.96e-07,2.68e-13
urn:mavedb:00000658-f-1#445,g.93_95delinsCCC,ENST00000644876.2:c.511_513delinsCCC,ENSP00000494040.1:p.Thr171Pro,-0.009314431,0.3512632,0.167749123,0.0452316009999999,-0.046605176,-0.297797049,0.071432647,0.7585329940000001,0.71700045,0.000114633
urn:mavedb:00000658-f-1#446,g.93_95delinsCGG,ENST00000644876.2:c.511_513delinsCGG,ENSP00000494040.1:p.Thr171Arg,0.04455448,1.357948e-17,0.203442364,0.288536925,0.501963646,0.648876558,0.00353472,4.72e-06,3.87e-17,4.37e-28
urn:mavedb:00000658-f-1#447,g.93_95delinsGCC,ENST00000644876.2:c.511_513delinsGCC,ENSP00000494040.1:p.Thr171Ala,0.03019835,0.0007351085,-0.02106359,0.154919902,0.250684935,0.38390097,0.949679391,0.281874938,0.031028403,0.000269834
urn:mavedb:00000658-f-1#448,g.94C>G,ENST00000644876.2:c.512C>G,ENSP00000494040.1:p.Thr171Arg,0.04886498,1.244134e-15,0.223312345,0.421012661,0.534352952,0.655471034,0.016668452,1.1699999999999999e-07,4.54e-12,1.0099999999999999e-17
urn:mavedb:00000658-f-1#449,g.94C>A,ENST00000644876.2:c.512C>A,ENSP00000494040.1:p.Thr171Lys,0.03392221,1.779289e-08,0.115969893,0.253293696,0.3596567779999999,0.602761476,0.291123726,0.000812581,3.9e-07,1.15e-18
urn:mavedb:00000658-f-1#450,g.94C>T,ENST00000644876.2:c.512C>T,ENSP00000494040.1:p.Thr171Ile,0.04845293,3.59595e-11,0.179458597,0.41454126,0.506941611,0.7779203370000001,0.098643502,7.159999999999998e-07,5.18e-10,1.59e-22
urn:mavedb:00000658-f-1#451,g.95A>T,ENST00000644876.2:c.513A>T,ENSP00000494040.1:p.Thr171=,0.00983768,0.3320079999999999,0.049263216,0.080736953,0.0953910069999999,0.1349316069999999,0.8342584909999999,0.608852399,0.47585996399999997,0.23137887699999998
urn:mavedb:00000658-f-1#452,g.95A>C,ENST00000644876.2:c.513A>C,ENSP00000494040.1:p.Thr171=,0.003910899000000001,0.7341754,-0.039460088,0.0124321769999999,0.011593816000000002,-0.008498935,0.874029915,0.956271869,0.9510350959999999,0.9633569270000001
urn:mavedb:00000658-f-1#453,g.95A>G,ENST00000644876.2:c.513A>G,ENSP00000494040.1:p.Thr171=,-0.0009517025,0.9439545,-0.058619129000000006,0.001823266,-0.041274594,-0.052905138,0.68702293,0.991342898,0.722578293,0.588676914
urn:mavedb:00000658-f-1#454,g.96_98del,ENST00000644876.2:c.514_516del,ENSP00000494040.1:p.Gly172del,0.04925252,2.674852e-25,0.236669545,0.403251022,0.552974516,0.8213012740000001,2.18e-05,4.92e-15,3.7e-28,8.539999999999996e-62
urn:mavedb:00000658-f-1#455,g.96G>A,ENST00000644876.2:c.514G>A,ENSP00000494040.1:p.Gly172Ser,0.04743053,4.653916e-18,0.15697660300000002,0.406270225,0.49101332700000005,0.788948725,0.064864453,7.820000000000001e-10,2.71e-14,9.409999999999999e-36
urn:mavedb:00000658-f-1#456,g.96G>C,ENST00000644876.2:c.514G>C,ENSP00000494040.1:p.Gly172Arg,-0.02851101,8.716844999999999e-06,0.13559491,-0.053445911,-0.230618115,-0.3683911039999999,0.27464607,0.7420133440000001,0.011751147,1.51e-05
urn:mavedb:00000658-f-1#457,g.96G>T,ENST00000644876.2:c.514G>T,ENSP00000494040.1:p.Gly172Cys,0.0449125,4.9619739999999994e-08,0.23415725,0.350236993,0.4945674889999999,0.63158214,0.065991623,0.001135088,1.01e-06,1.6899999999999999e-10
urn:mavedb:00000658-f-1#458,g.96_98delinsCGG,ENST00000644876.2:c.514_516delinsCGG,ENSP00000494040.1:p.Gly172Arg,-0.0076367569999999,0.5871763000000001,0.242962371,0.1511765109999999,-0.051592987,-0.230804505,0.036935259,0.25484461399999997,0.769323682,0.03324062
urn:mavedb:00000658-f-1#459,g.96_98delinsGAT,ENST00000644876.2:c.515_516delinsAT,ENSP00000494040.1:p.Gly172Asp,0.06896687,3.563947e-22,0.360558475,0.62915038,0.7637234959999999,1.042487774,0.0005780059999999,3.86e-11,3.0099999999999996e-16,1.31e-29
urn:mavedb:00000658-f-1#460,g.96_98delinsGCT,ENST00000644876.2:c.515_516delinsCT,ENSP00000494040.1:p.Gly172Ala,0.05041118,6.539411e-19,0.0602530909999999,0.3774133629999999,0.490825299,0.7303097159999999,0.70718698,1.13e-07,1.28e-12,5.7099999999999985e-27
urn:mavedb:00000658-f-1#461,g.96_98delinsGTG,ENST00000644876.2:c.515_516delinsTG,ENSP00000494040.1:p.Gly172Val,-0.06359118,3.599051000000001e-12,0.073060332,-0.475289808,-0.713610238,-1.095972333,0.6765426459999999,1.47e-08,1.16e-17,1.3799999999999993e-36
urn:mavedb:00000658-f-1#462,g.96_98delinsTCC,ENST00000644876.2:c.514_515delinsTC,ENSP00000494040.1:p.Gly172Ser,0.04280766,6.838684000000001e-07,0.09534176,0.24898460600000002,0.45524282200000005,0.676977132,0.63344928,0.02502695,2.38e-06,4.07e-13
urn:mavedb:00000658-f-1#463,g.96_98delinsTGT,ENST00000644876.2:c.514_516delinsTGT,ENSP00000494040.1:p.Gly172Cys,0.04969475,1.81464e-09,0.259547209,0.398684582,0.5467173879999999,0.7326441579999999,0.037108693,0.000186608,7.620000000000002e-08,1.76e-13
urn:mavedb:00000658-f-1#464,g.97G>C,ENST00000644876.2:c.515G>C,ENSP00000494040.1:p.Gly172Ala,0.04910573,1.219868e-10,0.111886062,0.291385699,0.535640537,0.797495437,0.652354942,0.033700197,6.66e-06,3.58e-12
urn:mavedb:00000658-f-1#465,g.97G>T,ENST00000644876.2:c.515G>T,ENSP00000494040.1:p.Gly172Val,-0.04249371,1.792507e-13,0.030459179,-0.221150089,-0.44005023200000004,-0.820367099,0.9022132509999999,0.021357787000000003,2.0899999999999998e-07,1.73e-22
urn:mavedb:00000658-f-1#466,g.97G>A,ENST00000644876.2:c.515G>A,ENSP00000494040.1:p.Gly172Asp,0.03814223,4.279004e-10,0.10323765900000001,0.27235148,0.39699356,0.682281239,0.391706296,0.000354694,3.23e-08,1.04e-22
urn:mavedb:00000658-f-1#467,g.98C>A,ENST00000644876.2:c.516C>A,ENSP00000494040.1:p.Gly172=,-0.0018521929999999,0.9093565999999998,-0.0154684419999999,-0.006529628000000001,-0.033270342,-0.129693794,0.9649418790000001,0.979452245,0.86659153,0.321048936
urn:mavedb:00000658-f-1#468,g.98C>G,ENST00000644876.2:c.516C>G,ENSP00000494040.1:p.Gly172=,-0.01405625,0.1837687999999999,0.092731798,-0.000115507,-0.135946691,-0.020535247,0.6809152620000001,0.9995339109999999,0.352285488,0.9162623679999999
urn:mavedb:00000658-f-1#469,g.98C>T,ENST00000644876.2:c.516C>T,ENSP00000494040.1:p.Gly172=,0.01451173,0.1875369999999999,-0.022126299,0.052915413,0.1318894669999999,0.0500887079999999,0.94709024,0.805381372,0.344352606,0.7572786890000001
urn:mavedb:00000658-f-1#470,g.99_101del,ENST00000644876.2:c.520_522del,ENSP00000494040.1:p.Asn174del,0.05221024,2.6476580000000003e-16,0.192320116,0.43223393600000004,0.553091707,0.7126732490000001,0.060335732,1.0199999999999999e-07,2.59e-12,6.34e-20
urn:mavedb:00000658-f-1#471,g.99A>G,ENST00000644876.2:c.517A>G,ENSP00000494040.1:p.Asn173Asp,0.004715673,0.7162746,0.027840877000000003,0.141008892,0.025812384,0.003881303,0.918961063,0.249879727,0.885258687,0.9847329140000001
urn:mavedb:00000658-f-1#472,g.99A>C,ENST00000644876.2:c.517A>C,ENSP00000494040.1:p.Asn173His,0.008054506,0.3975758,0.081130923,0.124611955,0.11729665,0.167589184,0.6647792339999999,0.326918319,0.335118831,0.10723607
urn:mavedb:00000658-f-1#473,g.99A>T,ENST00000644876.2:c.517A>T,ENSP00000494040.1:p.Asn173Tyr,-0.001393784,0.8932921,-0.000636476,0.00296498,-0.036348335,-0.016685666000000002,0.9965634309999999,0.9853388340000001,0.755172975,0.885469191
urn:mavedb:00000658-f-1#474,g.99_101delinsACA,ENST00000644876.2:c.518_519delinsCA,ENSP00000494040.1:p.Asn173Thr,-0.0018314,0.9154283000000001,0.12893196,0.07254443,0.011697552,0.006588064,0.382249093,0.661315243,0.9516529340000001,0.973187622
urn:mavedb:00000658-f-1#475,g.99_101delinsATT,ENST00000644876.2:c.518_519delinsTT,ENSP00000494040.1:p.Asn173Ile,0.01258772,0.11016310000000001,0.144599235,0.080016932,0.16616337,0.10264155300000001,0.18480296899999998,0.533540056,0.066670449,0.3078635
urn:mavedb:00000658-f-1#476,g.99_101delinsCAT,ENST00000644876.2:c.517_519delinsCAT,ENSP00000494040.1:p.Asn173His,0.02986359,2.6299800000000002e-05,0.092871224,0.204651306,0.363031019,0.482334968,0.525182601,0.023886154,4.78e-06,4.4299999999999997e-10
urn:mavedb:00000658-f-1#477,g.99_101delinsGAT,ENST00000644876.2:c.517_519delinsGAT,ENSP00000494040.1:p.Asn173Asp,-0.003369005,0.784858,0.015466731000000001,-0.013998809,-0.041533909,-0.07259911200000001,0.9578142820000001,0.9493011379999999,0.796835927,0.564587639
urn:mavedb:00000658-f-1#478,g.99_101delinsTAT,ENST00000644876.2:c.517_519delinsTAT,ENSP00000494040.1:p.Asn173Tyr,0.01897847,0.001246468,0.111427661,0.147822421,0.293798341,0.4821895029999999,0.33212134600000004,0.098929469,5.11e-05,3.0499999999999997e-12
urn:mavedb:00000658-f-1#479,g.99_101delinsTCC,ENST00000644876.2:c.517_518delinsTC,ENSP00000494040.1:p.Asn173Ser,-0.003495549,0.7806702,-0.005453019,-0.03250601,-0.05780715,0.09419348400000001,0.9860473209999999,0.875348864,0.710046719,0.443637214
urn:mavedb:00000658-f-1#480,g.100A>G,ENST00000644876.2:c.518A>G,ENSP00000494040.1:p.Asn173Ser,-0.01273116,0.2028115,-0.007043088,-0.07773921,-0.140312518,-0.172703145,0.9834508479999999,0.646097953,0.257974548,0.122345088
urn:mavedb:00000658-f-1#481,g.100A>C,ENST00000644876.2:c.518A>C,ENSP00000494040.1:p.Asn173Thr,-0.004760787,0.6001236,-0.0035873690000000004,-0.03442616,-0.074431194,-0.106501144,0.991616686,0.8561207190000001,0.581217193,0.341439208
urn:mavedb:00000658-f-1#482,g.100A>T,ENST00000644876.2:c.518A>T,ENSP00000494040.1:p.Asn173Ile,-0.006894005,0.5545677,-0.010488083,0.038796537,-0.11033746900000001,-0.03870696,0.9694246,0.8264180809999999,0.318811145,0.76836576
urn:mavedb:00000658-f-1#483,g.101C>T,ENST00000644876.2:c.519C>T,ENSP00000494040.1:p.Asn173=,0.01086366,0.2522228,0.109859236,0.12870836900000002,0.1238993519999999,0.162418604,0.48720539,0.309661449,0.301669866,0.123294172
urn:mavedb:00000658-f-1#484,g.101C>G,ENST00000644876.2:c.519C>G,ENSP00000494040.1:p.Asn173Lys,-0.008636444,0.3293147999999999,0.04451143900000001,-0.0256369589999999,-0.09089227400000001,-0.09037406,0.852419349,0.905194043,0.498978514,0.46675667
urn:mavedb:00000658-f-1#485,g.101C>A,ENST00000644876.2:c.519C>A,ENSP00000494040.1:p.Asn173Lys,0.008112622,0.548557,0.057378538,0.059610162,0.077904896,0.173503799,0.847761173,0.800373588,0.680645042,0.210107608
urn:mavedb:00000658-f-1#486,g.102A>G,ENST00000644876.2:c.520A>G,ENSP00000494040.1:p.Asn174Asp,0.005205258,0.5945968,0.020415289,0.0224622479999999,0.05310234,-0.131762973,0.9347925570000001,0.906272638,0.6948702640000001,0.177565175
urn:mavedb:00000658-f-1#487,g.102A>C,ENST00000644876.2:c.520A>C,ENSP00000494040.1:p.Asn174His,-0.01464941,0.08561525,-0.016661194,-0.089867758,-0.171020017,-0.141514752,0.95622618,0.556700008,0.12379517300000001,0.212729909
urn:mavedb:00000658-f-1#488,g.102A>T,ENST00000644876.2:c.520A>T,ENSP00000494040.1:p.Asn174Tyr,0.005960755,0.5333314,0.0238377129999999,0.039628214,0.058760742000000005,0.12022867,0.9220209770000001,0.819538317,0.657756745,0.22866383
urn:mavedb:00000658-f-1#489,g.102_104delinsACA,ENST00000644876.2:c.521_522delinsCA,ENSP00000494040.1:p.Asn174Thr,0.01955467,0.02742161,0.022455916,0.205674875,0.16690748800000002,0.172589032,0.939474659,0.059644322,0.139563563,0.109859995
urn:mavedb:00000658-f-1#490,g.102_104delinsATT,ENST00000644876.2:c.521_522delinsTT,ENSP00000494040.1:p.Asn174Ile,0.01560555,0.0812572,0.109562566,0.15350777,0.166864216,0.212815671,0.545718806,0.24567974199999998,0.167960179,0.051523479000000004
urn:mavedb:00000658-f-1#491,g.102_104delinsCAT,ENST00000644876.2:c.520_522delinsCAT,ENSP00000494040.1:p.Asn174His,0.0005995972,0.9733216999999998,0.0303168339999999,0.03945601,-0.00042878400000000003,-0.0095431819999999,0.900613343,0.8262790999999999,0.9982218490000001,0.954914121
urn:mavedb:00000658-f-1#492,g.102_104delinsGAT,ENST00000644876.2:c.520_522delinsGAT,ENSP00000494040.1:p.Asn174Asp,-0.01661935,0.1071344,0.000526219,-0.198788672,-0.150210069,-0.147918558,0.9986023159999999,0.11616339099999999,0.258136376,0.24335276600000003
urn:mavedb:00000658-f-1#493,g.102_104delinsTAT,ENST00000644876.2:c.520_522delinsTAT,ENSP00000494040.1:p.Asn174Tyr,0.01113371,0.1463063,0.0875310359999999,0.081712362,0.13063254900000001,0.205320842,0.503094567,0.47628039,0.142749522,0.008143809
urn:mavedb:00000658-f-1#494,g.102_104delinsTCC,ENST00000644876.2:c.520_521delinsTC,ENSP00000494040.1:p.Asn174Ser,0.01215152,0.3765533,-0.025194683,0.052650439,0.101987576,0.06626810400000001,0.9491931840000001,0.845341164,0.600089575,0.7287280970000001
urn:mavedb:00000658-f-1#495,g.103A>G,ENST00000644876.2:c.521A>G,ENSP00000494040.1:p.Asn174Ser,-0.001709142,0.8907235000000001,-0.032788882000000005,0.016510713,-0.004458989,-0.039093936,0.899875258,0.939863015,0.9816567190000001,0.788465222
urn:mavedb:00000658-f-1#496,g.103A>C,ENST00000644876.2:c.521A>C,ENSP00000494040.1:p.Asn174Thr,0.01369405,0.1429865,0.046854133,0.096034781,0.135745077,0.2714022,0.8575428409999999,0.5535454479999999,0.296897255,0.008911774
urn:mavedb:00000658-f-1#497,g.103A>T,ENST00000644876.2:c.521A>T,ENSP00000494040.1:p.Asn174Ile,0.01148517,0.2864067999999999,0.075368219,0.111609993,0.124109703,0.22571423,0.7989563670000001,0.5888469479999999,0.489867159,0.109216699
urn:mavedb:00000658-f-1#498,g.104C>T,ENST00000644876.2:c.522C>T,ENSP00000494040.1:p.Asn174=,0.0073694780000000005,0.4455476,0.000512583,0.054672207,0.062837412,0.019286806,0.9983077709999999,0.7441376279999999,0.657756745,0.9010530959999999
urn:mavedb:00000658-f-1#499,g.104C>A,ENST00000644876.2:c.522C>A,ENSP00000494040.1:p.Asn174Lys,-0.003040778,0.7915345,-0.019177383,-0.083016573,-0.027363888,-0.026136138,0.9316840809999999,0.46663370299999996,0.846112193,0.831660484
urn:mavedb:00000658-f-1#500,g.104C>G,ENST00000644876.2:c.522C>G,ENSP00000494040.1:p.Asn174Lys,-0.0054011319999999,0.6249697,0.118960056,0.0527211459999999,-0.047813237,0.038764265,0.39433651,0.753727975,0.753520278,0.7799150509999999
urn:mavedb:00000658-f-1#501,g.105_107del,ENST00000644876.2:c.523_525del,ENSP00000494040.1:p.Cys175del,-0.01253809,0.27279840000000005,0.17103794600000002,0.091730859,-0.088929299,-0.532744374,0.25541055100000004,0.604246214,0.5824042389999999,2.4399999999999996e-07
urn:mavedb:00000658-f-1#502,g.105T>A,ENST00000644876.2:c.523T>A,ENSP00000494040.1:p.Cys175Ser,0.03521708,3.793211e-08,0.155770352,0.22013179100000002,0.38839943,0.61485751,0.143689445,0.011730738999999999,5.1e-07,2.1e-16
urn:mavedb:00000658-f-1#503,g.105T>G,ENST00000644876.2:c.523T>G,ENSP00000494040.1:p.Cys175Gly,0.03864331,6.404273e-05,0.185180768,0.308009556,0.42891641,0.620767063,0.34372089299999997,0.029901482000000004,0.000844885,3.51e-07
urn:mavedb:00000658-f-1#504,g.105T>C,ENST00000644876.2:c.523T>C,ENSP00000494040.1:p.Cys175Arg,-0.002040506,0.8860654,-0.069146109,-0.03258953,-0.046725904000000006,-0.078105775,0.707168597,0.861111312,0.7501053440000001,0.500517443
urn:mavedb:00000658-f-1#505,g.105_107delinsCGG,ENST00000644876.2:c.523_525delinsCGG,ENSP00000494040.1:p.Cys175Arg,0.0066962409999999,0.4446999,-0.040809295,0.040011442,0.044815845,0.222399615,0.8192381540000001,0.780757375,0.710201485,0.002419662
urn:mavedb:00000658-f-1#506,g.105_107delinsGGC,ENST00000644876.2:c.523_525delinsGGC,ENSP00000494040.1:p.Cys175Gly,0.03815959,7.577863e-13,0.042399028,0.235468517,0.38994516100000004,0.5442964,0.781726076,0.00035351800000000004,1.9800000000000001e-10,1.5e-19
urn:mavedb:00000658-f-1#507,g.105_107delinsTAA,ENST00000644876.2:c.524_525delinsAA,ENSP00000494040.1:p.Cys175Ter,-0.3196370999999999,3.8429859999999997e-07,-3.568109598,-3.631878948,-3.6255375,-3.62652558,4.629999999999999e-37,3.98e-41,2e-41,4.82e-39
urn:mavedb:00000658-f-1#508,g.105_107delinsTAC,ENST00000644876.2:c.524_525delinsAC,ENSP00000494040.1:p.Cys175Tyr,0.03014987,3.291666e-05,0.16161437,0.266702551,0.327153287,0.4803328639999999,0.198309172,0.005603521,0.000307795,2.77e-08
urn:mavedb:00000658-f-1#509,g.105_107delinsTTC,ENST00000644876.2:c.524_525delinsTC,ENSP00000494040.1:p.Cys175Phe,0.02570516,0.001082703,0.1859437839999999,0.266454731,0.294938905,0.291508917,0.261360629,0.039710498,0.016423103,0.016032834
urn:mavedb:00000658-f-1#510,g.106G>C,ENST00000644876.2:c.524G>C,ENSP00000494040.1:p.Cys175Ser,0.03428095,6.097108e-06,-0.002422154,0.21992005,0.335220518,0.51942235,0.9946364540000001,0.074260055,0.0017324839999999,2.1300000000000001e-07
urn:mavedb:00000658-f-1#511,g.106G>A,ENST00000644876.2:c.524G>A,ENSP00000494040.1:p.Cys175Tyr,0.02167289,0.01252294,0.080876461,0.164614475,0.230594962,0.3632294689999999,0.745696452,0.271120601,0.06777751900000001,0.00115099
urn:mavedb:00000658-f-1#512,g.106G>T,ENST00000644876.2:c.524G>T,ENSP00000494040.1:p.Cys175Phe,0.01683852,0.08585103,0.056775027,0.11610782,0.167802297,0.34596261700000003,0.845650475,0.5167610189999999,0.24187876100000003,0.0026579790000000004
urn:mavedb:00000658-f-1#513,g.107T>C,ENST00000644876.2:c.525T>C,ENSP00000494040.1:p.Cys175=,0.002441194,0.8587546,0.0555227809999999,0.10603140300000001,0.008002823000000001,0.060142676,0.793747249,0.424968844,0.965008313,0.644117093
urn:mavedb:00000658-f-1#514,g.107T>G,ENST00000644876.2:c.525T>G,ENSP00000494040.1:p.Cys175Trp,0.0312947,4.05856e-05,0.194480083,0.26178038800000003,0.34610434,0.47736819,0.140954006,0.0175802589999999,0.000654263,8.529999999999998e-07
urn:mavedb:00000658-f-1#515,g.107T>A,ENST00000644876.2:c.525T>A,ENSP00000494040.1:p.Cys175Ter,-0.1911079,9.268407e-08,-2.297521428,-2.13345266,-2.276395136,-2.006549623,1.3699999999999992e-61,1.59e-57,1.09e-64,2.2400000000000006e-52
urn:mavedb:00000658-f-1#516,g.108_110del,ENST00000644876.2:c.528_530del,ENSP00000494040.1:p.Pro177del,-0.013625,0.05380486,0.167158214,0.0245402989999999,-0.142427358,-0.1625907369999999,0.100167684,0.896724795,0.144873547,0.07614059
urn:mavedb:00000658-f-1#517,g.108C>G,ENST00000644876.2:c.526C>G,ENSP00000494040.1:p.Pro176Ala,0.0438759,2.309185e-13,0.233871251,0.37861332700000006,0.491937732,0.640227555,0.000731451,1.65e-09,9.019999999999999e-16,3.96e-26
urn:mavedb:00000658-f-1#518,g.108C>A,ENST00000644876.2:c.526C>A,ENSP00000494040.1:p.Pro176Thr,0.0223166,0.03977436,-0.161122798,0.13888677800000002,0.133982207,0.321663551,0.363023221,0.39461976600000004,0.380392255,0.00511005
urn:mavedb:00000658-f-1#519,g.108C>T,ENST00000644876.2:c.526C>T,ENSP00000494040.1:p.Pro176Ser,0.03977888,7.649260999999998e-11,0.27740269300000003,0.36666522100000004,0.462629516,0.5818818370000001,0.004186315,3.39e-05,5.75e-08,3.75e-12
urn:mavedb:00000658-f-1#520,g.108_110delinsACC,ENST00000644876.2:c.526_528delinsACC,ENSP00000494040.1:p.Pro176Thr,0.03216513,1.878071e-06,-0.0204162019999999,0.10275543300000001,0.324428283,0.451072827,0.93147762,0.35037541,1.6100000000000002e-05,5.77e-10
urn:mavedb:00000658-f-1#521,g.108_110delinsAGC,ENST00000644876.2:c.526_528delinsAGC,ENSP00000494040.1:p.Pro176Ser,0.0545434,2.355801e-07,0.297041475,0.509011019,0.5852854989999999,0.754165764,0.085431828,0.000293077,1.76e-05,1.25e-08
urn:mavedb:00000658-f-1#522,g.108_110delinsCAC,ENST00000644876.2:c.527_528delinsAC,ENSP00000494040.1:p.Pro176His,-0.07328264,6.993815e-10,0.119722712,-0.445125528,-0.7117157270000001,-1.2478982920000001,0.75140256,0.016765472,2.47e-05,4.8e-14
urn:mavedb:00000658-f-1#523,g.108_110delinsCGG,ENST00000644876.2:c.527_528delinsGG,ENSP00000494040.1:p.Pro176Arg,-0.1502997,5.3113950000000006e-33,-0.388616843,-1.097112683,-1.6208154540000002,-2.161684064,0.05469301,1.5e-11,9.95e-24,1.1699999999999999e-39
urn:mavedb:00000658-f-1#524,g.108_110delinsCTG,ENST00000644876.2:c.527_528delinsTG,ENSP00000494040.1:p.Pro176Leu,0.0264699,0.0005526652,0.129140433,0.1985782569999999,0.295959521,0.5919966320000001,0.367494693,0.058872957999999996,0.0013261170000000001,2.98e-12
urn:mavedb:00000658-f-1#525,g.108_110delinsGCC,ENST00000644876.2:c.526_528delinsGCC,ENSP00000494040.1:p.Pro176Ala,0.03870776,1.411625e-11,0.1072600119999999,0.314155383,0.3958406439999999,0.654683705,0.39179908,4.8599999999999995e-05,1.0699999999999999e-07,9.39e-20
urn:mavedb:00000658-f-1#526,g.109C>A,ENST00000644876.2:c.527C>A,ENSP00000494040.1:p.Pro176His,-0.0450261,8.187431e-09,0.07199832,-0.2079571989999999,-0.4525853629999999,-0.7053126909999999,0.746549145,0.078654282,4.38e-06,4.07e-13
urn:mavedb:00000658-f-1#527,g.109C>G,ENST00000644876.2:c.527C>G,ENSP00000494040.1:p.Pro176Arg,-0.11882360000000002,3.551294e-33,-0.413157954,-0.969095012,-1.315644977,-1.539918718,0.00074359,6.4699999999999995e-18,7.840000000000001e-32,1.1599999999999999e-41
urn:mavedb:00000658-f-1#528,g.109C>T,ENST00000644876.2:c.527C>T,ENSP00000494040.1:p.Pro176Leu,0.04228487,2.510981e-06,0.37484285,0.431099315,0.510805331,0.647536431,0.000538128,2.8300000000000014e-05,3.18e-07,3.7799999999999995e-11
urn:mavedb:00000658-f-1#529,g.110T>A,ENST00000644876.2:c.528T>A,ENSP00000494040.1:p.Pro176=,-0.004819096,0.7346228,-0.170071109,-0.20655562800000002,-0.132292768,-0.160972693,0.122049962,0.031155896000000002,0.21122463800000002,0.09527190699999999
urn:mavedb:00000658-f-1#530,g.110T>G,ENST00000644876.2:c.528T>G,ENSP00000494040.1:p.Pro176=,-0.0009467900999999,0.9611936,-0.055691672000000005,-0.022014861,-0.028262067000000002,-0.0009829489999999,0.845650475,0.931992704,0.897328564,0.9963051909999999
urn:mavedb:00000658-f-1#531,g.110T>C,ENST00000644876.2:c.528T>C,ENSP00000494040.1:p.Pro176=,0.004553622,0.6696920999999999,-0.001144013,0.007824906,0.050187822,0.005351404000000001,0.9957705609999999,0.9682765990000001,0.69948013,0.973919456
urn:mavedb:00000658-f-1#532,g.111_113del,ENST00000644876.2:c.530_532del,ENSP00000494040.1:p.Pro177del,-0.004263137,0.8130470000000001,0.081816232,0.0262350079999999,-0.037084567,-0.198043981,0.7713300790000001,0.926728522,0.8761745670000001,0.173976315
urn:mavedb:00000658-f-1#533,g.111C>G,ENST00000644876.2:c.529C>G,ENSP00000494040.1:p.Pro177Ala,0.005956065,0.6588741,-0.058939443,-0.029086147000000003,0.052381087,-0.063077775,0.820752142,0.9060705920000001,0.778391952,0.687555272
urn:mavedb:00000658-f-1#534,g.111C>T,ENST00000644876.2:c.529C>T,ENSP00000494040.1:p.Pro177Ser,0.004397415,0.7857509,0.038852133,0.040653199,0.046303777000000004,0.0658903129999999,0.90114091,0.866385387,0.8170256020000001,0.682999402
urn:mavedb:00000658-f-1#535,g.111C>A,ENST00000644876.2:c.529C>A,ENSP00000494040.1:p.Pro177Thr,-0.0023526429999999,0.9187274,-0.11684184,-0.056019003,-0.068452725,-0.223522416,0.7209609359999999,0.863660069,0.7982458729999999,0.213099912
urn:mavedb:00000658-f-1#536,g.111_113delinsACC,ENST00000644876.2:c.529_531delinsACC,ENSP00000494040.1:p.Pro177Thr,-0.01700589,0.03158471,-0.069142937,-0.138209139,-0.1973703319999999,-0.212402032,0.76156607,0.322053414,0.09005515800000001,0.055852636
urn:mavedb:00000658-f-1#537,g.111_113delinsAGC,ENST00000644876.2:c.529_531delinsAGC,ENSP00000494040.1:p.Pro177Ser,-0.007688242,0.5496893,-0.153229975,-0.16488718800000002,-0.134623785,-0.07485179900000001,0.33537797199999997,0.224541687,0.32626207100000004,0.614243702
urn:mavedb:00000658-f-1#538,g.111_113delinsCAG,ENST00000644876.2:c.530_531delinsAG,ENSP00000494040.1:p.Pro177Gln,-0.004029429,0.7462769,-0.012558601,0.00206032,-0.060561459000000005,-0.070915968,0.966992126,0.9928718609999999,0.68487831,0.579914111
urn:mavedb:00000658-f-1#539,g.111_113delinsCGG,ENST00000644876.2:c.530_531delinsGG,ENSP00000494040.1:p.Pro177Arg,0.00582849,0.557353,0.076784042,0.076702844,0.063017022,-0.0026141289999999,0.621942812,0.547873821,0.609003729,0.986842716
urn:mavedb:00000658-f-1#540,g.111_113delinsCTG,ENST00000644876.2:c.530_531delinsTG,ENSP00000494040.1:p.Pro177Leu,-0.0012754,0.9131425999999999,-0.0261432939999999,-0.0012898039999999,-0.032279048,0.013367073,0.9087529679999999,0.994584433,0.824276215,0.925777869
urn:mavedb:00000658-f-1#541,g.111_113delinsGCC,ENST00000644876.2:c.529_531delinsGCC,ENSP00000494040.1:p.Pro177Ala,0.004119101,0.7932244,-0.10515582300000001,-0.0181959119999999,-0.000772912,-0.126455895,0.588896194,0.940698019,0.996948398,0.332068215
urn:mavedb:00000658-f-1#542,g.112C>A,ENST00000644876.2:c.530C>A,ENSP00000494040.1:p.Pro177Gln,0.0021096739999999,0.8859853999999999,0.050559067,0.080736143,0.008052154,0.06431154900000001,0.8317144240000001,0.613992292,0.966606715,0.637878675
urn:mavedb:00000658-f-1#543,g.112C>G,ENST00000644876.2:c.530C>G,ENSP00000494040.1:p.Pro177Arg,-0.002702828,0.8203185,0.036868419,-0.009947771,-0.016769955,-0.044572792,0.893556407,0.9682765990000001,0.933918514,0.777110429
urn:mavedb:00000658-f-1#544,g.112C>T,ENST00000644876.2:c.530C>T,ENSP00000494040.1:p.Pro177Leu,-0.002507989,0.8787229999999999,0.008111618000000001,0.073200802,-0.061570164000000004,0.013596576,0.9834508479999999,0.7254371820000001,0.750119885,0.9499843929999999
urn:mavedb:00000658-f-1#545,g.113A>T,ENST00000644876.2:c.531A>T,ENSP00000494040.1:p.Pro177=,0.002402127,0.8622716999999999,0.1783938789999999,0.124833607,0.061003568,0.156191001,0.067794222,0.237488043,0.63298604,0.082472932
urn:mavedb:00000658-f-1#546,g.113A>G,ENST00000644876.2:c.531A>G,ENSP00000494040.1:p.Pro177=,-0.009132402,0.4531345999999999,-0.12980561300000001,-0.142092028,-0.124066458,-0.18391454,0.41504402799999995,0.28745300100000004,0.344094419,0.09890498800000001
urn:mavedb:00000658-f-1#547,g.113A>C,ENST00000644876.2:c.531A>C,ENSP00000494040.1:p.Pro177=,-0.0059609519999999,0.6095449000000001,-0.131508324,-0.098327371,-0.099882562,-0.019961513,0.317308642,0.45423985,0.40653278,0.89369552
urn:mavedb:00000658-f-1#548,g.114_116del,ENST00000644876.2:c.532_534del,ENSP00000494040.1:p.His178del,0.03790856,6.829903e-07,0.029525112000000003,0.256042259,0.3800775389999999,0.551961804,0.9216965909999999,0.021380522000000002,0.000146716,7.929999999999999e-09
urn:mavedb:00000658-f-1#549,g.114C>A,ENST00000644876.2:c.532C>A,ENSP00000494040.1:p.His178Asn,-0.02129141,0.0438261999999999,-0.157276763,-0.2049319389999999,-0.267012942,-0.252922798,0.41757922,0.17814581,0.045344264,0.05597128
urn:mavedb:00000658-f-1#550,g.114C>G,ENST00000644876.2:c.532C>G,ENSP00000494040.1:p.His178Asp,0.008428747,0.3460189,0.015848912,0.054765539,0.0796438459999999,0.1709403739999999,0.953525685,0.729823634,0.525892231,0.068395778
urn:mavedb:00000658-f-1#551,g.114C>T,ENST00000644876.2:c.532C>T,ENSP00000494040.1:p.His178Tyr,-0.0007224005000000001,0.9687795,0.030582441000000002,0.0351846029999999,-0.0190179119999999,0.14320452,0.9285499140000001,0.8930253909999999,0.934410739,0.314687902
urn:mavedb:00000658-f-1#552,g.114_116delinsAAC,ENST00000644876.2:c.532_534delinsAAC,ENSP00000494040.1:p.His178Asn,0.002765582,0.8652588,0.0057882219999999,0.03339597,0.017362598,-0.034501539,0.9905285559999999,0.913986532,0.9494197090000001,0.879959927
urn:mavedb:00000658-f-1#553,g.114_116delinsCCC,ENST00000644876.2:c.533_534delinsCC,ENSP00000494040.1:p.His178Pro,-0.01125427,0.479354,-0.100926439,-0.18816462,-0.128255719,-0.14280571,0.7125504229999999,0.270640087,0.479596732,0.3824218720000001
urn:mavedb:00000658-f-1#554,g.114_116delinsCGG,ENST00000644876.2:c.533_534delinsGG,ENSP00000494040.1:p.His178Arg,-0.0053552109999999,0.6642047,-0.055914197,-0.031707644,-0.115649131,-0.015312761000000001,0.803864942,0.8807566490000001,0.358988944,0.9294186170000001
urn:mavedb:00000658-f-1#555,g.114_116delinsCTG,ENST00000644876.2:c.533_534delinsTG,ENSP00000494040.1:p.His178Leu,-0.001269229,0.9567251,-0.130552116,-0.030715576,-0.063862682,-0.070008883,0.6532540520000001,0.9263764659999999,0.806214346,0.7516369909999999
urn:mavedb:00000658-f-1#556,g.114_116delinsGAC,ENST00000644876.2:c.532_534delinsGAC,ENSP00000494040.1:p.His178Asp,0.006077224,0.5901422,-0.0982990169999999,-0.09750886,-0.002452213,0.1133696719999999,0.56142884,0.494921887,0.9885208209999999,0.325361954
urn:mavedb:00000658-f-1#557,g.114_116delinsTAC,ENST00000644876.2:c.532_534delinsTAC,ENSP00000494040.1:p.His178Tyr,-0.0003260831,0.9884396000000001,-0.07615503700000001,-0.030357585,-0.03272119,-0.22187531100000002,0.70960851,0.888761097,0.8554322440000001,0.030915846
urn:mavedb:00000658-f-1#558,g.115A>C,ENST00000644876.2:c.533A>C,ENSP00000494040.1:p.His178Pro,-0.02066471,0.0067609309999999,-0.202449054,-0.279313498,-0.230577222,-0.29171615,0.069429392,0.003634423,0.019278087,0.0017204339999999999
urn:mavedb:00000658-f-1#559,g.115A>G,ENST00000644876.2:c.533A>G,ENSP00000494040.1:p.His178Arg,0.003513988,0.8094962,0.063710015,0.12304569300000001,0.017265219,0.137174198,0.783320433,0.392618555,0.932077433,0.258754996
urn:mavedb:00000658-f-1#560,g.115A>T,ENST00000644876.2:c.533A>T,ENSP00000494040.1:p.His178Leu,-0.0063529269999999,0.4848181,-0.117769556,-0.100290534,-0.09044867,-0.0061291459999999,0.266818073,0.32306430399999997,0.356391964,0.9664010470000001
urn:mavedb:00000658-f-1#561,g.116T>C,ENST00000644876.2:c.534T>C,ENSP00000494040.1:p.His178=,-0.003415612,0.8309537,-0.0553911109999999,-0.0452139359999999,-0.055124699000000006,-0.20590026,0.854668657,0.856660877,0.7895588509999999,0.12318352099999999
urn:mavedb:00000658-f-1#562,g.116T>A,ENST00000644876.2:c.534T>A,ENSP00000494040.1:p.His178Gln,-0.01793128,0.07173618,-0.09773336,-0.240154388,-0.201327426,-0.1334656669999999,0.6171216939999999,0.033703179,0.081365754,0.284194766
urn:mavedb:00000658-f-1#563,g.116T>G,ENST00000644876.2:c.534T>G,ENSP00000494040.1:p.His178Gln,0.0003974994,0.9788808000000001,-0.002361671,0.0037817840000000003,-0.011766767,-0.013316642,0.99325891,0.9831753590000001,0.9360470040000001,0.920275098
urn:mavedb:00000658-f-1#564,g.117_119del,ENST00000644876.2:c.535_537del,ENSP00000494040.1:p.Ile179del,-0.1117616,0.01197066,-2.118848085,-1.894557429,-1.7090928769999998,-1.538292526,4.15e-09,1.55e-07,7.93e-07,8.81e-06
urn:mavedb:00000658-f-1#565,g.117A>G,ENST00000644876.2:c.535A>G,ENSP00000494040.1:p.Ile179Val,0.02308269,0.0002407209999999,0.098513035,0.142191249,0.255184639,0.329575398,0.492773402,0.177936376,0.0028029070000000003,5.3400000000000004e-05
urn:mavedb:00000658-f-1#566,g.117A>C,ENST00000644876.2:c.535A>C,ENSP00000494040.1:p.Ile179Leu,0.02341287,0.001441942,0.104829172,0.2105024539999999,0.2449271489999999,0.418091066,0.55169038,0.058670314,0.018055306,7.64e-06
urn:mavedb:00000658-f-1#567,g.117A>T,ENST00000644876.2:c.535A>T,ENSP00000494040.1:p.Ile179Phe,0.04530062,1.192402e-12,0.221788017,0.290522503,0.522619553,0.799093265,0.009208081,0.000165251,2.9600000000000005e-13,4.7899999999999994e-30
urn:mavedb:00000658-f-1#568,g.117_119delinsAAC,ENST00000644876.2:c.536_537delinsAC,ENSP00000494040.1:p.Ile179Asn,-0.2784592,1.6775370000000004e-22,-1.59577568,-3.0997353210000003,-3.129187785,-3.3590417610000003,4.22e-10,2.0099999999999997e-30,5.309999999999999e-32,2.1299999999999997e-32
urn:mavedb:00000658-f-1#569,g.117_119delinsACC,ENST00000644876.2:c.536_537delinsCC,ENSP00000494040.1:p.Ile179Thr,0.05664834,1.857481e-36,0.22939705100000002,0.401743705,0.616102018,0.7244560109999999,0.003077924,4.8100000000000006e-09,1.64e-20,4.88e-28
urn:mavedb:00000658-f-1#570,g.117_119delinsAGC,ENST00000644876.2:c.536_537delinsGC,ENSP00000494040.1:p.Ile179Ser,-0.01104644,0.4172996,0.101209755,-0.118003452,-0.071308468,-0.229436865,0.652354942,0.496869128,0.699954037,0.06547048700000001
urn:mavedb:00000658-f-1#571,g.117_119delinsCTG,ENST00000644876.2:c.535_537delinsCTG,ENSP00000494040.1:p.Ile179Leu,0.02121083,0.01447986,0.079416751,0.12681540300000002,0.228574903,0.363676979,0.6896183779999999,0.33772174,0.024651361,7.97e-05
urn:mavedb:00000658-f-1#572,g.117_119delinsGTG,ENST00000644876.2:c.535_537delinsGTG,ENSP00000494040.1:p.Ile179Val,0.03178692,8.619364e-11,0.14986301900000001,0.22366349,0.356438634,0.418578832,0.075170705,0.0014624520000000002,3.82e-08,6.35e-11
urn:mavedb:00000658-f-1#573,g.117_119delinsTTC,ENST00000644876.2:c.535_537delinsTTC,ENSP00000494040.1:p.Ile179Phe,0.05402375,3.000351e-18,0.295530397,0.400594314,0.628820102,0.8474658970000001,0.000493408,3.27e-07,5.2700000000000005e-17,2.3699999999999997e-30
urn:mavedb:00000658-f-1#574,g.118T>C,ENST00000644876.2:c.536T>C,ENSP00000494040.1:p.Ile179Thr,0.05254647,1.802198e-15,0.255240852,0.371129215,0.592071638,0.7597214590000001,0.004553728,5.0999999999999995e-06,2.2e-14,4.0899999999999997e-23
urn:mavedb:00000658-f-1#575,g.118T>A,ENST00000644876.2:c.536T>A,ENSP00000494040.1:p.Ile179Asn,-0.20253970000000002,3.1473699999999996e-13,-1.4049257290000001,-2.391431211,-2.174120537,-2.2314485680000002,2.3300000000000007e-18,1.2099999999999998e-43,1.37e-38,1.4699999999999999e-38
urn:mavedb:00000658-f-1#576,g.118T>G,ENST00000644876.2:c.536T>G,ENSP00000494040.1:p.Ile179Ser,-0.01228757,0.44897250000000005,0.297223124,0.12104542800000001,-0.0913431419999999,-0.2688717969999999,0.076642152,0.597903978,0.687099564,0.083340528
urn:mavedb:00000658-f-1#577,g.118_130delinsCTCACACTTTCAA,NA,NA,-0.2864021,0.000133755,-3.679287207,-3.282486799,-3.4625011910000003,-3.009361417,1.14e-07,1.73e-06,3.7299999999999997e-07,1.09e-05
urn:mavedb:00000658-f-1#578,g.119T>C,ENST00000644876.2:c.537T>C,ENSP00000494040.1:p.Ile179=,0.0050748320000000005,0.5897715,0.0573343029999999,0.045433681,0.051903867,-0.007160713000000001,0.7545851290000001,0.77795126,0.69921338,0.964868121
urn:mavedb:00000658-f-1#579,g.119T>A,ENST00000644876.2:c.537T>A,ENSP00000494040.1:p.Ile179=,0.0053207659999999,0.6179988000000001,0.0289953729999999,0.0380681,0.051616399,0.0509791059999999,0.9199116759999999,0.856770719,0.76082844,0.7316095770000001
urn:mavedb:00000658-f-1#580,g.119T>G,ENST00000644876.2:c.537T>G,ENSP00000494040.1:p.Ile179Met,0.02343774,0.001738706,0.1170967409999999,0.231717786,0.24442643600000002,0.354249546,0.4198353520000001,0.017291345,0.009359183,5.04e-05
urn:mavedb:00000658-f-1#581,g.120_122del,ENST00000644876.2:c.538_540del,ENSP00000494040.1:p.Glu180del,-0.1658079,0.0004788318,-2.4610592469999997,-1.9369386990000002,-2.09045359,-1.411058937,2.3399999999999998e-09,1.19e-06,1.1800000000000001e-07,0.000412036
urn:mavedb:00000658-f-1#582,g.120G>C,ENST00000644876.2:c.538G>C,ENSP00000494040.1:p.Glu180Gln,0.0228416,0.007708399,0.0553017529999999,0.135193491,0.23205672100000002,0.255468648,0.829076555,0.34436791200000005,0.037312187999999996,0.016927056
urn:mavedb:00000658-f-1#583,g.120G>A,ENST00000644876.2:c.538G>A,ENSP00000494040.1:p.Glu180Lys,0.01980514,0.004625364,0.234130742,0.218106936,0.250671046,0.2625727519999999,0.007560929,0.010975148,0.001982008,0.001052482
urn:mavedb:00000658-f-1#584,g.120G>T,ENST00000644876.2:c.538G>T,ENSP00000494040.1:p.Glu180Ter,-0.2564887,2.3627770000000002e-11,-2.4881013640000003,-2.926722199,-2.90356734,-2.778261648,8.89e-59,1.9399999999999997e-73,9.279999999999995e-76,3.589999999999998e-69
urn:mavedb:00000658-f-1#585,g.120_122delinsAAG,ENST00000644876.2:c.538_540delinsAAG,ENSP00000494040.1:p.Glu180Lys,0.02344455,0.0002233487,0.0702642929999999,0.135957683,0.247035962,0.3865115179999999,0.675221009,0.185365052,0.002711849,5.17e-07
urn:mavedb:00000658-f-1#586,g.120_122delinsCAG,ENST00000644876.2:c.538_540delinsCAG,ENSP00000494040.1:p.Glu180Gln,0.01984792,0.0005061648000000001,0.136757991,0.134216815,0.22422735800000002,0.192317803,0.248596075,0.210725302,0.010205478,0.030710888999999998
urn:mavedb:00000658-f-1#587,g.120_122delinsGCC,ENST00000644876.2:c.539_540delinsCC,ENSP00000494040.1:p.Glu180Ala,0.02754255,0.001158498,0.18300908100000002,0.258677461,0.303794092,0.41422978200000005,0.179926295,0.019008899,0.003408858,2.44e-05
urn:mavedb:00000658-f-1#588,g.120_122delinsGGC,ENST00000644876.2:c.539_540delinsGC,ENSP00000494040.1:p.Glu180Gly,0.02924404,2.8841740000000005e-05,0.20579777800000001,0.244930068,0.34544967,0.476619012,0.027057715,0.0038215479999999997,1.04e-05,3.6600000000000003e-10
urn:mavedb:00000658-f-1#589,g.120_122delinsGTG,ENST00000644876.2:c.539_540delinsTG,ENSP00000494040.1:p.Glu180Val,0.03723779,1.3208e-09,0.19030607600000002,0.244087663,0.431029561,0.505305839,0.064435578,0.006656606,8.269999999999999e-08,2.06e-10
urn:mavedb:00000658-f-1#590,g.120_122delinsTGA,ENST00000644876.2:c.538_539delinsTG,ENSP00000494040.1:p.Glu180Ter,-0.3571753,1.280579e-07,-3.9092229019999998,-4.314629165,-4.340495446,-3.831554384,1e-28,9.369999999999999e-32,2.3e-31,1.6300000000000002e-25
urn:mavedb:00000658-f-1#591,g.121A>C,ENST00000644876.2:c.539A>C,ENSP00000494040.1:p.Glu180Ala,0.01840637,0.07180536,-0.0523100309999999,0.145152552,0.164261031,0.301977198,0.838328472,0.289808677,0.18349091399999998,0.0033025159999999997
urn:mavedb:00000658-f-1#592,g.121A>G,ENST00000644876.2:c.539A>G,ENSP00000494040.1:p.Glu180Gly,0.02035623,0.001733125,0.09924846,0.1511232019999999,0.20259332600000002,0.325791245,0.42451843799999994,0.095827497,0.011119802,8.94e-06
urn:mavedb:00000658-f-1#593,g.121A>T,ENST00000644876.2:c.539A>T,ENSP00000494040.1:p.Glu180Val,0.0002330098,0.9944084000000001,0.265033775,0.09817631,0.057702663,0.080339704,0.225205173,0.739123605,0.8459570590000001,0.736640987
urn:mavedb:00000658-f-1#594,g.122A>G,ENST00000644876.2:c.540A>G,ENSP00000494040.1:p.Glu180=,0.0026227259999999,0.8788433000000001,-0.007654729,0.111043475,-0.02325833,0.034378893,0.9837446470000001,0.525195529,0.9156877859999999,0.85355614
urn:mavedb:00000658-f-1#595,g.122A>C,ENST00000644876.2:c.540A>C,ENSP00000494040.1:p.Glu180Asp,0.01419117,0.09896293,0.005250823000000001,-0.000848235,0.163395796,0.1178860519999999,0.9860473209999999,0.996149354,0.098910938,0.260904932
urn:mavedb:00000658-f-1#596,g.122A>T,ENST00000644876.2:c.540A>T,ENSP00000494040.1:p.Glu180Asp,0.01004616,0.133848,0.0825064309999999,0.08401761,0.1075649069999999,0.1224670269999999,0.4903191870000001,0.410033315,0.209215997,0.122731569
urn:mavedb:00000658-f-1#597,g.123_125del,ENST00000644876.2:c.541_543del,ENSP00000494040.1:p.Ser181del,-0.1247677,0.07517077,-1.693162337,-1.619684795,-1.322610804,-0.748080548,0.060431137999999995,0.061289538,0.137727421,0.448305933
urn:mavedb:00000658-f-1#598,g.123A>C,ENST00000644876.2:c.541A>C,ENSP00000494040.1:p.Ser181Arg,0.009629983,0.2499853,-0.062635001,0.0465929059999999,0.084980075,0.239104767,0.709660855,0.7535917059999999,0.428527261,0.002101902
urn:mavedb:00000658-f-1#599,g.123A>G,ENST00000644876.2:c.541A>G,ENSP00000494040.1:p.Ser181Gly,0.005092881,0.7166104999999999,-0.1401369569999999,0.024765801,-0.028908047000000003,0.077784929,0.288619984,0.904320056,0.864992694,0.519410839
urn:mavedb:00000658-f-1#600,g.123A>T,ENST00000644876.2:c.541A>T,ENSP00000494040.1:p.Ser181Cys,0.005660473,0.6671611999999999,0.080008612,-0.043295234,0.050712833,-0.012732033,0.758060837,0.86387287,0.807861046,0.955519597
urn:mavedb:00000658-f-1#601,g.123_125delinsAAC,ENST00000644876.2:c.542_543delinsAC,ENSP00000494040.1:p.Ser181Asn,0.002413858,0.8521889000000001,-0.004206935,0.049185729000000004,0.010390891,0.058204552,0.98999615,0.79106598,0.956585894,0.669615528
urn:mavedb:00000658-f-1#602,g.123_125delinsACC,ENST00000644876.2:c.542_543delinsCC,ENSP00000494040.1:p.Ser181Thr,0.0001832487,0.9921916,-0.0066690319999999,0.079225453,-0.034359585,0.011080808000000001,0.983149408,0.599272258,0.840178995,0.949685012
urn:mavedb:00000658-f-1#603,g.123_125delinsATC,ENST00000644876.2:c.542_543delinsTC,ENSP00000494040.1:p.Ser181Ile,0.01868729,0.02341771,0.017749446000000002,0.152073863,0.170462951,0.188861083,0.9513136759999999,0.19465935,0.11089165699999999,0.06161626
urn:mavedb:00000658-f-1#604,g.123_125delinsGGC,ENST00000644876.2:c.541_543delinsGGC,ENSP00000494040.1:p.Ser181Gly,0.006400769000000001,0.5690015,-0.0074670280000000006,0.031534205,0.056835517,0.062485179,0.9819578990000001,0.887157677,0.728282722,0.658858314
urn:mavedb:00000658-f-1#605,g.123_125delinsTCA,ENST00000644876.2:c.541_543delinsTCA,ENSP00000494040.1:p.Ser181=,-0.01004388,0.3971143,-0.116221981,-0.192061211,-0.139406665,-0.135041024,0.526246619,0.13057310800000002,0.29958167399999996,0.294460225
urn:mavedb:00000658-f-1#606,g.123_125delinsTCC,ENST00000644876.2:c.541_543delinsTCC,ENSP00000494040.1:p.Ser181=,0.01859483,0.1545635,-0.060880391,0.053783153,0.179223511,0.1905847789999999,0.8552996909999999,0.842935415,0.269104322,0.208698183
urn:mavedb:00000658-f-1#607,g.123_125delinsTCG,ENST00000644876.2:c.541_543delinsTCG,ENSP00000494040.1:p.Ser181=,0.006501784,0.6697441,-0.0016323379999999,0.022679868,0.054702891,-0.02795239,0.9957705609999999,0.9374319240000001,0.803414697,0.894888936
urn:mavedb:00000658-f-1#608,g.123_125delinsTCT,ENST00000644876.2:c.541_542delinsTC,ENSP00000494040.1:p.Ser181=,0.0015617979999999,0.953866,-0.013514328,-0.022561485,0.006113004,-0.042349763,0.979418647,0.9533958770000001,0.9843749190000001,0.8733116190000001
urn:mavedb:00000658-f-1#609,g.123_125delinsTGC,ENST00000644876.2:c.541_543delinsTGC,ENSP00000494040.1:p.Ser181Cys,-0.01454818,0.2168551,-0.267271511,-0.1739803039999999,-0.228159234,-0.16639663,0.008575974,0.119021819,0.021457924,0.112182321
urn:mavedb:00000658-f-1#610,g.124G>C,ENST00000644876.2:c.542G>C,ENSP00000494040.1:p.Ser181Thr,0.0063376380000000005,0.6473971,0.08880557800000001,0.050837479000000005,0.054118205,-0.012446298,0.7277378320000001,0.835273574,0.791809379,0.9567741820000001
urn:mavedb:00000658-f-1#611,g.124G>A,ENST00000644876.2:c.542G>A,ENSP00000494040.1:p.Ser181Asn,-0.0003339636,0.98541,0.1133960119999999,0.107271305,0.0112767999999999,-0.037849888,0.501392608,0.46888774,0.9552074759999999,0.809559151
urn:mavedb:00000658-f-1#612,g.124G>T,ENST00000644876.2:c.542G>T,ENSP00000494040.1:p.Ser181Ile,0.03090008,0.004283487,0.266423807,0.38730273600000004,0.376482382,0.428906859,0.074478183,0.002139064,0.002599807,0.000406008
urn:mavedb:00000658-f-1#613,g.125T>C,ENST00000644876.2:c.543T>C,ENSP00000494040.1:p.Ser181=,0.003962601,0.8159042,0.011150367,0.053782422,0.0248110979999999,0.020841644,0.9768905659999999,0.825228359,0.9144481170000001,0.920564196
urn:mavedb:00000658-f-1#614,g.125T>G,ENST00000644876.2:c.543T>G,ENSP00000494040.1:p.Ser181Arg,-0.005316125,0.7346228,0.076555871,0.0152187789999999,-0.046774808,-0.0073590309999999,0.7927277309999999,0.9616056829999999,0.8411963259999999,0.97675628
urn:mavedb:00000658-f-1#615,g.125T>A,ENST00000644876.2:c.543T>A,ENSP00000494040.1:p.Ser181Arg,0.0009465712,0.9538039,-0.058098004,-0.053648408,-0.028316585,0.134197313,0.7883358,0.765430195,0.872786301,0.22434122199999998
urn:mavedb:00000658-f-1#616,g.126_127del,ENST00000644876.2:c.543+2_543+3del,NA,-0.3135051,8.318133e-05,-3.878970845,-4.073458618,-3.62502277,-3.787112255,6.56e-20,6.300000000000001e-22,1.01e-18,1.24e-19
urn:mavedb:00000658-f-1#617,g.126G>A,ENST00000644876.2:c.543+1G>A,NA,-0.21445830000000002,5.283088e-06,-2.58544233,-2.646846995,-2.539849393,-2.342108486,1.63e-32,1.14e-34,3.76e-33,1.53e-28
urn:mavedb:00000658-f-1#618,g.126G>T,ENST00000644876.2:c.543+1G>T,NA,-0.2181415,7.975536e-06,-2.461841051,-2.5853926069999997,-2.579411849,-2.576875732,1.88e-10,1.34e-11,1.1199999999999999e-11,1.2099999999999999e-11
urn:mavedb:00000658-f-1#619,g.126G>C,ENST00000644876.2:c.543+1G>C,NA,-0.2806405,3.717101e-09,-2.735554537,-3.350919754,-3.206998535,-3.207939395,5.02e-37,8.149999999999996e-51,1.2699999999999994e-48,1.19e-47
urn:mavedb:00000658-f-1#620,g.127T>C,ENST00000644876.2:c.543+2T>C,NA,0.06377693,9.752125e-11,0.048346825,0.236347875,0.45048293100000003,0.6064386039999999,0.87626318,0.0753722959999999,4.8599999999999995e-05,1.71e-08
urn:mavedb:00000658-f-1#621,g.127T>A,ENST00000644876.2:c.543+2T>A,NA,-0.2130118,2.2644929999999998e-31,-1.219687424,-1.84483325,-2.385846125,-2.5360785669999997,5.780000000000001e-12,1.17e-25,8.18e-40,1.28e-41
urn:mavedb:00000658-f-1#622,g.127T>G,ENST00000644876.2:c.543+2T>G,NA,-0.2161564,1.8871920000000002e-11,-1.853364706,-2.497206728,-2.434481594,-2.308636372,8.26e-18,2.24e-29,6.42e-29,4.41e-26
urn:mavedb:00000658-f-1#623,g.128_129del,ENST00000644876.2:c.543+4_543+5del,NA,-0.2961348,1.561279e-06,-3.1962199339999997,-3.62147559,-3.302001413,-3.2055538610000003,2.26e-24,9.729999999999999e-30,8.630000000000001e-27,4.15e-25
urn:mavedb:00000658-f-1#624,g.128G>A,ENST00000644876.2:c.543+3G>A,NA,-0.00744713,0.6628932,-0.0075379919999999,-0.0876947669999999,-0.077089523,-0.109186546,0.986821903,0.723256259,0.733109337,0.556162921
urn:mavedb:00000658-f-1#625,g.128G>T,ENST00000644876.2:c.543+3G>T,NA,0.05972615,5.209751e-11,-0.311466437,-0.070175177,0.06559575200000001,0.265177648,0.007958386,0.7226536290000001,0.707709516,0.015483653
urn:mavedb:00000658-f-1#626,g.128G>C,ENST00000644876.2:c.543+3G>C,NA,0.05148939,0.00292347,-0.28137685100000004,0.020299863,0.145218536,0.28240688,0.333767698,0.965883025,0.627189795,0.211917889
urn:mavedb:00000658-f-1#627,g.129A>C,ENST00000644876.2:c.543+4A>C,NA,-0.01086682,0.431738,0.172008527,-0.108805938,-0.20916467,-0.593699462,0.314422162,0.559335966,0.12379407699999999,1.33e-07
urn:mavedb:00000658-f-1#628,g.129A>G,ENST00000644876.2:c.543+4A>G,NA,0.0083913759999999,0.5328494,-0.508833038,-0.36189518200000004,-0.353134271,-0.26077490600000003,3.3299999999999995e-09,3.3299999999999996e-05,3.4399999999999996e-05,0.003214382
urn:mavedb:00000658-f-1#629,g.129A>T,ENST00000644876.2:c.543+4A>T,NA,0.04098653,9.381961999999999e-11,0.039237297000000004,0.175029679,0.34862482100000003,0.5991270879999999,0.856241073,0.066004624,1.04e-05,1.45e-15
urn:mavedb:00000658-f-1#630,g.130_131del,ENST00000644876.2:c.543+5_543+6del,NA,-0.3395397,5.537423e-07,-3.59773076,-3.7903481869999998,-3.946306432,-4.046809018,4.79e-15,8.83e-17,6.23e-18,1.3299999999999999e-18
urn:mavedb:00000658-f-1#631,g.130G>A,ENST00000644876.2:c.543+5G>A,NA,-0.14942460000000002,1.798735e-05,-1.86336532,-2.118062676,-1.794560323,-1.762293374,9.510000000000002e-26,2.5699999999999997e-32,3.6599999999999997e-25,5.78e-24
urn:mavedb:00000658-f-1#632,g.130G>T,ENST00000644876.2:c.543+5G>T,NA,-0.1472941,9.937528e-06,-1.748510763,-2.0508073,-1.750464775,-1.8067413140000002,3.79e-29,8.229999999999998e-39,2.15e-30,1.68e-31
urn:mavedb:00000658-f-1#633,g.130G>C,ENST00000644876.2:c.543+5G>C,NA,-0.10598410000000001,3.035034e-08,-1.160381659,-1.19392896,-1.287845377,-1.233674808,1.14e-19,3.510000000000001e-21,1.6100000000000002e-24,2.0200000000000002e-22
urn:mavedb:00000658-f-1#634,g.131T>C,ENST00000644876.2:c.543+6T>C,NA,0.02240856,0.005953427,-0.269879769,-0.21721853600000002,-0.167324642,0.095082454,0.022368232000000002,0.074321902,0.186929202,0.49812955600000003
urn:mavedb:00000658-f-1#635,g.131T>A,ENST00000644876.2:c.543+6T>A,NA,0.00045194870000000005,0.9839635,-0.4878130639999999,-0.4736575979999999,-0.572259773,-0.335627699,3.2e-07,4.879999999999999e-07,7.190000000000001e-10,0.000559851
urn:mavedb:00000658-f-1#636,g.131T>G,ENST00000644876.2:c.543+6T>G,NA,-0.2407659999999999,8.701898e-08,-2.21848618,-2.756400227,-2.740140887,-2.456188312,1.66e-14,3.13e-21,6.6300000000000006e-21,3.27e-17
urn:mavedb:00000658-f-1#637,g.132_133del,ENST00000644876.2:c.543+7_543+8del,NA,0.03523257,1.165422e-05,0.152424519,0.325473685,0.43367494,0.654721384,0.406280065,0.007120963,0.000112228,1.01e-09
urn:mavedb:00000658-f-1#638,g.132A>G,ENST00000644876.2:c.543+7A>G,NA,0.01733178,0.01519341,0.162405689,0.179801903,0.194150391,0.274647975,0.13660001,0.064035393,0.034805285,0.001130489
urn:mavedb:00000658-f-1#639,g.132A>C,ENST00000644876.2:c.543+7A>C,NA,0.00937154,0.2564737,-0.016436196,0.061104955,0.032430436,0.1507142999999999,0.945317814,0.645298724,0.8161901,0.07580500700000001
urn:mavedb:00000658-f-1#640,g.132A>T,ENST00000644876.2:c.543+7A>T,NA,0.02320591,0.06055948,0.002304482,0.125625971,0.239954433,0.34338064100000004,0.9957705609999999,0.576505859,0.141749273,0.017273465
urn:mavedb:00000658-f-1#641,g.133T>C,ENST00000644876.2:c.543+8T>C,NA,-0.002265984,0.8728992,-0.030694017,0.0216842379999999,-0.056791089,0.032031222000000005,0.905723666,0.916983305,0.706327171,0.829152123
urn:mavedb:00000658-f-1#642,g.133T>A,ENST00000644876.2:c.543+8T>A,NA,-0.01151539,0.2500288,-0.037772348,-0.1128602859999999,-0.130731924,-0.061899034000000006,0.8885738390000001,0.437485389,0.30183546899999997,0.664130286
urn:mavedb:00000658-f-1#643,g.133T>G,ENST00000644876.2:c.543+8T>G,NA,0.005451931,0.7443849,-0.006107566,0.017210696,0.047885204,0.056050952,0.9897904609999999,0.958694577,0.848461713,0.788863654
urn:mavedb:00000658-f-1#644,g.134_135del,ENST00000644876.2:c.543+11_543+12del,NA,0.00543218,0.82937,-0.1168585509999999,-0.06102954,0.028584927000000003,-0.043608852000000004,0.772888373,0.876877655,0.9360470040000001,0.885469191
urn:mavedb:00000658-f-1#645,g.134T>A,ENST00000644876.2:c.543+9T>A,NA,0.00527174,0.8095909,-0.119872134,0.0188573769999999,-0.00020743900000000002,0.09674706300000001,0.7334639759999999,0.9624895520000001,0.999526472,0.675830725
urn:mavedb:00000658-f-1#646,g.134T>C,ENST00000644876.2:c.543+9T>C,NA,0.01418615,0.2508631,-0.045630494,0.145446223,0.10537916,-0.011239611000000002,0.898828697,0.44126546899999997,0.586217318,0.964625684
urn:mavedb:00000658-f-1#647,g.134T>G,ENST00000644876.2:c.543+9T>G,NA,-0.003606238,0.7679201,-0.038435315,-0.007480284,-0.0604128529999999,-0.044360088,0.87260336,0.9725559970000001,0.674063258,0.743539081
urn:mavedb:00000658-f-1#648,g.135T>A,ENST00000644876.2:c.543+10T>A,NA,-0.00822862,0.3848523,-0.0488531309999999,-0.0771207959999999,-0.099152059,-0.125654058,0.8304210940000001,0.61543701,0.435074435,0.259948887
urn:mavedb:00000658-f-1#649,g.135T>C,ENST00000644876.2:c.543+10T>C,NA,-0.01208589,0.10699480000000001,-0.0139809539999999,-0.08456510800000001,-0.13406044,-0.149900654,0.9579731979999999,0.517970677,0.18841398199999998,0.115713195
urn:mavedb:00000658-f-1#650,g.135T>G,ENST00000644876.2:c.543+10T>G,NA,0.01711519,0.04861278,0.168493859,0.166586273,0.20609877,0.19019232100000003,0.198309172,0.1631756419999999,0.05191982,0.072758162
urn:mavedb:00000658-f-1#651,g.136T>C,ENST00000644876.2:c.543+11T>C,NA,-0.003847541,0.7747202,-0.036260231000000004,-0.077571831,-0.0476916259999999,-0.053974269000000005,0.891895993,0.641511865,0.777153713,0.7059612690000001
urn:mavedb:00000658-f-1#652,g.136T>A,ENST00000644876.2:c.543+11T>A,NA,-0.0084877559999999,0.48464670000000004,-0.041726883,-0.144923051,-0.082557555,-0.148068654,0.868969937,0.246258295,0.5618488970000001,0.18681346
urn:mavedb:00000658-f-1#653,g.136T>G,ENST00000644876.2:c.543+11T>G,NA,-0.01265308,0.2168273999999999,-0.12025580300000001,0.025407162,-0.21639566300000002,-0.106856035,0.338689433,0.891355408,0.01342281,0.29606027
urn:mavedb:00000658-f-1#654,g.137T>A,ENST00000644876.2:c.543+12T>A,NA,-0.008641177,0.5912972,0.010647387,-0.146419609,-0.076286929,-0.074095367,0.980190151,0.443482263,0.720299184,0.693971905
urn:mavedb:00000658-f-1#655,g.137T>G,ENST00000644876.2:c.543+12T>G,NA,0.00226675,0.9111937,0.125567351,0.038451518,0.0503476,-0.066579175,0.6072500679999999,0.896076697,0.829994468,0.7321405320000001
urn:mavedb:00000658-f-1#656,g.137T>C,ENST00000644876.2:c.543+12T>C,NA,-0.009059387,0.573471,0.072204192,-0.136797453,-0.08852609300000001,-0.074035444,0.829348587,0.520212522,0.688930461,0.713288209
urn:mavedb:00000658-f-1#657,g.138_139del,ENST00000644876.2:c.543+13_543+14del,NA,-0.008682632,0.5643229999999999,-0.0436207709999999,0.036773361,-0.153215238,-0.13408704300000002,0.901398727,0.8971634740000001,0.357072971,0.40738293200000003
urn:mavedb:00000658-f-1#658,g.138G>C,ENST00000644876.2:c.543+13G>C,NA,-0.004374412,0.8001241,-0.103395446,-0.130892849,-0.057809711,-0.207711442,0.57284031,0.345638039,0.72499428,0.057304312
urn:mavedb:00000658-f-1#659,g.138G>T,ENST00000644876.2:c.543+13G>T,NA,-0.0011272580000000001,0.9533197,0.224231963,0.149255176,0.009472675,-0.032718019,0.082018505,0.295081059,0.964363108,0.8544918840000001
urn:mavedb:00000658-f-1#660,g.138G>A,ENST00000644876.2:c.543+13G>A,NA,-0.0039617659999999,0.7617368,-0.034253497,-0.0006841369999999,-0.0650498779999999,-0.07046585,0.902425637,0.997275983,0.68469071,0.615677661
urn:mavedb:00000658-f-1#661,g.139C>A,ENST00000644876.2:c.543+14C>A,NA,-0.01590565,0.1040724,0.008398682,-0.03381159,-0.1933804539999999,-0.16902474,0.9844193179999999,0.906272638,0.21416335399999997,0.273401612
urn:mavedb:00000658-f-1#662,g.139C>G,ENST00000644876.2:c.543+14C>G,NA,0.02894248,0.0007177852,0.2015198789999999,0.264887269,0.324239875,0.127864451,0.24668949399999998,0.058967114,0.011744873000000001,0.427378114
urn:mavedb:00000658-f-1#663,g.139C>T,ENST00000644876.2:c.543+14C>T,NA,-0.0076950169999999,0.5968336,-0.166239428,-0.057749459,-0.1608801319999999,-0.117226618,0.331512648,0.7985973359999999,0.259999296,0.426749858
urn:mavedb:00000658-f-1#664,g.140T>A,ENST00000644876.2:c.543+15T>A,NA,0.003180695,0.8574729,-0.169712114,-0.086741326,-0.0545116659999999,0.0032998759999999,0.422674369,0.71865523,0.818131937,0.989936516
urn:mavedb:00000658-f-1#665,g.140T>G,ENST00000644876.2:c.543+15T>G,NA,0.01312487,0.11469870000000001,0.041105952,0.136859078,0.12084708400000001,0.146874554,0.8876224859999999,0.35359259,0.40115520299999996,0.248394155
urn:mavedb:00000658-f-1#666,g.140T>C,ENST00000644876.2:c.543+15T>C,NA,0.009704219,0.223154,0.084139724,0.09475040800000001,0.10822622,0.166817272,0.5997241010000001,0.453940076,0.32531040899999997,0.071900075
