accession,hgvs_nt,hgvs_splice,hgvs_pro,score,cLFC_trend_BH_FDR,D7_combined_LFC,D11_combined_LFC,D15_combined_LFC,D21_combined_LFC,cLFCd7_BH_FDR,cLFCd11_BH_FDR,cLFCd15_BH_FDR,cLFCd21_BH_FDR
urn:mavedb:00000658-p-1#1,g.1_2del,ENST00000644876.2:c.1770-16_1770-14del,NA,-0.0081577519999999,0.7421293999999999,0.2516062739999999,-0.051635047,0.00780398,0.037141281,0.340514249,0.8976591620000001,0.98285055,0.90236949
urn:mavedb:00000658-p-1#2,g.1A>T,ENST00000644876.2:c.1770-18A>T,NA,0.008307097,0.8130470000000001,0.069206137,0.030595079,0.057913023,0.34793725600000003,0.9316840809999999,0.9646389940000001,0.9141357309999999,0.29510071600000004
urn:mavedb:00000658-p-1#3,g.1A>C,ENST00000644876.2:c.1770-18A>C,NA,-0.002274122,0.8847144,0.00811925,-0.0033261329999999,-0.0154421219999999,-0.033028884,0.981642305,0.9896303340000001,0.940568953,0.8485287970000001
urn:mavedb:00000658-p-1#4,g.1A>G,ENST00000644876.2:c.1770-18A>G,NA,-0.008456778,0.7344803000000001,-0.156187291,-0.025359831,-0.149643277,-0.160701868,0.681375655,0.954628637,0.589796421,0.515007213
urn:mavedb:00000658-p-1#5,g.2T>C,ENST00000644876.2:c.1770-17T>C,NA,-0.00644716,0.7267865,-0.2386945589999999,-0.18023743,-0.138052068,-0.1303654159999999,0.095229215,0.21557967600000003,0.36212525799999995,0.36686214899999997
urn:mavedb:00000658-p-1#6,g.2T>A,ENST00000644876.2:c.1770-17T>A,NA,-0.02117066,0.3666541,-0.234042958,0.040162682000000005,-0.304749913,-0.14215360000000002,0.525594644,0.931992704,0.24187876100000003,0.628407127
urn:mavedb:00000658-p-1#7,g.2T>G,ENST00000644876.2:c.1770-17T>G,NA,0.0005108501999999,0.9892639999999999,0.0354031339999999,-0.002863713,0.04544158400000001,0.02211346,0.954201713,0.9949052359999999,0.904441279,0.953641904
urn:mavedb:00000658-p-1#8,g.3_4del,ENST00000644876.2:c.1770-16_1770-15del,NA,-0.02126388,0.2655737,0.0300195989999999,0.017927231000000002,-0.251808009,-0.304986689,0.963341645,0.9704145940000001,0.331325827,0.187707012
urn:mavedb:00000658-p-1#9,g.3A>T,ENST00000644876.2:c.1770-16A>T,NA,0.0075525209999999,0.7508439,0.072667421,0.026765527,0.113801924,0.214664083,0.877940285,0.9492327559999999,0.685407875,0.316793297
urn:mavedb:00000658-p-1#10,g.3A>G,ENST00000644876.2:c.1770-16A>G,NA,0.003608311,0.8963749,0.009296836,0.0264057389999999,0.062344684000000004,-0.059272081,0.9882589490000001,0.9533958770000001,0.85717006,0.845957938
urn:mavedb:00000658-p-1#11,g.3A>C,ENST00000644876.2:c.1770-16A>C,NA,-0.004590075,0.8132791,-0.191208386,-0.0902398609999999,-0.083494848,0.111696352,0.288020989,0.671434676,0.665405406,0.488915449
urn:mavedb:00000658-p-1#12,g.4A>T,ENST00000644876.2:c.1770-15A>T,NA,-0.01760913,0.3670695,-0.171879025,-0.1168917269999999,-0.233033557,-0.158859012,0.630415093,0.7256626690000001,0.326976059,0.516523147
urn:mavedb:00000658-p-1#13,g.4A>C,ENST00000644876.2:c.1770-15A>C,NA,0.00834005,0.48294560000000003,0.05949003,0.11601533800000001,0.091547721,0.07862691,0.8039402609999999,0.42342629600000004,0.529903835,0.5675179779999999
urn:mavedb:00000658-p-1#14,g.4A>G,ENST00000644876.2:c.1770-15A>G,NA,0.0006629941999999,0.9796001,-0.038871679,-0.023596947000000004,0.01042793,-0.195318545,0.92230239,0.941288672,0.969365952,0.237975214
urn:mavedb:00000658-p-1#15,g.5_6del,ENST00000644876.2:c.1770-9_1770-8del,NA,0.0244562,0.1103262,-0.0432924009999999,0.1797411089999999,0.23079773,0.164818641,0.9413611620000001,0.557993575,0.367995684,0.525914824
urn:mavedb:00000658-p-1#16,g.5T>C,ENST00000644876.2:c.1770-14T>C,NA,-0.005013895,0.7652979999999999,-0.14594079,-0.062423244,-0.079537963,-0.172412662,0.48152770899999997,0.796897675,0.687339041,0.239099018
urn:mavedb:00000658-p-1#17,g.5T>A,ENST00000644876.2:c.1770-14T>A,NA,-0.009885745,0.5665299,0.063420434,-0.081907201,-0.06581886,-0.10864341400000001,0.8494835559999999,0.7351723109999999,0.772429861,0.545598178
urn:mavedb:00000658-p-1#18,g.5T>G,ENST00000644876.2:c.1770-14T>G,NA,-0.004617638,0.8130470000000001,-0.0848883709999999,-0.074004405,-0.05818307,-0.133937102,0.786422727,0.779388273,0.8109897690000001,0.453432509
urn:mavedb:00000658-p-1#19,g.6T>C,ENST00000644876.2:c.1770-13T>C,NA,-0.00711682,0.6268752,-0.013770565,-0.0135868969999999,-0.049108009,-0.129621479,0.9734249859999999,0.964815547,0.8266244009999999,0.419161703
urn:mavedb:00000658-p-1#20,g.6T>G,ENST00000644876.2:c.1770-13T>G,NA,0.01327283,0.5538443000000001,0.016554176,0.101338455,0.146084767,0.130354831,0.979017123,0.78231308,0.611302437,0.622190415
urn:mavedb:00000658-p-1#21,g.6T>A,ENST00000644876.2:c.1770-13T>A,NA,-0.0036771940000000004,0.9114601999999999,-0.085078276,0.027117627000000002,-0.082941622,0.046820785,0.878564859,0.9569949640000001,0.824276215,0.8932476359999999
urn:mavedb:00000658-p-1#22,g.7T>C,ENST00000644876.2:c.1770-12T>C,NA,0.01222,0.2002579,0.106822519,0.1180630459999999,0.151270582,0.18572502,0.6005939060000001,0.460266846,0.26205856899999996,0.126296529
urn:mavedb:00000658-p-1#23,g.7T>G,ENST00000644876.2:c.1770-12T>G,NA,0.006214163000000001,0.7149127,-0.208751418,-0.011735901000000002,-0.067512566,-0.0019013729999999,0.08175692700000001,0.96103265,0.656287859,0.991943013
urn:mavedb:00000658-p-1#24,g.7T>A,ENST00000644876.2:c.1770-12T>A,NA,-0.001631987,0.963231,-0.206344203,-0.243794442,-0.066346826,-0.048332597000000005,0.584692996,0.40074624799999997,0.8610040059999999,0.8870188529999999
urn:mavedb:00000658-p-1#25,g.8T>C,ENST00000644876.2:c.1770-11T>C,NA,-0.005344946,0.7926962,-0.294755162,-0.133035242,-0.078989461,-0.078402729,0.019225726999999998,0.39285433200000003,0.643449743,0.611638041
urn:mavedb:00000658-p-1#26,g.8T>G,ENST00000644876.2:c.1770-11T>G,NA,-0.009613525,0.5579581,-0.067391123,-0.12102922,-0.09614509,-0.048182845,0.8657283240000001,0.63940405,0.6965750270000001,0.8471111290000001
urn:mavedb:00000658-p-1#27,g.8T>A,ENST00000644876.2:c.1770-11T>A,NA,0.004923127,0.8652588,0.142363503,0.292447705,0.0424687859999999,0.143232167,0.7522473609999999,0.273463526,0.9156877859999999,0.616501824
urn:mavedb:00000658-p-1#28,g.9T>C,ENST00000644876.2:c.1770-10T>C,NA,-0.01009902,0.5028437,-0.008085915,-0.031914693,-0.141875467,-0.09947589300000001,0.989148233,0.931992704,0.565044106,0.676829272
urn:mavedb:00000658-p-1#29,g.9T>G,ENST00000644876.2:c.1770-10T>G,NA,0.01643321,0.4051792999999999,0.008195475,-0.0027904229999999,0.2081031019999999,-0.176982303,0.989309575,0.994584433,0.357362378,0.43360347299999996
urn:mavedb:00000658-p-1#30,g.9T>A,ENST00000644876.2:c.1770-10T>A,NA,-0.005700946,0.7648136999999999,0.050827962000000004,0.08879634900000001,-0.082430518,-0.12323324,0.9090916240000001,0.768836793,0.7611727420000001,0.5715908160000001
urn:mavedb:00000658-p-1#31,g.10T>C,ENST00000644876.2:c.1770-9T>C,NA,0.01212498,0.6177988,0.143322451,0.146796816,0.165876821,0.268629052,0.7937602420000001,0.735963775,0.655644345,0.365979359
urn:mavedb:00000658-p-1#32,g.10T>A,ENST00000644876.2:c.1770-9T>A,NA,0.01884491,0.2930663,0.18311929100000002,0.157136062,0.2331814569999999,0.13104263800000002,0.636825899,0.6420479020000001,0.376619739,0.640577273
urn:mavedb:00000658-p-1#33,g.10T>G,ENST00000644876.2:c.1770-9T>G,NA,-0.0009065264999999,0.9763466000000001,0.0873063259999999,-0.0165409389999999,0.04230562400000001,0.035318374,0.8321607059999999,0.967732844,0.895723692,0.901793776
urn:mavedb:00000658-p-1#34,g.11_12del,ENST00000644876.2:c.1770-7_1770-6del,NA,-0.01649739,0.2499103,-0.108884255,-0.024666344,-0.1924110239999999,-0.080028232,0.786422727,0.953527062,0.4203853970000001,0.7644376490000001
urn:mavedb:00000658-p-1#35,g.11T>C,ENST00000644876.2:c.1770-8T>C,NA,0.006649159,0.5939747,0.075603367,0.164232667,0.063311293,0.109899811,0.79792705,0.337324341,0.7690514409999999,0.510855999
urn:mavedb:00000658-p-1#36,g.11T>G,ENST00000644876.2:c.1770-8T>G,NA,-0.01514155,0.3062488,-0.148132188,-0.1010920959999999,-0.1965836289999999,-0.143400365,0.64795228,0.736039615,0.365192907,0.512512527
urn:mavedb:00000658-p-1#37,g.11T>A,ENST00000644876.2:c.1770-8T>A,NA,-0.006164317,0.7652979999999999,-0.068020917,-0.180464994,-0.142043074,-0.16767898,0.868347784,0.42056623,0.527829664,0.397798117
urn:mavedb:00000658-p-1#38,g.12C>T,ENST00000644876.2:c.1770-7C>T,NA,-0.003840069,0.9211394,-0.19361456600000002,-0.072754007,-0.0855235,-0.036125823,0.701940838,0.89275177,0.847846691,0.9337924390000001
urn:mavedb:00000658-p-1#39,g.12C>A,ENST00000644876.2:c.1770-7C>A,NA,0.001250051,0.9726036,-0.07459041,-0.015535508,-0.0152333089999999,-0.067941611,0.897005336,0.974689954,0.970222301,0.84057763
urn:mavedb:00000658-p-1#40,g.12C>G,ENST00000644876.2:c.1770-7C>G,NA,0.01100978,0.6332504,0.098198975,0.056032505,0.151113379,0.10086773,0.826836549,0.890732448,0.579449059,0.705426197
urn:mavedb:00000658-p-1#41,g.13_14del,ENST00000644876.2:c.1770-6_1770-5del,NA,-0.01353509,0.5032844,0.19860418,0.067014775,-0.104197888,0.146260019,0.498953695,0.853790133,0.7146463120000001,0.529116237
urn:mavedb:00000658-p-1#42,g.13T>C,ENST00000644876.2:c.1770-6T>C,NA,0.01325192,0.2210305,0.046014189000000004,0.09928239900000001,0.1498270569999999,0.270941396,0.900970336,0.659748609,0.394970416,0.053167890999999995
urn:mavedb:00000658-p-1#43,g.13T>A,ENST00000644876.2:c.1770-6T>A,NA,0.002957718,0.9213104999999999,-0.171238668,0.038052237,-0.2402575589999999,-0.191723422,0.735937918,0.942650725,0.45292308,0.5366283279999999
urn:mavedb:00000658-p-1#44,g.13T>G,ENST00000644876.2:c.1770-6T>G,NA,0.006606147,0.8322259,0.164657075,0.1749132669999999,0.088633869,0.32533305,0.719208282,0.626341218,0.817417278,0.188222169
urn:mavedb:00000658-p-1#45,g.14T>C,ENST00000644876.2:c.1770-5T>C,NA,-0.02246894,0.10667080000000001,-0.24559034,-0.142206728,-0.303982173,-0.266520038,0.225395218,0.532962454,0.061431205999999995,0.10263643300000001
urn:mavedb:00000658-p-1#46,g.14T>A,ENST00000644876.2:c.1770-5T>A,NA,-0.009084732,0.6327114,0.166458806,0.081823533,-0.07119826,-0.08123673,0.633109382,0.825018467,0.8274274159999999,0.76836576
urn:mavedb:00000658-p-1#47,g.14T>G,ENST00000644876.2:c.1770-5T>G,NA,-0.0004089606,0.9908094999999999,-0.130953688,-0.164769533,-0.001486084,0.030772491000000003,0.744664505,0.576505859,0.996439403,0.924485817
urn:mavedb:00000658-p-1#48,g.15_16del,ENST00000644876.2:c.1770-3_1770-2del,NA,0.0037256240000000003,0.9393309000000001,-0.224128417,-0.040463894,-0.028833411,-0.175477183,0.735937918,0.9560879000000001,0.961804315,0.688904788
urn:mavedb:00000658-p-1#49,g.15A>T,ENST00000644876.2:c.1770-4A>T,NA,-0.00154065,0.9595813,0.163459508,-0.08456113900000001,0.0392037629999999,-0.017314839,0.642204027,0.818987789,0.911127647,0.960304299
urn:mavedb:00000658-p-1#50,g.15A>C,ENST00000644876.2:c.1770-4A>C,NA,-0.0029230479999999,0.9139804,0.047470357000000005,0.036634525,0.022359787000000002,0.126142359,0.933633072,0.93249623,0.9543445979999999,0.642552294
urn:mavedb:00000658-p-1#51,g.15A>G,ENST00000644876.2:c.1770-4A>G,NA,-0.004059154000000001,0.8556168,-0.134072448,-0.017341129,-0.081533118,-0.112529515,0.665615666,0.963105903,0.7490959890000001,0.587604045
urn:mavedb:00000658-p-1#52,g.16T>C,ENST00000644876.2:c.1770-3T>C,NA,0.007741254,0.6715379,-0.045707773,-0.089968447,0.1088809999999999,0.095300645,0.894244615,0.682475053,0.5521298689999999,0.5792990020000001
urn:mavedb:00000658-p-1#53,g.16T>A,ENST00000644876.2:c.1770-3T>A,NA,-0.02035906,0.194994,-0.158225669,-0.21767761800000002,-0.207923236,-0.223294333,0.7422862159999999,0.5239774660000001,0.510129642,0.432310685
urn:mavedb:00000658-p-1#54,g.16T>G,ENST00000644876.2:c.1770-3T>G,NA,-0.005556738,0.8371596,-0.141662376,-0.159637067,-0.103964356,0.10153656300000001,0.7101557559999999,0.583092674,0.7267419409999999,0.696685102
urn:mavedb:00000658-p-1#55,g.17_18del,ENST00000644876.2:c.1770-2_1770-1del,NA,0.01485499,0.3541837,0.056758619,-0.049697185,0.23438240600000002,0.17803944300000002,0.865492615,0.8526053859999999,0.10169757300000001,0.23578859800000002
urn:mavedb:00000658-p-1#56,g.17A>T,ENST00000644876.2:c.1770-2A>T,NA,0.008730451,0.8038397,0.195443912,0.16375751300000002,0.130085808,0.10159949900000001,0.7177565570000001,0.720630397,0.7630096829999999,0.7949178240000001
urn:mavedb:00000658-p-1#57,g.17A>C,ENST00000644876.2:c.1770-2A>C,NA,0.0036453970000000003,0.8994648000000001,-0.306949564,-0.104013776,0.040154668,0.1991724789999999,0.15394158,0.727447935,0.898129451,0.32098352199999997
urn:mavedb:00000658-p-1#58,g.17A>G,ENST00000644876.2:c.1770-2A>G,NA,0.01734662,0.05912707,0.1892306889999999,0.16199226,0.239166562,0.22874064800000002,0.21124402899999997,0.25793827199999997,0.044253497999999995,0.053775079
urn:mavedb:00000658-p-1#59,g.18G>C,ENST00000644876.2:c.1770-1G>C,NA,0.01018781,0.2846323,0.0555257679999999,0.12008526,0.109534199,-0.08160099400000001,0.804603278,0.34970585,0.377277219,0.5236347729999999
urn:mavedb:00000658-p-1#60,g.18G>A,ENST00000644876.2:c.1770-1G>A,NA,0.02556902,0.01862938,0.074145607,0.13909713,0.307739962,-0.039286412,0.795574331,0.43305312100000004,0.014862628999999999,0.846559423
urn:mavedb:00000658-p-1#61,g.18G>T,ENST00000644876.2:c.1770-1G>T,NA,-0.01186289,0.35594570000000003,-0.1681353139999999,-0.058557599,-0.136503809,-0.127560493,0.525219036,0.8526053859999999,0.533626917,0.527848467
urn:mavedb:00000658-p-1#62,g.19T>C,ENST00000644876.2:c.1770T>C,ENSP00000494040.1:p.Ser590=,0.0030188159999999,0.9128635,-0.109504566,-0.002421492,0.0069721309999999,0.038142307,0.762037863,0.9947262490000001,0.982992775,0.888164848
urn:mavedb:00000658-p-1#63,g.19T>A,ENST00000644876.2:c.1770T>A,ENSP00000494040.1:p.Ser590Arg,0.01826087,0.3348483,0.3083068089999999,0.26290566,0.260394423,0.401865543,0.194583929,0.25343466800000003,0.233871937,0.030629022000000002
urn:mavedb:00000658-p-1#64,g.19T>G,ENST00000644876.2:c.1770T>G,ENSP00000494040.1:p.Ser590Arg,0.02317415,0.03279173,-0.014198955,0.22739398,0.206267129,0.162883807,0.975599557,0.190904238,0.229242377,0.3491749529999999
urn:mavedb:00000658-p-1#65,g.20_22del,ENST00000644876.2:c.1773_1775del,ENSP00000494040.1:p.Ser591del,0.005224477,0.7810669,0.039995153,0.02734935,0.011389353,-0.121961595,0.939939651,0.947281433,0.9735292879999999,0.619178995
urn:mavedb:00000658-p-1#66,g.20A>C,ENST00000644876.2:c.1771A>C,ENSP00000494040.1:p.Ser591Arg,-0.014258600000000001,0.34417190000000003,-0.265466081,-0.286695456,-0.202810863,-0.08543397,0.183683491,0.099016412,0.278669963,0.689178227
urn:mavedb:00000658-p-1#67,g.20A>G,ENST00000644876.2:c.1771A>G,ENSP00000494040.1:p.Ser591Gly,0.007116239,0.5632518,0.145233015,0.116955629,0.123431159,0.02856464,0.42428914100000004,0.49391778799999997,0.423924295,0.881226918
urn:mavedb:00000658-p-1#68,g.20A>T,ENST00000644876.2:c.1771A>T,ENSP00000494040.1:p.Ser591Cys,0.01433408,0.3807884,0.207945448,0.144978467,0.21657351100000002,0.342782029,0.448394279,0.59722643,0.316456664,0.056975802
urn:mavedb:00000658-p-1#69,g.20_22delinsAAT,ENST00000644876.2:c.1772_1773delinsAT,ENSP00000494040.1:p.Ser591Asn,-0.02009329,0.3587172,-0.036374522,-0.121668446,-0.21035062100000002,-0.05378481400000001,0.9653661920000001,0.814363695,0.581423541,0.901457935
urn:mavedb:00000658-p-1#70,g.20_22delinsACA,ENST00000644876.2:c.1772_1773delinsCA,ENSP00000494040.1:p.Ser591Thr,0.0052722219999999,0.7324841,0.14780761,0.109262735,0.11399126400000001,0.267403214,0.4257828970000001,0.547873821,0.485102914,0.02647784
urn:mavedb:00000658-p-1#71,g.20_22delinsATT,ENST00000644876.2:c.1772_1773delinsTT,ENSP00000494040.1:p.Ser591Ile,-0.0008955206,0.9824318999999999,-0.09010969,-0.044959767000000005,-0.029155911,0.0288905779999999,0.879589073,0.927894615,0.9477410079999999,0.945352615
urn:mavedb:00000658-p-1#72,g.20_22delinsGGA,ENST00000644876.2:c.1771_1773delinsGGA,ENSP00000494040.1:p.Ser591Gly,-0.007766304,0.6455658000000001,-0.159125485,-0.1525130469999999,-0.09666685400000001,-0.09931292800000001,0.469598578,0.41875355299999995,0.633408874,0.581501264
urn:mavedb:00000658-p-1#73,g.20_22delinsTCA,ENST00000644876.2:c.1771_1773delinsTCA,ENSP00000494040.1:p.Ser591=,-0.01224067,0.5795146,-0.007088832,-0.210363942,-0.119583884,-0.039453397,0.991349455,0.399485627,0.66418589,0.8934795179999999
urn:mavedb:00000658-p-1#74,g.20_22delinsTCC,ENST00000644876.2:c.1771_1772delinsTC,ENSP00000494040.1:p.Ser591=,-0.01772322,0.3513857,-0.156421496,-0.09466488,-0.2665484389999999,-0.340165619,0.6862455470000001,0.799280922,0.257974548,0.10723607
urn:mavedb:00000658-p-1#75,g.20_22delinsTCG,ENST00000644876.2:c.1771_1773delinsTCG,ENSP00000494040.1:p.Ser591=,0.0014538370000000001,0.9321052,0.143992907,0.112339367,0.041030631,0.084798609,0.40744496,0.49259008600000004,0.837425495,0.57251134
urn:mavedb:00000658-p-1#76,g.20_22delinsTCT,ENST00000644876.2:c.1771_1773delinsTCT,ENSP00000494040.1:p.Ser591=,-0.001870272,0.9537981,-0.1665752969999999,-0.045617983,-0.041097094,0.001381004,0.63536564,0.9112766390000001,0.906568112,0.99656207
urn:mavedb:00000658-p-1#77,g.20_22delinsTGT,ENST00000644876.2:c.1771_1773delinsTGT,ENSP00000494040.1:p.Ser591Cys,-0.02379491,0.31409970000000004,-0.203870243,-0.267272681,-0.288653237,-0.025898495,0.708910123,0.495305744,0.4109213920000001,0.958501134
urn:mavedb:00000658-p-1#78,g.21G>C,ENST00000644876.2:c.1772G>C,ENSP00000494040.1:p.Ser591Thr,-0.02655734,0.01288014,-0.25619748800000003,-0.183250401,-0.34978991600000003,-0.12237474300000001,0.102475728,0.26027771,0.006606531,0.44984271
urn:mavedb:00000658-p-1#79,g.21G>A,ENST00000644876.2:c.1772G>A,ENSP00000494040.1:p.Ser591Asn,-0.0002249873,0.9949148000000001,0.129169347,0.071973573,-0.0034639890000000002,-0.003501195,0.749222583,0.851869131,0.9913227459999999,0.991961924
urn:mavedb:00000658-p-1#80,g.21G>T,ENST00000644876.2:c.1772G>T,ENSP00000494040.1:p.Ser591Ile,0.01262442,0.0660363,0.08172343,0.10016818300000001,0.15658734900000001,0.169315735,0.52353186,0.305158405,0.048208762,0.026378178
urn:mavedb:00000658-p-1#81,g.22C>G,ENST00000644876.2:c.1773C>G,ENSP00000494040.1:p.Ser591Arg,-0.002786904,0.8932921,-0.048941115,0.034152376,-0.149463338,0.001720311,0.91839388,0.9274293509999999,0.5376778210000001,0.9955701090000001
urn:mavedb:00000658-p-1#82,g.22C>A,ENST00000644876.2:c.1773C>A,ENSP00000494040.1:p.Ser591Arg,0.01404179,0.2975501,0.218781327,0.203199981,0.19206330100000002,0.181200219,0.28173145,0.26822566600000003,0.275750015,0.292248931
urn:mavedb:00000658-p-1#83,g.22C>T,ENST00000644876.2:c.1773C>T,ENSP00000494040.1:p.Ser591=,0.02523742,0.02327721,0.257951893,0.236579807,0.32663780600000003,0.270164924,0.127909198,0.139251688,0.019454856,0.058871694
urn:mavedb:00000658-p-1#84,g.23_25del,ENST00000644876.2:c.1774_1776del,ENSP00000494040.1:p.Arg592del,0.005252945,0.8144215,0.0338222939999999,0.061599985,0.051669581,0.078348128,0.944320046,0.853371212,0.861998294,0.741762433
urn:mavedb:00000658-p-1#85,g.23A>C,ENST00000644876.2:c.1774A>C,ENSP00000494040.1:p.Arg592=,-0.010462200000000001,0.5653732,-0.049012756,-0.055028872,-0.1372128759999999,-0.017721186,0.92007951,0.882564703,0.588752076,0.9567741820000001
urn:mavedb:00000658-p-1#86,g.23A>G,ENST00000644876.2:c.1774A>G,ENSP00000494040.1:p.Arg592Gly,0.008527149,0.7652979999999999,0.132496809,0.076264935,0.131304825,0.0415764989999999,0.802328935,0.8769533070000001,0.72411318,0.9163780090000001
urn:mavedb:00000658-p-1#87,g.23A>T,ENST00000644876.2:c.1774A>T,ENSP00000494040.1:p.Arg592Ter,-0.2326793999999999,1.0139979999999999e-08,-1.89735127,-2.8202783119999997,-2.571967523,-3.00715695,1.88e-08,3.75e-17,7.77e-15,8.6e-19
urn:mavedb:00000658-p-1#88,g.23_25delinsAAG,ENST00000644876.2:c.1775_1776delinsAG,ENSP00000494040.1:p.Arg592Lys,-0.005539874,0.8705787,-0.311296098,-0.225271891,-0.1265322619999999,-0.3171815189999999,0.402108289,0.539316362,0.748577569,0.260048559
urn:mavedb:00000658-p-1#89,g.23_25delinsACC,ENST00000644876.2:c.1775_1776delinsCC,ENSP00000494040.1:p.Arg592Thr,-0.01354907,0.4239452,0.024466086,-0.157648879,-0.1038220669999999,-0.121506145,0.9585271459999999,0.482048586,0.657249389,0.547536028
urn:mavedb:00000658-p-1#90,g.23_25delinsATC,ENST00000644876.2:c.1775_1776delinsTC,ENSP00000494040.1:p.Arg592Ile,-0.0147515999999999,0.5190998,-0.254640665,-0.128727826,-0.2248521939999999,-0.2259095189999999,0.284588385,0.6424694129999999,0.275121651,0.250158305
urn:mavedb:00000658-p-1#91,g.23_25delinsCGC,ENST00000644876.2:c.1774_1776delinsCGC,ENSP00000494040.1:p.Arg592=,0.004205324,0.8507096,0.141676361,-0.0028311309999999,0.109063988,0.095923699,0.603640924,0.9935933309999999,0.6248224729999999,0.640577273
urn:mavedb:00000658-p-1#92,g.23_25delinsCGG,ENST00000644876.2:c.1774_1776delinsCGG,ENSP00000494040.1:p.Arg592=,0.007808882,0.755838,0.24552664100000002,0.22959601300000002,0.097834636,-0.0392284929999999,0.401566644,0.38189523799999997,0.758162467,0.902748613
urn:mavedb:00000658-p-1#93,g.23_25delinsCGT,ENST00000644876.2:c.1774_1776delinsCGT,ENSP00000494040.1:p.Arg592=,-0.0043807229999999,0.8497816999999999,-0.1015135309999999,-0.167131541,-0.036683566,-0.044206628,0.755866189,0.43785640299999995,0.8972001070000001,0.855959734
urn:mavedb:00000658-p-1#94,g.23_25delinsGGC,ENST00000644876.2:c.1774_1776delinsGGC,ENSP00000494040.1:p.Arg592Gly,-0.00124883,0.9607856,0.17881339,0.089766822,0.03402211,0.071900317,0.436635314,0.727447935,0.9011951970000001,0.735072245
urn:mavedb:00000658-p-1#95,g.23_25delinsTAA,ENST00000644876.2:c.1774_1775delinsTA,ENSP00000494040.1:p.Arg592Ter,-0.3234971,4.164201e-08,-2.594360574,-3.30692411,-3.3042239039999997,-3.252717984,1.7399999999999996e-09,1.02e-14,9.22e-15,1.59e-13
urn:mavedb:00000658-p-1#96,g.24G>A,ENST00000644876.2:c.1775G>A,ENSP00000494040.1:p.Arg592Lys,0.01845673,0.3664303,-0.080226089,0.1212821509999999,0.165448509,0.11711470800000001,0.860496102,0.698107832,0.5110274220000001,0.637998479
urn:mavedb:00000658-p-1#97,g.24G>C,ENST00000644876.2:c.1775G>C,ENSP00000494040.1:p.Arg592Thr,-0.01894351,0.2992081,0.2108483589999999,-0.078989554,-0.136911177,-0.239856018,0.5583887,0.851917437,0.668585349,0.340789216
urn:mavedb:00000658-p-1#98,g.24G>T,ENST00000644876.2:c.1775G>T,ENSP00000494040.1:p.Arg592Ile,0.004099959,0.8359042999999999,-0.030492979,0.034445763,0.008051016,-0.010482009,0.9381034779999999,0.9060705920000001,0.97442957,0.96688527
urn:mavedb:00000658-p-1#99,g.25A>G,ENST00000644876.2:c.1776A>G,ENSP00000494040.1:p.Arg592=,0.004423799,0.7708968,-0.0405470879999999,-0.022718946,0.0565260859999999,-0.00146868,0.9090916240000001,0.937976131,0.799199241,0.995111405
urn:mavedb:00000658-p-1#100,g.25A>C,ENST00000644876.2:c.1776A>C,ENSP00000494040.1:p.Arg592Ser,0.003604253,0.8965050999999999,-0.151462396,0.08646923,-0.051014239,0.170443287,0.7245593840000001,0.832409807,0.892969082,0.519203516
urn:mavedb:00000658-p-1#101,g.25A>T,ENST00000644876.2:c.1776A>T,ENSP00000494040.1:p.Arg592Ser,-0.005466954,0.6852031,-0.070250756,-0.07904641,-0.042674359,-0.11612969,0.824270855,0.737483749,0.859141383,0.499893449
urn:mavedb:00000658-p-1#102,g.26_28del,ENST00000644876.2:c.1777_1779del,ENSP00000494040.1:p.Phe593del,0.01194777,0.6625352,0.112060429,0.005669535,0.216285428,0.3520697479999999,0.824673549,0.9911996670000001,0.4516348670000001,0.131289152
urn:mavedb:00000658-p-1#103,g.26T>A,ENST00000644876.2:c.1777T>A,ENSP00000494040.1:p.Phe593Ile,0.008840315,0.6941446,0.04204578900000001,0.149103539,0.078550583,0.053567486,0.942624314,0.6496066429999999,0.8206626890000001,0.8679589459999999
urn:mavedb:00000658-p-1#104,g.26T>C,ENST00000644876.2:c.1777T>C,ENSP00000494040.1:p.Phe593Leu,-0.008895027,0.6850042,-0.365696446,-0.1852381289999999,-0.154803702,-0.086515828,0.01560759,0.311786445,0.399425793,0.6555351110000001
urn:mavedb:00000658-p-1#105,g.26T>G,ENST00000644876.2:c.1777T>G,ENSP00000494040.1:p.Phe593Val,0.01443238,0.3378761,-0.044492414,0.046829842,0.145892836,0.161503648,0.9087529679999999,0.8747169779999999,0.43383527899999996,0.337459749
urn:mavedb:00000658-p-1#106,g.26_28delinsAGC,ENST00000644876.2:c.1777_1779delinsAGC,ENSP00000494040.1:p.Phe593Ser,0.008601529,0.7034161999999999,0.0165404369999999,-0.02036625,0.123579119,0.258712122,0.9768905659999999,0.962638366,0.650595128,0.20227445600000002
urn:mavedb:00000658-p-1#107,g.26_28delinsATC,ENST00000644876.2:c.1777_1779delinsATC,ENSP00000494040.1:p.Phe593Ile,-0.01819082,0.1939719,-0.0560120359999999,-0.115810081,-0.195314947,0.0148630639999999,0.906575603,0.701862476,0.39179274399999997,0.964625684
urn:mavedb:00000658-p-1#108,g.26_28delinsGTG,ENST00000644876.2:c.1777_1779delinsGTG,ENSP00000494040.1:p.Phe593Val,0.02397316,0.2425587999999999,0.06744609900000001,0.10868374300000001,0.313189567,0.2105936639999999,0.92151696,0.825105092,0.30274772,0.505379014
urn:mavedb:00000658-p-1#109,g.26_28delinsTAC,ENST00000644876.2:c.1778_1779delinsAC,ENSP00000494040.1:p.Phe593Tyr,0.01733446,0.26443340000000004,0.207448765,0.199140935,0.255604154,0.2832015089999999,0.456617686,0.41231786200000003,0.21370009199999998,0.135822094
urn:mavedb:00000658-p-1#110,g.26_28delinsTGC,ENST00000644876.2:c.1778_1779delinsGC,ENSP00000494040.1:p.Phe593Cys,0.01115223,0.5468447,-0.066421933,0.065983674,0.0509130109999999,0.095037185,0.900613343,0.872761936,0.8868909759999999,0.7354516090000001
urn:mavedb:00000658-p-1#111,g.27T>A,ENST00000644876.2:c.1778T>A,ENSP00000494040.1:p.Phe593Tyr,0.008226774000000001,0.6943146,-0.06280657,0.075734617,0.0585256429999999,0.190157646,0.894214891,0.831682204,0.855911187,0.3815548070000001
urn:mavedb:00000658-p-1#112,g.27T>C,ENST00000644876.2:c.1778T>C,ENSP00000494040.1:p.Phe593Ser,-0.0056113230000000005,0.8469277,-0.277081755,-0.2358758289999999,-0.09230695300000001,-0.234882725,0.281673866,0.33384201399999996,0.761947997,0.277342813
urn:mavedb:00000658-p-1#113,g.27T>G,ENST00000644876.2:c.1778T>G,ENSP00000494040.1:p.Phe593Cys,0.01728398,0.1175799999999999,0.141642448,0.1745537969999999,0.22342673600000001,0.327822054,0.508363534,0.287189715,0.116224306,0.008997648
urn:mavedb:00000658-p-1#114,g.28T>C,ENST00000644876.2:c.1779T>C,ENSP00000494040.1:p.Phe593=,0.005249688000000001,0.8088734999999999,0.2200381569999999,0.052652822,0.13262991400000002,0.162335396,0.337591683,0.8750490479999999,0.559259455,0.40559902600000003
urn:mavedb:00000658-p-1#115,g.28T>A,ENST00000644876.2:c.1779T>A,ENSP00000494040.1:p.Phe593Leu,0.01132027,0.3592431,-0.07517413,0.059114502,0.09069038800000001,-0.014277506,0.747249536,0.76481953,0.553628653,0.942638552
urn:mavedb:00000658-p-1#116,g.28T>G,ENST00000644876.2:c.1779T>G,ENSP00000494040.1:p.Phe593Leu,0.0018256379999999,0.9312646000000001,-0.066044688,-0.07925823,0.0411021279999999,-0.03399464,0.829348587,0.7261230190000001,0.859141383,0.8700704340000001
urn:mavedb:00000658-p-1#117,g.29_31del,ENST00000644876.2:c.1780_1782del,ENSP00000494040.1:p.Ser594del,0.006082087,0.7810195,0.266249258,0.114928305,0.133144128,0.30437753300000003,0.25417843100000004,0.6986894990000001,0.59717551,0.095499838
urn:mavedb:00000658-p-1#118,g.29_31delinsGGC,ENST00000644876.2:c.1780_1782delinsGGC,ENSP00000494040.1:p.Ser594Gly,-0.005769707,0.9290514999999999,-0.161412806,-0.032103601,-0.118224646,-0.727036672,0.8876224859999999,0.974105665,0.880466344,0.12377484400000001
urn:mavedb:00000658-p-1#119,g.29A>G,ENST00000644876.2:c.1780A>G,ENSP00000494040.1:p.Ser594Gly,-0.01687416,0.6585019,-0.4014720329999999,-0.406716026,-0.2053723469999999,-0.072746879,0.22381141899999998,0.14972512,0.542289227,0.845341041
urn:mavedb:00000658-p-1#120,g.29A>C,ENST00000644876.2:c.1780A>C,ENSP00000494040.1:p.Ser594Arg,0.02978768,0.4084612,-0.13301037,0.279636405,0.227729314,0.431666234,0.8767850220000001,0.581331942,0.643006352,0.24590583
urn:mavedb:00000658-p-1#121,g.29_31delinsTGC,ENST00000644876.2:c.1780_1782delinsTGC,ENSP00000494040.1:p.Ser594Cys,-0.03820205,0.46646350000000003,-0.33655209700000005,-0.284378129,-0.49031308700000004,-0.3129675269999999,0.7731842590000001,0.774866195,0.50834668,0.67205888
urn:mavedb:00000658-p-1#122,g.29A>T,ENST00000644876.2:c.1780A>T,ENSP00000494040.1:p.Ser594Cys,-0.02453397,0.5413406999999999,-0.15653248,-0.18426949,-0.294527757,-0.146470359,0.859113995,0.7808025820000001,0.562810672,0.780384211
urn:mavedb:00000658-p-1#123,g.29_31delinsTCA,ENST00000644876.2:c.1780_1782delinsTCA,ENSP00000494040.1:p.Ser594=,0.01563838,0.7041569999999999,-0.012917346000000001,0.157290703,0.132950801,0.069229489,0.9939283320000001,0.869305662,0.8725886759999999,0.930881593
urn:mavedb:00000658-p-1#124,g.29_31delinsTCC,ENST00000644876.2:c.1780_1782delinsTCC,ENSP00000494040.1:p.Ser594=,0.03087427,0.6110166,-0.042115435,0.424696277,0.215493622,0.250039308,0.98367955,0.689887299,0.847706657,0.788678345
urn:mavedb:00000658-p-1#125,g.29_31delinsTCG,ENST00000644876.2:c.1780_1782delinsTCG,ENSP00000494040.1:p.Ser594=,-0.007756033000000001,0.9439545,-0.36886445100000004,-0.47403147,-0.094622388,0.11857947,0.8455014890000001,0.7300058079999999,0.9505378170000001,0.930480193
urn:mavedb:00000658-p-1#126,g.29_31delinsTCT,ENST00000644876.2:c.1780_1781delinsTC,ENSP00000494040.1:p.Ser594=,-0.049770800000000004,0.2287924,0.066967753,-0.399355722,-0.458448444,-0.2785031089999999,0.961777812,0.560917471,0.44355975,0.648993261
urn:mavedb:00000658-p-1#127,g.30_31delinsAC,NA,ENSP00000494040.1:p.Ser594Asn,-0.04236349,0.3415388,-0.368202631,-0.395992264,-0.518795927,-0.529331698,0.670570098,0.559335966,0.358493778,0.313049527
urn:mavedb:00000658-p-1#128,g.30G>A,ENST00000644876.2:c.1781G>A,ENSP00000494040.1:p.Ser594Asn,-0.02111204,0.6015437,-0.344556556,-0.469501218,-0.223702223,-0.02394132,0.6836073579999999,0.43104999,0.7436065890000001,0.9762956979999999
urn:mavedb:00000658-p-1#129,g.30_31delinsCC,ENST00000644876.2:c.1781_1782delinsCC,ENSP00000494040.1:p.Ser594Thr,-0.01214751,0.8270832,-0.034858963,-0.102997991,-0.131259992,-0.2532589819999999,0.97858152,0.9060705920000001,0.8547330340000001,0.640577273
urn:mavedb:00000658-p-1#130,g.30G>C,ENST00000644876.2:c.1781G>C,ENSP00000494040.1:p.Ser594Thr,0.0131745,0.8472823,0.06377202400000001,0.032523,0.165484462,0.329471026,0.973404497,0.9814029809999999,0.878733597,0.6920922979999999
urn:mavedb:00000658-p-1#131,g.30_31delinsTC,ENST00000644876.2:c.1781_1782delinsTC,ENSP00000494040.1:p.Ser594Ile,-0.007612228,0.854929,0.121363913,0.032488928,-0.066098209,-0.054393308,0.904354123,0.970629689,0.926361903,0.933247554
urn:mavedb:00000658-p-1#132,g.30G>T,ENST00000644876.2:c.1781G>T,ENSP00000494040.1:p.Ser594Ile,0.005125016,0.9443468,0.418430652,0.447632951,0.0652028509999999,0.47150949600000003,0.599308469,0.479573572,0.9387859590000001,0.37220386
urn:mavedb:00000658-p-1#133,g.31T>C,ENST00000644876.2:c.1782T>C,ENSP00000494040.1:p.Ser594=,0.008015914,0.8488518,0.0611477079999999,-0.019977204,0.1182672519999999,0.25068996,0.953814031,0.980467656,0.850350631,0.586341868
urn:mavedb:00000658-p-1#134,g.31T>A,ENST00000644876.2:c.1782T>A,ENSP00000494040.1:p.Ser594Arg,0.03359703,0.2451339,0.131173237,0.316948043,0.348046233,0.429570642,0.878400307,0.516760282,0.42094813600000003,0.255014693
urn:mavedb:00000658-p-1#135,g.31T>G,ENST00000644876.2:c.1782T>G,ENSP00000494040.1:p.Ser594Arg,0.01822667,0.7467451999999999,0.13324207300000002,0.287734118,0.169972336,0.408556969,0.9189963329999999,0.7272514390000001,0.838655115,0.493960505
urn:mavedb:00000658-p-1#136,g.32_34del,ENST00000644876.2:c.1785_1787del,ENSP00000494040.1:p.Gly596del,0.004646518,0.9320825999999999,0.24055310600000002,0.307169691,0.027598273,0.196644412,0.8145166090000001,0.6785777609999999,0.9737756940000001,0.7592295920000001
urn:mavedb:00000658-p-1#137,g.32G>C,ENST00000644876.2:c.1783G>C,ENSP00000494040.1:p.Gly595Arg,0.03695618,0.0003841071,0.156897961,0.298582313,0.41433758200000004,0.586754982,0.528554787,0.057242709,0.003232183,7.82e-06
urn:mavedb:00000658-p-1#138,g.32G>A,ENST00000644876.2:c.1783G>A,ENSP00000494040.1:p.Gly595Arg,0.02290884,0.01128953,0.063704891,0.167637297,0.25241879100000003,0.443886272,0.814104325,0.246367808,0.035521895,3.0799999999999996e-05
urn:mavedb:00000658-p-1#139,g.32G>T,ENST00000644876.2:c.1783G>T,ENSP00000494040.1:p.Gly595Ter,-0.1614362999999999,5.425277e-10,-1.157753655,-1.691668366,-1.775024802,-1.489108663,2.0399999999999998e-05,7.47e-11,7.68e-12,8.63e-09
urn:mavedb:00000658-p-1#140,g.32_34delinsGAG,ENST00000644876.2:c.1784_1785delinsAG,ENSP00000494040.1:p.Gly595Glu,0.004147135,0.8102226,-0.038583868,0.026881724,0.034193466,0.050360344,0.912945964,0.9243578159999999,0.8849629529999999,0.795388199
urn:mavedb:00000658-p-1#141,g.32_34delinsGCC,ENST00000644876.2:c.1784_1785delinsCC,ENSP00000494040.1:p.Gly595Ala,0.01723459,0.2277219,0.139165546,0.0616141059999999,0.21738800600000002,0.196917993,0.735097068,0.882551689,0.390255576,0.412831375
urn:mavedb:00000658-p-1#142,g.32_34delinsGTG,ENST00000644876.2:c.1784_1785delinsTG,ENSP00000494040.1:p.Gly595Val,0.01164687,0.16660350000000002,0.038039817000000004,0.056418887,0.141629867,0.18321013,0.875192407,0.73042393,0.18749525399999997,0.058510920999999994
urn:mavedb:00000658-p-1#143,g.32_34delinsTAA,ENST00000644876.2:c.1783_1784delinsTA,ENSP00000494040.1:p.Gly595Ter,-0.2960957,2.146386e-16,-2.081408685,-2.882249968,-3.0351055689999997,-3.112896005,6.62e-38,9.12e-65,6.349999999999996e-69,7.249999999999998e-67
urn:mavedb:00000658-p-1#144,g.33G>C,ENST00000644876.2:c.1784G>C,ENSP00000494040.1:p.Gly595Ala,0.009382675,0.6649548000000001,0.158209014,0.185251257,0.123070261,0.173133089,0.668240255,0.5074070279999999,0.6714598070000001,0.47180382600000004
urn:mavedb:00000658-p-1#145,g.33G>A,ENST00000644876.2:c.1784G>A,ENSP00000494040.1:p.Gly595Glu,-0.004818826,0.6718982,-0.04290115,-0.047183844,-0.04914128,-0.1133897369999999,0.852419349,0.7877854129999999,0.7450261970000001,0.307878057
urn:mavedb:00000658-p-1#146,g.33G>T,ENST00000644876.2:c.1784G>T,ENSP00000494040.1:p.Gly595Val,0.02466554,0.006110755,0.221769365,0.17697577,0.320961499,0.272885247,0.03932074,0.10119307400000001,0.000345881,0.003137246
urn:mavedb:00000658-p-1#147,g.34A>C,ENST00000644876.2:c.1785A>C,ENSP00000494040.1:p.Gly595=,0.003091946,0.9136684000000002,0.091951561,0.2203423169999999,0.007529165,0.1647445669999999,0.8378266059999999,0.386427869,0.9835021340000001,0.49060110700000004
urn:mavedb:00000658-p-1#148,g.34A>T,ENST00000644876.2:c.1785A>T,ENSP00000494040.1:p.Gly595=,-0.003669962,0.9056120999999999,-0.10141942400000001,-0.115817959,-0.041272716,0.085371655,0.878030885,0.818738434,0.93330116,0.8299307840000001
urn:mavedb:00000658-p-1#149,g.34A>G,ENST00000644876.2:c.1785A>G,ENSP00000494040.1:p.Gly595=,0.01232545,0.5414885,0.222461802,0.130058974,0.197938082,0.310521689,0.42229584600000003,0.667310331,0.400783903,0.108802329
urn:mavedb:00000658-p-1#150,g.35_37del,ENST00000644876.2:c.1786_1788del,ENSP00000494040.1:p.Gly596del,-0.03413387,0.1301168999999999,-0.2252582189999999,-0.272992969,-0.396327727,-0.293568444,0.614611975,0.40283829299999996,0.141322988,0.286879903
urn:mavedb:00000658-p-1#151,g.35G>C,ENST00000644876.2:c.1786G>C,ENSP00000494040.1:p.Gly596Arg,0.04121566,0.06232377,0.6405108389999999,0.5592262170000001,0.566135489,0.636555626,0.090003536,0.131418584,0.111208117,0.054397300999999995
urn:mavedb:00000658-p-1#152,g.35G>A,ENST00000644876.2:c.1786G>A,ENSP00000494040.1:p.Gly596Arg,0.014533,0.808823,0.62763407,0.145996014,0.367638368,0.67889297,0.314422162,0.875099537,0.5577773739999999,0.155526926
urn:mavedb:00000658-p-1#153,g.35G>T,ENST00000644876.2:c.1786G>T,ENSP00000494040.1:p.Gly596Trp,0.02767991,0.3358758,0.425228989,0.14832386,0.436706046,0.499228699,0.276496537,0.779388273,0.179290408,0.094277381
urn:mavedb:00000658-p-1#154,g.35_37delinsGCC,ENST00000644876.2:c.1787_1788delinsCC,ENSP00000494040.1:p.Gly596Ala,0.01050389,0.8272886,-0.15835427800000001,-0.079028041,0.095350159,0.195105429,0.849406359,0.915059017,0.876281434,0.6732642609999999
urn:mavedb:00000658-p-1#155,g.35_37delinsGTC,ENST00000644876.2:c.1787_1788delinsTC,ENSP00000494040.1:p.Gly596Val,-0.01682677,0.6848715,0.045352348,-0.087871189,-0.1674075119999999,-0.108421726,0.9694246,0.913986532,0.788403819,0.853631941
urn:mavedb:00000658-p-1#156,g.36G>C,ENST00000644876.2:c.1787G>C,ENSP00000494040.1:p.Gly596Ala,0.03305848,0.25760320000000003,0.65843971,0.26490487,0.560072675,1.041770996,0.065414576,0.587687894,0.099996671,0.000275995
urn:mavedb:00000658-p-1#157,g.36_37delinsAA,ENST00000644876.2:c.1787_1788delinsAA,ENSP00000494040.1:p.Gly596Glu,0.04846994,0.3762167,0.181816234,0.483148199,0.494338254,0.5002700139999999,0.903202596,0.5636604620000001,0.5124447560000001,0.466162199
urn:mavedb:00000658-p-1#158,g.36G>A,ENST00000644876.2:c.1787G>A,ENSP00000494040.1:p.Gly596Glu,0.005994265,0.9278153,0.241330393,-0.067816296,0.166958468,0.294996524,0.839892264,0.953527062,0.8515514479999999,0.664565677
urn:mavedb:00000658-p-1#159,g.36G>T,ENST00000644876.2:c.1787G>T,ENSP00000494040.1:p.Gly596Val,-0.02507019,0.6358531,-0.4435262479999999,-0.253035361,-0.367000286,-0.756954279,0.5946959270000001,0.761639203,0.5794321579999999,0.130463786
urn:mavedb:00000658-p-1#160,g.37G>T,ENST00000644876.2:c.1788G>T,ENSP00000494040.1:p.Gly596=,0.04134153,0.22802150000000002,0.082880741,0.08661784900000001,0.491110968,0.470759446,0.933633072,0.90722902,0.213638625,0.21326197300000002
urn:mavedb:00000658-p-1#161,g.37G>C,ENST00000644876.2:c.1788G>C,ENSP00000494040.1:p.Gly596=,0.004296943,0.9441873,-0.27471541,-0.145372795,3.8799999999999994e-05,-0.005703505,0.803172645,0.8896515840000001,0.999987156,0.994838135
urn:mavedb:00000658-p-1#162,g.37G>A,ENST00000644876.2:c.1788G>A,ENSP00000494040.1:p.Gly596=,0.0018202670000000002,0.9605543,-0.028961767000000003,-0.05080636,0.027851221000000002,-0.390291305,0.9653661920000001,0.9092967590000001,0.942937337,0.071403779
urn:mavedb:00000658-p-1#163,g.38_40del,ENST00000644876.2:c.1789_1791del,ENSP00000494040.1:p.Phe597del,0.03531785,0.5448767,0.7441005479999999,0.553289173,0.548735812,0.921838532,0.28181194,0.430972089,0.40006026899999997,0.077440648
urn:mavedb:00000658-p-1#164,g.38T>A,ENST00000644876.2:c.1789T>A,ENSP00000494040.1:p.Phe597Ile,0.0056187769999999,0.8055637,-0.11733416,0.09873846800000001,0.002067862,0.276890541,0.739281489,0.736771372,0.99432961,0.121651929
urn:mavedb:00000658-p-1#165,g.38T>G,ENST00000644876.2:c.1789T>G,ENSP00000494040.1:p.Phe597Val,0.03117452,0.002527395,-0.048830983,0.149909451,0.345600786,0.426548641,0.871929847,0.327455431,0.00206152,7.64e-05
urn:mavedb:00000658-p-1#166,g.38T>C,ENST00000644876.2:c.1789T>C,ENSP00000494040.1:p.Phe597Leu,0.03933239,4.1820500000000004e-05,0.142163083,0.284112843,0.44684012,0.5161416870000001,0.65598112,0.139029704,0.005953978,0.000963797
urn:mavedb:00000658-p-1#167,g.38_40delinsAGC,ENST00000644876.2:c.1789_1791delinsAGC,ENSP00000494040.1:p.Phe597Ser,0.0403258,3.475004e-05,0.041912271,0.252939436,0.45328203200000006,0.753378153,0.894214891,0.044597492999999995,2.8999999999999997e-05,2.89e-13
urn:mavedb:00000658-p-1#168,g.38_40delinsATC,ENST00000644876.2:c.1789_1791delinsATC,ENSP00000494040.1:p.Phe597Ile,0.009423748000000001,0.5750298,0.005065825,0.055109581,0.104079584,0.436940845,0.99187942,0.84061262,0.602578439,0.00067049
urn:mavedb:00000658-p-1#169,g.38_40delinsGTG,ENST00000644876.2:c.1789_1791delinsGTG,ENSP00000494040.1:p.Phe597Val,0.02763645,0.05739113,0.148852768,0.108228417,0.356171901,0.504018837,0.636717813,0.7116627040000001,0.041746259,0.001580509
urn:mavedb:00000658-p-1#170,g.38_40delinsTAC,ENST00000644876.2:c.1790_1791delinsAC,ENSP00000494040.1:p.Phe597Tyr,0.003088504,0.9324412000000001,0.08596736,0.094230908,0.037375177,0.276468145,0.892526003,0.8481000890000001,0.9360470040000001,0.34041815700000005
urn:mavedb:00000658-p-1#171,g.38_40delinsTGC,ENST00000644876.2:c.1790_1791delinsGC,ENSP00000494040.1:p.Phe597Cys,0.04934559,3.165907e-13,0.252446359,0.32503281100000003,0.588636356,0.763644607,0.008679067,0.000143162,1.09e-13,1.82e-22
urn:mavedb:00000658-p-1#172,g.39T>A,ENST00000644876.2:c.1790T>A,ENSP00000494040.1:p.Phe597Tyr,0.01371728,0.3841100999999999,0.062209375,0.050871424000000005,0.138239803,0.257104524,0.891263585,0.891058584,0.576671335,0.177017955
urn:mavedb:00000658-p-1#173,g.39T>G,ENST00000644876.2:c.1790T>G,ENSP00000494040.1:p.Phe597Cys,0.05386013,7.925473e-17,0.206402543,0.4795983129999999,0.561075074,0.7896011620000001,0.198970075,2.61e-05,4.43e-07,2.85e-13
urn:mavedb:00000658-p-1#174,g.39T>C,ENST00000644876.2:c.1790T>C,ENSP00000494040.1:p.Phe597Ser,0.04960312,1.912727e-06,0.339469129,0.448735554,0.607213208,0.7677632940000001,0.035698693,0.0015265139999999999,5.42e-06,3.74e-09
urn:mavedb:00000658-p-1#175,g.40T>C,ENST00000644876.2:c.1791T>C,ENSP00000494040.1:p.Phe597=,0.007131226,0.7737363,0.188836528,0.069044333,0.13919298800000002,0.332440657,0.6809152620000001,0.891355408,0.705510724,0.206136063
urn:mavedb:00000658-p-1#176,g.40T>A,ENST00000644876.2:c.1791T>A,ENSP00000494040.1:p.Phe597Leu,0.03330923,1.031692e-05,0.016539098000000002,0.155219244,0.34312715200000005,0.371737031,0.959574424,0.21824010800000002,0.000350799,7.950000000000001e-05
urn:mavedb:00000658-p-1#177,g.40T>G,ENST00000644876.2:c.1791T>G,ENSP00000494040.1:p.Phe597Leu,0.03432685,1.6769010000000002e-05,0.089844324,0.28996624,0.330101353,0.49753147200000003,0.661977871,0.005738368000000001,0.00103935,1.68e-07
urn:mavedb:00000658-p-1#178,g.41_43del,ENST00000644876.2:c.1793_1795del,ENSP00000494040.1:p.Gly598del,0.03031376,2.165342e-05,0.1548895119999999,0.289514297,0.3392186379999999,0.526680719,0.20363865,0.001096049,7.070000000000001e-05,1.0399999999999999e-10
urn:mavedb:00000658-p-1#179,g.41G>A,ENST00000644876.2:c.1792G>A,ENSP00000494040.1:p.Gly598Ser,0.00468389,0.796326,0.098297156,0.142907431,0.070906911,0.139760372,0.7394112979999999,0.47066546600000003,0.754064762,0.408457516
urn:mavedb:00000658-p-1#180,g.41G>C,ENST00000644876.2:c.1792G>C,ENSP00000494040.1:p.Gly598Arg,0.0206069,0.08110139,0.22810167,0.16503667,0.293366556,0.5011877020000001,0.28698994699999997,0.45106048200000004,0.077297776,0.0005182159999999
urn:mavedb:00000658-p-1#181,g.41G>T,ENST00000644876.2:c.1792G>T,ENSP00000494040.1:p.Gly598Cys,-0.01645368,0.4359845999999999,-0.0492774,-0.141055197,-0.16911656100000003,-0.093207657,0.9350004759999999,0.6973492809999999,0.58036812,0.764916925
urn:mavedb:00000658-p-1#182,g.41_43delinsAGC,ENST00000644876.2:c.1792_1794delinsAGC,ENSP00000494040.1:p.Gly598Ser,0.01014709,0.4678267,0.1494318369999999,0.1421426469999999,0.13225213800000002,0.215124755,0.51086013,0.47066546600000003,0.476465963,0.152422009
urn:mavedb:00000658-p-1#183,g.41_43delinsCGG,ENST00000644876.2:c.1792_1794delinsCGG,ENSP00000494040.1:p.Gly598Arg,0.04441692,1.655431e-05,-0.07450972,0.256337944,0.43038518,0.674067319,0.807186782,0.078680814,0.000544268,9.109999999999999e-09
urn:mavedb:00000658-p-1#184,g.41_43delinsGAC,ENST00000644876.2:c.1793_1794delinsAC,ENSP00000494040.1:p.Gly598Asp,0.01215012,0.4087206,0.08563643,-0.015314268,0.182534845,0.1954869839999999,0.755658272,0.9603341559999999,0.226442972,0.162888131
urn:mavedb:00000658-p-1#185,g.41_43delinsGCC,ENST00000644876.2:c.1793_1794delinsCC,ENSP00000494040.1:p.Gly598Ala,-0.002505624,0.9011031999999999,0.109772897,0.041629411,0.005063017,-0.012817718,0.739781749,0.903851326,0.985143305,0.965345013
urn:mavedb:00000658-p-1#186,g.41_43delinsGTG,ENST00000644876.2:c.1793_1794delinsTG,ENSP00000494040.1:p.Gly598Val,-0.004766859,0.8243696,0.014205056,-0.165506848,0.00150452,-0.001801516,0.974538619,0.390499857,0.99516514,0.994512671
urn:mavedb:00000658-p-1#187,g.41_43delinsTGC,ENST00000644876.2:c.1792_1794delinsTGC,ENSP00000494040.1:p.Gly598Cys,0.01737379,0.2197448,0.239185413,0.236098172,0.242294995,0.153481684,0.198739895,0.159282048,0.128034137,0.37956776
urn:mavedb:00000658-p-1#188,g.42G>C,ENST00000644876.2:c.1793G>C,ENSP00000494040.1:p.Gly598Ala,-0.02171728,0.1744262999999999,-0.344257518,-0.262254828,-0.31422711600000003,-0.39325663200000005,0.126405346,0.246258295,0.120780795,0.033153888
urn:mavedb:00000658-p-1#189,g.42G>T,ENST00000644876.2:c.1793G>T,ENSP00000494040.1:p.Gly598Val,-0.0009336639,0.9766573000000001,0.041843324,-0.009344926,0.004989245,0.152160463,0.939939651,0.9831753590000001,0.988017125,0.5366283279999999
urn:mavedb:00000658-p-1#190,g.42G>A,ENST00000644876.2:c.1793G>A,ENSP00000494040.1:p.Gly598Asp,0.01436996,0.3765577,-0.003912453,0.146619737,0.119304392,0.225319359,0.994083328,0.535734445,0.603938866,0.20401163100000003
urn:mavedb:00000658-p-1#191,g.43T>A,ENST00000644876.2:c.1794T>A,ENSP00000494040.1:p.Gly598=,-0.009642269,0.6536865,-0.19035417100000002,-0.178136956,-0.128309821,-0.1262173369999999,0.518016557,0.48661212,0.623265846,0.590989993
urn:mavedb:00000658-p-1#192,g.43T>C,ENST00000644876.2:c.1794T>C,ENSP00000494040.1:p.Gly598=,0.003934649,0.8181283,0.006039085,0.074698291,0.03552533,0.006379246,0.9897904609999999,0.7669679290000001,0.8871616179999999,0.981657518
urn:mavedb:00000658-p-1#193,g.43T>G,ENST00000644876.2:c.1794T>G,ENSP00000494040.1:p.Gly598=,0.00035094410000000004,0.9874876,0.077339552,0.13375701,-0.000994785,0.003905881,0.7209845970000001,0.32167266899999997,0.9957519690000001,0.985115947
urn:mavedb:00000658-p-1#194,g.44_46del,ENST00000644876.2:c.1795_1797del,ENSP00000494040.1:p.Ala599del,0.03926916,1.6906760000000006e-05,0.145642823,0.3770743029999999,0.42297184200000004,0.6642024879999999,0.569005877,0.010132469,0.002636578,3.93e-07
urn:mavedb:00000658-p-1#195,g.44G>T,ENST00000644876.2:c.1795G>T,ENSP00000494040.1:p.Ala599Ser,0.01171574,0.2652286,0.143658623,0.230458745,0.125722509,0.12339193300000001,0.28714886100000003,0.019595255,0.283567976,0.273608808
urn:mavedb:00000658-p-1#196,g.44G>A,ENST00000644876.2:c.1795G>A,ENSP00000494040.1:p.Ala599Thr,0.01807968,0.1927398,0.004090394,0.156906603,0.172281025,0.2397616139999999,0.994083328,0.491919987,0.397607539,0.165013133
urn:mavedb:00000658-p-1#197,g.44G>C,ENST00000644876.2:c.1795G>C,ENSP00000494040.1:p.Ala599Pro,0.03347912,0.0004302075,0.146247018,0.29180525,0.375328781,0.6910761740000001,0.570177594,0.068498542,0.009708304000000001,1.37e-07
urn:mavedb:00000658-p-1#198,g.44_46delinsACA,ENST00000644876.2:c.1795_1797delinsACA,ENSP00000494040.1:p.Ala599Thr,0.03212007,0.03716762,0.219206509,0.239272213,0.3974708279999999,0.412121036,0.40819612299999997,0.281690476,0.026199418999999998,0.017570739
urn:mavedb:00000658-p-1#199,g.44_46delinsAGC,ENST00000644876.2:c.1795_1796delinsAG,ENSP00000494040.1:p.Ala599Ser,0.01539053,0.28943320000000006,0.161927189,0.154741934,0.21548058,0.304439668,0.46300841600000003,0.42342629600000004,0.176271123,0.029514767
urn:mavedb:00000658-p-1#200,g.44_46delinsCCT,ENST00000644876.2:c.1795_1797delinsCCT,ENSP00000494040.1:p.Ala599Pro,0.02300726,0.006922116,0.015745295,0.149247407,0.227753514,0.370563543,0.9694246,0.41385698200000004,0.119133136,0.00338718
urn:mavedb:00000658-p-1#201,g.44_46delinsGAT,ENST00000644876.2:c.1796_1797delinsAT,ENSP00000494040.1:p.Ala599Asp,0.003058574,0.8877978999999999,0.016743274,0.014552398000000001,0.044858135,0.22782475600000002,0.9736701329999999,0.968928108,0.8761745670000001,0.196435655
urn:mavedb:00000658-p-1#202,g.44_46delinsGGA,ENST00000644876.2:c.1796_1797delinsGA,ENSP00000494040.1:p.Ala599Gly,0.006256993000000001,0.801246,0.164844791,0.192269546,0.029680585,0.13868586900000002,0.604959665,0.435623287,0.9296182890000001,0.545678728
urn:mavedb:00000658-p-1#203,g.44_46delinsGTG,ENST00000644876.2:c.1796_1797delinsTG,ENSP00000494040.1:p.Ala599Val,0.04539529,0.001347598,0.168402553,0.282818636,0.4963039489999999,0.612642158,0.626406633,0.211089558,0.006591989,0.00043412800000000004
urn:mavedb:00000658-p-1#204,g.45C>G,ENST00000644876.2:c.1796C>G,ENSP00000494040.1:p.Ala599Gly,0.001570965,0.9470016,0.138016992,0.157653045,0.003102664,0.191353567,0.6025808810000001,0.441921702,0.9901956690000001,0.25157582300000003
urn:mavedb:00000658-p-1#205,g.45C>A,ENST00000644876.2:c.1796C>A,ENSP00000494040.1:p.Ala599Asp,0.00533367,0.7890464,0.026951357000000002,0.062465109000000005,0.048944851,0.256558272,0.9559124,0.844132773,0.863919763,0.1308798719999999
urn:mavedb:00000658-p-1#206,g.45C>T,ENST00000644876.2:c.1796C>T,ENSP00000494040.1:p.Ala599Val,0.03974356,1.690276e-10,0.2737269439999999,0.317686293,0.490915968,0.50304874,0.000685443,2.3899999999999998e-05,6.2599999999999996e-12,2.26e-12
urn:mavedb:00000658-p-1#207,g.46C>A,ENST00000644876.2:c.1797C>A,ENSP00000494040.1:p.Ala599=,-0.01383209,0.4045587,-0.0729672059999999,-0.102952741,-0.158035505,-0.048394712,0.8494835559999999,0.7042551020000001,0.452277889,0.846481168
urn:mavedb:00000658-p-1#208,g.46C>G,ENST00000644876.2:c.1797C>G,ENSP00000494040.1:p.Ala599=,0.0033660870000000002,0.8410327,0.12313835,0.070134975,0.074057205,0.11992727,0.52081418,0.726972759,0.6714598070000001,0.390729379
urn:mavedb:00000658-p-1#209,g.46C>T,ENST00000644876.2:c.1797C>T,ENSP00000494040.1:p.Ala599=,0.0013766229999999,0.9514862,0.080198797,0.07514316900000001,0.023917095,-0.149782736,0.790941388,0.7582598,0.926361903,0.362878737
urn:mavedb:00000658-p-1#210,g.47_49del,ENST00000644876.2:c.1798_1800del,ENSP00000494040.1:p.Arg600del,0.03476933,0.001117267,0.047239172,0.1818719389999999,0.383686965,0.529352732,0.899875258,0.31200255600000004,0.0044351059999999,2.95e-05
urn:mavedb:00000658-p-1#211,g.47A>C,ENST00000644876.2:c.1798A>C,ENSP00000494040.1:p.Arg600=,-0.008599679,0.4943566,0.001561401,-0.12850329800000002,-0.0560743259999999,-0.007041469,0.9957705609999999,0.38414832200000004,0.750119885,0.9736289770000001
urn:mavedb:00000658-p-1#212,g.47A>G,ENST00000644876.2:c.1798A>G,ENSP00000494040.1:p.Arg600Gly,0.03550758,0.0008786683,0.315604124,0.389274248,0.420097269,0.513566078,0.017234088,0.001109955,0.000309403,5.55e-06
urn:mavedb:00000658-p-1#213,g.47A>T,ENST00000644876.2:c.1798A>T,ENSP00000494040.1:p.Arg600Ter,-0.2133893999999999,2.547234e-06,-2.3914311,-2.306071246,-2.375283644,-1.977371,3.9799999999999996e-33,2.14e-33,4.37e-35,1.4000000000000002e-25
urn:mavedb:00000658-p-1#214,g.47_49delinsAAG,ENST00000644876.2:c.1799_1800delinsAG,ENSP00000494040.1:p.Arg600Lys,0.003768918,0.8431204,0.056573458,0.012043524,0.0836667659999999,0.089697239,0.89156643,0.97344925,0.740539425,0.679723399
urn:mavedb:00000658-p-1#215,g.47_49delinsACC,ENST00000644876.2:c.1799_1800delinsCC,ENSP00000494040.1:p.Arg600Thr,-0.01285849,0.5169327,-0.347535124,-0.20441725600000002,-0.210203442,-0.2320879739999999,0.008613206,0.167905914,0.1351697419999999,0.08074822200000001
urn:mavedb:00000658-p-1#216,g.47_49delinsATC,ENST00000644876.2:c.1799_1800delinsTC,ENSP00000494040.1:p.Arg600Ile,-0.002815689,0.9075186,-0.18974011300000002,0.09043285,-0.1216705969999999,-0.204765819,0.436110008,0.739471928,0.586831164,0.253613985
urn:mavedb:00000658-p-1#217,g.47_49delinsCGC,ENST00000644876.2:c.1798_1800delinsCGC,ENSP00000494040.1:p.Arg600=,0.009931851,0.6001236,0.20883581,0.071793891,0.200000442,0.1838960339999999,0.491772748,0.849730766,0.412688107,0.42597773899999997
urn:mavedb:00000658-p-1#218,g.47_49delinsCGG,ENST00000644876.2:c.1798_1800delinsCGG,ENSP00000494040.1:p.Arg600=,-0.02389453,0.1034696999999999,-0.020434285,-0.236890918,-0.228760522,-0.288054942,0.9694246,0.275749003,0.27027307300000003,0.120299734
urn:mavedb:00000658-p-1#219,g.47_49delinsCGT,ENST00000644876.2:c.1798_1800delinsCGT,ENSP00000494040.1:p.Arg600=,0.01940317,0.298912,0.07408743400000001,0.224823938,0.116968099,0.23881564800000002,0.88567275,0.402002882,0.702701916,0.29684571
urn:mavedb:00000658-p-1#220,g.47_49delinsGGC,ENST00000644876.2:c.1798_1800delinsGGC,ENSP00000494040.1:p.Arg600Gly,0.04302818,0.0001590904,0.262428327,0.23025504600000002,0.548332946,0.768848867,0.124405109,0.162477906,1.82e-05,4.87e-10
urn:mavedb:00000658-p-1#221,g.47_49delinsTAA,ENST00000644876.2:c.1798_1799delinsTA,ENSP00000494040.1:p.Arg600Ter,-0.25998000000000004,3.277663e-05,-2.9416134310000004,-2.9654857860000003,-2.8761782910000004,-1.91491094,4.08e-08,1.3899999999999999e-08,3.32e-08,0.00030444799999999997
urn:mavedb:00000658-p-1#222,g.48G>A,ENST00000644876.2:c.1799G>A,ENSP00000494040.1:p.Arg600Lys,0.001360301,0.9687795,-0.286287975,-0.184298798,-0.0850350769999999,-0.190506284,0.24442739300000002,0.485305475,0.778817435,0.389832516
urn:mavedb:00000658-p-1#223,g.48G>C,ENST00000644876.2:c.1799G>C,ENSP00000494040.1:p.Arg600Thr,-0.0161483,0.4358056999999999,0.1024144769999999,-0.137200517,-0.09169996400000001,-0.259051427,0.8254913229999999,0.6815365409999999,0.781357592,0.2582356
urn:mavedb:00000658-p-1#224,g.48G>T,ENST00000644876.2:c.1799G>T,ENSP00000494040.1:p.Arg600Ile,-0.001057597,0.9672844999999999,-0.026354996000000002,-0.105053429,-0.011709261,-0.017416362,0.9628891629999999,0.739988498,0.97249105,0.95835094
urn:mavedb:00000658-p-1#225,g.49A>G,ENST00000644876.2:c.1800A>G,ENSP00000494040.1:p.Arg600=,0.01258835,0.2708705999999999,0.183615885,0.076824022,0.182923833,0.029383549,0.168389801,0.659398819,0.11543129,0.861684705
urn:mavedb:00000658-p-1#226,g.49A>C,ENST00000644876.2:c.1800A>C,ENSP00000494040.1:p.Arg600Ser,0.01713759,0.17975020000000003,0.139920225,0.260871617,0.179973172,0.29446665,0.618150372,0.136981455,0.347626098,0.061915577
urn:mavedb:00000658-p-1#227,g.49A>T,ENST00000644876.2:c.1800A>T,ENSP00000494040.1:p.Arg600Ser,0.002979261,0.86559,0.042186724,0.004976275,0.05436294,-0.06236247,0.908416379,0.987467944,0.812900198,0.750346014
urn:mavedb:00000658-p-1#228,g.50_52del,ENST00000644876.2:c.1801_1803del,ENSP00000494040.1:p.Asp601del,-0.03002279,0.008712612,0.021652801,-0.116898437,-0.320120813,-0.562321019,0.963494505,0.629248528,0.041484987,7.75e-05
urn:mavedb:00000658-p-1#229,g.50G>A,ENST00000644876.2:c.1801G>A,ENSP00000494040.1:p.Asp601Asn,-0.02248814,0.1499936,0.262598881,-0.1119630559999999,-0.153951143,-0.276860402,0.247942995,0.700596397,0.511594961,0.134810333
urn:mavedb:00000658-p-1#230,g.50G>C,ENST00000644876.2:c.1801G>C,ENSP00000494040.1:p.Asp601His,-0.01650141,0.223154,0.25316078,-0.001282395,-0.130533658,-0.280770435,0.045749857000000005,0.9956121859999999,0.37166915,0.013855282
urn:mavedb:00000658-p-1#231,g.50G>T,ENST00000644876.2:c.1801G>T,ENSP00000494040.1:p.Asp601Tyr,-0.02996532,0.009707788,0.15170160300000002,-0.071488595,-0.28067212,-0.259469725,0.633109382,0.8334600870000001,0.147268895,0.1711168689999999
urn:mavedb:00000658-p-1#232,g.50_52delinsAAT,ENST00000644876.2:c.1801_1803delinsAAT,ENSP00000494040.1:p.Asp601Asn,-0.02833008,0.08272569,0.114834795,-0.302856253,-0.2128254319999999,-0.52795392,0.768400399,0.15624811,0.352452551,0.002540128
urn:mavedb:00000658-p-1#233,g.50_52delinsCAT,ENST00000644876.2:c.1801_1803delinsCAT,ENSP00000494040.1:p.Asp601His,-0.04284801,0.003809259,0.054047658,-0.2197754689999999,-0.426680684,-0.4625476979999999,0.922038395,0.434772835,0.042328538,0.021686547999999996
urn:mavedb:00000658-p-1#234,g.50_52delinsGCT,ENST00000644876.2:c.1802_1803delinsCT,ENSP00000494040.1:p.Asp601Ala,-0.02738026,0.05859012,-0.032550676,-0.14886127,-0.263971033,-0.266621398,0.956562445,0.641246195,0.263050304,0.23122356300000002
urn:mavedb:00000658-p-1#235,g.50_52delinsGGA,ENST00000644876.2:c.1802_1803delinsGA,ENSP00000494040.1:p.Asp601Gly,-0.04094512,0.0007383661,-0.103288879,-0.288871778,-0.41312221600000004,-0.419110434,0.805321999,0.19444050899999998,0.030663562999999998,0.024253387999999997
urn:mavedb:00000658-p-1#236,g.50_52delinsGTG,ENST00000644876.2:c.1802_1803delinsTG,ENSP00000494040.1:p.Asp601Val,-0.03426396,0.04796315,-0.049399923,-0.351185409,-0.32300598,-0.41863825,0.930938701,0.130247651,0.157444038,0.042472233
urn:mavedb:00000658-p-1#237,g.50_52delinsTAT,ENST00000644876.2:c.1801_1803delinsTAT,ENSP00000494040.1:p.Asp601Tyr,-0.02640495,0.03725576,0.099125613,-0.207202098,-0.244965657,-0.439226381,0.749222583,0.26348817399999996,0.140052131,0.00210308
urn:mavedb:00000658-p-1#238,g.51A>T,ENST00000644876.2:c.1802A>T,ENSP00000494040.1:p.Asp601Val,-0.01872525,0.21924580000000002,0.022197388,-0.16303192800000002,-0.163964551,-0.287721497,0.972483823,0.6055778820000001,0.564747523,0.198762095
urn:mavedb:00000658-p-1#239,g.51A>C,ENST00000644876.2:c.1802A>C,ENSP00000494040.1:p.Asp601Ala,-0.01854435,0.003549214,0.00973597,-0.147859617,-0.172933278,-0.027792518,0.9804189809999999,0.3769667820000001,0.24132406899999997,0.889477119
urn:mavedb:00000658-p-1#240,g.51A>G,ENST00000644876.2:c.1802A>G,ENSP00000494040.1:p.Asp601Gly,-0.02215735,0.1202646,0.0249079629999999,-0.208045448,-0.18943236,-0.430553879,0.965041991,0.395860779,0.42001235600000003,0.015765712
urn:mavedb:00000658-p-1#241,g.52C>T,ENST00000644876.2:c.1803C>T,ENSP00000494040.1:p.Asp601=,0.003364882,0.8725229999999999,0.0072673090000000004,0.115673703,0.01775318,0.2088563339999999,0.9897904609999999,0.6797159140000001,0.956126478,0.280136006
urn:mavedb:00000658-p-1#242,g.52C>A,ENST00000644876.2:c.1803C>A,ENSP00000494040.1:p.Asp601Glu,-0.01219822,0.3493389,0.093173547,0.01743908,-0.296298779,-0.417210866,0.826658978,0.9669848059999999,0.150185543,0.022762413
urn:mavedb:00000658-p-1#243,g.52C>G,ENST00000644876.2:c.1803C>G,ENSP00000494040.1:p.Asp601Glu,0.0004499012,0.9895394000000001,0.005253971,-0.0842581219999999,3.91e-05,-0.273786866,0.99325891,0.793849528,0.9999599509999999,0.14304624800000001
urn:mavedb:00000658-p-1#244,g.53_55del,ENST00000644876.2:c.1804_1806del,ENSP00000494040.1:p.Tyr602del,-0.05101083,1.4836970000000003e-05,-0.10187501800000001,-0.4280788579999999,-0.508061768,-0.530429046,0.786295732,0.014352065,0.002200624,0.001168242
urn:mavedb:00000658-p-1#245,g.53T>C,ENST00000644876.2:c.1804T>C,ENSP00000494040.1:p.Tyr602His,0.007448733000000001,0.7991547,-0.004623159,0.1086385,0.070209641,0.241274502,0.994640089,0.790153511,0.85817937,0.35595712
urn:mavedb:00000658-p-1#246,g.53T>A,ENST00000644876.2:c.1804T>A,ENSP00000494040.1:p.Tyr602Asn,0.02813556,0.04022598,0.1722560839999999,0.18010977600000003,0.35077269,0.594045857,0.55183646,0.450173959,0.046256019,0.000132635
urn:mavedb:00000658-p-1#247,g.53T>G,ENST00000644876.2:c.1804T>G,ENSP00000494040.1:p.Tyr602Asp,0.0418111,0.0007653563,0.043146187,0.19389661800000002,0.4976068179999999,0.637344146,0.9165027659999999,0.313654791,0.000345881,1.87e-06
urn:mavedb:00000658-p-1#248,g.53_55delinsAAT,ENST00000644876.2:c.1804_1806delinsAAT,ENSP00000494040.1:p.Tyr602Asn,0.04570435,0.01255247,-0.0219886839999999,0.280964473,0.44464970000000004,0.554141926,0.976582851,0.366249224,0.073709135,0.01544762
urn:mavedb:00000658-p-1#249,g.53_55delinsAGC,ENST00000644876.2:c.1804_1805delinsAG,ENSP00000494040.1:p.Tyr602Ser,0.02417556,0.1662306,-0.151401343,0.051072819000000005,0.281125652,0.381494275,0.62684518,0.887157677,0.131822614,0.021992977
urn:mavedb:00000658-p-1#250,g.53_55delinsCAT,ENST00000644876.2:c.1804_1806delinsCAT,ENSP00000494040.1:p.Tyr602His,0.03634382,0.01046016,0.154932898,0.313907524,0.3987188679999999,0.504074625,0.663249481,0.1377158999999999,0.034453498,0.004075074000000001
urn:mavedb:00000658-p-1#251,g.53_55delinsGAT,ENST00000644876.2:c.1804_1806delinsGAT,ENSP00000494040.1:p.Tyr602Asp,0.03730642,0.03306041,-0.2257422989999999,0.212180478,0.314090885,0.64212517,0.47147543,0.43429395600000004,0.150037463,0.000361019
urn:mavedb:00000658-p-1#252,g.53_55delinsTGT,ENST00000644876.2:c.1805_1806delinsGT,ENSP00000494040.1:p.Tyr602Cys,-0.003445207,0.9192777,-0.14354687800000002,-0.013319611,-0.0828967259999999,-0.016598653,0.776409143,0.980460619,0.84085439,0.970130484
urn:mavedb:00000658-p-1#253,g.53_55delinsTTT,ENST00000644876.2:c.1805_1806delinsTT,ENSP00000494040.1:p.Tyr602Phe,0.0005698917,0.9908094999999999,-0.34508601200000005,-0.18787763600000001,-0.033859706,-0.28338405,0.167711499,0.522453353,0.927707561,0.201859037
urn:mavedb:00000658-p-1#254,g.54A>T,ENST00000644876.2:c.1805A>T,ENSP00000494040.1:p.Tyr602Phe,0.01072759,0.41682020000000003,-0.014532386000000001,0.035503612000000004,0.121029143,0.21058873600000003,0.972157353,0.900030421,0.487858511,0.129048746
urn:mavedb:00000658-p-1#255,g.54A>C,ENST00000644876.2:c.1805A>C,ENSP00000494040.1:p.Tyr602Ser,0.03507364,0.02151279,0.141186263,0.22972050800000002,0.4023016239999999,0.550281357,0.769779642,0.47545276399999997,0.100535185,0.012246995
urn:mavedb:00000658-p-1#256,g.54A>G,ENST00000644876.2:c.1805A>G,ENSP00000494040.1:p.Tyr602Cys,0.0084217359999999,0.6919086999999999,-0.132937689,-0.034227679,0.076264227,0.059559437,0.761146498,0.9406846990000001,0.829747276,0.854126141
urn:mavedb:00000658-p-1#257,g.55C>T,ENST00000644876.2:c.1806C>T,ENSP00000494040.1:p.Tyr602=,0.004196247,0.8871824,-0.3720526839999999,-0.10429508300000001,-0.05044161900000001,-0.090485515,0.015868076000000002,0.660018628,0.842050533,0.643368577
urn:mavedb:00000658-p-1#258,g.55C>A,ENST00000644876.2:c.1806C>A,ENSP00000494040.1:p.Tyr602Ter,-0.21293800000000002,1.482859e-09,-1.231987096,-2.000122333,-2.368615512,-2.570382186,0.012222078,4.19e-06,4.7300000000000007e-08,4.56e-09
urn:mavedb:00000658-p-1#259,g.55C>G,ENST00000644876.2:c.1806C>G,ENSP00000494040.1:p.Tyr602Ter,-0.2544614999999999,3.33913e-13,-1.517380699,-2.534484171,-2.8788062119999998,-2.8849567639999996,1.6800000000000002e-05,6.92e-14,2.33e-17,2.52e-17
urn:mavedb:00000658-p-1#260,g.56_58del,ENST00000644876.2:c.1808_1810del,ENSP00000494040.1:p.Arg603del,-0.007371855,0.6473971,0.309870458,-0.000969238,-0.0045399609999999,-0.211298937,0.028783113,0.997067082,0.984622161,0.13852219699999999
urn:mavedb:00000658-p-1#261,g.56C>A,ENST00000644876.2:c.1807C>A,ENSP00000494040.1:p.Arg603=,0.0009761637,0.9781919,-0.274241525,-0.021599204,-0.09124064400000001,-0.08555883,0.26533198399999997,0.9589744509999999,0.755637563,0.738902615
urn:mavedb:00000658-p-1#262,g.56C>G,ENST00000644876.2:c.1807C>G,ENSP00000494040.1:p.Arg603Gly,-0.02691994,0.08566304,-0.0930419669999999,-0.2326853019999999,-0.273296466,-0.578666814,0.847663107,0.395360515,0.255861324,0.00272839
urn:mavedb:00000658-p-1#263,g.56C>T,ENST00000644876.2:c.1807C>T,ENSP00000494040.1:p.Arg603Ter,-0.12906610000000002,1.381008e-14,-0.509773675,-1.248322488,-1.3540872590000002,-1.5375839880000002,0.035482267000000005,4.5e-10,1.23e-11,1.93e-14
urn:mavedb:00000658-p-1#264,g.56_58delinsAGG,ENST00000644876.2:c.1807_1809delinsAGG,ENSP00000494040.1:p.Arg603=,0.02474491,0.11047960000000001,0.201592611,0.278150745,0.295374672,0.30140709,0.460696444,0.16801975600000002,0.11869604199999999,0.09527190699999999
urn:mavedb:00000658-p-1#265,g.56_58delinsCAG,ENST00000644876.2:c.1808_1809delinsAG,ENSP00000494040.1:p.Arg603Gln,-0.02492169,0.1496027,0.142186119,-0.224229469,-0.1797706439999999,-0.1287345309999999,0.7396499209999999,0.434772835,0.5299219000000001,0.6440148379999999
urn:mavedb:00000658-p-1#266,g.56_58delinsCCC,ENST00000644876.2:c.1808_1809delinsCC,ENSP00000494040.1:p.Arg603Pro,-0.06091437,1.516065e-07,-0.06599326700000001,-0.47205384100000003,-0.611261865,-0.7355982790000001,0.8855552320000001,0.007446914000000001,0.000234164,6.3e-06
urn:mavedb:00000658-p-1#267,g.56_58delinsCTG,ENST00000644876.2:c.1808_1809delinsTG,ENSP00000494040.1:p.Arg603Leu,-0.01046011,0.5627983,0.117333185,-0.091573855,-0.066739279,-0.235747459,0.744316027,0.7727300509999999,0.822851936,0.227751509
urn:mavedb:00000658-p-1#268,g.56_58delinsGGC,ENST00000644876.2:c.1807_1809delinsGGC,ENSP00000494040.1:p.Arg603Gly,-0.01704687,0.1939719,-0.073430208,-0.205815704,-0.162381039,-0.25997674600000004,0.816963285,0.222248455,0.34997566700000005,0.071442583
urn:mavedb:00000658-p-1#269,g.56_58delinsTAA,ENST00000644876.2:c.1807_1808delinsTA,ENSP00000494040.1:p.Arg603Ter,-0.1941047999999999,6.159821e-07,-1.1051990170000001,-2.151097401,-2.239792821,-2.608825882,0.168900296,0.00046747300000000004,0.000219449,1.1599999999999999e-05
urn:mavedb:00000658-p-1#270,g.57G>T,ENST00000644876.2:c.1808G>T,ENSP00000494040.1:p.Arg603Leu,-0.01462215,0.3389919,0.0988877,-0.003215758,-0.137935383,-0.294844328,0.781510713,0.9934565129999999,0.550744635,0.08891245
urn:mavedb:00000658-p-1#271,g.57G>A,ENST00000644876.2:c.1808G>A,ENSP00000494040.1:p.Arg603Gln,-0.02579988,0.006699516,-0.028178649,-0.185019407,-0.22270038,-0.290351294,0.94782526,0.32066633,0.17557846800000002,0.050052692
urn:mavedb:00000658-p-1#272,g.57G>C,ENST00000644876.2:c.1808G>C,ENSP00000494040.1:p.Arg603Pro,-0.04564016,0.0004241801,0.005444907,-0.3893268929999999,-0.394346186,-0.6818971340000001,0.9936202679999999,0.058878024,0.048334547,0.000131345
urn:mavedb:00000658-p-1#273,g.58A>T,ENST00000644876.2:c.1809A>T,ENSP00000494040.1:p.Arg603=,0.01884891,0.3672882999999999,-0.068506255,-0.049476545,0.21086921,0.26833575600000004,0.903458155,0.914059381,0.447600756,0.26569052
urn:mavedb:00000658-p-1#274,g.58A>C,ENST00000644876.2:c.1809A>C,ENSP00000494040.1:p.Arg603=,-0.02990458,0.04967356,-0.26883165800000003,-0.256235345,-0.372673335,-0.315532054,0.256266172,0.23332244300000002,0.040787206,0.0880719119999999
urn:mavedb:00000658-p-1#275,g.58A>G,ENST00000644876.2:c.1809A>G,ENSP00000494040.1:p.Arg603=,0.003011418,0.8844516,0.064994417,-0.0258276829999999,0.063994365,0.165839004,0.843769375,0.929952335,0.7761627729999999,0.297050372
urn:mavedb:00000658-p-1#276,g.59_61del,ENST00000644876.2:c.1810_1812del,ENSP00000494040.1:p.Gln604del,0.01435778,0.4546529,-0.137041065,0.0271281229999999,0.141771357,0.037498427,0.656607067,0.939468895,0.521992909,0.884732315
urn:mavedb:00000658-p-1#277,g.59C>A,ENST00000644876.2:c.1810C>A,ENSP00000494040.1:p.Gln604Lys,0.01972449,0.1875369999999999,0.016901175,0.0998829169999999,0.216289939,0.330133556,0.974148494,0.7300058079999999,0.278106474,0.051310613
urn:mavedb:00000658-p-1#278,g.59C>G,ENST00000644876.2:c.1810C>G,ENSP00000494040.1:p.Gln604Glu,-0.00935412,0.7093782,-0.354172514,-0.069138882,-0.245031606,-0.2733804999999999,0.035436944,0.81257693,0.149558211,0.0879246
urn:mavedb:00000658-p-1#279,g.59C>T,ENST00000644876.2:c.1810C>T,ENSP00000494040.1:p.Gln604Ter,-0.1924132,4.723432e-17,-0.8329786809999999,-2.031062676,-2.1016753009999998,-2.005457133,0.007902868,1.6200000000000007e-13,1.84e-14,2.91e-13
urn:mavedb:00000658-p-1#280,g.59_61delinsAAG,ENST00000644876.2:c.1810_1812delinsAAG,ENSP00000494040.1:p.Gln604Lys,0.0350685,0.0010255960000000001,0.1052372019999999,0.353498695,0.35465070200000004,0.528432632,0.700387014,0.008528623,0.007183023,1.52e-05
urn:mavedb:00000658-p-1#281,g.59_61delinsCCC,ENST00000644876.2:c.1811_1812delinsCC,ENSP00000494040.1:p.Gln604Pro,0.01776442,0.2970248,0.07573573900000001,0.035763846,0.183663585,0.154107443,0.863527741,0.926266057,0.429814845,0.492932936
urn:mavedb:00000658-p-1#282,g.59_61delinsCGG,ENST00000644876.2:c.1811_1812delinsGG,ENSP00000494040.1:p.Gln604Arg,0.01442012,0.4243201,-0.10427741,0.21730100300000002,0.09081512900000001,0.296393051,0.7220180740000001,0.1956279,0.67092917,0.036801084
urn:mavedb:00000658-p-1#283,g.59_61delinsCTG,ENST00000644876.2:c.1811_1812delinsTG,ENSP00000494040.1:p.Gln604Leu,-0.02328264,0.130773,-0.035888967,-0.033596165,-0.268729554,-0.2754954069999999,0.935262935,0.9204903609999999,0.120155561,0.09618848599999999
urn:mavedb:00000658-p-1#284,g.59_61delinsGAG,ENST00000644876.2:c.1810_1812delinsGAG,ENSP00000494040.1:p.Gln604Glu,8.790951e-05,0.9980241,-0.021550318,0.028217347,-0.014468088,-0.042271311,0.976692013,0.958416368,0.9735292879999999,0.912646064
urn:mavedb:00000658-p-1#285,g.59_61delinsTGA,ENST00000644876.2:c.1810_1811delinsTG,ENSP00000494040.1:p.Gln604Ter,-0.236815,7.073384e-12,-1.516547345,-2.407358999,-2.625055564,-2.774906137,0.0006823860000000001,6.720000000000002e-09,2.24e-10,2.1100000000000003e-11
urn:mavedb:00000658-p-1#286,g.60A>G,ENST00000644876.2:c.1811A>G,ENSP00000494040.1:p.Gln604Arg,0.02087123,0.1139799,-0.010931514,0.234814771,0.227758054,0.3691797579999999,0.981099275,0.14932742599999999,0.148581677,0.006473705
urn:mavedb:00000658-p-1#287,g.60A>C,ENST00000644876.2:c.1811A>C,ENSP00000494040.1:p.Gln604Pro,0.03433268,1.0809700000000001e-05,0.225616271,0.287200634,0.414140391,0.48844035700000005,0.045397435,0.003459691,5.63e-06,5.2099999999999997e-08
urn:mavedb:00000658-p-1#288,g.60A>T,ENST00000644876.2:c.1811A>T,ENSP00000494040.1:p.Gln604Leu,-0.007193257,0.796326,0.1563779119999999,0.089034066,-0.046497727,-0.076141972,0.736079417,0.840027862,0.910799482,0.8226467059999999
urn:mavedb:00000658-p-1#289,g.61A>G,ENST00000644876.2:c.1812A>G,ENSP00000494040.1:p.Gln604=,-0.007619449,0.7301299,-0.290202332,-0.072157875,-0.149686335,-0.18274329600000003,0.238677728,0.84497726,0.568931478,0.419699695
urn:mavedb:00000658-p-1#290,g.61A>C,ENST00000644876.2:c.1812A>C,ENSP00000494040.1:p.Gln604His,0.03467353,0.02796506,0.259911138,0.415629161,0.399631124,0.377029095,0.349901041,0.039710498,0.044986306,0.055387124
urn:mavedb:00000658-p-1#291,g.61A>T,ENST00000644876.2:c.1812A>T,ENSP00000494040.1:p.Gln604His,0.01791468,0.1835646,0.100785977,0.23006694600000002,0.18404560600000003,0.263392236,0.736079417,0.16459245,0.281449921,0.073494505
urn:mavedb:00000658-p-1#292,g.62_64del,ENST00000644876.2:c.1815_1817del,ENSP00000494040.1:p.Ser606del,-0.0009962539,0.9810537,-0.246300742,-0.276603566,-0.031169699,-0.315334107,0.484693482,0.334180191,0.940246157,0.19658049600000002
urn:mavedb:00000658-p-1#293,g.62A>G,ENST00000644876.2:c.1813A>G,ENSP00000494040.1:p.Ser605Gly,0.005863111,0.7725887,-0.157454635,0.02246359,0.014833023,0.127593877,0.5184668060000001,0.945838312,0.9580517940000001,0.49084680299999994
urn:mavedb:00000658-p-1#294,g.62A>C,ENST00000644876.2:c.1813A>C,ENSP00000494040.1:p.Ser605Arg,0.02255712,0.11165080000000001,0.37436410600000003,0.300676858,0.353509939,0.481130957,0.029129943999999998,0.08318587,0.027648417999999998,0.001108635
urn:mavedb:00000658-p-1#295,g.62A>T,ENST00000644876.2:c.1813A>T,ENSP00000494040.1:p.Ser605Cys,-0.001732855,0.9543885,-0.226832418,-0.024436137,-0.085330965,-0.1944333919999999,0.37673305100000004,0.9509758140000001,0.761947997,0.345758908
urn:mavedb:00000658-p-1#296,g.62_64delinsAAC,ENST00000644876.2:c.1814_1815delinsAC,ENSP00000494040.1:p.Ser605Asn,-0.006049796,0.8228751,0.007225073,-0.0574959809999999,-0.047494503,-0.229020896,0.992702785,0.9024727029999999,0.9051652020000001,0.378677831
urn:mavedb:00000658-p-1#297,g.62_64delinsACC,ENST00000644876.2:c.1814_1815delinsCC,ENSP00000494040.1:p.Ser605Thr,0.001069147,0.9681690999999999,-0.025216202000000004,-0.1180928659999999,0.034800841,-0.1305556159999999,0.9578142820000001,0.640462914,0.903376783,0.510657651
urn:mavedb:00000658-p-1#298,g.62_64delinsATC,ENST00000644876.2:c.1814_1815delinsTC,ENSP00000494040.1:p.Ser605Ile,0.006983269,0.6698295999999999,-0.0860821559999999,0.001810791,0.054168252,-0.138283709,0.782821117,0.99547948,0.823302735,0.428546827
urn:mavedb:00000658-p-1#299,g.62_64delinsGGC,ENST00000644876.2:c.1813_1815delinsGGC,ENSP00000494040.1:p.Ser605Gly,-0.002627818,0.9208605,0.0270343389999999,-0.103166724,0.003544472,0.051618864,0.966439734,0.7877854129999999,0.991740994,0.87469641
urn:mavedb:00000658-p-1#300,g.62_64delinsTCA,ENST00000644876.2:c.1813_1815delinsTCA,ENSP00000494040.1:p.Ser605=,-0.01394529,0.4195337999999999,-0.080637903,-0.205789287,-0.115834875,-0.050768136,0.853121496,0.398638007,0.668585349,0.857017108
urn:mavedb:00000658-p-1#301,g.62_64delinsTCC,ENST00000644876.2:c.1813_1815delinsTCC,ENSP00000494040.1:p.Ser605=,-0.0161197,0.3075256,0.12513154,-0.120952067,-0.029932136,-0.044130913,0.802328935,0.7661464859999999,0.9437354109999999,0.903191758
urn:mavedb:00000658-p-1#302,g.62_64delinsTCG,ENST00000644876.2:c.1813_1815delinsTCG,ENSP00000494040.1:p.Ser605=,0.01400844,0.2143498,0.061209987,0.104709426,0.162429014,0.099721975,0.820088755,0.548592915,0.23377480399999997,0.49966447
urn:mavedb:00000658-p-1#303,g.62_64delinsTCT,ENST00000644876.2:c.1813_1814delinsTC,ENSP00000494040.1:p.Ser605=,-0.003849608,0.864066,-0.176882202,-0.10112040300000001,-0.0696693999999999,0.214268018,0.59229819,0.7635102859999999,0.827488917,0.323590265
urn:mavedb:00000658-p-1#304,g.62_64delinsTGC,ENST00000644876.2:c.1813_1815delinsTGC,ENSP00000494040.1:p.Ser605Cys,0.01981124,0.22449760000000002,-0.079265506,0.030329441000000002,0.199830465,0.10367435400000001,0.829348587,0.92758328,0.281735342,0.617284788
urn:mavedb:00000658-p-1#305,g.63G>C,ENST00000644876.2:c.1814G>C,ENSP00000494040.1:p.Ser605Thr,0.01616716,0.48197170000000006,0.255933383,0.112383296,0.2671275039999999,0.102274108,0.5567036439999999,0.8227574040000001,0.420373925,0.786528509
urn:mavedb:00000658-p-1#306,g.63G>A,ENST00000644876.2:c.1814G>A,ENSP00000494040.1:p.Ser605Asn,-0.003954433,0.8722635,-0.025830593,-0.082065393,-0.0234510779999999,-0.06818846,0.9628891629999999,0.811225509,0.944992023,0.79563859
urn:mavedb:00000658-p-1#307,g.63G>T,ENST00000644876.2:c.1814G>T,ENSP00000494040.1:p.Ser605Ile,0.009269008,0.7235683,0.016504141,-0.081527614,0.138044264,0.226232545,0.9799534740000001,0.8443737790000001,0.656308682,0.360109833
urn:mavedb:00000658-p-1#308,g.64T>C,ENST00000644876.2:c.1815T>C,ENSP00000494040.1:p.Ser605=,0.02370945,0.2754377999999999,0.11941431400000001,0.289804931,0.24347960300000002,0.087939611,0.845650475,0.40209731200000004,0.47447041700000003,0.8197445090000001
urn:mavedb:00000658-p-1#309,g.64T>A,ENST00000644876.2:c.1815T>A,ENSP00000494040.1:p.Ser605Arg,0.0077772269999999,0.6247978,-0.017833155,0.1050683519999999,0.040636937000000005,0.051313291,0.9694246,0.667473079,0.878733597,0.820287772
urn:mavedb:00000658-p-1#310,g.64T>G,ENST00000644876.2:c.1815T>G,ENSP00000494040.1:p.Ser605Arg,0.03210682,0.02521615,0.19176686,0.278283357,0.377007463,0.5502152889999999,0.587871368,0.26348817399999996,0.076890371,0.003760967
urn:mavedb:00000658-p-1#311,g.65_67del,ENST00000644876.2:c.1816_1818del,ENSP00000494040.1:p.Ser606del,0.0190016,0.3043884,-0.20528789600000003,0.055341912,0.132042727,0.14313715300000002,0.42538189,0.872686165,0.575569874,0.49412765399999997
urn:mavedb:00000658-p-1#312,g.65A>G,ENST00000644876.2:c.1816A>G,ENSP00000494040.1:p.Ser606Gly,0.018815000000000002,0.1979047,0.11801667800000001,0.216199543,0.192606125,0.31794241,0.75695558,0.36850936100000004,0.40898722299999996,0.092950959
urn:mavedb:00000658-p-1#313,g.65A>C,ENST00000644876.2:c.1816A>C,ENSP00000494040.1:p.Ser606Arg,0.01665485,0.2182982,0.053190611,0.149312295,0.181496835,0.440806783,0.884283897,0.44912365200000004,0.28456892,0.000774663
urn:mavedb:00000658-p-1#314,g.65A>T,ENST00000644876.2:c.1816A>T,ENSP00000494040.1:p.Ser606Cys,0.01134763,0.4124459,-0.066190703,0.117566807,0.08311736900000001,0.093217737,0.843156667,0.576464737,0.695586278,0.61325107
urn:mavedb:00000658-p-1#315,g.65_67delinsAAT,ENST00000644876.2:c.1817_1818delinsAT,ENSP00000494040.1:p.Ser606Asn,0.009610295,0.6579893,0.103821493,0.064784553,0.137125196,-0.009176156,0.808910503,0.868328925,0.619780851,0.980570217
urn:mavedb:00000658-p-1#316,g.65_67delinsACA,ENST00000644876.2:c.1817_1818delinsCA,ENSP00000494040.1:p.Ser606Thr,0.001721471,0.9419825000000001,0.017783745,-0.045485397000000004,0.048094419000000006,0.11566351300000001,0.974148494,0.904320056,0.8773708579999999,0.617511368
urn:mavedb:00000658-p-1#317,g.65_67delinsATT,ENST00000644876.2:c.1817_1818delinsTT,ENSP00000494040.1:p.Ser606Ile,-0.01733763,0.05773132,-0.12583544900000002,-0.086584375,-0.214189993,-0.14650749300000002,0.611230525,0.709816918,0.163523954,0.370779949
urn:mavedb:00000658-p-1#318,g.65_67delinsGGA,ENST00000644876.2:c.1816_1818delinsGGA,ENSP00000494040.1:p.Ser606Gly,-0.01068867,0.2885248,-0.021519198,-0.079675305,-0.1135069059999999,-0.13331457300000002,0.943375672,0.631106827,0.391336544,0.259872728
urn:mavedb:00000658-p-1#319,g.65_67delinsTCA,ENST00000644876.2:c.1816_1818delinsTCA,ENSP00000494040.1:p.Ser606=,-0.01387427,0.6606771,0.01112997,0.12498908800000001,-0.21319717300000002,0.022289233,0.990912408,0.820521042,0.6008685770000001,0.966284985
urn:mavedb:00000658-p-1#320,g.65_67delinsTCC,ENST00000644876.2:c.1816_1817delinsTC,ENSP00000494040.1:p.Ser606=,-0.0130546,0.5735326999999999,-0.069426164,-0.2927230489999999,-0.118021302,-0.226456082,0.8760439659999999,0.14975059599999999,0.65077016,0.260395155
urn:mavedb:00000658-p-1#321,g.65_67delinsTCG,ENST00000644876.2:c.1816_1818delinsTCG,ENSP00000494040.1:p.Ser606=,-0.01906311,0.2817524,-0.095368615,-0.010354708,-0.246768028,-0.177717409,0.852419349,0.98296584,0.351302756,0.506203339
urn:mavedb:00000658-p-1#322,g.65_67delinsTCT,ENST00000644876.2:c.1816_1818delinsTCT,ENSP00000494040.1:p.Ser606=,0.01162734,0.49338590000000004,0.271947305,0.044602567,0.23244898,0.401413439,0.10278376300000001,0.88094338,0.137488608,0.002588225
urn:mavedb:00000658-p-1#323,g.65_67delinsTGT,ENST00000644876.2:c.1816_1818delinsTGT,ENSP00000494040.1:p.Ser606Cys,0.002069255,0.9543885,0.0075951519999999,-0.09287993900000001,0.058756908,0.162338017,0.99325891,0.8496060009999999,0.8958581320000001,0.617506343
urn:mavedb:00000658-p-1#324,g.66G>A,ENST00000644876.2:c.1817G>A,ENSP00000494040.1:p.Ser606Asn,0.01769611,0.24318710000000002,0.16898675800000001,0.1729469039999999,0.256790756,0.253106053,0.611230525,0.52453097,0.234275035,0.219207315
urn:mavedb:00000658-p-1#325,g.66G>C,ENST00000644876.2:c.1817G>C,ENSP00000494040.1:p.Ser606Thr,0.0003167129,0.9928471,-0.104123088,-0.037202042000000005,-0.021523116000000002,-0.124889352,0.8534211340000001,0.942159986,0.961285939,0.6978507890000001
urn:mavedb:00000658-p-1#326,g.66G>T,ENST00000644876.2:c.1817G>T,ENSP00000494040.1:p.Ser606Ile,0.0055439669999999,0.805266,0.11640990300000001,0.062576324,0.094696041,0.111215324,0.786109831,0.87982706,0.768887165,0.680883281
urn:mavedb:00000658-p-1#327,g.67C>A,ENST00000644876.2:c.1818C>A,ENSP00000494040.1:p.Ser606Arg,0.01871897,0.23054360000000002,-0.067374803,0.081736482,0.1686683389999999,0.16303173,0.8604775240000001,0.774279555,0.397205295,0.382297075
urn:mavedb:00000658-p-1#328,g.67C>G,ENST00000644876.2:c.1818C>G,ENSP00000494040.1:p.Ser606Arg,0.03183943,0.0001145816,0.076895582,0.279424186,0.32699837600000004,0.506766826,0.77684355,0.029342199,0.006701441,5.22e-06
urn:mavedb:00000658-p-1#329,g.67C>T,ENST00000644876.2:c.1818C>T,ENSP00000494040.1:p.Ser606=,0.002982281,0.802922,0.126079449,0.021887461,0.071484572,-0.077332501,0.66075204,0.9493011379999999,0.772865725,0.71437755
urn:mavedb:00000658-p-1#330,g.68_70del,ENST00000644876.2:c.1820_1822del,ENSP00000494040.1:p.Gly607del,-0.0069730090000000005,0.7627321,0.162104324,-0.014793885,-0.013025993,-0.0404900579999999,0.60607399,0.9708624,0.968541535,0.885469191
urn:mavedb:00000658-p-1#331,g.68G>A,ENST00000644876.2:c.1819G>A,ENSP00000494040.1:p.Gly607Ser,0.007932937,0.6590041999999999,0.05573979,0.058383722,0.1030729969999999,0.30575362100000003,0.891263585,0.851869131,0.657756745,0.054064364000000004
urn:mavedb:00000658-p-1#332,g.68G>C,ENST00000644876.2:c.1819G>C,ENSP00000494040.1:p.Gly607Arg,0.01707121,0.2783377999999999,0.265525548,0.308047888,0.20917750300000001,0.503784523,0.22072048800000002,0.092109774,0.299087792,0.001115779
urn:mavedb:00000658-p-1#333,g.68G>T,ENST00000644876.2:c.1819G>T,ENSP00000494040.1:p.Gly607Cys,0.0025194220000000003,0.9444883,0.1982252669999999,0.145695362,0.065398777,0.339988399,0.725641388,0.7727300509999999,0.897327433,0.283535806
urn:mavedb:00000658-p-1#334,g.68_70delinsAGC,ENST00000644876.2:c.1819_1821delinsAGC,ENSP00000494040.1:p.Gly607Ser,0.01593352,0.4983479,0.018471383,-0.025934942000000002,0.193943169,0.059901763,0.9798651209999999,0.9616645840000001,0.540221869,0.869335449
urn:mavedb:00000658-p-1#335,g.68_70delinsCGG,ENST00000644876.2:c.1819_1821delinsCGG,ENSP00000494040.1:p.Gly607Arg,0.02283288,0.05552423,0.119568244,0.199213222,0.264352267,0.388657915,0.688352153,0.303676824,0.110738966,0.007876453
urn:mavedb:00000658-p-1#336,g.68_70delinsGAC,ENST00000644876.2:c.1820_1821delinsAC,ENSP00000494040.1:p.Gly607Asp,0.00145159,0.9726036,0.1004076919999999,-0.17889973,0.103154445,0.156769367,0.858822619,0.633930157,0.789303903,0.611998057
urn:mavedb:00000658-p-1#337,g.68_70delinsGCC,ENST00000644876.2:c.1820_1821delinsCC,ENSP00000494040.1:p.Gly607Ala,0.02164666,0.2566152,0.113987763,0.164460851,0.258979455,0.338777427,0.802328935,0.6033727289999999,0.288237782,0.11403393199999999
urn:mavedb:00000658-p-1#338,g.68_70delinsGTG,ENST00000644876.2:c.1820_1821delinsTG,ENSP00000494040.1:p.Gly607Val,0.006889193,0.7200219,0.049366282000000004,-0.012135692,0.10842845400000001,-0.047150963,0.8926314000000001,0.970629689,0.588685937,0.828155772
urn:mavedb:00000658-p-1#339,g.68_70delinsTGC,ENST00000644876.2:c.1819_1821delinsTGC,ENSP00000494040.1:p.Gly607Cys,-0.0018297329999999,0.9332583000000001,0.119743238,-0.155345832,0.057571834,0.103610527,0.6809152620000001,0.46208203299999995,0.820164571,0.590901195
urn:mavedb:00000658-p-1#340,g.69G>C,ENST00000644876.2:c.1820G>C,ENSP00000494040.1:p.Gly607Ala,-0.01526115,0.4091755,0.146118053,-0.061279928,-0.0904555669999999,-0.072894841,0.6950679820000001,0.875348864,0.7694258409999999,0.794104998
urn:mavedb:00000658-p-1#341,g.69G>A,ENST00000644876.2:c.1820G>A,ENSP00000494040.1:p.Gly607Asp,-0.0141556,0.42884890000000003,-0.13131473400000002,-0.2345459369999999,-0.168639662,-0.265898492,0.7334639759999999,0.325772276,0.500693795,0.192868185
urn:mavedb:00000658-p-1#342,g.69G>T,ENST00000644876.2:c.1820G>T,ENSP00000494040.1:p.Gly607Val,0.01055791,0.48294560000000003,0.085305789,0.274962162,0.0797401609999999,0.121454731,0.7396499209999999,0.029246142000000003,0.6652641979999999,0.41678469999999995
urn:mavedb:00000658-p-1#343,g.70T>A,ENST00000644876.2:c.1821T>A,ENSP00000494040.1:p.Gly607=,-0.003805122,0.8777459999999999,-0.212075063,-0.025659567,-0.106436419,-0.024819429,0.34435849799999996,0.940698019,0.64721876,0.9250029670000001
urn:mavedb:00000658-p-1#344,g.70T>C,ENST00000644876.2:c.1821T>C,ENSP00000494040.1:p.Gly607=,0.01541398,0.3437134,0.088078085,0.099729628,0.18192055,0.12214109,0.849002461,0.77795126,0.476572779,0.6348175229999999
urn:mavedb:00000658-p-1#345,g.70T>G,ENST00000644876.2:c.1821T>G,ENSP00000494040.1:p.Gly607=,0.01330374,0.5346666,-0.050415653,0.115089656,0.127961619,0.09755255,0.926478085,0.736771372,0.664155273,0.7242591820000001
urn:mavedb:00000658-p-1#346,g.71_73del,ENST00000644876.2:c.1822_1824del,ENSP00000494040.1:p.Ala608del,0.0004857580999999,0.9877406999999999,-0.141492624,0.0241356639999999,-0.046221349,0.005512098000000001,0.775948693,0.964815547,0.9144481170000001,0.989873696
urn:mavedb:00000658-p-1#347,g.71G>T,ENST00000644876.2:c.1822G>T,ENSP00000494040.1:p.Ala608Ser,-0.01892383,0.4553934,-0.30858076100000004,-0.34639464600000003,-0.250713638,-0.284153484,0.41782180799999996,0.271772955,0.449592902,0.33857578
urn:mavedb:00000658-p-1#348,g.71G>A,ENST00000644876.2:c.1822G>A,ENSP00000494040.1:p.Ala608Thr,-0.02843147,0.0009543747,-0.0516859109999999,-0.204982621,-0.286392573,-0.254642937,0.849104858,0.102691354,0.010131176,0.024353233
urn:mavedb:00000658-p-1#349,g.71G>C,ENST00000644876.2:c.1822G>C,ENSP00000494040.1:p.Ala608Pro,-0.003558231,0.8986596,0.143484842,-0.047258205,0.027465957000000003,0.06975666900000001,0.7323544479999999,0.914059381,0.9426815609999999,0.820025213
urn:mavedb:00000658-p-1#350,g.71_73delinsACA,ENST00000644876.2:c.1822_1824delinsACA,ENSP00000494040.1:p.Ala608Thr,0.005836777,0.823517,-0.287905144,-0.01573112,-0.016099948,-0.020709592,0.246290917,0.970629689,0.96273486,0.950233288
urn:mavedb:00000658-p-1#351,g.71_73delinsAGC,ENST00000644876.2:c.1822_1823delinsAG,ENSP00000494040.1:p.Ala608Ser,0.01203376,0.5505315,-0.172977679,-0.027208994,0.0972408269999999,-0.0263573639999999,0.57465251,0.945112029,0.724858652,0.931221066
urn:mavedb:00000658-p-1#352,g.71_73delinsCCT,ENST00000644876.2:c.1822_1824delinsCCT,ENSP00000494040.1:p.Ala608Pro,0.01254412,0.5468447,-0.097869333,0.127100228,0.078587731,0.005718988,0.8096815490000001,0.663479099,0.790263442,0.986404678
urn:mavedb:00000658-p-1#353,g.71_73delinsGAT,ENST00000644876.2:c.1823_1824delinsAT,ENSP00000494040.1:p.Ala608Asp,-0.0302878,0.07520147,-0.090402513,-0.289280148,-0.302503685,-0.318557705,0.857559504,0.263087581,0.209215997,0.160796566
urn:mavedb:00000658-p-1#354,g.71_73delinsGGA,ENST00000644876.2:c.1823_1824delinsGA,ENSP00000494040.1:p.Ala608Gly,0.0124494,0.5567032,0.0142958239999999,-0.051381305,0.176286363,0.071764274,0.981099275,0.898728183,0.4770277,0.7942157259999999
urn:mavedb:00000658-p-1#355,g.71_73delinsGTG,ENST00000644876.2:c.1823_1824delinsTG,ENSP00000494040.1:p.Ala608Val,-0.00879829,0.6529866,0.131640085,-0.0126379339999999,-0.045531311,-0.030088756,0.666015507,0.97243078,0.873570338,0.908608878
urn:mavedb:00000658-p-1#356,g.72C>G,ENST00000644876.2:c.1823C>G,ENSP00000494040.1:p.Ala608Gly,0.003290535,0.9019982,-0.083596852,0.082373613,-0.0136651089999999,-0.021007751,0.87260336,0.839724774,0.971891483,0.956201966
urn:mavedb:00000658-p-1#357,g.72C>T,ENST00000644876.2:c.1823C>T,ENSP00000494040.1:p.Ala608Val,0.0001743591999999,0.9949148000000001,-0.07200837,0.008565057,-0.032811377,-0.084678386,0.8617914790000001,0.9819088690000001,0.9156877859999999,0.716747743
urn:mavedb:00000658-p-1#358,g.72C>A,ENST00000644876.2:c.1823C>A,ENSP00000494040.1:p.Ala608Asp,-0.03048533,0.1184906999999999,-0.2587903239999999,-0.343483647,-0.366892176,-0.33063185100000003,0.398593066,0.14594014,0.099297046,0.133802111
urn:mavedb:00000658-p-1#359,g.73C>A,ENST00000644876.2:c.1824C>A,ENSP00000494040.1:p.Ala608=,-0.008119607,0.7812573,-0.2336212289999999,-0.248329169,-0.1004601719999999,-0.372757425,0.545874015,0.4345537370000001,0.791809379,0.12931355
urn:mavedb:00000658-p-1#360,g.73C>G,ENST00000644876.2:c.1824C>G,ENSP00000494040.1:p.Ala608=,-0.0067446419999999,0.5713783,0.054517817,0.0169054,-0.062144565,0.176874363,0.84347264,0.948271284,0.732192452,0.15297607900000001
urn:mavedb:00000658-p-1#361,g.73C>T,ENST00000644876.2:c.1824C>T,ENSP00000494040.1:p.Ala608=,0.006985086,0.755838,-0.2036474489999999,0.042747263,-0.11922115,-0.09585757800000001,0.436635314,0.905099587,0.625188528,0.671426414
urn:mavedb:00000658-p-1#362,g.74_76del,ENST00000644876.2:c.1827_1829del,ENSP00000494040.1:p.Ser612del,-0.01325848,0.4573439,-0.141778503,-0.227984425,-0.131964571,-0.238794977,0.6230626,0.23100301399999998,0.543139744,0.16241957
urn:mavedb:00000658-p-1#363,g.74A>G,ENST00000644876.2:c.1825A>G,ENSP00000494040.1:p.Ser609Gly,-0.008173958,0.6156185000000001,0.0903644719999999,-0.000182573,-0.060941859,0.1171578059999999,0.773790449,0.9994481159999999,0.806021056,0.530576836
urn:mavedb:00000658-p-1#364,g.74A>C,ENST00000644876.2:c.1825A>C,ENSP00000494040.1:p.Ser609Arg,-0.0002906866,0.9932019,-0.115988953,-0.040783661,-0.006079859,0.11044580400000001,0.753004408,0.914059381,0.984377445,0.637457066
urn:mavedb:00000658-p-1#365,g.74A>T,ENST00000644876.2:c.1825A>T,ENSP00000494040.1:p.Ser609Cys,-0.00252959,0.9197470999999999,-0.046860661,-0.047014122,-0.001831655,0.031671286,0.939939651,0.9192937390000001,0.995983539,0.932925087
urn:mavedb:00000658-p-1#366,g.74_76delinsAAT,ENST00000644876.2:c.1826_1827delinsAT,ENSP00000494040.1:p.Ser609Asn,-0.002320777,0.9484284,-0.0242649079999999,0.153315717,-0.070438769,0.106450122,0.975154292,0.722748453,0.8761745670000001,0.769534424
urn:mavedb:00000658-p-1#367,g.74_76delinsACA,ENST00000644876.2:c.1826_1827delinsCA,ENSP00000494040.1:p.Ser609Thr,-0.005734972,0.8294841999999999,0.047822663,0.003440214,-0.033522032,0.2335876639999999,0.950462538,0.9954237490000001,0.94704684,0.477427834
urn:mavedb:00000658-p-1#368,g.74_76delinsATT,ENST00000644876.2:c.1826_1827delinsTT,ENSP00000494040.1:p.Ser609Ile,-0.03339638,0.032015300000000003,-0.3621718989999999,-0.426674954,-0.366850179,-0.192318011,0.098965193,0.02673613,0.061625467,0.390729379
urn:mavedb:00000658-p-1#369,g.74_76delinsGGA,ENST00000644876.2:c.1825_1827delinsGGA,ENSP00000494040.1:p.Ser609Gly,-0.002596307,0.9011031999999999,-0.0854621409999999,-0.070024108,-0.0684796459999999,-0.166183007,0.829348587,0.8307508840000001,0.808241951,0.415094631
urn:mavedb:00000658-p-1#370,g.74_76delinsTCA,ENST00000644876.2:c.1825_1827delinsTCA,ENSP00000494040.1:p.Ser609=,0.01091869,0.6105593,0.159983036,0.149816586,0.148014043,0.31725279,0.659701569,0.621337948,0.586831164,0.11654587300000001
urn:mavedb:00000658-p-1#371,g.74_76delinsTCC,ENST00000644876.2:c.1825_1826delinsTC,ENSP00000494040.1:p.Ser609=,-0.003124741,0.8563537,-0.04672642900000001,-0.111216963,-0.0489585959999999,-0.00296569,0.8985109720000001,0.610963396,0.840368083,0.990643163
urn:mavedb:00000658-p-1#372,g.74_76delinsTCG,ENST00000644876.2:c.1825_1827delinsTCG,ENSP00000494040.1:p.Ser609=,0.0090979659999999,0.6008244,0.0507083159999999,0.129283433,0.084321375,0.014440573,0.900613343,0.579716301,0.724594051,0.958915418
urn:mavedb:00000658-p-1#373,g.74_76delinsTCT,ENST00000644876.2:c.1825_1827delinsTCT,ENSP00000494040.1:p.Ser609=,-0.009093551,0.7617368,-0.29274698,-0.044811723,-0.186074243,-0.179016652,0.41601554399999996,0.929544705,0.5834590279999999,0.5614087560000001
urn:mavedb:00000658-p-1#374,g.74_76delinsTGT,ENST00000644876.2:c.1825_1827delinsTGT,ENSP00000494040.1:p.Ser609Cys,0.009110711,0.5304701,-0.130779364,-0.1123371619999999,0.10317646300000001,0.164467431,0.40199593299999997,0.43214039299999996,0.442783873,0.1348673209999999
urn:mavedb:00000658-p-1#375,g.75G>A,ENST00000644876.2:c.1826G>A,ENSP00000494040.1:p.Ser609Asn,-0.003969754,0.8812005999999999,-0.0033707209999999,0.019625193,-0.053009192000000004,0.10787400800000001,0.995561557,0.966811503,0.8833542320000001,0.696647365
urn:mavedb:00000658-p-1#376,g.75G>C,ENST00000644876.2:c.1826G>C,ENSP00000494040.1:p.Ser609Thr,0.007647719,0.6544962,0.177771541,0.1144717419999999,0.12509515300000001,0.1248223659999999,0.438156098,0.631221441,0.5473279870000001,0.509884341
urn:mavedb:00000658-p-1#377,g.75G>T,ENST00000644876.2:c.1826G>T,ENSP00000494040.1:p.Ser609Ile,-0.008961529000000001,0.6809965,-0.17098757,-0.157265472,-0.0572665029999999,0.1209859019999999,0.590098586,0.556175506,0.8549812170000001,0.601381377
urn:mavedb:00000658-p-1#378,g.76C>T,ENST00000644876.2:c.1827C>T,ENSP00000494040.1:p.Ser609=,-0.001636659,0.9307236999999999,0.09790741,0.115703477,-0.017346241000000002,0.110241374,0.7406462840000001,0.599213375,0.9494197090000001,0.544901002
urn:mavedb:00000658-p-1#379,g.76C>A,ENST00000644876.2:c.1827C>A,ENSP00000494040.1:p.Ser609Arg,0.03749707,0.04232798,0.1625385359999999,0.241701277,0.444067096,0.541845937,0.708910123,0.41385698200000004,0.046891272000000005,0.009298431
urn:mavedb:00000658-p-1#380,g.76C>G,ENST00000644876.2:c.1827C>G,ENSP00000494040.1:p.Ser609Arg,0.01847389,0.11016310000000001,0.043245764000000006,0.178175373,0.227561577,0.467009061,0.933889015,0.5061301770000001,0.312177692,0.008550589
urn:mavedb:00000658-p-1#381,g.77_79del,ENST00000644876.2:c.1828_1830del,ENSP00000494040.1:p.Ser612del,0.01298061,0.2330245,0.19110918600000001,0.153675326,0.125106096,0.2329241389999999,0.264991645,0.356900572,0.453538948,0.07681434200000001
urn:mavedb:00000658-p-1#382,g.77A>G,ENST00000644876.2:c.1828A>G,ENSP00000494040.1:p.Ser610Gly,0.01870673,0.1593765,0.23536036300000002,0.2399122739999999,0.244097877,0.264477393,0.32620953399999997,0.24941838,0.213126998,0.147084372
urn:mavedb:00000658-p-1#383,g.77A>C,ENST00000644876.2:c.1828A>C,ENSP00000494040.1:p.Ser610Arg,0.02074535,0.3028672999999999,0.069553509,0.212548495,0.231517038,0.326211717,0.900067937,0.46919030799999994,0.378745703,0.143289318
urn:mavedb:00000658-p-1#384,g.77A>T,ENST00000644876.2:c.1828A>T,ENSP00000494040.1:p.Ser610Cys,-0.00626376,0.6424354999999999,-0.110437072,-0.032124556,-0.07589973,-0.04785512,0.699920581,0.916983305,0.740620658,0.827892546
urn:mavedb:00000658-p-1#385,g.77_79delinsAAC,ENST00000644876.2:c.1829_1830delinsAC,ENSP00000494040.1:p.Ser610Asn,0.002754206,0.9264429,0.0490326009999999,3.27e-08,0.055879755,0.023260115,0.9316840809999999,0.999999849,0.878733597,0.949685012
urn:mavedb:00000658-p-1#386,g.77_79delinsACC,ENST00000644876.2:c.1829_1830delinsCC,ENSP00000494040.1:p.Ser610Thr,0.02506588,0.01396183,0.1705511519999999,0.112777315,0.302370446,0.214399184,0.36728480799999996,0.565499637,0.01919171,0.120675401
urn:mavedb:00000658-p-1#387,g.77_79delinsATC,ENST00000644876.2:c.1829_1830delinsTC,ENSP00000494040.1:p.Ser610Ile,-0.008144026,0.7326504,-0.153494897,-0.150978312,-0.115178,-0.042848064000000005,0.656541668,0.584229112,0.670179985,0.880432092
urn:mavedb:00000658-p-1#388,g.77_79delinsGGC,ENST00000644876.2:c.1828_1830delinsGGC,ENSP00000494040.1:p.Ser610Gly,-0.004229226,0.814415,-0.014585166,0.029573163,-0.023865884,-0.05359493,0.972606374,0.917581946,0.924657391,0.787210283
urn:mavedb:00000658-p-1#389,g.77_79delinsTCA,ENST00000644876.2:c.1828_1830delinsTCA,ENSP00000494040.1:p.Ser610=,0.01981739,0.44409670000000007,0.143578071,0.12681582,0.25423646,0.010956431,0.820752142,0.81139637,0.49499663299999996,0.9841694559999999
urn:mavedb:00000658-p-1#390,g.77_79delinsTCC,ENST00000644876.2:c.1828_1830delinsTCC,ENSP00000494040.1:p.Ser610=,0.01738701,0.3847277999999999,0.097066987,0.018354971,0.2352897739999999,0.189999781,0.8342584909999999,0.968117001,0.331734913,0.429819629
urn:mavedb:00000658-p-1#391,g.77_79delinsTCG,ENST00000644876.2:c.1828_1830delinsTCG,ENSP00000494040.1:p.Ser610=,0.01398717,0.43618,0.11104731,0.1057215609999999,0.185472799,0.16165300300000002,0.78692043,0.7519151909999999,0.45408744,0.496064189
urn:mavedb:00000658-p-1#392,g.77_79delinsTCT,ENST00000644876.2:c.1828_1829delinsTC,ENSP00000494040.1:p.Ser610=,-0.002026177,0.9324412000000001,-0.188583738,-0.05402855,-0.08168527,0.056958177,0.50480059,0.8824671740000001,0.774905387,0.830150973
urn:mavedb:00000658-p-1#393,g.77_79delinsTGC,ENST00000644876.2:c.1828_1830delinsTGC,ENSP00000494040.1:p.Ser610Cys,0.01064482,0.6424658000000001,-0.088540689,0.07377660700000001,0.08050522,0.114576604,0.856860427,0.8559344459999999,0.815352348,0.67991167
urn:mavedb:00000658-p-1#394,g.78G>A,ENST00000644876.2:c.1829G>A,ENSP00000494040.1:p.Ser610Asn,0.0005482257,0.9909863000000001,-0.280129866,-0.361828772,-0.033224251,-0.31015544100000003,0.41635924399999996,0.17508363100000002,0.937801357,0.220264011
urn:mavedb:00000658-p-1#395,g.78G>C,ENST00000644876.2:c.1829G>C,ENSP00000494040.1:p.Ser610Thr,0.01375294,0.5578555000000001,-0.054079468,0.039009772000000005,0.127909619,0.1560718509999999,0.92945793,0.932680319,0.702644347,0.5799818760000001
urn:mavedb:00000658-p-1#396,g.78G>T,ENST00000644876.2:c.1829G>T,ENSP00000494040.1:p.Ser610Ile,-0.005100562,0.8464646999999998,-0.122588079,-0.162332489,-0.054656855,0.00825428,0.753004408,0.56012738,0.868163635,0.9822911759999999
urn:mavedb:00000658-p-1#397,g.79T>C,ENST00000644876.2:c.1830T>C,ENSP00000494040.1:p.Ser610=,-0.001769054,0.9498533000000001,-0.0552930559999999,0.084876139,-0.055228494,0.013102055,0.904103668,0.789356616,0.8564566159999999,0.967388688
urn:mavedb:00000658-p-1#398,g.79T>A,ENST00000644876.2:c.1830T>A,ENSP00000494040.1:p.Ser610Arg,0.02706887,0.06622579,0.144037311,0.242532682,0.3100653539999999,0.345042258,0.6911586479999999,0.297728685,0.12383116699999999,0.067815789
urn:mavedb:00000658-p-1#399,g.79T>G,ENST00000644876.2:c.1830T>G,ENSP00000494040.1:p.Ser610Arg,0.01276093,0.2638886,0.18171599800000002,0.149369048,0.21496448,0.302545049,0.33748288600000004,0.40507888799999997,0.142120385,0.019493223
urn:mavedb:00000658-p-1#400,g.80_82del,ENST00000644876.2:c.1831_1833del,ENSP00000494040.1:p.Ser612del,-0.0008898084,0.9787110000000001,0.08736658900000001,-0.076305078,0.040907628,0.077704845,0.8575428409999999,0.848913985,0.912075926,0.7926876829999999
urn:mavedb:00000658-p-1#401,g.80T>G,ENST00000644876.2:c.1831T>G,ENSP00000494040.1:p.Ser611Ala,0.0001320487999999,0.9967058000000001,0.22592254,0.037030801,0.068696483,-0.064224759,0.278091593,0.910888592,0.787461319,0.777274075
urn:mavedb:00000658-p-1#402,g.80T>A,ENST00000644876.2:c.1831T>A,ENSP00000494040.1:p.Ser611Thr,0.01356187,0.5954598000000001,-0.086158525,0.021564659,0.134271695,0.037396022,0.89156643,0.969676572,0.719796203,0.926453912
urn:mavedb:00000658-p-1#403,g.80T>C,ENST00000644876.2:c.1831T>C,ENSP00000494040.1:p.Ser611Pro,-0.0120056,0.5689625,-0.116225358,-0.097876652,-0.149946298,0.016137036,0.8146016690000001,0.817678923,0.642649499,0.968230337
urn:mavedb:00000658-p-1#404,g.80_82delinsACA,ENST00000644876.2:c.1831_1833delinsACA,ENSP00000494040.1:p.Ser611Thr,-0.0040301009999999,0.8652588,-0.095805882,0.028123486,-0.079030213,-0.0584720259999999,0.7973875570000001,0.939468895,0.774089182,0.8178512809999999
urn:mavedb:00000658-p-1#405,g.80_82delinsAGC,ENST00000644876.2:c.1831_1832delinsAG,ENSP00000494040.1:p.Ser611=,-0.0129662999999999,0.6451581000000001,-0.0560192609999999,-0.155166104,-0.127786555,-0.11111039800000001,0.9316840809999999,0.6926532609999999,0.727353365,0.736352027
urn:mavedb:00000658-p-1#406,g.80_82delinsAGT,ENST00000644876.2:c.1831_1833delinsAGT,ENSP00000494040.1:p.Ser611=,0.005530583,0.8438367,-0.062842574,0.00419495,0.1152157509999999,0.22317905300000002,0.921197783,0.9936500079999999,0.755710972,0.425713656
urn:mavedb:00000658-p-1#407,g.80_82delinsCCT,ENST00000644876.2:c.1831_1833delinsCCT,ENSP00000494040.1:p.Ser611Pro,-0.01854502,0.2444561,-0.012110068,-0.13201549,-0.16286440300000002,-0.242840803,0.981642305,0.614091995,0.45738484100000004,0.18695772100000002
urn:mavedb:00000658-p-1#408,g.80_82delinsGCT,ENST00000644876.2:c.1831_1833delinsGCT,ENSP00000494040.1:p.Ser611Ala,0.007323507,0.7045318,0.040892674,0.130483753,0.04927525,0.139508261,0.933633072,0.642909145,0.875446101,0.530576836
urn:mavedb:00000658-p-1#409,g.80_82delinsTAT,ENST00000644876.2:c.1832_1833delinsAT,ENSP00000494040.1:p.Ser611Tyr,0.008356808,0.7789735,-0.1175177219999999,-0.0535920659999999,0.069570595,0.034344995,0.8129990340000001,0.9078987609999999,0.8555012909999999,0.924449819
urn:mavedb:00000658-p-1#410,g.80_82delinsTGT,ENST00000644876.2:c.1832_1833delinsGT,ENSP00000494040.1:p.Ser611Cys,-0.00363253,0.8473451,-0.01533256,-0.028473636,-0.03400216,-0.019640359,0.976675251,0.937323018,0.911847284,0.9472786209999999
urn:mavedb:00000658-p-1#411,g.80_82delinsTTT,ENST00000644876.2:c.1832_1833delinsTT,ENSP00000494040.1:p.Ser611Phe,0.02549687,0.11047960000000001,0.045046134,0.269072556,0.256862016,0.4430099179999999,0.936663988,0.27280465600000003,0.274373732,0.022390647000000003
urn:mavedb:00000658-p-1#412,g.81C>A,ENST00000644876.2:c.1832C>A,ENSP00000494040.1:p.Ser611Tyr,0.01104166,0.6676101,0.177270223,0.08447357400000001,0.18037983800000001,0.161073033,0.694386973,0.8526053859999999,0.57785674,0.591168491
urn:mavedb:00000658-p-1#413,g.81C>T,ENST00000644876.2:c.1832C>T,ENSP00000494040.1:p.Ser611Phe,-0.01017919,0.6595935,0.087378748,-0.07719281,-0.04804895,-0.059214272000000005,0.8943592429999999,0.887157677,0.919998595,0.884732315
urn:mavedb:00000658-p-1#414,g.81C>G,ENST00000644876.2:c.1832C>G,ENSP00000494040.1:p.Ser611Cys,-0.018568400000000002,0.10397060000000001,-0.107789645,-0.188877016,-0.2057763819999999,-0.176602664,0.7541289590000001,0.39028941799999994,0.298645651,0.365171715
urn:mavedb:00000658-p-1#415,g.82C>A,ENST00000644876.2:c.1833C>A,ENSP00000494040.1:p.Ser611=,-0.0054746019999999,0.8046284,-0.099206379,-0.11208428,-0.109643024,0.07689346,0.8058525879999999,0.716639427,0.689312826,0.765810203
urn:mavedb:00000658-p-1#416,g.82C>G,ENST00000644876.2:c.1833C>G,ENSP00000494040.1:p.Ser611=,0.00411577,0.8347316999999999,0.133952031,0.062450038,0.1288591419999999,0.134257991,0.677240918,0.851167653,0.586720294,0.525361332
urn:mavedb:00000658-p-1#417,g.82C>T,ENST00000644876.2:c.1833C>T,ENSP00000494040.1:p.Ser611=,0.004258764,0.8223026,0.00733042,-0.060376129,0.030036662000000002,-0.0421759559999999,0.9868485790000001,0.825228359,0.906721491,0.846654453
urn:mavedb:00000658-p-1#418,g.83_85del,ENST00000644876.2:c.1834_1836del,ENSP00000494040.1:p.Ser612del,-0.0039813290000000005,0.8728992,-0.321961852,-0.102183744,-0.10838314800000001,-0.317177632,0.10013852,0.7175619590000001,0.657756745,0.062023906
urn:mavedb:00000658-p-1#419,g.83A>G,ENST00000644876.2:c.1834A>G,ENSP00000494040.1:p.Ser612Gly,0.01063832,0.334287,0.183551441,0.15883128900000001,0.137357742,0.1195927719999999,0.25246611,0.291357128,0.357677577,0.41340754799999996
urn:mavedb:00000658-p-1#420,g.83A>C,ENST00000644876.2:c.1834A>C,ENSP00000494040.1:p.Ser612Arg,0.01323526,0.5345671999999999,-0.032415495,0.144325636,0.109894282,0.248289537,0.955602983,0.644403827,0.71497451,0.2582356
urn:mavedb:00000658-p-1#421,g.83A>T,ENST00000644876.2:c.1834A>T,ENSP00000494040.1:p.Ser612Cys,0.01364136,0.3464354,0.032733303,0.1190118209999999,0.145659498,-0.01052501,0.9392344000000001,0.610963396,0.45782568100000004,0.970130484
urn:mavedb:00000658-p-1#422,g.83_85delinsAAT,ENST00000644876.2:c.1835_1836delinsAT,ENSP00000494040.1:p.Ser612Asn,0.01296366,0.4316554,0.083109342,0.198439969,0.1346072459999999,0.314863602,0.83294704,0.370999115,0.568678046,0.06637991
urn:mavedb:00000658-p-1#423,g.83_85delinsACA,ENST00000644876.2:c.1835_1836delinsCA,ENSP00000494040.1:p.Ser612Thr,-0.006729265,0.7708968,-0.023190701,-0.161078876,-0.019919937,-0.149377327,0.9662173140000001,0.532633884,0.952269875,0.495470934
urn:mavedb:00000658-p-1#424,g.83_85delinsATT,ENST00000644876.2:c.1835_1836delinsTT,ENSP00000494040.1:p.Ser612Ile,-0.004470632,0.8697043999999999,0.058993474000000004,-0.009165961,0.027194911000000002,0.148986795,0.91744352,0.9844202009999999,0.945458775,0.581779257
urn:mavedb:00000658-p-1#425,g.83_85delinsGGA,ENST00000644876.2:c.1834_1836delinsGGA,ENSP00000494040.1:p.Ser612Gly,0.001868036,0.9277290000000001,-0.0958544009999999,-0.075724532,0.031153893,-0.00379855,0.694386973,0.720331547,0.8871362909999999,0.986483887
urn:mavedb:00000658-p-1#426,g.83_85delinsTCA,ENST00000644876.2:c.1834_1836delinsTCA,ENSP00000494040.1:p.Ser612=,0.002577214,0.9004325999999999,-0.038149817,-0.013154848,0.027986897,-0.00984327,0.920934184,0.96762049,0.913240987,0.970130484
urn:mavedb:00000658-p-1#427,g.83_85delinsTCC,ENST00000644876.2:c.1834_1835delinsTC,ENSP00000494040.1:p.Ser612=,0.003951673,0.821685,-0.0578481079999999,-0.012061506000000001,0.035673435,-0.14671992,0.87414721,0.9708624,0.890453455,0.40155034799999995
urn:mavedb:00000658-p-1#428,g.83_85delinsTCG,ENST00000644876.2:c.1834_1836delinsTCG,ENSP00000494040.1:p.Ser612=,0.0048602820000000005,0.8995164000000001,-0.025380774,-0.014749838000000001,0.080473034,0.016450915,0.9768905659999999,0.9814029809999999,0.869670802,0.975314562
urn:mavedb:00000658-p-1#429,g.83_85delinsTCT,ENST00000644876.2:c.1834_1836delinsTCT,ENSP00000494040.1:p.Ser612=,0.004489041,0.8601222,-0.077587043,-0.134496793,0.078715542,0.042673046,0.8526857520000001,0.622365294,0.778817435,0.875302798
urn:mavedb:00000658-p-1#430,g.83_85delinsTGT,ENST00000644876.2:c.1834_1836delinsTGT,ENSP00000494040.1:p.Ser612Cys,-0.01032493,0.5841108,-0.08592179800000001,-0.156153223,-0.10308267300000001,-0.135464074,0.820752142,0.517755514,0.68050879,0.51795648
urn:mavedb:00000658-p-1#431,g.84G>A,ENST00000644876.2:c.1835G>A,ENSP00000494040.1:p.Ser612Asn,0.006426326,0.7741847,-0.068915491,0.10931781300000001,0.040521305,-0.076413116,0.871929847,0.7005592620000001,0.895650562,0.7532734459999999
urn:mavedb:00000658-p-1#432,g.84G>C,ENST00000644876.2:c.1835G>C,ENSP00000494040.1:p.Ser612Thr,0.003861191,0.8907235000000001,-0.0846536919999999,-0.034137352,0.034517666,-0.168322308,0.8521717670000001,0.9315783040000001,0.9204288009999999,0.466369765
urn:mavedb:00000658-p-1#433,g.84G>T,ENST00000644876.2:c.1835G>T,ENSP00000494040.1:p.Ser612Ile,-0.02060471,0.2401373999999999,-0.173632046,-0.172330879,-0.25263529,-0.132613709,0.593816009,0.5234855070000001,0.24299994800000002,0.57965394
urn:mavedb:00000658-p-1#434,g.85C>T,ENST00000644876.2:c.1836C>T,ENSP00000494040.1:p.Ser612=,-0.01495721,0.43541670000000005,-0.24596904,-0.0682631859999999,-0.30819993,-0.079076276,0.340878178,0.846298195,0.116492191,0.756397258
urn:mavedb:00000658-p-1#435,g.85C>A,ENST00000644876.2:c.1836C>A,ENSP00000494040.1:p.Ser612Arg,0.01855958,0.3459698,-0.063822758,0.101843462,0.162135009,0.16153852,0.9033900140000001,0.77795126,0.556152663,0.516607728
urn:mavedb:00000658-p-1#436,g.85C>G,ENST00000644876.2:c.1836C>G,ENSP00000494040.1:p.Ser612Arg,0.006952594,0.6688155,-0.021222155,0.074473247,0.0636684999999999,0.190425683,0.961777812,0.77634106,0.7880388840000001,0.236133774
urn:mavedb:00000658-p-1#437,g.86_88del,ENST00000644876.2:c.1837_1839del,ENSP00000494040.1:p.Phe613del,0.01027683,0.6454046999999999,0.024942445,0.025099097,0.131345919,0.19918585,0.966992126,0.955493831,0.648247207,0.392549069
urn:mavedb:00000658-p-1#438,g.86T>C,ENST00000644876.2:c.1837T>C,ENSP00000494040.1:p.Phe613Leu,-0.02045674,0.3605,0.042850611,-0.071220066,-0.203310921,-0.38916627200000004,0.9499738040000001,0.885907553,0.5309025510000001,0.11992051
urn:mavedb:00000658-p-1#439,g.86T>G,ENST00000644876.2:c.1837T>G,ENSP00000494040.1:p.Phe613Val,-0.01407267,0.3334703,-0.109581245,-0.156277733,-0.124087399,-0.08913432800000001,0.7290493159999999,0.47049147799999996,0.564747523,0.668599044
urn:mavedb:00000658-p-1#440,g.86T>A,ENST00000644876.2:c.1837T>A,ENSP00000494040.1:p.Phe613Ile,-0.0008202610000000001,0.9881551,-0.0955954909999999,-0.066304691,-0.009529847,-0.10548246300000001,0.903970031,0.9170250320000001,0.985143305,0.8130669540000001
urn:mavedb:00000658-p-1#441,g.86_88delinsAGC,ENST00000644876.2:c.1837_1838delinsAG,ENSP00000494040.1:p.Phe613Ser,0.008997909,0.7844007,-0.056867959,0.001928564,0.100811235,-0.144245385,0.9392344000000001,0.997067082,0.818105071,0.683136182
urn:mavedb:00000658-p-1#442,g.86_88delinsATT,ENST00000644876.2:c.1837_1839delinsATT,ENSP00000494040.1:p.Phe613Ile,-0.01864525,0.3038008,-0.143394926,-0.0251734429999999,-0.281562223,0.03231235,0.76156607,0.961690983,0.30042868100000003,0.933194215
urn:mavedb:00000658-p-1#443,g.86_88delinsGTG,ENST00000644876.2:c.1837_1839delinsGTG,ENSP00000494040.1:p.Phe613Val,-0.02399571,0.3035299,0.1881479469999999,-0.1856187819999999,-0.143979345,-0.165200193,0.659623952,0.597142973,0.674063258,0.575967428
urn:mavedb:00000658-p-1#444,g.86_88delinsTAT,ENST00000644876.2:c.1838_1839delinsAT,ENSP00000494040.1:p.Phe613Tyr,0.01517629,0.4219241,0.225966835,0.263377773,0.2018449239999999,0.290501662,0.44747933,0.273463526,0.41854618299999996,0.166113525
urn:mavedb:00000658-p-1#445,g.86_88delinsTGT,ENST00000644876.2:c.1838_1839delinsGT,ENSP00000494040.1:p.Phe613Cys,-0.009192475,0.6105713,-0.088508227,-0.10147944,-0.108161765,-0.159481751,0.8378266059999999,0.7546066570000001,0.7021313459999999,0.48871026799999995
urn:mavedb:00000658-p-1#446,g.87T>A,ENST00000644876.2:c.1838T>A,ENSP00000494040.1:p.Phe613Tyr,-0.002489264,0.9036886000000001,0.120081826,0.099186237,-0.0188496119999999,0.079418638,0.6982847,0.709816918,0.949851184,0.7144621720000001
urn:mavedb:00000658-p-1#447,g.87T>C,ENST00000644876.2:c.1838T>C,ENSP00000494040.1:p.Phe613Ser,0.01116831,0.2829776,0.067001531,0.059746589,0.127929282,0.129423493,0.7705869759999999,0.7464215540000001,0.317178085,0.285977831
urn:mavedb:00000658-p-1#448,g.87T>G,ENST00000644876.2:c.1838T>G,ENSP00000494040.1:p.Phe613Cys,-0.009677175,0.6446705,-0.1040109569999999,-0.149474829,-0.070458247,-0.236312845,0.7927867559999999,0.591421364,0.81849575,0.248262366
urn:mavedb:00000658-p-1#449,g.88C>T,ENST00000644876.2:c.1839C>T,ENSP00000494040.1:p.Phe613=,-0.002140255,0.9324412000000001,-0.082674988,-0.03588401,-0.044910247,0.025896994,0.84213191,0.922427533,0.884763105,0.930252667
urn:mavedb:00000658-p-1#450,g.88C>G,ENST00000644876.2:c.1839C>G,ENSP00000494040.1:p.Phe613Leu,-7.617953e-05,0.9980241,0.041713832,0.007041325,0.0042225909999999,-0.142157919,0.938471596,0.9873027409999999,0.989335835,0.556162921
urn:mavedb:00000658-p-1#451,g.88C>A,ENST00000644876.2:c.1839C>A,ENSP00000494040.1:p.Phe613Leu,0.01133338,0.46781940000000005,-0.12034594300000001,0.069256676,0.080674069,-0.113199269,0.643112615,0.780163022,0.698606188,0.521010912
urn:mavedb:00000658-p-1#452,g.89_91del,ENST00000644876.2:c.1846_1848del,ENSP00000494040.1:p.Ser616del,0.01293683,0.23528960000000002,-0.045525878,0.09000810000000001,0.122312327,0.310477334,0.873905753,0.6052422670000001,0.388342742,0.003163638
urn:mavedb:00000658-p-1#453,g.89A>G,ENST00000644876.2:c.1840A>G,ENSP00000494040.1:p.Ser614Gly,-0.0029498809999999,0.8680601000000001,0.06984575700000001,0.057286453,-0.023162275,0.185265078,0.8099232670000001,0.818392654,0.9239124409999999,0.18907712100000001
urn:mavedb:00000658-p-1#454,g.89A>C,ENST00000644876.2:c.1840A>C,ENSP00000494040.1:p.Ser614Arg,0.01647058,0.2229078,0.0048255009999999,0.06263539,0.177088893,0.154985793,0.9926100379999999,0.821073664,0.301809493,0.35598898700000003
urn:mavedb:00000658-p-1#455,g.89A>T,ENST00000644876.2:c.1840A>T,ENSP00000494040.1:p.Ser614Cys,0.00593251,0.7398718000000001,0.034838454,0.101896954,0.048673017,0.315033526,0.93380916,0.6797159140000001,0.85310069,0.0331168779999999
urn:mavedb:00000658-p-1#456,g.89_91delinsAAT,ENST00000644876.2:c.1841_1842delinsAT,ENSP00000494040.1:p.Ser614Asn,-0.0043528329999999,0.9095200000000001,-0.0545991579999999,0.16367152,-0.100426608,0.134939897,0.939268717,0.695432072,0.81114787,0.693117537
urn:mavedb:00000658-p-1#457,g.89_91delinsACA,ENST00000644876.2:c.1841_1842delinsCA,ENSP00000494040.1:p.Ser614Thr,-0.02452354,0.07182719,-0.273415443,-0.159894971,-0.337658016,-0.123712701,0.085110754,0.364346623,0.011179793,0.45872209
urn:mavedb:00000658-p-1#458,g.89_91delinsATT,ENST00000644876.2:c.1841_1842delinsTT,ENSP00000494040.1:p.Ser614Ile,0.01629943,0.4601979999999999,0.33440173,0.2397379939999999,0.296990999,0.199283302,0.18618595,0.36551532299999995,0.194289536,0.41287618600000003
urn:mavedb:00000658-p-1#459,g.89_91delinsGGA,ENST00000644876.2:c.1840_1842delinsGGA,ENSP00000494040.1:p.Ser614Gly,-0.0027129159999999,0.9124587,-0.258104207,-0.139013894,-0.074717403,-0.09412188,0.251827873,0.591561055,0.787888549,0.682400132
urn:mavedb:00000658-p-1#460,g.89_91delinsTCA,ENST00000644876.2:c.1840_1842delinsTCA,ENSP00000494040.1:p.Ser614=,0.01294601,0.4849247999999999,0.005765303,0.084218647,0.141561223,0.161229835,0.992610708,0.7900571999999999,0.553389941,0.4431507870000001
urn:mavedb:00000658-p-1#461,g.89_91delinsTCC,ENST00000644876.2:c.1840_1841delinsTC,ENSP00000494040.1:p.Ser614=,-0.0065982119999999,0.757683,0.014358029,-0.140238463,-0.027602171,-0.053295237,0.9788754190000001,0.594172885,0.9312202690000001,0.8394238909999999
urn:mavedb:00000658-p-1#462,g.89_91delinsTCG,ENST00000644876.2:c.1840_1842delinsTCG,ENSP00000494040.1:p.Ser614=,-0.01363581,0.3365843,-0.05678988,-0.030778295,-0.182658774,-0.069468086,0.8926314000000001,0.929160248,0.37538274299999996,0.769184077
urn:mavedb:00000658-p-1#463,g.89_91delinsTCT,ENST00000644876.2:c.1840_1842delinsTCT,ENSP00000494040.1:p.Ser614=,-0.00231967,0.9470016,-0.109986839,-0.0529932959999999,-0.050940267000000004,0.283001422,0.814104325,0.903851326,0.889628396,0.20029659
urn:mavedb:00000658-p-1#464,g.89_91delinsTGT,ENST00000644876.2:c.1840_1842delinsTGT,ENSP00000494040.1:p.Ser614Cys,0.03712833,0.001481654,0.212556644,0.304434135,0.427947421,0.37156547,0.38744750299999997,0.096278596,0.007776206,0.023360184
urn:mavedb:00000658-p-1#465,g.90G>C,ENST00000644876.2:c.1841G>C,ENSP00000494040.1:p.Ser614Thr,0.003528883,0.8548722,0.000126728,0.011452426000000002,0.018116077,0.2114071569999999,0.999786858,0.9723636659999999,0.9469345859999999,0.17023696300000002
urn:mavedb:00000658-p-1#466,g.90G>A,ENST00000644876.2:c.1841G>A,ENSP00000494040.1:p.Ser614Asn,-0.0107632,0.6263198,-0.253634087,-0.210029918,-0.157390591,-0.1413807769999999,0.370812425,0.432593412,0.562810672,0.5748468870000001
urn:mavedb:00000658-p-1#467,g.90G>T,ENST00000644876.2:c.1841G>T,ENSP00000494040.1:p.Ser614Ile,0.03028959,0.005894699000000001,0.150568496,0.317309919,0.32801866,0.483579785,0.6072500679999999,0.067995235,0.04982006,0.0013485370000000001
urn:mavedb:00000658-p-1#468,g.91C>T,ENST00000644876.2:c.1842C>T,ENSP00000494040.1:p.Ser614=,0.0195227999999999,0.02232092,0.0467583279999999,0.181140286,0.193737275,0.182420215,0.847772108,0.103365352,0.06577269,0.07957900400000001
urn:mavedb:00000658-p-1#469,g.91C>A,ENST00000644876.2:c.1842C>A,ENSP00000494040.1:p.Ser614Arg,0.004181323,0.8309904,-0.17362121600000002,0.047098657,-0.0212384679999999,0.031696675,0.321108815,0.8443737790000001,0.926217958,0.869070815
urn:mavedb:00000658-p-1#470,g.91C>G,ENST00000644876.2:c.1842C>G,ENSP00000494040.1:p.Ser614Arg,0.004480883,0.8794552,0.2303494489999999,0.079857589,0.1211045759999999,0.197625375,0.44966938,0.837358183,0.687339041,0.40650041600000003
urn:mavedb:00000658-p-1#471,g.92A>G,ENST00000644876.2:c.1843A>G,ENSP00000494040.1:p.Ser615Gly,0.01586229,0.2359880999999999,0.237715855,0.1686583019999999,0.23047912,0.288902371,0.3793766120000001,0.539571519,0.304272533,0.146992749
urn:mavedb:00000658-p-1#472,g.92A>C,ENST00000644876.2:c.1843A>C,ENSP00000494040.1:p.Ser615Arg,0.01668911,0.3184522,0.21846986100000002,0.15884375,0.241320929,0.329311924,0.372027678,0.517280548,0.21264941399999998,0.053167890999999995
urn:mavedb:00000658-p-1#473,g.92A>T,ENST00000644876.2:c.1843A>T,ENSP00000494040.1:p.Ser615Cys,-0.01043545,0.6598689,-0.1704309889999999,-0.11948020300000001,-0.136073861,-0.280645661,0.667977591,0.742466498,0.66058531,0.22974629800000002
urn:mavedb:00000658-p-1#474,g.92_94delinsAAT,ENST00000644876.2:c.1844_1845delinsAT,ENSP00000494040.1:p.Ser615Asn,-0.005337577,0.8651065,-0.3047950789999999,-0.058810885,-0.1155933869999999,-0.165171894,0.250070704,0.889228903,0.707801846,0.5110062470000001
urn:mavedb:00000658-p-1#475,g.92_94delinsACA,ENST00000644876.2:c.1844_1845delinsCA,ENSP00000494040.1:p.Ser615Thr,0.001009523,0.9796001,-0.211988868,0.006263131,-0.061471614,-0.069997692,0.565269951,0.9898771209999999,0.8719174120000001,0.830150973
urn:mavedb:00000658-p-1#476,g.92_94delinsATT,ENST00000644876.2:c.1844_1845delinsTT,ENSP00000494040.1:p.Ser615Ile,-0.01647741,0.27924640000000006,0.01330307,-0.0766039709999999,-0.16428779300000002,-0.018994207,0.98367955,0.85157941,0.571627023,0.959601739
urn:mavedb:00000658-p-1#477,g.92_94delinsGGA,ENST00000644876.2:c.1843_1845delinsGGA,ENSP00000494040.1:p.Ser615Gly,-0.02423446,0.24463160000000003,-0.321403971,-0.154750622,-0.37408371700000004,-0.172414765,0.224760243,0.622571917,0.078622237,0.48630613899999997
urn:mavedb:00000658-p-1#478,g.92_94delinsTCA,ENST00000644876.2:c.1843_1845delinsTCA,ENSP00000494040.1:p.Ser615=,0.01083539,0.6431802,0.038922494,0.078140905,0.128229356,0.001529182,0.946402923,0.8402629309999999,0.663238066,0.996337142
urn:mavedb:00000658-p-1#479,g.92_94delinsTCC,ENST00000644876.2:c.1843_1844delinsTC,ENSP00000494040.1:p.Ser615=,0.008322809,0.7987844,0.031477395,-0.06355864900000001,0.11851299900000001,0.145266641,0.967510358,0.9060705920000001,0.76995441,0.667659763
urn:mavedb:00000658-p-1#480,g.92_94delinsTCG,ENST00000644876.2:c.1843_1845delinsTCG,ENSP00000494040.1:p.Ser615=,-0.02938817,0.1700885,0.013889488,-0.30342298100000004,-0.2555355589999999,-0.14400506400000002,0.9860473209999999,0.358186338,0.434385203,0.6720893379999999
urn:mavedb:00000658-p-1#481,g.92_94delinsTCT,ENST00000644876.2:c.1843_1845delinsTCT,ENSP00000494040.1:p.Ser615=,-0.001004562,0.9741482,-0.030812135,-0.169069941,0.031888835,-0.009181363,0.9487422329999999,0.45332995200000004,0.9146133759999999,0.9762097940000001
urn:mavedb:00000658-p-1#482,g.92_94delinsTGT,ENST00000644876.2:c.1843_1845delinsTGT,ENSP00000494040.1:p.Ser615Cys,0.03179831,0.1365993999999999,0.477523756,0.2040207869999999,0.462422014,0.358611561,0.061082669000000006,0.548678462,0.049046674000000005,0.140513876
urn:mavedb:00000658-p-1#483,g.93G>A,ENST00000644876.2:c.1844G>A,ENSP00000494040.1:p.Ser615Asn,-0.005195677,0.6922451999999999,0.044221524000000005,-0.053768232,-0.022271383,-0.16553173300000001,0.886245785,0.815793804,0.920154258,0.212414338
urn:mavedb:00000658-p-1#484,g.93G>C,ENST00000644876.2:c.1844G>C,ENSP00000494040.1:p.Ser615Thr,-0.01259128,0.4285390999999999,-0.098535175,-0.155889596,-0.14211026300000001,-0.129847089,0.75247576,0.454095715,0.472435779,0.487043496
urn:mavedb:00000658-p-1#485,g.93G>T,ENST00000644876.2:c.1844G>T,ENSP00000494040.1:p.Ser615Ile,-0.003171455,0.8011428,-0.021734197,-0.061770128,-0.016590951,0.031764422,0.929557583,0.663148496,0.91763945,0.804770474
urn:mavedb:00000658-p-1#486,g.94C>T,ENST00000644876.2:c.1845C>T,ENSP00000494040.1:p.Ser615=,-0.01003929,0.4280570999999999,0.022789304,-0.070217154,-0.098909756,-0.05731781,0.9491931840000001,0.7400442629999999,0.562810672,0.73914633
urn:mavedb:00000658-p-1#487,g.94C>A,ENST00000644876.2:c.1845C>A,ENSP00000494040.1:p.Ser615Arg,-0.004785234,0.8093173,-0.0284214579999999,-0.17999710600000002,-0.033277809,0.178799243,0.938685091,0.25394459,0.88401212,0.20323403199999998
urn:mavedb:00000658-p-1#488,g.94C>G,ENST00000644876.2:c.1845C>G,ENSP00000494040.1:p.Ser615Arg,0.01300169,0.3102245,0.064878358,0.120772281,0.140421969,0.41153225600000004,0.8506377190000001,0.576534887,0.450514649,0.001887905
urn:mavedb:00000658-p-1#489,g.95A>G,ENST00000644876.2:c.1846A>G,ENSP00000494040.1:p.Ser616Gly,0.008139027,0.5447573,0.17305340600000002,0.172419867,0.11508053300000001,-0.001333147,0.272617953,0.21599796300000002,0.450649642,0.994949106
urn:mavedb:00000658-p-1#490,g.95A>C,ENST00000644876.2:c.1846A>C,ENSP00000494040.1:p.Ser616Arg,0.01845398,0.2142758,0.194470881,0.146149583,0.255448646,0.40260715700000005,0.4118803270000001,0.529307028,0.142626565,0.00750813
urn:mavedb:00000658-p-1#491,g.95A>T,ENST00000644876.2:c.1846A>T,ENSP00000494040.1:p.Ser616Cys,0.006246191,0.7577915,0.089861831,0.139148964,0.04682798,0.082941381,0.802328935,0.566226267,0.87040889,0.711323032
urn:mavedb:00000658-p-1#492,g.95_97delinsAAT,ENST00000644876.2:c.1847_1848delinsAT,ENSP00000494040.1:p.Ser616Asn,-0.001567078,0.9638367,-0.00924955,-0.005294804,-0.018500142,0.027209666,0.9893416540000001,0.991284046,0.962374312,0.9420687659999999
urn:mavedb:00000658-p-1#493,g.95_97delinsACA,ENST00000644876.2:c.1847_1848delinsCA,ENSP00000494040.1:p.Ser616Thr,-0.01490926,0.4210371,-0.11979542,-0.046576128,-0.201937175,-0.16728900900000002,0.739281489,0.9003617009999999,0.345653575,0.426993165
urn:mavedb:00000658-p-1#494,g.95_97delinsATT,ENST00000644876.2:c.1847_1848delinsTT,ENSP00000494040.1:p.Ser616Ile,0.002257377,0.9470046,0.256504218,0.190757708,0.074538908,0.2448010139999999,0.48427650299999997,0.5911885029999999,0.8554322440000001,0.37220386
urn:mavedb:00000658-p-1#495,g.95_97delinsGGA,ENST00000644876.2:c.1846_1848delinsGGA,ENSP00000494040.1:p.Ser616Gly,0.005325562,0.845266,0.121101278,0.007831982,0.11145568300000001,0.242527992,0.79338181,0.987467944,0.73883892,0.324627899
urn:mavedb:00000658-p-1#496,g.95_97delinsTCA,ENST00000644876.2:c.1846_1848delinsTCA,ENSP00000494040.1:p.Ser616=,-0.01879149,0.1247653,-0.15153022900000002,-0.1332321769999999,-0.2324581439999999,-0.231255455,0.467640092,0.472012345,0.10283262,0.09471002199999999
urn:mavedb:00000658-p-1#497,g.95_97delinsTCC,ENST00000644876.2:c.1846_1847delinsTC,ENSP00000494040.1:p.Ser616=,-0.01032117,0.5388744000000001,-0.128940568,-0.1109733109999999,-0.1552212469999999,-0.154929887,0.7050003859999999,0.700596397,0.501985998,0.465431826
urn:mavedb:00000658-p-1#498,g.95_97delinsTCG,ENST00000644876.2:c.1846_1848delinsTCG,ENSP00000494040.1:p.Ser616=,0.01247227,0.6474639,-0.017713479,-0.038413344,0.175379838,0.402745862,0.979510089,0.936510482,0.57418698,0.0757255429999999
urn:mavedb:00000658-p-1#499,g.95_97delinsTCT,ENST00000644876.2:c.1846_1848delinsTCT,ENSP00000494040.1:p.Ser616=,-0.01538061,0.279115,-0.181642465,-0.11571962400000001,-0.2112388469999999,-0.09254612300000001,0.612521535,0.736330956,0.40653278,0.74013291
urn:mavedb:00000658-p-1#500,g.95_97delinsTGT,ENST00000644876.2:c.1846_1848delinsTGT,ENSP00000494040.1:p.Ser616Cys,0.01899196,0.1998046,0.245002992,0.1674864969999999,0.2394916439999999,0.438031558,0.42229584600000003,0.588819168,0.333948054,0.026560622000000002
urn:mavedb:00000658-p-1#501,g.96G>A,ENST00000644876.2:c.1847G>A,ENSP00000494040.1:p.Ser616Asn,0.0003019068,0.9943671000000001,-0.148230651,-0.140306808,-0.00526061,0.01737227,0.683187145,0.6405134,0.986426331,0.9594998579999999
urn:mavedb:00000658-p-1#502,g.96G>C,ENST00000644876.2:c.1847G>C,ENSP00000494040.1:p.Ser616Thr,-0.002308341,0.9176921999999998,0.10119190800000001,-0.094749609,0.044697352,0.110958852,0.774285393,0.742466498,0.878733597,0.609093412
urn:mavedb:00000658-p-1#503,g.96G>T,ENST00000644876.2:c.1847G>T,ENSP00000494040.1:p.Ser616Ile,-0.0009558238999999,0.965924,0.072618229,0.09208421800000001,-0.030072872,-0.026502907000000003,0.839538569,0.724529853,0.91509607,0.9163780090000001
urn:mavedb:00000658-p-1#504,g.97C>T,ENST00000644876.2:c.1848C>T,ENSP00000494040.1:p.Ser616=,0.003657165,0.8132710999999999,0.1157583419999999,0.05236421,0.07373484400000001,0.081387815,0.5784669720000001,0.8220591290000001,0.68487831,0.6075892420000001
urn:mavedb:00000658-p-1#505,g.97C>A,ENST00000644876.2:c.1848C>A,ENSP00000494040.1:p.Ser616Arg,0.01112853,0.4259386999999999,-0.127024573,-0.051911146,0.12418664900000001,0.046359075,0.492664074,0.812756774,0.38930857,0.7814722740000001
urn:mavedb:00000658-p-1#506,g.97C>G,ENST00000644876.2:c.1848C>G,ENSP00000494040.1:p.Ser616Arg,0.034244300000000005,0.02399005,0.241652757,0.273831076,0.467578658,0.349317847,0.434664615,0.277972735,0.020233771,0.098054265
urn:mavedb:00000658-p-1#507,g.98_100del,ENST00000644876.2:c.1849_1851del,ENSP00000494040.1:p.Arg617del,-0.006938229000000001,0.664623,-0.202235335,-0.08704022,-0.126020656,-0.1797217,0.185075782,0.6530645829999999,0.4123798870000001,0.170490245
urn:mavedb:00000658-p-1#508,g.98C>G,ENST00000644876.2:c.1849C>G,ENSP00000494040.1:p.Arg617Gly,-0.01309777,0.5041286,0.1053007869999999,-0.0873413669999999,-0.088099274,-0.110248662,0.769202843,0.776894393,0.741117025,0.620707068
urn:mavedb:00000658-p-1#509,g.98C>A,ENST00000644876.2:c.1849C>A,ENSP00000494040.1:p.Arg617Ser,0.0280252,0.1001078,0.377212634,0.1794004619999999,0.4607172479999999,0.508991316,0.101225958,0.534721643,0.015838181,0.005260784
urn:mavedb:00000658-p-1#510,g.98C>T,ENST00000644876.2:c.1849C>T,ENSP00000494040.1:p.Arg617Cys,-0.006945223,0.6470649,-0.032172634,-0.006731742,-0.099427747,0.05201571,0.930938701,0.981887324,0.59717551,0.787135013
urn:mavedb:00000658-p-1#511,g.98_100delinsAGA,ENST00000644876.2:c.1849_1851delinsAGA,ENSP00000494040.1:p.Arg617=,-0.02164131,0.279478,-0.337892862,-0.1435107219999999,-0.362491461,-0.193659942,0.132045194,0.624879891,0.062843426,0.381912088
urn:mavedb:00000658-p-1#512,g.98_100delinsAGG,ENST00000644876.2:c.1849_1851delinsAGG,ENSP00000494040.1:p.Arg617=,0.0189146,0.253569,0.125395445,0.011973573000000001,0.277305504,0.306162403,0.705275572,0.974386174,0.12379407699999999,0.070121217
urn:mavedb:00000658-p-1#513,g.98_100delinsCAT,ENST00000644876.2:c.1850_1851delinsAT,ENSP00000494040.1:p.Arg617His,-0.03053333,0.3607768,-0.228487423,-0.157731909,-0.41373075600000003,-0.364412292,0.75746531,0.818103641,0.346378103,0.39040972
urn:mavedb:00000658-p-1#514,g.98_100delinsCCT,ENST00000644876.2:c.1850_1851delinsCT,ENSP00000494040.1:p.Arg617Pro,-0.002496177,0.9167646999999999,-0.047949867,-0.047043576,-0.06670234,-0.35018676,0.915442038,0.893728278,0.811030575,0.039222501
urn:mavedb:00000658-p-1#515,g.98_100delinsCTG,ENST00000644876.2:c.1850_1851delinsTG,ENSP00000494040.1:p.Arg617Leu,0.00486308,0.6438227,-0.009020481,0.08308425400000001,0.038111648,0.059623462,0.974148494,0.509229064,0.79179078,0.607492995
urn:mavedb:00000658-p-1#516,g.98_100delinsGGA,ENST00000644876.2:c.1849_1851delinsGGA,ENSP00000494040.1:p.Arg617Gly,0.00160986,0.9672844999999999,0.12061474300000001,0.083217368,0.03987789,0.0776488259999999,0.8255955890000001,0.8622037770000001,0.928216913,0.8299307840000001
urn:mavedb:00000658-p-1#517,g.98_100delinsTCC,ENST00000644876.2:c.1849_1850delinsTC,ENSP00000494040.1:p.Arg617Ser,-0.037958,0.05471083,-0.134141774,-0.277492238,-0.41593640600000004,-0.49904292200000006,0.7897683870000001,0.363397786,0.09611513199999999,0.031989242
urn:mavedb:00000658-p-1#518,g.98_100delinsTGT,ENST00000644876.2:c.1849_1851delinsTGT,ENSP00000494040.1:p.Arg617Cys,-0.04543399,0.0013038639999999,-0.1249416769999999,-0.30234145,-0.43192766,-0.4798184689999999,0.8117275209999999,0.307960947,0.0831507829999999,0.041965010999999997
urn:mavedb:00000658-p-1#519,g.99G>A,ENST00000644876.2:c.1850G>A,ENSP00000494040.1:p.Arg617His,-3.5093670000000004e-05,0.9992639000000001,-0.236736981,-0.17856842,-0.010539883,-0.34489859700000003,0.332400326,0.44567054,0.973039195,0.043240293
urn:mavedb:00000658-p-1#520,g.99G>T,ENST00000644876.2:c.1850G>T,ENSP00000494040.1:p.Arg617Leu,-0.008058458000000001,0.6764722,0.135457401,-0.022973753,-0.030459904,-0.12349547,0.659701569,0.9509489409999999,0.920161132,0.558778209
urn:mavedb:00000658-p-1#521,g.99G>C,ENST00000644876.2:c.1850G>C,ENSP00000494040.1:p.Arg617Pro,-0.004075861,0.8318554,-0.122774841,-0.189679161,-0.031171671,-0.208796825,0.543927927,0.174308088,0.882968559,0.09597013
urn:mavedb:00000658-p-1#522,g.100C>A,ENST00000644876.2:c.1851C>A,ENSP00000494040.1:p.Arg617=,0.001242354,0.9670662,0.246692396,0.062245047000000005,0.06856595900000001,0.10559199400000001,0.275457626,0.852081225,0.808078304,0.638536483
urn:mavedb:00000658-p-1#523,g.100C>G,ENST00000644876.2:c.1851C>G,ENSP00000494040.1:p.Arg617=,0.01429925,0.3765577,0.027992116,0.030738915,0.157857829,0.22814888,0.974148494,0.9623312940000001,0.712302232,0.510925446
urn:mavedb:00000658-p-1#524,g.100C>T,ENST00000644876.2:c.1851C>T,ENSP00000494040.1:p.Arg617=,0.01613873,0.3605,0.4788831329999999,0.323680365,0.389997133,0.419519666,0.00055397,0.028335946,0.004672804,0.001829393
urn:mavedb:00000658-p-1#525,g.101_103del,ENST00000644876.2:c.1852_1854del,ENSP00000494040.1:p.Ala618del,0.0037825429999999,0.8905335999999999,0.044524573,0.028324247,0.053746577000000004,0.03905742,0.9347925570000001,0.948271284,0.8761745670000001,0.899736113
urn:mavedb:00000658-p-1#526,g.101G>T,ENST00000644876.2:c.1852G>T,ENSP00000494040.1:p.Ala618Ser,0.004610594,0.8671146999999999,-0.014506972,0.0965230419999999,0.022129227,-0.1265463819999999,0.9819578990000001,0.798579686,0.9544075679999999,0.64132998
urn:mavedb:00000658-p-1#527,g.101G>A,ENST00000644876.2:c.1852G>A,ENSP00000494040.1:p.Ala618Thr,-0.01269169,0.26508550000000003,-0.13083049,-0.114003077,-0.15858703,-0.2416611239999999,0.439863677,0.45647113899999997,0.20887348100000003,0.026921663
urn:mavedb:00000658-p-1#528,g.101G>C,ENST00000644876.2:c.1852G>C,ENSP00000494040.1:p.Ala618Pro,0.005304709,0.7455291999999999,-0.133925456,0.00653289,0.037247300000000004,-0.080658354,0.521995676,0.9814029809999999,0.866360342,0.630149694
urn:mavedb:00000658-p-1#529,g.101_103delinsACC,ENST00000644876.2:c.1852_1854delinsACC,ENSP00000494040.1:p.Ala618Thr,0.01520867,0.5015632999999999,-0.027451307,0.11401032400000001,0.141367993,0.1658067919999999,0.966992126,0.770136486,0.657756745,0.5468053620000001
urn:mavedb:00000658-p-1#530,g.101_103delinsAGC,ENST00000644876.2:c.1852_1854delinsAGC,ENSP00000494040.1:p.Ala618Ser,0.0056775490000000005,0.8649986999999999,0.0224967479999999,0.057473122,0.052251694,0.004155719,0.977356421,0.916148457,0.911847284,0.992594272
urn:mavedb:00000658-p-1#531,g.101_103delinsCCC,ENST00000644876.2:c.1852_1854delinsCCC,ENSP00000494040.1:p.Ala618Pro,0.007682016,0.7227219,-0.04723671,-0.05634713400000001,0.072813195,-0.048902352,0.9218510520000001,0.8776864759999999,0.8061904959999999,0.859774156
urn:mavedb:00000658-p-1#532,g.101_103delinsGAG,ENST00000644876.2:c.1853_1854delinsAG,ENSP00000494040.1:p.Ala618Glu,-0.01582166,0.2686562,0.0874510519999999,-0.010154289,-0.150468076,-0.088009572,0.78094308,0.97528332,0.426947632,0.655219152
urn:mavedb:00000658-p-1#533,g.101_103delinsGGC,ENST00000644876.2:c.1853_1854delinsGC,ENSP00000494040.1:p.Ala618Gly,0.0002563693999999,0.9922441999999999,-0.011569349,-0.0227853929999999,0.021334181,0.154850792,0.981101868,0.948271284,0.941125375,0.405695136
urn:mavedb:00000658-p-1#534,g.101_103delinsGTG,ENST00000644876.2:c.1853_1854delinsTG,ENSP00000494040.1:p.Ala618Val,-0.005156158,0.8322259,-0.095146574,-0.1435594,-0.044914629000000005,-0.161655896,0.837921557,0.654921319,0.900733256,0.520630651
urn:mavedb:00000658-p-1#535,g.102C>G,ENST00000644876.2:c.1853C>G,ENSP00000494040.1:p.Ala618Gly,-0.00763925,0.7326504,-0.21652503,-0.204956592,-0.09876705,-0.161735624,0.401702416,0.36994810100000003,0.71160676,0.445482091
urn:mavedb:00000658-p-1#536,g.102C>A,ENST00000644876.2:c.1853C>A,ENSP00000494040.1:p.Ala618Glu,0.003023065,0.8888929,-0.180968305,-0.021257531,-0.014104891000000001,-0.014947641000000001,0.283397844,0.935756312,0.9516529340000001,0.9459442140000001
urn:mavedb:00000658-p-1#537,g.102C>T,ENST00000644876.2:c.1853C>T,ENSP00000494040.1:p.Ala618Val,-0.006043673,0.7383828,-0.09817871800000001,-0.061856953,-0.07189057900000001,0.003523468,0.7372800970000001,0.8179249609999999,0.744475856,0.988919731
urn:mavedb:00000658-p-1#538,g.103A>C,ENST00000644876.2:c.1854A>C,ENSP00000494040.1:p.Ala618=,-0.0125042,0.5550679000000001,-0.027388652000000003,-0.071540038,-0.167075118,-0.268900054,0.9649412270000001,0.8548075279999999,0.5398893779999999,0.223293338
urn:mavedb:00000658-p-1#539,g.103A>G,ENST00000644876.2:c.1854A>G,ENSP00000494040.1:p.Ala618=,-0.00041685830000000003,0.9881551,0.113952205,0.01327525,0.040563695,-0.028047277000000002,0.667938747,0.967136714,0.869670802,0.90097819
urn:mavedb:00000658-p-1#540,g.103A>T,ENST00000644876.2:c.1854A>T,ENSP00000494040.1:p.Ala618=,0.01980371,0.0505250999999999,0.110994541,0.14503828400000002,0.2437179639999999,0.193943482,0.619273498,0.364358051,0.050958845,0.136881013
urn:mavedb:00000658-p-1#541,g.104_106del,ENST00000644876.2:c.1861_1863del,ENSP00000494040.1:p.Ser621del,0.003663675,0.8571472,-0.11019075800000001,0.048390827000000004,0.041529364,-0.078245668,0.738204602,0.880497007,0.8800015929999999,0.7165817040000001
urn:mavedb:00000658-p-1#542,g.104A>G,ENST00000644876.2:c.1855A>G,ENSP00000494040.1:p.Ser619Gly,0.00361896,0.8469277,0.028746876,-0.042243439,0.08212440900000001,0.13569588800000001,0.946402923,0.890590345,0.7132006879999999,0.44273109899999996
urn:mavedb:00000658-p-1#543,g.104A>C,ENST00000644876.2:c.1855A>C,ENSP00000494040.1:p.Ser619Arg,0.01194042,0.4544977,-0.096366156,-0.010296444,0.112776935,0.17409858600000003,0.7664035090000001,0.975656519,0.597947181,0.316976565
urn:mavedb:00000658-p-1#544,g.104A>T,ENST00000644876.2:c.1855A>T,ENSP00000494040.1:p.Ser619Cys,0.0037353020000000002,0.9128120000000001,-0.0229001039999999,0.036478165,0.029580606000000002,0.076538576,0.979510089,0.955997946,0.956612108,0.8653591820000001
urn:mavedb:00000658-p-1#545,g.104_106delinsAAT,ENST00000644876.2:c.1856_1857delinsAT,ENSP00000494040.1:p.Ser619Asn,-0.01902844,0.2262025,0.0853667319999999,-0.032457354,-0.18100437600000002,0.0151699089999999,0.820088755,0.9263764659999999,0.38960733299999994,0.9597605920000001
urn:mavedb:00000658-p-1#546,g.104_106delinsACA,ENST00000644876.2:c.1856_1857delinsCA,ENSP00000494040.1:p.Ser619Thr,-0.01362638,0.6629642,-0.471628459,-0.56122174,-0.268885677,-0.1693213439999999,0.019763045,0.0022725429999999997,0.219980688,0.472937303
urn:mavedb:00000658-p-1#547,g.104_106delinsATT,ENST00000644876.2:c.1856_1857delinsTT,ENSP00000494040.1:p.Ser619Ile,-0.004747987,0.8755895,-0.127450441,-0.1342712969999999,-0.045816002,0.0872324269999999,0.782009367,0.7130081079999999,0.906568112,0.778928469
urn:mavedb:00000658-p-1#548,g.104_106delinsGGA,ENST00000644876.2:c.1855_1857delinsGGA,ENSP00000494040.1:p.Ser619Gly,0.005975271,0.8509165000000001,0.045073884,0.07833492,0.067507592,-0.04614234,0.948787415,0.8727638040000001,0.872853421,0.9044213109999999
urn:mavedb:00000658-p-1#549,g.104_106delinsTCA,ENST00000644876.2:c.1855_1857delinsTCA,ENSP00000494040.1:p.Ser619=,0.01983701,0.03842391,0.047125315,0.156306013,0.21228116800000002,0.3916135839999999,0.905401022,0.446912597,0.212622568,0.0053387669999999995
urn:mavedb:00000658-p-1#550,g.104_106delinsTCC,ENST00000644876.2:c.1855_1856delinsTC,ENSP00000494040.1:p.Ser619=,0.0014990670000000002,0.9484284,0.21225874100000003,0.1122022719999999,0.05966024,0.187742868,0.475654745,0.730065326,0.858860134,0.408457516
urn:mavedb:00000658-p-1#551,g.104_106delinsTCG,ENST00000644876.2:c.1855_1857delinsTCG,ENSP00000494040.1:p.Ser619=,0.00424355,0.8509165000000001,-0.0467059229999999,-0.151263993,0.080235408,-0.055533318,0.901762738,0.44481431899999996,0.71497451,0.791287434
urn:mavedb:00000658-p-1#552,g.104_106delinsTCT,ENST00000644876.2:c.1855_1857delinsTCT,ENSP00000494040.1:p.Ser619=,-0.02948605,0.22706820000000003,-0.167007324,-0.127735685,-0.355128658,-0.221833274,0.8321607059999999,0.849610766,0.41692720899999997,0.6219307070000001
urn:mavedb:00000658-p-1#553,g.104_106delinsTGT,ENST00000644876.2:c.1855_1857delinsTGT,ENSP00000494040.1:p.Ser619Cys,-0.02407729,0.07308569,-0.33982459,-0.342780849,-0.29595253,-0.297794679,0.013495851000000001,0.006592945,0.021126795,0.017815696000000002
urn:mavedb:00000658-p-1#554,g.105G>C,ENST00000644876.2:c.1856G>C,ENSP00000494040.1:p.Ser619Thr,0.006551731,0.7458632,-0.018375766,-0.047476667,0.058510532000000004,-0.136979792,0.9727988209999999,0.897538191,0.844566011,0.531447494
urn:mavedb:00000658-p-1#555,g.105G>A,ENST00000644876.2:c.1856G>A,ENSP00000494040.1:p.Ser619Asn,-0.017977700000000003,0.21438220000000002,0.053066375,-0.026237126,-0.18266110100000002,-0.00511419,0.9033900140000001,0.94207871,0.378446254,0.986483887
urn:mavedb:00000658-p-1#556,g.105G>T,ENST00000644876.2:c.1856G>T,ENSP00000494040.1:p.Ser619Ile,-0.003463383,0.9121259,0.17603449,0.07777277,-0.017378333,-0.01997825,0.729516243,0.88037748,0.9702018929999999,0.9649932109999999
urn:mavedb:00000658-p-1#557,g.106C>T,ENST00000644876.2:c.1857C>T,ENSP00000494040.1:p.Ser619=,0.006311724,0.7243259,0.146623696,0.119123113,0.107800842,0.2199180339999999,0.659701569,0.684889167,0.6882828320000001,0.274959623
urn:mavedb:00000658-p-1#558,g.106C>A,ENST00000644876.2:c.1857C>A,ENSP00000494040.1:p.Ser619Arg,0.02280245,0.03597053,0.0313188629999999,0.1710723999999999,0.24089787,0.311084295,0.939591675,0.36156330299999995,0.121163754,0.027294763
urn:mavedb:00000658-p-1#559,g.106C>G,ENST00000644876.2:c.1857C>G,ENSP00000494040.1:p.Ser619Arg,0.01980139,0.07966934,0.1363715519999999,0.157116148,0.2461821789999999,0.349041426,0.611230525,0.450173959,0.134124414,0.016494121
urn:mavedb:00000658-p-1#560,g.107A>G,ENST00000644876.2:c.1858A>G,ENSP00000494040.1:p.Ser620Gly,0.023374000000000002,0.199722,0.242467452,0.16468173,0.314549989,0.251119643,0.37325848899999997,0.556700008,0.12331337699999999,0.22885877100000002
urn:mavedb:00000658-p-1#561,g.107A>C,ENST00000644876.2:c.1858A>C,ENSP00000494040.1:p.Ser620Arg,-0.001983383,0.9211394,-0.038282647,0.015045715,-0.018735701,0.043363146,0.92434399,0.9649604620000001,0.946778509,0.848822338
urn:mavedb:00000658-p-1#562,g.107A>T,ENST00000644876.2:c.1858A>T,ENSP00000494040.1:p.Ser620Cys,-0.008415039000000001,0.6392422,0.0131958139999999,0.006973051,-0.1040125569999999,-0.040114146,0.9785327359999999,0.983499274,0.642649499,0.867092213
urn:mavedb:00000658-p-1#563,g.107_109delinsAAT,ENST00000644876.2:c.1859_1860delinsAT,ENSP00000494040.1:p.Ser620Asn,-0.02226179,0.05518879,-0.045584072,-0.082952766,-0.284565757,-0.069616763,0.908501728,0.747743018,0.069817482,0.738902615
urn:mavedb:00000658-p-1#564,g.107_109delinsACA,ENST00000644876.2:c.1859_1860delinsCA,ENSP00000494040.1:p.Ser620Thr,0.01724345,0.2786966,-0.037190241,0.06335762,0.189813502,0.230257911,0.944028911,0.863660069,0.416435715,0.26565357100000003
urn:mavedb:00000658-p-1#565,g.107_109delinsATT,ENST00000644876.2:c.1859_1860delinsTT,ENSP00000494040.1:p.Ser620Ile,0.0254009,0.006862941,0.224616586,0.221716122,0.324913188,0.522164864,0.36260611200000004,0.305392708,0.069817482,0.0009430389999999999
urn:mavedb:00000658-p-1#566,g.107_109delinsGGA,ENST00000644876.2:c.1858_1860delinsGGA,ENSP00000494040.1:p.Ser620Gly,-0.003541028,0.9111937,-0.071988412,-0.0116860619999999,-0.093062656,-0.0477807909999999,0.8866751970000001,0.9788159059999999,0.769588314,0.877852947
urn:mavedb:00000658-p-1#567,g.107_109delinsTCA,ENST00000644876.2:c.1858_1860delinsTCA,ENSP00000494040.1:p.Ser620=,0.008657343,0.788824,-0.020696507,-0.061566878,0.114613286,0.165209277,0.977356421,0.903405866,0.761604827,0.587506336
urn:mavedb:00000658-p-1#568,g.107_109delinsTCC,ENST00000644876.2:c.1858_1859delinsTC,ENSP00000494040.1:p.Ser620=,0.01294479,0.6939847,-0.093096014,0.084539556,0.103146263,0.102680019,0.8881041009999999,0.8731217090000001,0.8109897690000001,0.7843523570000001
urn:mavedb:00000658-p-1#569,g.107_109delinsTCG,ENST00000644876.2:c.1858_1860delinsTCG,ENSP00000494040.1:p.Ser620=,-0.01556994,0.2759243,-0.077057998,-0.1300871519999999,-0.151311163,0.025056415,0.831184672,0.5792186260000001,0.453933475,0.922257584
urn:mavedb:00000658-p-1#570,g.107_109delinsTCT,ENST00000644876.2:c.1858_1860delinsTCT,ENSP00000494040.1:p.Ser620=,-0.01875594,0.2795535999999999,-0.138592937,-0.098900252,-0.24389022,-0.009904777,0.738935088,0.789525444,0.320252514,0.979709802
urn:mavedb:00000658-p-1#571,g.107_109delinsTGT,ENST00000644876.2:c.1858_1860delinsTGT,ENSP00000494040.1:p.Ser620Cys,-0.01386718,0.5713783,-0.169266463,-0.0995558519999999,-0.193722272,-0.10056255,0.7005168709999999,0.816565153,0.524121901,0.750346014
urn:mavedb:00000658-p-1#572,g.108G>C,ENST00000644876.2:c.1859G>C,ENSP00000494040.1:p.Ser620Thr,0.01749977,0.43618,-0.1273863519999999,0.025794157,0.154828998,0.2057342919999999,0.782923625,0.9582853440000001,0.6136842020000001,0.42468965
urn:mavedb:00000658-p-1#573,g.108G>A,ENST00000644876.2:c.1859G>A,ENSP00000494040.1:p.Ser620Asn,0.03854667,0.0003948306,0.27420261,0.38827887200000005,0.452316879,0.219551589,0.097473949,0.00388762,0.00043083300000000004,0.140871569
urn:mavedb:00000658-p-1#574,g.108G>T,ENST00000644876.2:c.1859G>T,ENSP00000494040.1:p.Ser620Ile,-0.005600325,0.8132710999999999,-0.011194325,-0.155031267,-0.01858781,-0.015638159,0.98280384,0.504461925,0.9516529340000001,0.957451004
urn:mavedb:00000658-p-1#575,g.109C>T,ENST00000644876.2:c.1860C>T,ENSP00000494040.1:p.Ser620=,0.007185863000000001,0.5395558000000001,-0.0491857579999999,0.021044577000000002,0.0671086759999999,0.077501951,0.82650841,0.917657857,0.634100398,0.525361332
urn:mavedb:00000658-p-1#576,g.109C>A,ENST00000644876.2:c.1860C>A,ENSP00000494040.1:p.Ser620Arg,0.02627035,0.3247115,0.218357642,0.18355158800000002,0.33945962,0.486936585,0.683326054,0.690834176,0.309249015,0.087331295
urn:mavedb:00000658-p-1#577,g.109C>G,ENST00000644876.2:c.1860C>G,ENSP00000494040.1:p.Ser620Arg,-0.0003156464,0.9944084000000001,-0.081265462,-0.008109913,-0.034209382,-0.088993104,0.8876224859999999,0.987467944,0.934801863,0.785420905
urn:mavedb:00000658-p-1#578,g.110A>G,ENST00000644876.2:c.1861A>G,ENSP00000494040.1:p.Ser621Gly,0.00158974,0.9531949000000001,0.06552767,-0.024603542000000003,0.045621705,-0.031807396,0.8953179859999999,0.9557406209999999,0.896530736,0.921366839
urn:mavedb:00000658-p-1#579,g.110A>C,ENST00000644876.2:c.1861A>C,ENSP00000494040.1:p.Ser621Arg,0.01191389,0.367779,0.146309111,0.15667113400000002,0.1643461759999999,0.380312327,0.475775849,0.355166385,0.289831685,0.0016278529999999999
urn:mavedb:00000658-p-1#580,g.110A>T,ENST00000644876.2:c.1861A>T,ENSP00000494040.1:p.Ser621Cys,0.02644984,0.06682771,0.119029759,0.121713131,0.340626039,0.373231514,0.790961499,0.7330913609999999,0.1318663659999999,0.0794091329999999
urn:mavedb:00000658-p-1#581,g.110_112delinsAAT,ENST00000644876.2:c.1862_1863delinsAT,ENSP00000494040.1:p.Ser621Asn,0.005703532,0.7983694,0.03516801,0.020836255,0.07045091,0.025076055,0.947381513,0.960913977,0.8175572940000001,0.9356250340000001
urn:mavedb:00000658-p-1#582,g.110_112delinsACA,ENST00000644876.2:c.1862_1863delinsCA,ENSP00000494040.1:p.Ser621Thr,-0.005218005,0.786872,-0.050923274000000004,0.009775059000000001,-0.068359485,0.08461407,0.9087529679999999,0.9788159059999999,0.8042956520000001,0.709713974
urn:mavedb:00000658-p-1#583,g.110_112delinsATT,ENST00000644876.2:c.1862_1863delinsTT,ENSP00000494040.1:p.Ser621Ile,0.0051475359999999,0.845266,0.07209024,0.126792588,0.06969932200000001,0.13245310300000002,0.88280412,0.6888236259999999,0.83052251,0.5924682960000001
urn:mavedb:00000658-p-1#584,g.110_112delinsGGA,ENST00000644876.2:c.1861_1863delinsGGA,ENSP00000494040.1:p.Ser621Gly,-0.014159,0.41624540000000004,-0.133505807,-0.17063643,-0.1615607359999999,-0.0931113319999999,0.655899854,0.433562826,0.43149987799999995,0.664130286
urn:mavedb:00000658-p-1#585,g.110_112delinsTCA,ENST00000644876.2:c.1861_1863delinsTCA,ENSP00000494040.1:p.Ser621=,0.003135481,0.8976105999999999,0.230794188,0.11807083300000001,0.090791629,0.152600083,0.468824586,0.737621777,0.787461319,0.559835998
urn:mavedb:00000658-p-1#586,g.110_112delinsTCC,ENST00000644876.2:c.1861_1862delinsTC,ENSP00000494040.1:p.Ser621=,0.05708407,0.0005843596,0.5894123729999999,0.675254305,0.857997534,0.621435744,0.0018663979999999998,0.000118454,3.45e-07,0.000374417
urn:mavedb:00000658-p-1#587,g.110_112delinsTCG,ENST00000644876.2:c.1861_1863delinsTCG,ENSP00000494040.1:p.Ser621=,0.002495572,0.9349743,0.0562220379999999,0.063631322,0.039462949,-0.018905161,0.919491556,0.880497007,0.9160554959999999,0.9594998579999999
urn:mavedb:00000658-p-1#588,g.110_112delinsTCT,ENST00000644876.2:c.1861_1863delinsTCT,ENSP00000494040.1:p.Ser621=,0.01904043,0.2005419,0.251011965,0.21684447,0.257560114,0.151979748,0.378883176,0.4135846520000001,0.26415438199999997,0.54233199
urn:mavedb:00000658-p-1#589,g.110_112delinsTGT,ENST00000644876.2:c.1861_1863delinsTGT,ENSP00000494040.1:p.Ser621Cys,-0.0057829280000000005,0.8431204,-0.139501647,-0.23305497600000002,-0.11267805300000001,-0.14357437,0.739281489,0.390143663,0.718510702,0.586563259
urn:mavedb:00000658-p-1#590,g.111G>A,ENST00000644876.2:c.1862G>A,ENSP00000494040.1:p.Ser621Asn,-0.004877788,0.8275545,-0.112360175,0.024330596,-0.098460614,-0.087104244,0.7476812559999999,0.9488128490000001,0.702644347,0.7065053790000001
urn:mavedb:00000658-p-1#591,g.111G>C,ENST00000644876.2:c.1862G>C,ENSP00000494040.1:p.Ser621Thr,0.002624707,0.9029315,-0.11511504300000001,-0.0513238009999999,-0.000235695,-0.310014874,0.6868344409999999,0.859729758,0.999526472,0.036475113999999996
urn:mavedb:00000658-p-1#592,g.111G>T,ENST00000644876.2:c.1862G>T,ENSP00000494040.1:p.Ser621Ile,-0.006221801,0.7586444999999999,0.021508345,-0.054944052,-0.045145485,0.016202366,0.961151476,0.846298195,0.859141383,0.949477308
urn:mavedb:00000658-p-1#593,g.112C>T,ENST00000644876.2:c.1863C>T,ENSP00000494040.1:p.Ser621=,0.02266893,0.03852183,0.23424561100000002,0.152011767,0.314684956,0.288394357,0.221056592,0.459667774,0.033604957000000005,0.052441397
urn:mavedb:00000658-p-1#594,g.112C>A,ENST00000644876.2:c.1863C>A,ENSP00000494040.1:p.Ser621Arg,0.0072733969999999,0.7846071,-0.1081376409999999,0.021585474,0.006336135,0.19238144,0.81998653,0.964815547,0.985455104,0.444232909
urn:mavedb:00000658-p-1#595,g.112C>G,ENST00000644876.2:c.1863C>G,ENSP00000494040.1:p.Ser621Arg,0.004366002,0.8493421,-0.034541889,-0.037498039,0.056347126,0.160365659,0.952616081,0.927988273,0.871213923,0.512512527
urn:mavedb:00000658-p-1#596,g.113_115del,ENST00000644876.2:c.1864_1866del,ENSP00000494040.1:p.Arg622del,0.01067512,0.718711,-0.156362429,0.08167284,0.034419151,0.102884679,0.762037863,0.871228432,0.9402642170000001,0.771522754
urn:mavedb:00000658-p-1#597,g.113C>A,ENST00000644876.2:c.1864C>A,ENSP00000494040.1:p.Arg622Ser,-0.001139087,0.9672844999999999,-0.20555084,-0.060974942000000004,-0.093964786,-0.308706312,0.5326180620000001,0.882859321,0.7699676809999999,0.148345171
urn:mavedb:00000658-p-1#598,g.113C>G,ENST00000644876.2:c.1864C>G,ENSP00000494040.1:p.Arg622Gly,-0.003842351,0.8374801,0.064926125,0.034486254,-0.027541158,-0.174144157,0.8342584909999999,0.903851326,0.9106016840000001,0.247178128
urn:mavedb:00000658-p-1#599,g.113C>T,ENST00000644876.2:c.1864C>T,ENSP00000494040.1:p.Arg622Cys,0.02207526,0.02953553,0.1877101689999999,0.199094422,0.27439123600000004,0.363962248,0.42199408899999996,0.309930378,0.09786864099999999,0.015080791000000001
urn:mavedb:00000658-p-1#600,g.113_115delinsAGA,ENST00000644876.2:c.1864_1866delinsAGA,ENSP00000494040.1:p.Arg622=,-0.04431841,0.0019982529999999,-0.272796124,-0.472283159,-0.40901161700000005,-0.531665515,0.21278431899999997,0.004124404,0.014810696000000002,0.000794589
urn:mavedb:00000658-p-1#601,g.113_115delinsAGG,ENST00000644876.2:c.1864_1866delinsAGG,ENSP00000494040.1:p.Arg622=,-0.00154169,0.9600591,0.0075565319999999,0.098511296,-0.04073175,-0.16394417,0.991835748,0.800373588,0.9156877859999999,0.538900605
urn:mavedb:00000658-p-1#602,g.113_115delinsCAT,ENST00000644876.2:c.1865_1866delinsAT,ENSP00000494040.1:p.Arg622His,0.01139103,0.6718982,0.19436631,0.120900892,0.160747049,0.12086813800000001,0.6821454920000001,0.7900571999999999,0.660228087,0.7263077379999999
urn:mavedb:00000658-p-1#603,g.113_115delinsCCT,ENST00000644876.2:c.1865_1866delinsCT,ENSP00000494040.1:p.Arg622Pro,0.0008272521,0.9777518,-0.028535687,0.043148417,-0.007618768000000001,-0.013322957,0.959103382,0.913986532,0.982992775,0.969835342
urn:mavedb:00000658-p-1#604,g.113_115delinsCTG,ENST00000644876.2:c.1865_1866delinsTG,ENSP00000494040.1:p.Arg622Leu,-0.0227955,0.005616576,0.0888275209999999,-0.072050035,-0.209429095,-0.027199464,0.634847764,0.6631045329999999,0.046745495,0.86527313
urn:mavedb:00000658-p-1#605,g.113_115delinsGGA,ENST00000644876.2:c.1864_1866delinsGGA,ENSP00000494040.1:p.Arg622Gly,-0.0005297803,0.9902728999999999,-0.123970678,0.002900481,-0.053078265,-0.0605677109999999,0.820133778,0.995612099,0.903376783,0.873314788
urn:mavedb:00000658-p-1#606,g.113_115delinsTCC,ENST00000644876.2:c.1864_1865delinsTC,ENSP00000494040.1:p.Arg622Ser,-0.01092345,0.5806001000000001,-0.066441983,-0.175328362,-0.10794629300000001,-0.11545784,0.88270281,0.482048586,0.685542344,0.619700849
urn:mavedb:00000658-p-1#607,g.113_115delinsTGT,ENST00000644876.2:c.1864_1866delinsTGT,ENSP00000494040.1:p.Arg622Cys,0.01894703,0.3875357,0.048977275,0.091774883,0.213723904,0.3431135279999999,0.9420173559999999,0.840398876,0.49105217100000004,0.170055459
urn:mavedb:00000658-p-1#608,g.114G>T,ENST00000644876.2:c.1865G>T,ENSP00000494040.1:p.Arg622Leu,-0.01386107,0.644534,-0.045269492,-0.035798591,-0.174418813,-0.038077261,0.953656822,0.95272052,0.654876888,0.932925087
urn:mavedb:00000658-p-1#609,g.114G>A,ENST00000644876.2:c.1865G>A,ENSP00000494040.1:p.Arg622His,0.0018630370000000001,0.9056120999999999,0.050160109,0.023411927000000003,0.036581212,0.094760518,0.8469657279999999,0.918805709,0.847127002,0.481901045
urn:mavedb:00000658-p-1#610,g.114G>C,ENST00000644876.2:c.1865G>C,ENSP00000494040.1:p.Arg622Pro,-0.01681101,0.2836106,-0.0310584179999999,-0.1801022239999999,-0.1575912059999999,-0.184452879,0.953397374,0.47837118,0.51911741,0.39035620600000004
urn:mavedb:00000658-p-1#611,g.115C>A,ENST00000644876.2:c.1866C>A,ENSP00000494040.1:p.Arg622=,0.01283074,0.6196449,-0.1199875669999999,0.14642016800000002,0.073857277,0.059204223,0.82644395,0.717402757,0.859517442,0.8746140609999999
urn:mavedb:00000658-p-1#612,g.115C>G,ENST00000644876.2:c.1866C>G,ENSP00000494040.1:p.Arg622=,0.01254139,0.4804784000000001,0.261567473,0.040850885,0.243741123,0.341688605,0.1711780389999999,0.9020245920000001,0.152015536,0.02345492
urn:mavedb:00000658-p-1#613,g.115C>T,ENST00000644876.2:c.1866C>T,ENSP00000494040.1:p.Arg622=,0.001690664,0.9483225000000001,-0.037922782,0.023269948,0.005405269,0.014171284,0.933884053,0.9493011379999999,0.9846297079999999,0.96246578
urn:mavedb:00000658-p-1#614,g.116_118del,ENST00000644876.2:c.1867_1869del,ENSP00000494040.1:p.Ser623del,-0.01483247,0.5238973,-0.050833665,-0.16809685,-0.144632629,0.01350045,0.9316840809999999,0.61484421,0.6454518579999999,0.9736289770000001
urn:mavedb:00000658-p-1#615,g.116A>G,ENST00000644876.2:c.1867A>G,ENSP00000494040.1:p.Ser623Gly,0.01033336,0.6324401,-0.224312557,-0.248445307,-0.015943996000000002,-0.112834375,0.384456619,0.242246431,0.9613363429999999,0.6239187310000001
urn:mavedb:00000658-p-1#616,g.116A>C,ENST00000644876.2:c.1867A>C,ENSP00000494040.1:p.Ser623Arg,0.01049743,0.4922763,0.19861520600000002,0.105217528,0.147409102,0.235334567,0.352611644,0.6661955310000001,0.449592902,0.138587393
urn:mavedb:00000658-p-1#617,g.116A>T,ENST00000644876.2:c.1867A>T,ENSP00000494040.1:p.Ser623Cys,0.05497476,0.0007219099,0.2054399639999999,0.392011114,0.56350536,0.573563123,0.6862455470000001,0.207454682,0.03293013,0.025394305
urn:mavedb:00000658-p-1#618,g.116_118delinsAAC,ENST00000644876.2:c.1868_1869delinsAC,ENSP00000494040.1:p.Ser623Asn,0.0042134009999999,0.7741847,0.1082396869999999,-0.007414377,0.098865601,0.086368309,0.569615985,0.9759473409999999,0.5061533220000001,0.540551765
urn:mavedb:00000658-p-1#619,g.116_118delinsACC,ENST00000644876.2:c.1868_1869delinsCC,ENSP00000494040.1:p.Ser623Thr,-0.0320222,0.04895785,-0.014572146000000001,-0.310383862,-0.2832235939999999,-0.159503981,0.980298485,0.14804225,0.18293611,0.495064106
urn:mavedb:00000658-p-1#620,g.116_118delinsATC,ENST00000644876.2:c.1868_1869delinsTC,ENSP00000494040.1:p.Ser623Ile,-0.003416928,0.879383,-0.185187805,-0.05010619400000001,-0.08495607,0.030270576,0.381487177,0.861964455,0.6987537109999999,0.894299493
urn:mavedb:00000658-p-1#621,g.116_118delinsGGC,ENST00000644876.2:c.1867_1869delinsGGC,ENSP00000494040.1:p.Ser623Gly,0.0008102277000000001,0.9833629,-0.047598477,-0.074415145,0.019029886,-0.031756617,0.9370267109999999,0.86251484,0.961897054,0.930559335
urn:mavedb:00000658-p-1#622,g.116_118delinsTCA,ENST00000644876.2:c.1867_1869delinsTCA,ENSP00000494040.1:p.Ser623=,-0.0007337105,0.9817778,-0.13463767,0.052596182000000005,-0.076555613,0.066050492,0.717522282,0.89275177,0.803887191,0.808915182
urn:mavedb:00000658-p-1#623,g.116_118delinsTCC,ENST00000644876.2:c.1867_1869delinsTCC,ENSP00000494040.1:p.Ser623=,-0.003572171,0.8871824,-0.13315754900000001,-0.12084628800000001,-0.0169665939999999,0.069636774,0.7139120440000001,0.684634967,0.959653038,0.790094325
urn:mavedb:00000658-p-1#624,g.116_118delinsTCG,ENST00000644876.2:c.1867_1869delinsTCG,ENSP00000494040.1:p.Ser623=,-0.00345652,0.8760299000000001,-0.078367516,0.001952935,-0.066433097,-0.115151321,0.833620065,0.995590849,0.802253187,0.575513604
urn:mavedb:00000658-p-1#625,g.116_118delinsTCT,ENST00000644876.2:c.1867_1868delinsTC,ENSP00000494040.1:p.Ser623=,0.008200094,0.6529866,0.096775993,0.16769461300000002,0.074219773,0.260152092,0.75140256,0.386261315,0.749237945,0.083107613
urn:mavedb:00000658-p-1#626,g.116_118delinsTGC,ENST00000644876.2:c.1867_1869delinsTGC,ENSP00000494040.1:p.Ser623Cys,0.006152087,0.8243696,0.36364867,0.213634729,0.189384136,0.15448050300000002,0.163833085,0.476649365,0.510129642,0.574824537
urn:mavedb:00000658-p-1#627,g.117G>C,ENST00000644876.2:c.1868G>C,ENSP00000494040.1:p.Ser623Thr,-0.009820903,0.6803933000000001,0.1191484519999999,0.167464676,-0.128025939,0.190047813,0.809132431,0.631221441,0.7082363909999999,0.48859107700000004
urn:mavedb:00000658-p-1#628,g.117G>A,ENST00000644876.2:c.1868G>A,ENSP00000494040.1:p.Ser623Asn,-0.02502605,0.1958007,-0.1229952409999999,-0.289810225,-0.256700055,-0.353477885,0.795598282,0.28596525100000003,0.33587343,0.126296529
urn:mavedb:00000658-p-1#629,g.117G>T,ENST00000644876.2:c.1868G>T,ENSP00000494040.1:p.Ser623Ile,-0.005286913000000001,0.8672375,-0.12033936,0.011291615,-0.106103024,-0.222003173,0.813794895,0.982385478,0.772969515,0.418029986
urn:mavedb:00000658-p-1#630,g.118T>C,ENST00000644876.2:c.1869T>C,ENSP00000494040.1:p.Ser623=,0.00526547,0.8642065000000001,0.083395235,-0.036350826,0.1212702359999999,0.073922356,0.891263585,0.944646932,0.746543677,0.838235829
urn:mavedb:00000658-p-1#631,g.118T>A,ENST00000644876.2:c.1869T>A,ENSP00000494040.1:p.Ser623Arg,0.02867688,5.902521e-05,0.129223242,0.296513535,0.315695251,0.3720843689999999,0.495253099,0.01046434,0.004908667,0.0005602319999999
urn:mavedb:00000658-p-1#632,g.118T>G,ENST00000644876.2:c.1869T>G,ENSP00000494040.1:p.Ser623Arg,0.02571956,0.08630207,0.215584353,0.250934276,0.313502431,0.378441488,0.500096593,0.323596085,0.155304734,0.060375003
urn:mavedb:00000658-p-1#633,g.119_121del,ENST00000644876.2:c.1872_1874del,ENSP00000494040.1:p.Gly627del,0.02218174,0.16597420000000002,0.175099356,0.11759264,0.2484553139999999,0.11412086800000001,0.63513134,0.734168137,0.302581945,0.673449972
urn:mavedb:00000658-p-1#634,g.119G>A,ENST00000644876.2:c.1870G>A,ENSP00000494040.1:p.Gly624Ser,0.01011847,0.5265328,-0.065389787,0.113664406,0.055346364,0.206888551,0.853121496,0.615592206,0.822851936,0.190790049
urn:mavedb:00000658-p-1#635,g.119G>C,ENST00000644876.2:c.1870G>C,ENSP00000494040.1:p.Gly624Arg,0.01940271,0.35203470000000003,0.049448711,0.0345882189999999,0.253567143,0.232695011,0.934596138,0.9416015209999999,0.33364352,0.355826061
urn:mavedb:00000658-p-1#636,g.119G>T,ENST00000644876.2:c.1870G>T,ENSP00000494040.1:p.Gly624Cys,-0.008012925,0.76817,0.188592284,0.165436805,-0.07260992,-0.00387963,0.646175498,0.641433467,0.85310069,0.9921589820000001
urn:mavedb:00000658-p-1#637,g.119_121delinsCGG,ENST00000644876.2:c.1870_1872delinsCGG,ENSP00000494040.1:p.Gly624Arg,0.01680857,0.2983608,-0.00246026,0.15265778800000002,0.1692868069999999,0.193523215,0.9957705609999999,0.569651433,0.472120482,0.35614260600000003
urn:mavedb:00000658-p-1#638,g.119_121delinsGAT,ENST00000644876.2:c.1871_1872delinsAT,ENSP00000494040.1:p.Gly624Asp,-0.0076813919999999,0.7432563,-0.173999812,-0.042478963,-0.076320587,-0.204944734,0.605766198,0.915095496,0.8068298420000001,0.35148115
urn:mavedb:00000658-p-1#639,g.119_121delinsGCT,ENST00000644876.2:c.1871_1872delinsCT,ENSP00000494040.1:p.Gly624Ala,0.0056403059999999,0.8390006999999999,0.244999999,0.1504476059999999,0.11737796800000001,0.18182175,0.423253411,0.645298724,0.709125311,0.470989874
urn:mavedb:00000658-p-1#640,g.119_121delinsGTG,ENST00000644876.2:c.1871_1872delinsTG,ENSP00000494040.1:p.Gly624Val,0.01476875,0.202474,0.12101484,0.142858795,0.23684605,0.284685884,0.70557288,0.545038696,0.186929202,0.079704053
urn:mavedb:00000658-p-1#641,g.119_121delinsTCC,ENST00000644876.2:c.1870_1871delinsTC,ENSP00000494040.1:p.Gly624Ser,-0.002428779,0.9144223,-0.20630895300000002,-0.167601728,-0.040515152,0.0153144889999999,0.358570428,0.43276139399999997,0.882999298,0.956942995
urn:mavedb:00000658-p-1#642,g.119_121delinsTGT,ENST00000644876.2:c.1870_1872delinsTGT,ENSP00000494040.1:p.Gly624Cys,-0.007557482,0.7648136999999999,-0.170570671,-0.133000117,-0.088200813,-0.30365294600000003,0.6732938470000001,0.7063847190000001,0.7993940540000001,0.18524346100000003
urn:mavedb:00000658-p-1#643,g.120G>C,ENST00000644876.2:c.1871G>C,ENSP00000494040.1:p.Gly624Ala,0.00145586,0.96442,0.044564498,0.0451220809999999,0.011858572,-0.20710682600000002,0.9347925570000001,0.913841885,0.973629553,0.369339818
urn:mavedb:00000658-p-1#644,g.120G>T,ENST00000644876.2:c.1871G>T,ENSP00000494040.1:p.Gly624Val,0.004284926,0.8779884,-0.306996622,0.0532292459999999,-0.054403655,0.009551498,0.109087597,0.871101584,0.845641484,0.975314562
urn:mavedb:00000658-p-1#645,g.120G>A,ENST00000644876.2:c.1871G>A,ENSP00000494040.1:p.Gly624Asp,-0.01806355,0.12123450000000001,-0.053579382,-0.16911595100000001,-0.17369364,-0.261988857,0.870272047,0.30638152,0.259224041,0.049072868
urn:mavedb:00000658-p-1#646,g.121C>A,ENST00000644876.2:c.1872C>A,ENSP00000494040.1:p.Gly624=,0.006491905,0.7507505999999999,0.183905066,0.119954144,0.09614236400000001,0.129531393,0.519372463,0.675415639,0.7228550440000001,0.565080033
urn:mavedb:00000658-p-1#647,g.121C>T,ENST00000644876.2:c.1872C>T,ENSP00000494040.1:p.Gly624=,0.005619154,0.8509165000000001,-0.059289292,0.028576099,0.037848518,0.020358878,0.92151696,0.955006776,0.926771331,0.959601739
urn:mavedb:00000658-p-1#648,g.121C>G,ENST00000644876.2:c.1872C>G,ENSP00000494040.1:p.Gly624=,0.02441489,0.03078549,0.033154193,-0.0498597359999999,0.2223025619999999,0.366177507,0.9316840809999999,0.8561207190000001,0.1402761609999999,0.004778066
urn:mavedb:00000658-p-1#649,g.122_124del,ENST00000644876.2:c.1875_1877del,ENSP00000494040.1:p.Gly627del,-0.01667732,0.4280570999999999,-0.0526567509999999,-0.137244353,-0.19929673,-0.1078466159999999,0.932251658,0.7202513629999999,0.5105174379999999,0.730446371
urn:mavedb:00000658-p-1#650,g.122G>C,ENST00000644876.2:c.1873G>C,ENSP00000494040.1:p.Gly625Arg,0.03488295,0.0007977460000000001,0.3058657919999999,0.344297295,0.464122342,0.374421034,0.052437442,0.013039318999999999,0.00026751,0.004294233
urn:mavedb:00000658-p-1#651,g.122G>A,ENST00000644876.2:c.1873G>A,ENSP00000494040.1:p.Gly625Arg,0.02637407,0.031228,0.327925122,0.26421436600000003,0.374916806,0.329606683,0.154902278,0.251949364,0.054277053,0.09137127800000001
urn:mavedb:00000658-p-1#652,g.122G>T,ENST00000644876.2:c.1873G>T,ENSP00000494040.1:p.Gly625Ter,-0.1592574,5.6839470000000005e-12,-1.1547130140000001,-1.70568026,-1.7234132340000001,-1.610101054,5.2200000000000006e-09,6.23e-19,2.21e-19,3.8e-17
urn:mavedb:00000658-p-1#653,g.122_124delinsGAG,ENST00000644876.2:c.1874_1875delinsAG,ENSP00000494040.1:p.Gly625Glu,-0.03563979,0.001450701,-0.198085932,-0.41264892200000003,-0.365954441,-0.273154177,0.325548904,0.002704425,0.008482733000000001,0.060017653
urn:mavedb:00000658-p-1#654,g.122_124delinsGCC,ENST00000644876.2:c.1874_1875delinsCC,ENSP00000494040.1:p.Gly625Ala,0.01211009,0.466657,0.066425734,0.121214785,0.112397465,0.2113236889999999,0.849435043,0.582398571,0.581423541,0.1748952389999999
urn:mavedb:00000658-p-1#655,g.122_124delinsGTG,ENST00000644876.2:c.1874_1875delinsTG,ENSP00000494040.1:p.Gly625Val,-0.01686002,0.3948813,-0.056785327000000003,-0.103546712,-0.186584907,-0.186475475,0.918961063,0.7827325890000001,0.498801399,0.462224225
urn:mavedb:00000658-p-1#656,g.122_124delinsTAA,ENST00000644876.2:c.1873_1874delinsTA,ENSP00000494040.1:p.Gly625Ter,-0.2821768,1.719203e-06,-1.9374990319999998,-3.01468787,-3.1243305489999997,-3.7572968610000004,0.03786181,0.00019809,9.259999999999999e-05,1.96e-06
urn:mavedb:00000658-p-1#657,g.123G>C,ENST00000644876.2:c.1874G>C,ENSP00000494040.1:p.Gly625Ala,0.004971212,0.8875765,0.219166573,0.101709785,0.09750029,0.2164847319999999,0.6635360779999999,0.84729329,0.830732885,0.520026859
urn:mavedb:00000658-p-1#658,g.123G>A,ENST00000644876.2:c.1874G>A,ENSP00000494040.1:p.Gly625Glu,-0.0179289,0.369411,0.141511971,-0.018305143,-0.156377137,0.174514101,0.710736218,0.966811503,0.559259455,0.452801477
urn:mavedb:00000658-p-1#659,g.123G>T,ENST00000644876.2:c.1874G>T,ENSP00000494040.1:p.Gly625Val,-0.005019244,0.7702354,0.043397457,-0.050652077000000004,-0.030767016,-0.068323625,0.903774295,0.850110357,0.9000777190000001,0.7152767940000001
urn:mavedb:00000658-p-1#660,g.124A>C,ENST00000644876.2:c.1875A>C,ENSP00000494040.1:p.Gly625=,-0.0326558,0.001985564,-0.017944018,-0.168962833,-0.3471231389999999,0.088950511,0.965041991,0.309661449,0.006769198000000001,0.601381377
urn:mavedb:00000658-p-1#661,g.124A>T,ENST00000644876.2:c.1875A>T,ENSP00000494040.1:p.Gly625=,0.01151252,0.4294254,0.2035560619999999,0.146149467,0.171137388,0.170501812,0.304533895,0.467583466,0.32823972,0.302362368
urn:mavedb:00000658-p-1#662,g.124A>G,ENST00000644876.2:c.1875A>G,ENSP00000494040.1:p.Gly625=,-0.01043121,0.4262016999999999,0.029413062,-0.093478088,-0.08077940900000001,-0.028368701,0.9316840809999999,0.633948045,0.657756745,0.885444832
urn:mavedb:00000658-p-1#663,g.125_127del,ENST00000644876.2:c.1878_1880del,ENSP00000494040.1:p.Gly627del,0.0159889,0.288532,0.123156161,0.165283508,0.187943196,0.2646498,0.701081724,0.46919030799999994,0.34957414200000003,0.12226714699999999
urn:mavedb:00000658-p-1#664,g.125G>A,ENST00000644876.2:c.1876G>A,ENSP00000494040.1:p.Gly626Ser,-0.01692157,0.3279512,-0.217599734,-0.273305686,-0.180433263,-0.07858208900000001,0.4197619070000001,0.19205202,0.432321182,0.754292748
urn:mavedb:00000658-p-1#665,g.125G>C,ENST00000644876.2:c.1876G>C,ENSP00000494040.1:p.Gly626Arg,0.02233695,0.24843710000000002,0.199612015,0.13910461300000002,0.2844441119999999,0.344832245,0.6929692690000001,0.7647790520000001,0.383709136,0.23121240399999998
urn:mavedb:00000658-p-1#666,g.125G>T,ENST00000644876.2:c.1876G>T,ENSP00000494040.1:p.Gly626Cys,-0.0030782390000000004,0.8680433000000001,0.203268207,0.046230977,0.054238472,0.109079829,0.326366404,0.8781784029999999,0.827488917,0.556083338
urn:mavedb:00000658-p-1#667,g.125_127delinsAGC,ENST00000644876.2:c.1876_1878delinsAGC,ENSP00000494040.1:p.Gly626Ser,-0.004095908,0.8871824,0.096319125,0.152759654,-0.061634637,0.082430398,0.84322704,0.6412806120000001,0.865673111,0.783565972
urn:mavedb:00000658-p-1#668,g.125_127delinsCGG,ENST00000644876.2:c.1876_1878delinsCGG,ENSP00000494040.1:p.Gly626Arg,0.01084577,0.5227081,-0.105794895,-0.1011453569999999,0.130934781,0.03524016,0.744536997,0.7001019620000001,0.540221869,0.886748222
urn:mavedb:00000658-p-1#669,g.125_127delinsGAC,ENST00000644876.2:c.1877_1878delinsAC,ENSP00000494040.1:p.Gly626Asp,0.00702101,0.7747202,0.1791630719999999,0.11385987,0.120490763,-0.047750158,0.56696564,0.716893782,0.65742785,0.869335449
urn:mavedb:00000658-p-1#670,g.125_127delinsGCC,ENST00000644876.2:c.1877_1878delinsCC,ENSP00000494040.1:p.Gly626Ala,2.1563630000000003e-06,0.9999754000000001,0.124069038,0.038674339,0.03945411,0.2281020319999999,0.736079417,0.918694875,0.903376783,0.254389653
urn:mavedb:00000658-p-1#671,g.125_127delinsGTG,ENST00000644876.2:c.1877_1878delinsTG,ENSP00000494040.1:p.Gly626Val,0.002254065,0.9571156,-0.198863288,-0.105225809,-0.009703149,-0.000545164,0.6858390109999999,0.83140299,0.9836137420000001,0.9990409690000001
urn:mavedb:00000658-p-1#672,g.125_127delinsTGC,ENST00000644876.2:c.1876_1878delinsTGC,ENSP00000494040.1:p.Gly626Cys,-0.01417383,0.6337762,0.1097003469999999,-0.142713972,-0.105583648,-0.19858167300000001,0.868320166,0.76643364,0.8141472409999999,0.564310425
urn:mavedb:00000658-p-1#673,g.126G>C,ENST00000644876.2:c.1877G>C,ENSP00000494040.1:p.Gly626Ala,0.009143795,0.5969631999999999,0.122653206,0.174741924,0.077478875,0.16337600300000002,0.725588483,0.464016163,0.7816252570000001,0.43099175
urn:mavedb:00000658-p-1#674,g.126G>T,ENST00000644876.2:c.1877G>T,ENSP00000494040.1:p.Gly626Val,0.00473012,0.838455,0.252291925,0.009758079000000001,0.127710787,-0.102060733,0.235326129,0.978774952,0.572497756,0.637878675
urn:mavedb:00000658-p-1#675,g.126G>A,ENST00000644876.2:c.1877G>A,ENSP00000494040.1:p.Gly626Asp,0.007396043000000001,0.7650259,0.095917131,0.147725598,0.101051011,0.115731881,0.855012212,0.6828550659999999,0.776681552,0.6991223870000001
urn:mavedb:00000658-p-1#676,g.127T>A,ENST00000644876.2:c.1878T>A,ENSP00000494040.1:p.Gly626=,0.01262501,0.2910523,0.132394314,0.17000778,0.152986605,0.295006269,0.616166641,0.384159896,0.41678828700000004,0.0450725159999999
urn:mavedb:00000658-p-1#677,g.127T>C,ENST00000644876.2:c.1878T>C,ENSP00000494040.1:p.Gly626=,-0.01644881,0.5603824000000001,0.238768497,0.09658488800000001,-0.110182703,0.060657222000000004,0.616446994,0.8544232829999999,0.8047517479999999,0.885469191
urn:mavedb:00000658-p-1#678,g.127T>G,ENST00000644876.2:c.1878T>G,ENSP00000494040.1:p.Gly626=,0.0106235,0.44757060000000004,-0.121625271,0.087300692,0.050126708,-0.135271753,0.41635924399999996,0.547112249,0.7468080559999999,0.211912186
urn:mavedb:00000658-p-1#679,g.128_130del,ENST00000644876.2:c.1879_1881del,ENSP00000494040.1:p.Gly627del,-0.01429893,0.2945331,0.007501819,-0.108955595,-0.127506433,-0.1526349109999999,0.9868485790000001,0.632601839,0.510766973,0.3739124720000001
urn:mavedb:00000658-p-1#680,g.128G>A,ENST00000644876.2:c.1879G>A,ENSP00000494040.1:p.Gly627Ser,-0.0016556770000000001,0.956204,0.25259553100000004,0.173131875,0.028208761000000002,0.0839685019999999,0.267795605,0.46919030799999994,0.9296521520000001,0.726643826
urn:mavedb:00000658-p-1#681,g.128G>C,ENST00000644876.2:c.1879G>C,ENSP00000494040.1:p.Gly627Arg,-0.02203169,0.4932434,-0.202849633,-0.19889258,-0.2667422869999999,-0.238161934,0.7696678690000001,0.72265883,0.560095668,0.574620032
urn:mavedb:00000658-p-1#682,g.128G>T,ENST00000644876.2:c.1879G>T,ENSP00000494040.1:p.Gly627Cys,0.0192000999999999,0.2707698,0.378620853,0.311168948,0.288924303,0.3173436169999999,0.057118123,0.12132628,0.144149559,0.0881303309999999
urn:mavedb:00000658-p-1#683,g.128_130delinsTGT,ENST00000644876.2:c.1879_1881delinsTGT,ENSP00000494040.1:p.Gly627Cys,0.0011718780000000001,0.9815108,-0.17868650100000003,0.015979241,-0.046626747,0.000745227,0.748564118,0.9788159059999999,0.9262794759999999,0.998692107
urn:mavedb:00000658-p-1#684,g.128_130delinsCGG,ENST00000644876.2:c.1879_1881delinsCGG,ENSP00000494040.1:p.Gly627Arg,0.02850503,0.01159196,0.29525439,0.270601668,0.377119287,0.354240001,0.084452295,0.098802808,0.008904935,0.014282383000000001
urn:mavedb:00000658-p-1#685,g.128_130delinsGTG,ENST00000644876.2:c.1880_1881delinsTG,ENSP00000494040.1:p.Gly627Val,0.02232841,0.4508765,0.216485576,0.238709203,0.284153212,0.255670972,0.736079417,0.629884977,0.49573195,0.514901694
urn:mavedb:00000658-p-1#686,g.128_130delinsTCC,ENST00000644876.2:c.1879_1880delinsTC,ENSP00000494040.1:p.Gly627Ser,-0.019814500000000002,0.4255202,-0.045068643,-0.185171323,-0.1908447439999999,-0.134407937,0.9578142820000001,0.7001019620000001,0.651308718,0.73818622
urn:mavedb:00000658-p-1#687,g.129G>C,ENST00000644876.2:c.1880G>C,ENSP00000494040.1:p.Gly627Ala,0.01863941,0.5395469,0.232494512,0.377332139,0.199898918,0.563246648,0.6864217509999999,0.31946678100000003,0.649605514,0.062084755
urn:mavedb:00000658-p-1#688,g.129_130delinsCT,ENST00000644876.2:c.1880_1881delinsCT,ENSP00000494040.1:p.Gly627Ala,0.01904433,0.3369052,0.324697495,0.322245853,0.258925631,0.284878164,0.259577107,0.20937759399999997,0.326906225,0.24138583800000002
urn:mavedb:00000658-p-1#689,g.129G>A,ENST00000644876.2:c.1880G>A,ENSP00000494040.1:p.Gly627Asp,-0.02249002,0.03158471,-0.003495667,-0.1450553999999999,-0.219864545,-0.11588825300000001,0.994640089,0.563017781,0.267194206,0.596637565
urn:mavedb:00000658-p-1#690,g.129_130delinsAT,ENST00000644876.2:c.1880_1881delinsAT,ENSP00000494040.1:p.Gly627Asp,-0.02286299,0.254658,-0.07987585900000001,-0.272275288,-0.212918463,-0.194491105,0.919987617,0.52615045,0.614118236,0.6159313129999999
urn:mavedb:00000658-p-1#691,g.129G>T,ENST00000644876.2:c.1880G>T,ENSP00000494040.1:p.Gly627Val,-0.02377119,0.09183991,0.09712329,-0.05111327,-0.228917615,-0.23014209,0.794535462,0.887157677,0.257689812,0.231974135
urn:mavedb:00000658-p-1#692,g.130C>A,ENST00000644876.2:c.1881C>A,ENSP00000494040.1:p.Gly627=,-0.0191277,0.3847508,-0.024518017000000003,-0.132904267,-0.19061059800000002,-0.17729347,0.9734249859999999,0.7464215540000001,0.562810672,0.559445993
urn:mavedb:00000658-p-1#693,g.130C>T,ENST00000644876.2:c.1881C>T,ENSP00000494040.1:p.Gly627=,-0.001245015,0.9639700000000001,0.0616012959999999,-0.109154294,0.0463679309999999,-0.114211908,0.8881041009999999,0.70648148,0.878733597,0.615342112
urn:mavedb:00000658-p-1#694,g.130C>G,ENST00000644876.2:c.1881C>G,ENSP00000494040.1:p.Gly627=,-0.004739815,0.8493421,0.2962400839999999,0.18256224100000001,0.00649233,-0.073206917,0.13188281599999999,0.41089483200000004,0.9834833470000001,0.75788436
urn:mavedb:00000658-p-1#695,g.131_133del,ENST00000644876.2:c.1882_1884del,ENSP00000494040.1:p.His628del,-0.02274859,0.2902406,-0.177038398,-0.359782184,-0.219552155,-0.214137293,0.640595526,0.119504015,0.40119262,0.38300524
urn:mavedb:00000658-p-1#696,g.131C>T,ENST00000644876.2:c.1882C>T,ENSP00000494040.1:p.His628Tyr,-0.006521734,0.6692128,-0.047231702,-0.134589991,-0.057321092000000004,-0.080899153,0.8977374840000001,0.5089289929999999,0.808078304,0.67205888
urn:mavedb:00000658-p-1#697,g.131C>A,ENST00000644876.2:c.1882C>A,ENSP00000494040.1:p.His628Asn,-0.007749967,0.492605,0.11125452,-0.025495591,-0.046425298,-0.041333841,0.581113173,0.917581946,0.812455039,0.811959474
urn:mavedb:00000658-p-1#698,g.131C>G,ENST00000644876.2:c.1882C>G,ENSP00000494040.1:p.His628Asp,-0.01521773,0.06455492,-0.072988264,-0.083378448,-0.197913736,-0.3164050419999999,0.6696073579999999,0.520212522,0.027782308999999998,0.000104403
urn:mavedb:00000658-p-1#699,g.131_133delinsAAT,ENST00000644876.2:c.1882_1884delinsAAT,ENSP00000494040.1:p.His628Asn,-0.01038977,0.4007375999999999,0.028815225,-0.09449117300000001,-0.109356084,-0.073430788,0.9432062659999999,0.6864523459999999,0.583995755,0.704889601
urn:mavedb:00000658-p-1#700,g.131_133delinsCCT,ENST00000644876.2:c.1883_1884delinsCT,ENSP00000494040.1:p.His628Pro,-0.005156989,0.808823,0.037739431000000004,-0.09307222300000001,-0.021524694,-0.224426354,0.93147762,0.7312133359999999,0.9414737009999999,0.193635525
urn:mavedb:00000658-p-1#701,g.131_133delinsCGG,ENST00000644876.2:c.1883_1884delinsGG,ENSP00000494040.1:p.His628Arg,0.01877173,0.01808785,0.212336238,0.22726148300000001,0.2414470789999999,0.25534032,0.10876641199999999,0.057483709,0.03464278,0.02027812
urn:mavedb:00000658-p-1#702,g.131_133delinsCTG,ENST00000644876.2:c.1883_1884delinsTG,ENSP00000494040.1:p.His628Leu,-0.01345829,0.1592547999999999,-0.065703757,-0.099682361,-0.131254137,-0.24575947,0.774285393,0.524647235,0.312526967,0.019247498999999998
urn:mavedb:00000658-p-1#703,g.131_133delinsGAT,ENST00000644876.2:c.1882_1884delinsGAT,ENSP00000494040.1:p.His628Asp,-0.005905803,0.48321270000000005,0.072364644,0.026011605,-0.058549092000000004,-0.070827079,0.7048274640000001,0.898728183,0.6861085809999999,0.562515761
urn:mavedb:00000658-p-1#704,g.131_133delinsTAT,ENST00000644876.2:c.1882_1884delinsTAT,ENSP00000494040.1:p.His628Tyr,0.0151542,0.04691156,0.164337173,0.188430385,0.177746225,0.1713622239999999,0.221136592,0.098929469,0.114149696,0.11552472
urn:mavedb:00000658-p-1#705,g.132A>G,ENST00000644876.2:c.1883A>G,ENSP00000494040.1:p.His628Arg,-0.003330065,0.9029703000000001,0.0389247329999999,-0.055450395,-0.004711982,-0.075199585,0.942757058,0.89019746,0.988503945,0.7865109659999999
urn:mavedb:00000658-p-1#706,g.132A>T,ENST00000644876.2:c.1883A>T,ENSP00000494040.1:p.His628Leu,0.01168489,0.26760170000000005,0.147015172,0.167222474,0.147872157,0.108546036,0.496430905,0.335166415,0.38569590299999995,0.525340786
urn:mavedb:00000658-p-1#707,g.132A>C,ENST00000644876.2:c.1883A>C,ENSP00000494040.1:p.His628Pro,-0.005638848,0.8144215,-0.105594478,-0.154251112,-0.143090203,-0.340656038,0.7554554529999999,0.5061301770000001,0.511594961,0.034726981000000004
urn:mavedb:00000658-p-1#708,g.133C>T,ENST00000644876.2:c.1884C>T,ENSP00000494040.1:p.His628=,-0.007277265,0.4057192999999999,-0.056508375,-0.128031351,-0.066607236,-0.125905637,0.74032168,0.18429401399999998,0.562342308,0.153571174
urn:mavedb:00000658-p-1#709,g.133C>G,ENST00000644876.2:c.1884C>G,ENSP00000494040.1:p.His628Gln,0.03897178,5.542267e-07,0.281944851,0.420310623,0.437257113,0.595598967,0.036935259,0.00027478400000000003,0.00012214299999999999,4.91e-08
urn:mavedb:00000658-p-1#710,g.133C>A,ENST00000644876.2:c.1884C>A,ENSP00000494040.1:p.His628Gln,-0.02218911,2.8050679999999998e-05,0.06065917,-0.060247907,-0.2325929219999999,-0.304158987,0.701940838,0.631221441,0.002003085,2.24e-05
urn:mavedb:00000658-p-1#711,g.134_136del,ENST00000644876.2:c.1885_1887del,ENSP00000494040.1:p.Gly629del,0.008761874000000001,0.5216912,0.058589125,0.076762049,0.085269988,0.088197201,0.854926747,0.739415897,0.668492577,0.6154330179999999
urn:mavedb:00000658-p-1#712,g.134G>A,ENST00000644876.2:c.1885G>A,ENSP00000494040.1:p.Gly629Ser,0.0038367159999999,0.8094962,-0.020036812,0.001193766,0.0462275179999999,-0.027235046000000002,0.9669051479999999,0.997034298,0.86628026,0.915506102
urn:mavedb:00000658-p-1#713,g.134G>C,ENST00000644876.2:c.1885G>C,ENSP00000494040.1:p.Gly629Arg,0.01118596,0.4803547,0.189262472,0.150365899,0.156387986,0.3090443519999999,0.39179908,0.480223554,0.41854618299999996,0.039402205
urn:mavedb:00000658-p-1#714,g.134G>T,ENST00000644876.2:c.1885G>T,ENSP00000494040.1:p.Gly629Cys,0.002745611,0.8645488000000001,-0.104934228,-0.054350876,-0.017378124,-0.1062993669999999,0.616866404,0.8042775879999999,0.9360470040000001,0.45578534600000004
urn:mavedb:00000658-p-1#715,g.134_136delinsAGC,ENST00000644876.2:c.1885_1887delinsAGC,ENSP00000494040.1:p.Gly629Ser,-0.003607083,0.866769,-0.004587075,-0.02625921,-0.0418585,-0.065435572,0.993772623,0.942159986,0.887088633,0.785420905
urn:mavedb:00000658-p-1#716,g.134_136delinsCGG,ENST00000644876.2:c.1885_1887delinsCGG,ENSP00000494040.1:p.Gly629Arg,-0.00204717,0.9185965,0.086407025,0.135978982,-0.035831987,0.048946689,0.7909225590000001,0.5374016939999999,0.896021341,0.830150973
urn:mavedb:00000658-p-1#717,g.134_136delinsGAC,ENST00000644876.2:c.1886_1887delinsAC,ENSP00000494040.1:p.Gly629Asp,-0.0004655329,0.9788829,0.074436998,0.127414596,-0.020254602,-0.13748522,0.757486359,0.41173898,0.924657391,0.299227407
urn:mavedb:00000658-p-1#718,g.134_136delinsGCC,ENST00000644876.2:c.1886_1887delinsCC,ENSP00000494040.1:p.Gly629Ala,-0.01046919,0.5045339,0.083640089,-0.035797401,-0.091450376,-0.070404493,0.81842055,0.916983305,0.7133922770000001,0.7597583109999999
urn:mavedb:00000658-p-1#719,g.134_136delinsGTG,ENST00000644876.2:c.1886_1887delinsTG,ENSP00000494040.1:p.Gly629Val,-0.0065606669999999,0.5990599,-0.0639745259999999,-0.087294821,-0.07921533900000001,-0.062245425,0.738097001,0.512832682,0.5288987279999999,0.605214797
urn:mavedb:00000658-p-1#720,g.134_136delinsTGC,ENST00000644876.2:c.1885_1887delinsTGC,ENSP00000494040.1:p.Gly629Cys,0.008863649,0.5032844,0.182068705,0.086548761,0.15326672800000002,0.20600827300000002,0.2445279,0.6526484539999999,0.276435167,0.094899532
urn:mavedb:00000658-p-1#721,g.135G>C,ENST00000644876.2:c.1886G>C,ENSP00000494040.1:p.Gly629Ala,0.007920563,0.3040894,0.012959419,0.113714261,0.09026773,0.105547225,0.9582177270000001,0.255035365,0.379014936,0.25293204399999997
urn:mavedb:00000658-p-1#722,g.135G>A,ENST00000644876.2:c.1886G>A,ENSP00000494040.1:p.Gly629Asp,-0.009519022,0.5150089,-0.011530373,-0.006243353,-0.118242225,-0.194043907,0.981099275,0.98525956,0.585349225,0.26233306100000003
urn:mavedb:00000658-p-1#723,g.135G>T,ENST00000644876.2:c.1886G>T,ENSP00000494040.1:p.Gly629Val,-0.006700938,0.557353,0.05661168,-0.011503511000000001,-0.059037067,-0.141270852,0.804960012,0.9616645840000001,0.7097608059999999,0.213591337
urn:mavedb:00000658-p-1#724,g.136T>A,ENST00000644876.2:c.1887T>A,ENSP00000494040.1:p.Gly629=,-0.005950278000000001,0.6966263,-0.035589807,-0.059703894,-0.10204659,-0.108341881,0.9215399320000001,0.8158373659999999,0.588380356,0.517787408
urn:mavedb:00000658-p-1#725,g.136T>G,ENST00000644876.2:c.1887T>G,ENSP00000494040.1:p.Gly629=,-0.003981788,0.8115669,-0.048353694,-0.013495324,-0.071641743,-0.124620665,0.87414721,0.961846023,0.699257087,0.389832516
urn:mavedb:00000658-p-1#726,g.136T>C,ENST00000644876.2:c.1887T>C,ENSP00000494040.1:p.Gly629=,-0.01274725,0.2884465,-0.057662897000000005,-0.154320087,-0.137033616,-0.285983775,0.804212789,0.213484263,0.264144031,0.003576662
urn:mavedb:00000658-p-1#727,g.137_139del,ENST00000644876.2:c.1893_1895del,ENSP00000494040.1:p.Ser631del,0.004773011,0.6525219,0.056522434,0.061641579,0.077372132,0.025113572,0.781726076,0.695432072,0.555108324,0.86519315
urn:mavedb:00000658-p-1#728,g.137A>G,ENST00000644876.2:c.1888A>G,ENSP00000494040.1:p.Ser630Gly,0.003007884,0.8149316999999999,0.034918685,-0.064271633,0.072220832,-0.039328106,0.860960808,0.608846226,0.5029203720000001,0.7258983509999999
urn:mavedb:00000658-p-1#729,g.137A>C,ENST00000644876.2:c.1888A>C,ENSP00000494040.1:p.Ser630Arg,0.0047862270000000005,0.5537199,0.030331217,0.026485302000000002,0.057248046,0.138125699,0.903468242,0.895549065,0.689926432,0.17830184699999999
urn:mavedb:00000658-p-1#730,g.137A>T,ENST00000644876.2:c.1888A>T,ENSP00000494040.1:p.Ser630Cys,-0.009695772,0.46954840000000003,-0.037073893,-0.111321407,-0.08697597,-0.253213915,0.9031020559999999,0.49988033600000004,0.594297437,0.025693215
urn:mavedb:00000658-p-1#731,g.137_139delinsAAT,ENST00000644876.2:c.1889_1890delinsAT,ENSP00000494040.1:p.Ser630Asn,-0.0005583385,0.9881318000000001,-0.0004104419999999,0.114055263,-0.052421962,-0.0847747419999999,0.99967763,0.76866851,0.892891523,0.787544499
urn:mavedb:00000658-p-1#732,g.137_139delinsACA,ENST00000644876.2:c.1889_1890delinsCA,ENSP00000494040.1:p.Ser630Thr,0.001863127,0.9439545,0.10465075300000001,0.191531426,-0.004800793,0.022030395,0.76156607,0.374801499,0.9858494320000001,0.938103569
urn:mavedb:00000658-p-1#733,g.137_139delinsATT,ENST00000644876.2:c.1889_1890delinsTT,ENSP00000494040.1:p.Ser630Ile,0.01177583,0.4358056999999999,0.11370374800000001,0.239908074,0.110427107,0.1776137589999999,0.7290493159999999,0.20578767399999998,0.638131937,0.341853949
urn:mavedb:00000658-p-1#734,g.137_139delinsGGA,ENST00000644876.2:c.1888_1890delinsGGA,ENSP00000494040.1:p.Ser630Gly,-0.0007616392,0.9729518,0.1236433719999999,0.07059246400000001,0.014180775,0.005297428000000001,0.5992913329999999,0.768836793,0.9553125659999999,0.9841694559999999
urn:mavedb:00000658-p-1#735,g.137_139delinsTCA,ENST00000644876.2:c.1888_1890delinsTCA,ENSP00000494040.1:p.Ser630=,0.005872525,0.8122556,-0.182202626,0.199402453,-0.05844066,-0.010653223,0.5372575860000001,0.401375881,0.8515514479999999,0.975286988
urn:mavedb:00000658-p-1#736,g.137_139delinsTCC,ENST00000644876.2:c.1888_1889delinsTC,ENSP00000494040.1:p.Ser630=,-3.7009000000000004e-05,0.9983595999999999,-0.109769453,0.0038637040000000004,-0.052699156,-0.0498537229999999,0.240267783,0.980463657,0.591522723,0.575513604
urn:mavedb:00000658-p-1#737,g.137_139delinsTCG,ENST00000644876.2:c.1888_1890delinsTCG,ENSP00000494040.1:p.Ser630=,-0.002548843,0.9093565999999998,0.0243427529999999,0.035203265,-0.038131945,-0.1084419869999999,0.956650337,0.912838502,0.886681527,0.5746432539999999
urn:mavedb:00000658-p-1#738,g.137_139delinsTCT,ENST00000644876.2:c.1888_1890delinsTCT,ENSP00000494040.1:p.Ser630=,0.008160426,0.6196252,0.0125712839999999,0.18389803600000001,0.042527832,0.0171918839999999,0.9782409479999999,0.31803145,0.868189055,0.946915802
urn:mavedb:00000658-p-1#739,g.137_139delinsTGT,ENST00000644876.2:c.1888_1890delinsTGT,ENSP00000494040.1:p.Ser630Cys,-0.003252122,0.8700735999999999,-0.0889168009999999,0.031954557,-0.083503757,-0.076209499,0.7737640720000001,0.9170250320000001,0.7087208890000001,0.701167311
urn:mavedb:00000658-p-1#740,g.138G>C,ENST00000644876.2:c.1889G>C,ENSP00000494040.1:p.Ser630Thr,-0.0083542759999999,0.573705,-0.084424918,-0.045549679,-0.103796964,-0.216014962,0.793184287,0.881298568,0.627953236,0.180301887
urn:mavedb:00000658-p-1#741,g.138G>A,ENST00000644876.2:c.1889G>A,ENSP00000494040.1:p.Ser630Asn,-0.00628466,0.6631824000000001,-0.081181201,-0.0590102109999999,-0.09383785900000001,-0.106251485,0.733459205,0.779075227,0.56053564,0.451454126
urn:mavedb:00000658-p-1#742,g.138G>T,ENST00000644876.2:c.1889G>T,ENSP00000494040.1:p.Ser630Ile,0.0013310779999999,0.9499788,-0.041399652,0.07525483200000001,-0.020363617,0.11818424,0.902806723,0.7307274,0.932077433,0.447044669
urn:mavedb:00000658-p-1#743,g.139C>T,ENST00000644876.2:c.1890C>T,ENSP00000494040.1:p.Ser630=,0.01193021,0.152311,-0.0237161729999999,0.143436955,0.115946519,0.129493349,0.9171308090000001,0.116482498,0.21937104100000002,0.138985103
urn:mavedb:00000658-p-1#744,g.139C>A,ENST00000644876.2:c.1890C>A,ENSP00000494040.1:p.Ser630Arg,0.03274131,0.0001030405999999,0.273008522,0.402723774,0.385652512,0.37564008600000004,0.008581884,1.01e-05,2.36e-05,3.5e-05
urn:mavedb:00000658-p-1#745,g.139C>G,ENST00000644876.2:c.1890C>G,ENSP00000494040.1:p.Ser630Arg,-0.0004233233,0.9875289,0.061085347000000005,0.0426717759999999,-0.022317797,-0.032121144,0.85707686,0.8856349720000001,0.9331521290000001,0.885623789
urn:mavedb:00000658-p-1#746,g.140A>G,ENST00000644876.2:c.1891A>G,ENSP00000494040.1:p.Ser631Gly,-0.005612456,0.6946265,0.027439981000000002,-0.075811322,-0.046784877,-0.023366012000000002,0.939939651,0.7290923109999999,0.829639514,0.909923088
urn:mavedb:00000658-p-1#747,g.140A>C,ENST00000644876.2:c.1891A>C,ENSP00000494040.1:p.Ser631Arg,0.006099783,0.5904153,0.15324425,0.11619407,0.100799946,0.220308418,0.412797404,0.526864949,0.565855245,0.0894693459999999
urn:mavedb:00000658-p-1#748,g.140A>T,ENST00000644876.2:c.1891A>T,ENSP00000494040.1:p.Ser631Cys,-0.00471036,0.8093173,-0.033898927,-0.031736402000000004,-0.066505997,-0.024776006,0.930938701,0.916121692,0.7702383740000001,0.915014917
urn:mavedb:00000658-p-1#749,g.140_142delinsAAT,ENST00000644876.2:c.1892_1893delinsAT,ENSP00000494040.1:p.Ser631Asn,-0.0126079,0.3597807,-0.04270556,-0.11990044300000001,-0.1241795469999999,0.019770177,0.907926516,0.5621712520000001,0.5036126470000001,0.933194215
urn:mavedb:00000658-p-1#750,g.140_142delinsACA,ENST00000644876.2:c.1892_1893delinsCA,ENSP00000494040.1:p.Ser631Thr,0.006679927,0.6966121999999999,0.1779734999999999,0.256778381,0.101737268,0.03200268,0.464868558,0.148925993,0.66058531,0.8984996040000001
urn:mavedb:00000658-p-1#751,g.140_142delinsATT,ENST00000644876.2:c.1892_1893delinsTT,ENSP00000494040.1:p.Ser631Ile,0.002857605,0.9113194,0.326840192,0.129780494,0.034189307,0.093177755,0.057134726,0.584150066,0.904207091,0.660126972
urn:mavedb:00000658-p-1#752,g.140_142delinsGGA,ENST00000644876.2:c.1891_1893delinsGGA,ENSP00000494040.1:p.Ser631Gly,0.003649223,0.788824,0.039957893,-0.037533984,0.045389164,0.065007251,0.912945964,0.898600765,0.850350631,0.735274656
urn:mavedb:00000658-p-1#753,g.140_142delinsTCA,ENST00000644876.2:c.1891_1893delinsTCA,ENSP00000494040.1:p.Ser631=,0.0060404809999999,0.7463066999999999,0.213484797,0.13028272800000001,0.104189715,0.07756719,0.40312019200000004,0.635958686,0.6907004840000001,0.7518755840000001
urn:mavedb:00000658-p-1#754,g.140_142delinsTCC,ENST00000644876.2:c.1891_1892delinsTC,ENSP00000494040.1:p.Ser631=,-0.0008352178,0.9705290000000001,-0.161952726,-0.079112208,-0.033488176,-0.107454786,0.335170813,0.684634967,0.871955018,0.45857892899999997
urn:mavedb:00000658-p-1#755,g.140_142delinsTCG,ENST00000644876.2:c.1891_1893delinsTCG,ENSP00000494040.1:p.Ser631=,0.011415600000000001,0.26760690000000004,0.177400255,0.10612413,0.19006408600000002,0.1246951759999999,0.157706424,0.45423985,0.076059093,0.28446397100000004
urn:mavedb:00000658-p-1#756,g.140_142delinsTCT,ENST00000644876.2:c.1891_1893delinsTCT,ENSP00000494040.1:p.Ser631=,0.01255209,0.20004460000000002,0.042511322000000004,0.10700677800000001,0.130048074,0.095867218,0.8830061370000001,0.501746273,0.34042514100000004,0.486573376
urn:mavedb:00000658-p-1#757,g.140_142delinsTGT,ENST00000644876.2:c.1891_1893delinsTGT,ENSP00000494040.1:p.Ser631Cys,0.004423348,0.7006925,0.016488467,0.022322972000000003,0.070907182,0.072576689,0.96360223,0.92783588,0.6863541790000001,0.63762391
urn:mavedb:00000658-p-1#758,g.141G>C,ENST00000644876.2:c.1892G>C,ENSP00000494040.1:p.Ser631Thr,0.002593391,0.8893268,0.09657319,0.026224816,0.0439551459999999,0.000302523,0.69484991,0.921459933,0.839370325,0.9989402890000001
urn:mavedb:00000658-p-1#759,g.141G>A,ENST00000644876.2:c.1892G>A,ENSP00000494040.1:p.Ser631Asn,-0.001386429,0.9439545,-0.0612283729999999,0.047648749000000004,-0.05372065400000001,-0.074704073,0.830103265,0.842652159,0.7895588509999999,0.648091477
urn:mavedb:00000658-p-1#760,g.141G>T,ENST00000644876.2:c.1892G>T,ENSP00000494040.1:p.Ser631Ile,-0.001061876,0.9552271999999999,0.0276618439999999,0.0691497029999999,-0.020310171000000002,-0.007750024,0.934899004,0.7382524220000001,0.927352611,0.973187622
urn:mavedb:00000658-p-1#761,g.142C>T,ENST00000644876.2:c.1893C>T,ENSP00000494040.1:p.Ser631=,-0.01296436,0.4564286,-0.09935739,-0.332964227,-0.088462064,-0.175909258,0.749222583,0.031517455,0.6987537109999999,0.311363463
urn:mavedb:00000658-p-1#762,g.142C>A,ENST00000644876.2:c.1893C>A,ENSP00000494040.1:p.Ser631Arg,0.0009427805999999,0.9723108,0.15356763,0.015598782,0.080993124,0.23826877600000002,0.584720085,0.966811503,0.754373672,0.173766915
urn:mavedb:00000658-p-1#763,g.142C>G,ENST00000644876.2:c.1893C>G,ENSP00000494040.1:p.Ser631Arg,0.01773359,0.06596153,0.11316751,0.186051887,0.2314204439999999,0.310355567,0.6896890790000001,0.312352749,0.148929859,0.03019357
urn:mavedb:00000658-p-1#764,g.143_145del,ENST00000644876.2:c.1894_1896del,ENSP00000494040.1:p.Arg632del,-0.0005348993,0.9776579,0.09562812400000001,0.11138173800000001,0.002252894,0.021872349,0.581113173,0.396195623,0.9892065040000001,0.887661523
urn:mavedb:00000658-p-1#765,g.143A>C,ENST00000644876.2:c.1894A>C,ENSP00000494040.1:p.Arg632=,-0.00625673,0.7245333,0.058360453,0.099375409,-0.109970002,-0.093813335,0.879535761,0.695735755,0.6174453529999999,0.6467274279999999
urn:mavedb:00000658-p-1#766,g.143A>G,ENST00000644876.2:c.1894A>G,ENSP00000494040.1:p.Arg632Gly,0.000318262,0.9889705,0.099385736,0.072664492,0.02418054,-0.041044008,0.629655015,0.6995081559999999,0.906415077,0.805193582
urn:mavedb:00000658-p-1#767,g.143A>T,ENST00000644876.2:c.1894A>T,ENSP00000494040.1:p.Arg632Ter,0.02967972,0.0005163736,0.27632363,0.311688804,0.309877172,0.301294073,0.024122557000000003,0.005338005,0.005007055,0.006053899000000001
urn:mavedb:00000658-p-1#768,g.143_145delinsAAG,ENST00000644876.2:c.1895_1896delinsAG,ENSP00000494040.1:p.Arg632Lys,0.00644914,0.6114663,-0.043352027,0.02385433,0.040929633,-0.074434622,0.875445838,0.917581946,0.824688179,0.602256359
urn:mavedb:00000658-p-1#769,g.143_145delinsACC,ENST00000644876.2:c.1895_1896delinsCC,ENSP00000494040.1:p.Arg632Thr,-0.001350224,0.965924,0.168146708,0.118127644,0.003664578,-0.087430262,0.6055925879999999,0.7006132970000001,0.990329637,0.734807016
urn:mavedb:00000658-p-1#770,g.143_145delinsATC,ENST00000644876.2:c.1895_1896delinsTC,ENSP00000494040.1:p.Arg632Ile,-0.0075922030000000005,0.6513414000000001,0.2193887389999999,0.171371945,-0.040939853,-0.136153318,0.333255984,0.43909165,0.887088633,0.499276603
urn:mavedb:00000658-p-1#771,g.143_145delinsCGC,ENST00000644876.2:c.1894_1896delinsCGC,ENSP00000494040.1:p.Arg632=,-0.02341704,0.033345,-0.084930805,-0.23211783800000002,-0.242082711,-0.179697765,0.7614058340000001,0.120912646,0.089526414,0.226912765
urn:mavedb:00000658-p-1#772,g.143_145delinsCGG,ENST00000644876.2:c.1894_1896delinsCGG,ENSP00000494040.1:p.Arg632=,-0.01495069,0.24669810000000003,0.01914358,-0.051847857000000004,-0.15667671800000002,-0.209973755,0.9694246,0.8765665890000001,0.46290382,0.252074827
urn:mavedb:00000658-p-1#773,g.143_145delinsCGT,ENST00000644876.2:c.1894_1896delinsCGT,ENSP00000494040.1:p.Arg632=,-0.003934535,0.8507169,0.255904755,0.067231116,0.023180746000000002,-0.074981546,0.1399039869999999,0.8046550240000001,0.93145797,0.7051608229999999
urn:mavedb:00000658-p-1#774,g.143_145delinsGGC,ENST00000644876.2:c.1894_1896delinsGGC,ENSP00000494040.1:p.Arg632Gly,-0.0147209,0.3197639,0.156655246,-0.0034188490000000003,-0.112488876,-0.380648453,0.588653403,0.993004627,0.647341493,0.019956785
urn:mavedb:00000658-p-1#775,g.143_145delinsTAA,ENST00000644876.2:c.1894_1895delinsTA,ENSP00000494040.1:p.Arg632Ter,0.03813634,2.3843039999999997e-07,0.321047894,0.414371085,0.442198154,0.530676642,0.003758379,3.64e-05,7.64e-06,3.7e-08
urn:mavedb:00000658-p-1#776,g.144G>C,ENST00000644876.2:c.1895G>C,ENSP00000494040.1:p.Arg632Thr,-0.0020598770000000003,0.9277405999999999,0.14668809300000002,0.135977562,-0.036175753,-0.035412185,0.612161386,0.579636249,0.9026761659999999,0.8903575570000001
urn:mavedb:00000658-p-1#777,g.144G>A,ENST00000644876.2:c.1895G>A,ENSP00000494040.1:p.Arg632Lys,0.01300452,0.2533959,0.2407775999999999,0.305756784,0.111179283,-0.0386630789999999,0.133648233,0.023581381000000002,0.5482513729999999,0.8532027109999999
urn:mavedb:00000658-p-1#778,g.144G>T,ENST00000644876.2:c.1895G>T,ENSP00000494040.1:p.Arg632Ile,0.004029027,0.7551569,0.128353005,0.10463938,0.05053794,-0.054170084,0.41368034600000003,0.47958247,0.76558861,0.7092400870000001
urn:mavedb:00000658-p-1#779,g.145A>G,ENST00000644876.2:c.1896A>G,ENSP00000494040.1:p.Arg632=,-0.0012752689999999,0.9661357,0.012949661000000001,0.013135198,-0.028103215,0.0941670769999999,0.9834508479999999,0.975656519,0.938246624,0.7259957909999999
urn:mavedb:00000658-p-1#780,g.145A>C,ENST00000644876.2:c.1896A>C,ENSP00000494040.1:p.Arg632Ser,-0.00982982,0.5048144,0.030883066,0.002802986,-0.10325813,-0.15101664,0.937529431,0.9930806659999999,0.602578439,0.355493249
urn:mavedb:00000658-p-1#781,g.145A>T,ENST00000644876.2:c.1896A>T,ENSP00000494040.1:p.Arg632Ser,-0.02146751,0.01053771,-0.079545719,-0.187953211,-0.2275625419999999,-0.319997388,0.6836073579999999,0.08586623800000001,0.023814351,0.00059375
urn:mavedb:00000658-p-1#782,g.146_148del,ENST00000644876.2:c.1897_1899del,ENSP00000494040.1:p.Gly633del,0.0181646,0.034205900000000004,0.131325263,0.185086533,0.2128365089999999,0.2345945689999999,0.504800834,0.194462093,0.101856095,0.054344957
urn:mavedb:00000658-p-1#783,g.146G>C,ENST00000644876.2:c.1897G>C,ENSP00000494040.1:p.Gly633Arg,0.01175805,0.23794570000000004,-0.035623258,0.035979739,0.103278047,0.168357058,0.87964183,0.8412189940000001,0.36695044299999996,0.072001318
urn:mavedb:00000658-p-1#784,g.146G>A,ENST00000644876.2:c.1897G>A,ENSP00000494040.1:p.Gly633Arg,0.02362913,0.03440167,0.141610701,0.260101211,0.254484962,0.333760796,0.569526691,0.10119307400000001,0.09970358,0.016564864
urn:mavedb:00000658-p-1#785,g.146G>T,ENST00000644876.2:c.1897G>T,ENSP00000494040.1:p.Gly633Ter,0.02203798,0.001865484,0.163358579,0.226882836,0.257920555,0.296128718,0.148548591,0.013021952,0.0030773940000000002,0.00045870300000000003
urn:mavedb:00000658-p-1#786,g.146_148delinsGAG,ENST00000644876.2:c.1898_1899delinsAG,ENSP00000494040.1:p.Gly633Glu,-0.01860131,0.3656482,-0.231428633,-0.227860709,-0.217648481,-0.469636775,0.41262692100000004,0.355166385,0.351676017,0.009695931999999999
urn:mavedb:00000658-p-1#787,g.146_148delinsGCC,ENST00000644876.2:c.1898_1899delinsCC,ENSP00000494040.1:p.Gly633Ala,-0.009899877,0.1945928999999999,0.109996014,-0.044409175,-0.067965492,-0.15155728400000001,0.34357955700000004,0.7542367409999999,0.540495474,0.064963112
urn:mavedb:00000658-p-1#788,g.146_148delinsGTG,ENST00000644876.2:c.1898_1899delinsTG,ENSP00000494040.1:p.Gly633Val,0.0019244529999999,0.9479791999999999,-0.06031812,-0.1305943219999999,0.02020857,-0.0018499120000000002,0.915397274,0.717402757,0.9594414490000001,0.996226088
urn:mavedb:00000658-p-1#789,g.146_148delinsTAA,ENST00000644876.2:c.1897_1898delinsTA,ENSP00000494040.1:p.Gly633Ter,0.045161400000000004,1.5139789999999999e-06,0.2707603289999999,0.49775828200000005,0.476123853,0.703399656,0.11285328300000001,0.0001788459999999,0.000330494,2.18e-08
urn:mavedb:00000658-p-1#790,g.147G>C,ENST00000644876.2:c.1898G>C,ENSP00000494040.1:p.Gly633Ala,-0.009967676,0.2803784,0.065491729,-0.034258256,-0.104394664,-0.08586534900000001,0.736079417,0.852299137,0.371673959,0.44879456100000004
urn:mavedb:00000658-p-1#791,g.147G>A,ENST00000644876.2:c.1898G>A,ENSP00000494040.1:p.Gly633Glu,-0.01062167,0.5785655,0.070305897,0.10064252800000001,-0.120909115,-0.129133377,0.87633514,0.748717451,0.64925749,0.5792990020000001
urn:mavedb:00000658-p-1#792,g.147G>T,ENST00000644876.2:c.1898G>T,ENSP00000494040.1:p.Gly633Val,0.03253818,0.002625674,0.230689035,0.278958043,0.370237396,0.372737893,0.296007772,0.122552996,0.020721438000000002,0.017053943000000002
urn:mavedb:00000658-p-1#793,g.148A>C,ENST00000644876.2:c.1899A>C,ENSP00000494040.1:p.Gly633=,-0.0037456509999999,0.7871608,0.055159506,0.001735728,-0.017988207,-0.012394763,0.845700201,0.9947158770000001,0.93590514,0.9548371520000001
urn:mavedb:00000658-p-1#794,g.148A>T,ENST00000644876.2:c.1899A>T,ENSP00000494040.1:p.Gly633=,-0.00765686,0.5859856999999999,0.09182303900000001,-0.020060186,-0.053421984000000006,-0.06158217,0.738097001,0.94602758,0.8109897690000001,0.741937235
urn:mavedb:00000658-p-1#795,g.148A>G,ENST00000644876.2:c.1899A>G,ENSP00000494040.1:p.Gly633=,0.00177642,0.9286694,-0.001063378,0.012732936,0.020313451,-0.08710031800000001,0.997855158,0.97243078,0.9472494290000001,0.696144839
urn:mavedb:00000658-p-1#796,g.149_151del,ENST00000644876.2:c.1900_1902del,ENSP00000494040.1:p.Phe634del,-0.01079418,0.5554855,-0.0427800759999999,0.087156945,-0.179129745,-0.075791845,0.92151696,0.7566151179999999,0.37152269600000004,0.734807016
urn:mavedb:00000658-p-1#797,g.149T>C,ENST00000644876.2:c.1900T>C,ENSP00000494040.1:p.Phe634Leu,-0.01879009,0.03224142,0.0514506359999999,-0.159808651,-0.156810872,-0.189976135,0.858438997,0.281896146,0.266281039,0.133316195
urn:mavedb:00000658-p-1#798,g.149T>G,ENST00000644876.2:c.1900T>G,ENSP00000494040.1:p.Phe634Val,0.004175082,0.86559,-0.164053543,-0.0377884339999999,-0.028746821000000002,-0.16091922,0.48152770899999997,0.9046491190000001,0.915493178,0.348974002
urn:mavedb:00000658-p-1#799,g.149T>A,ENST00000644876.2:c.1900T>A,ENSP00000494040.1:p.Phe634Ile,0.002639758,0.8447925,0.1237227619999999,0.1343753,0.037634808,-0.0140114419999999,0.469431045,0.329965106,0.84085439,0.9410202320000001
urn:mavedb:00000658-p-1#800,g.149_151delinsAGC,ENST00000644876.2:c.1900_1902delinsAGC,ENSP00000494040.1:p.Phe634Ser,-0.0006229603,0.9875289,0.19978688600000002,0.04551035900000001,0.057423748,-0.109693082,0.643084488,0.927523256,0.892424511,0.74118823
urn:mavedb:00000658-p-1#801,g.149_151delinsATC,ENST00000644876.2:c.1900_1902delinsATC,ENSP00000494040.1:p.Phe634Ile,-0.004767382,0.8302075000000001,0.0015671029999999,-0.038180807000000004,-0.042328677,-0.059052038,0.9962745340000001,0.9109227320000001,0.88126431,0.802938857
urn:mavedb:00000658-p-1#802,g.149_151delinsGTG,ENST00000644876.2:c.1900_1902delinsGTG,ENSP00000494040.1:p.Phe634Val,0.04360853,1.260823e-08,0.257731303,0.46411371700000004,0.52654043,0.804921859,0.017914468,4.61e-07,6.06e-09,6.21e-20
urn:mavedb:00000658-p-1#803,g.149_151delinsTAC,ENST00000644876.2:c.1901_1902delinsAC,ENSP00000494040.1:p.Phe634Tyr,-0.02128005,0.06322974,0.033975511,-0.071084861,-0.174406295,-0.070145648,0.9330879409999999,0.7900571999999999,0.326841709,0.730628822
urn:mavedb:00000658-p-1#804,g.149_151delinsTGC,ENST00000644876.2:c.1901_1902delinsGC,ENSP00000494040.1:p.Phe634Cys,0.001047925,0.9478266,0.13880994,0.162884748,0.052304786,0.050580352,0.382023175,0.202550387,0.76535467,0.741215161
urn:mavedb:00000658-p-1#805,g.150T>A,ENST00000644876.2:c.1901T>A,ENSP00000494040.1:p.Phe634Tyr,-0.01872346,0.09303033,-0.162076929,-0.12449127,-0.21556123800000002,-0.251593928,0.534770435,0.611976159,0.240735614,0.131609361
urn:mavedb:00000658-p-1#806,g.150T>C,ENST00000644876.2:c.1901T>C,ENSP00000494040.1:p.Phe634Ser,-0.004356162,0.7775254,-0.0434341409999999,-0.0073036509999999,-0.043510262,-0.152439941,0.92230239,0.9843051359999999,0.881614033,0.44984271
urn:mavedb:00000658-p-1#807,g.150T>G,ENST00000644876.2:c.1901T>G,ENSP00000494040.1:p.Phe634Cys,-0.001911792,0.9214527,0.079573594,-0.053026585,0.048137396,0.028693446,0.824953663,0.868328925,0.861755185,0.91012694
urn:mavedb:00000658-p-1#808,g.151T>C,ENST00000644876.2:c.1902T>C,ENSP00000494040.1:p.Phe634=,-0.005894333000000001,0.7983694,0.048099112,0.0348719679999999,-0.0612251429999999,-0.024760136000000002,0.919179925,0.925604436,0.840178995,0.9337924390000001
urn:mavedb:00000658-p-1#809,g.151T>A,ENST00000644876.2:c.1902T>A,ENSP00000494040.1:p.Phe634Leu,0.007035253000000001,0.6737211999999999,-0.061934524000000005,0.040947416,0.048587705,-0.074586216,0.812602754,0.856660877,0.7966357559999999,0.622678311
urn:mavedb:00000658-p-1#810,g.151T>G,ENST00000644876.2:c.1902T>G,ENSP00000494040.1:p.Phe634Leu,0.01066588,0.3545005,0.115227314,0.105987099,0.163391678,0.122123081,0.5916019610000001,0.563978568,0.256252606,0.406030214
urn:mavedb:00000658-p-1#811,g.152_154del,ENST00000644876.2:c.1905_1907del,ENSP00000494040.1:p.Gly638del,-0.005532599,0.7906401,0.0311607889999999,-0.031459045,-0.048493095,-0.044556019,0.948012807,0.927523256,0.865673111,0.86061629
urn:mavedb:00000658-p-1#812,g.152G>A,ENST00000644876.2:c.1903G>A,ENSP00000494040.1:p.Gly635Ser,-0.01308248,0.4575694,0.054332887,-0.136331344,-0.091552366,0.047429524,0.894296767,0.571128329,0.7089836279999999,0.8467021999999998
urn:mavedb:00000658-p-1#813,g.152G>C,ENST00000644876.2:c.1903G>C,ENSP00000494040.1:p.Gly635Arg,0.006150523000000001,0.8215492,0.272727911,0.227820062,0.115261973,0.347857132,0.39514988100000004,0.452021059,0.737918645,0.131763511
urn:mavedb:00000658-p-1#814,g.152G>T,ENST00000644876.2:c.1903G>T,ENSP00000494040.1:p.Gly635Cys,-0.000651117,0.9810537,0.177600565,0.1048823419999999,0.01143079,0.070044813,0.48152770899999997,0.695136357,0.969365952,0.759345768
urn:mavedb:00000658-p-1#815,g.152_154delinsAGC,ENST00000644876.2:c.1903_1905delinsAGC,ENSP00000494040.1:p.Gly635Ser,-0.03350456,0.0059099209999999,-0.025005566,-0.165907793,-0.3612838579999999,-0.16526348,0.9628891629999999,0.507900153,0.043226587000000004,0.434807302
urn:mavedb:00000658-p-1#816,g.152_154delinsCGG,ENST00000644876.2:c.1903_1905delinsCGG,ENSP00000494040.1:p.Gly635Arg,0.0190400999999999,0.07557382,0.2657675869999999,0.23364047300000002,0.24620241,0.281134,0.10336354699999999,0.140959149,0.100834295,0.044785725
urn:mavedb:00000658-p-1#817,g.152_154delinsGAC,ENST00000644876.2:c.1904_1905delinsAC,ENSP00000494040.1:p.Gly635Asp,-0.01875189,0.2296735,0.127344787,-0.085898343,-0.187311776,-0.226383038,0.698268522,0.77795126,0.3748121170000001,0.23295760000000001
urn:mavedb:00000658-p-1#818,g.152_154delinsGCC,ENST00000644876.2:c.1904_1905delinsCC,ENSP00000494040.1:p.Gly635Ala,-0.01916499,0.3040894,-0.17472473800000002,-0.185872851,-0.236156397,-0.246095365,0.6658492020000001,0.559854095,0.37902131,0.32133218
urn:mavedb:00000658-p-1#819,g.152_154delinsGTG,ENST00000644876.2:c.1904_1905delinsTG,ENSP00000494040.1:p.Gly635Val,0.008288965,0.8345319,0.344387905,0.2447942,0.177950482,0.253055468,0.5067545729999999,0.6345547770000001,0.723441172,0.537417639
urn:mavedb:00000658-p-1#820,g.152_154delinsTGC,ENST00000644876.2:c.1903_1905delinsTGC,ENSP00000494040.1:p.Gly635Cys,0.002815694,0.8668684000000001,0.166626637,0.079711009,0.090302126,0.19065558100000002,0.379656448,0.720831575,0.6360136470000001,0.17685953199999999
urn:mavedb:00000658-p-1#821,g.153G>C,ENST00000644876.2:c.1904G>C,ENSP00000494040.1:p.Gly635Ala,0.00252145,0.9401961999999999,0.1605613719999999,-0.059637536,0.117919038,0.088476156,0.6862455470000001,0.890281256,0.70678281,0.7615875609999999
urn:mavedb:00000658-p-1#822,g.153G>T,ENST00000644876.2:c.1904G>T,ENSP00000494040.1:p.Gly635Val,0.01737549,0.346823,0.370870965,0.220736325,0.300028296,0.186486163,0.049722052999999995,0.30983534,0.103580652,0.359846457
urn:mavedb:00000658-p-1#823,g.153G>A,ENST00000644876.2:c.1904G>A,ENSP00000494040.1:p.Gly635Asp,0.0009010307000000001,0.9795997999999999,0.124181278,0.062362876,0.041352329,0.116492499,0.827738373,0.9060705920000001,0.928216913,0.735886826
urn:mavedb:00000658-p-1#824,g.154T>A,ENST00000644876.2:c.1905T>A,ENSP00000494040.1:p.Gly635=,0.006210289,0.760049,0.04614431,0.18408036100000003,0.092399625,0.349908239,0.93147762,0.5023284960000001,0.765352785,0.07258206
urn:mavedb:00000658-p-1#825,g.154T>C,ENST00000644876.2:c.1905T>C,ENSP00000494040.1:p.Gly635=,0.00961947,0.6395003,0.0286400629999999,0.046544902,0.121648312,0.048246372,0.9566158579999999,0.9012077759999999,0.633584103,0.859851525
urn:mavedb:00000658-p-1#826,g.154T>G,ENST00000644876.2:c.1905T>G,ENSP00000494040.1:p.Gly635=,0.002247082,0.9473403,0.052697441,0.00684636,0.049270142,-0.005540218,0.938685091,0.99020925,0.9110587309999999,0.990139185
urn:mavedb:00000658-p-1#827,g.155_157del,ENST00000644876.2:c.1908_1909+1del,NA,-0.01415695,0.3592431,0.0301180429999999,0.020269113000000002,-0.137403735,-0.08670517,0.9557430709999999,0.9616645840000001,0.593489815,0.733120715
urn:mavedb:00000658-p-1#828,g.155G>C,ENST00000644876.2:c.1906G>C,ENSP00000494040.1:p.Gly636Arg,0.02677827,0.1846141,0.09090564400000001,0.23379933,0.289551961,0.195664017,0.8871439390000001,0.5167610189999999,0.344011481,0.5339848739999999
urn:mavedb:00000658-p-1#829,g.155G>A,ENST00000644876.2:c.1906G>A,ENSP00000494040.1:p.Gly636Arg,0.01634604,0.4138670999999999,0.165854259,0.199052328,0.20811880600000002,0.032109023,0.652354942,0.469344342,0.404889405,0.922257584
urn:mavedb:00000658-p-1#830,g.155G>T,ENST00000644876.2:c.1906G>T,ENSP00000494040.1:p.Gly636Ter,-0.1449137,2.068826e-05,-1.5895465619999998,-1.796281515,-1.865812541,-1.5237167390000002,2.87e-07,2.0600000000000003e-09,5.31e-10,3.7e-07
urn:mavedb:00000658-p-1#831,g.155_157delinsGAG,ENST00000644876.2:c.1907_1908delinsAG,ENSP00000494040.1:p.Gly636Glu,0.0029864109999999,0.936158,0.181293675,0.13002096800000001,0.0769597779999999,0.16998057,0.7524106540000001,0.801055524,0.876041925,0.643368577
urn:mavedb:00000658-p-1#832,g.155_157delinsGCC,ENST00000644876.2:c.1907_1908delinsCC,ENSP00000494040.1:p.Gly636Ala,-0.01232568,0.6556159,-0.272352832,-0.17398744100000002,-0.20615439300000002,-0.27157799,0.44057611,0.633930157,0.505700489,0.311312148
urn:mavedb:00000658-p-1#833,g.155_157delinsGTG,ENST00000644876.2:c.1907_1908delinsTG,ENSP00000494040.1:p.Gly636Val,0.02031807,0.1006044,0.15848081,0.188482399,0.290538001,0.4948699789999999,0.700973918,0.5423468539999999,0.230179157,0.014218803
urn:mavedb:00000658-p-1#834,g.155_157delinsTAA,ENST00000644876.2:c.1906_1907delinsTA,ENSP00000494040.1:p.Gly636Ter,-0.201723,0.0002958459,-1.986852897,-2.843340343,-2.346165561,-2.397900389,5.3499999999999996e-08,2.93e-15,4.57e-11,2.0200000000000002e-11
urn:mavedb:00000658-p-1#835,g.156G>C,ENST00000644876.2:c.1907G>C,ENSP00000494040.1:p.Gly636Ala,-0.01169334,0.7648136999999999,0.197684697,-0.17286492,-0.029666293,-0.002558103,0.74353544,0.7344460620000001,0.957310718,0.996242689
urn:mavedb:00000658-p-1#836,g.156G>A,ENST00000644876.2:c.1907G>A,ENSP00000494040.1:p.Gly636Glu,-0.0009589591,0.9820164,0.044494623,-0.055820659,-0.003784847,0.075097946,0.954473212,0.9197627159999999,0.9931348409999999,0.852216625
urn:mavedb:00000658-p-1#837,g.156G>T,ENST00000644876.2:c.1907G>T,ENSP00000494040.1:p.Gly636Val,0.01410287,0.289606,0.114286109,0.185293078,0.16952266,0.49496342,0.732115222,0.384159896,0.4072414070000001,0.000727792
urn:mavedb:00000658-p-1#838,g.157A>C,ENST00000644876.2:c.1908A>C,ENSP00000494040.1:p.Gly636=,7.113082e-05,0.9985036,-0.17795497,-0.042500592000000004,-0.054709913,0.07352394200000001,0.682594708,0.928018172,0.892424511,0.827892546
urn:mavedb:00000658-p-1#839,g.157A>T,ENST00000644876.2:c.1908A>T,ENSP00000494040.1:p.Gly636=,0.0028552290000000004,0.9208605,-0.042017168,0.034915855,-0.015249984,-0.0703717329999999,0.9407076259999999,0.934338184,0.967397442,0.8122222029999999
urn:mavedb:00000658-p-1#840,g.157A>G,ENST00000644876.2:c.1908A>G,ENSP00000494040.1:p.Gly636=,-0.007553674,0.6673338000000001,0.023271184,-0.061856463,-0.059028852,0.0719207009999999,0.9578142820000001,0.829298642,0.811051264,0.7270559809999999
urn:mavedb:00000658-p-1#841,g.158G>A,ENST00000644876.2:c.1909G>A,ENSP00000494040.1:p.Gly637Ser,-0.0004173026,0.9933382,-0.07159367,0.083552868,0.014532742,0.170255603,0.920655097,0.875133563,0.976442225,0.616422338
urn:mavedb:00000658-p-1#842,g.158G>C,ENST00000644876.2:c.1909G>C,ENSP00000494040.1:p.Gly637Arg,0.002510125,0.9439545,-0.070923994,0.06821052,0.009263643,0.181355992,0.9087529679999999,0.888886117,0.9830150759999999,0.536197052
urn:mavedb:00000658-p-1#843,g.158G>T,ENST00000644876.2:c.1909G>T,ENSP00000494040.1:p.Gly637Cys,0.01599611,0.5422844,0.314429002,0.307631723,0.2203773439999999,0.2481419289999999,0.356669494,0.306583713,0.487858511,0.379403992
urn:mavedb:00000658-p-1#844,g.159_160del,ENST00000644876.2:c.1909+1_1909+2del,NA,0.01611548,0.40288140000000006,0.126558074,-0.093459195,0.1930048419999999,0.425642939,0.7077466379999999,0.754870244,0.35472518799999997,0.007993521
urn:mavedb:00000658-p-1#845,g.159G>A,ENST00000644876.2:c.1909+1G>A,NA,0.003479935,0.8642633,-0.049037282,0.139068855,-0.0131091519999999,0.006023174,0.891263585,0.45186323799999994,0.9589563879999999,0.982481761
urn:mavedb:00000658-p-1#846,g.159G>C,ENST00000644876.2:c.1909+1G>C,NA,-0.01230756,0.6619921,-0.154356751,-0.124515721,-0.17325309600000002,-0.317927222,0.755428083,0.77125025,0.611793192,0.233087063
urn:mavedb:00000658-p-1#847,g.159G>T,ENST00000644876.2:c.1909+1G>T,NA,0.03580998,0.03662696,0.298037101,0.331048884,0.435706031,0.4638938979999999,0.39477744,0.254823252,0.082949976,0.052314978
urn:mavedb:00000658-p-1#848,g.160T>C,ENST00000644876.2:c.1909+2T>C,NA,0.01220841,0.48268240000000007,0.074706283,0.140078565,0.13561747300000002,0.141388793,0.853450096,0.582398571,0.562490881,0.49993751200000003
urn:mavedb:00000658-p-1#849,g.160T>A,ENST00000644876.2:c.1909+2T>A,NA,0.006453777,0.7284005,0.066654134,0.119980724,0.101988849,0.246273042,0.869106919,0.644601539,0.675369645,0.156969375
urn:mavedb:00000658-p-1#850,g.160T>G,ENST00000644876.2:c.1909+2T>G,NA,-0.001238198,0.9605543,-0.167464665,-0.091131757,-0.063704787,-0.0100116359999999,0.370622595,0.659748609,0.7546929240000001,0.9662688629999999
urn:mavedb:00000658-p-1#851,g.161_162del,ENST00000644876.2:c.1909+3_1909+4del,NA,0.02210956,0.12830060000000001,-0.0063495190000000005,0.247826839,0.198701043,0.4356959039999999,0.99125528,0.19504816600000002,0.312359845,0.004451297
urn:mavedb:00000658-p-1#852,g.161A>G,ENST00000644876.2:c.1909+3A>G,NA,0.005547963,0.8272886,0.0583997109999999,0.037118477000000004,0.079241663,0.045852452,0.925273703,0.940698019,0.840178995,0.899224061
urn:mavedb:00000658-p-1#853,g.161A>T,ENST00000644876.2:c.1909+3A>T,NA,0.003854668,0.8486691999999999,-0.126257709,-0.014749846,0.020031463,-0.011719982,0.70713798,0.969676572,0.9494197090000001,0.970130484
urn:mavedb:00000658-p-1#854,g.161A>C,ENST00000644876.2:c.1909+3A>C,NA,-0.008131224,0.7560799,-0.142047895,-0.052474325,-0.103183022,-0.006753802,0.775108723,0.916148457,0.787888549,0.98727918
urn:mavedb:00000658-p-1#855,g.162G>T,ENST00000644876.2:c.1909+4G>T,NA,-0.005739114,0.8095909,-0.226859251,0.0575151059999999,-0.167551938,0.018351237,0.28836507,0.850110357,0.39476859200000003,0.946915802
urn:mavedb:00000658-p-1#856,g.162G>A,ENST00000644876.2:c.1909+4G>A,NA,-0.0057014809999999,0.8454475,-0.115125707,0.014427872,-0.066924416,-0.348466404,0.802328935,0.974951452,0.853319446,0.110785804
urn:mavedb:00000658-p-1#857,g.162G>C,ENST00000644876.2:c.1909+4G>C,NA,0.007883137,0.7944029,-0.123689638,0.052675037,0.0382262629999999,0.082150101,0.7845664090000001,0.906272638,0.9213889820000001,0.787951994
urn:mavedb:00000658-p-1#858,g.163_164del,ENST00000644876.2:c.1909+6_1909+7del,NA,-0.01162693,0.6297934000000001,-0.163734083,-0.07736654,-0.167880465,-0.370638486,0.667246995,0.837358183,0.53039214,0.0683316529999999
urn:mavedb:00000658-p-1#859,g.163T>A,ENST00000644876.2:c.1909+5T>A,NA,0.007409736,0.8122556,-0.26724769800000003,-0.0299711439999999,-0.0125792819999999,-0.13558551800000002,0.543249128,0.96103265,0.980457595,0.7083036220000001
urn:mavedb:00000658-p-1#860,g.163T>G,ENST00000644876.2:c.1909+5T>G,NA,-0.006921214,0.8055637,-0.124840022,-0.153435499,-0.082273001,-0.005907877,0.79851161,0.673330158,0.827488917,0.98854391
urn:mavedb:00000658-p-1#861,g.163T>C,ENST00000644876.2:c.1909+5T>C,NA,-0.02240383,0.21421220000000002,0.065031978,-0.078968991,-0.20079101600000002,-0.13324183,0.904103668,0.84557117,0.454862859,0.624281385
urn:mavedb:00000658-p-1#862,g.164G>T,ENST00000644876.2:c.1909+6G>T,NA,0.01232447,0.3622835,-0.045041017,0.015376363,0.135987146,-0.052888927,0.9065423840000001,0.963812372,0.469999657,0.8034898140000001
urn:mavedb:00000658-p-1#863,g.164G>C,ENST00000644876.2:c.1909+6G>C,NA,-0.00368947,0.8871357,0.073731009,-0.0035467990000000002,-0.041677822,0.069125532,0.878405867,0.9935933309999999,0.90389633,0.8051796590000001
urn:mavedb:00000658-p-1#864,g.164G>A,ENST00000644876.2:c.1909+6G>A,NA,0.002435855,0.9370219000000001,0.043402629000000005,0.195323921,0.002553745,0.122592931,0.934596138,0.44567054,0.993573507,0.619662652
urn:mavedb:00000658-p-1#865,g.165_166del,ENST00000644876.2:c.1909+7_1909+8del,NA,-0.02832949,0.06199535,-0.253573977,-0.241788251,-0.349269512,-0.472763989,0.259139176,0.22737411899999999,0.041001167000000005,0.002909437
urn:mavedb:00000658-p-1#866,g.165T>A,ENST00000644876.2:c.1909+7T>A,NA,0.000972758,0.977406,0.083582852,0.061769159000000004,0.040127574,-0.0723896959999999,0.875941312,0.890281256,0.918861287,0.820971808
urn:mavedb:00000658-p-1#867,g.165T>C,ENST00000644876.2:c.1909+7T>C,NA,0.0029373479999999,0.8967669,-0.143612637,0.02650592,-0.023284812000000002,-0.047110894,0.592300684,0.9354715370000001,0.934801863,0.8411738329999999
urn:mavedb:00000658-p-1#868,g.165T>G,ENST00000644876.2:c.1909+7T>G,NA,0.04347666,0.006486585,0.061692155,0.171305834,0.468888725,0.588345524,0.903970031,0.54316495,0.010553011000000001,0.000695605
urn:mavedb:00000658-p-1#869,g.166T>A,ENST00000644876.2:c.1909+8T>A,NA,-0.01100068,0.6196252,0.037090363,-0.047022833,-0.086399974,-0.17127888600000002,0.9491931840000001,0.912413247,0.792324749,0.49239818
urn:mavedb:00000658-p-1#870,g.166T>C,ENST00000644876.2:c.1909+8T>C,NA,0.0057052280000000006,0.7272688,-0.102741731,-0.006750779,-0.031039429,0.0402309329999999,0.724867429,0.9831753590000001,0.9039205690000001,0.8548914790000001
urn:mavedb:00000658-p-1#871,g.166T>G,ENST00000644876.2:c.1909+8T>G,NA,-0.0003020864,0.9928471,0.025045852,0.034532699,-0.016424276,0.10733088,0.9662173140000001,0.932343505,0.963251684,0.680038712
urn:mavedb:00000658-p-1#872,g.167_168del,ENST00000644876.2:c.1909+9_1909+10del,NA,-0.005192779000000001,0.8213140999999999,-0.204445455,-0.09258812400000001,-0.158113921,-0.103586366,0.594144701,0.827137958,0.614752278,0.735203974
urn:mavedb:00000658-p-1#873,g.167A>C,ENST00000644876.2:c.1909+9A>C,NA,-0.0100278,0.4564286,0.004341796,-0.122551017,-0.123795915,-0.27585685,0.994083328,0.67147136,0.631331137,0.145908976
urn:mavedb:00000658-p-1#874,g.167A>T,ENST00000644876.2:c.1909+9A>T,NA,-0.03301475,0.06429286,-0.143567476,-0.257885552,-0.3759156079999999,-0.2773006719999999,0.735937918,0.32492773199999997,0.086477988,0.22098209800000002
urn:mavedb:00000658-p-1#875,g.167A>G,ENST00000644876.2:c.1909+9A>G,NA,-0.0098560119999999,0.5120241,-0.147246708,-0.106584725,-0.134817507,-0.149926906,0.409195727,0.545697289,0.363906805,0.269704977
urn:mavedb:00000658-p-1#876,g.168A>T,ENST00000644876.2:c.1909+10A>T,NA,-0.007416945,0.8036044,-0.267163918,-0.134502546,-0.116195239,0.106806206,0.473408636,0.735963775,0.751970602,0.738902615
urn:mavedb:00000658-p-1#877,g.168A>C,ENST00000644876.2:c.1909+10A>C,NA,-0.0016505810000000001,0.9609667,-0.008581222,0.075766513,-0.058793717,0.0294321179999999,0.99024096,0.8544232829999999,0.874762543,0.934327226
urn:mavedb:00000658-p-1#878,g.168A>G,ENST00000644876.2:c.1909+10A>G,NA,0.007588328,0.8088734999999999,-0.33292657800000003,-0.064120654,-0.008450022,-0.1667357019999999,0.250483551,0.8889051579999999,0.983521808,0.548071034
urn:mavedb:00000658-p-1#879,g.169_170del,ENST00000644876.2:c.1909+12_1909+13del,NA,0.0047558409999999,0.8755895,0.12091331,0.164123926,0.015900655,0.020394022,0.799203035,0.6270888029999999,0.968541535,0.958654498
urn:mavedb:00000658-p-1#880,g.169T>A,ENST00000644876.2:c.1909+11T>A,NA,-0.01188034,0.5888906999999999,-0.052747561,-0.1164594009999999,-0.122635096,0.021477466,0.920807534,0.727447935,0.674594068,0.9506763020000001
urn:mavedb:00000658-p-1#881,g.169T>C,ENST00000644876.2:c.1909+11T>C,NA,0.007423100000000001,0.7922020000000001,0.113906798,0.12820030400000001,0.09964747,0.043526601,0.83294704,0.7535917059999999,0.7944206490000001,0.9078787509999999
urn:mavedb:00000658-p-1#882,g.169T>G,ENST00000644876.2:c.1909+11T>G,NA,-0.0226507,0.1599253,-0.285884648,-0.163078879,-0.311410069,-0.235421438,0.1587019469999999,0.483936824,0.072819423,0.192048484
urn:mavedb:00000658-p-1#883,g.170C>A,ENST00000644876.2:c.1909+12C>A,NA,0.002913493,0.9158177,-0.073257157,0.052076789000000005,0.038874277,0.117486823,0.891998946,0.906272638,0.919998595,0.6779135740000001
urn:mavedb:00000658-p-1#884,g.170C>T,ENST00000644876.2:c.1909+12C>T,NA,-0.002730508,0.9223239,-0.287733868,-0.144868478,-0.078447806,-0.12780502800000001,0.165689856,0.556362741,0.7687745770000001,0.5434491810000001
urn:mavedb:00000658-p-1#885,g.170C>G,ENST00000644876.2:c.1909+12C>G,NA,0.004861633,0.8489341999999999,-0.045598908,0.151168579,-0.013132952,-0.210871067,0.9316840809999999,0.609217429,0.9703728890000001,0.349150698
urn:mavedb:00000658-p-1#886,g.171_172del,ENST00000644876.2:c.1909+14_1909+15del,NA,0.0030878309999999,0.9324412000000001,-0.116913529,0.163023941,-0.0509510679999999,-0.03738402,0.8326714559999999,0.6728812759999999,0.906389662,0.924938865
urn:mavedb:00000658-p-1#887,g.171T>A,ENST00000644876.2:c.1909+13T>A,NA,-0.004746429,0.7951673,-0.113473542,-0.023041251000000002,-0.080616228,-0.0011024280000000001,0.668240255,0.938206822,0.7012939509999999,0.9963051909999999
urn:mavedb:00000658-p-1#888,g.171T>C,ENST00000644876.2:c.1909+13T>C,NA,-0.005630309,0.8395191999999999,0.036171984,0.019420866000000002,-0.05492849,-0.0548493009999999,0.953171953,0.967732844,0.8817305670000001,0.8675083570000001
urn:mavedb:00000658-p-1#889,g.171T>G,ENST00000644876.2:c.1909+13T>G,NA,-0.02622418,0.0783652,-0.0511786029999999,-0.150096173,-0.28465882600000003,-0.193037431,0.92151696,0.61484421,0.190192117,0.40017135
urn:mavedb:00000658-p-1#890,g.172G>T,ENST00000644876.2:c.1909+14G>T,NA,-0.02176283,0.33340640000000005,-0.117151868,-0.428165002,-0.167001054,-0.354270566,0.7703936229999999,0.028362828,0.510078253,0.0705501509999999
urn:mavedb:00000658-p-1#891,g.172G>C,ENST00000644876.2:c.1909+14G>C,NA,-0.01687795,0.3592077,-0.103201259,-0.156145339,-0.213292912,-0.367175301,0.84322704,0.659748609,0.45653892799999995,0.115993015
urn:mavedb:00000658-p-1#892,g.172G>A,ENST00000644876.2:c.1909+14G>A,NA,-0.03146746,0.0006381141,0.010134632,-0.150987191,-0.33008239,-0.293517342,0.979510089,0.363005142,0.007633604,0.019364055
urn:mavedb:00000658-p-1#893,g.173_174del,ENST00000644876.2:c.1909+15_1909+16del,NA,-0.009500752,0.7349716,-0.11579174,-0.235175682,-0.065357583,-0.217755573,0.8378266059999999,0.49656419999999996,0.878733597,0.46693021
urn:mavedb:00000658-p-1#894,g.173T>A,ENST00000644876.2:c.1909+15T>A,NA,-0.006903136,0.7826003,-0.154425434,-0.0964395919999999,-0.1021196259999999,-0.067971458,0.653551227,0.77125025,0.718497116,0.802416896
urn:mavedb:00000658-p-1#895,g.173T>G,ENST00000644876.2:c.1909+15T>G,NA,0.01509883,0.3050319,0.126137984,0.12563855300000001,0.1965556789999999,0.346377045,0.670230416,0.592850151,0.276937943,0.019985067
urn:mavedb:00000658-p-1#896,g.173T>C,ENST00000644876.2:c.1909+15T>C,NA,-0.01056958,0.5822822,0.056483299,0.0209977279999999,-0.1130489859999999,-0.115860983,0.8935978459999999,0.955434661,0.63925005,0.590359336
urn:mavedb:00000658-p-1#897,g.174A>T,ENST00000644876.2:c.1909+16A>T,NA,-0.01812793,0.09298462,-0.084194542,-0.081633107,-0.215001739,-0.32518308100000004,0.784801412,0.737785048,0.180446475,0.022152471
urn:mavedb:00000658-p-1#898,g.174A>C,ENST00000644876.2:c.1909+16A>C,NA,0.008915682,0.725209,0.022364591,-0.053658495,0.13904170000000002,0.174574545,0.974148494,0.908855512,0.670331648,0.52761716
urn:mavedb:00000658-p-1#899,g.174A>G,ENST00000644876.2:c.1909+16A>G,NA,-0.01868632,0.2840627999999999,0.077574089,0.003658802,-0.1713873719999999,-0.006231129,0.868969937,0.9934565129999999,0.502649946,0.9858334759999999
