accession,hgvs_nt,hgvs_splice,hgvs_pro,score,cLFC_trend_BH_FDR,D7_combined_LFC,D11_combined_LFC,D15_combined_LFC,D21_combined_LFC,cLFCd7_BH_FDR,cLFCd11_BH_FDR,cLFCd15_BH_FDR,cLFCd21_BH_FDR
urn:mavedb:00000658-q-1#1,g.1_2del,ENST00000644876.2:c.1910-25_1910-23del,NA,-0.02033455,0.009903200000000001,-0.105388726,-0.167449114,-0.234650295,-0.24426181600000002,0.46380161,0.10327847300000001,0.010239259,0.004885155
urn:mavedb:00000658-q-1#2,g.1T>A,ENST00000644876.2:c.1910-25T>A,NA,-0.0024875,0.8794552,-0.00328117,-0.0493391159999999,-0.023848894,-0.013979705,0.9936202679999999,0.828068749,0.9119768090000001,0.9459861740000001
urn:mavedb:00000658-q-1#3,g.1T>G,ENST00000644876.2:c.1910-25T>G,NA,-0.006201843,0.5514762,-0.058062573,-0.06993891,-0.062964731,-0.024299473,0.758060837,0.626341218,0.636875713,0.8613091999999999
urn:mavedb:00000658-q-1#4,g.1T>C,ENST00000644876.2:c.1910-25T>C,NA,-0.0005659023000000001,0.9767066999999999,-0.033327317,-0.073941134,-0.013712024,0.037391385,0.908205411,0.681579127,0.9473060059999999,0.816924545
urn:mavedb:00000658-q-1#5,g.2C>T,ENST00000644876.2:c.1910-24C>T,NA,-0.01139478,0.48464670000000004,-0.151750462,-0.199522914,-0.111283904,-0.0872849219999999,0.518016557,0.264146764,0.590907914,0.651094755
urn:mavedb:00000658-q-1#6,g.2C>G,ENST00000644876.2:c.1910-24C>G,NA,-0.001284826,0.9428088,0.04086082,8.109999999999999e-05,0.004630242,0.071782353,0.885606874,0.9995405359999999,0.982974338,0.622370923
urn:mavedb:00000658-q-1#7,g.2C>A,ENST00000644876.2:c.1910-24C>A,NA,-0.001968233,0.8908853999999999,-0.062912652,-0.0282380429999999,-0.0274096679999999,-0.003914295,0.718624948,0.8743478090000001,0.8605572109999999,0.981524328
urn:mavedb:00000658-q-1#8,g.3T>A,ENST00000644876.2:c.1910-23T>A,NA,-0.01422669,0.22003040000000001,-0.058370857000000005,-0.0865534469999999,-0.161815693,-0.192645305,0.83078933,0.649308522,0.24893258199999999,0.119520584
urn:mavedb:00000658-q-1#9,g.3T>C,ENST00000644876.2:c.1910-23T>C,NA,-0.005558055,0.5846766,-0.030369836,-0.062524697,-0.0459413029999999,0.0062960369999999,0.8876224859999999,0.6446961410000001,0.730473571,0.967388688
urn:mavedb:00000658-q-1#10,g.3T>G,ENST00000644876.2:c.1910-23T>G,NA,0.0050088929999999,0.6795918000000001,-0.051218797,0.008986835,0.0455737259999999,-0.004666433,0.837726283,0.9708624,0.799199241,0.982481761
urn:mavedb:00000658-q-1#11,g.4C>T,ENST00000644876.2:c.1910-22C>T,NA,0.003641562,0.7517281,0.028671347000000003,0.03349964,0.0613854329999999,0.14360366800000002,0.9165027659999999,0.8727638040000001,0.69229946,0.188746678
urn:mavedb:00000658-q-1#12,g.4C>A,ENST00000644876.2:c.1910-22C>A,NA,-0.008751728,0.5651705,-0.213468147,-0.123374355,-0.134921886,-0.010489015,0.178183825,0.49899007799999995,0.412761922,0.964288771
urn:mavedb:00000658-q-1#13,g.4C>G,ENST00000644876.2:c.1910-22C>G,NA,-0.0073442740000000005,0.5032844,-0.0647321159999999,-0.115757297,-0.0646721609999999,-0.08396257900000001,0.75746531,0.39190191799999996,0.6714598070000001,0.50306266
urn:mavedb:00000658-q-1#14,g.5T>C,ENST00000644876.2:c.1910-21T>C,NA,0.0066867490000000005,0.46994890000000006,0.0122024589999999,0.0855702659999999,0.0647017459999999,0.189664117,0.967327851,0.5505885189999999,0.650887033,0.0458260759999999
urn:mavedb:00000658-q-1#15,g.5T>A,ENST00000644876.2:c.1910-21T>A,NA,0.005859559,0.7070255999999999,-0.093765191,0.026314299,0.01952026,0.016421954,0.6809152620000001,0.9169971440000001,0.930189935,0.935210639
urn:mavedb:00000658-q-1#16,g.5T>G,ENST00000644876.2:c.1910-21T>G,NA,0.005470287,0.7136385999999999,0.067062656,0.02975747,0.059174537,0.166694675,0.835855668,0.9198301190000001,0.799398823,0.294917715
urn:mavedb:00000658-q-1#17,g.6C>T,ENST00000644876.2:c.1910-20C>T,NA,-0.001690225,0.9206051,-0.0490716859999999,-0.0460417709999999,-0.001843877,0.027556373,0.854711557,0.8332048040000001,0.99200187,0.875085835
urn:mavedb:00000658-q-1#18,g.6C>A,ENST00000644876.2:c.1910-20C>A,NA,-0.01370514,0.1639382,-0.042635324,-0.076604622,-0.148665771,0.011456949,0.8723382590000001,0.657881079,0.236466609,0.951666948
urn:mavedb:00000658-q-1#19,g.6C>G,ENST00000644876.2:c.1910-20C>G,NA,0.002222581,0.9028209999999999,0.029621097000000002,-0.042286775,0.052278427,-0.003651261,0.9399346740000001,0.883337745,0.824256914,0.98854391
urn:mavedb:00000658-q-1#20,g.7_8del,ENST00000644876.2:c.1910-16_1910-15del,NA,0.007212496,0.4007598,0.0186069289999999,0.10018140800000001,0.07055617900000001,-0.019695886,0.9329530979999999,0.324399172,0.518525758,0.8746140609999999
urn:mavedb:00000658-q-1#21,g.7T>C,ENST00000644876.2:c.1910-19T>C,NA,-0.00173462,0.9324412000000001,-0.049683037,-0.0744575059999999,0.001624166,-0.04986783400000001,0.8679327520000001,0.7196053809999999,0.993645133,0.77513279
urn:mavedb:00000658-q-1#22,g.7T>A,ENST00000644876.2:c.1910-19T>A,NA,0.0009702711,0.9445577,0.063890023,0.0336295589999999,0.036645669,-0.021917972,0.741810898,0.859100875,0.8229905829999999,0.8829388990000001
urn:mavedb:00000658-q-1#23,g.7T>G,ENST00000644876.2:c.1910-19T>G,NA,-0.003628812,0.7727078000000001,-0.072108906,-0.0747169,-0.05285257,-0.048469632,0.6917976929999999,0.608846226,0.716878523,0.7038182909999999
urn:mavedb:00000658-q-1#24,g.8T>G,ENST00000644876.2:c.1910-18T>G,NA,-0.0032124320000000003,0.7351051,-0.000264182,0.013359263,-0.03489369,0.032198154,0.9988924259999999,0.929544705,0.763110629,0.745605575
urn:mavedb:00000658-q-1#25,g.8T>C,ENST00000644876.2:c.1910-18T>C,NA,-0.01394528,0.1899435,-0.132129843,-0.157241587,-0.160546032,-0.145133491,0.391478626,0.209893455,0.176402105,0.20708415300000002
urn:mavedb:00000658-q-1#26,g.8T>A,ENST00000644876.2:c.1910-18T>A,NA,0.0003784771,0.9881318000000001,0.155200483,0.05446201,0.0591585709999999,0.042237442,0.37393925,0.8158373659999999,0.764944828,0.813509305
urn:mavedb:00000658-q-1#27,g.9T>C,ENST00000644876.2:c.1910-17T>C,NA,0.003739815,0.7409876,0.074506353,0.060111128,0.063578867,-0.001139404,0.616484611,0.6547872379999999,0.595597423,0.9942477059999999
urn:mavedb:00000658-q-1#28,g.9T>A,ENST00000644876.2:c.1910-17T>A,NA,0.01372153,0.147351,0.0459743309999999,0.080108925,0.1580744969999999,0.143600286,0.858822619,0.642909145,0.200440388,0.225442018
urn:mavedb:00000658-q-1#29,g.9T>G,ENST00000644876.2:c.1910-17T>G,NA,-0.001665306,0.9113876000000001,-0.087604142,-0.1208348069999999,-0.0070505019999999,-0.074893355,0.503094567,0.216575515,0.9630689370000001,0.449045581
urn:mavedb:00000658-q-1#30,g.10T>A,ENST00000644876.2:c.1910-16T>A,NA,0.004928008,0.5967935000000001,-0.014325258,-0.0073177719999999,0.06920601400000001,0.027058587000000002,0.9538199359999999,0.970211785,0.561039622,0.830150973
urn:mavedb:00000658-q-1#31,g.10T>C,ENST00000644876.2:c.1910-16T>C,NA,0.004517889000000001,0.6766557,0.085471586,0.100984706,0.062579365,0.1068550869999999,0.62985139,0.458103446,0.668585349,0.34423810899999996
urn:mavedb:00000658-q-1#32,g.10T>G,ENST00000644876.2:c.1910-16T>G,NA,-0.0003395623,0.9877406999999999,0.046467804,-0.078373972,0.0345330229999999,0.003122336,0.875609277,0.694511454,0.87027772,0.98854391
urn:mavedb:00000658-q-1#33,g.11_12del,ENST00000644876.2:c.1910-15_1910-14del,NA,0.002342082,0.8792968000000001,0.0069764169999999,-0.017382919,0.04879217,-0.095219576,0.9849966929999999,0.94602758,0.79907025,0.506653239
urn:mavedb:00000658-q-1#34,g.11T>A,ENST00000644876.2:c.1910-15T>A,NA,0.01324903,0.1736456,0.250174105,0.217589056,0.199377685,0.175355541,0.031145025,0.060501621,0.088747689,0.125220861
urn:mavedb:00000658-q-1#35,g.11T>C,ENST00000644876.2:c.1910-15T>C,NA,-0.008164507,0.4361087999999999,-0.055210739,-0.103832834,-0.080184879,-0.014197965,0.8023504640000001,0.457912372,0.572523505,0.933247554
urn:mavedb:00000658-q-1#36,g.11T>G,ENST00000644876.2:c.1910-15T>G,NA,0.007805074,0.442162,0.0251172089999999,0.090920432,0.088247304,0.041583781,0.9165027659999999,0.46471881200000004,0.46034943100000003,0.7362993809999999
urn:mavedb:00000658-q-1#37,g.12A>T,ENST00000644876.2:c.1910-14A>T,NA,0.004493583,0.7478166,0.013857236,0.092701931,0.029526131,0.1090880259999999,0.966992126,0.572532821,0.880466344,0.398799876
urn:mavedb:00000658-q-1#38,g.12A>C,ENST00000644876.2:c.1910-14A>C,NA,-0.005327073000000001,0.6006933000000001,-0.007384946,-0.010936448,-0.052783635,-0.109438971,0.979418647,0.9589744509999999,0.71626037,0.297439706
urn:mavedb:00000658-q-1#39,g.12A>G,ENST00000644876.2:c.1910-14A>G,NA,-0.0020373789999999,0.9056120999999999,-0.125626134,-0.143199785,-0.013313085,-0.050613144000000006,0.31733698,0.175650757,0.9387859590000001,0.677178928
urn:mavedb:00000658-q-1#40,g.13_14del,ENST00000644876.2:c.1910-13_1910-12del,NA,-0.006266728,0.4548100999999999,-0.04218876,-0.040219734,-0.066778074,-0.1125544469999999,0.7796721040000001,0.744603873,0.492354536,0.130354202
urn:mavedb:00000658-q-1#41,g.13A>T,ENST00000644876.2:c.1910-13A>T,NA,-0.01065122,0.3570923,-0.128620221,-0.1452389469999999,-0.11770037,-0.15526599800000002,0.363417063,0.21960625600000003,0.339198535,0.1365439269999999
urn:mavedb:00000658-q-1#42,g.13A>C,ENST00000644876.2:c.1910-13A>C,NA,-0.01776154,0.05471083,-0.227102288,-0.21707219100000003,-0.233943824,-0.1951153239999999,0.012238743,0.013846565,0.006395035,0.022867437999999997
urn:mavedb:00000658-q-1#43,g.13A>G,ENST00000644876.2:c.1910-13A>G,NA,-0.001097455,0.9415370000000001,-0.062454119,-0.055516816,-0.03535215,-0.0570480009999999,0.739781749,0.7246140109999999,0.822144049,0.637878675
urn:mavedb:00000658-q-1#44,g.14A>T,ENST00000644876.2:c.1910-12A>T,NA,0.0015992670000000001,0.9163007,0.016194489,0.046389479000000004,0.0236771489999999,0.026817938,0.966992126,0.853371212,0.920161132,0.8934795179999999
urn:mavedb:00000658-q-1#45,g.14A>C,ENST00000644876.2:c.1910-12A>C,NA,-0.0203676,0.05099974,-0.254419847,-0.293028083,-0.230419342,-0.311456105,0.015252706000000001,0.002629269,0.024697226,0.000836629
urn:mavedb:00000658-q-1#46,g.14A>G,ENST00000644876.2:c.1910-12A>G,NA,0.01739616,0.01356618,0.177721157,0.19135417300000002,0.2217891189999999,0.188584513,0.10095507699999999,0.052822614000000004,0.016542085,0.04185267
urn:mavedb:00000658-q-1#47,g.15_16del,ENST00000644876.2:c.1910-7_1910-6del,NA,0.003265925,0.8345319,0.039433866,0.071749118,0.0468204859999999,0.0932027919999999,0.892680248,0.714676875,0.809779475,0.516607728
urn:mavedb:00000658-q-1#48,g.15T>C,ENST00000644876.2:c.1910-11T>C,NA,0.004341614000000001,0.6570516,-0.0476346579999999,0.007334874,0.0349404029999999,0.06118501900000001,0.81998653,0.97243078,0.824782432,0.611856155
urn:mavedb:00000658-q-1#49,g.15T>A,ENST00000644876.2:c.1910-11T>A,NA,0.005411625,0.7031164000000001,0.055584484,0.08685851300000001,0.073201427,0.027510994,0.839078662,0.644737814,0.682719655,0.8812656940000001
urn:mavedb:00000658-q-1#50,g.15T>G,ENST00000644876.2:c.1910-11T>G,NA,-0.0454006,2.5778170000000005e-07,0.068014225,-0.2134729239999999,-0.2681636,-0.367944215,0.8027302759999999,0.127311402,0.034967805,0.001454628
urn:mavedb:00000658-q-1#51,g.16C>G,ENST00000644876.2:c.1910-10C>G,NA,0.01299571,0.2311058,0.1073317769999999,0.077436028,0.192790844,0.169909687,0.609689127,0.6959408159999999,0.144704789,0.183620323
urn:mavedb:00000658-q-1#52,g.16C>A,ENST00000644876.2:c.1910-10C>A,NA,-0.00942373,0.4297172,-0.003643837,-0.099046414,-0.102168988,-0.0306958739999999,0.99325891,0.612330175,0.5614626970000001,0.875015109
urn:mavedb:00000658-q-1#53,g.16C>T,ENST00000644876.2:c.1910-10C>T,NA,0.008012348,0.4568455,0.033599878,0.0740601259999999,0.093244503,0.044208137,0.894214891,0.6396520179999999,0.479151299,0.750830135
urn:mavedb:00000658-q-1#54,g.17T>C,ENST00000644876.2:c.1910-9T>C,NA,0.008536849,0.4413754,0.081805462,0.015581827,0.14863574300000001,0.157737248,0.736079417,0.95425953,0.299128063,0.22965913699999999
urn:mavedb:00000658-q-1#55,g.17T>A,ENST00000644876.2:c.1910-9T>A,NA,0.00048454190000000004,0.9773164000000001,-0.030597258,-0.0264633339999999,0.008767884,0.060960275,0.897988053,0.892274982,0.9595799540000001,0.609093412
urn:mavedb:00000658-q-1#56,g.17T>G,ENST00000644876.2:c.1910-9T>G,NA,-0.0005019051,0.9760300999999999,0.069264635,0.1165893019999999,0.0008480289999999,0.083400519,0.715029183,0.34127164200000004,0.995983539,0.475403345
urn:mavedb:00000658-q-1#57,g.18C>T,ENST00000644876.2:c.1910-8C>T,NA,-0.01906639,0.1492568,-0.170610586,-0.23138597,-0.1948727139999999,-0.166640173,0.420870415,0.158000368,0.2462667,0.307251018
urn:mavedb:00000658-q-1#58,g.18C>A,ENST00000644876.2:c.1910-8C>A,NA,0.009861185,0.3811059,0.037419255,0.077788151,0.108954144,0.089750886,0.897986567,0.67388021,0.4639552320000001,0.522813148
urn:mavedb:00000658-q-1#59,g.18C>G,ENST00000644876.2:c.1910-8C>G,NA,-0.001559487,0.9393546,-0.064493468,0.007153792,-0.042312222000000003,-0.040479517,0.837921557,0.9814029809999999,0.8604751079999999,0.846417723
urn:mavedb:00000658-q-1#60,g.19T>C,ENST00000644876.2:c.1910-7T>C,NA,-0.004244472,0.6914126,-0.050705049,-0.046149285,-0.05082816,0.0281844679999999,0.826836549,0.811366563,0.7546929240000001,0.856687359
urn:mavedb:00000658-q-1#61,g.19T>G,ENST00000644876.2:c.1910-7T>G,NA,0.005144943,0.5510735,0.061129872,0.007002643,0.088692798,0.079675912,0.639062636,0.9659048659999999,0.303757233,0.331903445
urn:mavedb:00000658-q-1#62,g.19T>A,ENST00000644876.2:c.1910-7T>A,NA,-0.0056996519999999,0.7113885999999999,-0.186698985,-0.1683329139999999,-0.093352165,-0.0739901459999999,0.14546451800000001,0.171863011,0.525540272,0.587176797
urn:mavedb:00000658-q-1#63,g.20C>T,ENST00000644876.2:c.1910-6C>T,NA,0.002142658,0.8779884,0.133816939,0.077517392,0.06704563,-0.009631153,0.36194999899999997,0.636017672,0.663238066,0.958527505
urn:mavedb:00000658-q-1#64,g.20C>A,ENST00000644876.2:c.1910-6C>A,NA,0.003488459,0.8672375,-0.038219157000000004,-0.102617286,0.067556786,0.105675245,0.929502205,0.694390374,0.7933921859999999,0.601651499
urn:mavedb:00000658-q-1#65,g.20C>G,ENST00000644876.2:c.1910-6C>G,NA,-0.0001861973,0.9944481,-0.110099745,-0.065716571,-0.067933918,-0.019409075,0.680729763,0.802551118,0.765352785,0.9350016109999999
urn:mavedb:00000658-q-1#66,g.21_22del,ENST00000644876.2:c.1910-5_1910-4del,NA,-0.0007337389,0.956204,-0.00796405,-0.0201318,-0.007293806,-0.047215325,0.9768905659999999,0.916148457,0.965619835,0.6978507890000001
urn:mavedb:00000658-q-1#67,g.21A>T,ENST00000644876.2:c.1910-5A>T,NA,-0.008749696,0.35164070000000003,-0.023754145,-0.124679838,-0.06640826400000001,-0.109886485,0.9260752729999999,0.292147331,0.633927599,0.309706695
urn:mavedb:00000658-q-1#68,g.21A>C,ENST00000644876.2:c.1910-5A>C,NA,-0.002657872,0.8392470999999999,0.021778101,-0.018961749,-0.012795775,-0.016798338,0.9316840809999999,0.922992371,0.940862468,0.909923088
urn:mavedb:00000658-q-1#69,g.21A>G,ENST00000644876.2:c.1910-5A>G,NA,0.0029574790000000003,0.8278404,0.06032513,0.041934909,0.055107705,0.060019758,0.779851842,0.8321232190000001,0.729930918,0.658953528
urn:mavedb:00000658-q-1#70,g.22T>A,ENST00000644876.2:c.1910-4T>A,NA,0.006208683,0.6052767,-0.0240497179999999,0.040301611,0.0603236979999999,0.055417514,0.93147762,0.837358183,0.6948702640000001,0.6815318459999999
urn:mavedb:00000658-q-1#71,g.22T>C,ENST00000644876.2:c.1910-4T>C,NA,-0.002324611,0.8598313,-0.088647611,-0.08554750800000001,-0.026885153,-0.0410359879999999,0.46741006,0.424968844,0.846482518,0.698447595
urn:mavedb:00000658-q-1#72,g.22T>G,ENST00000644876.2:c.1910-4T>G,NA,0.00200823,0.8907235000000001,-0.030653244,-0.010469723,0.017516006,0.072632309,0.9096193890000001,0.9649604620000001,0.927133485,0.579637982
urn:mavedb:00000658-q-1#73,g.23_24del,ENST00000644876.2:c.1910-3_1910-2del,NA,-0.01073643,0.2122093,-0.0176946519999999,-0.074839086,-0.0973014169999999,-0.09242603,0.939939651,0.543243924,0.35520955200000004,0.33569989299999997
urn:mavedb:00000658-q-1#74,g.23T>C,ENST00000644876.2:c.1910-3T>C,NA,-0.01083665,0.1768202,-0.0786595009999999,-0.083721767,-0.119560026,-0.041971644,0.611230525,0.5027202999999999,0.242452223,0.726922744
urn:mavedb:00000658-q-1#75,g.23T>A,ENST00000644876.2:c.1910-3T>A,NA,0.01488542,0.1135724999999999,0.006884581,0.087713817,0.163307757,0.1825990519999999,0.98431601,0.610333938,0.19516192,0.112813935
urn:mavedb:00000658-q-1#76,g.23T>G,ENST00000644876.2:c.1910-3T>G,NA,0.005541298,0.5356939000000001,0.10963183900000001,0.033729959,0.103656161,0.137209404,0.4050822570000001,0.848913985,0.353700014,0.147090336
urn:mavedb:00000658-q-1#77,g.24A>T,ENST00000644876.2:c.1910-2A>T,NA,0.001025719,0.9537981,0.070688764,0.025439529,0.01064264,0.027517218,0.773790449,0.917581946,0.961550065,0.880453955
urn:mavedb:00000658-q-1#78,g.24A>C,ENST00000644876.2:c.1910-2A>C,NA,-0.0068261569999999,0.4129,0.1101274469999999,0.019349585,-0.041682864,-0.0486559509999999,0.39477744,0.917581946,0.7757255829999999,0.6847405870000001
urn:mavedb:00000658-q-1#79,g.24A>G,ENST00000644876.2:c.1910-2A>G,NA,-0.006612915,0.4588244999999999,0.011078035,-0.071257371,-0.0490256559999999,-0.096163834,0.9662173140000001,0.584276454,0.7123768109999999,0.329647044
urn:mavedb:00000658-q-1#80,g.25G>T,ENST00000644876.2:c.1910-1G>T,NA,-0.01215675,0.3701337999999999,-0.007841506,-0.14270937,-0.09919637,-0.0856729869999999,0.986471895,0.499109955,0.650332266,0.665118244
urn:mavedb:00000658-q-1#81,g.25G>C,ENST00000644876.2:c.1910-1G>C,NA,-0.00260716,0.786872,0.023388145,0.0035371179999999,0.009344805,0.021416531000000003,0.9090916240000001,0.983764222,0.950699982,0.859020137
urn:mavedb:00000658-q-1#82,g.25G>A,ENST00000644876.2:c.1910-1G>A,NA,0.0073907259999999,0.643372,0.1834249889999999,0.004386109,0.1723204589999999,-0.00191522,0.208400945,0.987135381,0.190192117,0.9924624470000001
urn:mavedb:00000658-q-1#83,g.26G>C,ENST00000644876.2:c.1910G>C,ENSP00000494040.1:p.Gly637Ala,0.01099563,0.2593993,0.06706205,0.094800837,0.132625469,0.2331234019999999,0.722951358,0.471692106,0.221557287,0.008766257
urn:mavedb:00000658-q-1#84,g.26G>A,ENST00000644876.2:c.1910G>A,ENSP00000494040.1:p.Gly637Asp,0.002853582,0.8252746,-0.09612484,-0.044896322,0.000899665,0.099576577,0.485094842,0.77795126,0.995244934,0.317751474
urn:mavedb:00000658-q-1#85,g.26G>T,ENST00000644876.2:c.1910G>T,ENSP00000494040.1:p.Gly637Val,0.01183709,0.2006862999999999,0.083596513,0.151322227,0.134375446,0.229248065,0.662659281,0.21239701800000002,0.268905164,0.019985067
urn:mavedb:00000658-q-1#86,g.27T>C,ENST00000644876.2:c.1911T>C,ENSP00000494040.1:p.Gly637=,0.002052243,0.8885181000000001,0.031459415,0.051273282,0.026387554,0.018101011,0.9032013659999999,0.772961331,0.880101672,0.908399525
urn:mavedb:00000658-q-1#87,g.27T>A,ENST00000644876.2:c.1911T>A,ENSP00000494040.1:p.Gly637=,0.004200578,0.6953023,0.00647181,0.022623655,0.034141296,0.050971998,0.98367955,0.915095496,0.84345357,0.706000938
urn:mavedb:00000658-q-1#88,g.27T>G,ENST00000644876.2:c.1911T>G,ENSP00000494040.1:p.Gly637=,0.0157701,0.01530405,0.033825785,0.1006215709999999,0.17569674600000001,0.183956576,0.863410645,0.33110829199999997,0.030815257999999998,0.017456961
urn:mavedb:00000658-q-1#89,g.28_30del,ENST00000644876.2:c.1912_1914del,ENSP00000494040.1:p.Gly638del,-0.004123159,0.7889735999999999,-0.07014783,-0.052483695,-0.057010594000000005,0.010141249,0.7978699570000001,0.829364082,0.7805377609999999,0.964625684
urn:mavedb:00000658-q-1#90,g.28G>C,ENST00000644876.2:c.1912G>C,ENSP00000494040.1:p.Gly638Arg,0.00270948,0.8345319,0.072972402,0.006731201,0.066724563,0.040987208,0.688319645,0.974434338,0.63040134,0.7589033759999999
urn:mavedb:00000658-q-1#91,g.28G>T,ENST00000644876.2:c.1912G>T,ENSP00000494040.1:p.Gly638Cys,0.0005409387,0.9790158000000001,-0.044592872,-0.051540459000000004,0.021129632000000002,-0.100004055,0.854926747,0.782595442,0.912075926,0.411240489
urn:mavedb:00000658-q-1#92,g.28G>A,ENST00000644876.2:c.1912G>A,ENSP00000494040.1:p.Gly638Ser,-0.00712333,0.5366729,-0.052053197,-0.105677251,-0.071774212,-0.01048763,0.8142881790000001,0.437720605,0.617423135,0.952846682
urn:mavedb:00000658-q-1#93,g.28_30delinsCGG,ENST00000644876.2:c.1912_1914delinsCGG,ENSP00000494040.1:p.Gly638Arg,-0.002390303,0.8649986999999999,0.025034782000000002,-0.07841329,0.016216911,0.072459489,0.91839388,0.566274763,0.924657391,0.522984911
urn:mavedb:00000658-q-1#94,g.28_30delinsGAT,ENST00000644876.2:c.1913_1914delinsAT,ENSP00000494040.1:p.Gly638Asp,-0.002187038,0.8395191999999999,-0.014472044,-0.07540205900000001,-0.046967777,0.030719055,0.953656822,0.5505885189999999,0.724594051,0.804770474
urn:mavedb:00000658-q-1#95,g.28_30delinsGCT,ENST00000644876.2:c.1913_1914delinsCT,ENSP00000494040.1:p.Gly638Ala,-0.005094748,0.6786665,0.017124419,-0.058825800000000004,-0.029635927000000003,-0.084380207,0.953656822,0.7350565859999999,0.8684866259999999,0.49966447
urn:mavedb:00000658-q-1#96,g.28_30delinsGTG,ENST00000644876.2:c.1913_1914delinsTG,ENSP00000494040.1:p.Gly638Val,-0.0022645770000000003,0.8652588,-0.093737813,0.0148050039999999,-0.063636284,-0.008803933,0.532904887,0.941137775,0.638930251,0.957451004
urn:mavedb:00000658-q-1#97,g.28_30delinsTCC,ENST00000644876.2:c.1912_1913delinsTC,ENSP00000494040.1:p.Gly638Ser,-0.005149665,0.6588741,-0.08769482,-0.137552567,-0.053478289000000005,-0.040079654,0.6615701999999999,0.310241449,0.755172975,0.795723855
urn:mavedb:00000658-q-1#98,g.28_30delinsTGT,ENST00000644876.2:c.1912_1914delinsTGT,ENSP00000494040.1:p.Gly638Cys,0.0026948479999999,0.8213140999999999,0.09324567,0.061548017000000003,0.054050047000000004,0.069024526,0.487499525,0.654266879,0.673385538,0.511028472
urn:mavedb:00000658-q-1#99,g.29G>C,ENST00000644876.2:c.1913G>C,ENSP00000494040.1:p.Gly638Ala,-0.005811351,0.7148178000000001,-0.134302395,-0.1156101119999999,-0.090535251,-0.136747076,0.453503634,0.484812729,0.584199174,0.305364105
urn:mavedb:00000658-q-1#100,g.29G>T,ENST00000644876.2:c.1913G>T,ENSP00000494040.1:p.Gly638Val,8.234639999999999e-05,0.9974825,-0.075179866,-0.080924153,0.009532832,0.071391839,0.701081724,0.5991989999999999,0.959653038,0.5748468870000001
urn:mavedb:00000658-q-1#101,g.29G>A,ENST00000644876.2:c.1913G>A,ENSP00000494040.1:p.Gly638Asp,-0.005413524,0.6864639,-0.02814786,0.011064557,-0.071157388,0.0604960909999999,0.92151696,0.964781032,0.654532138,0.668823264
urn:mavedb:00000658-q-1#102,g.30C>A,ENST00000644876.2:c.1914C>A,ENSP00000494040.1:p.Gly638=,0.0005356504,0.9688171999999998,0.053073787000000004,0.031097529,0.025191279,0.037918818,0.7920053859999999,0.871228432,0.880292657,0.777274075
urn:mavedb:00000658-q-1#103,g.30C>T,ENST00000644876.2:c.1914C>T,ENSP00000494040.1:p.Gly638=,0.002850014,0.8214937,-0.0304409429999999,-0.09472662,0.070674042,0.051592751,0.87414721,0.343219151,0.49249897200000003,0.601249836
urn:mavedb:00000658-q-1#104,g.30C>G,ENST00000644876.2:c.1914C>G,ENSP00000494040.1:p.Gly638=,-0.003331713,0.8389679,-0.2191874889999999,-0.084855925,-0.077288669,0.003322577,0.055814689,0.592570559,0.601811124,0.985943373
urn:mavedb:00000658-q-1#105,g.31_33del,ENST00000644876.2:c.1915_1917del,ENSP00000494040.1:p.Tyr639del,0.01173906,0.41624540000000004,0.0562684959999999,0.018870664,0.16331947300000002,0.071290564,0.8876224859999999,0.9582853440000001,0.41469491399999997,0.744426363
urn:mavedb:00000658-q-1#106,g.31T>G,ENST00000644876.2:c.1915T>G,ENSP00000494040.1:p.Tyr639Asp,0.00302271,0.8322649999999999,-0.037567641,0.0033500640000000003,0.029501694,0.0148733069999999,0.888877225,0.989349895,0.876041925,0.933345815
urn:mavedb:00000658-q-1#107,g.31T>C,ENST00000644876.2:c.1915T>C,ENSP00000494040.1:p.Tyr639His,-0.004897217,0.7133732,-0.050684924000000006,-0.032311908,-0.059020403,-0.016732308,0.85529159,0.8965690140000001,0.753090535,0.932925087
urn:mavedb:00000658-q-1#108,g.31T>A,ENST00000644876.2:c.1915T>A,ENSP00000494040.1:p.Tyr639Asn,0.00664715,0.516933,-0.023247426,-0.024660842000000002,0.098449994,0.1862626939999999,0.9183540090000001,0.889228903,0.345566841,0.020957036999999998
urn:mavedb:00000658-q-1#109,g.31_33delinsAAC,ENST00000644876.2:c.1915_1917delinsAAC,ENSP00000494040.1:p.Tyr639Asn,0.008519764,0.260075,0.10493344800000001,0.126303072,0.111917294,0.004184311,0.529203681,0.3364048429999999,0.38960733299999994,0.983355633
urn:mavedb:00000658-q-1#110,g.31_33delinsAGC,ENST00000644876.2:c.1915_1917delinsAGC,ENSP00000494040.1:p.Tyr639Ser,-0.0016001729999999,0.9264429,0.072134255,-0.076895996,0.019370941000000003,0.0747808029999999,0.77653718,0.704518512,0.931556918,0.6357944000000001
urn:mavedb:00000658-q-1#111,g.31_33delinsCAC,ENST00000644876.2:c.1915_1917delinsCAC,ENSP00000494040.1:p.Tyr639His,-0.0016989320000000002,0.9209371,0.012557131000000001,-0.000487239,-0.004776296,-0.023252005,0.9694246,0.998181869,0.982174641,0.8925544540000001
urn:mavedb:00000658-q-1#112,g.31_33delinsGAC,ENST00000644876.2:c.1915_1917delinsGAC,ENSP00000494040.1:p.Tyr639Asp,-0.001645714,0.9113194,0.079419842,-0.024878793,0.022563826000000002,0.052043622000000005,0.617270458,0.8960875159999999,0.8898017109999999,0.66198581
urn:mavedb:00000658-q-1#113,g.31_33delinsTGC,ENST00000644876.2:c.1916_1917delinsGC,ENSP00000494040.1:p.Tyr639Cys,-0.01583742,0.05473126,-0.117697766,-0.10310068300000001,-0.192625403,-0.210900213,0.39477744,0.42222258799999995,0.049211982,0.021065
urn:mavedb:00000658-q-1#114,g.31_33delinsTTC,ENST00000644876.2:c.1916_1917delinsTC,ENSP00000494040.1:p.Tyr639Phe,-0.01865721,0.04892157,-0.1315118509999999,-0.179082985,-0.2307587519999999,-0.186134133,0.41460214700000003,0.148178043,0.037312187999999996,0.09523213800000001
urn:mavedb:00000658-q-1#115,g.32A>T,ENST00000644876.2:c.1916A>T,ENSP00000494040.1:p.Tyr639Phe,0.005754087,0.6337762,-0.078891917,0.040685977000000005,0.02893832,-0.074888357,0.72138831,0.851823338,0.882706296,0.6000433629999999
urn:mavedb:00000658-q-1#116,g.32A>C,ENST00000644876.2:c.1916A>C,ENSP00000494040.1:p.Tyr639Ser,-0.003682069,0.7810195,0.045596747,0.027702931,-0.0247758379999999,0.017313996,0.8789286909999999,0.913986532,0.910799482,0.932456353
urn:mavedb:00000658-q-1#117,g.32A>G,ENST00000644876.2:c.1916A>G,ENSP00000494040.1:p.Tyr639Cys,-0.01104348,0.08590293,-0.0250777079999999,-0.065422305,-0.1172500369999999,-0.030118596,0.9108692509999999,0.626420491,0.237526972,0.808789457
urn:mavedb:00000658-q-1#118,g.33T>C,ENST00000644876.2:c.1917T>C,ENSP00000494040.1:p.Tyr639=,-0.01172892,0.22752750000000002,-0.061175999,-0.11557615800000001,-0.1168887109999999,-0.13107512,0.799746561,0.44912365200000004,0.409717558,0.29671764100000003
urn:mavedb:00000658-q-1#119,g.33T>A,ENST00000644876.2:c.1917T>A,ENSP00000494040.1:p.Tyr639Ter,-0.202761,7.26004e-56,-0.6528842579999999,-1.6578672369999998,-2.155914804,-2.249182791,0.004461868,2.27e-16,1.6600000000000002e-26,2.75e-29
urn:mavedb:00000658-q-1#120,g.33T>G,ENST00000644876.2:c.1917T>G,ENSP00000494040.1:p.Tyr639Ter,-0.02264532,1.052742e-05,-0.034775345,-0.1097629,-0.247726439,-0.219689021,0.813505185,0.142239575,4.2700000000000015e-05,0.00019879099999999997
urn:mavedb:00000658-q-1#121,g.34_36del,ENST00000644876.2:c.1920_1922del,ENSP00000494040.1:p.Gly641del,0.0034654209999999,0.8357295,0.015725371000000002,0.020985846000000002,0.062292707,-0.001368482,0.9694246,0.942159986,0.772702626,0.995273082
urn:mavedb:00000658-q-1#122,g.34G>C,ENST00000644876.2:c.1918G>C,ENSP00000494040.1:p.Gly640Arg,0.005072627,0.7065864000000001,0.004888701,0.013929733,0.049409515,0.05226188,0.987827975,0.951584887,0.763110629,0.702411935
urn:mavedb:00000658-q-1#123,g.34G>A,ENST00000644876.2:c.1918G>A,ENSP00000494040.1:p.Gly640Arg,0.006425404,0.5500201,0.132411804,0.13392890400000002,0.0962783169999999,0.140292474,0.28422512699999997,0.22511892100000003,0.428182626,0.149691256
urn:mavedb:00000658-q-1#124,g.34G>T,ENST00000644876.2:c.1918G>T,ENSP00000494040.1:p.Gly640Ter,-0.001603894,0.9098745,0.063192976,0.017022561000000002,0.028286331,0.096388628,0.7818292659999999,0.942159986,0.882706296,0.45934710700000003
urn:mavedb:00000658-q-1#125,g.34_36delinsGAG,ENST00000644876.2:c.1919_1920delinsAG,ENSP00000494040.1:p.Gly640Glu,0.01983484,0.01378724,0.124514551,0.203816849,0.226535999,0.275018207,0.407460659,0.057593973,0.025508213,0.0033960870000000003
urn:mavedb:00000658-q-1#126,g.34_36delinsGCC,ENST00000644876.2:c.1919_1920delinsCC,ENSP00000494040.1:p.Gly640Ala,-0.0008131539,0.9595813,0.042632894000000005,-0.042339315,0.024019621,0.141507559,0.8625342570000001,0.8307508840000001,0.897328564,0.200269201
urn:mavedb:00000658-q-1#127,g.34_36delinsGTG,ENST00000644876.2:c.1919_1920delinsTG,ENSP00000494040.1:p.Gly640Val,-0.0009421342,0.9422938,-0.003069674,-0.0519668909999999,0.00264288,-0.012081296000000002,0.990131543,0.67133733,0.9843749190000001,0.921753178
urn:mavedb:00000658-q-1#128,g.34_36delinsTAA,ENST00000644876.2:c.1918_1919delinsTA,ENSP00000494040.1:p.Gly640Ter,-0.005581353000000001,0.6610043000000001,0.100362624,-0.077409822,0.00467624,-0.032283284,0.650020821,0.701584777,0.9836137420000001,0.861684705
urn:mavedb:00000658-q-1#129,g.35G>C,ENST00000644876.2:c.1919G>C,ENSP00000494040.1:p.Gly640Ala,-0.0090715769999999,0.2348954999999999,-0.015570481,-0.072466566,-0.079940401,-0.047054047,0.9407076259999999,0.4960344270000001,0.412073171,0.628959052
urn:mavedb:00000658-q-1#130,g.35G>A,ENST00000644876.2:c.1919G>A,ENSP00000494040.1:p.Gly640Glu,-0.01537049,0.09637031,-0.107995131,-0.116393808,-0.190486646,-0.17070004800000002,0.561199833,0.44520264,0.11187642800000001,0.143706318
urn:mavedb:00000658-q-1#131,g.35G>T,ENST00000644876.2:c.1919G>T,ENSP00000494040.1:p.Gly640Val,0.01560549,0.04152647,0.017615362,0.162262375,0.157450025,0.11085101300000001,0.950253034,0.143404596,0.146304879,0.323206492
urn:mavedb:00000658-q-1#132,g.36A>C,ENST00000644876.2:c.1920A>C,ENSP00000494040.1:p.Gly640=,-0.006093255,0.6436508000000001,0.032302716,-0.035814469,-0.050048585,-0.042077692,0.927496195,0.897741033,0.822976548,0.830150973
urn:mavedb:00000658-q-1#133,g.36A>T,ENST00000644876.2:c.1920A>T,ENSP00000494040.1:p.Gly640=,0.0008183169999999,0.9648540000000001,-0.072593981,-0.052578324,0.003360391,-0.071024367,0.762597787,0.811366563,0.985909018,0.642537687
urn:mavedb:00000658-q-1#134,g.36A>G,ENST00000644876.2:c.1920A>G,ENSP00000494040.1:p.Gly640=,0.01360235,0.05133481,0.0514739929999999,0.1760614939999999,0.135535572,0.282121555,0.768587254,0.04082775,0.13643957,0.000131483
urn:mavedb:00000658-q-1#135,g.37_39del,ENST00000644876.2:c.1921_1923del,ENSP00000494040.1:p.Gly641del,0.0002724621,0.9903457,-0.038684454,-0.007407399,-0.002397874,0.07886902900000001,0.8920059659999999,0.9761294779999999,0.989764399,0.582352049
urn:mavedb:00000658-q-1#136,g.37G>A,ENST00000644876.2:c.1921G>A,ENSP00000494040.1:p.Gly641Ser,0.0008245497,0.9439545,0.041489696,0.1136292469999999,0.011188362,0.016718131,0.743876425,0.09201082599999999,0.924657391,0.86061629
urn:mavedb:00000658-q-1#137,g.37G>C,ENST00000644876.2:c.1921G>C,ENSP00000494040.1:p.Gly641Arg,0.007896004,0.4185538,0.039804167,0.125393394,0.114848362,0.139777786,0.875941312,0.341126876,0.372495875,0.21209050699999998
urn:mavedb:00000658-q-1#138,g.37G>T,ENST00000644876.2:c.1921G>T,ENSP00000494040.1:p.Gly641Cys,0.005794439,0.6427196,0.1535726919999999,0.082344308,0.115441012,0.203267065,0.394311698,0.687280494,0.48470929100000004,0.114423056
urn:mavedb:00000658-q-1#139,g.37_39delinsCGG,ENST00000644876.2:c.1921_1923delinsCGG,ENSP00000494040.1:p.Gly641Arg,-0.008389788,0.4230807,0.1012317619999999,-0.0275290529999999,-0.049127638,-0.006687802,0.5661681679999999,0.902481513,0.7753452540000001,0.973187622
urn:mavedb:00000658-q-1#140,g.37_39delinsGAT,ENST00000644876.2:c.1922_1923delinsAT,ENSP00000494040.1:p.Gly641Asp,0.004387437,0.7495875,0.014563567,0.0290049839999999,0.057822535,0.073537331,0.968154629,0.9089062859999999,0.76558861,0.639061055
urn:mavedb:00000658-q-1#141,g.37_39delinsGCT,ENST00000644876.2:c.1922_1923delinsCT,ENSP00000494040.1:p.Gly641Ala,0.006856789,0.534617,0.172030182,0.141726867,0.11834461,0.008184985,0.1695016919999999,0.256644334,0.354007333,0.964868121
urn:mavedb:00000658-q-1#142,g.37_39delinsGTG,ENST00000644876.2:c.1922_1923delinsTG,ENSP00000494040.1:p.Gly641Val,-0.01690868,0.1319178999999999,0.07366539400000001,-0.115613664,-0.132930685,-0.104205899,0.7977341179999999,0.55800763,0.442445662,0.529676986
urn:mavedb:00000658-q-1#143,g.37_39delinsTCC,ENST00000644876.2:c.1921_1922delinsTC,ENSP00000494040.1:p.Gly641Ser,0.001318821,0.9466844000000001,0.009148436,-0.018546882,0.040245865,0.073664107,0.981101868,0.945843295,0.85310069,0.651910955
urn:mavedb:00000658-q-1#144,g.37_39delinsTGT,ENST00000644876.2:c.1921_1923delinsTGT,ENSP00000494040.1:p.Gly641Cys,0.0008418983999999,0.9427722,-0.017661092,0.00329708,0.00224983,0.004472449,0.9252187140000001,0.9831753590000001,0.984993514,0.972310252
urn:mavedb:00000658-q-1#145,g.38G>C,ENST00000644876.2:c.1922G>C,ENSP00000494040.1:p.Gly641Ala,-0.005095957,0.6562835,0.011899286,-0.007589042,-0.040152255,0.055907081,0.967510358,0.97243078,0.8032401709999999,0.660290817
urn:mavedb:00000658-q-1#146,g.38G>A,ENST00000644876.2:c.1922G>A,ENSP00000494040.1:p.Gly641Asp,0.003479769,0.7346228,0.005833119,0.063822505,0.042942979000000006,-0.008959686,0.981642305,0.613823575,0.739232672,0.950049452
urn:mavedb:00000658-q-1#147,g.38G>T,ENST00000644876.2:c.1922G>T,ENSP00000494040.1:p.Gly641Val,-0.00226735,0.8559104,-0.014890393,-0.0054184969999999,-0.008549697,-0.024031026,0.950868617,0.9767376640000001,0.957080567,0.852216625
urn:mavedb:00000658-q-1#148,g.39C>A,ENST00000644876.2:c.1923C>A,ENSP00000494040.1:p.Gly641=,-0.001504044,0.935061,-0.002063721,0.02831118,-0.010883314,0.048491531,0.99508122,0.910391376,0.961550065,0.775451648
urn:mavedb:00000658-q-1#149,g.39C>T,ENST00000644876.2:c.1923C>T,ENSP00000494040.1:p.Gly641=,0.002293704,0.8436629999999999,0.0787676279999999,0.053553369,0.053069059,0.05565911,0.648106754,0.74162656,0.716878523,0.654857965
urn:mavedb:00000658-q-1#150,g.39C>G,ENST00000644876.2:c.1923C>G,ENSP00000494040.1:p.Gly641=,0.004078828,0.7787016,-0.116371283,-0.0241214329999999,0.027328936,0.129007388,0.396706231,0.904274395,0.8684866259999999,0.198762095
urn:mavedb:00000658-q-1#151,g.40_42del,ENST00000644876.2:c.1925_1927del,ENSP00000494040.1:p.Phe642del,0.0006685486,0.9650369000000001,0.059654056,0.071030627,-0.018995549,0.003594927,0.774285393,0.6547872379999999,0.9170354190000001,0.985115947
urn:mavedb:00000658-q-1#152,g.40T>G,ENST00000644876.2:c.1924T>G,ENSP00000494040.1:p.Phe642Val,-0.0002051070999999,0.9896502,-0.0105078839999999,-0.015190321000000001,0.03533748,-0.0173431639999999,0.9661468329999999,0.927865259,0.787888549,0.888530022
urn:mavedb:00000658-q-1#153,g.40T>C,ENST00000644876.2:c.1924T>C,ENSP00000494040.1:p.Phe642Leu,-0.01610423,0.1349882,-0.115005935,-0.206396981,-0.161018202,-0.15497033300000002,0.496430905,0.072588598,0.186929202,0.17840361
urn:mavedb:00000658-q-1#154,g.40T>A,ENST00000644876.2:c.1924T>A,ENSP00000494040.1:p.Phe642Ile,0.007593324,0.5906220999999999,0.0061009509999999,0.080081122,0.077307995,0.087574291,0.989309575,0.7307274,0.71262921,0.622608697
urn:mavedb:00000658-q-1#155,g.40_42delinsAGC,ENST00000644876.2:c.1924_1926delinsAGC,ENSP00000494040.1:p.Phe642Ser,-0.009383138000000001,0.2642021,-0.08565896,-0.105111717,-0.10297049400000001,-0.08516151400000001,0.566023983,0.363547378,0.349182996,0.418672703
urn:mavedb:00000658-q-1#156,g.40_42delinsATC,ENST00000644876.2:c.1924_1926delinsATC,ENSP00000494040.1:p.Phe642Ile,-0.01662994,0.01546789,-0.078024274,-0.125549781,-0.200686952,-0.13082680900000002,0.63513134,0.257689655,0.028514336,0.17845182
urn:mavedb:00000658-q-1#157,g.40_42delinsGTG,ENST00000644876.2:c.1924_1926delinsGTG,ENSP00000494040.1:p.Phe642Val,0.0002234313,0.9910068000000001,-0.104285959,-0.07102549,-0.0261378479999999,-0.0476022309999999,0.451430526,0.614198035,0.8698711440000001,0.6922256529999999
urn:mavedb:00000658-q-1#158,g.40_42delinsTAC,ENST00000644876.2:c.1925_1926delinsAC,ENSP00000494040.1:p.Phe642Tyr,-0.004694446,0.6550201,0.03150609,-0.013473525,-0.030905817000000002,0.0134193619999999,0.889825375,0.945838312,0.8432680579999999,0.9282769759999999
urn:mavedb:00000658-q-1#159,g.40_42delinsTGC,ENST00000644876.2:c.1925_1926delinsGC,ENSP00000494040.1:p.Phe642Cys,-0.01443184,0.05317459,-0.126874931,-0.0983785309999999,-0.191718003,-0.2430479589999999,0.220129765,0.347143644,0.016971304,0.001062078
urn:mavedb:00000658-q-1#160,g.41T>A,ENST00000644876.2:c.1925T>A,ENSP00000494040.1:p.Phe642Tyr,0.0060007509999999,0.6187682,0.013956708,0.015217241000000001,0.070684984,0.098357186,0.9661468329999999,0.9492327559999999,0.650908258,0.44237523
urn:mavedb:00000658-q-1#161,g.41T>C,ENST00000644876.2:c.1925T>C,ENSP00000494040.1:p.Phe642Ser,-0.0036548009999999,0.7741847,0.01355264,0.026625318,-0.044954772000000004,-0.08736378800000001,0.9653661920000001,0.902077936,0.787888549,0.484179664
urn:mavedb:00000658-q-1#162,g.41T>G,ENST00000644876.2:c.1925T>G,ENSP00000494040.1:p.Phe642Cys,-0.002223748,0.8835328000000001,0.045941224,0.040667427,-0.011176718,-0.007883099000000001,0.870228625,0.856720583,0.9589012929999999,0.970130484
urn:mavedb:00000658-q-1#163,g.42T>C,ENST00000644876.2:c.1926T>C,ENSP00000494040.1:p.Phe642=,-0.01346343,0.1463063,-0.045632287,-0.101097572,-0.136272249,-0.158328457,0.8550266329999999,0.501380554,0.276837994,0.157048899
urn:mavedb:00000658-q-1#164,g.42T>A,ENST00000644876.2:c.1926T>A,ENSP00000494040.1:p.Phe642Leu,-0.004959319,0.7403689,-0.029391966000000002,-0.009339949,-0.06151992,0.035666124,0.9256963159999999,0.9720961379999999,0.738507455,0.840026741
urn:mavedb:00000658-q-1#165,g.42T>G,ENST00000644876.2:c.1926T>G,ENSP00000494040.1:p.Phe642Leu,-0.0004562307,0.9833629,-0.057623938,-0.04224231,0.035263323,0.021543196,0.797150215,0.832409807,0.845853332,0.8934795179999999
urn:mavedb:00000658-q-1#166,g.43_45del,ENST00000644876.2:c.1927_1929del,ENSP00000494040.1:p.Tyr643del,0.007515385,0.519211,-0.090922478,0.008046304,0.06896385,-0.007384246,0.561082874,0.970211785,0.605543194,0.9649932109999999
urn:mavedb:00000658-q-1#167,g.43T>A,ENST00000644876.2:c.1927T>A,ENSP00000494040.1:p.Tyr643Asn,0.0027311759999999,0.8610639999999999,0.012944839,0.03993319,0.034062195,0.112776639,0.9727988209999999,0.8743478090000001,0.876434182,0.44866495100000003
urn:mavedb:00000658-q-1#168,g.43T>G,ENST00000644876.2:c.1927T>G,ENSP00000494040.1:p.Tyr643Asp,-0.001281513,0.9140218000000001,0.052502749,0.054683167000000005,-0.005512391,0.041281991000000004,0.760158056,0.6910928540000001,0.97166605,0.7144621720000001
urn:mavedb:00000658-q-1#169,g.43T>C,ENST00000644876.2:c.1927T>C,ENSP00000494040.1:p.Tyr643His,-0.00608639,0.5609196999999999,0.018382342,0.041024469,-0.073372887,-0.016838311,0.945718594,0.820521042,0.5818508579999999,0.910868938
urn:mavedb:00000658-q-1#170,g.43_45delinsAAT,ENST00000644876.2:c.1927_1929delinsAAT,ENSP00000494040.1:p.Tyr643Asn,0.003225519,0.7812573,0.100569271,0.0579559959999999,0.057653689,0.0919043309999999,0.492773402,0.714676875,0.6882828320000001,0.40550877799999996
urn:mavedb:00000658-q-1#171,g.43_45delinsAGC,ENST00000644876.2:c.1927_1928delinsAG,ENSP00000494040.1:p.Tyr643Ser,0.01680729,0.06391273,0.113161571,0.182325884,0.152196676,0.195290121,0.541231836,0.15667867900000002,0.248187445,0.08994354
urn:mavedb:00000658-q-1#172,g.43_45delinsCAT,ENST00000644876.2:c.1927_1929delinsCAT,ENSP00000494040.1:p.Tyr643His,0.00404799,0.7691856,0.071819594,0.023939676,0.0662353109999999,-0.021442596,0.762036403,0.921383875,0.707709516,0.9068702390000001
urn:mavedb:00000658-q-1#173,g.43_45delinsGAT,ENST00000644876.2:c.1927_1929delinsGAT,ENSP00000494040.1:p.Tyr643Asp,-0.00788019,0.7234458,-0.138640195,-0.0792753059999999,-0.1087248369999999,-0.0948707519999999,0.7344507,0.8389496,0.727353365,0.733894087
urn:mavedb:00000658-q-1#174,g.43_45delinsTGT,ENST00000644876.2:c.1928_1929delinsGT,ENSP00000494040.1:p.Tyr643Cys,0.005033434,0.586717,0.103522646,0.0925818019999999,0.075193627,0.1074478909999999,0.37673305100000004,0.392276313,0.488288736,0.22797668
urn:mavedb:00000658-q-1#175,g.43_45delinsTTT,ENST00000644876.2:c.1928_1929delinsTT,ENSP00000494040.1:p.Tyr643Phe,0.01297975,0.1797501,0.075116985,0.09839384,0.172343842,0.2037614569999999,0.733435002,0.534721643,0.153436952,0.060315352
urn:mavedb:00000658-q-1#176,g.44A>T,ENST00000644876.2:c.1928A>T,ENSP00000494040.1:p.Tyr643Phe,-0.006505049000000001,0.6866145,-0.138878237,-0.1836990339999999,-0.054977818,-0.056035793,0.374900795,0.134723346,0.753520278,0.703255913
urn:mavedb:00000658-q-1#177,g.44A>C,ENST00000644876.2:c.1928A>C,ENSP00000494040.1:p.Tyr643Ser,-1.2733910000000001e-05,0.9995793,0.105013335,0.08148449,0.018471081,0.012757079,0.658951278,0.7034353240000001,0.9387859590000001,0.9557939759999999
urn:mavedb:00000658-q-1#178,g.44A>G,ENST00000644876.2:c.1928A>G,ENSP00000494040.1:p.Tyr643Cys,0.0009164972999999,0.9580101000000001,0.033470115,0.001673077,0.034552475,-0.074221179,0.9013548570000001,0.9945769170000001,0.850286185,0.575967428
urn:mavedb:00000658-q-1#179,g.45C>T,ENST00000644876.2:c.1929C>T,ENSP00000494040.1:p.Tyr643=,-0.007691713,0.5152367999999999,-0.073139018,-0.064842389,-0.081768195,-0.018511288,0.765599547,0.753822181,0.636324396,0.924449819
urn:mavedb:00000658-q-1#180,g.45C>A,ENST00000644876.2:c.1929C>A,ENSP00000494040.1:p.Tyr643Ter,0.01003946,0.2510899,0.13770423,0.1042579019999999,0.155361788,0.11684100900000001,0.25618076,0.39870350299999996,0.12196498900000001,0.253183789
urn:mavedb:00000658-q-1#181,g.45C>G,ENST00000644876.2:c.1929C>G,ENSP00000494040.1:p.Tyr643Ter,0.01144225,0.2736925,0.250891313,0.12744686,0.217629613,0.30480286300000003,0.02881453,0.3741971120000001,0.05488628,0.0024450979999999997
urn:mavedb:00000658-q-1#182,g.46_48del,ENST00000644876.2:c.1931_1933del,ENSP00000494040.1:p.Asn644del,0.005084251,0.5486991,0.011140716,0.108458907,0.040545041000000004,0.103057695,0.9578142820000001,0.19301585100000002,0.71434561,0.1757558239999999
urn:mavedb:00000658-q-1#183,g.46A>G,ENST00000644876.2:c.1930A>G,ENSP00000494040.1:p.Asn644Asp,-0.003537733,0.7652979999999999,-0.103235145,-0.032657868,-0.0818628709999999,0.028528404,0.474183604,0.859517368,0.515350624,0.838640189
urn:mavedb:00000658-q-1#184,g.46A>C,ENST00000644876.2:c.1930A>C,ENSP00000494040.1:p.Asn644His,-0.0066827319999999,0.40979750000000004,-0.07445554,-0.091436978,-0.074469172,-0.1040167219999999,0.51086013,0.303676824,0.415550715,0.166591403
urn:mavedb:00000658-q-1#185,g.46A>T,ENST00000644876.2:c.1930A>T,ENSP00000494040.1:p.Asn644Tyr,0.00719692,0.4358056999999999,-0.004741728,0.047731765,0.099287476,0.083416059,0.98569456,0.731986943,0.31110927,0.37610421299999997
urn:mavedb:00000658-q-1#186,g.46_48delinsACA,ENST00000644876.2:c.1931_1932delinsCA,ENSP00000494040.1:p.Asn644Thr,-0.001621089,0.9213104999999999,-0.034972328,-0.025718441,-0.013398644,-0.08051295,0.903468242,0.9138998309999999,0.9494197090000001,0.568811307
urn:mavedb:00000658-q-1#187,g.46_48delinsATT,ENST00000644876.2:c.1931_1932delinsTT,ENSP00000494040.1:p.Asn644Ile,0.006092783,0.5070449,0.050114945,0.103958341,0.069162617,0.16122472,0.772888373,0.32098779899999996,0.549310827,0.049057935
urn:mavedb:00000658-q-1#188,g.46_48delinsCAT,ENST00000644876.2:c.1930_1932delinsCAT,ENSP00000494040.1:p.Asn644His,0.005329798,0.6714565,0.0058971269999999,-0.017211139,0.075314642,0.13059215300000002,0.9860473209999999,0.940698019,0.623023995,0.269774026
urn:mavedb:00000658-q-1#189,g.46_48delinsGAT,ENST00000644876.2:c.1930_1932delinsGAT,ENSP00000494040.1:p.Asn644Asp,0.008652738,0.2357163,0.018206497,0.0142116469999999,0.109553774,0.172462528,0.9211642040000001,0.9215143570000001,0.141969097,0.006244495
urn:mavedb:00000658-q-1#190,g.46_48delinsTAT,ENST00000644876.2:c.1930_1932delinsTAT,ENSP00000494040.1:p.Asn644Tyr,0.009992717,0.1530119999999999,0.11552156400000001,0.12091475,0.129233743,0.208821852,0.282493995,0.201165851,0.144149559,0.005385578
urn:mavedb:00000658-q-1#191,g.46_48delinsTCC,ENST00000644876.2:c.1930_1931delinsTC,ENSP00000494040.1:p.Asn644Ser,-0.004225205,0.7600836999999999,0.002397739,0.0030584809999999,-0.03649629,-0.126517726,0.9950113690000001,0.9918798609999999,0.876560205,0.42694783299999994
urn:mavedb:00000658-q-1#192,g.47A>G,ENST00000644876.2:c.1931A>G,ENSP00000494040.1:p.Asn644Ser,-0.005677355,0.6253769,0.0012072839999999,-0.0575040059999999,-0.046417615,-0.064750208,0.9957705609999999,0.736039615,0.772702626,0.615342112
urn:mavedb:00000658-q-1#193,g.47A>C,ENST00000644876.2:c.1931A>C,ENSP00000494040.1:p.Asn644Thr,-0.01190049,0.34119440000000006,-0.212639868,-0.189460899,-0.145873854,-0.10746942400000001,0.126558575,0.161175603,0.305619109,0.451285214
urn:mavedb:00000658-q-1#194,g.47A>T,ENST00000644876.2:c.1931A>T,ENSP00000494040.1:p.Asn644Ile,0.002782104,0.8318554,-0.0608293129999999,-0.069853277,0.025409352000000003,0.0434963259999999,0.730045697,0.601200084,0.86928595,0.713584274
urn:mavedb:00000658-q-1#195,g.48C>T,ENST00000644876.2:c.1932C>T,ENSP00000494040.1:p.Asn644=,0.009718466,0.2262428,-0.020091702,0.102564918,0.072162367,-0.047823133,0.928885011,0.32167266899999997,0.5121477520000001,0.65843891
urn:mavedb:00000658-q-1#196,g.48C>G,ENST00000644876.2:c.1932C>G,ENSP00000494040.1:p.Asn644Lys,-0.0003730603,0.9877406999999999,-0.080438322,0.0214721129999999,-0.043824811,0.03144219,0.762142606,0.938206822,0.8464667220000001,0.874675731
urn:mavedb:00000658-q-1#197,g.48C>A,ENST00000644876.2:c.1932C>A,ENSP00000494040.1:p.Asn644Lys,0.0030644609999999,0.854929,0.063591737,-0.00984168,0.0716274309999999,0.1122266609999999,0.8378266059999999,0.973802081,0.732980352,0.499255774
urn:mavedb:00000658-q-1#198,g.49_51del,ENST00000644876.2:c.1933_1935del,ENSP00000494040.1:p.Ser645del,0.0006316624,0.9639700000000001,-0.02195234,-0.018472214,0.014708098000000001,0.033271616000000004,0.920655097,0.9156832079999999,0.923419573,0.77513279
urn:mavedb:00000658-q-1#199,g.49A>G,ENST00000644876.2:c.1933A>G,ENSP00000494040.1:p.Ser645Gly,-0.001684416,0.9111937,-0.0103019669999999,-0.0234661529999999,-0.003495827,-0.029076855,0.9730406840000001,0.911043171,0.9843749190000001,0.84719236
urn:mavedb:00000658-q-1#200,g.49A>C,ENST00000644876.2:c.1933A>C,ENSP00000494040.1:p.Ser645Arg,-0.01031848,0.3273075,0.04262616,0.061903489000000006,-0.091449097,-0.044348369000000006,0.8876224859999999,0.772961331,0.5882436670000001,0.797676478
urn:mavedb:00000658-q-1#201,g.49A>T,ENST00000644876.2:c.1933A>T,ENSP00000494040.1:p.Ser645Cys,0.006932382,0.5944848,0.051681757,0.0281655889999999,0.10129631300000001,0.109459445,0.8789286909999999,0.9221826409999999,0.600685072,0.518150937
urn:mavedb:00000658-q-1#202,g.49_51delinsAAC,ENST00000644876.2:c.1934_1935delinsAC,ENSP00000494040.1:p.Ser645Asn,-0.008737773,0.5653732,-0.033973765,-0.139565871,-0.071583207,-0.04413868,0.9381034779999999,0.541293825,0.776582078,0.8533900529999999
urn:mavedb:00000658-q-1#203,g.49_51delinsACC,ENST00000644876.2:c.1934_1935delinsCC,ENSP00000494040.1:p.Ser645Thr,-0.01880009,0.06243783,-0.079872901,-0.107756615,-0.19564604300000002,-0.225694762,0.739781749,0.5331130479999999,0.132353003,0.057245421
urn:mavedb:00000658-q-1#204,g.49_51delinsATC,ENST00000644876.2:c.1934_1935delinsTC,ENSP00000494040.1:p.Ser645Ile,0.002882262,0.7787810000000001,-0.0035633009999999,-0.0465307659999999,0.057270064,0.01356916,0.9860473209999999,0.65365261,0.5123833870000001,0.892118858
urn:mavedb:00000658-q-1#205,g.49_51delinsGGC,ENST00000644876.2:c.1933_1935delinsGGC,ENSP00000494040.1:p.Ser645Gly,0.001834466,0.9143973,0.054423845,0.073809033,0.02918812,-0.0035561309999999,0.8469657279999999,0.7176198690000001,0.892891523,0.986893102
urn:mavedb:00000658-q-1#206,g.49_51delinsTCA,ENST00000644876.2:c.1933_1935delinsTCA,ENSP00000494040.1:p.Ser645=,0.01606477,0.09261448,0.038342872,0.096554761,0.191329864,0.082862352,0.881326525,0.507494907,0.07661100900000001,0.510167335
urn:mavedb:00000658-q-1#207,g.49_51delinsTCC,ENST00000644876.2:c.1933_1935delinsTCC,ENSP00000494040.1:p.Ser645=,0.001042093,0.9538789000000001,-0.039063039,0.06163148,0.004729652,0.0288825939999999,0.877249643,0.720831575,0.981114638,0.8532027109999999
urn:mavedb:00000658-q-1#208,g.49_51delinsTCG,ENST00000644876.2:c.1933_1935delinsTCG,ENSP00000494040.1:p.Ser645=,0.006008394,0.5690015,0.036219921,0.050659234000000004,0.0528061259999999,0.025152502,0.8896998509999999,0.7870386309999999,0.74465609,0.8746140609999999
urn:mavedb:00000658-q-1#209,g.49_51delinsTCT,ENST00000644876.2:c.1933_1934delinsTC,ENSP00000494040.1:p.Ser645=,-0.009258131,0.199596,-0.084072422,-0.149760475,-0.06585360000000001,-0.0159086339999999,0.260744621,0.006939214,0.3553303,0.854224953
urn:mavedb:00000658-q-1#210,g.49_51delinsTGC,ENST00000644876.2:c.1933_1935delinsTGC,ENSP00000494040.1:p.Ser645Cys,0.005785819,0.6588741,0.0013886220000000002,0.0397204,0.049976139,0.044683257000000004,0.996097404,0.87699928,0.811825075,0.807941767
urn:mavedb:00000658-q-1#211,g.50G>A,ENST00000644876.2:c.1934G>A,ENSP00000494040.1:p.Ser645Asn,-0.004042358,0.7729899,-0.019239255,-0.0650352709999999,-0.012000196000000001,-0.018858273000000002,0.956042086,0.753822181,0.956988194,0.9226669359999999
urn:mavedb:00000658-q-1#212,g.50G>C,ENST00000644876.2:c.1934G>C,ENSP00000494040.1:p.Ser645Thr,-0.01284663,0.3145305999999999,-0.240377277,-0.1799726569999999,-0.17297568,-0.194455984,0.039169049,0.142138119,0.147717506,0.076104052
urn:mavedb:00000658-q-1#213,g.50G>T,ENST00000644876.2:c.1934G>T,ENSP00000494040.1:p.Ser645Ile,0.008424118000000001,0.3981938,0.132422247,0.08834237800000001,0.13142837,0.07937490900000001,0.41401639799999995,0.6000932520000001,0.326871622,0.570281287
urn:mavedb:00000658-q-1#214,g.51T>C,ENST00000644876.2:c.1935T>C,ENSP00000494040.1:p.Ser645=,-0.007243062,0.46166090000000004,-0.056809515,-0.047969762,-0.0212155,-0.175567593,0.779012202,0.7834419029999999,0.90389633,0.07085374700000001
urn:mavedb:00000658-q-1#215,g.51T>A,ENST00000644876.2:c.1935T>A,ENSP00000494040.1:p.Ser645Arg,-0.003728951,0.8132710999999999,-0.0548045209999999,-0.0220125729999999,-0.041228482000000004,-0.07729965700000001,0.8577393790000001,0.936728551,0.8547330340000001,0.649045443
urn:mavedb:00000658-q-1#216,g.51T>G,ENST00000644876.2:c.1935T>G,ENSP00000494040.1:p.Ser645Arg,0.0028002170000000002,0.8548722,0.013898299,0.098965781,0.011076931000000002,0.104287245,0.9694246,0.584229112,0.960871302,0.47579299399999997
urn:mavedb:00000658-q-1#217,g.52_54del,ENST00000644876.2:c.1937_1939del,ENSP00000494040.1:p.Asp646del,-0.001274465,0.9317571,-0.1020894469999999,-0.078944576,-0.023358821000000002,0.044441488,0.46937477,0.5597408079999999,0.885455808,0.720138121
urn:mavedb:00000658-q-1#218,g.52G>A,ENST00000644876.2:c.1936G>A,ENSP00000494040.1:p.Asp646Asn,0.01672184,0.003495452,0.120361366,0.207390209,0.207402463,0.22635784,0.250483551,0.007823938,0.0072241569999999,0.002063063
urn:mavedb:00000658-q-1#219,g.52G>C,ENST00000644876.2:c.1936G>C,ENSP00000494040.1:p.Asp646His,0.02041286,0.00196654,0.187498096,0.188278177,0.269835772,0.364145424,0.023321511,0.017138774,0.00022819599999999998,1.04e-07
urn:mavedb:00000658-q-1#220,g.52G>T,ENST00000644876.2:c.1936G>T,ENSP00000494040.1:p.Asp646Tyr,0.01410981,0.1253,0.12709805,0.106933557,0.19072503,0.233707688,0.489484373,0.5325089239999999,0.136708815,0.043606564
urn:mavedb:00000658-q-1#221,g.52_54delinsAAC,ENST00000644876.2:c.1936_1938delinsAAC,ENSP00000494040.1:p.Asp646Asn,0.007127924,0.44748420000000005,0.008248082,-0.008422658000000001,0.086467721,0.080336829,0.9765541,0.96762049,0.46502180200000004,0.464439307
urn:mavedb:00000658-q-1#222,g.52_54delinsCAC,ENST00000644876.2:c.1936_1938delinsCAC,ENSP00000494040.1:p.Asp646His,0.01102121,0.23025720000000002,0.087042259,0.040525789,0.162316281,0.216580455,0.609829359,0.828205264,0.12191103800000001,0.019615169
urn:mavedb:00000658-q-1#223,g.52_54delinsGCC,ENST00000644876.2:c.1937_1938delinsCC,ENSP00000494040.1:p.Asp646Ala,0.005665613000000001,0.5420643,0.0398960489999999,0.062019482,0.1061168419999999,0.098590891,0.863306725,0.697921782,0.380392255,0.378568241
urn:mavedb:00000658-q-1#224,g.52_54delinsGGC,ENST00000644876.2:c.1937_1938delinsGC,ENSP00000494040.1:p.Asp646Gly,-0.0003869148999999,0.9817778,-0.004671055,-0.012253432,0.001324946,0.046250475,0.9881814390000001,0.956271869,0.993645133,0.73463204
urn:mavedb:00000658-q-1#225,g.52_54delinsGTG,ENST00000644876.2:c.1937_1938delinsTG,ENSP00000494040.1:p.Asp646Val,0.01861251,0.03207478,0.0340601389999999,0.142321584,0.18573239100000002,0.280616552,0.903458155,0.28616617699999997,0.11012283099999999,0.005290082
urn:mavedb:00000658-q-1#226,g.52_54delinsTAC,ENST00000644876.2:c.1936_1938delinsTAC,ENSP00000494040.1:p.Asp646Tyr,0.005131032,0.5871763000000001,0.072796182,0.0296201429999999,0.09440596400000001,0.194630707,0.590670715,0.84741654,0.323428447,0.007925204
urn:mavedb:00000658-q-1#227,g.53A>C,ENST00000644876.2:c.1937A>C,ENSP00000494040.1:p.Asp646Ala,0.006375621,0.5421269000000001,-0.00889044,-0.001424497,0.08690135800000001,0.026308387000000003,0.974148494,0.9945769170000001,0.45134673799999997,0.8449042990000001
urn:mavedb:00000658-q-1#228,g.53A>G,ENST00000644876.2:c.1937A>G,ENSP00000494040.1:p.Asp646Gly,0.0010497339999999,0.9326800999999999,0.031311107000000005,0.05890988900000001,0.017460688000000002,0.039910953,0.8657283240000001,0.620842906,0.9016986159999999,0.697091395
urn:mavedb:00000658-q-1#229,g.53A>T,ENST00000644876.2:c.1937A>T,ENSP00000494040.1:p.Asp646Val,0.02037414,0.001130558,0.10217886300000001,0.20431247100000002,0.2172817819999999,0.29755907,0.48427650299999997,0.031787166,0.018072269,0.000394408
urn:mavedb:00000658-q-1#230,g.54T>C,ENST00000644876.2:c.1938T>C,ENSP00000494040.1:p.Asp646=,-0.01981711,0.1449428999999999,-0.117804915,-0.144180661,-0.204209993,-0.159175644,0.70621022,0.536331421,0.279392646,0.399961715
urn:mavedb:00000658-q-1#231,g.54T>A,ENST00000644876.2:c.1938T>A,ENSP00000494040.1:p.Asp646Glu,-0.0009287246000000001,0.9393546,0.00208767,0.040916376000000004,-0.011269862,-0.031787908,0.994083328,0.77501276,0.940323267,0.7804498390000001
urn:mavedb:00000658-q-1#232,g.54T>G,ENST00000644876.2:c.1938T>G,ENSP00000494040.1:p.Asp646Glu,0.009280228,0.1692237,0.155225755,0.082142866,0.168147617,0.2666482189999999,0.051307875,0.402105029,0.023231178999999998,3.620000000000001e-05
urn:mavedb:00000658-q-1#233,g.55_57del,ENST00000644876.2:c.1939_1941del,ENSP00000494040.1:p.Gly647del,0.01400886,0.03337904,0.075594621,0.1832236539999999,0.164131384,0.266873365,0.649323065,0.052342414000000004,0.08835249,0.00119057
urn:mavedb:00000658-q-1#234,g.55G>C,ENST00000644876.2:c.1939G>C,ENSP00000494040.1:p.Gly647Arg,0.01795276,0.04064472,0.13072023900000002,0.17896715100000002,0.21830538300000002,0.3709757179999999,0.4049652970000001,0.13795619,0.046946239,0.00010960600000000001
urn:mavedb:00000658-q-1#235,g.55G>A,ENST00000644876.2:c.1939G>A,ENSP00000494040.1:p.Gly647Arg,0.01544064,0.03125372,0.093122223,0.10732688800000001,0.1992335039999999,0.178325822,0.552161531,0.39190191799999996,0.036396216,0.057580012
urn:mavedb:00000658-q-1#236,g.55G>T,ENST00000644876.2:c.1939G>T,ENSP00000494040.1:p.Gly647Ter,-0.0038484820000000003,0.7498127,0.18932155,0.056179999,0.0237096129999999,-0.107008875,0.057954472,0.717224633,0.8846953190000001,0.30384251100000004
urn:mavedb:00000658-q-1#237,g.55_57delinsGAG,ENST00000644876.2:c.1940_1941delinsAG,ENSP00000494040.1:p.Gly647Glu,0.004240798,0.7350699,0.133582117,0.1005384459999999,0.064907649,0.175374639,0.320072216,0.4571110920000001,0.651308718,0.073260412
urn:mavedb:00000658-q-1#238,g.55_57delinsGCC,ENST00000644876.2:c.1940_1941delinsCC,ENSP00000494040.1:p.Gly647Ala,0.01266419,0.2237391,0.206077378,0.045839424000000004,0.226478613,0.318539546,0.083387518,0.822648863,0.035374874,0.000917842
urn:mavedb:00000658-q-1#239,g.55_57delinsGTG,ENST00000644876.2:c.1940_1941delinsTG,ENSP00000494040.1:p.Gly647Val,-0.0006853517,0.9723108,0.0298486689999999,0.037662771,-0.013017358,0.1193820969999999,0.929502205,0.881493069,0.9552074759999999,0.410841161
urn:mavedb:00000658-q-1#240,g.55_57delinsTAA,ENST00000644876.2:c.1939_1940delinsTA,ENSP00000494040.1:p.Gly647Ter,0.007096065,0.4601979999999999,0.2122724389999999,0.225968735,0.112672408,0.206401107,0.008131226,0.003025929,0.234272167,0.0057013219999999
urn:mavedb:00000658-q-1#241,g.56G>A,ENST00000644876.2:c.1940G>A,ENSP00000494040.1:p.Gly647Glu,0.01231678,0.27167140000000006,0.082449244,0.131086857,0.153222059,0.18667619800000002,0.742603638,0.436951855,0.30175211399999996,0.153058034
urn:mavedb:00000658-q-1#242,g.56G>C,ENST00000644876.2:c.1940G>C,ENSP00000494040.1:p.Gly647Ala,0.00518201,0.7118982,-0.027496002000000002,-0.001241542,0.057467264000000004,0.263559198,0.923127301,0.995612099,0.728327863,0.008102873
urn:mavedb:00000658-q-1#243,g.56G>T,ENST00000644876.2:c.1940G>T,ENSP00000494040.1:p.Gly647Val,-0.009947925,0.4638225,-0.119088149,-0.170828234,-0.103335841,-0.058973000000000005,0.57284031,0.262974441,0.549207084,0.7319044290000001
urn:mavedb:00000658-q-1#244,g.57A>C,ENST00000644876.2:c.1941A>C,ENSP00000494040.1:p.Gly647=,-0.004254931,0.8148443,0.038892811,0.007399525,-0.030885052000000003,-0.068705501,0.920655097,0.981887324,0.9075715670000001,0.734068732
urn:mavedb:00000658-q-1#245,g.57A>T,ENST00000644876.2:c.1941A>T,ENSP00000494040.1:p.Gly647=,0.0007329751,0.9724406999999999,0.074993644,0.067842773,0.024305752000000003,0.13910156,0.757513165,0.73758674,0.910799482,0.297718635
urn:mavedb:00000658-q-1#246,g.57A>G,ENST00000644876.2:c.1941A>G,ENSP00000494040.1:p.Gly647=,0.0059486359999999,0.5837270999999999,0.083827155,0.11621666800000001,0.076756318,0.07893586,0.688938535,0.43614057100000003,0.630304105,0.57200026
urn:mavedb:00000658-q-1#247,g.58_60del,ENST00000644876.2:c.1942_1944del,ENSP00000494040.1:p.Tyr648del,0.0067846040000000005,0.5874439,-0.077164519,0.057063068,0.0448921709999999,0.148145066,0.697129132,0.7464215540000001,0.787888549,0.170692788
urn:mavedb:00000658-q-1#248,g.58T>C,ENST00000644876.2:c.1942T>C,ENSP00000494040.1:p.Tyr648His,0.005479529,0.5994651,-0.044978018,0.021240578,0.041323516,0.088485041,0.8418366079999999,0.916983305,0.7958798020000001,0.446042324
urn:mavedb:00000658-q-1#249,g.58T>A,ENST00000644876.2:c.1942T>A,ENSP00000494040.1:p.Tyr648Asn,0.006306641,0.5066339,-0.058182135,0.014553948,0.061115422,0.047790634000000005,0.7288891340000001,0.9334631040000001,0.60429545,0.6622963829999999
urn:mavedb:00000658-q-1#250,g.58T>G,ENST00000644876.2:c.1942T>G,ENSP00000494040.1:p.Tyr648Asp,-0.004212263,0.6805346999999999,-0.019396234,-0.077917835,0.0236224879999999,0.064019733,0.92151696,0.440131249,0.855911187,0.4737012370000001
urn:mavedb:00000658-q-1#251,g.58_60delinsAAC,ENST00000644876.2:c.1942_1944delinsAAC,ENSP00000494040.1:p.Tyr648Asn,-0.0032442509999999,0.8270832,-0.126360112,-0.11302335300000001,-0.013159397,-0.09124681300000001,0.25808590600000003,0.282855973,0.934467967,0.35284129799999997
urn:mavedb:00000658-q-1#252,g.58_60delinsAGC,ENST00000644876.2:c.1942_1944delinsAGC,ENSP00000494040.1:p.Tyr648Ser,0.0057091780000000005,0.6572707,-0.025384722000000002,0.057474287,0.069825158,0.117923142,0.927364931,0.746390862,0.643449743,0.31266093300000003
urn:mavedb:00000658-q-1#253,g.58_60delinsCAC,ENST00000644876.2:c.1942_1944delinsCAC,ENSP00000494040.1:p.Tyr648His,0.01703533,0.03229678,0.141828187,0.1409869259999999,0.22143472600000003,0.23547941600000002,0.25435349100000004,0.20971467,0.018357135,0.008471009
urn:mavedb:00000658-q-1#254,g.58_60delinsGAC,ENST00000644876.2:c.1942_1944delinsGAC,ENSP00000494040.1:p.Tyr648Asp,-0.008396345,0.5550679000000001,-0.064024177,-0.180994297,-0.057014419000000004,-0.035873657,0.815182025,0.216427709,0.7765538040000001,0.8485287970000001
urn:mavedb:00000658-q-1#255,g.58_60delinsTGC,ENST00000644876.2:c.1943_1944delinsGC,ENSP00000494040.1:p.Tyr648Cys,0.008075053,0.4183640999999999,0.0432669309999999,0.0681000309999999,0.110585457,0.09156572,0.84168362,0.6449997789999999,0.3356987279999999,0.401865627
urn:mavedb:00000658-q-1#256,g.58_60delinsTTC,ENST00000644876.2:c.1943_1944delinsTC,ENSP00000494040.1:p.Tyr648Phe,-0.003968659,0.7704211,-0.0580499229999999,-0.0578820929999999,-0.042070076,-0.032267641,0.812602754,0.769080531,0.821426355,0.84719236
urn:mavedb:00000658-q-1#257,g.59A>T,ENST00000644876.2:c.1943A>T,ENSP00000494040.1:p.Tyr648Phe,0.0008677305,0.9360391,-0.048425348,0.002118835,-0.005650066,0.07916303,0.762037863,0.990557455,0.968541535,0.37355232299999996
urn:mavedb:00000658-q-1#258,g.59A>C,ENST00000644876.2:c.1943A>C,ENSP00000494040.1:p.Tyr648Ser,-0.0005332865000000001,0.9718824,-0.054187475,0.014977761000000001,-0.0251093789999999,0.041408942000000004,0.7103844840000001,0.9233359390000001,0.8481720779999999,0.67220396
urn:mavedb:00000658-q-1#259,g.59A>G,ENST00000644876.2:c.1943A>G,ENSP00000494040.1:p.Tyr648Cys,-0.007239324,0.4676149999999999,-0.074974116,-0.142224872,-0.08791589,-0.061860494,0.656541668,0.176400263,0.46128647899999997,0.5952565089999999
urn:mavedb:00000658-q-1#260,g.60T>C,ENST00000644876.2:c.1944T>C,ENSP00000494040.1:p.Tyr648=,-0.01767846,0.01874079,-0.077897435,-0.127551467,-0.197903197,-0.144577556,0.631372984,0.24087319,0.029261171000000002,0.12320569199999999
urn:mavedb:00000658-q-1#261,g.60T>A,ENST00000644876.2:c.1944T>A,ENSP00000494040.1:p.Tyr648Ter,-0.01246515,0.1109077,0.10242278,-0.047831451,-0.097047616,-0.13677941,0.593391651,0.823712799,0.523972653,0.273585574
urn:mavedb:00000658-q-1#262,g.60T>G,ENST00000644876.2:c.1944T>G,ENSP00000494040.1:p.Tyr648Ter,-0.02539695,4.603884e-05,-0.055622475,-0.153644476,-0.280322064,-0.202762642,0.78052624,0.153984501,0.0019600729999999997,0.027717411
urn:mavedb:00000658-q-1#263,g.61_63del,ENST00000644876.2:c.1948_1950del,ENSP00000494040.1:p.Gly650del,0.01611322,0.007660825,0.039012459,0.158836156,0.17806244,0.1918704319999999,0.81998653,0.044479816,0.019123206,0.0072190959999999
urn:mavedb:00000658-q-1#264,g.61G>C,ENST00000644876.2:c.1945G>C,ENSP00000494040.1:p.Gly649Arg,0.0005829148000000001,0.9828826999999999,-0.019660166,-0.014516155,0.0009216910000000001,0.1316175869999999,0.9710282370000001,0.971186578,0.997811936,0.556757125
urn:mavedb:00000658-q-1#265,g.61G>A,ENST00000644876.2:c.1945G>A,ENSP00000494040.1:p.Gly649Arg,0.02467334,0.0003252673,0.189982145,0.1973066,0.31433836,0.391608102,0.109185986,0.0713371679999999,0.001086226,1.4400000000000001e-05
urn:mavedb:00000658-q-1#266,g.61G>T,ENST00000644876.2:c.1945G>T,ENSP00000494040.1:p.Gly649Ter,0.007544451,0.5424635,0.050746035,-0.00688988,0.10358215400000001,0.112353966,0.837726283,0.9767376640000001,0.45653892799999995,0.36619134299999995
urn:mavedb:00000658-q-1#267,g.61_63delinsGAG,ENST00000644876.2:c.1946_1947delinsAG,ENSP00000494040.1:p.Gly649Glu,0.0134069,0.184474,0.1389321359999999,0.136237504,0.17686633,0.312090073,0.392881825,0.34393716399999996,0.151129089,0.002501263
urn:mavedb:00000658-q-1#268,g.61_63delinsGCC,ENST00000644876.2:c.1946_1947delinsCC,ENSP00000494040.1:p.Gly649Ala,0.01410556,0.05654646,0.143383177,0.1680647639999999,0.177753577,0.318727811,0.206021996,0.083973905,0.060955127000000005,6.25e-05
urn:mavedb:00000658-q-1#269,g.61_63delinsGTG,ENST00000644876.2:c.1946_1947delinsTG,ENSP00000494040.1:p.Gly649Val,0.01809731,0.03227241,0.141985348,0.139274795,0.2402927289999999,0.328372562,0.34530021899999996,0.299295778,0.024987743,0.00076728
urn:mavedb:00000658-q-1#270,g.61_63delinsTAA,ENST00000644876.2:c.1945_1946delinsTA,ENSP00000494040.1:p.Gly649Ter,-0.0002143561,0.9902728999999999,0.049923271,0.059830833,0.0031150059999999,0.027533744,0.785139313,0.669251585,0.9843749190000001,0.830295738
urn:mavedb:00000658-q-1#271,g.62G>C,ENST00000644876.2:c.1946G>C,ENSP00000494040.1:p.Gly649Ala,0.01485024,0.1181483999999999,0.007962406,0.046795152,0.20561504,0.3363581779999999,0.9785327359999999,0.786162925,0.031411696,5.6200000000000004e-05
urn:mavedb:00000658-q-1#272,g.62G>A,ENST00000644876.2:c.1946G>A,ENSP00000494040.1:p.Gly649Glu,0.005783698,0.6142076,-0.033937007000000005,-0.021996102000000003,0.066674266,0.091755664,0.907926516,0.9257426809999999,0.692749724,0.502755994
urn:mavedb:00000658-q-1#273,g.62G>T,ENST00000644876.2:c.1946G>T,ENSP00000494040.1:p.Gly649Val,0.01650139,0.0006159585,0.076759258,0.15321019800000002,0.184640241,0.2620771289999999,0.39139657,0.010757093,0.001145514,4.5899999999999997e-07
urn:mavedb:00000658-q-1#274,g.63A>C,ENST00000644876.2:c.1947A>C,ENSP00000494040.1:p.Gly649=,-0.006104337,0.5679969,-0.008439294,-0.03649118,-0.037216757,0.008888119,0.9825329490000001,0.887157677,0.86302635,0.9683614559999999
urn:mavedb:00000658-q-1#275,g.63A>T,ENST00000644876.2:c.1947A>T,ENSP00000494040.1:p.Gly649=,-0.001557169,0.8907235000000001,0.0307637129999999,-0.009525028,0.00345071,0.062902381,0.870272047,0.956271869,0.9816208829999999,0.50325219
urn:mavedb:00000658-q-1#276,g.63A>G,ENST00000644876.2:c.1947A>G,ENSP00000494040.1:p.Gly649=,0.006785829,0.3927139,0.0192057089999999,0.069945098,0.071149892,0.064086266,0.929557583,0.548243017,0.5072179370000001,0.511563255
urn:mavedb:00000658-q-1#277,g.64G>C,ENST00000644876.2:c.1948G>C,ENSP00000494040.1:p.Gly650Arg,-0.003983053,0.7238074000000001,-0.11465058,-0.10027070800000001,-0.07006648900000001,0.035521019,0.331727998,0.36469244700000003,0.550342675,0.76539325
urn:mavedb:00000658-q-1#278,g.64G>A,ENST00000644876.2:c.1948G>A,ENSP00000494040.1:p.Gly650Arg,0.001923499,0.903681,-0.001844514,0.014253149,0.02440689,0.09204099,0.9950113690000001,0.9516959709999999,0.8968587809999999,0.466162199
urn:mavedb:00000658-q-1#279,g.64G>T,ENST00000644876.2:c.1948G>T,ENSP00000494040.1:p.Gly650Ter,-0.09525643,8.815419000000001e-23,-0.3011108489999999,-0.867263162,-1.041036328,-1.300812363,0.031333981000000004,1.34e-13,4.2999999999999995e-18,1.55e-28
urn:mavedb:00000658-q-1#280,g.64_66delinsGAG,ENST00000644876.2:c.1949_1950delinsAG,ENSP00000494040.1:p.Gly650Glu,0.0133769,0.07152685,0.124714406,0.15374216,0.191318976,0.173161564,0.311668176,0.125896977,0.037628111,0.053167890999999995
urn:mavedb:00000658-q-1#281,g.64_66delinsGCC,ENST00000644876.2:c.1949_1950delinsCC,ENSP00000494040.1:p.Gly650Ala,0.0115398,0.1469021,-0.024321917000000002,0.108674823,0.09939233900000001,0.140068418,0.9108692509999999,0.287928881,0.317310204,0.092444258
urn:mavedb:00000658-q-1#282,g.64_66delinsGTG,ENST00000644876.2:c.1949_1950delinsTG,ENSP00000494040.1:p.Gly650Val,0.01659856,0.01494797,0.063861707,0.118530513,0.200044508,0.23955047,0.67003925,0.207454682,0.010239259,0.0009700860000000001
urn:mavedb:00000658-q-1#283,g.64_66delinsTAA,ENST00000644876.2:c.1948_1949delinsTA,ENSP00000494040.1:p.Gly650Ter,-0.07005449,5.54991e-17,-0.135134593,-0.517154142,-0.723706375,-0.7922980740000001,0.45951682299999996,1.43e-06,8.1e-12,1.86e-14
urn:mavedb:00000658-q-1#284,g.65G>C,ENST00000644876.2:c.1949G>C,ENSP00000494040.1:p.Gly650Ala,-0.01164634,0.1758223,-0.011562766,-0.034222163,-0.1211567519999999,-0.028356761,0.969060987,0.858262016,0.29645396399999996,0.8464834240000001
urn:mavedb:00000658-q-1#285,g.65G>A,ENST00000644876.2:c.1949G>A,ENSP00000494040.1:p.Gly650Glu,0.009673329,0.3137373,0.127182939,0.111106933,0.141201659,0.12804336800000002,0.352611644,0.38734508100000004,0.20326219199999998,0.229149918
urn:mavedb:00000658-q-1#286,g.65G>T,ENST00000644876.2:c.1949G>T,ENSP00000494040.1:p.Gly650Val,0.005052346,0.7468319999999999,-0.038644648,-0.012015296000000002,0.07456491400000001,0.055408328,0.8914314320000001,0.962788403,0.651308718,0.711806885
urn:mavedb:00000658-q-1#287,g.66A>C,ENST00000644876.2:c.1950A>C,ENSP00000494040.1:p.Gly650=,0.006918583000000001,0.4174773,0.064747853,0.070377438,0.0856322009999999,0.068671701,0.6982847,0.590735563,0.443888079,0.51994868
urn:mavedb:00000658-q-1#288,g.66A>G,ENST00000644876.2:c.1950A>G,ENSP00000494040.1:p.Gly650=,0.00016349,0.9919600000000001,0.002573198,0.052896745,-0.009253136,0.056570014,0.993124694,0.6959408159999999,0.9523484659999999,0.585987147
urn:mavedb:00000658-q-1#289,g.66A>T,ENST00000644876.2:c.1950A>T,ENSP00000494040.1:p.Gly650=,-0.0030818309999999,0.7456385,0.055891743,0.050627047,-0.031544997000000005,-0.0352375179999999,0.652354942,0.6330912870000001,0.778817435,0.697091395
urn:mavedb:00000658-q-1#290,g.67_69del,ENST00000644876.2:c.1951_1953del,ENSP00000494040.1:p.Asn651del,0.01603612,0.03599491,0.143867189,0.235650055,0.17244429100000003,0.2564297769999999,0.23832260100000002,0.01089287,0.082560964,0.003198285
urn:mavedb:00000658-q-1#291,g.67A>C,ENST00000644876.2:c.1951A>C,ENSP00000494040.1:p.Asn651His,-0.004435854,0.6630638000000001,-0.020211955,-0.0069248259999999,-0.049273468,-0.0224713979999999,0.924496045,0.96987789,0.680779798,0.853278788
urn:mavedb:00000658-q-1#292,g.67A>G,ENST00000644876.2:c.1951A>G,ENSP00000494040.1:p.Asn651Asp,0.0009330797999999,0.9629038000000001,-0.04256893,-0.013578044,0.0054326999999999,0.029084875,0.878957318,0.957827243,0.980347043,0.86729533
urn:mavedb:00000658-q-1#293,g.67A>T,ENST00000644876.2:c.1951A>T,ENSP00000494040.1:p.Asn651Tyr,0.01740894,0.007729489,0.057865645,0.235102559,0.163163225,0.252972971,0.707217835,0.0013485679999999999,0.039567921,0.000310475
urn:mavedb:00000658-q-1#294,g.67_69delinsACC,ENST00000644876.2:c.1952_1953delinsCC,ENSP00000494040.1:p.Asn651Thr,0.0072356040000000005,0.2362525999999999,0.026910577,0.103321933,0.073712628,0.1845743989999999,0.886245785,0.248203046,0.442899183,0.0076636119999999
urn:mavedb:00000658-q-1#295,g.67_69delinsAGC,ENST00000644876.2:c.1952_1953delinsGC,ENSP00000494040.1:p.Asn651Ser,0.01178974,0.30985630000000003,0.026386465,0.121882485,0.12127916,0.093016501,0.936497844,0.45862980200000003,0.426472746,0.529676986
urn:mavedb:00000658-q-1#296,g.67_69delinsATC,ENST00000644876.2:c.1952_1953delinsTC,ENSP00000494040.1:p.Asn651Ile,0.004838719,0.5861392,-0.022058411,0.005678442,0.058442077,0.107084851,0.902806723,0.971186578,0.542245171,0.136683997
urn:mavedb:00000658-q-1#297,g.67_69delinsCAC,ENST00000644876.2:c.1951_1953delinsCAC,ENSP00000494040.1:p.Asn651His,0.007833906,0.368848,0.061545657000000004,0.097814587,0.09671549800000001,0.042932773,0.7209609359999999,0.390834846,0.3648146470000001,0.711323032
urn:mavedb:00000658-q-1#298,g.67_69delinsGAC,ENST00000644876.2:c.1951_1953delinsGAC,ENSP00000494040.1:p.Asn651Asp,-0.004294862,0.7142983,-0.0716604659999999,-0.02898944,-0.0672886509999999,-0.060228664,0.6765426459999999,0.875348864,0.602488254,0.606748747
urn:mavedb:00000658-q-1#299,g.67_69delinsTAC,ENST00000644876.2:c.1951_1953delinsTAC,ENSP00000494040.1:p.Asn651Tyr,0.004396285,0.6559614,-0.035944151,0.037082837,0.0457660879999999,0.16617395,0.779017396,0.718114197,0.6008685770000001,0.002857116
urn:mavedb:00000658-q-1#300,g.68A>G,ENST00000644876.2:c.1952A>G,ENSP00000494040.1:p.Asn651Ser,0.005523777,0.6654839,-0.0393328489999999,-0.02106598,0.067024809,0.026435226000000003,0.891612263,0.9297849359999999,0.6987537109999999,0.881263227
urn:mavedb:00000658-q-1#301,g.68A>C,ENST00000644876.2:c.1952A>C,ENSP00000494040.1:p.Asn651Thr,0.01966368,0.0078818,0.154901813,0.205783429,0.24321646100000002,0.28262875600000004,0.19063871699999999,0.034812566,0.008331596,0.00115099
urn:mavedb:00000658-q-1#302,g.68A>T,ENST00000644876.2:c.1952A>T,ENSP00000494040.1:p.Asn651Ile,0.01841373,0.002645457,0.09172919,0.1581274919999999,0.217430304,0.251878612,0.477720879,0.075519596,0.006548603,0.000879315
urn:mavedb:00000658-q-1#303,g.69T>C,ENST00000644876.2:c.1953T>C,ENSP00000494040.1:p.Asn651=,0.003292969,0.8272886,-0.038142074,0.020823809,0.029957835,0.010458329,0.890656888,0.92783588,0.876434182,0.957451004
urn:mavedb:00000658-q-1#304,g.69T>A,ENST00000644876.2:c.1953T>A,ENSP00000494040.1:p.Asn651Lys,0.00315543,0.7663304,-0.024901349,0.040842762000000005,0.020332456000000002,0.071289571,0.8977374840000001,0.75741646,0.8792171790000001,0.42573211
urn:mavedb:00000658-q-1#305,g.69T>G,ENST00000644876.2:c.1953T>G,ENSP00000494040.1:p.Asn651Lys,0.02222741,0.0003212415,0.18279979,0.198167587,0.278576741,0.245658958,0.051396562,0.022307162000000002,0.00045000199999999996,0.001954258
urn:mavedb:00000658-q-1#306,g.70_72del,ENST00000644876.2:c.1954_1956del,ENSP00000494040.1:p.Tyr652del,-0.003217093,0.7767514,0.014630205,-0.082898943,0.004984532,-0.05867092,0.952943095,0.4927785670000001,0.974921623,0.591168491
urn:mavedb:00000658-q-1#307,g.70T>C,ENST00000644876.2:c.1954T>C,ENSP00000494040.1:p.Tyr652His,-0.01326901,0.06351479,-0.0506874,-0.115619919,-0.11192116,-0.089395708,0.800434968,0.322677691,0.31796938199999997,0.41310073399999997
urn:mavedb:00000658-q-1#308,g.70T>A,ENST00000644876.2:c.1954T>A,ENSP00000494040.1:p.Tyr652Asn,0.0037847370000000003,0.7580754,-0.059191447,-0.004989803,0.033270476,-0.037356579,0.735177413,0.97935725,0.819139222,0.756931419
urn:mavedb:00000658-q-1#309,g.70T>G,ENST00000644876.2:c.1954T>G,ENSP00000494040.1:p.Tyr652Asp,-0.01345801,0.24463160000000003,-0.197988075,-0.103826016,-0.16548199,-0.07787361200000001,0.05588330000000001,0.41279172,0.10772313900000001,0.501846948
urn:mavedb:00000658-q-1#310,g.70_72delinsAAC,ENST00000644876.2:c.1954_1956delinsAAC,ENSP00000494040.1:p.Tyr652Asn,-0.000628039,0.9733582000000001,0.027475602000000002,-0.033227384,0.0435501629999999,-0.014539741,0.93147762,0.891937478,0.824688179,0.94265465
urn:mavedb:00000658-q-1#311,g.70_72delinsAGC,ENST00000644876.2:c.1954_1956delinsAGC,ENSP00000494040.1:p.Tyr652Ser,-0.01043531,0.22790300000000002,-0.051925966,-0.081067295,-0.120525638,-0.086497478,0.804212789,0.570716152,0.289831685,0.454138146
urn:mavedb:00000658-q-1#312,g.70_72delinsCAC,ENST00000644876.2:c.1954_1956delinsCAC,ENSP00000494040.1:p.Tyr652His,-0.008386918,0.4463387,-0.060658918,-0.05101052,-0.0927877,-0.066871401,0.803864942,0.80789706,0.545855675,0.649603746
urn:mavedb:00000658-q-1#313,g.70_72delinsGAC,ENST00000644876.2:c.1954_1956delinsGAC,ENSP00000494040.1:p.Tyr652Asp,-0.0044983509999999,0.7529140000000001,-0.05805783900000001,-0.045794678,-0.04715335,-0.001043542,0.809909773,0.8280945209999999,0.793271394,0.995587529
urn:mavedb:00000658-q-1#314,g.70_72delinsTGC,ENST00000644876.2:c.1955_1956delinsGC,ENSP00000494040.1:p.Tyr652Cys,0.0008442891000000001,0.960075,-0.0133901989999999,0.029179496,0.008663748,0.020701055,0.966320486,0.894380873,0.964363108,0.900099063
urn:mavedb:00000658-q-1#315,g.70_72delinsTTC,ENST00000644876.2:c.1955_1956delinsTC,ENSP00000494040.1:p.Tyr652Phe,0.009488945,0.1515501,0.0291956279999999,0.111030998,0.09503151300000001,0.105589579,0.8712480920000001,0.19254527800000001,0.27027307300000003,0.17232625
urn:mavedb:00000658-q-1#316,g.71A>T,ENST00000644876.2:c.1955A>T,ENSP00000494040.1:p.Tyr652Phe,0.009281351,0.29910790000000004,0.087494,0.214270547,0.09174659800000001,0.263491967,0.488856804,0.005852045,0.36254610200000004,0.00028063299999999997
urn:mavedb:00000658-q-1#317,g.71A>C,ENST00000644876.2:c.1955A>C,ENSP00000494040.1:p.Tyr652Ser,0.008953059000000001,0.2403982999999999,0.072327853,0.097219556,0.117436932,0.078242255,0.6982847,0.46802583600000003,0.31373395,0.5102067020000001
urn:mavedb:00000658-q-1#318,g.71A>G,ENST00000644876.2:c.1955A>G,ENSP00000494040.1:p.Tyr652Cys,-0.001949883,0.9013974,0.027983614,-0.089876316,0.023672288,-0.0264981329999999,0.925273703,0.594946705,0.906568112,0.878902512
urn:mavedb:00000658-q-1#319,g.72T>C,ENST00000644876.2:c.1956T>C,ENSP00000494040.1:p.Tyr652=,0.006426606,0.4228146,-0.002606087,0.0878951319999999,0.071381931,-0.003801348,0.991835748,0.34436791200000005,0.451896099,0.977434908
urn:mavedb:00000658-q-1#320,g.72T>A,ENST00000644876.2:c.1956T>A,ENSP00000494040.1:p.Tyr652Ter,0.009960259,0.3105299,0.191890215,0.152583573,0.155414422,0.258091853,0.09688272,0.19843038300000002,0.168604206,0.006612901
urn:mavedb:00000658-q-1#321,g.72T>G,ENST00000644876.2:c.1956T>G,ENSP00000494040.1:p.Tyr652Ter,0.01701148,0.003582187,0.186129865,0.18807504600000002,0.219143958,0.241774766,0.034896414,0.02465371,0.006190175,0.001473055
urn:mavedb:00000658-q-1#322,g.73_75del,ENST00000644876.2:c.1957_1959del,ENSP00000494040.1:p.Asn653del,-0.0002767742,0.9858604,-0.024708161,-0.03235903,0.020369763,-0.0037042570000000003,0.912945964,0.84806061,0.896156953,0.982481761
urn:mavedb:00000658-q-1#323,g.73A>C,ENST00000644876.2:c.1957A>C,ENSP00000494040.1:p.Asn653His,0.001520665,0.9051864,0.107170929,0.092301434,0.035339701,0.053409964000000004,0.36728480799999996,0.408928256,0.7973061659999999,0.621136999
urn:mavedb:00000658-q-1#324,g.73A>G,ENST00000644876.2:c.1957A>G,ENSP00000494040.1:p.Asn653Asp,-0.01091617,0.257319,-0.10008368,-0.103633838,-0.115789546,-0.2090650839999999,0.540624126,0.451730356,0.345254744,0.032444202000000005
urn:mavedb:00000658-q-1#325,g.73A>T,ENST00000644876.2:c.1957A>T,ENSP00000494040.1:p.Asn653Tyr,-6.961126e-05,0.9968338999999999,0.047904259000000005,0.037142869,0.018459111,0.05586673,0.7897683870000001,0.817678923,0.90389633,0.605868339
urn:mavedb:00000658-q-1#326,g.73_75delinsACA,ENST00000644876.2:c.1958_1959delinsCA,ENSP00000494040.1:p.Asn653Thr,-0.01028738,0.40979750000000004,-0.127314119,-0.09804522,-0.135213441,-0.144609553,0.43878546799999996,0.541485921,0.30433554399999996,0.22974629800000002
urn:mavedb:00000658-q-1#327,g.73_75delinsATT,ENST00000644876.2:c.1958_1959delinsTT,ENSP00000494040.1:p.Asn653Ile,0.008057468,0.2005887999999999,0.078150836,0.073683814,0.1114347659999999,0.145668175,0.533578966,0.501053756,0.20097380199999998,0.054543559000000005
urn:mavedb:00000658-q-1#328,g.73_75delinsCAT,ENST00000644876.2:c.1957_1959delinsCAT,ENSP00000494040.1:p.Asn653His,-0.002471328,0.829958,-0.073376363,0.0016611220000000001,-0.052706108,-0.060920329,0.538497695,0.9918798609999999,0.614069329,0.49362986
urn:mavedb:00000658-q-1#329,g.73_75delinsGAT,ENST00000644876.2:c.1957_1959delinsGAT,ENSP00000494040.1:p.Asn653Asp,-0.007246285,0.4455476,-0.000188215,-0.100239064,-0.042918469,-0.1033661759999999,0.99967763,0.437485389,0.781357592,0.342711452
urn:mavedb:00000658-q-1#330,g.73_75delinsTAT,ENST00000644876.2:c.1957_1959delinsTAT,ENSP00000494040.1:p.Asn653Tyr,0.01781714,0.0004551905,0.12668942,0.167447657,0.219785672,0.21217992300000002,0.087163739,0.008637994,0.000270323,0.000302161
urn:mavedb:00000658-q-1#331,g.73_75delinsTCC,ENST00000644876.2:c.1957_1958delinsTC,ENSP00000494040.1:p.Asn653Ser,0.007594286,0.6071438,0.09960895,0.0257724189999999,0.11608731,0.148331867,0.714483697,0.929160248,0.537513361,0.353047255
urn:mavedb:00000658-q-1#332,g.74A>G,ENST00000644876.2:c.1958A>G,ENSP00000494040.1:p.Asn653Ser,-0.01671081,0.06883219,-0.006658814,-0.058627325,-0.175812807,-0.254215583,0.9839308390000001,0.7519151909999999,0.130548345,0.01192646
urn:mavedb:00000658-q-1#333,g.74A>C,ENST00000644876.2:c.1958A>C,ENSP00000494040.1:p.Asn653Thr,-0.0019109860000000002,0.8466524,0.036011219,0.036460131,-0.0081757859999999,-0.008611787,0.813076853,0.764695861,0.950699982,0.942638848
urn:mavedb:00000658-q-1#334,g.74A>T,ENST00000644876.2:c.1958A>T,ENSP00000494040.1:p.Asn653Ile,0.005286049,0.6411194,-0.00195024,0.018816567,0.068473714,0.006937138000000001,0.994640089,0.927988273,0.6375040470000001,0.969835342
urn:mavedb:00000658-q-1#335,g.75C>T,ENST00000644876.2:c.1959C>T,ENSP00000494040.1:p.Asn653=,0.0004163443,0.9769366,0.029569262000000002,0.0359348789999999,0.011730223,0.034749036000000004,0.8869269959999999,0.818987789,0.939309147,0.764916925
urn:mavedb:00000658-q-1#336,g.75C>G,ENST00000644876.2:c.1959C>G,ENSP00000494040.1:p.Asn653Lys,-0.005046734000000001,0.6847304,-0.036914326000000004,-0.071234349,-0.054053124,-0.0261808129999999,0.873905753,0.631106827,0.710518555,0.855824945
urn:mavedb:00000658-q-1#337,g.75C>A,ENST00000644876.2:c.1959C>A,ENSP00000494040.1:p.Asn653Lys,0.005697289,0.5700048000000001,0.076912779,0.1103376119999999,0.082276187,0.156423519,0.6270593489999999,0.32347618899999997,0.485449345,0.079704053
urn:mavedb:00000658-q-1#338,g.76_78del,ENST00000644876.2:c.1960_1962del,ENSP00000494040.1:p.Ser654del,-0.003472752,0.7708968,-0.037809598,-0.035668933,-0.035401072,-0.011113108,0.8723560290000001,0.849527701,0.8274353609999999,0.9472065270000001
urn:mavedb:00000658-q-1#339,g.76_78delinsGCT,ENST00000644876.2:c.1960_1962delinsGCT,ENSP00000494040.1:p.Ser654Ala,-0.006683575,0.7162746,-0.0972428869999999,-0.0336408039999999,-0.1052732609999999,-0.174887999,0.7163326740000001,0.906272638,0.576671335,0.237975214
urn:mavedb:00000658-q-1#340,g.76T>A,ENST00000644876.2:c.1960T>A,ENSP00000494040.1:p.Ser654Thr,0.008092895,0.8799599,-0.048684841,0.050464352000000004,0.063652803,0.12747123800000001,0.972407021,0.961492217,0.939529092,0.85385315
urn:mavedb:00000658-q-1#341,g.76T>G,ENST00000644876.2:c.1960T>G,ENSP00000494040.1:p.Ser654Ala,-0.00899754,0.5050688,-0.114503152,-0.130578934,-0.10887303300000001,-0.081265155,0.510017716,0.353642278,0.4360821170000001,0.548071034
urn:mavedb:00000658-q-1#342,g.76_78delinsCCT,ENST00000644876.2:c.1960_1962delinsCCT,ENSP00000494040.1:p.Ser654Pro,0.003956185,0.8881893,0.018653285,0.1164585819999999,0.018624697,-0.0308812129999999,0.9768905659999999,0.7527334179999999,0.962149173,0.9311436590000001
urn:mavedb:00000658-q-1#343,g.76T>C,ENST00000644876.2:c.1960T>C,ENSP00000494040.1:p.Ser654Pro,0.0032159370000000003,0.8509165000000001,-0.09616687900000001,0.044306895,-0.009049545,0.091788415,0.6952287509999999,0.860074439,0.969210116,0.565456893
urn:mavedb:00000658-q-1#344,g.76_78delinsAGC,ENST00000644876.2:c.1960_1961delinsAG,ENSP00000494040.1:p.Ser654=,0.0072735519999999,0.8018504,-0.031108327,-0.025080851,0.082523125,0.1112051999999999,0.96593311,0.963812372,0.8382396000000001,0.732421792
urn:mavedb:00000658-q-1#345,g.76_78delinsAGT,ENST00000644876.2:c.1960_1962delinsAGT,ENSP00000494040.1:p.Ser654=,0.006612257,0.7872698,0.2846722869999999,0.154369816,0.1446805719999999,0.307426675,0.23191291600000002,0.581782805,0.578048737,0.10795973199999999
urn:mavedb:00000658-q-1#346,g.76_78delinsACA,ENST00000644876.2:c.1960_1962delinsACA,ENSP00000494040.1:p.Ser654Thr,-0.01445909,0.6168842,-0.007612718,-0.143981886,-0.133301894,-0.065213727,0.993965752,0.7792657820000001,0.7699676809999999,0.8829388990000001
urn:mavedb:00000658-q-1#347,g.77_78delinsTT,ENST00000644876.2:c.1961_1962delinsTT,ENSP00000494040.1:p.Ser654Phe,-0.01908649,0.07127685,-0.059455213,-0.15405949900000002,-0.202956138,-0.31816488,0.8326714559999999,0.32167266899999997,0.12747840800000002,0.005276243000000001
urn:mavedb:00000658-q-1#348,g.77C>T,ENST00000644876.2:c.1961C>T,ENSP00000494040.1:p.Ser654Phe,-0.02704383,0.0737208999999999,-0.207211783,-0.248449125,-0.324608838,-0.372310805,0.48924657899999996,0.298154775,0.115096481,0.050557989000000005
urn:mavedb:00000658-q-1#349,g.77_78delinsAT,ENST00000644876.2:c.1961_1962delinsAT,ENSP00000494040.1:p.Ser654Tyr,0.02033352,0.1942691,0.050552202000000004,0.13675446900000002,0.221119328,0.35506686,0.920655097,0.650767636,0.33519173,0.059266259
urn:mavedb:00000658-q-1#350,g.77C>A,ENST00000644876.2:c.1961C>A,ENSP00000494040.1:p.Ser654Tyr,-0.01701162,0.22279670000000001,-0.183238896,-0.219221738,-0.202334793,-0.2362647719999999,0.292119778,0.13007938,0.15510273,0.066471676
urn:mavedb:00000658-q-1#351,g.77_78delinsGT,ENST00000644876.2:c.1961_1962delinsGT,ENSP00000494040.1:p.Ser654Cys,0.02379586,0.01752349,0.1177329159999999,0.213162217,0.265214238,0.26259486,0.65936184,0.20780554899999998,0.0773489379999999,0.068222974
urn:mavedb:00000658-q-1#352,g.77C>G,ENST00000644876.2:c.1961C>G,ENSP00000494040.1:p.Ser654Cys,-0.0074162640000000005,0.7264843000000001,-0.16302465,-0.167174209,-0.096823066,-0.08428128300000001,0.523889584,0.439289899,0.682390836,0.688977895
urn:mavedb:00000658-q-1#353,g.78C>A,ENST00000644876.2:c.1962C>A,ENSP00000494040.1:p.Ser654=,0.001191374,0.960075,-0.059339033,0.0266746629999999,-0.015042847,0.10470710400000001,0.897893171,0.9469175240000001,0.963912711,0.66198581
urn:mavedb:00000658-q-1#354,g.78C>G,ENST00000644876.2:c.1962C>G,ENSP00000494040.1:p.Ser654=,0.01399226,0.3664410999999999,0.14055457,0.193314768,0.162153714,0.159706708,0.614142528,0.33752117200000004,0.419349429,0.388098347
urn:mavedb:00000658-q-1#355,g.78C>T,ENST00000644876.2:c.1962C>T,ENSP00000494040.1:p.Ser654=,0.0038095,0.8101444999999999,0.13282412,0.06329525,0.077318005,0.0470744379999999,0.512543455,0.784033014,0.6851383240000001,0.795723855
urn:mavedb:00000658-q-1#356,g.79_81del,ENST00000644876.2:c.1963_1965del,ENSP00000494040.1:p.Gln655del,-0.0057006359999999,0.7276229999999999,-0.109416005,-0.118911745,-0.0710251559999999,-0.10907484,0.648148517,0.532543709,0.724064278,0.493744497
urn:mavedb:00000658-q-1#357,g.79_81delinsGAA,ENST00000644876.2:c.1963_1965delinsGAA,ENSP00000494040.1:p.Gln655Glu,-0.005272074,0.8489341999999999,0.039433181,-0.049426488,-0.033779106,-0.063162275,0.953213089,0.918805709,0.937110859,0.85878997
urn:mavedb:00000658-q-1#358,g.79C>G,ENST00000644876.2:c.1963C>G,ENSP00000494040.1:p.Gln655Glu,0.00837112,0.7628663,0.11907389800000001,0.031233616000000002,0.13553538,-0.0576059129999999,0.842165492,0.957671168,0.734009658,0.8857268709999999
urn:mavedb:00000658-q-1#359,g.79_81delinsAAA,ENST00000644876.2:c.1963_1965delinsAAA,ENSP00000494040.1:p.Gln655Lys,-0.000562965,0.9872699,0.039769588,-0.0272248579999999,0.0161644019999999,0.175703434,0.9316840809999999,0.941288672,0.9594414490000001,0.373153862
urn:mavedb:00000658-q-1#360,g.79C>A,ENST00000644876.2:c.1963C>A,ENSP00000494040.1:p.Gln655Lys,0.005096707,0.7697718000000001,0.21691394,0.123946192,0.107142927,0.080331206,0.220213297,0.545038696,0.5833289079999999,0.6635246229999999
urn:mavedb:00000658-q-1#361,g.79C>T,ENST00000644876.2:c.1963C>T,ENSP00000494040.1:p.Gln655Ter,0.02601502,0.08035103,0.167618403,0.245051095,0.301501856,0.240229883,0.67796612,0.38382705799999994,0.214446718,0.325796595
urn:mavedb:00000658-q-1#362,g.79_81delinsCCC,ENST00000644876.2:c.1964_1965delinsCC,ENSP00000494040.1:p.Gln655Pro,-0.005742965,0.7980536,-0.003515523,-0.010551175,-0.0663187059999999,0.015896589,0.99508122,0.9814029809999999,0.8506102179999999,0.965345013
urn:mavedb:00000658-q-1#363,g.79_81delinsTGA,ENST00000644876.2:c.1963_1965delinsTGA,ENSP00000494040.1:p.Gln655Ter,0.01018473,0.7101889,0.0501481759999999,0.145899698,0.096085216,0.067397029,0.9413611620000001,0.722731572,0.811051264,0.8560379029999999
urn:mavedb:00000658-q-1#364,g.79_81delinsAGA,ENST00000644876.2:c.1963_1965delinsAGA,ENSP00000494040.1:p.Gln655Arg,0.0161921,0.26765520000000004,0.192023477,0.281025039,0.180666883,0.346423572,0.40235810899999996,0.10148145,0.347626098,0.021759817
urn:mavedb:00000658-q-1#365,g.79_81delinsCTC,ENST00000644876.2:c.1964_1965delinsTC,ENSP00000494040.1:p.Gln655Leu,-0.005211272,0.7231271,0.0903908009999999,-0.033433863,-0.017765305,-0.10505985300000001,0.709660855,0.899020545,0.9387859590000001,0.487611826
urn:mavedb:00000658-q-1#366,g.80A>G,ENST00000644876.2:c.1964A>G,ENSP00000494040.1:p.Gln655Arg,0.01027457,0.5994186,0.109528839,0.14666220800000002,0.12014432,0.136294041,0.771164088,0.591544301,0.64757597,0.545643513
urn:mavedb:00000658-q-1#367,g.80A>C,ENST00000644876.2:c.1964A>C,ENSP00000494040.1:p.Gln655Pro,-0.02219249,0.1495749,-0.1449436,-0.25918923,-0.240791909,-0.306647663,0.6703920210000001,0.23588718600000003,0.256652454,0.100249675
urn:mavedb:00000658-q-1#368,g.80A>T,ENST00000644876.2:c.1964A>T,ENSP00000494040.1:p.Gln655Leu,-0.008133455,0.5017952,-0.015014881,-0.04609406,-0.08859538,-0.226322661,0.972606374,0.872730317,0.6714578,0.122345088
urn:mavedb:00000658-q-1#369,g.81G>A,ENST00000644876.2:c.1965G>A,ENSP00000494040.1:p.Gln655=,-0.0006626297999999,0.9855684000000001,0.044380536,0.067408995,-0.012312666000000002,0.093099578,0.939939651,0.874768275,0.97442957,0.750888435
urn:mavedb:00000658-q-1#370,g.81G>T,ENST00000644876.2:c.1965G>T,ENSP00000494040.1:p.Gln655His,-6.53708e-05,0.9980241,-0.042584662,-0.005446627,-0.0144877069999999,-0.059345307,0.930938701,0.9896303340000001,0.965008313,0.822323397
urn:mavedb:00000658-q-1#371,g.81G>C,ENST00000644876.2:c.1965G>C,ENSP00000494040.1:p.Gln655His,0.0023130860000000002,0.9020266,0.033325877000000004,-0.046738409,0.0535710109999999,0.019348641,0.929557583,0.866100275,0.81549344,0.933247554
urn:mavedb:00000658-q-1#372,g.82_84del,ENST00000644876.2:c.1967_1969del,ENSP00000494040.1:p.Gly656del,0.005672203000000001,0.6718982,0.030160202,0.060522168,0.061371693,0.047806879000000004,0.929557583,0.789772114,0.755710972,0.789225744
urn:mavedb:00000658-q-1#373,g.82G>C,ENST00000644876.2:c.1966G>C,ENSP00000494040.1:p.Gly656Arg,-0.0064034930000000006,0.33694050000000003,-0.030384839,0.047569428,-0.0901477659999999,0.015875744,0.844454281,0.65365261,0.251325054,0.877545861
urn:mavedb:00000658-q-1#374,g.82G>A,ENST00000644876.2:c.1966G>A,ENSP00000494040.1:p.Gly656Arg,0.009099818,0.09103164,0.063681945,0.076571956,0.130512668,0.10507393400000001,0.400660985,0.211289635,0.010372025,0.038492057
urn:mavedb:00000658-q-1#375,g.82G>T,ENST00000644876.2:c.1966G>T,ENSP00000494040.1:p.Gly656Trp,0.01007234,0.1332422,0.12395030800000001,0.106383638,0.151512958,0.156961129,0.205745498,0.264371005,0.0630942259999999,0.041160043
urn:mavedb:00000658-q-1#376,g.82_84delinsGAA,ENST00000644876.2:c.1967_1968delinsAA,ENSP00000494040.1:p.Gly656Glu,-0.008035786,0.4229505999999999,-0.033541037,-0.018137561,-0.0847858859999999,-0.065270749,0.879553,0.922594373,0.47307290799999996,0.560887616
urn:mavedb:00000658-q-1#377,g.82_84delinsGCC,ENST00000644876.2:c.1967_1968delinsCC,ENSP00000494040.1:p.Gly656Ala,-0.004226732,0.7625814000000001,-0.068629703,-0.132206664,-0.034114567,-0.07207894200000001,0.77654155,0.384666757,0.8660554140000001,0.633520977
urn:mavedb:00000658-q-1#378,g.82_84delinsGTC,ENST00000644876.2:c.1967_1968delinsTC,ENSP00000494040.1:p.Gly656Val,0.0035143859999999,0.7431462,0.017485088,0.036189738,0.047520151,0.05126268900000001,0.9350004759999999,0.803312448,0.6863541790000001,0.610699787
urn:mavedb:00000658-q-1#379,g.83G>C,ENST00000644876.2:c.1967G>C,ENSP00000494040.1:p.Gly656Ala,-0.005011834000000001,0.5779694000000001,-0.066559137,-0.080743809,-0.101864716,-0.094136783,0.7005168709999999,0.534394765,0.35329458700000005,0.362931482
urn:mavedb:00000658-q-1#380,g.83G>A,ENST00000644876.2:c.1967G>A,ENSP00000494040.1:p.Gly656Glu,-0.01706454,0.02797214,-0.069586841,-0.11268958,-0.184103817,-0.208972512,0.7209609359999999,0.380400532,0.07188475700000001,0.027768546
urn:mavedb:00000658-q-1#381,g.83G>T,ENST00000644876.2:c.1967G>T,ENSP00000494040.1:p.Gly656Val,0.0031427829999999,0.6582437,0.0674373809999999,0.075683939,0.066998265,0.1033035019999999,0.532750574,0.388902746,0.438040637,0.13582313
urn:mavedb:00000658-q-1#382,g.84G>T,ENST00000644876.2:c.1968G>T,ENSP00000494040.1:p.Gly656=,-0.0017352270000000002,0.8608051,0.013361933000000001,0.003107211,-0.003597518,-0.079953389,0.938471596,0.981894055,0.9751042409999999,0.23517068800000002
urn:mavedb:00000658-q-1#383,g.84G>C,ENST00000644876.2:c.1968G>C,ENSP00000494040.1:p.Gly656=,0.00108081,0.9355903,-0.018536206,0.038137668,0.003358475,-0.103908076,0.9432133559999999,0.8301365829999999,0.9843749190000001,0.326542978
urn:mavedb:00000658-q-1#384,g.84G>A,ENST00000644876.2:c.1968G>A,ENSP00000494040.1:p.Gly656=,-0.002800967,0.7712689,-0.017698207,-0.030143777000000004,-0.017261456,-0.00160094,0.941736729,0.859517368,0.912075926,0.991943013
urn:mavedb:00000658-q-1#385,g.85_87del,ENST00000644876.2:c.1970_1972del,ENSP00000494040.1:p.Val657del,0.01082285,0.1377833999999999,0.1250434809999999,0.07424233200000001,0.16445546800000002,0.143015316,0.18415806,0.490779146,0.031793954,0.060939374000000004
urn:mavedb:00000658-q-1#386,g.85G>A,ENST00000644876.2:c.1969G>A,ENSP00000494040.1:p.Val657Ile,-0.01213216,0.11709480000000001,-0.059033551,-0.107883075,-0.131850054,-0.111247258,0.738204602,0.32923457899999997,0.176271123,0.24590583
urn:mavedb:00000658-q-1#387,g.85G>C,ENST00000644876.2:c.1969G>C,ENSP00000494040.1:p.Val657Leu,-0.005262819,0.5578555000000001,-0.007350413,-0.007857283,-0.05468104,0.002724398,0.976095743,0.965582492,0.639721159,0.985361763
urn:mavedb:00000658-q-1#388,g.85G>T,ENST00000644876.2:c.1969G>T,ENSP00000494040.1:p.Val657Phe,-0.005355996,0.567973,0.013924731000000001,-0.066986608,-0.028205335,-0.028600701,0.953171953,0.588179354,0.8417587,0.8097785129999999
urn:mavedb:00000658-q-1#389,g.85_87delinsATC,ENST00000644876.2:c.1969_1971delinsATC,ENSP00000494040.1:p.Val657Ile,-0.0021436479999999,0.8808765,-0.074779699,-0.08013592900000001,-0.0273500829999999,-0.02579116,0.659015129,0.552247725,0.8650843890000001,0.853631941
urn:mavedb:00000658-q-1#390,g.85_87delinsCTG,ENST00000644876.2:c.1969_1971delinsCTG,ENSP00000494040.1:p.Val657Leu,-0.01556734,0.03712266,-0.081114521,-0.20318749100000003,-0.125585167,-0.192451627,0.476478003,0.0040246940000000005,0.115553313,0.0050715479999999995
urn:mavedb:00000658-q-1#391,g.85_87delinsGAC,ENST00000644876.2:c.1970_1971delinsAC,ENSP00000494040.1:p.Val657Asp,0.007810554,0.4609058,0.043801864,0.079117811,0.102376105,0.073374329,0.852008343,0.604755983,0.423100364,0.559840652
urn:mavedb:00000658-q-1#392,g.85_87delinsGCC,ENST00000644876.2:c.1970_1971delinsCC,ENSP00000494040.1:p.Val657Ala,0.007322281,0.4814089,-0.011019853000000001,-0.004665637,0.08714057900000001,0.061933739,0.972407021,0.9834158359999999,0.532749658,0.643686425
urn:mavedb:00000658-q-1#393,g.85_87delinsGGC,ENST00000644876.2:c.1970_1971delinsGC,ENSP00000494040.1:p.Val657Gly,0.002717125,0.7857509,0.001991218,0.004964184,0.0530611879999999,-0.032660531,0.99325891,0.9727116720000001,0.561039622,0.7135208820000001
urn:mavedb:00000658-q-1#394,g.85_87delinsTTC,ENST00000644876.2:c.1969_1971delinsTTC,ENSP00000494040.1:p.Val657Phe,-0.003326136,0.7975505,0.034280322,-0.076977727,-0.003252738,0.038973155,0.897005336,0.640540552,0.985143305,0.794104998
urn:mavedb:00000658-q-1#395,g.86T>C,ENST00000644876.2:c.1970T>C,ENSP00000494040.1:p.Val657Ala,0.003087061,0.8148443,-0.087938669,0.025043157000000003,0.017741712,-0.046035774,0.5267435420000001,0.888886117,0.910787503,0.688977895
urn:mavedb:00000658-q-1#396,g.86T>A,ENST00000644876.2:c.1970T>A,ENSP00000494040.1:p.Val657Asp,-0.006146694,0.5859856999999999,-0.066054463,-0.10125381,-0.057046165,-0.094269793,0.7330384940000001,0.437485389,0.693436761,0.404325207
urn:mavedb:00000658-q-1#397,g.86T>G,ENST00000644876.2:c.1970T>G,ENSP00000494040.1:p.Val657Gly,0.01052562,0.1850263999999999,0.063937748,0.121234389,0.1195814019999999,0.083883731,0.758154474,0.35139290100000004,0.329396457,0.49966447
urn:mavedb:00000658-q-1#398,g.87T>G,ENST00000644876.2:c.1971T>G,ENSP00000494040.1:p.Val657=,-0.01183935,0.2427487,-0.067706501,-0.1640966459999999,-0.120318362,-0.189903982,0.7428069359999999,0.157098044,0.33107206,0.062765827
urn:mavedb:00000658-q-1#399,g.87T>A,ENST00000644876.2:c.1971T>A,ENSP00000494040.1:p.Val657=,0.003585089,0.7460176,0.091744379,-0.012642283,0.09075754800000001,0.077806013,0.491772748,0.9469175240000001,0.40352815299999995,0.44737913700000004
urn:mavedb:00000658-q-1#400,g.87T>C,ENST00000644876.2:c.1971T>C,ENSP00000494040.1:p.Val657=,0.0040236809999999,0.7031363,-0.0405979729999999,-0.0233876729999999,0.049756222,0.11332736800000001,0.8123572020000001,0.88314603,0.662653962,0.16241957
urn:mavedb:00000658-q-1#401,g.88_90del,ENST00000644876.2:c.1972_1974del,ENSP00000494040.1:p.Asp658del,0.00872114,0.21654110000000001,0.20333140800000002,0.16510871900000001,0.16828547100000002,0.269057635,0.0059858080000000004,0.029342199,0.023953653999999998,4.79e-05
urn:mavedb:00000658-q-1#402,g.88G>C,ENST00000644876.2:c.1972G>C,ENSP00000494040.1:p.Asp658His,0.02199547,2.280361e-06,0.195346888,0.224287629,0.279064617,0.292011239,0.0014023120000000002,0.000110815,8.559999999999998e-07,1.1900000000000001e-07
urn:mavedb:00000658-q-1#403,g.88G>T,ENST00000644876.2:c.1972G>T,ENSP00000494040.1:p.Asp658Tyr,0.004032058,0.7152881,0.0440940359999999,0.040882331,0.058133501,0.078773597,0.829348587,0.80807661,0.659264128,0.466950111
urn:mavedb:00000658-q-1#404,g.88G>A,ENST00000644876.2:c.1972G>A,ENSP00000494040.1:p.Asp658Asn,0.0074236819999999,0.6136028,0.050278588,0.050718633,0.105541958,0.155497542,0.892526003,0.863177515,0.617423135,0.36571256799999996
urn:mavedb:00000658-q-1#405,g.88_90delinsAAT,ENST00000644876.2:c.1972_1974delinsAAT,ENSP00000494040.1:p.Asp658Asn,0.002853403,0.7709673,0.041559515,-0.0212539429999999,0.066692873,0.095695221,0.7713300790000001,0.880457961,0.455031872,0.191676746
urn:mavedb:00000658-q-1#406,g.88_90delinsCAT,ENST00000644876.2:c.1972_1974delinsCAT,ENSP00000494040.1:p.Asp658His,0.01156218,0.1023281,0.132782609,0.15746395400000002,0.150736166,0.159996258,0.157397813,0.052909315,0.062673496,0.035430827000000005
urn:mavedb:00000658-q-1#407,g.88_90delinsGCT,ENST00000644876.2:c.1973_1974delinsCT,ENSP00000494040.1:p.Asp658Ala,0.01039132,0.30658070000000004,0.049089829,0.090375256,0.127275514,0.084286495,0.845763066,0.579120731,0.335923672,0.5322609939999999
urn:mavedb:00000658-q-1#408,g.88_90delinsGGA,ENST00000644876.2:c.1973_1974delinsGA,ENSP00000494040.1:p.Asp658Gly,0.0180979,0.003752055,0.29480137100000003,0.2354105219999999,0.270411144,0.29125733800000003,5.62e-07,8.7e-05,5.89e-06,3.53e-07
urn:mavedb:00000658-q-1#409,g.88_90delinsGTG,ENST00000644876.2:c.1973_1974delinsTG,ENSP00000494040.1:p.Asp658Val,0.005664061,0.4559544,0.1139739509999999,0.137121456,0.0914628109999999,0.145742716,0.26088325,0.106636989,0.340167505,0.059262455
urn:mavedb:00000658-q-1#410,g.88_90delinsTAT,ENST00000644876.2:c.1972_1974delinsTAT,ENSP00000494040.1:p.Asp658Tyr,0.01500537,0.03412379,0.042457549000000004,0.13713508800000002,0.160059764,0.08988937400000001,0.826383702,0.156712042,0.074471709,0.363885626
urn:mavedb:00000658-q-1#411,g.89A>C,ENST00000644876.2:c.1973A>C,ENSP00000494040.1:p.Asp658Ala,0.01639886,0.00856947,0.08564856900000001,0.109946801,0.20548418300000001,0.198572777,0.436692436,0.20127556600000002,0.0032254379999999997,0.003381163
urn:mavedb:00000658-q-1#412,g.89A>T,ENST00000644876.2:c.1973A>T,ENSP00000494040.1:p.Asp658Val,0.02003587,0.0006115081,0.219108605,0.256278653,0.259694925,0.303517275,0.00547935,0.000519308,0.000395893,1.7100000000000002e-05
urn:mavedb:00000658-q-1#413,g.89A>G,ENST00000644876.2:c.1973A>G,ENSP00000494040.1:p.Asp658Gly,-0.0027652059999999,0.7775814,-0.024681084,0.00851767,-0.039577837000000005,-0.001522972,0.897005336,0.960740575,0.732980352,0.990702105
urn:mavedb:00000658-q-1#414,g.90C>T,ENST00000644876.2:c.1974C>T,ENSP00000494040.1:p.Asp658=,-0.002897723,0.7376975,0.020985714,-0.013584696,-0.012951792,0.014101137,0.90822925,0.9263764659999999,0.919998595,0.8968799159999999
urn:mavedb:00000658-q-1#415,g.90C>A,ENST00000644876.2:c.1974C>A,ENSP00000494040.1:p.Asp658Glu,0.01459096,0.11175260000000001,0.244328529,0.22442840100000003,0.20838831600000002,0.274128853,0.023044816,0.033568096,0.048829419000000006,0.004405789
urn:mavedb:00000658-q-1#416,g.90C>G,ENST00000644876.2:c.1974C>G,ENSP00000494040.1:p.Asp658Glu,0.0077874780000000005,0.2424907,0.137553801,0.079901455,0.124678947,0.162936205,0.168159347,0.490122213,0.172933859,0.044130844
urn:mavedb:00000658-q-1#417,g.91_93del,ENST00000644876.2:c.1978_1980del,ENSP00000494040.1:p.Trp660del,0.01270803,0.2158772999999999,0.111361123,0.15573820900000002,0.17151333800000002,0.197768532,0.601279227,0.31063924,0.221150508,0.119831485
urn:mavedb:00000658-q-1#418,g.91T>A,ENST00000644876.2:c.1975T>A,ENSP00000494040.1:p.Trp659Arg,0.01346062,0.02159773,0.093847969,0.15500881,0.157860269,0.1805951489999999,0.3366500429999999,0.029076718999999997,0.024806556,0.005548469
urn:mavedb:00000658-q-1#419,g.91T>C,ENST00000644876.2:c.1975T>C,ENSP00000494040.1:p.Trp659Arg,0.01632204,0.003317171,0.10023984400000001,0.146680423,0.198860409,0.164305036,0.370882475,0.08220488,0.0088819,0.032030052999999996
urn:mavedb:00000658-q-1#420,g.91T>G,ENST00000644876.2:c.1975T>G,ENSP00000494040.1:p.Trp659Gly,0.009663325,0.3085125999999999,0.085580539,0.105178213,0.126907563,0.122503401,0.623150051,0.42615693,0.272008912,0.258656105
urn:mavedb:00000658-q-1#421,g.91_93delinsAGC,ENST00000644876.2:c.1975_1977delinsAGC,ENSP00000494040.1:p.Trp659Ser,0.01128506,0.0672034,0.16054111,0.147678015,0.150125171,0.153375707,0.051396562,0.06654501,0.058441245999999995,0.039497302000000005
urn:mavedb:00000658-q-1#422,g.91_93delinsCTG,ENST00000644876.2:c.1975_1976delinsCT,ENSP00000494040.1:p.Trp659Leu,0.02279912,0.0018524070000000001,0.071597025,0.171557245,0.258762111,0.262427008,0.6896183779999999,0.08993236800000001,0.00359695,0.002291908
urn:mavedb:00000658-q-1#423,g.91_93delinsGGC,ENST00000644876.2:c.1975_1977delinsGGC,ENSP00000494040.1:p.Trp659Gly,0.01935205,0.01125824,0.1771735739999999,0.298823935,0.240306885,0.300970547,0.072402457,0.000231896,0.004340764,0.000142194
urn:mavedb:00000658-q-1#424,g.92G>T,ENST00000644876.2:c.1976G>T,ENSP00000494040.1:p.Trp659Leu,0.02049776,2.437529e-05,0.208158815,0.284643913,0.2634556289999999,0.226714127,0.002768019,8.13e-06,4.44e-05,0.00042675300000000004
urn:mavedb:00000658-q-1#425,g.92G>C,ENST00000644876.2:c.1976G>C,ENSP00000494040.1:p.Trp659Ser,0.0115111,0.199497,0.151686416,0.145180593,0.164846025,0.182644702,0.291684362,0.269344548,0.167769214,0.096865354
urn:mavedb:00000658-q-1#426,g.92G>A,ENST00000644876.2:c.1976G>A,ENSP00000494040.1:p.Trp659Ter,-0.01075703,0.19423270000000004,0.079608742,-0.064419985,-0.066948824,-0.066949575,0.668743205,0.69798456,0.651308718,0.6031050729999999
urn:mavedb:00000658-q-1#427,g.93G>T,ENST00000644876.2:c.1977G>T,ENSP00000494040.1:p.Trp659Cys,0.00969743,0.2428074,0.077253842,0.177318108,0.106281635,0.131440755,0.653649998,0.075247914,0.35520955200000004,0.190623125
urn:mavedb:00000658-q-1#428,g.93G>C,ENST00000644876.2:c.1977G>C,ENSP00000494040.1:p.Trp659Cys,0.01055649,0.37224,0.1083792309999999,0.157673918,0.131149496,0.214991873,0.577300704,0.257168715,0.354094852,0.060315352
urn:mavedb:00000658-q-1#429,g.93G>A,ENST00000644876.2:c.1977G>A,ENSP00000494040.1:p.Trp659Ter,-0.04121366,4.5445190000000003e-13,-0.015969938,-0.2556743139999999,-0.4080920939999999,-0.4150781189999999,0.9471034359999999,0.001127766,4.23e-08,1.02e-08
urn:mavedb:00000658-q-1#430,g.94T>A,ENST00000644876.2:c.1978T>A,ENSP00000494040.1:p.Trp660Arg,0.02564447,3.111091e-05,0.227418433,0.272433935,0.32002540100000004,0.237030888,0.008852487,0.0007218989999999,4.2700000000000015e-05,0.0031475640000000003
urn:mavedb:00000658-q-1#431,g.94T>C,ENST00000644876.2:c.1978T>C,ENSP00000494040.1:p.Trp660Arg,0.008130416,0.2670097,0.03293351,0.07940046,0.091988457,0.011286379,0.84322704,0.402015713,0.27311334,0.922567543
urn:mavedb:00000658-q-1#432,g.94T>G,ENST00000644876.2:c.1978T>G,ENSP00000494040.1:p.Trp660Gly,0.019299900000000002,0.001316088,0.27619198300000003,0.28888088,0.25985658300000003,0.244104779,1.12e-05,2.62e-06,3.5600000000000005e-05,7.219999999999999e-05
urn:mavedb:00000658-q-1#433,g.94_96delinsAGC,ENST00000644876.2:c.1978_1980delinsAGC,ENSP00000494040.1:p.Trp660Ser,0.01384981,0.04961022,0.186262362,0.197638125,0.19046311100000002,0.230538584,0.074478183,0.040829044,0.046997732,0.009188015
urn:mavedb:00000658-q-1#434,g.94_96delinsCTG,ENST00000644876.2:c.1978_1979delinsCT,ENSP00000494040.1:p.Trp660Leu,0.02273038,0.0011713119999999,0.2195009369999999,0.219076248,0.304702323,0.23751413,0.034181292,0.02673613,0.000799158,0.010283748
urn:mavedb:00000658-q-1#435,g.94_96delinsGGC,ENST00000644876.2:c.1978_1980delinsGGC,ENSP00000494040.1:p.Trp660Gly,0.009421099,0.1438089,0.099354725,0.051993388,0.143597748,0.1079508,0.336810554,0.665285946,0.063282555,0.171225321
urn:mavedb:00000658-q-1#436,g.95G>T,ENST00000644876.2:c.1979G>T,ENSP00000494040.1:p.Trp660Leu,0.01272229,0.04997032,0.0281428179999999,0.1067355,0.143610549,0.11172728,0.8534211340000001,0.139396902,0.025692641000000002,0.0868415
urn:mavedb:00000658-q-1#437,g.95G>C,ENST00000644876.2:c.1979G>C,ENSP00000494040.1:p.Trp660Ser,0.01463947,0.002368935,0.15079747,0.159892394,0.18811186,0.150280801,0.0122554289999999,0.004996779,0.000577765,0.0061937369999999995
urn:mavedb:00000658-q-1#438,g.95G>A,ENST00000644876.2:c.1979G>A,ENSP00000494040.1:p.Trp660Ter,0.01032439,0.1626965,0.0390793,0.099244406,0.11297512300000001,0.0978730959999999,0.84322704,0.370184154,0.254463213,0.308890275
urn:mavedb:00000658-q-1#439,g.96G>T,ENST00000644876.2:c.1980G>T,ENSP00000494040.1:p.Trp660Cys,0.009586,0.2579987,0.144350708,0.1579064919999999,0.13387185,0.162342424,0.15093720900000002,0.078350022,0.146952025,0.050203512
urn:mavedb:00000658-q-1#440,g.96G>C,ENST00000644876.2:c.1980G>C,ENSP00000494040.1:p.Trp660Cys,0.01124336,0.1792687999999999,0.17711905,0.179913291,0.158428343,0.174167723,0.10393926699999999,0.0763746679999999,0.123238415,0.06792313700000001
urn:mavedb:00000658-q-1#441,g.96G>A,ENST00000644876.2:c.1980G>A,ENSP00000494040.1:p.Trp660Ter,0.01402647,0.14659570000000002,0.13387791,0.162301337,0.192853528,0.1102134759999999,0.408580848,0.213484263,0.102209934,0.39576502799999996
urn:mavedb:00000658-q-1#442,g.97_99del,ENST00000644876.2:c.1981_1983del,ENSP00000494040.1:p.Gly661del,0.005713504,0.5328363,0.039062246,0.032653071,0.080873391,0.063480972,0.837441786,0.838025334,0.449468208,0.53632326
urn:mavedb:00000658-q-1#443,g.97G>A,ENST00000644876.2:c.1981G>A,ENSP00000494040.1:p.Gly661Ser,0.00247608,0.8204258,0.115932039,0.040395823,0.080972215,0.09738424300000001,0.347601417,0.8073873540000001,0.48895117899999996,0.33320323
urn:mavedb:00000658-q-1#444,g.97G>C,ENST00000644876.2:c.1981G>C,ENSP00000494040.1:p.Gly661Arg,-0.01167892,0.07733813,0.022029739,-0.031639995,-0.1152297319999999,-0.069987706,0.929580628,0.861964455,0.288527887,0.5394448860000001
urn:mavedb:00000658-q-1#445,g.97G>T,ENST00000644876.2:c.1981G>T,ENSP00000494040.1:p.Gly661Cys,0.01239186,0.06597128,0.030425141,0.0898710309999999,0.138715864,0.229481703,0.881412147,0.407246956,0.11283329199999999,0.002052633
urn:mavedb:00000658-q-1#446,g.97_99delinsAGC,ENST00000644876.2:c.1981_1983delinsAGC,ENSP00000494040.1:p.Gly661Ser,0.0003252036,0.9835478999999999,-0.031538975,-0.008202463,0.013434345,0.046235559,0.874735182,0.9649604620000001,0.9286062159999999,0.6662572210000001
urn:mavedb:00000658-q-1#447,g.97_99delinsCGG,ENST00000644876.2:c.1981_1983delinsCGG,ENSP00000494040.1:p.Gly661Arg,-0.008844508000000001,0.3530842,-0.156495678,-0.11008098,-0.129976696,-0.142772915,0.09249248800000001,0.271117696,0.147168672,0.082850116
urn:mavedb:00000658-q-1#448,g.97_99delinsGAC,ENST00000644876.2:c.1982_1983delinsAC,ENSP00000494040.1:p.Gly661Asp,-0.005501595,0.6187682,0.067171735,-0.043660856,-0.000954323,-0.0064154059999999,0.7731842590000001,0.840027862,0.995983539,0.975828018
urn:mavedb:00000658-q-1#449,g.97_99delinsGCC,ENST00000644876.2:c.1982_1983delinsCC,ENSP00000494040.1:p.Gly661Ala,0.0014904000000000002,0.9028209999999999,-0.001690691,-0.0051405359999999,0.035373909,0.06878351,0.994141622,0.9758024679999999,0.7774751790000001,0.4560906770000001
urn:mavedb:00000658-q-1#450,g.97_99delinsGTG,ENST00000644876.2:c.1982_1983delinsTG,ENSP00000494040.1:p.Gly661Val,0.014527200000000002,0.003205226,0.179164197,0.126770616,0.2149732999999999,0.205367794,0.00181641,0.038969601,8.45e-05,0.000109245
urn:mavedb:00000658-q-1#451,g.97_99delinsTGC,ENST00000644876.2:c.1981_1983delinsTGC,ENSP00000494040.1:p.Gly661Cys,0.004279995,0.6588741,0.0200751469999999,0.026029956,0.0784033109999999,0.067629935,0.925664736,0.872761936,0.44966012,0.488323446
urn:mavedb:00000658-q-1#452,g.98G>C,ENST00000644876.2:c.1982G>C,ENSP00000494040.1:p.Gly661Ala,0.01021817,0.2073564,-0.02100092,0.078472052,0.097653894,0.195325296,0.93147762,0.547721157,0.378745703,0.022057617
urn:mavedb:00000658-q-1#453,g.98G>A,ENST00000644876.2:c.1982G>A,ENSP00000494040.1:p.Gly661Asp,-0.0006663550999999,0.9629038000000001,0.046588759,-0.002171083,0.011296013,-0.011646212,0.812602754,0.991294288,0.946296956,0.938251565
urn:mavedb:00000658-q-1#454,g.98G>T,ENST00000644876.2:c.1982G>T,ENSP00000494040.1:p.Gly661Val,0.008069148,0.23054360000000002,0.040614073,0.039153696,0.1098170119999999,0.108390664,0.8058525879999999,0.773054019,0.20242563,0.18044776699999998
urn:mavedb:00000658-q-1#455,g.99T>A,ENST00000644876.2:c.1983T>A,ENSP00000494040.1:p.Gly661=,-0.002924081,0.854929,-0.0974919809999999,0.006588928000000001,-0.035932102,-0.041874376,0.576324573,0.9767376640000001,0.8404019559999999,0.775540287
urn:mavedb:00000658-q-1#456,g.99T>G,ENST00000644876.2:c.1983T>G,ENSP00000494040.1:p.Gly661=,-0.008479148,0.2640137,-0.140517645,-0.094409244,-0.1120842309999999,-0.136433308,0.078683828,0.281615696,0.158593442,0.052620547000000004
urn:mavedb:00000658-q-1#457,g.99T>C,ENST00000644876.2:c.1983T>C,ENSP00000494040.1:p.Gly661=,-0.001820877,0.9078286,0.020571199,-0.102165974,0.01237576,-0.088061319,0.9491523909999999,0.53004988,0.954008478,0.5264663820000001
urn:mavedb:00000658-q-1#458,g.100_102del,ENST00000644876.2:c.1984_1986del,ENSP00000494040.1:p.Asn662del,-0.003067823,0.7762757,0.139504395,-0.00604697,0.035301862,0.171214502,0.1698981789999999,0.974006762,0.79861141,0.03578938
urn:mavedb:00000658-q-1#459,g.100A>C,ENST00000644876.2:c.1984A>C,ENSP00000494040.1:p.Asn662His,0.004965285,0.6095449000000001,0.0876983809999999,0.105029013,0.07388733900000001,0.004321784,0.5661681679999999,0.380347328,0.561039622,0.9802757059999999
urn:mavedb:00000658-q-1#460,g.100A>G,ENST00000644876.2:c.1984A>G,ENSP00000494040.1:p.Asn662Asp,0.005998805,0.43897120000000006,-0.016420853,0.059133189,0.090525613,0.16312110900000001,0.9090916240000001,0.426514393,0.13975269,0.001002616
urn:mavedb:00000658-q-1#461,g.100A>T,ENST00000644876.2:c.1984A>T,ENSP00000494040.1:p.Asn662Tyr,-0.0040248129999999,0.7031164000000001,-0.027945261000000002,-0.012112848,-0.048228099,0.013046685,0.9108692509999999,0.9555233,0.750119885,0.935210639
urn:mavedb:00000658-q-1#462,g.100_102delinsACA,ENST00000644876.2:c.1985_1986delinsCA,ENSP00000494040.1:p.Asn662Thr,-0.00147358,0.8589800999999999,0.054505539000000006,0.0265544829999999,0.0032929340000000004,-0.018492525,0.637856973,0.829713548,0.9791989409999999,0.8480402509999999
urn:mavedb:00000658-q-1#463,g.100_102delinsATT,ENST00000644876.2:c.1985_1986delinsTT,ENSP00000494040.1:p.Asn662Ile,-0.003286871,0.789913,-0.1084537459999999,-0.080431095,-0.046143137,-0.000381973,0.3793766120000001,0.514384604,0.7303011159999999,0.997554046
urn:mavedb:00000658-q-1#464,g.100_102delinsCAT,ENST00000644876.2:c.1984_1986delinsCAT,ENSP00000494040.1:p.Asn662His,5.2251409999999986e-05,0.9979275,0.075075783,-0.06086394,0.059716525,0.010010741,0.6862455470000001,0.7123311609999999,0.6849517890000001,0.9546039959999999
urn:mavedb:00000658-q-1#465,g.100_102delinsGAT,ENST00000644876.2:c.1984_1986delinsGAT,ENSP00000494040.1:p.Asn662Asp,0.009430358,0.2192509,0.1073659669999999,0.12228678400000001,0.117906963,0.217026081,0.431490634,0.27748569300000003,0.277755431,0.012392833
urn:mavedb:00000658-q-1#466,g.100_102delinsTAT,ENST00000644876.2:c.1984_1986delinsTAT,ENSP00000494040.1:p.Asn662Tyr,0.009294728,0.4280568,0.101319706,0.118815066,0.1155146569999999,0.17643387800000002,0.6708903860000001,0.516702352,0.5002033029999999,0.19986768800000002
urn:mavedb:00000658-q-1#467,g.100_102delinsTCC,ENST00000644876.2:c.1984_1985delinsTC,ENSP00000494040.1:p.Asn662Ser,-0.0019132970000000002,0.9011031999999999,-0.06366195,-0.026321913,-0.050872817,0.009549833,0.738829313,0.893728278,0.726104152,0.954604385
urn:mavedb:00000658-q-1#468,g.101A>G,ENST00000644876.2:c.1985A>G,ENSP00000494040.1:p.Asn662Ser,-0.0003709759999999,0.9867982,-0.038301772000000005,-0.035557752000000005,0.00263932,0.046507694,0.875246603,0.8544232829999999,0.9874102859999999,0.731640231
urn:mavedb:00000658-q-1#469,g.101A>C,ENST00000644876.2:c.1985A>C,ENSP00000494040.1:p.Asn662Thr,-0.0014982160000000001,0.8952201999999999,-0.009731823,-0.056137161,-0.005591886,0.00540595,0.966992126,0.651136721,0.969210116,0.969835342
urn:mavedb:00000658-q-1#470,g.101A>T,ENST00000644876.2:c.1985A>T,ENSP00000494040.1:p.Asn662Ile,-0.002804362,0.7618519,0.007098777,-0.034286829,-0.02568275,-0.09045164,0.974148494,0.795998042,0.833893368,0.252731432
urn:mavedb:00000658-q-1#471,g.102C>T,ENST00000644876.2:c.1986C>T,ENSP00000494040.1:p.Asn662=,0.008537811,0.3366858,0.164709956,0.08083934200000001,0.142422451,0.109947586,0.136333139,0.559446036,0.173524113,0.298348622
urn:mavedb:00000658-q-1#472,g.102C>A,ENST00000644876.2:c.1986C>A,ENSP00000494040.1:p.Asn662Lys,0.01801121,0.0070488819999999,0.097187936,0.13354503,0.223177142,0.314673808,0.463955936,0.18279220300000001,0.0074639919999999,4.16e-05
urn:mavedb:00000658-q-1#473,g.102C>G,ENST00000644876.2:c.1986C>G,ENSP00000494040.1:p.Asn662Lys,-0.0001393813,0.9949148000000001,-0.033048728,0.033959416,0.011520278,0.046920622,0.926478085,0.9046491190000001,0.962423945,0.809129458
urn:mavedb:00000658-q-1#474,g.103_105del,ENST00000644876.2:c.1987_1989del,NA,0.02141217,0.009202967,0.259976358,0.231002273,0.29582864600000003,0.380669095,0.033891865,0.057332272999999996,0.008005257,0.00025933200000000003
urn:mavedb:00000658-q-1#475,g.103T>G,ENST00000644876.2:c.1987T>G,NA,0.01646477,0.01064851,0.133250169,0.165028864,0.21156927,0.312396865,0.21169139999999997,0.06570840900000001,0.010116088,3.16e-05
urn:mavedb:00000658-q-1#476,g.103T>A,ENST00000644876.2:c.1987T>A,NA,0.0073326730000000005,0.3713958,0.200204701,0.123860747,0.137826284,0.164201128,0.007048677,0.140163059,0.079028557,0.022162395
urn:mavedb:00000658-q-1#477,g.103T>C,ENST00000644876.2:c.1987T>C,NA,0.006700539,0.4696095999999999,0.08684995400000001,0.076091708,0.103283427,0.08488716800000001,0.536877225,0.548898332,0.325834699,0.403794621
urn:mavedb:00000658-q-1#478,g.103_105delinsAGC,ENST00000644876.2:c.1987_1989delinsAGC,NA,0.01555703,0.00356202,0.1211989409999999,0.149325265,0.191068149,0.22353804600000002,0.151955649,0.039067092000000005,0.004411219,0.000415634
urn:mavedb:00000658-q-1#479,g.103_105delinsCTG,ENST00000644876.2:c.1987_1989delinsCTG,NA,-0.009851987,0.1577955,0.080088534,-0.062068357000000005,-0.071818301,-0.039318319,0.559770754,0.633283358,0.5201339939999999,0.7287280970000001
urn:mavedb:00000658-q-1#480,g.103_105delinsGGC,ENST00000644876.2:c.1987_1989delinsGGC,NA,0.01301828,0.06083798,0.126424864,0.13744029900000002,0.168292716,0.16580941400000002,0.221056592,0.130247651,0.041654336,0.036751716000000004
urn:mavedb:00000658-q-1#481,g.104G>A,ENST00000644876.2:c.1988G>A,ENSP00000494040.1:p.Ter663=,-0.01038345,0.1293204,-0.08427002,-0.125895454,-0.10793462300000001,-0.12270178400000001,0.37237626,0.075968621,0.140871583,0.0614118709999999
urn:mavedb:00000658-q-1#482,g.104G>C,ENST00000644876.2:c.1988G>C,NA,0.02162782,0.001177884,0.27836436800000003,0.249800827,0.301510724,0.397582505,0.012518998,0.024172274,0.004034234,4.820000000000001e-05
urn:mavedb:00000658-q-1#483,g.104G>T,ENST00000644876.2:c.1988G>T,NA,-0.01620506,0.02824315,0.011670297,-0.09170910800000001,-0.161969074,-0.114258198,0.9694246,0.530287263,0.14149972800000002,0.318589377
urn:mavedb:00000658-q-1#484,g.105A>C,ENST00000644876.2:c.1989A>C,NA,0.003599882,0.7148517,0.111406445,0.081400851,0.061819291,0.101034391,0.306175174,0.464047153,0.581959817,0.251227716
urn:mavedb:00000658-q-1#485,g.105A>T,ENST00000644876.2:c.1989A>T,NA,0.006412093000000001,0.5435850999999999,0.237187178,0.174926919,0.114056884,0.11371313,0.006982573000000001,0.060117030999999994,0.27300235899999997,0.238622533
urn:mavedb:00000658-q-1#486,g.105A>G,ENST00000644876.2:c.1989A>G,NA,-0.005435134,0.5700048000000001,0.146932027,0.065645178,-0.040898103,-0.015484375,0.320072216,0.719572335,0.8229905829999999,0.932742179
urn:mavedb:00000658-q-1#487,g.106_107del,ENST00000644876.2:c.*1_*2del,NA,0.004275017,0.7497279,0.008703716,-0.036998139,0.070218062,0.104765396,0.97871301,0.85915635,0.649612626,0.396812331
urn:mavedb:00000658-q-1#488,g.106G>T,ENST00000644876.2:c.*1G>T,NA,0.0026522509999999,0.8663540000000001,-0.022621236,-0.0010151510000000002,0.0349459,0.07005044,0.949313341,0.9966261540000001,0.87460316,0.6743304609999999
urn:mavedb:00000658-q-1#489,g.106G>C,ENST00000644876.2:c.*1G>C,NA,0.0125825,0.1095367,0.221288469,0.134768517,0.220546154,0.25102635100000004,0.032931969,0.25970944,0.024800858999999998,0.006036424
urn:mavedb:00000658-q-1#490,g.106G>A,ENST00000644876.2:c.*1G>A,NA,-0.004892604,0.7210164000000001,0.035749545,-0.034863173,-0.041738303,0.041576764,0.9087529679999999,0.888886117,0.840178995,0.810664687
urn:mavedb:00000658-q-1#491,g.107C>A,ENST00000644876.2:c.*2C>A,NA,0.004857834,0.7040123,0.090212893,0.0913504719999999,0.077370374,0.08360748,0.6873799820000001,0.615960482,0.659216998,0.575513604
urn:mavedb:00000658-q-1#492,g.107C>G,ENST00000644876.2:c.*2C>G,NA,0.009988823,0.5133672,0.09057907300000001,0.097969789,0.13782824800000001,0.123791375,0.7651219659999999,0.68307047,0.475347522,0.49248344
urn:mavedb:00000658-q-1#493,g.107C>T,ENST00000644876.2:c.*2C>T,NA,-0.0004286887,0.9855684000000001,-0.084647919,-0.028183903,-0.00912838,0.020580936,0.611230525,0.8856349720000001,0.959478154,0.887661523
urn:mavedb:00000658-q-1#494,g.108_109del,ENST00000644876.2:c.*3_*4del,NA,0.0001555275,0.9946408999999999,0.12344748300000001,-0.02821398,0.07261651200000001,-0.05103405900000001,0.568141161,0.917267284,0.716900276,0.7832959690000001
urn:mavedb:00000658-q-1#495,g.108C>A,ENST00000644876.2:c.*3C>A,NA,0.001363916,0.9074948,0.058248823,0.008237372,0.035618298,0.131054839,0.67796612,0.9616645840000001,0.766530539,0.0764838779999999
urn:mavedb:00000658-q-1#496,g.108C>G,ENST00000644876.2:c.*3C>G,NA,0.01132497,0.1732777999999999,0.131606673,0.08586902,0.165092439,0.120462595,0.3793766120000001,0.58763985,0.153851365,0.310430049
urn:mavedb:00000658-q-1#497,g.108C>T,ENST00000644876.2:c.*3C>T,NA,0.0062336959999999,0.5950829000000001,0.0250249179999999,0.0472088959999999,0.077926215,0.070222438,0.9260752729999999,0.7986488270000001,0.57919934,0.581876735
urn:mavedb:00000658-q-1#498,g.109T>A,ENST00000644876.2:c.*4T>A,NA,0.005800253000000001,0.5537199,-0.006633799,0.068090894,0.063193894,0.148753247,0.979418647,0.588616834,0.590051649,0.07543667
urn:mavedb:00000658-q-1#499,g.109T>G,ENST00000644876.2:c.*4T>G,NA,0.01533825,0.01708396,0.139118162,0.106277366,0.192317603,0.17451191100000002,0.168774643,0.306583713,0.019491854,0.02999588
urn:mavedb:00000658-q-1#500,g.109T>C,ENST00000644876.2:c.*4T>C,NA,0.004228854000000001,0.7363930000000001,0.062028392,0.045644101,0.069423017,0.053663481,0.773671575,0.816565153,0.644248554,0.698447595
urn:mavedb:00000658-q-1#501,g.110_111del,ENST00000644876.2:c.*5_*6del,NA,0.008587218,0.44283190000000006,0.0074715569999999,0.005274559,0.132613852,0.0579649109999999,0.981101868,0.9814029809999999,0.265968673,0.667659763
urn:mavedb:00000658-q-1#502,g.110G>C,ENST00000644876.2:c.*5G>C,NA,0.002556479,0.8293431999999998,0.006458803000000001,-0.058050804000000004,0.036196061,0.04594151900000001,0.981101868,0.6907415509999999,0.806021056,0.6991223870000001
urn:mavedb:00000658-q-1#503,g.110G>T,ENST00000644876.2:c.*5G>T,NA,0.006510638000000001,0.5377732,0.01515311,-0.000503191,0.079427008,0.084732635,0.9535139970000001,0.997467604,0.5072179370000001,0.42573211
urn:mavedb:00000658-q-1#504,g.110G>A,ENST00000644876.2:c.*5G>A,NA,0.001220449,0.9425941999999999,-0.021894784,-0.0028297820000000003,0.0274867829999999,-0.018176415,0.9451725540000001,0.9911996670000001,0.891133801,0.92142379
urn:mavedb:00000658-q-1#505,g.111C>A,ENST00000644876.2:c.*6C>A,NA,0.01008959,0.2028502,0.1167948819999999,0.049461606,0.121414312,0.134041895,0.35352813899999996,0.7511331179999999,0.240258308,0.152615153
urn:mavedb:00000658-q-1#506,g.111C>G,ENST00000644876.2:c.*6C>G,NA,-0.002528009,0.8762036,-0.026847556,-0.041862185,-0.027926956,0.012263002,0.939939651,0.871420772,0.903376783,0.957451004
urn:mavedb:00000658-q-1#507,g.111C>T,ENST00000644876.2:c.*6C>T,NA,0.006860713,0.4432864,0.084669677,0.04002024,0.111851567,0.148594815,0.591503024,0.819202975,0.31038304699999997,0.116945051
urn:mavedb:00000658-q-1#508,g.112_113del,ENST00000644876.2:c.*8_*9del,NA,-0.005429827,0.6454046999999999,-0.0426329359999999,-0.061137705,-0.059208619000000004,-0.040641834,0.8767850220000001,0.7519151909999999,0.7311455490000001,0.8009956020000001
urn:mavedb:00000658-q-1#509,g.112T>A,ENST00000644876.2:c.*7T>A,NA,-0.005483598,0.6242659,-0.04833642,-0.04989297400000001,-0.08189189200000001,-0.036101739,0.84908269,0.8055712979999999,0.593295421,0.8214103159999999
urn:mavedb:00000658-q-1#510,g.112T>G,ENST00000644876.2:c.*7T>G,NA,0.0028214309999999,0.8431204,0.052199753,0.0276362179999999,0.04934677,0.080007648,0.840451026,0.9067295740000001,0.787517901,0.573515321
urn:mavedb:00000658-q-1#511,g.112T>C,ENST00000644876.2:c.*7T>C,NA,0.002954876,0.7272688,0.062400708,0.019907609,0.055244142,0.015439122,0.61771644,0.89305054,0.57522001,0.887661523
urn:mavedb:00000658-q-1#512,g.113T>A,ENST00000644876.2:c.*8T>A,NA,-0.009399138000000001,0.24820460000000003,-0.025826589,-0.0867694359999999,-0.0882627519999999,-0.101741816,0.899241796,0.4163279070000001,0.381984896,0.242542796
urn:mavedb:00000658-q-1#513,g.113T>G,ENST00000644876.2:c.*8T>G,NA,-0.005579494,0.5346141,-0.094019867,-0.08835591400000001,-0.089865639,-0.07511994,0.30771897800000003,0.293888069,0.259124375,0.327957934
urn:mavedb:00000658-q-1#514,g.113T>C,ENST00000644876.2:c.*8T>C,NA,-0.007934732,0.6015437,-0.141576314,-0.130936583,-0.097906433,-0.162604152,0.491772748,0.475983352,0.600855614,0.268334647
urn:mavedb:00000658-q-1#515,g.114_115del,ENST00000644876.2:c.*9_*10del,NA,-0.007940087,0.2902406,0.059230309,0.036355136,-0.075981215,-0.016053465,0.7005168709999999,0.807339006,0.471327785,0.897724713
urn:mavedb:00000658-q-1#516,g.114T>G,ENST00000644876.2:c.*9T>G,NA,-0.0052237790000000004,0.6058139,-0.141452015,-0.085180931,-0.092215788,-0.05004027900000001,0.040526722,0.28279537899999996,0.209737984,0.5274936379999999
urn:mavedb:00000658-q-1#517,g.114T>C,ENST00000644876.2:c.*9T>C,NA,0.002447191,0.8175462,0.0013733970000000002,0.031122139,0.031632521000000004,0.08013384400000001,0.9946532020000001,0.824221634,0.792238166,0.335703314
urn:mavedb:00000658-q-1#518,g.114T>A,ENST00000644876.2:c.*9T>A,NA,0.01359089,0.04652293,-0.02302346,0.10862661300000001,0.126104786,0.130121569,0.9097308000000001,0.24626420300000001,0.139408405,0.10022279199999999
urn:mavedb:00000658-q-1#519,g.115G>C,ENST00000644876.2:c.*10G>C,NA,0.002658795,0.8486691999999999,-0.0162612369999999,-0.005439716,0.041892529,0.05369894,0.95600399,0.980904876,0.79982562,0.688606415
urn:mavedb:00000658-q-1#520,g.115G>T,ENST00000644876.2:c.*10G>T,NA,-0.006501988,0.6285685999999999,-0.05985997,-0.09528736300000001,-0.068858559,-0.065343183,0.804212789,0.56012738,0.676638179,0.6541053720000001
urn:mavedb:00000658-q-1#521,g.115G>A,ENST00000644876.2:c.*10G>A,NA,0.0002610067,0.9908899,-0.138459879,-0.07193015,-0.011340433,-0.035122174,0.323756163,0.660018628,0.953587062,0.8130669540000001
urn:mavedb:00000658-q-1#522,g.116_117del,ENST00000644876.2:c.*11_*12del,NA,0.005459303,0.6939847,0.022760395,-0.034651585,0.0916105919999999,0.072985661,0.946402923,0.8884101109999999,0.580055075,0.6358849520000001
urn:mavedb:00000658-q-1#523,g.116C>A,ENST00000644876.2:c.*11C>A,NA,0.001299485,0.9289937,0.128259278,0.039870089,0.055672209,0.062756258,0.37325848899999997,0.83827248,0.7189122240000001,0.6338982129999999
urn:mavedb:00000658-q-1#524,g.116C>G,ENST00000644876.2:c.*11C>G,NA,0.004905299,0.5895524000000001,0.058107232,0.085343575,0.059950822,0.0977589909999999,0.7209609359999999,0.4423129770000001,0.610347889,0.28151207
urn:mavedb:00000658-q-1#525,g.116C>T,ENST00000644876.2:c.*11C>T,NA,-0.006571408000000001,0.4466584,0.065554979,-0.015983218,-0.052396587,-0.075520472,0.7091600929999999,0.932415874,0.7021313459999999,0.490497894
urn:mavedb:00000658-q-1#526,g.117A>T,ENST00000644876.2:c.*12A>T,NA,-0.006723422,0.6478973000000001,-0.081874648,-0.07448096900000001,-0.083994216,-0.15612052,0.738829313,0.715295424,0.632270304,0.240858302
urn:mavedb:00000658-q-1#527,g.117A>C,ENST00000644876.2:c.*12A>C,NA,4.198691e-05,0.9980093000000001,0.005754884,-0.011395176000000002,0.025289435,0.055923038,0.9785327359999999,0.937989362,0.828494249,0.502320874
urn:mavedb:00000658-q-1#528,g.117A>G,ENST00000644876.2:c.*12A>G,NA,0.0058070019999999,0.47182240000000003,0.045032143,0.058810992,0.086761094,0.157786159,0.74214283,0.554780574,0.282348504,0.013560218
urn:mavedb:00000658-q-1#529,g.118_119del,ENST00000644876.2:c.*13_*14del,NA,-0.007659600000000001,0.4965782,-0.087273871,-0.09339338900000001,-0.083266575,0.0235445229999999,0.5722635939999999,0.46189047299999997,0.5002033029999999,0.8678299540000001
urn:mavedb:00000658-q-1#530,g.118G>C,ENST00000644876.2:c.*13G>C,NA,0.02009906,0.01573646,0.074363102,0.1519404969999999,0.234887966,0.21979568800000002,0.707168597,0.196901498,0.018792598,0.023469956
urn:mavedb:00000658-q-1#531,g.118G>A,ENST00000644876.2:c.*13G>A,NA,-0.002168163,0.8709687,-0.024289993,-0.063007226,0.015403541000000001,-0.0042712509999999,0.9162397090000001,0.649950857,0.924510753,0.978920482
urn:mavedb:00000658-q-1#532,g.118G>T,ENST00000644876.2:c.*13G>T,NA,0.003883031,0.7893690999999999,0.051663883,0.042560948,0.0386049179999999,0.10246092400000001,0.8551555270000001,0.856660877,0.853319446,0.48452069
urn:mavedb:00000658-q-1#533,g.119T>A,ENST00000644876.2:c.*14T>A,NA,-0.0036862220000000003,0.7957744000000001,0.008475613,-0.048136035,-0.015756353,-0.024652041,0.979017123,0.8042775879999999,0.935553788,0.8793841090000001
urn:mavedb:00000658-q-1#534,g.119T>G,ENST00000644876.2:c.*14T>G,NA,-0.002650725,0.7934427,0.035916088,-0.024716181,-0.0107025219999999,-0.065290842,0.8405339159999999,0.874781203,0.940308147,0.48558512600000003
urn:mavedb:00000658-q-1#535,g.119T>C,ENST00000644876.2:c.*14T>C,NA,-0.006407386,0.6368735,-0.128457004,-0.111515595,-0.08584314900000001,-0.011005296000000001,0.51086013,0.532427491,0.62819049,0.960026803
urn:mavedb:00000658-q-1#536,g.120A>T,ENST00000644876.2:c.*15A>T,NA,-0.008672886,0.3346595999999999,-0.104638101,-0.075190162,-0.116190578,-0.1141648619999999,0.462444931,0.5943275060000001,0.295052735,0.267492925
urn:mavedb:00000658-q-1#537,g.120A>C,ENST00000644876.2:c.*15A>C,NA,-0.0002013376,0.9908094999999999,-0.056216089000000004,0.011761107,0.006898141,0.007186253,0.73906396,0.9493011379999999,0.964363108,0.9616780890000001
urn:mavedb:00000658-q-1#538,g.120A>G,ENST00000644876.2:c.*15A>G,NA,-0.004485959,0.6826321999999999,0.030888627000000002,-0.025211606,-0.020899542,0.01747635,0.8926314000000001,0.895500321,0.8990462640000001,0.903055554
