accession,hgvs_nt,hgvs_splice,hgvs_pro,score,cLFC_trend_BH_FDR,D7_combined_LFC,D11_combined_LFC,D15_combined_LFC,D21_combined_LFC,cLFCd7_BH_FDR,cLFCd11_BH_FDR,cLFCd15_BH_FDR,cLFCd21_BH_FDR
urn:mavedb:00000658-b-1#1,g.1_2del,ENST00000644876.2:c.46-24_46-22del,NA,0.00816901,0.5302819000000001,-0.0494990009999999,0.025004262000000003,0.069413608,-0.065705124,0.8621272109999999,0.920914297,0.6988466309999999,0.681507764
urn:mavedb:00000658-b-1#2,g.1T>A,ENST00000644876.2:c.46-25T>A,NA,-0.007500009,0.5861392,-0.067041246,-0.141315136,-0.057971793,-0.111037334,0.7392093409999999,0.23959477899999998,0.698324885,0.33086795399999996
urn:mavedb:00000658-b-1#3,g.1T>G,ENST00000644876.2:c.46-25T>G,NA,0.003499672,0.8376433000000001,-0.04883887,-0.090224347,0.031362754,0.030359851,0.8378266059999999,0.5597408079999999,0.860291529,0.846559423
urn:mavedb:00000658-b-1#4,g.1T>C,ENST00000644876.2:c.46-25T>C,NA,0.005331955,0.772524,-0.036199076000000004,-0.0130333039999999,0.037017676,0.126843109,0.923657866,0.967732844,0.880101672,0.454138146
urn:mavedb:00000658-b-1#5,g.2G>T,ENST00000644876.2:c.46-24G>T,NA,-0.002499776,0.8974669,-0.169016795,-0.125008235,-0.064759289,-0.018321312,0.306064243,0.458103446,0.727939929,0.927336047
urn:mavedb:00000658-b-1#6,g.2G>C,ENST00000644876.2:c.46-24G>C,NA,-0.01217319,0.24124570000000004,-0.0050029259999999,-0.125933727,-0.11535637800000001,-0.098356375,0.987280257,0.325715352,0.34318210600000004,0.408457516
urn:mavedb:00000658-b-1#7,g.2G>A,ENST00000644876.2:c.46-24G>A,NA,-0.003643875,0.8651916,-0.106050431,-0.048127773,-0.069645453,-0.139302382,0.6713939809999999,0.8549169940000001,0.737918645,0.374149138
urn:mavedb:00000658-b-1#8,g.3_4del,ENST00000644876.2:c.46-23_46-22del,NA,0.05774775,1.131049e-21,0.285071426,0.470237952,0.650777535,0.852613669,0.000142759,1.82e-11,7.83e-22,7.1599999999999985e-37
urn:mavedb:00000658-b-1#9,g.3C>A,ENST00000644876.2:c.46-23C>A,NA,0.002541475,0.8589800999999999,0.087918416,0.0318899999999999,0.036411012,0.042423993,0.682917883,0.894100825,0.853063509,0.79563859
urn:mavedb:00000658-b-1#10,g.3C>G,ENST00000644876.2:c.46-23C>G,NA,0.01855083,0.08972234,0.196113244,0.1837077039999999,0.17673001,0.10542132900000001,0.25373034,0.25394459,0.246650365,0.523036343
urn:mavedb:00000658-b-1#11,g.3C>T,ENST00000644876.2:c.46-23C>T,NA,0.001449009,0.9211394,0.109825588,0.01636403,0.037278733,0.060588219000000006,0.4806331820000001,0.940698019,0.8245048559999999,0.647759923
urn:mavedb:00000658-b-1#12,g.4T>A,ENST00000644876.2:c.46-22T>A,NA,0.04389696,5.334501e-07,0.067709281,0.287241378,0.445771524,0.435609786,0.74293625,0.00291176,4.05e-07,7.690000000000002e-07
urn:mavedb:00000658-b-1#13,g.4T>G,ENST00000644876.2:c.46-22T>G,NA,0.05661111,7.188308000000001e-12,0.4596140379999999,0.631778619,0.715952172,0.949130117,2.17e-05,8.98e-10,1.52e-12,1.9900000000000007e-21
urn:mavedb:00000658-b-1#14,g.4T>C,ENST00000644876.2:c.46-22T>C,NA,0.02341588,0.0005814953,0.1728895389999999,0.16166249,0.2863286969999999,0.410996453,0.05450065,0.065994521,0.000102775,6.559999999999999e-09
urn:mavedb:00000658-b-1#15,g.5_6del,ENST00000644876.2:c.46-21_46-20del,NA,0.06931941,5.339431999999999e-48,0.392982805,0.571008375,0.816671245,1.06367716,7.380000000000001e-13,1.48e-26,2.71e-56,2.1099999999999997e-95
urn:mavedb:00000658-b-1#16,g.5A>T,ENST00000644876.2:c.46-21A>T,NA,0.03735917,9.027903e-07,0.1863848169999999,0.2942917869999999,0.395217538,0.534687563,0.167593839,0.006162172,7.26e-05,2.6800000000000002e-08
urn:mavedb:00000658-b-1#17,g.5A>C,ENST00000644876.2:c.46-21A>C,NA,0.04590191,1.78153e-11,0.335699685,0.42014567700000005,0.545789188,0.667002275,8.51e-05,2.69e-07,4.82e-12,1.39e-17
urn:mavedb:00000658-b-1#18,g.5A>G,ENST00000644876.2:c.46-21A>G,NA,0.0251565999999999,0.0016844370000000002,0.089174868,0.193125338,0.253771837,0.355022989,0.627178761,0.08013735400000001,0.009946805,0.000111779
urn:mavedb:00000658-b-1#19,g.6A>T,ENST00000644876.2:c.46-20A>T,NA,0.04820548,5.041427e-19,0.2572925669999999,0.39826638600000003,0.551951869,0.7130403590000001,0.00047961099999999996,4.7499999999999995e-09,1.3100000000000001e-17,9.02e-29
urn:mavedb:00000658-b-1#20,g.6A>C,ENST00000644876.2:c.46-20A>C,NA,0.04852614,4.150237e-13,0.27406946,0.479546631,0.541862879,0.772460142,0.001586331,9.130000000000001e-10,1.2e-12,7.8e-25
urn:mavedb:00000658-b-1#21,g.6A>G,ENST00000644876.2:c.46-20A>G,NA,0.06418021,2.475257e-22,0.428911765,0.595344096,0.764905737,0.930045797,1.03e-06,1.83e-12,1.85e-20,7.649999999999998e-30
urn:mavedb:00000658-b-1#22,g.7_8del,ENST00000644876.2:c.46-19_46-18del,NA,0.04228377,2.111531e-10,0.328445582,0.387277324,0.505899853,0.622758148,0.0001549489999999,3.55e-06,2.56e-10,3.34e-15
urn:mavedb:00000658-b-1#23,g.7C>A,ENST00000644876.2:c.46-19C>A,NA,0.02061225,0.003486452,0.1782530339999999,0.267473089,0.223686685,0.290927405,0.057947639,0.000887517,0.005898304,0.000161424
urn:mavedb:00000658-b-1#24,g.7C>G,ENST00000644876.2:c.46-19C>G,NA,0.03523953,1.550397e-09,0.2376907539999999,0.392668099,0.37752106700000004,0.5958799260000001,0.00115617,4.689999999999999e-09,1.27e-08,2.87e-20
urn:mavedb:00000658-b-1#25,g.7C>T,ENST00000644876.2:c.46-19C>T,NA,-0.0002968763,0.9908094999999999,0.069212407,-0.073859416,0.032579335,-0.070579228,0.7758324390000001,0.7063847190000001,0.87243427,0.645865708
urn:mavedb:00000658-b-1#26,g.8C>A,ENST00000644876.2:c.46-18C>A,NA,-0.01788087,0.1905604,-0.289413865,-0.262264332,-0.230975235,-0.2061447619999999,0.005976797,0.012787511000000001,0.027776852999999997,0.050886653
urn:mavedb:00000658-b-1#27,g.8C>G,ENST00000644876.2:c.46-18C>G,NA,-0.009206591,0.5650206999999999,-0.155610089,-0.041915928,-0.156676659,-0.204037012,0.48152770899999997,0.8880316359999999,0.36778681,0.17975084600000002
urn:mavedb:00000658-b-1#28,g.8C>T,ENST00000644876.2:c.46-18C>T,NA,0.002790141,0.8611105,-0.0885433619999999,-0.008967958,0.043976013,0.0275894639999999,0.634989855,0.970211785,0.791958157,0.861590957
urn:mavedb:00000658-b-1#29,g.9_10del,ENST00000644876.2:c.46-17_46-16del,NA,0.05281725,2.775691e-21,0.328975293,0.45426310700000005,0.615306323,0.774582186,4.8e-06,4.4799999999999997e-11,2.84e-20,1.3499999999999998e-31
urn:mavedb:00000658-b-1#30,g.9A>T,ENST00000644876.2:c.46-17A>T,NA,-0.004813451,0.6263441,0.009538799,-0.097963551,0.017860898,-0.072933163,0.9649412270000001,0.255459862,0.8833542320000001,0.374149138
urn:mavedb:00000658-b-1#31,g.9A>C,ENST00000644876.2:c.46-17A>C,NA,0.0038431570000000003,0.8072039000000001,-0.0226455629999999,-0.081990567,-0.003211039,-0.044645473,0.929541079,0.55800763,0.9843749190000001,0.731688302
urn:mavedb:00000658-b-1#32,g.9A>G,ENST00000644876.2:c.46-17A>G,NA,-0.01292212,0.3718438,-0.007776198000000001,-0.041993798,-0.15137957900000001,-0.124845976,0.9860473209999999,0.889986479,0.4060155720000001,0.481729752
urn:mavedb:00000658-b-1#33,g.10T>A,ENST00000644876.2:c.46-16T>A,NA,0.01334456,0.17117000000000002,0.11957983800000001,0.186177077,0.1443783059999999,0.214895975,0.537981331,0.17690654600000003,0.308899934,0.0744452509999999
urn:mavedb:00000658-b-1#34,g.10T>G,ENST00000644876.2:c.46-16T>G,NA,0.04087356,3.227048e-10,0.29405517600000003,0.421546343,0.4685594279999999,0.518968976,0.000201603,1.3899999999999999e-08,9.14e-11,5.460000000000001e-13
urn:mavedb:00000658-b-1#35,g.10T>C,ENST00000644876.2:c.46-16T>C,NA,0.03453558,5.31263e-07,0.26413566,0.364891181,0.403099562,0.45408766700000003,0.003863687,1.4499999999999993e-05,9.05e-07,2.18e-08
urn:mavedb:00000658-b-1#36,g.11_12del,ENST00000644876.2:c.46-14_46-13del,NA,0.03897409,4.609983e-10,0.2509431689999999,0.437944214,0.4347400729999999,0.5549981039999999,0.0060567009999999,6.71e-08,5.11e-08,1.4999999999999999e-12
urn:mavedb:00000658-b-1#37,g.11C>A,ENST00000644876.2:c.46-15C>A,NA,-0.01099674,0.2548821,-0.040197179,-0.117299141,-0.106650441,-0.146470532,0.84347264,0.282855973,0.306341204,0.107198219
urn:mavedb:00000658-b-1#38,g.11C>G,ENST00000644876.2:c.46-15C>G,NA,-0.01145501,0.2642786,-0.087057185,-0.20889569800000002,-0.118529091,-0.141198253,0.464540725,0.00627491,0.161481602,0.071747092
urn:mavedb:00000658-b-1#39,g.11C>T,ENST00000644876.2:c.46-15C>T,NA,-0.01244077,0.4640439999999999,-0.150113956,-0.085261951,-0.2009824039999999,-0.109447655,0.55091522,0.74688175,0.25514186899999997,0.5728703789999999
urn:mavedb:00000658-b-1#40,g.12T>A,ENST00000644876.2:c.46-14T>A,NA,0.0217015,0.0001945575,0.270023398,0.267099239,0.281267417,0.289033986,0.00021586400000000002,0.000215073,5.7600000000000004e-05,3.28e-05
urn:mavedb:00000658-b-1#41,g.12T>G,ENST00000644876.2:c.46-14T>G,NA,0.03649676,3.7473169999999995e-08,0.267794116,0.393234807,0.422003956,0.487905928,0.002423381,1.25e-06,1.08e-07,5.18e-10
urn:mavedb:00000658-b-1#42,g.12T>C,ENST00000644876.2:c.46-14T>C,NA,0.04491971,1.216134e-06,0.466866678,0.5589195,0.563655845,0.698714093,5.39e-06,1.82e-08,8.09e-09,4.0600000000000004e-13
urn:mavedb:00000658-b-1#43,g.13_14del,ENST00000644876.2:c.46-12_46-11del,NA,0.01676226,0.1717408999999999,0.086616464,0.074685634,0.217954633,0.19553472800000002,0.747249536,0.7437040109999999,0.12198701199999999,0.161603545
urn:mavedb:00000658-b-1#44,g.13C>A,ENST00000644876.2:c.46-13C>A,NA,-0.01149225,0.4455476,-0.0947513919999999,-0.072957466,-0.130820186,-0.03680099,0.745696452,0.779388273,0.49113579799999996,0.869439478
urn:mavedb:00000658-b-1#45,g.13C>G,ENST00000644876.2:c.46-13C>G,NA,-0.005889058000000001,0.6502399,-0.082640101,-0.12265063400000001,-0.086216389,-0.13845048,0.550181652,0.223009562,0.417832284,0.113642591
urn:mavedb:00000658-b-1#46,g.13C>T,ENST00000644876.2:c.46-13C>T,NA,0.0042296470000000004,0.7351835,0.097220965,0.0948547,0.0650480579999999,0.0555704729999999,0.6703920210000001,0.6198163879999999,0.729859646,0.744199087
urn:mavedb:00000658-b-1#47,g.14A>T,ENST00000644876.2:c.46-12A>T,NA,-0.0011214999999999,0.9499788,-0.182711457,-0.122665842,-0.103752191,-0.098049682,0.025592947,0.1764633,0.24674519600000003,0.257824021
urn:mavedb:00000658-b-1#48,g.14A>C,ENST00000644876.2:c.46-12A>C,NA,0.00748673,0.5904441,0.09187730300000001,0.130413482,0.09512999300000001,0.0480024629999999,0.7209845970000001,0.470218316,0.60164036,0.798656719
urn:mavedb:00000658-b-1#49,g.14A>G,ENST00000644876.2:c.46-12A>G,NA,-0.001503877,0.9264429,-0.069951523,-0.008277818000000001,-0.047529637,0.050454289000000006,0.678972109,0.96776257,0.729251671,0.672015672
urn:mavedb:00000658-b-1#50,g.15_16del,ENST00000644876.2:c.46-7_46-6del,NA,0.04565469,2.946841e-18,0.335817333,0.456906634,0.529914635,0.7238185559999999,1.1e-07,9.5e-14,1.44e-18,7.699999999999997e-34
urn:mavedb:00000658-b-1#51,g.15C>A,ENST00000644876.2:c.46-11C>A,NA,-0.01313471,0.11225910000000001,-0.00524876,-0.105495381,-0.145349518,-0.108327436,0.98367955,0.303676824,0.087519377,0.22485580300000002
urn:mavedb:00000658-b-1#52,g.15C>T,ENST00000644876.2:c.46-11C>T,NA,-0.02110444,0.009161028,-0.111571451,-0.08566119,-0.2652062069999999,-0.21548425300000001,0.44943187799999995,0.555821472,0.004033615,0.023388231000000002
urn:mavedb:00000658-b-1#53,g.15C>G,ENST00000644876.2:c.46-11C>G,NA,0.04386591,8.166945e-16,0.276086784,0.404250175,0.505625136,0.6420205370000001,5.820000000000001e-05,4.93e-10,1.1699999999999999e-15,1.0999999999999998e-24
urn:mavedb:00000658-b-1#54,g.16T>C,ENST00000644876.2:c.46-10T>C,NA,0.04469523,2.9812959999999995e-11,0.25435963100000003,0.432240994,0.4816142579999999,0.661739334,0.0047002020000000005,8.369999999999999e-08,1.0800000000000002e-09,1.4199999999999995e-17
urn:mavedb:00000658-b-1#55,g.16T>G,ENST00000644876.2:c.46-10T>G,NA,0.04139748,4.70456e-07,0.44314569,0.46069454,0.527342965,0.687004499,4.83e-07,1.1900000000000001e-07,5.39e-10,2.14e-16
urn:mavedb:00000658-b-1#56,g.16T>A,ENST00000644876.2:c.46-10T>A,NA,0.05464924,4.839423e-10,0.51979698,0.639581985,0.720436194,0.818561845,2.4500000000000003e-10,2.68e-15,1.35e-19,5.600000000000001e-25
urn:mavedb:00000658-b-1#57,g.17C>A,ENST00000644876.2:c.46-9C>A,NA,0.03362279,0.0001423084,0.264394998,0.332143064,0.4002180979999999,0.425554725,0.045619423,0.004996057,0.00033716400000000004,0.00011009399999999999
urn:mavedb:00000658-b-1#58,g.17C>G,ENST00000644876.2:c.46-9C>G,NA,0.01925205,0.0155555,0.017882208,0.139909476,0.2051370619999999,0.334888318,0.942151617,0.160938366,0.014023321000000002,1.12e-05
urn:mavedb:00000658-b-1#59,g.17C>T,ENST00000644876.2:c.46-9C>T,NA,0.0030312679999999,0.8589800999999999,-0.0783119759999999,-0.0264908279999999,-0.051491672,-0.0038918290000000003,0.6809152620000001,0.902326744,0.744475856,0.984322347
urn:mavedb:00000658-b-1#60,g.18T>C,ENST00000644876.2:c.46-8T>C,NA,0.0359154999999999,2.2358279999999998e-06,0.263796448,0.347366164,0.41358190100000003,0.532571648,0.021660537,0.000795769,3.0299999999999998e-05,3.18e-08
urn:mavedb:00000658-b-1#61,g.18T>G,ENST00000644876.2:c.46-8T>G,NA,0.05421039,2.932703e-26,0.281200822,0.45269748,0.6117625489999999,0.724829446,4.53e-06,1.15e-14,3.8399999999999996e-27,1.66e-37
urn:mavedb:00000658-b-1#62,g.18T>A,ENST00000644876.2:c.46-8T>A,NA,0.06114046,6.416097e-20,0.334252211,0.524538347,0.695365983,0.801425249,0.00010752,8.25e-11,8.309999999999998e-19,1.1100000000000002e-24
urn:mavedb:00000658-b-1#63,g.19C>T,ENST00000644876.2:c.46-7C>T,NA,0.002498719,0.8464127,0.0320790539999999,-0.015456326000000001,0.041623793,0.013428599,0.875941312,0.929952335,0.750119885,0.922257584
urn:mavedb:00000658-b-1#64,g.19C>G,ENST00000644876.2:c.46-7C>G,NA,0.01561559,0.07745798,0.0930732,0.12931482,0.183229728,0.15738034,0.6611569,0.39734064799999996,0.14113684,0.207435233
urn:mavedb:00000658-b-1#65,g.19C>A,ENST00000644876.2:c.46-7C>A,NA,0.028799400000000003,0.000734816,0.34660663700000005,0.41146919200000004,0.37360014,0.487073799,0.001274664,5.4899999999999986e-05,0.000232947,6.58e-07
urn:mavedb:00000658-b-1#66,g.20T>C,ENST00000644876.2:c.46-6T>C,NA,0.0245866,0.0056111519999999,0.148971543,0.22720313600000003,0.280088716,0.401562685,0.391986471,0.078591782,0.016905026,0.000208801
urn:mavedb:00000658-b-1#67,g.20T>G,ENST00000644876.2:c.46-6T>G,NA,0.052945500000000006,3.089612e-24,0.322710387,0.468854867,0.606838932,0.831019501,3.17e-06,1.51e-12,5.22e-21,1.22e-38
urn:mavedb:00000658-b-1#68,g.20T>A,ENST00000644876.2:c.46-6T>A,NA,0.06791755,9.045211e-31,0.409462536,0.641661963,0.795470497,1.0111675279999999,2.72e-07,3.32e-17,8.38e-27,8.159999999999999e-43
urn:mavedb:00000658-b-1#69,g.21_22del,ENST00000644876.2:c.46-4_46-3del,NA,-0.00505154,0.6346441999999999,0.230720521,0.063319819,-0.017635355,0.007719194,0.010417657,0.6640318510000001,0.9144481170000001,0.962845767
urn:mavedb:00000658-b-1#70,g.21T>C,ENST00000644876.2:c.46-5T>C,NA,0.0062649069999999,0.5690015,0.062002677,0.021339753,0.077413494,0.014682968000000001,0.71378262,0.906272638,0.492456423,0.9163780090000001
urn:mavedb:00000658-b-1#71,g.21T>A,ENST00000644876.2:c.46-5T>A,NA,0.05626583,1.5382229999999999e-21,0.40702788100000004,0.526995204,0.69039781,0.8771915579999999,2.64e-07,6.9000000000000025e-12,3.12e-20,4.11e-32
urn:mavedb:00000658-b-1#72,g.21T>G,ENST00000644876.2:c.46-5T>G,NA,0.01270012,0.05131282,0.2270227769999999,0.126126568,0.094230374,0.097293793,0.004650005,0.18507339899999997,0.342902634,0.294460225
urn:mavedb:00000658-b-1#73,g.22C>T,ENST00000644876.2:c.46-4C>T,NA,-0.009017348,0.5895571,-0.142638134,-0.1882923989999999,-0.149463648,-0.18804151800000002,0.34799402799999996,0.12346001300000001,0.23116646,0.094738121
urn:mavedb:00000658-b-1#74,g.22C>G,ENST00000644876.2:c.46-4C>G,NA,0.002544036,0.8416534999999999,0.10642293,-0.0030095129999999,0.059279238,-0.011792991000000001,0.397275659,0.9884409940000001,0.637055478,0.9366304879999999
urn:mavedb:00000658-b-1#75,g.22C>A,ENST00000644876.2:c.46-4C>A,NA,0.004344987,0.7431462,0.037089562,-0.012154937,0.04592564,-0.0146686889999999,0.868347784,0.953527062,0.7481833440000001,0.922423368
urn:mavedb:00000658-b-1#76,g.23_24del,ENST00000644876.2:c.46-3_46-2del,NA,-0.1593563999999999,9.188446e-18,-1.076983241,-1.566022429,-1.908072227,-1.924771112,2.8999999999999997e-11,1.93e-22,5.34e-33,3.32e-33
urn:mavedb:00000658-b-1#77,g.23T>C,ENST00000644876.2:c.46-3T>C,NA,-0.0077026559999999,0.5319313,-0.04516449,-0.071490065,-0.082566255,-0.171163764,0.863622352,0.694823317,0.589522924,0.137905849
urn:mavedb:00000658-b-1#78,g.23T>A,ENST00000644876.2:c.46-3T>A,NA,0.05311146,4.8276449999999995e-12,0.308758823,0.526439545,0.583809429,0.7203551220000001,0.0026682790000000004,1.3899999999999999e-08,1.51e-10,1.31e-15
urn:mavedb:00000658-b-1#79,g.23T>G,ENST00000644876.2:c.46-3T>G,NA,0.007959147,0.4304024,0.065062471,-0.10866083800000001,0.006038829,0.024758900000000004,0.679123655,0.306160288,0.968823421,0.846759325
urn:mavedb:00000658-b-1#80,g.24A>T,ENST00000644876.2:c.46-2A>T,NA,-0.1458144,1.936782e-13,-1.0541614529999999,-1.5689662219999998,-1.636983415,-1.6662475369999998,1.35e-07,7.58e-16,1.67e-17,4.88e-18
urn:mavedb:00000658-b-1#81,g.24A>C,ENST00000644876.2:c.46-2A>C,NA,-0.1148483,2.6281840000000003e-17,-0.7607459409999999,-1.109133628,-1.291635667,-1.106132411,2.37e-14,1.04e-28,1.67e-39,2.55e-29
urn:mavedb:00000658-b-1#82,g.24A>G,ENST00000644876.2:c.46-2A>G,NA,-0.1125041999999999,2.6695189999999996e-08,-1.008171975,-1.5906226940000001,-1.56671396,-1.839523341,7.35e-13,1.26e-29,2.41e-29,6.33e-39
urn:mavedb:00000658-b-1#83,g.25G>A,ENST00000644876.2:c.46-1G>A,NA,-0.1208359,3.289773e-09,-1.106204027,-1.440159982,-1.398815135,-1.391215984,1.8e-21,9.73e-35,2.79e-34,1.31e-33
urn:mavedb:00000658-b-1#84,g.25G>T,ENST00000644876.2:c.46-1G>T,NA,-0.1263487,7.151028e-17,-0.8186721770000001,-1.2484751509999998,-1.44725842,-1.260444119,2.33e-14,1.2299999999999999e-30,2.9599999999999995e-42,2.2700000000000003e-32
urn:mavedb:00000658-b-1#85,g.25G>C,ENST00000644876.2:c.46-1G>C,NA,-0.1396126,5.009425e-10,-1.031078697,-1.699924491,-1.670179659,-1.781411079,5.02e-09,1.67e-22,3.5099999999999997e-22,8.52e-25
urn:mavedb:00000658-b-1#86,g.26_28del,ENST00000644876.2:c.46_48del,ENSP00000494040.1:p.Phe16del,-0.0073344519999999,0.6976074000000001,-0.125755524,-0.138487961,-0.09546555,-0.09333163800000001,0.608319755,0.48134279799999996,0.637276003,0.606748747
urn:mavedb:00000658-b-1#87,g.26T>C,ENST00000644876.2:c.46T>C,ENSP00000494040.1:p.Phe16Leu,-0.006581163,0.5106456,-0.0113724769999999,-0.097430857,-0.070224748,-0.034419454,0.9585271459999999,0.306160288,0.477042809,0.7437550340000001
urn:mavedb:00000658-b-1#88,g.26T>G,ENST00000644876.2:c.46T>G,ENSP00000494040.1:p.Phe16Val,-0.004801293,0.6375968000000001,-0.01932267,-0.036523453,-0.061809509000000006,-0.09915209,0.919179925,0.778810322,0.5201339939999999,0.20400444199999998
urn:mavedb:00000658-b-1#89,g.26T>A,ENST00000644876.2:c.46T>A,ENSP00000494040.1:p.Phe16Ile,0.001814771,0.8888809000000001,-0.049269556,0.047402568,-0.008541914,-0.058159295,0.7066084909999999,0.662097429,0.945458775,0.48023165700000003
urn:mavedb:00000658-b-1#90,g.26_28delinsAGC,ENST00000644876.2:c.46_48delinsAGC,ENSP00000494040.1:p.Phe16Ser,0.0015398920000000002,0.9356759,-0.094461064,-0.063839744,-0.031239887,0.025064485,0.630621179,0.732577675,0.8698711440000001,0.8829388990000001
urn:mavedb:00000658-b-1#91,g.26_28delinsATC,ENST00000644876.2:c.46_48delinsATC,ENSP00000494040.1:p.Phe16Ile,-0.01244458,0.27504670000000003,-0.161419409,-0.172908659,-0.19276454,-0.232891273,0.124225566,0.07118774900000001,0.029729995,0.0055012609999999995
urn:mavedb:00000658-b-1#92,g.26_28delinsGTG,ENST00000644876.2:c.46_48delinsGTG,ENSP00000494040.1:p.Phe16Val,0.001200498,0.9332481,-0.024717236,-0.032635368,0.009842539,-0.10377074800000001,0.88275672,0.790949714,0.9360470040000001,0.144838737
urn:mavedb:00000658-b-1#93,g.26_28delinsTAC,ENST00000644876.2:c.47_48delinsAC,ENSP00000494040.1:p.Phe16Tyr,0.009353963,0.5510735,0.16515527300000002,0.1408883719999999,0.14331833300000002,0.08434992300000001,0.43878546799999996,0.482441866,0.43233289799999997,0.657386947
urn:mavedb:00000658-b-1#94,g.26_28delinsTGC,ENST00000644876.2:c.47_48delinsGC,ENSP00000494040.1:p.Phe16Cys,-0.007817715,0.3742357,-0.072751,-0.083024645,-0.098770568,-0.137893316,0.520591649,0.37032939600000003,0.21329342199999998,0.048746807999999996
urn:mavedb:00000658-b-1#95,g.27T>A,ENST00000644876.2:c.47T>A,ENSP00000494040.1:p.Phe16Tyr,0.00260781,0.8709687,0.053591689000000005,0.048060784,0.017865679,0.023682064,0.8058525879999999,0.796725282,0.923197912,0.880453955
urn:mavedb:00000658-b-1#96,g.27T>C,ENST00000644876.2:c.47T>C,ENSP00000494040.1:p.Phe16Ser,-0.0005767961,0.965924,0.054220522,-0.00937429,0.013810901,0.0063930119999999,0.6961907390000001,0.9545892490000001,0.915711982,0.960871219
urn:mavedb:00000658-b-1#97,g.27T>G,ENST00000644876.2:c.47T>G,ENSP00000494040.1:p.Phe16Cys,-0.01239743,0.06893001,0.0274370979999999,-0.050633066,-0.12591897,-0.0362093729999999,0.8894519590000001,0.6986894990000001,0.1352401,0.7372490909999999
urn:mavedb:00000658-b-1#98,g.28T>C,ENST00000644876.2:c.48T>C,ENSP00000494040.1:p.Phe16=,0.008768214,0.2570795,0.071023772,0.089224861,0.1030025369999999,0.122697059,0.5326180620000001,0.317459557,0.186910634,0.086444676
urn:mavedb:00000658-b-1#99,g.28T>G,ENST00000644876.2:c.48T>G,ENSP00000494040.1:p.Phe16Leu,-0.004501427,0.6847123,-0.009097433,-0.038591545,-0.0521912859999999,-0.073087367,0.9694246,0.7899009640000001,0.648156672,0.442688184
urn:mavedb:00000658-b-1#100,g.28T>A,ENST00000644876.2:c.48T>A,ENSP00000494040.1:p.Phe16Leu,0.047898800000000005,4.595055e-11,0.392501922,0.516006022,0.572523762,0.600147349,2.0399999999999998e-05,4.65e-09,3.64e-11,3.41e-12
urn:mavedb:00000658-b-1#101,g.29_31del,ENST00000644876.2:c.50_52del,ENSP00000494040.1:p.Ala17del,0.008556562,0.4703529999999999,-0.081946554,-0.029987735,0.0772572629999999,0.111145033,0.570808535,0.86131842,0.492773755,0.239013831
urn:mavedb:00000658-b-1#102,g.29G>T,ENST00000644876.2:c.49G>T,ENSP00000494040.1:p.Ala17Ser,-0.0001344399,0.9932019,0.039404119,0.040657053,0.0162964289999999,0.03028915,0.813505185,0.7617238479999999,0.903763718,0.77914391
urn:mavedb:00000658-b-1#103,g.29G>A,ENST00000644876.2:c.49G>A,ENSP00000494040.1:p.Ala17Thr,0.008877335,0.5206497999999999,-0.003491411,0.044506831,0.087468795,0.159791028,0.99325891,0.846298195,0.593489815,0.21015292100000002
urn:mavedb:00000658-b-1#104,g.29G>C,ENST00000644876.2:c.49G>C,ENSP00000494040.1:p.Ala17Pro,0.008836798,0.4609058,0.036907096,0.066337529,0.0971601919999999,0.2390607569999999,0.8871439390000001,0.6986894990000001,0.466868825,0.015044126000000001
urn:mavedb:00000658-b-1#105,g.29_31delinsACC,ENST00000644876.2:c.49_51delinsACC,ENSP00000494040.1:p.Ala17Thr,-0.0005227883,0.9760300999999999,-0.039056835,-0.005936721,-0.038533404,-0.130806785,0.856378372,0.9767376640000001,0.7970588679999999,0.18831663899999998
urn:mavedb:00000658-b-1#106,g.29_31delinsAGC,NA,ENSP00000494040.1:p.Ala17Ser,0.01965403,0.007871572,0.1058570319999999,0.1447797519999999,0.219540084,0.19796497100000002,0.4285441370000001,0.159908446,0.011167101,0.022955323
urn:mavedb:00000658-b-1#107,g.29_31delinsCCC,ENST00000644876.2:c.49_51delinsCCC,ENSP00000494040.1:p.Ala17Pro,0.008448445,0.5293981,-0.111030647,-0.10110129300000001,0.057867275,-0.008208939,0.375134235,0.386079169,0.64925749,0.958501134
urn:mavedb:00000658-b-1#108,g.29_31delinsGAC,ENST00000644876.2:c.50_51delinsAC,ENSP00000494040.1:p.Ala17Asp,-0.00740794,0.5445033,-0.107321913,-0.007552525,-0.154856893,-0.159902126,0.36471523100000003,0.9682765990000001,0.070689495,0.053566401
urn:mavedb:00000658-b-1#109,g.29_31delinsGGC,ENST00000644876.2:c.50_51delinsGC,ENSP00000494040.1:p.Ala17Gly,-0.009274238,0.4638225,-0.026757929,-0.142282161,-0.09024273,-0.15178518,0.921197783,0.249879727,0.502573357,0.161347958
urn:mavedb:00000658-b-1#110,g.29_31delinsGTG,ENST00000644876.2:c.50_51delinsTG,ENSP00000494040.1:p.Ala17Val,0.01841545,0.006113766,0.143099965,0.10958546400000001,0.193324981,0.183963378,0.068866858,0.19194586100000002,0.0040161070000000005,0.006352471
urn:mavedb:00000658-b-1#111,g.30C>G,ENST00000644876.2:c.50C>G,ENSP00000494040.1:p.Ala17Gly,0.01060682,0.22233440000000002,0.064808154,0.059494728,0.0979624259999999,0.099171545,0.734539837,0.7079205909999999,0.408663145,0.36686214899999997
urn:mavedb:00000658-b-1#112,g.30C>A,ENST00000644876.2:c.50C>A,ENSP00000494040.1:p.Ala17Asp,-0.0006463246,0.9687795,0.067744187,0.02154419,0.004790524,0.046057627000000004,0.721270745,0.9156832079999999,0.979267404,0.7258983509999999
urn:mavedb:00000658-b-1#113,g.30C>T,ENST00000644876.2:c.50C>T,ENSP00000494040.1:p.Ala17Val,0.003140307,0.7463656,0.099626146,0.026059066000000002,0.031551271,0.051248044000000006,0.280682065,0.850110357,0.7780602659999999,0.562419597
urn:mavedb:00000658-b-1#114,g.31T>C,ENST00000644876.2:c.51T>C,ENSP00000494040.1:p.Ala17=,0.000240835,0.9872699,0.03987103,0.045622225,0.00418625,-0.031011987,0.831475958,0.749709354,0.97895757,0.7931338309999999
urn:mavedb:00000658-b-1#115,g.31T>G,ENST00000644876.2:c.51T>G,ENSP00000494040.1:p.Ala17=,-0.01336686,0.05570313,-0.012088821000000001,-0.09452305800000001,-0.164740083,-0.12830743,0.957012325,0.33577437299999996,0.031008665,0.105630957
urn:mavedb:00000658-b-1#116,g.31T>A,ENST00000644876.2:c.51T>A,ENSP00000494040.1:p.Ala17=,-0.006560707,0.6685276,-0.08845414300000001,-0.033173719,-0.09545215,-0.092815001,0.6982847,0.893728278,0.557446694,0.529116237
urn:mavedb:00000658-b-1#117,g.32_34del,ENST00000644876.2:c.52_54del,ENSP00000494040.1:p.Gly18del,0.0005157254,0.9796001,-0.054369253,0.002888957,-0.02043984,0.144423842,0.803864942,0.990002632,0.910787503,0.1783457239999999
urn:mavedb:00000658-b-1#118,g.32G>A,ENST00000644876.2:c.52G>A,ENSP00000494040.1:p.Gly18Ser,0.04184135,8.278594000000001e-05,0.284103498,0.462670055,0.468409964,0.708015526,0.053099599000000004,0.000181342,0.00010703799999999999,8.88e-10
urn:mavedb:00000658-b-1#119,g.32G>C,ENST00000644876.2:c.52G>C,ENSP00000494040.1:p.Gly18Arg,-0.009101146,0.6611661,-0.161920957,-0.127728282,-0.1320145519999999,-0.188933164,0.47133048,0.553316484,0.488288736,0.23837440699999998
urn:mavedb:00000658-b-1#120,g.32_34delinsTGT,ENST00000644876.2:c.52_54delinsTGT,ENSP00000494040.1:p.Gly18Cys,0.01888096,0.1162068,0.2186170539999999,0.220823286,0.24085262300000002,0.4019168379999999,0.25092299100000004,0.198444502,0.124927328,0.002951722
urn:mavedb:00000658-b-1#121,g.32G>T,ENST00000644876.2:c.52G>T,ENSP00000494040.1:p.Gly18Cys,0.02135808,0.02563584,0.249948791,0.261678853,0.270757147,0.4038228729999999,0.039124469,0.021998973999999998,0.012920038,5.93e-05
urn:mavedb:00000658-b-1#122,g.32_34delinsCGG,ENST00000644876.2:c.52_54delinsCGG,ENSP00000494040.1:p.Gly18Arg,0.008025226,0.4422015,0.11494777800000001,0.165810094,0.088096146,0.056331874000000004,0.482032521,0.170242082,0.533679405,0.689178227
urn:mavedb:00000658-b-1#123,g.32_34delinsGTG,ENST00000644876.2:c.53_54delinsTG,ENSP00000494040.1:p.Gly18Val,0.0066014709999999,0.7148517,0.057027568,0.028635067,0.087686692,0.146197228,0.891612263,0.9354715370000001,0.730038821,0.46675667
urn:mavedb:00000658-b-1#124,g.32_34delinsTCC,ENST00000644876.2:c.52_53delinsTC,ENSP00000494040.1:p.Gly18Ser,-0.0114152,0.38273850000000004,-0.09731566,-0.035396745,-0.163869591,-0.18401458,0.623237006,0.8758935870000001,0.181908254,0.107662917
urn:mavedb:00000658-b-1#125,g.33_34delinsCT,ENST00000644876.2:c.53_54delinsCT,ENSP00000494040.1:p.Gly18Ala,-0.01064161,0.3028672999999999,-0.041446735,-0.059176709,-0.127395658,-0.2004987039999999,0.8911123120000001,0.784806137,0.38898145799999995,0.10076256300000001
urn:mavedb:00000658-b-1#126,g.33G>C,ENST00000644876.2:c.53G>C,ENSP00000494040.1:p.Gly18Ala,0.001364207,0.9442009,0.013878538000000001,-0.099702308,0.042486795,-0.00949495,0.9649418790000001,0.498243027,0.796207124,0.958501134
urn:mavedb:00000658-b-1#127,g.33_34delinsAT,ENST00000644876.2:c.53_54delinsAT,ENSP00000494040.1:p.Gly18Asp,0.006163467,0.7663109,-0.074398023,0.038035904,0.0327678079999999,-0.040824522,0.8255955890000001,0.904995848,0.9016986159999999,0.857752181
urn:mavedb:00000658-b-1#128,g.33G>A,ENST00000644876.2:c.53G>A,ENSP00000494040.1:p.Gly18Asp,-0.004138416,0.7042971,0.077277907,0.034981005,-0.033799626,-0.15063584800000002,0.6586105879999999,0.851869131,0.829275834,0.126450073
urn:mavedb:00000658-b-1#129,g.33G>T,ENST00000644876.2:c.53G>T,ENSP00000494040.1:p.Gly18Val,0.01690302,0.03067727,0.17767457,0.226668686,0.19933007,0.302233768,0.1843402,0.044118,0.072742987,0.00227992
urn:mavedb:00000658-b-1#130,g.34C>A,ENST00000644876.2:c.54C>A,ENSP00000494040.1:p.Gly18=,-0.008814222,0.7186421,-0.204935932,-0.012475571000000001,-0.176720295,-0.111839585,0.434678859,0.974386174,0.427575406,0.624062918
urn:mavedb:00000658-b-1#131,g.34C>T,ENST00000644876.2:c.54C>T,ENSP00000494040.1:p.Gly18=,7.57152e-05,0.9979275,0.100046361,0.012501884,0.0311762129999999,0.081431955,0.707217835,0.968104819,0.8978970390000001,0.6502191429999999
urn:mavedb:00000658-b-1#132,g.34C>G,ENST00000644876.2:c.54C>G,ENSP00000494040.1:p.Gly18=,0.02801148,0.0004734426,0.233159791,0.34518897,0.318547148,0.4266154929999999,0.037985876,0.000389827,0.000949168,3.72e-06
urn:mavedb:00000658-b-1#133,g.35_37del,ENST00000644876.2:c.55_57del,ENSP00000494040.1:p.Leu19del,-0.005957356,0.8132710999999999,-0.184788095,-0.147529816,-0.097485904,-0.174633779,0.460705835,0.538945486,0.689650323,0.358345766
urn:mavedb:00000658-b-1#134,g.35C>T,ENST00000644876.2:c.55C>T,ENSP00000494040.1:p.Leu19=,0.01584176,0.008360145,0.181515659,0.20239105100000002,0.178737648,0.14484217900000002,0.031867648,0.010038785,0.022351579,0.072546419
urn:mavedb:00000658-b-1#135,g.35C>G,ENST00000644876.2:c.55C>G,ENSP00000494040.1:p.Leu19Val,-0.0002371125999999,0.9908094999999999,-0.0355907279999999,0.015551986,-0.002980557,-0.023374341,0.865420654,0.932343505,0.9843749190000001,0.8613091999999999
urn:mavedb:00000658-b-1#136,g.35C>A,ENST00000644876.2:c.55C>A,ENSP00000494040.1:p.Leu19Ile,-0.01317212,0.1571048,-0.14471646300000002,-0.146727112,-0.171743576,-0.141340458,0.169906983,0.13007938,0.050918753,0.11538105
urn:mavedb:00000658-b-1#137,g.35_37delinsATC,ENST00000644876.2:c.55_57delinsATC,ENSP00000494040.1:p.Leu19Ile,-0.0028697320000000003,0.8399081,-0.06221884,-0.004149933,-0.061591625,-0.098837476,0.7077057040000001,0.9824727129999999,0.608184718,0.3078635
urn:mavedb:00000658-b-1#138,g.35_37delinsCAG,ENST00000644876.2:c.56_57delinsAG,ENSP00000494040.1:p.Leu19Gln,0.004002671,0.7617368,-0.085804053,0.051710128,0.001942672,0.044893634,0.55720944,0.7300058079999999,0.989335835,0.7061852
urn:mavedb:00000658-b-1#139,g.35_37delinsCCC,ENST00000644876.2:c.56_57delinsCC,ENSP00000494040.1:p.Leu19Pro,0.0002759646,0.9902728999999999,-0.127917436,-0.011979445,-0.033868462,0.067567475,0.31689755199999997,0.9549039990000001,0.828635682,0.5671402320000001
urn:mavedb:00000658-b-1#140,g.35_37delinsCGG,ENST00000644876.2:c.56_57delinsGG,ENSP00000494040.1:p.Leu19Arg,0.004118914,0.7041569999999999,0.007248869000000001,0.097309615,0.041191343,0.027631046,0.972714947,0.244053482,0.690911773,0.781071616
urn:mavedb:00000658-b-1#141,g.35_37delinsGTG,ENST00000644876.2:c.55_57delinsGTG,ENSP00000494040.1:p.Leu19Val,-0.001908769,0.8949405999999999,-0.080413333,-0.0444804929999999,-0.041869127,-0.096481235,0.490449898,0.726954855,0.712966093,0.24335276600000003
urn:mavedb:00000658-b-1#142,g.35_37delinsTTG,ENST00000644876.2:c.55_57delinsTTG,ENSP00000494040.1:p.Leu19=,0.002888066,0.838455,-0.014460113,0.0500046709999999,0.033147484,-0.011342241000000001,0.95920077,0.773566249,0.84136899,0.946915802
urn:mavedb:00000658-b-1#143,g.36T>A,ENST00000644876.2:c.56T>A,ENSP00000494040.1:p.Leu19Gln,-0.0002413412,0.9910068000000001,-0.143426777,-0.05740659,-0.02984617,0.058614911,0.15512657300000002,0.67513045,0.832288641,0.582643597
urn:mavedb:00000658-b-1#144,g.36T>G,ENST00000644876.2:c.56T>G,ENSP00000494040.1:p.Leu19Arg,0.003225145,0.8717155000000001,-0.182910315,-0.14239563800000002,-0.00560246,-0.083536511,0.188138726,0.315607956,0.979267404,0.554733818
urn:mavedb:00000658-b-1#145,g.36T>C,ENST00000644876.2:c.56T>C,ENSP00000494040.1:p.Leu19Pro,0.001272539,0.9285976999999999,-0.016942993,-0.041046202000000004,0.02525467,0.020639335,0.942624314,0.7886524009999999,0.8621661190000001,0.8746140609999999
urn:mavedb:00000658-b-1#146,g.37A>T,ENST00000644876.2:c.57A>T,ENSP00000494040.1:p.Leu19=,0.0001646462,0.9938075000000001,-0.057203883,-0.039982115,-0.020333175,-0.0197734169999999,0.762037863,0.820521042,0.901882339,0.8903575570000001
urn:mavedb:00000658-b-1#147,g.37A>C,ENST00000644876.2:c.57A>C,ENSP00000494040.1:p.Leu19=,-0.01367799,0.07182719,-0.158047074,-0.100997679,-0.20451486600000002,-0.202419181,0.00319481,0.090818744,2.94e-05,3.5799999999999996e-05
urn:mavedb:00000658-b-1#148,g.37A>G,ENST00000644876.2:c.57A>G,ENSP00000494040.1:p.Leu19=,-0.00473241,0.750686,-0.126357988,-0.077566145,-0.09272197300000001,-0.129363552,0.411720111,0.6413315039999999,0.5062306120000001,0.270861728
urn:mavedb:00000658-b-1#149,g.38_40del,ENST00000644876.2:c.58_60del,ENSP00000494040.1:p.Asp20del,0.009053265,0.1857537999999999,0.034023835,0.0906779,0.120218105,0.170903945,0.77684355,0.17111794,0.035740275,0.001133945
urn:mavedb:00000658-b-1#150,g.38G>A,ENST00000644876.2:c.58G>A,ENSP00000494040.1:p.Asp20Asn,0.004823605,0.6598654,0.078017557,0.07748943400000001,0.03109187,0.08049376,0.539346797,0.479224534,0.809239697,0.377793238
urn:mavedb:00000658-b-1#151,g.38G>C,ENST00000644876.2:c.58G>C,ENSP00000494040.1:p.Asp20His,0.006094233,0.6800616999999999,-0.074833531,-0.0077350890000000005,0.037834543,0.051025792,0.739979425,0.974951452,0.842854834,0.741900467
urn:mavedb:00000658-b-1#152,g.38G>T,ENST00000644876.2:c.58G>T,ENSP00000494040.1:p.Asp20Tyr,0.0014696370000000002,0.8957343000000001,0.015838156000000003,0.0207152819999999,0.014430746000000001,0.122423802,0.9381034779999999,0.8923508459999999,0.9125457579999999,0.100565385
urn:mavedb:00000658-b-1#153,g.38_40delinsAAT,ENST00000644876.2:c.58_60delinsAAT,ENSP00000494040.1:p.Asp20Asn,0.01265101,0.0286395,0.095739559,0.08881876400000001,0.110274877,0.14820921,0.15962363599999999,0.174213757,0.057151226,0.0052178070000000005
urn:mavedb:00000658-b-1#154,g.38_40delinsCAT,ENST00000644876.2:c.58_60delinsCAT,ENSP00000494040.1:p.Asp20His,0.006354973000000001,0.48464670000000004,0.050777552000000004,0.045888222,0.083930706,0.058730659000000004,0.7524106540000001,0.734168137,0.395405357,0.5564948270000001
urn:mavedb:00000658-b-1#155,g.38_40delinsGCT,ENST00000644876.2:c.59_60delinsCT,ENSP00000494040.1:p.Asp20Ala,0.01754975,1.846984e-05,0.1792854619999999,0.160250953,0.19440705,0.1973739239999999,0.000103195,0.00058336,1.09e-05,7.699999999999999e-06
urn:mavedb:00000658-b-1#156,g.38_40delinsGGA,ENST00000644876.2:c.59_60delinsGA,ENSP00000494040.1:p.Asp20Gly,-0.007946865,0.2733152,-0.003542103,-0.011638097,-0.070131923,-0.022194531,0.987280257,0.9401899779999999,0.43762863799999996,0.834399558
urn:mavedb:00000658-b-1#157,g.38_40delinsGTG,ENST00000644876.2:c.59_60delinsTG,ENSP00000494040.1:p.Asp20Val,0.005869245,0.4985768,-0.000555314,0.011336436,0.046049438,-0.145941476,0.9965634309999999,0.932556548,0.60164036,0.016809017
urn:mavedb:00000658-b-1#158,g.38_40delinsTAT,ENST00000644876.2:c.58_60delinsTAT,ENSP00000494040.1:p.Asp20Tyr,0.03205922,1.879648e-07,0.190107487,0.24995213800000002,0.37669139100000004,0.457153301,0.033266943,0.001675012,3.09e-07,2.67e-10
urn:mavedb:00000658-b-1#159,g.39A>C,ENST00000644876.2:c.59A>C,ENSP00000494040.1:p.Asp20Ala,0.01140951,0.1378865,0.043438725,0.076665443,0.053420443,0.018519661,0.824770275,0.549489345,0.680277081,0.892387341
urn:mavedb:00000658-b-1#160,g.39A>G,ENST00000644876.2:c.59A>G,ENSP00000494040.1:p.Asp20Gly,0.02340746,0.000792289,0.064300198,0.099604118,0.2332066189999999,0.175619508,0.645315292,0.29847414899999997,0.000904243,0.016737328
urn:mavedb:00000658-b-1#161,g.39A>T,ENST00000644876.2:c.59A>T,ENSP00000494040.1:p.Asp20Val,0.01797657,0.04070438,0.269296651,0.333437585,0.25887297800000003,0.2888672969999999,0.004168318,0.0001411029999999,0.004052546,0.000962211
urn:mavedb:00000658-b-1#162,g.40C>T,ENST00000644876.2:c.60C>T,ENSP00000494040.1:p.Asp20=,-0.001457015,0.9172218000000001,0.042687006,0.053834684,0.000542421,0.1046412569999999,0.850380061,0.747476818,0.997523506,0.347796503
urn:mavedb:00000658-b-1#163,g.40C>G,ENST00000644876.2:c.60C>G,ENSP00000494040.1:p.Asp20Glu,-0.003991787,0.7245035,-0.009467164,-0.034381903,-0.040179213,-0.025422936,0.965041991,0.792119153,0.710713492,0.807191613
urn:mavedb:00000658-b-1#164,g.40C>A,ENST00000644876.2:c.60C>A,ENSP00000494040.1:p.Asp20Glu,0.01053268,0.02125213,0.1203734369999999,0.110652076,0.124012971,0.119115385,0.018792123,0.030031316000000002,0.008301479,0.011174451
urn:mavedb:00000658-b-1#165,g.41_43del,ENST00000644876.2:c.61_63del,ENSP00000494040.1:p.Leu21del,-0.005209835,0.6840036,-0.028902202000000002,0.017002127,-0.082646181,-0.082901655,0.9090916240000001,0.933762034,0.5285069379999999,0.487928098
urn:mavedb:00000658-b-1#166,g.41C>T,ENST00000644876.2:c.61C>T,ENSP00000494040.1:p.Leu21=,0.004363285,0.6722745,-0.03203448,-0.000510086,0.01954627,0.067776618,0.812570806,0.996526853,0.853319446,0.335788882
urn:mavedb:00000658-b-1#167,g.41C>G,ENST00000644876.2:c.61C>G,ENSP00000494040.1:p.Leu21Val,-0.0005400315,0.9746594999999999,-0.025652922,-0.022100134,-0.019619691,-0.014084922,0.909185496,0.905099587,0.8992895470000001,0.92142379
urn:mavedb:00000658-b-1#168,g.41C>A,ENST00000644876.2:c.61C>A,ENSP00000494040.1:p.Leu21Met,0.004513709,0.7119089,0.028214566,0.014718962,0.056429847000000005,0.05057123400000001,0.903458155,0.939957024,0.665405406,0.670764546
urn:mavedb:00000658-b-1#169,g.41_43delinsAGA,ENST00000644876.2:c.61_63delinsAGA,ENSP00000494040.1:p.Leu21Arg,0.02289112,2.753444e-06,0.221486142,0.1966747039999999,0.301768768,0.346711802,0.000149011,0.0008234039999999,2.6e-08,1.0699999999999999e-10
urn:mavedb:00000658-b-1#170,g.41_43delinsCAA,ENST00000644876.2:c.62_63delinsAA,ENSP00000494040.1:p.Leu21Gln,0.02308834,0.00010622930000000001,0.211890021,0.241584192,0.273276745,0.39089070200000003,0.009468169,0.0016568210000000002,0.000202578,2.8700000000000002e-08
urn:mavedb:00000658-b-1#171,g.41_43delinsCCC,ENST00000644876.2:c.62_63delinsCC,ENSP00000494040.1:p.Leu21Pro,0.00572085,0.3999893,0.052675242000000004,0.141595204,0.049316154,0.16482016800000002,0.570177594,0.008603029,0.49537293600000004,0.00101696
urn:mavedb:00000658-b-1#172,g.41_43delinsGTC,ENST00000644876.2:c.61_63delinsGTC,ENSP00000494040.1:p.Leu21Val,-0.003971835,0.7772356,-0.033463725,-0.045298248,-0.050636345,-0.167542974,0.8923140159999999,0.8055712979999999,0.739841471,0.096704242
urn:mavedb:00000658-b-1#173,g.41_43delinsTTA,ENST00000644876.2:c.61_63delinsTTA,ENSP00000494040.1:p.Leu21=,0.04153145,1.7953389999999994e-14,0.313236616,0.403698011,0.49448387,0.544491535,5.99e-06,1.52e-09,3.78e-14,5.79e-17
urn:mavedb:00000658-b-1#174,g.42T>A,ENST00000644876.2:c.62T>A,ENSP00000494040.1:p.Leu21Gln,0.01731541,0.00502463,0.159762732,0.173666187,0.213273858,0.3249843,0.068241639,0.032152694,0.0043470309999999995,3.2e-06
urn:mavedb:00000658-b-1#175,g.42T>G,ENST00000644876.2:c.62T>G,ENSP00000494040.1:p.Leu21Arg,0.003224645,0.8319901,-0.1122887009999999,-0.034619709,-0.029528956000000002,0.047940874,0.367014375,0.83827248,0.8426651070000001,0.680460843
urn:mavedb:00000658-b-1#176,g.42T>C,ENST00000644876.2:c.62T>C,ENSP00000494040.1:p.Leu21Pro,4.402132000000001e-05,0.9980093000000001,0.015226398,-0.004139195,0.00236537,0.0323418679999999,0.939939651,0.979631583,0.9846297079999999,0.7497523970000001
urn:mavedb:00000658-b-1#177,g.43G>C,ENST00000644876.2:c.63G>C,ENSP00000494040.1:p.Leu21=,0.00734523,0.26760690000000004,0.1197311069999999,0.130340529,0.09093567400000001,0.047212025,0.18523132399999997,0.106563997,0.295981389,0.62291227
urn:mavedb:00000658-b-1#178,g.43G>T,ENST00000644876.2:c.63G>T,ENSP00000494040.1:p.Leu21=,0.02163406,0.0001126777,0.15618441800000002,0.222992898,0.244652216,0.316473277,0.047602833,0.001124976,0.000201215,6.5e-07
urn:mavedb:00000658-b-1#179,g.43G>A,ENST00000644876.2:c.63G>A,ENSP00000494040.1:p.Leu21=,0.02415821,2.3167380000000006e-07,0.221130675,0.197484852,0.334478728,0.34689375100000003,0.000311969,0.001372336,2.7399999999999996e-09,6.56e-10
urn:mavedb:00000658-b-1#180,g.44_46del,ENST00000644876.2:c.64_66del,ENSP00000494040.1:p.Asn22del,0.00123894,0.9011031999999999,0.008857569000000001,-0.025711611000000002,-0.0258093929999999,-0.078253497,0.958795088,0.821465483,0.7875739970000001,0.228507792
urn:mavedb:00000658-b-1#181,g.44A>G,ENST00000644876.2:c.64A>G,ENSP00000494040.1:p.Asn22Asp,-0.002335605,0.8697043999999999,-0.140512582,-0.068590152,-0.0601456009999999,0.014328199,0.040476593,0.432151013,0.46034943100000003,0.884732315
urn:mavedb:00000658-b-1#182,g.44A>C,ENST00000644876.2:c.64A>C,ENSP00000494040.1:p.Asn22His,0.03175379,3.7586099999999997e-06,0.294086229,0.368739273,0.401580018,0.521215231,0.0020284770000000003,3.6e-05,4.07e-06,8.73e-10
urn:mavedb:00000658-b-1#183,g.44A>T,ENST00000644876.2:c.64A>T,ENSP00000494040.1:p.Asn22Tyr,0.02026368,4.677691e-07,0.228853793,0.21135266,0.2537147039999999,0.246930012,3.15e-05,0.00011968,1.39e-06,2.76e-06
urn:mavedb:00000658-b-1#184,g.44_46delinsACA,ENST00000644876.2:c.65_66delinsCA,ENSP00000494040.1:p.Asn22Thr,-0.0125683,0.1857358999999999,-0.066366302,-0.119273638,-0.132230041,-0.079235881,0.6862455470000001,0.258352266,0.166932221,0.449045581
urn:mavedb:00000658-b-1#185,g.44_46delinsATT,ENST00000644876.2:c.65_66delinsTT,ENSP00000494040.1:p.Asn22Ile,-0.0005006441,0.9760300999999999,-0.016743944,0.085636426,-0.03858783,0.039996846,0.9420173559999999,0.444238116,0.76535467,0.718288659
urn:mavedb:00000658-b-1#186,g.44_46delinsCAT,ENST00000644876.2:c.64_66delinsCAT,ENSP00000494040.1:p.Asn22His,0.001243971,0.8726931999999998,0.06344361400000001,0.010549633000000001,0.014224403,0.047548364,0.464536295,0.929544705,0.8862895470000001,0.494022211
urn:mavedb:00000658-b-1#187,g.44_46delinsGAT,ENST00000644876.2:c.64_66delinsGAT,ENSP00000494040.1:p.Asn22Asp,-0.005620835,0.691761,-0.0924599359999999,-0.143106621,-0.058038052,-0.096959634,0.477720879,0.129653071,0.633873001,0.314862258
urn:mavedb:00000658-b-1#188,g.44_46delinsTAT,ENST00000644876.2:c.64_66delinsTAT,ENSP00000494040.1:p.Asn22Tyr,0.012543200000000001,0.06027692,0.06726156700000001,0.111235413,0.133706425,0.1787769089999999,0.604630174,0.20307742,0.084655196,0.011056855
urn:mavedb:00000658-b-1#189,g.44_46delinsTCC,ENST00000644876.2:c.64_65delinsTC,ENSP00000494040.1:p.Asn22Ser,-0.005374814,0.4908967000000001,0.063174895,-0.065676586,-0.080898688,-0.068566984,0.57135801,0.485206409,0.308652159,0.38138683
urn:mavedb:00000658-b-1#190,g.45A>G,ENST00000644876.2:c.65A>G,ENSP00000494040.1:p.Asn22Ser,0.0008250871000000001,0.9503535,0.048743126,0.0257238079999999,0.0157618089999999,-0.018232814,0.760510035,0.871274495,0.910787503,0.880453955
urn:mavedb:00000658-b-1#191,g.45A>C,ENST00000644876.2:c.65A>C,ENSP00000494040.1:p.Asn22Thr,-0.01111399,0.1134492,-0.042571579000000005,-0.070565001,-0.102068097,-0.215770657,0.773785017,0.480223554,0.197818843,0.000908505
urn:mavedb:00000658-b-1#192,g.45A>T,ENST00000644876.2:c.65A>T,ENSP00000494040.1:p.Asn22Ile,0.002653492,0.8559104,0.059013424,0.00023225,0.048962062,0.007956032,0.775841316,0.999038086,0.7511809420000001,0.964625684
urn:mavedb:00000658-b-1#193,g.45_46insCTCTT,ENST00000644876.2:c.67_71dup,NA,-0.223052,2.1204210000000003e-09,-0.09920862800000001,-0.085616377,-0.057240704,-0.0993982809999999,0.813076853,0.811225509,0.8610972509999999,0.6962157990000001
urn:mavedb:00000658-b-1#194,g.46C>T,ENST00000644876.2:c.66C>T,ENSP00000494040.1:p.Asn22=,-0.005232965,0.6163546,0.063929003,-0.020803573,-0.039544237,-0.006470489,0.7779019509999999,0.927523256,0.827695629,0.974781895
urn:mavedb:00000658-b-1#195,g.46_47insTCTTCA,ENST00000644876.2:c.67_72dup,ENSP00000494040.1:p.Ser23_Ser24dup,-0.00359646,0.9020266,-0.09920862800000001,-0.085616377,-0.057240704,-0.0993982809999999,0.813076853,0.811225509,0.8610972509999999,0.6962157990000001
urn:mavedb:00000658-b-1#196,g.46C>A,ENST00000644876.2:c.66C>A,ENSP00000494040.1:p.Asn22Lys,-0.008413356,0.33612,-0.069687321,-0.121108715,-0.098346283,-0.236043996,0.47547429399999996,0.075301414,0.153495926,2.98e-05
urn:mavedb:00000658-b-1#197,g.46C>G,ENST00000644876.2:c.66C>G,ENSP00000494040.1:p.Asn22Lys,-0.006199215,0.5598571,0.018118222,-0.026488458,-0.064097305,-0.058112143,0.9432062659999999,0.888886117,0.618697875,0.622679484
urn:mavedb:00000658-b-1#198,g.47_49del,ENST00000644876.2:c.69_71del,ENSP00000494040.1:p.Ser24del,0.01690578,0.00287117,0.19388702300000002,0.229097398,0.242575139,0.21887475,0.018524693999999998,0.002560123,0.00096306,0.003163638
urn:mavedb:00000658-b-1#199,g.47T>A,ENST00000644876.2:c.67T>A,ENSP00000494040.1:p.Ser23Thr,-0.005635246,0.5377732,-0.062662612,-0.08919108,-0.077036467,-0.127934955,0.561082874,0.261089526,0.316982084,0.046065895
urn:mavedb:00000658-b-1#200,g.47T>G,ENST00000644876.2:c.67T>G,ENSP00000494040.1:p.Ser23Ala,-0.006623155,0.5733887,-0.095306412,-0.1189683219999999,-0.086622403,-0.088413435,0.491420394,0.276093091,0.448256834,0.399928414
urn:mavedb:00000658-b-1#201,g.47T>C,ENST00000644876.2:c.67T>C,ENSP00000494040.1:p.Ser23Pro,-0.0017300339999999,0.9107684000000001,-0.060511477,-0.041951851,-0.034960262,-0.08072362,0.7619139140000001,0.8220164259999999,0.829639514,0.498523061
urn:mavedb:00000658-b-1#202,g.47_49delinsACC,ENST00000644876.2:c.67_69delinsACC,ENSP00000494040.1:p.Ser23Thr,-0.00496939,0.5676275,-0.026665466000000002,-0.017380893,-0.06819944900000001,-0.026464618,0.87400141,0.905099587,0.428253019,0.786433176
urn:mavedb:00000658-b-1#203,g.47_49delinsAGC,ENST00000644876.2:c.67_69delinsAGC,ENSP00000494040.1:p.Ser23=,0.01874305,5.121089e-05,0.158485165,0.205045165,0.223577141,0.298135009,0.016212713,0.0006329209999999,0.00010425299999999999,8.820000000000002e-08
urn:mavedb:00000658-b-1#204,g.47_49delinsAGT,ENST00000644876.2:c.67_68delinsAG,ENSP00000494040.1:p.Ser23=,0.02716454,3.932368e-06,0.323316216,0.330745535,0.36845447,0.4576594479999999,3.8e-07,1.59e-07,2.15e-09,5.07e-14
urn:mavedb:00000658-b-1#205,g.47_49delinsCCC,ENST00000644876.2:c.67_69delinsCCC,ENSP00000494040.1:p.Ser23Pro,0.02011815,2.256353e-05,0.185638398,0.245646776,0.215152765,0.249388256,0.009369805,0.0001687359999999,0.00102036,9.09e-05
urn:mavedb:00000658-b-1#206,g.47_49delinsGCC,ENST00000644876.2:c.67_69delinsGCC,ENSP00000494040.1:p.Ser23Ala,-0.01587729,0.03842391,-0.07216267,-0.0810370359999999,-0.131315004,-0.17425495100000002,0.741810898,0.635958686,0.30849488,0.122345088
urn:mavedb:00000658-b-1#207,g.47_49delinsTAC,ENST00000644876.2:c.68_69delinsAC,ENSP00000494040.1:p.Ser23Tyr,0.01418706,0.0158432,0.21049473,0.277271506,0.174301403,0.25202576,0.00042234900000000003,8.68e-07,0.0032550170000000002,6.35e-06
urn:mavedb:00000658-b-1#208,g.47_49delinsTGC,ENST00000644876.2:c.68_69delinsGC,ENSP00000494040.1:p.Ser23Cys,-0.009034961,0.346823,-0.072571234,-0.094589824,-0.110529961,-0.10006843800000001,0.6982847,0.488983073,0.34930864100000003,0.3771354770000001
urn:mavedb:00000658-b-1#209,g.47_49delinsTTC,ENST00000644876.2:c.68_69delinsTC,ENSP00000494040.1:p.Ser23Phe,0.004616808,0.5895571,0.069398975,0.075167379,0.05166363400000001,0.09167805400000001,0.5353911729999999,0.42188905,0.5929376000000001,0.227097553
urn:mavedb:00000658-b-1#210,g.48C>A,ENST00000644876.2:c.68C>A,ENSP00000494040.1:p.Ser23Tyr,0.02195754,0.00020209400000000002,0.303191751,0.30168191,0.2886752,0.4121950139999999,6.979999999999999e-05,6.1e-05,0.00010425299999999999,8.09e-09
urn:mavedb:00000658-b-1#211,g.48C>G,ENST00000644876.2:c.68C>G,ENSP00000494040.1:p.Ser23Cys,0.01325283,0.03224142,0.14588884300000002,0.164380705,0.153642318,0.170240008,0.09665697300000001,0.039754822999999995,0.051337622,0.023505632000000002
urn:mavedb:00000658-b-1#212,g.48C>T,ENST00000644876.2:c.68C>T,ENSP00000494040.1:p.Ser23Phe,0.02343316,1.5244380000000004e-06,0.26260869600000003,0.299127905,0.296192949,0.432672358,4.92e-05,1.96e-06,1.77e-06,6.57e-13
urn:mavedb:00000658-b-1#213,g.49T>A,ENST00000644876.2:c.69T>A,ENSP00000494040.1:p.Ser23=,0.0024834370000000002,0.9085241,-0.022138977,0.079188318,-0.009158753,0.066898213,0.96066613,0.7696773170000001,0.973629553,0.7522227709999999
urn:mavedb:00000658-b-1#214,g.49T>G,ENST00000644876.2:c.69T>G,ENSP00000494040.1:p.Ser23=,-0.006769925,0.5670436,0.046525854000000005,-0.043955974,-0.062667707,-0.081904043,0.84825574,0.827137958,0.688794769,0.5301163170000001
urn:mavedb:00000658-b-1#215,g.49T>C,ENST00000644876.2:c.69T>C,ENSP00000494040.1:p.Ser23=,-0.0036576620000000003,0.7179228,0.006441624,-0.025834682,-0.041166606,-0.07223589400000001,0.9785327359999999,0.86805337,0.7266055709999999,0.432154143
urn:mavedb:00000658-b-1#216,g.50_52del,ENST00000644876.2:c.70_72del,ENSP00000494040.1:p.Ser24del,0.04654712,1.5169249999999999e-13,0.2707896369999999,0.449432344,0.527002871,0.683159495,0.001666323,8.78e-09,4.71e-12,1.1099999999999998e-19
urn:mavedb:00000658-b-1#217,g.50T>G,ENST00000644876.2:c.70T>G,ENSP00000494040.1:p.Ser24Ala,-0.007585604,0.4920423,-0.00981826,-0.061886067,-0.07917675,-0.09212052300000001,0.974817171,0.7220917309999999,0.577367156,0.456931718
urn:mavedb:00000658-b-1#218,g.50T>A,ENST00000644876.2:c.70T>A,ENSP00000494040.1:p.Ser24Thr,-0.0055618790000000005,0.6529866,-0.066229327,-0.065040851,-0.072649242,-0.077456806,0.738097001,0.685616352,0.594348323,0.524258321
urn:mavedb:00000658-b-1#219,g.50T>C,ENST00000644876.2:c.70T>C,ENSP00000494040.1:p.Ser24Pro,-0.0048941670000000005,0.6742734,-0.14768017,-0.142189371,-0.111472327,-0.16711589,0.033697262,0.036435797,0.11158794300000001,0.007169597
urn:mavedb:00000658-b-1#220,g.50_52delinsACC,ENST00000644876.2:c.70_72delinsACC,ENSP00000494040.1:p.Ser24Thr,-0.007857246,0.3263942999999999,0.018760908,-0.043073162000000005,-0.058628045,-0.068780505,0.9087529679999999,0.677099065,0.47585996399999997,0.34747887899999996
urn:mavedb:00000658-b-1#221,g.50_52delinsAGC,ENST00000644876.2:c.70_72delinsAGC,ENSP00000494040.1:p.Ser24=,0.02205615,8.270804e-05,0.268023484,0.24528935600000001,0.26856745600000004,0.299074747,0.001883165,0.004381883,0.001140465,0.00021025
urn:mavedb:00000658-b-1#222,g.50_52delinsAGT,ENST00000644876.2:c.70_72delinsAGT,ENSP00000494040.1:p.Ser24=,0.03906997,1.228677e-08,0.334108772,0.429126406,0.466344671,0.58191648,9.719999999999999e-05,1.51e-07,6.31e-09,1.88e-13
urn:mavedb:00000658-b-1#223,g.50_52delinsCCC,ENST00000644876.2:c.70_72delinsCCC,ENSP00000494040.1:p.Ser24Pro,-0.006275288,0.6156185000000001,-0.11300707800000001,-0.046063062,-0.087439766,-0.144842946,0.32620953399999997,0.752960718,0.406803091,0.09174498
urn:mavedb:00000658-b-1#224,g.50_52delinsCTG,ENST00000644876.2:c.70_72delinsCTG,ENSP00000494040.1:p.Ser24Leu,-0.001216068,0.9158177,-0.003681612,0.019391312,-0.028111804,0.061386467,0.986821903,0.8990232840000001,0.812294792,0.484973008
urn:mavedb:00000658-b-1#225,g.50_52delinsGCC,ENST00000644876.2:c.70_72delinsGCC,ENSP00000494040.1:p.Ser24Ala,-0.01337172,0.05354786,-0.09589760900000001,-0.033332696,-0.1862046319999999,-0.159221061,0.290013036,0.7877854129999999,0.003174764,0.013500588
urn:mavedb:00000658-b-1#226,g.51C>T,ENST00000644876.2:c.71C>T,ENSP00000494040.1:p.Ser24Leu,0.04552147,4.764952999999998e-21,0.332569194,0.4030447129999999,0.54750726,0.75459055,1.7699999999999999e-09,1.05e-13,2.6500000000000003e-25,2.8400000000000003e-47
urn:mavedb:00000658-b-1#227,g.51C>A,ENST00000644876.2:c.71C>A,ENSP00000494040.1:p.Ser24Ter,-0.1056182,2.1996710000000006e-05,-1.248202281,-1.267033073,-1.225644526,-1.2406086029999999,1.6e-13,5.73e-14,1.2e-13,6.77e-14
urn:mavedb:00000658-b-1#228,g.51C>G,ENST00000644876.2:c.71C>G,ENSP00000494040.1:p.Ser24Ter,-0.1771193999999999,3.79645e-06,-2.160364339,-2.394959616,-2.249564031,-2.225119839,6.009999999999996e-136,3.219999999999997e-158,3.559999999999997e-146,5.699999999999995e-141
urn:mavedb:00000658-b-1#229,g.52A>T,ENST00000644876.2:c.72A>T,ENSP00000494040.1:p.Ser24=,0.001133291,0.9349743,-0.013321646000000001,0.03274768,0.003307037,-0.008604765,0.9579731979999999,0.847079116,0.9836137420000001,0.956201966
urn:mavedb:00000658-b-1#230,g.52A>C,ENST00000644876.2:c.72A>C,ENSP00000494040.1:p.Ser24=,0.0008042355,0.9651249,-0.056299575,-0.055608127,-0.000363017,-0.033478258,0.776974905,0.732065278,0.998642765,0.809367075
urn:mavedb:00000658-b-1#231,g.52A>G,ENST00000644876.2:c.72A>G,ENSP00000494040.1:p.Ser24=,-0.01266416,0.2242884,-0.09598898,-0.163766059,-0.13694177,-0.215282534,0.537449002,0.125257755,0.20434903699999998,0.019804449
urn:mavedb:00000658-b-1#232,g.53_55del,ENST00000644876.2:c.73_75del,ENSP00000494040.1:p.Asp25del,-0.003103307,0.8243696,-0.1332895,-0.048902346,-0.1014172769999999,-0.041196985,0.128767675,0.6937117890000001,0.237997922,0.681016242
urn:mavedb:00000658-b-1#233,g.53G>A,ENST00000644876.2:c.73G>A,ENSP00000494040.1:p.Asp25Asn,-0.008795998000000001,0.4431214,-0.0544116029999999,-0.062739351,-0.117303406,-0.066349503,0.831018633,0.746029518,0.405175946,0.654423047
urn:mavedb:00000658-b-1#234,g.53G>C,ENST00000644876.2:c.73G>C,ENSP00000494040.1:p.Asp25His,-0.002319295,0.8890466,-0.10326757800000001,-0.114969758,-0.060142164000000005,-0.197849377,0.454426447,0.318639753,0.649239195,0.025441118999999998
urn:mavedb:00000658-b-1#235,g.53G>T,ENST00000644876.2:c.73G>T,ENSP00000494040.1:p.Asp25Tyr,-0.0055398109999999,0.6119133000000001,-0.009803094,-0.069847145,-0.042861317,0.0047387770000000004,0.972153681,0.621819689,0.765529145,0.977434908
urn:mavedb:00000658-b-1#236,g.53_55delinsAAC,ENST00000644876.2:c.73_75delinsAAC,ENSP00000494040.1:p.Asp25Asn,-0.007902273000000001,0.5338654,-0.146338591,-0.059708367000000005,-0.1205997869999999,-0.10797714800000001,0.17152943,0.677503968,0.22965693,0.272960415
urn:mavedb:00000658-b-1#237,g.53_55delinsCAC,ENST00000644876.2:c.73_75delinsCAC,ENSP00000494040.1:p.Asp25His,-0.002598967,0.8845086999999999,-0.072404392,-0.0614729559999999,-0.0454407009999999,0.052657071,0.743954585,0.746059185,0.7999144290000001,0.7270559809999999
urn:mavedb:00000658-b-1#238,g.53_55delinsGCC,ENST00000644876.2:c.74_75delinsCC,ENSP00000494040.1:p.Asp25Ala,-0.0091185219999999,0.4419415,-0.152926796,-0.139468852,-0.124753454,-0.165766988,0.25950415600000004,0.275254826,0.31288251300000003,0.125432577
urn:mavedb:00000658-b-1#239,g.53_55delinsGGC,ENST00000644876.2:c.74_75delinsGC,ENSP00000494040.1:p.Asp25Gly,-0.009931308,0.2389947999999999,-0.101872839,-0.1073652119999999,-0.1203385419999999,-0.157491805,0.296411539,0.21178077399999998,0.121518524,0.025409512999999998
urn:mavedb:00000658-b-1#240,g.53_55delinsGTG,ENST00000644876.2:c.74_75delinsTG,ENSP00000494040.1:p.Asp25Val,0.0032772929999999,0.7932651999999999,-0.040531572,0.0027442559999999,0.011685982,0.071224108,0.8192381540000001,0.988383789,0.9360201459999999,0.456931718
urn:mavedb:00000658-b-1#241,g.53_55delinsTAC,ENST00000644876.2:c.73_75delinsTAC,ENSP00000494040.1:p.Asp25Tyr,-0.002616377,0.848555,-0.143093906,-0.110354887,-0.126013256,-0.076407566,0.085269468,0.20565817399999997,0.109880663,0.376848205
urn:mavedb:00000658-b-1#242,g.54A>C,ENST00000644876.2:c.74A>C,ENSP00000494040.1:p.Asp25Ala,-0.01294208,0.2554872,-0.2039363119999999,-0.22342932,-0.174165789,-0.184453459,0.0056128659999999,0.0015485470000000002,0.016101701,0.008911774
urn:mavedb:00000658-b-1#243,g.54A>G,ENST00000644876.2:c.74A>G,ENSP00000494040.1:p.Asp25Gly,0.02398877,1.015109e-05,0.234365302,0.262684694,0.2830837519999999,0.448138391,0.000617387,6.459999999999997e-05,7.99e-06,2.11e-13
urn:mavedb:00000658-b-1#244,g.54A>T,ENST00000644876.2:c.74A>T,ENSP00000494040.1:p.Asp25Val,-0.0004460117,0.9763466000000001,-0.038611582,-0.075533163,-0.026942437000000003,0.014624006,0.808174796,0.451699125,0.824688179,0.8985196129999999
urn:mavedb:00000658-b-1#245,g.55T>C,ENST00000644876.2:c.75T>C,ENSP00000494040.1:p.Asp25=,-0.004961412,0.688788,-0.134579968,-0.101542064,-0.076034602,-0.110790291,0.075762806,0.2066698,0.36263330899999996,0.11810525699999999
urn:mavedb:00000658-b-1#246,g.55T>A,ENST00000644876.2:c.75T>A,ENSP00000494040.1:p.Asp25Glu,-0.004989647,0.6985749,-0.171490321,-0.08310795900000001,-0.11444495800000001,-0.14165417,0.03317512,0.417567666,0.16880892100000003,0.062060391
urn:mavedb:00000658-b-1#247,g.55T>G,ENST00000644876.2:c.75T>G,ENSP00000494040.1:p.Asp25Glu,-0.01293682,0.2188757,-0.153540468,-0.1853200019999999,-0.173453639,-0.2086353839999999,0.142801362,0.042995639,0.053079689000000006,0.013114296000000001
urn:mavedb:00000658-b-1#248,g.56_58del,ENST00000644876.2:c.76_78del,ENSP00000494040.1:p.Asn26del,-0.004794825,0.7227219,-0.102231335,-0.142880881,-0.0886563569999999,-0.0312053739999999,0.298696825,0.067592043,0.31110927,0.764339146
urn:mavedb:00000658-b-1#249,g.56A>C,ENST00000644876.2:c.76A>C,ENSP00000494040.1:p.Asn26His,-0.008277371,0.5600982,-0.156650289,-0.142987943,-0.117699457,-0.12608697300000002,0.262272338,0.278277699,0.373408797,0.298909281
urn:mavedb:00000658-b-1#250,g.56A>G,ENST00000644876.2:c.76A>G,ENSP00000494040.1:p.Asn26Asp,-0.0003797857,0.9812269,-0.076426783,-0.03672248,-0.014300906,0.012280957,0.532007962,0.7895797929999999,0.9156877859999999,0.920564196
urn:mavedb:00000658-b-1#251,g.56A>T,ENST00000644876.2:c.76A>T,ENSP00000494040.1:p.Asn26Tyr,-0.01018472,0.4003069,-0.24516557100000003,-0.156211513,-0.19557323,-0.12098188,0.011289,0.152361751,0.04348333,0.256756705
urn:mavedb:00000658-b-1#252,g.56_58delinsACC,ENST00000644876.2:c.77_78delinsCC,ENSP00000494040.1:p.Asn26Thr,-0.001724697,0.9095200000000001,-0.12251930800000001,-0.018006781,-0.122956243,-0.067800552,0.24359249100000002,0.916983305,0.173290458,0.500528839
urn:mavedb:00000658-b-1#253,g.56_58delinsAGC,ENST00000644876.2:c.77_78delinsGC,ENSP00000494040.1:p.Asn26Ser,0.01392181,0.19297070000000002,0.18887514600000002,0.162491061,0.200831452,0.228289047,0.17011119,0.229553795,0.091518744,0.040556458
urn:mavedb:00000658-b-1#254,g.56_58delinsATC,ENST00000644876.2:c.77_78delinsTC,ENSP00000494040.1:p.Asn26Ile,-0.003215595,0.8608051,-0.178485532,-0.103262054,-0.063658041,0.01584211,0.23832260100000002,0.552067069,0.722578293,0.9363213570000001
urn:mavedb:00000658-b-1#255,g.56_58delinsCAC,ENST00000644876.2:c.76_78delinsCAC,ENSP00000494040.1:p.Asn26His,-0.006408479,0.6001072,-0.0614674609999999,-0.057249014,-0.095477053,-0.1423179769999999,0.805068204,0.78231308,0.537545299,0.264350975
urn:mavedb:00000658-b-1#256,g.56_58delinsGAC,ENST00000644876.2:c.76_78delinsGAC,ENSP00000494040.1:p.Asn26Asp,-0.0035240659999999,0.8564179,-0.133245748,-0.05078329,-0.0945719419999999,-0.088007462,0.4437291820000001,0.81857986,0.550363499,0.545643513
urn:mavedb:00000658-b-1#257,g.56_58delinsTAC,ENST00000644876.2:c.76_78delinsTAC,ENSP00000494040.1:p.Asn26Tyr,-0.004172495,0.8053312,-0.132197868,-0.079329471,-0.074731432,0.031778478,0.37551777299999994,0.629884977,0.614165425,0.8410294759999999
urn:mavedb:00000658-b-1#258,g.57A>G,ENST00000644876.2:c.77A>G,ENSP00000494040.1:p.Asn26Ser,0.02856035,7.926151e-07,0.2297969239999999,0.29956256,0.359064531,0.477604244,0.003591985,4.09e-05,2.75e-07,2.8900000000000004e-12
urn:mavedb:00000658-b-1#259,g.57A>C,ENST00000644876.2:c.77A>C,ENSP00000494040.1:p.Asn26Thr,-0.01009066,0.3636696,-0.134139654,-0.143549319,-0.132524423,-0.138504836,0.160280021,0.098823837,0.11869604199999999,0.087650534
urn:mavedb:00000658-b-1#260,g.57A>T,ENST00000644876.2:c.77A>T,ENSP00000494040.1:p.Asn26Ile,-0.01780294,0.10598030000000001,-0.060964461,-0.1139806959999999,-0.226696855,-0.17089562100000003,0.837921557,0.5547367529999999,0.099858134,0.232833653
urn:mavedb:00000658-b-1#261,g.58T>C,ENST00000644876.2:c.78T>C,ENSP00000494040.1:p.Asn26=,-0.0017840929999999,0.9065589,-0.145111806,-0.08462464300000001,-0.088197792,-0.085657396,0.09723558199999999,0.414873604,0.34443850600000003,0.33234921100000003
urn:mavedb:00000658-b-1#262,g.58T>A,ENST00000644876.2:c.78T>A,ENSP00000494040.1:p.Asn26Lys,-0.005912321,0.6516015000000001,-0.134384565,-0.09824452800000001,-0.082851585,-0.063582193,0.337727226,0.49184167700000003,0.547697109,0.630598735
urn:mavedb:00000658-b-1#263,g.58T>G,ENST00000644876.2:c.78T>G,ENSP00000494040.1:p.Asn26Lys,-0.01039382,0.3705035999999999,-0.079070302,-0.073703358,-0.139527727,-0.11564093800000001,0.6950372859999999,0.663148496,0.24958869399999997,0.338246913
urn:mavedb:00000658-b-1#264,g.59_61del,ENST00000644876.2:c.79_81del,ENSP00000494040.1:p.Gln27del,0.02946042,1.576481e-08,0.196920354,0.233797388,0.29695492100000004,0.33297236,0.00353472,0.000253457,8.93e-07,2.7900000000000002e-08
urn:mavedb:00000658-b-1#265,g.59C>G,ENST00000644876.2:c.79C>G,ENSP00000494040.1:p.Gln27Glu,0.006520868000000001,0.5025301,0.069431995,0.051495871,0.061725974,0.10241928800000001,0.62985139,0.7030967509999999,0.581217193,0.251411226
urn:mavedb:00000658-b-1#266,g.59C>A,ENST00000644876.2:c.79C>A,ENSP00000494040.1:p.Gln27Lys,0.004374079,0.730025,0.1252623219999999,0.04498224,0.077534071,0.075583607,0.39477744,0.8179249609999999,0.584127516,0.556757125
urn:mavedb:00000658-b-1#267,g.59C>T,ENST00000644876.2:c.79C>T,ENSP00000494040.1:p.Gln27Ter,-0.1187094,3.4341599999999997e-05,-1.491557484,-1.2895121809999999,-1.356908459,-1.047454289,4.1100000000000004e-20,1.4400000000000001e-15,9.88e-18,4.5500000000000004e-11
urn:mavedb:00000658-b-1#268,g.59_61delinsAAA,ENST00000644876.2:c.79_81delinsAAA,ENSP00000494040.1:p.Gln27Lys,0.0240710999999999,0.0051926640000000005,0.226907895,0.263505387,0.27571359300000003,0.252046587,0.132877701,0.048331438,0.030592829,0.047627103
urn:mavedb:00000658-b-1#269,g.59_61delinsAGA,ENST00000644876.2:c.79_81delinsAGA,ENSP00000494040.1:p.Gln27Arg,-0.008905653000000001,0.4541487,-0.04148609,-0.0846917369999999,-0.099158027,-0.082844074,0.8796646570000001,0.625417824,0.493452189,0.550175802
urn:mavedb:00000658-b-1#270,g.59_61delinsCCC,ENST00000644876.2:c.80_81delinsCC,ENSP00000494040.1:p.Gln27Pro,-0.01316842,0.3674906,-0.310494508,-0.20732851,-0.23151024,-0.2428052889999999,0.0017946639999999999,0.055645589,0.021732509,0.013343516000000001
urn:mavedb:00000658-b-1#271,g.59_61delinsCTC,ENST00000644876.2:c.80_81delinsTC,ENSP00000494040.1:p.Gln27Leu,-0.01004351,0.4450112,-0.04258532,-0.10408631,-0.108202356,-0.1032565219999999,0.878400307,0.52129019,0.453538948,0.445890853
urn:mavedb:00000658-b-1#272,g.59_61delinsGAA,ENST00000644876.2:c.79_81delinsGAA,ENSP00000494040.1:p.Gln27Glu,0.0034675879999999,0.8444349,-0.1138141019999999,0.043500322,0.044000106,0.139347169,0.37673305100000004,0.7924769009999999,0.7559902159999999,0.139748127
urn:mavedb:00000658-b-1#273,g.59_61delinsTGA,ENST00000644876.2:c.79_81delinsTGA,ENSP00000494040.1:p.Gln27Ter,-0.21789560000000002,1.580097e-05,-2.5059357159999998,-2.722360938,-2.494698444,-2.410493007,6.49e-26,4.31e-30,2.1799999999999999e-26,1.09e-24
urn:mavedb:00000658-b-1#274,g.59_60insA,ENST00000644876.2:c.80dup,NA,-0.2302243,3.460357e-05,-3.0350926639999996,-3.243384026,-2.898535799,-3.1715934789999998,1.87e-29,1.08e-32,1.8899999999999997e-27,5.08e-32
urn:mavedb:00000658-b-1#275,g.60A>G,ENST00000644876.2:c.80A>G,ENSP00000494040.1:p.Gln27Arg,-0.01923526,0.0680568999999999,-0.1883341489999999,-0.290035383,-0.21534582300000002,-0.24706671300000002,0.04977795,0.00045978400000000003,0.01197376,0.0027608290000000002
urn:mavedb:00000658-b-1#276,g.60A>C,ENST00000644876.2:c.80A>C,ENSP00000494040.1:p.Gln27Pro,-0.02148589,0.07315092,-0.239940975,-0.277460213,-0.273714967,-0.2211874489999999,0.026399705,0.0054685169999999,0.004906889,0.027206827000000003
urn:mavedb:00000658-b-1#277,g.60A>T,ENST00000644876.2:c.80A>T,ENSP00000494040.1:p.Gln27Leu,-0.00030631150000000004,0.9881551,-0.047081064000000006,0.020904837,-0.037598172,-0.06216129,0.801237257,0.9085437040000001,0.787677562,0.570846591
urn:mavedb:00000658-b-1#278,g.61G>A,ENST00000644876.2:c.81G>A,ENSP00000494040.1:p.Gln27=,-0.01992432,0.07182744,-0.107279594,-0.17477307600000003,-0.228792666,-0.138995282,0.6423982220000001,0.26230730399999996,0.087608455,0.345482829
urn:mavedb:00000658-b-1#279,g.61G>C,ENST00000644876.2:c.81G>C,ENSP00000494040.1:p.Gln27His,-0.0061844180000000006,0.7462769,-0.14714427,-0.125571336,-0.086185063,-0.106262803,0.507631935,0.541331294,0.678320308,0.5464959620000001
urn:mavedb:00000658-b-1#280,g.61G>T,ENST00000644876.2:c.81G>T,ENSP00000494040.1:p.Gln27His,0.01436871,0.05757532,0.1150647069999999,0.176949343,0.132645326,0.071387089,0.40123235700000004,0.081240573,0.214040415,0.548446584
urn:mavedb:00000658-b-1#281,g.62_64del,ENST00000644876.2:c.82_84del,ENSP00000494040.1:p.Ser28del,0.03387371,7.656983000000001e-12,0.24457609800000002,0.322589269,0.3848825629999999,0.502040099,0.00021700299999999998,2.58e-07,2.16e-10,4.49e-17
urn:mavedb:00000658-b-1#282,g.62A>C,ENST00000644876.2:c.82A>C,ENSP00000494040.1:p.Ser28Arg,0.0060829169999999,0.7158986999999999,-0.0913149869999999,-0.058744258,0.0800486629999999,0.11306500000000001,0.562505457,0.714676875,0.5310252320000001,0.290005892
urn:mavedb:00000658-b-1#283,g.62A>G,ENST00000644876.2:c.82A>G,ENSP00000494040.1:p.Ser28Gly,0.02368347,0.0003599996,0.027078185,0.1513999869999999,0.239826658,0.279462832,0.903458155,0.109778888,0.0025530039999999998,0.000283757
urn:mavedb:00000658-b-1#284,g.62A>T,ENST00000644876.2:c.82A>T,ENSP00000494040.1:p.Ser28Cys,-0.01202822,0.3229282,-0.131532315,-0.199490067,-0.161525439,-0.093393164,0.422269292,0.101660617,0.190852228,0.49214650000000004
urn:mavedb:00000658-b-1#285,g.62_64delinsAAC,ENST00000644876.2:c.83_84delinsAC,ENSP00000494040.1:p.Ser28Asn,-0.003062168,0.8391268,-0.073651591,-0.057919657,-0.054474574000000005,-0.10629007800000001,0.74353544,0.7719570840000001,0.756057585,0.4247401870000001
urn:mavedb:00000658-b-1#286,g.62_64delinsACC,ENST00000644876.2:c.83_84delinsCC,ENSP00000494040.1:p.Ser28Thr,-0.01241382,0.3247115,-0.190421129,-0.146661402,-0.18155968,-0.205207737,0.151955649,0.285173854,0.127676183,0.06559983700000001
urn:mavedb:00000658-b-1#287,g.62_64delinsATC,ENST00000644876.2:c.83_84delinsTC,ENSP00000494040.1:p.Ser28Ile,-0.01786108,0.06517216,-0.198467317,-0.261861281,-0.22632233,-0.210700898,0.026399705,0.001135742,0.004841985,0.008880219
urn:mavedb:00000658-b-1#288,g.62_64delinsGGC,ENST00000644876.2:c.82_84delinsGGC,ENSP00000494040.1:p.Ser28Gly,-0.00791386,0.5646916000000001,-0.092965685,-0.05638109400000001,-0.104350424,-0.021816595,0.6836073579999999,0.8011249579999999,0.516857417,0.9098921790000001
urn:mavedb:00000658-b-1#289,g.62_64delinsTCA,ENST00000644876.2:c.82_84delinsTCA,ENSP00000494040.1:p.Ser28=,0.006923254,0.4546832,-0.013137381000000002,0.092208231,0.081800836,0.138190036,0.953656822,0.361239955,0.39497919,0.076101929
urn:mavedb:00000658-b-1#290,g.62_64delinsTCC,ENST00000644876.2:c.82_84delinsTCC,ENSP00000494040.1:p.Ser28=,-0.01578575,0.1790602999999999,-0.2359254419999999,-0.207235655,-0.205028614,-0.22487927300000002,0.00600109,0.016375549,0.013519078,0.005279818
urn:mavedb:00000658-b-1#291,g.62_64delinsTCG,ENST00000644876.2:c.82_84delinsTCG,ENSP00000494040.1:p.Ser28=,-0.01869851,0.01447986,-0.105742404,-0.2132843039999999,-0.19471182,-0.231350057,0.429415685,0.018501224,0.029166313,0.006337957
urn:mavedb:00000658-b-1#292,g.62_64delinsTCT,ENST00000644876.2:c.82_83delinsTC,ENSP00000494040.1:p.Ser28=,-0.01821501,0.01079759,-0.014460115,-0.11077674800000001,-0.19008149600000002,-0.148772593,0.956042086,0.335411167,0.03431583,0.10997030099999999
urn:mavedb:00000658-b-1#293,g.62_64delinsTGC,ENST00000644876.2:c.82_84delinsTGC,ENSP00000494040.1:p.Ser28Cys,-0.0006973162,0.9663218000000001,0.034977085,-0.0143460239999999,-0.00841098,-0.0225233379999999,0.884910668,0.946796612,0.962149173,0.8809012629999999
urn:mavedb:00000658-b-1#294,g.63G>A,ENST00000644876.2:c.83G>A,ENSP00000494040.1:p.Ser28Asn,-0.008228408000000001,0.6037389,-0.195527334,-0.22411477100000002,-0.1179924219999999,-0.183707454,0.165090035,0.07052051,0.420279589,0.12927649
urn:mavedb:00000658-b-1#295,g.63G>C,ENST00000644876.2:c.83G>C,ENSP00000494040.1:p.Ser28Thr,-0.006828735,0.6561563,-0.244891723,-0.130238918,-0.147042315,-0.1061480319999999,0.004629609,0.210092246,0.117555035,0.28288802
urn:mavedb:00000658-b-1#296,g.63G>T,ENST00000644876.2:c.83G>T,ENSP00000494040.1:p.Ser28Ile,0.003074284,0.8482888000000001,-0.043295819000000006,-0.033310735,0.022801967000000003,0.050389695,0.855322282,0.871335937,0.8992895470000001,0.7133230629999999
urn:mavedb:00000658-b-1#297,g.64T>C,ENST00000644876.2:c.84T>C,ENSP00000494040.1:p.Ser28=,-0.009831621,0.3434522,-0.125510099,-0.130995135,-0.119959546,-0.115210046,0.185889919,0.128780128,0.146620844,0.153331806
urn:mavedb:00000658-b-1#298,g.64T>A,ENST00000644876.2:c.84T>A,ENSP00000494040.1:p.Ser28Arg,-0.005858833000000001,0.4922763,-0.018995851,-0.087979124,-0.07043874900000001,-0.038989841000000004,0.918737102,0.322572335,0.420373925,0.673178605
urn:mavedb:00000658-b-1#299,g.64T>G,ENST00000644876.2:c.84T>G,ENSP00000494040.1:p.Ser28Arg,0.01753783,0.04299383,0.121319253,0.12056267,0.216764271,0.308403505,0.4828133,0.42293823,0.055684435,0.002645246
urn:mavedb:00000658-b-1#300,g.65_67del,ENST00000644876.2:c.88_90del,ENSP00000494040.1:p.Gly30del,0.005176712,0.6398191,0.03307001,0.038011368,0.057683725,0.110740978,0.8760659359999999,0.817678923,0.640271178,0.23961113
urn:mavedb:00000658-b-1#301,g.65G>C,ENST00000644876.2:c.85G>C,ENSP00000494040.1:p.Gly29Arg,-0.01139928,0.2470049,-0.072638673,-0.138659205,-0.104699515,-0.133766,0.625712443,0.141725102,0.279894392,0.121651929
urn:mavedb:00000658-b-1#302,g.65G>A,ENST00000644876.2:c.85G>A,ENSP00000494040.1:p.Gly29Arg,0.0377209,2.403844e-17,0.256106644,0.379792384,0.42590774200000003,0.526790322,0.00010634799999999999,1.14e-09,2.9300000000000002e-12,2.93e-18
urn:mavedb:00000658-b-1#303,g.65G>T,ENST00000644876.2:c.85G>T,ENSP00000494040.1:p.Gly29Ter,-0.11761150000000001,3.77884e-06,-1.444841854,-1.3784602,-1.364752428,-1.213757082,4.839999999999999e-39,1.1099999999999998e-35,5.11e-37,1.65e-29
urn:mavedb:00000658-b-1#304,g.65_67delinsGAG,ENST00000644876.2:c.86_87delinsAG,ENSP00000494040.1:p.Gly29Glu,0.05283227,2.869645e-19,0.3664577779999999,0.44963248100000003,0.6353111060000001,0.888232723,7.07e-08,1.1999999999999999e-11,3.6100000000000004e-23,1.7100000000000001e-44
urn:mavedb:00000658-b-1#305,g.65_67delinsGCC,ENST00000644876.2:c.86_87delinsCC,ENSP00000494040.1:p.Gly29Ala,-0.01013417,0.48729700000000004,-0.155657032,-0.166440121,-0.1770903389999999,-0.255025764,0.377601429,0.27280465600000003,0.20154371100000001,0.0354163179999999
urn:mavedb:00000658-b-1#306,g.65_67delinsGTG,ENST00000644876.2:c.86_87delinsTG,ENSP00000494040.1:p.Gly29Val,0.02144066,0.001763042,0.271503178,0.237547735,0.2798966539999999,0.330069542,0.001110514,0.004792087,0.000441065,2.11e-05
urn:mavedb:00000658-b-1#307,g.65_67delinsTAA,ENST00000644876.2:c.85_86delinsTA,ENSP00000494040.1:p.Gly29Ter,-0.11021310000000001,0.0009542394,-1.458190581,-1.445667775,-1.371908505,-1.19972365,7.229999999999998e-19,2.9399999999999998e-18,4.74e-17,2.3800000000000005e-13
urn:mavedb:00000658-b-1#308,g.66G>C,ENST00000644876.2:c.86G>C,ENSP00000494040.1:p.Gly29Ala,0.04599659,6.222631e-20,0.300133763,0.4383423729999999,0.529832476,0.627414479,1.7e-06,3.21e-13,2.2000000000000003e-19,8.82e-27
urn:mavedb:00000658-b-1#309,g.66G>A,ENST00000644876.2:c.86G>A,ENSP00000494040.1:p.Gly29Glu,-1.265356e-05,0.9994593,0.0965834169999999,0.076844937,0.017439491,-0.019056677,0.532904887,0.599348391,0.9204288009999999,0.899728107
urn:mavedb:00000658-b-1#310,g.66G>T,ENST00000644876.2:c.86G>T,ENSP00000494040.1:p.Gly29Val,0.05131513,3.718232e-13,0.40415739100000003,0.477906648,0.633187883,0.7760868329999999,9.67e-06,7.46e-08,1.85e-13,8.23e-20
urn:mavedb:00000658-b-1#311,g.67A>C,ENST00000644876.2:c.87A>C,ENSP00000494040.1:p.Gly29=,-0.002336101,0.8953957,-0.16738777800000001,-0.1429735369999999,-0.051983413,-0.068008663,0.098905489,0.1607726669999999,0.697927159,0.542621013
urn:mavedb:00000658-b-1#312,g.67A>T,ENST00000644876.2:c.87A>T,ENSP00000494040.1:p.Gly29=,-0.004797711,0.6101996999999999,-0.033770244,-0.13138841,-0.07784782700000001,-0.0837714359999999,0.8469657279999999,0.118179325,0.408897395,0.332068215
urn:mavedb:00000658-b-1#313,g.67A>G,ENST00000644876.2:c.87A>G,ENSP00000494040.1:p.Gly29=,0.03474863,5.075465e-10,0.26396747600000003,0.382881106,0.3972214129999999,0.48798632700000005,0.00032330900000000003,2.54e-08,4.27e-09,2.68e-13
urn:mavedb:00000658-b-1#314,g.68G>C,ENST00000644876.2:c.88G>C,ENSP00000494040.1:p.Gly30Arg,0.006840731,0.5514428000000001,-0.096331839,-0.062144185,0.041832898,-0.014252696,0.38112847,0.595415051,0.7179176359999999,0.9068702390000001
urn:mavedb:00000658-b-1#315,g.68G>A,ENST00000644876.2:c.88G>A,ENSP00000494040.1:p.Gly30Arg,0.01389818,0.1585731,-0.045899547,0.09602648300000001,0.081195987,0.0737155759999999,0.85086991,0.522919824,0.570441915,0.5761070389999999
urn:mavedb:00000658-b-1#316,g.68G>T,ENST00000644876.2:c.88G>T,ENSP00000494040.1:p.Gly30Ter,-0.1579563,1.878199e-09,-1.713826761,-1.845718612,-1.8808497309999999,-1.89922234,1.649999999999999e-70,7.439999999999995e-78,2.7699999999999975e-85,2.43e-84
urn:mavedb:00000658-b-1#317,g.68_70delinsGAG,ENST00000644876.2:c.89_90delinsAG,ENSP00000494040.1:p.Gly30Glu,-0.008173485,0.3287735,0.031631151,-0.075243173,-0.0756967259999999,-0.070401826,0.856378372,0.470142644,0.42189570000000004,0.430080202
urn:mavedb:00000658-b-1#318,g.68_70delinsGCC,ENST00000644876.2:c.89_90delinsCC,ENSP00000494040.1:p.Gly30Ala,-0.01947698,0.02509792,-0.072851482,-0.166662095,-0.214949375,-0.213400247,0.7005168709999999,0.1293319369999999,0.025276666,0.02396429
urn:mavedb:00000658-b-1#319,g.68_70delinsGTG,ENST00000644876.2:c.89_90delinsTG,ENSP00000494040.1:p.Gly30Val,0.007714894,0.5032844,0.110116525,-0.000510961,0.11327927300000001,0.0841034,0.360094023,0.997418921,0.25231365699999997,0.409044781
urn:mavedb:00000658-b-1#320,g.68_70delinsTAA,ENST00000644876.2:c.88_89delinsTA,ENSP00000494040.1:p.Gly30Ter,-0.2063925,1.02571e-05,-2.5173045309999997,-2.638083382,-2.488959163,-2.438658809,1.04e-28,3.529999999999999e-31,1.1199999999999999e-28,1.7000000000000002e-27
urn:mavedb:00000658-b-1#321,g.69G>C,ENST00000644876.2:c.89G>C,ENSP00000494040.1:p.Gly30Ala,-0.01798523,0.04396525,-0.200347086,-0.185539261,-0.235067362,-0.216703306,0.031247108,0.042572035,0.004708629000000001,0.009411088
urn:mavedb:00000658-b-1#322,g.69G>A,ENST00000644876.2:c.89G>A,ENSP00000494040.1:p.Gly30Glu,-0.004662373,0.7197326999999999,0.002128939,0.007584212,-0.0655606659999999,-0.033285402,0.994640089,0.974689954,0.684492358,0.838692063
urn:mavedb:00000658-b-1#323,g.69G>T,ENST00000644876.2:c.89G>T,ENSP00000494040.1:p.Gly30Val,0.01767934,0.03290134,0.0596291,0.127811359,0.17034452600000002,0.244045605,0.7978699570000001,0.36183714299999997,0.14542201300000002,0.018146156
urn:mavedb:00000658-b-1#324,g.70A>C,ENST00000644876.2:c.90A>C,ENSP00000494040.1:p.Gly30=,0.02113297,0.0028942029999999,0.174483697,0.161007855,0.23638804100000002,0.232428816,0.03102039,0.043726304,0.000728875,0.0008770539999999
urn:mavedb:00000658-b-1#325,g.70A>G,ENST00000644876.2:c.90A>G,ENSP00000494040.1:p.Gly30=,0.008686563000000001,0.4851526,0.041121226000000004,0.091685516,0.090777726,0.181410984,0.8926314000000001,0.630898936,0.591522723,0.157045366
urn:mavedb:00000658-b-1#326,g.70A>T,ENST00000644876.2:c.90A>T,ENSP00000494040.1:p.Gly30=,0.05020177,1.091972e-25,0.27708545,0.505041564,0.554072224,0.8035075840000001,4.5e-07,2.81e-22,9.919999999999999e-28,1.86e-57
urn:mavedb:00000658-b-1#327,g.71_73del,ENST00000644876.2:c.92_94del,ENSP00000494040.1:p.Ser31del,-0.0065491269999999,0.5579279,-0.126908834,-0.1165744309999999,-0.093749402,-0.096944402,0.117701279,0.1387115609999999,0.23923515899999998,0.19707835399999998
urn:mavedb:00000658-b-1#328,g.71A>C,ENST00000644876.2:c.91A>C,ENSP00000494040.1:p.Ser31Arg,-0.01084703,0.4183872,-0.251695873,-0.226773504,-0.161362686,-0.14057722,0.0038015740000000003,0.009143264,0.081550693,0.12968986
urn:mavedb:00000658-b-1#329,g.71A>G,ENST00000644876.2:c.91A>G,ENSP00000494040.1:p.Ser31Gly,-0.01764751,0.05848955,-0.116479341,-0.193617055,-0.20132084,-0.1691584089999999,0.389981336,0.04858975,0.031446033,0.075739431
urn:mavedb:00000658-b-1#330,g.71A>T,ENST00000644876.2:c.91A>T,ENSP00000494040.1:p.Ser31Cys,-0.002575226,0.8728992,-0.181836565,-0.075544591,-0.0811057729999999,-0.07295789,0.051102968,0.55131502,0.46352348,0.488323446
urn:mavedb:00000658-b-1#331,g.71_73delinsAAC,ENST00000644876.2:c.92_93delinsAC,ENSP00000494040.1:p.Ser31Asn,-0.01059911,0.44757060000000004,-0.24528568,-0.209366085,-0.16211234900000002,-0.184285056,0.001348697,0.0069594340000000005,0.042421412,0.015439271999999999
urn:mavedb:00000658-b-1#332,g.71_73delinsACC,ENST00000644876.2:c.92_93delinsCC,ENSP00000494040.1:p.Ser31Thr,-0.01544035,0.07232814,-0.189394763,-0.174954757,-0.217479151,-0.1417383519999999,0.003286645,0.006566866,0.000263679,0.026555855
urn:mavedb:00000658-b-1#333,g.71_73delinsATC,ENST00000644876.2:c.92_93delinsTC,ENSP00000494040.1:p.Ser31Ile,2.565092e-05,0.9991343,-0.003657427,0.006098769,-0.005219895,0.0636002909999999,0.99014392,0.975656519,0.97442957,0.575406277
urn:mavedb:00000658-b-1#334,g.71_73delinsGGC,ENST00000644876.2:c.91_93delinsGGC,ENSP00000494040.1:p.Ser31Gly,-0.005488359,0.5625716,0.034432929,-0.0175758939999999,-0.042706835,-0.02772321,0.84322704,0.912474225,0.7067044309999999,0.798096325
urn:mavedb:00000658-b-1#335,g.71_73delinsTCA,ENST00000644876.2:c.91_93delinsTCA,ENSP00000494040.1:p.Ser31=,-0.01493665,0.2094732,-0.189045288,-0.23726565600000002,-0.282998692,-0.2274171539999999,0.105788941,0.02194244,0.003363498,0.022492464
urn:mavedb:00000658-b-1#336,g.71_73delinsTCC,ENST00000644876.2:c.91_93delinsTCC,ENSP00000494040.1:p.Ser31=,-0.01517385,0.09678894,-0.141970331,-0.1834426019999999,-0.183251534,-0.0925938569999999,0.150749684,0.029523156000000002,0.022344912,0.321442298
urn:mavedb:00000658-b-1#337,g.71_73delinsTCG,ENST00000644876.2:c.91_93delinsTCG,ENSP00000494040.1:p.Ser31=,-0.007794432,0.6398191,-0.260211734,-0.189357654,-0.15430871300000001,-0.194319543,0.008770799000000001,0.073760443,0.152392269,0.047535078
urn:mavedb:00000658-b-1#338,g.71_73delinsTCT,ENST00000644876.2:c.91_92delinsTC,ENSP00000494040.1:p.Ser31=,-0.01087344,0.35594570000000003,-0.205186273,-0.19723531,-0.180304367,-0.213493457,0.032514428,0.034625147,0.0495104,0.013753474
urn:mavedb:00000658-b-1#339,g.71_73delinsTGC,ENST00000644876.2:c.91_93delinsTGC,ENSP00000494040.1:p.Ser31Cys,-0.01735535,0.1319912999999999,-0.12089029800000001,-0.20459721,-0.198610178,-0.228763973,0.489055345,0.09403518699999999,0.092384935,0.038184454
urn:mavedb:00000658-b-1#340,g.72G>C,ENST00000644876.2:c.92G>C,ENSP00000494040.1:p.Ser31Thr,0.0006482137,0.9621913000000001,-0.04546213,0.018475397,-0.011347433,-0.048912699000000004,0.7676138370000001,0.906272638,0.93330116,0.608469491
urn:mavedb:00000658-b-1#341,g.72G>A,ENST00000644876.2:c.92G>A,ENSP00000494040.1:p.Ser31Asn,-0.0006675591,0.9760300999999999,-0.012672683,-0.06206454,0.00611531,-0.014087945,0.974148494,0.789600278,0.980038884,0.949685012
urn:mavedb:00000658-b-1#342,g.72G>T,ENST00000644876.2:c.92G>T,ENSP00000494040.1:p.Ser31Ile,-0.004860878,0.6369526,-0.100584046,-0.049458839000000004,-0.078064646,0.0237661429999999,0.263802905,0.6550866439999999,0.35138026,0.8130669540000001
urn:mavedb:00000658-b-1#343,g.73T>C,ENST00000644876.2:c.93T>C,ENSP00000494040.1:p.Ser31=,-0.0030117779999999,0.8451540999999999,-0.036699913,-0.072533865,-0.04230036,-0.160625255,0.895654827,0.6912837559999999,0.817636653,0.174017565
urn:mavedb:00000658-b-1#344,g.73T>A,ENST00000644876.2:c.93T>A,ENSP00000494040.1:p.Ser31Arg,-0.002032769,0.8856959999999999,-0.076034507,-0.003789655,-0.064467016,-0.11691929400000001,0.546320742,0.982385478,0.535019404,0.152055318
urn:mavedb:00000658-b-1#345,g.73T>G,ENST00000644876.2:c.93T>G,ENSP00000494040.1:p.Ser31Arg,-0.0066627890000000006,0.586393,0.05916244,-0.03472767,-0.058977114000000004,-0.036247900000000007,0.785729857,0.8679285990000001,0.7067044309999999,0.809878297
urn:mavedb:00000658-b-1#346,g.74_76del,ENST00000644876.2:c.94_96del,ENSP00000494040.1:p.Thr32del,0.01943732,0.03227241,0.12621958,0.091462476,0.207863374,0.2359118369999999,0.443870074,0.5807756629999999,0.0663408779999999,0.026896502000000003
urn:mavedb:00000658-b-1#347,g.74A>T,ENST00000644876.2:c.94A>T,ENSP00000494040.1:p.Thr32Ser,-0.00604095,0.6560028,0.046880963,-0.005968549,-0.058971218,-0.067435968,0.852419349,0.980456662,0.717380145,0.630598735
urn:mavedb:00000658-b-1#348,g.74A>G,ENST00000644876.2:c.94A>G,ENSP00000494040.1:p.Thr32Ala,-0.003469771,0.7980536,-0.0274403189999999,-0.076351906,-0.035910263,-0.07919815200000001,0.895763278,0.525750323,0.787371246,0.418672703
urn:mavedb:00000658-b-1#349,g.74A>C,ENST00000644876.2:c.94A>C,ENSP00000494040.1:p.Thr32Pro,-0.006591783,0.6412468000000001,-0.241492825,-0.154066954,-0.1163908209999999,-0.11182320800000001,0.00032330900000000003,0.036732548999999996,0.125501757,0.132480756
urn:mavedb:00000658-b-1#350,g.74_76delinsAAG,ENST00000644876.2:c.95_96delinsAG,ENSP00000494040.1:p.Thr32Lys,0.05473072,2.914925e-21,0.38015062,0.545867315,0.640556482,0.7144242129999999,2.1899999999999997e-09,8.68e-19,2.9300000000000003e-26,2.2999999999999998e-32
urn:mavedb:00000658-b-1#351,g.74_76delinsAGC,ENST00000644876.2:c.95_96delinsGC,ENSP00000494040.1:p.Thr32Ser,0.004836926,0.5948763000000001,0.1106165009999999,0.06401137700000001,0.0501608859999999,0.063405578,0.26088325,0.570840373,0.6454518579999999,0.49362986
urn:mavedb:00000658-b-1#352,g.74_76delinsATC,ENST00000644876.2:c.95_96delinsTC,ENSP00000494040.1:p.Thr32Ile,-0.02318907,0.02443064,-0.2146403539999999,-0.2971571719999999,-0.288232166,-0.245762266,0.026640762999999998,0.000614992,0.0007052019999999,0.004616961
urn:mavedb:00000658-b-1#353,g.74_76delinsCCC,ENST00000644876.2:c.94_96delinsCCC,ENSP00000494040.1:p.Thr32Pro,-0.005752289,0.6913776999999999,-0.156504635,-0.151643062,-0.087041503,-0.05363813,0.181006852,0.164529291,0.48631899999999995,0.672652792
urn:mavedb:00000658-b-1#354,g.74_76delinsCGG,ENST00000644876.2:c.94_96delinsCGG,ENSP00000494040.1:p.Thr32Arg,0.01624408,0.02159773,0.122787022,0.139948265,0.171081658,0.151563429,0.221056592,0.109262515,0.02974797,0.055776581
urn:mavedb:00000658-b-1#355,g.74_76delinsGCC,ENST00000644876.2:c.94_96delinsGCC,ENSP00000494040.1:p.Thr32Ala,-0.01418921,0.1846425,-0.2327832819999999,-0.172571662,-0.217826362,-0.2206972489999999,0.000621916,0.016597838,0.001028501,0.000844308
urn:mavedb:00000658-b-1#356,g.75C>A,ENST00000644876.2:c.95C>A,ENSP00000494040.1:p.Thr32Lys,0.005664078,0.6904368000000001,-0.022087067000000002,-0.01246945,-0.041956143,-0.032113995,0.944974882,0.961949362,0.8245091929999999,0.8532027109999999
urn:mavedb:00000658-b-1#357,g.75C>G,ENST00000644876.2:c.95C>G,ENSP00000494040.1:p.Thr32Arg,0.01955496,0.02646088,0.167720397,0.242183055,0.271639358,0.418345395,0.327649939,0.065785133,0.027384007000000002,0.000180338
urn:mavedb:00000658-b-1#358,g.75C>T,ENST00000644876.2:c.95C>T,ENSP00000494040.1:p.Thr32Ile,0.04560595,2.5830199999999996e-25,0.323831403,0.430595422,0.502396714,0.6625461739999999,5.44e-09,1.9300000000000002e-15,2.9899999999999997e-21,2.8999999999999998e-36
urn:mavedb:00000658-b-1#359,g.76A>T,ENST00000644876.2:c.96A>T,ENSP00000494040.1:p.Thr32=,-0.008053411,0.5111629,-0.18829682600000003,-0.163347076,-0.115618778,-0.1522180159999999,0.010030272,0.026822192999999998,0.140372133,0.031505316
urn:mavedb:00000658-b-1#360,g.76A>C,ENST00000644876.2:c.96A>C,ENSP00000494040.1:p.Thr32=,-0.007189953000000001,0.586717,-0.211643124,-0.161753153,-0.138783729,-0.156178522,0.0007792280000000001,0.013731225,0.032918505,0.012393045
urn:mavedb:00000658-b-1#361,g.76A>G,ENST00000644876.2:c.96A>G,ENSP00000494040.1:p.Thr32=,0.00208504,0.8509165000000001,0.009162694,0.032577635,0.014552309,0.061341272,0.9716494000000001,0.841030525,0.924657391,0.562178117
urn:mavedb:00000658-b-1#362,g.77_79del,ENST00000644876.2:c.97_99del,ENSP00000494040.1:p.Ala33del,0.002446373,0.8747728000000001,-0.109816475,-0.065072744,-0.004142803,0.098226433,0.365849971,0.631106827,0.979815089,0.31285202100000004
urn:mavedb:00000658-b-1#363,g.77G>T,ENST00000644876.2:c.97G>T,ENSP00000494040.1:p.Ala33Ser,0.003792346,0.8611976,-0.057932594000000004,-0.05067069,0.0301883529999999,0.14552224800000002,0.858580165,0.852081225,0.903376783,0.365171715
urn:mavedb:00000658-b-1#364,g.77G>A,ENST00000644876.2:c.97G>A,ENSP00000494040.1:p.Ala33Thr,-0.006463085,0.8179916,-0.143450046,-0.117418072,-0.09740757300000001,0.020901762,0.652396659,0.6798743770000001,0.7132006879999999,0.9457668690000001
urn:mavedb:00000658-b-1#365,g.77G>C,ENST00000644876.2:c.97G>C,ENSP00000494040.1:p.Ala33Pro,-0.01977145,0.40409,-0.147599994,-0.23345696100000002,-0.22440316300000002,-0.236854034,0.724094054,0.405381186,0.39404257,0.326121043
urn:mavedb:00000658-b-1#366,g.77_79delinsCCT,ENST00000644876.2:c.97_99delinsCCT,ENSP00000494040.1:p.Ala33Pro,-0.0057907309999999,0.8318554,-0.147408899,-0.1502914119999999,-0.081592045,-0.12155357800000001,0.520594576,0.44567054,0.708456064,0.49229353200000003
urn:mavedb:00000658-b-1#367,g.77_79delinsACA,ENST00000644876.2:c.97_99delinsACA,ENSP00000494040.1:p.Ala33Thr,-0.03021976,0.3513739999999999,-0.50753514,-0.49441113,-0.39406951,-0.269382412,0.012270794,0.012956565,0.054520969,0.219245231
urn:mavedb:00000658-b-1#368,g.77_79delinsAGC,ENST00000644876.2:c.97_98delinsAG,ENSP00000494040.1:p.Ala33Ser,0.005987758,0.8750155999999999,-0.142283243,-0.209322488,0.073568784,0.019000125,0.7606227609999999,0.525750323,0.852332483,0.963592094
urn:mavedb:00000658-b-1#369,g.77_79delinsGGA,ENST00000644876.2:c.98_99delinsGA,ENSP00000494040.1:p.Ala33Gly,-0.01336805,0.44409670000000007,0.022549445,-0.11904570800000001,-0.12190031,-0.072772388,0.958798723,0.6110065689999999,0.557976822,0.727261316
urn:mavedb:00000658-b-1#370,g.77_79delinsGTG,ENST00000644876.2:c.98_99delinsTG,ENSP00000494040.1:p.Ala33Val,-0.01418651,0.376438,0.004542183,-0.18191821,-0.12118045,-0.14582089,0.991142097,0.20105082600000002,0.43009188299999995,0.285111642
urn:mavedb:00000658-b-1#371,g.78C>G,ENST00000644876.2:c.98C>G,ENSP00000494040.1:p.Ala33Gly,0.0003447388,0.9926693000000001,0.157425394,-0.092712316,0.08408483300000001,0.003257037,0.54973048,0.7364624390000001,0.735045178,0.990925272
urn:mavedb:00000658-b-1#372,g.78C>A,ENST00000644876.2:c.98C>A,ENSP00000494040.1:p.Ala33Asp,0.01402227,0.2665311999999999,0.078200819,0.11695482,0.1538789509999999,0.1914317089999999,0.6966420109999999,0.40384863200000004,0.185614908,0.069615342
urn:mavedb:00000658-b-1#373,g.78_79delinsAT,ENST00000644876.2:c.98_99delinsAT,ENSP00000494040.1:p.Ala33Asp,-0.005871803,0.8431204,-0.078479906,-0.056121428,-0.0866998819999999,-0.152140894,0.849002461,0.875937808,0.755710972,0.484179664
urn:mavedb:00000658-b-1#374,g.78C>T,ENST00000644876.2:c.98C>T,ENSP00000494040.1:p.Ala33Val,0.002712285,0.9020266,0.134353692,-0.027857632,0.08454452800000001,0.124809281,0.49063217200000003,0.916983305,0.642649499,0.40176602100000003
urn:mavedb:00000658-b-1#375,g.79C>A,ENST00000644876.2:c.99C>A,ENSP00000494040.1:p.Ala33=,-0.007185243000000001,0.7780653000000001,-0.214305117,-0.18914529,-0.111244889,-0.086509944,0.10220681599999999,0.1484448669999999,0.4516348670000001,0.551575371
urn:mavedb:00000658-b-1#376,g.79C>G,ENST00000644876.2:c.99C>G,ENSP00000494040.1:p.Ala33=,-0.0197074,0.3841100999999999,-0.041971597,-0.18962438,-0.200727927,-0.0852977269999999,0.948934979,0.5801768,0.507773355,0.794788844
urn:mavedb:00000658-b-1#377,g.79C>T,ENST00000644876.2:c.99C>T,ENSP00000494040.1:p.Ala33=,-0.003875801,0.8550584999999999,-0.009090591,-0.0063344119999999,-0.052746192000000004,-0.278471505,0.980774721,0.9814029809999999,0.789403031,0.01912051
urn:mavedb:00000658-b-1#378,g.80_82del,ENST00000644876.2:c.102_103+1del,NA,0.007735315,0.7280345,0.140705107,0.082205136,0.11722197300000001,0.131162364,0.685819682,0.8136569690000001,0.6633580179999999,0.575406277
urn:mavedb:00000658-b-1#379,g.80A>G,ENST00000644876.2:c.100A>G,ENSP00000494040.1:p.Ser34Gly,0.02574752,0.5447584,0.109005323,0.125878422,0.295976181,-0.05817312,0.9198820609999999,0.88094338,0.603469075,0.933194215
urn:mavedb:00000658-b-1#380,g.80A>C,ENST00000644876.2:c.100A>C,ENSP00000494040.1:p.Ser34Arg,0.0070733359999999,0.7239848000000001,-0.05128484,0.02283582,0.05061513,0.1484057369999999,0.9040032709999999,0.951059445,0.8595742759999999,0.456931718
urn:mavedb:00000658-b-1#381,g.80A>T,ENST00000644876.2:c.100A>T,ENSP00000494040.1:p.Ser34Cys,-0.01658911,0.3715947,-0.160248084,-0.207334395,-0.198157392,-0.124647033,0.334709889,0.125346097,0.127676183,0.378402709
urn:mavedb:00000658-b-1#382,g.80_82delinsTGT,ENST00000644876.2:c.100_102delinsTGT,ENSP00000494040.1:p.Ser34Cys,-0.009149118000000001,0.5347052,-0.010415107,-0.062953519,-0.100756192,-0.062511422,0.979418647,0.797247488,0.586147223,0.7337328879999999
urn:mavedb:00000658-b-1#383,g.80_82delinsACA,ENST00000644876.2:c.101_102delinsCA,ENSP00000494040.1:p.Ser34Thr,-0.0194383,0.44708190000000003,-0.173762243,-0.1863630889999999,-0.245056153,-0.023394484,0.69195232,0.59437103,0.395040833,0.954914121
urn:mavedb:00000658-b-1#384,g.80_82delinsGGA,ENST00000644876.2:c.100_102delinsGGA,ENSP00000494040.1:p.Ser34Gly,0.0244448,0.2077569,-0.091052874,-0.012493078000000001,0.252005266,0.04389159,0.785384677,0.97243078,0.141887551,0.857194322
urn:mavedb:00000658-b-1#385,g.80_82delinsTCA,ENST00000644876.2:c.100_102delinsTCA,ENSP00000494040.1:p.Ser34=,-0.03206814,0.06232377,-0.315735068,-0.315777219,-0.4079481789999999,-0.31219935,0.008405674,0.00758306,0.00020642900000000003,0.006220093
urn:mavedb:00000658-b-1#386,g.80_82delinsTCC,ENST00000644876.2:c.100_101delinsTC,ENSP00000494040.1:p.Ser34=,0.01978132,0.06172536,0.2774456489999999,0.25181675800000003,0.266113188,0.275086221,0.049727822000000005,0.072349101,0.045113735,0.032426605
urn:mavedb:00000658-b-1#387,g.80_82delinsTCG,ENST00000644876.2:c.100_102delinsTCG,ENSP00000494040.1:p.Ser34=,-0.02150155,0.48815600000000003,-0.41296564,-0.435614493,-0.273648108,-0.343773424,0.0141717139999999,0.007101107,0.12519723800000002,0.035269387
urn:mavedb:00000658-b-1#388,g.80_82delinsTCT,ENST00000644876.2:c.100_102delinsTCT,ENSP00000494040.1:p.Ser34=,-0.01114784,0.4341735,-0.03827631,-0.149748689,-0.11019392,-0.066543739,0.863527741,0.167905914,0.32962498,0.5796500689999999
urn:mavedb:00000658-b-1#389,g.81G>C,ENST00000644876.2:c.101G>C,ENSP00000494040.1:p.Ser34Thr,-0.02197626,0.29910790000000004,-0.283432709,-0.22251806300000002,-0.300274942,-0.285054855,0.240723525,0.36344241899999996,0.14284074800000002,0.153360246
urn:mavedb:00000658-b-1#390,g.81G>A,ENST00000644876.2:c.101G>A,ENSP00000494040.1:p.Ser34Asn,-0.01230911,0.5605236,-0.166599184,-0.282358213,-0.133205354,-0.14945777,0.180337496,0.004188617,0.259357245,0.170705353
urn:mavedb:00000658-b-1#391,g.81_82delinsAT,ENST00000644876.2:c.101_102delinsAT,ENSP00000494040.1:p.Ser34Asn,-0.02139012,0.21296120000000002,-0.233807428,-0.154451958,-0.296596235,-0.13668417800000002,0.08036726400000001,0.305248726,0.010348102,0.319922869
urn:mavedb:00000658-b-1#392,g.81G>T,ENST00000644876.2:c.101G>T,ENSP00000494040.1:p.Ser34Ile,0.01099678,0.5991897,-0.124935145,-0.007272776,0.082614085,0.116051814,0.493476429,0.9776737879999999,0.617773401,0.40017135
urn:mavedb:00000658-b-1#393,g.81_82delinsTT,ENST00000644876.2:c.101_102delinsTT,ENSP00000494040.1:p.Ser34Ile,-0.01877328,0.3900889999999999,-0.010049068000000001,-0.2580374239999999,-0.158937406,-0.142728879,0.99014392,0.451653905,0.663383437,0.667659763
urn:mavedb:00000658-b-1#394,g.82C>T,ENST00000644876.2:c.102C>T,ENSP00000494040.1:p.Ser34=,-0.004541437,0.850168,0.023021079,-0.016654841,-0.045628765,0.0452083759999999,0.96360223,0.965134932,0.8761745670000001,0.859802209
urn:mavedb:00000658-b-1#395,g.82C>G,ENST00000644876.2:c.102C>G,ENSP00000494040.1:p.Ser34Arg,0.004467641,0.8533341,0.078039535,0.043358214000000006,0.065571352,0.132329496,0.851775925,0.9078987609999999,0.826970656,0.5567137670000001
urn:mavedb:00000658-b-1#396,g.82C>A,ENST00000644876.2:c.102C>A,ENSP00000494040.1:p.Ser34Arg,0.00881676,0.8051799,-0.0074224619999999,-0.1741995939999999,0.142255561,0.2109291039999999,0.991890987,0.592570559,0.645583965,0.40182595200000004
urn:mavedb:00000658-b-1#397,g.83A>G,ENST00000644876.2:c.103A>G,ENSP00000494040.1:p.Lys35Glu,-0.0016439529999999,0.9137190000000001,-0.109569125,-0.0430545809999999,-0.031819703,0.006248179,0.332400326,0.767625777,0.8131679470000001,0.9664010470000001
urn:mavedb:00000658-b-1#398,g.83A>C,ENST00000644876.2:c.103A>C,ENSP00000494040.1:p.Lys35Gln,-0.009917361,0.3841100999999999,-0.198733401,-0.134053425,-0.170931043,-0.2227976139999999,0.033177353,0.19424452899999997,0.059590099,0.0076636119999999
urn:mavedb:00000658-b-1#399,g.83A>T,ENST00000644876.2:c.103A>T,ENSP00000494040.1:p.Lys35Ter,-0.22194120000000003,1.4112529999999999e-15,-1.432060816,-2.399345717,-2.392981889,-2.432815289,1.05e-11,2.9799999999999997e-30,1.2799999999999999e-30,2.71e-31
urn:mavedb:00000658-b-1#400,g.84_85del,ENST00000644876.2:c.103+1_103+2del,NA,-0.0966793,8.660437e-05,-1.148795536,-1.322879392,-1.131451377,-0.950568428,8.47e-26,2.63e-33,1.6399999999999993e-25,2.29e-18
urn:mavedb:00000658-b-1#401,g.84G>A,ENST00000644876.2:c.103+1G>A,NA,-0.129313,3.8081779999999996e-06,-1.356258143,-1.661371921,-1.608522131,-1.566795474,1.51e-39,1.28e-57,1.3899999999999999e-56,2.3999999999999996e-53
urn:mavedb:00000658-b-1#402,g.84G>T,ENST00000644876.2:c.103+1G>T,NA,-0.10883530000000001,1.286129e-06,-1.281886859,-1.48583651,-1.425677934,-1.381769245,2.9199999999999998e-30,5.71e-40,4.2699999999999996e-38,1.03e-35
urn:mavedb:00000658-b-1#403,g.84G>C,ENST00000644876.2:c.103+1G>C,NA,-0.1255863,9.027903e-07,-1.3084701840000001,-1.5811062319999998,-1.51799222,-1.36491335,5.1799999999999986e-34,2.4899999999999997e-48,4.34e-46,1.62e-37
urn:mavedb:00000658-b-1#404,g.85T>C,ENST00000644876.2:c.103+2T>C,NA,-0.1369964,1.2372910000000005e-09,-1.0862096559999999,-1.473374019,-1.55202877,-1.426473528,1.66e-17,4.8e-31,3.35e-35,6.2599999999999994e-30
urn:mavedb:00000658-b-1#405,g.85T>A,ENST00000644876.2:c.103+2T>A,NA,-0.12210610000000001,2.593183e-06,-1.295826525,-1.559313477,-1.41107596,-1.417885069,1.4099999999999999e-40,1.06e-56,2.1299999999999998e-48,3.47e-48
urn:mavedb:00000658-b-1#406,g.85T>G,ENST00000644876.2:c.103+2T>G,NA,-0.129356,1.89438e-07,-1.263323767,-1.615081865,-1.553417878,-1.435227534,3.12e-28,2.62e-44,5.09e-43,8.180000000000001e-37
urn:mavedb:00000658-b-1#407,g.86_87del,ENST00000644876.2:c.103+3_103+4del,NA,-0.1267858,6.770876e-07,-1.338515074,-1.483414859,-1.479288931,-1.286278714,4.49e-36,6.279999999999999e-44,1.61e-44,5.0099999999999975e-34
urn:mavedb:00000658-b-1#408,g.86A>G,ENST00000644876.2:c.103+3A>G,NA,0.03011752,9.633276e-12,0.2357314419999999,0.299642839,0.3296292,0.428418326,5.67e-05,1.0300000000000001e-07,1.87e-09,2.43e-15
urn:mavedb:00000658-b-1#409,g.86A>T,ENST00000644876.2:c.103+3A>T,NA,-0.11184000000000001,1.36956e-05,-1.269285321,-1.3911332109999999,-1.36611774,-1.20803903,6.11e-28,3.2100000000000004e-33,6.24e-33,4.89e-26
urn:mavedb:00000658-b-1#410,g.86A>C,ENST00000644876.2:c.103+3A>C,NA,-0.1492332999999999,7.609335e-10,-1.377945023,-1.6620543030000001,-1.6919411340000001,-1.506170864,2.56e-38,6.039999999999997e-54,6.79e-58,3.0999999999999997e-46
urn:mavedb:00000658-b-1#411,g.87A>C,ENST00000644876.2:c.103+4A>C,NA,0.01191879,0.307476,-0.415566097,-0.7484514170000001,-0.903339125,-0.7932223159999999,1.25e-06,2.1899999999999995e-19,2.3199999999999997e-28,4.89e-22
urn:mavedb:00000658-b-1#412,g.87A>T,ENST00000644876.2:c.103+4A>T,NA,-0.07569879,4.879869e-14,-0.325635002,-0.8213978890000001,-0.963341274,-1.164677089,6.57e-05,3.6e-26,2.77e-36,3.39e-50
urn:mavedb:00000658-b-1#413,g.87A>G,ENST00000644876.2:c.103+4A>G,NA,-0.12625060000000002,2.637891e-24,-0.970126727,-1.384642897,-1.491336264,-1.62236195,5.94e-28,4.09e-54,6.4599999999999956e-65,4.9600000000000005e-75
urn:mavedb:00000658-b-1#414,g.88_89del,ENST00000644876.2:c.103+5_103+6del,NA,-0.1126655999999999,1.5787029999999999e-06,-1.173967414,-1.609379526,-1.470836611,-1.3945504990000002,2.79e-29,1.28e-51,3.1200000000000002e-46,2.5899999999999996e-41
urn:mavedb:00000658-b-1#415,g.88G>A,ENST00000644876.2:c.103+5G>A,NA,-0.12153820000000001,1.547741e-05,-1.383304945,-1.6254006769999998,-1.482114393,-1.491683604,1.1300000000000001e-23,6.639999999999999e-32,1.03e-27,6.480000000000001e-28
urn:mavedb:00000658-b-1#416,g.88G>T,ENST00000644876.2:c.103+5G>T,NA,-0.100221,5.639201e-05,-1.108460101,-1.343791924,-1.175140222,-1.266129389,3.14e-22,1.01e-31,1.14e-25,2.94e-29
urn:mavedb:00000658-b-1#417,g.88G>C,ENST00000644876.2:c.103+5G>C,NA,-0.1053321999999999,2.620989e-05,-1.154453562,-1.3962053019999998,-1.281210934,-1.180969494,1.34e-15,2.64e-22,2.1100000000000002e-19,1.17e-16
urn:mavedb:00000658-b-1#418,g.89T>C,ENST00000644876.2:c.103+6T>C,NA,-0.14265060000000002,1.2075620000000002e-17,-0.7647361109999999,-1.439132528,-1.5446207930000002,-1.401174411,7.68e-12,1.14e-37,6.53e-44,3.1099999999999996e-36
urn:mavedb:00000658-b-1#419,g.89T>A,ENST00000644876.2:c.103+6T>A,NA,-0.1294572,9.540561e-11,-1.05083721,-1.4332318530000001,-1.4255674130000002,-1.176704657,6.949999999999999e-35,1.749999999999999e-61,4.4999999999999994e-64,2.43e-44
urn:mavedb:00000658-b-1#420,g.89T>G,ENST00000644876.2:c.103+6T>G,NA,-0.1133627,8.73485e-06,-1.143434974,-1.454250491,-1.309255331,-1.198794535,4.7799999999999996e-15,1.69e-23,1.1099999999999998e-19,1.11e-16
urn:mavedb:00000658-b-1#421,g.90_91del,ENST00000644876.2:c.103+8_103+9del,NA,0.008751043,0.08942923,0.051198707,0.06644512,0.078565887,0.034029885,0.607935615,0.375625793,0.218407968,0.6489384260000001
urn:mavedb:00000658-b-1#422,g.90A>G,ENST00000644876.2:c.103+7A>G,NA,0.03683508,2.846323e-09,0.259105802,0.410664756,0.415728052,0.5818942810000001,0.002310592,1.06e-07,4.69e-08,5.35e-15
urn:mavedb:00000658-b-1#423,g.90A>T,ENST00000644876.2:c.103+7A>T,NA,0.04361909,2.182002e-22,0.263391439,0.378225308,0.505700626,0.5828473439999999,4.01e-06,4.85e-12,1.9600000000000007e-21,3.9800000000000004e-28
urn:mavedb:00000658-b-1#424,g.90A>C,ENST00000644876.2:c.103+7A>C,NA,0.04993216,5.5353309999999996e-14,0.27487321600000003,0.459387469,0.545931073,0.691881713,0.004059504,8.529999999999999e-08,7.63e-11,6.31e-17
urn:mavedb:00000658-b-1#425,g.91C>A,ENST00000644876.2:c.103+8C>A,NA,-0.003634665,0.8509165000000001,0.076303518,-0.038533858,-0.0020665839999999,-0.003107425,0.7864139440000001,0.890281256,0.992298172,0.989873696
urn:mavedb:00000658-b-1#426,g.91C>T,ENST00000644876.2:c.103+8C>T,NA,-0.02969921,0.01280768,-0.311910819,-0.326346537,-0.36444069700000004,-0.280729155,0.012718528,0.006527181,0.001478325,0.018288901
urn:mavedb:00000658-b-1#427,g.91C>G,ENST00000644876.2:c.103+8C>G,NA,0.02490419,1.156113e-05,0.131277373,0.19966842,0.251506715,0.325756056,0.160026211,0.008045077,0.000318029,1.36e-06
urn:mavedb:00000658-b-1#428,g.92_93del,ENST00000644876.2:c.103+9_103+10del,NA,-0.01553087,0.1092336,-0.11445087300000001,-0.18027282600000002,-0.171414712,-0.18725594,0.420496604,0.08392284800000001,0.091826419,0.05170881
urn:mavedb:00000658-b-1#429,g.92A>T,ENST00000644876.2:c.103+9A>T,NA,7.00477e-06,0.999619,0.012659377,0.001802214,-4.1700000000000004e-05,-0.075801287,0.9381034779999999,0.9896303340000001,0.999689901,0.237710007
urn:mavedb:00000658-b-1#430,g.92A>C,ENST00000644876.2:c.103+9A>C,NA,0.01578154,0.0015255689999999,0.143489284,0.12421383800000001,0.149563237,0.201858325,0.027093705,0.059251903,0.012417514,0.00032393200000000003
urn:mavedb:00000658-b-1#431,g.92A>G,ENST00000644876.2:c.103+9A>G,NA,-0.0091780719999999,0.4285162999999999,-0.114229995,-0.111326278,-0.12038544400000001,-0.105510152,0.365849971,0.324954822,0.23785885699999998,0.294143552
urn:mavedb:00000658-b-1#432,g.93A>T,ENST00000644876.2:c.103+10A>T,NA,-0.01891429,0.0085282669999999,-0.073214288,-0.147986488,-0.210364185,-0.2129999189999999,0.534602737,0.052423402,0.00168026,0.001359573
urn:mavedb:00000658-b-1#433,g.93A>C,ENST00000644876.2:c.103+10A>C,NA,-0.01885456,0.02019156,-0.121033023,-0.207472763,-0.20961154,-0.158233146,0.307067054,0.017916489,0.013373462,0.073964331
urn:mavedb:00000658-b-1#434,g.93A>G,ENST00000644876.2:c.103+10A>G,NA,0.01524908,0.02566717,0.011063358,0.096822579,0.116457745,0.201682833,0.959638801,0.29870818600000004,0.148591266,0.003352197
urn:mavedb:00000658-b-1#435,g.94_95del,ENST00000644876.2:c.103+11_103+12del,NA,-0.01585451,0.0508966,-0.103434354,-0.220783322,-0.222688215,-0.244116052,0.351889338,0.003716337,0.002620851,0.000739839
urn:mavedb:00000658-b-1#436,g.94C>A,ENST00000644876.2:c.103+11C>A,NA,-0.02073043,0.0095302369999999,-0.1875487069999999,-0.2711487,-0.232940409,-0.293111305,0.004620709000000001,8.01e-06,0.000114575,6.58e-07
urn:mavedb:00000658-b-1#437,g.94C>G,ENST00000644876.2:c.103+11C>G,NA,-0.0003077189,0.9810537,0.034076623,0.028581354,-0.0027089759999999,-0.0139571,0.813906658,0.818987789,0.982468405,0.89089027
urn:mavedb:00000658-b-1#438,g.94C>T,ENST00000644876.2:c.103+11C>T,NA,-0.01025209,0.3518594,-0.097467838,-0.173410793,-0.112682474,-0.157145954,0.507631935,0.08392284800000001,0.305043398,0.098388848
urn:mavedb:00000658-b-1#439,g.95A>T,ENST00000644876.2:c.103+12A>T,NA,-0.01233756,0.0570415999999999,-0.0875731969999999,-0.06837669,-0.167682469,-0.125332304,0.31733698,0.433831874,0.005211888,0.047016415
urn:mavedb:00000658-b-1#440,g.95A>C,ENST00000644876.2:c.103+12A>C,NA,0.0011284210000000001,0.9223239,-0.06299711200000001,-0.100632456,-0.09700386400000001,-0.1789201489999999,0.601865921,0.226973969,0.219660195,0.0064215140000000006
urn:mavedb:00000658-b-1#441,g.95A>G,ENST00000644876.2:c.103+12A>G,NA,-0.00807349,0.4285170999999999,-0.029747265,-0.046369533,-0.09552202800000001,-0.09828946300000001,0.902425637,0.786162925,0.419005035,0.367345111
urn:mavedb:00000658-b-1#442,g.96_97del,ENST00000644876.2:c.103+14_103+15del,NA,-0.005009058,0.642205,-0.038166055,-0.020001009,-0.06947421,-0.1035941559999999,0.845650475,0.910831304,0.541301665,0.269774026
urn:mavedb:00000658-b-1#443,g.96T>A,ENST00000644876.2:c.103+13T>A,NA,-0.01786906,0.01091642,-0.152114587,-0.19927923600000003,-0.227319567,-0.2684206289999999,0.0675528909999999,0.0066881169999999995,0.001031708,7.020000000000001e-05
urn:mavedb:00000658-b-1#444,g.96T>G,ENST00000644876.2:c.103+13T>G,NA,0.005520871,0.5427803000000001,0.040175805,0.04916554,0.04801583,0.074479683,0.834622049,0.731808107,0.705614127,0.465329235
urn:mavedb:00000658-b-1#445,g.96T>C,ENST00000644876.2:c.103+13T>C,NA,-0.01282718,0.1562407999999999,-0.144436433,-0.162337679,-0.171140175,-0.206861724,0.059764499000000006,0.021363742999999998,0.010412119000000001,0.001219927
urn:mavedb:00000658-b-1#446,g.97C>A,ENST00000644876.2:c.103+14C>A,NA,-0.01481867,0.03947178,-0.140889109,-0.204534246,-0.230155505,-0.115768063,0.135266719,0.00908753,0.001873616,0.174017565
urn:mavedb:00000658-b-1#447,g.97C>G,ENST00000644876.2:c.103+14C>G,NA,-0.01400498,0.05638331,-0.0891828309999999,-0.155650108,-0.164699182,-0.149960654,0.4849527970000001,0.07879424,0.04699280000000001,0.070121217
urn:mavedb:00000658-b-1#448,g.97C>T,ENST00000644876.2:c.103+14C>T,NA,-0.02103445,0.03202602,-0.227870022,-0.202150752,-0.264121117,-0.244686331,0.030274537999999997,0.054106031,0.005220951,0.009783158
urn:mavedb:00000658-b-1#449,g.98T>A,ENST00000644876.2:c.103+15T>A,NA,-0.01446294,0.1515501,-0.0038022090000000004,-0.139578793,-0.13610882800000002,-0.159032177,0.992225513,0.32336566699999997,0.303639198,0.18444649800000001
urn:mavedb:00000658-b-1#450,g.98T>G,ENST00000644876.2:c.103+15T>G,NA,-0.01193065,0.2669787,-0.0916202959999999,-0.176638135,-0.137609701,-0.175994953,0.48427650299999997,0.04408766,0.127676183,0.032506435
urn:mavedb:00000658-b-1#451,g.98T>C,ENST00000644876.2:c.103+15T>C,NA,-0.0050995929999999,0.6917259,-0.069879602,-0.102734995,-0.06443017,-0.09656548400000001,0.6873799820000001,0.398638007,0.617034172,0.36133231299999996
